edge_type,from,to,from_outpoint,to_outpoint,spend_txid,value_sats,attributed_sats,method,depth
input_to_tx,3EKMtPc89gGsJHaCtcbWykT4zRLH6hTg9X,tx:fac1838dc39bc1b6e076ac1fb88c3b5024609edd0a69e9a37ad5d8c0fe28bd52,d445848655768732d521e9545a9c571e69c292500d6cf45a185775a2a8696533:2,,fac1838dc39bc1b6e076ac1fb88c3b5024609edd0a69e9a37ad5d8c0fe28bd52,,6423410.0,proportional_after_commingling,0
tx_to_output,tx:fac1838dc39bc1b6e076ac1fb88c3b5024609edd0a69e9a37ad5d8c0fe28bd52,3P1h11TDnLu31PPFvukrUAfk8WhiJqQJNu,,fac1838dc39bc1b6e076ac1fb88c3b5024609edd0a69e9a37ad5d8c0fe28bd52:0,fac1838dc39bc1b6e076ac1fb88c3b5024609edd0a69e9a37ad5d8c0fe28bd52,50000000,266212.23788144,proportional_after_commingling,1
tx_to_output,tx:fac1838dc39bc1b6e076ac1fb88c3b5024609edd0a69e9a37ad5d8c0fe28bd52,367JuH48WYTqy7LFBMMJ8LL5Mo72BQRMTu,,fac1838dc39bc1b6e076ac1fb88c3b5024609edd0a69e9a37ad5d8c0fe28bd52:1,fac1838dc39bc1b6e076ac1fb88c3b5024609edd0a69e9a37ad5d8c0fe28bd52,1156431356,6157123.58474059,proportional_after_commingling,1
input_to_tx,3P1h11TDnLu31PPFvukrUAfk8WhiJqQJNu,tx:74338458c2d2abadf614b138fdae93e1cf4fbecb84f23df348770bad14d44314,fac1838dc39bc1b6e076ac1fb88c3b5024609edd0a69e9a37ad5d8c0fe28bd52:0,,74338458c2d2abadf614b138fdae93e1cf4fbecb84f23df348770bad14d44314,,266212.23788144,proportional_after_commingling,1
tx_to_output,tx:74338458c2d2abadf614b138fdae93e1cf4fbecb84f23df348770bad14d44314,1YGs7wZPs3xSiEK1BxyAWMpCR9zAJkaJJ,,74338458c2d2abadf614b138fdae93e1cf4fbecb84f23df348770bad14d44314:0,74338458c2d2abadf614b138fdae93e1cf4fbecb84f23df348770bad14d44314,2744000,90.73875266,proportional_after_commingling,2
tx_to_output,tx:74338458c2d2abadf614b138fdae93e1cf4fbecb84f23df348770bad14d44314,3CFjJD1x4SwM3k2wP4bmu48imK71rBPPrT,,74338458c2d2abadf614b138fdae93e1cf4fbecb84f23df348770bad14d44314:1,74338458c2d2abadf614b138fdae93e1cf4fbecb84f23df348770bad14d44314,2538000,83.9267326,proportional_after_commingling,2
tx_to_output,tx:74338458c2d2abadf614b138fdae93e1cf4fbecb84f23df348770bad14d44314,37PJiMT2GzN1WRzoPF66y3ujHNhYpBcocZ,,74338458c2d2abadf614b138fdae93e1cf4fbecb84f23df348770bad14d44314:2,74338458c2d2abadf614b138fdae93e1cf4fbecb84f23df348770bad14d44314,81225000,2685.95305576,proportional_after_commingling,2
tx_to_output,tx:74338458c2d2abadf614b138fdae93e1cf4fbecb84f23df348770bad14d44314,161dkK1PoVUfbn6NXrpf1UPHdf7Km9dvAD,,74338458c2d2abadf614b138fdae93e1cf4fbecb84f23df348770bad14d44314:3,74338458c2d2abadf614b138fdae93e1cf4fbecb84f23df348770bad14d44314,15727000,520.06135682,proportional_after_commingling,2
tx_to_output,tx:74338458c2d2abadf614b138fdae93e1cf4fbecb84f23df348770bad14d44314,3Q3pwwKpQa6Kx6xu5ao5W6aHs6vF6ezMWa,,74338458c2d2abadf614b138fdae93e1cf4fbecb84f23df348770bad14d44314:4,74338458c2d2abadf614b138fdae93e1cf4fbecb84f23df348770bad14d44314,37950000,1254.93282199,proportional_after_commingling,2
tx_to_output,tx:74338458c2d2abadf614b138fdae93e1cf4fbecb84f23df348770bad14d44314,13n7KxR9ff4mMgMsv7nNb8twEkvcPqwunQ,,74338458c2d2abadf614b138fdae93e1cf4fbecb84f23df348770bad14d44314:5,74338458c2d2abadf614b138fdae93e1cf4fbecb84f23df348770bad14d44314,67492000,2231.82940769,proportional_after_commingling,2
tx_to_output,tx:74338458c2d2abadf614b138fdae93e1cf4fbecb84f23df348770bad14d44314,1BG2en1rzDp9NpxFjsxfvBMSF25S6SZApq,,74338458c2d2abadf614b138fdae93e1cf4fbecb84f23df348770bad14d44314:6,74338458c2d2abadf614b138fdae93e1cf4fbecb84f23df348770bad14d44314,33162414,1096.61664783,proportional_after_commingling,2
tx_to_output,tx:74338458c2d2abadf614b138fdae93e1cf4fbecb84f23df348770bad14d44314,1MTiyZNJM3m9Ka2xkC2j4VpJeH9wRaxqeR,,74338458c2d2abadf614b138fdae93e1cf4fbecb84f23df348770bad14d44314:7,74338458c2d2abadf614b138fdae93e1cf4fbecb84f23df348770bad14d44314,26064000,861.88587806,proportional_after_commingling,2
tx_to_output,tx:74338458c2d2abadf614b138fdae93e1cf4fbecb84f23df348770bad14d44314,bc1qj0x8knaa65kv9ph7vk4fltqxs2pe0qj708h03c,,74338458c2d2abadf614b138fdae93e1cf4fbecb84f23df348770bad14d44314:8,74338458c2d2abadf614b138fdae93e1cf4fbecb84f23df348770bad14d44314,110680000,3659.97272036,proportional_after_commingling,2
tx_to_output,tx:74338458c2d2abadf614b138fdae93e1cf4fbecb84f23df348770bad14d44314,3KHH5MrXUL7aLsvvFF5auPck7smRt8kAwj,,74338458c2d2abadf614b138fdae93e1cf4fbecb84f23df348770bad14d44314:9,74338458c2d2abadf614b138fdae93e1cf4fbecb84f23df348770bad14d44314,25350000,838.27528425,proportional_after_commingling,2
tx_to_output,tx:74338458c2d2abadf614b138fdae93e1cf4fbecb84f23df348770bad14d44314,36XtnmQFPxgFGgFfVtY1gWmznvQuRw1Wrd,,74338458c2d2abadf614b138fdae93e1cf4fbecb84f23df348770bad14d44314:10,74338458c2d2abadf614b138fdae93e1cf4fbecb84f23df348770bad14d44314,2796000,92.45829171,proportional_after_commingling,2
tx_to_output,tx:74338458c2d2abadf614b138fdae93e1cf4fbecb84f23df348770bad14d44314,375qwq5voiMBQKeiF61HQnoswakmx25HFm,,74338458c2d2abadf614b138fdae93e1cf4fbecb84f23df348770bad14d44314:11,74338458c2d2abadf614b138fdae93e1cf4fbecb84f23df348770bad14d44314,7644210551,252779.20207244,proportional_after_commingling,2
input_to_tx,367JuH48WYTqy7LFBMMJ8LL5Mo72BQRMTu,tx:549a3ba35379eb882e58ac2c2eba8d35e7fe6b846d3c8e518770863a691fa323,fac1838dc39bc1b6e076ac1fb88c3b5024609edd0a69e9a37ad5d8c0fe28bd52:1,,549a3ba35379eb882e58ac2c2eba8d35e7fe6b846d3c8e518770863a691fa323,,6157123.58474059,proportional_after_commingling,1
tx_to_output,tx:549a3ba35379eb882e58ac2c2eba8d35e7fe6b846d3c8e518770863a691fa323,32521SL2crCGKuzUoa5oW9Wykj6tsohai3,,549a3ba35379eb882e58ac2c2eba8d35e7fe6b846d3c8e518770863a691fa323:0,549a3ba35379eb882e58ac2c2eba8d35e7fe6b846d3c8e518770863a691fa323,100000000,532424.47576288,proportional_after_commingling,2
tx_to_output,tx:549a3ba35379eb882e58ac2c2eba8d35e7fe6b846d3c8e518770863a691fa323,322mARwGskYavrigEZc3eYGFKGzBviJkHh,,549a3ba35379eb882e58ac2c2eba8d35e7fe6b846d3c8e518770863a691fa323:1,549a3ba35379eb882e58ac2c2eba8d35e7fe6b846d3c8e518770863a691fa323,1056423796,5624658.85768734,proportional_after_commingling,2
input_to_tx,37PJiMT2GzN1WRzoPF66y3ujHNhYpBcocZ,tx:e560f87de6d039820a997f399515cb141af6750e6365c503d264ec609170723a,74338458c2d2abadf614b138fdae93e1cf4fbecb84f23df348770bad14d44314:2,,e560f87de6d039820a997f399515cb141af6750e6365c503d264ec609170723a,,2685.95305576,proportional_after_commingling,2
tx_to_output,tx:e560f87de6d039820a997f399515cb141af6750e6365c503d264ec609170723a,1BMvHxZBb17GxSnomVkkfpRUHgxFQwojuj,,e560f87de6d039820a997f399515cb141af6750e6365c503d264ec609170723a:0,e560f87de6d039820a997f399515cb141af6750e6365c503d264ec609170723a,54606,0.07786118,proportional_after_commingling,3
tx_to_output,tx:e560f87de6d039820a997f399515cb141af6750e6365c503d264ec609170723a,1QEUU7DCUtzJ7rbL5mGtAu2byU3tmYu1Vv,,e560f87de6d039820a997f399515cb141af6750e6365c503d264ec609170723a:1,e560f87de6d039820a997f399515cb141af6750e6365c503d264ec609170723a,595500000,849.10689314,proportional_after_commingling,3
tx_to_output,tx:e560f87de6d039820a997f399515cb141af6750e6365c503d264ec609170723a,32fUAVBXZa3CiJHT3TNKuxzQDdY62ZrdJB,,e560f87de6d039820a997f399515cb141af6750e6365c503d264ec609170723a:2,e560f87de6d039820a997f399515cb141af6750e6365c503d264ec609170723a,2326159,3.31680544,proportional_after_commingling,3
tx_to_output,tx:e560f87de6d039820a997f399515cb141af6750e6365c503d264ec609170723a,3L3hkjSbwUW2k8X8nUcmkutYMFBfEXwT6r,,e560f87de6d039820a997f399515cb141af6750e6365c503d264ec609170723a:3,e560f87de6d039820a997f399515cb141af6750e6365c503d264ec609170723a,963070,1.37321474,proportional_after_commingling,3
tx_to_output,tx:e560f87de6d039820a997f399515cb141af6750e6365c503d264ec609170723a,3PYiY1BkDMz5WpDDT9ZSstXF2RRmsvrxpN,,e560f87de6d039820a997f399515cb141af6750e6365c503d264ec609170723a:4,e560f87de6d039820a997f399515cb141af6750e6365c503d264ec609170723a,261782,0.37326768,proportional_after_commingling,3
tx_to_output,tx:e560f87de6d039820a997f399515cb141af6750e6365c503d264ec609170723a,31j3Wo3r9zy3qo4sAbjDFJscsp3gchKdAr,,e560f87de6d039820a997f399515cb141af6750e6365c503d264ec609170723a:5,e560f87de6d039820a997f399515cb141af6750e6365c503d264ec609170723a,2237000,3.1896761,proportional_after_commingling,3
tx_to_output,tx:e560f87de6d039820a997f399515cb141af6750e6365c503d264ec609170723a,1DGjJ4n2ELfiRGfvRhsevJnLyV1VXMSLsW,,e560f87de6d039820a997f399515cb141af6750e6365c503d264ec609170723a:6,e560f87de6d039820a997f399515cb141af6750e6365c503d264ec609170723a,955000000,1361.70794785,proportional_after_commingling,3
tx_to_output,tx:e560f87de6d039820a997f399515cb141af6750e6365c503d264ec609170723a,32Rvwo56adk84JqYtYymtsBuVP2EXsRKUt,,e560f87de6d039820a997f399515cb141af6750e6365c503d264ec609170723a:7,e560f87de6d039820a997f399515cb141af6750e6365c503d264ec609170723a,1148305,1.63733617,proportional_after_commingling,3
tx_to_output,tx:e560f87de6d039820a997f399515cb141af6750e6365c503d264ec609170723a,37pWXDgGFEmxY38pBsbakT4WcHn95mdXx1,,e560f87de6d039820a997f399515cb141af6750e6365c503d264ec609170723a:8,e560f87de6d039820a997f399515cb141af6750e6365c503d264ec609170723a,1000000,1.4258722,proportional_after_commingling,3
tx_to_output,tx:e560f87de6d039820a997f399515cb141af6750e6365c503d264ec609170723a,3Ad6ufjqPwD8iVKpua5ZNws6wV6EdCvRrR,,e560f87de6d039820a997f399515cb141af6750e6365c503d264ec609170723a:9,e560f87de6d039820a997f399515cb141af6750e6365c503d264ec609170723a,300546761,428.54127032,proportional_after_commingling,3
tx_to_output,tx:e560f87de6d039820a997f399515cb141af6750e6365c503d264ec609170723a,bc1quequa35yqzd6fx56mzw726ae9dpjmrtuzzf42yq8htlwdaxr0pjqlc7q2d,,e560f87de6d039820a997f399515cb141af6750e6365c503d264ec609170723a:10,e560f87de6d039820a997f399515cb141af6750e6365c503d264ec609170723a,24585736,35.0561174,proportional_after_commingling,3
input_to_tx,3Q3pwwKpQa6Kx6xu5ao5W6aHs6vF6ezMWa,tx:083ccdfda085a6f369ec0318b1300dce028377028682ac2f4f0d9579f5551916,74338458c2d2abadf614b138fdae93e1cf4fbecb84f23df348770bad14d44314:4,,083ccdfda085a6f369ec0318b1300dce028377028682ac2f4f0d9579f5551916,,1254.93282199,proportional_after_commingling,2
tx_to_output,tx:083ccdfda085a6f369ec0318b1300dce028377028682ac2f4f0d9579f5551916,37V7J1mCdtbD1bDG4iqmcHnEX451YSoA57,,083ccdfda085a6f369ec0318b1300dce028377028682ac2f4f0d9579f5551916:0,083ccdfda085a6f369ec0318b1300dce028377028682ac2f4f0d9579f5551916,69085763,17.1020473,proportional_after_commingling,3
tx_to_output,tx:083ccdfda085a6f369ec0318b1300dce028377028682ac2f4f0d9579f5551916,3Qy2pxx2YCHXnscXgCP3H4dtqwE2oUkWkf,,083ccdfda085a6f369ec0318b1300dce028377028682ac2f4f0d9579f5551916:1,083ccdfda085a6f369ec0318b1300dce028377028682ac2f4f0d9579f5551916,5000000000,1237.74035033,proportional_after_commingling,3
input_to_tx,13n7KxR9ff4mMgMsv7nNb8twEkvcPqwunQ,tx:789f67cfb82109555ace20bd211007b3c7a097d108876149a0e7d64e75ba3d8d,74338458c2d2abadf614b138fdae93e1cf4fbecb84f23df348770bad14d44314:5,,789f67cfb82109555ace20bd211007b3c7a097d108876149a0e7d64e75ba3d8d,,2231.82940769,proportional_after_commingling,2
tx_to_output,tx:789f67cfb82109555ace20bd211007b3c7a097d108876149a0e7d64e75ba3d8d,1AgRs9ZJaNi1YyJEEhoRvS5XaY3affnNxN,,789f67cfb82109555ace20bd211007b3c7a097d108876149a0e7d64e75ba3d8d:0,789f67cfb82109555ace20bd211007b3c7a097d108876149a0e7d64e75ba3d8d,874949,2.91774855,proportional_after_commingling,3
tx_to_output,tx:789f67cfb82109555ace20bd211007b3c7a097d108876149a0e7d64e75ba3d8d,18LxX4NzKMVTyu21sxru6Pe4JmkHswf1am,,789f67cfb82109555ace20bd211007b3c7a097d108876149a0e7d64e75ba3d8d:1,789f67cfb82109555ace20bd211007b3c7a097d108876149a0e7d64e75ba3d8d,668350000,2228.78961344,proportional_after_commingling,3
input_to_tx,1BG2en1rzDp9NpxFjsxfvBMSF25S6SZApq,tx:611ec76032d3f3216adf6fbcde343e2d6dfaa9c735dc4a19ab7c69ca15ae55af,74338458c2d2abadf614b138fdae93e1cf4fbecb84f23df348770bad14d44314:6,,611ec76032d3f3216adf6fbcde343e2d6dfaa9c735dc4a19ab7c69ca15ae55af,,1096.61664783,proportional_after_commingling,2
tx_to_output,tx:611ec76032d3f3216adf6fbcde343e2d6dfaa9c735dc4a19ab7c69ca15ae55af,3PtFViZPAVzaC9VTvVBH51b6xmpHqLk6MF,,611ec76032d3f3216adf6fbcde343e2d6dfaa9c735dc4a19ab7c69ca15ae55af:0,611ec76032d3f3216adf6fbcde343e2d6dfaa9c735dc4a19ab7c69ca15ae55af,717241,0.12116203,proportional_after_commingling,3
tx_to_output,tx:611ec76032d3f3216adf6fbcde343e2d6dfaa9c735dc4a19ab7c69ca15ae55af,1NDyJtNTjmwk5xPNhjgAMu4HDHigtobu1s,,611ec76032d3f3216adf6fbcde343e2d6dfaa9c735dc4a19ab7c69ca15ae55af:1,611ec76032d3f3216adf6fbcde343e2d6dfaa9c735dc4a19ab7c69ca15ae55af,6490624636,1096.44770808,proportional_after_commingling,3
input_to_tx,bc1qj0x8knaa65kv9ph7vk4fltqxs2pe0qj708h03c,tx:5c901f8b430acad8f30aafc3ee033ab6d3697bc08b6b9f25c62f0b5c46f8e997,74338458c2d2abadf614b138fdae93e1cf4fbecb84f23df348770bad14d44314:8,,5c901f8b430acad8f30aafc3ee033ab6d3697bc08b6b9f25c62f0b5c46f8e997,,3659.97272036,proportional_after_commingling,2
tx_to_output,tx:5c901f8b430acad8f30aafc3ee033ab6d3697bc08b6b9f25c62f0b5c46f8e997,3JRHZyGjU5U3qLSgGWscDjxQYmgbjvRD7f,,5c901f8b430acad8f30aafc3ee033ab6d3697bc08b6b9f25c62f0b5c46f8e997:0,5c901f8b430acad8f30aafc3ee033ab6d3697bc08b6b9f25c62f0b5c46f8e997,2196400,72.6306838,proportional_after_commingling,3
tx_to_output,tx:5c901f8b430acad8f30aafc3ee033ab6d3697bc08b6b9f25c62f0b5c46f8e997,bc1qv500kz43z4jezj4phgch7xxdvt64f3cjq2k9gv,,5c901f8b430acad8f30aafc3ee033ab6d3697bc08b6b9f25c62f0b5c46f8e997:1,5c901f8b430acad8f30aafc3ee033ab6d3697bc08b6b9f25c62f0b5c46f8e997,108480096,3587.22616609,proportional_after_commingling,3
input_to_tx,375qwq5voiMBQKeiF61HQnoswakmx25HFm,tx:54c18abca826d0f505013f3e51cbc5858083127393f35ff746a65516f1b25d76,74338458c2d2abadf614b138fdae93e1cf4fbecb84f23df348770bad14d44314:11,,54c18abca826d0f505013f3e51cbc5858083127393f35ff746a65516f1b25d76,,252779.20207244,proportional_after_commingling,2
tx_to_output,tx:54c18abca826d0f505013f3e51cbc5858083127393f35ff746a65516f1b25d76,3QQLba8Ct5HN7jFjrnEXDrSG99cQDnijwA,,54c18abca826d0f505013f3e51cbc5858083127393f35ff746a65516f1b25d76:0,54c18abca826d0f505013f3e51cbc5858083127393f35ff746a65516f1b25d76,92733000,3066.50027356,proportional_after_commingling,3
tx_to_output,tx:54c18abca826d0f505013f3e51cbc5858083127393f35ff746a65516f1b25d76,18UFLS4HGpiRgAPDAyn78kQLJuVF4SYina,,54c18abca826d0f505013f3e51cbc5858083127393f35ff746a65516f1b25d76:1,54c18abca826d0f505013f3e51cbc5858083127393f35ff746a65516f1b25d76,2625000,86.80365369,proportional_after_commingling,3
tx_to_output,tx:54c18abca826d0f505013f3e51cbc5858083127393f35ff746a65516f1b25d76,3HqY29VVHe4YBRsFb7Qez97WRUg52YV7MM,,54c18abca826d0f505013f3e51cbc5858083127393f35ff746a65516f1b25d76:2,54c18abca826d0f505013f3e51cbc5858083127393f35ff746a65516f1b25d76,144874000,4790.70191444,proportional_after_commingling,3
tx_to_output,tx:54c18abca826d0f505013f3e51cbc5858083127393f35ff746a65516f1b25d76,3QAkr29PpNZmcWob1VCYdzSJom3xp4mSof,,54c18abca826d0f505013f3e51cbc5858083127393f35ff746a65516f1b25d76:3,54c18abca826d0f505013f3e51cbc5858083127393f35ff746a65516f1b25d76,155595308,5145.23475512,proportional_after_commingling,3
tx_to_output,tx:54c18abca826d0f505013f3e51cbc5858083127393f35ff746a65516f1b25d76,35tTaxzEjr7Snk1aitjhQ6NTUy1FrkozAN,,54c18abca826d0f505013f3e51cbc5858083127393f35ff746a65516f1b25d76:4,54c18abca826d0f505013f3e51cbc5858083127393f35ff746a65516f1b25d76,61770000,2042.61397666,proportional_after_commingling,3
tx_to_output,tx:54c18abca826d0f505013f3e51cbc5858083127393f35ff746a65516f1b25d76,bc1qkkt0n0ns0rucn7p2hh9qucxvjpg58xrc8p6vjj,,54c18abca826d0f505013f3e51cbc5858083127393f35ff746a65516f1b25d76:5,54c18abca826d0f505013f3e51cbc5858083127393f35ff746a65516f1b25d76,15148000,500.91495092,proportional_after_commingling,3
tx_to_output,tx:54c18abca826d0f505013f3e51cbc5858083127393f35ff746a65516f1b25d76,1D2cEmVpTQCL9sdjmVSfjgtxuHHSF7RFm4,,54c18abca826d0f505013f3e51cbc5858083127393f35ff746a65516f1b25d76:6,54c18abca826d0f505013f3e51cbc5858083127393f35ff746a65516f1b25d76,154605000,5112.48719219,proportional_after_commingling,3
tx_to_output,tx:54c18abca826d0f505013f3e51cbc5858083127393f35ff746a65516f1b25d76,34v2mZdy5J9JYbzYFmkDyz2UtEmNHU6BJA,,54c18abca826d0f505013f3e51cbc5858083127393f35ff746a65516f1b25d76:7,54c18abca826d0f505013f3e51cbc5858083127393f35ff746a65516f1b25d76,599950000,19839.18172734,proportional_after_commingling,3
tx_to_output,tx:54c18abca826d0f505013f3e51cbc5858083127393f35ff746a65516f1b25d76,3BRaRCLwspR4skAyxrzzGP6JFQZnR5AZZS,,54c18abca826d0f505013f3e51cbc5858083127393f35ff746a65516f1b25d76:8,54c18abca826d0f505013f3e51cbc5858083127393f35ff746a65516f1b25d76,725950000,24005.7571047,proportional_after_commingling,3
tx_to_output,tx:54c18abca826d0f505013f3e51cbc5858083127393f35ff746a65516f1b25d76,34QCv3pvwUNrH77zoS4AB9bocS5Xyy9GJ3,,54c18abca826d0f505013f3e51cbc5858083127393f35ff746a65516f1b25d76:9,54c18abca826d0f505013f3e51cbc5858083127393f35ff746a65516f1b25d76,155113000,5129.28576594,proportional_after_commingling,3
tx_to_output,tx:54c18abca826d0f505013f3e51cbc5858083127393f35ff746a65516f1b25d76,bc1qad9skfqyxh7xsesssqdal2f8qw9ntzzw5sffgj,,54c18abca826d0f505013f3e51cbc5858083127393f35ff746a65516f1b25d76:10,54c18abca826d0f505013f3e51cbc5858083127393f35ff746a65516f1b25d76,6007000,198.63982771,proportional_after_commingling,3
tx_to_output,tx:54c18abca826d0f505013f3e51cbc5858083127393f35ff746a65516f1b25d76,3Pc2jektovsZ4eKh6pfmHnzTXwJNw3KUdf,,54c18abca826d0f505013f3e51cbc5858083127393f35ff746a65516f1b25d76:11,54c18abca826d0f505013f3e51cbc5858083127393f35ff746a65516f1b25d76,62950000,2081.63428575,proportional_after_commingling,3
tx_to_output,tx:54c18abca826d0f505013f3e51cbc5858083127393f35ff746a65516f1b25d76,3KjuuNQq8oTuBy88C9EbXX7VHEyoAwg28V,,54c18abca826d0f505013f3e51cbc5858083127393f35ff746a65516f1b25d76:12,54c18abca826d0f505013f3e51cbc5858083127393f35ff746a65516f1b25d76,1450000,47.9486849,proportional_after_commingling,3
tx_to_output,tx:54c18abca826d0f505013f3e51cbc5858083127393f35ff746a65516f1b25d76,3LMubqAK63KRHptA19nTTPd85WD9QAGvsW,,54c18abca826d0f505013f3e51cbc5858083127393f35ff746a65516f1b25d76:13,54c18abca826d0f505013f3e51cbc5858083127393f35ff746a65516f1b25d76,149950000,4958.55537964,proportional_after_commingling,3
tx_to_output,tx:54c18abca826d0f505013f3e51cbc5858083127393f35ff746a65516f1b25d76,3GBykY1C39izH1dtPxjatmSi37yi6nSmS9,,54c18abca826d0f505013f3e51cbc5858083127393f35ff746a65516f1b25d76:14,54c18abca826d0f505013f3e51cbc5858083127393f35ff746a65516f1b25d76,109950000,3635.83303762,proportional_after_commingling,3
tx_to_output,tx:54c18abca826d0f505013f3e51cbc5858083127393f35ff746a65516f1b25d76,3Gep3opZu2vAaY7c4yghTR9rKfnwz7S7vU,,54c18abca826d0f505013f3e51cbc5858083127393f35ff746a65516f1b25d76:15,54c18abca826d0f505013f3e51cbc5858083127393f35ff746a65516f1b25d76,60416000,1997.83982538,proportional_after_commingling,3
tx_to_output,tx:54c18abca826d0f505013f3e51cbc5858083127393f35ff746a65516f1b25d76,3EQNVraD47B6E3wC24cQUTjyYavz4Xukq6,,54c18abca826d0f505013f3e51cbc5858083127393f35ff746a65516f1b25d76:16,54c18abca826d0f505013f3e51cbc5858083127393f35ff746a65516f1b25d76,5145106147,170138.67131728,proportional_after_commingling,3
input_to_tx,32521SL2crCGKuzUoa5oW9Wykj6tsohai3,tx:e31d95e77cb69458f8e31c94430808c099ac7269b0733b1f2ada232362f41690,549a3ba35379eb882e58ac2c2eba8d35e7fe6b846d3c8e518770863a691fa323:0,,e31d95e77cb69458f8e31c94430808c099ac7269b0733b1f2ada232362f41690,,532424.47576288,proportional_after_commingling,2
tx_to_output,tx:e31d95e77cb69458f8e31c94430808c099ac7269b0733b1f2ada232362f41690,1MTFctqDvLEDfDeCjoZufKTHgQG1Gf8XPZ,,e31d95e77cb69458f8e31c94430808c099ac7269b0733b1f2ada232362f41690:0,e31d95e77cb69458f8e31c94430808c099ac7269b0733b1f2ada232362f41690,116309000,1532.77321101,proportional_after_commingling,3
tx_to_output,tx:e31d95e77cb69458f8e31c94430808c099ac7269b0733b1f2ada232362f41690,bc1qesa276g4txphy3lj89zew3gjfu0f34dd9ef5ll,,e31d95e77cb69458f8e31c94430808c099ac7269b0733b1f2ada232362f41690:1,e31d95e77cb69458f8e31c94430808c099ac7269b0733b1f2ada232362f41690,196007063,2583.07074547,proportional_after_commingling,3
tx_to_output,tx:e31d95e77cb69458f8e31c94430808c099ac7269b0733b1f2ada232362f41690,16mDrXMuaP2P5BSwLe3eGu7kTG4aqvh9Ku,,e31d95e77cb69458f8e31c94430808c099ac7269b0733b1f2ada232362f41690:2,e31d95e77cb69458f8e31c94430808c099ac7269b0733b1f2ada232362f41690,541874,7.14106347,proportional_after_commingling,3
tx_to_output,tx:e31d95e77cb69458f8e31c94430808c099ac7269b0733b1f2ada232362f41690,15LnVPGemkEMnqR2thHjBZJQ2wpYnhFZ3X,,e31d95e77cb69458f8e31c94430808c099ac7269b0733b1f2ada232362f41690:3,e31d95e77cb69458f8e31c94430808c099ac7269b0733b1f2ada232362f41690,18950000,249.73176924,proportional_after_commingling,3
tx_to_output,tx:e31d95e77cb69458f8e31c94430808c099ac7269b0733b1f2ada232362f41690,31rhyWa3GkzjAJyEk9kQgMXB9nJ5ykVeTm,,e31d95e77cb69458f8e31c94430808c099ac7269b0733b1f2ada232362f41690:4,e31d95e77cb69458f8e31c94430808c099ac7269b0733b1f2ada232362f41690,164740982,2171.03202645,proportional_after_commingling,3
tx_to_output,tx:e31d95e77cb69458f8e31c94430808c099ac7269b0733b1f2ada232362f41690,343kf3pJWuQZ7vzSshMCni2Vvm4Wgk43DD,,e31d95e77cb69458f8e31c94430808c099ac7269b0733b1f2ada232362f41690:5,e31d95e77cb69458f8e31c94430808c099ac7269b0733b1f2ada232362f41690,11719000,154.4383432,proportional_after_commingling,3
tx_to_output,tx:e31d95e77cb69458f8e31c94430808c099ac7269b0733b1f2ada232362f41690,3M1kpJAovYqD3JZYQiLrUWmNCXpcZSGDn1,,e31d95e77cb69458f8e31c94430808c099ac7269b0733b1f2ada232362f41690:6,e31d95e77cb69458f8e31c94430808c099ac7269b0733b1f2ada232362f41690,5950000,78.411822,proportional_after_commingling,3
tx_to_output,tx:e31d95e77cb69458f8e31c94430808c099ac7269b0733b1f2ada232362f41690,bc1qfvd3yvduqgg4r8sdxw0taktpdz0wp6p3h94zqu,,e31d95e77cb69458f8e31c94430808c099ac7269b0733b1f2ada232362f41690:7,e31d95e77cb69458f8e31c94430808c099ac7269b0733b1f2ada232362f41690,54362641,716.4157529,proportional_after_commingling,3
tx_to_output,tx:e31d95e77cb69458f8e31c94430808c099ac7269b0733b1f2ada232362f41690,14wV3HT7XtuV92476EA1cfAc41A3p86Ree,,e31d95e77cb69458f8e31c94430808c099ac7269b0733b1f2ada232362f41690:8,e31d95e77cb69458f8e31c94430808c099ac7269b0733b1f2ada232362f41690,120150000,1583.39166619,proportional_after_commingling,3
tx_to_output,tx:e31d95e77cb69458f8e31c94430808c099ac7269b0733b1f2ada232362f41690,3Fa6gDdmGLThLGRtJVg6CVMkoEp26gC2Dk,,e31d95e77cb69458f8e31c94430808c099ac7269b0733b1f2ada232362f41690:9,e31d95e77cb69458f8e31c94430808c099ac7269b0733b1f2ada232362f41690,800000000,10542.76598376,proportional_after_commingling,3
tx_to_output,tx:e31d95e77cb69458f8e31c94430808c099ac7269b0733b1f2ada232362f41690,13FNCQzJjKHs4pg92Yg6CJozgZ57L8HfqC,,e31d95e77cb69458f8e31c94430808c099ac7269b0733b1f2ada232362f41690:10,e31d95e77cb69458f8e31c94430808c099ac7269b0733b1f2ada232362f41690,499950000,6588.56981698,proportional_after_commingling,3
tx_to_output,tx:e31d95e77cb69458f8e31c94430808c099ac7269b0733b1f2ada232362f41690,1HHrz5AttHUbdX37aPiKEsZtPJkugmdL56,,e31d95e77cb69458f8e31c94430808c099ac7269b0733b1f2ada232362f41690:11,e31d95e77cb69458f8e31c94430808c099ac7269b0733b1f2ada232362f41690,950000,12.51953461,proportional_after_commingling,3
tx_to_output,tx:e31d95e77cb69458f8e31c94430808c099ac7269b0733b1f2ada232362f41690,bc1qzxvkwjnrfuztq2p8j9gcr2k5p3pfrw0v9m6njk,,e31d95e77cb69458f8e31c94430808c099ac7269b0733b1f2ada232362f41690:12,e31d95e77cb69458f8e31c94430808c099ac7269b0733b1f2ada232362f41690,9950000,131.12565192,proportional_after_commingling,3
tx_to_output,tx:e31d95e77cb69458f8e31c94430808c099ac7269b0733b1f2ada232362f41690,19mcKRZQbe4V2JMnhaUM7PMxdpEFZKNKRV,,e31d95e77cb69458f8e31c94430808c099ac7269b0733b1f2ada232362f41690:13,e31d95e77cb69458f8e31c94430808c099ac7269b0733b1f2ada232362f41690,3292000,43.38348202,proportional_after_commingling,3
tx_to_output,tx:e31d95e77cb69458f8e31c94430808c099ac7269b0733b1f2ada232362f41690,1AXz5kce2yosyokXBjGjUQbhD7QQLLbARn,,e31d95e77cb69458f8e31c94430808c099ac7269b0733b1f2ada232362f41690:14,e31d95e77cb69458f8e31c94430808c099ac7269b0733b1f2ada232362f41690,6350000,83.683205,proportional_after_commingling,3
tx_to_output,tx:e31d95e77cb69458f8e31c94430808c099ac7269b0733b1f2ada232362f41690,3Qs6AqCF7KAXMVMKaAc46z42YjYU9tuiPH,,e31d95e77cb69458f8e31c94430808c099ac7269b0733b1f2ada232362f41690:15,e31d95e77cb69458f8e31c94430808c099ac7269b0733b1f2ada232362f41690,141369000,1863.02535545,proportional_after_commingling,3
tx_to_output,tx:e31d95e77cb69458f8e31c94430808c099ac7269b0733b1f2ada232362f41690,bc1qnrcaff2syyuhutkxjeszgwpev3w6a80k9uee8z3zh9wm94jvyxqq7q6mt5,,e31d95e77cb69458f8e31c94430808c099ac7269b0733b1f2ada232362f41690:16,e31d95e77cb69458f8e31c94430808c099ac7269b0733b1f2ada232362f41690,38249210476,504065.59389019,proportional_after_commingling,3
input_to_tx,322mARwGskYavrigEZc3eYGFKGzBviJkHh,tx:cfd2687489ad230d4fc6de3cd5f322e6451877e8564bbfd0bb8f76d0835ef317,549a3ba35379eb882e58ac2c2eba8d35e7fe6b846d3c8e518770863a691fa323:1,,cfd2687489ad230d4fc6de3cd5f322e6451877e8564bbfd0bb8f76d0835ef317,,5624658.85768734,proportional_after_commingling,2
tx_to_output,tx:cfd2687489ad230d4fc6de3cd5f322e6451877e8564bbfd0bb8f76d0835ef317,3JF3J8y6Sn9sceyeJcRCnaawvtTCimg5xb,,cfd2687489ad230d4fc6de3cd5f322e6451877e8564bbfd0bb8f76d0835ef317:0,cfd2687489ad230d4fc6de3cd5f322e6451877e8564bbfd0bb8f76d0835ef317,5407910,28793.03646723,proportional_after_commingling,3
tx_to_output,tx:cfd2687489ad230d4fc6de3cd5f322e6451877e8564bbfd0bb8f76d0835ef317,3Fa3PdTaxrha5rCYYCHaSCZeWszvaGJdjT,,cfd2687489ad230d4fc6de3cd5f322e6451877e8564bbfd0bb8f76d0835ef317:1,cfd2687489ad230d4fc6de3cd5f322e6451877e8564bbfd0bb8f76d0835ef317,1051000430,5595783.52969314,proportional_after_commingling,3
input_to_tx,1DGjJ4n2ELfiRGfvRhsevJnLyV1VXMSLsW,tx:b441094f6a625122bc31f9ee85b30bf39366f6025d13184688f3ea574b73c89d,e560f87de6d039820a997f399515cb141af6750e6365c503d264ec609170723a:6,,b441094f6a625122bc31f9ee85b30bf39366f6025d13184688f3ea574b73c89d,,1361.70794785,proportional_after_commingling,3
tx_to_output,tx:b441094f6a625122bc31f9ee85b30bf39366f6025d13184688f3ea574b73c89d,18hX5UujVhzXUzLSyuauXziAT7P2BfFRJZ,,b441094f6a625122bc31f9ee85b30bf39366f6025d13184688f3ea574b73c89d:0,b441094f6a625122bc31f9ee85b30bf39366f6025d13184688f3ea574b73c89d,1300000000,1140.59842176,proportional_after_commingling,4
tx_to_output,tx:b441094f6a625122bc31f9ee85b30bf39366f6025d13184688f3ea574b73c89d,12SfWVTzbH3x3snciVoiYhnzyodDBZABb5,,b441094f6a625122bc31f9ee85b30bf39366f6025d13184688f3ea574b73c89d:1,b441094f6a625122bc31f9ee85b30bf39366f6025d13184688f3ea574b73c89d,251988629,221.09064041,proportional_after_commingling,4
input_to_tx,3Qy2pxx2YCHXnscXgCP3H4dtqwE2oUkWkf,tx:6a23ce11014a6e1d04c0ed823cb88696a09d6307a9b6b4a772e997451010e680,083ccdfda085a6f369ec0318b1300dce028377028682ac2f4f0d9579f5551916:1,,6a23ce11014a6e1d04c0ed823cb88696a09d6307a9b6b4a772e997451010e680,,1237.74035033,proportional_after_commingling,3
tx_to_output,tx:6a23ce11014a6e1d04c0ed823cb88696a09d6307a9b6b4a772e997451010e680,1KY8cG22mtudJdaiwmo3qEss8u9CUVB1MD,,6a23ce11014a6e1d04c0ed823cb88696a09d6307a9b6b4a772e997451010e680:0,6a23ce11014a6e1d04c0ed823cb88696a09d6307a9b6b4a772e997451010e680,16839,0.00395519,proportional_after_commingling,4
tx_to_output,tx:6a23ce11014a6e1d04c0ed823cb88696a09d6307a9b6b4a772e997451010e680,39RHPpFBah6nP3xDUBhFAnTPAnhUwN4RNu,,6a23ce11014a6e1d04c0ed823cb88696a09d6307a9b6b4a772e997451010e680:1,6a23ce11014a6e1d04c0ed823cb88696a09d6307a9b6b4a772e997451010e680,25526,0.00599562,proportional_after_commingling,4
tx_to_output,tx:6a23ce11014a6e1d04c0ed823cb88696a09d6307a9b6b4a772e997451010e680,1MYXJPJrpS73GDYbYNv13qbJGVwqPwycBh,,6a23ce11014a6e1d04c0ed823cb88696a09d6307a9b6b4a772e997451010e680:2,6a23ce11014a6e1d04c0ed823cb88696a09d6307a9b6b4a772e997451010e680,26339,0.00618658,proportional_after_commingling,4
tx_to_output,tx:6a23ce11014a6e1d04c0ed823cb88696a09d6307a9b6b4a772e997451010e680,36okTc9hRmWZLPRUNo6sAXnvy1qiaiuMMM,,6a23ce11014a6e1d04c0ed823cb88696a09d6307a9b6b4a772e997451010e680:3,6a23ce11014a6e1d04c0ed823cb88696a09d6307a9b6b4a772e997451010e680,41320,0.00970536,proportional_after_commingling,4
tx_to_output,tx:6a23ce11014a6e1d04c0ed823cb88696a09d6307a9b6b4a772e997451010e680,13CRu1SrBWpTnqayuDnvGsHEh9qA6SaBKr,,6a23ce11014a6e1d04c0ed823cb88696a09d6307a9b6b4a772e997451010e680:4,6a23ce11014a6e1d04c0ed823cb88696a09d6307a9b6b4a772e997451010e680,42000,0.00986508,proportional_after_commingling,4
tx_to_output,tx:6a23ce11014a6e1d04c0ed823cb88696a09d6307a9b6b4a772e997451010e680,3LagriY5J57fUb3KhnkD4amUybj9twDLk8,,6a23ce11014a6e1d04c0ed823cb88696a09d6307a9b6b4a772e997451010e680:5,6a23ce11014a6e1d04c0ed823cb88696a09d6307a9b6b4a772e997451010e680,42400,0.00995903,proportional_after_commingling,4
tx_to_output,tx:6a23ce11014a6e1d04c0ed823cb88696a09d6307a9b6b4a772e997451010e680,1AjxSjkNS8TdowyNDFzoWhqrTXwU6UHZyG,,6a23ce11014a6e1d04c0ed823cb88696a09d6307a9b6b4a772e997451010e680:6,6a23ce11014a6e1d04c0ed823cb88696a09d6307a9b6b4a772e997451010e680,52969,0.01244151,proportional_after_commingling,4
tx_to_output,tx:6a23ce11014a6e1d04c0ed823cb88696a09d6307a9b6b4a772e997451010e680,1657x4tWot6R54UdatZWXqNQgLfpixi9CF,,6a23ce11014a6e1d04c0ed823cb88696a09d6307a9b6b4a772e997451010e680:7,6a23ce11014a6e1d04c0ed823cb88696a09d6307a9b6b4a772e997451010e680,53612,0.01259254,proportional_after_commingling,4
tx_to_output,tx:6a23ce11014a6e1d04c0ed823cb88696a09d6307a9b6b4a772e997451010e680,38Ui5sodj8M6BVrXvbBmiwnLcNgN2iayiR,,6a23ce11014a6e1d04c0ed823cb88696a09d6307a9b6b4a772e997451010e680:8,6a23ce11014a6e1d04c0ed823cb88696a09d6307a9b6b4a772e997451010e680,54000,0.01268367,proportional_after_commingling,4
tx_to_output,tx:6a23ce11014a6e1d04c0ed823cb88696a09d6307a9b6b4a772e997451010e680,33Y8kx6gzz5rf2469XbG6mV3X47d36xnke,,6a23ce11014a6e1d04c0ed823cb88696a09d6307a9b6b4a772e997451010e680:9,6a23ce11014a6e1d04c0ed823cb88696a09d6307a9b6b4a772e997451010e680,56574,0.01328826,proportional_after_commingling,4
tx_to_output,tx:6a23ce11014a6e1d04c0ed823cb88696a09d6307a9b6b4a772e997451010e680,1Pu1oKScY65qaZRWNyH52tyn9rNTiDXsjb,,6a23ce11014a6e1d04c0ed823cb88696a09d6307a9b6b4a772e997451010e680:10,6a23ce11014a6e1d04c0ed823cb88696a09d6307a9b6b4a772e997451010e680,69842,0.01640468,proportional_after_commingling,4
tx_to_output,tx:6a23ce11014a6e1d04c0ed823cb88696a09d6307a9b6b4a772e997451010e680,34nc5JdZDuHWp275AwK86UeE8HVU47f3AG,,6a23ce11014a6e1d04c0ed823cb88696a09d6307a9b6b4a772e997451010e680:11,6a23ce11014a6e1d04c0ed823cb88696a09d6307a9b6b4a772e997451010e680,70274,0.01650615,proportional_after_commingling,4
tx_to_output,tx:6a23ce11014a6e1d04c0ed823cb88696a09d6307a9b6b4a772e997451010e680,1NXxqEiYcw1W9pMomb1nX9hVZUAv5bQRZA,,6a23ce11014a6e1d04c0ed823cb88696a09d6307a9b6b4a772e997451010e680:12,6a23ce11014a6e1d04c0ed823cb88696a09d6307a9b6b4a772e997451010e680,74141,0.01741444,proportional_after_commingling,4
tx_to_output,tx:6a23ce11014a6e1d04c0ed823cb88696a09d6307a9b6b4a772e997451010e680,3BhhL5637vbeKtwK9ESmXHLUTyeXVw1LjE,,6a23ce11014a6e1d04c0ed823cb88696a09d6307a9b6b4a772e997451010e680:13,6a23ce11014a6e1d04c0ed823cb88696a09d6307a9b6b4a772e997451010e680,74200,0.0174283,proportional_after_commingling,4
tx_to_output,tx:6a23ce11014a6e1d04c0ed823cb88696a09d6307a9b6b4a772e997451010e680,31osNgVB537Ge7MBeJr7ksxHedHAvEfTht,,6a23ce11014a6e1d04c0ed823cb88696a09d6307a9b6b4a772e997451010e680:14,6a23ce11014a6e1d04c0ed823cb88696a09d6307a9b6b4a772e997451010e680,80000,0.01879062,proportional_after_commingling,4
tx_to_output,tx:6a23ce11014a6e1d04c0ed823cb88696a09d6307a9b6b4a772e997451010e680,12hhDc7wUdbdsYX3mH9hCtNTv6LtdkpY69,,6a23ce11014a6e1d04c0ed823cb88696a09d6307a9b6b4a772e997451010e680:15,6a23ce11014a6e1d04c0ed823cb88696a09d6307a9b6b4a772e997451010e680,87412,0.02053157,proportional_after_commingling,4
tx_to_output,tx:6a23ce11014a6e1d04c0ed823cb88696a09d6307a9b6b4a772e997451010e680,3D25EpU9nndPKGhKqLcw59PtE3YNGBbmRu,,6a23ce11014a6e1d04c0ed823cb88696a09d6307a9b6b4a772e997451010e680:16,6a23ce11014a6e1d04c0ed823cb88696a09d6307a9b6b4a772e997451010e680,104774,0.02460961,proportional_after_commingling,4
tx_to_output,tx:6a23ce11014a6e1d04c0ed823cb88696a09d6307a9b6b4a772e997451010e680,3MSMNmJpPrkJZJvMVg2GRiUUoYCsWPt4Bi,,6a23ce11014a6e1d04c0ed823cb88696a09d6307a9b6b4a772e997451010e680:17,6a23ce11014a6e1d04c0ed823cb88696a09d6307a9b6b4a772e997451010e680,105937,0.02488278,proportional_after_commingling,4
tx_to_output,tx:6a23ce11014a6e1d04c0ed823cb88696a09d6307a9b6b4a772e997451010e680,36ccKn6tdcfDbk9E6WCJHjv3Ndn7o8bJ5A,,6a23ce11014a6e1d04c0ed823cb88696a09d6307a9b6b4a772e997451010e680:18,6a23ce11014a6e1d04c0ed823cb88696a09d6307a9b6b4a772e997451010e680,122501,0.02877338,proportional_after_commingling,4
tx_to_output,tx:6a23ce11014a6e1d04c0ed823cb88696a09d6307a9b6b4a772e997451010e680,3GhjzpAd65U875w3UKEKqZSmaSqNswDcUT,,6a23ce11014a6e1d04c0ed823cb88696a09d6307a9b6b4a772e997451010e680:19,6a23ce11014a6e1d04c0ed823cb88696a09d6307a9b6b4a772e997451010e680,132324,0.03108063,proportional_after_commingling,4
tx_to_output,tx:6a23ce11014a6e1d04c0ed823cb88696a09d6307a9b6b4a772e997451010e680,1AUXos7Kz3xCQTi8pfQK8JU3J9ZgbcgeNR,,6a23ce11014a6e1d04c0ed823cb88696a09d6307a9b6b4a772e997451010e680:20,6a23ce11014a6e1d04c0ed823cb88696a09d6307a9b6b4a772e997451010e680,132667,0.03116119,proportional_after_commingling,4
tx_to_output,tx:6a23ce11014a6e1d04c0ed823cb88696a09d6307a9b6b4a772e997451010e680,3JQjJuohxapJUXSRNEsHb3huFLEHWpH5MA,,6a23ce11014a6e1d04c0ed823cb88696a09d6307a9b6b4a772e997451010e680:21,6a23ce11014a6e1d04c0ed823cb88696a09d6307a9b6b4a772e997451010e680,136694,0.03210707,proportional_after_commingling,4
tx_to_output,tx:6a23ce11014a6e1d04c0ed823cb88696a09d6307a9b6b4a772e997451010e680,33MUMPtY2gS3JJ9Zi4muVKhdAwMYDNHTEq,,6a23ce11014a6e1d04c0ed823cb88696a09d6307a9b6b4a772e997451010e680:22,6a23ce11014a6e1d04c0ed823cb88696a09d6307a9b6b4a772e997451010e680,137800,0.03236685,proportional_after_commingling,4
tx_to_output,tx:6a23ce11014a6e1d04c0ed823cb88696a09d6307a9b6b4a772e997451010e680,3CyjDieRsqx6ENbpRk9hnJrscywtg1c6uh,,6a23ce11014a6e1d04c0ed823cb88696a09d6307a9b6b4a772e997451010e680:23,6a23ce11014a6e1d04c0ed823cb88696a09d6307a9b6b4a772e997451010e680,151297,0.03553706,proportional_after_commingling,4
tx_to_output,tx:6a23ce11014a6e1d04c0ed823cb88696a09d6307a9b6b4a772e997451010e680,3PAXriiKgeDy3YHCMQ6MGmTGPBQ9hVyYjX,,6a23ce11014a6e1d04c0ed823cb88696a09d6307a9b6b4a772e997451010e680:24,6a23ce11014a6e1d04c0ed823cb88696a09d6307a9b6b4a772e997451010e680,173636,0.04078411,proportional_after_commingling,4
tx_to_output,tx:6a23ce11014a6e1d04c0ed823cb88696a09d6307a9b6b4a772e997451010e680,33vKJSuAHJGvTGpyuekbF2TZHjbevfPTFZ,,6a23ce11014a6e1d04c0ed823cb88696a09d6307a9b6b4a772e997451010e680:25,6a23ce11014a6e1d04c0ed823cb88696a09d6307a9b6b4a772e997451010e680,192132,0.0451285,proportional_after_commingling,4
tx_to_output,tx:6a23ce11014a6e1d04c0ed823cb88696a09d6307a9b6b4a772e997451010e680,1LuoHNNAZi1eQ7GXBjBUDwLjL7hcYDoMLk,,6a23ce11014a6e1d04c0ed823cb88696a09d6307a9b6b4a772e997451010e680:26,6a23ce11014a6e1d04c0ed823cb88696a09d6307a9b6b4a772e997451010e680,211875,0.04976579,proportional_after_commingling,4
tx_to_output,tx:6a23ce11014a6e1d04c0ed823cb88696a09d6307a9b6b4a772e997451010e680,398KqutWxkzHjXZ6LLJQdKaiVf6NxLVPgN,,6a23ce11014a6e1d04c0ed823cb88696a09d6307a9b6b4a772e997451010e680:27,6a23ce11014a6e1d04c0ed823cb88696a09d6307a9b6b4a772e997451010e680,233092,0.0547493,proportional_after_commingling,4
tx_to_output,tx:6a23ce11014a6e1d04c0ed823cb88696a09d6307a9b6b4a772e997451010e680,125p82eJZV4GuRaeBsoXjnaiZx2wkWTkNE,,6a23ce11014a6e1d04c0ed823cb88696a09d6307a9b6b4a772e997451010e680:28,6a23ce11014a6e1d04c0ed823cb88696a09d6307a9b6b4a772e997451010e680,234306,0.05503444,proportional_after_commingling,4
tx_to_output,tx:6a23ce11014a6e1d04c0ed823cb88696a09d6307a9b6b4a772e997451010e680,12XVxnbi5dXoqVqW5HjNr1irZjsJJUSvHV,,6a23ce11014a6e1d04c0ed823cb88696a09d6307a9b6b4a772e997451010e680:29,6a23ce11014a6e1d04c0ed823cb88696a09d6307a9b6b4a772e997451010e680,244534,0.05743683,proportional_after_commingling,4
tx_to_output,tx:6a23ce11014a6e1d04c0ed823cb88696a09d6307a9b6b4a772e997451010e680,15Zzm2v6SfJhtDaNHJP1gGtvSqtJrGJyZW,,6a23ce11014a6e1d04c0ed823cb88696a09d6307a9b6b4a772e997451010e680:30,6a23ce11014a6e1d04c0ed823cb88696a09d6307a9b6b4a772e997451010e680,250541,0.05884777,proportional_after_commingling,4
tx_to_output,tx:6a23ce11014a6e1d04c0ed823cb88696a09d6307a9b6b4a772e997451010e680,1GxfESVi1jJoB3favurw9rqTmFqwXvFS5u,,6a23ce11014a6e1d04c0ed823cb88696a09d6307a9b6b4a772e997451010e680:31,6a23ce11014a6e1d04c0ed823cb88696a09d6307a9b6b4a772e997451010e680,264845,0.06220753,proportional_after_commingling,4
tx_to_output,tx:6a23ce11014a6e1d04c0ed823cb88696a09d6307a9b6b4a772e997451010e680,3Mec2W6Fq7GhvqK5mAtdDy4jgR7akFFDse,,6a23ce11014a6e1d04c0ed823cb88696a09d6307a9b6b4a772e997451010e680:32,6a23ce11014a6e1d04c0ed823cb88696a09d6307a9b6b4a772e997451010e680,280000,0.06576718,proportional_after_commingling,4
tx_to_output,tx:6a23ce11014a6e1d04c0ed823cb88696a09d6307a9b6b4a772e997451010e680,3MeL8PXVmgSrYdbV4Weibuj9CiwYV9iEii,,6a23ce11014a6e1d04c0ed823cb88696a09d6307a9b6b4a772e997451010e680:33,6a23ce11014a6e1d04c0ed823cb88696a09d6307a9b6b4a772e997451010e680,304580,0.0715406,proportional_after_commingling,4
tx_to_output,tx:6a23ce11014a6e1d04c0ed823cb88696a09d6307a9b6b4a772e997451010e680,36X8xZC4eWm33Afo4xm9XQUXE28Cf1q1g3,,6a23ce11014a6e1d04c0ed823cb88696a09d6307a9b6b4a772e997451010e680:34,6a23ce11014a6e1d04c0ed823cb88696a09d6307a9b6b4a772e997451010e680,313281,0.07358431,proportional_after_commingling,4
tx_to_output,tx:6a23ce11014a6e1d04c0ed823cb88696a09d6307a9b6b4a772e997451010e680,3F4qYWTUMA8DJfHT4Fd2Cv4qAoszN3KvPZ,,6a23ce11014a6e1d04c0ed823cb88696a09d6307a9b6b4a772e997451010e680:35,6a23ce11014a6e1d04c0ed823cb88696a09d6307a9b6b4a772e997451010e680,349153,0.08201003,proportional_after_commingling,4
tx_to_output,tx:6a23ce11014a6e1d04c0ed823cb88696a09d6307a9b6b4a772e997451010e680,1Puy9DDfZvN9qySRYBwYEySoDkWF7FDYSx,,6a23ce11014a6e1d04c0ed823cb88696a09d6307a9b6b4a772e997451010e680:36,6a23ce11014a6e1d04c0ed823cb88696a09d6307a9b6b4a772e997451010e680,360085,0.08457777,proportional_after_commingling,4
tx_to_output,tx:6a23ce11014a6e1d04c0ed823cb88696a09d6307a9b6b4a772e997451010e680,3GE8Y81cVhdCbGepEJE4uUVTciv6EQU1vH,,6a23ce11014a6e1d04c0ed823cb88696a09d6307a9b6b4a772e997451010e680:37,6a23ce11014a6e1d04c0ed823cb88696a09d6307a9b6b4a772e997451010e680,378697,0.0889494,proportional_after_commingling,4
tx_to_output,tx:6a23ce11014a6e1d04c0ed823cb88696a09d6307a9b6b4a772e997451010e680,1793WAQPSYvEKaiErznyXGwcYoidvjjUYj,,6a23ce11014a6e1d04c0ed823cb88696a09d6307a9b6b4a772e997451010e680:38,6a23ce11014a6e1d04c0ed823cb88696a09d6307a9b6b4a772e997451010e680,397805,0.09343754,proportional_after_commingling,4
tx_to_output,tx:6a23ce11014a6e1d04c0ed823cb88696a09d6307a9b6b4a772e997451010e680,1GCQBqYZxM32yrcyE5rtfsGrAQers7RSRG,,6a23ce11014a6e1d04c0ed823cb88696a09d6307a9b6b4a772e997451010e680:39,6a23ce11014a6e1d04c0ed823cb88696a09d6307a9b6b4a772e997451010e680,406909,0.09557592,proportional_after_commingling,4
tx_to_output,tx:6a23ce11014a6e1d04c0ed823cb88696a09d6307a9b6b4a772e997451010e680,19PYtx5aeBGoFoa2QqKaq2Wqr2FLx5mMZL,,6a23ce11014a6e1d04c0ed823cb88696a09d6307a9b6b4a772e997451010e680:40,6a23ce11014a6e1d04c0ed823cb88696a09d6307a9b6b4a772e997451010e680,434345,0.10202016,proportional_after_commingling,4
tx_to_output,tx:6a23ce11014a6e1d04c0ed823cb88696a09d6307a9b6b4a772e997451010e680,17zYNuTdXhQC7oJXaAAdtMADnXc97wyqoq,,6a23ce11014a6e1d04c0ed823cb88696a09d6307a9b6b4a772e997451010e680:41,6a23ce11014a6e1d04c0ed823cb88696a09d6307a9b6b4a772e997451010e680,453414,0.10649914,proportional_after_commingling,4
tx_to_output,tx:6a23ce11014a6e1d04c0ed823cb88696a09d6307a9b6b4a772e997451010e680,156jjPFur2RJ6XffytGBbcSpqPHCsmEsAj,,6a23ce11014a6e1d04c0ed823cb88696a09d6307a9b6b4a772e997451010e680:42,6a23ce11014a6e1d04c0ed823cb88696a09d6307a9b6b4a772e997451010e680,467493,0.10980606,proportional_after_commingling,4
tx_to_output,tx:6a23ce11014a6e1d04c0ed823cb88696a09d6307a9b6b4a772e997451010e680,17oZ1XTdD9UBrDzV2pVjHayMrvJ5f56wuM,,6a23ce11014a6e1d04c0ed823cb88696a09d6307a9b6b4a772e997451010e680:43,6a23ce11014a6e1d04c0ed823cb88696a09d6307a9b6b4a772e997451010e680,530000,0.12448787,proportional_after_commingling,4
tx_to_output,tx:6a23ce11014a6e1d04c0ed823cb88696a09d6307a9b6b4a772e997451010e680,1FQjQf8Yyomkv3KfauQsgGGZXEPDFjDrws,,6a23ce11014a6e1d04c0ed823cb88696a09d6307a9b6b4a772e997451010e680:44,6a23ce11014a6e1d04c0ed823cb88696a09d6307a9b6b4a772e997451010e680,599591,0.1408336,proportional_after_commingling,4
tx_to_output,tx:6a23ce11014a6e1d04c0ed823cb88696a09d6307a9b6b4a772e997451010e680,1JwKVpaXzy3T2iSwmJWLhZAiR5acBWyCoL,,6a23ce11014a6e1d04c0ed823cb88696a09d6307a9b6b4a772e997451010e680:45,6a23ce11014a6e1d04c0ed823cb88696a09d6307a9b6b4a772e997451010e680,617424,0.14502227,proportional_after_commingling,4
tx_to_output,tx:6a23ce11014a6e1d04c0ed823cb88696a09d6307a9b6b4a772e997451010e680,17xaUSWQXUMQSeonvShfSDfCtoNoEX32ra,,6a23ce11014a6e1d04c0ed823cb88696a09d6307a9b6b4a772e997451010e680:46,6a23ce11014a6e1d04c0ed823cb88696a09d6307a9b6b4a772e997451010e680,620023,0.14563273,proportional_after_commingling,4
tx_to_output,tx:6a23ce11014a6e1d04c0ed823cb88696a09d6307a9b6b4a772e997451010e680,1GpbNMAJWco4RFXm9Ncvyv68RgQeeCrM17,,6a23ce11014a6e1d04c0ed823cb88696a09d6307a9b6b4a772e997451010e680:47,6a23ce11014a6e1d04c0ed823cb88696a09d6307a9b6b4a772e997451010e680,672256,0.15790136,proportional_after_commingling,4
tx_to_output,tx:6a23ce11014a6e1d04c0ed823cb88696a09d6307a9b6b4a772e997451010e680,36Utv8SQXWHy1waeR3Wic6csGX7QAA9dJo,,6a23ce11014a6e1d04c0ed823cb88696a09d6307a9b6b4a772e997451010e680:48,6a23ce11014a6e1d04c0ed823cb88696a09d6307a9b6b4a772e997451010e680,711874,0.16720694,proportional_after_commingling,4
tx_to_output,tx:6a23ce11014a6e1d04c0ed823cb88696a09d6307a9b6b4a772e997451010e680,1wd2j3wiNFQFYBwP3yPmUSou4PEJFQMDE,,6a23ce11014a6e1d04c0ed823cb88696a09d6307a9b6b4a772e997451010e680:49,6a23ce11014a6e1d04c0ed823cb88696a09d6307a9b6b4a772e997451010e680,727220,0.17081146,proportional_after_commingling,4
tx_to_output,tx:6a23ce11014a6e1d04c0ed823cb88696a09d6307a9b6b4a772e997451010e680,37XG5uipuxokJc8fCHnL8iLzmCMpujgexK,,6a23ce11014a6e1d04c0ed823cb88696a09d6307a9b6b4a772e997451010e680:50,6a23ce11014a6e1d04c0ed823cb88696a09d6307a9b6b4a772e997451010e680,738751,0.17351989,proportional_after_commingling,4
tx_to_output,tx:6a23ce11014a6e1d04c0ed823cb88696a09d6307a9b6b4a772e997451010e680,1KguoBQYcDWVPudRdEBcGwtbFSNqtghEHH,,6a23ce11014a6e1d04c0ed823cb88696a09d6307a9b6b4a772e997451010e680:51,6a23ce11014a6e1d04c0ed823cb88696a09d6307a9b6b4a772e997451010e680,741565,0.17418085,proportional_after_commingling,4
tx_to_output,tx:6a23ce11014a6e1d04c0ed823cb88696a09d6307a9b6b4a772e997451010e680,3GgqC9QH1GKMHwbmnv45X5N9trBYmyht2R,,6a23ce11014a6e1d04c0ed823cb88696a09d6307a9b6b4a772e997451010e680:52,6a23ce11014a6e1d04c0ed823cb88696a09d6307a9b6b4a772e997451010e680,804964,0.18907218,proportional_after_commingling,4
tx_to_output,tx:6a23ce11014a6e1d04c0ed823cb88696a09d6307a9b6b4a772e997451010e680,17YvB9sX4GdpLMs1zW2bcgjKTwSCb1N95K,,6a23ce11014a6e1d04c0ed823cb88696a09d6307a9b6b4a772e997451010e680:53,6a23ce11014a6e1d04c0ed823cb88696a09d6307a9b6b4a772e997451010e680,858933,0.20174857,proportional_after_commingling,4
tx_to_output,tx:6a23ce11014a6e1d04c0ed823cb88696a09d6307a9b6b4a772e997451010e680,37pXcCybCsD4FWBGDLX8jRm2XGptaqPtpP,,6a23ce11014a6e1d04c0ed823cb88696a09d6307a9b6b4a772e997451010e680:54,6a23ce11014a6e1d04c0ed823cb88696a09d6307a9b6b4a772e997451010e680,942541,0.22138665,proportional_after_commingling,4
tx_to_output,tx:6a23ce11014a6e1d04c0ed823cb88696a09d6307a9b6b4a772e997451010e680,1Xf4jm2H8JnNLZTEGmAVQ4rEsUv4HHKjV,,6a23ce11014a6e1d04c0ed823cb88696a09d6307a9b6b4a772e997451010e680:55,6a23ce11014a6e1d04c0ed823cb88696a09d6307a9b6b4a772e997451010e680,945600,0.22210516,proportional_after_commingling,4
tx_to_output,tx:6a23ce11014a6e1d04c0ed823cb88696a09d6307a9b6b4a772e997451010e680,1PfwWywsiC8okGeyohqWdbT72eshuUq58T,,6a23ce11014a6e1d04c0ed823cb88696a09d6307a9b6b4a772e997451010e680:56,6a23ce11014a6e1d04c0ed823cb88696a09d6307a9b6b4a772e997451010e680,952236,0.22366384,proportional_after_commingling,4
tx_to_output,tx:6a23ce11014a6e1d04c0ed823cb88696a09d6307a9b6b4a772e997451010e680,17ZD1NXdGuVSqzomoW3WE7c679ZnebbgWE,,6a23ce11014a6e1d04c0ed823cb88696a09d6307a9b6b4a772e997451010e680:57,6a23ce11014a6e1d04c0ed823cb88696a09d6307a9b6b4a772e997451010e680,995895,0.23391859,proportional_after_commingling,4
tx_to_output,tx:6a23ce11014a6e1d04c0ed823cb88696a09d6307a9b6b4a772e997451010e680,3MYajEPhnXo5DsjSS3m5jgeV4Uy3SUqMRJ,,6a23ce11014a6e1d04c0ed823cb88696a09d6307a9b6b4a772e997451010e680:58,6a23ce11014a6e1d04c0ed823cb88696a09d6307a9b6b4a772e997451010e680,1006409,0.23638814,proportional_after_commingling,4
tx_to_output,tx:6a23ce11014a6e1d04c0ed823cb88696a09d6307a9b6b4a772e997451010e680,34gRqRK7S6KFhTvaazxBsK1VXPphSj18s7,,6a23ce11014a6e1d04c0ed823cb88696a09d6307a9b6b4a772e997451010e680:59,6a23ce11014a6e1d04c0ed823cb88696a09d6307a9b6b4a772e997451010e680,1055630,0.24794931,proportional_after_commingling,4
tx_to_output,tx:6a23ce11014a6e1d04c0ed823cb88696a09d6307a9b6b4a772e997451010e680,37LSwTBszRDC491powfsXrTYNgFiuK85GC,,6a23ce11014a6e1d04c0ed823cb88696a09d6307a9b6b4a772e997451010e680:60,6a23ce11014a6e1d04c0ed823cb88696a09d6307a9b6b4a772e997451010e680,1059378,0.24882965,proportional_after_commingling,4
tx_to_output,tx:6a23ce11014a6e1d04c0ed823cb88696a09d6307a9b6b4a772e997451010e680,3MZ78DAsbHQAkgbEZpsq1iedbSWBkgGYDw,,6a23ce11014a6e1d04c0ed823cb88696a09d6307a9b6b4a772e997451010e680:61,6a23ce11014a6e1d04c0ed823cb88696a09d6307a9b6b4a772e997451010e680,1170654,0.27496647,proportional_after_commingling,4
tx_to_output,tx:6a23ce11014a6e1d04c0ed823cb88696a09d6307a9b6b4a772e997451010e680,32fkJDQfAfnPvGee76DNSnRD2bQTRtLBXC,,6a23ce11014a6e1d04c0ed823cb88696a09d6307a9b6b4a772e997451010e680:62,6a23ce11014a6e1d04c0ed823cb88696a09d6307a9b6b4a772e997451010e680,1315666,0.30902729,proportional_after_commingling,4
tx_to_output,tx:6a23ce11014a6e1d04c0ed823cb88696a09d6307a9b6b4a772e997451010e680,1JExJGEct2s54gtyvXcUxrKa4nkAUS55RU,,6a23ce11014a6e1d04c0ed823cb88696a09d6307a9b6b4a772e997451010e680:63,6a23ce11014a6e1d04c0ed823cb88696a09d6307a9b6b4a772e997451010e680,1342799,0.31540036,proportional_after_commingling,4
tx_to_output,tx:6a23ce11014a6e1d04c0ed823cb88696a09d6307a9b6b4a772e997451010e680,1MwHuteLb2zVjvCdUg6vfF4yWPyjmXJLr3,,6a23ce11014a6e1d04c0ed823cb88696a09d6307a9b6b4a772e997451010e680:64,6a23ce11014a6e1d04c0ed823cb88696a09d6307a9b6b4a772e997451010e680,1346453,0.31625862,proportional_after_commingling,4
tx_to_output,tx:6a23ce11014a6e1d04c0ed823cb88696a09d6307a9b6b4a772e997451010e680,31k4RXh9Mso9xCXpDbxuLy26mAafkfrcrB,,6a23ce11014a6e1d04c0ed823cb88696a09d6307a9b6b4a772e997451010e680:65,6a23ce11014a6e1d04c0ed823cb88696a09d6307a9b6b4a772e997451010e680,1365212,0.32066479,proportional_after_commingling,4
tx_to_output,tx:6a23ce11014a6e1d04c0ed823cb88696a09d6307a9b6b4a772e997451010e680,32WXsLM4QE7Q3747BMfBoLzCfUjM7gBPFe,,6a23ce11014a6e1d04c0ed823cb88696a09d6307a9b6b4a772e997451010e680:66,6a23ce11014a6e1d04c0ed823cb88696a09d6307a9b6b4a772e997451010e680,1376911,0.32341268,proportional_after_commingling,4
tx_to_output,tx:6a23ce11014a6e1d04c0ed823cb88696a09d6307a9b6b4a772e997451010e680,3HJcBJu6U1VD2r2oxXZ94dn5ZD5p8whELM,,6a23ce11014a6e1d04c0ed823cb88696a09d6307a9b6b4a772e997451010e680:67,6a23ce11014a6e1d04c0ed823cb88696a09d6307a9b6b4a772e997451010e680,1506265,0.35379571,proportional_after_commingling,4
tx_to_output,tx:6a23ce11014a6e1d04c0ed823cb88696a09d6307a9b6b4a772e997451010e680,17LCQBwKfoXUmstns5Syzuf4Nj4fS2yjTa,,6a23ce11014a6e1d04c0ed823cb88696a09d6307a9b6b4a772e997451010e680:68,6a23ce11014a6e1d04c0ed823cb88696a09d6307a9b6b4a772e997451010e680,1513637,0.35552727,proportional_after_commingling,4
tx_to_output,tx:6a23ce11014a6e1d04c0ed823cb88696a09d6307a9b6b4a772e997451010e680,36VFBzUR6UUZWNmGSnyZzUnZKTrQ1Pz6wy,,6a23ce11014a6e1d04c0ed823cb88696a09d6307a9b6b4a772e997451010e680:69,6a23ce11014a6e1d04c0ed823cb88696a09d6307a9b6b4a772e997451010e680,1553829,0.36496768,proportional_after_commingling,4
tx_to_output,tx:6a23ce11014a6e1d04c0ed823cb88696a09d6307a9b6b4a772e997451010e680,18m5mUzMthanyfksk5WASicuxQYiysEuru,,6a23ce11014a6e1d04c0ed823cb88696a09d6307a9b6b4a772e997451010e680:70,6a23ce11014a6e1d04c0ed823cb88696a09d6307a9b6b4a772e997451010e680,1630956,0.38308348,proportional_after_commingling,4
tx_to_output,tx:6a23ce11014a6e1d04c0ed823cb88696a09d6307a9b6b4a772e997451010e680,3GXYGqp9L6SasqaNtQ76xM56VWkCV7cFxt,,6a23ce11014a6e1d04c0ed823cb88696a09d6307a9b6b4a772e997451010e680:71,6a23ce11014a6e1d04c0ed823cb88696a09d6307a9b6b4a772e997451010e680,1656910,0.38917963,proportional_after_commingling,4
tx_to_output,tx:6a23ce11014a6e1d04c0ed823cb88696a09d6307a9b6b4a772e997451010e680,1EZmMZK9sZjCTpMu4xnMK6s7KWLbG1o1ei,,6a23ce11014a6e1d04c0ed823cb88696a09d6307a9b6b4a772e997451010e680:72,6a23ce11014a6e1d04c0ed823cb88696a09d6307a9b6b4a772e997451010e680,1689409,0.39681308,proportional_after_commingling,4
tx_to_output,tx:6a23ce11014a6e1d04c0ed823cb88696a09d6307a9b6b4a772e997451010e680,18HvU2z24EkHDt8RYX1CxijTcBDHJor9E7,,6a23ce11014a6e1d04c0ed823cb88696a09d6307a9b6b4a772e997451010e680:73,6a23ce11014a6e1d04c0ed823cb88696a09d6307a9b6b4a772e997451010e680,1843498,0.43300594,proportional_after_commingling,4
tx_to_output,tx:6a23ce11014a6e1d04c0ed823cb88696a09d6307a9b6b4a772e997451010e680,36WzFPQtdP8N7BUPFbnshJg9P8J2kCWpHj,,6a23ce11014a6e1d04c0ed823cb88696a09d6307a9b6b4a772e997451010e680:74,6a23ce11014a6e1d04c0ed823cb88696a09d6307a9b6b4a772e997451010e680,2000000,0.46976556,proportional_after_commingling,4
tx_to_output,tx:6a23ce11014a6e1d04c0ed823cb88696a09d6307a9b6b4a772e997451010e680,3CPPNQsPHr3LLoF2CfyVNyCtvjqkLuZ1qk,,6a23ce11014a6e1d04c0ed823cb88696a09d6307a9b6b4a772e997451010e680:75,6a23ce11014a6e1d04c0ed823cb88696a09d6307a9b6b4a772e997451010e680,2000000,0.46976556,proportional_after_commingling,4
tx_to_output,tx:6a23ce11014a6e1d04c0ed823cb88696a09d6307a9b6b4a772e997451010e680,3FZTdi3w2JcUVbqP8UBNLaWdFvVCGVNx96,,6a23ce11014a6e1d04c0ed823cb88696a09d6307a9b6b4a772e997451010e680:76,6a23ce11014a6e1d04c0ed823cb88696a09d6307a9b6b4a772e997451010e680,2000547,0.46989404,proportional_after_commingling,4
tx_to_output,tx:6a23ce11014a6e1d04c0ed823cb88696a09d6307a9b6b4a772e997451010e680,3KbQML8MNpkeXENXBnBRuodzZYXsXwqHSz,,6a23ce11014a6e1d04c0ed823cb88696a09d6307a9b6b4a772e997451010e680:77,6a23ce11014a6e1d04c0ed823cb88696a09d6307a9b6b4a772e997451010e680,2015495,0.47340507,proportional_after_commingling,4
tx_to_output,tx:6a23ce11014a6e1d04c0ed823cb88696a09d6307a9b6b4a772e997451010e680,132juwKv54j1h1hJMY8fJt9Cw3mYWbbhWG,,6a23ce11014a6e1d04c0ed823cb88696a09d6307a9b6b4a772e997451010e680:78,6a23ce11014a6e1d04c0ed823cb88696a09d6307a9b6b4a772e997451010e680,2116079,0.49703052,proportional_after_commingling,4
tx_to_output,tx:6a23ce11014a6e1d04c0ed823cb88696a09d6307a9b6b4a772e997451010e680,3BVDvnTyBm9ZyfU5MoYBojHA6v9mMZiKCA,,6a23ce11014a6e1d04c0ed823cb88696a09d6307a9b6b4a772e997451010e680:79,6a23ce11014a6e1d04c0ed823cb88696a09d6307a9b6b4a772e997451010e680,2161584,0.50771886,proportional_after_commingling,4
tx_to_output,tx:6a23ce11014a6e1d04c0ed823cb88696a09d6307a9b6b4a772e997451010e680,358Vt6pW5tFjheW6yui5BQyKX57DGDd6rc,,6a23ce11014a6e1d04c0ed823cb88696a09d6307a9b6b4a772e997451010e680:80,6a23ce11014a6e1d04c0ed823cb88696a09d6307a9b6b4a772e997451010e680,2343755,0.55050769,proportional_after_commingling,4
tx_to_output,tx:6a23ce11014a6e1d04c0ed823cb88696a09d6307a9b6b4a772e997451010e680,3Hn7GUnVXKnGNNNqn1xFx3GFQNtSrTzHSZ,,6a23ce11014a6e1d04c0ed823cb88696a09d6307a9b6b4a772e997451010e680:81,6a23ce11014a6e1d04c0ed823cb88696a09d6307a9b6b4a772e997451010e680,2415526,0.56736546,proportional_after_commingling,4
tx_to_output,tx:6a23ce11014a6e1d04c0ed823cb88696a09d6307a9b6b4a772e997451010e680,1BopZfxhBDUWnxz3mF6YzRBjAu1iy2ju6g,,6a23ce11014a6e1d04c0ed823cb88696a09d6307a9b6b4a772e997451010e680:82,6a23ce11014a6e1d04c0ed823cb88696a09d6307a9b6b4a772e997451010e680,2744337,0.64459751,proportional_after_commingling,4
tx_to_output,tx:6a23ce11014a6e1d04c0ed823cb88696a09d6307a9b6b4a772e997451010e680,3FN9juLyxqZagiSkPL3fbQbPGhGD2w1BRt,,6a23ce11014a6e1d04c0ed823cb88696a09d6307a9b6b4a772e997451010e680:83,6a23ce11014a6e1d04c0ed823cb88696a09d6307a9b6b4a772e997451010e680,2828000,0.6642485,proportional_after_commingling,4
tx_to_output,tx:6a23ce11014a6e1d04c0ed823cb88696a09d6307a9b6b4a772e997451010e680,1PFJc78GA3cGKv63bgv6vf3uNAL6NCBfLw,,6a23ce11014a6e1d04c0ed823cb88696a09d6307a9b6b4a772e997451010e680:84,6a23ce11014a6e1d04c0ed823cb88696a09d6307a9b6b4a772e997451010e680,2962512,0.69584306,proportional_after_commingling,4
tx_to_output,tx:6a23ce11014a6e1d04c0ed823cb88696a09d6307a9b6b4a772e997451010e680,16aNN28CZAzbr95oLLSM6nsudvuK1E7H1M,,6a23ce11014a6e1d04c0ed823cb88696a09d6307a9b6b4a772e997451010e680:85,6a23ce11014a6e1d04c0ed823cb88696a09d6307a9b6b4a772e997451010e680,3091804,0.72621152,proportional_after_commingling,4
tx_to_output,tx:6a23ce11014a6e1d04c0ed823cb88696a09d6307a9b6b4a772e997451010e680,38DX9uNnFCh5DXE1A46YGMzD9zVtvJRbkA,,6a23ce11014a6e1d04c0ed823cb88696a09d6307a9b6b4a772e997451010e680:86,6a23ce11014a6e1d04c0ed823cb88696a09d6307a9b6b4a772e997451010e680,3271952,0.76852518,proportional_after_commingling,4
tx_to_output,tx:6a23ce11014a6e1d04c0ed823cb88696a09d6307a9b6b4a772e997451010e680,3JhukjvZgteYKQn4MyzeS2DpvoaXD1z4Q6,,6a23ce11014a6e1d04c0ed823cb88696a09d6307a9b6b4a772e997451010e680:87,6a23ce11014a6e1d04c0ed823cb88696a09d6307a9b6b4a772e997451010e680,3335970,0.78356191,proportional_after_commingling,4
tx_to_output,tx:6a23ce11014a6e1d04c0ed823cb88696a09d6307a9b6b4a772e997451010e680,16385XbVjYJrNiMzoccJu8BqFD7th2oKXf,,6a23ce11014a6e1d04c0ed823cb88696a09d6307a9b6b4a772e997451010e680:88,6a23ce11014a6e1d04c0ed823cb88696a09d6307a9b6b4a772e997451010e680,3478483,0.81703576,proportional_after_commingling,4
tx_to_output,tx:6a23ce11014a6e1d04c0ed823cb88696a09d6307a9b6b4a772e997451010e680,34oKRrXJvKoLMo8ZgAXd4JymwRoxa2TcyS,,6a23ce11014a6e1d04c0ed823cb88696a09d6307a9b6b4a772e997451010e680:89,6a23ce11014a6e1d04c0ed823cb88696a09d6307a9b6b4a772e997451010e680,3707823,0.87090378,proportional_after_commingling,4
tx_to_output,tx:6a23ce11014a6e1d04c0ed823cb88696a09d6307a9b6b4a772e997451010e680,1P8Gi9oEocXh3sKQ9MXEJMbgWwcxLUvxTT,,6a23ce11014a6e1d04c0ed823cb88696a09d6307a9b6b4a772e997451010e680:90,6a23ce11014a6e1d04c0ed823cb88696a09d6307a9b6b4a772e997451010e680,3828267,0.899194,proportional_after_commingling,4
tx_to_output,tx:6a23ce11014a6e1d04c0ed823cb88696a09d6307a9b6b4a772e997451010e680,38fJhS4213hvqG1RFNne7fLfRTBxnvrzQx,,6a23ce11014a6e1d04c0ed823cb88696a09d6307a9b6b4a772e997451010e680:91,6a23ce11014a6e1d04c0ed823cb88696a09d6307a9b6b4a772e997451010e680,3878264,0.91093743,proportional_after_commingling,4
tx_to_output,tx:6a23ce11014a6e1d04c0ed823cb88696a09d6307a9b6b4a772e997451010e680,18M4CLxvncESU94jydGC53jXWhnU1gjRBM,,6a23ce11014a6e1d04c0ed823cb88696a09d6307a9b6b4a772e997451010e680:92,6a23ce11014a6e1d04c0ed823cb88696a09d6307a9b6b4a772e997451010e680,3947242,0.92713918,proportional_after_commingling,4
tx_to_output,tx:6a23ce11014a6e1d04c0ed823cb88696a09d6307a9b6b4a772e997451010e680,3NqSRyWFVUKqjDNdwFq5ppkvuyJKSZY135,,6a23ce11014a6e1d04c0ed823cb88696a09d6307a9b6b4a772e997451010e680:93,6a23ce11014a6e1d04c0ed823cb88696a09d6307a9b6b4a772e997451010e680,4016516,0.94341045,proportional_after_commingling,4
tx_to_output,tx:6a23ce11014a6e1d04c0ed823cb88696a09d6307a9b6b4a772e997451010e680,34CCC6asSfVTG2WEReneoAGkaBPKw8pvzX,,6a23ce11014a6e1d04c0ed823cb88696a09d6307a9b6b4a772e997451010e680:94,6a23ce11014a6e1d04c0ed823cb88696a09d6307a9b6b4a772e997451010e680,4347895,1.02124567,proportional_after_commingling,4
tx_to_output,tx:6a23ce11014a6e1d04c0ed823cb88696a09d6307a9b6b4a772e997451010e680,1AeoYSfxGCHK5qVZqQwUSkr2M4BsZPbV8s,,6a23ce11014a6e1d04c0ed823cb88696a09d6307a9b6b4a772e997451010e680:95,6a23ce11014a6e1d04c0ed823cb88696a09d6307a9b6b4a772e997451010e680,4449388,1.04508463,proportional_after_commingling,4
tx_to_output,tx:6a23ce11014a6e1d04c0ed823cb88696a09d6307a9b6b4a772e997451010e680,12R5nUwpeiKCszftWmGGj4pjimW7kcYVfB,,6a23ce11014a6e1d04c0ed823cb88696a09d6307a9b6b4a772e997451010e680:96,6a23ce11014a6e1d04c0ed823cb88696a09d6307a9b6b4a772e997451010e680,4767202,1.11973366,proportional_after_commingling,4
tx_to_output,tx:6a23ce11014a6e1d04c0ed823cb88696a09d6307a9b6b4a772e997451010e680,1FdiHw774Bzp1EnVELeHPsbRTi3CKsbeZ1,,6a23ce11014a6e1d04c0ed823cb88696a09d6307a9b6b4a772e997451010e680:97,6a23ce11014a6e1d04c0ed823cb88696a09d6307a9b6b4a772e997451010e680,5157753,1.21146737,proportional_after_commingling,4
tx_to_output,tx:6a23ce11014a6e1d04c0ed823cb88696a09d6307a9b6b4a772e997451010e680,1A47dmDeaZ5sexwmoQJ1KsSseA7n3pNzWQ,,6a23ce11014a6e1d04c0ed823cb88696a09d6307a9b6b4a772e997451010e680:98,6a23ce11014a6e1d04c0ed823cb88696a09d6307a9b6b4a772e997451010e680,5296890,1.24414825,proportional_after_commingling,4
tx_to_output,tx:6a23ce11014a6e1d04c0ed823cb88696a09d6307a9b6b4a772e997451010e680,1E5AxP1QuQZ9fJ3kHnekEn9j2F7tyEyUmQ,,6a23ce11014a6e1d04c0ed823cb88696a09d6307a9b6b4a772e997451010e680:99,6a23ce11014a6e1d04c0ed823cb88696a09d6307a9b6b4a772e997451010e680,5296890,1.24414825,proportional_after_commingling,4
tx_to_output,tx:6a23ce11014a6e1d04c0ed823cb88696a09d6307a9b6b4a772e997451010e680,19dWENixX8dL4Puw2GpreLb87XVXuT8dV9,,6a23ce11014a6e1d04c0ed823cb88696a09d6307a9b6b4a772e997451010e680:100,6a23ce11014a6e1d04c0ed823cb88696a09d6307a9b6b4a772e997451010e680,5300000,1.24487874,proportional_after_commingling,4
tx_to_output,tx:6a23ce11014a6e1d04c0ed823cb88696a09d6307a9b6b4a772e997451010e680,1LhGt1nXpiKQze37S6E7AibQD5TjHszinJ,,6a23ce11014a6e1d04c0ed823cb88696a09d6307a9b6b4a772e997451010e680:101,6a23ce11014a6e1d04c0ed823cb88696a09d6307a9b6b4a772e997451010e680,5332813,1.25258595,proportional_after_commingling,4
tx_to_output,tx:6a23ce11014a6e1d04c0ed823cb88696a09d6307a9b6b4a772e997451010e680,1Pztdhh5Dv8cj3VseMwaX9CSpcCwYeSL8R,,6a23ce11014a6e1d04c0ed823cb88696a09d6307a9b6b4a772e997451010e680:102,6a23ce11014a6e1d04c0ed823cb88696a09d6307a9b6b4a772e997451010e680,5400000,1.26836702,proportional_after_commingling,4
tx_to_output,tx:6a23ce11014a6e1d04c0ed823cb88696a09d6307a9b6b4a772e997451010e680,3H8ZZE4kBnVPGp4DrsaW7xRgi3EeC9icWj,,6a23ce11014a6e1d04c0ed823cb88696a09d6307a9b6b4a772e997451010e680:103,6a23ce11014a6e1d04c0ed823cb88696a09d6307a9b6b4a772e997451010e680,5430000,1.2754135,proportional_after_commingling,4
tx_to_output,tx:6a23ce11014a6e1d04c0ed823cb88696a09d6307a9b6b4a772e997451010e680,12JaHqWSB9zpkPFdwuxfv9LBmB4aKi6JM9,,6a23ce11014a6e1d04c0ed823cb88696a09d6307a9b6b4a772e997451010e680:104,6a23ce11014a6e1d04c0ed823cb88696a09d6307a9b6b4a772e997451010e680,5691163,1.33675619,proportional_after_commingling,4
tx_to_output,tx:6a23ce11014a6e1d04c0ed823cb88696a09d6307a9b6b4a772e997451010e680,33MkZfpJYW6op2WKjp56qhD82sEXWQdf4L,,6a23ce11014a6e1d04c0ed823cb88696a09d6307a9b6b4a772e997451010e680:105,6a23ce11014a6e1d04c0ed823cb88696a09d6307a9b6b4a772e997451010e680,5826579,1.36856308,proportional_after_commingling,4
tx_to_output,tx:6a23ce11014a6e1d04c0ed823cb88696a09d6307a9b6b4a772e997451010e680,12F1by7kvEBgJXBQvh18irKCbCVcUiCKKh,,6a23ce11014a6e1d04c0ed823cb88696a09d6307a9b6b4a772e997451010e680:106,6a23ce11014a6e1d04c0ed823cb88696a09d6307a9b6b4a772e997451010e680,6143116,1.44291217,proportional_after_commingling,4
tx_to_output,tx:6a23ce11014a6e1d04c0ed823cb88696a09d6307a9b6b4a772e997451010e680,1HcuVaiY4Cq7aH1Pdu2bsJ8W5tndEJxmkR,,6a23ce11014a6e1d04c0ed823cb88696a09d6307a9b6b4a772e997451010e680:107,6a23ce11014a6e1d04c0ed823cb88696a09d6307a9b6b4a772e997451010e680,6216709,1.4601979,proportional_after_commingling,4
tx_to_output,tx:6a23ce11014a6e1d04c0ed823cb88696a09d6307a9b6b4a772e997451010e680,39ADQkffzXCqYhy7qnUrsiRdwRio3waNuk,,6a23ce11014a6e1d04c0ed823cb88696a09d6307a9b6b4a772e997451010e680:108,6a23ce11014a6e1d04c0ed823cb88696a09d6307a9b6b4a772e997451010e680,6567864,1.54267816,proportional_after_commingling,4
tx_to_output,tx:6a23ce11014a6e1d04c0ed823cb88696a09d6307a9b6b4a772e997451010e680,1MDBtjBKDdEZCjYKKkRnMK6kSBw6qWxSrR,,6a23ce11014a6e1d04c0ed823cb88696a09d6307a9b6b4a772e997451010e680:109,6a23ce11014a6e1d04c0ed823cb88696a09d6307a9b6b4a772e997451010e680,6581557,1.54589441,proportional_after_commingling,4
tx_to_output,tx:6a23ce11014a6e1d04c0ed823cb88696a09d6307a9b6b4a772e997451010e680,3QmaZ1bHvMo4A7N3qoewfozrrWG8mqz9ZK,,6a23ce11014a6e1d04c0ed823cb88696a09d6307a9b6b4a772e997451010e680:110,6a23ce11014a6e1d04c0ed823cb88696a09d6307a9b6b4a772e997451010e680,6801424,1.59753738,proportional_after_commingling,4
tx_to_output,tx:6a23ce11014a6e1d04c0ed823cb88696a09d6307a9b6b4a772e997451010e680,14mD2z3CqXN7Vgt5iV6TCkg8LpTngxmvUF,,6a23ce11014a6e1d04c0ed823cb88696a09d6307a9b6b4a772e997451010e680:111,6a23ce11014a6e1d04c0ed823cb88696a09d6307a9b6b4a772e997451010e680,7194671,1.68990433,proportional_after_commingling,4
tx_to_output,tx:6a23ce11014a6e1d04c0ed823cb88696a09d6307a9b6b4a772e997451010e680,3CbyXbtSXHfJwRovguTd5vH7H9UU1juBgR,,6a23ce11014a6e1d04c0ed823cb88696a09d6307a9b6b4a772e997451010e680:112,6a23ce11014a6e1d04c0ed823cb88696a09d6307a9b6b4a772e997451010e680,7734236,1.81663886,proportional_after_commingling,4
tx_to_output,tx:6a23ce11014a6e1d04c0ed823cb88696a09d6307a9b6b4a772e997451010e680,3HwSJBs4uD1P7cx77fX1VMw2P7dTyL5NZH,,6a23ce11014a6e1d04c0ed823cb88696a09d6307a9b6b4a772e997451010e680:113,6a23ce11014a6e1d04c0ed823cb88696a09d6307a9b6b4a772e997451010e680,7945300,1.86621416,proportional_after_commingling,4
tx_to_output,tx:6a23ce11014a6e1d04c0ed823cb88696a09d6307a9b6b4a772e997451010e680,12doTTUQsaNoPSfst9vfv8tfD8uQEsJhwh,,6a23ce11014a6e1d04c0ed823cb88696a09d6307a9b6b4a772e997451010e680:114,6a23ce11014a6e1d04c0ed823cb88696a09d6307a9b6b4a772e997451010e680,8252106,1.9382776,proportional_after_commingling,4
tx_to_output,tx:6a23ce11014a6e1d04c0ed823cb88696a09d6307a9b6b4a772e997451010e680,1KVXME4nzVEKiB7afc9VaYTmpiyzKkjBi7,,6a23ce11014a6e1d04c0ed823cb88696a09d6307a9b6b4a772e997451010e680:115,6a23ce11014a6e1d04c0ed823cb88696a09d6307a9b6b4a772e997451010e680,9428465,2.21458408,proportional_after_commingling,4
tx_to_output,tx:6a23ce11014a6e1d04c0ed823cb88696a09d6307a9b6b4a772e997451010e680,16LJtdegqwGsWd9EWVeXsZT6F8pdh82hVZ,,6a23ce11014a6e1d04c0ed823cb88696a09d6307a9b6b4a772e997451010e680:116,6a23ce11014a6e1d04c0ed823cb88696a09d6307a9b6b4a772e997451010e680,9813030,2.30491177,proportional_after_commingling,4
tx_to_output,tx:6a23ce11014a6e1d04c0ed823cb88696a09d6307a9b6b4a772e997451010e680,39MHWY7pnbJYt9VeKiVZqALMCLF6ZjMcxx,,6a23ce11014a6e1d04c0ed823cb88696a09d6307a9b6b4a772e997451010e680:117,6a23ce11014a6e1d04c0ed823cb88696a09d6307a9b6b4a772e997451010e680,10275968,2.41364794,proportional_after_commingling,4
tx_to_output,tx:6a23ce11014a6e1d04c0ed823cb88696a09d6307a9b6b4a772e997451010e680,3HobGGnqbeWeHkWQshs4UxtXZmvhvkhLpw,,6a23ce11014a6e1d04c0ed823cb88696a09d6307a9b6b4a772e997451010e680:118,6a23ce11014a6e1d04c0ed823cb88696a09d6307a9b6b4a772e997451010e680,10275968,2.41364794,proportional_after_commingling,4
tx_to_output,tx:6a23ce11014a6e1d04c0ed823cb88696a09d6307a9b6b4a772e997451010e680,1NhoNL621KohVcU9doFsaX6YLHkgE3dTk1,,6a23ce11014a6e1d04c0ed823cb88696a09d6307a9b6b4a772e997451010e680:119,6a23ce11014a6e1d04c0ed823cb88696a09d6307a9b6b4a772e997451010e680,11403216,2.67841908,proportional_after_commingling,4
tx_to_output,tx:6a23ce11014a6e1d04c0ed823cb88696a09d6307a9b6b4a772e997451010e680,3MN17ppwnJ4zLARsZohgoH7dLGt1DDfkYh,,6a23ce11014a6e1d04c0ed823cb88696a09d6307a9b6b4a772e997451010e680:120,6a23ce11014a6e1d04c0ed823cb88696a09d6307a9b6b4a772e997451010e680,13372196,3.14089858,proportional_after_commingling,4
tx_to_output,tx:6a23ce11014a6e1d04c0ed823cb88696a09d6307a9b6b4a772e997451010e680,19sfBqqSyZu9E673iTVCimQqUKwHVrNaHR,,6a23ce11014a6e1d04c0ed823cb88696a09d6307a9b6b4a772e997451010e680:121,6a23ce11014a6e1d04c0ed823cb88696a09d6307a9b6b4a772e997451010e680,13992336,3.28655879,proportional_after_commingling,4
tx_to_output,tx:6a23ce11014a6e1d04c0ed823cb88696a09d6307a9b6b4a772e997451010e680,1Q7CEaM3CQ6ejGHgDZNbdTTAkoLcPk63nQ,,6a23ce11014a6e1d04c0ed823cb88696a09d6307a9b6b4a772e997451010e680:122,6a23ce11014a6e1d04c0ed823cb88696a09d6307a9b6b4a772e997451010e680,15551461,3.6527704,proportional_after_commingling,4
tx_to_output,tx:6a23ce11014a6e1d04c0ed823cb88696a09d6307a9b6b4a772e997451010e680,1PegHGx9S8PywZPc9MNV1ea7yaDbHbkeTh,,6a23ce11014a6e1d04c0ed823cb88696a09d6307a9b6b4a772e997451010e680:123,6a23ce11014a6e1d04c0ed823cb88696a09d6307a9b6b4a772e997451010e680,15711892,3.69045288,proportional_after_commingling,4
tx_to_output,tx:6a23ce11014a6e1d04c0ed823cb88696a09d6307a9b6b4a772e997451010e680,1G9hLre2vrx39Fy2uhcutYRef8QxWtnBcR,,6a23ce11014a6e1d04c0ed823cb88696a09d6307a9b6b4a772e997451010e680:124,6a23ce11014a6e1d04c0ed823cb88696a09d6307a9b6b4a772e997451010e680,15800000,3.71114793,proportional_after_commingling,4
tx_to_output,tx:6a23ce11014a6e1d04c0ed823cb88696a09d6307a9b6b4a772e997451010e680,19gSUNjurjur142c9XL65ZsoCYQubtyGuN,,6a23ce11014a6e1d04c0ed823cb88696a09d6307a9b6b4a772e997451010e680:125,6a23ce11014a6e1d04c0ed823cb88696a09d6307a9b6b4a772e997451010e680,16408866,3.85416007,proportional_after_commingling,4
tx_to_output,tx:6a23ce11014a6e1d04c0ed823cb88696a09d6307a9b6b4a772e997451010e680,345hWybWUvo2ULBWFcDp7uRWt1Se7r9PtZ,,6a23ce11014a6e1d04c0ed823cb88696a09d6307a9b6b4a772e997451010e680:126,6a23ce11014a6e1d04c0ed823cb88696a09d6307a9b6b4a772e997451010e680,19068807,4.47893441,proportional_after_commingling,4
tx_to_output,tx:6a23ce11014a6e1d04c0ed823cb88696a09d6307a9b6b4a772e997451010e680,1Q57v5pnVxGDmYkctQVK9hGcNxG4Vbqv4Y,,6a23ce11014a6e1d04c0ed823cb88696a09d6307a9b6b4a772e997451010e680:127,6a23ce11014a6e1d04c0ed823cb88696a09d6307a9b6b4a772e997451010e680,22363690,5.25284569,proportional_after_commingling,4
tx_to_output,tx:6a23ce11014a6e1d04c0ed823cb88696a09d6307a9b6b4a772e997451010e680,17CzhyqsmXFKByFuDWWi728quGLK1K6iWX,,6a23ce11014a6e1d04c0ed823cb88696a09d6307a9b6b4a772e997451010e680:128,6a23ce11014a6e1d04c0ed823cb88696a09d6307a9b6b4a772e997451010e680,23623320,5.54871109,proportional_after_commingling,4
tx_to_output,tx:6a23ce11014a6e1d04c0ed823cb88696a09d6307a9b6b4a772e997451010e680,1CPFYtk8rCBmeX4595zWmrYNo2twzK5K29,,6a23ce11014a6e1d04c0ed823cb88696a09d6307a9b6b4a772e997451010e680:129,6a23ce11014a6e1d04c0ed823cb88696a09d6307a9b6b4a772e997451010e680,25303101,5.94326272,proportional_after_commingling,4
tx_to_output,tx:6a23ce11014a6e1d04c0ed823cb88696a09d6307a9b6b4a772e997451010e680,3HLZmnuERj8fSdMDjCU3K2Gt5DQaVEKEx6,,6a23ce11014a6e1d04c0ed823cb88696a09d6307a9b6b4a772e997451010e680:130,6a23ce11014a6e1d04c0ed823cb88696a09d6307a9b6b4a772e997451010e680,27057201,6.35527061,proportional_after_commingling,4
tx_to_output,tx:6a23ce11014a6e1d04c0ed823cb88696a09d6307a9b6b4a772e997451010e680,1NFAXhzu4dkMj7JfNWvho4YDkpWRcAPRMC,,6a23ce11014a6e1d04c0ed823cb88696a09d6307a9b6b4a772e997451010e680:131,6a23ce11014a6e1d04c0ed823cb88696a09d6307a9b6b4a772e997451010e680,37764343,8.87019389,proportional_after_commingling,4
tx_to_output,tx:6a23ce11014a6e1d04c0ed823cb88696a09d6307a9b6b4a772e997451010e680,1PDfjwd9rRbxCgvmWs2YkguccTFCN94LGQ,,6a23ce11014a6e1d04c0ed823cb88696a09d6307a9b6b4a772e997451010e680:132,6a23ce11014a6e1d04c0ed823cb88696a09d6307a9b6b4a772e997451010e680,50000000,11.74413903,proportional_after_commingling,4
tx_to_output,tx:6a23ce11014a6e1d04c0ed823cb88696a09d6307a9b6b4a772e997451010e680,3D5cDdzVdoVCUTtA4PpD5YLAW74QhCnpJB,,6a23ce11014a6e1d04c0ed823cb88696a09d6307a9b6b4a772e997451010e680:133,6a23ce11014a6e1d04c0ed823cb88696a09d6307a9b6b4a772e997451010e680,50000000,11.74413903,proportional_after_commingling,4
tx_to_output,tx:6a23ce11014a6e1d04c0ed823cb88696a09d6307a9b6b4a772e997451010e680,1LMNuNwXxrATm6wSe81sPxqS9uR7hv5Ab,,6a23ce11014a6e1d04c0ed823cb88696a09d6307a9b6b4a772e997451010e680:134,6a23ce11014a6e1d04c0ed823cb88696a09d6307a9b6b4a772e997451010e680,56888606,13.36215396,proportional_after_commingling,4
tx_to_output,tx:6a23ce11014a6e1d04c0ed823cb88696a09d6307a9b6b4a772e997451010e680,14Dqvc5x2wT7A1jhS2SgYT76gy7gxdMPyx,,6a23ce11014a6e1d04c0ed823cb88696a09d6307a9b6b4a772e997451010e680:135,6a23ce11014a6e1d04c0ed823cb88696a09d6307a9b6b4a772e997451010e680,61549289,14.45686815,proportional_after_commingling,4
tx_to_output,tx:6a23ce11014a6e1d04c0ed823cb88696a09d6307a9b6b4a772e997451010e680,1FRMdjeUwhthKR749rryMDNoq21Rr69UWW,,6a23ce11014a6e1d04c0ed823cb88696a09d6307a9b6b4a772e997451010e680:136,6a23ce11014a6e1d04c0ed823cb88696a09d6307a9b6b4a772e997451010e680,79072195,18.57269703,proportional_after_commingling,4
tx_to_output,tx:6a23ce11014a6e1d04c0ed823cb88696a09d6307a9b6b4a772e997451010e680,33zUsfMiJWNSrvF9LG78tScRdy3ykbMrnh,,6a23ce11014a6e1d04c0ed823cb88696a09d6307a9b6b4a772e997451010e680:137,6a23ce11014a6e1d04c0ed823cb88696a09d6307a9b6b4a772e997451010e680,100000000,23.48827806,proportional_after_commingling,4
tx_to_output,tx:6a23ce11014a6e1d04c0ed823cb88696a09d6307a9b6b4a772e997451010e680,18xHTRqn7RDoYF58NXQNZtLDTBscc9o8Ge,,6a23ce11014a6e1d04c0ed823cb88696a09d6307a9b6b4a772e997451010e680:138,6a23ce11014a6e1d04c0ed823cb88696a09d6307a9b6b4a772e997451010e680,106092280,24.91924973,proportional_after_commingling,4
tx_to_output,tx:6a23ce11014a6e1d04c0ed823cb88696a09d6307a9b6b4a772e997451010e680,17eauAbFaNCbptsxJ7RAHT5HQThENKEXii,,6a23ce11014a6e1d04c0ed823cb88696a09d6307a9b6b4a772e997451010e680:139,6a23ce11014a6e1d04c0ed823cb88696a09d6307a9b6b4a772e997451010e680,110514624,25.95798218,proportional_after_commingling,4
tx_to_output,tx:6a23ce11014a6e1d04c0ed823cb88696a09d6307a9b6b4a772e997451010e680,13tQufkQJEj88fr4zEup6xmZc2EXVBoAJh,,6a23ce11014a6e1d04c0ed823cb88696a09d6307a9b6b4a772e997451010e680:140,6a23ce11014a6e1d04c0ed823cb88696a09d6307a9b6b4a772e997451010e680,135959673,31.93458605,proportional_after_commingling,4
tx_to_output,tx:6a23ce11014a6e1d04c0ed823cb88696a09d6307a9b6b4a772e997451010e680,31hryhfGwcdE8EjP5ui3Gacvmd69Ym4KVX,,6a23ce11014a6e1d04c0ed823cb88696a09d6307a9b6b4a772e997451010e680:141,6a23ce11014a6e1d04c0ed823cb88696a09d6307a9b6b4a772e997451010e680,3996469153,938.70178731,proportional_after_commingling,4
input_to_tx,18LxX4NzKMVTyu21sxru6Pe4JmkHswf1am,tx:de60247d236654956a2dd0366b51cfcc197d6431ae778f5e877347038132c1af,789f67cfb82109555ace20bd211007b3c7a097d108876149a0e7d64e75ba3d8d:1,,de60247d236654956a2dd0366b51cfcc197d6431ae778f5e877347038132c1af,,2228.78961344,proportional_after_commingling,3
tx_to_output,tx:de60247d236654956a2dd0366b51cfcc197d6431ae778f5e877347038132c1af,1LXnNRSrcTRp6VTAwy5qpFAzykAJNFGjQS,,de60247d236654956a2dd0366b51cfcc197d6431ae778f5e877347038132c1af:0,de60247d236654956a2dd0366b51cfcc197d6431ae778f5e877347038132c1af,427468243,221.83887076,proportional_after_commingling,4
tx_to_output,tx:de60247d236654956a2dd0366b51cfcc197d6431ae778f5e877347038132c1af,1Ks1DEUGVYbAHqqAqfcvxKwnRaFFkJ2Gad,,de60247d236654956a2dd0366b51cfcc197d6431ae778f5e877347038132c1af:1,de60247d236654956a2dd0366b51cfcc197d6431ae778f5e877347038132c1af,3867205886,2006.9247267,proportional_after_commingling,4
input_to_tx,1NDyJtNTjmwk5xPNhjgAMu4HDHigtobu1s,tx:1805c25df0ecf3334cd2f95e3081799ce95bd701c141bc1c9c9c967408f890c1,611ec76032d3f3216adf6fbcde343e2d6dfaa9c735dc4a19ab7c69ca15ae55af:1,,1805c25df0ecf3334cd2f95e3081799ce95bd701c141bc1c9c9c967408f890c1,,1096.44770808,proportional_after_commingling,3
tx_to_output,tx:1805c25df0ecf3334cd2f95e3081799ce95bd701c141bc1c9c9c967408f890c1,3JY1hGk9dXn5SVFwxi6CnY26xmgsegb9Lm,,1805c25df0ecf3334cd2f95e3081799ce95bd701c141bc1c9c9c967408f890c1:0,1805c25df0ecf3334cd2f95e3081799ce95bd701c141bc1c9c9c967408f890c1,376400,0.0509512,proportional_after_commingling,4
tx_to_output,tx:1805c25df0ecf3334cd2f95e3081799ce95bd701c141bc1c9c9c967408f890c1,1Hz3HDBW5xxig7YYkgfhoET3726QQ1zC5B,,1805c25df0ecf3334cd2f95e3081799ce95bd701c141bc1c9c9c967408f890c1:1,1805c25df0ecf3334cd2f95e3081799ce95bd701c141bc1c9c9c967408f890c1,4999960000,676.817075,proportional_after_commingling,4
tx_to_output,tx:1805c25df0ecf3334cd2f95e3081799ce95bd701c141bc1c9c9c967408f890c1,1Ppa8MsRx4GmBYbWj2fKZCBoixwUvbYbby,,1805c25df0ecf3334cd2f95e3081799ce95bd701c141bc1c9c9c967408f890c1:2,1805c25df0ecf3334cd2f95e3081799ce95bd701c141bc1c9c9c967408f890c1,1587000,0.21482346,proportional_after_commingling,4
tx_to_output,tx:1805c25df0ecf3334cd2f95e3081799ce95bd701c141bc1c9c9c967408f890c1,1CRf5SY7vjvLMXEFEEscK9oefLUeAtPBwh,,1805c25df0ecf3334cd2f95e3081799ce95bd701c141bc1c9c9c967408f890c1:3,1805c25df0ecf3334cd2f95e3081799ce95bd701c141bc1c9c9c967408f890c1,434385032,58.80031176,proportional_after_commingling,4
tx_to_output,tx:1805c25df0ecf3334cd2f95e3081799ce95bd701c141bc1c9c9c967408f890c1,19ZfSEMGGLbsnozL85S3ceJjaFpkmod8cu,,1805c25df0ecf3334cd2f95e3081799ce95bd701c141bc1c9c9c967408f890c1:4,1805c25df0ecf3334cd2f95e3081799ce95bd701c141bc1c9c9c967408f890c1,543116,0.07351862,proportional_after_commingling,4
tx_to_output,tx:1805c25df0ecf3334cd2f95e3081799ce95bd701c141bc1c9c9c967408f890c1,3FnHFiG9aRkvsn7GPYvfKRrWohK7Nwy2FN,,1805c25df0ecf3334cd2f95e3081799ce95bd701c141bc1c9c9c967408f890c1:5,1805c25df0ecf3334cd2f95e3081799ce95bd701c141bc1c9c9c967408f890c1,3521439,0.47667782,proportional_after_commingling,4
tx_to_output,tx:1805c25df0ecf3334cd2f95e3081799ce95bd701c141bc1c9c9c967408f890c1,32h8PP8cciKWogL6SSgyVFpvGot8ZdcgxX,,1805c25df0ecf3334cd2f95e3081799ce95bd701c141bc1c9c9c967408f890c1:6,1805c25df0ecf3334cd2f95e3081799ce95bd701c141bc1c9c9c967408f890c1,55604351,7.52685506,proportional_after_commingling,4
tx_to_output,tx:1805c25df0ecf3334cd2f95e3081799ce95bd701c141bc1c9c9c967408f890c1,1HyRe8DsEqXjF3ZARPQzkKT9dqVP1xCYRn,,1805c25df0ecf3334cd2f95e3081799ce95bd701c141bc1c9c9c967408f890c1:7,1805c25df0ecf3334cd2f95e3081799ce95bd701c141bc1c9c9c967408f890c1,510000,0.06903589,proportional_after_commingling,4
tx_to_output,tx:1805c25df0ecf3334cd2f95e3081799ce95bd701c141bc1c9c9c967408f890c1,3J8bWV9QigfJEHxtyrkjmYnfv183iuGfUj,,1805c25df0ecf3334cd2f95e3081799ce95bd701c141bc1c9c9c967408f890c1:8,1805c25df0ecf3334cd2f95e3081799ce95bd701c141bc1c9c9c967408f890c1,94845600,12.83872702,proportional_after_commingling,4
tx_to_output,tx:1805c25df0ecf3334cd2f95e3081799ce95bd701c141bc1c9c9c967408f890c1,3NF9Y9G8VGGXaVsHGwiMjnX6kSFcT89GNH,,1805c25df0ecf3334cd2f95e3081799ce95bd701c141bc1c9c9c967408f890c1:9,1805c25df0ecf3334cd2f95e3081799ce95bd701c141bc1c9c9c967408f890c1,47657570,6.45114303,proportional_after_commingling,4
tx_to_output,tx:1805c25df0ecf3334cd2f95e3081799ce95bd701c141bc1c9c9c967408f890c1,3C3TcDRr7uH8K9saRe6Zxs3BswRSVq63x2,,1805c25df0ecf3334cd2f95e3081799ce95bd701c141bc1c9c9c967408f890c1:10,1805c25df0ecf3334cd2f95e3081799ce95bd701c141bc1c9c9c967408f890c1,60000,0.00812187,proportional_after_commingling,4
tx_to_output,tx:1805c25df0ecf3334cd2f95e3081799ce95bd701c141bc1c9c9c967408f890c1,1MXsbRFUZf4tbgqXxi117uZ6GERdby4wkv,,1805c25df0ecf3334cd2f95e3081799ce95bd701c141bc1c9c9c967408f890c1:11,1805c25df0ecf3334cd2f95e3081799ce95bd701c141bc1c9c9c967408f890c1,7154058,0.96840547,proportional_after_commingling,4
tx_to_output,tx:1805c25df0ecf3334cd2f95e3081799ce95bd701c141bc1c9c9c967408f890c1,3Qn2WrUjD29SGWdyfZNh6ShWZprNYW9X2M,,1805c25df0ecf3334cd2f95e3081799ce95bd701c141bc1c9c9c967408f890c1:12,1805c25df0ecf3334cd2f95e3081799ce95bd701c141bc1c9c9c967408f890c1,121000000,16.37910425,proportional_after_commingling,4
tx_to_output,tx:1805c25df0ecf3334cd2f95e3081799ce95bd701c141bc1c9c9c967408f890c1,1HHwx36VbaPaAigcK54fBvyDU3CovFMg54,,1805c25df0ecf3334cd2f95e3081799ce95bd701c141bc1c9c9c967408f890c1:13,1805c25df0ecf3334cd2f95e3081799ce95bd701c141bc1c9c9c967408f890c1,199960000,27.067485,proportional_after_commingling,4
tx_to_output,tx:1805c25df0ecf3334cd2f95e3081799ce95bd701c141bc1c9c9c967408f890c1,31nPkmNiB3P784LgoKmfvxrFCDRP95ukEp,,1805c25df0ecf3334cd2f95e3081799ce95bd701c141bc1c9c9c967408f890c1:14,1805c25df0ecf3334cd2f95e3081799ce95bd701c141bc1c9c9c967408f890c1,9960000,1.3482304,proportional_after_commingling,4
tx_to_output,tx:1805c25df0ecf3334cd2f95e3081799ce95bd701c141bc1c9c9c967408f890c1,3DEsFxvnWb3gLF5SJ51DMTTHmgmfs6HKks,,1805c25df0ecf3334cd2f95e3081799ce95bd701c141bc1c9c9c967408f890c1:15,1805c25df0ecf3334cd2f95e3081799ce95bd701c141bc1c9c9c967408f890c1,3455046,0.46769057,proportional_after_commingling,4
tx_to_output,tx:1805c25df0ecf3334cd2f95e3081799ce95bd701c141bc1c9c9c967408f890c1,376ajpcpK91doThznBYFhSiHdp2EtYxztS,,1805c25df0ecf3334cd2f95e3081799ce95bd701c141bc1c9c9c967408f890c1:16,1805c25df0ecf3334cd2f95e3081799ce95bd701c141bc1c9c9c967408f890c1,19680000,2.66397332,proportional_after_commingling,4
tx_to_output,tx:1805c25df0ecf3334cd2f95e3081799ce95bd701c141bc1c9c9c967408f890c1,bc1q2kvxkzqt85kyju35556un968e7uyfzz8jtwnat,,1805c25df0ecf3334cd2f95e3081799ce95bd701c141bc1c9c9c967408f890c1:17,1805c25df0ecf3334cd2f95e3081799ce95bd701c141bc1c9c9c967408f890c1,240000,0.03248748,proportional_after_commingling,4
tx_to_output,tx:1805c25df0ecf3334cd2f95e3081799ce95bd701c141bc1c9c9c967408f890c1,1PcM3Tn9qBgoQnd4JgFGqgAirqHGHwKih5,,1805c25df0ecf3334cd2f95e3081799ce95bd701c141bc1c9c9c967408f890c1:18,1805c25df0ecf3334cd2f95e3081799ce95bd701c141bc1c9c9c967408f890c1,49793914,6.74032817,proportional_after_commingling,4
tx_to_output,tx:1805c25df0ecf3334cd2f95e3081799ce95bd701c141bc1c9c9c967408f890c1,1G4QjNUMg4rs1xYq6sgYokcKhZXFCw7Af6,,1805c25df0ecf3334cd2f95e3081799ce95bd701c141bc1c9c9c967408f890c1:19,1805c25df0ecf3334cd2f95e3081799ce95bd701c141bc1c9c9c967408f890c1,4602334,0.62299263,proportional_after_commingling,4
tx_to_output,tx:1805c25df0ecf3334cd2f95e3081799ce95bd701c141bc1c9c9c967408f890c1,321d63E6Tijc5trjkqcSjWFKnwPfuGUgCY,,1805c25df0ecf3334cd2f95e3081799ce95bd701c141bc1c9c9c967408f890c1:20,1805c25df0ecf3334cd2f95e3081799ce95bd701c141bc1c9c9c967408f890c1,22954766,3.10726037,proportional_after_commingling,4
tx_to_output,tx:1805c25df0ecf3334cd2f95e3081799ce95bd701c141bc1c9c9c967408f890c1,1Pk9XUPNaJ16JufDBvT5jPtfenfadvMjLr,,1805c25df0ecf3334cd2f95e3081799ce95bd701c141bc1c9c9c967408f890c1:21,1805c25df0ecf3334cd2f95e3081799ce95bd701c141bc1c9c9c967408f890c1,55960000,7.5749973,proportional_after_commingling,4
tx_to_output,tx:1805c25df0ecf3334cd2f95e3081799ce95bd701c141bc1c9c9c967408f890c1,3LX4cifJHyd16FMMGHKAYMxJ3CnxpsXh9j,,1805c25df0ecf3334cd2f95e3081799ce95bd701c141bc1c9c9c967408f890c1:22,1805c25df0ecf3334cd2f95e3081799ce95bd701c141bc1c9c9c967408f890c1,10001000,1.35378034,proportional_after_commingling,4
tx_to_output,tx:1805c25df0ecf3334cd2f95e3081799ce95bd701c141bc1c9c9c967408f890c1,3Hp1iYgcK3rdU7mAdvkN8XV7ioWA1ZdPYS,,1805c25df0ecf3334cd2f95e3081799ce95bd701c141bc1c9c9c967408f890c1:23,1805c25df0ecf3334cd2f95e3081799ce95bd701c141bc1c9c9c967408f890c1,299088110,40.48591184,proportional_after_commingling,4
tx_to_output,tx:1805c25df0ecf3334cd2f95e3081799ce95bd701c141bc1c9c9c967408f890c1,3Pdg473CSMCEy5YUPTdmZ9CxijDeAG5x1d,,1805c25df0ecf3334cd2f95e3081799ce95bd701c141bc1c9c9c967408f890c1:24,1805c25df0ecf3334cd2f95e3081799ce95bd701c141bc1c9c9c967408f890c1,4647491,0.62910529,proportional_after_commingling,4
tx_to_output,tx:1805c25df0ecf3334cd2f95e3081799ce95bd701c141bc1c9c9c967408f890c1,18kxn9tkDqpUKy33xFJxCMQZwzhijcF1U3,,1805c25df0ecf3334cd2f95e3081799ce95bd701c141bc1c9c9c967408f890c1:25,1805c25df0ecf3334cd2f95e3081799ce95bd701c141bc1c9c9c967408f890c1,960000,0.12994992,proportional_after_commingling,4
tx_to_output,tx:1805c25df0ecf3334cd2f95e3081799ce95bd701c141bc1c9c9c967408f890c1,13Qakcn5dS9x98NznGQgzpM5xEvdwcrQ6y,,1805c25df0ecf3334cd2f95e3081799ce95bd701c141bc1c9c9c967408f890c1:26,1805c25df0ecf3334cd2f95e3081799ce95bd701c141bc1c9c9c967408f890c1,4758000,0.64406428,proportional_after_commingling,4
tx_to_output,tx:1805c25df0ecf3334cd2f95e3081799ce95bd701c141bc1c9c9c967408f890c1,bc1q4q4e7j67d6gaf8afze9yl8zqj4jphxl3ex79rs,,1805c25df0ecf3334cd2f95e3081799ce95bd701c141bc1c9c9c967408f890c1:27,1805c25df0ecf3334cd2f95e3081799ce95bd701c141bc1c9c9c967408f890c1,31297000,4.23650269,proportional_after_commingling,4
tx_to_output,tx:1805c25df0ecf3334cd2f95e3081799ce95bd701c141bc1c9c9c967408f890c1,3B1gDXtTM5Vk3T72HXsutfsRFWFP6LCxdD,,1805c25df0ecf3334cd2f95e3081799ce95bd701c141bc1c9c9c967408f890c1:28,1805c25df0ecf3334cd2f95e3081799ce95bd701c141bc1c9c9c967408f890c1,951590,0.1288115,proportional_after_commingling,4
tx_to_output,tx:1805c25df0ecf3334cd2f95e3081799ce95bd701c141bc1c9c9c967408f890c1,334EQyiqLfzh6YFU8JnRx3GgqAv2ph8R2h,,1805c25df0ecf3334cd2f95e3081799ce95bd701c141bc1c9c9c967408f890c1:29,1805c25df0ecf3334cd2f95e3081799ce95bd701c141bc1c9c9c967408f890c1,10988646,1.48747255,proportional_after_commingling,4
tx_to_output,tx:1805c25df0ecf3334cd2f95e3081799ce95bd701c141bc1c9c9c967408f890c1,3GQfUV2Zjzo64eKuSHnm4z76av1FqsDJtY,,1805c25df0ecf3334cd2f95e3081799ce95bd701c141bc1c9c9c967408f890c1:30,1805c25df0ecf3334cd2f95e3081799ce95bd701c141bc1c9c9c967408f890c1,56960000,7.7103618,proportional_after_commingling,4
tx_to_output,tx:1805c25df0ecf3334cd2f95e3081799ce95bd701c141bc1c9c9c967408f890c1,3Fi7GUEY3cYKd4j1yJLwiUgKeTE4vgWddi,,1805c25df0ecf3334cd2f95e3081799ce95bd701c141bc1c9c9c967408f890c1:31,1805c25df0ecf3334cd2f95e3081799ce95bd701c141bc1c9c9c967408f890c1,60000,0.00812187,proportional_after_commingling,4
tx_to_output,tx:1805c25df0ecf3334cd2f95e3081799ce95bd701c141bc1c9c9c967408f890c1,bc1qe0hrxq0ww9l7gpuea9k0yuxhfmpqxy7c5ru3uu,,1805c25df0ecf3334cd2f95e3081799ce95bd701c141bc1c9c9c967408f890c1:32,1805c25df0ecf3334cd2f95e3081799ce95bd701c141bc1c9c9c967408f890c1,1050000,0.14213272,proportional_after_commingling,4
tx_to_output,tx:1805c25df0ecf3334cd2f95e3081799ce95bd701c141bc1c9c9c967408f890c1,3K8a7iRJddTLgBJ1oh9LauZEWvtCfkcgwj,,1805c25df0ecf3334cd2f95e3081799ce95bd701c141bc1c9c9c967408f890c1:33,1805c25df0ecf3334cd2f95e3081799ce95bd701c141bc1c9c9c967408f890c1,81857420,11.08058856,proportional_after_commingling,4
tx_to_output,tx:1805c25df0ecf3334cd2f95e3081799ce95bd701c141bc1c9c9c967408f890c1,16TzV9v9NFFweYdEf8pSm7LtAPjZggomjK,,1805c25df0ecf3334cd2f95e3081799ce95bd701c141bc1c9c9c967408f890c1:34,1805c25df0ecf3334cd2f95e3081799ce95bd701c141bc1c9c9c967408f890c1,596599,0.08075832,proportional_after_commingling,4
tx_to_output,tx:1805c25df0ecf3334cd2f95e3081799ce95bd701c141bc1c9c9c967408f890c1,1GM4qLiW5gcRZM6U7AyfnctMqJr28b66jx,,1805c25df0ecf3334cd2f95e3081799ce95bd701c141bc1c9c9c967408f890c1:35,1805c25df0ecf3334cd2f95e3081799ce95bd701c141bc1c9c9c967408f890c1,7117387,0.96344152,proportional_after_commingling,4
tx_to_output,tx:1805c25df0ecf3334cd2f95e3081799ce95bd701c141bc1c9c9c967408f890c1,1AmuWt3o3gSPUmziZ6fQSh5xzNNkwkPBZF,,1805c25df0ecf3334cd2f95e3081799ce95bd701c141bc1c9c9c967408f890c1:36,1805c25df0ecf3334cd2f95e3081799ce95bd701c141bc1c9c9c967408f890c1,114019,0.01543412,proportional_after_commingling,4
tx_to_output,tx:1805c25df0ecf3334cd2f95e3081799ce95bd701c141bc1c9c9c967408f890c1,1AhRxE7wkunpWN9zb1HcGS1P5vmSXPCgPt,,1805c25df0ecf3334cd2f95e3081799ce95bd701c141bc1c9c9c967408f890c1:37,1805c25df0ecf3334cd2f95e3081799ce95bd701c141bc1c9c9c967408f890c1,633350000,85.73310475,proportional_after_commingling,4
tx_to_output,tx:1805c25df0ecf3334cd2f95e3081799ce95bd701c141bc1c9c9c967408f890c1,373mJn2XsunHvqF1KdHvAUGSXhV1qAkz3Z,,1805c25df0ecf3334cd2f95e3081799ce95bd701c141bc1c9c9c967408f890c1:38,1805c25df0ecf3334cd2f95e3081799ce95bd701c141bc1c9c9c967408f890c1,9960000,1.3482304,proportional_after_commingling,4
tx_to_output,tx:1805c25df0ecf3334cd2f95e3081799ce95bd701c141bc1c9c9c967408f890c1,bc1qqpt7a42qltftv67duxdnu6ea88htl9df3xgreg,,1805c25df0ecf3334cd2f95e3081799ce95bd701c141bc1c9c9c967408f890c1:39,1805c25df0ecf3334cd2f95e3081799ce95bd701c141bc1c9c9c967408f890c1,10558391,1.4292313,proportional_after_commingling,4
tx_to_output,tx:1805c25df0ecf3334cd2f95e3081799ce95bd701c141bc1c9c9c967408f890c1,bc1q0k30gvv54q9craq3nvcwxmgq0t0gas7jzkg5kq,,1805c25df0ecf3334cd2f95e3081799ce95bd701c141bc1c9c9c967408f890c1:40,1805c25df0ecf3334cd2f95e3081799ce95bd701c141bc1c9c9c967408f890c1,387000,0.05238606,proportional_after_commingling,4
tx_to_output,tx:1805c25df0ecf3334cd2f95e3081799ce95bd701c141bc1c9c9c967408f890c1,3DmmFEpuBT8Xg8frL6uWqcjNbMYu5SgenX,,1805c25df0ecf3334cd2f95e3081799ce95bd701c141bc1c9c9c967408f890c1:41,1805c25df0ecf3334cd2f95e3081799ce95bd701c141bc1c9c9c967408f890c1,359600,0.04867707,proportional_after_commingling,4
tx_to_output,tx:1805c25df0ecf3334cd2f95e3081799ce95bd701c141bc1c9c9c967408f890c1,3Dz5fT3VeRvdSFCyE4jYWTv7Zn3SRXV9ME,,1805c25df0ecf3334cd2f95e3081799ce95bd701c141bc1c9c9c967408f890c1:42,1805c25df0ecf3334cd2f95e3081799ce95bd701c141bc1c9c9c967408f890c1,36882141,4.9925325,proportional_after_commingling,4
tx_to_output,tx:1805c25df0ecf3334cd2f95e3081799ce95bd701c141bc1c9c9c967408f890c1,3BMEXmiRuiGjcoE7SXsbEdphNRDbre9GQ9,,1805c25df0ecf3334cd2f95e3081799ce95bd701c141bc1c9c9c967408f890c1:43,1805c25df0ecf3334cd2f95e3081799ce95bd701c141bc1c9c9c967408f890c1,9960000,1.3482304,proportional_after_commingling,4
tx_to_output,tx:1805c25df0ecf3334cd2f95e3081799ce95bd701c141bc1c9c9c967408f890c1,bc1qtx067qnz00lv5hj7wncnlkymq3l6vwznn488x2,,1805c25df0ecf3334cd2f95e3081799ce95bd701c141bc1c9c9c967408f890c1:44,1805c25df0ecf3334cd2f95e3081799ce95bd701c141bc1c9c9c967408f890c1,420600,0.05693431,proportional_after_commingling,4
tx_to_output,tx:1805c25df0ecf3334cd2f95e3081799ce95bd701c141bc1c9c9c967408f890c1,1BVVwKEbocTBe6633N25Qy3M7Fobq4qbwN,,1805c25df0ecf3334cd2f95e3081799ce95bd701c141bc1c9c9c967408f890c1:45,1805c25df0ecf3334cd2f95e3081799ce95bd701c141bc1c9c9c967408f890c1,10060000,1.36176685,proportional_after_commingling,4
tx_to_output,tx:1805c25df0ecf3334cd2f95e3081799ce95bd701c141bc1c9c9c967408f890c1,bc1q8chvxpht92hjxvl3mv9kaekhyn3ucuv6eyq4ny,,1805c25df0ecf3334cd2f95e3081799ce95bd701c141bc1c9c9c967408f890c1:46,1805c25df0ecf3334cd2f95e3081799ce95bd701c141bc1c9c9c967408f890c1,10891300,1.47429536,proportional_after_commingling,4
tx_to_output,tx:1805c25df0ecf3334cd2f95e3081799ce95bd701c141bc1c9c9c967408f890c1,33NBHKXfE3gYhyYJnadgkgbsRD42w97uQM,,1805c25df0ecf3334cd2f95e3081799ce95bd701c141bc1c9c9c967408f890c1:47,1805c25df0ecf3334cd2f95e3081799ce95bd701c141bc1c9c9c967408f890c1,31780348,4.30193085,proportional_after_commingling,4
tx_to_output,tx:1805c25df0ecf3334cd2f95e3081799ce95bd701c141bc1c9c9c967408f890c1,3BGH6D4ybLvaBhLPAzCjCqcbQXRemDzB7M,,1805c25df0ecf3334cd2f95e3081799ce95bd701c141bc1c9c9c967408f890c1:48,1805c25df0ecf3334cd2f95e3081799ce95bd701c141bc1c9c9c967408f890c1,20570885,2.78456752,proportional_after_commingling,4
tx_to_output,tx:1805c25df0ecf3334cd2f95e3081799ce95bd701c141bc1c9c9c967408f890c1,3BMEX4eqLhsJHi4uduhrrmoU4wvAPGEXsH,,1805c25df0ecf3334cd2f95e3081799ce95bd701c141bc1c9c9c967408f890c1:49,1805c25df0ecf3334cd2f95e3081799ce95bd701c141bc1c9c9c967408f890c1,129748028,17.56327667,proportional_after_commingling,4
tx_to_output,tx:1805c25df0ecf3334cd2f95e3081799ce95bd701c141bc1c9c9c967408f890c1,1eEpccw88JwXQ7bUk4iTvcsNvF7CCz52q,,1805c25df0ecf3334cd2f95e3081799ce95bd701c141bc1c9c9c967408f890c1:50,1805c25df0ecf3334cd2f95e3081799ce95bd701c141bc1c9c9c967408f890c1,114594000,15.51195927,proportional_after_commingling,4
tx_to_output,tx:1805c25df0ecf3334cd2f95e3081799ce95bd701c141bc1c9c9c967408f890c1,1PGimFtMTagQTEcRdwmBrwLcfPSb6t98JU,,1805c25df0ecf3334cd2f95e3081799ce95bd701c141bc1c9c9c967408f890c1:51,1805c25df0ecf3334cd2f95e3081799ce95bd701c141bc1c9c9c967408f890c1,8175913,1.10672836,proportional_after_commingling,4
tx_to_output,tx:1805c25df0ecf3334cd2f95e3081799ce95bd701c141bc1c9c9c967408f890c1,13oRh8zYwKFuySF6Ex2UF6eoccXPtHMRWW,,1805c25df0ecf3334cd2f95e3081799ce95bd701c141bc1c9c9c967408f890c1:52,1805c25df0ecf3334cd2f95e3081799ce95bd701c141bc1c9c9c967408f890c1,4390013,0.59425191,proportional_after_commingling,4
tx_to_output,tx:1805c25df0ecf3334cd2f95e3081799ce95bd701c141bc1c9c9c967408f890c1,32i7fX5qPuiPreZSXAMM5gBAskMvFU2U9w,,1805c25df0ecf3334cd2f95e3081799ce95bd701c141bc1c9c9c967408f890c1:53,1805c25df0ecf3334cd2f95e3081799ce95bd701c141bc1c9c9c967408f890c1,40570300,5.49177829,proportional_after_commingling,4
tx_to_output,tx:1805c25df0ecf3334cd2f95e3081799ce95bd701c141bc1c9c9c967408f890c1,1QFK2R7WagXGxCPhziuvSXFva9DzigJTCt,,1805c25df0ecf3334cd2f95e3081799ce95bd701c141bc1c9c9c967408f890c1:54,1805c25df0ecf3334cd2f95e3081799ce95bd701c141bc1c9c9c967408f890c1,1155458,0.15640799,proportional_after_commingling,4
tx_to_output,tx:1805c25df0ecf3334cd2f95e3081799ce95bd701c141bc1c9c9c967408f890c1,bc1q5h78gx69fzx3mtcm087nyhyjy0ygdcwacu5gug,,1805c25df0ecf3334cd2f95e3081799ce95bd701c141bc1c9c9c967408f890c1:55,1805c25df0ecf3334cd2f95e3081799ce95bd701c141bc1c9c9c967408f890c1,2030987,0.27492354,proportional_after_commingling,4
tx_to_output,tx:1805c25df0ecf3334cd2f95e3081799ce95bd701c141bc1c9c9c967408f890c1,3BEhgJGQ86mcDMJ2EfGTQkFVtAUhfANKWY,,1805c25df0ecf3334cd2f95e3081799ce95bd701c141bc1c9c9c967408f890c1:56,1805c25df0ecf3334cd2f95e3081799ce95bd701c141bc1c9c9c967408f890c1,299960000,40.60393479,proportional_after_commingling,4
tx_to_output,tx:1805c25df0ecf3334cd2f95e3081799ce95bd701c141bc1c9c9c967408f890c1,388oSi8C5Zsr819Jts1iPtvPuDS7cqN5SA,,1805c25df0ecf3334cd2f95e3081799ce95bd701c141bc1c9c9c967408f890c1:57,1805c25df0ecf3334cd2f95e3081799ce95bd701c141bc1c9c9c967408f890c1,220717,0.02987725,proportional_after_commingling,4
tx_to_output,tx:1805c25df0ecf3334cd2f95e3081799ce95bd701c141bc1c9c9c967408f890c1,36sCwzNof4GXcUQcaST77JrbaV1yycHxZJ,,1805c25df0ecf3334cd2f95e3081799ce95bd701c141bc1c9c9c967408f890c1:58,1805c25df0ecf3334cd2f95e3081799ce95bd701c141bc1c9c9c967408f890c1,12460796,1.68674939,proportional_after_commingling,4
tx_to_output,tx:1805c25df0ecf3334cd2f95e3081799ce95bd701c141bc1c9c9c967408f890c1,1AD91iU553aXuHWFKooQHRCkHgeaPwKQbT,,1805c25df0ecf3334cd2f95e3081799ce95bd701c141bc1c9c9c967408f890c1:59,1805c25df0ecf3334cd2f95e3081799ce95bd701c141bc1c9c9c967408f890c1,539557,0.07303686,proportional_after_commingling,4
tx_to_output,tx:1805c25df0ecf3334cd2f95e3081799ce95bd701c141bc1c9c9c967408f890c1,3BAp5nz13NKScAdiXGDK4UMMSjm9jyUsES,,1805c25df0ecf3334cd2f95e3081799ce95bd701c141bc1c9c9c967408f890c1:60,1805c25df0ecf3334cd2f95e3081799ce95bd701c141bc1c9c9c967408f890c1,19790000,2.67886341,proportional_after_commingling,4
tx_to_output,tx:1805c25df0ecf3334cd2f95e3081799ce95bd701c141bc1c9c9c967408f890c1,1ADZaNzWCVLwoDg3LnvwLktU7qfJwdz66L,,1805c25df0ecf3334cd2f95e3081799ce95bd701c141bc1c9c9c967408f890c1:61,1805c25df0ecf3334cd2f95e3081799ce95bd701c141bc1c9c9c967408f890c1,614525,0.08318487,proportional_after_commingling,4
tx_to_output,tx:1805c25df0ecf3334cd2f95e3081799ce95bd701c141bc1c9c9c967408f890c1,3P1PCEjm8m2vi22aAgoYDNVKeYyvhzSTZo,,1805c25df0ecf3334cd2f95e3081799ce95bd701c141bc1c9c9c967408f890c1:62,1805c25df0ecf3334cd2f95e3081799ce95bd701c141bc1c9c9c967408f890c1,11725000,1.58714874,proportional_after_commingling,4
tx_to_output,tx:1805c25df0ecf3334cd2f95e3081799ce95bd701c141bc1c9c9c967408f890c1,1Q1L9oAbcDuURWYmJ9jY4WGz3xNFjZVGZe,,1805c25df0ecf3334cd2f95e3081799ce95bd701c141bc1c9c9c967408f890c1:63,1805c25df0ecf3334cd2f95e3081799ce95bd701c141bc1c9c9c967408f890c1,1100635,0.1489869,proportional_after_commingling,4
tx_to_output,tx:1805c25df0ecf3334cd2f95e3081799ce95bd701c141bc1c9c9c967408f890c1,32VKNqeVipcAktkwgCTzP5dwbfwbjYtdRi,,1805c25df0ecf3334cd2f95e3081799ce95bd701c141bc1c9c9c967408f890c1:64,1805c25df0ecf3334cd2f95e3081799ce95bd701c141bc1c9c9c967408f890c1,2080678,0.28164993,proportional_after_commingling,4
tx_to_output,tx:1805c25df0ecf3334cd2f95e3081799ce95bd701c141bc1c9c9c967408f890c1,3FAHdPxDvRhdwSqDDz2moJPU2MrGoW2aVa,,1805c25df0ecf3334cd2f95e3081799ce95bd701c141bc1c9c9c967408f890c1:65,1805c25df0ecf3334cd2f95e3081799ce95bd701c141bc1c9c9c967408f890c1,18645620,2.52395499,proportional_after_commingling,4
tx_to_output,tx:1805c25df0ecf3334cd2f95e3081799ce95bd701c141bc1c9c9c967408f890c1,3MsrRqns7WabJm1r2wduMt6YQcfNXrXKea,,1805c25df0ecf3334cd2f95e3081799ce95bd701c141bc1c9c9c967408f890c1:66,1805c25df0ecf3334cd2f95e3081799ce95bd701c141bc1c9c9c967408f890c1,1123950,0.15214293,proportional_after_commingling,4
tx_to_output,tx:1805c25df0ecf3334cd2f95e3081799ce95bd701c141bc1c9c9c967408f890c1,bc1q2q25hldkfddanqjfr4l6fx42jjduwec99h4zem,,1805c25df0ecf3334cd2f95e3081799ce95bd701c141bc1c9c9c967408f890c1:67,1805c25df0ecf3334cd2f95e3081799ce95bd701c141bc1c9c9c967408f890c1,718692,0.09728538,proportional_after_commingling,4
tx_to_output,tx:1805c25df0ecf3334cd2f95e3081799ce95bd701c141bc1c9c9c967408f890c1,18221t59HJc46h3MDPDXT1iy85zCYLGMED,,1805c25df0ecf3334cd2f95e3081799ce95bd701c141bc1c9c9c967408f890c1:68,1805c25df0ecf3334cd2f95e3081799ce95bd701c141bc1c9c9c967408f890c1,5960000,0.80677241,proportional_after_commingling,4
tx_to_output,tx:1805c25df0ecf3334cd2f95e3081799ce95bd701c141bc1c9c9c967408f890c1,3BMEXNA3A2bsmUcQXLRybbCSNhw6Yoy8ti,,1805c25df0ecf3334cd2f95e3081799ce95bd701c141bc1c9c9c967408f890c1:69,1805c25df0ecf3334cd2f95e3081799ce95bd701c141bc1c9c9c967408f890c1,1788900,0.24215355,proportional_after_commingling,4
tx_to_output,tx:1805c25df0ecf3334cd2f95e3081799ce95bd701c141bc1c9c9c967408f890c1,3PEj1D35jTJ7eyGHymsLWfUo1XfARWGL1b,,1805c25df0ecf3334cd2f95e3081799ce95bd701c141bc1c9c9c967408f890c1:70,1805c25df0ecf3334cd2f95e3081799ce95bd701c141bc1c9c9c967408f890c1,116272,0.0157391,proportional_after_commingling,4
tx_to_output,tx:1805c25df0ecf3334cd2f95e3081799ce95bd701c141bc1c9c9c967408f890c1,3E5udBjuWZEEbahVEzq4wc9Ch3XZfmY1L5,,1805c25df0ecf3334cd2f95e3081799ce95bd701c141bc1c9c9c967408f890c1:71,1805c25df0ecf3334cd2f95e3081799ce95bd701c141bc1c9c9c967408f890c1,2730000,0.36954508,proportional_after_commingling,4
input_to_tx,bc1qv500kz43z4jezj4phgch7xxdvt64f3cjq2k9gv,tx:2e08edf52c5583ffe041384139c6a8157d1039600cbfb3d2a4b01539833f60e4,5c901f8b430acad8f30aafc3ee033ab6d3697bc08b6b9f25c62f0b5c46f8e997:1,,2e08edf52c5583ffe041384139c6a8157d1039600cbfb3d2a4b01539833f60e4,,3587.22616609,proportional_after_commingling,3
tx_to_output,tx:2e08edf52c5583ffe041384139c6a8157d1039600cbfb3d2a4b01539833f60e4,bc1qc9he4uyccer3cp6q6ysxtgemzcs8893lw4l5ee,,2e08edf52c5583ffe041384139c6a8157d1039600cbfb3d2a4b01539833f60e4:0,2e08edf52c5583ffe041384139c6a8157d1039600cbfb3d2a4b01539833f60e4,500000,16.53402928,proportional_after_commingling,4
tx_to_output,tx:2e08edf52c5583ffe041384139c6a8157d1039600cbfb3d2a4b01539833f60e4,bc1q7gsmpthr7wp3mltur8mrua5ha3v6nn9urgeljs,,2e08edf52c5583ffe041384139c6a8157d1039600cbfb3d2a4b01539833f60e4:1,2e08edf52c5583ffe041384139c6a8157d1039600cbfb3d2a4b01539833f60e4,107944472,3569.51412029,proportional_after_commingling,4
input_to_tx,3QQLba8Ct5HN7jFjrnEXDrSG99cQDnijwA,tx:17cae76053a93e92726334fe1978e379fe8f57127a3c07f6a58b67c352979024,54c18abca826d0f505013f3e51cbc5858083127393f35ff746a65516f1b25d76:0,,17cae76053a93e92726334fe1978e379fe8f57127a3c07f6a58b67c352979024,,3066.50027356,proportional_after_commingling,3
tx_to_output,tx:17cae76053a93e92726334fe1978e379fe8f57127a3c07f6a58b67c352979024,3JF8UKBhhfGQ5w1CpnSQhpzi4f8F3dg3H9,,17cae76053a93e92726334fe1978e379fe8f57127a3c07f6a58b67c352979024:0,17cae76053a93e92726334fe1978e379fe8f57127a3c07f6a58b67c352979024,52996814469,3066.41822562,proportional_after_commingling,4
input_to_tx,3HqY29VVHe4YBRsFb7Qez97WRUg52YV7MM,tx:c94fd84bd662ceb1e527506530fddd2babb6eaf31e7c8880d94cb1c49269d011,54c18abca826d0f505013f3e51cbc5858083127393f35ff746a65516f1b25d76:2,,c94fd84bd662ceb1e527506530fddd2babb6eaf31e7c8880d94cb1c49269d011,,4790.70191444,proportional_after_commingling,3
tx_to_output,tx:c94fd84bd662ceb1e527506530fddd2babb6eaf31e7c8880d94cb1c49269d011,399ovDLkWB46Uuf21TLq94wQ9bD4sBxHGr,,c94fd84bd662ceb1e527506530fddd2babb6eaf31e7c8880d94cb1c49269d011:0,c94fd84bd662ceb1e527506530fddd2babb6eaf31e7c8880d94cb1c49269d011,500000000,4790.56774022,proportional_after_commingling,4
input_to_tx,3QAkr29PpNZmcWob1VCYdzSJom3xp4mSof,tx:521af4956a02684c0bc10346930815011408bff5cddc20b4c43134e40ff8a9fd,54c18abca826d0f505013f3e51cbc5858083127393f35ff746a65516f1b25d76:3,,521af4956a02684c0bc10346930815011408bff5cddc20b4c43134e40ff8a9fd,,5145.23475512,proportional_after_commingling,3
input_to_tx,34QCv3pvwUNrH77zoS4AB9bocS5Xyy9GJ3,tx:521af4956a02684c0bc10346930815011408bff5cddc20b4c43134e40ff8a9fd,54c18abca826d0f505013f3e51cbc5858083127393f35ff746a65516f1b25d76:9,,521af4956a02684c0bc10346930815011408bff5cddc20b4c43134e40ff8a9fd,,5129.28576594,proportional_after_commingling,3
tx_to_output,tx:521af4956a02684c0bc10346930815011408bff5cddc20b4c43134e40ff8a9fd,3FR9VrTwUnxUjw44rFLSGx1TffFmua21Vn,,521af4956a02684c0bc10346930815011408bff5cddc20b4c43134e40ff8a9fd:0,521af4956a02684c0bc10346930815011408bff5cddc20b4c43134e40ff8a9fd,2903302,23.8769654,proportional_after_commingling,4
tx_to_output,tx:521af4956a02684c0bc10346930815011408bff5cddc20b4c43134e40ff8a9fd,38TkAJXefNp5d2R2TDxbbfkpFkWfoWshk6,,521af4956a02684c0bc10346930815011408bff5cddc20b4c43134e40ff8a9fd:1,521af4956a02684c0bc10346930815011408bff5cddc20b4c43134e40ff8a9fd,299000,2.4589976,proportional_after_commingling,4
tx_to_output,tx:521af4956a02684c0bc10346930815011408bff5cddc20b4c43134e40ff8a9fd,32eV1RnQ5u1ohdbqxDSTWJSfHuM9MfbDzY,,521af4956a02684c0bc10346930815011408bff5cddc20b4c43134e40ff8a9fd:2,521af4956a02684c0bc10346930815011408bff5cddc20b4c43134e40ff8a9fd,165131102,1358.05011283,proportional_after_commingling,4
tx_to_output,tx:521af4956a02684c0bc10346930815011408bff5cddc20b4c43134e40ff8a9fd,32xPNFwyvZofsxja7HM4NTu6ZYh2f8wiCD,,521af4956a02684c0bc10346930815011408bff5cddc20b4c43134e40ff8a9fd:3,521af4956a02684c0bc10346930815011408bff5cddc20b4c43134e40ff8a9fd,2024714,16.65139421,proportional_after_commingling,4
tx_to_output,tx:521af4956a02684c0bc10346930815011408bff5cddc20b4c43134e40ff8a9fd,3DkH2AQFy1vK1bq8CeTmHzKQiaAxvqJELv,,521af4956a02684c0bc10346930815011408bff5cddc20b4c43134e40ff8a9fd:4,521af4956a02684c0bc10346930815011408bff5cddc20b4c43134e40ff8a9fd,1842567,15.15340413,proportional_after_commingling,4
tx_to_output,tx:521af4956a02684c0bc10346930815011408bff5cddc20b4c43134e40ff8a9fd,3NxxeQCw1pWbYcNENhkcaKTDn8KhVfEJTv,,521af4956a02684c0bc10346930815011408bff5cddc20b4c43134e40ff8a9fd:5,521af4956a02684c0bc10346930815011408bff5cddc20b4c43134e40ff8a9fd,8244270,67.80147209,proportional_after_commingling,4
tx_to_output,tx:521af4956a02684c0bc10346930815011408bff5cddc20b4c43134e40ff8a9fd,31krTsa2pg9EApT46uT6SF3NbBRTK3AmNz,,521af4956a02684c0bc10346930815011408bff5cddc20b4c43134e40ff8a9fd:6,521af4956a02684c0bc10346930815011408bff5cddc20b4c43134e40ff8a9fd,1727982,14.21104881,proportional_after_commingling,4
tx_to_output,tx:521af4956a02684c0bc10346930815011408bff5cddc20b4c43134e40ff8a9fd,1DGjJ4n2ELfiRGfvRhsevJnLyV1VXMSLsW,,521af4956a02684c0bc10346930815011408bff5cddc20b4c43134e40ff8a9fd:7,521af4956a02684c0bc10346930815011408bff5cddc20b4c43134e40ff8a9fd,1015200000,8349.07814364,proportional_after_commingling,4
tx_to_output,tx:521af4956a02684c0bc10346930815011408bff5cddc20b4c43134e40ff8a9fd,3JNZ4AS4wYefEsZdGcUmuDnRKWEt1fVXSs,,521af4956a02684c0bc10346930815011408bff5cddc20b4c43134e40ff8a9fd:8,521af4956a02684c0bc10346930815011408bff5cddc20b4c43134e40ff8a9fd,1692982,13.92320628,proportional_after_commingling,4
tx_to_output,tx:521af4956a02684c0bc10346930815011408bff5cddc20b4c43134e40ff8a9fd,3AVK8kXXFKcmqtKfZ5u99kdBMkHL3s4ZJ4,,521af4956a02684c0bc10346930815011408bff5cddc20b4c43134e40ff8a9fd:9,521af4956a02684c0bc10346930815011408bff5cddc20b4c43134e40ff8a9fd,1390000,11.43146042,proportional_after_commingling,4
tx_to_output,tx:521af4956a02684c0bc10346930815011408bff5cddc20b4c43134e40ff8a9fd,bc1qz00fw9kca4j2evnw2l87a9hh2nfw8r9zdlzjyhdkq4kz3g0nx0hss4eq5k,,521af4956a02684c0bc10346930815011408bff5cddc20b4c43134e40ff8a9fd:10,521af4956a02684c0bc10346930815011408bff5cddc20b4c43134e40ff8a9fd,48805760,401.38209624,proportional_after_commingling,4
input_to_tx,35tTaxzEjr7Snk1aitjhQ6NTUy1FrkozAN,tx:ee3a697d2fec5f63e5ea35c4604bd8425b1e4074ad5a279756c5a443c8c54532,54c18abca826d0f505013f3e51cbc5858083127393f35ff746a65516f1b25d76:4,,ee3a697d2fec5f63e5ea35c4604bd8425b1e4074ad5a279756c5a443c8c54532,,2042.61397666,proportional_after_commingling,3
tx_to_output,tx:ee3a697d2fec5f63e5ea35c4604bd8425b1e4074ad5a279756c5a443c8c54532,3ChTZDZbKGeGQ8srTnytnF3XXbNZSpAaZA,,ee3a697d2fec5f63e5ea35c4604bd8425b1e4074ad5a279756c5a443c8c54532:0,ee3a697d2fec5f63e5ea35c4604bd8425b1e4074ad5a279756c5a443c8c54532,134300,4.44104026,proportional_after_commingling,4
tx_to_output,tx:ee3a697d2fec5f63e5ea35c4604bd8425b1e4074ad5a279756c5a443c8c54532,39kTJ4qSQSy5SHVuMqNwLGRCeZaxjDCfDu,,ee3a697d2fec5f63e5ea35c4604bd8425b1e4074ad5a279756c5a443c8c54532:1,ee3a697d2fec5f63e5ea35c4604bd8425b1e4074ad5a279756c5a443c8c54532,61627985,2037.91781633,proportional_after_commingling,4
input_to_tx,3LMubqAK63KRHptA19nTTPd85WD9QAGvsW,tx:9f32d65d569f7039819b7ca9a296ecd9f9708babdae9b51a5317d299d1702f80,54c18abca826d0f505013f3e51cbc5858083127393f35ff746a65516f1b25d76:13,,9f32d65d569f7039819b7ca9a296ecd9f9708babdae9b51a5317d299d1702f80,,4958.55537964,proportional_after_commingling,3
input_to_tx,1D2cEmVpTQCL9sdjmVSfjgtxuHHSF7RFm4,tx:9f32d65d569f7039819b7ca9a296ecd9f9708babdae9b51a5317d299d1702f80,54c18abca826d0f505013f3e51cbc5858083127393f35ff746a65516f1b25d76:6,,9f32d65d569f7039819b7ca9a296ecd9f9708babdae9b51a5317d299d1702f80,,5112.48719219,proportional_after_commingling,3
tx_to_output,tx:9f32d65d569f7039819b7ca9a296ecd9f9708babdae9b51a5317d299d1702f80,3JF8UKBhhfGQ5w1CpnSQhpzi4f8F3dg3H9,,9f32d65d569f7039819b7ca9a296ecd9f9708babdae9b51a5317d299d1702f80:0,9f32d65d569f7039819b7ca9a296ecd9f9708babdae9b51a5317d299d1702f80,53002071721,10070.87078241,proportional_after_commingling,4
input_to_tx,34v2mZdy5J9JYbzYFmkDyz2UtEmNHU6BJA,tx:469434067471c78f6e49345ddbef561a6ccaf5cf58d26f0e26ea0c3a84d4576d,54c18abca826d0f505013f3e51cbc5858083127393f35ff746a65516f1b25d76:7,,469434067471c78f6e49345ddbef561a6ccaf5cf58d26f0e26ea0c3a84d4576d,,19839.18172734,proportional_after_commingling,3
tx_to_output,tx:469434067471c78f6e49345ddbef561a6ccaf5cf58d26f0e26ea0c3a84d4576d,33ud4X37JzFssYsiBksp7hQrtXekrp8X4v,,469434067471c78f6e49345ddbef561a6ccaf5cf58d26f0e26ea0c3a84d4576d:0,469434067471c78f6e49345ddbef561a6ccaf5cf58d26f0e26ea0c3a84d4576d,500000000,16482.9064125,proportional_after_commingling,4
tx_to_output,tx:469434067471c78f6e49345ddbef561a6ccaf5cf58d26f0e26ea0c3a84d4576d,32VTBx9bYRx1GmQEEYKf2hSo1JkrabYoo7,,469434067471c78f6e49345ddbef561a6ccaf5cf58d26f0e26ea0c3a84d4576d:1,469434067471c78f6e49345ddbef561a6ccaf5cf58d26f0e26ea0c3a84d4576d,101804594,3356.07119053,proportional_after_commingling,4
input_to_tx,3BRaRCLwspR4skAyxrzzGP6JFQZnR5AZZS,tx:17c17380debb748f3db241465477a29a5d806e96228d5491719ecd55eece90d4,54c18abca826d0f505013f3e51cbc5858083127393f35ff746a65516f1b25d76:8,,17c17380debb748f3db241465477a29a5d806e96228d5491719ecd55eece90d4,,24005.7571047,proportional_after_commingling,3
tx_to_output,tx:17c17380debb748f3db241465477a29a5d806e96228d5491719ecd55eece90d4,3A5mumMMFmbnW8mamChHTC6nDoCi1LwgLH,,17c17380debb748f3db241465477a29a5d806e96228d5491719ecd55eece90d4:0,17c17380debb748f3db241465477a29a5d806e96228d5491719ecd55eece90d4,1000000,33.06805855,proportional_after_commingling,4
tx_to_output,tx:17c17380debb748f3db241465477a29a5d806e96228d5491719ecd55eece90d4,3Q3Squ31Kyf4o1L3beg8XHMPMsYkj61JtA,,17c17380debb748f3db241465477a29a5d806e96228d5491719ecd55eece90d4:1,17c17380debb748f3db241465477a29a5d806e96228d5491719ecd55eece90d4,724931296,23972.07054118,proportional_after_commingling,4
input_to_tx,3Pc2jektovsZ4eKh6pfmHnzTXwJNw3KUdf,tx:66616e01730dab3a4cbaf2abf4b4a44dd1ee78d67b4b18c28a08b4b94e107387,54c18abca826d0f505013f3e51cbc5858083127393f35ff746a65516f1b25d76:11,,66616e01730dab3a4cbaf2abf4b4a44dd1ee78d67b4b18c28a08b4b94e107387,,2081.63428575,proportional_after_commingling,3
tx_to_output,tx:66616e01730dab3a4cbaf2abf4b4a44dd1ee78d67b4b18c28a08b4b94e107387,1CAdFckxw4o1HbhHD6VZdP68RAURvi8mbC,,66616e01730dab3a4cbaf2abf4b4a44dd1ee78d67b4b18c28a08b4b94e107387:0,66616e01730dab3a4cbaf2abf4b4a44dd1ee78d67b4b18c28a08b4b94e107387,726925168,2034.66676198,proportional_after_commingling,4
tx_to_output,tx:66616e01730dab3a4cbaf2abf4b4a44dd1ee78d67b4b18c28a08b4b94e107387,bc1qfupd7wfhu35f5q5g2xeuql9tthwvvtxkekyzhdcmy5nwkf5ksdmqsxflk6,,66616e01730dab3a4cbaf2abf4b4a44dd1ee78d67b4b18c28a08b4b94e107387:1,66616e01730dab3a4cbaf2abf4b4a44dd1ee78d67b4b18c28a08b4b94e107387,16712085,46.77719987,proportional_after_commingling,4
input_to_tx,3GBykY1C39izH1dtPxjatmSi37yi6nSmS9,tx:000cfd67b92a5a240bbfa950609e98a65aaf088279b50294238635009282ab3b,54c18abca826d0f505013f3e51cbc5858083127393f35ff746a65516f1b25d76:14,,000cfd67b92a5a240bbfa950609e98a65aaf088279b50294238635009282ab3b,,3635.83303762,proportional_after_commingling,3
tx_to_output,tx:000cfd67b92a5a240bbfa950609e98a65aaf088279b50294238635009282ab3b,3P2tsMeWjE4MePPew1y3PzKzQL1HdpLCZJ,,000cfd67b92a5a240bbfa950609e98a65aaf088279b50294238635009282ab3b:0,000cfd67b92a5a240bbfa950609e98a65aaf088279b50294238635009282ab3b,61662587,1333.30460696,proportional_after_commingling,4
tx_to_output,tx:000cfd67b92a5a240bbfa950609e98a65aaf088279b50294238635009282ab3b,1MPQVkQAqhcxets8ezGBfDDEUtqHSLvr8f,,000cfd67b92a5a240bbfa950609e98a65aaf088279b50294238635009282ab3b:1,000cfd67b92a5a240bbfa950609e98a65aaf088279b50294238635009282ab3b,106476599,2302.29944747,proportional_after_commingling,4
input_to_tx,3Gep3opZu2vAaY7c4yghTR9rKfnwz7S7vU,tx:e0fa781f5544b98a77432b36a765560c9a3d6a9b1fafe68889bc9474936d35a9,54c18abca826d0f505013f3e51cbc5858083127393f35ff746a65516f1b25d76:15,,e0fa781f5544b98a77432b36a765560c9a3d6a9b1fafe68889bc9474936d35a9,,1997.83982538,proportional_after_commingling,3
tx_to_output,tx:e0fa781f5544b98a77432b36a765560c9a3d6a9b1fafe68889bc9474936d35a9,3JF8UKBhhfGQ5w1CpnSQhpzi4f8F3dg3H9,,e0fa781f5544b98a77432b36a765560c9a3d6a9b1fafe68889bc9474936d35a9:0,e0fa781f5544b98a77432b36a765560c9a3d6a9b1fafe68889bc9474936d35a9,37678945433,1997.75232425,proportional_after_commingling,4
input_to_tx,3EQNVraD47B6E3wC24cQUTjyYavz4Xukq6,tx:4852c455e23d7b3990ad66468debfd2c529e7b6cc0130c9bd5233605048ccf09,54c18abca826d0f505013f3e51cbc5858083127393f35ff746a65516f1b25d76:16,,4852c455e23d7b3990ad66468debfd2c529e7b6cc0130c9bd5233605048ccf09,,170138.67131728,proportional_after_commingling,3
tx_to_output,tx:4852c455e23d7b3990ad66468debfd2c529e7b6cc0130c9bd5233605048ccf09,bc1qydldfpv3wmmnc5ta625840hnexct3xy46de27w,,4852c455e23d7b3990ad66468debfd2c529e7b6cc0130c9bd5233605048ccf09:0,4852c455e23d7b3990ad66468debfd2c529e7b6cc0130c9bd5233605048ccf09,7560000,249.99452264,proportional_after_commingling,4
tx_to_output,tx:4852c455e23d7b3990ad66468debfd2c529e7b6cc0130c9bd5233605048ccf09,1KXf2G3GSyt2G9DekZcpaboaAvTj6v3SjB,,4852c455e23d7b3990ad66468debfd2c529e7b6cc0130c9bd5233605048ccf09:1,4852c455e23d7b3990ad66468debfd2c529e7b6cc0130c9bd5233605048ccf09,107784000,3564.2076228,proportional_after_commingling,4
tx_to_output,tx:4852c455e23d7b3990ad66468debfd2c529e7b6cc0130c9bd5233605048ccf09,1DoKHCH18HeaVh8jjJsHd1LxtsRNNLTicj,,4852c455e23d7b3990ad66468debfd2c529e7b6cc0130c9bd5233605048ccf09:2,4852c455e23d7b3990ad66468debfd2c529e7b6cc0130c9bd5233605048ccf09,24165000,799.08963487,proportional_after_commingling,4
tx_to_output,tx:4852c455e23d7b3990ad66468debfd2c529e7b6cc0130c9bd5233605048ccf09,bc1q87vlx0hc6zl3xzugcalr6eaa7aczghl6q2s690,,4852c455e23d7b3990ad66468debfd2c529e7b6cc0130c9bd5233605048ccf09:3,4852c455e23d7b3990ad66468debfd2c529e7b6cc0130c9bd5233605048ccf09,199950000,6611.95830716,proportional_after_commingling,4
tx_to_output,tx:4852c455e23d7b3990ad66468debfd2c529e7b6cc0130c9bd5233605048ccf09,17wjuqgGBATuvUoqCwneNnw6TdQzwiCeCj,,4852c455e23d7b3990ad66468debfd2c529e7b6cc0130c9bd5233605048ccf09:4,4852c455e23d7b3990ad66468debfd2c529e7b6cc0130c9bd5233605048ccf09,24740000,818.10376854,proportional_after_commingling,4
tx_to_output,tx:4852c455e23d7b3990ad66468debfd2c529e7b6cc0130c9bd5233605048ccf09,1NuFrR5eLExMFBCxqY7snVTokNfW3kVw5E,,4852c455e23d7b3990ad66468debfd2c529e7b6cc0130c9bd5233605048ccf09:5,4852c455e23d7b3990ad66468debfd2c529e7b6cc0130c9bd5233605048ccf09,10000000,330.6805855,proportional_after_commingling,4
tx_to_output,tx:4852c455e23d7b3990ad66468debfd2c529e7b6cc0130c9bd5233605048ccf09,1FqnJrGWKSWi6cBKQdzpdoCr7J8W7GoKNy,,4852c455e23d7b3990ad66468debfd2c529e7b6cc0130c9bd5233605048ccf09:6,4852c455e23d7b3990ad66468debfd2c529e7b6cc0130c9bd5233605048ccf09,2950000,97.55077272,proportional_after_commingling,4
tx_to_output,tx:4852c455e23d7b3990ad66468debfd2c529e7b6cc0130c9bd5233605048ccf09,1JzLdPwKy5GxKTjFTRcdToqSyZRe4kFw85,,4852c455e23d7b3990ad66468debfd2c529e7b6cc0130c9bd5233605048ccf09:7,4852c455e23d7b3990ad66468debfd2c529e7b6cc0130c9bd5233605048ccf09,679724571,22477.17191201,proportional_after_commingling,4
tx_to_output,tx:4852c455e23d7b3990ad66468debfd2c529e7b6cc0130c9bd5233605048ccf09,3Pc2jektovsZ4eKh6pfmHnzTXwJNw3KUdf,,4852c455e23d7b3990ad66468debfd2c529e7b6cc0130c9bd5233605048ccf09:8,4852c455e23d7b3990ad66468debfd2c529e7b6cc0130c9bd5233605048ccf09,63661000,2105.14567538,proportional_after_commingling,4
tx_to_output,tx:4852c455e23d7b3990ad66468debfd2c529e7b6cc0130c9bd5233605048ccf09,3N3p43z5etCtQrX4fBW4yw9t5EeEAznWoP,,4852c455e23d7b3990ad66468debfd2c529e7b6cc0130c9bd5233605048ccf09:9,4852c455e23d7b3990ad66468debfd2c529e7b6cc0130c9bd5233605048ccf09,62272000,2059.21414205,proportional_after_commingling,4
tx_to_output,tx:4852c455e23d7b3990ad66468debfd2c529e7b6cc0130c9bd5233605048ccf09,1AgCzbNU3BUtSjWPqKoX7Tnyf732P4HWg,,4852c455e23d7b3990ad66468debfd2c529e7b6cc0130c9bd5233605048ccf09:10,4852c455e23d7b3990ad66468debfd2c529e7b6cc0130c9bd5233605048ccf09,29117000,962.84266081,proportional_after_commingling,4
tx_to_output,tx:4852c455e23d7b3990ad66468debfd2c529e7b6cc0130c9bd5233605048ccf09,1MbqnAFPNuEdbnssMAAr4pCT1DeNzscHob,,4852c455e23d7b3990ad66468debfd2c529e7b6cc0130c9bd5233605048ccf09:11,4852c455e23d7b3990ad66468debfd2c529e7b6cc0130c9bd5233605048ccf09,1162000,38.42508404,proportional_after_commingling,4
tx_to_output,tx:4852c455e23d7b3990ad66468debfd2c529e7b6cc0130c9bd5233605048ccf09,1EMhfzdvCVeR2ZVK88L8rVimZntkh1Yfu3,,4852c455e23d7b3990ad66468debfd2c529e7b6cc0130c9bd5233605048ccf09:12,4852c455e23d7b3990ad66468debfd2c529e7b6cc0130c9bd5233605048ccf09,2350000,77.70993759,proportional_after_commingling,4
tx_to_output,tx:4852c455e23d7b3990ad66468debfd2c529e7b6cc0130c9bd5233605048ccf09,349H5bYdBa3gkstWSJzUTXEFDzu8w2MdN7,,4852c455e23d7b3990ad66468debfd2c529e7b6cc0130c9bd5233605048ccf09:13,4852c455e23d7b3990ad66468debfd2c529e7b6cc0130c9bd5233605048ccf09,3929654612,129946.04879267,proportional_after_commingling,4
input_to_tx,1MTFctqDvLEDfDeCjoZufKTHgQG1Gf8XPZ,tx:8840d37a5982d978cb7545c409d4507a1aa5595b28bb0203d10ee9194eb30728,e31d95e77cb69458f8e31c94430808c099ac7269b0733b1f2ada232362f41690:0,,8840d37a5982d978cb7545c409d4507a1aa5595b28bb0203d10ee9194eb30728,,1532.77321101,proportional_after_commingling,3
tx_to_output,tx:8840d37a5982d978cb7545c409d4507a1aa5595b28bb0203d10ee9194eb30728,1NjhTx5Uu9aH6A1kjdnvRN96sUtUqAwAxE,,8840d37a5982d978cb7545c409d4507a1aa5595b28bb0203d10ee9194eb30728:0,8840d37a5982d978cb7545c409d4507a1aa5595b28bb0203d10ee9194eb30728,10469387694,1532.30732721,proportional_after_commingling,4
input_to_tx,bc1qesa276g4txphy3lj89zew3gjfu0f34dd9ef5ll,tx:560dfe4021342814b06875a4db888c06937827edf364b1a9f0fac89baf35c919,e31d95e77cb69458f8e31c94430808c099ac7269b0733b1f2ada232362f41690:1,,560dfe4021342814b06875a4db888c06937827edf364b1a9f0fac89baf35c919,,2583.07074547,proportional_after_commingling,3
tx_to_output,tx:560dfe4021342814b06875a4db888c06937827edf364b1a9f0fac89baf35c919,3H7jniDRSLTo2jHTFzqmufUjcUpH1SX2qg,,560dfe4021342814b06875a4db888c06937827edf364b1a9f0fac89baf35c919:0,560dfe4021342814b06875a4db888c06937827edf364b1a9f0fac89baf35c919,4239041,55.86402157,proportional_after_commingling,4
tx_to_output,tx:560dfe4021342814b06875a4db888c06937827edf364b1a9f0fac89baf35c919,16Tv3GFkdACqjFX4ab6FJjShUsdCKvUmy4,,560dfe4021342814b06875a4db888c06937827edf364b1a9f0fac89baf35c919:1,560dfe4021342814b06875a4db888c06937827edf364b1a9f0fac89baf35c919,943766,12.4373801,proportional_after_commingling,4
tx_to_output,tx:560dfe4021342814b06875a4db888c06937827edf364b1a9f0fac89baf35c919,bc1qesa276g4txphy3lj89zew3gjfu0f34dd9ef5ll,,560dfe4021342814b06875a4db888c06937827edf364b1a9f0fac89baf35c919:2,560dfe4021342814b06875a4db888c06937827edf364b1a9f0fac89baf35c919,190811516,2514.60145024,proportional_after_commingling,4
input_to_tx,31rhyWa3GkzjAJyEk9kQgMXB9nJ5ykVeTm,tx:23e602ae936624c1d37c9be0b13b73213e12bc04c3ec7e579158654168baafa7,e31d95e77cb69458f8e31c94430808c099ac7269b0733b1f2ada232362f41690:4,,23e602ae936624c1d37c9be0b13b73213e12bc04c3ec7e579158654168baafa7,,2171.03202645,proportional_after_commingling,3
tx_to_output,tx:23e602ae936624c1d37c9be0b13b73213e12bc04c3ec7e579158654168baafa7,3Pm524ZvKvjziCFwdjkeeD2GSGLexBt2as,,23e602ae936624c1d37c9be0b13b73213e12bc04c3ec7e579158654168baafa7:0,23e602ae936624c1d37c9be0b13b73213e12bc04c3ec7e579158654168baafa7,363821,4.79459958,proportional_after_commingling,4
tx_to_output,tx:23e602ae936624c1d37c9be0b13b73213e12bc04c3ec7e579158654168baafa7,3Ns68ePD7oKuVoDJuXPmuvhXibrcwno8PK,,23e602ae936624c1d37c9be0b13b73213e12bc04c3ec7e579158654168baafa7:1,23e602ae936624c1d37c9be0b13b73213e12bc04c3ec7e579158654168baafa7,164365955,2166.08974908,proportional_after_commingling,4
input_to_tx,14wV3HT7XtuV92476EA1cfAc41A3p86Ree,tx:2437ae394162c52a61a0f27b1e52ebb428370b718244f00e70805cbfe07feb80,e31d95e77cb69458f8e31c94430808c099ac7269b0733b1f2ada232362f41690:8,,2437ae394162c52a61a0f27b1e52ebb428370b718244f00e70805cbfe07feb80,,1583.39166619,proportional_after_commingling,3
tx_to_output,tx:2437ae394162c52a61a0f27b1e52ebb428370b718244f00e70805cbfe07feb80,3K4cERDgWHPMbXd9t7xTsjJvtBB1QBJVqQ,,2437ae394162c52a61a0f27b1e52ebb428370b718244f00e70805cbfe07feb80:0,2437ae394162c52a61a0f27b1e52ebb428370b718244f00e70805cbfe07feb80,121108500,1573.65786558,proportional_after_commingling,4
tx_to_output,tx:2437ae394162c52a61a0f27b1e52ebb428370b718244f00e70805cbfe07feb80,184P61kAs6CY2zhjF2j2Ht5piktdxJFWF7,,2437ae394162c52a61a0f27b1e52ebb428370b718244f00e70805cbfe07feb80:1,2437ae394162c52a61a0f27b1e52ebb428370b718244f00e70805cbfe07feb80,728132,9.46119099,proportional_after_commingling,4
input_to_tx,3Fa6gDdmGLThLGRtJVg6CVMkoEp26gC2Dk,tx:2396d0096f9937e0df04ebeebabec39cdad5d179249d991026b6b3918787e8de,e31d95e77cb69458f8e31c94430808c099ac7269b0733b1f2ada232362f41690:9,,2396d0096f9937e0df04ebeebabec39cdad5d179249d991026b6b3918787e8de,,10542.76598376,proportional_after_commingling,3
tx_to_output,tx:2396d0096f9937e0df04ebeebabec39cdad5d179249d991026b6b3918787e8de,1J51cyTMKfVBif1Qa4WGB6jr6GW7uN7wVE,,2396d0096f9937e0df04ebeebabec39cdad5d179249d991026b6b3918787e8de:0,2396d0096f9937e0df04ebeebabec39cdad5d179249d991026b6b3918787e8de,2528700,33.32436543,proportional_after_commingling,4
tx_to_output,tx:2396d0096f9937e0df04ebeebabec39cdad5d179249d991026b6b3918787e8de,3Fa6gDdmGLThLGRtJVg6CVMkoEp26gC2Dk,,2396d0096f9937e0df04ebeebabec39cdad5d179249d991026b6b3918787e8de:1,2396d0096f9937e0df04ebeebabec39cdad5d179249d991026b6b3918787e8de,797466932,10509.38405483,proportional_after_commingling,4
input_to_tx,13FNCQzJjKHs4pg92Yg6CJozgZ57L8HfqC,tx:2c49b7e5cce6d824d9d9c2f28b52a10f2b08d82f2f3698d2f3b17465f418d529,e31d95e77cb69458f8e31c94430808c099ac7269b0733b1f2ada232362f41690:10,,2c49b7e5cce6d824d9d9c2f28b52a10f2b08d82f2f3698d2f3b17465f418d529,,6588.56981698,proportional_after_commingling,3
tx_to_output,tx:2c49b7e5cce6d824d9d9c2f28b52a10f2b08d82f2f3698d2f3b17465f418d529,1NDyJtNTjmwk5xPNhjgAMu4HDHigtobu1s,,2c49b7e5cce6d824d9d9c2f28b52a10f2b08d82f2f3698d2f3b17465f418d529:0,2c49b7e5cce6d824d9d9c2f28b52a10f2b08d82f2f3698d2f3b17465f418d529,1643749545,6582.51796342,proportional_after_commingling,4
tx_to_output,tx:2c49b7e5cce6d824d9d9c2f28b52a10f2b08d82f2f3698d2f3b17465f418d529,3JxBtyXAVqDyXE7yepZy4Pn2SVe93ZZbBe,,2c49b7e5cce6d824d9d9c2f28b52a10f2b08d82f2f3698d2f3b17465f418d529:1,2c49b7e5cce6d824d9d9c2f28b52a10f2b08d82f2f3698d2f3b17465f418d529,981557,3.9307184,proportional_after_commingling,4
input_to_tx,3Qs6AqCF7KAXMVMKaAc46z42YjYU9tuiPH,tx:c6dde129c7e58eabc3897a6d9a866e8a778f91d1e182240a9370132099f6f944,e31d95e77cb69458f8e31c94430808c099ac7269b0733b1f2ada232362f41690:15,,c6dde129c7e58eabc3897a6d9a866e8a778f91d1e182240a9370132099f6f944,,1863.02535545,proportional_after_commingling,3
tx_to_output,tx:c6dde129c7e58eabc3897a6d9a866e8a778f91d1e182240a9370132099f6f944,3Fxu5CoBNn1HXAZbrCuwX9cfycUNHL4S5A,,c6dde129c7e58eabc3897a6d9a866e8a778f91d1e182240a9370132099f6f944:0,c6dde129c7e58eabc3897a6d9a866e8a778f91d1e182240a9370132099f6f944,23822654,313.94583279,proportional_after_commingling,4
tx_to_output,tx:c6dde129c7e58eabc3897a6d9a866e8a778f91d1e182240a9370132099f6f944,1NDppdmmPKSWiMViYZrhdB3di81f9hYoxg,,c6dde129c7e58eabc3897a6d9a866e8a778f91d1e182240a9370132099f6f944:1,c6dde129c7e58eabc3897a6d9a866e8a778f91d1e182240a9370132099f6f944,117536254,1548.94652566,proportional_after_commingling,4
input_to_tx,bc1qnrcaff2syyuhutkxjeszgwpev3w6a80k9uee8z3zh9wm94jvyxqq7q6mt5,tx:dd95c76e9c36ce83252f94a8e0ce619738bf863d5b8c29160f755fe0c68ae78f,e31d95e77cb69458f8e31c94430808c099ac7269b0733b1f2ada232362f41690:16,,dd95c76e9c36ce83252f94a8e0ce619738bf863d5b8c29160f755fe0c68ae78f,,504065.59389019,proportional_after_commingling,3
tx_to_output,tx:dd95c76e9c36ce83252f94a8e0ce619738bf863d5b8c29160f755fe0c68ae78f,18BNrc1oxbjQpvwrX5WrY9pShuUxiocmPe,,dd95c76e9c36ce83252f94a8e0ce619738bf863d5b8c29160f755fe0c68ae78f:0,dd95c76e9c36ce83252f94a8e0ce619738bf863d5b8c29160f755fe0c68ae78f,450000,5.93030587,proportional_after_commingling,4
tx_to_output,tx:dd95c76e9c36ce83252f94a8e0ce619738bf863d5b8c29160f755fe0c68ae78f,36ArUpWsie5WBsDxWqMHZckDJQixLWJtJn,,dd95c76e9c36ce83252f94a8e0ce619738bf863d5b8c29160f755fe0c68ae78f:1,dd95c76e9c36ce83252f94a8e0ce619738bf863d5b8c29160f755fe0c68ae78f,13609000,179.34562784,proportional_after_commingling,4
tx_to_output,tx:dd95c76e9c36ce83252f94a8e0ce619738bf863d5b8c29160f755fe0c68ae78f,1JDTvkkPHra6G41Y7FgikWLDNhVMKLtyEG,,dd95c76e9c36ce83252f94a8e0ce619738bf863d5b8c29160f755fe0c68ae78f:2,dd95c76e9c36ce83252f94a8e0ce619738bf863d5b8c29160f755fe0c68ae78f,175950000,2318.74959355,proportional_after_commingling,4
tx_to_output,tx:dd95c76e9c36ce83252f94a8e0ce619738bf863d5b8c29160f755fe0c68ae78f,3Ac3i8EdmWwtGZsCfiW1cFsZkQ5eVcDKqj,,dd95c76e9c36ce83252f94a8e0ce619738bf863d5b8c29160f755fe0c68ae78f:3,dd95c76e9c36ce83252f94a8e0ce619738bf863d5b8c29160f755fe0c68ae78f,450000,5.93030587,proportional_after_commingling,4
tx_to_output,tx:dd95c76e9c36ce83252f94a8e0ce619738bf863d5b8c29160f755fe0c68ae78f,35Lr4D7NqwcRW71TQoG6uCNr9G7yFcy8Ev,,dd95c76e9c36ce83252f94a8e0ce619738bf863d5b8c29160f755fe0c68ae78f:4,dd95c76e9c36ce83252f94a8e0ce619738bf863d5b8c29160f755fe0c68ae78f,5397000,71.12413502,proportional_after_commingling,4
tx_to_output,tx:dd95c76e9c36ce83252f94a8e0ce619738bf863d5b8c29160f755fe0c68ae78f,1LVUuLNBpUpcYkeMtXgeMcxh3LeoSpNEnF,,dd95c76e9c36ce83252f94a8e0ce619738bf863d5b8c29160f755fe0c68ae78f:5,dd95c76e9c36ce83252f94a8e0ce619738bf863d5b8c29160f755fe0c68ae78f,544800000,7179.62363494,proportional_after_commingling,4
tx_to_output,tx:dd95c76e9c36ce83252f94a8e0ce619738bf863d5b8c29160f755fe0c68ae78f,1FvpMxAMfvFSK9E6Di2LLpYhGMtk2pk5in,,dd95c76e9c36ce83252f94a8e0ce619738bf863d5b8c29160f755fe0c68ae78f:6,dd95c76e9c36ce83252f94a8e0ce619738bf863d5b8c29160f755fe0c68ae78f,50900000,670.78348572,proportional_after_commingling,4
tx_to_output,tx:dd95c76e9c36ce83252f94a8e0ce619738bf863d5b8c29160f755fe0c68ae78f,bc1qvttjz9rdwv99402mjzy59hxxl8t20u023aypdz,,dd95c76e9c36ce83252f94a8e0ce619738bf863d5b8c29160f755fe0c68ae78f:7,dd95c76e9c36ce83252f94a8e0ce619738bf863d5b8c29160f755fe0c68ae78f,484000,6.37837342,proportional_after_commingling,4
tx_to_output,tx:dd95c76e9c36ce83252f94a8e0ce619738bf863d5b8c29160f755fe0c68ae78f,14c4fxUfgfWCRw18miq3Gas1FemX8v1dLd,,dd95c76e9c36ce83252f94a8e0ce619738bf863d5b8c29160f755fe0c68ae78f:8,dd95c76e9c36ce83252f94a8e0ce619738bf863d5b8c29160f755fe0c68ae78f,92050000,1213.07701101,proportional_after_commingling,4
tx_to_output,tx:dd95c76e9c36ce83252f94a8e0ce619738bf863d5b8c29160f755fe0c68ae78f,bc1qfvd3yvduqgg4r8sdxw0taktpdz0wp6p3h94zqu,,dd95c76e9c36ce83252f94a8e0ce619738bf863d5b8c29160f755fe0c68ae78f:9,dd95c76e9c36ce83252f94a8e0ce619738bf863d5b8c29160f755fe0c68ae78f,42890570,565.23155303,proportional_after_commingling,4
tx_to_output,tx:dd95c76e9c36ce83252f94a8e0ce619738bf863d5b8c29160f755fe0c68ae78f,3NVnUPRoWwM23WyG4Z9yC9hQBNmfNzM9Ww,,dd95c76e9c36ce83252f94a8e0ce619738bf863d5b8c29160f755fe0c68ae78f:10,dd95c76e9c36ce83252f94a8e0ce619738bf863d5b8c29160f755fe0c68ae78f,2871000,37.83535142,proportional_after_commingling,4
tx_to_output,tx:dd95c76e9c36ce83252f94a8e0ce619738bf863d5b8c29160f755fe0c68ae78f,3PSexCYp1utVHS8KmXrjihyhk7aaWSLt9K,,dd95c76e9c36ce83252f94a8e0ce619738bf863d5b8c29160f755fe0c68ae78f:11,dd95c76e9c36ce83252f94a8e0ce619738bf863d5b8c29160f755fe0c68ae78f,184303000,2428.82924888,proportional_after_commingling,4
tx_to_output,tx:dd95c76e9c36ce83252f94a8e0ce619738bf863d5b8c29160f755fe0c68ae78f,3KkLq9SmDrxkiPNDCR8T2njfEbMWSTX4Xe,,dd95c76e9c36ce83252f94a8e0ce619738bf863d5b8c29160f755fe0c68ae78f:12,dd95c76e9c36ce83252f94a8e0ce619738bf863d5b8c29160f755fe0c68ae78f,1199950000,15813.49005277,proportional_after_commingling,4
tx_to_output,tx:dd95c76e9c36ce83252f94a8e0ce619738bf863d5b8c29160f755fe0c68ae78f,1PZXQ7JjU5dgN1uFUd7MLDmCrEHBP3huHe,,dd95c76e9c36ce83252f94a8e0ce619738bf863d5b8c29160f755fe0c68ae78f:13,dd95c76e9c36ce83252f94a8e0ce619738bf863d5b8c29160f755fe0c68ae78f,3204000,42.22377776,proportional_after_commingling,4
tx_to_output,tx:dd95c76e9c36ce83252f94a8e0ce619738bf863d5b8c29160f755fe0c68ae78f,bc1qpetk3p9w2yurgt2mw7ypagcs9acgdxgg9fuahh,,dd95c76e9c36ce83252f94a8e0ce619738bf863d5b8c29160f755fe0c68ae78f:14,dd95c76e9c36ce83252f94a8e0ce619738bf863d5b8c29160f755fe0c68ae78f,301723000,3976.24372615,proportional_after_commingling,4
tx_to_output,tx:dd95c76e9c36ce83252f94a8e0ce619738bf863d5b8c29160f755fe0c68ae78f,154q4ZL7ZJB4Hkt4apTxAv48DB46azUYZw,,dd95c76e9c36ce83252f94a8e0ce619738bf863d5b8c29160f755fe0c68ae78f:15,dd95c76e9c36ce83252f94a8e0ce619738bf863d5b8c29160f755fe0c68ae78f,877450000,11563.43751557,proportional_after_commingling,4
tx_to_output,tx:dd95c76e9c36ce83252f94a8e0ce619738bf863d5b8c29160f755fe0c68ae78f,bc1q73wfsgx6hhc56nd3gvg0rzk2225wj59e2kw574,,dd95c76e9c36ce83252f94a8e0ce619738bf863d5b8c29160f755fe0c68ae78f:16,dd95c76e9c36ce83252f94a8e0ce619738bf863d5b8c29160f755fe0c68ae78f,154448060,2035.38719153,proportional_after_commingling,4
tx_to_output,tx:dd95c76e9c36ce83252f94a8e0ce619738bf863d5b8c29160f755fe0c68ae78f,bc1qfvd3yvduqgg4r8sdxw0taktpdz0wp6p3h94zqu,,dd95c76e9c36ce83252f94a8e0ce619738bf863d5b8c29160f755fe0c68ae78f:17,dd95c76e9c36ce83252f94a8e0ce619738bf863d5b8c29160f755fe0c68ae78f,89167628,1175.09179416,proportional_after_commingling,4
tx_to_output,tx:dd95c76e9c36ce83252f94a8e0ce619738bf863d5b8c29160f755fe0c68ae78f,17FS7xL26S4NP3jKS2GD6JJ5NTtxaVLje1,,dd95c76e9c36ce83252f94a8e0ce619738bf863d5b8c29160f755fe0c68ae78f:18,dd95c76e9c36ce83252f94a8e0ce619738bf863d5b8c29160f755fe0c68ae78f,99961000,1317.33178813,proportional_after_commingling,4
tx_to_output,tx:dd95c76e9c36ce83252f94a8e0ce619738bf863d5b8c29160f755fe0c68ae78f,1Gbenbzww3PTFMZJtm5hJdZP9uw5avBVaJ,,dd95c76e9c36ce83252f94a8e0ce619738bf863d5b8c29160f755fe0c68ae78f:19,dd95c76e9c36ce83252f94a8e0ce619738bf863d5b8c29160f755fe0c68ae78f,70380000,927.49983742,proportional_after_commingling,4
tx_to_output,tx:dd95c76e9c36ce83252f94a8e0ce619738bf863d5b8c29160f755fe0c68ae78f,bc1qeqkr4rvjmnw8pr5wnwgf7ts8lnaqy3fywpqdx7,,dd95c76e9c36ce83252f94a8e0ce619738bf863d5b8c29160f755fe0c68ae78f:20,dd95c76e9c36ce83252f94a8e0ce619738bf863d5b8c29160f755fe0c68ae78f,199950000,2635.03257307,proportional_after_commingling,4
tx_to_output,tx:dd95c76e9c36ce83252f94a8e0ce619738bf863d5b8c29160f755fe0c68ae78f,1J5rKVfPihCB19u44hDzFSCUEaymJpvqsU,,dd95c76e9c36ce83252f94a8e0ce619738bf863d5b8c29160f755fe0c68ae78f:21,dd95c76e9c36ce83252f94a8e0ce619738bf863d5b8c29160f755fe0c68ae78f,190000000,2503.90692114,proportional_after_commingling,4
tx_to_output,tx:dd95c76e9c36ce83252f94a8e0ce619738bf863d5b8c29160f755fe0c68ae78f,3J6Mg3d5DVokPmBhWbx3fkg2JTUSmSgUqs,,dd95c76e9c36ce83252f94a8e0ce619738bf863d5b8c29160f755fe0c68ae78f:22,dd95c76e9c36ce83252f94a8e0ce619738bf863d5b8c29160f755fe0c68ae78f,1789000,23.57626043,proportional_after_commingling,4
tx_to_output,tx:dd95c76e9c36ce83252f94a8e0ce619738bf863d5b8c29160f755fe0c68ae78f,1FpcX2Db5KVZEmH7dj5dxzE51HeC7i6ac8,,dd95c76e9c36ce83252f94a8e0ce619738bf863d5b8c29160f755fe0c68ae78f:23,dd95c76e9c36ce83252f94a8e0ce619738bf863d5b8c29160f755fe0c68ae78f,50000000,658.92287399,proportional_after_commingling,4
tx_to_output,tx:dd95c76e9c36ce83252f94a8e0ce619738bf863d5b8c29160f755fe0c68ae78f,bc1q6t8qg9fqx0etlsyfks0r5nggp3me9zrrt4nnvm,,dd95c76e9c36ce83252f94a8e0ce619738bf863d5b8c29160f755fe0c68ae78f:24,dd95c76e9c36ce83252f94a8e0ce619738bf863d5b8c29160f755fe0c68ae78f,99000000,1304.66729049,proportional_after_commingling,4
tx_to_output,tx:dd95c76e9c36ce83252f94a8e0ce619738bf863d5b8c29160f755fe0c68ae78f,bc1qnr3c94tulga7ef0t5t95xc9pft2j8egyz2lq3p5ec0r42p7js5xsq47sat,,dd95c76e9c36ce83252f94a8e0ce619738bf863d5b8c29160f755fe0c68ae78f:25,dd95c76e9c36ce83252f94a8e0ce619738bf863d5b8c29160f755fe0c68ae78f,33797966419,445405.06335323,proportional_after_commingling,4
input_to_tx,3JF3J8y6Sn9sceyeJcRCnaawvtTCimg5xb,tx:ee7f32c91d193f036b70329fcaa32bb5887df3e047cac14daf0cc0d0c6b9dff2,cfd2687489ad230d4fc6de3cd5f322e6451877e8564bbfd0bb8f76d0835ef317:0,,ee7f32c91d193f036b70329fcaa32bb5887df3e047cac14daf0cc0d0c6b9dff2,,28793.03646723,proportional_after_commingling,3
tx_to_output,tx:ee7f32c91d193f036b70329fcaa32bb5887df3e047cac14daf0cc0d0c6b9dff2,bc1qqguxpmgt8h49xeqlvz70xv73c525n0zn3d3vsk,,ee7f32c91d193f036b70329fcaa32bb5887df3e047cac14daf0cc0d0c6b9dff2:0,ee7f32c91d193f036b70329fcaa32bb5887df3e047cac14daf0cc0d0c6b9dff2,23985000,49.14717038,proportional_after_commingling,4
tx_to_output,tx:ee7f32c91d193f036b70329fcaa32bb5887df3e047cac14daf0cc0d0c6b9dff2,36i1TT7kWpdadxHA2yeHcY7Rs6iDsFLZd6,,ee7f32c91d193f036b70329fcaa32bb5887df3e047cac14daf0cc0d0c6b9dff2:1,ee7f32c91d193f036b70329fcaa32bb5887df3e047cac14daf0cc0d0c6b9dff2,2690024,5.51207287,proportional_after_commingling,4
tx_to_output,tx:ee7f32c91d193f036b70329fcaa32bb5887df3e047cac14daf0cc0d0c6b9dff2,3CmbfnSt9dTfKSR3zg75vLyZcH4fW83Ni6,,ee7f32c91d193f036b70329fcaa32bb5887df3e047cac14daf0cc0d0c6b9dff2:2,ee7f32c91d193f036b70329fcaa32bb5887df3e047cac14daf0cc0d0c6b9dff2,169000,0.34629443,proportional_after_commingling,4
tx_to_output,tx:ee7f32c91d193f036b70329fcaa32bb5887df3e047cac14daf0cc0d0c6b9dff2,bc1q98rzx2xm2wmv42q969lsshsmg4mtytkm2x7t0a,,ee7f32c91d193f036b70329fcaa32bb5887df3e047cac14daf0cc0d0c6b9dff2:3,ee7f32c91d193f036b70329fcaa32bb5887df3e047cac14daf0cc0d0c6b9dff2,475000,0.97331273,proportional_after_commingling,4
tx_to_output,tx:ee7f32c91d193f036b70329fcaa32bb5887df3e047cac14daf0cc0d0c6b9dff2,3FK35acZTzSP5MbUAMmYFaSrPCP4RAZdDR,,ee7f32c91d193f036b70329fcaa32bb5887df3e047cac14daf0cc0d0c6b9dff2:4,ee7f32c91d193f036b70329fcaa32bb5887df3e047cac14daf0cc0d0c6b9dff2,13585000,27.8367442,proportional_after_commingling,4
tx_to_output,tx:ee7f32c91d193f036b70329fcaa32bb5887df3e047cac14daf0cc0d0c6b9dff2,1CCfXrFYfg3Yg7WEqjhZEmcvgc8icZV7RF,,ee7f32c91d193f036b70329fcaa32bb5887df3e047cac14daf0cc0d0c6b9dff2:5,ee7f32c91d193f036b70329fcaa32bb5887df3e047cac14daf0cc0d0c6b9dff2,205000,0.42006129,proportional_after_commingling,4
tx_to_output,tx:ee7f32c91d193f036b70329fcaa32bb5887df3e047cac14daf0cc0d0c6b9dff2,bc1qg860m9uz5h9kjjq6pr0myfmy8elrl9zrzhr074,,ee7f32c91d193f036b70329fcaa32bb5887df3e047cac14daf0cc0d0c6b9dff2:6,ee7f32c91d193f036b70329fcaa32bb5887df3e047cac14daf0cc0d0c6b9dff2,355000,0.7274232,proportional_after_commingling,4
tx_to_output,tx:ee7f32c91d193f036b70329fcaa32bb5887df3e047cac14daf0cc0d0c6b9dff2,3CR2q3xSHshMvf46F1X2wUeYh3Fm9VZd84,,ee7f32c91d193f036b70329fcaa32bb5887df3e047cac14daf0cc0d0c6b9dff2:7,ee7f32c91d193f036b70329fcaa32bb5887df3e047cac14daf0cc0d0c6b9dff2,57037000,116.87334404,proportional_after_commingling,4
tx_to_output,tx:ee7f32c91d193f036b70329fcaa32bb5887df3e047cac14daf0cc0d0c6b9dff2,388AFANNKigkn3fHJ47hHDPcKJQ262L7WD,,ee7f32c91d193f036b70329fcaa32bb5887df3e047cac14daf0cc0d0c6b9dff2:8,ee7f32c91d193f036b70329fcaa32bb5887df3e047cac14daf0cc0d0c6b9dff2,901085000,1846.39474745,proportional_after_commingling,4
tx_to_output,tx:ee7f32c91d193f036b70329fcaa32bb5887df3e047cac14daf0cc0d0c6b9dff2,37bGNBCNLFCAKs54jZ3JWa1gxmjNyQ7WUm,,ee7f32c91d193f036b70329fcaa32bb5887df3e047cac14daf0cc0d0c6b9dff2:9,ee7f32c91d193f036b70329fcaa32bb5887df3e047cac14daf0cc0d0c6b9dff2,139000,0.28482204,proportional_after_commingling,4
tx_to_output,tx:ee7f32c91d193f036b70329fcaa32bb5887df3e047cac14daf0cc0d0c6b9dff2,125ycExUXrps7Zh5YJGwnwWPWzHhw8dnmQ,,ee7f32c91d193f036b70329fcaa32bb5887df3e047cac14daf0cc0d0c6b9dff2:10,ee7f32c91d193f036b70329fcaa32bb5887df3e047cac14daf0cc0d0c6b9dff2,1490000,3.05312837,proportional_after_commingling,4
tx_to_output,tx:ee7f32c91d193f036b70329fcaa32bb5887df3e047cac14daf0cc0d0c6b9dff2,1B4UkYMkm1bvZHHSdkCBYnwYWGVLaaSNqU,,ee7f32c91d193f036b70329fcaa32bb5887df3e047cac14daf0cc0d0c6b9dff2:11,ee7f32c91d193f036b70329fcaa32bb5887df3e047cac14daf0cc0d0c6b9dff2,133631,0.27382053,proportional_after_commingling,4
tx_to_output,tx:ee7f32c91d193f036b70329fcaa32bb5887df3e047cac14daf0cc0d0c6b9dff2,3KafKPGTDb7a8SA6eDYs6BM5hq756m9Qck,,ee7f32c91d193f036b70329fcaa32bb5887df3e047cac14daf0cc0d0c6b9dff2:12,ee7f32c91d193f036b70329fcaa32bb5887df3e047cac14daf0cc0d0c6b9dff2,49985000,102.42323582,proportional_after_commingling,4
tx_to_output,tx:ee7f32c91d193f036b70329fcaa32bb5887df3e047cac14daf0cc0d0c6b9dff2,bc1qnl896ekmr43ka6teq9ge9hluune6qkxyyp3z0s,,ee7f32c91d193f036b70329fcaa32bb5887df3e047cac14daf0cc0d0c6b9dff2:13,ee7f32c91d193f036b70329fcaa32bb5887df3e047cac14daf0cc0d0c6b9dff2,475000,0.97331273,proportional_after_commingling,4
tx_to_output,tx:ee7f32c91d193f036b70329fcaa32bb5887df3e047cac14daf0cc0d0c6b9dff2,1LZJDT2yMj9UoAYpgVGWGeBNCRGP1J53bw,,ee7f32c91d193f036b70329fcaa32bb5887df3e047cac14daf0cc0d0c6b9dff2:14,ee7f32c91d193f036b70329fcaa32bb5887df3e047cac14daf0cc0d0c6b9dff2,1333000,2.73142289,proportional_after_commingling,4
tx_to_output,tx:ee7f32c91d193f036b70329fcaa32bb5887df3e047cac14daf0cc0d0c6b9dff2,35iixXsyokV6K3fjyFJ1u292U7VZcnFKHA,,ee7f32c91d193f036b70329fcaa32bb5887df3e047cac14daf0cc0d0c6b9dff2:15,ee7f32c91d193f036b70329fcaa32bb5887df3e047cac14daf0cc0d0c6b9dff2,1360000,2.78674804,proportional_after_commingling,4
tx_to_output,tx:ee7f32c91d193f036b70329fcaa32bb5887df3e047cac14daf0cc0d0c6b9dff2,bc1q3cgmv4gmx8v626rgtqft3s0g9dkd27pmfwq2vx,,ee7f32c91d193f036b70329fcaa32bb5887df3e047cac14daf0cc0d0c6b9dff2:16,ee7f32c91d193f036b70329fcaa32bb5887df3e047cac14daf0cc0d0c6b9dff2,731682,1.49927454,proportional_after_commingling,4
tx_to_output,tx:ee7f32c91d193f036b70329fcaa32bb5887df3e047cac14daf0cc0d0c6b9dff2,3NqjYMsYXovsvyxxzEAmtfVzWf75HiMZVz,,ee7f32c91d193f036b70329fcaa32bb5887df3e047cac14daf0cc0d0c6b9dff2:17,ee7f32c91d193f036b70329fcaa32bb5887df3e047cac14daf0cc0d0c6b9dff2,167500,0.34322081,proportional_after_commingling,4
tx_to_output,tx:ee7f32c91d193f036b70329fcaa32bb5887df3e047cac14daf0cc0d0c6b9dff2,1F7rFvzvKD5w6Ygo3VrTSmyRSmeKTjjWcP,,ee7f32c91d193f036b70329fcaa32bb5887df3e047cac14daf0cc0d0c6b9dff2:18,ee7f32c91d193f036b70329fcaa32bb5887df3e047cac14daf0cc0d0c6b9dff2,368985000,756.07957727,proportional_after_commingling,4
tx_to_output,tx:ee7f32c91d193f036b70329fcaa32bb5887df3e047cac14daf0cc0d0c6b9dff2,bc1qn927y0q82jccfxyq4j6t0c0lgdwk7tjdj2mxa7,,ee7f32c91d193f036b70329fcaa32bb5887df3e047cac14daf0cc0d0c6b9dff2:19,ee7f32c91d193f036b70329fcaa32bb5887df3e047cac14daf0cc0d0c6b9dff2,475000,0.97331273,proportional_after_commingling,4
tx_to_output,tx:ee7f32c91d193f036b70329fcaa32bb5887df3e047cac14daf0cc0d0c6b9dff2,336pmqrq59DboBphkioPQyQbWuq8uTEFLo,,ee7f32c91d193f036b70329fcaa32bb5887df3e047cac14daf0cc0d0c6b9dff2:20,ee7f32c91d193f036b70329fcaa32bb5887df3e047cac14daf0cc0d0c6b9dff2,119000,0.24384045,proportional_after_commingling,4
tx_to_output,tx:ee7f32c91d193f036b70329fcaa32bb5887df3e047cac14daf0cc0d0c6b9dff2,bc1qnmvuzhdk6w7axjjls0gx9k9we75js35vfmp9ex,,ee7f32c91d193f036b70329fcaa32bb5887df3e047cac14daf0cc0d0c6b9dff2:21,ee7f32c91d193f036b70329fcaa32bb5887df3e047cac14daf0cc0d0c6b9dff2,180000,0.3688343,proportional_after_commingling,4
tx_to_output,tx:ee7f32c91d193f036b70329fcaa32bb5887df3e047cac14daf0cc0d0c6b9dff2,36XBUdqqhH3geztXpSnsFaZfS9N7vcSS2Y,,ee7f32c91d193f036b70329fcaa32bb5887df3e047cac14daf0cc0d0c6b9dff2:22,ee7f32c91d193f036b70329fcaa32bb5887df3e047cac14daf0cc0d0c6b9dff2,163000,0.33399995,proportional_after_commingling,4
tx_to_output,tx:ee7f32c91d193f036b70329fcaa32bb5887df3e047cac14daf0cc0d0c6b9dff2,18oG7WuqjMeGkTFHDFijEDtDVTZpuY9JZQ,,ee7f32c91d193f036b70329fcaa32bb5887df3e047cac14daf0cc0d0c6b9dff2:23,ee7f32c91d193f036b70329fcaa32bb5887df3e047cac14daf0cc0d0c6b9dff2,65000,0.13319016,proportional_after_commingling,4
tx_to_output,tx:ee7f32c91d193f036b70329fcaa32bb5887df3e047cac14daf0cc0d0c6b9dff2,bc1qprdluj0zm4t8azmuqf3u4ejcy0fk8qtf9ly73py5wmyrvsmsl8rs94vfkt,,ee7f32c91d193f036b70329fcaa32bb5887df3e047cac14daf0cc0d0c6b9dff2:24,ee7f32c91d193f036b70329fcaa32bb5887df3e047cac14daf0cc0d0c6b9dff2,12625729468,25871.12267151,proportional_after_commingling,4
input_to_tx,3Fa3PdTaxrha5rCYYCHaSCZeWszvaGJdjT,tx:79a59b029b47ee8de3d0b7de08937955a78befda96ac4d3e92130b0eabd02570,cfd2687489ad230d4fc6de3cd5f322e6451877e8564bbfd0bb8f76d0835ef317:1,,79a59b029b47ee8de3d0b7de08937955a78befda96ac4d3e92130b0eabd02570,,5595783.52969314,proportional_after_commingling,3
tx_to_output,tx:79a59b029b47ee8de3d0b7de08937955a78befda96ac4d3e92130b0eabd02570,3Gtg92Ddi91qY6MyzF7iADC5Ap7gMrVq6g,,79a59b029b47ee8de3d0b7de08937955a78befda96ac4d3e92130b0eabd02570:0,79a59b029b47ee8de3d0b7de08937955a78befda96ac4d3e92130b0eabd02570,600000000,3104636.50015876,proportional_after_commingling,4
tx_to_output,tx:79a59b029b47ee8de3d0b7de08937955a78befda96ac4d3e92130b0eabd02570,3FS5qBUJbsApudGxvztuTy2RfSHoEnZaBc,,79a59b029b47ee8de3d0b7de08937955a78befda96ac4d3e92130b0eabd02570:1,79a59b029b47ee8de3d0b7de08937955a78befda96ac4d3e92130b0eabd02570,481415500,2491033.5550703,proportional_after_commingling,4
