event_index,event_type,event_time_utc,seconds_from_reference,interval_index,norad_id,prn,route_sector,lineage,minimum_abs_guard,elevation_mask_deg,dut1_seconds,name,object_id
0,acquire,2026-08-16T05:33:23.390746Z,10.697721870,10,26407,22,3,3059553451,0.000025526,10.000000000,0.000000000,"GPS BIIR-5  (PRN 22)","2000-040A"
1,loss,2026-08-16T05:40:53.858380Z,461.165355782,461,45854,23,0,3980631872,0.000018840,10.000000000,0.000000000,"GPS BIII-3  (PRN 23)","2020-041A"
2,acquire,2026-08-16T05:43:43.264003Z,630.570979036,630,40294,3,0,1680279414,0.000051471,10.000000000,0.000000000,"GPS BIIF-8  (PRN 03)","2014-068A"
3,acquire,2026-08-16T06:13:44.140106Z,2431.447081916,2431,28874,17,4,2899681033,0.000049144,10.000000000,0.000000000,"GPS BIIRM-1 (PRN 17)","2005-038A"
4,loss,2026-08-16T06:39:28.376203Z,3975.683178874,3975,39166,27,4,2309650071,0.000037024,10.000000000,0.000000000,"GPS BIIF-4  (PRN 27)","2013-023A"
5,loss,2026-08-16T06:58:21.197644Z,5108.504619919,5108,41019,10,0,569846513,0.000055207,10.000000000,0.000000000,"GPS BIIF-11 (PRN 10)","2015-062A"
6,acquire,2026-08-16T07:36:38.217880Z,7405.524856056,7405,55268,28,2,2832843074,0.000036147,10.000000000,0.000000000,"GPS BIII-6  (PRN 28)","2023-009A"
7,acquire,2026-08-16T07:36:43.811337Z,7411.118312872,7411,28190,19,4,2392646784,0.000012545,10.000000000,0.000000000,"GPS BIIR-11 (PRN 19)","2004-009A"
8,acquire,2026-08-16T07:40:40.759715Z,7648.066690855,7648,43873,4,1,1184216394,0.000008141,10.000000000,0.000000000,"GPS BIII-1  (PRN 04)","2018-109A"
9,loss,2026-08-16T07:46:54.371455Z,8021.678430868,8021,46826,14,3,251578006,0.000026907,10.000000000,0.000000000,"GPS BIII-4  (PRN 14)","2020-078A"
10,loss,2026-08-16T07:48:15.545891Z,8102.852866877,8102,40730,8,4,3608327408,0.000017291,10.000000000,0.000000000,"GPS BIIF-10 (PRN 08)","2015-033A"
11,acquire,2026-08-16T08:08:10.533519Z,9297.840495066,9297,29486,31,2,3046335785,0.000014047,10.000000000,0.000000000,"GPS BIIRM-2 (PRN 31)","2006-042A"
12,loss,2026-08-16T08:16:14.446648Z,9781.753624394,9781,26407,22,3,3500720547,0.000019446,10.000000000,0.000000000,"GPS BIIR-5  (PRN 22)","2000-040A"
13,acquire,2026-08-16T08:32:09.647435Z,10736.954411500,10736,39741,6,5,691124699,0.000005036,10.000000000,0.000000000,"GPS BIIF-6  (PRN 06)","2014-026A"
14,loss,2026-08-16T08:34:48.463370Z,10895.770345879,10895,41328,32,1,857897838,0.000024772,10.000000000,0.000000000,"GPS BIIF-12 (PRN 32)","2016-007A"
15,acquire,2026-08-16T08:43:06.205396Z,11393.512371559,11393,40105,9,1,807936794,0.000058960,10.000000000,0.000000000,"GPS BIIF-7  (PRN 09)","2014-045A"
16,loss,2026-08-16T09:30:43.515534Z,14250.822510196,14250,28474,2,5,3739798122,0.000020438,10.000000000,0.000000000,"GPS BIIR-13 (PRN 02)","2004-045A"
17,acquire,2026-08-16T09:57:59.762352Z,15887.069328379,15887,48859,11,5,2065299495,0.000007700,10.000000000,0.000000000,"GPS BIII-5  (PRN 11)","2021-054A"
18,loss,2026-08-16T10:04:34.277401Z,16281.584377216,16281,55268,28,2,1719822295,0.000033553,10.000000000,0.000000000,"GPS BIII-6  (PRN 28)","2023-009A"
19,loss,2026-08-16T10:21:02.765322Z,17270.072297711,17270,62339,1,5,810227120,0.000008535,10.000000000,0.000000000,"GPS BIII-7  (PRN 01)","2024-242A"
20,acquire,2026-08-16T10:33:19.657930Z,18006.964906214,18006,32711,7,2,923776271,0.000004152,10.000000000,0.000000000,"GPS BIIRM-6 (PRN 07)","2008-012A"
21,loss,2026-08-16T10:40:57.195060Z,18464.502036165,18464,28874,17,4,3774129184,0.000053925,10.000000000,0.000000000,"GPS BIIRM-1 (PRN 17)","2005-038A"
22,acquire,2026-08-16T11:02:00.746909Z,19728.053884814,19728,64202,21,0,1449054042,0.000005680,10.000000000,0.000000000,"GPS BIII-8  (PRN 21)","2025-116A"
23,loss,2026-08-16T11:06:11.502273Z,19978.809249054,19978,29486,31,2,3415732038,0.000018067,10.000000000,0.000000000,"GPS BIIRM-2 (PRN 31)","2006-042A"
24,acquire,2026-08-16T11:14:58.604439Z,20505.911414769,20505,40534,26,3,3429205952,0.000002045,10.000000000,0.000000000,"GPS BIIF-9  (PRN 26)","2015-013A"
25,loss,2026-08-16T11:23:46.379866Z,21033.686841761,21033,28190,19,4,2858229850,0.000032216,10.000000000,0.000000000,"GPS BIIR-11 (PRN 19)","2004-009A"
26,acquire,2026-08-16T11:44:00.869788Z,22248.176763824,22248,39533,30,2,2295000981,0.000021182,10.000000000,0.000000000,"GPS BIIF-5  (PRN 30)","2014-008A"
27,loss,2026-08-16T11:45:07.187850Z,22314.494825787,22314,40294,3,0,2942549749,0.000052769,10.000000000,0.000000000,"GPS BIIF-8  (PRN 03)","2014-068A"
28,acquire,2026-08-16T11:48:33.925341Z,22521.232316505,22521,27663,16,3,2171330403,0.000012541,10.000000000,0.000000000,"GPS BIIR-8  (PRN 16)","2003-005A"
29,loss,2026-08-16T11:55:26.864292Z,22934.171267531,22934,40534,26,3,540403716,0.000004007,10.000000000,0.000000000,"GPS BIIF-9  (PRN 26)","2015-013A"
30,acquire,2026-08-16T12:29:23.857333Z,24971.164308672,24971,35752,5,0,2357319189,0.000018399,10.000000000,0.000000000,"GPS BIIRM-8 (PRN 05)","2009-043A"
31,acquire,2026-08-16T13:10:05.707716Z,27413.014692455,27413,67588,20,1,1202464818,0.000001524,10.000000000,0.000000000,"GPS BIII-9  (PRN 20)","2026-017A"
32,loss,2026-08-16T13:14:05.039984Z,27652.346959861,27652,43873,4,1,1591222313,0.000036549,10.000000000,0.000000000,"GPS BIII-1  (PRN 04)","2018-109A"
33,loss,2026-08-16T13:22:48.785788Z,28176.092764039,28176,27663,16,3,3378789285,0.000005182,10.000000000,0.000000000,"GPS BIIR-8  (PRN 16)","2003-005A"
34,loss,2026-08-16T13:31:50.244488Z,28717.551463877,28717,39741,6,5,34960940,0.000053524,10.000000000,0.000000000,"GPS BIIF-6  (PRN 06)","2014-026A"
35,acquire,2026-08-16T13:46:55.672445Z,29622.979420585,29622,46826,14,3,4109323405,0.000002276,10.000000000,0.000000000,"GPS BIII-4  (PRN 14)","2020-078A"
36,acquire,2026-08-16T14:14:50.621197Z,31297.928173045,31297,44506,18,5,1755239278,0.000004898,10.000000000,0.000000000,"GPS BIII-2  (PRN 18)","2019-056A"
37,acquire,2026-08-16T14:23:59.252646Z,31846.559622371,31846,26407,22,3,106932267,0.000051823,10.000000000,0.000000000,"GPS BIIR-5  (PRN 22)","2000-040A"
38,loss,2026-08-16T14:26:09.754402Z,31977.061378086,31977,48859,11,5,1315801770,0.000006840,10.000000000,0.000000000,"GPS BIII-5  (PRN 11)","2021-054A"
39,acquire,2026-08-16T14:31:29.028887Z,32296.335863125,32296,32260,15,1,3450371559,0.000036432,10.000000000,0.000000000,"GPS BIIRM-4 (PRN 15)","2007-047A"
40,loss,2026-08-16T14:37:46.812933Z,32674.119908692,32674,40105,9,1,1460231285,0.000012597,10.000000000,0.000000000,"GPS BIIF-7  (PRN 09)","2014-045A"
41,acquire,2026-08-16T15:41:47.927660Z,36515.234635988,36515,38833,24,2,3126511927,0.000025659,10.000000000,0.000000000,"GPS BIIF-3  (PRN 24)","2012-053A"
42,loss,2026-08-16T15:54:19.654873Z,37266.961849155,37266,32711,7,2,1708643453,0.000004049,10.000000000,0.000000000,"GPS BIIRM-6 (PRN 07)","2008-012A"
43,acquire,2026-08-16T15:54:37.321226Z,37284.628202106,37284,45854,23,0,3840157294,0.000038569,10.000000000,0.000000000,"GPS BIII-3  (PRN 23)","2020-041A"
44,loss,2026-08-16T16:15:49.348284Z,38556.655259550,38556,44506,18,5,1879319234,0.000022691,10.000000000,0.000000000,"GPS BIII-2  (PRN 18)","2019-056A"
45,acquire,2026-08-16T16:28:04.604530Z,39291.911506080,39291,28874,17,4,2237595683,0.000008410,10.000000000,0.000000000,"GPS BIIRM-1 (PRN 17)","2005-038A"
46,loss,2026-08-16T16:28:40.298567Z,39327.605543232,39327,64202,21,0,62586979,0.000047956,10.000000000,0.000000000,"GPS BIII-8  (PRN 21)","2025-116A"
47,acquire,2026-08-16T17:05:31.904236Z,41539.211212243,41539,41019,10,0,3582801674,0.000019193,10.000000000,0.000000000,"GPS BIIF-11 (PRN 10)","2015-062A"
48,acquire,2026-08-16T17:10:26.657925Z,41833.964901148,41833,28190,19,4,2317150337,0.000003576,10.000000000,0.000000000,"GPS BIIR-11 (PRN 19)","2004-009A"
49,acquire,2026-08-16T17:19:35.814036Z,42383.121012088,42383,68791,13,3,3840191273,0.000014384,10.000000000,0.000000000,"GPS BIII-10 (PRN 13)","2026-087A"
50,loss,2026-08-16T17:21:05.337279Z,42472.644255082,42472,35752,5,0,97838343,0.000042037,10.000000000,0.000000000,"GPS BIIRM-8 (PRN 05)","2009-043A"
51,loss,2026-08-16T17:28:05.639094Z,42892.946070061,42892,39533,30,2,532784710,0.000005652,10.000000000,0.000000000,"GPS BIIF-5  (PRN 30)","2014-008A"
52,acquire,2026-08-16T17:32:33.724586Z,43161.031561510,43161,29601,12,3,2744906621,0.000003757,10.000000000,0.000000000,"GPS BIIRM-3 (PRN 12)","2006-052A"
53,loss,2026-08-16T18:32:06.396096Z,46733.703072218,46733,46826,14,3,4291017635,0.000032981,10.000000000,0.000000000,"GPS BIII-4  (PRN 14)","2020-078A"
54,acquire,2026-08-16T18:49:30.677865Z,47777.984840999,47777,41328,32,1,2653723674,0.000001632,10.000000000,0.000000000,"GPS BIIF-12 (PRN 32)","2016-007A"
55,acquire,2026-08-16T18:49:36.449501Z,47783.756477423,47783,36585,25,3,4279501869,0.000027584,10.000000000,0.000000000,"GPS BIIF-1  (PRN 25)","2010-022A"
56,loss,2026-08-16T19:03:28.430300Z,48615.737276236,48615,67588,20,1,3747731159,0.000032129,10.000000000,0.000000000,"GPS BIII-9  (PRN 20)","2026-017A"
57,loss,2026-08-16T19:18:54.941015Z,49542.247991025,49542,26407,22,3,2218314037,0.000026451,10.000000000,0.000000000,"GPS BIIR-5  (PRN 22)","2000-040A"
58,loss,2026-08-16T19:20:53.401384Z,49660.708360333,49660,45854,23,0,3754947285,0.000029039,10.000000000,0.000000000,"GPS BIII-3  (PRN 23)","2020-041A"
59,acquire,2026-08-16T19:45:10.612110Z,51117.919085784,51117,39741,6,5,822604795,0.000006561,10.000000000,0.000000000,"GPS BIIF-6  (PRN 06)","2014-026A"
60,loss,2026-08-16T19:47:19.967560Z,51247.274535537,51247,32260,15,1,2307942495,0.000032373,10.000000000,0.000000000,"GPS BIIRM-4 (PRN 15)","2007-047A"
61,loss,2026-08-16T19:55:05.235730Z,51712.542705715,51712,28874,17,4,646132723,0.000045104,10.000000000,0.000000000,"GPS BIIRM-1 (PRN 17)","2005-038A"
62,loss,2026-08-16T19:56:35.573752Z,51802.880728461,51802,41019,10,0,3402654178,0.000010491,10.000000000,0.000000000,"GPS BIIF-11 (PRN 10)","2015-062A"
63,acquire,2026-08-16T20:16:39.628135Z,53006.935110948,53006,55268,28,2,3968558560,0.000007109,10.000000000,0.000000000,"GPS BIII-6  (PRN 28)","2023-009A"
64,acquire,2026-08-16T20:18:53.498451Z,53140.805426979,53140,48859,11,5,3945739718,0.000018074,10.000000000,0.000000000,"GPS BIII-5  (PRN 11)","2021-054A"
65,acquire,2026-08-16T20:28:57.908733Z,53745.215709498,53745,32384,29,4,3518189956,0.000026134,10.000000000,0.000000000,"GPS BIIRM-5 (PRN 29)","2007-062A"
66,loss,2026-08-16T21:13:16.151501Z,56403.458477193,56403,28190,19,4,3542809039,0.000051127,10.000000000,0.000000000,"GPS BIIR-11 (PRN 19)","2004-009A"
67,acquire,2026-08-16T21:25:56.173515Z,57163.480491472,57163,29486,31,2,3460313867,0.000055031,10.000000000,0.000000000,"GPS BIIRM-2 (PRN 31)","2006-042A"
68,loss,2026-08-16T21:37:37.220321Z,57864.527297379,57864,38833,24,2,3384380462,0.000054015,10.000000000,0.000000000,"GPS BIIF-3  (PRN 24)","2012-053A"
69,loss,2026-08-16T22:19:45.089926Z,60392.396901708,60392,39741,6,5,2659043075,0.000033796,10.000000000,0.000000000,"GPS BIIF-6  (PRN 06)","2014-026A"
70,acquire,2026-08-16T22:24:08.970299Z,60656.277275237,60656,40534,26,3,1844548141,0.000030007,10.000000000,0.000000000,"GPS BIIF-9  (PRN 26)","2015-013A"
71,acquire,2026-08-16T22:47:36.572736Z,62063.879711517,62063,44506,18,5,886293506,0.000014375,10.000000000,0.000000000,"GPS BIII-2  (PRN 18)","2019-056A"
72,loss,2026-08-16T22:50:28.510047Z,62235.817022568,62235,41328,32,1,2900343408,0.000019353,10.000000000,0.000000000,"GPS BIIF-12 (PRN 32)","2016-007A"
73,acquire,2026-08-16T23:19:03.574833Z,63950.881808785,63950,43873,4,1,127475952,0.000004904,10.000000000,0.000000000,"GPS BIII-1  (PRN 04)","2018-109A"
74,loss,2026-08-16T23:22:53.263849Z,64180.570824713,64180,68791,13,3,60638375,0.000045957,10.000000000,0.000000000,"GPS BIII-10 (PRN 13)","2026-087A"
75,acquire,2026-08-16T23:25:20.062016Z,64327.368991637,64327,64202,21,0,1309345553,0.000017689,10.000000000,0.000000000,"GPS BIII-8  (PRN 21)","2025-116A"
76,loss,2026-08-16T23:29:44.985404Z,64592.292380272,64592,29601,12,3,2563262719,0.000031019,10.000000000,0.000000000,"GPS BIIRM-3 (PRN 12)","2006-052A"
77,acquire,2026-08-16T23:33:07.016808Z,64794.323783729,64794,35752,5,0,3925431959,0.000026960,10.000000000,0.000000000,"GPS BIIRM-8 (PRN 05)","2009-043A"
78,loss,2026-08-16T23:37:45.389282Z,65072.696257943,65072,48859,11,5,420093448,0.000030342,10.000000000,0.000000000,"GPS BIII-5  (PRN 11)","2021-054A"
79,acquire,2026-08-16T23:37:56.331339Z,65083.638314555,65083,27663,16,3,2270975387,0.000039973,10.000000000,0.000000000,"GPS BIIR-8  (PRN 16)","2003-005A"
80,loss,2026-08-17T00:29:37.340475Z,68184.647451247,68184,43873,4,1,693040597,0.000014336,10.000000000,0.000000000,"GPS BIII-1  (PRN 04)","2018-109A"
81,acquire,2026-08-17T00:42:01.676006Z,68928.982981700,68928,39166,27,4,3637322041,0.000001839,10.000000000,0.000000000,"GPS BIIF-4  (PRN 27)","2013-023A"
82,loss,2026-08-17T00:50:43.117928Z,69450.424904125,69450,64202,21,0,365829547,0.000021000,10.000000000,0.000000000,"GPS BIII-8  (PRN 21)","2025-116A"
83,loss,2026-08-17T00:52:53.020177Z,69580.327153093,69580,36585,25,3,2532562238,0.000036426,10.000000000,0.000000000,"GPS BIIF-1  (PRN 25)","2010-022A"
84,acquire,2026-08-17T01:11:07.071618Z,70674.378594049,70674,45854,23,0,1265167214,0.000042472,10.000000000,0.000000000,"GPS BIII-3  (PRN 23)","2020-041A"
85,loss,2026-08-17T01:16:08.459654Z,70975.766630476,70975,55268,28,2,3585311395,0.000027413,10.000000000,0.000000000,"GPS BIII-6  (PRN 28)","2023-009A"
86,acquire,2026-08-17T01:59:31.636965Z,73578.943940709,73578,41019,10,0,3854456105,0.000006635,10.000000000,0.000000000,"GPS BIIF-11 (PRN 10)","2015-062A"
87,acquire,2026-08-17T02:00:35.506303Z,73642.813279369,73642,32711,7,2,1419395924,0.000012142,10.000000000,0.000000000,"GPS BIIRM-6 (PRN 07)","2008-012A"
88,loss,2026-08-17T02:02:46.933938Z,73774.240913843,73774,29486,31,2,4175036464,0.000026718,10.000000000,0.000000000,"GPS BIIRM-2 (PRN 31)","2006-042A"
89,acquire,2026-08-17T02:08:14.806532Z,74102.113508425,74102,40730,8,4,3817732674,0.000012230,10.000000000,0.000000000,"GPS BIIF-10 (PRN 08)","2015-033A"
90,loss,2026-08-17T02:12:58.943009Z,74386.249984833,74386,35752,5,0,1645796332,0.000022258,10.000000000,0.000000000,"GPS BIIRM-8 (PRN 05)","2009-043A"
91,loss,2026-08-17T02:16:16.259390Z,74583.566365655,74583,32384,29,4,274265958,0.000045430,10.000000000,0.000000000,"GPS BIIRM-5 (PRN 29)","2007-062A"
92,acquire,2026-08-17T02:47:57.160521Z,76484.467496526,76484,32260,15,1,1013068908,0.000021488,10.000000000,0.000000000,"GPS BIIRM-4 (PRN 15)","2007-047A"
93,acquire,2026-08-17T03:11:21.340104Z,77888.647080105,77888,28474,2,5,126304376,0.000040052,10.000000000,0.000000000,"GPS BIIR-13 (PRN 02)","2004-045A"
94,loss,2026-08-17T03:52:24.692218Z,80351.999194223,80351,40534,26,3,1152387823,0.000000094,10.000000000,0.000000000,"GPS BIIF-9  (PRN 26)","2015-013A"
95,loss,2026-08-17T04:02:58.578403Z,80985.885379063,80985,44506,18,5,3437694778,0.000012450,10.000000000,0.000000000,"GPS BIII-2  (PRN 18)","2019-056A"
96,loss,2026-08-17T04:05:16.603184Z,81123.910160135,81123,32711,7,2,1959776413,0.000005721,10.000000000,0.000000000,"GPS BIIRM-6 (PRN 07)","2008-012A"
97,loss,2026-08-17T04:08:11.125754Z,81298.432729521,81298,32260,15,1,935924913,0.000020744,10.000000000,0.000000000,"GPS BIIRM-4 (PRN 15)","2007-047A"
98,acquire,2026-08-17T04:11:03.697035Z,81471.004010921,81471,62339,1,5,1285593803,0.000000434,10.000000000,0.000000000,"GPS BIII-7  (PRN 01)","2024-242A"
99,acquire,2026-08-17T04:34:29.862591Z,82877.169566991,82877,41328,32,1,1542916843,0.000017454,10.000000000,0.000000000,"GPS BIIF-12 (PRN 32)","2016-007A"
100,acquire,2026-08-17T04:49:18.960848Z,83766.267824309,83766,46826,14,3,4083887521,0.000023678,10.000000000,0.000000000,"GPS BIII-4  (PRN 14)","2020-078A"
101,loss,2026-08-17T04:54:57.752498Z,84105.059474135,84105,27663,16,3,730421465,0.000006974,10.000000000,0.000000000,"GPS BIIR-8  (PRN 16)","2003-005A"
102,acquire,2026-08-17T05:29:20.788124Z,86168.095099735,86168,26407,22,3,1376869159,0.000008029,10.000000000,0.000000000,"GPS BIIR-5  (PRN 22)","2000-040A"
103,loss,2026-08-17T05:36:52.807691Z,86620.114667176,86620,45854,23,0,3830651247,0.000013065,10.000000000,0.000000000,"GPS BIII-3  (PRN 23)","2020-041A"
104,acquire,2026-08-17T05:39:43.196921Z,86790.503897452,86790,40294,3,0,4146361820,0.000059516,10.000000000,0.000000000,"GPS BIIF-8  (PRN 03)","2014-068A"
105,acquire,2026-08-17T06:09:39.362544Z,88586.669520365,88586,28874,17,4,1444034543,0.000036327,10.000000000,0.000000000,"GPS BIIRM-1 (PRN 17)","2005-038A"
106,loss,2026-08-17T06:35:22.459425Z,90129.766401344,90129,39166,27,4,1911456493,0.000027299,10.000000000,0.000000000,"GPS BIIF-4  (PRN 27)","2013-023A"
107,loss,2026-08-17T06:54:14.894150Z,91262.201126195,91262,41019,10,0,593211286,0.000022414,10.000000000,0.000000000,"GPS BIIF-11 (PRN 10)","2015-062A"
108,acquire,2026-08-17T07:32:32.299231Z,93559.606206556,93559,55268,28,2,3414244077,0.000029953,10.000000000,0.000000000,"GPS BIII-6  (PRN 28)","2023-009A"
109,acquire,2026-08-17T07:32:43.976791Z,93571.283767500,93571,28190,19,4,174307136,0.000030085,10.000000000,0.000000000,"GPS BIIR-11 (PRN 19)","2004-009A"
110,acquire,2026-08-17T07:36:34.783553Z,93802.090529449,93802,43873,4,1,4287706246,0.000011052,10.000000000,0.000000000,"GPS BIII-1  (PRN 04)","2018-109A"
111,loss,2026-08-17T07:42:48.525590Z,94175.832566404,94175,46826,14,3,868814274,0.000014011,10.000000000,0.000000000,"GPS BIII-4  (PRN 14)","2020-078A"
112,loss,2026-08-17T07:44:14.059203Z,94261.366179288,94261,40730,8,4,1731931872,0.000043033,10.000000000,0.000000000,"GPS BIIF-10 (PRN 08)","2015-033A"
113,acquire,2026-08-17T08:04:04.556319Z,95451.863295383,95451,29486,31,2,693089981,0.000012037,10.000000000,0.000000000,"GPS BIIRM-2 (PRN 31)","2006-042A"
114,loss,2026-08-17T08:12:10.080698Z,95937.387673910,95937,26407,22,3,688808873,0.000030596,10.000000000,0.000000000,"GPS BIIR-5  (PRN 22)","2000-040A"
115,acquire,2026-08-17T08:28:09.206060Z,96896.513035989,96896,39741,6,5,2338468575,0.000053800,10.000000000,0.000000000,"GPS BIIF-6  (PRN 06)","2014-026A"
116,loss,2026-08-17T08:30:36.999371Z,97044.306347138,97044,41328,32,1,2084807928,0.000033042,10.000000000,0.000000000,"GPS BIIF-12 (PRN 32)","2016-007A"
117,acquire,2026-08-17T08:39:01.009013Z,97548.315989045,97548,40105,9,1,3283973940,0.000038207,10.000000000,0.000000000,"GPS BIIF-7  (PRN 09)","2014-045A"
118,loss,2026-08-17T09:26:41.022112Z,100408.329087852,100408,28474,2,5,2737481294,0.000037894,10.000000000,0.000000000,"GPS BIIR-13 (PRN 02)","2004-045A"
119,acquire,2026-08-17T09:53:53.826191Z,102041.133166512,102041,48859,11,5,2056797316,0.000014790,10.000000000,0.000000000,"GPS BIII-5  (PRN 11)","2021-054A"
120,loss,2026-08-17T10:00:26.297676Z,102433.604651764,102433,55268,28,2,2853334423,0.000031909,10.000000000,0.000000000,"GPS BIII-6  (PRN 28)","2023-009A"
121,loss,2026-08-17T10:16:52.780117Z,103420.087092946,103420,62339,1,5,4019547969,0.000010281,10.000000000,0.000000000,"GPS BIII-7  (PRN 01)","2024-242A"
122,acquire,2026-08-17T10:29:18.838782Z,104166.145758224,104166,32711,7,2,2233889195,0.000017247,10.000000000,0.000000000,"GPS BIIRM-6 (PRN 07)","2008-012A"
123,loss,2026-08-17T10:36:51.978875Z,104619.285850605,104619,28874,17,4,825989545,0.000030954,10.000000000,0.000000000,"GPS BIIRM-1 (PRN 17)","2005-038A"
124,acquire,2026-08-17T10:57:50.916697Z,105878.223673035,105878,64202,21,0,3705589830,0.000023579,10.000000000,0.000000000,"GPS BIII-8  (PRN 21)","2025-116A"
125,loss,2026-08-17T11:02:04.229169Z,106131.536145082,106131,29486,31,2,144001119,0.000043932,10.000000000,0.000000000,"GPS BIIRM-2 (PRN 31)","2006-042A"
126,acquire,2026-08-17T11:10:54.513337Z,106661.820312523,106661,40534,26,3,3169894061,0.000004133,10.000000000,0.000000000,"GPS BIIF-9  (PRN 26)","2015-013A"
127,loss,2026-08-17T11:19:43.575986Z,107190.882961985,107190,28190,19,4,3249358693,0.000012038,10.000000000,0.000000000,"GPS BIIR-11 (PRN 19)","2004-009A"
128,acquire,2026-08-17T11:39:54.878200Z,108402.185176087,108402,39533,30,2,234974832,0.000022190,10.000000000,0.000000000,"GPS BIIF-5  (PRN 30)","2014-008A"
129,loss,2026-08-17T11:41:07.834863Z,108475.141839464,108475,40294,3,0,4269176640,0.000015127,10.000000000,0.000000000,"GPS BIIF-8  (PRN 03)","2014-068A"
130,acquire,2026-08-17T11:44:28.865008Z,108676.171983576,108676,27663,16,3,3429741078,0.000009290,10.000000000,0.000000000,"GPS BIIR-8  (PRN 16)","2003-005A"
131,loss,2026-08-17T11:51:13.428631Z,109080.735607458,109080,40534,26,3,2185500517,0.000006160,10.000000000,0.000000000,"GPS BIIF-9  (PRN 26)","2015-013A"
132,acquire,2026-08-17T12:25:10.674417Z,111117.981393474,111117,35752,5,0,1991547820,0.000002083,10.000000000,0.000000000,"GPS BIIRM-8 (PRN 05)","2009-043A"
133,acquire,2026-08-17T13:05:55.973415Z,113563.280390698,113563,67588,20,1,898636927,0.000029084,10.000000000,0.000000000,"GPS BIII-9  (PRN 20)","2026-017A"
134,loss,2026-08-17T13:09:58.961247Z,113806.268222520,113806,43873,4,1,2668099709,0.000028255,10.000000000,0.000000000,"GPS BIII-1  (PRN 04)","2018-109A"
135,loss,2026-08-17T13:18:47.504574Z,114334.811550102,114334,27663,16,3,4021937871,0.000010532,10.000000000,0.000000000,"GPS BIIR-8  (PRN 16)","2003-005A"
136,loss,2026-08-17T13:27:48.202006Z,114875.508982035,114875,39741,6,5,2063628048,0.000058590,10.000000000,0.000000000,"GPS BIIF-6  (PRN 06)","2014-026A"
137,acquire,2026-08-17T13:42:49.480241Z,115776.787217023,115776,46826,14,3,3921337627,0.000023532,10.000000000,0.000000000,"GPS BIII-4  (PRN 14)","2020-078A"
138,acquire,2026-08-17T14:10:41.910301Z,117449.217277034,117449,44506,18,5,1911628925,0.000014818,10.000000000,0.000000000,"GPS BIII-2  (PRN 18)","2019-056A"
139,acquire,2026-08-17T14:19:56.041648Z,118003.348624378,118003,26407,22,3,2287212957,0.000041028,10.000000000,0.000000000,"GPS BIIR-5  (PRN 22)","2000-040A"
140,loss,2026-08-17T14:22:04.053040Z,118131.360016464,118131,48859,11,5,1958994633,0.000040117,10.000000000,0.000000000,"GPS BIII-5  (PRN 11)","2021-054A"
141,acquire,2026-08-17T14:27:29.335694Z,118456.642669611,118456,32260,15,1,201610972,0.000038762,10.000000000,0.000000000,"GPS BIIRM-4 (PRN 15)","2007-047A"
142,loss,2026-08-17T14:33:41.773742Z,118829.080718073,118829,40105,9,1,83596276,0.000008480,10.000000000,0.000000000,"GPS BIIF-7  (PRN 09)","2014-045A"
143,acquire,2026-08-17T15:37:39.044175Z,122666.351151031,122666,38833,24,2,2966574592,0.000038401,10.000000000,0.000000000,"GPS BIIF-3  (PRN 24)","2012-053A"
144,loss,2026-08-17T15:50:21.280364Z,123428.587339598,123428,32711,7,2,1239030492,0.000043789,10.000000000,0.000000000,"GPS BIIRM-6 (PRN 07)","2008-012A"
145,acquire,2026-08-17T15:50:35.944816Z,123443.251791745,123443,45854,23,0,3936814447,0.000026118,10.000000000,0.000000000,"GPS BIII-3  (PRN 23)","2020-041A"
146,loss,2026-08-17T16:11:42.866533Z,124710.173508917,124710,44506,18,5,1310294992,0.000011424,10.000000000,0.000000000,"GPS BIII-2  (PRN 18)","2019-056A"
147,acquire,2026-08-17T16:23:59.276506Z,125446.583482129,125446,28874,17,4,2885143949,0.000039586,10.000000000,0.000000000,"GPS BIIRM-1 (PRN 17)","2005-038A"
148,loss,2026-08-17T16:24:31.735359Z,125479.042335370,125479,64202,21,0,4171629260,0.000005147,10.000000000,0.000000000,"GPS BIII-8  (PRN 21)","2025-116A"
149,acquire,2026-08-17T17:01:25.480544Z,127692.787520187,127692,41019,10,0,2233416582,0.000019311,10.000000000,0.000000000,"GPS BIIF-11 (PRN 10)","2015-062A"
150,acquire,2026-08-17T17:06:23.908925Z,127991.215900844,127991,28190,19,4,422485284,0.000021997,10.000000000,0.000000000,"GPS BIIR-11 (PRN 19)","2004-009A"
151,acquire,2026-08-17T17:15:25.027345Z,128532.334320522,128532,68791,13,3,357090191,0.000039742,10.000000000,0.000000000,"GPS BIII-10 (PRN 13)","2026-087A"
152,loss,2026-08-17T17:16:54.921046Z,128622.228022386,128622,35752,5,0,3263186344,0.000026947,10.000000000,0.000000000,"GPS BIIRM-8 (PRN 05)","2009-043A"
153,loss,2026-08-17T17:23:59.634427Z,129046.941402684,129046,39533,30,2,1342698418,0.000006141,10.000000000,0.000000000,"GPS BIIF-5  (PRN 30)","2014-008A"
154,acquire,2026-08-17T17:28:29.546752Z,129316.853727968,129316,29601,12,3,3878814995,0.000017410,10.000000000,0.000000000,"GPS BIIRM-3 (PRN 12)","2006-052A"
155,loss,2026-08-17T18:27:59.904709Z,132887.211685267,132887,46826,14,3,541825016,0.000023512,10.000000000,0.000000000,"GPS BIII-4  (PRN 14)","2020-078A"
156,acquire,2026-08-17T18:45:19.119532Z,133926.426507601,133926,41328,32,1,1439157567,0.000045927,10.000000000,0.000000000,"GPS BIIF-12 (PRN 32)","2016-007A"
157,acquire,2026-08-17T18:45:30.036199Z,133937.343174587,133937,36585,25,3,1822256363,0.000038872,10.000000000,0.000000000,"GPS BIIF-1  (PRN 25)","2010-022A"
158,loss,2026-08-17T18:59:19.576867Z,134766.883843012,134766,67588,20,1,3764407997,0.000014205,10.000000000,0.000000000,"GPS BIII-9  (PRN 20)","2026-017A"
159,loss,2026-08-17T19:14:52.734173Z,135700.041148874,135700,26407,22,3,2241991973,0.000004389,10.000000000,0.000000000,"GPS BIIR-5  (PRN 22)","2000-040A"
160,loss,2026-08-17T19:16:50.216044Z,135817.523020003,135817,45854,23,0,941967368,0.000047491,10.000000000,0.000000000,"GPS BIII-3  (PRN 23)","2020-041A"
161,acquire,2026-08-17T19:41:07.055306Z,137274.362281826,137274,39741,6,5,2694481487,0.000029377,10.000000000,0.000000000,"GPS BIIF-6  (PRN 06)","2014-026A"
162,loss,2026-08-17T19:43:18.394139Z,137405.701115323,137405,32260,15,1,2062423098,0.000035245,10.000000000,0.000000000,"GPS BIIRM-4 (PRN 15)","2007-047A"
163,loss,2026-08-17T19:51:00.465758Z,137867.772733618,137867,28874,17,4,2434660696,0.000022416,10.000000000,0.000000000,"GPS BIIRM-1 (PRN 17)","2005-038A"
164,loss,2026-08-17T19:52:30.293947Z,137957.600923223,137957,41019,10,0,1275474629,0.000035107,10.000000000,0.000000000,"GPS BIIF-11 (PRN 10)","2015-062A"
165,acquire,2026-08-17T20:12:31.637999Z,139158.944975119,139158,55268,28,2,3448181821,0.000006028,10.000000000,0.000000000,"GPS BIII-6  (PRN 28)","2023-009A"
166,acquire,2026-08-17T20:14:47.848769Z,139295.155745232,139295,48859,11,5,2759008991,0.000014466,10.000000000,0.000000000,"GPS BIII-5  (PRN 11)","2021-054A"
167,acquire,2026-08-17T20:24:52.274678Z,139899.581654199,139899,32384,29,4,2724590904,0.000050683,10.000000000,0.000000000,"GPS BIIRM-5 (PRN 29)","2007-062A"
168,loss,2026-08-17T21:09:16.477588Z,142563.784563668,142563,28190,19,4,2544122626,0.000024025,10.000000000,0.000000000,"GPS BIIR-11 (PRN 19)","2004-009A"
169,acquire,2026-08-17T21:21:48.990982Z,143316.297958119,143316,29486,31,2,945660616,0.000034125,10.000000000,0.000000000,"GPS BIIRM-2 (PRN 31)","2006-042A"
170,loss,2026-08-17T21:33:28.416884Z,144015.723859938,144015,38833,24,2,4063168990,0.000031554,10.000000000,0.000000000,"GPS BIIF-3  (PRN 24)","2012-053A"
171,loss,2026-08-17T22:15:43.994291Z,146551.301267435,146551,39741,6,5,3347224657,0.000025658,10.000000000,0.000000000,"GPS BIIF-6  (PRN 06)","2014-026A"
172,acquire,2026-08-17T22:19:57.788218Z,146805.095193958,146805,40534,26,3,2895645489,0.000010302,10.000000000,0.000000000,"GPS BIIF-9  (PRN 26)","2015-013A"
173,acquire,2026-08-17T22:43:28.462912Z,148215.769887815,148215,44506,18,5,3686446614,0.000027498,10.000000000,0.000000000,"GPS BIII-2  (PRN 18)","2019-056A"
174,loss,2026-08-17T22:46:19.877097Z,148387.184073276,148387,41328,32,1,1271635092,0.000019471,10.000000000,0.000000000,"GPS BIIF-12 (PRN 32)","2016-007A"
175,acquire,2026-08-17T23:14:57.200574Z,150104.507550489,150104,43873,4,1,2559026034,0.000020433,10.000000000,0.000000000,"GPS BIII-1  (PRN 04)","2018-109A"
176,loss,2026-08-17T23:18:41.651294Z,150328.958269746,150328,68791,13,3,1202971629,0.000004468,10.000000000,0.000000000,"GPS BIII-10 (PRN 13)","2026-087A"
177,acquire,2026-08-17T23:21:13.832112Z,150481.139087565,150481,64202,21,0,2610685907,0.000006664,10.000000000,0.000000000,"GPS BIII-8  (PRN 21)","2025-116A"
178,loss,2026-08-17T23:25:41.086625Z,150748.393601206,150748,29601,12,3,130613748,0.000041758,10.000000000,0.000000000,"GPS BIIRM-3 (PRN 12)","2006-052A"
179,acquire,2026-08-17T23:28:59.179578Z,150946.486554313,150946,35752,5,0,4031563803,0.000040501,10.000000000,0.000000000,"GPS BIIRM-8 (PRN 05)","2009-043A"
180,loss,2026-08-17T23:33:39.303577Z,151226.610552695,151226,48859,11,5,3463037835,0.000038902,10.000000000,0.000000000,"GPS BIII-5  (PRN 11)","2021-054A"
181,acquire,2026-08-17T23:33:54.871575Z,151242.178550791,151242,27663,16,3,274984327,0.000019734,10.000000000,0.000000000,"GPS BIIR-8  (PRN 16)","2003-005A"
182,loss,2026-08-18T00:25:32.035136Z,154339.342111573,154339,43873,4,1,1986683480,0.000013916,10.000000000,0.000000000,"GPS BIII-1  (PRN 04)","2018-109A"
183,acquire,2026-08-18T00:37:56.100685Z,155083.407660533,155083,39166,27,4,2067621017,0.000044053,10.000000000,0.000000000,"GPS BIIF-4  (PRN 27)","2013-023A"
184,loss,2026-08-18T00:46:33.827952Z,155601.134928256,155601,64202,21,0,3151014111,0.000006666,10.000000000,0.000000000,"GPS BIII-8  (PRN 21)","2025-116A"
185,loss,2026-08-18T00:48:46.544089Z,155733.851065278,155733,36585,25,3,3170449502,0.000016583,10.000000000,0.000000000,"GPS BIIF-1  (PRN 25)","2010-022A"
186,acquire,2026-08-18T01:07:04.406546Z,156831.713522472,156831,45854,23,0,434051133,0.000032141,10.000000000,0.000000000,"GPS BIII-3  (PRN 23)","2020-041A"
187,loss,2026-08-18T01:12:01.365370Z,157128.672345962,157128,55268,28,2,2081428279,0.000038489,10.000000000,0.000000000,"GPS BIII-6  (PRN 28)","2023-009A"
188,acquire,2026-08-18T01:55:25.880343Z,159733.187319302,159733,41019,10,0,3242958417,0.000022170,10.000000000,0.000000000,"GPS BIIF-11 (PRN 10)","2015-062A"
189,acquire,2026-08-18T01:56:36.837094Z,159804.144069877,159804,32711,7,2,1452201512,0.000009361,10.000000000,0.000000000,"GPS BIIRM-6 (PRN 07)","2008-012A"
190,loss,2026-08-18T01:58:40.298366Z,159927.605342192,159927,29486,31,2,3808472400,0.000043769,10.000000000,0.000000000,"GPS BIIRM-2 (PRN 31)","2006-042A"
191,acquire,2026-08-18T02:04:15.266767Z,160262.573742899,160262,40730,8,4,3654250930,0.000045926,10.000000000,0.000000000,"GPS BIIF-10 (PRN 08)","2015-033A"
192,loss,2026-08-18T02:08:46.609410Z,160533.916385786,160533,35752,5,0,3357325140,0.000007442,10.000000000,0.000000000,"GPS BIIRM-8 (PRN 05)","2009-043A"
193,loss,2026-08-18T02:12:10.800372Z,160738.107348374,160738,32384,29,4,2327778595,0.000011246,10.000000000,0.000000000,"GPS BIIRM-5 (PRN 29)","2007-062A"
194,acquire,2026-08-18T02:43:51.353700Z,162638.660676254,162638,32260,15,1,1956020696,0.000015618,10.000000000,0.000000000,"GPS BIIRM-4 (PRN 15)","2007-047A"
195,acquire,2026-08-18T03:07:19.270105Z,164046.577080531,164046,28474,2,5,1138539035,0.000047995,10.000000000,0.000000000,"GPS BIIR-13 (PRN 02)","2004-045A"
196,loss,2026-08-18T03:48:14.847190Z,166502.154166434,166502,40534,26,3,3610852549,0.000017895,10.000000000,0.000000000,"GPS BIIF-9  (PRN 26)","2015-013A"
197,loss,2026-08-18T03:58:49.353560Z,167136.660536161,167136,44506,18,5,3022061220,0.000036872,10.000000000,0.000000000,"GPS BIII-2  (PRN 18)","2019-056A"
198,loss,2026-08-18T04:01:12.379524Z,167279.686499904,167279,32711,7,2,2498439930,0.000019951,10.000000000,0.000000000,"GPS BIIRM-6 (PRN 07)","2008-012A"
199,loss,2026-08-18T04:04:12.324693Z,167459.631669094,167459,32260,15,1,1031062993,0.000017680,10.000000000,0.000000000,"GPS BIIRM-4 (PRN 15)","2007-047A"
200,acquire,2026-08-18T04:06:53.113369Z,167620.420344953,167620,62339,1,5,2554426043,0.000045477,10.000000000,0.000000000,"GPS BIII-7  (PRN 01)","2024-242A"
201,acquire,2026-08-18T04:30:21.370886Z,169028.677862428,169028,41328,32,1,781154551,0.000033156,10.000000000,0.000000000,"GPS BIIF-12 (PRN 32)","2016-007A"
202,acquire,2026-08-18T04:45:12.370991Z,169919.677966866,169919,46826,14,3,612568548,0.000028473,10.000000000,0.000000000,"GPS BIII-4  (PRN 14)","2020-078A"
203,loss,2026-08-18T04:50:55.033543Z,170262.340519077,170262,27663,16,3,1151578196,0.000039927,10.000000000,0.000000000,"GPS BIIR-8  (PRN 16)","2003-005A"
204,acquire,2026-08-18T05:25:18.377396Z,172325.684372134,172325,26407,22,3,193174275,0.000026647,10.000000000,0.000000000,"GPS BIIR-5  (PRN 22)","2000-040A"
205,loss,2026-08-18T05:32:51.837921Z,172779.144897163,172779,45854,23,0,3864833067,0.000016510,10.000000000,0.000000000,"GPS BIII-3  (PRN 23)","2020-041A"
206,acquire,2026-08-18T05:35:43.235687Z,172950.542662980,172950,40294,3,0,3073107614,0.000054862,10.000000000,0.000000000,"GPS BIIF-8  (PRN 03)","2014-068A"
207,acquire,2026-08-18T06:05:34.798303Z,174742.105278852,174742,28874,17,4,2693181952,0.000011573,10.000000000,0.000000000,"GPS BIIRM-1 (PRN 17)","2005-038A"
208,loss,2026-08-18T06:31:16.762271Z,176284.069247104,176284,39166,27,4,2644148903,0.000008092,10.000000000,0.000000000,"GPS BIIF-4  (PRN 27)","2013-023A"
209,loss,2026-08-18T06:50:08.693846Z,177416.000821862,177416,41019,10,0,1005133703,0.000000092,10.000000000,0.000000000,"GPS BIIF-11 (PRN 10)","2015-062A"
210,acquire,2026-08-18T07:28:26.270452Z,179713.577427972,179713,55268,28,2,2677839409,0.000032135,10.000000000,0.000000000,"GPS BIII-6  (PRN 28)","2023-009A"
211,acquire,2026-08-18T07:28:44.334881Z,179731.641857466,179731,28190,19,4,3370702113,0.000037966,10.000000000,0.000000000,"GPS BIIR-11 (PRN 19)","2004-009A"
212,acquire,2026-08-18T07:32:28.908420Z,179956.215395606,179956,43873,4,1,3487723000,0.000026295,10.000000000,0.000000000,"GPS BIII-1  (PRN 04)","2018-109A"
213,loss,2026-08-18T07:38:42.688078Z,180329.995054280,180329,46826,14,3,2503649148,0.000000414,10.000000000,0.000000000,"GPS BIII-4  (PRN 14)","2020-078A"
214,loss,2026-08-18T07:40:12.777282Z,180420.084258407,180420,40730,8,4,3219454633,0.000009902,10.000000000,0.000000000,"GPS BIIF-10 (PRN 08)","2015-033A"
215,acquire,2026-08-18T07:59:58.459145Z,181605.766121391,181605,29486,31,2,2854815011,0.000020591,10.000000000,0.000000000,"GPS BIIRM-2 (PRN 31)","2006-042A"
216,loss,2026-08-18T08:08:05.723604Z,182093.030580305,182093,26407,22,3,306882162,0.000002413,10.000000000,0.000000000,"GPS BIIR-5  (PRN 22)","2000-040A"
217,acquire,2026-08-18T08:24:08.729857Z,183056.036832572,183056,39741,6,5,384252740,0.000004069,10.000000000,0.000000000,"GPS BIIF-6  (PRN 06)","2014-026A"
218,loss,2026-08-18T08:26:25.668518Z,183192.975493664,183192,41328,32,1,2102163533,0.000002643,10.000000000,0.000000000,"GPS BIIF-12 (PRN 32)","2016-007A"
219,acquire,2026-08-18T08:34:55.923119Z,183703.230094743,183703,40105,9,1,2779995577,0.000027821,10.000000000,0.000000000,"GPS BIIF-7  (PRN 09)","2014-045A"
220,loss,2026-08-18T09:22:38.527616Z,186565.834591751,186565,28474,2,5,2207191089,0.000019047,10.000000000,0.000000000,"GPS BIIR-13 (PRN 02)","2004-045A"
221,acquire,2026-08-18T09:49:47.855323Z,188195.162298750,188195,48859,11,5,416177415,0.000018025,10.000000000,0.000000000,"GPS BIII-5  (PRN 11)","2021-054A"
222,loss,2026-08-18T09:56:18.128410Z,188585.435386441,188585,55268,28,2,4041029236,0.000035134,10.000000000,0.000000000,"GPS BIII-6  (PRN 28)","2023-009A"
223,loss,2026-08-18T10:12:42.759997Z,189570.066972835,189570,62339,1,5,1867618743,0.000007906,10.000000000,0.000000000,"GPS BIII-7  (PRN 01)","2024-242A"
224,acquire,2026-08-18T10:25:17.861134Z,190325.168109660,190325,32711,7,2,3169758557,0.000019893,10.000000000,0.000000000,"GPS BIIRM-6 (PRN 07)","2008-012A"
225,loss,2026-08-18T10:32:46.912684Z,190774.219660275,190774,28874,17,4,2069118147,0.000023786,10.000000000,0.000000000,"GPS BIIRM-1 (PRN 17)","2005-038A"
226,acquire,2026-08-18T10:53:41.186063Z,192028.493038730,192028,64202,21,0,1709593149,0.000051972,10.000000000,0.000000000,"GPS BIII-8  (PRN 21)","2025-116A"
227,loss,2026-08-18T10:57:56.751830Z,192284.058805854,192284,29486,31,2,1509792898,0.000005569,10.000000000,0.000000000,"GPS BIIRM-2 (PRN 31)","2006-042A"
228,acquire,2026-08-18T11:06:51.048124Z,192818.355100058,192818,40534,26,3,1669419491,0.000008129,10.000000000,0.000000000,"GPS BIIF-9  (PRN 26)","2015-013A"
229,loss,2026-08-18T11:15:40.916582Z,193348.223558410,193348,28190,19,4,2777394198,0.000022992,10.000000000,0.000000000,"GPS BIIR-11 (PRN 19)","2004-009A"
230,acquire,2026-08-18T11:35:48.703901Z,194556.010877344,194556,39533,30,2,2088839973,0.000001303,10.000000000,0.000000000,"GPS BIIF-5  (PRN 30)","2014-008A"
231,loss,2026-08-18T11:37:08.574785Z,194635.881761479,194635,40294,3,0,985124487,0.000012611,10.000000000,0.000000000,"GPS BIIF-8  (PRN 03)","2014-068A"
232,acquire,2026-08-18T11:40:24.054883Z,194831.361858774,194831,27663,16,3,155915304,0.000019558,10.000000000,0.000000000,"GPS BIIR-8  (PRN 16)","2003-005A"
233,loss,2026-08-18T11:46:59.308860Z,195226.615836322,195226,40534,26,3,2711558628,0.000008913,10.000000000,0.000000000,"GPS BIIF-9  (PRN 26)","2015-013A"
234,acquire,2026-08-18T12:20:57.581039Z,197264.888014891,197264,35752,5,0,580773709,0.000012539,10.000000000,0.000000000,"GPS BIIRM-8 (PRN 05)","2009-043A"
235,acquire,2026-08-18T13:01:46.347520Z,199713.654496037,199713,67588,20,1,1957368003,0.000035838,10.000000000,0.000000000,"GPS BIII-9  (PRN 20)","2026-017A"
236,loss,2026-08-18T13:05:52.975184Z,199960.282160000,199960,43873,4,1,4118627201,0.000029723,10.000000000,0.000000000,"GPS BIII-1  (PRN 04)","2018-109A"
237,loss,2026-08-18T13:14:46.029368Z,200493.336343975,200493,27663,16,3,1600698445,0.000018810,10.000000000,0.000000000,"GPS BIIR-8  (PRN 16)","2003-005A"
238,loss,2026-08-18T13:23:46.104377Z,201033.411353429,201033,39741,6,5,1495889386,0.000049081,10.000000000,0.000000000,"GPS BIIF-6  (PRN 06)","2014-026A"
239,acquire,2026-08-18T13:38:43.283938Z,201930.590913889,201930,46826,14,3,3132083919,0.000045242,10.000000000,0.000000000,"GPS BIII-4  (PRN 14)","2020-078A"
240,acquire,2026-08-18T14:06:33.120823Z,203600.427799418,203600,44506,18,5,1044586246,0.000029183,10.000000000,0.000000000,"GPS BIII-2  (PRN 18)","2019-056A"
241,acquire,2026-08-18T14:15:52.849068Z,204160.156043984,204160,26407,22,3,1422115599,0.000018365,10.000000000,0.000000000,"GPS BIIR-5  (PRN 22)","2000-040A"
242,loss,2026-08-18T14:17:58.289985Z,204285.596960944,204285,48859,11,5,2011740720,0.000044911,10.000000000,0.000000000,"GPS BIII-5  (PRN 11)","2021-054A"
243,acquire,2026-08-18T14:23:29.784767Z,204617.091742652,204617,32260,15,1,4119167756,0.000009952,10.000000000,0.000000000,"GPS BIIRM-4 (PRN 15)","2007-047A"
244,loss,2026-08-18T14:29:36.849693Z,204984.156668566,204984,40105,9,1,1095715551,0.000016459,10.000000000,0.000000000,"GPS BIIF-7  (PRN 09)","2014-045A"
245,acquire,2026-08-18T15:33:29.928808Z,208817.235784469,208817,38833,24,2,3064740858,0.000025785,10.000000000,0.000000000,"GPS BIIF-3  (PRN 24)","2012-053A"
246,loss,2026-08-18T15:46:22.654445Z,209589.961421147,209589,32711,7,2,3968153723,0.000004094,10.000000000,0.000000000,"GPS BIIRM-6 (PRN 07)","2008-012A"
247,acquire,2026-08-18T15:46:34.674278Z,209601.981253543,209601,45854,23,0,2081546904,0.000001944,10.000000000,0.000000000,"GPS BIII-3  (PRN 23)","2020-041A"
248,loss,2026-08-18T16:07:36.349003Z,210863.655979014,210863,44506,18,5,2216746894,0.000022654,10.000000000,0.000000000,"GPS BIII-2  (PRN 18)","2019-056A"
249,acquire,2026-08-18T16:19:54.098907Z,211601.405882592,211601,28874,17,4,4053569079,0.000038577,10.000000000,0.000000000,"GPS BIIRM-1 (PRN 17)","2005-038A"
250,loss,2026-08-18T16:20:23.256243Z,211630.563218670,211630,64202,21,0,3275155411,0.000053105,10.000000000,0.000000000,"GPS BIII-8  (PRN 21)","2025-116A"
251,acquire,2026-08-18T16:57:19.183322Z,213846.490298381,213846,41019,10,0,1235870966,0.000044563,10.000000000,0.000000000,"GPS BIIF-11 (PRN 10)","2015-062A"
252,acquire,2026-08-18T17:02:21.311379Z,214148.618355128,214148,28190,19,4,6663761,0.000038888,10.000000000,0.000000000,"GPS BIIR-11 (PRN 19)","2004-009A"
253,acquire,2026-08-18T17:11:14.216958Z,214681.523934110,214681,68791,13,3,3709177541,0.000056595,10.000000000,0.000000000,"GPS BIII-10 (PRN 13)","2026-087A"
254,loss,2026-08-18T17:12:44.562007Z,214771.868982559,214771,35752,5,0,2744532503,0.000015485,10.000000000,0.000000000,"GPS BIIRM-8 (PRN 05)","2009-043A"
255,loss,2026-08-18T17:19:53.383260Z,215200.690236222,215200,39533,30,2,3434810753,0.000032461,10.000000000,0.000000000,"GPS BIIF-5  (PRN 30)","2014-008A"
256,acquire,2026-08-18T17:24:25.374782Z,215472.681757678,215472,29601,12,3,1252711165,0.000037878,10.000000000,0.000000000,"GPS BIIRM-3 (PRN 12)","2006-052A"
257,loss,2026-08-18T18:23:53.369815Z,219040.676790901,219040,46826,14,3,409074107,0.000035900,10.000000000,0.000000000,"GPS BIII-4  (PRN 14)","2020-078A"
258,acquire,2026-08-18T18:41:07.664900Z,220074.971875691,220074,41328,32,1,2893023052,0.000003029,10.000000000,0.000000000,"GPS BIIF-12 (PRN 32)","2016-007A"
259,acquire,2026-08-18T18:41:23.582630Z,220090.889606294,220090,36585,25,3,4080862540,0.000012504,10.000000000,0.000000000,"GPS BIIF-1  (PRN 25)","2010-022A"
260,loss,2026-08-18T18:55:10.846356Z,220918.153332006,220918,67588,20,1,2842448761,0.000018751,10.000000000,0.000000000,"GPS BIII-9  (PRN 20)","2026-017A"
261,loss,2026-08-18T19:10:50.524174Z,221857.831149824,221857,26407,22,3,1048352168,0.000018010,10.000000000,0.000000000,"GPS BIIR-5  (PRN 22)","2000-040A"
262,loss,2026-08-18T19:12:47.059350Z,221974.366326372,221974,45854,23,0,32590771,0.000036472,10.000000000,0.000000000,"GPS BIII-3  (PRN 23)","2020-041A"
263,acquire,2026-08-18T19:37:03.403644Z,223430.710620117,223430,39741,6,5,1607938107,0.000023471,10.000000000,0.000000000,"GPS BIIF-6  (PRN 06)","2014-026A"
264,loss,2026-08-18T19:39:16.966168Z,223564.273143793,223564,32260,15,1,1919122531,0.000032209,10.000000000,0.000000000,"GPS BIIRM-4 (PRN 15)","2007-047A"
265,loss,2026-08-18T19:46:55.913986Z,224023.220962062,224023,28874,17,4,534893307,0.000021796,10.000000000,0.000000000,"GPS BIIRM-1 (PRN 17)","2005-038A"
266,loss,2026-08-18T19:48:25.025151Z,224112.332127304,224112,41019,10,0,3945633597,0.000029221,10.000000000,0.000000000,"GPS BIIF-11 (PRN 10)","2015-062A"
267,acquire,2026-08-18T20:08:23.425044Z,225310.732020067,225310,55268,28,2,1248669177,0.000029358,10.000000000,0.000000000,"GPS BIII-6  (PRN 28)","2023-009A"
268,acquire,2026-08-18T20:10:42.131657Z,225449.438633426,225449,48859,11,5,3686137948,0.000040739,10.000000000,0.000000000,"GPS BIII-5  (PRN 11)","2021-054A"
269,acquire,2026-08-18T20:20:46.836485Z,226054.143460945,226054,32384,29,4,2998355571,0.000017381,10.000000000,0.000000000,"GPS BIIRM-5 (PRN 29)","2007-062A"
270,loss,2026-08-18T21:05:17.032223Z,228724.339199141,228724,28190,19,4,1752284984,0.000037829,10.000000000,0.000000000,"GPS BIIR-11 (PRN 19)","2004-009A"
271,acquire,2026-08-18T21:17:41.577141Z,229468.884117426,229468,29486,31,2,4154398864,0.000013272,10.000000000,0.000000000,"GPS BIIRM-2 (PRN 31)","2006-042A"
272,loss,2026-08-18T21:29:19.442309Z,230166.749284501,230166,38833,24,2,2691675751,0.000028648,10.000000000,0.000000000,"GPS BIIF-3  (PRN 24)","2012-053A"
273,loss,2026-08-18T22:11:42.921973Z,232710.228949492,232710,39741,6,5,2504988904,0.000019503,10.000000000,0.000000000,"GPS BIIF-6  (PRN 06)","2014-026A"
274,acquire,2026-08-18T22:15:46.506945Z,232953.813920650,232953,40534,26,3,446182922,0.000020137,10.000000000,0.000000000,"GPS BIIF-9  (PRN 26)","2015-013A"
275,acquire,2026-08-18T22:39:20.334870Z,234367.641846445,234367,44506,18,5,896018822,0.000042797,10.000000000,0.000000000,"GPS BIII-2  (PRN 18)","2019-056A"
276,loss,2026-08-18T22:42:11.380519Z,234538.687494955,234538,41328,32,1,2166274863,0.000033061,10.000000000,0.000000000,"GPS BIIF-12 (PRN 32)","2016-007A"
277,acquire,2026-08-18T23:10:50.765066Z,236258.072041838,236258,43873,4,1,2690529253,0.000002990,10.000000000,0.000000000,"GPS BIII-1  (PRN 04)","2018-109A"
278,loss,2026-08-18T23:14:29.978032Z,236477.285008197,236477,68791,13,3,2553751367,0.000030516,10.000000000,0.000000000,"GPS BIII-10 (PRN 13)","2026-087A"
279,acquire,2026-08-18T23:17:07.742128Z,236635.049103940,236635,64202,21,0,2722771663,0.000002351,10.000000000,0.000000000,"GPS BIII-8  (PRN 21)","2025-116A"
280,loss,2026-08-18T23:21:37.155750Z,236904.462725825,236904,29601,12,3,2685106737,0.000049093,10.000000000,0.000000000,"GPS BIIRM-3 (PRN 12)","2006-052A"
281,acquire,2026-08-18T23:24:51.394252Z,237098.701228264,237098,35752,5,0,4063770363,0.000024862,10.000000000,0.000000000,"GPS BIIRM-8 (PRN 05)","2009-043A"
282,loss,2026-08-18T23:29:33.226473Z,237380.533449376,237380,48859,11,5,3416166546,0.000046603,10.000000000,0.000000000,"GPS BIII-5  (PRN 11)","2021-054A"
283,acquire,2026-08-18T23:29:53.391687Z,237400.698663399,237400,27663,16,3,494166626,0.000033306,10.000000000,0.000000000,"GPS BIIR-8  (PRN 16)","2003-005A"
284,loss,2026-08-19T00:21:27.032115Z,240494.339091497,240494,43873,4,1,484262539,0.000013798,10.000000000,0.000000000,"GPS BIII-1  (PRN 04)","2018-109A"
285,acquire,2026-08-19T00:33:50.742586Z,241238.049562485,241238,39166,27,4,427276029,0.000005356,10.000000000,0.000000000,"GPS BIIF-4  (PRN 27)","2013-023A"
286,loss,2026-08-19T00:42:24.472390Z,241751.779366057,241751,64202,21,0,3638871487,0.000010891,10.000000000,0.000000000,"GPS BIII-8  (PRN 21)","2025-116A"
287,loss,2026-08-19T00:44:39.996817Z,241887.303792510,241887,36585,25,3,3272539257,0.000033826,10.000000000,0.000000000,"GPS BIIF-1  (PRN 25)","2010-022A"
288,acquire,2026-08-19T01:03:01.766361Z,242989.073337500,242989,45854,23,0,746646111,0.000008229,10.000000000,0.000000000,"GPS BIII-3  (PRN 23)","2020-041A"
289,loss,2026-08-19T01:07:54.120236Z,243281.427211672,243281,55268,28,2,1554986566,0.000050184,10.000000000,0.000000000,"GPS BIII-6  (PRN 28)","2023-009A"
290,acquire,2026-08-19T01:51:20.155159Z,245887.462134907,245887,41019,10,0,3952650685,0.000054696,10.000000000,0.000000000,"GPS BIIF-11 (PRN 10)","2015-062A"
291,acquire,2026-08-19T01:52:37.876391Z,245965.183366609,245965,32711,7,2,1430649851,0.000011907,10.000000000,0.000000000,"GPS BIIRM-6 (PRN 07)","2008-012A"
292,loss,2026-08-19T01:54:33.522284Z,246080.829260204,246080,29486,31,2,430214926,0.000018936,10.000000000,0.000000000,"GPS BIIRM-2 (PRN 31)","2006-042A"
293,acquire,2026-08-19T02:00:15.942431Z,246423.249407032,246423,40730,8,4,2830685123,0.000026872,10.000000000,0.000000000,"GPS BIIF-10 (PRN 08)","2015-033A"
294,loss,2026-08-19T02:04:34.267164Z,246681.574139513,246681,35752,5,0,2071462118,0.000037890,10.000000000,0.000000000,"GPS BIIRM-8 (PRN 05)","2009-043A"
295,loss,2026-08-19T02:08:05.561841Z,246892.868816683,246892,32384,29,4,1561194663,0.000013744,10.000000000,0.000000000,"GPS BIIRM-5 (PRN 29)","2007-062A"
296,acquire,2026-08-19T02:39:45.645084Z,248792.952060355,248792,32260,15,1,3266142511,0.000002210,10.000000000,0.000000000,"GPS BIIRM-4 (PRN 15)","2007-047A"
297,acquire,2026-08-19T03:03:17.218317Z,250204.525293197,250204,28474,2,5,1533624598,0.000053871,10.000000000,0.000000000,"GPS BIIR-13 (PRN 02)","2004-045A"
298,loss,2026-08-19T03:44:04.936672Z,252652.243647769,252652,40534,26,3,1073831964,0.000028283,10.000000000,0.000000000,"GPS BIIF-9  (PRN 26)","2015-013A"
299,loss,2026-08-19T03:54:40.121840Z,253287.428816202,253287,44506,18,5,3090964623,0.000046578,10.000000000,0.000000000,"GPS BIII-2  (PRN 18)","2019-056A"
300,loss,2026-08-19T03:57:08.168475Z,253435.475451421,253435,32711,7,2,3328182544,0.000030239,10.000000000,0.000000000,"GPS BIIRM-6 (PRN 07)","2008-012A"
301,loss,2026-08-19T04:00:13.745625Z,253621.052601050,253621,32260,15,1,2605706180,0.000002529,10.000000000,0.000000000,"GPS BIIRM-4 (PRN 15)","2007-047A"
302,acquire,2026-08-19T04:02:42.519403Z,253769.826379186,253769,62339,1,5,3728079360,0.000018785,10.000000000,0.000000000,"GPS BIII-7  (PRN 01)","2024-242A"
303,acquire,2026-08-19T04:26:13.025508Z,255180.332483641,255180,41328,32,1,979769186,0.000034218,10.000000000,0.000000000,"GPS BIIF-12 (PRN 32)","2016-007A"
304,acquire,2026-08-19T04:41:05.803853Z,256073.110828530,256073,46826,14,3,2062512923,0.000009799,10.000000000,0.000000000,"GPS BIII-4  (PRN 14)","2020-078A"
305,loss,2026-08-19T04:46:52.315747Z,256419.622722838,256419,27663,16,3,539315391,0.000044236,10.000000000,0.000000000,"GPS BIIR-8  (PRN 16)","2003-005A"
306,acquire,2026-08-19T05:21:16.035656Z,258483.342632489,258483,26407,22,3,768877270,0.000028922,10.000000000,0.000000000,"GPS BIIR-5  (PRN 22)","2000-040A"
307,loss,2026-08-19T05:28:50.903959Z,258938.210935376,258938,45854,23,0,538876222,0.000024034,10.000000000,0.000000000,"GPS BIII-3  (PRN 23)","2020-041A"
308,acquire,2026-08-19T05:31:43.334658Z,259110.641633925,259110,40294,3,0,3514427867,0.000042987,10.000000000,0.000000000,"GPS BIIF-8  (PRN 03)","2014-068A"
309,acquire,2026-08-19T06:01:30.442594Z,260897.749570364,260897,28874,17,4,1057751999,0.000027528,10.000000000,0.000000000,"GPS BIIRM-1 (PRN 17)","2005-038A"
310,loss,2026-08-19T06:27:11.263252Z,262438.570227848,262438,39166,27,4,2867159177,0.000050225,10.000000000,0.000000000,"GPS BIIF-4  (PRN 27)","2013-023A"
311,loss,2026-08-19T06:46:02.548666Z,263569.855641771,263569,41019,10,0,1944455612,0.000016088,10.000000000,0.000000000,"GPS BIIF-11 (PRN 10)","2015-062A"
312,acquire,2026-08-19T07:24:20.140241Z,265867.447217363,265867,55268,28,2,2864065352,0.000034001,10.000000000,0.000000000,"GPS BIII-6  (PRN 28)","2023-009A"
313,acquire,2026-08-19T07:24:44.887534Z,265892.194510330,265892,28190,19,4,1963246162,0.000020618,10.000000000,0.000000000,"GPS BIIR-11 (PRN 19)","2004-009A"
314,acquire,2026-08-19T07:28:23.188755Z,266110.495730794,266110,43873,4,1,3357578722,0.000060518,10.000000000,0.000000000,"GPS BIII-1  (PRN 04)","2018-109A"
315,loss,2026-08-19T07:34:36.805484Z,266484.112460231,266484,46826,14,3,1031783689,0.000009412,10.000000000,0.000000000,"GPS BIII-4  (PRN 14)","2020-078A"
316,loss,2026-08-19T07:36:11.681585Z,266578.988561043,266578,40730,8,4,3330847429,0.000001344,10.000000000,0.000000000,"GPS BIIF-10 (PRN 08)","2015-033A"
317,acquire,2026-08-19T07:55:52.264455Z,267759.571431136,267759,29486,31,2,2587713522,0.000037728,10.000000000,0.000000000,"GPS BIIRM-2 (PRN 31)","2006-042A"
318,loss,2026-08-19T08:04:01.325906Z,268248.632881593,268248,26407,22,3,2777935193,0.000028965,10.000000000,0.000000000,"GPS BIIR-5  (PRN 22)","2000-040A"
319,acquire,2026-08-19T08:20:08.247144Z,269215.554120407,269215,39741,6,5,1074478429,0.000049264,10.000000000,0.000000000,"GPS BIIF-6  (PRN 06)","2014-026A"
320,loss,2026-08-19T08:22:14.522911Z,269341.829887181,269341,41328,32,1,2436249256,0.000018345,10.000000000,0.000000000,"GPS BIIF-12 (PRN 32)","2016-007A"
321,acquire,2026-08-19T08:30:51.002623Z,269858.309598982,269858,40105,9,1,2074735392,0.000037435,10.000000000,0.000000000,"GPS BIIF-7  (PRN 09)","2014-045A"
322,loss,2026-08-19T09:18:36.058513Z,272723.365489399,272723,28474,2,5,574755658,0.000042088,10.000000000,0.000000000,"GPS BIIR-13 (PRN 02)","2004-045A"
323,acquire,2026-08-19T09:45:41.873897Z,274349.180873412,274349,48859,11,5,109322708,0.000020088,10.000000000,0.000000000,"GPS BIII-5  (PRN 11)","2021-054A"
324,loss,2026-08-19T09:52:09.874730Z,274737.181706098,274737,55268,28,2,2833899642,0.000014660,10.000000000,0.000000000,"GPS BIII-6  (PRN 28)","2023-009A"
325,loss,2026-08-19T10:08:32.728440Z,275720.035416379,275720,62339,1,5,1032642524,0.000004180,10.000000000,0.000000000,"GPS BIII-7  (PRN 01)","2024-242A"
326,acquire,2026-08-19T10:21:16.780975Z,276484.087950873,276484,32711,7,2,3787991696,0.000010408,10.000000000,0.000000000,"GPS BIIRM-6 (PRN 07)","2008-012A"
327,loss,2026-08-19T10:28:42.005608Z,276929.312584371,276929,28874,17,4,139395180,0.000033847,10.000000000,0.000000000,"GPS BIIRM-1 (PRN 17)","2005-038A"
328,acquire,2026-08-19T10:49:31.514700Z,278178.821675645,278178,64202,21,0,4229999943,0.000018797,10.000000000,0.000000000,"GPS BIII-8  (PRN 21)","2025-116A"
329,loss,2026-08-19T10:53:49.155815Z,278436.462790940,278436,29486,31,2,3622967884,0.000043823,10.000000000,0.000000000,"GPS BIIRM-2 (PRN 31)","2006-042A"
330,acquire,2026-08-19T11:02:48.088064Z,278975.395040438,278975,40534,26,3,1656433590,0.000009000,10.000000000,0.000000000,"GPS BIIF-9  (PRN 26)","2015-013A"
331,loss,2026-08-19T11:11:38.416120Z,279505.723095798,279505,28190,19,4,2429943659,0.000028475,10.000000000,0.000000000,"GPS BIIR-11 (PRN 19)","2004-009A"
332,acquire,2026-08-19T11:31:42.406594Z,280709.713570461,280709,39533,30,2,1655954544,0.000034322,10.000000000,0.000000000,"GPS BIIF-5  (PRN 30)","2014-008A"
333,loss,2026-08-19T11:33:09.367022Z,280796.673997934,280796,40294,3,0,3696037789,0.000034772,10.000000000,0.000000000,"GPS BIIF-8  (PRN 03)","2014-068A"
334,acquire,2026-08-19T11:36:19.432607Z,280986.739583061,280986,27663,16,3,557707865,0.000014083,10.000000000,0.000000000,"GPS BIIR-8  (PRN 16)","2003-005A"
335,loss,2026-08-19T11:42:44.499242Z,281371.806218110,281371,40534,26,3,945396495,0.000004473,10.000000000,0.000000000,"GPS BIIF-9  (PRN 26)","2015-013A"
336,acquire,2026-08-19T12:16:44.534840Z,283411.841815894,283411,35752,5,0,3851047599,0.000017710,10.000000000,0.000000000,"GPS BIIRM-8 (PRN 05)","2009-043A"
337,acquire,2026-08-19T12:57:36.894909Z,285864.201884800,285864,67588,20,1,2835788061,0.000020941,10.000000000,0.000000000,"GPS BIII-9  (PRN 20)","2026-017A"
338,loss,2026-08-19T13:01:47.156333Z,286114.463308712,286114,43873,4,1,3011106509,0.000048805,10.000000000,0.000000000,"GPS BIII-1  (PRN 04)","2018-109A"
339,loss,2026-08-19T13:10:44.273532Z,286651.580508153,286651,27663,16,3,372881831,0.000023470,10.000000000,0.000000000,"GPS BIIR-8  (PRN 16)","2003-005A"
340,loss,2026-08-19T13:19:43.978899Z,287191.285874715,287191,39741,6,5,3911131560,0.000034107,10.000000000,0.000000000,"GPS BIIF-6  (PRN 06)","2014-026A"
341,acquire,2026-08-19T13:34:37.011426Z,288084.318402331,288084,46826,14,3,3537632606,0.000035212,10.000000000,0.000000000,"GPS BIII-4  (PRN 14)","2020-078A"
342,acquire,2026-08-19T14:02:24.262781Z,289751.569757427,289751,44506,18,5,2830429991,0.000029358,10.000000000,0.000000000,"GPS BIII-2  (PRN 18)","2019-056A"
343,acquire,2026-08-19T14:11:49.592196Z,290316.899172085,290316,26407,22,3,3424134068,0.000011867,10.000000000,0.000000000,"GPS BIIR-5  (PRN 22)","2000-040A"
344,loss,2026-08-19T14:13:52.492545Z,290439.799520852,290439,48859,11,5,3973545740,0.000022339,10.000000000,0.000000000,"GPS BIII-5  (PRN 11)","2021-054A"
345,acquire,2026-08-19T14:19:30.424667Z,290777.731643084,290777,32260,15,1,2555231564,0.000029113,10.000000000,0.000000000,"GPS BIIRM-4 (PRN 15)","2007-047A"
346,loss,2026-08-19T14:25:32.103332Z,291139.410308312,291139,40105,9,1,3205413716,0.000043107,10.000000000,0.000000000,"GPS BIIF-7  (PRN 09)","2014-045A"
347,acquire,2026-08-19T15:29:20.663866Z,294967.970841747,294967,38833,24,2,1994551581,0.000003189,10.000000000,0.000000000,"GPS BIIF-3  (PRN 24)","2012-053A"
348,loss,2026-08-19T15:42:23.847865Z,295751.154841207,295751,32711,7,2,473404496,0.000016429,10.000000000,0.000000000,"GPS BIIRM-6 (PRN 07)","2008-012A"
349,acquire,2026-08-19T15:42:33.466441Z,295760.773417259,295760,45854,23,0,3654346022,0.000023500,10.000000000,0.000000000,"GPS BIII-3  (PRN 23)","2020-041A"
350,loss,2026-08-19T16:03:29.846701Z,297017.153677243,297017,44506,18,5,2052275044,0.000010123,10.000000000,0.000000000,"GPS BIII-2  (PRN 18)","2019-056A"
351,acquire,2026-08-19T16:15:49.080945Z,297756.387921126,297756,28874,17,4,955001529,0.000036871,10.000000000,0.000000000,"GPS BIIRM-1 (PRN 17)","2005-038A"
352,loss,2026-08-19T16:16:14.817598Z,297782.124573797,297782,64202,21,0,2934204671,0.000015146,10.000000000,0.000000000,"GPS BIII-8  (PRN 21)","2025-116A"
353,acquire,2026-08-19T16:53:12.967848Z,300000.274824182,300000,41019,10,0,4248289039,0.000024979,10.000000000,0.000000000,"GPS BIIF-11 (PRN 10)","2015-062A"
354,acquire,2026-08-19T16:58:18.865442Z,300306.172418201,300306,28190,19,4,1128069296,0.000017571,10.000000000,0.000000000,"GPS BIIR-11 (PRN 19)","2004-009A"
355,acquire,2026-08-19T17:07:03.288688Z,300830.595664418,300830,68791,13,3,3713099514,0.000048069,10.000000000,0.000000000,"GPS BIII-10 (PRN 13)","2026-087A"
356,loss,2026-08-19T17:08:34.215401Z,300921.522376884,300921,35752,5,0,1778771607,0.000056453,10.000000000,0.000000000,"GPS BIIRM-8 (PRN 05)","2009-043A"
357,loss,2026-08-19T17:15:46.957796Z,301354.264771555,301354,39533,30,2,3105575982,0.000027746,10.000000000,0.000000000,"GPS BIIF-5  (PRN 30)","2014-008A"
358,acquire,2026-08-19T17:20:21.110763Z,301628.417739488,301628,29601,12,3,998614700,0.000049720,10.000000000,0.000000000,"GPS BIIRM-3 (PRN 12)","2006-052A"
359,loss,2026-08-19T18:19:46.690947Z,305193.997923331,305193,46826,14,3,1141943714,0.000000231,10.000000000,0.000000000,"GPS BIII-4  (PRN 14)","2020-078A"
360,acquire,2026-08-19T18:36:56.375782Z,306223.682757744,306223,41328,32,1,2858253259,0.000034166,10.000000000,0.000000000,"GPS BIIF-12 (PRN 32)","2016-007A"
361,acquire,2026-08-19T18:37:16.990259Z,306244.297235329,306244,36585,25,3,3639682963,0.000033668,10.000000000,0.000000000,"GPS BIIF-1  (PRN 25)","2010-022A"
362,loss,2026-08-19T18:51:02.286736Z,307069.593712331,307069,67588,20,1,4242722852,0.000049685,10.000000000,0.000000000,"GPS BIII-9  (PRN 20)","2026-017A"
363,loss,2026-08-19T19:06:48.206516Z,308015.513492005,308015,26407,22,3,4226142555,0.000051890,10.000000000,0.000000000,"GPS BIIR-5  (PRN 22)","2000-040A"
364,loss,2026-08-19T19:08:43.883707Z,308131.190683404,308131,45854,23,0,2991099378,0.000018983,10.000000000,0.000000000,"GPS BIII-3  (PRN 23)","2020-041A"
365,acquire,2026-08-19T19:32:59.685927Z,309586.992902992,309586,39741,6,5,2734203866,0.000000576,10.000000000,0.000000000,"GPS BIIF-6  (PRN 06)","2014-026A"
366,loss,2026-08-19T19:35:15.704282Z,309723.011258402,309723,32260,15,1,950232744,0.000001328,10.000000000,0.000000000,"GPS BIIRM-4 (PRN 15)","2007-047A"
367,loss,2026-08-19T19:42:51.528560Z,310178.835536274,310178,28874,17,4,3985535760,0.000016223,10.000000000,0.000000000,"GPS BIIRM-1 (PRN 17)","2005-038A"
368,loss,2026-08-19T19:44:19.718355Z,310267.025331328,310267,41019,10,0,4145343449,0.000002229,10.000000000,0.000000000,"GPS BIIF-11 (PRN 10)","2015-062A"
369,acquire,2026-08-19T20:04:15.062914Z,311462.369889551,311462,55268,28,2,3126225585,0.000040521,10.000000000,0.000000000,"GPS BIII-6  (PRN 28)","2023-009A"
370,acquire,2026-08-19T20:06:36.378606Z,311603.685581782,311603,48859,11,5,3379226452,0.000029202,10.000000000,0.000000000,"GPS BIII-5  (PRN 11)","2021-054A"
371,acquire,2026-08-19T20:16:41.565910Z,312208.872886153,312208,32384,29,4,2642868339,0.000015400,10.000000000,0.000000000,"GPS BIIRM-5 (PRN 29)","2007-062A"
372,loss,2026-08-19T21:01:17.771087Z,314885.078062524,314885,28190,19,4,4258717786,0.000008707,10.000000000,0.000000000,"GPS BIIR-11 (PRN 19)","2004-009A"
373,acquire,2026-08-19T21:13:33.995444Z,315621.302420333,315621,29486,31,2,823204597,0.000034635,10.000000000,0.000000000,"GPS BIIRM-2 (PRN 31)","2006-042A"
374,loss,2026-08-19T21:25:10.372016Z,316317.678992085,316317,38833,24,2,3725496410,0.000036680,10.000000000,0.000000000,"GPS BIIF-3  (PRN 24)","2012-053A"
375,loss,2026-08-19T22:07:41.913460Z,318869.220436033,318869,39741,6,5,531776405,0.000018782,10.000000000,0.000000000,"GPS BIIF-6  (PRN 06)","2014-026A"
376,acquire,2026-08-19T22:11:35.038481Z,319102.345456848,319102,40534,26,3,3218745724,0.000037383,10.000000000,0.000000000,"GPS BIIF-9  (PRN 26)","2015-013A"
377,acquire,2026-08-19T22:35:12.220904Z,320519.527879883,320519,44506,18,5,4283456030,0.000056414,10.000000000,0.000000000,"GPS BIII-2  (PRN 18)","2019-056A"
378,loss,2026-08-19T22:38:03.042398Z,320690.349373892,320690,41328,32,1,25894576,0.000036967,10.000000000,0.000000000,"GPS BIIF-12 (PRN 32)","2016-007A"
379,acquire,2026-08-19T23:06:44.426730Z,322411.733706017,322411,43873,4,1,4088013837,0.000011058,10.000000000,0.000000000,"GPS BIII-1  (PRN 04)","2018-109A"
380,loss,2026-08-19T23:10:18.146270Z,322625.453245893,322625,68791,13,3,233633877,0.000048527,10.000000000,0.000000000,"GPS BIII-10 (PRN 13)","2026-087A"
381,acquire,2026-08-19T23:13:01.738854Z,322789.045829781,322789,64202,21,0,4251719772,0.000002193,10.000000000,0.000000000,"GPS BIII-8  (PRN 21)","2025-116A"
382,loss,2026-08-19T23:17:33.087219Z,323060.394195255,323060,29601,12,3,3104836373,0.000041823,10.000000000,0.000000000,"GPS BIIRM-3 (PRN 12)","2006-052A"
383,acquire,2026-08-19T23:20:43.612037Z,323250.919012701,323250,35752,5,0,1467585566,0.000006737,10.000000000,0.000000000,"GPS BIIRM-8 (PRN 05)","2009-043A"
384,loss,2026-08-19T23:25:27.193779Z,323534.500754878,323534,48859,11,5,2763275277,0.000049867,10.000000000,0.000000000,"GPS BIII-5  (PRN 11)","2021-054A"
385,acquire,2026-08-19T23:25:51.786574Z,323559.093550370,323559,27663,16,3,3279691977,0.000010340,10.000000000,0.000000000,"GPS BIIR-8  (PRN 16)","2003-005A"
386,loss,2026-08-20T00:17:22.237116Z,326649.544091940,326649,43873,4,1,4118986633,0.000018557,10.000000000,0.000000000,"GPS BIII-1  (PRN 04)","2018-109A"
387,acquire,2026-08-20T00:29:45.548492Z,327392.855468323,327392,39166,27,4,334800822,0.000015618,10.000000000,0.000000000,"GPS BIIF-4  (PRN 27)","2013-023A"
388,loss,2026-08-20T00:38:15.016140Z,327902.323115968,327902,64202,21,0,1859999790,0.000015942,10.000000000,0.000000000,"GPS BIII-8  (PRN 21)","2025-116A"
389,loss,2026-08-20T00:40:33.290742Z,328040.597717585,328040,36585,25,3,2342114093,0.000044792,10.000000000,0.000000000,"GPS BIIF-1  (PRN 25)","2010-022A"
390,acquire,2026-08-20T00:58:59.108837Z,329146.415812897,329146,45854,23,0,715709807,0.000046658,10.000000000,0.000000000,"GPS BIII-3  (PRN 23)","2020-041A"
391,loss,2026-08-20T01:03:46.779965Z,329434.086940668,329434,55268,28,2,3515103861,0.000010213,10.000000000,0.000000000,"GPS BIII-6  (PRN 28)","2023-009A"
392,acquire,2026-08-20T01:47:14.420003Z,332041.726978887,332041,41019,10,0,901072739,0.000032314,10.000000000,0.000000000,"GPS BIIF-11 (PRN 10)","2015-062A"
393,acquire,2026-08-20T01:48:38.654166Z,332125.961142369,332125,32711,7,2,1245325210,0.000002522,10.000000000,0.000000000,"GPS BIIRM-6 (PRN 07)","2008-012A"
394,loss,2026-08-20T01:50:26.653286Z,332233.960261523,332233,29486,31,2,3960523836,0.000004407,10.000000000,0.000000000,"GPS BIIRM-2 (PRN 31)","2006-042A"
395,acquire,2026-08-20T01:56:16.771957Z,332584.078933165,332584,40730,8,4,844481809,0.000008505,10.000000000,0.000000000,"GPS BIIF-10 (PRN 08)","2015-033A"
396,loss,2026-08-20T02:00:21.883381Z,332829.190356867,332829,35752,5,0,1308454822,0.000016931,10.000000000,0.000000000,"GPS BIIRM-8 (PRN 05)","2009-043A"
397,loss,2026-08-20T02:04:00.498161Z,333047.805137387,333047,32384,29,4,2307237266,0.000020415,10.000000000,0.000000000,"GPS BIIRM-5 (PRN 29)","2007-062A"
398,acquire,2026-08-20T02:35:40.081174Z,334947.388150382,334947,32260,15,1,882347790,0.000017913,10.000000000,0.000000000,"GPS BIIRM-4 (PRN 15)","2007-047A"
399,acquire,2026-08-20T02:59:15.222443Z,336362.529418829,336362,28474,2,5,2083225107,0.000053401,10.000000000,0.000000000,"GPS BIIR-13 (PRN 02)","2004-045A"
400,loss,2026-08-20T03:39:54.891123Z,338802.198098771,338802,40534,26,3,1721959180,0.000022996,10.000000000,0.000000000,"GPS BIIF-9  (PRN 26)","2015-013A"
401,loss,2026-08-20T03:50:30.913302Z,339438.220277572,339438,44506,18,5,2463864443,0.000023927,10.000000000,0.000000000,"GPS BIII-2  (PRN 18)","2019-056A"
402,loss,2026-08-20T03:53:04.043037Z,339591.350012643,339591,32711,7,2,1582940209,0.000022249,10.000000000,0.000000000,"GPS BIIRM-6 (PRN 07)","2008-012A"
403,loss,2026-08-20T03:56:15.333312Z,339782.640287888,339782,32260,15,1,1474588570,0.000017316,10.000000000,0.000000000,"GPS BIIRM-4 (PRN 15)","2007-047A"
404,acquire,2026-08-20T03:58:31.940044Z,339919.247019948,339919,62339,1,5,2672963525,0.000026727,10.000000000,0.000000000,"GPS BIII-7  (PRN 01)","2024-242A"
405,acquire,2026-08-20T04:22:04.834498Z,341332.141474168,341332,41328,32,1,464019500,0.000014559,10.000000000,0.000000000,"GPS BIIF-12 (PRN 32)","2016-007A"
406,acquire,2026-08-20T04:36:59.148466Z,342226.455441759,342226,46826,14,3,1758570343,0.000040269,10.000000000,0.000000000,"GPS BIII-4  (PRN 14)","2020-078A"
407,loss,2026-08-20T04:42:49.516208Z,342576.823184083,342576,27663,16,3,2076149044,0.000020732,10.000000000,0.000000000,"GPS BIIR-8  (PRN 16)","2003-005A"
408,acquire,2026-08-20T05:17:13.645606Z,344640.952581654,344640,26407,22,3,2453564168,0.000004002,10.000000000,0.000000000,"GPS BIIR-5  (PRN 22)","2000-040A"
409,loss,2026-08-20T05:24:49.962969Z,345097.269944619,345097,45854,23,0,3062661271,0.000030758,10.000000000,0.000000000,"GPS BIII-3  (PRN 23)","2020-041A"
410,acquire,2026-08-20T05:27:43.446273Z,345270.753248704,345270,40294,3,0,1841409092,0.000029597,10.000000000,0.000000000,"GPS BIIF-8  (PRN 03)","2014-068A"
411,acquire,2026-08-20T05:57:26.258395Z,347053.565370504,347053,28874,17,4,888649401,0.000047777,10.000000000,0.000000000,"GPS BIIRM-1 (PRN 17)","2005-038A"
412,loss,2026-08-20T06:23:05.912112Z,348593.219088044,348593,39166,27,4,4070345940,0.000025603,10.000000000,0.000000000,"GPS BIIF-4  (PRN 27)","2013-023A"
413,loss,2026-08-20T06:41:56.409948Z,349723.716924129,349723,41019,10,0,90204122,0.000031547,10.000000000,0.000000000,"GPS BIIF-11 (PRN 10)","2015-062A"
414,acquire,2026-08-20T07:20:13.934383Z,352021.241358827,352021,55268,28,2,3948155660,0.000018347,10.000000000,0.000000000,"GPS BIII-6  (PRN 28)","2023-009A"
415,acquire,2026-08-20T07:20:45.606068Z,352052.913044400,352052,28190,19,4,1289398540,0.000009216,10.000000000,0.000000000,"GPS BIIR-11 (PRN 19)","2004-009A"
416,acquire,2026-08-20T07:24:17.648494Z,352264.955470329,352264,43873,4,1,3247790729,0.000005436,10.000000000,0.000000000,"GPS BIII-1  (PRN 04)","2018-109A"
417,loss,2026-08-20T07:30:30.839399Z,352638.146375131,352638,46826,14,3,2758237394,0.000012251,10.000000000,0.000000000,"GPS BIII-4  (PRN 14)","2020-078A"
418,loss,2026-08-20T07:32:10.726213Z,352738.033189423,352738,40730,8,4,2166263068,0.000003900,10.000000000,0.000000000,"GPS BIIF-10 (PRN 08)","2015-033A"
419,acquire,2026-08-20T07:51:46.009710Z,353913.316686414,353913,29486,31,2,2339300083,0.000027875,10.000000000,0.000000000,"GPS BIIRM-2 (PRN 31)","2006-042A"
420,loss,2026-08-20T07:59:56.851858Z,354404.158834487,354404,26407,22,3,2990772626,0.000012530,10.000000000,0.000000000,"GPS BIIR-5  (PRN 22)","2000-040A"
421,acquire,2026-08-20T08:16:07.787032Z,355375.094008082,355375,39741,6,5,18246087,0.000010387,10.000000000,0.000000000,"GPS BIIF-6  (PRN 06)","2014-026A"
422,loss,2026-08-20T08:18:03.579971Z,355490.886947180,355490,41328,32,1,1601589928,0.000012191,10.000000000,0.000000000,"GPS BIIF-12 (PRN 32)","2016-007A"
423,acquire,2026-08-20T08:26:46.270549Z,356013.577524841,356013,40105,9,1,471611749,0.000051083,10.000000000,0.000000000,"GPS BIIF-7  (PRN 09)","2014-045A"
424,loss,2026-08-20T09:14:33.636521Z,358880.943497284,358880,28474,2,5,3441025326,0.000006507,10.000000000,0.000000000,"GPS BIIR-13 (PRN 02)","2004-045A"
425,acquire,2026-08-20T09:41:35.907847Z,360503.214823402,360503,48859,11,5,1981914650,0.000023858,10.000000000,0.000000000,"GPS BIII-5  (PRN 11)","2021-054A"
426,loss,2026-08-20T09:48:01.646580Z,360888.953555723,360888,55268,28,2,655604740,0.000003746,10.000000000,0.000000000,"GPS BIII-6  (PRN 28)","2023-009A"
427,loss,2026-08-20T10:04:22.710700Z,361870.017675886,361870,62339,1,5,4265442328,0.000002086,10.000000000,0.000000000,"GPS BIII-7  (PRN 01)","2024-242A"
428,acquire,2026-08-20T10:17:15.667268Z,362642.974243559,362642,32711,7,2,2295495263,0.000003048,10.000000000,0.000000000,"GPS BIIRM-6 (PRN 07)","2008-012A"
429,loss,2026-08-20T10:24:37.240392Z,363084.547368209,363084,28874,17,4,3218997911,0.000049010,10.000000000,0.000000000,"GPS BIIRM-1 (PRN 17)","2005-038A"
430,acquire,2026-08-20T10:45:21.860081Z,364329.167056970,364329,64202,21,0,1977823999,0.000017609,10.000000000,0.000000000,"GPS BIII-8  (PRN 21)","2025-116A"
431,loss,2026-08-20T10:49:41.539661Z,364588.846637111,364588,29486,31,2,2508459928,0.000014521,10.000000000,0.000000000,"GPS BIIRM-2 (PRN 31)","2006-042A"
432,acquire,2026-08-20T10:58:45.443996Z,365132.750971814,365132,40534,26,3,363831981,0.000005645,10.000000000,0.000000000,"GPS BIIF-9  (PRN 26)","2015-013A"
433,loss,2026-08-20T11:07:36.061836Z,365663.368811711,365663,28190,19,4,1316093123,0.000037920,10.000000000,0.000000000,"GPS BIIR-11 (PRN 19)","2004-009A"
434,acquire,2026-08-20T11:27:36.062098Z,366863.369073833,366863,39533,30,2,2174578482,0.000044226,10.000000000,0.000000000,"GPS BIIF-5  (PRN 30)","2014-008A"
435,loss,2026-08-20T11:29:10.169886Z,366957.476861922,366957,40294,3,0,2496558276,0.000050867,10.000000000,0.000000000,"GPS BIIF-8  (PRN 03)","2014-068A"
436,acquire,2026-08-20T11:32:14.912106Z,367142.219082280,367142,27663,16,3,1377334421,0.000011850,10.000000000,0.000000000,"GPS BIIR-8  (PRN 16)","2003-005A"
437,loss,2026-08-20T11:38:29.111115Z,367516.418090591,367516,40534,26,3,4230399181,0.000009603,10.000000000,0.000000000,"GPS BIIF-9  (PRN 26)","2015-013A"
438,acquire,2026-08-20T12:12:31.493274Z,369558.800250498,369558,35752,5,0,2880105730,0.000022363,10.000000000,0.000000000,"GPS BIIRM-8 (PRN 05)","2009-043A"
439,acquire,2026-08-20T12:53:27.647057Z,372014.954033240,372014,67588,20,1,830766043,0.000004768,10.000000000,0.000000000,"GPS BIII-9  (PRN 20)","2026-017A"
440,loss,2026-08-20T12:57:41.545785Z,372268.852760927,372268,43873,4,1,3601802814,0.000015510,10.000000000,0.000000000,"GPS BIII-1  (PRN 04)","2018-109A"
441,loss,2026-08-20T13:06:42.210011Z,372809.516987044,372809,27663,16,3,395404618,0.000027036,10.000000000,0.000000000,"GPS BIIR-8  (PRN 16)","2003-005A"
442,loss,2026-08-20T13:15:41.856257Z,373349.163233115,373349,39741,6,5,4186984927,0.000019474,10.000000000,0.000000000,"GPS BIIF-6  (PRN 06)","2014-026A"
443,acquire,2026-08-20T13:30:30.613236Z,374237.920212455,374237,46826,14,3,1060986450,0.000008823,10.000000000,0.000000000,"GPS BIII-4  (PRN 14)","2020-078A"
444,acquire,2026-08-20T13:58:15.359257Z,375902.666233210,375902,44506,18,5,1314844722,0.000022782,10.000000000,0.000000000,"GPS BIII-2  (PRN 18)","2019-056A"
445,acquire,2026-08-20T14:07:46.210247Z,376473.517223237,376473,26407,22,3,416105089,0.000056821,10.000000000,0.000000000,"GPS BIIR-5  (PRN 22)","2000-040A"
446,loss,2026-08-20T14:09:46.692323Z,376593.999298895,376593,48859,11,5,2670988722,0.000000078,10.000000000,0.000000000,"GPS BIII-5  (PRN 11)","2021-054A"
447,acquire,2026-08-20T14:15:31.269536Z,376938.576511923,376938,32260,15,1,801132136,0.000045944,10.000000000,0.000000000,"GPS BIIRM-4 (PRN 15)","2007-047A"
448,loss,2026-08-20T14:21:27.563496Z,377294.870471913,377294,40105,9,1,1056724736,0.000013608,10.000000000,0.000000000,"GPS BIIF-7  (PRN 09)","2014-045A"
449,acquire,2026-08-20T15:25:11.350257Z,381118.657232675,381118,38833,24,2,1135554126,0.000037485,10.000000000,0.000000000,"GPS BIIF-3  (PRN 24)","2012-053A"
450,loss,2026-08-20T15:38:24.956420Z,381912.263395937,381912,32711,7,2,3159139252,0.000027945,10.000000000,0.000000000,"GPS BIIRM-6 (PRN 07)","2008-012A"
451,acquire,2026-08-20T15:38:32.275093Z,381919.582068717,381919,45854,23,0,2685242973,0.000043341,10.000000000,0.000000000,"GPS BIII-3  (PRN 23)","2020-041A"
452,loss,2026-08-20T15:59:23.402902Z,383170.709878271,383170,44506,18,5,3893949706,0.000019114,10.000000000,0.000000000,"GPS BIII-2  (PRN 18)","2019-056A"
453,acquire,2026-08-20T16:11:44.205354Z,383911.512329704,383911,28874,17,4,1767204192,0.000046354,10.000000000,0.000000000,"GPS BIIRM-1 (PRN 17)","2005-038A"
454,loss,2026-08-20T16:12:06.376057Z,383933.683032711,383933,64202,21,0,4280889808,0.000038540,10.000000000,0.000000000,"GPS BIII-8  (PRN 21)","2025-116A"
455,acquire,2026-08-20T16:49:06.783398Z,386154.090373851,386154,41019,10,0,4287897311,0.000008215,10.000000000,0.000000000,"GPS BIIF-11 (PRN 10)","2015-062A"
456,acquire,2026-08-20T16:54:16.547462Z,386463.854438318,386463,28190,19,4,579760109,0.000014835,10.000000000,0.000000000,"GPS BIIR-11 (PRN 19)","2004-009A"
457,acquire,2026-08-20T17:02:52.180875Z,386979.487851215,386979,68791,13,3,1981782079,0.000058001,10.000000000,0.000000000,"GPS BIII-10 (PRN 13)","2026-087A"
458,loss,2026-08-20T17:04:23.841042Z,387071.148017943,387071,35752,5,0,3075284849,0.000017496,10.000000000,0.000000000,"GPS BIIRM-8 (PRN 05)","2009-043A"
459,loss,2026-08-20T17:11:40.454043Z,387507.761018733,387507,39533,30,2,2419343703,0.000025043,10.000000000,0.000000000,"GPS BIIF-5  (PRN 30)","2014-008A"
460,acquire,2026-08-20T17:16:16.685201Z,387783.992177222,387783,29601,12,3,678491183,0.000000931,10.000000000,0.000000000,"GPS BIIRM-3 (PRN 12)","2006-052A"
461,loss,2026-08-20T18:15:39.805054Z,391347.112030226,391347,46826,14,3,1690684418,0.000012443,10.000000000,0.000000000,"GPS BIII-4  (PRN 14)","2020-078A"
462,acquire,2026-08-20T18:32:45.282301Z,392372.589277121,392372,41328,32,1,2799998522,0.000044237,10.000000000,0.000000000,"GPS BIIF-12 (PRN 32)","2016-007A"
463,acquire,2026-08-20T18:33:10.196878Z,392397.503853738,392397,36585,25,3,3615984129,0.000056200,10.000000000,0.000000000,"GPS BIIF-1  (PRN 25)","2010-022A"
464,loss,2026-08-20T18:46:53.914731Z,393221.221707500,393221,67588,20,1,2990148255,0.000027113,10.000000000,0.000000000,"GPS BIII-9  (PRN 20)","2026-017A"
465,loss,2026-08-20T19:02:45.708465Z,394173.015440893,394173,26407,22,3,1701740526,0.000001647,10.000000000,0.000000000,"GPS BIIR-5  (PRN 22)","2000-040A"
466,loss,2026-08-20T19:04:40.651016Z,394287.957991585,394287,45854,23,0,4071371767,0.000004181,10.000000000,0.000000000,"GPS BIII-3  (PRN 23)","2020-041A"
467,acquire,2026-08-20T19:28:55.939747Z,395743.246723030,395743,39741,6,5,4036849576,0.000020019,10.000000000,0.000000000,"GPS BIIF-6  (PRN 06)","2014-026A"
468,loss,2026-08-20T19:31:14.601379Z,395881.908355198,395881,32260,15,1,1940032654,0.000010807,10.000000000,0.000000000,"GPS BIIRM-4 (PRN 15)","2007-047A"
469,loss,2026-08-20T19:38:47.238115Z,396334.545091433,396334,28874,17,4,3358609878,0.000044874,10.000000000,0.000000000,"GPS BIIRM-1 (PRN 17)","2005-038A"
470,loss,2026-08-20T19:40:14.337101Z,396421.644077388,396421,41019,10,0,777814013,0.000031318,10.000000000,0.000000000,"GPS BIIF-11 (PRN 10)","2015-062A"
471,acquire,2026-08-20T20:00:06.644424Z,397613.951400260,397613,55268,28,2,3279309111,0.000005324,10.000000000,0.000000000,"GPS BIII-6  (PRN 28)","2023-009A"
472,acquire,2026-08-20T20:02:30.624686Z,397757.931662127,397757,48859,11,5,3329165455,0.000006347,10.000000000,0.000000000,"GPS BIII-5  (PRN 11)","2021-054A"
473,acquire,2026-08-20T20:12:36.412178Z,398363.719154399,398363,32384,29,4,3162965183,0.000034025,10.000000000,0.000000000,"GPS BIIRM-5 (PRN 29)","2007-062A"
474,loss,2026-08-20T20:57:18.626722Z,401045.933698200,401045,28190,19,4,3844714434,0.000007395,10.000000000,0.000000000,"GPS BIIR-11 (PRN 19)","2004-009A"
475,acquire,2026-08-20T21:09:26.332695Z,401773.639670896,401773,29486,31,2,2543441509,0.000041268,10.000000000,0.000000000,"GPS BIIRM-2 (PRN 31)","2006-042A"
476,loss,2026-08-20T21:21:01.291354Z,402468.598330285,402468,38833,24,2,3460514431,0.000045896,10.000000000,0.000000000,"GPS BIIF-3  (PRN 24)","2012-053A"
477,loss,2026-08-20T22:03:40.996766Z,405028.303742402,405028,39741,6,5,255621093,0.000025885,10.000000000,0.000000000,"GPS BIIF-6  (PRN 06)","2014-026A"
478,acquire,2026-08-20T22:07:23.337528Z,405250.644504349,405250,40534,26,3,2785141685,0.000038468,10.000000000,0.000000000,"GPS BIIF-9  (PRN 26)","2015-013A"
479,acquire,2026-08-20T22:31:04.149388Z,406671.456364408,406671,44506,18,5,1434393565,0.000054530,10.000000000,0.000000000,"GPS BIII-2  (PRN 18)","2019-056A"
480,loss,2026-08-20T22:33:54.857810Z,406842.164786102,406842,41328,32,1,1267254145,0.000017438,10.000000000,0.000000000,"GPS BIIF-12 (PRN 32)","2016-007A"
481,acquire,2026-08-20T23:02:38.313778Z,408565.620753538,408565,43873,4,1,3612362244,0.000015753,10.000000000,0.000000000,"GPS BIII-1  (PRN 04)","2018-109A"
482,loss,2026-08-20T23:06:06.096947Z,408773.403922844,408773,68791,13,3,1219800894,0.000043243,10.000000000,0.000000000,"GPS BIII-10 (PRN 13)","2026-087A"
483,acquire,2026-08-20T23:08:55.760989Z,408943.067964809,408943,64202,21,0,1558005502,0.000003250,10.000000000,0.000000000,"GPS BIII-8  (PRN 21)","2025-116A"
484,loss,2026-08-20T23:13:28.811681Z,409216.118656951,409216,29601,12,3,1649050671,0.000012589,10.000000000,0.000000000,"GPS BIIRM-3 (PRN 12)","2006-052A"
485,acquire,2026-08-20T23:16:35.789902Z,409403.096877557,409403,35752,5,0,1418970495,0.000008056,10.000000000,0.000000000,"GPS BIIRM-8 (PRN 05)","2009-043A"
486,loss,2026-08-20T23:21:21.232533Z,409688.539508895,409688,48859,11,5,1204419648,0.000045995,10.000000000,0.000000000,"GPS BIII-5  (PRN 11)","2021-054A"
487,acquire,2026-08-20T23:21:49.985174Z,409717.292149760,409717,27663,16,3,2952372605,0.000032292,10.000000000,0.000000000,"GPS BIIR-8  (PRN 16)","2003-005A"
488,loss,2026-08-21T00:13:17.532184Z,412804.839159594,412804,43873,4,1,94871988,0.000006548,10.000000000,0.000000000,"GPS BIII-1  (PRN 04)","2018-109A"
489,acquire,2026-08-21T00:25:40.446498Z,413547.753474269,413547,39166,27,4,2603339353,0.000026640,10.000000000,0.000000000,"GPS BIIF-4  (PRN 27)","2013-023A"
490,loss,2026-08-21T00:34:05.446826Z,414052.753801760,414052,64202,21,0,498525635,0.000012137,10.000000000,0.000000000,"GPS BIII-8  (PRN 21)","2025-116A"
491,loss,2026-08-21T00:36:26.375566Z,414193.682542085,414193,36585,25,3,3946451554,0.000035347,10.000000000,0.000000000,"GPS BIIF-1  (PRN 25)","2010-022A"
492,acquire,2026-08-21T00:54:56.400462Z,415303.707437707,415303,45854,23,0,3952191933,0.000032830,10.000000000,0.000000000,"GPS BIII-3  (PRN 23)","2020-041A"
493,loss,2026-08-21T00:59:39.411593Z,415586.718568776,415586,55268,28,2,1339460407,0.000033061,10.000000000,0.000000000,"GPS BIII-6  (PRN 28)","2023-009A"
494,acquire,2026-08-21T01:43:08.641009Z,418195.947984596,418195,41019,10,0,2568136173,0.000006156,10.000000000,0.000000000,"GPS BIIF-11 (PRN 10)","2015-062A"
495,acquire,2026-08-21T01:44:39.242188Z,418286.549164236,418286,32711,7,2,1772794877,0.000029243,10.000000000,0.000000000,"GPS BIIRM-6 (PRN 07)","2008-012A"
496,loss,2026-08-21T01:46:19.750601Z,418387.057577188,418387,29486,31,2,2978572101,0.000006386,10.000000000,0.000000000,"GPS BIIRM-2 (PRN 31)","2006-042A"
497,acquire,2026-08-21T01:52:17.677567Z,418744.984542857,418744,40730,8,4,1691103106,0.000001666,10.000000000,0.000000000,"GPS BIIF-10 (PRN 08)","2015-033A"
498,loss,2026-08-21T01:56:09.437644Z,418976.744619995,418976,35752,5,0,2710095207,0.000022705,10.000000000,0.000000000,"GPS BIIRM-8 (PRN 05)","2009-043A"
499,loss,2026-08-21T01:59:55.542478Z,419202.849454073,419202,32384,29,4,282429964,0.000015772,10.000000000,0.000000000,"GPS BIIRM-5 (PRN 29)","2007-062A"
500,acquire,2026-08-21T02:31:34.680574Z,421101.987549559,421101,32260,15,1,1195619085,0.000000575,10.000000000,0.000000000,"GPS BIIRM-4 (PRN 15)","2007-047A"
501,acquire,2026-08-21T02:55:13.309691Z,422520.616667061,422520,28474,2,5,3475111097,0.000043498,10.000000000,0.000000000,"GPS BIIR-13 (PRN 02)","2004-045A"
502,loss,2026-08-21T03:35:44.671564Z,424951.978540427,424951,40534,26,3,2076464383,0.000002491,10.000000000,0.000000000,"GPS BIIF-9  (PRN 26)","2015-013A"
503,loss,2026-08-21T03:46:21.753695Z,425589.060670844,425589,44506,18,5,3604899931,0.000006590,10.000000000,0.000000000,"GPS BIII-2  (PRN 18)","2019-056A"
504,loss,2026-08-21T03:49:00.055358Z,425747.362333626,425747,32711,7,2,1599291508,0.000023019,10.000000000,0.000000000,"GPS BIIRM-6 (PRN 07)","2008-012A"
505,loss,2026-08-21T03:52:17.013876Z,425944.320851786,425944,32260,15,1,3222817588,0.000015470,10.000000000,0.000000000,"GPS BIIRM-4 (PRN 15)","2007-047A"
506,acquire,2026-08-21T03:54:21.397793Z,426068.704769487,426068,62339,1,5,2275770263,0.000031945,10.000000000,0.000000000,"GPS BIII-7  (PRN 01)","2024-242A"
507,acquire,2026-08-21T04:17:56.781478Z,427484.088454102,427484,41328,32,1,4238276443,0.000009102,10.000000000,0.000000000,"GPS BIIF-12 (PRN 32)","2016-007A"
508,acquire,2026-08-21T04:32:52.321360Z,428379.628336439,428379,46826,14,3,1334043051,0.000032863,10.000000000,0.000000000,"GPS BIII-4  (PRN 14)","2020-078A"
509,loss,2026-08-21T04:38:46.575196Z,428733.882172428,428733,27663,16,3,2799762369,0.000013815,10.000000000,0.000000000,"GPS BIIR-8  (PRN 16)","2003-005A"
510,acquire,2026-08-21T05:13:11.111565Z,430798.418541274,430798,26407,22,3,2473670564,0.000035317,10.000000000,0.000000000,"GPS BIIR-5  (PRN 22)","2000-040A"
511,loss,2026-08-21T05:20:48.979951Z,431256.286927107,431256,45854,23,0,1036879338,0.000032692,10.000000000,0.000000000,"GPS BIII-3  (PRN 23)","2020-041A"
512,acquire,2026-08-21T05:23:43.527997Z,431430.834972688,431430,40294,3,0,509853776,0.000019793,10.000000000,0.000000000,"GPS BIIF-8  (PRN 03)","2014-068A"
513,acquire,2026-08-21T05:53:22.186894Z,433209.493870312,433209,28874,17,4,2571129718,0.000054289,10.000000000,0.000000000,"GPS BIIRM-1 (PRN 17)","2005-038A"
514,loss,2026-08-21T06:19:00.641694Z,434747.948669858,434747,39166,27,4,4052010414,0.000005999,10.000000000,0.000000000,"GPS BIIF-4  (PRN 27)","2013-023A"
515,loss,2026-08-21T06:37:50.235217Z,435877.542192606,435877,41019,10,0,1077938505,0.000051020,10.000000000,0.000000000,"GPS BIIF-11 (PRN 10)","2015-062A"
516,acquire,2026-08-21T07:16:07.688944Z,438174.995920428,438174,55268,28,2,2559902365,0.000000310,10.000000000,0.000000000,"GPS BIII-6  (PRN 28)","2023-009A"
517,acquire,2026-08-21T07:16:46.440060Z,438213.747035788,438213,28190,19,4,2463187870,0.000026808,10.000000000,0.000000000,"GPS BIIR-11 (PRN 19)","2004-009A"
518,acquire,2026-08-21T07:20:12.282263Z,438419.589238517,438419,43873,4,1,3165971710,0.000050147,10.000000000,0.000000000,"GPS BIII-1  (PRN 04)","2018-109A"
519,loss,2026-08-21T07:26:24.769358Z,438792.076333718,438792,46826,14,3,1182936473,0.000006389,10.000000000,0.000000000,"GPS BIII-4  (PRN 14)","2020-078A"
520,loss,2026-08-21T07:28:09.848896Z,438897.155872246,438897,40730,8,4,2423982444,0.000018316,10.000000000,0.000000000,"GPS BIIF-10 (PRN 08)","2015-033A"
521,acquire,2026-08-21T07:47:39.739163Z,440067.046138628,440067,29486,31,2,1408399600,0.000004061,10.000000000,0.000000000,"GPS BIIRM-2 (PRN 31)","2006-042A"
522,loss,2026-08-21T07:55:52.282124Z,440559.589100449,440559,26407,22,3,2758076757,0.000032408,10.000000000,0.000000000,"GPS BIIR-5  (PRN 22)","2000-040A"
523,acquire,2026-08-21T08:12:07.374352Z,441534.681327768,441534,39741,6,5,1933223278,0.000035212,10.000000000,0.000000000,"GPS BIIF-6  (PRN 06)","2014-026A"
524,loss,2026-08-21T08:13:52.825189Z,441640.132165107,441640,41328,32,1,1509752078,0.000014251,10.000000000,0.000000000,"GPS BIIF-12 (PRN 32)","2016-007A"
525,acquire,2026-08-21T08:22:41.719553Z,442169.026529118,442169,40105,9,1,277743083,0.000003208,10.000000000,0.000000000,"GPS BIIF-7  (PRN 09)","2014-045A"
526,loss,2026-08-21T09:10:31.275724Z,445038.582699951,445038,28474,2,5,2860646660,0.000048056,10.000000000,0.000000000,"GPS BIIR-13 (PRN 02)","2004-045A"
527,acquire,2026-08-21T09:37:29.980316Z,446657.287292458,446657,48859,11,5,1856224338,0.000031907,10.000000000,0.000000000,"GPS BIII-5  (PRN 11)","2021-054A"
528,loss,2026-08-21T09:43:53.541451Z,447040.848427227,447040,55268,28,2,1155362423,0.000012224,10.000000000,0.000000000,"GPS BIII-6  (PRN 28)","2023-009A"
529,loss,2026-08-21T10:00:12.729360Z,448020.036335564,448020,62339,1,5,3484110641,0.000004289,10.000000000,0.000000000,"GPS BIII-7  (PRN 01)","2024-242A"
530,acquire,2026-08-21T10:13:14.589421Z,448801.896397169,448801,32711,7,2,3232783172,0.000012262,10.000000000,0.000000000,"GPS BIIRM-6 (PRN 07)","2008-012A"
531,loss,2026-08-21T10:20:32.580005Z,449239.886980538,449239,28874,17,4,4212309712,0.000012237,10.000000000,0.000000000,"GPS BIIRM-1 (PRN 17)","2005-038A"
532,acquire,2026-08-21T10:41:12.183518Z,450479.490494031,450479,64202,21,0,509990885,0.000051700,10.000000000,0.000000000,"GPS BIII-8  (PRN 21)","2025-116A"
533,loss,2026-08-21T10:45:33.997781Z,450741.304756823,450741,29486,31,2,2754947810,0.000028854,10.000000000,0.000000000,"GPS BIIRM-2 (PRN 31)","2006-042A"
534,acquire,2026-08-21T10:54:42.895754Z,451290.202729633,451290,40534,26,3,845107556,0.000004569,10.000000000,0.000000000,"GPS BIIF-9  (PRN 26)","2015-013A"
535,loss,2026-08-21T11:03:33.819802Z,451821.126778261,451821,28190,19,4,85496107,0.000013033,10.000000000,0.000000000,"GPS BIIR-11 (PRN 19)","2004-009A"
536,acquire,2026-08-21T11:23:29.748293Z,453017.055269117,453017,39533,30,2,3179126960,0.000006623,10.000000000,0.000000000,"GPS BIIF-5  (PRN 30)","2014-008A"
537,loss,2026-08-21T11:25:10.946257Z,453118.253232774,453118,40294,3,0,3431702238,0.000027014,10.000000000,0.000000000,"GPS BIIF-8  (PRN 03)","2014-068A"
538,acquire,2026-08-21T11:28:10.399828Z,453297.706803914,453297,27663,16,3,2614762531,0.000015866,10.000000000,0.000000000,"GPS BIIR-8  (PRN 16)","2003-005A"
539,loss,2026-08-21T11:34:13.338588Z,453660.645564165,453660,40534,26,3,1652684347,0.000008095,10.000000000,0.000000000,"GPS BIIF-9  (PRN 26)","2015-013A"
540,acquire,2026-08-21T12:08:18.419221Z,455705.726196987,455705,35752,5,0,1034573774,0.000030651,10.000000000,0.000000000,"GPS BIIRM-8 (PRN 05)","2009-043A"
541,acquire,2026-08-21T12:49:18.602558Z,458165.909534062,458165,67588,20,1,645575428,0.000009384,10.000000000,0.000000000,"GPS BIII-9  (PRN 20)","2026-017A"
542,loss,2026-08-21T12:53:36.150214Z,458423.457190244,458423,43873,4,1,1663242043,0.000048160,10.000000000,0.000000000,"GPS BIII-1  (PRN 04)","2018-109A"
543,loss,2026-08-21T13:02:39.864923Z,458967.171899109,458967,27663,16,3,3266040602,0.000009626,10.000000000,0.000000000,"GPS BIIR-8  (PRN 16)","2003-005A"
544,loss,2026-08-21T13:11:39.765203Z,459507.072179461,459507,39741,6,5,4010103625,0.000008611,10.000000000,0.000000000,"GPS BIIF-6  (PRN 06)","2014-026A"
545,acquire,2026-08-21T13:26:24.065573Z,460391.372549344,460391,46826,14,3,4029430706,0.000041198,10.000000000,0.000000000,"GPS BIII-4  (PRN 14)","2020-078A"
546,acquire,2026-08-21T13:54:06.440521Z,462053.747496741,462053,44506,18,5,1536676736,0.000017241,10.000000000,0.000000000,"GPS BIII-2  (PRN 18)","2019-056A"
547,acquire,2026-08-21T14:03:42.669093Z,462629.976069187,462629,26407,22,3,665890221,0.000002817,10.000000000,0.000000000,"GPS BIIR-5  (PRN 22)","2000-040A"
548,loss,2026-08-21T14:05:40.919688Z,462748.226663713,462748,48859,11,5,3986100418,0.000025257,10.000000000,0.000000000,"GPS BIII-5  (PRN 11)","2021-054A"
549,acquire,2026-08-21T14:11:32.302166Z,463099.609141945,463099,32260,15,1,45283273,0.000042405,10.000000000,0.000000000,"GPS BIIRM-4 (PRN 15)","2007-047A"
550,loss,2026-08-21T14:17:23.226135Z,463450.533110758,463450,40105,9,1,3579356974,0.000049051,10.000000000,0.000000000,"GPS BIIF-7  (PRN 09)","2014-045A"
551,acquire,2026-08-21T15:21:02.089609Z,467269.396584835,467269,38833,24,2,4261659941,0.000043370,10.000000000,0.000000000,"GPS BIIF-3  (PRN 24)","2012-053A"
552,loss,2026-08-21T15:34:26.082853Z,468073.389828859,468073,32711,7,2,4155666264,0.000041357,10.000000000,0.000000000,"GPS BIIRM-6 (PRN 07)","2008-012A"
553,acquire,2026-08-21T15:34:31.057589Z,468078.364565223,468078,45854,23,0,212617615,0.000037803,10.000000000,0.000000000,"GPS BIII-3  (PRN 23)","2020-041A"
554,loss,2026-08-21T15:55:17.048338Z,469324.355313848,469324,44506,18,5,232530901,0.000023417,10.000000000,0.000000000,"GPS BIII-2  (PRN 18)","2019-056A"
555,acquire,2026-08-21T16:07:39.434868Z,470066.741843880,470066,28874,17,4,4198457491,0.000024539,10.000000000,0.000000000,"GPS BIIRM-1 (PRN 17)","2005-038A"
556,loss,2026-08-21T16:07:57.894139Z,470085.201114864,470085,64202,21,0,3949042864,0.000024454,10.000000000,0.000000000,"GPS BIII-8  (PRN 21)","2025-116A"
557,acquire,2026-08-21T16:45:00.580818Z,472307.887794395,472307,41019,10,0,2001390846,0.000010200,10.000000000,0.000000000,"GPS BIIF-11 (PRN 10)","2015-062A"
558,acquire,2026-08-21T16:50:14.316799Z,472621.623775498,472621,28190,19,4,2304616476,0.000038347,10.000000000,0.000000000,"GPS BIIR-11 (PRN 19)","2004-009A"
559,acquire,2026-08-21T16:58:40.867286Z,473128.174262394,473128,68791,13,3,1523817998,0.000020719,10.000000000,0.000000000,"GPS BIII-10 (PRN 13)","2026-087A"
560,loss,2026-08-21T17:00:13.407853Z,473220.714828821,473220,35752,5,0,779119483,0.000033711,10.000000000,0.000000000,"GPS BIIRM-8 (PRN 05)","2009-043A"
561,loss,2026-08-21T17:07:33.973950Z,473661.280925725,473661,39533,30,2,3783225043,0.000029438,10.000000000,0.000000000,"GPS BIIF-5  (PRN 30)","2014-008A"
562,acquire,2026-08-21T17:12:12.061707Z,473939.368683099,473939,29601,12,3,4189883528,0.000043880,10.000000000,0.000000000,"GPS BIIRM-3 (PRN 12)","2006-052A"
563,loss,2026-08-21T18:11:32.688821Z,477499.995797411,477499,46826,14,3,686893920,0.000000467,10.000000000,0.000000000,"GPS BIII-4  (PRN 14)","2020-078A"
564,acquire,2026-08-21T18:28:34.383292Z,478521.690267653,478521,41328,32,1,1329450982,0.000033362,10.000000000,0.000000000,"GPS BIIF-12 (PRN 32)","2016-007A"
565,acquire,2026-08-21T18:29:03.178883Z,478550.485859471,478550,36585,25,3,1754990903,0.000055035,10.000000000,0.000000000,"GPS BIIF-1  (PRN 25)","2010-022A"
566,loss,2026-08-21T18:42:45.718032Z,479373.025008379,479373,67588,20,1,2368585237,0.000003058,10.000000000,0.000000000,"GPS BIII-9  (PRN 20)","2026-017A"
567,loss,2026-08-21T18:58:42.993540Z,480330.300515528,480330,26407,22,3,2527644025,0.000032051,10.000000000,0.000000000,"GPS BIIR-5  (PRN 22)","2000-040A"
568,loss,2026-08-21T19:00:37.336184Z,480444.643159584,480444,45854,23,0,2526894754,0.000035516,10.000000000,0.000000000,"GPS BIII-3  (PRN 23)","2020-041A"
569,acquire,2026-08-21T19:24:52.204603Z,481899.511578617,481899,39741,6,5,3903333984,0.000039640,10.000000000,0.000000000,"GPS BIIF-6  (PRN 06)","2014-026A"
570,loss,2026-08-21T19:27:13.627573Z,482040.934548875,482040,32260,15,1,3568512062,0.000007718,10.000000000,0.000000000,"GPS BIIRM-4 (PRN 15)","2007-047A"
571,loss,2026-08-21T19:34:42.964251Z,482490.271227176,482490,28874,17,4,3134431645,0.000026756,10.000000000,0.000000000,"GPS BIIRM-1 (PRN 17)","2005-038A"
572,loss,2026-08-21T19:36:08.860399Z,482576.167374682,482576,41019,10,0,788295029,0.000014729,10.000000000,0.000000000,"GPS BIIF-11 (PRN 10)","2015-062A"
573,acquire,2026-08-21T19:55:58.265277Z,483765.572252632,483765,55268,28,2,2819040881,0.000046858,10.000000000,0.000000000,"GPS BIII-6  (PRN 28)","2023-009A"
574,acquire,2026-08-21T19:58:24.902929Z,483912.209905415,483912,48859,11,5,86620932,0.000019494,10.000000000,0.000000000,"GPS BIII-5  (PRN 11)","2021-054A"
575,acquire,2026-08-21T20:08:31.312097Z,484518.619073216,484518,32384,29,4,3709309494,0.000046149,10.000000000,0.000000000,"GPS BIIRM-5 (PRN 29)","2007-062A"
576,loss,2026-08-21T20:53:19.520933Z,487206.827909406,487206,28190,19,4,924895340,0.000019196,10.000000000,0.000000000,"GPS BIIR-11 (PRN 19)","2004-009A"
577,acquire,2026-08-21T21:05:18.682899Z,487925.989874945,487925,29486,31,2,4164043009,0.000001160,10.000000000,0.000000000,"GPS BIIRM-2 (PRN 31)","2006-042A"
578,loss,2026-08-21T21:16:52.281789Z,488619.588764771,488619,38833,24,2,2550182181,0.000046988,10.000000000,0.000000000,"GPS BIIF-3  (PRN 24)","2012-053A"
579,loss,2026-08-21T21:59:40.184986Z,491187.491961964,491187,39741,6,5,3909705380,0.000041935,10.000000000,0.000000000,"GPS BIIF-6  (PRN 06)","2014-026A"
580,acquire,2026-08-21T22:03:11.400395Z,491398.707371320,491398,40534,26,3,756077641,0.000031664,10.000000000,0.000000000,"GPS BIIF-9  (PRN 26)","2015-013A"
581,acquire,2026-08-21T22:26:56.141126Z,492823.448102124,492823,44506,18,5,3291503506,0.000053541,10.000000000,0.000000000,"GPS BIII-2  (PRN 18)","2019-056A"
582,loss,2026-08-21T22:29:46.799319Z,492994.106295332,492994,41328,32,1,723149528,0.000011250,10.000000000,0.000000000,"GPS BIIF-12 (PRN 32)","2016-007A"
583,acquire,2026-08-21T22:58:32.511103Z,494719.818079102,494719,43873,4,1,2115561927,0.000007559,10.000000000,0.000000000,"GPS BIII-1  (PRN 04)","2018-109A"
584,loss,2026-08-21T23:01:53.811204Z,494921.118179618,494921,68791,13,3,1766976683,0.000012651,10.000000000,0.000000000,"GPS BIII-10 (PRN 13)","2026-087A"
585,acquire,2026-08-21T23:04:49.748652Z,495097.055628398,495097,64202,21,0,2484647703,0.000002659,10.000000000,0.000000000,"GPS BIII-8  (PRN 21)","2025-116A"
586,loss,2026-08-21T23:09:24.299223Z,495371.606199495,495371,29601,12,3,234267818,0.000041782,10.000000000,0.000000000,"GPS BIIRM-3 (PRN 12)","2006-052A"
587,acquire,2026-08-21T23:12:27.895254Z,495555.202229852,495555,35752,5,0,2957647036,0.000016811,10.000000000,0.000000000,"GPS BIIRM-8 (PRN 05)","2009-043A"
588,loss,2026-08-21T23:17:15.358214Z,495842.665189699,495842,48859,11,5,958499574,0.000033441,10.000000000,0.000000000,"GPS BIII-5  (PRN 11)","2021-054A"
589,acquire,2026-08-21T23:17:47.954375Z,495875.261351498,495875,27663,16,3,2886660476,0.000028889,10.000000000,0.000000000,"GPS BIIR-8  (PRN 16)","2003-005A"
590,loss,2026-08-22T00:09:12.795139Z,498960.102115186,498960,43873,4,1,2574316769,0.000004160,10.000000000,0.000000000,"GPS BIII-1  (PRN 04)","2018-109A"
591,acquire,2026-08-22T00:21:35.358001Z,499702.664976900,499702,39166,27,4,1889912821,0.000036203,10.000000000,0.000000000,"GPS BIIF-4  (PRN 27)","2013-023A"
592,loss,2026-08-22T00:29:55.772415Z,500203.079391389,500203,64202,21,0,1385636498,0.000003912,10.000000000,0.000000000,"GPS BIII-8  (PRN 21)","2025-116A"
593,loss,2026-08-22T00:32:19.238891Z,500346.545867344,500346,36585,25,3,2141798224,0.000050564,10.000000000,0.000000000,"GPS BIIF-1  (PRN 25)","2010-022A"
594,acquire,2026-08-22T00:50:53.619335Z,501460.926310675,501460,45854,23,0,2647937948,0.000008270,10.000000000,0.000000000,"GPS BIII-3  (PRN 23)","2020-041A"
595,loss,2026-08-22T00:55:32.082343Z,501739.389319042,501739,55268,28,2,2934768968,0.000045737,10.000000000,0.000000000,"GPS BIII-6  (PRN 28)","2023-009A"
596,acquire,2026-08-22T01:39:02.794893Z,504350.101868798,504350,41019,10,0,183384059,0.000012057,10.000000000,0.000000000,"GPS BIIF-11 (PRN 10)","2015-062A"
597,acquire,2026-08-22T01:40:39.737454Z,504447.044430300,504447,32711,7,2,4161912560,0.000002880,10.000000000,0.000000000,"GPS BIIRM-6 (PRN 07)","2008-012A"
598,loss,2026-08-22T01:42:12.875055Z,504540.182030852,504540,29486,31,2,1652427704,0.000020190,10.000000000,0.000000000,"GPS BIIRM-2 (PRN 31)","2006-042A"
599,acquire,2026-08-22T01:48:18.577577Z,504905.884552996,504905,40730,8,4,1933098141,0.000012440,10.000000000,0.000000000,"GPS BIIF-10 (PRN 08)","2015-033A"
600,loss,2026-08-22T01:51:56.922431Z,505124.229407055,505124,35752,5,0,1563825476,0.000020390,10.000000000,0.000000000,"GPS BIIRM-8 (PRN 05)","2009-043A"
601,loss,2026-08-22T01:55:50.618282Z,505357.925257939,505357,32384,29,4,2338116930,0.000007831,10.000000000,0.000000000,"GPS BIIRM-5 (PRN 29)","2007-062A"
602,acquire,2026-08-22T02:27:29.436123Z,507256.743099488,507256,32260,15,1,4057851956,0.000011889,10.000000000,0.000000000,"GPS BIIRM-4 (PRN 15)","2007-047A"
603,acquire,2026-08-22T02:51:11.494242Z,508678.801217730,508678,28474,2,5,2115143226,0.000022556,10.000000000,0.000000000,"GPS BIIR-13 (PRN 02)","2004-045A"
604,loss,2026-08-22T03:31:34.269780Z,511101.576756157,511101,40534,26,3,1911841495,0.000049133,10.000000000,0.000000000,"GPS BIIF-9  (PRN 26)","2015-013A"
605,loss,2026-08-22T03:42:12.661045Z,511739.968021172,511739,44506,18,5,3403603407,0.000003474,10.000000000,0.000000000,"GPS BIII-2  (PRN 18)","2019-056A"
606,loss,2026-08-22T03:44:56.232764Z,511903.539740473,511903,32711,7,2,3522561618,0.000029225,10.000000000,0.000000000,"GPS BIIRM-6 (PRN 07)","2008-012A"
607,loss,2026-08-22T03:48:18.706469Z,512106.013444763,512106,32260,15,1,679141802,0.000000649,10.000000000,0.000000000,"GPS BIIRM-4 (PRN 15)","2007-047A"
608,acquire,2026-08-22T03:50:10.909583Z,512218.216559168,512218,62339,1,5,433901318,0.000023434,10.000000000,0.000000000,"GPS BIII-7  (PRN 01)","2024-242A"
609,acquire,2026-08-22T04:13:48.831105Z,513636.138081005,513636,41328,32,1,3732438764,0.000014207,10.000000000,0.000000000,"GPS BIIF-12 (PRN 32)","2016-007A"
610,acquire,2026-08-22T04:28:45.273072Z,514532.580047753,514532,46826,14,3,3076134557,0.000037134,10.000000000,0.000000000,"GPS BIII-4  (PRN 14)","2020-078A"
611,loss,2026-08-22T04:34:43.460188Z,514890.767163705,514890,27663,16,3,2945836088,0.000027298,10.000000000,0.000000000,"GPS BIIR-8  (PRN 16)","2003-005A"
612,acquire,2026-08-22T05:09:08.368292Z,516955.675267638,516955,26407,22,3,1690172848,0.000027398,10.000000000,0.000000000,"GPS BIIR-5  (PRN 22)","2000-040A"
613,loss,2026-08-22T05:16:47.930572Z,517415.237548427,517415,45854,23,0,2072990981,0.000027066,10.000000000,0.000000000,"GPS BIII-3  (PRN 23)","2020-041A"
614,acquire,2026-08-22T05:19:43.546693Z,517590.853668504,517590,40294,3,0,2515587972,0.000017550,10.000000000,0.000000000,"GPS BIIF-8  (PRN 03)","2014-068A"
615,acquire,2026-08-22T05:49:18.157877Z,519365.464852849,519365,28874,17,4,3985020898,0.000051100,10.000000000,0.000000000,"GPS BIIRM-1 (PRN 17)","2005-038A"
616,loss,2026-08-22T06:14:55.378746Z,520902.685721602,520902,39166,27,4,966969825,0.000036728,10.000000000,0.000000000,"GPS BIIF-4  (PRN 27)","2013-023A"
617,loss,2026-08-22T06:33:43.992271Z,522031.299246586,522031,41019,10,0,701986780,0.000033349,10.000000000,0.000000000,"GPS BIIF-11 (PRN 10)","2015-062A"
618,acquire,2026-08-22T07:12:01.443885Z,524328.750861456,524328,55268,28,2,438351819,0.000018934,10.000000000,0.000000000,"GPS BIII-6  (PRN 28)","2023-009A"
619,acquire,2026-08-22T07:12:47.326550Z,524374.633526396,524374,28190,19,4,2317062557,0.000038832,10.000000000,0.000000000,"GPS BIIR-11 (PRN 19)","2004-009A"
620,acquire,2026-08-22T07:16:07.059931Z,524574.366906709,524574,43873,4,1,2630839693,0.000044794,10.000000000,0.000000000,"GPS BIII-1  (PRN 04)","2018-109A"
621,loss,2026-08-22T07:22:18.592727Z,524945.899703120,524945,46826,14,3,1954099805,0.000008394,10.000000000,0.000000000,"GPS BIII-4  (PRN 14)","2020-078A"
622,loss,2026-08-22T07:24:08.981011Z,525056.287986891,525056,40730,8,4,3119485314,0.000033840,10.000000000,0.000000000,"GPS BIIF-10 (PRN 08)","2015-033A"
623,acquire,2026-08-22T07:43:33.496964Z,526220.803939626,526220,29486,31,2,44344081,0.000017256,10.000000000,0.000000000,"GPS BIIRM-2 (PRN 31)","2006-042A"
624,loss,2026-08-22T07:51:47.613843Z,526714.920819404,526714,26407,22,3,1878856411,0.000006244,10.000000000,0.000000000,"GPS BIIR-5  (PRN 22)","2000-040A"
625,acquire,2026-08-22T08:08:07.026614Z,527694.333590272,527694,39741,6,5,391756014,0.000036862,10.000000000,0.000000000,"GPS BIIF-6  (PRN 06)","2014-026A"
626,loss,2026-08-22T08:09:42.218061Z,527789.525036686,527789,41328,32,1,1204072861,0.000051211,10.000000000,0.000000000,"GPS BIIF-12 (PRN 32)","2016-007A"
627,acquire,2026-08-22T08:18:37.316768Z,528324.623743502,528324,40105,9,1,1362642099,0.000045495,10.000000000,0.000000000,"GPS BIIF-7  (PRN 09)","2014-045A"
628,loss,2026-08-22T09:06:28.981309Z,531196.288284521,531196,28474,2,5,1307939687,0.000033199,10.000000000,0.000000000,"GPS BIIR-13 (PRN 02)","2004-045A"
629,acquire,2026-08-22T09:33:24.108532Z,532811.415507540,532811,48859,11,5,889297146,0.000046146,10.000000000,0.000000000,"GPS BIII-5  (PRN 11)","2021-054A"
630,loss,2026-08-22T09:39:45.633044Z,533192.940020005,533192,55268,28,2,3058550624,0.000004836,10.000000000,0.000000000,"GPS BIII-6  (PRN 28)","2023-009A"
631,loss,2026-08-22T09:56:02.801269Z,534170.108245443,534170,62339,1,5,419841116,0.000012775,10.000000000,0.000000000,"GPS BIII-7  (PRN 01)","2024-242A"
632,acquire,2026-08-22T10:09:13.607932Z,534960.914907928,534960,32711,7,2,3544725669,0.000010072,10.000000000,0.000000000,"GPS BIIRM-6 (PRN 07)","2008-012A"
633,loss,2026-08-22T10:16:27.974872Z,535395.281848181,535395,28874,17,4,2626837938,0.000030515,10.000000000,0.000000000,"GPS BIIRM-1 (PRN 17)","2005-038A"
634,acquire,2026-08-22T10:37:02.453933Z,536629.760909277,536629,64202,21,0,1743230940,0.000025200,10.000000000,0.000000000,"GPS BIII-8  (PRN 21)","2025-116A"
635,loss,2026-08-22T10:41:26.608549Z,536893.915524846,536893,29486,31,2,317636160,0.000007997,10.000000000,0.000000000,"GPS BIIRM-2 (PRN 31)","2006-042A"
636,acquire,2026-08-22T10:50:40.223717Z,537447.530693199,537447,40534,26,3,307347345,0.000010521,10.000000000,0.000000000,"GPS BIIF-9  (PRN 26)","2015-013A"
637,loss,2026-08-22T10:59:31.641956Z,537978.948931997,537978,28190,19,4,1785324037,0.000005249,10.000000000,0.000000000,"GPS BIIR-11 (PRN 19)","2004-009A"
638,acquire,2026-08-22T11:19:23.534477Z,539170.841452914,539170,39533,30,2,2212868232,0.000018999,10.000000000,0.000000000,"GPS BIIF-5  (PRN 30)","2014-008A"
639,loss,2026-08-22T11:21:11.667051Z,539278.974027338,539278,40294,3,0,2163575027,0.000002771,10.000000000,0.000000000,"GPS BIIF-8  (PRN 03)","2014-068A"
640,acquire,2026-08-22T11:24:05.807589Z,539453.114564540,539453,27663,16,3,1511617059,0.000006201,10.000000000,0.000000000,"GPS BIIR-8  (PRN 16)","2003-005A"
641,loss,2026-08-22T11:29:57.422554Z,539804.729530088,539804,40534,26,3,1303165323,0.000006142,10.000000000,0.000000000,"GPS BIIF-9  (PRN 26)","2015-013A"
642,acquire,2026-08-22T12:04:05.284375Z,541852.591351172,541852,35752,5,0,1964101436,0.000045744,10.000000000,0.000000000,"GPS BIIRM-8 (PRN 05)","2009-043A"
643,acquire,2026-08-22T12:45:09.731117Z,544317.038093307,544317,67588,20,1,592828243,0.000003952,10.000000000,0.000000000,"GPS BIII-9  (PRN 20)","2026-017A"
644,loss,2026-08-22T12:49:30.945161Z,544578.252136608,544578,43873,4,1,3743674343,0.000026560,10.000000000,0.000000000,"GPS BIII-1  (PRN 04)","2018-109A"
645,loss,2026-08-22T12:58:37.306197Z,545124.613173070,545124,27663,16,3,4144490760,0.000021666,10.000000000,0.000000000,"GPS BIIR-8  (PRN 16)","2003-005A"
646,loss,2026-08-22T13:07:37.728823Z,545665.035799379,545665,39741,6,5,2671281947,0.000004271,10.000000000,0.000000000,"GPS BIIF-6  (PRN 06)","2014-026A"
647,acquire,2026-08-22T13:22:17.369474Z,546544.676450032,546544,46826,14,3,1781713541,0.000035778,10.000000000,0.000000000,"GPS BIII-4  (PRN 14)","2020-078A"
648,acquire,2026-08-22T13:49:57.538599Z,548204.845574719,548204,44506,18,5,1594103675,0.000010547,10.000000000,0.000000000,"GPS BIII-2  (PRN 18)","2019-056A"
649,acquire,2026-08-22T13:59:38.961534Z,548786.268509987,548786,26407,22,3,2693274389,0.000031604,10.000000000,0.000000000,"GPS BIIR-5  (PRN 22)","2000-040A"
650,loss,2026-08-22T14:01:35.199819Z,548902.506795251,548902,48859,11,5,834730615,0.000054957,10.000000000,0.000000000,"GPS BIII-5  (PRN 11)","2021-054A"
651,acquire,2026-08-22T14:07:33.479826Z,549260.786801597,549260,32260,15,1,3315252098,0.000023131,10.000000000,0.000000000,"GPS BIIRM-4 (PRN 15)","2007-047A"
652,loss,2026-08-22T14:13:19.058689Z,549606.365665083,549606,40105,9,1,3340614674,0.000038417,10.000000000,0.000000000,"GPS BIIF-7  (PRN 09)","2014-045A"
653,acquire,2026-08-22T15:16:52.970839Z,553420.277815359,553420,38833,24,2,2138266541,0.000030382,10.000000000,0.000000000,"GPS BIIF-3  (PRN 24)","2012-053A"
654,loss,2026-08-22T15:30:27.322479Z,554234.629454743,554234,32711,7,2,1199977416,0.000039309,10.000000000,0.000000000,"GPS BIIRM-6 (PRN 07)","2008-012A"
655,acquire,2026-08-22T15:30:29.779091Z,554237.086066734,554237,45854,23,0,1956459316,0.000008923,10.000000000,0.000000000,"GPS BIII-3  (PRN 23)","2020-041A"
656,loss,2026-08-22T15:51:10.798804Z,555478.105779660,555478,44506,18,5,2962420964,0.000006974,10.000000000,0.000000000,"GPS BIII-2  (PRN 18)","2019-056A"
657,acquire,2026-08-22T16:03:34.719297Z,556222.026272711,556222,28874,17,4,898917124,0.000002497,10.000000000,0.000000000,"GPS BIIRM-1 (PRN 17)","2005-038A"
658,loss,2026-08-22T16:03:49.343723Z,556236.650698591,556236,64202,21,0,3217833302,0.000042473,10.000000000,0.000000000,"GPS BIII-8  (PRN 21)","2025-116A"
659,acquire,2026-08-22T16:40:54.317894Z,558461.624869738,558461,41019,10,0,38403297,0.000034103,10.000000000,0.000000000,"GPS BIIF-11 (PRN 10)","2015-062A"
660,acquire,2026-08-22T16:46:12.122872Z,558779.429848079,558779,28190,19,4,3560926196,0.000043817,10.000000000,0.000000000,"GPS BIIR-11 (PRN 19)","2004-009A"
661,acquire,2026-08-22T16:54:29.355222Z,559276.662197584,559276,68791,13,3,3631029557,0.000040165,10.000000000,0.000000000,"GPS BIII-10 (PRN 13)","2026-087A"
662,loss,2026-08-22T16:56:02.896139Z,559370.203114797,559370,35752,5,0,4066051112,0.000024013,10.000000000,0.000000000,"GPS BIIRM-8 (PRN 05)","2009-043A"
663,loss,2026-08-22T17:03:27.611376Z,559814.918352343,559814,39533,30,2,2464639650,0.000008556,10.000000000,0.000000000,"GPS BIIF-5  (PRN 30)","2014-008A"
664,acquire,2026-08-22T17:08:07.236659Z,560094.543635182,560094,29601,12,3,623598031,0.000054315,10.000000000,0.000000000,"GPS BIIRM-3 (PRN 12)","2006-052A"
665,loss,2026-08-22T18:07:25.355755Z,563652.662730745,563652,46826,14,3,1397750876,0.000037460,10.000000000,0.000000000,"GPS BIII-4  (PRN 14)","2020-078A"
666,acquire,2026-08-22T18:24:23.649951Z,564670.956927411,564670,41328,32,1,1976131696,0.000004640,10.000000000,0.000000000,"GPS BIIF-12 (PRN 32)","2016-007A"
667,acquire,2026-08-22T18:24:55.948642Z,564703.255617817,564703,36585,25,3,3625016490,0.000028955,10.000000000,0.000000000,"GPS BIIF-1  (PRN 25)","2010-022A"
668,loss,2026-08-22T18:38:37.660062Z,565524.967037573,565524,67588,20,1,2067476846,0.000004031,10.000000000,0.000000000,"GPS BIII-9  (PRN 20)","2026-017A"
669,loss,2026-08-22T18:54:40.060697Z,566487.367672816,566487,26407,22,3,1475122438,0.000039213,10.000000000,0.000000000,"GPS BIIR-5  (PRN 22)","2000-040A"
670,loss,2026-08-22T18:56:33.928342Z,566601.235318226,566601,45854,23,0,1430794366,0.000023418,10.000000000,0.000000000,"GPS BIII-3  (PRN 23)","2020-041A"
671,acquire,2026-08-22T19:20:48.516689Z,568055.823665075,568055,39741,6,5,2970717931,0.000014315,10.000000000,0.000000000,"GPS BIIF-6  (PRN 06)","2014-026A"
672,loss,2026-08-22T19:23:12.736370Z,568200.043346383,568200,32260,15,1,2613619644,0.000005111,10.000000000,0.000000000,"GPS BIIRM-4 (PRN 15)","2007-047A"
673,loss,2026-08-22T19:30:38.631457Z,568645.938433334,568645,28874,17,4,753505947,0.000006073,10.000000000,0.000000000,"GPS BIIRM-1 (PRN 17)","2005-038A"
674,loss,2026-08-22T19:32:03.283019Z,568730.589994572,568730,41019,10,0,4109307870,0.000036079,10.000000000,0.000000000,"GPS BIIF-11 (PRN 10)","2015-062A"
675,acquire,2026-08-22T19:51:50.011331Z,569917.318306863,569917,55268,28,2,2306788474,0.000034868,10.000000000,0.000000000,"GPS BIII-6  (PRN 28)","2023-009A"
676,acquire,2026-08-22T19:54:19.240323Z,570066.547299391,570066,48859,11,5,3460410415,0.000042044,10.000000000,0.000000000,"GPS BIII-5  (PRN 11)","2021-054A"
677,acquire,2026-08-22T20:04:26.198869Z,570673.505845052,570673,32384,29,4,2681383596,0.000059866,10.000000000,0.000000000,"GPS BIIRM-5 (PRN 29)","2007-062A"
678,loss,2026-08-22T20:49:20.375076Z,573367.682051916,573367,28190,19,4,3024190783,0.000035466,10.000000000,0.000000000,"GPS BIIR-11 (PRN 19)","2004-009A"
679,acquire,2026-08-22T21:01:11.134374Z,574078.441349847,574078,29486,31,2,3278950220,0.000050547,10.000000000,0.000000000,"GPS BIIRM-2 (PRN 31)","2006-042A"
680,loss,2026-08-22T21:12:43.411063Z,574770.718039482,574770,38833,24,2,2587558038,0.000032217,10.000000000,0.000000000,"GPS BIIF-3  (PRN 24)","2012-053A"
681,loss,2026-08-22T21:55:39.476111Z,577346.783086528,577346,39741,6,5,2657628681,0.000018494,10.000000000,0.000000000,"GPS BIIF-6  (PRN 06)","2014-026A"
682,acquire,2026-08-22T21:58:59.259693Z,577546.566669369,577546,40534,26,3,2387835043,0.000046888,10.000000000,0.000000000,"GPS BIIF-9  (PRN 26)","2015-013A"
683,acquire,2026-08-22T22:22:48.207375Z,578975.514350629,578975,44506,18,5,2187878861,0.000058027,10.000000000,0.000000000,"GPS BIII-2  (PRN 18)","2019-056A"
684,loss,2026-08-22T22:25:38.822855Z,579146.129831470,579146,41328,32,1,1799406182,0.000013743,10.000000000,0.000000000,"GPS BIIF-12 (PRN 32)","2016-007A"
685,acquire,2026-08-22T22:54:27.054823Z,580874.361798536,580874,43873,4,1,3655131486,0.000015033,10.000000000,0.000000000,"GPS BIII-1  (PRN 04)","2018-109A"
686,loss,2026-08-22T22:57:41.307137Z,581068.614112513,581068,68791,13,3,3156473725,0.000041307,10.000000000,0.000000000,"GPS BIII-10 (PRN 13)","2026-087A"
687,acquire,2026-08-22T23:00:43.650199Z,581250.957175284,581250,64202,21,0,18789088,0.000002046,10.000000000,0.000000000,"GPS BIII-8  (PRN 21)","2025-116A"
688,loss,2026-08-22T23:05:19.557564Z,581526.864539636,581526,29601,12,3,4219451686,0.000014373,10.000000000,0.000000000,"GPS BIIRM-3 (PRN 12)","2006-052A"
689,acquire,2026-08-22T23:08:19.908326Z,581707.215302337,581707,35752,5,0,3337166495,0.000017891,10.000000000,0.000000000,"GPS BIIRM-8 (PRN 05)","2009-043A"
690,loss,2026-08-22T23:13:09.573735Z,581996.880711351,581996,48859,11,5,510506472,0.000011914,10.000000000,0.000000000,"GPS BIII-5  (PRN 11)","2021-054A"
691,acquire,2026-08-22T23:13:45.697709Z,582033.004685402,582033,27663,16,3,106254247,0.000000518,10.000000000,0.000000000,"GPS BIIR-8  (PRN 16)","2003-005A"
692,loss,2026-08-23T00:05:07.914686Z,585115.221661975,585115,43873,4,1,44339450,0.000009030,10.000000000,0.000000000,"GPS BIII-1  (PRN 04)","2018-109A"
693,acquire,2026-08-23T00:17:30.207274Z,585857.514249539,585857,39166,27,4,4003689077,0.000052490,10.000000000,0.000000000,"GPS BIIF-4  (PRN 27)","2013-023A"
694,loss,2026-08-23T00:25:46.017161Z,586353.324137149,586353,64202,21,0,1673824948,0.000015960,10.000000000,0.000000000,"GPS BIII-8  (PRN 21)","2025-116A"
695,loss,2026-08-23T00:28:11.902533Z,586499.209509463,586499,36585,25,3,3652650728,0.000023327,10.000000000,0.000000000,"GPS BIIF-1  (PRN 25)","2010-022A"
696,acquire,2026-08-23T00:46:50.756051Z,587618.063027178,587618,45854,23,0,3504625876,0.000007074,10.000000000,0.000000000,"GPS BIII-3  (PRN 23)","2020-041A"
697,loss,2026-08-23T00:51:24.851241Z,587892.158217263,587892,55268,28,2,3537276486,0.000018588,10.000000000,0.000000000,"GPS BIII-6  (PRN 28)","2023-009A"
698,acquire,2026-08-23T01:34:56.870112Z,590504.177087989,590504,41019,10,0,3693140684,0.000020960,10.000000000,0.000000000,"GPS BIIF-11 (PRN 10)","2015-062A"
699,acquire,2026-08-23T01:36:40.247376Z,590607.554351816,590607,32711,7,2,1992476475,0.000028879,10.000000000,0.000000000,"GPS BIIRM-6 (PRN 07)","2008-012A"
700,loss,2026-08-23T01:38:06.081295Z,590693.388270595,590693,29486,31,2,1509506536,0.000043068,10.000000000,0.000000000,"GPS BIIRM-2 (PRN 31)","2006-042A"
701,acquire,2026-08-23T01:44:19.395927Z,591066.702903211,591066,40730,8,4,4017492539,0.000032014,10.000000000,0.000000000,"GPS BIIF-10 (PRN 08)","2015-033A"
702,loss,2026-08-23T01:47:44.341914Z,591271.648890115,591271,35752,5,0,3364833673,0.000031194,10.000000000,0.000000000,"GPS BIIRM-8 (PRN 05)","2009-043A"
703,loss,2026-08-23T01:51:45.648994Z,591512.955969549,591512,32384,29,4,912640565,0.000004613,10.000000000,0.000000000,"GPS BIIRM-5 (PRN 29)","2007-062A"
704,acquire,2026-08-23T02:23:24.318285Z,593411.625260764,593411,32260,15,1,2116567128,0.000017364,10.000000000,0.000000000,"GPS BIIRM-4 (PRN 15)","2007-047A"
705,acquire,2026-08-23T02:47:09.776431Z,594837.083407208,594837,28474,2,5,756203396,0.000009464,10.000000000,0.000000000,"GPS BIIR-13 (PRN 02)","2004-045A"
706,loss,2026-08-23T03:27:23.705305Z,597251.012281478,597251,40534,26,3,3280212587,0.000001426,10.000000000,0.000000000,"GPS BIIF-9  (PRN 26)","2015-013A"
707,loss,2026-08-23T03:38:03.643904Z,597890.950880200,597890,44506,18,5,1293031989,0.000005336,10.000000000,0.000000000,"GPS BIII-2  (PRN 18)","2019-056A"
708,loss,2026-08-23T03:40:52.577207Z,598059.884183383,598059,32711,7,2,1678088726,0.000007350,10.000000000,0.000000000,"GPS BIIRM-6 (PRN 07)","2008-012A"
709,loss,2026-08-23T03:44:20.332924Z,598267.639899534,598267,32260,15,1,3100000602,0.000017407,10.000000000,0.000000000,"GPS BIIRM-4 (PRN 15)","2007-047A"
710,acquire,2026-08-23T03:46:00.484748Z,598367.791723706,598367,62339,1,5,1293715617,0.000022539,10.000000000,0.000000000,"GPS BIII-7  (PRN 01)","2024-242A"
711,acquire,2026-08-23T04:09:40.935194Z,599788.242169866,599788,41328,32,1,3685713822,0.000024914,10.000000000,0.000000000,"GPS BIIF-12 (PRN 32)","2016-007A"
712,acquire,2026-08-23T04:24:37.989498Z,600685.296474078,600685,46826,14,3,2563780451,0.000026216,10.000000000,0.000000000,"GPS BIII-4  (PRN 14)","2020-078A"
713,loss,2026-08-23T04:30:40.166180Z,601047.473156424,601047,27663,16,3,2794883035,0.000055472,10.000000000,0.000000000,"GPS BIIR-8  (PRN 16)","2003-005A"
714,acquire,2026-08-23T05:05:05.384743Z,603112.691718630,603112,26407,22,3,2301295600,0.000026006,10.000000000,0.000000000,"GPS BIIR-5  (PRN 22)","2000-040A"
715,loss,2026-08-23T05:12:46.802335Z,603574.109311157,603574,45854,23,0,76852810,0.000012455,10.000000000,0.000000000,"GPS BIII-3  (PRN 23)","2020-041A"
716,acquire,2026-08-23T05:15:43.480860Z,603750.787835686,603750,40294,3,0,4158279947,0.000025444,10.000000000,0.000000000,"GPS BIIF-8  (PRN 03)","2014-068A"
