# 3D self-intersecting immersion of a Klein bottle; a true embedding requires 4D.
o klein_bottle_immersion
v 0.66666667 0.00000000 0.00000000
v 0.66615289 0.00000000 0.01307652
v 0.66461472 0.00000000 0.02607241
v 0.66206165 0.00000000 0.03890756
v 0.65850942 0.00000000 0.05150283
v 0.65397992 0.00000000 0.06378057
v 0.64850109 0.00000000 0.07566508
v 0.64210669 0.00000000 0.08708309
v 0.63483617 0.00000000 0.09796421
v 0.62673433 0.00000000 0.10824134
v 0.61785113 0.00000000 0.11785113
v 0.60824134 0.00000000 0.12673433
v 0.59796421 0.00000000 0.13483617
v 0.58708309 0.00000000 0.14210669
v 0.57566508 0.00000000 0.14850109
v 0.56378057 0.00000000 0.15397992
v 0.55150283 0.00000000 0.15850942
v 0.53890756 0.00000000 0.16206165
v 0.52607241 0.00000000 0.16461472
v 0.51307652 0.00000000 0.16615289
v 0.50000000 0.00000000 0.16666667
v 0.48692348 0.00000000 0.16615289
v 0.47392759 0.00000000 0.16461472
v 0.46109244 0.00000000 0.16206165
v 0.44849717 0.00000000 0.15850942
v 0.43621943 0.00000000 0.15397992
v 0.42433492 0.00000000 0.14850109
v 0.41291691 0.00000000 0.14210669
v 0.40203579 0.00000000 0.13483617
v 0.39175866 0.00000000 0.12673433
v 0.38214887 0.00000000 0.11785113
v 0.37326567 0.00000000 0.10824134
v 0.36516383 0.00000000 0.09796421
v 0.35789331 0.00000000 0.08708309
v 0.35149891 0.00000000 0.07566508
v 0.34602008 0.00000000 0.06378057
v 0.34149058 0.00000000 0.05150283
v 0.33793835 0.00000000 0.03890756
v 0.33538528 0.00000000 0.02607241
v 0.33384711 0.00000000 0.01307652
v 0.33333333 0.00000000 0.00000000
v 0.33384711 0.00000000 -0.01307652
v 0.33538528 0.00000000 -0.02607241
v 0.33793835 0.00000000 -0.03890756
v 0.34149058 0.00000000 -0.05150283
v 0.34602008 0.00000000 -0.06378057
v 0.35149891 0.00000000 -0.07566508
v 0.35789331 0.00000000 -0.08708309
v 0.36516383 0.00000000 -0.09796421
v 0.37326567 0.00000000 -0.10824134
v 0.38214887 0.00000000 -0.11785113
v 0.39175866 0.00000000 -0.12673433
v 0.40203579 0.00000000 -0.13483617
v 0.41291691 0.00000000 -0.14210669
v 0.42433492 0.00000000 -0.14850109
v 0.43621943 0.00000000 -0.15397992
v 0.44849717 0.00000000 -0.15850942
v 0.46109244 0.00000000 -0.16206165
v 0.47392759 0.00000000 -0.16461472
v 0.48692348 0.00000000 -0.16615289
v 0.50000000 0.00000000 -0.16666667
v 0.51307652 0.00000000 -0.16615289
v 0.52607241 0.00000000 -0.16461472
v 0.53890756 0.00000000 -0.16206165
v 0.55150283 0.00000000 -0.15850942
v 0.56378057 0.00000000 -0.15397992
v 0.57566508 0.00000000 -0.14850109
v 0.58708309 0.00000000 -0.14210669
v 0.59796421 0.00000000 -0.13483617
v 0.60824134 0.00000000 -0.12673433
v 0.61785113 0.00000000 -0.11785113
v 0.62673433 0.00000000 -0.10824134
v 0.63483617 0.00000000 -0.09796421
v 0.64210669 0.00000000 -0.08708309
v 0.64850109 0.00000000 -0.07566508
v 0.65397992 0.00000000 -0.06378057
v 0.65850942 0.00000000 -0.05150283
v 0.66206165 0.00000000 -0.03890756
v 0.66461472 0.00000000 -0.02607241
v 0.66615289 0.00000000 -0.01307652
v 0.68589586 0.05889477 0.00000000
v 0.68538208 0.05887458 0.01308660
v 0.68384392 0.05881415 0.02609251
v 0.68129085 0.05871384 0.03893756
v 0.67773862 0.05857427 0.05154254
v 0.67320912 0.05839631 0.06382974
v 0.66773029 0.05818104 0.07572342
v 0.66133590 0.05792980 0.08715023
v 0.65406538 0.05764415 0.09803974
v 0.64596354 0.05732582 0.10832479
v 0.63708035 0.05697680 0.11794199
v 0.62747057 0.05659923 0.12683204
v 0.61719344 0.05619544 0.13494012
v 0.60631233 0.05576792 0.14221625
v 0.59489433 0.05531931 0.14861558
v 0.58300983 0.05485237 0.15409864
v 0.57073209 0.05436997 0.15863162
v 0.55813683 0.05387510 0.16218660
v 0.54530169 0.05337081 0.16474164
v 0.53230580 0.05286020 0.16628099
v 0.51922929 0.05234642 0.16679516
v 0.50615278 0.05183264 0.16628099
v 0.49315690 0.05132203 0.16474164
v 0.48032175 0.05081774 0.16218660
v 0.46772649 0.05032287 0.15863162
v 0.45544876 0.04984048 0.15409864
v 0.44356425 0.04937353 0.14861558
v 0.43214625 0.04892492 0.14221625
v 0.42126514 0.04849740 0.13494012
v 0.41098802 0.04809361 0.12683204
v 0.40137823 0.04771604 0.11794199
v 0.39249504 0.04736702 0.10832479
v 0.38439321 0.04704870 0.09803974
v 0.37712268 0.04676304 0.08715023
v 0.37072829 0.04651180 0.07572342
v 0.36524946 0.04629654 0.06382974
v 0.36071997 0.04611857 0.05154254
v 0.35716773 0.04597901 0.03893756
v 0.35461467 0.04587869 0.02609251
v 0.35307650 0.04581826 0.01308660
v 0.35256272 0.04579807 0.00000000
v 0.35307650 0.04581826 -0.01308660
v 0.35461467 0.04587869 -0.02609251
v 0.35716773 0.04597901 -0.03893756
v 0.36071997 0.04611857 -0.05154254
v 0.36524946 0.04629654 -0.06382974
v 0.37072829 0.04651180 -0.07572342
v 0.37712268 0.04676304 -0.08715023
v 0.38439321 0.04704870 -0.09803974
v 0.39249504 0.04736702 -0.10832479
v 0.40137823 0.04771604 -0.11794199
v 0.41098802 0.04809361 -0.12683204
v 0.42126514 0.04849740 -0.13494012
v 0.43214625 0.04892492 -0.14221625
v 0.44356425 0.04937353 -0.14861558
v 0.45544876 0.04984048 -0.15409864
v 0.46772649 0.05032287 -0.15863162
v 0.48032175 0.05081774 -0.16218660
v 0.49315690 0.05132203 -0.16474164
v 0.50615278 0.05183264 -0.16628099
v 0.51922929 0.05234642 -0.16679516
v 0.53230580 0.05286020 -0.16628099
v 0.54530169 0.05337081 -0.16474164
v 0.55813683 0.05387510 -0.16218660
v 0.57073209 0.05436997 -0.15863162
v 0.58300983 0.05485237 -0.15409864
v 0.59489433 0.05531931 -0.14861558
v 0.60631233 0.05576792 -0.14221625
v 0.61719344 0.05619544 -0.13494012
v 0.62747057 0.05659923 -0.12683204
v 0.63708035 0.05697680 -0.11794199
v 0.64596354 0.05732582 -0.10832479
v 0.65406538 0.05764415 -0.09803974
v 0.66133590 0.05792980 -0.08715023
v 0.66773029 0.05818104 -0.07572342
v 0.67320912 0.05839631 -0.06382974
v 0.67773862 0.05857427 -0.05154254
v 0.68129085 0.05871384 -0.03893756
v 0.68384392 0.05881415 -0.02609251
v 0.68538208 0.05887458 -0.01308660
v 0.70423237 0.11772895 0.00000000
v 0.70371859 0.11768852 0.01311683
v 0.70218044 0.11756746 0.02615278
v 0.69962740 0.11736654 0.03902750
v 0.69607520 0.11708697 0.05166160
v 0.69154574 0.11673050 0.06397719
v 0.68606696 0.11629931 0.07589833
v 0.67967263 0.11579606 0.08735154
v 0.67240217 0.11522386 0.09826620
v 0.66430041 0.11458624 0.10857501
v 0.65541729 0.11388712 0.11821443
v 0.64580760 0.11313083 0.12712501
v 0.63553056 0.11232200 0.13525182
v 0.62464955 0.11146565 0.14254476
v 0.61323165 0.11056704 0.14895887
v 0.60134725 0.10963172 0.15445459
v 0.58906963 0.10866545 0.15899805
v 0.57647447 0.10767419 0.16256124
v 0.56363945 0.10666405 0.16512218
v 0.55064367 0.10564126 0.16666508
v 0.53756728 0.10461213 0.16718044
v 0.52449089 0.10358299 0.16666508
v 0.51149512 0.10256020 0.16512218
v 0.49866009 0.10155007 0.16256124
v 0.48606494 0.10055881 0.15899805
v 0.47378732 0.09959254 0.15445459
v 0.46190292 0.09865721 0.14895887
v 0.45048502 0.09775860 0.14254476
v 0.43960401 0.09690225 0.13525182
v 0.42932697 0.09609343 0.12712501
v 0.41971727 0.09533713 0.11821443
v 0.41083416 0.09463801 0.10857501
v 0.40273240 0.09400039 0.09826620
v 0.39546194 0.09342819 0.08735154
v 0.38906761 0.09292495 0.07589833
v 0.38358882 0.09249376 0.06397719
v 0.37905937 0.09213728 0.05166160
v 0.37550717 0.09185772 0.03902750
v 0.37295412 0.09165679 0.02615278
v 0.37141597 0.09153574 0.01311683
v 0.37090220 0.09149530 0.00000000
v 0.37141597 0.09153574 -0.01311683
v 0.37295412 0.09165679 -0.02615278
v 0.37550717 0.09185772 -0.03902750
v 0.37905937 0.09213728 -0.05166160
v 0.38358882 0.09249376 -0.06397719
v 0.38906761 0.09292495 -0.07589833
v 0.39546194 0.09342819 -0.08735154
v 0.40273240 0.09400039 -0.09826620
v 0.41083416 0.09463801 -0.10857501
v 0.41971727 0.09533713 -0.11821443
v 0.42932697 0.09609343 -0.12712501
v 0.43960401 0.09690225 -0.13525182
v 0.45048502 0.09775860 -0.14254476
v 0.46190292 0.09865721 -0.14895887
v 0.47378732 0.09959254 -0.15445459
v 0.48606494 0.10055881 -0.15899805
v 0.49866009 0.10155007 -0.16256124
v 0.51149512 0.10256020 -0.16512218
v 0.52449089 0.10358299 -0.16666508
v 0.53756728 0.10461213 -0.16718044
v 0.55064367 0.10564126 -0.16666508
v 0.56363945 0.10666405 -0.16512218
v 0.57647447 0.10767419 -0.16256124
v 0.58906963 0.10866545 -0.15899805
v 0.60134725 0.10963172 -0.15445459
v 0.61323165 0.11056704 -0.14895887
v 0.62464955 0.11146565 -0.14254476
v 0.63553056 0.11232200 -0.13525182
v 0.64580760 0.11313083 -0.12712501
v 0.65541729 0.11388712 -0.11821443
v 0.66430041 0.11458624 -0.10857501
v 0.67240217 0.11522386 -0.09826620
v 0.67967263 0.11579606 -0.08735154
v 0.68606696 0.11629931 -0.07589833
v 0.69154574 0.11673050 -0.06397719
v 0.69607520 0.11708697 -0.05166160
v 0.69962740 0.11736654 -0.03902750
v 0.70218044 0.11756746 -0.02615278
v 0.70371859 0.11768852 -0.01311683
v 0.72155423 0.17644188 0.00000000
v 0.72104048 0.17638108 0.01316716
v 0.71950238 0.17619903 0.02625313
v 0.71694944 0.17589687 0.03917725
v 0.71339737 0.17547645 0.05185983
v 0.70886809 0.17494038 0.06422267
v 0.70338952 0.17429195 0.07618956
v 0.69699544 0.17353516 0.08768671
v 0.68972526 0.17267468 0.09864325
v 0.68162381 0.17171581 0.10899162
v 0.67274104 0.17066446 0.11866802
v 0.66313171 0.16952712 0.12761279
v 0.65285507 0.16831080 0.13577079
v 0.64197448 0.16702300 0.14309171
v 0.63055702 0.16567165 0.14953043
v 0.61867308 0.16426510 0.15504724
v 0.60639593 0.16281200 0.15960813
v 0.59380126 0.16132132 0.16318499
v 0.58096673 0.15980225 0.16575576
v 0.56797146 0.15826416 0.16730458
v 0.55489557 0.15671653 0.16782192
v 0.54181968 0.15516890 0.16730458
v 0.52882441 0.15363081 0.16575576
v 0.51598988 0.15211174 0.16318499
v 0.50339521 0.15062106 0.15960813
v 0.49111806 0.14916796 0.15504724
v 0.47923412 0.14776141 0.14953043
v 0.46781666 0.14641006 0.14309171
v 0.45693607 0.14512226 0.13577079
v 0.44665943 0.14390594 0.12761279
v 0.43705010 0.14276860 0.11866802
v 0.42816733 0.14171725 0.10899162
v 0.42006588 0.14075838 0.09864325
v 0.41279570 0.13989790 0.08768671
v 0.40640162 0.13914111 0.07618956
v 0.40092305 0.13849268 0.06422267
v 0.39639377 0.13795661 0.05185983
v 0.39284170 0.13753619 0.03917725
v 0.39028876 0.13723403 0.02625313
v 0.38875066 0.13705198 0.01316716
v 0.38823691 0.13699118 0.00000000
v 0.38875066 0.13705198 -0.01316716
v 0.39028876 0.13723403 -0.02625313
v 0.39284170 0.13753619 -0.03917725
v 0.39639377 0.13795661 -0.05185983
v 0.40092305 0.13849268 -0.06422267
v 0.40640162 0.13914111 -0.07618956
v 0.41279570 0.13989790 -0.08768671
v 0.42006588 0.14075838 -0.09864325
v 0.42816733 0.14171725 -0.10899162
v 0.43705010 0.14276860 -0.11866802
v 0.44665943 0.14390594 -0.12761279
v 0.45693607 0.14512226 -0.13577079
v 0.46781666 0.14641006 -0.14309171
v 0.47923412 0.14776141 -0.14953043
v 0.49111806 0.14916796 -0.15504724
v 0.50339521 0.15062106 -0.15960813
v 0.51598988 0.15211174 -0.16318499
v 0.52882441 0.15363081 -0.16575576
v 0.54181968 0.15516890 -0.16730458
v 0.55489557 0.15671653 -0.16782192
v 0.56797146 0.15826416 -0.16730458
v 0.58096673 0.15980225 -0.16575576
v 0.59380126 0.16132132 -0.16318499
v 0.60639593 0.16281200 -0.15960813
v 0.61867308 0.16426510 -0.15504724
v 0.63055702 0.16567165 -0.14953043
v 0.64197448 0.16702300 -0.14309171
v 0.65285507 0.16831080 -0.13577079
v 0.66313171 0.16952712 -0.12761279
v 0.67274104 0.17066446 -0.11866802
v 0.68162381 0.17171581 -0.10899162
v 0.68972526 0.17267468 -0.09864325
v 0.69699544 0.17353516 -0.08768671
v 0.70338952 0.17429195 -0.07618956
v 0.70886809 0.17494038 -0.06422267
v 0.71339737 0.17547645 -0.05185983
v 0.71694944 0.17589687 -0.03917725
v 0.71950238 0.17619903 -0.02625313
v 0.72104048 0.17638108 -0.01316716
v 0.73773982 0.23497269 0.00000000
v 0.73722612 0.23489133 0.01323751
v 0.73568819 0.23464775 0.02639341
v 0.73313551 0.23424344 0.03938658
v 0.72958381 0.23368091 0.05213692
v 0.72505500 0.23296361 0.06456582
v 0.71957700 0.23209598 0.07659665
v 0.71318357 0.23108336 0.08815523
v 0.70591415 0.22993200 0.09917031
v 0.69781354 0.22864899 0.10957397
v 0.68893169 0.22724224 0.11930207
v 0.67932335 0.22572043 0.12829464
v 0.66904778 0.22409294 0.13649622
v 0.65816831 0.22236980 0.14385626
v 0.64675203 0.22056164 0.15032938
v 0.63486932 0.21867961 0.15587567
v 0.62259344 0.21673530 0.16046093
v 0.61000008 0.21474070 0.16405690
v 0.59716688 0.21270812 0.16664140
v 0.58417295 0.21065009 0.16819851
v 0.57109842 0.20857929 0.16871861
v 0.55802389 0.20650848 0.16819851
v 0.54502996 0.20445045 0.16664140
v 0.53219676 0.20241787 0.16405690
v 0.51960339 0.20042328 0.16046093
v 0.50732751 0.19847897 0.15587567
v 0.49544480 0.19659693 0.15032938
v 0.48402852 0.19478877 0.14385626
v 0.47314906 0.19306563 0.13649622
v 0.46287348 0.19143814 0.12829464
v 0.45326515 0.18991633 0.11930207
v 0.44438330 0.18850958 0.10957397
v 0.43628269 0.18722657 0.09917031
v 0.42901326 0.18607521 0.08815523
v 0.42261984 0.18506259 0.07659665
v 0.41714184 0.18419496 0.06456582
v 0.41261303 0.18347767 0.05213692
v 0.40906133 0.18291513 0.03938658
v 0.40650865 0.18251083 0.02639341
v 0.40497071 0.18226724 0.01323751
v 0.40445702 0.18218588 0.00000000
v 0.40497071 0.18226724 -0.01323751
v 0.40650865 0.18251083 -0.02639341
v 0.40906133 0.18291513 -0.03938658
v 0.41261303 0.18347767 -0.05213692
v 0.41714184 0.18419496 -0.06456582
v 0.42261984 0.18506259 -0.07659665
v 0.42901326 0.18607521 -0.08815523
v 0.43628269 0.18722657 -0.09917031
v 0.44438330 0.18850958 -0.10957397
v 0.45326515 0.18991633 -0.11930207
v 0.46287348 0.19143814 -0.12829464
v 0.47314906 0.19306563 -0.13649622
v 0.48402852 0.19478877 -0.14385626
v 0.49544480 0.19659693 -0.15032938
v 0.50732751 0.19847897 -0.15587567
v 0.51960339 0.20042328 -0.16046093
v 0.53219676 0.20241787 -0.16405690
v 0.54502996 0.20445045 -0.16664140
v 0.55802389 0.20650848 -0.16819851
v 0.57109842 0.20857929 -0.16871861
v 0.58417295 0.21065009 -0.16819851
v 0.59716688 0.21270812 -0.16664140
v 0.61000008 0.21474070 -0.16405690
v 0.62259344 0.21673530 -0.16046093
v 0.63486932 0.21867961 -0.15587567
v 0.64675203 0.22056164 -0.15032938
v 0.65816831 0.22236980 -0.14385626
v 0.66904778 0.22409294 -0.13649622
v 0.67932335 0.22572043 -0.12829464
v 0.68893169 0.22724224 -0.11930207
v 0.69781354 0.22864899 -0.10957397
v 0.70591415 0.22993200 -0.09917031
v 0.71318357 0.23108336 -0.08815523
v 0.71957700 0.23209598 -0.07659665
v 0.72505500 0.23296361 -0.06456582
v 0.72958381 0.23368091 -0.05213692
v 0.73313551 0.23424344 -0.03938658
v 0.73568819 0.23464775 -0.02639341
v 0.73722612 0.23489133 -0.01323751
v 0.75266863 0.29326025 0.00000000
v 0.75215504 0.29315809 0.01332778
v 0.75061745 0.29285224 0.02657338
v 0.74806532 0.29234459 0.03965516
v 0.74451440 0.29163827 0.05249244
v 0.73998657 0.29073763 0.06500610
v 0.73450976 0.28964823 0.07711897
v 0.72811773 0.28837677 0.08875637
v 0.72084988 0.28693111 0.09984656
v 0.71275103 0.28532015 0.11032117
v 0.70387112 0.28355382 0.12011561
v 0.69426488 0.28164302 0.12916949
v 0.68399154 0.27959953 0.13742700
v 0.67311444 0.27743594 0.14483723
v 0.66170065 0.27516559 0.15135449
v 0.64982052 0.27280249 0.15693860
v 0.63754732 0.27036120 0.16155513
v 0.62495669 0.26785677 0.16517562
v 0.61212628 0.26530464 0.16777775
v 0.59913519 0.26272055 0.16934547
v 0.58606350 0.26012043 0.16986912
v 0.57299181 0.25752031 0.16934547
v 0.56000071 0.25493622 0.16777775
v 0.54717030 0.25238409 0.16517562
v 0.53457968 0.24987966 0.16155513
v 0.52230647 0.24743837 0.15693860
v 0.51042635 0.24507527 0.15135449
v 0.49901256 0.24280492 0.14483723
v 0.48813546 0.24064133 0.13742700
v 0.47786212 0.23859784 0.12916949
v 0.46825588 0.23668704 0.12011561
v 0.45937596 0.23492071 0.11032117
v 0.45127711 0.23330975 0.09984656
v 0.44400927 0.23186409 0.08875637
v 0.43761724 0.23059263 0.07711897
v 0.43214043 0.22950323 0.06500610
v 0.42761260 0.22860259 0.05249244
v 0.42406168 0.22789626 0.03965516
v 0.42150955 0.22738861 0.02657338
v 0.41997195 0.22708277 0.01332778
v 0.41945837 0.22698061 0.00000000
v 0.41997195 0.22708277 -0.01332778
v 0.42150955 0.22738861 -0.02657338
v 0.42406168 0.22789626 -0.03965516
v 0.42761260 0.22860259 -0.05249244
v 0.43214043 0.22950323 -0.06500610
v 0.43761724 0.23059263 -0.07711897
v 0.44400927 0.23186409 -0.08875637
v 0.45127711 0.23330975 -0.09984656
v 0.45937596 0.23492071 -0.11032117
v 0.46825588 0.23668704 -0.12011561
v 0.47786212 0.23859784 -0.12916949
v 0.48813546 0.24064133 -0.13742700
v 0.49901256 0.24280492 -0.14483723
v 0.51042635 0.24507527 -0.15135449
v 0.52230647 0.24743837 -0.15693860
v 0.53457968 0.24987966 -0.16155513
v 0.54717030 0.25238409 -0.16517562
v 0.56000071 0.25493622 -0.16777775
v 0.57299181 0.25752031 -0.16934547
v 0.58606350 0.26012043 -0.16986912
v 0.59913519 0.26272055 -0.16934547
v 0.61212628 0.26530464 -0.16777775
v 0.62495669 0.26785677 -0.16517562
v 0.63754732 0.27036120 -0.16155513
v 0.64982052 0.27280249 -0.15693860
v 0.66170065 0.27516559 -0.15135449
v 0.67311444 0.27743594 -0.14483723
v 0.68399154 0.27959953 -0.13742700
v 0.69426488 0.28164302 -0.12916949
v 0.70387112 0.28355382 -0.12011561
v 0.71275103 0.28532015 -0.11032117
v 0.72084988 0.28693111 -0.09984656
v 0.72811773 0.28837677 -0.08875637
v 0.73450976 0.28964823 -0.07711897
v 0.73998657 0.29073763 -0.06500610
v 0.74451440 0.29163827 -0.05249244
v 0.74806532 0.29234459 -0.03965516
v 0.75061745 0.29285224 -0.02657338
v 0.75215504 0.29315809 -0.01332778
v 0.76622201 0.35124306 0.00000000
v 0.76570863 0.35111981 0.01343782
v 0.76417164 0.35075081 0.02679279
v 0.76162052 0.35013834 0.03998258
v 0.75807100 0.34928618 0.05292586
v 0.75354496 0.34819957 0.06554283
v 0.74807030 0.34688522 0.07775572
v 0.74168079 0.34535124 0.08948921
v 0.73441581 0.34360707 0.10067097
v 0.72632016 0.34166348 0.11123206
v 0.71744375 0.33953244 0.12110737
v 0.70784129 0.33722709 0.13023601
v 0.69757201 0.33476166 0.13856170
v 0.68669920 0.33215133 0.14603311
v 0.67528990 0.32941220 0.15260418
v 0.66341447 0.32656116 0.15823440
v 0.65114610 0.32361578 0.16288905
v 0.63856044 0.32059423 0.16653943
v 0.62573509 0.31751514 0.16916304
v 0.61274912 0.31439748 0.17074371
v 0.59968259 0.31126049 0.17127168
v 0.58661605 0.30812349 0.17074371
v 0.57363008 0.30500583 0.16916304
v 0.56080473 0.30192674 0.16653943
v 0.54821907 0.29890519 0.16288905
v 0.53595070 0.29595981 0.15823440
v 0.52407527 0.29310877 0.15260418
v 0.51266597 0.29036964 0.14603311
v 0.50179316 0.28775931 0.13856170
v 0.49152388 0.28529388 0.13023601
v 0.48192142 0.28298853 0.12110737
v 0.47304501 0.28085749 0.11123206
v 0.46494936 0.27891390 0.10067097
v 0.45768438 0.27716973 0.08948921
v 0.45129487 0.27563575 0.07775572
v 0.44582021 0.27432140 0.06554283
v 0.44129418 0.27323479 0.05292586
v 0.43774465 0.27238263 0.03998258
v 0.43519353 0.27177016 0.02679279
v 0.43365654 0.27140116 0.01343782
v 0.43314316 0.27127791 0.00000000
v 0.43365654 0.27140116 -0.01343782
v 0.43519353 0.27177016 -0.02679279
v 0.43774465 0.27238263 -0.03998258
v 0.44129418 0.27323479 -0.05292586
v 0.44582021 0.27432140 -0.06554283
v 0.45129487 0.27563575 -0.07775572
v 0.45768438 0.27716973 -0.08948921
v 0.46494936 0.27891390 -0.10067097
v 0.47304501 0.28085749 -0.11123206
v 0.48192142 0.28298853 -0.12110737
v 0.49152388 0.28529388 -0.13023601
v 0.50179316 0.28775931 -0.13856170
v 0.51266597 0.29036964 -0.14603311
v 0.52407527 0.29310877 -0.15260418
v 0.53595070 0.29595981 -0.15823440
v 0.54821907 0.29890519 -0.16288905
v 0.56080473 0.30192674 -0.16653943
v 0.57363008 0.30500583 -0.16916304
v 0.58661605 0.30812349 -0.17074371
v 0.59968259 0.31126049 -0.17127168
v 0.61274912 0.31439748 -0.17074371
v 0.62573509 0.31751514 -0.16916304
v 0.63856044 0.32059423 -0.16653943
v 0.65114610 0.32361578 -0.16288905
v 0.66341447 0.32656116 -0.15823440
v 0.67528990 0.32941220 -0.15260418
v 0.68669920 0.33215133 -0.14603311
v 0.69757201 0.33476166 -0.13856170
v 0.70784129 0.33722709 -0.13023601
v 0.71744375 0.33953244 -0.12110737
v 0.72632016 0.34166348 -0.11123206
v 0.73441581 0.34360707 -0.10067097
v 0.74168079 0.34535124 -0.08948921
v 0.74807030 0.34688522 -0.07775572
v 0.75354496 0.34819957 -0.06554283
v 0.75807100 0.34928618 -0.05292586
v 0.76162052 0.35013834 -0.03998258
v 0.76417164 0.35075081 -0.02679279
v 0.76570863 0.35111981 -0.01343782
v 0.77828399 0.40885920 0.00000000
v 0.77777094 0.40871451 0.01356747
v 0.77623494 0.40828131 0.02705129
v 0.77368547 0.40756229 0.04036834
v 0.77013824 0.40656186 0.05343649
v 0.76561513 0.40528621 0.06617520
v 0.76014402 0.40374320 0.07850591
v 0.75375864 0.40194234 0.09035261
v 0.74649836 0.39989473 0.10164225
v 0.73840794 0.39761299 0.11230524
v 0.72953727 0.39511120 0.12227582
v 0.71994102 0.39240478 0.13149254
v 0.70967838 0.38951042 0.13989856
v 0.69881260 0.38644595 0.14744206
v 0.68741068 0.38323028 0.15407653
v 0.67554293 0.37988323 0.15976106
v 0.66328249 0.37642543 0.16446062
v 0.65070498 0.37287820 0.16814622
v 0.63788792 0.36926342 0.17079514
v 0.62491034 0.36560336 0.17239106
v 0.61185226 0.36192060 0.17292413
v 0.59879418 0.35823784 0.17239106
v 0.58581660 0.35457778 0.17079514
v 0.57299954 0.35096300 0.16814622
v 0.56042203 0.34741577 0.16446062
v 0.54816159 0.34395797 0.15976106
v 0.53629383 0.34061092 0.15407653
v 0.52489192 0.33739525 0.14744206
v 0.51402614 0.33433078 0.13989856
v 0.50376350 0.33143642 0.13149254
v 0.49416725 0.32873000 0.12227582
v 0.48529658 0.32622821 0.11230524
v 0.47720616 0.32394647 0.10164225
v 0.46994588 0.32189886 0.09035261
v 0.46356050 0.32009800 0.07850591
v 0.45808939 0.31855499 0.06617520
v 0.45356628 0.31727934 0.05343649
v 0.45001905 0.31627891 0.04036834
v 0.44746958 0.31555989 0.02705129
v 0.44593358 0.31512669 0.01356747
v 0.44542053 0.31498200 0.00000000
v 0.44593358 0.31512669 -0.01356747
v 0.44746958 0.31555989 -0.02705129
v 0.45001905 0.31627891 -0.04036834
v 0.45356628 0.31727934 -0.05343649
v 0.45808939 0.31855499 -0.06617520
v 0.46356050 0.32009800 -0.07850591
v 0.46994588 0.32189886 -0.09035261
v 0.47720616 0.32394647 -0.10164225
v 0.48529658 0.32622821 -0.11230524
v 0.49416725 0.32873000 -0.12227582
v 0.50376350 0.33143642 -0.13149254
v 0.51402614 0.33433078 -0.13989856
v 0.52489192 0.33739525 -0.14744206
v 0.53629383 0.34061092 -0.15407653
v 0.54816159 0.34395797 -0.15976106
v 0.56042203 0.34741577 -0.16446062
v 0.57299954 0.35096300 -0.16814622
v 0.58581660 0.35457778 -0.17079514
v 0.59879418 0.35823784 -0.17239106
v 0.61185226 0.36192060 -0.17292413
v 0.62491034 0.36560336 -0.17239106
v 0.63788792 0.36926342 -0.17079514
v 0.65070498 0.37287820 -0.16814622
v 0.66328249 0.37642543 -0.16446062
v 0.67554293 0.37988323 -0.15976106
v 0.68741068 0.38323028 -0.15407653
v 0.69881260 0.38644595 -0.14744206
v 0.70967838 0.38951042 -0.13989856
v 0.71994102 0.39240478 -0.13149254
v 0.72953727 0.39511120 -0.12227582
v 0.73840794 0.39761299 -0.11230524
v 0.74649836 0.39989473 -0.10164225
v 0.75375864 0.40194234 -0.09035261
v 0.76014402 0.40374320 -0.07850591
v 0.76561513 0.40528621 -0.06617520
v 0.77013824 0.40656186 -0.05343649
v 0.77368547 0.40756229 -0.04036834
v 0.77623494 0.40828131 -0.02705129
v 0.77777094 0.40871451 -0.01356747
v 0.78874199 0.46604622 0.00000000
v 0.78822945 0.46587968 0.01371653
v 0.78669497 0.46538110 0.02734849
v 0.78414801 0.46455354 0.04081183
v 0.78060429 0.46340212 0.05402356
v 0.77608564 0.46193392 0.06690222
v 0.77061993 0.46015800 0.07936840
v 0.76424085 0.45808532 0.09134524
v 0.75698774 0.45572864 0.10275892
v 0.74890531 0.45310250 0.11353905
v 0.74004339 0.45022309 0.12361918
v 0.73045662 0.44710816 0.13293715
v 0.72020411 0.44377691 0.14143552
v 0.70934906 0.44024989 0.14906189
v 0.69795840 0.43654884 0.15576925
v 0.68610236 0.43269658 0.16151624
v 0.67385403 0.42871686 0.16626742
v 0.66128893 0.42463421 0.16999352
v 0.64848453 0.42047381 0.17267154
v 0.63551976 0.41626130 0.17428499
v 0.62247457 0.41202266 0.17482391
v 0.60942938 0.40778402 0.17428499
v 0.59646462 0.40357151 0.17267154
v 0.58366021 0.39941111 0.16999352
v 0.57109511 0.39532846 0.16626742
v 0.55884678 0.39134874 0.16151624
v 0.54699074 0.38749648 0.15576925
v 0.53560008 0.38379543 0.14906189
v 0.52474503 0.38026841 0.14143552
v 0.51449252 0.37693716 0.13293715
v 0.50490575 0.37382223 0.12361918
v 0.49604383 0.37094282 0.11353905
v 0.48796140 0.36831668 0.10275892
v 0.48070829 0.36596000 0.09134524
v 0.47432921 0.36388731 0.07936840
v 0.46886350 0.36211140 0.06690222
v 0.46434486 0.36064320 0.05402356
v 0.46080113 0.35949177 0.04081183
v 0.45825418 0.35866422 0.02734849
v 0.45671970 0.35816564 0.01371653
v 0.45620715 0.35799910 0.00000000
v 0.45671970 0.35816564 -0.01371653
v 0.45825418 0.35866422 -0.02734849
v 0.46080113 0.35949177 -0.04081183
v 0.46434486 0.36064320 -0.05402356
v 0.46886350 0.36211140 -0.06690222
v 0.47432921 0.36388731 -0.07936840
v 0.48070829 0.36596000 -0.09134524
v 0.48796140 0.36831668 -0.10275892
v 0.49604383 0.37094282 -0.11353905
v 0.50490575 0.37382223 -0.12361918
v 0.51449252 0.37693716 -0.13293715
v 0.52474503 0.38026841 -0.14143552
v 0.53560008 0.38379543 -0.14906189
v 0.54699074 0.38749648 -0.15576925
v 0.55884678 0.39134874 -0.16151624
v 0.57109511 0.39532846 -0.16626742
v 0.58366021 0.39941111 -0.16999352
v 0.59646462 0.40357151 -0.17267154
v 0.60942938 0.40778402 -0.17428499
v 0.62247457 0.41202266 -0.17482391
v 0.63551976 0.41626130 -0.17428499
v 0.64848453 0.42047381 -0.17267154
v 0.66128893 0.42463421 -0.16999352
v 0.67385403 0.42871686 -0.16626742
v 0.68610236 0.43269658 -0.16151624
v 0.69795840 0.43654884 -0.15576925
v 0.70934906 0.44024989 -0.14906189
v 0.72020411 0.44377691 -0.14143552
v 0.73045662 0.44710816 -0.13293715
v 0.74004339 0.45022309 -0.12361918
v 0.74890531 0.45310250 -0.11353905
v 0.75698774 0.45572864 -0.10275892
v 0.76424085 0.45808532 -0.09134524
v 0.77061993 0.46015800 -0.07936840
v 0.77608564 0.46193392 -0.06690222
v 0.78060429 0.46340212 -0.05402356
v 0.78414801 0.46455354 -0.04081183
v 0.78669497 0.46538110 -0.02734849
v 0.78822945 0.46587968 -0.01371653
v 0.79748763 0.52274109 0.00000000
v 0.79697581 0.52255227 0.01388476
v 0.79544352 0.52198698 0.02768391
v 0.79290021 0.52104870 0.04131238
v 0.78936154 0.51974322 0.05468615
v 0.78484935 0.51807858 0.06772276
v 0.77939145 0.51606506 0.08034184
v 0.77302148 0.51371505 0.09246558
v 0.76577873 0.51104306 0.10401925
v 0.75770784 0.50806555 0.11493159
v 0.74885858 0.50480089 0.12513535
v 0.73928551 0.50126919 0.13456761
v 0.72904764 0.49749224 0.14317021
v 0.71820809 0.49349333 0.15089012
v 0.70683370 0.48929709 0.15767974
v 0.69499459 0.48492941 0.16349722
v 0.68276376 0.48041722 0.16830667
v 0.67021660 0.47578833 0.17207847
v 0.65743049 0.47107128 0.17478934
v 0.64448424 0.46629516 0.17642258
v 0.63145768 0.46148941 0.17696811
v 0.61843112 0.45668366 0.17642258
v 0.60548487 0.45190754 0.17478934
v 0.59269876 0.44719049 0.17207847
v 0.58015160 0.44256160 0.16830667
v 0.56792077 0.43804941 0.16349722
v 0.55608166 0.43368173 0.15767974
v 0.54470727 0.42948549 0.15089012
v 0.53386773 0.42548657 0.14317021
v 0.52362985 0.42170962 0.13456761
v 0.51405678 0.41817793 0.12513535
v 0.50520752 0.41491327 0.11493159
v 0.49713663 0.41193576 0.10401925
v 0.48989388 0.40926377 0.09246558
v 0.48352391 0.40691376 0.08034184
v 0.47806601 0.40490023 0.06772276
v 0.47355382 0.40323560 0.05468615
v 0.47001515 0.40193012 0.04131238
v 0.46747184 0.40099184 0.02768391
v 0.46593955 0.40042655 0.01388476
v 0.46542773 0.40023773 0.00000000
v 0.46593955 0.40042655 -0.01388476
v 0.46747184 0.40099184 -0.02768391
v 0.47001515 0.40193012 -0.04131238
v 0.47355382 0.40323560 -0.05468615
v 0.47806601 0.40490023 -0.06772276
v 0.48352391 0.40691376 -0.08034184
v 0.48989388 0.40926377 -0.09246558
v 0.49713663 0.41193576 -0.10401925
v 0.50520752 0.41491327 -0.11493159
v 0.51405678 0.41817793 -0.12513535
v 0.52362985 0.42170962 -0.13456761
v 0.53386773 0.42548657 -0.14317021
v 0.54470727 0.42948549 -0.15089012
v 0.55608166 0.43368173 -0.15767974
v 0.56792077 0.43804941 -0.16349722
v 0.58015160 0.44256160 -0.16830667
v 0.59269876 0.44719049 -0.17207847
v 0.60548487 0.45190754 -0.17478934
v 0.61843112 0.45668366 -0.17642258
v 0.63145768 0.46148941 -0.17696811
v 0.64448424 0.46629516 -0.17642258
v 0.65743049 0.47107128 -0.17478934
v 0.67021660 0.47578833 -0.17207847
v 0.68276376 0.48041722 -0.16830667
v 0.69499459 0.48492941 -0.16349722
v 0.70683370 0.48929709 -0.15767974
v 0.71820809 0.49349333 -0.15089012
v 0.72904764 0.49749224 -0.14317021
v 0.73928551 0.50126919 -0.13456761
v 0.74885858 0.50480089 -0.12513535
v 0.75770784 0.50806555 -0.11493159
v 0.76577873 0.51104306 -0.10401925
v 0.77302148 0.51371505 -0.09246558
v 0.77939145 0.51606506 -0.08034184
v 0.78484935 0.51807858 -0.06772276
v 0.78936154 0.51974322 -0.05468615
v 0.79290021 0.52104870 -0.04131238
v 0.79544352 0.52198698 -0.02768391
v 0.79697581 0.52255227 -0.01388476
v 0.80441741 0.57888016 0.00000000
v 0.80390661 0.57866857 0.01407191
v 0.80237735 0.57803514 0.02805705
v 0.79983908 0.57698375 0.04186922
v 0.79630743 0.57552089 0.05542325
v 0.79180417 0.57365558 0.06863558
v 0.78635709 0.57139933 0.08142474
v 0.77999974 0.56876603 0.09371190
v 0.77277134 0.56577193 0.10542129
v 0.76471645 0.56243548 0.11648072
v 0.75588472 0.55877726 0.12682201
v 0.74633062 0.55481982 0.13638140
v 0.73611303 0.55058756 0.14509996
v 0.72529497 0.54610657 0.15292392
v 0.71394312 0.54140448 0.15980506
v 0.70212747 0.53651028 0.16570095
v 0.68992087 0.53145414 0.17057523
v 0.67739858 0.52626723 0.17439786
v 0.66463780 0.52098155 0.17714527
v 0.65171721 0.51562966 0.17880052
v 0.63871646 0.51024458 0.17935341
v 0.62571572 0.50485949 0.17880052
v 0.61279512 0.49950761 0.17714527
v 0.60003434 0.49422192 0.17439786
v 0.58751205 0.48903502 0.17057523
v 0.57530545 0.48397888 0.16570095
v 0.56348981 0.47908468 0.15980506
v 0.55213796 0.47438258 0.15292392
v 0.54131989 0.46990160 0.14509996
v 0.53110231 0.46566933 0.13638140
v 0.52154820 0.46171189 0.12682201
v 0.51271647 0.45805367 0.11648072
v 0.50466158 0.45471723 0.10542129
v 0.49743318 0.45172313 0.09371190
v 0.49107584 0.44908983 0.08142474
v 0.48562875 0.44683357 0.06863558
v 0.48112550 0.44496826 0.05542325
v 0.47759385 0.44350540 0.04186922
v 0.47505557 0.44245402 0.02805705
v 0.47352632 0.44182058 0.01407191
v 0.47301552 0.44160900 0.00000000
v 0.47352632 0.44182058 -0.01407191
v 0.47505557 0.44245402 -0.02805705
v 0.47759385 0.44350540 -0.04186922
v 0.48112550 0.44496826 -0.05542325
v 0.48562875 0.44683357 -0.06863558
v 0.49107584 0.44908983 -0.08142474
v 0.49743318 0.45172313 -0.09371190
v 0.50466158 0.45471723 -0.10542129
v 0.51271647 0.45805367 -0.11648072
v 0.52154820 0.46171189 -0.12682201
v 0.53110231 0.46566933 -0.13638140
v 0.54131989 0.46990160 -0.14509996
v 0.55213796 0.47438258 -0.15292392
v 0.56348981 0.47908468 -0.15980506
v 0.57530545 0.48397888 -0.16570095
v 0.58751205 0.48903502 -0.17057523
v 0.60003434 0.49422192 -0.17439786
v 0.61279512 0.49950761 -0.17714527
v 0.62571572 0.50485949 -0.17880052
v 0.63871646 0.51024458 -0.17935341
v 0.65171721 0.51562966 -0.17880052
v 0.66463780 0.52098155 -0.17714527
v 0.67739858 0.52626723 -0.17439786
v 0.68992087 0.53145414 -0.17057523
v 0.70212747 0.53651028 -0.16570095
v 0.71394312 0.54140448 -0.15980506
v 0.72529497 0.54610657 -0.15292392
v 0.73611303 0.55058756 -0.14509996
v 0.74633062 0.55481982 -0.13638140
v 0.75588472 0.55877726 -0.12682201
v 0.76471645 0.56243548 -0.11648072
v 0.77277134 0.56577193 -0.10542129
v 0.77999974 0.56876603 -0.09371190
v 0.78635709 0.57139933 -0.08142474
v 0.79180417 0.57365558 -0.06863558
v 0.79630743 0.57552089 -0.05542325
v 0.79983908 0.57698375 -0.04186922
v 0.80237735 0.57803514 -0.02805705
v 0.80390661 0.57866857 -0.01407191
v 0.80943347 0.63439907 0.00000000
v 0.80892402 0.63416421 0.01427768
v 0.80739884 0.63346109 0.02846734
v 0.80486731 0.63229404 0.04248149
v 0.80134505 0.63067025 0.05623372
v 0.79685377 0.62859975 0.06963925
v 0.79142116 0.62609528 0.08261544
v 0.78508072 0.62317230 0.09508227
v 0.77787154 0.61984882 0.10696289
v 0.76983806 0.61614533 0.11818405
v 0.76102982 0.61208468 0.12867656
v 0.75150111 0.60769189 0.13837574
v 0.74131070 0.60299404 0.14722179
v 0.73052139 0.59802010 0.15516016
v 0.71919972 0.59280074 0.16214193
v 0.70741549 0.58736813 0.16812403
v 0.69524135 0.58175578 0.17306959
v 0.68275235 0.57599827 0.17694812
v 0.67002550 0.57013111 0.17973571
v 0.65713926 0.56419047 0.18141517
v 0.64417308 0.55821298 0.18197614
v 0.63120690 0.55223549 0.18141517
v 0.61832066 0.54629485 0.17973571
v 0.60559381 0.54042770 0.17694812
v 0.59310481 0.53467019 0.17306959
v 0.58093067 0.52905783 0.16812403
v 0.56914643 0.52362523 0.16214193
v 0.55782476 0.51840586 0.15516016
v 0.54703546 0.51343193 0.14722179
v 0.53684504 0.50873408 0.13837574
v 0.52731634 0.50434129 0.12867656
v 0.51850809 0.50028063 0.11818405
v 0.51047462 0.49657715 0.10696289
v 0.50326543 0.49325367 0.09508227
v 0.49692500 0.49033069 0.08261544
v 0.49149239 0.48782622 0.06963925
v 0.48700111 0.48575571 0.05623372
v 0.48347885 0.48413193 0.04248149
v 0.48094732 0.48296488 0.02846734
v 0.47942213 0.48226176 0.01427768
v 0.47891269 0.48202690 0.00000000
v 0.47942213 0.48226176 -0.01427768
v 0.48094732 0.48296488 -0.02846734
v 0.48347885 0.48413193 -0.04248149
v 0.48700111 0.48575571 -0.05623372
v 0.49149239 0.48782622 -0.06963925
v 0.49692500 0.49033069 -0.08261544
v 0.50326543 0.49325367 -0.09508227
v 0.51047462 0.49657715 -0.10696289
v 0.51850809 0.50028063 -0.11818405
v 0.52731634 0.50434129 -0.12867656
v 0.53684504 0.50873408 -0.13837574
v 0.54703546 0.51343193 -0.14722179
v 0.55782476 0.51840586 -0.15516016
v 0.56914643 0.52362523 -0.16214193
v 0.58093067 0.52905783 -0.16812403
v 0.59310481 0.53467019 -0.17306959
v 0.60559381 0.54042770 -0.17694812
v 0.61832066 0.54629485 -0.17973571
v 0.63120690 0.55223549 -0.18141517
v 0.64417308 0.55821298 -0.18197614
v 0.65713926 0.56419047 -0.18141517
v 0.67002550 0.57013111 -0.17973571
v 0.68275235 0.57599827 -0.17694812
v 0.69524135 0.58175578 -0.17306959
v 0.70741549 0.58736813 -0.16812403
v 0.71919972 0.59280074 -0.16214193
v 0.73052139 0.59802010 -0.15516016
v 0.74131070 0.60299404 -0.14722179
v 0.75150111 0.60769189 -0.13837574
v 0.76102982 0.61208468 -0.12867656
v 0.76983806 0.61614533 -0.11818405
v 0.77787154 0.61984882 -0.10696289
v 0.78508072 0.62317230 -0.09508227
v 0.79142116 0.62609528 -0.08261544
v 0.79685377 0.62859975 -0.06963925
v 0.80134505 0.63067025 -0.05623372
v 0.80486731 0.63229404 -0.04248149
v 0.80739884 0.63346109 -0.02846734
v 0.80892402 0.63416421 -0.01427768
v 0.81244425 0.68923275 0.00000000
v 0.81193657 0.68897408 0.01450177
v 0.81041668 0.68819965 0.02891413
v 0.80789394 0.68691425 0.04314823
v 0.80438391 0.68512580 0.05711631
v 0.79990822 0.68284532 0.07073224
v 0.79449447 0.68008688 0.08391208
v 0.78817604 0.67686748 0.09657458
v 0.78099188 0.67320697 0.10864167
v 0.77298629 0.66912792 0.12003894
v 0.76420862 0.66465547 0.13069613
v 0.75471299 0.65981721 0.14054754
v 0.74455795 0.65464295 0.14953243
v 0.73380609 0.64916461 0.15759540
v 0.72252372 0.64341596 0.16468674
v 0.71078040 0.63743243 0.17076273
v 0.69864851 0.63125093 0.17578591
v 0.68620287 0.62490955 0.17972532
v 0.67352019 0.61844741 0.18255665
v 0.66067868 0.61190433 0.18426247
v 0.64775751 0.60532067 0.18483225
v 0.63483634 0.59873700 0.18426247
v 0.62199483 0.59219392 0.18255665
v 0.60931216 0.58573178 0.17972532
v 0.59686651 0.57939041 0.17578591
v 0.58473462 0.57320890 0.17076273
v 0.57299130 0.56722538 0.16468674
v 0.56170893 0.56147672 0.15759540
v 0.55095708 0.55599838 0.14953243
v 0.54080203 0.55082413 0.14054754
v 0.53130640 0.54598586 0.13069613
v 0.52252873 0.54151342 0.12003894
v 0.51452314 0.53743436 0.10864167
v 0.50733898 0.53377385 0.09657458
v 0.50102055 0.53055445 0.08391208
v 0.49560681 0.52779601 0.07073224
v 0.49113112 0.52551553 0.05711631
v 0.48762108 0.52372708 0.04314823
v 0.48509834 0.52244168 0.02891413
v 0.48357845 0.52166726 0.01450177
v 0.48307077 0.52140858 0.00000000
v 0.48357845 0.52166726 -0.01450177
v 0.48509834 0.52244168 -0.02891413
v 0.48762108 0.52372708 -0.04314823
v 0.49113112 0.52551553 -0.05711631
v 0.49560681 0.52779601 -0.07073224
v 0.50102055 0.53055445 -0.08391208
v 0.50733898 0.53377385 -0.09657458
v 0.51452314 0.53743436 -0.10864167
v 0.52252873 0.54151342 -0.12003894
v 0.53130640 0.54598586 -0.13069613
v 0.54080203 0.55082413 -0.14054754
v 0.55095708 0.55599838 -0.14953243
v 0.56170893 0.56147672 -0.15759540
v 0.57299130 0.56722538 -0.16468674
v 0.58473462 0.57320890 -0.17076273
v 0.59686651 0.57939041 -0.17578591
v 0.60931216 0.58573178 -0.17972532
v 0.62199483 0.59219392 -0.18255665
v 0.63483634 0.59873700 -0.18426247
v 0.64775751 0.60532067 -0.18483225
v 0.66067868 0.61190433 -0.18426247
v 0.67352019 0.61844741 -0.18255665
v 0.68620287 0.62490955 -0.17972532
v 0.69864851 0.63125093 -0.17578591
v 0.71078040 0.63743243 -0.17076273
v 0.72252372 0.64341596 -0.16468674
v 0.73380609 0.64916461 -0.15759540
v 0.74455795 0.65464295 -0.14953243
v 0.75471299 0.65981721 -0.14054754
v 0.76420862 0.66465547 -0.13069613
v 0.77298629 0.66912792 -0.12003894
v 0.78099188 0.67320697 -0.10864167
v 0.78817604 0.67686748 -0.09657458
v 0.79449447 0.68008688 -0.08391208
v 0.79990822 0.68284532 -0.07073224
v 0.80438391 0.68512580 -0.05711631
v 0.80789394 0.68691425 -0.04314823
v 0.81041668 0.68819965 -0.02891413
v 0.81193657 0.68897408 -0.01450177
v 0.81336517 0.74331539 0.00000000
v 0.81285974 0.74303234 0.01474382
v 0.81134658 0.74218493 0.02939675
v 0.80883502 0.74077838 0.04386843
v 0.80534053 0.73882138 0.05806965
v 0.80088467 0.73632598 0.07191285
v 0.79549491 0.73330756 0.08531268
v 0.78920447 0.72978475 0.09818654
v 0.78205214 0.72577925 0.11045504
v 0.77408202 0.72131577 0.12204254
v 0.76534324 0.71642182 0.13287762
v 0.75588968 0.71112757 0.14289346
v 0.74577962 0.70546567 0.15202832
v 0.73507541 0.69947102 0.16022586
v 0.72384302 0.69318058 0.16743557
v 0.71215172 0.68663313 0.17361298
v 0.70007358 0.67986905 0.17872000
v 0.68768307 0.67293004 0.18272516
v 0.67505659 0.66585886 0.18560376
v 0.66227197 0.65869913 0.18733805
v 0.64940804 0.65149499 0.18791733
v 0.63654412 0.64429084 0.18733805
v 0.62375950 0.63713111 0.18560376
v 0.61113301 0.63005994 0.18272516
v 0.59874251 0.62312092 0.17872000
v 0.58666437 0.61635684 0.17361298
v 0.57497307 0.60980940 0.16743557
v 0.56374068 0.60351896 0.16022586
v 0.55303647 0.59752431 0.15202832
v 0.54292641 0.59186241 0.14289346
v 0.53347285 0.58656816 0.13287762
v 0.52473407 0.58167421 0.12204254
v 0.51676395 0.57721072 0.11045504
v 0.50961162 0.57320523 0.09818654
v 0.50332118 0.56968241 0.08531268
v 0.49793142 0.56666400 0.07191285
v 0.49347556 0.56416860 0.05806965
v 0.48998107 0.56221159 0.04386843
v 0.48746951 0.56080505 0.02939675
v 0.48595635 0.55995764 0.01474382
v 0.48545092 0.55967459 0.00000000
v 0.48595635 0.55995764 -0.01474382
v 0.48746951 0.56080505 -0.02939675
v 0.48998107 0.56221159 -0.04386843
v 0.49347556 0.56416860 -0.05806965
v 0.49793142 0.56666400 -0.07191285
v 0.50332118 0.56968241 -0.08531268
v 0.50961162 0.57320523 -0.09818654
v 0.51676395 0.57721072 -0.11045504
v 0.52473407 0.58167421 -0.12204254
v 0.53347285 0.58656816 -0.13287762
v 0.54292641 0.59186241 -0.14289346
v 0.55303647 0.59752431 -0.15202832
v 0.56374068 0.60351896 -0.16022586
v 0.57497307 0.60980940 -0.16743557
v 0.58666437 0.61635684 -0.17361298
v 0.59874251 0.62312092 -0.17872000
v 0.61113301 0.63005994 -0.18272516
v 0.62375950 0.63713111 -0.18560376
v 0.63654412 0.64429084 -0.18733805
v 0.64940804 0.65149499 -0.18791733
v 0.66227197 0.65869913 -0.18733805
v 0.67505659 0.66585886 -0.18560376
v 0.68768307 0.67293004 -0.18272516
v 0.70007358 0.67986905 -0.17872000
v 0.71215172 0.68663313 -0.17361298
v 0.72384302 0.69318058 -0.16743557
v 0.73507541 0.69947102 -0.16022586
v 0.74577962 0.70546567 -0.15202832
v 0.75588968 0.71112757 -0.14289346
v 0.76534324 0.71642182 -0.13287762
v 0.77408202 0.72131577 -0.12204254
v 0.78205214 0.72577925 -0.11045504
v 0.78920447 0.72978475 -0.09818654
v 0.79549491 0.73330756 -0.08531268
v 0.80088467 0.73632598 -0.07191285
v 0.80534053 0.73882138 -0.05806965
v 0.80883502 0.74077838 -0.04386843
v 0.81134658 0.74218493 -0.02939675
v 0.81285974 0.74303234 -0.01474382
v 0.81211923 0.79658040 0.00000000
v 0.81161661 0.79627239 0.01500347
v 0.81011184 0.79535027 0.02991444
v 0.80761421 0.79381972 0.04464097
v 0.80413911 0.79169018 0.05909228
v 0.79970797 0.78897477 0.07317927
v 0.79434811 0.78569024 0.08681508
v 0.78809257 0.78185684 0.09991564
v 0.78097992 0.77749821 0.11240020
v 0.77305401 0.77264121 0.12419177
v 0.76436372 0.76731578 0.13521765
v 0.75496260 0.76155477 0.14540988
v 0.74490864 0.75539370 0.15470560
v 0.73426380 0.74887053 0.16304751
v 0.72309374 0.74202551 0.17038418
v 0.71146730 0.73490081 0.17667038
v 0.69945617 0.72754039 0.18186734
v 0.68713440 0.71998960 0.18594303
v 0.67457796 0.71229500 0.18887232
v 0.66186427 0.70450404 0.19063715
v 0.64907171 0.69666475 0.19122664
v 0.63627915 0.68882546 0.19063715
v 0.62356546 0.68103450 0.18887232
v 0.61100903 0.67333991 0.18594303
v 0.59868726 0.66578912 0.18186734
v 0.58667613 0.65842869 0.17667038
v 0.57504969 0.65130400 0.17038418
v 0.56387962 0.64445897 0.16304751
v 0.55323479 0.63793581 0.15470560
v 0.54318082 0.63177473 0.14540988
v 0.53377971 0.62601372 0.13521765
v 0.52508941 0.62068830 0.12419177
v 0.51716350 0.61583130 0.11240020
v 0.51005085 0.61147266 0.09991564
v 0.50379532 0.60763926 0.08681508
v 0.49843545 0.60435473 0.07317927
v 0.49400431 0.60163933 0.05909228
v 0.49052922 0.59950979 0.04464097
v 0.48803159 0.59797924 0.02991444
v 0.48652682 0.59705711 0.01500347
v 0.48602420 0.59674911 0.00000000
v 0.48652682 0.59705711 -0.01500347
v 0.48803159 0.59797924 -0.02991444
v 0.49052922 0.59950979 -0.04464097
v 0.49400431 0.60163933 -0.05909228
v 0.49843545 0.60435473 -0.07317927
v 0.50379532 0.60763926 -0.08681508
v 0.51005085 0.61147266 -0.09991564
v 0.51716350 0.61583130 -0.11240020
v 0.52508941 0.62068830 -0.12419177
v 0.53377971 0.62601372 -0.13521765
v 0.54318082 0.63177473 -0.14540988
v 0.55323479 0.63793581 -0.15470560
v 0.56387962 0.64445897 -0.16304751
v 0.57504969 0.65130400 -0.17038418
v 0.58667613 0.65842869 -0.17667038
v 0.59868726 0.66578912 -0.18186734
v 0.61100903 0.67333991 -0.18594303
v 0.62356546 0.68103450 -0.18887232
v 0.63627915 0.68882546 -0.19063715
v 0.64907171 0.69666475 -0.19122664
v 0.66186427 0.70450404 -0.19063715
v 0.67457796 0.71229500 -0.18887232
v 0.68713440 0.71998960 -0.18594303
v 0.69945617 0.72754039 -0.18186734
v 0.71146730 0.73490081 -0.17667038
v 0.72309374 0.74202551 -0.17038418
v 0.73426380 0.74887053 -0.16304751
v 0.74490864 0.75539370 -0.15470560
v 0.75496260 0.76155477 -0.14540988
v 0.76436372 0.76731578 -0.13521765
v 0.77305401 0.77264121 -0.12419177
v 0.78097992 0.77749821 -0.11240020
v 0.78809257 0.78185684 -0.09991564
v 0.79434811 0.78569024 -0.08681508
v 0.79970797 0.78897477 -0.07317927
v 0.80413911 0.79169018 -0.05909228
v 0.80761421 0.79381972 -0.04464097
v 0.81011184 0.79535027 -0.02991444
v 0.81161661 0.79627239 -0.01500347
v 0.80863761 0.84896043 0.00000000
v 0.80813842 0.84862688 0.01528031
v 0.80664394 0.84762830 0.03046640
v 0.80416339 0.84597085 0.04546467
v 0.80071205 0.84366474 0.06018262
v 0.79631120 0.84072418 0.07452954
v 0.79098798 0.83716732 0.08841695
v 0.78477520 0.83301608 0.10175924
v 0.77771117 0.82829604 0.11447415
v 0.76983945 0.82303632 0.12648330
v 0.76120855 0.81726935 0.13771263
v 0.75187171 0.81103067 0.14809291
v 0.74188647 0.80435874 0.15756016
v 0.73131441 0.79729472 0.16605599
v 0.72022070 0.78988214 0.17352803
v 0.70867373 0.78216670 0.17993022
v 0.69674471 0.77419599 0.18522307
v 0.68450718 0.76601913 0.18937397
v 0.67203658 0.75768654 0.19235731
v 0.65940980 0.74924959 0.19415470
v 0.64670469 0.74076031 0.19475506
v 0.63399958 0.73227103 0.19415470
v 0.62137280 0.72383408 0.19235731
v 0.60890220 0.71550150 0.18937397
v 0.59666467 0.70732464 0.18522307
v 0.58473564 0.69935392 0.17993022
v 0.57318868 0.69163849 0.17352803
v 0.56209497 0.68422591 0.16605599
v 0.55152291 0.67716188 0.15756016
v 0.54153767 0.67048996 0.14809291
v 0.53220082 0.66425127 0.13771263
v 0.52356993 0.65848430 0.12648330
v 0.51569821 0.65322458 0.11447415
v 0.50863418 0.64850455 0.10175924
v 0.50242140 0.64435330 0.08841695
v 0.49709818 0.64079644 0.07452954
v 0.49269733 0.63785588 0.06018262
v 0.48924599 0.63554977 0.04546467
v 0.48676543 0.63389232 0.03046640
v 0.48527096 0.63289374 0.01528031
v 0.48477177 0.63256019 0.00000000
v 0.48527096 0.63289374 -0.01528031
v 0.48676543 0.63389232 -0.03046640
v 0.48924599 0.63554977 -0.04546467
v 0.49269733 0.63785588 -0.06018262
v 0.49709818 0.64079644 -0.07452954
v 0.50242140 0.64435330 -0.08841695
v 0.50863418 0.64850455 -0.10175924
v 0.51569821 0.65322458 -0.11447415
v 0.52356993 0.65848430 -0.12648330
v 0.53220082 0.66425127 -0.13771263
v 0.54153767 0.67048996 -0.14809291
v 0.55152291 0.67716188 -0.15756016
v 0.56209497 0.68422591 -0.16605599
v 0.57318868 0.69163849 -0.17352803
v 0.58473564 0.69935392 -0.17993022
v 0.59666467 0.70732464 -0.18522307
v 0.60890220 0.71550150 -0.18937397
v 0.62137280 0.72383408 -0.19235731
v 0.63399958 0.73227103 -0.19415470
v 0.64670469 0.74076031 -0.19475506
v 0.65940980 0.74924959 -0.19415470
v 0.67203658 0.75768654 -0.19235731
v 0.68450718 0.76601913 -0.18937397
v 0.69674471 0.77419599 -0.18522307
v 0.70867373 0.78216670 -0.17993022
v 0.72022070 0.78988214 -0.17352803
v 0.73131441 0.79729472 -0.16605599
v 0.74188647 0.80435874 -0.15756016
v 0.75187171 0.81103067 -0.14809291
v 0.76120855 0.81726935 -0.13771263
v 0.76983945 0.82303632 -0.12648330
v 0.77771117 0.82829604 -0.11447415
v 0.78477520 0.83301608 -0.10175924
v 0.79098798 0.83716732 -0.08841695
v 0.79631120 0.84072418 -0.07452954
v 0.80071205 0.84366474 -0.06018262
v 0.80416339 0.84597085 -0.04546467
v 0.80664394 0.84762830 -0.03046640
v 0.80813842 0.84862688 -0.01528031
v 0.80286021 0.90038738 0.00000000
v 0.80236517 0.90002771 0.01557391
v 0.80088311 0.89895093 0.03105180
v 0.79842316 0.89716367 0.04633824
v 0.79500049 0.89467696 0.06133900
v 0.79063621 0.89150612 0.07596158
v 0.78535721 0.88767070 0.09011583
v 0.77919605 0.88319436 0.10371449
v 0.77219071 0.87810468 0.11667371
v 0.76438438 0.87243305 0.12891360
v 0.75582519 0.86621444 0.14035869
v 0.74656592 0.85948718 0.15093843
v 0.73666364 0.85229275 0.16058758
v 0.72617941 0.84467551 0.16924666
v 0.71517786 0.83668242 0.17686227
v 0.70372683 0.82836276 0.18338747
v 0.69189692 0.81976783 0.18878202
v 0.67976105 0.81095061 0.19301268
v 0.66739406 0.80196546 0.19605334
v 0.65487218 0.79286778 0.19788527
v 0.64227263 0.78371367 0.19849717
v 0.62967307 0.77455956 0.19788527
v 0.61715119 0.76546188 0.19605334
v 0.60478420 0.75647673 0.19301268
v 0.59264833 0.74765951 0.18878202
v 0.58081842 0.73906457 0.18338747
v 0.56936739 0.73074491 0.17686227
v 0.55836585 0.72275182 0.16924666
v 0.54788161 0.71513458 0.16058758
v 0.53797933 0.70794016 0.15093843
v 0.52872006 0.70121290 0.14035869
v 0.52016087 0.69499429 0.12891360
v 0.51235454 0.68932266 0.11667371
v 0.50534920 0.68423298 0.10371449
v 0.49918804 0.67975663 0.09011583
v 0.49390905 0.67592122 0.07596158
v 0.48954476 0.67275038 0.06133900
v 0.48612209 0.67026367 0.04633824
v 0.48366214 0.66847641 0.03105180
v 0.48218008 0.66739963 0.01557391
v 0.48168504 0.66703996 0.00000000
v 0.48218008 0.66739963 -0.01557391
v 0.48366214 0.66847641 -0.03105180
v 0.48612209 0.67026367 -0.04633824
v 0.48954476 0.67275038 -0.06133900
v 0.49390905 0.67592122 -0.07596158
v 0.49918804 0.67975663 -0.09011583
v 0.50534920 0.68423298 -0.10371449
v 0.51235454 0.68932266 -0.11667371
v 0.52016087 0.69499429 -0.12891360
v 0.52872006 0.70121290 -0.14035869
v 0.53797933 0.70794016 -0.15093843
v 0.54788161 0.71513458 -0.16058758
v 0.55836585 0.72275182 -0.16924666
v 0.56936739 0.73074491 -0.17686227
v 0.58081842 0.73906457 -0.18338747
v 0.59264833 0.74765951 -0.18878202
v 0.60478420 0.75647673 -0.19301268
v 0.61715119 0.76546188 -0.19605334
v 0.62967307 0.77455956 -0.19788527
v 0.64227263 0.78371367 -0.19849717
v 0.65487218 0.79286778 -0.19788527
v 0.66739406 0.80196546 -0.19605334
v 0.67976105 0.81095061 -0.19301268
v 0.69189692 0.81976783 -0.18878202
v 0.70372683 0.82836276 -0.18338747
v 0.71517786 0.83668242 -0.17686227
v 0.72617941 0.84467551 -0.16924666
v 0.73666364 0.85229275 -0.16058758
v 0.74656592 0.85948718 -0.15093843
v 0.75582519 0.86621444 -0.14035869
v 0.76438438 0.87243305 -0.12891360
v 0.77219071 0.87810468 -0.11667371
v 0.77919605 0.88319436 -0.10371449
v 0.78535721 0.88767070 -0.09011583
v 0.79063621 0.89150612 -0.07596158
v 0.79500049 0.89467696 -0.06133900
v 0.79842316 0.89716367 -0.04633824
v 0.80088311 0.89895093 -0.03105180
v 0.80236517 0.90002771 -0.01557391
v 0.79473614 0.95079242 0.00000000
v 0.79424604 0.95040606 0.01588382
v 0.79277877 0.94924935 0.03166972
v 0.79034337 0.94732944 0.04726036
v 0.78695485 0.94465815 0.06255962
v 0.78263411 0.94125195 0.07747318
v 0.77740779 0.93713185 0.09190910
v 0.77130811 0.93232325 0.10577836
v 0.76437267 0.92685579 0.11899547
v 0.75664424 0.92076319 0.13147892
v 0.74817046 0.91408300 0.14315177
v 0.73900357 0.90685641 0.15394204
v 0.72920010 0.89912797 0.16378321
v 0.71882048 0.89094534 0.17261460
v 0.70792871 0.88235896 0.18038176
v 0.69659195 0.87342178 0.18703680
v 0.68488007 0.86418888 0.19253871
v 0.67286530 0.85471720 0.19685355
v 0.66062171 0.84506513 0.19995472
v 0.64822478 0.83529218 0.20182310
v 0.63575095 0.82545860 0.20244718
v 0.62327711 0.81562502 0.20182310
v 0.61088018 0.80585207 0.19995472
v 0.59863659 0.79620000 0.19685355
v 0.58662182 0.78672832 0.19253871
v 0.57490994 0.77749542 0.18703680
v 0.56357318 0.76855823 0.18038176
v 0.55268141 0.75997186 0.17261460
v 0.54230179 0.75178923 0.16378321
v 0.53249832 0.74406079 0.15394204
v 0.52333143 0.73683420 0.14315177
v 0.51485765 0.73015401 0.13147892
v 0.50712922 0.72406141 0.11899547
v 0.50019378 0.71859395 0.10577836
v 0.49409410 0.71378535 0.09190910
v 0.48886778 0.70966525 0.07747318
v 0.48454704 0.70625905 0.06255962
v 0.48115852 0.70358776 0.04726036
v 0.47872312 0.70166784 0.03166972
v 0.47725585 0.70051114 0.01588382
v 0.47676575 0.70012478 0.00000000
v 0.47725585 0.70051114 -0.01588382
v 0.47872312 0.70166784 -0.03166972
v 0.48115852 0.70358776 -0.04726036
v 0.48454704 0.70625905 -0.06255962
v 0.48886778 0.70966525 -0.07747318
v 0.49409410 0.71378535 -0.09190910
v 0.50019378 0.71859395 -0.10577836
v 0.50712922 0.72406141 -0.11899547
v 0.51485765 0.73015401 -0.13147892
v 0.52333143 0.73683420 -0.14315177
v 0.53249832 0.74406079 -0.15394204
v 0.54230179 0.75178923 -0.16378321
v 0.55268141 0.75997186 -0.17261460
v 0.56357318 0.76855823 -0.18038176
v 0.57490994 0.77749542 -0.18703680
v 0.58662182 0.78672832 -0.19253871
v 0.59863659 0.79620000 -0.19685355
v 0.61088018 0.80585207 -0.19995472
v 0.62327711 0.81562502 -0.20182310
v 0.63575095 0.82545860 -0.20244718
v 0.64822478 0.83529218 -0.20182310
v 0.66062171 0.84506513 -0.19995472
v 0.67286530 0.85471720 -0.19685355
v 0.68488007 0.86418888 -0.19253871
v 0.69659195 0.87342178 -0.18703680
v 0.70792871 0.88235896 -0.18038176
v 0.71882048 0.89094534 -0.17261460
v 0.72920010 0.89912797 -0.16378321
v 0.73900357 0.90685641 -0.15394204
v 0.74817046 0.91408300 -0.14315177
v 0.75664424 0.92076319 -0.13147892
v 0.76437267 0.92685579 -0.11899547
v 0.77130811 0.93232325 -0.10577836
v 0.77740779 0.93713185 -0.09190910
v 0.78263411 0.94125195 -0.07747318
v 0.78695485 0.94465815 -0.06255962
v 0.79034337 0.94732944 -0.04726036
v 0.79277877 0.94924935 -0.03166972
v 0.79424604 0.95040606 -0.01588382
v 0.78422418 1.00010605 0.00000000
v 0.78373990 0.99969243 0.01620957
v 0.78229003 0.99845413 0.03231920
v 0.77988352 0.99639878 0.04822958
v 0.77653521 0.99353904 0.06384260
v 0.77226573 0.98989256 0.07906202
v 0.76710141 0.98548182 0.09379399
v 0.76107408 0.98033400 0.10794768
v 0.75422092 0.97448085 0.12143585
v 0.74658417 0.96795845 0.13417532
v 0.73821092 0.96080701 0.14608756
v 0.72915278 0.95307063 0.15709912
v 0.71946561 0.94479701 0.16714211
v 0.70920913 0.93603714 0.17615461
v 0.69844657 0.92684505 0.18408106
v 0.68724430 0.91727740 0.19087259
v 0.67567136 0.90739319 0.19648733
v 0.66379913 0.89725334 0.20089066
v 0.65170078 0.88692038 0.20405543
v 0.63945092 0.87645801 0.20596213
v 0.62712507 0.86593073 0.20659901
v 0.61479921 0.85540346 0.20596213
v 0.60254935 0.84494109 0.20405543
v 0.59045101 0.83460812 0.20089066
v 0.57857877 0.82446828 0.19648733
v 0.56700584 0.81458406 0.19087259
v 0.55580356 0.80501641 0.18408106
v 0.54504101 0.79582432 0.17615461
v 0.53478452 0.78706446 0.16714211
v 0.52509735 0.77879083 0.15709912
v 0.51603922 0.77105445 0.14608756
v 0.50766596 0.76390302 0.13417532
v 0.50002921 0.75738062 0.12143585
v 0.49317605 0.75152746 0.10794768
v 0.48714873 0.74637964 0.09379399
v 0.48198441 0.74196890 0.07906202
v 0.47771493 0.73832242 0.06384260
v 0.47436661 0.73546268 0.04822958
v 0.47196010 0.73340733 0.03231920
v 0.47051024 0.73216903 0.01620957
v 0.47002595 0.73175541 0.00000000
v 0.47051024 0.73216903 -0.01620957
v 0.47196010 0.73340733 -0.03231920
v 0.47436661 0.73546268 -0.04822958
v 0.47771493 0.73832242 -0.06384260
v 0.48198441 0.74196890 -0.07906202
v 0.48714873 0.74637964 -0.09379399
v 0.49317605 0.75152746 -0.10794768
v 0.50002921 0.75738062 -0.12143585
v 0.50766596 0.76390302 -0.13417532
v 0.51603922 0.77105445 -0.14608756
v 0.52509735 0.77879083 -0.15709912
v 0.53478452 0.78706446 -0.16714211
v 0.54504101 0.79582432 -0.17615461
v 0.55580356 0.80501641 -0.18408106
v 0.56700584 0.81458406 -0.19087259
v 0.57857877 0.82446828 -0.19648733
v 0.59045101 0.83460812 -0.20089066
v 0.60254935 0.84494109 -0.20405543
v 0.61479921 0.85540346 -0.20596213
v 0.62712507 0.86593073 -0.20659901
v 0.63945092 0.87645801 -0.20596213
v 0.65170078 0.88692038 -0.20405543
v 0.66379913 0.89725334 -0.20089066
v 0.67567136 0.90739319 -0.19648733
v 0.68724430 0.91727740 -0.19087259
v 0.69844657 0.92684505 -0.18408106
v 0.70920913 0.93603714 -0.17615461
v 0.71946561 0.94479701 -0.16714211
v 0.72915278 0.95307063 -0.15709912
v 0.73821092 0.96080701 -0.14608756
v 0.74658417 0.96795845 -0.13417532
v 0.75422092 0.97448085 -0.12143585
v 0.76107408 0.98033400 -0.10794768
v 0.76710141 0.98548182 -0.09379399
v 0.77226573 0.98989256 -0.07906202
v 0.77653521 0.99353904 -0.06384260
v 0.77988352 0.99639878 -0.04822958
v 0.78229003 0.99845413 -0.03231920
v 0.78373990 0.99969243 -0.01620957
v 0.77129317 1.04825813 0.00000000
v 0.77081565 1.04781672 0.01655065
v 0.76938606 1.04649522 0.03299926
v 0.76701320 1.04430177 0.04924442
v 0.76371169 1.04124989 0.06518598
v 0.75950191 1.03735841 0.08072563
v 0.75440980 1.03265130 0.09576759
v 0.74846675 1.02715761 0.11021911
v 0.74170941 1.02091118 0.12399109
v 0.73417943 1.01395055 0.13699863
v 0.72592325 1.00631861 0.14916152
v 0.71699177 0.99806243 0.16040479
v 0.70744004 0.98923291 0.17065910
v 0.69732696 0.97988448 0.17986124
v 0.68671489 0.97007477 0.18795448
v 0.67566924 0.95986428 0.19488892
v 0.66425812 0.94931595 0.20062180
v 0.65255188 0.93849481 0.20511779
v 0.64062269 0.92746759 0.20834915
v 0.62854410 0.91630226 0.21029597
v 0.61639059 0.90506766 0.21094625
v 0.60423707 0.89383307 0.21029597
v 0.59215849 0.88266774 0.20834915
v 0.58022930 0.87164051 0.20511779
v 0.56852306 0.86081937 0.20062180
v 0.55711194 0.85027104 0.19488892
v 0.54606629 0.84006055 0.18795448
v 0.53545421 0.83025085 0.17986124
v 0.52534114 0.82090241 0.17065910
v 0.51578941 0.81207289 0.16040479
v 0.50685792 0.80381671 0.14916152
v 0.49860174 0.79618477 0.13699863
v 0.49107177 0.78922414 0.12399109
v 0.48431443 0.78297771 0.11021911
v 0.47837138 0.77748402 0.09576759
v 0.47327927 0.77277692 0.08072563
v 0.46906948 0.76888543 0.06518598
v 0.46576798 0.76583355 0.04924442
v 0.46339512 0.76364010 0.03299926
v 0.46196552 0.76231860 0.01655065
v 0.46148801 0.76187719 0.00000000
v 0.46196552 0.76231860 -0.01655065
v 0.46339512 0.76364010 -0.03299926
v 0.46576798 0.76583355 -0.04924442
v 0.46906948 0.76888543 -0.06518598
v 0.47327927 0.77277692 -0.08072563
v 0.47837138 0.77748402 -0.09576759
v 0.48431443 0.78297771 -0.11021911
v 0.49107177 0.78922414 -0.12399109
v 0.49860174 0.79618477 -0.13699863
v 0.50685792 0.80381671 -0.14916152
v 0.51578941 0.81207289 -0.16040479
v 0.52534114 0.82090241 -0.17065910
v 0.53545421 0.83025085 -0.17986124
v 0.54606629 0.84006055 -0.18795448
v 0.55711194 0.85027104 -0.19488892
v 0.56852306 0.86081937 -0.20062180
v 0.58022930 0.87164051 -0.20511779
v 0.59215849 0.88266774 -0.20834915
v 0.60423707 0.89383307 -0.21029597
v 0.61639059 0.90506766 -0.21094625
v 0.62854410 0.91630226 -0.21029597
v 0.64062269 0.92746759 -0.20834915
v 0.65255188 0.93849481 -0.20511779
v 0.66425812 0.94931595 -0.20062180
v 0.67566924 0.95986428 -0.19488892
v 0.68671489 0.97007477 -0.18795448
v 0.69732696 0.97988448 -0.17986124
v 0.70744004 0.98923291 -0.17065910
v 0.71699177 0.99806243 -0.16040479
v 0.72592325 1.00631861 -0.14916152
v 0.73417943 1.01395055 -0.13699863
v 0.74170941 1.02091118 -0.12399109
v 0.74846675 1.02715761 -0.11021911
v 0.75440980 1.03265130 -0.09576759
v 0.75950191 1.03735841 -0.08072563
v 0.76371169 1.04124989 -0.06518598
v 0.76701320 1.04430177 -0.04924442
v 0.76938606 1.04649522 -0.03299926
v 0.77081565 1.04781672 -0.01655065
v 0.75592232 1.09517797 0.00000000
v 0.75545262 1.09470827 0.01690654
v 0.75404640 1.09330205 0.03370884
v 0.75171235 1.09096800 0.05030332
v 0.74846485 1.08772050 0.06658766
v 0.74432392 1.08357957 0.08246147
v 0.73931510 1.07857075 0.09782687
v 0.73346926 1.07272491 0.11258914
v 0.72682244 1.06607809 0.12665726
v 0.71941563 1.05867128 0.13994450
v 0.71129449 1.05055014 0.15236893
v 0.70250909 1.04176474 0.16385395
v 0.69311360 1.03236925 0.17432876
v 0.68316594 1.02242159 0.18372878
v 0.67272744 1.01198309 0.19199605
v 0.66186245 1.00111811 0.19907960
v 0.65063798 0.98989363 0.20493575
v 0.63912321 0.97837886 0.20952841
v 0.62738914 0.96664479 0.21282926
v 0.61550812 0.95476377 0.21481794
v 0.60355339 0.94280904 0.21548220
v 0.59159866 0.93085431 0.21481794
v 0.57971764 0.91897329 0.21282926
v 0.56798357 0.90723922 0.20952841
v 0.55646880 0.89572445 0.20493575
v 0.54524433 0.88449998 0.19907960
v 0.53437935 0.87363500 0.19199605
v 0.52394084 0.86319650 0.18372878
v 0.51399318 0.85324883 0.17432876
v 0.50459769 0.84385334 0.16385395
v 0.49581229 0.83506794 0.15236893
v 0.48769115 0.82694680 0.13994450
v 0.48028434 0.81953999 0.12665726
v 0.47363752 0.81289317 0.11258914
v 0.46779168 0.80704733 0.09782687
v 0.46278286 0.80203851 0.08246147
v 0.45864193 0.79789758 0.06658766
v 0.45539443 0.79465008 0.05030332
v 0.45306038 0.79231603 0.03370884
v 0.45165417 0.79090982 0.01690654
v 0.45118446 0.79044011 0.00000000
v 0.45165417 0.79090982 -0.01690654
v 0.45306038 0.79231603 -0.03370884
v 0.45539443 0.79465008 -0.05030332
v 0.45864193 0.79789758 -0.06658766
v 0.46278286 0.80203851 -0.08246147
v 0.46779168 0.80704733 -0.09782687
v 0.47363752 0.81289317 -0.11258914
v 0.48028434 0.81953999 -0.12665726
v 0.48769115 0.82694680 -0.13994450
v 0.49581229 0.83506794 -0.15236893
v 0.50459769 0.84385334 -0.16385395
v 0.51399318 0.85324883 -0.17432876
v 0.52394084 0.86319650 -0.18372878
v 0.53437935 0.87363500 -0.19199605
v 0.54524433 0.88449998 -0.19907960
v 0.55646880 0.89572445 -0.20493575
v 0.56798357 0.90723922 -0.20952841
v 0.57971764 0.91897329 -0.21282926
v 0.59159866 0.93085431 -0.21481794
v 0.60355339 0.94280904 -0.21548220
v 0.61550812 0.95476377 -0.21481794
v 0.62738914 0.96664479 -0.21282926
v 0.63912321 0.97837886 -0.20952841
v 0.65063798 0.98989363 -0.20493575
v 0.66186245 1.00111811 -0.19907960
v 0.67272744 1.01198309 -0.19199605
v 0.68316594 1.02242159 -0.18372878
v 0.69311360 1.03236925 -0.17432876
v 0.70250909 1.04176474 -0.16385395
v 0.71129449 1.05055014 -0.15236893
v 0.71941563 1.05867128 -0.13994450
v 0.72682244 1.06607809 -0.12665726
v 0.73346926 1.07272491 -0.11258914
v 0.73931510 1.07857075 -0.09782687
v 0.74432392 1.08357957 -0.08246147
v 0.74846485 1.08772050 -0.06658766
v 0.75171235 1.09096800 -0.05030332
v 0.75404640 1.09330205 -0.03370884
v 0.75545262 1.09470827 -0.01690654
v 0.73810155 1.14079440 0.00000000
v 0.73764077 1.14029594 0.01727668
v 0.73626130 1.13880364 0.03444685
v 0.73397163 1.13632668 0.05140464
v 0.73078587 1.13288035 0.06804550
v 0.72672368 1.12848590 0.08426684
v 0.72181009 1.12317041 0.09996865
v 0.71607540 1.11696665 0.11505412
v 0.70955496 1.10991289 0.12943024
v 0.70228898 1.10205259 0.14300838
v 0.69432226 1.09343424 0.15570483
v 0.68570390 1.08411095 0.16744130
v 0.67648705 1.07414022 0.17814544
v 0.66672853 1.06358351 0.18775126
v 0.65648850 1.05250591 0.19619953
v 0.64583010 1.04097572 0.20343816
v 0.63481904 1.02906402 0.20942253
v 0.62352321 1.01684426 0.21411574
v 0.61201225 1.00439178 0.21748885
v 0.60035713 0.99178334 0.21952107
v 0.58862971 0.97909668 0.22019988
v 0.57690228 0.96641002 0.21952107
v 0.56524716 0.95380158 0.21748885
v 0.55373620 0.94134909 0.21411574
v 0.54244037 0.92912933 0.20942253
v 0.53142931 0.91721764 0.20343816
v 0.52077091 0.90568745 0.19619953
v 0.51053088 0.89460985 0.18775126
v 0.50077236 0.88405314 0.17814544
v 0.49155551 0.87408241 0.16744130
v 0.48293715 0.86475912 0.15570483
v 0.47497043 0.85614076 0.14300838
v 0.46770445 0.84828047 0.12943024
v 0.46118401 0.84122670 0.11505412
v 0.45544932 0.83502295 0.09996865
v 0.45053573 0.82970746 0.08426684
v 0.44647354 0.82531300 0.06804550
v 0.44328779 0.82186667 0.05140464
v 0.44099811 0.81938972 0.03444685
v 0.43961864 0.81789741 0.01727668
v 0.43915787 0.81739895 0.00000000
v 0.43961864 0.81789741 -0.01727668
v 0.44099811 0.81938972 -0.03444685
v 0.44328779 0.82186667 -0.05140464
v 0.44647354 0.82531300 -0.06804550
v 0.45053573 0.82970746 -0.08426684
v 0.45544932 0.83502295 -0.09996865
v 0.46118401 0.84122670 -0.11505412
v 0.46770445 0.84828047 -0.12943024
v 0.47497043 0.85614076 -0.14300838
v 0.48293715 0.86475912 -0.15570483
v 0.49155551 0.87408241 -0.16744130
v 0.50077236 0.88405314 -0.17814544
v 0.51053088 0.89460985 -0.18775126
v 0.52077091 0.90568745 -0.19619953
v 0.53142931 0.91721764 -0.20343816
v 0.54244037 0.92912933 -0.20942253
v 0.55373620 0.94134909 -0.21411574
v 0.56524716 0.95380158 -0.21748885
v 0.57690228 0.96641002 -0.21952107
v 0.58862971 0.97909668 -0.22019988
v 0.60035713 0.99178334 -0.21952107
v 0.61201225 1.00439178 -0.21748885
v 0.62352321 1.01684426 -0.21411574
v 0.63481904 1.02906402 -0.20942253
v 0.64583010 1.04097572 -0.20343816
v 0.65648850 1.05250591 -0.19619953
v 0.66672853 1.06358351 -0.18775126
v 0.67648705 1.07414022 -0.17814544
v 0.68570390 1.08411095 -0.16744130
v 0.69432226 1.09343424 -0.15570483
v 0.70228898 1.10205259 -0.14300838
v 0.70955496 1.10991289 -0.12943024
v 0.71607540 1.11696665 -0.11505412
v 0.72181009 1.12317041 -0.09996865
v 0.72672368 1.12848590 -0.08426684
v 0.73078587 1.13288035 -0.06804550
v 0.73397163 1.13632668 -0.05140464
v 0.73626130 1.13880364 -0.03444685
v 0.73764077 1.14029594 -0.01727668
v 0.71783166 1.18503591 0.00000000
v 0.71738102 1.18450828 0.01766051
v 0.71603188 1.18292863 0.03521215
v 0.71379255 1.18030671 0.05254668
v 0.71067683 1.17665868 0.06955725
v 0.70670395 1.17200704 0.08613898
v 0.70189839 1.16638045 0.10218963
v 0.69628978 1.15981361 0.11761024
v 0.68991271 1.15234702 0.13230575
v 0.68280648 1.14402669 0.14618555
v 0.67501491 1.13490393 0.15916407
v 0.66658603 1.12503499 0.17116129
v 0.65757182 1.11448070 0.18210325
v 0.64802785 1.10330615 0.19192247
v 0.63801296 1.09158022 0.20055843
v 0.62758890 1.07937521 0.20795788
v 0.61681993 1.06676637 0.21407521
v 0.60577245 1.05383143 0.21887268
v 0.59451457 1.04065015 0.22232074
v 0.58311570 1.02730378 0.22439811
v 0.57164611 1.01387462 0.22509199
v 0.56017652 1.00044546 0.22439811
v 0.54877765 0.98709910 0.22232074
v 0.53751977 0.97391781 0.21887268
v 0.52647229 0.96098287 0.21407521
v 0.51570332 0.94837403 0.20795788
v 0.50527926 0.93616902 0.20055843
v 0.49526437 0.92444309 0.19192247
v 0.48572040 0.91326854 0.18210325
v 0.47670619 0.90271425 0.17116129
v 0.46827731 0.89284531 0.15916407
v 0.46048574 0.88372255 0.14618555
v 0.45337951 0.87540223 0.13230575
v 0.44700243 0.86793563 0.11761024
v 0.44139383 0.86136879 0.10218963
v 0.43658827 0.85574220 0.08613898
v 0.43261538 0.85109056 0.06955725
v 0.42949967 0.84744253 0.05254668
v 0.42726034 0.84482061 0.03521215
v 0.42591120 0.84324096 0.01766051
v 0.42546055 0.84271333 0.00000000
v 0.42591120 0.84324096 -0.01766051
v 0.42726034 0.84482061 -0.03521215
v 0.42949967 0.84744253 -0.05254668
v 0.43261538 0.85109056 -0.06955725
v 0.43658827 0.85574220 -0.08613898
v 0.44139383 0.86136879 -0.10218963
v 0.44700243 0.86793563 -0.11761024
v 0.45337951 0.87540223 -0.13230575
v 0.46048574 0.88372255 -0.14618555
v 0.46827731 0.89284531 -0.15916407
v 0.47670619 0.90271425 -0.17116129
v 0.48572040 0.91326854 -0.18210325
v 0.49526437 0.92444309 -0.19192247
v 0.50527926 0.93616902 -0.20055843
v 0.51570332 0.94837403 -0.20795788
v 0.52647229 0.96098287 -0.21407521
v 0.53751977 0.97391781 -0.21887268
v 0.54877765 0.98709910 -0.22232074
v 0.56017652 1.00044546 -0.22439811
v 0.57164611 1.01387462 -0.22509199
v 0.58311570 1.02730378 -0.22439811
v 0.59451457 1.04065015 -0.22232074
v 0.60577245 1.05383143 -0.21887268
v 0.61681993 1.06676637 -0.21407521
v 0.62758890 1.07937521 -0.20795788
v 0.63801296 1.09158022 -0.20055843
v 0.64802785 1.10330615 -0.19192247
v 0.65757182 1.11448070 -0.18210325
v 0.66658603 1.12503499 -0.17116129
v 0.67501491 1.13490393 -0.15916407
v 0.68280648 1.14402669 -0.14618555
v 0.68991271 1.15234702 -0.13230575
v 0.69628978 1.15981361 -0.11761024
v 0.70189839 1.16638045 -0.10218963
v 0.70670395 1.17200704 -0.08613898
v 0.71067683 1.17665868 -0.06955725
v 0.71379255 1.18030671 -0.05254668
v 0.71603188 1.18292863 -0.03521215
v 0.71738102 1.18450828 -0.01766051
v 0.69512455 1.22783072 0.00000000
v 0.69468532 1.22727356 0.01805744
v 0.69337032 1.22560550 0.03600355
v 0.69118768 1.22283682 0.05372769
v 0.68815083 1.21898461 0.07112057
v 0.68427852 1.21407260 0.08807498
v 0.67959461 1.20813108 0.10448637
v 0.67412797 1.20119669 0.12025357
v 0.66791232 1.19331217 0.13527937
v 0.66098597 1.18452614 0.14947112
v 0.65339163 1.17489277 0.16274134
v 0.64517612 1.16447144 0.17500820
v 0.63639009 1.15332642 0.18619608
v 0.62708771 1.14152641 0.19623599
v 0.61732634 1.12914416 0.20506605
v 0.60716614 1.11625601 0.21263181
v 0.59666977 1.10294143 0.21888662
v 0.58590194 1.08928250 0.22379192
v 0.57492903 1.07536344 0.22731747
v 0.56381871 1.06127005 0.22944153
v 0.55263945 1.04708924 0.23015101
v 0.54146020 1.03290843 0.22944153
v 0.53034987 1.01881504 0.22731747
v 0.51937697 1.00489598 0.22379192
v 0.50860914 0.99123705 0.21888662
v 0.49811277 0.97792247 0.21263181
v 0.48795257 0.96503432 0.20506605
v 0.47819120 0.95265208 0.19623599
v 0.46888882 0.94085206 0.18619608
v 0.46010279 0.92970704 0.17500820
v 0.45188728 0.91928571 0.16274134
v 0.44429294 0.90965234 0.14947112
v 0.43736659 0.90086631 0.13527937
v 0.43115094 0.89298179 0.12025357
v 0.42568430 0.88604740 0.10448637
v 0.42100039 0.88010588 0.08807498
v 0.41712808 0.87519388 0.07112057
v 0.41409123 0.87134166 0.05372769
v 0.41190859 0.86857299 0.03600355
v 0.41059359 0.86690492 0.01805744
v 0.41015436 0.86634776 0.00000000
v 0.41059359 0.86690492 -0.01805744
v 0.41190859 0.86857299 -0.03600355
v 0.41409123 0.87134166 -0.05372769
v 0.41712808 0.87519388 -0.07112057
v 0.42100039 0.88010588 -0.08807498
v 0.42568430 0.88604740 -0.10448637
v 0.43115094 0.89298179 -0.12025357
v 0.43736659 0.90086631 -0.13527937
v 0.44429294 0.90965234 -0.14947112
v 0.45188728 0.91928571 -0.16274134
v 0.46010279 0.92970704 -0.17500820
v 0.46888882 0.94085206 -0.18619608
v 0.47819120 0.95265208 -0.19623599
v 0.48795257 0.96503432 -0.20506605
v 0.49811277 0.97792247 -0.21263181
v 0.50860914 0.99123705 -0.21888662
v 0.51937697 1.00489598 -0.22379192
v 0.53034987 1.01881504 -0.22731747
v 0.54146020 1.03290843 -0.22944153
v 0.55263945 1.04708924 -0.23015101
v 0.56381871 1.06127005 -0.22944153
v 0.57492903 1.07536344 -0.22731747
v 0.58590194 1.08928250 -0.22379192
v 0.59666977 1.10294143 -0.21888662
v 0.60716614 1.11625601 -0.21263181
v 0.61732634 1.12914416 -0.20506605
v 0.62708771 1.14152641 -0.19623599
v 0.63639009 1.15332642 -0.18619608
v 0.64517612 1.16447144 -0.17500820
v 0.65339163 1.17489277 -0.16274134
v 0.66098597 1.18452614 -0.14947112
v 0.66791232 1.19331217 -0.13527937
v 0.67412797 1.20119669 -0.12025357
v 0.67959461 1.20813108 -0.10448637
v 0.68427852 1.21407260 -0.08807498
v 0.68815083 1.21898461 -0.07112057
v 0.69118768 1.22283682 -0.05372769
v 0.69337032 1.22560550 -0.03600355
v 0.69468532 1.22727356 -0.01805744
v 0.67000326 1.26910695 0.00000000
v 0.66957678 1.26851995 0.01846685
v 0.66829998 1.26676259 0.03681984
v 0.66618073 1.26384569 0.05494583
v 0.66323210 1.25978725 0.07273306
v 0.65947226 1.25461227 0.09007186
v 0.65492439 1.24835267 0.10685535
v 0.64961654 1.24104704 0.12298003
v 0.64358143 1.23274042 0.13834650
v 0.63685626 1.22348402 0.15286002
v 0.62948250 1.21333492 0.16643110
v 0.62150562 1.20235568 0.17897609
v 0.61297479 1.19061400 0.19041762
v 0.60394260 1.17818226 0.20068517
v 0.59446475 1.16513712 0.20971543
v 0.58459967 1.15155899 0.21745272
v 0.57440817 1.13753161 0.22384934
v 0.56395310 1.12314144 0.22886586
v 0.55329892 1.10847720 0.23247134
v 0.54251130 1.09362932 0.23464356
v 0.53165676 1.07868933 0.23536912
v 0.52080221 1.06374933 0.23464356
v 0.51001459 1.04890145 0.23247134
v 0.49936041 1.03423721 0.22886586
v 0.48890534 1.01984704 0.22384934
v 0.47871384 1.00581966 0.21745272
v 0.46884876 0.99224153 0.20971543
v 0.45937091 0.97919639 0.20068517
v 0.45033872 0.96676466 0.19041762
v 0.44180789 0.95502297 0.17897609
v 0.43383101 0.94404373 0.16643110
v 0.42645725 0.93389463 0.15286002
v 0.41973209 0.92463823 0.13834650
v 0.41369697 0.91633161 0.12298003
v 0.40838912 0.90902598 0.10685535
v 0.40384126 0.90276638 0.09007186
v 0.40008141 0.89759141 0.07273306
v 0.39713278 0.89353296 0.05494583
v 0.39501353 0.89061606 0.03681984
v 0.39373673 0.88885870 0.01846685
v 0.39331025 0.88827170 0.00000000
v 0.39373673 0.88885870 -0.01846685
v 0.39501353 0.89061606 -0.03681984
v 0.39713278 0.89353296 -0.05494583
v 0.40008141 0.89759141 -0.07273306
v 0.40384126 0.90276638 -0.09007186
v 0.40838912 0.90902598 -0.10685535
v 0.41369697 0.91633161 -0.12298003
v 0.41973209 0.92463823 -0.13834650
v 0.42645725 0.93389463 -0.15286002
v 0.43383101 0.94404373 -0.16643110
v 0.44180789 0.95502297 -0.17897609
v 0.45033872 0.96676466 -0.19041762
v 0.45937091 0.97919639 -0.20068517
v 0.46884876 0.99224153 -0.20971543
v 0.47871384 1.00581966 -0.21745272
v 0.48890534 1.01984704 -0.22384934
v 0.49936041 1.03423721 -0.22886586
v 0.51001459 1.04890145 -0.23247134
v 0.52080221 1.06374933 -0.23464356
v 0.53165676 1.07868933 -0.23536912
v 0.54251130 1.09362932 -0.23464356
v 0.55329892 1.10847720 -0.23247134
v 0.56395310 1.12314144 -0.22886586
v 0.57440817 1.13753161 -0.22384934
v 0.58459967 1.15155899 -0.21745272
v 0.59446475 1.16513712 -0.20971543
v 0.60394260 1.17818226 -0.20068517
v 0.61297479 1.19061400 -0.19041762
v 0.62150562 1.20235568 -0.17897609
v 0.62948250 1.21333492 -0.16643110
v 0.63685626 1.22348402 -0.15286002
v 0.64358143 1.23274042 -0.13834650
v 0.64961654 1.24104704 -0.12298003
v 0.65492439 1.24835267 -0.10685535
v 0.65947226 1.25461227 -0.09007186
v 0.66323210 1.25978725 -0.07273306
v 0.66618073 1.26384569 -0.05494583
v 0.66829998 1.26676259 -0.03681984
v 0.66957678 1.26851995 -0.01846685
v 0.64250203 1.30879273 0.00000000
v 0.64208973 1.30817568 0.01888811
v 0.64085538 1.30632834 0.03765977
v 0.63880659 1.30326211 0.05619924
v 0.63595598 1.29899588 0.07439222
v 0.63232114 1.29355595 0.09212656
v 0.62792448 1.28697588 0.10929290
v 0.62279309 1.27929621 0.12578541
v 0.61695862 1.27056431 0.14150242
v 0.61045704 1.26083401 0.15634702
v 0.60332843 1.25016529 0.17022768
v 0.59561675 1.23862394 0.18305884
v 0.58736953 1.22628111 0.19476137
v 0.57863763 1.21321290 0.20526314
v 0.56947488 1.19949987 0.21449939
v 0.55993777 1.18522658 0.22241318
v 0.55008510 1.17048102 0.22895572
v 0.53997762 1.15535411 0.23408668
v 0.52967764 1.13993910 0.23777441
v 0.51924867 1.12433104 0.23999618
v 0.50875500 1.10862615 0.24073829
v 0.49826133 1.09292126 0.23999618
v 0.48783235 1.07731320 0.23777441
v 0.47753238 1.06189819 0.23408668
v 0.46742489 1.04677128 0.22895572
v 0.45757223 1.03202572 0.22241318
v 0.44803512 1.01775243 0.21449939
v 0.43887237 1.00403940 0.20526314
v 0.43014047 0.99097119 0.19476137
v 0.42189325 0.97862836 0.18305884
v 0.41418157 0.96708701 0.17022768
v 0.40705296 0.95641829 0.15634702
v 0.40055138 0.94668799 0.14150242
v 0.39471691 0.93795609 0.12578541
v 0.38958552 0.93027642 0.10929290
v 0.38518886 0.92369635 0.09212656
v 0.38155401 0.91825642 0.07439222
v 0.37870341 0.91399019 0.05619924
v 0.37665462 0.91092396 0.03765977
v 0.37542027 0.90907662 0.01888811
v 0.37500797 0.90845957 0.00000000
v 0.37542027 0.90907662 -0.01888811
v 0.37665462 0.91092396 -0.03765977
v 0.37870341 0.91399019 -0.05619924
v 0.38155401 0.91825642 -0.07439222
v 0.38518886 0.92369635 -0.09212656
v 0.38958552 0.93027642 -0.10929290
v 0.39471691 0.93795609 -0.12578541
v 0.40055138 0.94668799 -0.14150242
v 0.40705296 0.95641829 -0.15634702
v 0.41418157 0.96708701 -0.17022768
v 0.42189325 0.97862836 -0.18305884
v 0.43014047 0.99097119 -0.19476137
v 0.43887237 1.00403940 -0.20526314
v 0.44803512 1.01775243 -0.21449939
v 0.45757223 1.03202572 -0.22241318
v 0.46742489 1.04677128 -0.22895572
v 0.47753238 1.06189819 -0.23408668
v 0.48783235 1.07731320 -0.23777441
v 0.49826133 1.09292126 -0.23999618
v 0.50875500 1.10862615 -0.24073829
v 0.51924867 1.12433104 -0.23999618
v 0.52967764 1.13993910 -0.23777441
v 0.53997762 1.15535411 -0.23408668
v 0.55008510 1.17048102 -0.22895572
v 0.55993777 1.18522658 -0.22241318
v 0.56947488 1.19949987 -0.21449939
v 0.57863763 1.21321290 -0.20526314
v 0.58736953 1.22628111 -0.19476137
v 0.59561675 1.23862394 -0.18305884
v 0.60332843 1.25016529 -0.17022768
v 0.61045704 1.26083401 -0.15634702
v 0.61695862 1.27056431 -0.14150242
v 0.62279309 1.27929621 -0.12578541
v 0.62792448 1.28697588 -0.10929290
v 0.63232114 1.29355595 -0.09212656
v 0.63595598 1.29899588 -0.07439222
v 0.63880659 1.30326211 -0.05619924
v 0.64085538 1.30632834 -0.03765977
v 0.64208973 1.30817568 -0.01888811
v 0.61266631 1.34681640 0.00000000
v 0.61226968 1.34616915 0.01932057
v 0.61108223 1.34423141 0.03852202
v 0.60911127 1.34101511 0.05748598
v 0.60636898 1.33654008 0.07609551
v 0.60287224 1.33083393 0.09423589
v 0.59864262 1.32393182 0.11179527
v 0.59370620 1.31587631 0.12866540
v 0.58809341 1.30671706 0.14474226
v 0.58183885 1.29651055 0.15992674
v 0.57498109 1.28531970 0.17412521
v 0.56756240 1.27321351 0.18725015
v 0.55962854 1.26026662 0.19922063
v 0.55122840 1.24655884 0.20996284
v 0.54241378 1.23217469 0.21941057
v 0.53323903 1.21720285 0.22750556
v 0.52376071 1.20173564 0.23419789
v 0.51403725 1.18586841 0.23944633
v 0.50412862 1.16969898 0.24321849
v 0.49409588 1.15332705 0.24549113
v 0.48400091 1.13685355 0.24625024
v 0.47390594 1.12038006 0.24549113
v 0.46387321 1.10400813 0.24321849
v 0.45396457 1.08783870 0.23944633
v 0.44424112 1.07197147 0.23419789
v 0.43476280 1.05650425 0.22750556
v 0.42558805 1.04153242 0.21941057
v 0.41677343 1.02714827 0.20996284
v 0.40837329 1.01344049 0.19922063
v 0.40043942 1.00049359 0.18725015
v 0.39302074 0.98838740 0.17412521
v 0.38616298 0.97719655 0.15992674
v 0.37990842 0.96699004 0.14474226
v 0.37429563 0.95783080 0.12866540
v 0.36935921 0.94977529 0.11179527
v 0.36512959 0.94287318 0.09423589
v 0.36163285 0.93716702 0.07609551
v 0.35889055 0.93269200 0.05748598
v 0.35691960 0.92947570 0.03852202
v 0.35573215 0.92753795 0.01932057
v 0.35533552 0.92689071 0.00000000
v 0.35573215 0.92753795 -0.01932057
v 0.35691960 0.92947570 -0.03852202
v 0.35889055 0.93269200 -0.05748598
v 0.36163285 0.93716702 -0.07609551
v 0.36512959 0.94287318 -0.09423589
v 0.36935921 0.94977529 -0.11179527
v 0.37429563 0.95783080 -0.12866540
v 0.37990842 0.96699004 -0.14474226
v 0.38616298 0.97719655 -0.15992674
v 0.39302074 0.98838740 -0.17412521
v 0.40043942 1.00049359 -0.18725015
v 0.40837329 1.01344049 -0.19922063
v 0.41677343 1.02714827 -0.20996284
v 0.42558805 1.04153242 -0.21941057
v 0.43476280 1.05650425 -0.22750556
v 0.44424112 1.07197147 -0.23419789
v 0.45396457 1.08783870 -0.23944633
v 0.46387321 1.10400813 -0.24321849
v 0.47390594 1.12038006 -0.24549113
v 0.48400091 1.13685355 -0.24625024
v 0.49409588 1.15332705 -0.24549113
v 0.50412862 1.16969898 -0.24321849
v 0.51403725 1.18586841 -0.23944633
v 0.52376071 1.20173564 -0.23419789
v 0.53323903 1.21720285 -0.22750556
v 0.54241378 1.23217469 -0.21941057
v 0.55122840 1.24655884 -0.20996284
v 0.55962854 1.26026662 -0.19922063
v 0.56756240 1.27321351 -0.18725015
v 0.57498109 1.28531970 -0.17412521
v 0.58183885 1.29651055 -0.15992674
v 0.58809341 1.30671706 -0.14474226
v 0.59370620 1.31587631 -0.12866540
v 0.59864262 1.32393182 -0.11179527
v 0.60287224 1.33083393 -0.09423589
v 0.60636898 1.33654008 -0.07609551
v 0.60911127 1.34101511 -0.05748598
v 0.61108223 1.34423141 -0.03852202
v 0.61226968 1.34616915 -0.01932057
v 0.58055262 1.38310666 0.00000000
v 0.58017320 1.38242916 0.01976357
v 0.57903728 1.38040082 0.03940529
v 0.57715186 1.37703416 0.05880406
v 0.57452856 1.37234993 0.07784029
v 0.57118357 1.36637701 0.09639660
v 0.56713749 1.35915223 0.11435860
v 0.56241529 1.35072012 0.13161554
v 0.55704606 1.34113268 0.14806102
v 0.55106292 1.33044901 0.16359366
v 0.54450275 1.31873499 0.17811769
v 0.53740600 1.30606283 0.19154357
v 0.52981642 1.29251066 0.20378852
v 0.52178081 1.27816204 0.21477704
v 0.51334870 1.26310543 0.22444139
v 0.50457209 1.24743366 0.23272198
v 0.49550508 1.23124335 0.23956777
v 0.48620357 1.21463432 0.24493654
v 0.47672492 1.19770897 0.24879520
v 0.46712756 1.18057164 0.25111995
v 0.45747066 1.16332801 0.25189646
v 0.44781376 1.14608437 0.25111995
v 0.43821640 1.12894705 0.24879520
v 0.42873775 1.11202170 0.24493654
v 0.41943624 1.09541267 0.23956777
v 0.41036923 1.07922236 0.23272198
v 0.40159262 1.06355059 0.22444139
v 0.39316051 1.04849398 0.21477704
v 0.38512490 1.03414536 0.20378852
v 0.37753532 1.02059319 0.19154357
v 0.37043857 1.00792103 0.17811769
v 0.36387840 0.99620701 0.16359366
v 0.35789526 0.98552334 0.14806102
v 0.35252604 0.97593590 0.13161554
v 0.34780383 0.96750379 0.11435860
v 0.34375776 0.96027901 0.09639660
v 0.34041276 0.95430609 0.07784029
v 0.33778947 0.94962186 0.05880406
v 0.33590404 0.94625519 0.03940529
v 0.33476812 0.94422686 0.01976357
v 0.33438870 0.94354935 0.00000000
v 0.33476812 0.94422686 -0.01976357
v 0.33590404 0.94625519 -0.03940529
v 0.33778947 0.94962186 -0.05880406
v 0.34041276 0.95430609 -0.07784029
v 0.34375776 0.96027901 -0.09639660
v 0.34780383 0.96750379 -0.11435860
v 0.35252604 0.97593590 -0.13161554
v 0.35789526 0.98552334 -0.14806102
v 0.36387840 0.99620701 -0.16359366
v 0.37043857 1.00792103 -0.17811769
v 0.37753532 1.02059319 -0.19154357
v 0.38512490 1.03414536 -0.20378852
v 0.39316051 1.04849398 -0.21477704
v 0.40159262 1.06355059 -0.22444139
v 0.41036923 1.07922236 -0.23272198
v 0.41943624 1.09541267 -0.23956777
v 0.42873775 1.11202170 -0.24493654
v 0.43821640 1.12894705 -0.24879520
v 0.44781376 1.14608437 -0.25111995
v 0.45747066 1.16332801 -0.25189646
v 0.46712756 1.18057164 -0.25111995
v 0.47672492 1.19770897 -0.24879520
v 0.48620357 1.21463432 -0.24493654
v 0.49550508 1.23124335 -0.23956777
v 0.50457209 1.24743366 -0.23272198
v 0.51334870 1.26310543 -0.22444139
v 0.52178081 1.27816204 -0.21477704
v 0.52981642 1.29251066 -0.20378852
v 0.53740600 1.30606283 -0.19154357
v 0.54450275 1.31873499 -0.17811769
v 0.55106292 1.33044901 -0.16359366
v 0.55704606 1.34113268 -0.14806102
v 0.56241529 1.35072012 -0.13161554
v 0.56713749 1.35915223 -0.11435860
v 0.57118357 1.36637701 -0.09639660
v 0.57452856 1.37234993 -0.07784029
v 0.57715186 1.37703416 -0.05880406
v 0.57903728 1.38040082 -0.03940529
v 0.58017320 1.38242916 -0.01976357
v 0.54622844 1.41759279 0.00000000
v 0.54586783 1.41688506 0.02021642
v 0.54478823 1.41476623 0.04030819
v 0.54299630 1.41124936 0.06015146
v 0.54050308 1.40635615 0.07962387
v 0.53732394 1.40011674 0.09860537
v 0.53347850 1.39256962 0.11697894
v 0.52899044 1.38376132 0.13463129
v 0.52388745 1.37374613 0.15145360
v 0.51820098 1.36258581 0.16734214
v 0.51196610 1.35034917 0.18219897
v 0.50522124 1.33711164 0.19593247
v 0.49800799 1.32295484 0.20845799
v 0.49037083 1.30796606 0.21969830
v 0.48235682 1.29223770 0.22958409
v 0.47401540 1.27586673 0.23805442
v 0.46539798 1.25895408 0.24505707
v 0.45655769 1.24160404 0.25054886
v 0.44754904 1.22392356 0.25449593
v 0.43842756 1.20602166 0.25687394
v 0.42924950 1.18800870 0.25766825
v 0.42007144 1.16999574 0.25687394
v 0.41094996 1.15209383 0.25449593
v 0.40194131 1.13441336 0.25054886
v 0.39310102 1.11706331 0.24505707
v 0.38448360 1.10015067 0.23805442
v 0.37614217 1.08377970 0.22958409
v 0.36812817 1.06805134 0.21969830
v 0.36049100 1.05306256 0.20845799
v 0.35327776 1.03890576 0.19593247
v 0.34653290 1.02566823 0.18219897
v 0.34029802 1.01343159 0.16734214
v 0.33461155 1.00227127 0.15145360
v 0.32950856 0.99225608 0.13463129
v 0.32502050 0.98344778 0.11697894
v 0.32117505 0.97590066 0.09860537
v 0.31799592 0.96966125 0.07962387
v 0.31550270 0.96476803 0.06015146
v 0.31371077 0.96125117 0.04030819
v 0.31263117 0.95913234 0.02021642
v 0.31227056 0.95842461 0.00000000
v 0.31263117 0.95913234 -0.02021642
v 0.31371077 0.96125117 -0.04030819
v 0.31550270 0.96476803 -0.06015146
v 0.31799592 0.96966125 -0.07962387
v 0.32117505 0.97590066 -0.09860537
v 0.32502050 0.98344778 -0.11697894
v 0.32950856 0.99225608 -0.13463129
v 0.33461155 1.00227127 -0.15145360
v 0.34029802 1.01343159 -0.16734214
v 0.34653290 1.02566823 -0.18219897
v 0.35327776 1.03890576 -0.19593247
v 0.36049100 1.05306256 -0.20845799
v 0.36812817 1.06805134 -0.21969830
v 0.37614217 1.08377970 -0.22958409
v 0.38448360 1.10015067 -0.23805442
v 0.39310102 1.11706331 -0.24505707
v 0.40194131 1.13441336 -0.25054886
v 0.41094996 1.15209383 -0.25449593
v 0.42007144 1.16999574 -0.25687394
v 0.42924950 1.18800870 -0.25766825
v 0.43842756 1.20602166 -0.25687394
v 0.44754904 1.22392356 -0.25449593
v 0.45655769 1.24160404 -0.25054886
v 0.46539798 1.25895408 -0.24505707
v 0.47401540 1.27586673 -0.23805442
v 0.48235682 1.29223770 -0.22958409
v 0.49037083 1.30796606 -0.21969830
v 0.49800799 1.32295484 -0.20845799
v 0.50522124 1.33711164 -0.19593247
v 0.51196610 1.35034917 -0.18219897
v 0.51820098 1.36258581 -0.16734214
v 0.52388745 1.37374613 -0.15145360
v 0.52899044 1.38376132 -0.13463129
v 0.53347850 1.39256962 -0.11697894
v 0.53732394 1.40011674 -0.09860537
v 0.54050308 1.40635615 -0.07962387
v 0.54299630 1.41124936 -0.06015146
v 0.54478823 1.41476623 -0.04030819
v 0.54586783 1.41688506 -0.02021642
v 0.50977194 1.45020479 0.00000000
v 0.50943180 1.44946696 0.02067842
v 0.50841347 1.44725803 0.04122935
v 0.50672322 1.44359161 0.06152609
v 0.50437149 1.43849031 0.08144350
v 0.50137277 1.43198557 0.10085879
v 0.49774554 1.42411751 0.11965224
v 0.49351217 1.41493462 0.13770800
v 0.48869877 1.40449354 0.15491475
v 0.48333500 1.39285862 0.17116639
v 0.47745393 1.38010161 0.18636274
v 0.47109184 1.36630115 0.20041009
v 0.46428793 1.35154234 0.21322186
v 0.45708416 1.33591615 0.22471904
v 0.44952494 1.31951893 0.23483075
v 0.44165687 1.30245178 0.24349465
v 0.43352848 1.28481993 0.25065733
v 0.42518986 1.26673207 0.25627462
v 0.41669243 1.24829972 0.26031189
v 0.40808858 1.22963653 0.26274425
v 0.39943136 1.21085757 0.26355671
v 0.39077414 1.19207860 0.26274425
v 0.38217029 1.17341541 0.26031189
v 0.37367286 1.15498306 0.25627462
v 0.36533424 1.13689520 0.25065733
v 0.35720585 1.11926335 0.24349465
v 0.34933778 1.10219620 0.23483075
v 0.34177856 1.08579898 0.22471904
v 0.33457479 1.07017279 0.21322186
v 0.32777088 1.05541398 0.20041009
v 0.32140879 1.04161352 0.18636274
v 0.31552772 1.02885651 0.17116639
v 0.31016395 1.01722159 0.15491475
v 0.30535055 1.00678051 0.13770800
v 0.30111718 0.99759762 0.11965224
v 0.29748995 0.98972956 0.10085879
v 0.29449123 0.98322482 0.08144350
v 0.29213950 0.97812352 0.06152609
v 0.29044925 0.97445710 0.04122935
v 0.28943092 0.97224817 0.02067842
v 0.28909078 0.97151034 0.00000000
v 0.28943092 0.97224817 -0.02067842
v 0.29044925 0.97445710 -0.04122935
v 0.29213950 0.97812352 -0.06152609
v 0.29449123 0.98322482 -0.08144350
v 0.29748995 0.98972956 -0.10085879
v 0.30111718 0.99759762 -0.11965224
v 0.30535055 1.00678051 -0.13770800
v 0.31016395 1.01722159 -0.15491475
v 0.31552772 1.02885651 -0.17116639
v 0.32140879 1.04161352 -0.18636274
v 0.32777088 1.05541398 -0.20041009
v 0.33457479 1.07017279 -0.21322186
v 0.34177856 1.08579898 -0.22471904
v 0.34933778 1.10219620 -0.23483075
v 0.35720585 1.11926335 -0.24349465
v 0.36533424 1.13689520 -0.25065733
v 0.37367286 1.15498306 -0.25627462
v 0.38217029 1.17341541 -0.26031189
v 0.39077414 1.19207860 -0.26274425
v 0.39943136 1.21085757 -0.26355671
v 0.40808858 1.22963653 -0.26274425
v 0.41669243 1.24829972 -0.26031189
v 0.42518986 1.26673207 -0.25627462
v 0.43352848 1.28481993 -0.25065733
v 0.44165687 1.30245178 -0.24349465
v 0.44952494 1.31951893 -0.23483075
v 0.45708416 1.33591615 -0.22471904
v 0.46428793 1.35154234 -0.21322186
v 0.47109184 1.36630115 -0.20041009
v 0.47745393 1.38010161 -0.18636274
v 0.48333500 1.39285862 -0.17116639
v 0.48869877 1.40449354 -0.15491475
v 0.49351217 1.41493462 -0.13770800
v 0.49774554 1.42411751 -0.11965224
v 0.50137277 1.43198557 -0.10085879
v 0.50437149 1.43849031 -0.08144350
v 0.50672322 1.44359161 -0.06152609
v 0.50841347 1.44725803 -0.04122935
v 0.50943180 1.44946696 -0.02067842
v 0.47127179 1.48087366 0.00000000
v 0.47095380 1.48010597 0.02114887
v 0.47000180 1.47780763 0.04216734
v 0.46842165 1.47399282 0.06292584
v 0.46622310 1.46868505 0.08329638
v 0.46341970 1.46191705 0.10315338
v 0.46002874 1.45373054 0.12237439
v 0.45607112 1.44417601 0.14084093
v 0.45157125 1.43331234 0.15843914
v 0.44655685 1.42120653 0.17506051
v 0.44105886 1.40793320 0.19060259
v 0.43511117 1.39357420 0.20496953
v 0.42875044 1.37821805 0.21807276
v 0.42201590 1.36195943 0.22983151
v 0.41494906 1.34489857 0.24017327
v 0.40759350 1.32714067 0.24903428
v 0.39999456 1.30879520 0.25635991
v 0.39219909 1.28997527 0.26210500
v 0.38425515 1.27079692 0.26623412
v 0.37621173 1.25137838 0.26872182
v 0.36811841 1.23183938 0.26955276
v 0.36002509 1.21230037 0.26872182
v 0.35198167 1.19288183 0.26623412
v 0.34403773 1.17370348 0.26210500
v 0.33624227 1.15488355 0.25635991
v 0.32864332 1.13653808 0.24903428
v 0.32128776 1.11878018 0.24017327
v 0.31422092 1.10171932 0.22983151
v 0.30748638 1.08546070 0.21807276
v 0.30112565 1.07010455 0.20496953
v 0.29517796 1.05574555 0.19060259
v 0.28967997 1.04247223 0.17506051
v 0.28466558 1.03036641 0.15843914
v 0.28016570 1.01950275 0.14084093
v 0.27620808 1.00994821 0.12237439
v 0.27281712 1.00176170 0.10315338
v 0.27001372 0.99499370 0.08329638
v 0.26781517 0.98968593 0.06292584
v 0.26623502 0.98587112 0.04216734
v 0.26528302 0.98357279 0.02114887
v 0.26496504 0.98280510 0.00000000
v 0.26528302 0.98357279 -0.02114887
v 0.26623502 0.98587112 -0.04216734
v 0.26781517 0.98968593 -0.06292584
v 0.27001372 0.99499370 -0.08329638
v 0.27281712 1.00176170 -0.10315338
v 0.27620808 1.00994821 -0.12237439
v 0.28016570 1.01950275 -0.14084093
v 0.28466558 1.03036641 -0.15843914
v 0.28967997 1.04247223 -0.17506051
v 0.29517796 1.05574555 -0.19060259
v 0.30112565 1.07010455 -0.20496953
v 0.30748638 1.08546070 -0.21807276
v 0.31422092 1.10171932 -0.22983151
v 0.32128776 1.11878018 -0.24017327
v 0.32864332 1.13653808 -0.24903428
v 0.33624227 1.15488355 -0.25635991
v 0.34403773 1.17370348 -0.26210500
v 0.35198167 1.19288183 -0.26623412
v 0.36002509 1.21230037 -0.26872182
v 0.36811841 1.23183938 -0.26955276
v 0.37621173 1.25137838 -0.26872182
v 0.38425515 1.27079692 -0.26623412
v 0.39219909 1.28997527 -0.26210500
v 0.39999456 1.30879520 -0.25635991
v 0.40759350 1.32714067 -0.24903428
v 0.41494906 1.34489857 -0.24017327
v 0.42201590 1.36195943 -0.22983151
v 0.42875044 1.37821805 -0.21807276
v 0.43511117 1.39357420 -0.20496953
v 0.44105886 1.40793320 -0.19060259
v 0.44655685 1.42120653 -0.17506051
v 0.45157125 1.43331234 -0.15843914
v 0.45607112 1.44417601 -0.14084093
v 0.46002874 1.45373054 -0.12237439
v 0.46341970 1.46191705 -0.10315338
v 0.46622310 1.46868505 -0.08329638
v 0.46842165 1.47399282 -0.06292584
v 0.47000180 1.47780763 -0.04216734
v 0.47095380 1.48010597 -0.02114887
v 0.43082672 1.50953156 0.00000000
v 0.43053262 1.50873435 0.02162703
v 0.42965212 1.50634764 0.04312072
v 0.42819064 1.50238615 0.06434855
v 0.42615721 1.49687429 0.08517966
v 0.42356436 1.48984606 0.10548560
v 0.42042807 1.48134478 0.12514119
v 0.41676768 1.47142286 0.14402524
v 0.41260576 1.46014148 0.16202133
v 0.40796797 1.44757020 0.17901851
v 0.40288290 1.43378651 0.19491197
v 0.39738190 1.41887539 0.20960374
v 0.39149889 1.40292879 0.22300323
v 0.38527013 1.38604502 0.23502784
v 0.37873404 1.36832816 0.24560342
v 0.37193091 1.34988746 0.25466477
v 0.36490267 1.33083660 0.26215603
v 0.35769267 1.31129303 0.26803100
v 0.35034536 1.29137726 0.27225348
v 0.34290602 1.27121207 0.27479743
v 0.33542054 1.25092178 0.27564716
v 0.32793506 1.23063149 0.27479743
v 0.32049573 1.21046630 0.27225348
v 0.31314841 1.19055053 0.26803100
v 0.30593841 1.17100697 0.26215603
v 0.29891018 1.15195611 0.25466477
v 0.29210704 1.13351540 0.24560342
v 0.28557095 1.11579855 0.23502784
v 0.27934219 1.09891477 0.22300323
v 0.27345918 1.08296817 0.20960374
v 0.26795818 1.06805706 0.19491197
v 0.26287311 1.05427337 0.17901851
v 0.25823532 1.04170208 0.16202133
v 0.25407340 1.03042070 0.14402524
v 0.25041301 1.02049878 0.12514119
v 0.24727672 1.01199750 0.10548560
v 0.24468387 1.00496927 0.08517966
v 0.24265044 0.99945742 0.06434855
v 0.24118897 0.99549592 0.04312072
v 0.24030846 0.99310921 0.02162703
v 0.24001436 0.99231201 0.00000000
v 0.24030846 0.99310921 -0.02162703
v 0.24118897 0.99549592 -0.04312072
v 0.24265044 0.99945742 -0.06434855
v 0.24468387 1.00496927 -0.08517966
v 0.24727672 1.01199750 -0.10548560
v 0.25041301 1.02049878 -0.12514119
v 0.25407340 1.03042070 -0.14402524
v 0.25823532 1.04170208 -0.16202133
v 0.26287311 1.05427337 -0.17901851
v 0.26795818 1.06805706 -0.19491197
v 0.27345918 1.08296817 -0.20960374
v 0.27934219 1.09891477 -0.22300323
v 0.28557095 1.11579855 -0.23502784
v 0.29210704 1.13351540 -0.24560342
v 0.29891018 1.15195611 -0.25466477
v 0.30593841 1.17100697 -0.26215603
v 0.31314841 1.19055053 -0.26803100
v 0.32049573 1.21046630 -0.27225348
v 0.32793506 1.23063149 -0.27479743
v 0.33542054 1.25092178 -0.27564716
v 0.34290602 1.27121207 -0.27479743
v 0.35034536 1.29137726 -0.27225348
v 0.35769267 1.31129303 -0.26803100
v 0.36490267 1.33083660 -0.26215603
v 0.37193091 1.34988746 -0.25466477
v 0.37873404 1.36832816 -0.24560342
v 0.38527013 1.38604502 -0.23502784
v 0.39149889 1.40292879 -0.22300323
v 0.39738190 1.41887539 -0.20960374
v 0.40288290 1.43378651 -0.19491197
v 0.40796797 1.44757020 -0.17901851
v 0.41260576 1.46014148 -0.16202133
v 0.41676768 1.47142286 -0.14402524
v 0.42042807 1.48134478 -0.12514119
v 0.42356436 1.48984606 -0.10548560
v 0.42615721 1.49687429 -0.08517966
v 0.42819064 1.50238615 -0.06434855
v 0.42965212 1.50634764 -0.04312072
v 0.43053262 1.50873435 -0.02162703
v 0.38854522 1.53611209 0.00000000
v 0.38827675 1.53528582 0.02211217
v 0.38747300 1.53281211 0.04408800
v 0.38613891 1.52870621 0.06579202
v 0.38428272 1.52299344 0.08709041
v 0.38191586 1.51570901 0.10785186
v 0.37905294 1.50689783 0.12794837
v 0.37571160 1.49661424 0.14725603
v 0.37191244 1.48492163 0.16565581
v 0.36767888 1.47189209 0.18303427
v 0.36303703 1.45760595 0.19928426
v 0.35801551 1.44215129 0.21430559
v 0.35264527 1.42562339 0.22800566
v 0.34695943 1.40812416 0.24030000
v 0.34099303 1.38976149 0.25111282
v 0.33478287 1.37064857 0.26037743
v 0.32836723 1.35090326 0.26803673
v 0.32178566 1.33064729 0.27404350
v 0.31507875 1.31000554 0.27836070
v 0.30828785 1.28910527 0.28096171
v 0.30145481 1.26807536 0.28183050
v 0.29462178 1.24704544 0.28096171
v 0.28783087 1.22614517 0.27836070
v 0.28112396 1.20550342 0.27404350
v 0.27454239 1.18524745 0.26803673
v 0.26812675 1.16550214 0.26037743
v 0.26191659 1.14638922 0.25111282
v 0.25595019 1.12802655 0.24030000
v 0.25026435 1.11052732 0.22800566
v 0.24489411 1.09399942 0.21430559
v 0.23987259 1.07854476 0.19928426
v 0.23523074 1.06425862 0.18303427
v 0.23099719 1.05122908 0.16565581
v 0.22719803 1.03953647 0.14725603
v 0.22385668 1.02925288 0.12794837
v 0.22099376 1.02044170 0.10785186
v 0.21862690 1.01315727 0.08709041
v 0.21677071 1.00744450 0.06579202
v 0.21543662 1.00333860 0.04408800
v 0.21463287 1.00086489 0.02211217
v 0.21436440 1.00003862 0.00000000
v 0.21463287 1.00086489 -0.02211217
v 0.21543662 1.00333860 -0.04408800
v 0.21677071 1.00744450 -0.06579202
v 0.21862690 1.01315727 -0.08709041
v 0.22099376 1.02044170 -0.10785186
v 0.22385668 1.02925288 -0.12794837
v 0.22719803 1.03953647 -0.14725603
v 0.23099719 1.05122908 -0.16565581
v 0.23523074 1.06425862 -0.18303427
v 0.23987259 1.07854476 -0.19928426
v 0.24489411 1.09399942 -0.21430559
v 0.25026435 1.11052732 -0.22800566
v 0.25595019 1.12802655 -0.24030000
v 0.26191659 1.14638922 -0.25111282
v 0.26812675 1.16550214 -0.26037743
v 0.27454239 1.18524745 -0.26803673
v 0.28112396 1.20550342 -0.27404350
v 0.28783087 1.22614517 -0.27836070
v 0.29462178 1.24704544 -0.28096171
v 0.30145481 1.26807536 -0.28183050
v 0.30828785 1.28910527 -0.28096171
v 0.31507875 1.31000554 -0.27836070
v 0.32178566 1.33064729 -0.27404350
v 0.32836723 1.35090326 -0.26803673
v 0.33478287 1.37064857 -0.26037743
v 0.34099303 1.38976149 -0.25111282
v 0.34695943 1.40812416 -0.24030000
v 0.35264527 1.42562339 -0.22800566
v 0.35801551 1.44215129 -0.21430559
v 0.36303703 1.45760595 -0.19928426
v 0.36767888 1.47189209 -0.18303427
v 0.37191244 1.48492163 -0.16565581
v 0.37571160 1.49661424 -0.14725603
v 0.37905294 1.50689783 -0.12794837
v 0.38191586 1.51570901 -0.10785186
v 0.38428272 1.52299344 -0.08709041
v 0.38613891 1.52870621 -0.06579202
v 0.38747300 1.53281211 -0.04408800
v 0.38827675 1.53528582 -0.02211217
v 0.34454503 1.56055051 0.00000000
v 0.34430396 1.55969576 0.02260354
v 0.34358226 1.55713678 0.04506771
v 0.34238435 1.55288933 0.06725404
v 0.34071764 1.54697962 0.08902571
v 0.33859240 1.53944407 0.11024852
v 0.33602172 1.53032914 0.13079160
v 0.33302147 1.51969104 0.15052831
v 0.32961013 1.50759534 0.16933697
v 0.32580874 1.49411663 0.18710160
v 0.32164073 1.47933800 0.20371270
v 0.31713181 1.46335057 0.21906783
v 0.31230977 1.44625290 0.23307234
v 0.30720434 1.42815041 0.24563988
v 0.30184700 1.40915471 0.25669297
v 0.29627077 1.38938291 0.26616346
v 0.29051005 1.36895691 0.27399297
v 0.28460033 1.34800265 0.28013322
v 0.27857807 1.32664931 0.28454635
v 0.27248038 1.30502854 0.28720516
v 0.26634487 1.28327365 0.28809326
v 0.26020935 1.26151876 0.28720516
v 0.25411167 1.23989799 0.28454635
v 0.24808940 1.21854465 0.28013322
v 0.24217969 1.19759039 0.27399297
v 0.23641896 1.17716439 0.26616346
v 0.23084273 1.15739259 0.25669297
v 0.22548539 1.13839688 0.24563988
v 0.22037996 1.12029440 0.23307234
v 0.21555792 1.10319673 0.21906783
v 0.21104900 1.08720930 0.20371270
v 0.20688100 1.07243067 0.18710160
v 0.20307960 1.05895195 0.16933697
v 0.19966827 1.04685626 0.15052831
v 0.19666801 1.03621815 0.13079160
v 0.19409734 1.02710323 0.11024852
v 0.19197209 1.01956768 0.08902571
v 0.19030538 1.01365797 0.06725404
v 0.18910748 1.00941052 0.04506771
v 0.18838577 1.00685154 0.02260354
v 0.18814470 1.00599678 0.00000000
v 0.18838577 1.00685154 -0.02260354
v 0.18910748 1.00941052 -0.04506771
v 0.19030538 1.01365797 -0.06725404
v 0.19197209 1.01956768 -0.08902571
v 0.19409734 1.02710323 -0.11024852
v 0.19666801 1.03621815 -0.13079160
v 0.19966827 1.04685626 -0.15052831
v 0.20307960 1.05895195 -0.16933697
v 0.20688100 1.07243067 -0.18710160
v 0.21104900 1.08720930 -0.20371270
v 0.21555792 1.10319673 -0.21906783
v 0.22037996 1.12029440 -0.23307234
v 0.22548539 1.13839688 -0.24563988
v 0.23084273 1.15739259 -0.25669297
v 0.23641896 1.17716439 -0.26616346
v 0.24217969 1.19759039 -0.27399297
v 0.24808940 1.21854465 -0.28013322
v 0.25411167 1.23989799 -0.28454635
v 0.26020935 1.26151876 -0.28720516
v 0.26634487 1.28327365 -0.28809326
v 0.27248038 1.30502854 -0.28720516
v 0.27857807 1.32664931 -0.28454635
v 0.28460033 1.34800265 -0.28013322
v 0.29051005 1.36895691 -0.27399297
v 0.29627077 1.38938291 -0.26616346
v 0.30184700 1.40915471 -0.25669297
v 0.30720434 1.42815041 -0.24563988
v 0.31230977 1.44625290 -0.23307234
v 0.31713181 1.46335057 -0.21906783
v 0.32164073 1.47933800 -0.20371270
v 0.32580874 1.49411663 -0.18710160
v 0.32961013 1.50759534 -0.16933697
v 0.33302147 1.51969104 -0.15052831
v 0.33602172 1.53032914 -0.13079160
v 0.33859240 1.53944407 -0.11024852
v 0.34071764 1.54697962 -0.08902571
v 0.34238435 1.55288933 -0.06725404
v 0.34358226 1.55713678 -0.04506771
v 0.34430396 1.55969576 -0.02260354
v 0.29895264 1.58278399 0.00000000
v 0.29874076 1.58190145 0.02310038
v 0.29810643 1.57925928 0.04605834
v 0.29705356 1.57487376 0.06873233
v 0.29558864 1.56877192 0.09098257
v 0.29372070 1.56099141 0.11267187
v 0.29146126 1.55158017 0.13366650
v 0.28882425 1.54059623 0.15383704
v 0.28582593 1.52810732 0.17305913
v 0.28248478 1.51419043 0.19121424
v 0.27882140 1.49893137 0.20819046
v 0.27485839 1.48242421 0.22388311
v 0.27062016 1.46477072 0.23819545
v 0.26613285 1.44607974 0.25103924
v 0.26142413 1.42646651 0.26233528
v 0.25652303 1.40605196 0.27201395
v 0.25145977 1.38496194 0.28001555
v 0.24626555 1.36332648 0.28629077
v 0.24097241 1.34127897 0.29080090
v 0.23561298 1.31895534 0.29351816
v 0.23022031 1.29649323 0.29442577
v 0.22482763 1.27403111 0.29351816
v 0.21946820 1.25170748 0.29080090
v 0.21417506 1.22965998 0.28629077
v 0.20898085 1.20802452 0.28001555
v 0.20391758 1.18693449 0.27201395
v 0.19901648 1.16651994 0.26233528
v 0.19430776 1.14690671 0.25103924
v 0.18982046 1.12821574 0.23819545
v 0.18558223 1.11056225 0.22388311
v 0.18161921 1.09405509 0.20819046
v 0.17795583 1.07879602 0.19121424
v 0.17461468 1.06487913 0.17305913
v 0.17161636 1.05239022 0.15383704
v 0.16897935 1.04140629 0.13366650
v 0.16671991 1.03199505 0.11267187
v 0.16485197 1.02421453 0.09098257
v 0.16338706 1.01811270 0.06873233
v 0.16233418 1.01372718 0.04605834
v 0.16169985 1.01108500 0.02310038
v 0.16148798 1.01020246 0.00000000
v 0.16169985 1.01108500 -0.02310038
v 0.16233418 1.01372718 -0.04605834
v 0.16338706 1.01811270 -0.06873233
v 0.16485197 1.02421453 -0.09098257
v 0.16671991 1.03199505 -0.11267187
v 0.16897935 1.04140629 -0.13366650
v 0.17161636 1.05239022 -0.15383704
v 0.17461468 1.06487913 -0.17305913
v 0.17795583 1.07879602 -0.19121424
v 0.18161921 1.09405509 -0.20819046
v 0.18558223 1.11056225 -0.22388311
v 0.18982046 1.12821574 -0.23819545
v 0.19430776 1.14690671 -0.25103924
v 0.19901648 1.16651994 -0.26233528
v 0.20391758 1.18693449 -0.27201395
v 0.20898085 1.20802452 -0.28001555
v 0.21417506 1.22965998 -0.28629077
v 0.21946820 1.25170748 -0.29080090
v 0.22482763 1.27403111 -0.29351816
v 0.23022031 1.29649323 -0.29442577
v 0.23561298 1.31895534 -0.29351816
v 0.24097241 1.34127897 -0.29080090
v 0.24626555 1.36332648 -0.28629077
v 0.25145977 1.38496194 -0.28001555
v 0.25652303 1.40605196 -0.27201395
v 0.26142413 1.42646651 -0.26233528
v 0.26613285 1.44607974 -0.25103924
v 0.27062016 1.46477072 -0.23819545
v 0.27485839 1.48242421 -0.22388311
v 0.27882140 1.49893137 -0.20819046
v 0.28248478 1.51419043 -0.19121424
v 0.28582593 1.52810732 -0.17305913
v 0.28882425 1.54059623 -0.15383704
v 0.29146126 1.55158017 -0.13366650
v 0.29372070 1.56099141 -0.11267187
v 0.29558864 1.56877192 -0.09098257
v 0.29705356 1.57487376 -0.06873233
v 0.29810643 1.57925928 -0.04605834
v 0.29874076 1.58190145 -0.02310038
v 0.25190275 1.60275185 0.00000000
v 0.25172184 1.60184234 0.02360193
v 0.25118022 1.59911944 0.04705835
v 0.25028123 1.59459992 0.07022463
v 0.24903042 1.58831165 0.09295796
v 0.24743549 1.58029341 0.11511817
v 0.24550628 1.57059462 0.13656864
v 0.24325469 1.55927508 0.15717712
v 0.24069459 1.54640458 0.17681655
v 0.23784176 1.53206247 0.19536584
v 0.23471381 1.51633718 0.21271065
v 0.23133000 1.49932565 0.22874401
v 0.22771122 1.48113278 0.24336710
v 0.22387975 1.46187071 0.25648975
v 0.21985924 1.44165822 0.26803105
v 0.21567446 1.42061992 0.27791985
v 0.21135122 1.39888551 0.28609519
v 0.20691617 1.37658899 0.29250665
v 0.20239665 1.35386784 0.29711471
v 0.19782053 1.33086213 0.29989096
v 0.19321602 1.30771371 0.30081828
v 0.18861151 1.28456528 0.29989096
v 0.18403539 1.26155957 0.29711471
v 0.17951587 1.23883842 0.29250665
v 0.17508082 1.21654191 0.28609519
v 0.17075758 1.19480750 0.27791985
v 0.16657280 1.17376919 0.26803105
v 0.16255228 1.15355670 0.25648975
v 0.15872082 1.13429464 0.24336710
v 0.15510203 1.11610176 0.22874401
v 0.15171823 1.09909024 0.21271065
v 0.14859028 1.08336494 0.19536584
v 0.14573745 1.06902284 0.17681655
v 0.14317735 1.05615234 0.15717712
v 0.14092576 1.04483280 0.13656864
v 0.13899655 1.03513401 0.11511817
v 0.13740162 1.02711576 0.09295796
v 0.13615080 1.02082749 0.07022463
v 0.13525182 1.01630798 0.04705835
v 0.13471020 1.01358507 0.02360193
v 0.13452928 1.01267557 0.00000000
v 0.13471020 1.01358507 -0.02360193
v 0.13525182 1.01630798 -0.04705835
v 0.13615080 1.02082749 -0.07022463
v 0.13740162 1.02711576 -0.09295796
v 0.13899655 1.03513401 -0.11511817
v 0.14092576 1.04483280 -0.13656864
v 0.14317735 1.05615234 -0.15717712
v 0.14573745 1.06902284 -0.17681655
v 0.14859028 1.08336494 -0.19536584
v 0.15171823 1.09909024 -0.21271065
v 0.15510203 1.11610176 -0.22874401
v 0.15872082 1.13429464 -0.24336710
v 0.16255228 1.15355670 -0.25648975
v 0.16657280 1.17376919 -0.26803105
v 0.17075758 1.19480750 -0.27791985
v 0.17508082 1.21654191 -0.28609519
v 0.17951587 1.23883842 -0.29250665
v 0.18403539 1.26155957 -0.29711471
v 0.18861151 1.28456528 -0.29989096
v 0.19321602 1.30771371 -0.30081828
v 0.19782053 1.33086213 -0.29989096
v 0.20239665 1.35386784 -0.29711471
v 0.20691617 1.37658899 -0.29250665
v 0.21135122 1.39888551 -0.28609519
v 0.21567446 1.42061992 -0.27791985
v 0.21985924 1.44165822 -0.26803105
v 0.22387975 1.46187071 -0.25648975
v 0.22771122 1.48113278 -0.24336710
v 0.23133000 1.49932565 -0.22874401
v 0.23471381 1.51633718 -0.21271065
v 0.23784176 1.53206247 -0.19536584
v 0.24069459 1.54640458 -0.17681655
v 0.24325469 1.55927508 -0.15717712
v 0.24550628 1.57059462 -0.13656864
v 0.24743549 1.58029341 -0.11511817
v 0.24903042 1.58831165 -0.09295796
v 0.25028123 1.59459992 -0.07022463
v 0.25118022 1.59911944 -0.04705835
v 0.25172184 1.60184234 -0.02360193
v 0.20353768 1.62039582 0.00000000
v 0.20338951 1.61946030 0.02410741
v 0.20294590 1.61665950 0.04806620
v 0.20220961 1.61201070 0.07172864
v 0.20118515 1.60554255 0.09494885
v 0.19987886 1.59729493 0.11758366
v 0.19829878 1.58731869 0.13949354
v 0.19645465 1.57567535 0.16054339
v 0.19435785 1.56243667 0.18060344
v 0.19202130 1.54768429 0.19955001
v 0.18945942 1.53150916 0.21726628
v 0.18668798 1.51401100 0.23364304
v 0.18372408 1.49529770 0.24857931
v 0.18058600 1.47548462 0.26198300
v 0.17729308 1.45469393 0.27377149
v 0.17386562 1.43305380 0.28387208
v 0.17032475 1.41069766 0.29222250
v 0.16669231 1.38776333 0.29877128
v 0.16299069 1.36439221 0.30347803
v 0.15924271 1.34072840 0.30631374
v 0.15547148 1.31691779 0.30726092
v 0.15170025 1.29310718 0.30631374
v 0.14795227 1.26944336 0.30347803
v 0.14425065 1.24607225 0.29877128
v 0.14061821 1.22313792 0.29222250
v 0.13707734 1.20078177 0.28387208
v 0.13364988 1.17914164 0.27377149
v 0.13035696 1.15835095 0.26198300
v 0.12721888 1.13853788 0.24857931
v 0.12425498 1.11982457 0.23364304
v 0.12148355 1.10232641 0.21726628
v 0.11892166 1.08615128 0.19955001
v 0.11658511 1.07139890 0.18060344
v 0.11448831 1.05816023 0.16054339
v 0.11264419 1.04651688 0.13949354
v 0.11106410 1.03654065 0.11758366
v 0.10975781 1.02829303 0.09494885
v 0.10873336 1.02182488 0.07172864
v 0.10799706 1.01717607 0.04806620
v 0.10755346 1.01437528 0.02410741
v 0.10740528 1.01343976 0.00000000
v 0.10755346 1.01437528 -0.02410741
v 0.10799706 1.01717607 -0.04806620
v 0.10873336 1.02182488 -0.07172864
v 0.10975781 1.02829303 -0.09494885
v 0.11106410 1.03654065 -0.11758366
v 0.11264419 1.04651688 -0.13949354
v 0.11448831 1.05816023 -0.16054339
v 0.11658511 1.07139890 -0.18060344
v 0.11892166 1.08615128 -0.19955001
v 0.12148355 1.10232641 -0.21726628
v 0.12425498 1.11982457 -0.23364304
v 0.12721888 1.13853788 -0.24857931
v 0.13035696 1.15835095 -0.26198300
v 0.13364988 1.17914164 -0.27377149
v 0.13707734 1.20078177 -0.28387208
v 0.14061821 1.22313792 -0.29222250
v 0.14425065 1.24607225 -0.29877128
v 0.14795227 1.26944336 -0.30347803
v 0.15170025 1.29310718 -0.30631374
v 0.15547148 1.31691779 -0.30726092
v 0.15924271 1.34072840 -0.30631374
v 0.16299069 1.36439221 -0.30347803
v 0.16669231 1.38776333 -0.29877128
v 0.17032475 1.41069766 -0.29222250
v 0.17386562 1.43305380 -0.28387208
v 0.17729308 1.45469393 -0.27377149
v 0.18058600 1.47548462 -0.26198300
v 0.18372408 1.49529770 -0.24857931
v 0.18668798 1.51401100 -0.23364304
v 0.18945942 1.53150916 -0.21726628
v 0.19202130 1.54768429 -0.19955001
v 0.19435785 1.56243667 -0.18060344
v 0.19645465 1.57567535 -0.16054339
v 0.19829878 1.58731869 -0.13949354
v 0.19987886 1.59729493 -0.11758366
v 0.20118515 1.60554255 -0.09494885
v 0.20220961 1.61201070 -0.07172864
v 0.20294590 1.61665950 -0.04806620
v 0.20338951 1.61946030 -0.02410741
v 0.15400667 1.63566031 0.00000000
v 0.15389299 1.63469985 0.02461605
v 0.15355265 1.63182438 0.04908034
v 0.15298776 1.62705164 0.07324203
v 0.15220180 1.62041104 0.09695216
v 0.15119960 1.61194353 0.12006454
v 0.14998735 1.60170132 0.14243669
v 0.14857253 1.58974755 0.16393067
v 0.14696386 1.57615592 0.18441396
v 0.14517125 1.56101023 0.20376028
v 0.14320575 1.54440386 0.22185035
v 0.14107949 1.52643918 0.23857263
v 0.13880558 1.50722696 0.25382404
v 0.13639802 1.48688565 0.26751054
v 0.13387168 1.46554066 0.27954774
v 0.13124211 1.44332359 0.28986144
v 0.12852554 1.42037140 0.29838805
v 0.12573872 1.39682562 0.30507500
v 0.12289881 1.37283141 0.30988106
v 0.12002335 1.34853670 0.31277660
v 0.11713004 1.32409128 0.31374377
v 0.11423673 1.29964585 0.31277660
v 0.11136126 1.27535114 0.30988106
v 0.10852136 1.25135693 0.30507500
v 0.10573454 1.22781115 0.29838805
v 0.10301797 1.20485897 0.28986144
v 0.10038840 1.18264189 0.27954774
v 0.09786206 1.16129690 0.26751054
v 0.09545450 1.14095559 0.25382404
v 0.09318059 1.12174337 0.23857263
v 0.09105433 1.10377870 0.22185035
v 0.08908883 1.08717232 0.20376028
v 0.08729622 1.07202663 0.18441396
v 0.08568755 1.05843500 0.16393067
v 0.08427273 1.04648123 0.14243669
v 0.08306048 1.03623902 0.12006454
v 0.08205828 1.02777151 0.09695216
v 0.08127232 1.02113091 0.07324203
v 0.08070743 1.01635817 0.04908034
v 0.08036709 1.01348270 0.02461605
v 0.08025341 1.01252224 0.00000000
v 0.08036709 1.01348270 -0.02461605
v 0.08070743 1.01635817 -0.04908034
v 0.08127232 1.02113091 -0.07324203
v 0.08205828 1.02777151 -0.09695216
v 0.08306048 1.03623902 -0.12006454
v 0.08427273 1.04648123 -0.14243669
v 0.08568755 1.05843500 -0.16393067
v 0.08729622 1.07202663 -0.18441396
v 0.08908883 1.08717232 -0.20376028
v 0.09105433 1.10377870 -0.22185035
v 0.09318059 1.12174337 -0.23857263
v 0.09545450 1.14095559 -0.25382404
v 0.09786206 1.16129690 -0.26751054
v 0.10038840 1.18264189 -0.27954774
v 0.10301797 1.20485897 -0.28986144
v 0.10573454 1.22781115 -0.29838805
v 0.10852136 1.25135693 -0.30507500
v 0.11136126 1.27535114 -0.30988106
v 0.11423673 1.29964585 -0.31277660
v 0.11713004 1.32409128 -0.31374377
v 0.12002335 1.34853670 -0.31277660
v 0.12289881 1.37283141 -0.30988106
v 0.12573872 1.39682562 -0.30507500
v 0.12852554 1.42037140 -0.29838805
v 0.13124211 1.44332359 -0.28986144
v 0.13387168 1.46554066 -0.27954774
v 0.13639802 1.48688565 -0.26751054
v 0.13880558 1.50722696 -0.25382404
v 0.14107949 1.52643918 -0.23857263
v 0.14320575 1.54440386 -0.22185035
v 0.14517125 1.56101023 -0.20376028
v 0.14696386 1.57615592 -0.18441396
v 0.14857253 1.58974755 -0.16393067
v 0.14998735 1.60170132 -0.14243669
v 0.15119960 1.61194353 -0.12006454
v 0.15220180 1.62041104 -0.09695216
v 0.15298776 1.62705164 -0.07324203
v 0.15355265 1.63182438 -0.04908034
v 0.15389299 1.63469985 -0.02461605
v 0.10346522 1.64849268 0.00000000
v 0.10338777 1.64750848 0.02512706
v 0.10315587 1.64456195 0.05009920
v 0.10277096 1.63967124 0.07476247
v 0.10223542 1.63286652 0.09896480
v 0.10155254 1.62418974 0.12255698
v 0.10072654 1.61369438 0.14539355
v 0.09976250 1.60144517 0.16733373
v 0.09866638 1.58751762 0.18824223
v 0.09744493 1.57199760 0.20799017
v 0.09610568 1.55498079 0.22645577
v 0.09465688 1.53657211 0.24352519
v 0.09310748 1.51688506 0.25909321
v 0.09146702 1.49604101 0.27306383
v 0.08974561 1.47416846 0.28535091
v 0.08795387 1.45140229 0.29587872
v 0.08610285 1.42788284 0.30458233
v 0.08420396 1.40375511 0.31140810
v 0.08226890 1.37916788 0.31631392
v 0.08030961 1.35427271 0.31926957
v 0.07833816 1.32922311 0.32025682
v 0.07636672 1.30417351 0.31926957
v 0.07440743 1.27927835 0.31631392
v 0.07247237 1.25469111 0.31140810
v 0.07057348 1.23056339 0.30458233
v 0.06872245 1.20704394 0.29587872
v 0.06693072 1.18427776 0.28535091
v 0.06520931 1.16240522 0.27306383
v 0.06356885 1.14156117 0.25909321
v 0.06201944 1.12187411 0.24352519
v 0.06057065 1.10346543 0.22645577
v 0.05923140 1.08644862 0.20799017
v 0.05800995 1.07092860 0.18824223
v 0.05691382 1.05700105 0.16733373
v 0.05594979 1.04475184 0.14539355
v 0.05512379 1.03425649 0.12255698
v 0.05444091 1.02557970 0.09896480
v 0.05390537 1.01877498 0.07476247
v 0.05352046 1.01388428 0.05009920
v 0.05328856 1.01093774 0.02512706
v 0.05321110 1.00995354 0.00000000
v 0.05328856 1.01093774 -0.02512706
v 0.05352046 1.01388428 -0.05009920
v 0.05390537 1.01877498 -0.07476247
v 0.05444091 1.02557970 -0.09896480
v 0.05512379 1.03425649 -0.12255698
v 0.05594979 1.04475184 -0.14539355
v 0.05691382 1.05700105 -0.16733373
v 0.05800995 1.07092860 -0.18824223
v 0.05923140 1.08644862 -0.20799017
v 0.06057065 1.10346543 -0.22645577
v 0.06201944 1.12187411 -0.24352519
v 0.06356885 1.14156117 -0.25909321
v 0.06520931 1.16240522 -0.27306383
v 0.06693072 1.18427776 -0.28535091
v 0.06872245 1.20704394 -0.29587872
v 0.07057348 1.23056339 -0.30458233
v 0.07247237 1.25469111 -0.31140810
v 0.07440743 1.27927835 -0.31631392
v 0.07636672 1.30417351 -0.31926957
v 0.07833816 1.32922311 -0.32025682
v 0.08030961 1.35427271 -0.31926957
v 0.08226890 1.37916788 -0.31631392
v 0.08420396 1.40375511 -0.31140810
v 0.08610285 1.42788284 -0.30458233
v 0.08795387 1.45140229 -0.29587872
v 0.08974561 1.47416846 -0.28535091
v 0.09146702 1.49604101 -0.27306383
v 0.09310748 1.51688506 -0.25909321
v 0.09465688 1.53657211 -0.24352519
v 0.09610568 1.55498079 -0.22645577
v 0.09744493 1.57199760 -0.20799017
v 0.09866638 1.58751762 -0.18824223
v 0.09976250 1.60144517 -0.16733373
v 0.10072654 1.61369438 -0.14539355
v 0.10155254 1.62418974 -0.12255698
v 0.10223542 1.63286652 -0.09896480
v 0.10277096 1.63967124 -0.07476247
v 0.10315587 1.64456195 -0.05009920
v 0.10338777 1.64750848 -0.02512706
v 0.05207440 1.65884347 0.00000000
v 0.05203485 1.65783686 0.02563965
v 0.05191644 1.65482324 0.05112122
v 0.05171991 1.64982120 0.07628762
v 0.05144647 1.64286156 0.10098367
v 0.05109779 1.63398724 0.12505713
v 0.05067604 1.62325295 0.14835957
v 0.05018381 1.61072487 0.17074732
v 0.04962414 1.59648024 0.19208236
v 0.04900047 1.58060689 0.21223315
v 0.04831666 1.56320268 0.23107545
v 0.04757692 1.54437491 0.24849309
v 0.04678580 1.52423965 0.26437869
v 0.04594819 1.50292106 0.27863431
v 0.04506925 1.48055057 0.29117205
v 0.04415440 1.45726610 0.30191462
v 0.04320928 1.43321120 0.31079579
v 0.04223972 1.40853418 0.31776080
v 0.04125169 1.38338719 0.32276670
v 0.04025129 1.35792526 0.32578265
v 0.03924468 1.33230538 0.32679003
v 0.03823807 1.30668550 0.32578265
v 0.03723767 1.28122357 0.32276670
v 0.03624964 1.25607658 0.31776080
v 0.03528008 1.23139956 0.31079579
v 0.03433496 1.20734467 0.30191462
v 0.03342011 1.18406019 0.29117205
v 0.03254117 1.16168970 0.27863431
v 0.03170356 1.14037111 0.26437869
v 0.03091245 1.12023586 0.24849309
v 0.03017270 1.10140809 0.23107545
v 0.02948889 1.08400387 0.21223315
v 0.02886522 1.06813052 0.19208236
v 0.02830555 1.05388589 0.17074732
v 0.02781332 1.04135782 0.14835957
v 0.02739157 1.03062353 0.12505713
v 0.02704290 1.02174921 0.10098367
v 0.02676945 1.01478957 0.07628762
v 0.02657292 1.00978752 0.05112122
v 0.02645452 1.00677390 0.02563965
v 0.02641497 1.00576729 0.00000000
v 0.02645452 1.00677390 -0.02563965
v 0.02657292 1.00978752 -0.05112122
v 0.02676945 1.01478957 -0.07628762
v 0.02704290 1.02174921 -0.10098367
v 0.02739157 1.03062353 -0.12505713
v 0.02781332 1.04135782 -0.14835957
v 0.02830555 1.05388589 -0.17074732
v 0.02886522 1.06813052 -0.19208236
v 0.02948889 1.08400387 -0.21223315
v 0.03017270 1.10140809 -0.23107545
v 0.03091245 1.12023586 -0.24849309
v 0.03170356 1.14037111 -0.26437869
v 0.03254117 1.16168970 -0.27863431
v 0.03342011 1.18406019 -0.29117205
v 0.03433496 1.20734467 -0.30191462
v 0.03528008 1.23139956 -0.31079579
v 0.03624964 1.25607658 -0.31776080
v 0.03723767 1.28122357 -0.32276670
v 0.03823807 1.30668550 -0.32578265
v 0.03924468 1.33230538 -0.32679003
v 0.04025129 1.35792526 -0.32578265
v 0.04125169 1.38338719 -0.32276670
v 0.04223972 1.40853418 -0.31776080
v 0.04320928 1.43321120 -0.31079579
v 0.04415440 1.45726610 -0.30191462
v 0.04506925 1.48055057 -0.29117205
v 0.04594819 1.50292106 -0.27863431
v 0.04678580 1.52423965 -0.26437869
v 0.04757692 1.54437491 -0.24849309
v 0.04831666 1.56320268 -0.23107545
v 0.04900047 1.58060689 -0.21223315
v 0.04962414 1.59648024 -0.19208236
v 0.05018381 1.61072487 -0.17074732
v 0.05067604 1.62325295 -0.14835957
v 0.05109779 1.63398724 -0.12505713
v 0.05144647 1.64286156 -0.10098367
v 0.05171991 1.64982120 -0.07628762
v 0.05191644 1.65482324 -0.05112122
v 0.05203485 1.65783686 -0.02563965
v 0.00000000 1.66666667 0.00000000
v 0.00000000 1.66563911 0.02615303
v 0.00000000 1.66256278 0.05214482
v 0.00000000 1.65745664 0.07781512
v 0.00000000 1.65035217 0.10300566
v 0.00000000 1.64129318 0.12756114
v 0.00000000 1.63033551 0.15133017
v 0.00000000 1.61754672 0.17416619
v 0.00000000 1.60300566 0.19592842
v 0.00000000 1.58680199 0.21648268
v 0.00000000 1.56903559 0.23570226
v 0.00000000 1.54981602 0.25346866
v 0.00000000 1.52926175 0.26967233
v 0.00000000 1.50749952 0.28421339
v 0.00000000 1.48466350 0.29700217
v 0.00000000 1.46089448 0.30795984
v 0.00000000 1.43633900 0.31701884
v 0.00000000 1.41114845 0.32412331
v 0.00000000 1.38547816 0.32922945
v 0.00000000 1.35948637 0.33230578
v 0.00000000 1.33333333 0.33333333
v 0.00000000 1.30718030 0.33230578
v 0.00000000 1.28118851 0.32922945
v 0.00000000 1.25551821 0.32412331
v 0.00000000 1.23032767 0.31701884
v 0.00000000 1.20577219 0.30795984
v 0.00000000 1.18200317 0.29700217
v 0.00000000 1.15916715 0.28421339
v 0.00000000 1.13740492 0.26967233
v 0.00000000 1.11685065 0.25346866
v 0.00000000 1.09763107 0.23570226
v 0.00000000 1.07986468 0.21648268
v 0.00000000 1.06366100 0.19592842
v 0.00000000 1.04911995 0.17416619
v 0.00000000 1.03633116 0.15133017
v 0.00000000 1.02537349 0.12756114
v 0.00000000 1.01631449 0.10300566
v 0.00000000 1.00921003 0.07781512
v 0.00000000 1.00410389 0.05214482
v 0.00000000 1.00102756 0.02615303
v 0.00000000 1.00000000 0.00000000
v 0.00000000 1.00102756 -0.02615303
v 0.00000000 1.00410389 -0.05214482
v 0.00000000 1.00921003 -0.07781512
v 0.00000000 1.01631449 -0.10300566
v 0.00000000 1.02537349 -0.12756114
v 0.00000000 1.03633116 -0.15133017
v 0.00000000 1.04911995 -0.17416619
v 0.00000000 1.06366100 -0.19592842
v 0.00000000 1.07986468 -0.21648268
v 0.00000000 1.09763107 -0.23570226
v 0.00000000 1.11685065 -0.25346866
v 0.00000000 1.13740492 -0.26967233
v 0.00000000 1.15916715 -0.28421339
v 0.00000000 1.18200317 -0.29700217
v 0.00000000 1.20577219 -0.30795984
v 0.00000000 1.23032767 -0.31701884
v 0.00000000 1.25551821 -0.32412331
v 0.00000000 1.28118851 -0.32922945
v 0.00000000 1.30718030 -0.33230578
v 0.00000000 1.33333333 -0.33333333
v 0.00000000 1.35948637 -0.33230578
v 0.00000000 1.38547816 -0.32922945
v 0.00000000 1.41114845 -0.32412331
v 0.00000000 1.43633900 -0.31701884
v 0.00000000 1.46089448 -0.30795984
v 0.00000000 1.48466350 -0.29700217
v 0.00000000 1.50749952 -0.28421339
v 0.00000000 1.52926175 -0.26967233
v 0.00000000 1.54981602 -0.25346866
v 0.00000000 1.56903559 -0.23570226
v 0.00000000 1.58680199 -0.21648268
v 0.00000000 1.60300566 -0.19592842
v 0.00000000 1.61754672 -0.17416619
v 0.00000000 1.63033551 -0.15133017
v 0.00000000 1.64129318 -0.12756114
v 0.00000000 1.65035217 -0.10300566
v 0.00000000 1.65745664 -0.07781512
v 0.00000000 1.66256278 -0.05214482
v 0.00000000 1.66563911 -0.02615303
v -0.05258818 1.67191999 0.00000000
v -0.05254704 1.67087307 0.02666641
v -0.05242390 1.66773877 0.05316842
v -0.05221949 1.66253641 0.07934262
v -0.05193510 1.65529806 0.10502766
v -0.05157246 1.64606836 0.13006516
v -0.05113382 1.63490421 0.15430076
v -0.05062188 1.62187443 0.17758505
v -0.05003980 1.60705937 0.19977447
v -0.04939115 1.59055035 0.22073222
v -0.04867996 1.57244917 0.24032907
v -0.04791059 1.55286742 0.25844422
v -0.04708779 1.53192584 0.27496597
v -0.04621664 1.50975352 0.28979247
v -0.04530250 1.48648719 0.30283230
v -0.04435102 1.46227026 0.31400507
v -0.04336805 1.43725207 0.32324189
v -0.04235966 1.41158684 0.33048582
v -0.04133206 1.38543281 0.33569219
v -0.04029160 1.35895124 0.33882891
v -0.03924468 1.33230538 0.33987664
v -0.03819776 1.30565953 0.33882891
v -0.03715730 1.27917795 0.33569219
v -0.03612970 1.25302393 0.33048582
v -0.03512132 1.22735870 0.32324189
v -0.03413835 1.20234050 0.31400507
v -0.03318686 1.17812358 0.30283230
v -0.03227273 1.15485724 0.28979247
v -0.03140157 1.13268493 0.27496597
v -0.03057878 1.11174334 0.25844422
v -0.02980941 1.09216159 0.24032907
v -0.02909821 1.07406041 0.22073222
v -0.02844957 1.05755140 0.19977447
v -0.02786748 1.04273633 0.17758505
v -0.02735554 1.02970655 0.15430076
v -0.02691690 1.01854240 0.13006516
v -0.02655426 1.00931270 0.10502766
v -0.02626987 1.00207436 0.07934262
v -0.02606547 0.99687200 0.05316842
v -0.02594232 0.99373770 0.02666641
v -0.02590119 0.99269078 0.00000000
v -0.02594232 0.99373770 -0.02666641
v -0.02606547 0.99687200 -0.05316842
v -0.02626987 1.00207436 -0.07934262
v -0.02655426 1.00931270 -0.10502766
v -0.02691690 1.01854240 -0.13006516
v -0.02735554 1.02970655 -0.15430076
v -0.02786748 1.04273633 -0.17758505
v -0.02844957 1.05755140 -0.19977447
v -0.02909821 1.07406041 -0.22073222
v -0.02980941 1.09216159 -0.24032907
v -0.03057878 1.11174334 -0.25844422
v -0.03140157 1.13268493 -0.27496597
v -0.03227273 1.15485724 -0.28979247
v -0.03318686 1.17812358 -0.30283230
v -0.03413835 1.20234050 -0.31400507
v -0.03512132 1.22735870 -0.32324189
v -0.03612970 1.25302393 -0.33048582
v -0.03715730 1.27917795 -0.33569219
v -0.03819776 1.30565953 -0.33882891
v -0.03924468 1.33230538 -0.33987664
v -0.04029160 1.35895124 -0.33882891
v -0.04133206 1.38543281 -0.33569219
v -0.04235966 1.41158684 -0.33048582
v -0.04336805 1.43725207 -0.32324189
v -0.04435102 1.46227026 -0.31400507
v -0.04530250 1.48648719 -0.30283230
v -0.04621664 1.50975352 -0.28979247
v -0.04708779 1.53192584 -0.27496597
v -0.04791059 1.55286742 -0.25844422
v -0.04867996 1.57244917 -0.24032907
v -0.04939115 1.59055035 -0.22073222
v -0.05003980 1.60705937 -0.19977447
v -0.05062188 1.62187443 -0.17758505
v -0.05113382 1.63490421 -0.15430076
v -0.05157246 1.64606836 -0.13006516
v -0.05193510 1.65529806 -0.10502766
v -0.05221949 1.66253641 -0.07934262
v -0.05242390 1.66773877 -0.05316842
v -0.05254704 1.67087307 -0.02666641
v -0.10551717 1.67456509 0.00000000
v -0.10543338 1.67350052 0.02717900
v -0.10518255 1.67031336 0.05419044
v -0.10476621 1.66502327 0.08086777
v -0.10418693 1.65766286 0.10704653
v -0.10344829 1.64827750 0.13256531
v -0.10255483 1.63692507 0.15726678
v -0.10151207 1.62367556 0.18099865
v -0.10032644 1.60861065 0.20361460
v -0.09900524 1.59182322 0.22497520
v -0.09755662 1.57341677 0.24494875
v -0.09598951 1.55350479 0.26341212
v -0.09431358 1.53221004 0.28025146
v -0.09253915 1.50966380 0.29536295
v -0.09067717 1.48600509 0.30865344
v -0.08873912 1.46137977 0.32004097
v -0.08673694 1.43593965 0.32945534
v -0.08468298 1.40984160 0.33683852
v -0.08258990 1.38324650 0.34214497
v -0.08047060 1.35631833 0.34534198
v -0.07833816 1.32922311 0.34640985
v -0.07620572 1.30212789 0.34534198
v -0.07408643 1.27519972 0.34214497
v -0.07199335 1.24860463 0.33683852
v -0.06993939 1.22250657 0.32945534
v -0.06793721 1.19706646 0.32004097
v -0.06599915 1.17244113 0.30865344
v -0.06413717 1.14878242 0.29536295
v -0.06236275 1.12623619 0.28025146
v -0.06068681 1.10494143 0.26341212
v -0.05911971 1.08502945 0.24494875
v -0.05767109 1.06662301 0.22497520
v -0.05634989 1.04983558 0.20361460
v -0.05516425 1.03477067 0.18099865
v -0.05412149 1.02152115 0.15726678
v -0.05322804 1.01016872 0.13256531
v -0.05248940 1.00078337 0.10704653
v -0.05191012 0.99342295 0.08086777
v -0.05149378 0.98813286 0.05419044
v -0.05124294 0.98494570 0.02717900
v -0.05115916 0.98388113 0.00000000
v -0.05124294 0.98494570 -0.02717900
v -0.05149378 0.98813286 -0.05419044
v -0.05191012 0.99342295 -0.08086777
v -0.05248940 1.00078337 -0.10704653
v -0.05322804 1.01016872 -0.13256531
v -0.05412149 1.02152115 -0.15726678
v -0.05516425 1.03477067 -0.18099865
v -0.05634989 1.04983558 -0.20361460
v -0.05767109 1.06662301 -0.22497520
v -0.05911971 1.08502945 -0.24494875
v -0.06068681 1.10494143 -0.26341212
v -0.06236275 1.12623619 -0.28025146
v -0.06413717 1.14878242 -0.29536295
v -0.06599915 1.17244113 -0.30865344
v -0.06793721 1.19706646 -0.32004097
v -0.06993939 1.22250657 -0.32945534
v -0.07199335 1.24860463 -0.33683852
v -0.07408643 1.27519972 -0.34214497
v -0.07620572 1.30212789 -0.34534198
v -0.07833816 1.32922311 -0.34640985
v -0.08047060 1.35631833 -0.34534198
v -0.08258990 1.38324650 -0.34214497
v -0.08468298 1.40984160 -0.33683852
v -0.08673694 1.43593965 -0.32945534
v -0.08873912 1.46137977 -0.32004097
v -0.09067717 1.48600509 -0.30865344
v -0.09253915 1.50966380 -0.29536295
v -0.09431358 1.53221004 -0.28025146
v -0.09598951 1.55350479 -0.26341212
v -0.09755662 1.57341677 -0.24494875
v -0.09900524 1.59182322 -0.22497520
v -0.10032644 1.60861065 -0.20361460
v -0.10151207 1.62367556 -0.18099865
v -0.10255483 1.63692507 -0.15726678
v -0.10344829 1.64827750 -0.13256531
v -0.10418693 1.65766286 -0.10704653
v -0.10476621 1.66502327 -0.08086777
v -0.10518255 1.67031336 -0.05419044
v -0.10543338 1.67350052 -0.02717900
v -0.15861168 1.67456788 0.00000000
v -0.15848380 1.67348747 0.02769001
v -0.15810097 1.67025293 0.05520930
v -0.15746554 1.66488418 0.08238821
v -0.15658142 1.65741433 0.10905917
v -0.15545408 1.64788943 0.13505775
v -0.15409045 1.63636821 0.16022364
v -0.15249895 1.62292170 0.18440171
v -0.15068939 1.60763280 0.20744288
v -0.14867293 1.59059577 0.22920509
v -0.14646199 1.57191566 0.24955418
v -0.14407021 1.55170762 0.26836468
v -0.14151234 1.53009625 0.28552062
v -0.13880414 1.50721480 0.30091624
v -0.13596231 1.48320432 0.31445661
v -0.13300438 1.45821286 0.32605824
v -0.12994857 1.43239450 0.33564962
v -0.12681374 1.40590841 0.34317161
v -0.12361920 1.37891790 0.34857783
v -0.12038465 1.35158935 0.35183496
v -0.11713004 1.32409128 0.35292290
v -0.11387543 1.29659320 0.35183496
v -0.11064088 1.26926466 0.34857783
v -0.10744634 1.24227414 0.34317161
v -0.10431151 1.21578805 0.33564962
v -0.10125570 1.18996969 0.32605824
v -0.09829777 1.16497823 0.31445661
v -0.09545594 1.14096776 0.30091624
v -0.09274774 1.11808630 0.28552062
v -0.09018987 1.09647493 0.26836468
v -0.08779809 1.07626690 0.24955418
v -0.08558715 1.05758678 0.22920509
v -0.08357069 1.04054975 0.20744288
v -0.08176113 1.02526085 0.18440171
v -0.08016963 1.01181434 0.16022364
v -0.07880600 1.00029312 0.13505775
v -0.07767866 0.99076822 0.10905917
v -0.07679454 0.98329837 0.08238821
v -0.07615911 0.97792963 0.05520930
v -0.07577627 0.97469508 0.02769001
v -0.07564840 0.97361468 0.00000000
v -0.07577627 0.97469508 -0.02769001
v -0.07615911 0.97792963 -0.05520930
v -0.07679454 0.98329837 -0.08238821
v -0.07767866 0.99076822 -0.10905917
v -0.07880600 1.00029312 -0.13505775
v -0.08016963 1.01181434 -0.16022364
v -0.08176113 1.02526085 -0.18440171
v -0.08357069 1.04054975 -0.20744288
v -0.08558715 1.05758678 -0.22920509
v -0.08779809 1.07626690 -0.24955418
v -0.09018987 1.09647493 -0.26836468
v -0.09274774 1.11808630 -0.28552062
v -0.09545594 1.14096776 -0.30091624
v -0.09829777 1.16497823 -0.31445661
v -0.10125570 1.18996969 -0.32605824
v -0.10431151 1.21578805 -0.33564962
v -0.10744634 1.24227414 -0.34317161
v -0.11064088 1.26926466 -0.34857783
v -0.11387543 1.29659320 -0.35183496
v -0.11713004 1.32409128 -0.35292290
v -0.12038465 1.35158935 -0.35183496
v -0.12361920 1.37891790 -0.34857783
v -0.12681374 1.40590841 -0.34317161
v -0.12994857 1.43239450 -0.33564962
v -0.13300438 1.45821286 -0.32605824
v -0.13596231 1.48320432 -0.31445661
v -0.13880414 1.50721480 -0.30091624
v -0.14151234 1.53009625 -0.28552062
v -0.14407021 1.55170762 -0.26836468
v -0.14646199 1.57191566 -0.24955418
v -0.14867293 1.59059577 -0.22920509
v -0.15068939 1.60763280 -0.20744288
v -0.15249895 1.62292170 -0.18440171
v -0.15409045 1.63636821 -0.16022364
v -0.15545408 1.64788943 -0.13505775
v -0.15658142 1.65741433 -0.10905917
v -0.15746554 1.66488418 -0.08238821
v -0.15810097 1.67025293 -0.05520930
v -0.15848380 1.67348747 -0.02769001
v -0.21169493 1.67189865 0.00000000
v -0.21152161 1.67080436 0.02819865
v -0.21100272 1.66752825 0.05622345
v -0.21014147 1.66209050 0.08390160
v -0.20894316 1.65452465 0.11106248
v -0.20741517 1.64487734 0.13753862
v -0.20556694 1.63320805 0.16316679
v -0.20340985 1.61958873 0.18778899
v -0.20095720 1.60410334 0.21125340
v -0.19822412 1.58684735 0.23341536
v -0.19522746 1.56792716 0.25413824
v -0.19198569 1.54745942 0.27329427
v -0.18851879 1.52557030 0.29076535
v -0.18484815 1.50239478 0.30644377
v -0.18099639 1.47807573 0.32023286
v -0.17698726 1.45276308 0.33204761
v -0.17284548 1.42661291 0.34181517
v -0.16859658 1.39978642 0.34947533
v -0.16426677 1.37244903 0.35498086
v -0.15988272 1.34476926 0.35829782
v -0.15547148 1.31691779 0.35940574
v -0.15106024 1.28906631 0.35829782
v -0.14667620 1.26138655 0.35498086
v -0.14234638 1.23404915 0.34947533
v -0.13809748 1.20722267 0.34181517
v -0.13395570 1.18107249 0.33204761
v -0.12994657 1.15575985 0.32023286
v -0.12609481 1.13144080 0.30644377
v -0.12242417 1.10826527 0.29076535
v -0.11895727 1.08637616 0.27329427
v -0.11571550 1.06590841 0.25413824
v -0.11271884 1.04698822 0.23341536
v -0.10998576 1.02973224 0.21125340
v -0.10753311 1.01424685 0.18778899
v -0.10537602 1.00062752 0.16316679
v -0.10352779 0.98895823 0.13753862
v -0.10199981 0.97931092 0.11106248
v -0.10080149 0.97174507 0.08390160
v -0.09994024 0.96630733 0.05622345
v -0.09942135 0.96303121 0.02819865
v -0.09924804 0.96193692 0.00000000
v -0.09942135 0.96303121 -0.02819865
v -0.09994024 0.96630733 -0.05622345
v -0.10080149 0.97174507 -0.08390160
v -0.10199981 0.97931092 -0.11106248
v -0.10352779 0.98895823 -0.13753862
v -0.10537602 1.00062752 -0.16316679
v -0.10753311 1.01424685 -0.18778899
v -0.10998576 1.02973224 -0.21125340
v -0.11271884 1.04698822 -0.23341536
v -0.11571550 1.06590841 -0.25413824
v -0.11895727 1.08637616 -0.27329427
v -0.12242417 1.10826527 -0.29076535
v -0.12609481 1.13144080 -0.30644377
v -0.12994657 1.15575985 -0.32023286
v -0.13395570 1.18107249 -0.33204761
v -0.13809748 1.20722267 -0.34181517
v -0.14234638 1.23404915 -0.34947533
v -0.14667620 1.26138655 -0.35498086
v -0.15106024 1.28906631 -0.35829782
v -0.15547148 1.31691779 -0.35940574
v -0.15988272 1.34476926 -0.35829782
v -0.16426677 1.37244903 -0.35498086
v -0.16859658 1.39978642 -0.34947533
v -0.17284548 1.42661291 -0.34181517
v -0.17698726 1.45276308 -0.33204761
v -0.18099639 1.47807573 -0.32023286
v -0.18484815 1.50239478 -0.30644377
v -0.18851879 1.52557030 -0.29076535
v -0.19198569 1.54745942 -0.27329427
v -0.19522746 1.56792716 -0.25413824
v -0.19822412 1.58684735 -0.23341536
v -0.20095720 1.60410334 -0.21125340
v -0.20340985 1.61958873 -0.18778899
v -0.20556694 1.63320805 -0.16316679
v -0.20741517 1.64487734 -0.13753862
v -0.20894316 1.65452465 -0.11106248
v -0.21014147 1.66209050 -0.08390160
v -0.21100272 1.66752825 -0.05622345
v -0.21152161 1.67080436 -0.02819865
v -0.26458950 1.66653242 0.00000000
v -0.26436948 1.66542630 0.02870413
v -0.26371077 1.66211477 0.05723130
v -0.26261744 1.65661823 0.08540561
v -0.26109623 1.64897058 0.11305337
v -0.25915652 1.63921897 0.14000412
v -0.25681026 1.62742352 0.16609169
v -0.25407191 1.61365695 0.19115526
v -0.25095838 1.59800414 0.21504029
v -0.24748884 1.58056160 0.23759952
v -0.24368469 1.56143685 0.25869388
v -0.23956939 1.54074782 0.27819330
v -0.23516830 1.51862205 0.29597756
v -0.23050856 1.49519597 0.31193703
v -0.22561890 1.47061399 0.32597330
v -0.22052947 1.44502768 0.33799984
v -0.21527164 1.41859479 0.34794249
v -0.20987783 1.39147827 0.35573997
v -0.20438129 1.36384532 0.36134419
v -0.19881592 1.33586630 0.36472060
v -0.19321602 1.30771371 0.36584839
v -0.18761612 1.27956112 0.36472060
v -0.18205075 1.25158209 0.36134419
v -0.17655421 1.22394914 0.35573997
v -0.17116040 1.19683263 0.34794249
v -0.16590257 1.17039973 0.33799984
v -0.16081314 1.14481342 0.32597330
v -0.15592348 1.12023144 0.31193703
v -0.15126374 1.09680536 0.29597756
v -0.14686265 1.07467959 0.27819330
v -0.14274735 1.05399056 0.25869388
v -0.13894320 1.03486582 0.23759952
v -0.13547366 1.01742327 0.21504029
v -0.13236012 1.00177046 0.19115526
v -0.12962178 0.98800389 0.16609169
v -0.12727552 0.97620844 0.14000412
v -0.12533581 0.96645683 0.11305337
v -0.12381459 0.95880918 0.08540561
v -0.12272127 0.95331265 0.05723130
v -0.12206256 0.95000111 0.02870413
v -0.12184254 0.94889499 0.00000000
v -0.12206256 0.95000111 -0.02870413
v -0.12272127 0.95331265 -0.05723130
v -0.12381459 0.95880918 -0.08540561
v -0.12533581 0.96645683 -0.11305337
v -0.12727552 0.97620844 -0.14000412
v -0.12962178 0.98800389 -0.16609169
v -0.13236012 1.00177046 -0.19115526
v -0.13547366 1.01742327 -0.21504029
v -0.13894320 1.03486582 -0.23759952
v -0.14274735 1.05399056 -0.25869388
v -0.14686265 1.07467959 -0.27819330
v -0.15126374 1.09680536 -0.29597756
v -0.15592348 1.12023144 -0.31193703
v -0.16081314 1.14481342 -0.32597330
v -0.16590257 1.17039973 -0.33799984
v -0.17116040 1.19683263 -0.34794249
v -0.17655421 1.22394914 -0.35573997
v -0.18205075 1.25158209 -0.36134419
v -0.18761612 1.27956112 -0.36472060
v -0.19321602 1.30771371 -0.36584839
v -0.19881592 1.33586630 -0.36472060
v -0.20438129 1.36384532 -0.36134419
v -0.20987783 1.39147827 -0.35573997
v -0.21527164 1.41859479 -0.34794249
v -0.22052947 1.44502768 -0.33799984
v -0.22561890 1.47061399 -0.32597330
v -0.23050856 1.49519597 -0.31193703
v -0.23516830 1.51862205 -0.29597756
v -0.23956939 1.54074782 -0.27819330
v -0.24368469 1.56143685 -0.25869388
v -0.24748884 1.58056160 -0.23759952
v -0.25095838 1.59800414 -0.21504029
v -0.25407191 1.61365695 -0.19115526
v -0.25681026 1.62742352 -0.16609169
v -0.25915652 1.63921897 -0.14000412
v -0.26109623 1.64897058 -0.11305337
v -0.26261744 1.65661823 -0.08540561
v -0.26371077 1.66211477 -0.05723130
v -0.26436948 1.66542630 -0.02870413
v -0.31711822 1.65844908 0.00000000
v -0.31685034 1.65733329 0.02920568
v -0.31604836 1.65399280 0.05823131
v -0.31471722 1.64844821 0.08689791
v -0.31286513 1.64073370 0.11502876
v -0.31050351 1.63089683 0.14245042
v -0.30764691 1.61899825 0.16899383
v -0.30431296 1.60511132 0.19449533
v -0.30052219 1.58932166 0.21879771
v -0.29629800 1.57172661 0.24175112
v -0.29166641 1.55243466 0.26321406
v -0.28665599 1.53156475 0.28305420
v -0.28129762 1.50924554 0.30114921
v -0.27562434 1.48561464 0.31738754
v -0.26967113 1.46081774 0.33166907
v -0.26347470 1.43500773 0.34390574
v -0.25707324 1.40834374 0.35402213
v -0.25050622 1.38099014 0.36195585
v -0.24381414 1.35311560 0.36765799
v -0.23703824 1.32489196 0.37109340
v -0.23022031 1.29649323 0.37224089
v -0.22340238 1.26809450 0.37109340
v -0.21662648 1.23987086 0.36765799
v -0.20993439 1.21199631 0.36195585
v -0.20336738 1.18464272 0.35402213
v -0.19696592 1.15797872 0.34390574
v -0.19076948 1.13216871 0.33166907
v -0.18481627 1.10737182 0.31738754
v -0.17914300 1.08374092 0.30114921
v -0.17378463 1.06142171 0.28305420
v -0.16877420 1.04055179 0.26321406
v -0.16414262 1.02125984 0.24175112
v -0.15991842 1.00366479 0.21879771
v -0.15612766 0.98787513 0.19449533
v -0.15279370 0.97398820 0.16899383
v -0.14993711 0.96208963 0.14245042
v -0.14757548 0.95225276 0.11502876
v -0.14572339 0.94453825 0.08689791
v -0.14439225 0.93899366 0.05823131
v -0.14359027 0.93565317 0.02920568
v -0.14332240 0.93453738 0.00000000
v -0.14359027 0.93565317 -0.02920568
v -0.14439225 0.93899366 -0.05823131
v -0.14572339 0.94453825 -0.08689791
v -0.14757548 0.95225276 -0.11502876
v -0.14993711 0.96208963 -0.14245042
v -0.15279370 0.97398820 -0.16899383
v -0.15612766 0.98787513 -0.19449533
v -0.15991842 1.00366479 -0.21879771
v -0.16414262 1.02125984 -0.24175112
v -0.16877420 1.04055179 -0.26321406
v -0.17378463 1.06142171 -0.28305420
v -0.17914300 1.08374092 -0.30114921
v -0.18481627 1.10737182 -0.31738754
v -0.19076948 1.13216871 -0.33166907
v -0.19696592 1.15797872 -0.34390574
v -0.20336738 1.18464272 -0.35402213
v -0.20993439 1.21199631 -0.36195585
v -0.21662648 1.23987086 -0.36765799
v -0.22340238 1.26809450 -0.37109340
v -0.23022031 1.29649323 -0.37224089
v -0.23703824 1.32489196 -0.37109340
v -0.24381414 1.35311560 -0.36765799
v -0.25050622 1.38099014 -0.36195585
v -0.25707324 1.40834374 -0.35402213
v -0.26347470 1.43500773 -0.34390574
v -0.26967113 1.46081774 -0.33166907
v -0.27562434 1.48561464 -0.31738754
v -0.28129762 1.50924554 -0.30114921
v -0.28665599 1.53156475 -0.28305420
v -0.29166641 1.55243466 -0.26321406
v -0.29629800 1.57172661 -0.24175112
v -0.30052219 1.58932166 -0.21879771
v -0.30431296 1.60511132 -0.19449533
v -0.30764691 1.61899825 -0.16899383
v -0.31050351 1.63089683 -0.14245042
v -0.31286513 1.64073370 -0.11502876
v -0.31471722 1.64844821 -0.08689791
v -0.31604836 1.65399280 -0.05823131
v -0.31685034 1.65733329 -0.02920568
v -0.36910500 1.64763361 0.00000000
v -0.36878823 1.64651041 0.02970253
v -0.36783985 1.64314773 0.05922193
v -0.36626573 1.63756631 0.08837621
v -0.36407556 1.62980056 0.11698562
v -0.36128285 1.61989836 0.14487377
v -0.35790482 1.60792075 0.17186873
v -0.35396229 1.59394158 0.19780406
v -0.34947956 1.57804705 0.22251987
v -0.34448429 1.56033514 0.24586376
v -0.33900726 1.54091505 0.26769182
v -0.33308224 1.51990651 0.28786948
v -0.32674576 1.49743906 0.30627232
v -0.32003689 1.47365120 0.32278689
v -0.31299699 1.44868961 0.33731138
v -0.30566947 1.42270817 0.34975622
v -0.29809949 1.39586707 0.36004471
v -0.29033374 1.36833179 0.36811339
v -0.28242009 1.34027210 0.37391254
v -0.27440733 1.31186100 0.37740639
v -0.26634487 1.28327365 0.37857341
v -0.25828240 1.25468630 0.37740639
v -0.25026964 1.22627519 0.37391254
v -0.24235599 1.19821551 0.36811339
v -0.23459024 1.17068023 0.36004471
v -0.22702026 1.14383913 0.34975622
v -0.21969274 1.11785769 0.33731138
v -0.21265284 1.09289609 0.32278689
v -0.20594397 1.06910824 0.30627232
v -0.19960750 1.04664078 0.28786948
v -0.19368248 1.02563225 0.26769182
v -0.18820545 1.00621216 0.24586376
v -0.18321017 0.98850025 0.22251987
v -0.17872745 0.97260571 0.19780406
v -0.17478491 0.95862655 0.17186873
v -0.17140688 0.94664894 0.14487377
v -0.16861417 0.93674674 0.11698562
v -0.16642400 0.92898098 0.08837621
v -0.16484988 0.92339957 0.05922193
v -0.16390151 0.92003689 0.02970253
v -0.16358473 0.91891369 0.00000000
v -0.16390151 0.92003689 -0.02970253
v -0.16484988 0.92339957 -0.05922193
v -0.16642400 0.92898098 -0.08837621
v -0.16861417 0.93674674 -0.11698562
v -0.17140688 0.94664894 -0.14487377
v -0.17478491 0.95862655 -0.17186873
v -0.17872745 0.97260571 -0.19780406
v -0.18321017 0.98850025 -0.22251987
v -0.18820545 1.00621216 -0.24586376
v -0.19368248 1.02563225 -0.26769182
v -0.19960750 1.04664078 -0.28786948
v -0.20594397 1.06910824 -0.30627232
v -0.21265284 1.09289609 -0.32278689
v -0.21969274 1.11785769 -0.33731138
v -0.22702026 1.14383913 -0.34975622
v -0.23459024 1.17068023 -0.36004471
v -0.24235599 1.19821551 -0.36811339
v -0.25026964 1.22627519 -0.37391254
v -0.25828240 1.25468630 -0.37740639
v -0.26634487 1.28327365 -0.37857341
v -0.27440733 1.31186100 -0.37740639
v -0.28242009 1.34027210 -0.37391254
v -0.29033374 1.36833179 -0.36811339
v -0.29809949 1.39586707 -0.36004471
v -0.30566947 1.42270817 -0.34975622
v -0.31299699 1.44868961 -0.33731138
v -0.32003689 1.47365120 -0.32278689
v -0.32674576 1.49743906 -0.30627232
v -0.33308224 1.51990651 -0.28786948
v -0.33900726 1.54091505 -0.26769182
v -0.34448429 1.56033514 -0.24586376
v -0.34947956 1.57804705 -0.22251987
v -0.35396229 1.59394158 -0.19780406
v -0.35790482 1.60792075 -0.17186873
v -0.36128285 1.61989836 -0.14487377
v -0.36407556 1.62980056 -0.11698562
v -0.36626573 1.63756631 -0.08837621
v -0.36783985 1.64314773 -0.05922193
v -0.36878823 1.64651041 -0.02970253
v -0.42037573 1.63407630 0.00000000
v -0.42000913 1.63294804 0.03019390
v -0.41891161 1.62957022 0.06020164
v -0.41708993 1.62396366 0.08983822
v -0.41455532 1.61616294 0.11892092
v -0.41132341 1.60621614 0.14727042
v -0.40741412 1.59418458 0.17471196
v -0.40285156 1.58014246 0.20107634
v -0.39766385 1.56417634 0.22620102
v -0.39188298 1.54638466 0.24993110
v -0.38554460 1.52687710 0.27212026
v -0.37868777 1.50577395 0.29263172
v -0.37135477 1.48320531 0.31133900
v -0.36359082 1.45931032 0.32812677
v -0.35544378 1.43423631 0.34289153
v -0.34696387 1.40813785 0.35554226
v -0.33820339 1.38117587 0.36600094
v -0.32921635 1.35351658 0.37420311
v -0.32005814 1.32533052 0.38009819
v -0.31078524 1.29679146 0.38364984
v -0.30145481 1.26807536 0.38483617
v -0.29212438 1.23935925 0.38364984
v -0.28285148 1.21082019 0.38009819
v -0.27369327 1.18263413 0.37420311
v -0.26470623 1.15497484 0.36600094
v -0.25594575 1.12801286 0.35554226
v -0.24746584 1.10191440 0.34289153
v -0.23931880 1.07684039 0.32812677
v -0.23155485 1.05294540 0.31133900
v -0.22422185 1.03037676 0.29263172
v -0.21736502 1.00927361 0.27212026
v -0.21102664 0.98976605 0.24993110
v -0.20524577 0.97197437 0.22620102
v -0.20005806 0.95600825 0.20107634
v -0.19549550 0.94196613 0.17471196
v -0.19158621 0.92993457 0.14727042
v -0.18835430 0.91998777 0.11892092
v -0.18581969 0.91218705 0.08983822
v -0.18399801 0.90658049 0.06020164
v -0.18290049 0.90320267 0.03019390
v -0.18253390 0.90207441 0.00000000
v -0.18290049 0.90320267 -0.03019390
v -0.18399801 0.90658049 -0.06020164
v -0.18581969 0.91218705 -0.08983822
v -0.18835430 0.91998777 -0.11892092
v -0.19158621 0.92993457 -0.14727042
v -0.19549550 0.94196613 -0.17471196
v -0.20005806 0.95600825 -0.20107634
v -0.20524577 0.97197437 -0.22620102
v -0.21102664 0.98976605 -0.24993110
v -0.21736502 1.00927361 -0.27212026
v -0.22422185 1.03037676 -0.29263172
v -0.23155485 1.05294540 -0.31133900
v -0.23931880 1.07684039 -0.32812677
v -0.24746584 1.10191440 -0.34289153
v -0.25594575 1.12801286 -0.35554226
v -0.26470623 1.15497484 -0.36600094
v -0.27369327 1.18263413 -0.37420311
v -0.28285148 1.21082019 -0.38009819
v -0.29212438 1.23935925 -0.38364984
v -0.30145481 1.26807536 -0.38483617
v -0.31078524 1.29679146 -0.38364984
v -0.32005814 1.32533052 -0.38009819
v -0.32921635 1.35351658 -0.37420311
v -0.33820339 1.38117587 -0.36600094
v -0.34696387 1.40813785 -0.35554226
v -0.35544378 1.43423631 -0.34289153
v -0.36359082 1.45931032 -0.32812677
v -0.37135477 1.48320531 -0.31133900
v -0.37868777 1.50577395 -0.29263172
v -0.38554460 1.52687710 -0.27212026
v -0.39188298 1.54638466 -0.24993110
v -0.39766385 1.56417634 -0.22620102
v -0.40285156 1.58014246 -0.20107634
v -0.40741412 1.59418458 -0.17471196
v -0.41132341 1.60621614 -0.14727042
v -0.41455532 1.61616294 -0.11892092
v -0.41708993 1.62396366 -0.08983822
v -0.41891161 1.62957022 -0.06020164
v -0.42000913 1.63294804 -0.03019390
v -0.47075906 1.61777290 0.00000000
v -0.47034186 1.61664202 0.03067904
v -0.46909282 1.61325635 0.06116893
v -0.46701965 1.60763677 0.09128169
v -0.46413512 1.59981793 0.12083167
v -0.46045703 1.58984802 0.14963669
v -0.45600805 1.57778852 0.17751914
v -0.45081560 1.56371378 0.20430713
v -0.44491170 1.54771057 0.22983550
v -0.43833276 1.52987756 0.25394686
v -0.43111933 1.51032469 0.27649255
v -0.42331588 1.48917252 0.29733357
v -0.41497053 1.46655146 0.31634143
v -0.40613472 1.44260096 0.33339894
v -0.39686294 1.41746870 0.34840093
v -0.38721235 1.39130963 0.36125492
v -0.37724244 1.36428501 0.37188165
v -0.36701469 1.33656147 0.38021561
v -0.35659215 1.30830994 0.38620541
v -0.34603908 1.27970459 0.38981413
v -0.33542054 1.25092178 0.39101951
v -0.32480200 1.22213897 0.38981413
v -0.31424893 1.19353362 0.38620541
v -0.30382639 1.16528209 0.38021561
v -0.29359864 1.13755855 0.37188165
v -0.28362873 1.11053394 0.36125492
v -0.27397814 1.08437486 0.34840093
v -0.26470636 1.05924260 0.33339894
v -0.25587055 1.03529211 0.31634143
v -0.24752520 1.01267104 0.29733357
v -0.23972175 0.99151887 0.27649255
v -0.23250832 0.97196600 0.25394686
v -0.22592938 0.95413299 0.22983550
v -0.22002548 0.93812979 0.20430713
v -0.21483303 0.92405504 0.17751914
v -0.21038405 0.91199554 0.14963669
v -0.20670596 0.90202564 0.12083167
v -0.20382143 0.89420679 0.09128169
v -0.20174826 0.88858721 0.06116893
v -0.20049922 0.88520154 0.03067904
v -0.20008202 0.88407067 0.00000000
v -0.20049922 0.88520154 -0.03067904
v -0.20174826 0.88858721 -0.06116893
v -0.20382143 0.89420679 -0.09128169
v -0.20670596 0.90202564 -0.12083167
v -0.21038405 0.91199554 -0.14963669
v -0.21483303 0.92405504 -0.17751914
v -0.22002548 0.93812979 -0.20430713
v -0.22592938 0.95413299 -0.22983550
v -0.23250832 0.97196600 -0.25394686
v -0.23972175 0.99151887 -0.27649255
v -0.24752520 1.01267104 -0.29733357
v -0.25587055 1.03529211 -0.31634143
v -0.26470636 1.05924260 -0.33339894
v -0.27397814 1.08437486 -0.34840093
v -0.28362873 1.11053394 -0.36125492
v -0.29359864 1.13755855 -0.37188165
v -0.30382639 1.16528209 -0.38021561
v -0.31424893 1.19353362 -0.38620541
v -0.32480200 1.22213897 -0.38981413
v -0.33542054 1.25092178 -0.39101951
v -0.34603908 1.27970459 -0.38981413
v -0.35659215 1.30830994 -0.38620541
v -0.36701469 1.33656147 -0.38021561
v -0.37724244 1.36428501 -0.37188165
v -0.38721235 1.39130963 -0.36125492
v -0.39686294 1.41746870 -0.34840093
v -0.40613472 1.44260096 -0.33339894
v -0.41497053 1.46655146 -0.31634143
v -0.42331588 1.48917252 -0.29733357
v -0.43111933 1.51032469 -0.27649255
v -0.43833276 1.52987756 -0.25394686
v -0.44491170 1.54771057 -0.22983550
v -0.45081560 1.56371378 -0.20430713
v -0.45600805 1.57778852 -0.17751914
v -0.46045703 1.58984802 -0.14963669
v -0.46413512 1.59981793 -0.12083167
v -0.46701965 1.60763677 -0.09128169
v -0.46909282 1.61325635 -0.06116893
v -0.47034186 1.61664202 -0.03067904
v -0.52008732 1.59872479 0.00000000
v -0.51961885 1.59759380 0.03115720
v -0.51821633 1.59420782 0.06212230
v -0.51588841 1.58858771 0.09270440
v -0.51264944 1.58076814 0.12271495
v -0.50851938 1.57079730 0.15196891
v -0.50352370 1.55873667 0.18028594
v -0.49769321 1.54466061 0.20749145
v -0.49106384 1.52865591 0.23341770
v -0.48367648 1.51082123 0.25790485
v -0.47557666 1.49126654 0.28080194
v -0.46681433 1.47011239 0.30196778
v -0.45744350 1.44748921 0.32127190
v -0.44752195 1.42353648 0.33859527
v -0.43711085 1.39840187 0.35383108
v -0.42627440 1.37224034 0.36688541
v -0.41507939 1.34521320 0.37767777
v -0.40359485 1.31748707 0.38614162
v -0.39189159 1.28923290 0.39222477
v -0.38004175 1.26062487 0.39588974
v -0.36811841 1.23183938 0.39711391
v -0.35619507 1.20305388 0.39588974
v -0.34434524 1.17444585 0.39222477
v -0.33264197 1.14619168 0.38614162
v -0.32115743 1.11846555 0.37767777
v -0.30996243 1.09143841 0.36688541
v -0.29912597 1.06527689 0.35383108
v -0.28871487 1.04014228 0.33859527
v -0.27879333 1.01618954 0.32127190
v -0.26942250 0.99356636 0.30196778
v -0.26066016 0.97241222 0.28080194
v -0.25256034 0.95285752 0.25790485
v -0.24517298 0.93502285 0.23341770
v -0.23854361 0.91901814 0.20749145
v -0.23271312 0.90494208 0.18028594
v -0.22771744 0.89288146 0.15196891
v -0.22358739 0.88291062 0.12271495
v -0.22034841 0.87509104 0.09270440
v -0.21802049 0.86947094 0.06212230
v -0.21661797 0.86608495 0.03115720
v -0.21614950 0.86495397 0.00000000
v -0.21661797 0.86608495 -0.03115720
v -0.21802049 0.86947094 -0.06212230
v -0.22034841 0.87509104 -0.09270440
v -0.22358739 0.88291062 -0.12271495
v -0.22771744 0.89288146 -0.15196891
v -0.23271312 0.90494208 -0.18028594
v -0.23854361 0.91901814 -0.20749145
v -0.24517298 0.93502285 -0.23341770
v -0.25256034 0.95285752 -0.25790485
v -0.26066016 0.97241222 -0.28080194
v -0.26942250 0.99356636 -0.30196778
v -0.27879333 1.01618954 -0.32127190
v -0.28871487 1.04014228 -0.33859527
v -0.29912597 1.06527689 -0.35383108
v -0.30996243 1.09143841 -0.36688541
v -0.32115743 1.11846555 -0.37767777
v -0.33264197 1.14619168 -0.38614162
v -0.34434524 1.17444585 -0.39222477
v -0.35619507 1.20305388 -0.39588974
v -0.36811841 1.23183938 -0.39711391
v -0.38004175 1.26062487 -0.39588974
v -0.39189159 1.28923290 -0.39222477
v -0.40359485 1.31748707 -0.38614162
v -0.41507939 1.34521320 -0.37767777
v -0.42627440 1.37224034 -0.36688541
v -0.43711085 1.39840187 -0.35383108
v -0.44752195 1.42353648 -0.33859527
v -0.45744350 1.44748921 -0.32127190
v -0.46681433 1.47011239 -0.30196778
v -0.47557666 1.49126654 -0.28080194
v -0.48367648 1.51082123 -0.25790485
v -0.49106384 1.52865591 -0.23341770
v -0.49769321 1.54466061 -0.20749145
v -0.50352370 1.55873667 -0.18028594
v -0.50851938 1.57079730 -0.15196891
v -0.51264944 1.58076814 -0.12271495
v -0.51588841 1.58858771 -0.09270440
v -0.51821633 1.59420782 -0.06212230
v -0.51961885 1.59759380 -0.03115720
v -0.56819727 1.57693912 0.00000000
v -0.56767702 1.57581061 0.03162764
v -0.56611948 1.57243205 0.06306029
v -0.56353425 1.56682426 0.09410415
v -0.55993728 1.55902181 0.12456783
v -0.55535073 1.54907282 0.15426350
v -0.54980289 1.53703862 0.18300809
v -0.54332795 1.52299340 0.21062437
v -0.53596585 1.50702376 0.23694209
v -0.52776196 1.48922816 0.26179897
v -0.51876688 1.46971632 0.28504178
v -0.50903605 1.44860852 0.30652722
v -0.49862947 1.42603490 0.32612281
v -0.48761131 1.40213465 0.34370774
v -0.47604948 1.37705511 0.35917360
v -0.46401528 1.35095091 0.37242504
v -0.45158289 1.32398299 0.38338035
v -0.43882898 1.29631761 0.39197200
v -0.42583216 1.26812534 0.39814700
v -0.41267258 1.23957999 0.40186730
v -0.39943136 1.21085757 0.40310996
v -0.38619014 1.18213514 0.40186730
v -0.37303056 1.15358979 0.39814700
v -0.36003374 1.12539752 0.39197200
v -0.34727983 1.09773214 0.38338035
v -0.33484744 1.07076422 0.37242504
v -0.32281324 1.04466002 0.35917360
v -0.31125142 1.01958048 0.34370774
v -0.30023325 0.99568023 0.32612281
v -0.28982667 0.97310661 0.30652722
v -0.28009584 0.95199882 0.28504178
v -0.27110076 0.93248697 0.26179897
v -0.26289687 0.91469137 0.23694209
v -0.25553477 0.89872173 0.21062437
v -0.24905983 0.88467651 0.18300809
v -0.24351199 0.87264231 0.15426350
v -0.23892544 0.86269332 0.12456783
v -0.23532847 0.85489087 0.09410415
v -0.23274324 0.84928308 0.06306029
v -0.23118570 0.84590452 0.03162764
v -0.23066545 0.84477601 0.00000000
v -0.23118570 0.84590452 -0.03162764
v -0.23274324 0.84928308 -0.06306029
v -0.23532847 0.85489087 -0.09410415
v -0.23892544 0.86269332 -0.12456783
v -0.24351199 0.87264231 -0.15426350
v -0.24905983 0.88467651 -0.18300809
v -0.25553477 0.89872173 -0.21062437
v -0.26289687 0.91469137 -0.23694209
v -0.27110076 0.93248697 -0.26179897
v -0.28009584 0.95199882 -0.28504178
v -0.28982667 0.97310661 -0.30652722
v -0.30023325 0.99568023 -0.32612281
v -0.31125142 1.01958048 -0.34370774
v -0.32281324 1.04466002 -0.35917360
v -0.33484744 1.07076422 -0.37242504
v -0.34727983 1.09773214 -0.38338035
v -0.36003374 1.12539752 -0.39197200
v -0.37303056 1.15358979 -0.39814700
v -0.38619014 1.18213514 -0.40186730
v -0.39943136 1.21085757 -0.40310996
v -0.41267258 1.23957999 -0.40186730
v -0.42583216 1.26812534 -0.39814700
v -0.43882898 1.29631761 -0.39197200
v -0.45158289 1.32398299 -0.38338035
v -0.46401528 1.35095091 -0.37242504
v -0.47604948 1.37705511 -0.35917360
v -0.48761131 1.40213465 -0.34370774
v -0.49862947 1.42603490 -0.32612281
v -0.50903605 1.44860852 -0.30652722
v -0.51876688 1.46971632 -0.28504178
v -0.52776196 1.48922816 -0.26179897
v -0.53596585 1.50702376 -0.23694209
v -0.54332795 1.52299340 -0.21062437
v -0.54980289 1.53703862 -0.18300809
v -0.55535073 1.54907282 -0.15426350
v -0.55993728 1.55902181 -0.12456783
v -0.56353425 1.56682426 -0.09410415
v -0.56611948 1.57243205 -0.06306029
v -0.56767702 1.57581061 -0.03162764
v -0.61493089 1.55242896 0.00000000
v -0.61435850 1.55130557 0.03208965
v -0.61264485 1.54794234 0.06398145
v -0.60980050 1.54236000 0.09547878
v -0.60584300 1.53459296 0.12638746
v -0.60079674 1.52468912 0.15651692
v -0.59469283 1.51270953 0.18568140
v -0.58756891 1.49872805 0.21370109
v -0.57946890 1.48283088 0.24040324
v -0.57044274 1.46511604 0.26562322
v -0.56054607 1.44569273 0.28920555
v -0.54983992 1.42468072 0.31100484
v -0.53839028 1.40220955 0.33088667
v -0.52626776 1.37841776 0.34872848
v -0.51354709 1.35345203 0.36442026
v -0.50030669 1.32746629 0.37786527
v -0.48662821 1.30062075 0.38898061
v -0.47259596 1.27308092 0.39769776
v -0.45829647 1.24501659 0.40396297
v -0.44381789 1.21660078 0.40773761
v -0.42924950 1.18800870 0.40899842
v -0.41468110 1.15941662 0.40773761
v -0.40020253 1.13100081 0.40396297
v -0.38590304 1.10293648 0.39769776
v -0.37187079 1.07539665 0.38898061
v -0.35819230 1.04855110 0.37786527
v -0.34495191 1.02256536 0.36442026
v -0.33223124 0.99759964 0.34872848
v -0.32010871 0.97380785 0.33088667
v -0.30865908 0.95133667 0.31100484
v -0.29795292 0.93032466 0.28920555
v -0.28805626 0.91090136 0.26562322
v -0.27903009 0.89318652 0.24040324
v -0.27093008 0.87728935 0.21370109
v -0.26380616 0.86330787 0.18568140
v -0.25770226 0.85132828 0.15651692
v -0.25265600 0.84142444 0.12638746
v -0.24869849 0.83365740 0.09547878
v -0.24585415 0.82807506 0.06398145
v -0.24414050 0.82471183 0.03208965
v -0.24356810 0.82358844 0.00000000
v -0.24414050 0.82471183 -0.03208965
v -0.24585415 0.82807506 -0.06398145
v -0.24869849 0.83365740 -0.09547878
v -0.25265600 0.84142444 -0.12638746
v -0.25770226 0.85132828 -0.15651692
v -0.26380616 0.86330787 -0.18568140
v -0.27093008 0.87728935 -0.21370109
v -0.27903009 0.89318652 -0.24040324
v -0.28805626 0.91090136 -0.26562322
v -0.29795292 0.93032466 -0.28920555
v -0.30865908 0.95133667 -0.31100484
v -0.32010871 0.97380785 -0.33088667
v -0.33223124 0.99759964 -0.34872848
v -0.34495191 1.02256536 -0.36442026
v -0.35819230 1.04855110 -0.37786527
v -0.37187079 1.07539665 -0.38898061
v -0.38590304 1.10293648 -0.39769776
v -0.40020253 1.13100081 -0.40396297
v -0.41468110 1.15941662 -0.40773761
v -0.42924950 1.18800870 -0.40899842
v -0.44381789 1.21660078 -0.40773761
v -0.45829647 1.24501659 -0.40396297
v -0.47259596 1.27308092 -0.39769776
v -0.48662821 1.30062075 -0.38898061
v -0.50030669 1.32746629 -0.37786527
v -0.51354709 1.35345203 -0.36442026
v -0.52626776 1.37841776 -0.34872848
v -0.53839028 1.40220955 -0.33088667
v -0.54983992 1.42468072 -0.31100484
v -0.56054607 1.44569273 -0.28920555
v -0.57044274 1.46511604 -0.26562322
v -0.57946890 1.48283088 -0.24040324
v -0.58756891 1.49872805 -0.21370109
v -0.59469283 1.51270953 -0.18568140
v -0.60079674 1.52468912 -0.15651692
v -0.60584300 1.53459296 -0.12638746
v -0.60980050 1.54236000 -0.09547878
v -0.61264485 1.54794234 -0.06398145
v -0.61435850 1.55130557 -0.03208965
v -0.66013620 1.52521336 0.00000000
v -0.65951145 1.52409779 0.03254250
v -0.65764105 1.52075795 0.06488436
v -0.65453653 1.51521444 0.09682618
v -0.65021704 1.50750143 0.12817104
v -0.64470920 1.49766648 0.15872569
v -0.63804697 1.48577022 0.18830173
v -0.63027144 1.47188599 0.21671684
v -0.62143052 1.45609941 0.24379581
v -0.61157874 1.43850779 0.26937170
v -0.60077683 1.41921959 0.29328683
v -0.58909140 1.39835374 0.31539374
v -0.57659447 1.37603888 0.33555615
v -0.56336311 1.35241259 0.35364974
v -0.54947889 1.32762052 0.36956296
v -0.53502740 1.30181554 0.38319770
v -0.52009776 1.27515673 0.39446991
v -0.50478199 1.24780847 0.40331007
v -0.48917454 1.21993935 0.40966370
v -0.47337162 1.19172121 0.41349161
v -0.45747066 1.16332801 0.41477021
v -0.44156971 1.13493481 0.41349161
v -0.42576679 1.10671667 0.40966370
v -0.41015933 1.07884755 0.40331007
v -0.39484357 1.05149929 0.39446991
v -0.37991392 1.02484048 0.38319770
v -0.36546244 0.99903550 0.36956296
v -0.35157821 0.97424343 0.35364974
v -0.33834685 0.95061714 0.33555615
v -0.32584993 0.92830228 0.31539374
v -0.31416449 0.90743642 0.29328683
v -0.30336258 0.88814823 0.26937170
v -0.29351080 0.87055661 0.24379581
v -0.28466989 0.85477003 0.21671684
v -0.27689435 0.84088580 0.18830173
v -0.27023212 0.82898954 0.15872569
v -0.26472429 0.81915459 0.12817104
v -0.26040479 0.81144158 0.09682618
v -0.25730028 0.80589807 0.06488436
v -0.25542988 0.80255823 0.03254250
v -0.25480513 0.80144266 0.00000000
v -0.25542988 0.80255823 -0.03254250
v -0.25730028 0.80589807 -0.06488436
v -0.26040479 0.81144158 -0.09682618
v -0.26472429 0.81915459 -0.12817104
v -0.27023212 0.82898954 -0.15872569
v -0.27689435 0.84088580 -0.18830173
v -0.28466989 0.85477003 -0.21671684
v -0.29351080 0.87055661 -0.24379581
v -0.30336258 0.88814823 -0.26937170
v -0.31416449 0.90743642 -0.29328683
v -0.32584993 0.92830228 -0.31539374
v -0.33834685 0.95061714 -0.33555615
v -0.35157821 0.97424343 -0.35364974
v -0.36546244 0.99903550 -0.36956296
v -0.37991392 1.02484048 -0.38319770
v -0.39484357 1.05149929 -0.39446991
v -0.41015933 1.07884755 -0.40331007
v -0.42576679 1.10671667 -0.40966370
v -0.44156971 1.13493481 -0.41349161
v -0.45747066 1.16332801 -0.41477021
v -0.47337162 1.19172121 -0.41349161
v -0.48917454 1.21993935 -0.40966370
v -0.50478199 1.24780847 -0.40331007
v -0.52009776 1.27515673 -0.39446991
v -0.53502740 1.30181554 -0.38319770
v -0.54947889 1.32762052 -0.36956296
v -0.56336311 1.35241259 -0.35364974
v -0.57659447 1.37603888 -0.33555615
v -0.58909140 1.39835374 -0.31539374
v -0.60077683 1.41921959 -0.29328683
v -0.61157874 1.43850779 -0.26937170
v -0.62143052 1.45609941 -0.24379581
v -0.63027144 1.47188599 -0.21671684
v -0.63804697 1.48577022 -0.18830173
v -0.64470920 1.49766648 -0.15872569
v -0.65021704 1.50750143 -0.12817104
v -0.65453653 1.51521444 -0.09682618
v -0.65764105 1.52075795 -0.06488436
v -0.65951145 1.52409779 -0.03254250
v -0.70366789 1.49531748 0.00000000
v -0.70299073 1.49421246 0.03298549
v -0.70096343 1.49090420 0.06576762
v -0.69759848 1.48541310 0.09814427
v -0.69291663 1.47777301 0.12991582
v -0.68694674 1.46803104 0.16088640
v -0.67972563 1.45624725 0.19086506
v -0.67129780 1.44249430 0.21966698
v -0.66171523 1.42685697 0.24711458
v -0.65103700 1.40943166 0.27303863
v -0.63932892 1.39032583 0.29727931
v -0.62666320 1.36965725 0.31968716
v -0.61311792 1.34755337 0.34012403
v -0.59877660 1.32415044 0.35846393
v -0.58372764 1.29959277 0.37459378
v -0.56806383 1.27403176 0.38841413
v -0.55188174 1.24762500 0.39983978
v -0.53528115 1.22053530 0.40880029
v -0.51836440 1.19292967 0.41524040
v -0.50123579 1.16497831 0.41912042
v -0.48400091 1.13685355 0.42041643
v -0.46676604 1.10872880 0.41912042
v -0.44963743 1.08077744 0.41524040
v -0.43272068 1.05317181 0.40880029
v -0.41612008 1.02608211 0.39983978
v -0.39993800 0.99967534 0.38841413
v -0.38427419 0.97411433 0.37459378
v -0.36922523 0.94955666 0.35846393
v -0.35488390 0.92615374 0.34012403
v -0.34133862 0.90404985 0.31968716
v -0.32867290 0.88338128 0.29727931
v -0.31696483 0.86427544 0.27303863
v -0.30628659 0.84685014 0.24711458
v -0.29670402 0.83121281 0.21966698
v -0.28827620 0.81745985 0.19086506
v -0.28105509 0.80567606 0.16088640
v -0.27508520 0.79593409 0.12991582
v -0.27040335 0.78829401 0.09814427
v -0.26703840 0.78280291 0.06576762
v -0.26501109 0.77949465 0.03298549
v -0.26433393 0.77838962 0.00000000
v -0.26501109 0.77949465 -0.03298549
v -0.26703840 0.78280291 -0.06576762
v -0.27040335 0.78829401 -0.09814427
v -0.27508520 0.79593409 -0.12991582
v -0.28105509 0.80567606 -0.16088640
v -0.28827620 0.81745985 -0.19086506
v -0.29670402 0.83121281 -0.21966698
v -0.30628659 0.84685014 -0.24711458
v -0.31696483 0.86427544 -0.27303863
v -0.32867290 0.88338128 -0.29727931
v -0.34133862 0.90404985 -0.31968716
v -0.35488390 0.92615374 -0.34012403
v -0.36922523 0.94955666 -0.35846393
v -0.38427419 0.97411433 -0.37459378
v -0.39993800 0.99967534 -0.38841413
v -0.41612008 1.02608211 -0.39983978
v -0.43272068 1.05317181 -0.40880029
v -0.44963743 1.08077744 -0.41524040
v -0.46676604 1.10872880 -0.41912042
v -0.48400091 1.13685355 -0.42041643
v -0.50123579 1.16497831 -0.41912042
v -0.51836440 1.19292967 -0.41524040
v -0.53528115 1.22053530 -0.40880029
v -0.55188174 1.24762500 -0.39983978
v -0.56806383 1.27403176 -0.38841413
v -0.58372764 1.29959277 -0.37459378
v -0.59877660 1.32415044 -0.35846393
v -0.61311792 1.34755337 -0.34012403
v -0.62666320 1.36965725 -0.31968716
v -0.63932892 1.39032583 -0.29727931
v -0.65103700 1.40943166 -0.27303863
v -0.66171523 1.42685697 -0.24711458
v -0.67129780 1.44249430 -0.21966698
v -0.67972563 1.45624725 -0.19086506
v -0.68694674 1.46803104 -0.16088640
v -0.69291663 1.47777301 -0.12991582
v -0.69759848 1.48541310 -0.09814427
v -0.70096343 1.49090420 -0.06576762
v -0.70299073 1.49421246 -0.03298549
v -0.74538812 1.46277265 0.00000000
v -0.74465866 1.46168093 0.03341795
v -0.74247478 1.45841252 0.06662988
v -0.73884993 1.45298755 0.09943100
v -0.73380648 1.44543948 0.13161911
v -0.72737550 1.43581485 0.16299573
v -0.71959666 1.42417299 0.19336743
v -0.71051791 1.41058568 0.22254696
v -0.70019522 1.39513669 0.25035442
v -0.68869224 1.37792126 0.27661835
v -0.67607989 1.35904554 0.30117684
v -0.66243592 1.33862590 0.32387848
v -0.64784446 1.31678824 0.34458329
v -0.63239547 1.29366719 0.36316364
v -0.61618419 1.26940530 0.37950496
v -0.59931058 1.24415215 0.39350651
v -0.58187866 1.21806344 0.40508195
v -0.56399591 1.19130001 0.41415994
v -0.54577258 1.16402687 0.42068449
v -0.52732102 1.13641216 0.42461538
v -0.50875500 1.10862615 0.42592837
v -0.49018898 1.08084014 0.42461538
v -0.47173742 1.05322543 0.42068449
v -0.45351409 1.02595229 0.41415994
v -0.43563134 0.99918886 0.40508195
v -0.41819942 0.97310015 0.39350651
v -0.40132581 0.94784700 0.37950496
v -0.38511453 0.92358511 0.36316364
v -0.36966554 0.90046406 0.34458329
v -0.35507408 0.87862640 0.32387848
v -0.34143011 0.85820676 0.30117684
v -0.32881776 0.83933104 0.27661835
v -0.31731478 0.82211561 0.25035442
v -0.30699209 0.80666662 0.22254696
v -0.29791334 0.79307931 0.19336743
v -0.29013450 0.78143745 0.16299573
v -0.28370352 0.77181281 0.13161911
v -0.27866007 0.76426475 0.09943100
v -0.27503522 0.75883978 0.06662988
v -0.27285134 0.75557137 0.03341795
v -0.27212187 0.75447965 0.00000000
v -0.27285134 0.75557137 -0.03341795
v -0.27503522 0.75883978 -0.06662988
v -0.27866007 0.76426475 -0.09943100
v -0.28370352 0.77181281 -0.13161911
v -0.29013450 0.78143745 -0.16299573
v -0.29791334 0.79307931 -0.19336743
v -0.30699209 0.80666662 -0.22254696
v -0.31731478 0.82211561 -0.25035442
v -0.32881776 0.83933104 -0.27661835
v -0.34143011 0.85820676 -0.30117684
v -0.35507408 0.87862640 -0.32387848
v -0.36966554 0.90046406 -0.34458329
v -0.38511453 0.92358511 -0.36316364
v -0.40132581 0.94784700 -0.37950496
v -0.41819942 0.97310015 -0.39350651
v -0.43563134 0.99918886 -0.40508195
v -0.45351409 1.02595229 -0.41415994
v -0.47173742 1.05322543 -0.42068449
v -0.49018898 1.08084014 -0.42461538
v -0.50875500 1.10862615 -0.42592837
v -0.52732102 1.13641216 -0.42461538
v -0.54577258 1.16402687 -0.42068449
v -0.56399591 1.19130001 -0.41415994
v -0.58187866 1.21806344 -0.40508195
v -0.59931058 1.24415215 -0.39350651
v -0.61618419 1.26940530 -0.37950496
v -0.63239547 1.29366719 -0.36316364
v -0.64784446 1.31678824 -0.34458329
v -0.66243592 1.33862590 -0.32387848
v -0.67607989 1.35904554 -0.30117684
v -0.68869224 1.37792126 -0.27661835
v -0.70019522 1.39513669 -0.25035442
v -0.71051791 1.41058568 -0.22254696
v -0.71959666 1.42417299 -0.19336743
v -0.72737550 1.43581485 -0.16299573
v -0.73380648 1.44543948 -0.13161911
v -0.73884993 1.45298755 -0.09943100
v -0.74247478 1.45841252 -0.06662988
v -0.74465866 1.46168093 -0.03341795
v -0.78516709 1.42761637 0.00000000
v -0.78438560 1.42654074 0.03383922
v -0.78204596 1.42332050 0.06746980
v -0.77816258 1.41797549 0.10068441
v -0.77275941 1.41053866 0.13327827
v -0.76586976 1.40105588 0.16505042
v -0.75753612 1.38958560 0.19580499
v -0.74780985 1.37619854 0.22535235
v -0.73675092 1.36097723 0.25351033
v -0.72442753 1.34401553 0.28010535
v -0.71091563 1.32541800 0.30497342
v -0.69629855 1.30529931 0.32796122
v -0.68066639 1.28378349 0.34892704
v -0.66411554 1.26100320 0.36774161
v -0.64674804 1.23709889 0.38428892
v -0.62867096 1.21221792 0.39846697
v -0.60999576 1.18651371 0.41018834
v -0.59083757 1.16014473 0.41938076
v -0.57131451 1.13327354 0.42598755
v -0.55154695 1.10606583 0.42996800
v -0.53165676 1.07868933 0.43129754
v -0.51176656 1.05131283 0.42996800
v -0.49199900 1.02410511 0.42598755
v -0.47247594 0.99723393 0.41938076
v -0.45331775 0.97086494 0.41018834
v -0.43464255 0.94516073 0.39846697
v -0.41656547 0.92027976 0.38428892
v -0.39919797 0.89637545 0.36774161
v -0.38264712 0.87359516 0.34892704
v -0.36701496 0.85207934 0.32796122
v -0.35239788 0.83196065 0.30497342
v -0.33888598 0.81336312 0.28010535
v -0.32656259 0.79640142 0.25351033
v -0.31550366 0.78118012 0.22535235
v -0.30577739 0.76779306 0.19580499
v -0.29744375 0.75632277 0.16505042
v -0.29055410 0.74683999 0.13327827
v -0.28515093 0.73940317 0.10068441
v -0.28126755 0.73405816 0.06746980
v -0.27892791 0.73083791 0.03383922
v -0.27814642 0.72976228 0.00000000
v -0.27892791 0.73083791 -0.03383922
v -0.28126755 0.73405816 -0.06746980
v -0.28515093 0.73940317 -0.10068441
v -0.29055410 0.74683999 -0.13327827
v -0.29744375 0.75632277 -0.16505042
v -0.30577739 0.76779306 -0.19580499
v -0.31550366 0.78118012 -0.22535235
v -0.32656259 0.79640142 -0.25351033
v -0.33888598 0.81336312 -0.28010535
v -0.35239788 0.83196065 -0.30497342
v -0.36701496 0.85207934 -0.32796122
v -0.38264712 0.87359516 -0.34892704
v -0.39919797 0.89637545 -0.36774161
v -0.41656547 0.92027976 -0.38428892
v -0.43464255 0.94516073 -0.39846697
v -0.45331775 0.97086494 -0.41018834
v -0.47247594 0.99723393 -0.41938076
v -0.49199900 1.02410511 -0.42598755
v -0.51176656 1.05131283 -0.42996800
v -0.53165676 1.07868933 -0.43129754
v -0.55154695 1.10606583 -0.42996800
v -0.57131451 1.13327354 -0.42598755
v -0.59083757 1.16014473 -0.41938076
v -0.60999576 1.18651371 -0.41018834
v -0.62867096 1.21221792 -0.39846697
v -0.64674804 1.23709889 -0.38428892
v -0.66411554 1.26100320 -0.36774161
v -0.68066639 1.28378349 -0.34892704
v -0.69629855 1.30529931 -0.32796122
v -0.71091563 1.32541800 -0.30497342
v -0.72442753 1.34401553 -0.28010535
v -0.73675092 1.36097723 -0.25351033
v -0.74780985 1.37619854 -0.22535235
v -0.75753612 1.38958560 -0.19580499
v -0.76586976 1.40105588 -0.16505042
v -0.77275941 1.41053866 -0.13327827
v -0.77816258 1.41797549 -0.10068441
v -0.78204596 1.42332050 -0.06746980
v -0.78438560 1.42654074 -0.03383922
v -0.82288366 1.38989238 0.00000000
v -0.82205058 1.38883563 0.03424862
v -0.81955650 1.38567190 0.06828609
v -0.81541679 1.38042070 0.10190256
v -0.80965696 1.37311440 0.13489076
v -0.80231254 1.36379804 0.16704731
v -0.79342880 1.35252907 0.19817396
v -0.78306052 1.33937696 0.22807880
v -0.77127161 1.32442280 0.25657747
v -0.75813476 1.30775879 0.28349424
v -0.74373096 1.28948766 0.30866318
v -0.72814902 1.26972207 0.33192911
v -0.71148501 1.24858387 0.35314859
v -0.69384166 1.22620339 0.37219078
v -0.67532776 1.20271861 0.38893830
v -0.65605743 1.17827432 0.40328788
v -0.63614951 1.15302124 0.41515106
v -0.61572671 1.12711504 0.42445470
v -0.59491496 1.10071547 0.43114143
v -0.57384257 1.07398527 0.43517003
v -0.55263945 1.04708924 0.43651566
v -0.53143634 1.02019322 0.43517003
v -0.51036395 0.99346302 0.43114143
v -0.48955220 0.96706344 0.42445470
v -0.46912940 0.94115725 0.41515106
v -0.44922148 0.91590416 0.40328788
v -0.42995115 0.89145987 0.38893830
v -0.41143725 0.86797509 0.37219078
v -0.39379390 0.84559461 0.35314859
v -0.37712988 0.82445641 0.33192911
v -0.36154795 0.80469082 0.30866318
v -0.34714415 0.78641969 0.28349424
v -0.33400730 0.76975568 0.25657747
v -0.32221839 0.75480152 0.22807880
v -0.31185011 0.74164941 0.19817396
v -0.30296637 0.73038044 0.16704731
v -0.29562194 0.72106408 0.13489076
v -0.28986212 0.71375778 0.10190256
v -0.28572241 0.70850658 0.06828609
v -0.28322832 0.70534285 0.03424862
v -0.28239525 0.70428610 0.00000000
v -0.28322832 0.70534285 -0.03424862
v -0.28572241 0.70850658 -0.06828609
v -0.28986212 0.71375778 -0.10190256
v -0.29562194 0.72106408 -0.13489076
v -0.30296637 0.73038044 -0.16704731
v -0.31185011 0.74164941 -0.19817396
v -0.32221839 0.75480152 -0.22807880
v -0.33400730 0.76975568 -0.25657747
v -0.34714415 0.78641969 -0.28349424
v -0.36154795 0.80469082 -0.30866318
v -0.37712988 0.82445641 -0.33192911
v -0.39379390 0.84559461 -0.35314859
v -0.41143725 0.86797509 -0.37219078
v -0.42995115 0.89145987 -0.38893830
v -0.44922148 0.91590416 -0.40328788
v -0.46912940 0.94115725 -0.41515106
v -0.48955220 0.96706344 -0.42445470
v -0.51036395 0.99346302 -0.43114143
v -0.53143634 1.02019322 -0.43517003
v -0.55263945 1.04708924 -0.43651566
v -0.57384257 1.07398527 -0.43517003
v -0.59491496 1.10071547 -0.43114143
v -0.61572671 1.12711504 -0.42445470
v -0.63614951 1.15302124 -0.41515106
v -0.65605743 1.17827432 -0.40328788
v -0.67532776 1.20271861 -0.38893830
v -0.69384166 1.22620339 -0.37219078
v -0.71148501 1.24858387 -0.35314859
v -0.72814902 1.26972207 -0.33192911
v -0.74373096 1.28948766 -0.30866318
v -0.75813476 1.30775879 -0.28349424
v -0.77127161 1.32442280 -0.25657747
v -0.78306052 1.33937696 -0.22807880
v -0.79342880 1.35252907 -0.19817396
v -0.80231254 1.36379804 -0.16704731
v -0.80965696 1.37311440 -0.13489076
v -0.81541679 1.38042070 -0.10190256
v -0.81955650 1.38567190 -0.06828609
v -0.82205058 1.38883563 -0.03424862
v -0.85842592 1.34965064 0.00000000
v -0.85754187 1.34861555 0.03464555
v -0.85489518 1.34551668 0.06907750
v -0.85050217 1.34037312 0.10308356
v -0.84438992 1.33321659 0.13645408
v -0.83659611 1.32409121 0.16898331
v -0.82716879 1.31305324 0.20047071
v -0.81616609 1.30017074 0.23072213
v -0.80365585 1.28552312 0.25955108
v -0.78971519 1.26920071 0.28677981
v -0.77443006 1.25130412 0.31224045
v -0.75789470 1.23194370 0.33577602
v -0.74021105 1.21123881 0.35724142
v -0.72148815 1.18931711 0.37650430
v -0.70184142 1.16631374 0.39344592
v -0.68139199 1.14237054 0.40796180
v -0.66026594 1.11763512 0.41996247
v -0.63859353 1.09225998 0.42937393
v -0.61650836 1.06640156 0.43613816
v -0.59414659 1.04021930 0.44021345
v -0.57164611 1.01387462 0.44157467
v -0.54914562 0.98752994 0.44021345
v -0.52678386 0.96134768 0.43613816
v -0.50469869 0.93548927 0.42937393
v -0.48302627 0.91011413 0.41996247
v -0.46190023 0.88537870 0.40796180
v -0.44145080 0.86143550 0.39344592
v -0.42180407 0.83843213 0.37650430
v -0.40308117 0.81651043 0.35724142
v -0.38539752 0.79580554 0.33577602
v -0.36886216 0.77644512 0.31224045
v -0.35357703 0.75854853 0.28677981
v -0.33963637 0.74222612 0.25955108
v -0.32712612 0.72757850 0.23072213
v -0.31612343 0.71469600 0.20047071
v -0.30669611 0.70365803 0.16898331
v -0.29890230 0.69453265 0.13645408
v -0.29279005 0.68737612 0.10308356
v -0.28839703 0.68223256 0.06907750
v -0.28575035 0.67913369 0.03464555
v -0.28486630 0.67809860 0.00000000
v -0.28575035 0.67913369 -0.03464555
v -0.28839703 0.68223256 -0.06907750
v -0.29279005 0.68737612 -0.10308356
v -0.29890230 0.69453265 -0.13645408
v -0.30669611 0.70365803 -0.16898331
v -0.31612343 0.71469600 -0.20047071
v -0.32712612 0.72757850 -0.23072213
v -0.33963637 0.74222612 -0.25955108
v -0.35357703 0.75854853 -0.28677981
v -0.36886216 0.77644512 -0.31224045
v -0.38539752 0.79580554 -0.33577602
v -0.40308117 0.81651043 -0.35724142
v -0.42180407 0.83843213 -0.37650430
v -0.44145080 0.86143550 -0.39344592
v -0.46190023 0.88537870 -0.40796180
v -0.48302627 0.91011413 -0.41996247
v -0.50469869 0.93548927 -0.42937393
v -0.52678386 0.96134768 -0.43613816
v -0.54914562 0.98752994 -0.44021345
v -0.57164611 1.01387462 -0.44157467
v -0.59414659 1.04021930 -0.44021345
v -0.61650836 1.06640156 -0.43613816
v -0.63859353 1.09225998 -0.42937393
v -0.66026594 1.11763512 -0.41996247
v -0.68139199 1.14237054 -0.40796180
v -0.70184142 1.16631374 -0.39344592
v -0.72148815 1.18931711 -0.37650430
v -0.74021105 1.21123881 -0.35724142
v -0.75789470 1.23194370 -0.33577602
v -0.77443006 1.25130412 -0.31224045
v -0.78971519 1.26920071 -0.28677981
v -0.80365585 1.28552312 -0.25955108
v -0.81616609 1.30017074 -0.23072213
v -0.82716879 1.31305324 -0.20047071
v -0.83659611 1.32409121 -0.16898331
v -0.84438992 1.33321659 -0.13645408
v -0.85050217 1.34037312 -0.10308356
v -0.85489518 1.34551668 -0.06907750
v -0.85754187 1.34861555 -0.03464555
v -0.89169170 1.30694729 0.00000000
v -0.89075746 1.30593664 0.03502938
v -0.88796050 1.30291091 0.06984279
v -0.88331807 1.29788875 0.10422560
v -0.87685879 1.29090114 0.13796583
v -0.86862248 1.28199115 0.17085544
v -0.85865992 1.27121372 0.20269168
v -0.84703253 1.25863528 0.23327826
v -0.83381201 1.24433340 0.26242660
v -0.81907985 1.22839624 0.28995699
v -0.80292689 1.21092207 0.31569970
v -0.78545272 1.19201862 0.33949601
v -0.76676507 1.17180244 0.36119922
v -0.74697916 1.15039815 0.38067552
v -0.72621697 1.12793774 0.39780482
v -0.70460651 1.10455968 0.41248153
v -0.68228101 1.08040809 0.42461515
v -0.65937812 1.05563189 0.43413088
v -0.63603905 1.03038381 0.44097004
v -0.61240768 1.00481954 0.44509048
v -0.58862971 0.97909668 0.44646679
v -0.56485174 0.95337382 0.44509048
v -0.54122037 0.92780954 0.44097004
v -0.51788129 0.90256147 0.43413088
v -0.49497840 0.87778527 0.42461515
v -0.47265290 0.85363368 0.41248153
v -0.45104244 0.83025562 0.39780482
v -0.43028025 0.80779520 0.38067552
v -0.41049434 0.78639092 0.36119922
v -0.39180669 0.76617474 0.33949601
v -0.37433252 0.74727129 0.31569970
v -0.35817956 0.72979712 0.28995699
v -0.34344741 0.71385996 0.26242660
v -0.33022688 0.69955808 0.23327826
v -0.31859950 0.68697964 0.20269168
v -0.30863694 0.67620221 0.17085544
v -0.30040063 0.66729222 0.13796583
v -0.29394134 0.66030460 0.10422560
v -0.28929891 0.65528245 0.06984279
v -0.28650195 0.65225672 0.03502938
v -0.28556772 0.65124606 0.00000000
v -0.28650195 0.65225672 -0.03502938
v -0.28929891 0.65528245 -0.06984279
v -0.29394134 0.66030460 -0.10422560
v -0.30040063 0.66729222 -0.13796583
v -0.30863694 0.67620221 -0.17085544
v -0.31859950 0.68697964 -0.20269168
v -0.33022688 0.69955808 -0.23327826
v -0.34344741 0.71385996 -0.26242660
v -0.35817956 0.72979712 -0.28995699
v -0.37433252 0.74727129 -0.31569970
v -0.39180669 0.76617474 -0.33949601
v -0.41049434 0.78639092 -0.36119922
v -0.43028025 0.80779520 -0.38067552
v -0.45104244 0.83025562 -0.39780482
v -0.47265290 0.85363368 -0.41248153
v -0.49497840 0.87778527 -0.42461515
v -0.51788129 0.90256147 -0.43413088
v -0.54122037 0.92780954 -0.44097004
v -0.56485174 0.95337382 -0.44509048
v -0.58862971 0.97909668 -0.44646679
v -0.61240768 1.00481954 -0.44509048
v -0.63603905 1.03038381 -0.44097004
v -0.65937812 1.05563189 -0.43413088
v -0.68228101 1.08040809 -0.42461515
v -0.70460651 1.10455968 -0.41248153
v -0.72621697 1.12793774 -0.39780482
v -0.74697916 1.15039815 -0.38067552
v -0.76676507 1.17180244 -0.36119922
v -0.78545272 1.19201862 -0.33949601
v -0.80292689 1.21092207 -0.31569970
v -0.81907985 1.22839624 -0.28995699
v -0.83381201 1.24433340 -0.26242660
v -0.84703253 1.25863528 -0.23327826
v -0.85865992 1.27121372 -0.20269168
v -0.86862248 1.28199115 -0.17085544
v -0.87685879 1.29090114 -0.13796583
v -0.88331807 1.29788875 -0.10422560
v -0.88796050 1.30291091 -0.06984279
v -0.89075746 1.30593664 -0.03502938
v -0.92258898 1.26184464 0.00000000
v -0.92160550 1.26086116 0.03539953
v -0.91866113 1.25791678 0.07058080
v -0.91377401 1.25302966 0.10532692
v -0.90697427 1.24622992 0.13942367
v -0.89830385 1.23755950 0.17266082
v -0.88781619 1.22707184 0.20483346
v -0.87557595 1.21483160 0.23574323
v -0.86165861 1.20091426 0.26519957
v -0.84614996 1.18540561 0.29302087
v -0.82914562 1.16840127 0.31903559
v -0.81075043 1.15000609 0.34308336
v -0.79107781 1.13033346 0.36501590
v -0.77024903 1.10950468 0.38469800
v -0.74839252 1.08764817 0.40200830
v -0.72564303 1.06489868 0.41684009
v -0.70214081 1.04139646 0.42910192
v -0.67803077 1.01728642 0.43871820
v -0.65346155 0.99271720 0.44562963
v -0.62858463 0.96784029 0.44979361
v -0.60355339 0.94280904 0.45118446
v -0.57852215 0.91777780 0.44979361
v -0.55364523 0.89290088 0.44562963
v -0.52907601 0.86833166 0.43871820
v -0.50496597 0.84422162 0.42910192
v -0.48146375 0.82071941 0.41684009
v -0.45871426 0.79796991 0.40200830
v -0.43685775 0.77611340 0.38469800
v -0.41602897 0.75528462 0.36501590
v -0.39635635 0.73561200 0.34308336
v -0.37796116 0.71721681 0.31903559
v -0.36095682 0.70021247 0.29302087
v -0.34544817 0.68470382 0.26519957
v -0.33153083 0.67078648 0.23574323
v -0.31929060 0.65854625 0.20483346
v -0.30880294 0.64805859 0.17266082
v -0.30013251 0.63938816 0.13942367
v -0.29333278 0.63258843 0.10532692
v -0.28844565 0.62770131 0.07058080
v -0.28550128 0.62475693 0.03539953
v -0.28451780 0.62377345 0.00000000
v -0.28550128 0.62475693 -0.03539953
v -0.28844565 0.62770131 -0.07058080
v -0.29333278 0.63258843 -0.10532692
v -0.30013251 0.63938816 -0.13942367
v -0.30880294 0.64805859 -0.17266082
v -0.31929060 0.65854625 -0.20483346
v -0.33153083 0.67078648 -0.23574323
v -0.34544817 0.68470382 -0.26519957
v -0.36095682 0.70021247 -0.29302087
v -0.37796116 0.71721681 -0.31903559
v -0.39635635 0.73561200 -0.34308336
v -0.41602897 0.75528462 -0.36501590
v -0.43685775 0.77611340 -0.38469800
v -0.45871426 0.79796991 -0.40200830
v -0.48146375 0.82071941 -0.41684009
v -0.50496597 0.84422162 -0.42910192
v -0.52907601 0.86833166 -0.43871820
v -0.55364523 0.89290088 -0.44562963
v -0.57852215 0.91777780 -0.44979361
v -0.60355339 0.94280904 -0.45118446
v -0.62858463 0.96784029 -0.44979361
v -0.65346155 0.99271720 -0.44562963
v -0.67803077 1.01728642 -0.43871820
v -0.70214081 1.04139646 -0.42910192
v -0.72564303 1.06489868 -0.41684009
v -0.74839252 1.08764817 -0.40200830
v -0.77024903 1.10950468 -0.38469800
v -0.79107781 1.13033346 -0.36501590
v -0.81075043 1.15000609 -0.34308336
v -0.82914562 1.16840127 -0.31903559
v -0.84614996 1.18540561 -0.29302087
v -0.86165861 1.20091426 -0.26519957
v -0.87557595 1.21483160 -0.23574323
v -0.88781619 1.22707184 -0.20483346
v -0.89830385 1.23755950 -0.17266082
v -0.90697427 1.24622992 -0.13942367
v -0.91377401 1.25302966 -0.10532692
v -0.91866113 1.25791678 -0.07058080
v -0.92160550 1.26086116 -0.03539953
v -0.95103635 1.21441102 0.00000000
v -0.95000475 1.21345742 0.03575541
v -0.94691630 1.21060249 0.07129038
v -0.94179006 1.20586384 0.10638582
v -0.93465762 1.19927068 0.14082535
v -0.92556296 1.19086366 0.17439665
v -0.91456214 1.18069461 0.20689274
v -0.90172300 1.16882623 0.23811326
v -0.88712470 1.15533170 0.26786574
v -0.87085722 1.14029420 0.29596674
v -0.85302088 1.12380645 0.32224300
v -0.83372562 1.10597010 0.34653252
v -0.81309043 1.08689513 0.36868556
v -0.79124252 1.06669912 0.38856553
v -0.76831658 1.04550661 0.40604987
v -0.74445398 1.02344824 0.42103077
v -0.71980182 1.00066002 0.43341587
v -0.69451209 0.97728243 0.44312883
v -0.66874072 0.95345962 0.45010974
v -0.64264659 0.92933846 0.45431558
v -0.61639059 0.90506766 0.45572042
v -0.59013458 0.88079686 0.45431558
v -0.56404046 0.85667570 0.45010974
v -0.53826909 0.83285289 0.44312883
v -0.51297936 0.80947531 0.43341587
v -0.48832720 0.78668708 0.42103077
v -0.46446459 0.76462871 0.40604987
v -0.44153866 0.74343620 0.38856553
v -0.41969075 0.72324020 0.36868556
v -0.39905555 0.70416522 0.34653252
v -0.37976030 0.68632887 0.32224300
v -0.36192396 0.66984112 0.29596674
v -0.34565648 0.65480363 0.26786574
v -0.33105817 0.64130909 0.23811326
v -0.31821903 0.62944071 0.20689274
v -0.30721822 0.61927166 0.17439665
v -0.29812356 0.61086464 0.14082535
v -0.29099112 0.60427148 0.10638582
v -0.28586487 0.59953283 0.07129038
v -0.28277643 0.59667790 0.03575541
v -0.28174483 0.59572430 0.00000000
v -0.28277643 0.59667790 -0.03575541
v -0.28586487 0.59953283 -0.07129038
v -0.29099112 0.60427148 -0.10638582
v -0.29812356 0.61086464 -0.14082535
v -0.30721822 0.61927166 -0.17439665
v -0.31821903 0.62944071 -0.20689274
v -0.33105817 0.64130909 -0.23811326
v -0.34565648 0.65480363 -0.26786574
v -0.36192396 0.66984112 -0.29596674
v -0.37976030 0.68632887 -0.32224300
v -0.39905555 0.70416522 -0.34653252
v -0.41969075 0.72324020 -0.36868556
v -0.44153866 0.74343620 -0.38856553
v -0.46446459 0.76462871 -0.40604987
v -0.48832720 0.78668708 -0.42103077
v -0.51297936 0.80947531 -0.43341587
v -0.53826909 0.83285289 -0.44312883
v -0.56404046 0.85667570 -0.45010974
v -0.59013458 0.88079686 -0.45431558
v -0.61639059 0.90506766 -0.45572042
v -0.64264659 0.92933846 -0.45431558
v -0.66874072 0.95345962 -0.45010974
v -0.69451209 0.97728243 -0.44312883
v -0.71980182 1.00066002 -0.43341587
v -0.74445398 1.02344824 -0.42103077
v -0.76831658 1.04550661 -0.40604987
v -0.79124252 1.06669912 -0.38856553
v -0.81309043 1.08689513 -0.36868556
v -0.83372562 1.10597010 -0.34653252
v -0.85302088 1.12380645 -0.32224300
v -0.87085722 1.14029420 -0.29596674
v -0.88712470 1.15533170 -0.26786574
v -0.90172300 1.16882623 -0.23811326
v -0.91456214 1.18069461 -0.20689274
v -0.92556296 1.19086366 -0.17439665
v -0.93465762 1.19927068 -0.14082535
v -0.94179006 1.20586384 -0.10638582
v -0.94691630 1.21060249 -0.07129038
v -0.95000475 1.21345742 -0.03575541
v -0.97696326 1.16472078 0.00000000
v -0.97588483 1.16379971 0.03609649
v -0.97265617 1.16104217 0.07197044
v -0.96729720 1.15646518 0.10740066
v -0.95984096 1.15009695 0.14216873
v -0.95033342 1.14197674 0.17606027
v -0.93883318 1.13215461 0.20886635
v -0.92541116 1.12069112 0.24038469
v -0.91015011 1.10765695 0.27042099
v -0.89314412 1.09313246 0.29879004
v -0.87449803 1.07720720 0.32531696
v -0.85432680 1.05997934 0.34983819
v -0.83275480 1.04155511 0.37220256
v -0.80991502 1.02204810 0.39227217
v -0.78594828 1.00157857 0.40992329
v -0.76100235 0.98027273 0.42504710
v -0.73523102 0.95826193 0.43755035
v -0.70879317 0.93568188 0.44735595
v -0.68185182 0.91267179 0.45440346
v -0.65457306 0.88937353 0.45864943
v -0.62712507 0.86593073 0.46006766
v -0.59967708 0.84248793 0.45864943
v -0.57239832 0.81918967 0.45440346
v -0.54545696 0.79617958 0.44735595
v -0.51901912 0.77359953 0.43755035
v -0.49324779 0.75158873 0.42504710
v -0.46830185 0.73028289 0.40992329
v -0.44433511 0.70981336 0.39227217
v -0.42149534 0.69030635 0.37220256
v -0.39992334 0.67188212 0.34983819
v -0.37975211 0.65465426 0.32531696
v -0.36110602 0.63872900 0.29879004
v -0.34410002 0.62420451 0.27042099
v -0.32883897 0.61117034 0.24038469
v -0.31541695 0.59970685 0.20886635
v -0.30391672 0.58988472 0.17606027
v -0.29440917 0.58176451 0.14216873
v -0.28695293 0.57539628 0.10740066
v -0.28159396 0.57081929 0.07197044
v -0.27836531 0.56806176 0.03609649
v -0.27728687 0.56714069 0.00000000
v -0.27836531 0.56806176 -0.03609649
v -0.28159396 0.57081929 -0.07197044
v -0.28695293 0.57539628 -0.10740066
v -0.29440917 0.58176451 -0.14216873
v -0.30391672 0.58988472 -0.17606027
v -0.31541695 0.59970685 -0.20886635
v -0.32883897 0.61117034 -0.24038469
v -0.34410002 0.62420451 -0.27042099
v -0.36110602 0.63872900 -0.29879004
v -0.37975211 0.65465426 -0.32531696
v -0.39992334 0.67188212 -0.34983819
v -0.42149534 0.69030635 -0.37220256
v -0.44433511 0.70981336 -0.39227217
v -0.46830185 0.73028289 -0.40992329
v -0.49324779 0.75158873 -0.42504710
v -0.51901912 0.77359953 -0.43755035
v -0.54545696 0.79617958 -0.44735595
v -0.57239832 0.81918967 -0.45440346
v -0.59967708 0.84248793 -0.45864943
v -0.62712507 0.86593073 -0.46006766
v -0.65457306 0.88937353 -0.45864943
v -0.68185182 0.91267179 -0.45440346
v -0.70879317 0.93568188 -0.44735595
v -0.73523102 0.95826193 -0.43755035
v -0.76100235 0.98027273 -0.42504710
v -0.78594828 1.00157857 -0.40992329
v -0.80991502 1.02204810 -0.39227217
v -0.83275480 1.04155511 -0.37220256
v -0.85432680 1.05997934 -0.34983819
v -0.87449803 1.07720720 -0.32531696
v -0.89314412 1.09313246 -0.29879004
v -0.91015011 1.10765695 -0.27042099
v -0.92541116 1.12069112 -0.24038469
v -0.93883318 1.13215461 -0.20886635
v -0.95033342 1.14197674 -0.17606027
v -0.95984096 1.15009695 -0.14216873
v -0.96729720 1.15646518 -0.10740066
v -0.97265617 1.16104217 -0.07197044
v -0.97588483 1.16379971 -0.03609649
v -1.00031037 1.11285408 0.00000000
v -0.99918655 1.11196813 0.03642224
v -0.99582204 1.10931576 0.07261993
v -0.99023756 1.10491332 0.10836989
v -0.98246756 1.09878794 0.14345171
v -0.97255994 1.09097740 0.17764911
v -0.96057577 1.08152984 0.21075124
v -0.94658895 1.07050353 0.24255402
v -0.93068571 1.05796642 0.27286137
v -0.91296411 1.04399583 0.30148644
v -0.89353339 1.02867789 0.32825275
v -0.87251335 1.01210703 0.35299527
v -0.85003360 0.99438542 0.37556146
v -0.82623272 0.97562232 0.39581218
v -0.80125746 0.95593342 0.41362259
v -0.77526180 0.93544009 0.42888288
v -0.74840600 0.91426869 0.44149897
v -0.72085565 0.89254974 0.45139307
v -0.69278060 0.87041716 0.45850418
v -0.66435395 0.84800739 0.46278845
v -0.63575095 0.82545860 0.46421949
v -0.60714794 0.80290981 0.46278845
v -0.57872129 0.78050004 0.45850418
v -0.55064624 0.75836746 0.45139307
v -0.52309589 0.73664851 0.44149897
v -0.49624009 0.71547711 0.42888288
v -0.47024443 0.69498378 0.41362259
v -0.44526917 0.67529488 0.39581218
v -0.42146829 0.65653178 0.37556146
v -0.39898854 0.63881017 0.35299527
v -0.37796850 0.62223931 0.32825275
v -0.35853778 0.60692136 0.30148644
v -0.34081618 0.59295077 0.27286137
v -0.32491294 0.58041367 0.24255402
v -0.31092612 0.56938735 0.21075124
v -0.29894196 0.55993980 0.17764911
v -0.28903433 0.55212926 0.14345171
v -0.28126433 0.54600388 0.10836989
v -0.27567985 0.54160144 0.07261993
v -0.27231534 0.53894907 0.03642224
v -0.27119152 0.53806312 0.00000000
v -0.27231534 0.53894907 -0.03642224
v -0.27567985 0.54160144 -0.07261993
v -0.28126433 0.54600388 -0.10836989
v -0.28903433 0.55212926 -0.14345171
v -0.29894196 0.55993980 -0.17764911
v -0.31092612 0.56938735 -0.21075124
v -0.32491294 0.58041367 -0.24255402
v -0.34081618 0.59295077 -0.27286137
v -0.35853778 0.60692136 -0.30148644
v -0.37796850 0.62223931 -0.32825275
v -0.39898854 0.63881017 -0.35299527
v -0.42146829 0.65653178 -0.37556146
v -0.44526917 0.67529488 -0.39581218
v -0.47024443 0.69498378 -0.41362259
v -0.49624009 0.71547711 -0.42888288
v -0.52309589 0.73664851 -0.44149897
v -0.55064624 0.75836746 -0.45139307
v -0.57872129 0.78050004 -0.45850418
v -0.60714794 0.80290981 -0.46278845
v -0.63575095 0.82545860 -0.46421949
v -0.66435395 0.84800739 -0.46278845
v -0.69278060 0.87041716 -0.45850418
v -0.72085565 0.89254974 -0.45139307
v -0.74840600 0.91426869 -0.44149897
v -0.77526180 0.93544009 -0.42888288
v -0.80125746 0.95593342 -0.41362259
v -0.82623272 0.97562232 -0.39581218
v -0.85003360 0.99438542 -0.37556146
v -0.87251335 1.01210703 -0.35299527
v -0.89353339 1.02867789 -0.32825275
v -0.91296411 1.04399583 -0.30148644
v -0.93068571 1.05796642 -0.27286137
v -0.94658895 1.07050353 -0.24255402
v -0.96057577 1.08152984 -0.21075124
v -0.97255994 1.09097740 -0.17764911
v -0.98246756 1.09878794 -0.14345171
v -0.99023756 1.10491332 -0.10836989
v -0.99582204 1.10931576 -0.07261993
v -0.99918655 1.11196813 -0.03642224
v -1.02102971 1.05889680 0.00000000
v -1.01986213 1.05804850 0.03673216
v -1.01636658 1.05550884 0.07323785
v -1.01056462 1.05129347 0.10929200
v -1.00249202 1.04542838 0.14467233
v -0.99219854 1.03794973 0.17916071
v -0.97974766 1.02890363 0.21254450
v -0.96521613 1.01834586 0.24461789
v -0.94869354 1.00634150 0.27518313
v -0.93028177 0.99296456 0.30405177
v -0.91009433 0.97829752 0.33104583
v -0.88825567 0.96243081 0.35599888
v -0.86490045 0.94546225 0.37875708
v -0.84017266 0.92749646 0.39918012
v -0.81422474 0.90864420 0.41714208
v -0.78721669 0.88902169 0.43253222
v -0.75931500 0.86874993 0.44525565
v -0.73069171 0.84795389 0.45523394
v -0.70152329 0.82676180 0.46240556
v -0.67198956 0.80530429 0.46672629
v -0.64227263 0.78371367 0.46816950
v -0.61255569 0.76212305 0.46672629
v -0.58302196 0.74066554 0.46240556
v -0.55385354 0.71947344 0.45523394
v -0.52523025 0.69867741 0.44525565
v -0.49732857 0.67840565 0.43253222
v -0.47032051 0.65878314 0.41714208
v -0.44437260 0.63993088 0.39918012
v -0.41964480 0.62196509 0.37875708
v -0.39628958 0.60499652 0.35599888
v -0.37445093 0.58912981 0.33104583
v -0.35426348 0.57446278 0.30405177
v -0.33585171 0.56108584 0.27518313
v -0.31932913 0.54908148 0.24461789
v -0.30479760 0.53852371 0.21254450
v -0.29234671 0.52947761 0.17916071
v -0.28205324 0.52199896 0.14467233
v -0.27398063 0.51613387 0.10929200
v -0.26817867 0.51191850 0.07323785
v -0.26468313 0.50937884 0.03673216
v -0.26351555 0.50853054 0.00000000
v -0.26468313 0.50937884 -0.03673216
v -0.26817867 0.51191850 -0.07323785
v -0.27398063 0.51613387 -0.10929200
v -0.28205324 0.52199896 -0.14467233
v -0.29234671 0.52947761 -0.17916071
v -0.30479760 0.53852371 -0.21254450
v -0.31932913 0.54908148 -0.24461789
v -0.33585171 0.56108584 -0.27518313
v -0.35426348 0.57446278 -0.30405177
v -0.37445093 0.58912981 -0.33104583
v -0.39628958 0.60499652 -0.35599888
v -0.41964480 0.62196509 -0.37875708
v -0.44437260 0.63993088 -0.39918012
v -0.47032051 0.65878314 -0.41714208
v -0.49732857 0.67840565 -0.43253222
v -0.52523025 0.69867741 -0.44525565
v -0.55385354 0.71947344 -0.45523394
v -0.58302196 0.74066554 -0.46240556
v -0.61255569 0.76212305 -0.46672629
v -0.64227263 0.78371367 -0.46816950
v -0.67198956 0.80530429 -0.46672629
v -0.70152329 0.82676180 -0.46240556
v -0.73069171 0.84795389 -0.45523394
v -0.75931500 0.86874993 -0.44525565
v -0.78721669 0.88902169 -0.43253222
v -0.81422474 0.90864420 -0.41714208
v -0.84017266 0.92749646 -0.39918012
v -0.86490045 0.94546225 -0.37875708
v -0.88825567 0.96243081 -0.35599888
v -0.91009433 0.97829752 -0.33104583
v -0.93028177 0.99296456 -0.30405177
v -0.94869354 1.00634150 -0.27518313
v -0.96521613 1.01834586 -0.24461789
v -0.97974766 1.02890363 -0.21254450
v -0.99219854 1.03794973 -0.17916071
v -1.00249202 1.04542838 -0.14467233
v -1.01056462 1.05129347 -0.10929200
v -1.01636658 1.05550884 -0.07323785
v -1.01986213 1.05804850 -0.03673216
v -1.03908485 1.00294035 0.00000000
v -1.03787527 1.00213214 0.03702576
v -1.03425400 0.99971248 0.07382324
v -1.02824335 0.99569629 0.11016558
v -1.01988039 0.99010834 0.14582870
v -1.00921669 0.98298308 0.18059275
v -0.99631797 0.97436444 0.21424338
v -0.98126377 0.96430554 0.24657313
v -0.96414690 0.95286842 0.27738268
v -0.94507290 0.94012358 0.30648207
v -0.92415936 0.92614959 0.33369189
v -0.90153522 0.91103263 0.35884440
v -0.87733996 0.89486587 0.38178451
v -0.85172276 0.87774900 0.40237079
v -0.82484155 0.85978756 0.42047632
v -0.79686207 0.84109227 0.43598947
v -0.76795683 0.82177840 0.44881460
v -0.73830402 0.80196503 0.45887265
v -0.70808647 0.78177430 0.46610159
v -0.67749048 0.76133072 0.47045686
v -0.64670469 0.74076031 0.47191160
v -0.61591890 0.72018990 0.47045686
v -0.58532291 0.69974632 0.46610159
v -0.55510536 0.67955560 0.45887265
v -0.52545255 0.65974222 0.44881460
v -0.49654730 0.64042835 0.43598947
v -0.46856783 0.62173306 0.42047632
v -0.44168662 0.60377162 0.40237079
v -0.41606942 0.58665475 0.38178451
v -0.39187416 0.57048800 0.35884440
v -0.36925002 0.55537103 0.33369189
v -0.34833648 0.54139705 0.30648207
v -0.32926247 0.52865220 0.27738268
v -0.31214561 0.51721508 0.24657313
v -0.29709141 0.50715619 0.21424338
v -0.28419269 0.49853754 0.18059275
v -0.27352898 0.49141228 0.14582870
v -0.26516603 0.48582433 0.11016558
v -0.25915538 0.48180814 0.07382324
v -0.25553411 0.47938849 0.03702576
v -0.25432453 0.47858027 0.00000000
v -0.25553411 0.47938849 -0.03702576
v -0.25915538 0.48180814 -0.07382324
v -0.26516603 0.48582433 -0.11016558
v -0.27352898 0.49141228 -0.14582870
v -0.28419269 0.49853754 -0.18059275
v -0.29709141 0.50715619 -0.21424338
v -0.31214561 0.51721508 -0.24657313
v -0.32926247 0.52865220 -0.27738268
v -0.34833648 0.54139705 -0.30648207
v -0.36925002 0.55537103 -0.33369189
v -0.39187416 0.57048800 -0.35884440
v -0.41606942 0.58665475 -0.38178451
v -0.44168662 0.60377162 -0.40237079
v -0.46856783 0.62173306 -0.42047632
v -0.49654730 0.64042835 -0.43598947
v -0.52545255 0.65974222 -0.44881460
v -0.55510536 0.67955560 -0.45887265
v -0.58532291 0.69974632 -0.46610159
v -0.61591890 0.72018990 -0.47045686
v -0.64670469 0.74076031 -0.47191160
v -0.67749048 0.76133072 -0.47045686
v -0.70808647 0.78177430 -0.46610159
v -0.73830402 0.80196503 -0.45887265
v -0.76795683 0.82177840 -0.44881460
v -0.79686207 0.84109227 -0.43598947
v -0.82484155 0.85978756 -0.42047632
v -0.85172276 0.87774900 -0.40237079
v -0.87733996 0.89486587 -0.38178451
v -0.90153522 0.91103263 -0.35884440
v -0.92415936 0.92614959 -0.33369189
v -0.94507290 0.94012358 -0.30648207
v -0.96414690 0.95286842 -0.27738268
v -0.98126377 0.96430554 -0.24657313
v -0.99631797 0.97436444 -0.21424338
v -1.00921669 0.98298308 -0.18059275
v -1.01988039 0.99010834 -0.14582870
v -1.02824335 0.99569629 -0.11016558
v -1.03425400 0.99971248 -0.07382324
v -1.03787527 1.00213214 -0.03702576
v -1.05445098 0.94508148 0.00000000
v -1.05320133 0.94431570 0.03730259
v -1.04946008 0.94202306 0.07437521
v -1.04325032 0.93821771 0.11098927
v -1.03461030 0.93292310 0.14691905
v -1.02359332 0.92617189 0.18194302
v -1.01026728 0.91800568 0.21584526
v -0.99471435 0.90847484 0.24841673
v -0.97703043 0.89763811 0.27945664
v -0.95732452 0.88556232 0.30877360
v -0.93571814 0.87232191 0.33618687
v -0.91234448 0.85799851 0.36152743
v -0.88734767 0.84268044 0.38463906
v -0.86088180 0.82646214 0.40537926
v -0.83311005 0.80944359 0.42362017
v -0.80420364 0.79172972 0.43924931
v -0.77434079 0.77342974 0.45217034
v -0.74370562 0.75465649 0.46230358
v -0.71248700 0.73552569 0.46958657
v -0.68087740 0.71615531 0.47397440
v -0.64907171 0.69666475 0.47544003
v -0.61726602 0.67717420 0.47397440
v -0.58565643 0.65780381 0.46958657
v -0.55443780 0.63867302 0.46230358
v -0.52380263 0.61989976 0.45217034
v -0.49393979 0.60159979 0.43924931
v -0.46503338 0.58388592 0.42362017
v -0.43726163 0.56686737 0.40537926
v -0.41079576 0.55064906 0.38463906
v -0.38579894 0.53533099 0.36152743
v -0.36242529 0.52100760 0.33618687
v -0.34081890 0.50776719 0.30877360
v -0.32111300 0.49569140 0.27945664
v -0.30342907 0.48485467 0.24841673
v -0.28787615 0.47532382 0.21584526
v -0.27455011 0.46715762 0.18194302
v -0.26353312 0.46040640 0.14691905
v -0.25489311 0.45511180 0.11098927
v -0.24868334 0.45130644 0.07437521
v -0.24494210 0.44901381 0.03730259
v -0.24369245 0.44824802 0.00000000
v -0.24494210 0.44901381 -0.03730259
v -0.24868334 0.45130644 -0.07437521
v -0.25489311 0.45511180 -0.11098927
v -0.26353312 0.46040640 -0.14691905
v -0.27455011 0.46715762 -0.18194302
v -0.28787615 0.47532382 -0.21584526
v -0.30342907 0.48485467 -0.24841673
v -0.32111300 0.49569140 -0.27945664
v -0.34081890 0.50776719 -0.30877360
v -0.36242529 0.52100760 -0.33618687
v -0.38579894 0.53533099 -0.36152743
v -0.41079576 0.55064906 -0.38463906
v -0.43726163 0.56686737 -0.40537926
v -0.46503338 0.58388592 -0.42362017
v -0.49393979 0.60159979 -0.43924931
v -0.52380263 0.61989976 -0.45217034
v -0.55443780 0.63867302 -0.46230358
v -0.58565643 0.65780381 -0.46958657
v -0.61726602 0.67717420 -0.47397440
v -0.64907171 0.69666475 -0.47544003
v -0.68087740 0.71615531 -0.47397440
v -0.71248700 0.73552569 -0.46958657
v -0.74370562 0.75465649 -0.46230358
v -0.77434079 0.77342974 -0.45217034
v -0.80420364 0.79172972 -0.43924931
v -0.83311005 0.80944359 -0.42362017
v -0.86088180 0.82646214 -0.40537926
v -0.88734767 0.84268044 -0.38463906
v -0.91234448 0.85799851 -0.36152743
v -0.93571814 0.87232191 -0.33618687
v -0.95732452 0.88556232 -0.30877360
v -0.97703043 0.89763811 -0.27945664
v -0.99471435 0.90847484 -0.24841673
v -1.01026728 0.91800568 -0.21584526
v -1.02359332 0.92617189 -0.18194302
v -1.03461030 0.93292310 -0.14691905
v -1.04325032 0.93821771 -0.11098927
v -1.04946008 0.94202306 -0.07437521
v -1.05320133 0.94431570 -0.03730259
v -1.06711493 0.88542208 0.00000000
v -1.06582728 0.88470096 0.03756224
v -1.06197226 0.88254205 0.07489290
v -1.05557365 0.87895866 0.11176181
v -1.04667090 0.87397288 0.14794168
v -1.03531888 0.86761544 0.18320944
v -1.02158760 0.85992556 0.21734765
v -1.00556171 0.85095062 0.25014584
v -0.98734001 0.84074598 0.28140180
v -0.96703485 0.82937455 0.31092282
v -0.94477141 0.81690642 0.33852690
v -0.92068696 0.80341848 0.36404385
v -0.89492999 0.78899388 0.38731635
v -0.86765929 0.77372156 0.40820091
v -0.83904300 0.75769567 0.42656878
v -0.80925755 0.74101501 0.44230671
v -0.77848657 0.72378244 0.45531767
v -0.74691978 0.70610418 0.46552145
v -0.71475180 0.68808925 0.47285514
v -0.68218095 0.66984870 0.47727351
v -0.64940804 0.65149499 0.47874933
v -0.61663514 0.63314128 0.47727351
v -0.58406429 0.61490073 0.47285514
v -0.55189631 0.59688579 0.46552145
v -0.52032952 0.57920754 0.45531767
v -0.48955854 0.56197497 0.44230671
v -0.45977309 0.54529431 0.42656878
v -0.43115680 0.52926842 0.40820091
v -0.40388610 0.51399609 0.38731635
v -0.37812912 0.49957149 0.36404385
v -0.35404468 0.48608355 0.33852690
v -0.33178124 0.47361543 0.31092282
v -0.31147608 0.46224399 0.28140180
v -0.29325438 0.45203935 0.25014584
v -0.27722849 0.44306442 0.21734765
v -0.26349721 0.43537453 0.18320944
v -0.25214519 0.42901710 0.14794168
v -0.24324244 0.42403132 0.11176181
v -0.23684383 0.42044793 0.07489290
v -0.23298881 0.41828901 0.03756224
v -0.23170116 0.41756789 0.00000000
v -0.23298881 0.41828901 -0.03756224
v -0.23684383 0.42044793 -0.07489290
v -0.24324244 0.42403132 -0.11176181
v -0.25214519 0.42901710 -0.14794168
v -0.26349721 0.43537453 -0.18320944
v -0.27722849 0.44306442 -0.21734765
v -0.29325438 0.45203935 -0.25014584
v -0.31147608 0.46224399 -0.28140180
v -0.33178124 0.47361543 -0.31092282
v -0.35404468 0.48608355 -0.33852690
v -0.37812912 0.49957149 -0.36404385
v -0.40388610 0.51399609 -0.38731635
v -0.43115680 0.52926842 -0.40820091
v -0.45977309 0.54529431 -0.42656878
v -0.48955854 0.56197497 -0.44230671
v -0.52032952 0.57920754 -0.45531767
v -0.55189631 0.59688579 -0.46552145
v -0.58406429 0.61490073 -0.47285514
v -0.61663514 0.63314128 -0.47727351
v -0.64940804 0.65149499 -0.47874933
v -0.68218095 0.66984870 -0.47727351
v -0.71475180 0.68808925 -0.47285514
v -0.74691978 0.70610418 -0.46552145
v -0.77848657 0.72378244 -0.45531767
v -0.80925755 0.74101501 -0.44230671
v -0.83904300 0.75769567 -0.42656878
v -0.86765929 0.77372156 -0.40820091
v -0.89492999 0.78899388 -0.38731635
v -0.92068696 0.80341848 -0.36404385
v -0.94477141 0.81690642 -0.33852690
v -0.96703485 0.82937455 -0.31092282
v -0.98734001 0.84074598 -0.28140180
v -1.00556171 0.85095062 -0.25014584
v -1.02158760 0.85992556 -0.21734765
v -1.03531888 0.86761544 -0.18320944
v -1.04667090 0.87397288 -0.14794168
v -1.05557365 0.87895866 -0.11176181
v -1.06197226 0.88254205 -0.07489290
v -1.06582728 0.88470096 -0.03756224
v -1.07707512 0.82406892 0.00000000
v -1.07575168 0.82339459 0.03780429
v -1.07178951 0.82137576 0.07537551
v -1.06521304 0.81802488 0.11248201
v -1.05606282 0.81336261 0.14889502
v -1.04439527 0.80741770 0.18439005
v -1.03028230 0.80022678 0.21874825
v -1.01381095 0.79183421 0.25175779
v -0.99508276 0.78229172 0.28321517
v -0.97421318 0.77165814 0.31292642
v -0.95133091 0.75999904 0.34070839
v -0.92657700 0.74738629 0.36638977
v -0.90010407 0.73389766 0.38981223
v -0.87207535 0.71961631 0.41083138
v -0.84266363 0.70463029 0.42931761
v -0.81205025 0.68903200 0.44515696
v -0.78042395 0.67291759 0.45825177
v -0.74797972 0.65638643 0.46852130
v -0.71491758 0.63954043 0.47590224
v -0.68144138 0.62248346 0.48034909
v -0.64775751 0.60532067 0.48183442
v -0.61407364 0.58815788 0.48034909
v -0.58059744 0.57110090 0.47590224
v -0.54753530 0.55425490 0.46852130
v -0.51509107 0.53772374 0.45825177
v -0.48346477 0.52160934 0.44515696
v -0.45285139 0.50601104 0.42931761
v -0.42343967 0.49102502 0.41083138
v -0.39541095 0.47674367 0.38981223
v -0.36893803 0.46325504 0.36638977
v -0.34418412 0.45064230 0.34070839
v -0.32130184 0.43898319 0.31292642
v -0.30043227 0.42834962 0.28321517
v -0.28170407 0.41880712 0.25175779
v -0.26523272 0.41041455 0.21874825
v -0.25111976 0.40322364 0.18439005
v -0.23945220 0.39727872 0.14889502
v -0.23030198 0.39261645 0.11248201
v -0.22372551 0.38926557 0.07537551
v -0.21976334 0.38724674 0.03780429
v -0.21843990 0.38657242 0.00000000
v -0.21976334 0.38724674 -0.03780429
v -0.22372551 0.38926557 -0.07537551
v -0.23030198 0.39261645 -0.11248201
v -0.23945220 0.39727872 -0.14889502
v -0.25111976 0.40322364 -0.18439005
v -0.26523272 0.41041455 -0.21874825
v -0.28170407 0.41880712 -0.25175779
v -0.30043227 0.42834962 -0.28321517
v -0.32130184 0.43898319 -0.31292642
v -0.34418412 0.45064230 -0.34070839
v -0.36893803 0.46325504 -0.36638977
v -0.39541095 0.47674367 -0.38981223
v -0.42343967 0.49102502 -0.41083138
v -0.45285139 0.50601104 -0.42931761
v -0.48346477 0.52160934 -0.44515696
v -0.51509107 0.53772374 -0.45825177
v -0.54753530 0.55425490 -0.46852130
v -0.58059744 0.57110090 -0.47590224
v -0.61407364 0.58815788 -0.48034909
v -0.64775751 0.60532067 -0.48183442
v -0.68144138 0.62248346 -0.48034909
v -0.71491758 0.63954043 -0.47590224
v -0.74797972 0.65638643 -0.46852130
v -0.78042395 0.67291759 -0.45825177
v -0.81205025 0.68903200 -0.44515696
v -0.84266363 0.70463029 -0.42931761
v -0.87207535 0.71961631 -0.41083138
v -0.90010407 0.73389766 -0.38981223
v -0.92657700 0.74738629 -0.36638977
v -0.95133091 0.75999904 -0.34070839
v -0.97421318 0.77165814 -0.31292642
v -0.99508276 0.78229172 -0.28321517
v -1.01381095 0.79183421 -0.25175779
v -1.03028230 0.80022678 -0.21874825
v -1.04439527 0.80741770 -0.18439005
v -1.05606282 0.81336261 -0.14889502
v -1.06521304 0.81802488 -0.11248201
v -1.07178951 0.82137576 -0.07537551
v -1.07575168 0.82339459 -0.03780429
v -1.08434147 0.76113339 0.00000000
v -1.08298458 0.76050786 0.03802838
v -1.07892227 0.75863511 0.07582230
v -1.07217959 0.75552669 0.11314876
v -1.06279810 0.75120176 0.14977761
v -1.05083565 0.74568700 0.18548304
v -1.03636599 0.73901639 0.22004490
v -1.01947833 0.73123107 0.25325011
v -1.00027679 0.72237904 0.28489394
v -0.97887975 0.71251487 0.31478132
v -0.95541914 0.70169938 0.34272796
v -0.93003958 0.68999925 0.36856157
v -0.90289757 0.67748661 0.39212287
v -0.87416043 0.66423861 0.41326661
v -0.84400535 0.65033692 0.43186242
v -0.81261823 0.63586726 0.44779566
v -0.78019259 0.62091884 0.46096809
v -0.74692835 0.60558381 0.47129849
v -0.71303059 0.58995673 0.47872318
v -0.67870829 0.57413394 0.48319639
v -0.64417308 0.55821298 0.48469053
v -0.60963786 0.54229203 0.48319639
v -0.57531557 0.52646924 0.47872318
v -0.54141781 0.51084215 0.47129849
v -0.50815356 0.49550713 0.46096809
v -0.47572793 0.48055870 0.44779566
v -0.44434081 0.46608905 0.43186242
v -0.41418572 0.45218736 0.41326661
v -0.38544859 0.43893936 0.39212287
v -0.35830657 0.42642672 0.36856157
v -0.33292702 0.41472659 0.34272796
v -0.30946640 0.40391109 0.31478132
v -0.28806937 0.39404692 0.28489394
v -0.26886783 0.38519489 0.25325011
v -0.25198017 0.37740957 0.22004490
v -0.23751051 0.37073897 0.18548304
v -0.22554806 0.36522421 0.14977761
v -0.21616657 0.36089928 0.11314876
v -0.20942389 0.35779086 0.07582230
v -0.20536158 0.35591811 0.03802838
v -0.20400468 0.35529257 0.00000000
v -0.20536158 0.35591811 -0.03802838
v -0.20942389 0.35779086 -0.07582230
v -0.21616657 0.36089928 -0.11314876
v -0.22554806 0.36522421 -0.14977761
v -0.23751051 0.37073897 -0.18548304
v -0.25198017 0.37740957 -0.22004490
v -0.26886783 0.38519489 -0.25325011
v -0.28806937 0.39404692 -0.28489394
v -0.30946640 0.40391109 -0.31478132
v -0.33292702 0.41472659 -0.34272796
v -0.35830657 0.42642672 -0.36856157
v -0.38544859 0.43893936 -0.39212287
v -0.41418572 0.45218736 -0.41326661
v -0.44434081 0.46608905 -0.43186242
v -0.47572793 0.48055870 -0.44779566
v -0.50815356 0.49550713 -0.46096809
v -0.54141781 0.51084215 -0.47129849
v -0.57531557 0.52646924 -0.47872318
v -0.60963786 0.54229203 -0.48319639
v -0.64417308 0.55821298 -0.48469053
v -0.67870829 0.57413394 -0.48319639
v -0.71303059 0.58995673 -0.47872318
v -0.74692835 0.60558381 -0.47129849
v -0.78019259 0.62091884 -0.46096809
v -0.81261823 0.63586726 -0.44779566
v -0.84400535 0.65033692 -0.43186242
v -0.87416043 0.66423861 -0.41326661
v -0.90289757 0.67748661 -0.39212287
v -0.93003958 0.68999925 -0.36856157
v -0.95541914 0.70169938 -0.34272796
v -0.97887975 0.71251487 -0.31478132
v -1.00027679 0.72237904 -0.28489394
v -1.01947833 0.73123107 -0.25325011
v -1.03636599 0.73901639 -0.22004490
v -1.05083565 0.74568700 -0.18548304
v -1.06279810 0.75120176 -0.14977761
v -1.07217959 0.75552669 -0.11314876
v -1.07892227 0.75863511 -0.07582230
v -1.08298458 0.76050786 -0.03802838
v -1.08893520 0.69673129 0.00000000
v -1.08754733 0.69615641 0.03823416
v -1.08339226 0.69443532 0.07623259
v -1.07649562 0.69157864 0.11376102
v -1.06689993 0.68760398 0.15058808
v -1.05466434 0.68253583 0.18648671
v -1.03986430 0.67640545 0.22123559
v -1.02259104 0.66925063 0.25462048
v -1.00295108 0.66111549 0.28643554
v -0.98106548 0.65205018 0.31648464
v -0.95706919 0.64211059 0.34458251
v -0.93111015 0.63135801 0.37055591
v -0.90334840 0.61985871 0.39424471
v -0.87395511 0.60768361 0.41550285
v -0.84311149 0.59490777 0.43419929
v -0.81100772 0.58160995 0.45021874
v -0.77784170 0.56787214 0.46346245
v -0.74381794 0.55377903 0.47384875
v -0.70914619 0.53941753 0.48131362
v -0.67404022 0.52487616 0.48581103
v -0.63871646 0.51024458 0.48731326
v -0.60339271 0.49561300 0.48581103
v -0.56828673 0.48107163 0.48131362
v -0.53361498 0.46671012 0.47384875
v -0.49959122 0.45261701 0.46346245
v -0.46642521 0.43887920 0.45021874
v -0.43432143 0.42558138 0.43419929
v -0.40347781 0.41280554 0.41550285
v -0.37408452 0.40063044 0.39424471
v -0.34632278 0.38913115 0.37055591
v -0.32036374 0.37837856 0.34458251
v -0.29636744 0.36843897 0.31648464
v -0.27448185 0.35937366 0.28643554
v -0.25484188 0.35123852 0.25462048
v -0.23756862 0.34408370 0.22123559
v -0.22276858 0.33795332 0.18648671
v -0.21053299 0.33288518 0.15058808
v -0.20093730 0.32891051 0.11376102
v -0.19404066 0.32605383 0.07623259
v -0.18988559 0.32433274 0.03823416
v -0.18849772 0.32375787 0.00000000
v -0.18988559 0.32433274 -0.03823416
v -0.19404066 0.32605383 -0.07623259
v -0.20093730 0.32891051 -0.11376102
v -0.21053299 0.33288518 -0.15058808
v -0.22276858 0.33795332 -0.18648671
v -0.23756862 0.34408370 -0.22123559
v -0.25484188 0.35123852 -0.25462048
v -0.27448185 0.35937366 -0.28643554
v -0.29636744 0.36843897 -0.31648464
v -0.32036374 0.37837856 -0.34458251
v -0.34632278 0.38913115 -0.37055591
v -0.37408452 0.40063044 -0.39424471
v -0.40347781 0.41280554 -0.41550285
v -0.43432143 0.42558138 -0.43419929
v -0.46642521 0.43887920 -0.45021874
v -0.49959122 0.45261701 -0.46346245
v -0.53361498 0.46671012 -0.47384875
v -0.56828673 0.48107163 -0.48131362
v -0.60339271 0.49561300 -0.48581103
v -0.63871646 0.51024458 -0.48731326
v -0.67404022 0.52487616 -0.48581103
v -0.70914619 0.53941753 -0.48131362
v -0.74381794 0.55377903 -0.47384875
v -0.77784170 0.56787214 -0.46346245
v -0.81100772 0.58160995 -0.45021874
v -0.84311149 0.59490777 -0.43419929
v -0.87395511 0.60768361 -0.41550285
v -0.90334840 0.61985871 -0.39424471
v -0.93111015 0.63135801 -0.37055591
v -0.95706919 0.64211059 -0.34458251
v -0.98106548 0.65205018 -0.31648464
v -1.00295108 0.66111549 -0.28643554
v -1.02259104 0.66925063 -0.25462048
v -1.03986430 0.67640545 -0.22123559
v -1.05466434 0.68253583 -0.18648671
v -1.06689993 0.68760398 -0.15058808
v -1.07649562 0.69157864 -0.11376102
v -1.08339226 0.69443532 -0.07623259
v -1.08754733 0.69615641 -0.03823416
v -1.09088862 0.63098243 0.00000000
v -1.08947235 0.63045994 0.03842131
v -1.08523227 0.62889569 0.07660573
v -1.07819451 0.62629933 0.11431786
v -1.06840247 0.62268685 0.15132518
v -1.05591652 0.61808054 0.18739952
v -1.04081365 0.61250880 0.22231849
v -1.02318695 0.60600597 0.25586679
v -1.00314512 0.59861215 0.28783759
v -0.98081171 0.59037292 0.31803377
v -0.95632441 0.58133908 0.34626917
v -0.92983421 0.57156632 0.37236970
v -0.90150441 0.56111491 0.39617445
v -0.87150969 0.55004927 0.41753666
v -0.84003496 0.53843763 0.43632461
v -0.80727429 0.52635158 0.45242247
v -0.77342965 0.51386563 0.46573100
v -0.73870970 0.50105677 0.47616815
v -0.70332851 0.48800396 0.48366955
v -0.66750422 0.47478768 0.48818898
v -0.63145768 0.46148941 0.48969856
v -0.59541114 0.44819114 0.48818898
v -0.55958685 0.43497486 0.48366955
v -0.52420566 0.42192205 0.47616815
v -0.48948571 0.40911318 0.46573100
v -0.45564107 0.39662724 0.45242247
v -0.42288040 0.38454119 0.43632461
v -0.39140567 0.37292955 0.41753666
v -0.36141095 0.36186391 0.39617445
v -0.33308115 0.35141250 0.37236970
v -0.30659095 0.34163974 0.34626917
v -0.28210365 0.33260590 0.31803377
v -0.25977024 0.32436667 0.28783759
v -0.23972841 0.31697285 0.25586679
v -0.22210171 0.31047002 0.22231849
v -0.20699884 0.30489827 0.18739952
v -0.19451289 0.30029197 0.15132518
v -0.18472085 0.29667949 0.11431786
v -0.17768309 0.29408313 0.07660573
v -0.17344301 0.29251888 0.03842131
v -0.17202674 0.29199639 0.00000000
v -0.17344301 0.29251888 -0.03842131
v -0.17768309 0.29408313 -0.07660573
v -0.18472085 0.29667949 -0.11431786
v -0.19451289 0.30029197 -0.15132518
v -0.20699884 0.30489827 -0.18739952
v -0.22210171 0.31047002 -0.22231849
v -0.23972841 0.31697285 -0.25586679
v -0.25977024 0.32436667 -0.28783759
v -0.28210365 0.33260590 -0.31803377
v -0.30659095 0.34163974 -0.34626917
v -0.33308115 0.35141250 -0.37236970
v -0.36141095 0.36186391 -0.39617445
v -0.39140567 0.37292955 -0.41753666
v -0.42288040 0.38454119 -0.43632461
v -0.45564107 0.39662724 -0.45242247
v -0.48948571 0.40911318 -0.46573100
v -0.52420566 0.42192205 -0.47616815
v -0.55958685 0.43497486 -0.48366955
v -0.59541114 0.44819114 -0.48818898
v -0.63145768 0.46148941 -0.48969856
v -0.66750422 0.47478768 -0.48818898
v -0.70332851 0.48800396 -0.48366955
v -0.73870970 0.50105677 -0.47616815
v -0.77342965 0.51386563 -0.46573100
v -0.80727429 0.52635158 -0.45242247
v -0.84003496 0.53843763 -0.43632461
v -0.87150969 0.55004927 -0.41753666
v -0.90150441 0.56111491 -0.39617445
v -0.92983421 0.57156632 -0.37236970
v -0.95632441 0.58133908 -0.34626917
v -0.98081171 0.59037292 -0.31803377
v -1.00314512 0.59861215 -0.28783759
v -1.02318695 0.60600597 -0.25586679
v -1.04081365 0.61250880 -0.22231849
v -1.05591652 0.61808054 -0.18739952
v -1.06840247 0.62268685 -0.15132518
v -1.07819451 0.62629933 -0.11431786
v -1.08523227 0.62889569 -0.07660573
v -1.08947235 0.63045994 -0.03842131
v -1.09024483 0.56401043 0.00000000
v -1.08880285 0.56354190 0.03858954
v -1.08448580 0.56213921 0.07694116
v -1.07732030 0.55981099 0.11481841
v -1.06735052 0.55657162 0.15198777
v -1.05463794 0.55244105 0.18822007
v -1.03926092 0.54744475 0.22329194
v -1.02131428 0.54161354 0.25698713
v -1.00090866 0.53498335 0.28909792
v -0.97816986 0.52759507 0.31942632
v -0.95323809 0.51949424 0.34778535
v -0.92626705 0.51073082 0.37400016
v -0.89742303 0.50135883 0.39790915
v -0.86688386 0.49143605 0.41936489
v -0.83483782 0.48102366 0.43823510
v -0.80148250 0.47018586 0.45440345
v -0.76702353 0.45898946 0.46777025
v -0.73167337 0.44750350 0.47825310
v -0.69564996 0.43579878 0.48578735
v -0.65917540 0.42394748 0.49032657
v -0.62247457 0.41202266 0.49184275
v -0.58577374 0.40009784 0.49032657
v -0.54929918 0.38824653 0.48578735
v -0.51327577 0.37654182 0.47825310
v -0.47792561 0.36505586 0.46777025
v -0.44346664 0.35385946 0.45440345
v -0.41011132 0.34302166 0.43823510
v -0.37806528 0.33260927 0.41936489
v -0.34752611 0.32268649 0.39790915
v -0.31868209 0.31331450 0.37400016
v -0.29171105 0.30455108 0.34778535
v -0.26677928 0.29645025 0.31942632
v -0.24404049 0.28906197 0.28909792
v -0.22363486 0.28243178 0.25698713
v -0.20568822 0.27660057 0.22329194
v -0.19031121 0.27160427 0.18822007
v -0.17759862 0.26747370 0.15198777
v -0.16762885 0.26423432 0.11481841
v -0.16046334 0.26190611 0.07694116
v -0.15614630 0.26050342 0.03858954
v -0.15470432 0.26003489 0.00000000
v -0.15614630 0.26050342 -0.03858954
v -0.16046334 0.26190611 -0.07694116
v -0.16762885 0.26423432 -0.11481841
v -0.17759862 0.26747370 -0.15198777
v -0.19031121 0.27160427 -0.18822007
v -0.20568822 0.27660057 -0.22329194
v -0.22363486 0.28243178 -0.25698713
v -0.24404049 0.28906197 -0.28909792
v -0.26677928 0.29645025 -0.31942632
v -0.29171105 0.30455108 -0.34778535
v -0.31868209 0.31331450 -0.37400016
v -0.34752611 0.32268649 -0.39790915
v -0.37806528 0.33260927 -0.41936489
v -0.41011132 0.34302166 -0.43823510
v -0.44346664 0.35385946 -0.45440345
v -0.47792561 0.36505586 -0.46777025
v -0.51327577 0.37654182 -0.47825310
v -0.54929918 0.38824653 -0.48578735
v -0.58577374 0.40009784 -0.49032657
v -0.62247457 0.41202266 -0.49184275
v -0.65917540 0.42394748 -0.49032657
v -0.69564996 0.43579878 -0.48578735
v -0.73167337 0.44750350 -0.47825310
v -0.76702353 0.45898946 -0.46777025
v -0.80148250 0.47018586 -0.45440345
v -0.83483782 0.48102366 -0.43823510
v -0.86688386 0.49143605 -0.41936489
v -0.89742303 0.50135883 -0.39790915
v -0.92626705 0.51073082 -0.37400016
v -0.95323809 0.51949424 -0.34778535
v -0.97816986 0.52759507 -0.31942632
v -1.00090866 0.53498335 -0.28909792
v -1.02131428 0.54161354 -0.25698713
v -1.03926092 0.54744475 -0.22329194
v -1.05463794 0.55244105 -0.18822007
v -1.06735052 0.55657162 -0.15198777
v -1.07732030 0.55981099 -0.11481841
v -1.08448580 0.56213921 -0.07694116
v -1.08880285 0.56354190 -0.03858954
v -1.08705735 0.49594230 0.00000000
v -1.08559245 0.49552915 0.03873859
v -1.08120679 0.49429227 0.07723835
v -1.07392740 0.49223927 0.11526191
v -1.06379916 0.48938281 0.15257484
v -1.05088452 0.48574050 0.18894709
v -1.03526310 0.48133481 0.22415442
v -1.01703121 0.47619288 0.25797977
v -0.99630126 0.47034643 0.29021458
v -0.97320105 0.46383150 0.32066013
v -0.94787300 0.45668825 0.34912870
v -0.92047328 0.44896073 0.37544477
v -0.89117080 0.44069658 0.39944611
v -0.86014624 0.43194674 0.42098472
v -0.82759086 0.42276518 0.43992782
v -0.79370538 0.41320848 0.45615863
v -0.75869871 0.40333558 0.46957706
v -0.72278669 0.39320734 0.48010039
v -0.68619071 0.38288621 0.48766375
v -0.64913642 0.37243582 0.49222050
v -0.61185226 0.36192060 0.49374254
v -0.57456810 0.35140538 0.49222050
v -0.53751380 0.34095499 0.48766375
v -0.50091783 0.33063386 0.48010039
v -0.46500581 0.32050562 0.46957706
v -0.42999914 0.31063272 0.45615863
v -0.39611366 0.30107602 0.43992782
v -0.36355828 0.29189446 0.42098472
v -0.33253371 0.28314462 0.39944611
v -0.30323124 0.27488047 0.37544477
v -0.27583152 0.26715295 0.34912870
v -0.25050347 0.26000970 0.32066013
v -0.22740326 0.25349477 0.29021458
v -0.20667331 0.24764832 0.25797977
v -0.18844142 0.24250639 0.22415442
v -0.17282000 0.23810070 0.18894709
v -0.15990536 0.23445839 0.15257484
v -0.14977712 0.23160193 0.11526191
v -0.14249773 0.22954893 0.07723835
v -0.13811207 0.22831205 0.03873859
v -0.13664717 0.22789890 0.00000000
v -0.13811207 0.22831205 -0.03873859
v -0.14249773 0.22954893 -0.07723835
v -0.14977712 0.23160193 -0.11526191
v -0.15990536 0.23445839 -0.15257484
v -0.17282000 0.23810070 -0.18894709
v -0.18844142 0.24250639 -0.22415442
v -0.20667331 0.24764832 -0.25797977
v -0.22740326 0.25349477 -0.29021458
v -0.25050347 0.26000970 -0.32066013
v -0.27583152 0.26715295 -0.34912870
v -0.30323124 0.27488047 -0.37544477
v -0.33253371 0.28314462 -0.39944611
v -0.36355828 0.29189446 -0.42098472
v -0.39611366 0.30107602 -0.43992782
v -0.42999914 0.31063272 -0.45615863
v -0.46500581 0.32050562 -0.46957706
v -0.50091783 0.33063386 -0.48010039
v -0.53751380 0.34095499 -0.48766375
v -0.57456810 0.35140538 -0.49222050
v -0.61185226 0.36192060 -0.49374254
v -0.64913642 0.37243582 -0.49222050
v -0.68619071 0.38288621 -0.48766375
v -0.72278669 0.39320734 -0.48010039
v -0.75869871 0.40333558 -0.46957706
v -0.79370538 0.41320848 -0.45615863
v -0.82759086 0.42276518 -0.43992782
v -0.86014624 0.43194674 -0.42098472
v -0.89117080 0.44069658 -0.39944611
v -0.92047328 0.44896073 -0.37544477
v -0.94787300 0.45668825 -0.34912870
v -0.97320105 0.46383150 -0.32066013
v -0.99630126 0.47034643 -0.29021458
v -1.01703121 0.47619288 -0.25797977
v -1.03526310 0.48133481 -0.22415442
v -1.05088452 0.48574050 -0.18894709
v -1.06379916 0.48938281 -0.15257484
v -1.07392740 0.49223927 -0.11526191
v -1.08120679 0.49429227 -0.07723835
v -1.08559245 0.49552915 -0.03873859
v -1.08138977 0.42690815 0.00000000
v -1.07990483 0.42655164 0.03886824
v -1.07545915 0.42548433 0.07749685
v -1.06808016 0.42371279 0.11564766
v -1.05781334 0.42124795 0.15308547
v -1.04472199 0.41810499 0.18957945
v -1.02888683 0.41430331 0.22490462
v -1.01040548 0.40986633 0.25884317
v -0.98939188 0.40482141 0.29118587
v -0.96597560 0.39919966 0.32173331
v -0.94030100 0.39303573 0.35029715
v -0.91252638 0.38636763 0.37670130
v -0.88282296 0.37923648 0.40078296
v -0.85137390 0.37168622 0.42239366
v -0.81837307 0.36376343 0.44140017
v -0.78402394 0.35551693 0.45768529
v -0.74853829 0.34699758 0.47114863
v -0.71213489 0.33825790 0.48170718
v -0.67503819 0.32935177 0.48929585
v -0.63747690 0.32033410 0.49386785
v -0.59968259 0.31126049 0.49539499
v -0.56188828 0.30218687 0.49386785
v -0.52432698 0.29316920 0.48929585
v -0.48723028 0.28426307 0.48170718
v -0.45082688 0.27552339 0.47114863
v -0.41534123 0.26700404 0.45768529
v -0.38099210 0.25875754 0.44140017
v -0.34799127 0.25083475 0.42239366
v -0.31654221 0.24328449 0.40078296
v -0.28683879 0.23615334 0.37670130
v -0.25906417 0.22948524 0.35029715
v -0.23338957 0.22332131 0.32173331
v -0.20997329 0.21769956 0.29118587
v -0.18895969 0.21265464 0.25884317
v -0.17047834 0.20821766 0.22490462
v -0.15464318 0.20441598 0.18957945
v -0.14155183 0.20127302 0.15308547
v -0.13128501 0.19880818 0.11564766
v -0.12390602 0.19703664 0.07749685
v -0.11946034 0.19596933 0.03886824
v -0.11797540 0.19561282 0.00000000
v -0.11946034 0.19596933 -0.03886824
v -0.12390602 0.19703664 -0.07749685
v -0.13128501 0.19880818 -0.11564766
v -0.14155183 0.20127302 -0.15308547
v -0.15464318 0.20441598 -0.18957945
v -0.17047834 0.20821766 -0.22490462
v -0.18895969 0.21265464 -0.25884317
v -0.20997329 0.21769956 -0.29118587
v -0.23338957 0.22332131 -0.32173331
v -0.25906417 0.22948524 -0.35029715
v -0.28683879 0.23615334 -0.37670130
v -0.31654221 0.24328449 -0.40078296
v -0.34799127 0.25083475 -0.42239366
v -0.38099210 0.25875754 -0.44140017
v -0.41534123 0.26700404 -0.45768529
v -0.45082688 0.27552339 -0.47114863
v -0.48723028 0.28426307 -0.48170718
v -0.52432698 0.29316920 -0.48929585
v -0.56188828 0.30218687 -0.49386785
v -0.59968259 0.31126049 -0.49539499
v -0.63747690 0.32033410 -0.49386785
v -0.67503819 0.32935177 -0.48929585
v -0.71213489 0.33825790 -0.48170718
v -0.74853829 0.34699758 -0.47114863
v -0.78402394 0.35551693 -0.45768529
v -0.81837307 0.36376343 -0.44140017
v -0.85137390 0.37168622 -0.42239366
v -0.88282296 0.37923648 -0.40078296
v -0.91252638 0.38636763 -0.37670130
v -0.94030100 0.39303573 -0.35029715
v -0.96597560 0.39919966 -0.32173331
v -0.98939188 0.40482141 -0.29118587
v -1.01040548 0.40986633 -0.25884317
v -1.02888683 0.41430331 -0.22490462
v -1.04472199 0.41810499 -0.18957945
v -1.05781334 0.42124795 -0.15308547
v -1.06808016 0.42371279 -0.11564766
v -1.07545915 0.42548433 -0.07749685
v -1.07990483 0.42655164 -0.03886824
v -1.07331522 0.35704082 0.00000000
v -1.07181319 0.35674205 0.03897829
v -1.06731634 0.35584757 0.07771626
v -1.05985242 0.35436290 0.11597508
v -1.04946742 0.35229720 0.15351888
v -1.03622539 0.34966320 0.19011619
v -1.02020796 0.34647713 0.22554137
v -1.00151389 0.34275865 0.25957601
v -0.98025842 0.33853067 0.29201027
v -0.95657261 0.33381927 0.32264420
v -0.93060249 0.32865350 0.35128891
v -0.90250818 0.32306519 0.37776782
v -0.87246287 0.31708881 0.40191766
v -0.84065182 0.31076120 0.42358954
v -0.80727115 0.30412137 0.44264986
v -0.77252666 0.29721026 0.45898109
v -0.73663256 0.29007048 0.47248254
v -0.69981015 0.28274605 0.48307099
v -0.66228646 0.27528212 0.49068114
v -0.62429283 0.26772472 0.49526609
v -0.58606350 0.26012043 0.49679755
v -0.54783417 0.25251614 0.49526609
v -0.50984054 0.24495874 0.49068114
v -0.47231684 0.23749481 0.48307099
v -0.43549444 0.23017038 0.47248254
v -0.39960034 0.22303060 0.45898109
v -0.36485585 0.21611949 0.44264986
v -0.33147517 0.20947966 0.42358954
v -0.29966412 0.20315205 0.40191766
v -0.26961882 0.19717567 0.37776782
v -0.24152450 0.19158736 0.35128891
v -0.21555438 0.18642158 0.32264420
v -0.19186858 0.18171018 0.29201027
v -0.17061311 0.17748221 0.25957601
v -0.15191904 0.17376373 0.22554137
v -0.13590161 0.17057766 0.19011619
v -0.12265957 0.16794366 0.15351888
v -0.11227458 0.16587795 0.11597508
v -0.10481065 0.16439329 0.07771626
v -0.10031381 0.16349881 0.03897829
v -0.09881178 0.16320004 0.00000000
v -0.10031381 0.16349881 -0.03897829
v -0.10481065 0.16439329 -0.07771626
v -0.11227458 0.16587795 -0.11597508
v -0.12265957 0.16794366 -0.15351888
v -0.13590161 0.17057766 -0.19011619
v -0.15191904 0.17376373 -0.22554137
v -0.17061311 0.17748221 -0.25957601
v -0.19186858 0.18171018 -0.29201027
v -0.21555438 0.18642158 -0.32264420
v -0.24152450 0.19158736 -0.35128891
v -0.26961882 0.19717567 -0.37776782
v -0.29966412 0.20315205 -0.40191766
v -0.33147517 0.20947966 -0.42358954
v -0.36485585 0.21611949 -0.44264986
v -0.39960034 0.22303060 -0.45898109
v -0.43549444 0.23017038 -0.47248254
v -0.47231684 0.23749481 -0.48307099
v -0.50984054 0.24495874 -0.49068114
v -0.54783417 0.25251614 -0.49526609
v -0.58606350 0.26012043 -0.49679755
v -0.62429283 0.26772472 -0.49526609
v -0.66228646 0.27528212 -0.49068114
v -0.69981015 0.28274605 -0.48307099
v -0.73663256 0.29007048 -0.47248254
v -0.77252666 0.29721026 -0.45898109
v -0.80727115 0.30412137 -0.44264986
v -0.84065182 0.31076120 -0.42358954
v -0.87246287 0.31708881 -0.40191766
v -0.90250818 0.32306519 -0.37776782
v -0.93060249 0.32865350 -0.35128891
v -0.95657261 0.33381927 -0.32264420
v -0.98025842 0.33853067 -0.29201027
v -1.00151389 0.34275865 -0.25957601
v -1.02020796 0.34647713 -0.22554137
v -1.03622539 0.34966320 -0.19011619
v -1.04946742 0.35229720 -0.15351888
v -1.05985242 0.35436290 -0.11597508
v -1.06731634 0.35584757 -0.07771626
v -1.07181319 0.35674205 -0.03897829
v -1.06291591 0.28647552 0.00000000
v -1.06139980 0.28623540 0.03906855
v -1.05686082 0.28551649 0.07789624
v -1.04932695 0.28432325 0.11624367
v -1.03884465 0.28266301 0.15387441
v -1.02547853 0.28054603 0.19055647
v -1.00931101 0.27798534 0.22606369
v -0.99044176 0.27499675 0.26017714
v -0.96898713 0.27159867 0.29268652
v -0.94507937 0.26781205 0.32339139
v -0.91886590 0.26366024 0.35210245
v -0.89050833 0.25916885 0.37864267
v -0.86018149 0.25436555 0.40284844
v -0.82807235 0.24927996 0.42457051
v -0.79437889 0.24394344 0.44367497
v -0.75930882 0.23838889 0.46004402
v -0.72307838 0.23265055 0.47357674
v -0.68591093 0.22676380 0.48418971
v -0.64803562 0.22076494 0.49181749
v -0.60968597 0.21469096 0.49641305
v -0.57109842 0.20857929 0.49794806
v -0.53251086 0.20246762 0.49641305
v -0.49416121 0.19639363 0.49181749
v -0.45628591 0.19039477 0.48418971
v -0.41911846 0.18450803 0.47357674
v -0.38288801 0.17876969 0.46004402
v -0.34781795 0.17321513 0.44367497
v -0.31412449 0.16787861 0.42457051
v -0.28201535 0.16279303 0.40284844
v -0.25168851 0.15798973 0.37864267
v -0.22333094 0.15349833 0.35210245
v -0.19711747 0.14934652 0.32339139
v -0.17320971 0.14555991 0.29268652
v -0.15175507 0.14216183 0.26017714
v -0.13288583 0.13917323 0.22606369
v -0.11671831 0.13661255 0.19055647
v -0.10335219 0.13449556 0.15387441
v -0.09286989 0.13283533 0.11624367
v -0.08533602 0.13164208 0.07789624
v -0.08079704 0.13092318 0.03906855
v -0.07928093 0.13068305 0.00000000
v -0.08079704 0.13092318 -0.03906855
v -0.08533602 0.13164208 -0.07789624
v -0.09286989 0.13283533 -0.11624367
v -0.10335219 0.13449556 -0.15387441
v -0.11671831 0.13661255 -0.19055647
v -0.13288583 0.13917323 -0.22606369
v -0.15175507 0.14216183 -0.26017714
v -0.17320971 0.14555991 -0.29268652
v -0.19711747 0.14934652 -0.32339139
v -0.22333094 0.15349833 -0.35210245
v -0.25168851 0.15798973 -0.37864267
v -0.28201535 0.16279303 -0.40284844
v -0.31412449 0.16787861 -0.42457051
v -0.34781795 0.17321513 -0.44367497
v -0.38288801 0.17876969 -0.46004402
v -0.41911846 0.18450803 -0.47357674
v -0.45628591 0.19039477 -0.48418971
v -0.49416121 0.19639363 -0.49181749
v -0.53251086 0.20246762 -0.49641305
v -0.57109842 0.20857929 -0.49794806
v -0.60968597 0.21469096 -0.49641305
v -0.64803562 0.22076494 -0.49181749
v -0.68591093 0.22676380 -0.48418971
v -0.72307838 0.23265055 -0.47357674
v -0.75930882 0.23838889 -0.46004402
v -0.79437889 0.24394344 -0.44367497
v -0.82807235 0.24927996 -0.42457051
v -0.86018149 0.25436555 -0.40284844
v -0.89050833 0.25916885 -0.37864267
v -0.91886590 0.26366024 -0.35210245
v -0.94507937 0.26781205 -0.32339139
v -0.96898713 0.27159867 -0.29268652
v -0.99044176 0.27499675 -0.26017714
v -1.00931101 0.27798534 -0.22606369
v -1.02547853 0.28054603 -0.19055647
v -1.03884465 0.28266301 -0.15387441
v -1.04932695 0.28432325 -0.11624367
v -1.05686082 0.28551649 -0.07789624
v -1.06139980 0.28623540 -0.03906855
v -1.05028255 0.21534944 0.00000000
v -1.04875544 0.21516870 0.03913891
v -1.04418351 0.21462757 0.07803651
v -1.03659497 0.21372941 0.11645299
v -1.02603658 0.21247974 0.15415150
v -1.01257346 0.21088628 0.19089962
v -0.99628860 0.20895884 0.22647077
v -0.97728240 0.20670931 0.26064566
v -0.95567205 0.20415155 0.29321358
v -0.93159078 0.20130135 0.32397374
v -0.90518706 0.19817626 0.35273650
v -0.87662368 0.19479556 0.37932452
v -0.84607673 0.19118009 0.40357387
v -0.81373455 0.18735214 0.42533506
v -0.77979655 0.18333532 0.44447392
v -0.74447196 0.17915437 0.46087245
v -0.70797856 0.17483510 0.47442954
v -0.67054136 0.17040411 0.48506162
v -0.63239117 0.16588874 0.49270314
v -0.59376318 0.16131682 0.49730697
v -0.55489557 0.15671653 0.49884474
v -0.51602796 0.15211624 0.49730697
v -0.47739997 0.14754432 0.49270314
v -0.43924978 0.14302895 0.48506162
v -0.40181257 0.13859796 0.47442954
v -0.36531918 0.13427869 0.46087245
v -0.32999459 0.13009774 0.44447392
v -0.29605658 0.12608092 0.42533506
v -0.26371441 0.12225297 0.40357387
v -0.23316746 0.11863750 0.37932452
v -0.20460408 0.11525680 0.35273650
v -0.17820036 0.11213171 0.32397374
v -0.15411908 0.10928151 0.29321358
v -0.13250873 0.10672375 0.26064566
v -0.11350254 0.10447422 0.22647077
v -0.09721768 0.10254678 0.19089962
v -0.08375455 0.10095332 0.15415150
v -0.07319617 0.09970365 0.11645299
v -0.06560763 0.09880549 0.07803651
v -0.06103570 0.09826436 0.03913891
v -0.05950859 0.09808362 0.00000000
v -0.06103570 0.09826436 -0.03913891
v -0.06560763 0.09880549 -0.07803651
v -0.07319617 0.09970365 -0.11645299
v -0.08375455 0.10095332 -0.15415150
v -0.09721768 0.10254678 -0.19089962
v -0.11350254 0.10447422 -0.22647077
v -0.13250873 0.10672375 -0.26064566
v -0.15411908 0.10928151 -0.29321358
v -0.17820036 0.11213171 -0.32397374
v -0.20460408 0.11525680 -0.35273650
v -0.23316746 0.11863750 -0.37932452
v -0.26371441 0.12225297 -0.40357387
v -0.29605658 0.12608092 -0.42533506
v -0.32999459 0.13009774 -0.44447392
v -0.36531918 0.13427869 -0.46087245
v -0.40181257 0.13859796 -0.47442954
v -0.43924978 0.14302895 -0.48506162
v -0.47739997 0.14754432 -0.49270314
v -0.51602796 0.15211624 -0.49730697
v -0.55489557 0.15671653 -0.49884474
v -0.59376318 0.16131682 -0.49730697
v -0.63239117 0.16588874 -0.49270314
v -0.67054136 0.17040411 -0.48506162
v -0.70797856 0.17483510 -0.47442954
v -0.74447196 0.17915437 -0.46087245
v -0.77979655 0.18333532 -0.44447392
v -0.81373455 0.18735214 -0.42533506
v -0.84607673 0.19118009 -0.40357387
v -0.87662368 0.19479556 -0.37932452
v -0.90518706 0.19817626 -0.35273650
v -0.93159078 0.20130135 -0.32397374
v -0.95567205 0.20415155 -0.29321358
v -0.97728240 0.20670931 -0.26064566
v -0.99628860 0.20895884 -0.22647077
v -1.01257346 0.21088628 -0.19089962
v -1.02603658 0.21247974 -0.15415150
v -1.03659497 0.21372941 -0.11645299
v -1.04418351 0.21462757 -0.07803651
v -1.04875544 0.21516870 -0.03913891
v -1.03551376 0.14380136 0.00000000
v -1.03397875 0.14368056 0.03918924
v -1.02938321 0.14331888 0.07813686
v -1.02175546 0.14271856 0.11660274
v -1.01114252 0.14188331 0.15434973
v -0.99760984 0.14081826 0.19114510
v -0.98124084 0.13952999 0.22676200
v -0.96213645 0.13802645 0.26098083
v -0.94041444 0.13631689 0.29359064
v -0.91620875 0.13441186 0.32439035
v -0.88966861 0.13232310 0.35319009
v -0.86095765 0.13006350 0.37981230
v -0.83025288 0.12764698 0.40409284
v -0.79774360 0.12508845 0.42588201
v -0.76363025 0.12240367 0.44504548
v -0.72812315 0.11960920 0.46146510
v -0.69144121 0.11672227 0.47503963
v -0.65381058 0.11376067 0.48568538
v -0.61546327 0.11074268 0.49333672
v -0.57663571 0.10768688 0.49794647
v -0.53756728 0.10461213 0.49948622
v -0.49849885 0.10153738 0.49794647
v -0.45967129 0.09848158 0.49333672
v -0.42132399 0.09546358 0.48568538
v -0.38369336 0.09250199 0.47503963
v -0.34701142 0.08961506 0.46146510
v -0.31150432 0.08682059 0.44504548
v -0.27739097 0.08413581 0.42588201
v -0.24488169 0.08157727 0.40409284
v -0.21417692 0.07916075 0.37981230
v -0.18546596 0.07690115 0.35319009
v -0.15892581 0.07481240 0.32439035
v -0.13472012 0.07290737 0.29359064
v -0.11299812 0.07119781 0.26098083
v -0.09389373 0.06969426 0.22676200
v -0.07752473 0.06840599 0.19114510
v -0.06399205 0.06734095 0.15434973
v -0.05337911 0.06650569 0.11660274
v -0.04575136 0.06590537 0.07813686
v -0.04115581 0.06554370 0.03918924
v -0.03962081 0.06542289 0.00000000
v -0.04115581 0.06554370 -0.03918924
v -0.04575136 0.06590537 -0.07813686
v -0.05337911 0.06650569 -0.11660274
v -0.06399205 0.06734095 -0.15434973
v -0.07752473 0.06840599 -0.19114510
v -0.09389373 0.06969426 -0.22676200
v -0.11299812 0.07119781 -0.26098083
v -0.13472012 0.07290737 -0.29359064
v -0.15892581 0.07481240 -0.32439035
v -0.18546596 0.07690115 -0.35319009
v -0.21417692 0.07916075 -0.37981230
v -0.24488169 0.08157727 -0.40409284
v -0.27739097 0.08413581 -0.42588201
v -0.31150432 0.08682059 -0.44504548
v -0.34701142 0.08961506 -0.46146510
v -0.38369336 0.09250199 -0.47503963
v -0.42132399 0.09546358 -0.48568538
v -0.45967129 0.09848158 -0.49333672
v -0.49849885 0.10153738 -0.49794647
v -0.53756728 0.10461213 -0.49948622
v -0.57663571 0.10768688 -0.49794647
v -0.61546327 0.11074268 -0.49333672
v -0.65381058 0.11376067 -0.48568538
v -0.69144121 0.11672227 -0.47503963
v -0.72812315 0.11960920 -0.46146510
v -0.76363025 0.12240367 -0.44504548
v -0.79774360 0.12508845 -0.42588201
v -0.83025288 0.12764698 -0.40409284
v -0.86095765 0.13006350 -0.37981230
v -0.88966861 0.13232310 -0.35319009
v -0.91620875 0.13441186 -0.32439035
v -0.94041444 0.13631689 -0.29359064
v -0.96213645 0.13802645 -0.26098083
v -0.98124084 0.13952999 -0.22676200
v -0.99760984 0.14081826 -0.19114510
v -1.01114252 0.14188331 -0.15434973
v -1.02175546 0.14271856 -0.11660274
v -1.02938321 0.14331888 -0.07813686
v -1.03397875 0.14368056 -0.03918924
v -1.01871542 0.07197128 0.00000000
v -1.01717567 0.07191079 0.03921947
v -1.01256591 0.07172967 0.07819713
v -1.00491457 0.07142905 0.11669269
v -0.99426882 0.07101078 0.15446879
v -0.98069430 0.07047743 0.19129254
v -0.96427469 0.06983230 0.22693691
v -0.94511122 0.06907937 0.26118214
v -0.92332205 0.06822327 0.29381710
v -0.89904152 0.06726928 0.32464057
v -0.87241932 0.06622329 0.35346253
v -0.84361958 0.06509175 0.38010528
v -0.81281987 0.06388163 0.40440454
v -0.78021007 0.06260038 0.42621052
v -0.74599125 0.06125592 0.44538877
v -0.71037436 0.05985653 0.46182105
v -0.67357899 0.05841084 0.47540605
v -0.63583201 0.05692775 0.48606002
v -0.59736614 0.05541643 0.49371726
v -0.55841852 0.05388617 0.49833057
v -0.51922929 0.05234642 0.49987151
v -0.48004006 0.05080667 0.49833057
v -0.44109245 0.04927642 0.49371726
v -0.40262657 0.04776509 0.48606002
v -0.36487959 0.04628200 0.47540605
v -0.32808423 0.04483631 0.46182105
v -0.29246734 0.04343692 0.44538877
v -0.25824851 0.04209246 0.42621052
v -0.22563872 0.04081122 0.40440454
v -0.19483900 0.03960109 0.38010528
v -0.16603927 0.03846955 0.35346253
v -0.13941706 0.03742356 0.32464057
v -0.11513653 0.03646957 0.29381710
v -0.09334736 0.03561347 0.26118214
v -0.07418390 0.03486054 0.22693691
v -0.05776429 0.03421541 0.19129254
v -0.04418976 0.03368207 0.15446879
v -0.03354401 0.03326379 0.11669269
v -0.02589267 0.03296317 0.07819713
v -0.02128292 0.03278205 0.03921947
v -0.01974317 0.03272156 0.00000000
v -0.02128292 0.03278205 -0.03921947
v -0.02589267 0.03296317 -0.07819713
v -0.03354401 0.03326379 -0.11669269
v -0.04418976 0.03368207 -0.15446879
v -0.05776429 0.03421541 -0.19129254
v -0.07418390 0.03486054 -0.22693691
v -0.09334736 0.03561347 -0.26118214
v -0.11513653 0.03646957 -0.29381710
v -0.13941706 0.03742356 -0.32464057
v -0.16603927 0.03846955 -0.35346253
v -0.19483900 0.03960109 -0.38010528
v -0.22563872 0.04081122 -0.40440454
v -0.25824851 0.04209246 -0.42621052
v -0.29246734 0.04343692 -0.44538877
v -0.32808423 0.04483631 -0.46182105
v -0.36487959 0.04628200 -0.47540605
v -0.40262657 0.04776509 -0.48606002
v -0.44109245 0.04927642 -0.49371726
v -0.48004006 0.05080667 -0.49833057
v -0.51922929 0.05234642 -0.49987151
v -0.55841852 0.05388617 -0.49833057
v -0.59736614 0.05541643 -0.49371726
v -0.63583201 0.05692775 -0.48606002
v -0.67357899 0.05841084 -0.47540605
v -0.71037436 0.05985653 -0.46182105
v -0.74599125 0.06125592 -0.44538877
v -0.78021007 0.06260038 -0.42621052
v -0.81281987 0.06388163 -0.40440454
v -0.84361958 0.06509175 -0.38010528
v -0.87241932 0.06622329 -0.35346253
v -0.89904152 0.06726928 -0.32464057
v -0.92332205 0.06822327 -0.29381710
v -0.94511122 0.06907937 -0.26118214
v -0.96427469 0.06983230 -0.22693691
v -0.98069430 0.07047743 -0.19129254
v -0.99426882 0.07101078 -0.15446879
v -1.00491457 0.07142905 -0.11669269
v -1.01256591 0.07172967 -0.07819713
v -1.01717567 0.07191079 -0.03921947
v -1.00000000 0.00000000 0.00000000
v -0.99845867 0.00000000 0.03922955
v -0.99384417 0.00000000 0.07821723
v -0.98618496 0.00000000 0.11672268
v -0.97552826 0.00000000 0.15450850
v -0.96193977 0.00000000 0.19134172
v -0.94550326 0.00000000 0.22699525
v -0.92632008 0.00000000 0.26124928
v -0.90450850 0.00000000 0.29389263
v -0.88020298 0.00000000 0.32472402
v -0.85355339 0.00000000 0.35355339
v -0.82472402 0.00000000 0.38020298
v -0.79389263 0.00000000 0.40450850
v -0.76124928 0.00000000 0.42632008
v -0.72699525 0.00000000 0.44550326
v -0.69134172 0.00000000 0.46193977
v -0.65450850 0.00000000 0.47552826
v -0.61672268 0.00000000 0.48618496
v -0.57821723 0.00000000 0.49384417
v -0.53922955 0.00000000 0.49845867
v -0.50000000 0.00000000 0.50000000
v -0.46077045 0.00000000 0.49845867
v -0.42178277 0.00000000 0.49384417
v -0.38327732 0.00000000 0.48618496
v -0.34549150 0.00000000 0.47552826
v -0.30865828 0.00000000 0.46193977
v -0.27300475 0.00000000 0.44550326
v -0.23875072 0.00000000 0.42632008
v -0.20610737 0.00000000 0.40450850
v -0.17527598 0.00000000 0.38020298
v -0.14644661 0.00000000 0.35355339
v -0.11979702 0.00000000 0.32472402
v -0.09549150 0.00000000 0.29389263
v -0.07367992 0.00000000 0.26124928
v -0.05449674 0.00000000 0.22699525
v -0.03806023 0.00000000 0.19134172
v -0.02447174 0.00000000 0.15450850
v -0.01381504 0.00000000 0.11672268
v -0.00615583 0.00000000 0.07821723
v -0.00154133 0.00000000 0.03922955
v -0.00000000 0.00000000 0.00000000
v -0.00154133 0.00000000 -0.03922955
v -0.00615583 0.00000000 -0.07821723
v -0.01381504 0.00000000 -0.11672268
v -0.02447174 0.00000000 -0.15450850
v -0.03806023 0.00000000 -0.19134172
v -0.05449674 0.00000000 -0.22699525
v -0.07367992 0.00000000 -0.26124928
v -0.09549150 0.00000000 -0.29389263
v -0.11979702 0.00000000 -0.32472402
v -0.14644661 0.00000000 -0.35355339
v -0.17527598 0.00000000 -0.38020298
v -0.20610737 0.00000000 -0.40450850
v -0.23875072 0.00000000 -0.42632008
v -0.27300475 0.00000000 -0.44550326
v -0.30865828 0.00000000 -0.46193977
v -0.34549150 0.00000000 -0.47552826
v -0.38327732 0.00000000 -0.48618496
v -0.42178277 0.00000000 -0.49384417
v -0.46077045 0.00000000 -0.49845867
v -0.50000000 0.00000000 -0.50000000
v -0.53922955 0.00000000 -0.49845867
v -0.57821723 0.00000000 -0.49384417
v -0.61672268 0.00000000 -0.48618496
v -0.65450850 0.00000000 -0.47552826
v -0.69134172 0.00000000 -0.46193977
v -0.72699525 0.00000000 -0.44550326
v -0.76124928 0.00000000 -0.42632008
v -0.79389263 0.00000000 -0.40450850
v -0.82472402 0.00000000 -0.38020298
v -0.85355339 0.00000000 -0.35355339
v -0.88020298 0.00000000 -0.32472402
v -0.90450850 0.00000000 -0.29389263
v -0.92632008 0.00000000 -0.26124928
v -0.94550326 0.00000000 -0.22699525
v -0.96193977 0.00000000 -0.19134172
v -0.97552826 0.00000000 -0.15450850
v -0.98618496 0.00000000 -0.11672268
v -0.99384417 0.00000000 -0.07821723
v -0.99845867 0.00000000 -0.03922955
v -0.97987125 -0.05234642 0.00000000
v -0.97833031 -0.05234642 0.03921947
v -0.97371700 -0.05234642 0.07819713
v -0.96605976 -0.05234642 0.11669269
v -0.95540580 -0.05234642 0.15446879
v -0.94182080 -0.05234642 0.19129254
v -0.92538852 -0.05234642 0.22693691
v -0.90621027 -0.05234642 0.26118214
v -0.88440429 -0.05234642 0.29381710
v -0.86010502 -0.05234642 0.32464057
v -0.83346228 -0.05234642 0.35346253
v -0.80464032 -0.05234642 0.38010528
v -0.77381684 -0.05234642 0.40440454
v -0.74118189 -0.05234642 0.42621052
v -0.70693666 -0.05234642 0.44538877
v -0.67129229 -0.05234642 0.46182105
v -0.63446853 -0.05234642 0.47540605
v -0.59669243 -0.05234642 0.48606002
v -0.55819688 -0.05234642 0.49371726
v -0.51921921 -0.05234642 0.49833057
v -0.47999974 -0.05234642 0.49987151
v -0.44078028 -0.05234642 0.49833057
v -0.40180261 -0.05234642 0.49371726
v -0.36330706 -0.05234642 0.48606002
v -0.32553095 -0.05234642 0.47540605
v -0.28870720 -0.05234642 0.46182105
v -0.25306283 -0.05234642 0.44538877
v -0.21881760 -0.05234642 0.42621052
v -0.18618264 -0.05234642 0.40440454
v -0.15535917 -0.05234642 0.38010528
v -0.12653721 -0.05234642 0.35346253
v -0.09989447 -0.05234642 0.32464057
v -0.07559520 -0.05234642 0.29381710
v -0.05378922 -0.05234642 0.26118214
v -0.03461097 -0.05234642 0.22693691
v -0.01817869 -0.05234642 0.19129254
v -0.00459369 -0.05234642 0.15446879
v 0.00606027 -0.05234642 0.11669269
v 0.01371751 -0.05234642 0.07819713
v 0.01833082 -0.05234642 0.03921947
v 0.01987176 -0.05234642 0.00000000
v 0.01833082 -0.05234642 -0.03921947
v 0.01371751 -0.05234642 -0.07819713
v 0.00606027 -0.05234642 -0.11669269
v -0.00459369 -0.05234642 -0.15446879
v -0.01817869 -0.05234642 -0.19129254
v -0.03461097 -0.05234642 -0.22693691
v -0.05378922 -0.05234642 -0.26118214
v -0.07559520 -0.05234642 -0.29381710
v -0.09989447 -0.05234642 -0.32464057
v -0.12653721 -0.05234642 -0.35346253
v -0.15535917 -0.05234642 -0.38010528
v -0.18618264 -0.05234642 -0.40440454
v -0.21881760 -0.05234642 -0.42621052
v -0.25306283 -0.05234642 -0.44538877
v -0.28870720 -0.05234642 -0.46182105
v -0.32553095 -0.05234642 -0.47540605
v -0.36330706 -0.05234642 -0.48606002
v -0.40180261 -0.05234642 -0.49371726
v -0.44078028 -0.05234642 -0.49833057
v -0.47999974 -0.05234642 -0.49987151
v -0.51921921 -0.05234642 -0.49833057
v -0.55819688 -0.05234642 -0.49371726
v -0.59669243 -0.05234642 -0.48606002
v -0.63446853 -0.05234642 -0.47540605
v -0.67129229 -0.05234642 -0.46182105
v -0.70693666 -0.05234642 -0.44538877
v -0.74118189 -0.05234642 -0.42621052
v -0.77381684 -0.05234642 -0.40440454
v -0.80464032 -0.05234642 -0.38010528
v -0.83346228 -0.05234642 -0.35346253
v -0.86010502 -0.05234642 -0.32464057
v -0.88440429 -0.05234642 -0.29381710
v -0.90621027 -0.05234642 -0.26118214
v -0.92538852 -0.05234642 -0.22693691
v -0.94182080 -0.05234642 -0.19129254
v -0.95540580 -0.05234642 -0.15446879
v -0.96605976 -0.05234642 -0.11669269
v -0.97371700 -0.05234642 -0.07819713
v -0.97833031 -0.05234642 -0.03921947
v -0.95883627 -0.10461213 0.00000000
v -0.95729652 -0.10461213 0.03918924
v -0.95268677 -0.10461213 0.07813686
v -0.94503543 -0.10461213 0.11660274
v -0.93438968 -0.10461213 0.15434973
v -0.92081515 -0.10461213 0.19114510
v -0.90439553 -0.10461213 0.22676200
v -0.88523207 -0.10461213 0.26098083
v -0.86344289 -0.10461213 0.29359064
v -0.83916235 -0.10461213 0.32439035
v -0.81254015 -0.10461213 0.35319009
v -0.78374040 -0.10461213 0.37981230
v -0.75294069 -0.10461213 0.40409284
v -0.72033088 -0.10461213 0.42588201
v -0.68611205 -0.10461213 0.44504548
v -0.65049515 -0.10461213 0.46146510
v -0.61369978 -0.10461213 0.47503963
v -0.57595279 -0.10461213 0.48568538
v -0.53748691 -0.10461213 0.49333672
v -0.49853929 -0.10461213 0.49794647
v -0.45935005 -0.10461213 0.49948622
v -0.42016081 -0.10461213 0.49794647
v -0.38121319 -0.10461213 0.49333672
v -0.34274731 -0.10461213 0.48568538
v -0.30500032 -0.10461213 0.47503963
v -0.26820495 -0.10461213 0.46146510
v -0.23258805 -0.10461213 0.44504548
v -0.19836922 -0.10461213 0.42588201
v -0.16575942 -0.10461213 0.40409284
v -0.13495970 -0.10461213 0.37981230
v -0.10615996 -0.10461213 0.35319009
v -0.07953775 -0.10461213 0.32439035
v -0.05525721 -0.10461213 0.29359064
v -0.03346804 -0.10461213 0.26098083
v -0.01430457 -0.10461213 0.22676200
v 0.00211505 -0.10461213 0.19114510
v 0.01568958 -0.10461213 0.15434973
v 0.02633533 -0.10461213 0.11660274
v 0.03398667 -0.10461213 0.07813686
v 0.03859642 -0.10461213 0.03918924
v 0.04013617 -0.10461213 0.00000000
v 0.03859642 -0.10461213 -0.03918924
v 0.03398667 -0.10461213 -0.07813686
v 0.02633533 -0.10461213 -0.11660274
v 0.01568958 -0.10461213 -0.15434973
v 0.00211505 -0.10461213 -0.19114510
v -0.01430457 -0.10461213 -0.22676200
v -0.03346804 -0.10461213 -0.26098083
v -0.05525721 -0.10461213 -0.29359064
v -0.07953775 -0.10461213 -0.32439035
v -0.10615996 -0.10461213 -0.35319009
v -0.13495970 -0.10461213 -0.37981230
v -0.16575942 -0.10461213 -0.40409284
v -0.19836922 -0.10461213 -0.42588201
v -0.23258805 -0.10461213 -0.44504548
v -0.26820495 -0.10461213 -0.46146510
v -0.30500032 -0.10461213 -0.47503963
v -0.34274731 -0.10461213 -0.48568538
v -0.38121319 -0.10461213 -0.49333672
v -0.42016081 -0.10461213 -0.49794647
v -0.45935005 -0.10461213 -0.49948622
v -0.49853929 -0.10461213 -0.49794647
v -0.53748691 -0.10461213 -0.49333672
v -0.57595279 -0.10461213 -0.48568538
v -0.61369978 -0.10461213 -0.47503963
v -0.65049515 -0.10461213 -0.46146510
v -0.68611205 -0.10461213 -0.44504548
v -0.72033088 -0.10461213 -0.42588201
v -0.75294069 -0.10461213 -0.40409284
v -0.78374040 -0.10461213 -0.37981230
v -0.81254015 -0.10461213 -0.35319009
v -0.83916235 -0.10461213 -0.32439035
v -0.86344289 -0.10461213 -0.29359064
v -0.88523207 -0.10461213 -0.26098083
v -0.90439553 -0.10461213 -0.22676200
v -0.92081515 -0.10461213 -0.19114510
v -0.93438968 -0.10461213 -0.15434973
v -0.94503543 -0.10461213 -0.11660274
v -0.95268677 -0.10461213 -0.07813686
v -0.95729652 -0.10461213 -0.03918924
v -0.93701763 -0.15671653 0.00000000
v -0.93547986 -0.15671653 0.03913891
v -0.93087602 -0.15671653 0.07803651
v -0.92323451 -0.15671653 0.11645299
v -0.91260243 -0.15671653 0.15415150
v -0.89904534 -0.15671653 0.19089962
v -0.88264681 -0.15671653 0.22647077
v -0.86350795 -0.15671653 0.26064566
v -0.84174676 -0.15671653 0.29321358
v -0.81749741 -0.15671653 0.32397374
v -0.79090939 -0.15671653 0.35273650
v -0.76214663 -0.15671653 0.37932452
v -0.73138647 -0.15671653 0.40357387
v -0.69881855 -0.15671653 0.42533506
v -0.66464366 -0.15671653 0.44447392
v -0.62907251 -0.15671653 0.46087245
v -0.59232439 -0.15671653 0.47442954
v -0.55462588 -0.15671653 0.48506162
v -0.51620940 -0.15671653 0.49270314
v -0.47731179 -0.15671653 0.49730697
v -0.43817289 -0.15671653 0.49884474
v -0.39903398 -0.15671653 0.49730697
v -0.36013638 -0.15671653 0.49270314
v -0.32171990 -0.15671653 0.48506162
v -0.28402138 -0.15671653 0.47442954
v -0.24727327 -0.15671653 0.46087245
v -0.21170211 -0.15671653 0.44447392
v -0.17752723 -0.15671653 0.42533506
v -0.14495930 -0.15671653 0.40357387
v -0.11419914 -0.15671653 0.37932452
v -0.08543639 -0.15671653 0.35273650
v -0.05884837 -0.15671653 0.32397374
v -0.03459901 -0.15671653 0.29321358
v -0.01283782 -0.15671653 0.26064566
v 0.00630103 -0.15671653 0.22647077
v 0.02269956 -0.15671653 0.19089962
v 0.03625666 -0.15671653 0.15415150
v 0.04688874 -0.15671653 0.11645299
v 0.05453025 -0.15671653 0.07803651
v 0.05913408 -0.15671653 0.03913891
v 0.06067186 -0.15671653 0.00000000
v 0.05913408 -0.15671653 -0.03913891
v 0.05453025 -0.15671653 -0.07803651
v 0.04688874 -0.15671653 -0.11645299
v 0.03625666 -0.15671653 -0.15415150
v 0.02269956 -0.15671653 -0.19089962
v 0.00630103 -0.15671653 -0.22647077
v -0.01283782 -0.15671653 -0.26064566
v -0.03459901 -0.15671653 -0.29321358
v -0.05884837 -0.15671653 -0.32397374
v -0.08543639 -0.15671653 -0.35273650
v -0.11419914 -0.15671653 -0.37932452
v -0.14495930 -0.15671653 -0.40357387
v -0.17752723 -0.15671653 -0.42533506
v -0.21170211 -0.15671653 -0.44447392
v -0.24727327 -0.15671653 -0.46087245
v -0.28402138 -0.15671653 -0.47442954
v -0.32171990 -0.15671653 -0.48506162
v -0.36013638 -0.15671653 -0.49270314
v -0.39903398 -0.15671653 -0.49730697
v -0.43817289 -0.15671653 -0.49884474
v -0.47731179 -0.15671653 -0.49730697
v -0.51620940 -0.15671653 -0.49270314
v -0.55462588 -0.15671653 -0.48506162
v -0.59232439 -0.15671653 -0.47442954
v -0.62907251 -0.15671653 -0.46087245
v -0.66464366 -0.15671653 -0.44447392
v -0.69881855 -0.15671653 -0.42533506
v -0.73138647 -0.15671653 -0.40357387
v -0.76214663 -0.15671653 -0.37932452
v -0.79090939 -0.15671653 -0.35273650
v -0.81749741 -0.15671653 -0.32397374
v -0.84174676 -0.15671653 -0.29321358
v -0.86350795 -0.15671653 -0.26064566
v -0.88264681 -0.15671653 -0.22647077
v -0.89904534 -0.15671653 -0.19089962
v -0.91260243 -0.15671653 -0.15415150
v -0.92323451 -0.15671653 -0.11645299
v -0.93087602 -0.15671653 -0.07803651
v -0.93547986 -0.15671653 -0.03913891
v -0.91453798 -0.20857929 0.00000000
v -0.91300297 -0.20857929 0.03906855
v -0.90840741 -0.20857929 0.07789624
v -0.90077963 -0.20857929 0.11624367
v -0.89016667 -0.20857929 0.15387441
v -0.87663394 -0.20857929 0.19055647
v -0.86026489 -0.20857929 0.22606369
v -0.84116043 -0.20857929 0.26017714
v -0.81943836 -0.20857929 0.29268652
v -0.79523259 -0.20857929 0.32339139
v -0.76869237 -0.20857929 0.35210245
v -0.73998132 -0.20857929 0.37864267
v -0.70927645 -0.20857929 0.40284844
v -0.67676707 -0.20857929 0.42457051
v -0.64265361 -0.20857929 0.44367497
v -0.60714639 -0.20857929 0.46004402
v -0.57046433 -0.20857929 0.47357674
v -0.53283359 -0.20857929 0.48418971
v -0.49448616 -0.20857929 0.49181749
v -0.45565848 -0.20857929 0.49641305
v -0.41658992 -0.20857929 0.49794806
v -0.37752137 -0.20857929 0.49641305
v -0.33869368 -0.20857929 0.49181749
v -0.30034626 -0.20857929 0.48418971
v -0.26271551 -0.20857929 0.47357674
v -0.22603345 -0.20857929 0.46004402
v -0.19052623 -0.20857929 0.44367497
v -0.15641278 -0.20857929 0.42457051
v -0.12390340 -0.20857929 0.40284844
v -0.09319853 -0.20857929 0.37864267
v -0.06448747 -0.20857929 0.35210245
v -0.03794725 -0.20857929 0.32339139
v -0.01374148 -0.20857929 0.29268652
v 0.00798059 -0.20857929 0.26017714
v 0.02708505 -0.20857929 0.22606369
v 0.04345410 -0.20857929 0.19055647
v 0.05698682 -0.20857929 0.15387441
v 0.06759979 -0.20857929 0.11624367
v 0.07522757 -0.20857929 0.07789624
v 0.07982313 -0.20857929 0.03906855
v 0.08135814 -0.20857929 0.00000000
v 0.07982313 -0.20857929 -0.03906855
v 0.07522757 -0.20857929 -0.07789624
v 0.06759979 -0.20857929 -0.11624367
v 0.05698682 -0.20857929 -0.15387441
v 0.04345410 -0.20857929 -0.19055647
v 0.02708505 -0.20857929 -0.22606369
v 0.00798059 -0.20857929 -0.26017714
v -0.01374148 -0.20857929 -0.29268652
v -0.03794725 -0.20857929 -0.32339139
v -0.06448747 -0.20857929 -0.35210245
v -0.09319853 -0.20857929 -0.37864267
v -0.12390340 -0.20857929 -0.40284844
v -0.15641278 -0.20857929 -0.42457051
v -0.19052623 -0.20857929 -0.44367497
v -0.22603345 -0.20857929 -0.46004402
v -0.26271551 -0.20857929 -0.47357674
v -0.30034626 -0.20857929 -0.48418971
v -0.33869368 -0.20857929 -0.49181749
v -0.37752137 -0.20857929 -0.49641305
v -0.41658992 -0.20857929 -0.49794806
v -0.45565848 -0.20857929 -0.49641305
v -0.49448616 -0.20857929 -0.49181749
v -0.53283359 -0.20857929 -0.48418971
v -0.57046433 -0.20857929 -0.47357674
v -0.60714639 -0.20857929 -0.46004402
v -0.64265361 -0.20857929 -0.44367497
v -0.67676707 -0.20857929 -0.42457051
v -0.70927645 -0.20857929 -0.40284844
v -0.73998132 -0.20857929 -0.37864267
v -0.76869237 -0.20857929 -0.35210245
v -0.79523259 -0.20857929 -0.32339139
v -0.81943836 -0.20857929 -0.29268652
v -0.84116043 -0.20857929 -0.26017714
v -0.86026489 -0.20857929 -0.22606369
v -0.87663394 -0.20857929 -0.19055647
v -0.89016667 -0.20857929 -0.15387441
v -0.90077963 -0.20857929 -0.11624367
v -0.90840741 -0.20857929 -0.07789624
v -0.91300297 -0.20857929 -0.03906855
v -0.89151933 -0.26012043 0.00000000
v -0.88998787 -0.26012043 0.03897829
v -0.88540293 -0.26012043 0.07771626
v -0.87779277 -0.26012043 0.11597508
v -0.86720433 -0.26012043 0.15351888
v -0.85370287 -0.26012043 0.19011619
v -0.83737164 -0.26012043 0.22554137
v -0.81831132 -0.26012043 0.25957601
v -0.79663944 -0.26012043 0.29201027
v -0.77248960 -0.26012043 0.32264420
v -0.74601070 -0.26012043 0.35128891
v -0.71736598 -0.26012043 0.37776782
v -0.68673205 -0.26012043 0.40191766
v -0.65429779 -0.26012043 0.42358954
v -0.62026315 -0.26012043 0.44264986
v -0.58483797 -0.26012043 0.45898109
v -0.54824067 -0.26012043 0.47248254
v -0.51069687 -0.26012043 0.48307099
v -0.47243804 -0.26012043 0.49068114
v -0.43370007 -0.26012043 0.49526609
v -0.39472178 -0.26012043 0.49679755
v -0.35574350 -0.26012043 0.49526609
v -0.31700552 -0.26012043 0.49068114
v -0.27874670 -0.26012043 0.48307099
v -0.24120290 -0.26012043 0.47248254
v -0.20460559 -0.26012043 0.45898109
v -0.16918042 -0.26012043 0.44264986
v -0.13514578 -0.26012043 0.42358954
v -0.10271151 -0.26012043 0.40191766
v -0.07207758 -0.26012043 0.37776782
v -0.04343287 -0.26012043 0.35128891
v -0.01695396 -0.26012043 0.32264420
v 0.00719588 -0.26012043 0.29201027
v 0.02886776 -0.26012043 0.25957601
v 0.04792807 -0.26012043 0.22554137
v 0.06425930 -0.26012043 0.19011619
v 0.07776076 -0.26012043 0.15351888
v 0.08834921 -0.26012043 0.11597508
v 0.09595936 -0.26012043 0.07771626
v 0.10054430 -0.26012043 0.03897829
v 0.10207576 -0.26012043 0.00000000
v 0.10054430 -0.26012043 -0.03897829
v 0.09595936 -0.26012043 -0.07771626
v 0.08834921 -0.26012043 -0.11597508
v 0.07776076 -0.26012043 -0.15351888
v 0.06425930 -0.26012043 -0.19011619
v 0.04792807 -0.26012043 -0.22554137
v 0.02886776 -0.26012043 -0.25957601
v 0.00719588 -0.26012043 -0.29201027
v -0.01695396 -0.26012043 -0.32264420
v -0.04343287 -0.26012043 -0.35128891
v -0.07207758 -0.26012043 -0.37776782
v -0.10271151 -0.26012043 -0.40191766
v -0.13514578 -0.26012043 -0.42358954
v -0.16918042 -0.26012043 -0.44264986
v -0.20460559 -0.26012043 -0.45898109
v -0.24120290 -0.26012043 -0.47248254
v -0.27874670 -0.26012043 -0.48307099
v -0.31700552 -0.26012043 -0.49068114
v -0.35574350 -0.26012043 -0.49526609
v -0.39472178 -0.26012043 -0.49679755
v -0.43370007 -0.26012043 -0.49526609
v -0.47243804 -0.26012043 -0.49068114
v -0.51069687 -0.26012043 -0.48307099
v -0.54824067 -0.26012043 -0.47248254
v -0.58483797 -0.26012043 -0.45898109
v -0.62026315 -0.26012043 -0.44264986
v -0.65429779 -0.26012043 -0.42358954
v -0.68673205 -0.26012043 -0.40191766
v -0.71736598 -0.26012043 -0.37776782
v -0.74601070 -0.26012043 -0.35128891
v -0.77248960 -0.26012043 -0.32264420
v -0.79663944 -0.26012043 -0.29201027
v -0.81831132 -0.26012043 -0.25957601
v -0.83737164 -0.26012043 -0.22554137
v -0.85370287 -0.26012043 -0.19011619
v -0.86720433 -0.26012043 -0.15351888
v -0.87779277 -0.26012043 -0.11597508
v -0.88540293 -0.26012043 -0.07771626
v -0.88998787 -0.26012043 -0.03897829
v -0.86808232 -0.31126049 0.00000000
v -0.86655518 -0.31126049 0.03886824
v -0.86198319 -0.31126049 0.07749685
v -0.85439452 -0.31126049 0.11564766
v -0.84383597 -0.31126049 0.15308547
v -0.83037262 -0.31126049 0.18957945
v -0.81408750 -0.31126049 0.22490462
v -0.79508100 -0.31126049 0.25884317
v -0.77347030 -0.31126049 0.29118587
v -0.74938864 -0.31126049 0.32173331
v -0.72298449 -0.31126049 0.35029715
v -0.69442064 -0.31126049 0.37670130
v -0.66387320 -0.31126049 0.40078296
v -0.63153050 -0.31126049 0.42239366
v -0.59759195 -0.31126049 0.44140017
v -0.56226679 -0.31126049 0.45768529
v -0.52577281 -0.31126049 0.47114863
v -0.48833500 -0.31126049 0.48170718
v -0.45018418 -0.31126049 0.48929585
v -0.41155558 -0.31126049 0.49386785
v -0.37268734 -0.31126049 0.49539499
v -0.33381909 -0.31126049 0.49386785
v -0.29519049 -0.31126049 0.48929585
v -0.25703967 -0.31126049 0.48170718
v -0.21960187 -0.31126049 0.47114863
v -0.18310788 -0.31126049 0.45768529
v -0.14778272 -0.31126049 0.44140017
v -0.11384417 -0.31126049 0.42239366
v -0.08150147 -0.31126049 0.40078296
v -0.05095403 -0.31126049 0.37670130
v -0.02239018 -0.31126049 0.35029715
v 0.00401397 -0.31126049 0.32173331
v 0.02809563 -0.31126049 0.29118587
v 0.04970633 -0.31126049 0.25884317
v 0.06871283 -0.31126049 0.22490462
v 0.08499795 -0.31126049 0.18957945
v 0.09846130 -0.31126049 0.15308547
v 0.10901985 -0.31126049 0.11564766
v 0.11660852 -0.31126049 0.07749685
v 0.12118051 -0.31126049 0.03886824
v 0.12270765 -0.31126049 0.00000000
v 0.12118051 -0.31126049 -0.03886824
v 0.11660852 -0.31126049 -0.07749685
v 0.10901985 -0.31126049 -0.11564766
v 0.09846130 -0.31126049 -0.15308547
v 0.08499795 -0.31126049 -0.18957945
v 0.06871283 -0.31126049 -0.22490462
v 0.04970633 -0.31126049 -0.25884317
v 0.02809563 -0.31126049 -0.29118587
v 0.00401397 -0.31126049 -0.32173331
v -0.02239018 -0.31126049 -0.35029715
v -0.05095403 -0.31126049 -0.37670130
v -0.08150147 -0.31126049 -0.40078296
v -0.11384417 -0.31126049 -0.42239366
v -0.14778272 -0.31126049 -0.44140017
v -0.18310788 -0.31126049 -0.45768529
v -0.21960187 -0.31126049 -0.47114863
v -0.25703967 -0.31126049 -0.48170718
v -0.29519049 -0.31126049 -0.48929585
v -0.33381909 -0.31126049 -0.49386785
v -0.37268734 -0.31126049 -0.49539499
v -0.41155558 -0.31126049 -0.49386785
v -0.45018418 -0.31126049 -0.48929585
v -0.48833500 -0.31126049 -0.48170718
v -0.52577281 -0.31126049 -0.47114863
v -0.56226679 -0.31126049 -0.45768529
v -0.59759195 -0.31126049 -0.44140017
v -0.63153050 -0.31126049 -0.42239366
v -0.66387320 -0.31126049 -0.40078296
v -0.69442064 -0.31126049 -0.37670130
v -0.72298449 -0.31126049 -0.35029715
v -0.74938864 -0.31126049 -0.32173331
v -0.77347030 -0.31126049 -0.29118587
v -0.79508100 -0.31126049 -0.25884317
v -0.81408750 -0.31126049 -0.22490462
v -0.83037262 -0.31126049 -0.18957945
v -0.84383597 -0.31126049 -0.15308547
v -0.85439452 -0.31126049 -0.11564766
v -0.86198319 -0.31126049 -0.07749685
v -0.86655518 -0.31126049 -0.03886824
v -0.84434552 -0.36192060 0.00000000
v -0.84282347 -0.36192060 0.03873859
v -0.83826673 -0.36192060 0.07723835
v -0.83070337 -0.36192060 0.11526191
v -0.82018004 -0.36192060 0.15257484
v -0.80676160 -0.36192060 0.18894709
v -0.79053080 -0.36192060 0.22415442
v -0.77158770 -0.36192060 0.25797977
v -0.75004908 -0.36192060 0.29021458
v -0.72604775 -0.36192060 0.32066013
v -0.69973167 -0.36192060 0.34912870
v -0.67126311 -0.36192060 0.37544477
v -0.64081756 -0.36192060 0.39944611
v -0.60858275 -0.36192060 0.42098472
v -0.57475740 -0.36192060 0.43992782
v -0.53955007 -0.36192060 0.45615863
v -0.50317781 -0.36192060 0.46957706
v -0.46586488 -0.36192060 0.48010039
v -0.42784133 -0.36192060 0.48766375
v -0.38934157 -0.36192060 0.49222050
v -0.35060298 -0.36192060 0.49374254
v -0.31186438 -0.36192060 0.49222050
v -0.27336463 -0.36192060 0.48766375
v -0.23534107 -0.36192060 0.48010039
v -0.19802814 -0.36192060 0.46957706
v -0.16165589 -0.36192060 0.45615863
v -0.12644855 -0.36192060 0.43992782
v -0.09262321 -0.36192060 0.42098472
v -0.06038839 -0.36192060 0.39944611
v -0.02994285 -0.36192060 0.37544477
v -0.00147428 -0.36192060 0.34912870
v 0.02484180 -0.36192060 0.32066013
v 0.04884313 -0.36192060 0.29021458
v 0.07038174 -0.36192060 0.25797977
v 0.08932485 -0.36192060 0.22415442
v 0.10555565 -0.36192060 0.18894709
v 0.11897408 -0.36192060 0.15257484
v 0.12949742 -0.36192060 0.11526191
v 0.13706077 -0.36192060 0.07723835
v 0.14161752 -0.36192060 0.03873859
v 0.14313956 -0.36192060 0.00000000
v 0.14161752 -0.36192060 -0.03873859
v 0.13706077 -0.36192060 -0.07723835
v 0.12949742 -0.36192060 -0.11526191
v 0.11897408 -0.36192060 -0.15257484
v 0.10555565 -0.36192060 -0.18894709
v 0.08932485 -0.36192060 -0.22415442
v 0.07038174 -0.36192060 -0.25797977
v 0.04884313 -0.36192060 -0.29021458
v 0.02484180 -0.36192060 -0.32066013
v -0.00147428 -0.36192060 -0.34912870
v -0.02994285 -0.36192060 -0.37544477
v -0.06038839 -0.36192060 -0.39944611
v -0.09262321 -0.36192060 -0.42098472
v -0.12644855 -0.36192060 -0.43992782
v -0.16165589 -0.36192060 -0.45615863
v -0.19802814 -0.36192060 -0.46957706
v -0.23534107 -0.36192060 -0.48010039
v -0.27336463 -0.36192060 -0.48766375
v -0.31186438 -0.36192060 -0.49222050
v -0.35060298 -0.36192060 -0.49374254
v -0.38934157 -0.36192060 -0.49222050
v -0.42784133 -0.36192060 -0.48766375
v -0.46586488 -0.36192060 -0.48010039
v -0.50317781 -0.36192060 -0.46957706
v -0.53955007 -0.36192060 -0.45615863
v -0.57475740 -0.36192060 -0.43992782
v -0.60858275 -0.36192060 -0.42098472
v -0.64081756 -0.36192060 -0.39944611
v -0.67126311 -0.36192060 -0.37544477
v -0.69973167 -0.36192060 -0.34912870
v -0.72604775 -0.36192060 -0.32066013
v -0.75004908 -0.36192060 -0.29021458
v -0.77158770 -0.36192060 -0.25797977
v -0.79053080 -0.36192060 -0.22415442
v -0.80676160 -0.36192060 -0.18894709
v -0.82018004 -0.36192060 -0.15257484
v -0.83070337 -0.36192060 -0.11526191
v -0.83826673 -0.36192060 -0.07723835
v -0.84282347 -0.36192060 -0.03873859
v -0.82042470 -0.41202266 0.00000000
v -0.81890851 -0.41202266 0.03858954
v -0.81436930 -0.41202266 0.07694116
v -0.80683504 -0.41202266 0.11481841
v -0.79635220 -0.41202266 0.15198777
v -0.78298540 -0.41202266 0.18822007
v -0.76681705 -0.41202266 0.22329194
v -0.74794683 -0.41202266 0.25698713
v -0.72649109 -0.41202266 0.28909792
v -0.70258211 -0.41202266 0.31942632
v -0.67636729 -0.41202266 0.34778535
v -0.64800826 -0.41202266 0.37400016
v -0.61767986 -0.41202266 0.39790915
v -0.58556908 -0.41202266 0.41936489
v -0.55187388 -0.41202266 0.43823510
v -0.51680202 -0.41202266 0.45440345
v -0.48056971 -0.41202266 0.46777025
v -0.44340036 -0.41202266 0.47825310
v -0.40552310 -0.41202266 0.48578735
v -0.36717148 -0.41202266 0.49032657
v -0.32858195 -0.41202266 0.49184275
v -0.28999241 -0.41202266 0.49032657
v -0.25164079 -0.41202266 0.48578735
v -0.21376353 -0.41202266 0.47825310
v -0.17659418 -0.41202266 0.46777025
v -0.14036187 -0.41202266 0.45440345
v -0.10529001 -0.41202266 0.43823510
v -0.07159481 -0.41202266 0.41936489
v -0.03948403 -0.41202266 0.39790915
v -0.00915563 -0.41202266 0.37400016
v 0.01920340 -0.41202266 0.34778535
v 0.04541822 -0.41202266 0.31942632
v 0.06932720 -0.41202266 0.28909792
v 0.09078294 -0.41202266 0.25698713
v 0.10965316 -0.41202266 0.22329194
v 0.12582151 -0.41202266 0.18822007
v 0.13918831 -0.41202266 0.15198777
v 0.14967115 -0.41202266 0.11481841
v 0.15720541 -0.41202266 0.07694116
v 0.16174462 -0.41202266 0.03858954
v 0.16326081 -0.41202266 0.00000000
v 0.16174462 -0.41202266 -0.03858954
v 0.15720541 -0.41202266 -0.07694116
v 0.14967115 -0.41202266 -0.11481841
v 0.13918831 -0.41202266 -0.15198777
v 0.12582151 -0.41202266 -0.18822007
v 0.10965316 -0.41202266 -0.22329194
v 0.09078294 -0.41202266 -0.25698713
v 0.06932720 -0.41202266 -0.28909792
v 0.04541822 -0.41202266 -0.31942632
v 0.01920340 -0.41202266 -0.34778535
v -0.00915563 -0.41202266 -0.37400016
v -0.03948403 -0.41202266 -0.39790915
v -0.07159481 -0.41202266 -0.41936489
v -0.10529001 -0.41202266 -0.43823510
v -0.14036187 -0.41202266 -0.45440345
v -0.17659418 -0.41202266 -0.46777025
v -0.21376353 -0.41202266 -0.47825310
v -0.25164079 -0.41202266 -0.48578735
v -0.28999241 -0.41202266 -0.49032657
v -0.32858195 -0.41202266 -0.49184275
v -0.36717148 -0.41202266 -0.49032657
v -0.40552310 -0.41202266 -0.48578735
v -0.44340036 -0.41202266 -0.47825310
v -0.48056971 -0.41202266 -0.46777025
v -0.51680202 -0.41202266 -0.45440345
v -0.55187388 -0.41202266 -0.43823510
v -0.58556908 -0.41202266 -0.41936489
v -0.61767986 -0.41202266 -0.39790915
v -0.64800826 -0.41202266 -0.37400016
v -0.67636729 -0.41202266 -0.34778535
v -0.70258211 -0.41202266 -0.31942632
v -0.72649109 -0.41202266 -0.28909792
v -0.74794683 -0.41202266 -0.25698713
v -0.76681705 -0.41202266 -0.22329194
v -0.78298540 -0.41202266 -0.18822007
v -0.79635220 -0.41202266 -0.15198777
v -0.80683504 -0.41202266 -0.11481841
v -0.81436930 -0.41202266 -0.07694116
v -0.81890851 -0.41202266 -0.03858954
v -0.79643221 -0.46148941 0.00000000
v -0.79492263 -0.46148941 0.03842131
v -0.79040321 -0.46148941 0.07660573
v -0.78290180 -0.46148941 0.11431786
v -0.77246466 -0.46148941 0.15132518
v -0.75915613 -0.46148941 0.18739952
v -0.74305826 -0.46148941 0.22231849
v -0.72427031 -0.46148941 0.25586679
v -0.70290811 -0.46148941 0.28783759
v -0.67910336 -0.46148941 0.31803377
v -0.65300283 -0.46148941 0.34626917
v -0.62476743 -0.46148941 0.37236970
v -0.59457125 -0.46148941 0.39617445
v -0.56260045 -0.46148941 0.41753666
v -0.52905215 -0.46148941 0.43632461
v -0.49413318 -0.46148941 0.45242247
v -0.45805883 -0.46148941 0.46573100
v -0.42105151 -0.46148941 0.47616815
v -0.38333939 -0.46148941 0.48366955
v -0.34515496 -0.46148941 0.48818898
v -0.30673366 -0.46148941 0.48969856
v -0.26831235 -0.46148941 0.48818898
v -0.23012792 -0.46148941 0.48366955
v -0.19241580 -0.46148941 0.47616815
v -0.15540848 -0.46148941 0.46573100
v -0.11933413 -0.46148941 0.45242247
v -0.08441516 -0.46148941 0.43632461
v -0.05086686 -0.46148941 0.41753666
v -0.01889607 -0.46148941 0.39617445
v 0.01130012 -0.46148941 0.37236970
v 0.03953551 -0.46148941 0.34626917
v 0.06563605 -0.46148941 0.31803377
v 0.08944080 -0.46148941 0.28783759
v 0.11080300 -0.46148941 0.25586679
v 0.12959095 -0.46148941 0.22231849
v 0.14568882 -0.46148941 0.18739952
v 0.15899735 -0.46148941 0.15132518
v 0.16943449 -0.46148941 0.11431786
v 0.17693590 -0.46148941 0.07660573
v 0.18145532 -0.46148941 0.03842131
v 0.18296490 -0.46148941 0.00000000
v 0.18145532 -0.46148941 -0.03842131
v 0.17693590 -0.46148941 -0.07660573
v 0.16943449 -0.46148941 -0.11431786
v 0.15899735 -0.46148941 -0.15132518
v 0.14568882 -0.46148941 -0.18739952
v 0.12959095 -0.46148941 -0.22231849
v 0.11080300 -0.46148941 -0.25586679
v 0.08944080 -0.46148941 -0.28783759
v 0.06563605 -0.46148941 -0.31803377
v 0.03953551 -0.46148941 -0.34626917
v 0.01130012 -0.46148941 -0.37236970
v -0.01889607 -0.46148941 -0.39617445
v -0.05086686 -0.46148941 -0.41753666
v -0.08441516 -0.46148941 -0.43632461
v -0.11933413 -0.46148941 -0.45242247
v -0.15540848 -0.46148941 -0.46573100
v -0.19241580 -0.46148941 -0.47616815
v -0.23012792 -0.46148941 -0.48366955
v -0.26831235 -0.46148941 -0.48818898
v -0.30673366 -0.46148941 -0.48969856
v -0.34515496 -0.46148941 -0.48818898
v -0.38333939 -0.46148941 -0.48366955
v -0.42105151 -0.46148941 -0.47616815
v -0.45805883 -0.46148941 -0.46573100
v -0.49413318 -0.46148941 -0.45242247
v -0.52905215 -0.46148941 -0.43632461
v -0.56260045 -0.46148941 -0.41753666
v -0.59457125 -0.46148941 -0.39617445
v -0.62476743 -0.46148941 -0.37236970
v -0.65300283 -0.46148941 -0.34626917
v -0.67910336 -0.46148941 -0.31803377
v -0.70290811 -0.46148941 -0.28783759
v -0.72427031 -0.46148941 -0.25586679
v -0.74305826 -0.46148941 -0.22231849
v -0.75915613 -0.46148941 -0.18739952
v -0.77246466 -0.46148941 -0.15132518
v -0.78290180 -0.46148941 -0.11431786
v -0.79040321 -0.46148941 -0.07660573
v -0.79492263 -0.46148941 -0.03842131
v -0.77247633 -0.51024458 0.00000000
v -0.77097410 -0.51024458 0.03823416
v -0.76647669 -0.51024458 0.07623259
v -0.75901182 -0.51024458 0.11376102
v -0.74862552 -0.51024458 0.15058808
v -0.73538181 -0.51024458 0.18648671
v -0.71936236 -0.51024458 0.22123559
v -0.70066593 -0.51024458 0.25462048
v -0.67940778 -0.51024458 0.28643554
v -0.65571898 -0.51024458 0.31648464
v -0.62974558 -0.51024458 0.34458251
v -0.60164771 -0.51024458 0.37055591
v -0.57159862 -0.51024458 0.39424471
v -0.53978355 -0.51024458 0.41550285
v -0.50639866 -0.51024458 0.43419929
v -0.47164978 -0.51024458 0.45021874
v -0.43575115 -0.51024458 0.46346245
v -0.39892409 -0.51024458 0.47384875
v -0.36139566 -0.51024458 0.48131362
v -0.32339723 -0.51024458 0.48581103
v -0.28516307 -0.51024458 0.48731326
v -0.24692891 -0.51024458 0.48581103
v -0.20893048 -0.51024458 0.48131362
v -0.17140205 -0.51024458 0.47384875
v -0.13457499 -0.51024458 0.46346245
v -0.09867636 -0.51024458 0.45021874
v -0.06392748 -0.51024458 0.43419929
v -0.03054259 -0.51024458 0.41550285
v 0.00127247 -0.51024458 0.39424471
v 0.03132157 -0.51024458 0.37055591
v 0.05941944 -0.51024458 0.34458251
v 0.08539284 -0.51024458 0.31648464
v 0.10908163 -0.51024458 0.28643554
v 0.13033978 -0.51024458 0.25462048
v 0.14903622 -0.51024458 0.22123559
v 0.16505567 -0.51024458 0.18648671
v 0.17829938 -0.51024458 0.15058808
v 0.18868568 -0.51024458 0.11376102
v 0.19615055 -0.51024458 0.07623259
v 0.20064796 -0.51024458 0.03823416
v 0.20215018 -0.51024458 0.00000000
v 0.20064796 -0.51024458 -0.03823416
v 0.19615055 -0.51024458 -0.07623259
v 0.18868568 -0.51024458 -0.11376102
v 0.17829938 -0.51024458 -0.15058808
v 0.16505567 -0.51024458 -0.18648671
v 0.14903622 -0.51024458 -0.22123559
v 0.13033978 -0.51024458 -0.25462048
v 0.10908163 -0.51024458 -0.28643554
v 0.08539284 -0.51024458 -0.31648464
v 0.05941944 -0.51024458 -0.34458251
v 0.03132157 -0.51024458 -0.37055591
v 0.00127247 -0.51024458 -0.39424471
v -0.03054259 -0.51024458 -0.41550285
v -0.06392748 -0.51024458 -0.43419929
v -0.09867636 -0.51024458 -0.45021874
v -0.13457499 -0.51024458 -0.46346245
v -0.17140205 -0.51024458 -0.47384875
v -0.20893048 -0.51024458 -0.48131362
v -0.24692891 -0.51024458 -0.48581103
v -0.28516307 -0.51024458 -0.48731326
v -0.32339723 -0.51024458 -0.48581103
v -0.36139566 -0.51024458 -0.48131362
v -0.39892409 -0.51024458 -0.47384875
v -0.43575115 -0.51024458 -0.46346245
v -0.47164978 -0.51024458 -0.45021874
v -0.50639866 -0.51024458 -0.43419929
v -0.53978355 -0.51024458 -0.41550285
v -0.57159862 -0.51024458 -0.39424471
v -0.60164771 -0.51024458 -0.37055591
v -0.62974558 -0.51024458 -0.34458251
v -0.65571898 -0.51024458 -0.31648464
v -0.67940778 -0.51024458 -0.28643554
v -0.70066593 -0.51024458 -0.25462048
v -0.71936236 -0.51024458 -0.22123559
v -0.73538181 -0.51024458 -0.18648671
v -0.74862552 -0.51024458 -0.15058808
v -0.75901182 -0.51024458 -0.11376102
v -0.76647669 -0.51024458 -0.07623259
v -0.77097410 -0.51024458 -0.03823416
v -0.74866062 -0.55821298 0.00000000
v -0.74716649 -0.55821298 0.03802838
v -0.74269328 -0.55821298 0.07582230
v -0.73526859 -0.55821298 0.11314876
v -0.72493818 -0.55821298 0.14977761
v -0.71176575 -0.55821298 0.18548304
v -0.69583252 -0.55821298 0.22004490
v -0.67723671 -0.55821298 0.25325011
v -0.65609297 -0.55821298 0.28489394
v -0.63253167 -0.55821298 0.31478132
v -0.60669806 -0.55821298 0.34272796
v -0.57875141 -0.55821298 0.36856157
v -0.54886404 -0.55821298 0.39212287
v -0.51722020 -0.55821298 0.41326661
v -0.48401499 -0.55821298 0.43186242
v -0.44945313 -0.55821298 0.44779566
v -0.41374771 -0.55821298 0.46096809
v -0.37711885 -0.55821298 0.47129849
v -0.33979240 -0.55821298 0.47872318
v -0.30199848 -0.55821298 0.48319639
v -0.26397010 -0.55821298 0.48469053
v -0.22594171 -0.55821298 0.48319639
v -0.18814779 -0.55821298 0.47872318
v -0.15082134 -0.55821298 0.47129849
v -0.11419249 -0.55821298 0.46096809
v -0.07848706 -0.55821298 0.44779566
v -0.04392520 -0.55821298 0.43186242
v -0.01071999 -0.55821298 0.41326661
v 0.02092385 -0.55821298 0.39212287
v 0.05081122 -0.55821298 0.36856157
v 0.07875786 -0.55821298 0.34272796
v 0.10459147 -0.55821298 0.31478132
v 0.12815278 -0.55821298 0.28489394
v 0.14929652 -0.55821298 0.25325011
v 0.16789233 -0.55821298 0.22004490
v 0.18382556 -0.55821298 0.18548304
v 0.19699799 -0.55821298 0.14977761
v 0.20732840 -0.55821298 0.11314876
v 0.21475309 -0.55821298 0.07582230
v 0.21922629 -0.55821298 0.03802838
v 0.22072043 -0.55821298 0.00000000
v 0.21922629 -0.55821298 -0.03802838
v 0.21475309 -0.55821298 -0.07582230
v 0.20732840 -0.55821298 -0.11314876
v 0.19699799 -0.55821298 -0.14977761
v 0.18382556 -0.55821298 -0.18548304
v 0.16789233 -0.55821298 -0.22004490
v 0.14929652 -0.55821298 -0.25325011
v 0.12815278 -0.55821298 -0.28489394
v 0.10459147 -0.55821298 -0.31478132
v 0.07875786 -0.55821298 -0.34272796
v 0.05081122 -0.55821298 -0.36856157
v 0.02092385 -0.55821298 -0.39212287
v -0.01071999 -0.55821298 -0.41326661
v -0.04392520 -0.55821298 -0.43186242
v -0.07848706 -0.55821298 -0.44779566
v -0.11419249 -0.55821298 -0.46096809
v -0.15082134 -0.55821298 -0.47129849
v -0.18814779 -0.55821298 -0.47872318
v -0.22594171 -0.55821298 -0.48319639
v -0.26397010 -0.55821298 -0.48469053
v -0.30199848 -0.55821298 -0.48319639
v -0.33979240 -0.55821298 -0.47872318
v -0.37711885 -0.55821298 -0.47129849
v -0.41374771 -0.55821298 -0.46096809
v -0.44945313 -0.55821298 -0.44779566
v -0.48401499 -0.55821298 -0.43186242
v -0.51722020 -0.55821298 -0.41326661
v -0.54886404 -0.55821298 -0.39212287
v -0.57875141 -0.55821298 -0.36856157
v -0.60669806 -0.55821298 -0.34272796
v -0.63253167 -0.55821298 -0.31478132
v -0.65609297 -0.55821298 -0.28489394
v -0.67723671 -0.55821298 -0.25325011
v -0.69583252 -0.55821298 -0.22004490
v -0.71176575 -0.55821298 -0.18548304
v -0.72493818 -0.55821298 -0.14977761
v -0.73526859 -0.55821298 -0.11314876
v -0.74269328 -0.55821298 -0.07582230
v -0.74716649 -0.55821298 -0.03802838
v -0.72508343 -0.60532067 0.00000000
v -0.72359810 -0.60532067 0.03780429
v -0.71915125 -0.60532067 0.07537551
v -0.71177031 -0.60532067 0.11248201
v -0.70150078 -0.60532067 0.14889502
v -0.68840597 -0.60532067 0.18439005
v -0.67256663 -0.60532067 0.21874825
v -0.65408039 -0.60532067 0.25175779
v -0.63306125 -0.60532067 0.28321517
v -0.60963878 -0.60532067 0.31292642
v -0.58395740 -0.60532067 0.34070839
v -0.55617544 -0.60532067 0.36638977
v -0.52646418 -0.60532067 0.38981223
v -0.49500681 -0.60532067 0.41083138
v -0.46199726 -0.60532067 0.42931761
v -0.42763906 -0.60532067 0.44515696
v -0.39214404 -0.60532067 0.45825177
v -0.35573103 -0.60532067 0.46852130
v -0.31862452 -0.60532067 0.47590224
v -0.28105331 -0.60532067 0.48034909
v -0.24324901 -0.60532067 0.48183442
v -0.20544472 -0.60532067 0.48034909
v -0.16787350 -0.60532067 0.47590224
v -0.13076700 -0.60532067 0.46852130
v -0.09435399 -0.60532067 0.45825177
v -0.05885896 -0.60532067 0.44515696
v -0.02450076 -0.60532067 0.42931761
v 0.00850878 -0.60532067 0.41083138
v 0.03996615 -0.60532067 0.38981223
v 0.06967741 -0.60532067 0.36638977
v 0.09745937 -0.60532067 0.34070839
v 0.12314075 -0.60532067 0.31292642
v 0.14656322 -0.60532067 0.28321517
v 0.16758237 -0.60532067 0.25175779
v 0.18606860 -0.60532067 0.21874825
v 0.20190795 -0.60532067 0.18439005
v 0.21500275 -0.60532067 0.14889502
v 0.22527228 -0.60532067 0.11248201
v 0.23265323 -0.60532067 0.07537551
v 0.23710007 -0.60532067 0.03780429
v 0.23858541 -0.60532067 0.00000000
v 0.23710007 -0.60532067 -0.03780429
v 0.23265323 -0.60532067 -0.07537551
v 0.22527228 -0.60532067 -0.11248201
v 0.21500275 -0.60532067 -0.14889502
v 0.20190795 -0.60532067 -0.18439005
v 0.18606860 -0.60532067 -0.21874825
v 0.16758237 -0.60532067 -0.25175779
v 0.14656322 -0.60532067 -0.28321517
v 0.12314075 -0.60532067 -0.31292642
v 0.09745937 -0.60532067 -0.34070839
v 0.06967741 -0.60532067 -0.36638977
v 0.03996615 -0.60532067 -0.38981223
v 0.00850878 -0.60532067 -0.41083138
v -0.02450076 -0.60532067 -0.42931761
v -0.05885896 -0.60532067 -0.44515696
v -0.09435399 -0.60532067 -0.45825177
v -0.13076700 -0.60532067 -0.46852130
v -0.16787350 -0.60532067 -0.47590224
v -0.20544472 -0.60532067 -0.48034909
v -0.24324901 -0.60532067 -0.48183442
v -0.28105331 -0.60532067 -0.48034909
v -0.31862452 -0.60532067 -0.47590224
v -0.35573103 -0.60532067 -0.46852130
v -0.39214404 -0.60532067 -0.45825177
v -0.42763906 -0.60532067 -0.44515696
v -0.46199726 -0.60532067 -0.42931761
v -0.49500681 -0.60532067 -0.41083138
v -0.52646418 -0.60532067 -0.38981223
v -0.55617544 -0.60532067 -0.36638977
v -0.58395740 -0.60532067 -0.34070839
v -0.60963878 -0.60532067 -0.31292642
v -0.63306125 -0.60532067 -0.28321517
v -0.65408039 -0.60532067 -0.25175779
v -0.67256663 -0.60532067 -0.21874825
v -0.68840597 -0.60532067 -0.18439005
v -0.70150078 -0.60532067 -0.14889502
v -0.71177031 -0.60532067 -0.11248201
v -0.71915125 -0.60532067 -0.07537551
v -0.72359810 -0.60532067 -0.03780429
v -0.70183730 -0.65149499 0.00000000
v -0.70036147 -0.65149499 0.03756224
v -0.69594310 -0.65149499 0.07489290
v -0.68860941 -0.65149499 0.11176181
v -0.67840564 -0.65149499 0.14794168
v -0.66539467 -0.65149499 0.18320944
v -0.64965674 -0.65149499 0.21734765
v -0.63128887 -0.65149499 0.25014584
v -0.61040431 -0.65149499 0.28140180
v -0.58713181 -0.65149499 0.31092282
v -0.56161486 -0.65149499 0.33852690
v -0.53401078 -0.65149499 0.36404385
v -0.50448976 -0.65149499 0.38731635
v -0.47323380 -0.65149499 0.40820091
v -0.44043561 -0.65149499 0.42656878
v -0.40629740 -0.65149499 0.44230671
v -0.37102964 -0.65149499 0.45531767
v -0.33484978 -0.65149499 0.46552145
v -0.29798086 -0.65149499 0.47285514
v -0.26065020 -0.65149499 0.47727351
v -0.22308796 -0.65149499 0.47874933
v -0.18552572 -0.65149499 0.47727351
v -0.14819507 -0.65149499 0.47285514
v -0.11132615 -0.65149499 0.46552145
v -0.07514628 -0.65149499 0.45531767
v -0.03987852 -0.65149499 0.44230671
v -0.00574031 -0.65149499 0.42656878
v 0.02705788 -0.65149499 0.40820091
v 0.05831384 -0.65149499 0.38731635
v 0.08783486 -0.65149499 0.36404385
v 0.11543894 -0.65149499 0.33852690
v 0.14095589 -0.65149499 0.31092282
v 0.16422839 -0.65149499 0.28140180
v 0.18511295 -0.65149499 0.25014584
v 0.20348082 -0.65149499 0.21734765
v 0.21921875 -0.65149499 0.18320944
v 0.23222971 -0.65149499 0.14794168
v 0.24243349 -0.65149499 0.11176181
v 0.24976717 -0.65149499 0.07489290
v 0.25418555 -0.65149499 0.03756224
v 0.25566137 -0.65149499 0.00000000
v 0.25418555 -0.65149499 -0.03756224
v 0.24976717 -0.65149499 -0.07489290
v 0.24243349 -0.65149499 -0.11176181
v 0.23222971 -0.65149499 -0.14794168
v 0.21921875 -0.65149499 -0.18320944
v 0.20348082 -0.65149499 -0.21734765
v 0.18511295 -0.65149499 -0.25014584
v 0.16422839 -0.65149499 -0.28140180
v 0.14095589 -0.65149499 -0.31092282
v 0.11543894 -0.65149499 -0.33852690
v 0.08783486 -0.65149499 -0.36404385
v 0.05831384 -0.65149499 -0.38731635
v 0.02705788 -0.65149499 -0.40820091
v -0.00574031 -0.65149499 -0.42656878
v -0.03987852 -0.65149499 -0.44230671
v -0.07514628 -0.65149499 -0.45531767
v -0.11132615 -0.65149499 -0.46552145
v -0.14819507 -0.65149499 -0.47285514
v -0.18552572 -0.65149499 -0.47727351
v -0.22308796 -0.65149499 -0.47874933
v -0.26065020 -0.65149499 -0.47727351
v -0.29798086 -0.65149499 -0.47285514
v -0.33484978 -0.65149499 -0.46552145
v -0.37102964 -0.65149499 -0.45531767
v -0.40629740 -0.65149499 -0.44230671
v -0.44043561 -0.65149499 -0.42656878
v -0.47323380 -0.65149499 -0.40820091
v -0.50448976 -0.65149499 -0.38731635
v -0.53401078 -0.65149499 -0.36404385
v -0.56161486 -0.65149499 -0.33852690
v -0.58713181 -0.65149499 -0.31092282
v -0.61040431 -0.65149499 -0.28140180
v -0.63128887 -0.65149499 -0.25014584
v -0.64965674 -0.65149499 -0.21734765
v -0.66539467 -0.65149499 -0.18320944
v -0.67840564 -0.65149499 -0.14794168
v -0.68860941 -0.65149499 -0.11176181
v -0.69594310 -0.65149499 -0.07489290
v -0.70036147 -0.65149499 -0.03756224
v -0.67900848 -0.69666475 0.00000000
v -0.67754286 -0.69666475 0.03730259
v -0.67315502 -0.69666475 0.07437521
v -0.66587203 -0.69666475 0.11098927
v -0.65573879 -0.69666475 0.14691905
v -0.64281776 -0.69666475 0.18194302
v -0.62718862 -0.69666475 0.21584526
v -0.60894771 -0.69666475 0.24841673
v -0.58820751 -0.69666475 0.27945664
v -0.56509588 -0.69666475 0.30877360
v -0.53975532 -0.69666475 0.33618687
v -0.51234205 -0.69666475 0.36152743
v -0.48302509 -0.69666475 0.38463906
v -0.45198518 -0.69666475 0.40537926
v -0.41941371 -0.69666475 0.42362017
v -0.38551147 -0.69666475 0.43924931
v -0.35048750 -0.69666475 0.45217034
v -0.31455772 -0.69666475 0.46230358
v -0.27794366 -0.69666475 0.46958657
v -0.24087105 -0.69666475 0.47397440
v -0.20356845 -0.69666475 0.47544003
v -0.16626586 -0.69666475 0.47397440
v -0.12919324 -0.69666475 0.46958657
v -0.09257918 -0.69666475 0.46230358
v -0.05664940 -0.69666475 0.45217034
v -0.02162543 -0.69666475 0.43924931
v 0.01227680 -0.69666475 0.42362017
v 0.04484828 -0.69666475 0.40537926
v 0.07588819 -0.69666475 0.38463906
v 0.10520515 -0.69666475 0.36152743
v 0.13261842 -0.69666475 0.33618687
v 0.15795898 -0.69666475 0.30877360
v 0.18107061 -0.69666475 0.27945664
v 0.20181081 -0.69666475 0.24841673
v 0.22005172 -0.69666475 0.21584526
v 0.23568086 -0.69666475 0.18194302
v 0.24860189 -0.69666475 0.14691905
v 0.25873513 -0.69666475 0.11098927
v 0.26601812 -0.69666475 0.07437521
v 0.27040595 -0.69666475 0.03730259
v 0.27187158 -0.69666475 0.00000000
v 0.27040595 -0.69666475 -0.03730259
v 0.26601812 -0.69666475 -0.07437521
v 0.25873513 -0.69666475 -0.11098927
v 0.24860189 -0.69666475 -0.14691905
v 0.23568086 -0.69666475 -0.18194302
v 0.22005172 -0.69666475 -0.21584526
v 0.20181081 -0.69666475 -0.24841673
v 0.18107061 -0.69666475 -0.27945664
v 0.15795898 -0.69666475 -0.30877360
v 0.13261842 -0.69666475 -0.33618687
v 0.10520515 -0.69666475 -0.36152743
v 0.07588819 -0.69666475 -0.38463906
v 0.04484828 -0.69666475 -0.40537926
v 0.01227680 -0.69666475 -0.42362017
v -0.02162543 -0.69666475 -0.43924931
v -0.05664940 -0.69666475 -0.45217034
v -0.09257918 -0.69666475 -0.46230358
v -0.12919324 -0.69666475 -0.46958657
v -0.16626586 -0.69666475 -0.47397440
v -0.20356845 -0.69666475 -0.47544003
v -0.24087105 -0.69666475 -0.47397440
v -0.27794366 -0.69666475 -0.46958657
v -0.31455772 -0.69666475 -0.46230358
v -0.35048750 -0.69666475 -0.45217034
v -0.38551147 -0.69666475 -0.43924931
v -0.41941371 -0.69666475 -0.42362017
v -0.45198518 -0.69666475 -0.40537926
v -0.48302509 -0.69666475 -0.38463906
v -0.51234205 -0.69666475 -0.36152743
v -0.53975532 -0.69666475 -0.33618687
v -0.56509588 -0.69666475 -0.30877360
v -0.58820751 -0.69666475 -0.27945664
v -0.60894771 -0.69666475 -0.24841673
v -0.62718862 -0.69666475 -0.21584526
v -0.64281776 -0.69666475 -0.18194302
v -0.65573879 -0.69666475 -0.14691905
v -0.66587203 -0.69666475 -0.11098927
v -0.67315502 -0.69666475 -0.07437521
v -0.67754286 -0.69666475 -0.03730259
v -0.65667653 -0.74076031 0.00000000
v -0.65522178 -0.74076031 0.03702576
v -0.65086651 -0.74076031 0.07382324
v -0.64363757 -0.74076031 0.11016558
v -0.63357953 -0.74076031 0.14582870
v -0.62075439 -0.74076031 0.18059275
v -0.60524124 -0.74076031 0.21424338
v -0.58713571 -0.74076031 0.24657313
v -0.56654943 -0.74076031 0.27738268
v -0.54360932 -0.74076031 0.30648207
v -0.51845682 -0.74076031 0.33369189
v -0.49124699 -0.74076031 0.35884440
v -0.46214760 -0.74076031 0.38178451
v -0.43133806 -0.74076031 0.40237079
v -0.39900831 -0.74076031 0.42047632
v -0.36535767 -0.74076031 0.43598947
v -0.33059363 -0.74076031 0.44881460
v -0.29493050 -0.74076031 0.45887265
v -0.25858816 -0.74076031 0.46610159
v -0.22179068 -0.74076031 0.47045686
v -0.18476492 -0.74076031 0.47191160
v -0.14773917 -0.74076031 0.47045686
v -0.11094168 -0.74076031 0.46610159
v -0.07459935 -0.74076031 0.45887265
v -0.03893622 -0.74076031 0.44881460
v -0.00417217 -0.74076031 0.43598947
v 0.02947846 -0.74076031 0.42047632
v 0.06180821 -0.74076031 0.40237079
v 0.09261776 -0.74076031 0.38178451
v 0.12171715 -0.74076031 0.35884440
v 0.14892697 -0.74076031 0.33369189
v 0.17407947 -0.74076031 0.30648207
v 0.19701958 -0.74076031 0.27738268
v 0.21760586 -0.74076031 0.24657313
v 0.23571139 -0.74076031 0.21424338
v 0.25122455 -0.74076031 0.18059275
v 0.26404968 -0.74076031 0.14582870
v 0.27410772 -0.74076031 0.11016558
v 0.28133666 -0.74076031 0.07382324
v 0.28569193 -0.74076031 0.03702576
v 0.28714668 -0.74076031 0.00000000
v 0.28569193 -0.74076031 -0.03702576
v 0.28133666 -0.74076031 -0.07382324
v 0.27410772 -0.74076031 -0.11016558
v 0.26404968 -0.74076031 -0.14582870
v 0.25122455 -0.74076031 -0.18059275
v 0.23571139 -0.74076031 -0.21424338
v 0.21760586 -0.74076031 -0.24657313
v 0.19701958 -0.74076031 -0.27738268
v 0.17407947 -0.74076031 -0.30648207
v 0.14892697 -0.74076031 -0.33369189
v 0.12171715 -0.74076031 -0.35884440
v 0.09261776 -0.74076031 -0.38178451
v 0.06180821 -0.74076031 -0.40237079
v 0.02947846 -0.74076031 -0.42047632
v -0.00417217 -0.74076031 -0.43598947
v -0.03893622 -0.74076031 -0.44881460
v -0.07459935 -0.74076031 -0.45887265
v -0.11094168 -0.74076031 -0.46610159
v -0.14773917 -0.74076031 -0.47045686
v -0.18476492 -0.74076031 -0.47191160
v -0.22179068 -0.74076031 -0.47045686
v -0.25858816 -0.74076031 -0.46610159
v -0.29493050 -0.74076031 -0.45887265
v -0.33059363 -0.74076031 -0.44881460
v -0.36535767 -0.74076031 -0.43598947
v -0.39900831 -0.74076031 -0.42047632
v -0.43133806 -0.74076031 -0.40237079
v -0.46214760 -0.74076031 -0.38178451
v -0.49124699 -0.74076031 -0.35884440
v -0.51845682 -0.74076031 -0.33369189
v -0.54360932 -0.74076031 -0.30648207
v -0.56654943 -0.74076031 -0.27738268
v -0.58713571 -0.74076031 -0.24657313
v -0.60524124 -0.74076031 -0.21424338
v -0.62075439 -0.74076031 -0.18059275
v -0.63357953 -0.74076031 -0.14582870
v -0.64363757 -0.74076031 -0.11016558
v -0.65086651 -0.74076031 -0.07382324
v -0.65522178 -0.74076031 -0.03702576
v -0.63491387 -0.78371367 0.00000000
v -0.63347066 -0.78371367 0.03673216
v -0.62914992 -0.78371367 0.07323785
v -0.62197831 -0.78371367 0.10929200
v -0.61200002 -0.78371367 0.14467233
v -0.59927659 -0.78371367 0.17916071
v -0.58388645 -0.78371367 0.21254450
v -0.56592449 -0.78371367 0.24461789
v -0.54550145 -0.78371367 0.27518313
v -0.52274325 -0.78371367 0.30405177
v -0.49779020 -0.78371367 0.33104583
v -0.47079614 -0.78371367 0.35599888
v -0.44192750 -0.78371367 0.37875708
v -0.41136226 -0.78371367 0.39918012
v -0.37928887 -0.78371367 0.41714208
v -0.34590508 -0.78371367 0.43253222
v -0.31141670 -0.78371367 0.44525565
v -0.27603637 -0.78371367 0.45523394
v -0.23998221 -0.78371367 0.46240556
v -0.20347652 -0.78371367 0.46672629
v -0.16674437 -0.78371367 0.46816950
v -0.13001221 -0.78371367 0.46672629
v -0.09350652 -0.78371367 0.46240556
v -0.05745237 -0.78371367 0.45523394
v -0.02207204 -0.78371367 0.44525565
v 0.01241634 -0.78371367 0.43253222
v 0.04580014 -0.78371367 0.41714208
v 0.07787352 -0.78371367 0.39918012
v 0.10843876 -0.78371367 0.37875708
v 0.13730740 -0.78371367 0.35599888
v 0.16430146 -0.78371367 0.33104583
v 0.18925451 -0.78371367 0.30405177
v 0.21201271 -0.78371367 0.27518313
v 0.23243575 -0.78371367 0.24461789
v 0.25039771 -0.78371367 0.21254450
v 0.26578785 -0.78371367 0.17916071
v 0.27851128 -0.78371367 0.14467233
v 0.28848957 -0.78371367 0.10929200
v 0.29566119 -0.78371367 0.07323785
v 0.29998192 -0.78371367 0.03673216
v 0.30142513 -0.78371367 0.00000000
v 0.29998192 -0.78371367 -0.03673216
v 0.29566119 -0.78371367 -0.07323785
v 0.28848957 -0.78371367 -0.10929200
v 0.27851128 -0.78371367 -0.14467233
v 0.26578785 -0.78371367 -0.17916071
v 0.25039771 -0.78371367 -0.21254450
v 0.23243575 -0.78371367 -0.24461789
v 0.21201271 -0.78371367 -0.27518313
v 0.18925451 -0.78371367 -0.30405177
v 0.16430146 -0.78371367 -0.33104583
v 0.13730740 -0.78371367 -0.35599888
v 0.10843876 -0.78371367 -0.37875708
v 0.07787352 -0.78371367 -0.39918012
v 0.04580014 -0.78371367 -0.41714208
v 0.01241634 -0.78371367 -0.43253222
v -0.02207204 -0.78371367 -0.44525565
v -0.05745237 -0.78371367 -0.45523394
v -0.09350652 -0.78371367 -0.46240556
v -0.13001221 -0.78371367 -0.46672629
v -0.16674437 -0.78371367 -0.46816950
v -0.20347652 -0.78371367 -0.46672629
v -0.23998221 -0.78371367 -0.46240556
v -0.27603637 -0.78371367 -0.45523394
v -0.31141670 -0.78371367 -0.44525565
v -0.34590508 -0.78371367 -0.43253222
v -0.37928887 -0.78371367 -0.41714208
v -0.41136226 -0.78371367 -0.39918012
v -0.44192750 -0.78371367 -0.37875708
v -0.47079614 -0.78371367 -0.35599888
v -0.49779020 -0.78371367 -0.33104583
v -0.52274325 -0.78371367 -0.30405177
v -0.54550145 -0.78371367 -0.27518313
v -0.56592449 -0.78371367 -0.24461789
v -0.58388645 -0.78371367 -0.21254450
v -0.59927659 -0.78371367 -0.17916071
v -0.61200002 -0.78371367 -0.14467233
v -0.62197831 -0.78371367 -0.10929200
v -0.62914992 -0.78371367 -0.07323785
v -0.63347066 -0.78371367 -0.03673216
v -0.61378547 -0.82545860 0.00000000
v -0.61235444 -0.82545860 0.03642224
v -0.60807016 -0.82545860 0.07261993
v -0.60095905 -0.82545860 0.10836989
v -0.59106495 -0.82545860 0.14345171
v -0.57844887 -0.82545860 0.17764911
v -0.56318858 -0.82545860 0.21075124
v -0.54537817 -0.82545860 0.24255402
v -0.52512744 -0.82545860 0.27286137
v -0.50256125 -0.82545860 0.30148644
v -0.47781873 -0.82545860 0.32825275
v -0.45105243 -0.82545860 0.35299527
v -0.42242735 -0.82545860 0.37556146
v -0.39212000 -0.82545860 0.39581218
v -0.36031722 -0.82545860 0.41362259
v -0.32721509 -0.82545860 0.42888288
v -0.29301770 -0.82545860 0.44149897
v -0.25793587 -0.82545860 0.45139307
v -0.22218591 -0.82545860 0.45850418
v -0.18598823 -0.82545860 0.46278845
v -0.14956599 -0.82545860 0.46421949
v -0.11314374 -0.82545860 0.46278845
v -0.07694606 -0.82545860 0.45850418
v -0.04119610 -0.82545860 0.45139307
v -0.00611427 -0.82545860 0.44149897
v 0.02808312 -0.82545860 0.42888288
v 0.06118525 -0.82545860 0.41362259
v 0.09298803 -0.82545860 0.39581218
v 0.12329538 -0.82545860 0.37556146
v 0.15192046 -0.82545860 0.35299527
v 0.17868676 -0.82545860 0.32825275
v 0.20342928 -0.82545860 0.30148644
v 0.22599547 -0.82545860 0.27286137
v 0.24624620 -0.82545860 0.24255402
v 0.26405661 -0.82545860 0.21075124
v 0.27931690 -0.82545860 0.17764911
v 0.29193298 -0.82545860 0.14345171
v 0.30182708 -0.82545860 0.10836989
v 0.30893819 -0.82545860 0.07261993
v 0.31322247 -0.82545860 0.03642224
v 0.31465350 -0.82545860 0.00000000
v 0.31322247 -0.82545860 -0.03642224
v 0.30893819 -0.82545860 -0.07261993
v 0.30182708 -0.82545860 -0.10836989
v 0.29193298 -0.82545860 -0.14345171
v 0.27931690 -0.82545860 -0.17764911
v 0.26405661 -0.82545860 -0.21075124
v 0.24624620 -0.82545860 -0.24255402
v 0.22599547 -0.82545860 -0.27286137
v 0.20342928 -0.82545860 -0.30148644
v 0.17868676 -0.82545860 -0.32825275
v 0.15192046 -0.82545860 -0.35299527
v 0.12329538 -0.82545860 -0.37556146
v 0.09298803 -0.82545860 -0.39581218
v 0.06118525 -0.82545860 -0.41362259
v 0.02808312 -0.82545860 -0.42888288
v -0.00611427 -0.82545860 -0.44149897
v -0.04119610 -0.82545860 -0.45139307
v -0.07694606 -0.82545860 -0.45850418
v -0.11314374 -0.82545860 -0.46278845
v -0.14956599 -0.82545860 -0.46421949
v -0.18598823 -0.82545860 -0.46278845
v -0.22218591 -0.82545860 -0.45850418
v -0.25793587 -0.82545860 -0.45139307
v -0.29301770 -0.82545860 -0.44149897
v -0.32721509 -0.82545860 -0.42888288
v -0.36031722 -0.82545860 -0.41362259
v -0.39212000 -0.82545860 -0.39581218
v -0.42242735 -0.82545860 -0.37556146
v -0.45105243 -0.82545860 -0.35299527
v -0.47781873 -0.82545860 -0.32825275
v -0.50256125 -0.82545860 -0.30148644
v -0.52512744 -0.82545860 -0.27286137
v -0.54537817 -0.82545860 -0.24255402
v -0.56318858 -0.82545860 -0.21075124
v -0.57844887 -0.82545860 -0.17764911
v -0.59106495 -0.82545860 -0.14345171
v -0.60095905 -0.82545860 -0.10836989
v -0.60807016 -0.82545860 -0.07261993
v -0.61235444 -0.82545860 -0.03642224
v -0.59334856 -0.86593073 0.00000000
v -0.59193032 -0.86593073 0.03609649
v -0.58768436 -0.86593073 0.07197044
v -0.58063685 -0.86593073 0.10740066
v -0.57083124 -0.86593073 0.14216873
v -0.55832799 -0.86593073 0.17606027
v -0.54320419 -0.86593073 0.20886635
v -0.52555306 -0.86593073 0.24038469
v -0.50548345 -0.86593073 0.27042099
v -0.48311909 -0.86593073 0.29879004
v -0.45859786 -0.86593073 0.32531696
v -0.43207094 -0.86593073 0.34983819
v -0.40370188 -0.86593073 0.37220256
v -0.37366559 -0.86593073 0.39227217
v -0.34214724 -0.86593073 0.40992329
v -0.30934117 -0.86593073 0.42504710
v -0.27544962 -0.86593073 0.43755035
v -0.24068156 -0.86593073 0.44735595
v -0.20525134 -0.86593073 0.45440346
v -0.16937739 -0.86593073 0.45864943
v -0.13328090 -0.86593073 0.46006766
v -0.09718441 -0.86593073 0.45864943
v -0.06131046 -0.86593073 0.45440346
v -0.02588024 -0.86593073 0.44735595
v 0.00888783 -0.86593073 0.43755035
v 0.04277937 -0.86593073 0.42504710
v 0.07558545 -0.86593073 0.40992329
v 0.10710379 -0.86593073 0.39227217
v 0.13714009 -0.86593073 0.37220256
v 0.16550915 -0.86593073 0.34983819
v 0.19203607 -0.86593073 0.32531696
v 0.21655730 -0.86593073 0.29879004
v 0.23892166 -0.86593073 0.27042099
v 0.25899127 -0.86593073 0.24038469
v 0.27664239 -0.86593073 0.20886635
v 0.29176620 -0.86593073 0.17606027
v 0.30426945 -0.86593073 0.14216873
v 0.31407506 -0.86593073 0.10740066
v 0.32112257 -0.86593073 0.07197044
v 0.32536853 -0.86593073 0.03609649
v 0.32678676 -0.86593073 0.00000000
v 0.32536853 -0.86593073 -0.03609649
v 0.32112257 -0.86593073 -0.07197044
v 0.31407506 -0.86593073 -0.10740066
v 0.30426945 -0.86593073 -0.14216873
v 0.29176620 -0.86593073 -0.17606027
v 0.27664239 -0.86593073 -0.20886635
v 0.25899127 -0.86593073 -0.24038469
v 0.23892166 -0.86593073 -0.27042099
v 0.21655730 -0.86593073 -0.29879004
v 0.19203607 -0.86593073 -0.32531696
v 0.16550915 -0.86593073 -0.34983819
v 0.13714009 -0.86593073 -0.37220256
v 0.10710379 -0.86593073 -0.39227217
v 0.07558545 -0.86593073 -0.40992329
v 0.04277937 -0.86593073 -0.42504710
v 0.00888783 -0.86593073 -0.43755035
v -0.02588024 -0.86593073 -0.44735595
v -0.06131046 -0.86593073 -0.45440346
v -0.09718441 -0.86593073 -0.45864943
v -0.13328090 -0.86593073 -0.46006766
v -0.16937739 -0.86593073 -0.45864943
v -0.20525134 -0.86593073 -0.45440346
v -0.24068156 -0.86593073 -0.44735595
v -0.27544962 -0.86593073 -0.43755035
v -0.30934117 -0.86593073 -0.42504710
v -0.34214724 -0.86593073 -0.40992329
v -0.37366559 -0.86593073 -0.39227217
v -0.40370188 -0.86593073 -0.37220256
v -0.43207094 -0.86593073 -0.34983819
v -0.45859786 -0.86593073 -0.32531696
v -0.48311909 -0.86593073 -0.29879004
v -0.50548345 -0.86593073 -0.27042099
v -0.52555306 -0.86593073 -0.24038469
v -0.54320419 -0.86593073 -0.20886635
v -0.55832799 -0.86593073 -0.17606027
v -0.57083124 -0.86593073 -0.14216873
v -0.58063685 -0.86593073 -0.10740066
v -0.58768436 -0.86593073 -0.07197044
v -0.59193032 -0.86593073 -0.03609649
v -0.57365234 -0.90506766 0.00000000
v -0.57224751 -0.90506766 0.03575541
v -0.56804166 -0.90506766 0.07129038
v -0.56106075 -0.90506766 0.10638582
v -0.55134779 -0.90506766 0.14082535
v -0.53896269 -0.90506766 0.17439665
v -0.52398179 -0.90506766 0.20689274
v -0.50649745 -0.90506766 0.23811326
v -0.48661748 -0.90506766 0.26786574
v -0.46446445 -0.90506766 0.29596674
v -0.44017492 -0.90506766 0.32224300
v -0.41389866 -0.90506766 0.34653252
v -0.38579766 -0.90506766 0.36868556
v -0.35604519 -0.90506766 0.38856553
v -0.32482466 -0.90506766 0.40604987
v -0.29232858 -0.90506766 0.42103077
v -0.25875728 -0.90506766 0.43341587
v -0.22431774 -0.90506766 0.44312883
v -0.18922230 -0.90506766 0.45010974
v -0.15368733 -0.90506766 0.45431558
v -0.11793192 -0.90506766 0.45572042
v -0.08217651 -0.90506766 0.45431558
v -0.04664154 -0.90506766 0.45010974
v -0.01154610 -0.90506766 0.44312883
v 0.02289343 -0.90506766 0.43341587
v 0.05646473 -0.90506766 0.42103077
v 0.08896082 -0.90506766 0.40604987
v 0.12018134 -0.90506766 0.38856553
v 0.14993382 -0.90506766 0.36868556
v 0.17803481 -0.90506766 0.34653252
v 0.20431108 -0.90506766 0.32224300
v 0.22860060 -0.90506766 0.29596674
v 0.25075364 -0.90506766 0.26786574
v 0.27063361 -0.90506766 0.23811326
v 0.28811794 -0.90506766 0.20689274
v 0.30309885 -0.90506766 0.17439665
v 0.31548395 -0.90506766 0.14082535
v 0.32519691 -0.90506766 0.10638582
v 0.33217782 -0.90506766 0.07129038
v 0.33638366 -0.90506766 0.03575541
v 0.33778850 -0.90506766 0.00000000
v 0.33638366 -0.90506766 -0.03575541
v 0.33217782 -0.90506766 -0.07129038
v 0.32519691 -0.90506766 -0.10638582
v 0.31548395 -0.90506766 -0.14082535
v 0.30309885 -0.90506766 -0.17439665
v 0.28811794 -0.90506766 -0.20689274
v 0.27063361 -0.90506766 -0.23811326
v 0.25075364 -0.90506766 -0.26786574
v 0.22860060 -0.90506766 -0.29596674
v 0.20431108 -0.90506766 -0.32224300
v 0.17803481 -0.90506766 -0.34653252
v 0.14993382 -0.90506766 -0.36868556
v 0.12018134 -0.90506766 -0.38856553
v 0.08896082 -0.90506766 -0.40604987
v 0.05646473 -0.90506766 -0.42103077
v 0.02289343 -0.90506766 -0.43341587
v -0.01154610 -0.90506766 -0.44312883
v -0.04664154 -0.90506766 -0.45010974
v -0.08217651 -0.90506766 -0.45431558
v -0.11793192 -0.90506766 -0.45572042
v -0.15368733 -0.90506766 -0.45431558
v -0.18922230 -0.90506766 -0.45010974
v -0.22431774 -0.90506766 -0.44312883
v -0.25875728 -0.90506766 -0.43341587
v -0.29232858 -0.90506766 -0.42103077
v -0.32482466 -0.90506766 -0.40604987
v -0.35604519 -0.90506766 -0.38856553
v -0.38579766 -0.90506766 -0.36868556
v -0.41389866 -0.90506766 -0.34653252
v -0.44017492 -0.90506766 -0.32224300
v -0.46446445 -0.90506766 -0.29596674
v -0.48661748 -0.90506766 -0.26786574
v -0.50649745 -0.90506766 -0.23811326
v -0.52398179 -0.90506766 -0.20689274
v -0.53896269 -0.90506766 -0.17439665
v -0.55134779 -0.90506766 -0.14082535
v -0.56106075 -0.90506766 -0.10638582
v -0.56804166 -0.90506766 -0.07129038
v -0.57224751 -0.90506766 -0.03575541
v -0.55473785 -0.94280904 0.00000000
v -0.55334700 -0.94280904 0.03539953
v -0.54918302 -0.94280904 0.07058080
v -0.54227159 -0.94280904 0.10532692
v -0.53265531 -0.94280904 0.13942367
v -0.52039348 -0.94280904 0.17266082
v -0.50556169 -0.94280904 0.20483346
v -0.48825139 -0.94280904 0.23574323
v -0.46856929 -0.94280904 0.26519957
v -0.44663675 -0.94280904 0.29302087
v -0.42258898 -0.94280904 0.31903559
v -0.39657426 -0.94280904 0.34308336
v -0.36875296 -0.94280904 0.36501590
v -0.33929663 -0.94280904 0.38469800
v -0.30838685 -0.94280904 0.40200830
v -0.27621421 -0.94280904 0.41684009
v -0.24297706 -0.94280904 0.42910192
v -0.20888031 -0.94280904 0.43871820
v -0.17413419 -0.94280904 0.44562963
v -0.13895292 -0.94280904 0.44979361
v -0.10355339 -0.94280904 0.45118446
v -0.06815387 -0.94280904 0.44979361
v -0.03297259 -0.94280904 0.44562963
v 0.00177353 -0.94280904 0.43871820
v 0.03587028 -0.94280904 0.42910192
v 0.06910743 -0.94280904 0.41684009
v 0.10128007 -0.94280904 0.40200830
v 0.13218984 -0.94280904 0.38469800
v 0.16164618 -0.94280904 0.36501590
v 0.18946748 -0.94280904 0.34308336
v 0.21548220 -0.94280904 0.31903559
v 0.23952997 -0.94280904 0.29302087
v 0.26146251 -0.94280904 0.26519957
v 0.28114460 -0.94280904 0.23574323
v 0.29845491 -0.94280904 0.20483346
v 0.31328670 -0.94280904 0.17266082
v 0.32554853 -0.94280904 0.13942367
v 0.33516481 -0.94280904 0.10532692
v 0.34207624 -0.94280904 0.07058080
v 0.34624022 -0.94280904 0.03539953
v 0.34763107 -0.94280904 0.00000000
v 0.34624022 -0.94280904 -0.03539953
v 0.34207624 -0.94280904 -0.07058080
v 0.33516481 -0.94280904 -0.10532692
v 0.32554853 -0.94280904 -0.13942367
v 0.31328670 -0.94280904 -0.17266082
v 0.29845491 -0.94280904 -0.20483346
v 0.28114460 -0.94280904 -0.23574323
v 0.26146251 -0.94280904 -0.26519957
v 0.23952997 -0.94280904 -0.29302087
v 0.21548220 -0.94280904 -0.31903559
v 0.18946748 -0.94280904 -0.34308336
v 0.16164618 -0.94280904 -0.36501590
v 0.13218984 -0.94280904 -0.38469800
v 0.10128007 -0.94280904 -0.40200830
v 0.06910743 -0.94280904 -0.41684009
v 0.03587028 -0.94280904 -0.42910192
v 0.00177353 -0.94280904 -0.43871820
v -0.03297259 -0.94280904 -0.44562963
v -0.06815387 -0.94280904 -0.44979361
v -0.10355339 -0.94280904 -0.45118446
v -0.13895292 -0.94280904 -0.44979361
v -0.17413419 -0.94280904 -0.44562963
v -0.20888031 -0.94280904 -0.43871820
v -0.24297706 -0.94280904 -0.42910192
v -0.27621421 -0.94280904 -0.41684009
v -0.30838685 -0.94280904 -0.40200830
v -0.33929663 -0.94280904 -0.38469800
v -0.36875296 -0.94280904 -0.36501590
v -0.39657426 -0.94280904 -0.34308336
v -0.42258898 -0.94280904 -0.31903559
v -0.44663675 -0.94280904 -0.29302087
v -0.46856929 -0.94280904 -0.26519957
v -0.48825139 -0.94280904 -0.23574323
v -0.50556169 -0.94280904 -0.20483346
v -0.52039348 -0.94280904 -0.17266082
v -0.53265531 -0.94280904 -0.13942367
v -0.54227159 -0.94280904 -0.10532692
v -0.54918302 -0.94280904 -0.07058080
v -0.55334700 -0.94280904 -0.03539953
v -0.53663783 -0.97909668 0.00000000
v -0.53526152 -0.97909668 0.03502938
v -0.53114108 -0.97909668 0.06984279
v -0.52430192 -0.97909668 0.10422560
v -0.51478619 -0.97909668 0.13796583
v -0.50265257 -0.97909668 0.17085544
v -0.48797586 -0.97909668 0.20269168
v -0.47084656 -0.97909668 0.23327826
v -0.45137026 -0.97909668 0.26242660
v -0.42966705 -0.97909668 0.28995699
v -0.40587073 -0.97909668 0.31569970
v -0.38012803 -0.97909668 0.33949601
v -0.35259763 -0.97909668 0.36119922
v -0.32344930 -0.97909668 0.38067552
v -0.29286272 -0.97909668 0.39780482
v -0.26102648 -0.97909668 0.41248153
v -0.22813687 -0.97909668 0.42461515
v -0.19439664 -0.97909668 0.43413088
v -0.16001383 -0.97909668 0.44097004
v -0.12520042 -0.97909668 0.44509048
v -0.09017104 -0.97909668 0.44646679
v -0.05514166 -0.97909668 0.44509048
v -0.02032825 -0.97909668 0.44097004
v 0.01405456 -0.97909668 0.43413088
v 0.04779479 -0.97909668 0.42461515
v 0.08068440 -0.97909668 0.41248153
v 0.11252064 -0.97909668 0.39780482
v 0.14310722 -0.97909668 0.38067552
v 0.17225556 -0.97909668 0.36119922
v 0.19978595 -0.97909668 0.33949601
v 0.22552866 -0.97909668 0.31569970
v 0.24932497 -0.97909668 0.28995699
v 0.27102818 -0.97909668 0.26242660
v 0.29050448 -0.97909668 0.23327826
v 0.30763378 -0.97909668 0.20269168
v 0.32231049 -0.97909668 0.17085544
v 0.33444411 -0.97909668 0.13796583
v 0.34395984 -0.97909668 0.10422560
v 0.35079900 -0.97909668 0.06984279
v 0.35491944 -0.97909668 0.03502938
v 0.35629575 -0.97909668 0.00000000
v 0.35491944 -0.97909668 -0.03502938
v 0.35079900 -0.97909668 -0.06984279
v 0.34395984 -0.97909668 -0.10422560
v 0.33444411 -0.97909668 -0.13796583
v 0.32231049 -0.97909668 -0.17085544
v 0.30763378 -0.97909668 -0.20269168
v 0.29050448 -0.97909668 -0.23327826
v 0.27102818 -0.97909668 -0.26242660
v 0.24932497 -0.97909668 -0.28995699
v 0.22552866 -0.97909668 -0.31569970
v 0.19978595 -0.97909668 -0.33949601
v 0.17225556 -0.97909668 -0.36119922
v 0.14310722 -0.97909668 -0.38067552
v 0.11252064 -0.97909668 -0.39780482
v 0.08068440 -0.97909668 -0.41248153
v 0.04779479 -0.97909668 -0.42461515
v 0.01405456 -0.97909668 -0.43413088
v -0.02032825 -0.97909668 -0.44097004
v -0.05514166 -0.97909668 -0.44509048
v -0.09017104 -0.97909668 -0.44646679
v -0.12520042 -0.97909668 -0.44509048
v -0.16001383 -0.97909668 -0.44097004
v -0.19439664 -0.97909668 -0.43413088
v -0.22813687 -0.97909668 -0.42461515
v -0.26102648 -0.97909668 -0.41248153
v -0.29286272 -0.97909668 -0.39780482
v -0.32344930 -0.97909668 -0.38067552
v -0.35259763 -0.97909668 -0.36119922
v -0.38012803 -0.97909668 -0.33949601
v -0.40587073 -0.97909668 -0.31569970
v -0.42966705 -0.97909668 -0.28995699
v -0.45137026 -0.97909668 -0.26242660
v -0.47084656 -0.97909668 -0.23327826
v -0.48797586 -0.97909668 -0.20269168
v -0.50265257 -0.97909668 -0.17085544
v -0.51478619 -0.97909668 -0.13796583
v -0.52430192 -0.97909668 -0.10422560
v -0.53114108 -0.97909668 -0.06984279
v -0.53526152 -0.97909668 -0.03502938
v -0.51937661 -1.01387462 0.00000000
v -0.51801539 -1.01387462 0.03464555
v -0.51394010 -1.01387462 0.06907750
v -0.50717587 -1.01387462 0.10308356
v -0.49776441 -1.01387462 0.13645408
v -0.48576374 -1.01387462 0.16898331
v -0.47124786 -1.01387462 0.20047071
v -0.45430624 -1.01387462 0.23072213
v -0.43504336 -1.01387462 0.25955108
v -0.41357796 -1.01387462 0.28677981
v -0.39004239 -1.01387462 0.31224045
v -0.36458175 -1.01387462 0.33577602
v -0.33735302 -1.01387462 0.35724142
v -0.30852407 -1.01387462 0.37650430
v -0.27827265 -1.01387462 0.39344592
v -0.24678525 -1.01387462 0.40796180
v -0.21425602 -1.01387462 0.41996247
v -0.18088550 -1.01387462 0.42937393
v -0.14687944 -1.01387462 0.43613816
v -0.11244749 -1.01387462 0.44021345
v -0.07780194 -1.01387462 0.44157467
v -0.04315639 -1.01387462 0.44021345
v -0.00872444 -1.01387462 0.43613816
v 0.02528162 -1.01387462 0.42937393
v 0.05865214 -1.01387462 0.41996247
v 0.09118137 -1.01387462 0.40796180
v 0.12266877 -1.01387462 0.39344592
v 0.15292019 -1.01387462 0.37650430
v 0.18174914 -1.01387462 0.35724142
v 0.20897787 -1.01387462 0.33577602
v 0.23443851 -1.01387462 0.31224045
v 0.25797408 -1.01387462 0.28677981
v 0.27943948 -1.01387462 0.25955108
v 0.29870236 -1.01387462 0.23072213
v 0.31564398 -1.01387462 0.20047071
v 0.33015987 -1.01387462 0.16898331
v 0.34216053 -1.01387462 0.13645408
v 0.35157199 -1.01387462 0.10308356
v 0.35833622 -1.01387462 0.06907750
v 0.36241151 -1.01387462 0.03464555
v 0.36377274 -1.01387462 0.00000000
v 0.36241151 -1.01387462 -0.03464555
v 0.35833622 -1.01387462 -0.06907750
v 0.35157199 -1.01387462 -0.10308356
v 0.34216053 -1.01387462 -0.13645408
v 0.33015987 -1.01387462 -0.16898331
v 0.31564398 -1.01387462 -0.20047071
v 0.29870236 -1.01387462 -0.23072213
v 0.27943948 -1.01387462 -0.25955108
v 0.25797408 -1.01387462 -0.28677981
v 0.23443851 -1.01387462 -0.31224045
v 0.20897787 -1.01387462 -0.33577602
v 0.18174914 -1.01387462 -0.35724142
v 0.15292019 -1.01387462 -0.37650430
v 0.12266877 -1.01387462 -0.39344592
v 0.09118137 -1.01387462 -0.40796180
v 0.05865214 -1.01387462 -0.41996247
v 0.02528162 -1.01387462 -0.42937393
v -0.00872444 -1.01387462 -0.43613816
v -0.04315639 -1.01387462 -0.44021345
v -0.07780194 -1.01387462 -0.44157467
v -0.11244749 -1.01387462 -0.44021345
v -0.14687944 -1.01387462 -0.43613816
v -0.18088550 -1.01387462 -0.42937393
v -0.21425602 -1.01387462 -0.41996247
v -0.24678525 -1.01387462 -0.40796180
v -0.27827265 -1.01387462 -0.39344592
v -0.30852407 -1.01387462 -0.37650430
v -0.33735302 -1.01387462 -0.35724142
v -0.36458175 -1.01387462 -0.33577602
v -0.39004239 -1.01387462 -0.31224045
v -0.41357796 -1.01387462 -0.28677981
v -0.43504336 -1.01387462 -0.25955108
v -0.45430624 -1.01387462 -0.23072213
v -0.47124786 -1.01387462 -0.20047071
v -0.48576374 -1.01387462 -0.16898331
v -0.49776441 -1.01387462 -0.13645408
v -0.50717587 -1.01387462 -0.10308356
v -0.51394010 -1.01387462 -0.06907750
v -0.51801539 -1.01387462 -0.03464555
v -0.50297015 -1.04708924 0.00000000
v -0.50162452 -1.04708924 0.03424862
v -0.49759592 -1.04708924 0.06828609
v -0.49090919 -1.04708924 0.10190256
v -0.48160556 -1.04708924 0.13489076
v -0.46974238 -1.04708924 0.16704731
v -0.45539279 -1.04708924 0.19817396
v -0.43864528 -1.04708924 0.22807880
v -0.41960308 -1.04708924 0.25657747
v -0.39838361 -1.04708924 0.28349424
v -0.37511768 -1.04708924 0.30866318
v -0.34994874 -1.04708924 0.33192911
v -0.32303196 -1.04708924 0.35314859
v -0.29453330 -1.04708924 0.37219078
v -0.26462846 -1.04708924 0.38893830
v -0.23350180 -1.04708924 0.40328788
v -0.20134525 -1.04708924 0.41515106
v -0.16835705 -1.04708924 0.42445470
v -0.13474059 -1.04708924 0.43114143
v -0.10070312 -1.04708924 0.43517003
v -0.06645449 -1.04708924 0.43651566
v -0.03220587 -1.04708924 0.43517003
v 0.00183160 -1.04708924 0.43114143
v 0.03544806 -1.04708924 0.42445470
v 0.06843626 -1.04708924 0.41515106
v 0.10059282 -1.04708924 0.40328788
v 0.13171947 -1.04708924 0.38893830
v 0.16162431 -1.04708924 0.37219078
v 0.19012297 -1.04708924 0.35314859
v 0.21703975 -1.04708924 0.33192911
v 0.24220869 -1.04708924 0.30866318
v 0.26547462 -1.04708924 0.28349424
v 0.28669409 -1.04708924 0.25657747
v 0.30573629 -1.04708924 0.22807880
v 0.32248380 -1.04708924 0.19817396
v 0.33683339 -1.04708924 0.16704731
v 0.34869657 -1.04708924 0.13489076
v 0.35800020 -1.04708924 0.10190256
v 0.36468693 -1.04708924 0.06828609
v 0.36871553 -1.04708924 0.03424862
v 0.37006116 -1.04708924 0.00000000
v 0.36871553 -1.04708924 -0.03424862
v 0.36468693 -1.04708924 -0.06828609
v 0.35800020 -1.04708924 -0.10190256
v 0.34869657 -1.04708924 -0.13489076
v 0.33683339 -1.04708924 -0.16704731
v 0.32248380 -1.04708924 -0.19817396
v 0.30573629 -1.04708924 -0.22807880
v 0.28669409 -1.04708924 -0.25657747
v 0.26547462 -1.04708924 -0.28349424
v 0.24220869 -1.04708924 -0.30866318
v 0.21703975 -1.04708924 -0.33192911
v 0.19012297 -1.04708924 -0.35314859
v 0.16162431 -1.04708924 -0.37219078
v 0.13171947 -1.04708924 -0.38893830
v 0.10059282 -1.04708924 -0.40328788
v 0.06843626 -1.04708924 -0.41515106
v 0.03544806 -1.04708924 -0.42445470
v 0.00183160 -1.04708924 -0.43114143
v -0.03220587 -1.04708924 -0.43517003
v -0.06645449 -1.04708924 -0.43651566
v -0.10070312 -1.04708924 -0.43517003
v -0.13474059 -1.04708924 -0.43114143
v -0.16835705 -1.04708924 -0.42445470
v -0.20134525 -1.04708924 -0.41515106
v -0.23350180 -1.04708924 -0.40328788
v -0.26462846 -1.04708924 -0.38893830
v -0.29453330 -1.04708924 -0.37219078
v -0.32303196 -1.04708924 -0.35314859
v -0.34994874 -1.04708924 -0.33192911
v -0.37511768 -1.04708924 -0.30866318
v -0.39838361 -1.04708924 -0.28349424
v -0.41960308 -1.04708924 -0.25657747
v -0.43864528 -1.04708924 -0.22807880
v -0.45539279 -1.04708924 -0.19817396
v -0.46974238 -1.04708924 -0.16704731
v -0.48160556 -1.04708924 -0.13489076
v -0.49090919 -1.04708924 -0.10190256
v -0.49759592 -1.04708924 -0.06828609
v -0.50162452 -1.04708924 -0.03424862
v -0.48742604 -1.07868933 0.00000000
v -0.48609649 -1.07868933 0.03383922
v -0.48211605 -1.07868933 0.06746980
v -0.47550925 -1.07868933 0.10068441
v -0.46631683 -1.07868933 0.13327827
v -0.45459547 -1.07868933 0.16505042
v -0.44041742 -1.07868933 0.19580499
v -0.42387010 -1.07868933 0.22535235
v -0.40505554 -1.07868933 0.25351033
v -0.38408972 -1.07868933 0.28010535
v -0.36110191 -1.07868933 0.30497342
v -0.33623384 -1.07868933 0.32796122
v -0.30963883 -1.07868933 0.34892704
v -0.28148084 -1.07868933 0.36774161
v -0.25193348 -1.07868933 0.38428892
v -0.22117892 -1.07868933 0.39846697
v -0.18940677 -1.07868933 0.41018834
v -0.15681291 -1.07868933 0.41938076
v -0.12359830 -1.07868933 0.42598755
v -0.08996771 -1.07868933 0.42996800
v -0.05612850 -1.07868933 0.43129754
v -0.02228928 -1.07868933 0.42996800
v 0.01134130 -1.07868933 0.42598755
v 0.04455591 -1.07868933 0.41938076
v 0.07714977 -1.07868933 0.41018834
v 0.10892193 -1.07868933 0.39846697
v 0.13967649 -1.07868933 0.38428892
v 0.16922385 -1.07868933 0.36774161
v 0.19738184 -1.07868933 0.34892704
v 0.22397685 -1.07868933 0.32796122
v 0.24884492 -1.07868933 0.30497342
v 0.27183273 -1.07868933 0.28010535
v 0.29279854 -1.07868933 0.25351033
v 0.31161311 -1.07868933 0.22535235
v 0.32816043 -1.07868933 0.19580499
v 0.34233847 -1.07868933 0.16505042
v 0.35405984 -1.07868933 0.13327827
v 0.36325226 -1.07868933 0.10068441
v 0.36985906 -1.07868933 0.06746980
v 0.37383950 -1.07868933 0.03383922
v 0.37516904 -1.07868933 0.00000000
v 0.37383950 -1.07868933 -0.03383922
v 0.36985906 -1.07868933 -0.06746980
v 0.36325226 -1.07868933 -0.10068441
v 0.35405984 -1.07868933 -0.13327827
v 0.34233847 -1.07868933 -0.16505042
v 0.32816043 -1.07868933 -0.19580499
v 0.31161311 -1.07868933 -0.22535235
v 0.29279854 -1.07868933 -0.25351033
v 0.27183273 -1.07868933 -0.28010535
v 0.24884492 -1.07868933 -0.30497342
v 0.22397685 -1.07868933 -0.32796122
v 0.19738184 -1.07868933 -0.34892704
v 0.16922385 -1.07868933 -0.36774161
v 0.13967649 -1.07868933 -0.38428892
v 0.10892193 -1.07868933 -0.39846697
v 0.07714977 -1.07868933 -0.41018834
v 0.04455591 -1.07868933 -0.41938076
v 0.01134130 -1.07868933 -0.42598755
v -0.02228928 -1.07868933 -0.42996800
v -0.05612850 -1.07868933 -0.43129754
v -0.08996771 -1.07868933 -0.42996800
v -0.12359830 -1.07868933 -0.42598755
v -0.15681291 -1.07868933 -0.41938076
v -0.18940677 -1.07868933 -0.41018834
v -0.22117892 -1.07868933 -0.39846697
v -0.25193348 -1.07868933 -0.38428892
v -0.28148084 -1.07868933 -0.36774161
v -0.30963883 -1.07868933 -0.34892704
v -0.33623384 -1.07868933 -0.32796122
v -0.36110191 -1.07868933 -0.30497342
v -0.38408972 -1.07868933 -0.28010535
v -0.40505554 -1.07868933 -0.25351033
v -0.42387010 -1.07868933 -0.22535235
v -0.44041742 -1.07868933 -0.19580499
v -0.45459547 -1.07868933 -0.16505042
v -0.46631683 -1.07868933 -0.13327827
v -0.47550925 -1.07868933 -0.10068441
v -0.48211605 -1.07868933 -0.06746980
v -0.48609649 -1.07868933 -0.03383922
v -0.47274361 -1.10862615 0.00000000
v -0.47143061 -1.10862615 0.03341795
v -0.46749972 -1.10862615 0.06662988
v -0.46097517 -1.10862615 0.09943100
v -0.45189719 -1.10862615 0.13161911
v -0.44032174 -1.10862615 0.16299573
v -0.42632019 -1.10862615 0.19336743
v -0.40997887 -1.10862615 0.22254696
v -0.39139852 -1.10862615 0.25035442
v -0.37069371 -1.10862615 0.27661835
v -0.34799207 -1.10862615 0.30117684
v -0.32343358 -1.10862615 0.32387848
v -0.29716965 -1.10862615 0.34458329
v -0.26936220 -1.10862615 0.36316364
v -0.24018267 -1.10862615 0.37950496
v -0.20981096 -1.10862615 0.39350651
v -0.17843434 -1.10862615 0.40508195
v -0.14624624 -1.10862615 0.41415994
v -0.11344511 -1.10862615 0.42068449
v -0.08023319 -1.10862615 0.42461538
v -0.04681523 -1.10862615 0.42592837
v -0.01339728 -1.10862615 0.42461538
v 0.01981464 -1.10862615 0.42068449
v 0.05261577 -1.10862615 0.41415994
v 0.08480387 -1.10862615 0.40508195
v 0.11618050 -1.10862615 0.39350651
v 0.14655220 -1.10862615 0.37950496
v 0.17573173 -1.10862615 0.36316364
v 0.20353918 -1.10862615 0.34458329
v 0.22980312 -1.10862615 0.32387848
v 0.25436161 -1.10862615 0.30117684
v 0.27706324 -1.10862615 0.27661835
v 0.29776806 -1.10862615 0.25035442
v 0.31634840 -1.10862615 0.22254696
v 0.33268973 -1.10862615 0.19336743
v 0.34669127 -1.10862615 0.16299573
v 0.35826672 -1.10862615 0.13161911
v 0.36734470 -1.10862615 0.09943100
v 0.37386925 -1.10862615 0.06662988
v 0.37780014 -1.10862615 0.03341795
v 0.37911314 -1.10862615 0.00000000
v 0.37780014 -1.10862615 -0.03341795
v 0.37386925 -1.10862615 -0.06662988
v 0.36734470 -1.10862615 -0.09943100
v 0.35826672 -1.10862615 -0.13161911
v 0.34669127 -1.10862615 -0.16299573
v 0.33268973 -1.10862615 -0.19336743
v 0.31634840 -1.10862615 -0.22254696
v 0.29776806 -1.10862615 -0.25035442
v 0.27706324 -1.10862615 -0.27661835
v 0.25436161 -1.10862615 -0.30117684
v 0.22980312 -1.10862615 -0.32387848
v 0.20353918 -1.10862615 -0.34458329
v 0.17573173 -1.10862615 -0.36316364
v 0.14655220 -1.10862615 -0.37950496
v 0.11618050 -1.10862615 -0.39350651
v 0.08480387 -1.10862615 -0.40508195
v 0.05261577 -1.10862615 -0.41415994
v 0.01981464 -1.10862615 -0.42068449
v -0.01339728 -1.10862615 -0.42461538
v -0.04681523 -1.10862615 -0.42592837
v -0.08023319 -1.10862615 -0.42461538
v -0.11344511 -1.10862615 -0.42068449
v -0.14624624 -1.10862615 -0.41415994
v -0.17843434 -1.10862615 -0.40508195
v -0.20981096 -1.10862615 -0.39350651
v -0.24018267 -1.10862615 -0.37950496
v -0.26936220 -1.10862615 -0.36316364
v -0.29716965 -1.10862615 -0.34458329
v -0.32343358 -1.10862615 -0.32387848
v -0.34799207 -1.10862615 -0.30117684
v -0.37069371 -1.10862615 -0.27661835
v -0.39139852 -1.10862615 -0.25035442
v -0.40997887 -1.10862615 -0.22254696
v -0.42632019 -1.10862615 -0.19336743
v -0.44032174 -1.10862615 -0.16299573
v -0.45189719 -1.10862615 -0.13161911
v -0.46097517 -1.10862615 -0.09943100
v -0.46749972 -1.10862615 -0.06662988
v -0.47143061 -1.10862615 -0.03341795
v -0.45891408 -1.13685355 0.00000000
v -0.45761808 -1.13685355 0.03298549
v -0.45373805 -1.13685355 0.06576762
v -0.44729794 -1.13685355 0.09814427
v -0.43833743 -1.13685355 0.12991582
v -0.42691178 -1.13685355 0.16088640
v -0.41309143 -1.13685355 0.19086506
v -0.39696158 -1.13685355 0.21966698
v -0.37862169 -1.13685355 0.24711458
v -0.35818481 -1.13685355 0.27303863
v -0.33577696 -1.13685355 0.29727931
v -0.31153628 -1.13685355 0.31968716
v -0.28561223 -1.13685355 0.34012403
v -0.25816463 -1.13685355 0.35846393
v -0.22936272 -1.13685355 0.37459378
v -0.19938405 -1.13685355 0.38841413
v -0.16841347 -1.13685355 0.39983978
v -0.13664192 -1.13685355 0.40880029
v -0.10426527 -1.13685355 0.41524040
v -0.07148314 -1.13685355 0.41912042
v -0.03849765 -1.13685355 0.42041643
v -0.00551216 -1.13685355 0.41912042
v 0.02726997 -1.13685355 0.41524040
v 0.05964661 -1.13685355 0.40880029
v 0.09141817 -1.13685355 0.39983978
v 0.12238875 -1.13685355 0.38841413
v 0.15236741 -1.13685355 0.37459378
v 0.18116933 -1.13685355 0.35846393
v 0.20861692 -1.13685355 0.34012403
v 0.23454098 -1.13685355 0.31968716
v 0.25878166 -1.13685355 0.29727931
v 0.28118951 -1.13685355 0.27303863
v 0.30162638 -1.13685355 0.24711458
v 0.31996628 -1.13685355 0.21966698
v 0.33609613 -1.13685355 0.19086506
v 0.34991648 -1.13685355 0.16088640
v 0.36134213 -1.13685355 0.12991582
v 0.37030264 -1.13685355 0.09814427
v 0.37674275 -1.13685355 0.06576762
v 0.38062277 -1.13685355 0.03298549
v 0.38191878 -1.13685355 0.00000000
v 0.38062277 -1.13685355 -0.03298549
v 0.37674275 -1.13685355 -0.06576762
v 0.37030264 -1.13685355 -0.09814427
v 0.36134213 -1.13685355 -0.12991582
v 0.34991648 -1.13685355 -0.16088640
v 0.33609613 -1.13685355 -0.19086506
v 0.31996628 -1.13685355 -0.21966698
v 0.30162638 -1.13685355 -0.24711458
v 0.28118951 -1.13685355 -0.27303863
v 0.25878166 -1.13685355 -0.29727931
v 0.23454098 -1.13685355 -0.31968716
v 0.20861692 -1.13685355 -0.34012403
v 0.18116933 -1.13685355 -0.35846393
v 0.15236741 -1.13685355 -0.37459378
v 0.12238875 -1.13685355 -0.38841413
v 0.09141817 -1.13685355 -0.39983978
v 0.05964661 -1.13685355 -0.40880029
v 0.02726997 -1.13685355 -0.41524040
v -0.00551216 -1.13685355 -0.41912042
v -0.03849765 -1.13685355 -0.42041643
v -0.07148314 -1.13685355 -0.41912042
v -0.10426527 -1.13685355 -0.41524040
v -0.13664192 -1.13685355 -0.40880029
v -0.16841347 -1.13685355 -0.39983978
v -0.19938405 -1.13685355 -0.38841413
v -0.22936272 -1.13685355 -0.37459378
v -0.25816463 -1.13685355 -0.35846393
v -0.28561223 -1.13685355 -0.34012403
v -0.31153628 -1.13685355 -0.31968716
v -0.33577696 -1.13685355 -0.29727931
v -0.35818481 -1.13685355 -0.27303863
v -0.37862169 -1.13685355 -0.24711458
v -0.39696158 -1.13685355 -0.21966698
v -0.41309143 -1.13685355 -0.19086506
v -0.42691178 -1.13685355 -0.16088640
v -0.43833743 -1.13685355 -0.12991582
v -0.44729794 -1.13685355 -0.09814427
v -0.45373805 -1.13685355 -0.06576762
v -0.45761808 -1.13685355 -0.03298549
v -0.44592079 -1.16332801 0.00000000
v -0.44464219 -1.16332801 0.03254250
v -0.44081428 -1.16332801 0.06488436
v -0.43446065 -1.16332801 0.09682618
v -0.42562049 -1.16332801 0.12817104
v -0.41434828 -1.16332801 0.15872569
v -0.40071354 -1.16332801 0.18830173
v -0.38480032 -1.16332801 0.21671684
v -0.36670673 -1.16332801 0.24379581
v -0.34654432 -1.16332801 0.26937170
v -0.32443741 -1.16332801 0.29328683
v -0.30052228 -1.16332801 0.31539374
v -0.27494639 -1.16332801 0.33555615
v -0.24786742 -1.16332801 0.35364974
v -0.21945231 -1.16332801 0.36956296
v -0.18987627 -1.16332801 0.38319770
v -0.15932162 -1.16332801 0.39446991
v -0.12797676 -1.16332801 0.40331007
v -0.09603494 -1.16332801 0.40966370
v -0.06369308 -1.16332801 0.41349161
v -0.03115058 -1.16332801 0.41477021
v 0.00139192 -1.16332801 0.41349161
v 0.03373378 -1.16332801 0.40966370
v 0.06567560 -1.16332801 0.40331007
v 0.09702046 -1.16332801 0.39446991
v 0.12757511 -1.16332801 0.38319770
v 0.15715115 -1.16332801 0.36956296
v 0.18556626 -1.16332801 0.35364974
v 0.21264523 -1.16332801 0.33555615
v 0.23822112 -1.16332801 0.31539374
v 0.26213625 -1.16332801 0.29328683
v 0.28424316 -1.16332801 0.26937170
v 0.30440557 -1.16332801 0.24379581
v 0.32249916 -1.16332801 0.21671684
v 0.33841238 -1.16332801 0.18830173
v 0.35204713 -1.16332801 0.15872569
v 0.36331933 -1.16332801 0.12817104
v 0.37215949 -1.16332801 0.09682618
v 0.37851312 -1.16332801 0.06488436
v 0.38234103 -1.16332801 0.03254250
v 0.38361963 -1.16332801 0.00000000
v 0.38234103 -1.16332801 -0.03254250
v 0.37851312 -1.16332801 -0.06488436
v 0.37215949 -1.16332801 -0.09682618
v 0.36331933 -1.16332801 -0.12817104
v 0.35204713 -1.16332801 -0.15872569
v 0.33841238 -1.16332801 -0.18830173
v 0.32249916 -1.16332801 -0.21671684
v 0.30440557 -1.16332801 -0.24379581
v 0.28424316 -1.16332801 -0.26937170
v 0.26213625 -1.16332801 -0.29328683
v 0.23822112 -1.16332801 -0.31539374
v 0.21264523 -1.16332801 -0.33555615
v 0.18556626 -1.16332801 -0.35364974
v 0.15715115 -1.16332801 -0.36956296
v 0.12757511 -1.16332801 -0.38319770
v 0.09702046 -1.16332801 -0.39446991
v 0.06567560 -1.16332801 -0.40331007
v 0.03373378 -1.16332801 -0.40966370
v 0.00139192 -1.16332801 -0.41349161
v -0.03115058 -1.16332801 -0.41477021
v -0.06369308 -1.16332801 -0.41349161
v -0.09603494 -1.16332801 -0.40966370
v -0.12797676 -1.16332801 -0.40331007
v -0.15932162 -1.16332801 -0.39446991
v -0.18987627 -1.16332801 -0.38319770
v -0.21945231 -1.16332801 -0.36956296
v -0.24786742 -1.16332801 -0.35364974
v -0.27494639 -1.16332801 -0.33555615
v -0.30052228 -1.16332801 -0.31539374
v -0.32443741 -1.16332801 -0.29328683
v -0.34654432 -1.16332801 -0.26937170
v -0.36670673 -1.16332801 -0.24379581
v -0.38480032 -1.16332801 -0.21671684
v -0.40071354 -1.16332801 -0.18830173
v -0.41434828 -1.16332801 -0.15872569
v -0.42562049 -1.16332801 -0.12817104
v -0.43446065 -1.16332801 -0.09682618
v -0.44081428 -1.16332801 -0.06488436
v -0.44464219 -1.16332801 -0.03254250
v -0.43373942 -1.18800870 0.00000000
v -0.43247861 -1.18800870 0.03208965
v -0.42870397 -1.18800870 0.06398145
v -0.42243876 -1.18800870 0.09547878
v -0.41372161 -1.18800870 0.12638746
v -0.40260627 -1.18800870 0.15651692
v -0.38916126 -1.18800870 0.18568140
v -0.37346948 -1.18800870 0.21370109
v -0.35562767 -1.18800870 0.24040324
v -0.33574584 -1.18800870 0.26562322
v -0.31394656 -1.18800870 0.28920555
v -0.29036422 -1.18800870 0.31100484
v -0.26514424 -1.18800870 0.33088667
v -0.23844209 -1.18800870 0.34872848
v -0.21042240 -1.18800870 0.36442026
v -0.18125792 -1.18800870 0.37786527
v -0.15112846 -1.18800870 0.38898061
v -0.12021979 -1.18800870 0.39769776
v -0.08872245 -1.18800870 0.40396297
v -0.05683065 -1.18800870 0.40773761
v -0.02474100 -1.18800870 0.40899842
v 0.00734864 -1.18800870 0.40773761
v 0.03924045 -1.18800870 0.40396297
v 0.07073778 -1.18800870 0.39769776
v 0.10164646 -1.18800870 0.38898061
v 0.13177592 -1.18800870 0.37786527
v 0.16094039 -1.18800870 0.36442026
v 0.18896008 -1.18800870 0.34872848
v 0.21566224 -1.18800870 0.33088667
v 0.24088222 -1.18800870 0.31100484
v 0.26446455 -1.18800870 0.28920555
v 0.28626383 -1.18800870 0.26562322
v 0.30614567 -1.18800870 0.24040324
v 0.32398748 -1.18800870 0.21370109
v 0.33967926 -1.18800870 0.18568140
v 0.35312426 -1.18800870 0.15651692
v 0.36423961 -1.18800870 0.12638746
v 0.37295676 -1.18800870 0.09547878
v 0.37922197 -1.18800870 0.06398145
v 0.38299661 -1.18800870 0.03208965
v 0.38425742 -1.18800870 0.00000000
v 0.38299661 -1.18800870 -0.03208965
v 0.37922197 -1.18800870 -0.06398145
v 0.37295676 -1.18800870 -0.09547878
v 0.36423961 -1.18800870 -0.12638746
v 0.35312426 -1.18800870 -0.15651692
v 0.33967926 -1.18800870 -0.18568140
v 0.32398748 -1.18800870 -0.21370109
v 0.30614567 -1.18800870 -0.24040324
v 0.28626383 -1.18800870 -0.26562322
v 0.26446455 -1.18800870 -0.28920555
v 0.24088222 -1.18800870 -0.31100484
v 0.21566224 -1.18800870 -0.33088667
v 0.18896008 -1.18800870 -0.34872848
v 0.16094039 -1.18800870 -0.36442026
v 0.13177592 -1.18800870 -0.37786527
v 0.10164646 -1.18800870 -0.38898061
v 0.07073778 -1.18800870 -0.39769776
v 0.03924045 -1.18800870 -0.40396297
v 0.00734864 -1.18800870 -0.40773761
v -0.02474100 -1.18800870 -0.40899842
v -0.05683065 -1.18800870 -0.40773761
v -0.08872245 -1.18800870 -0.40396297
v -0.12021979 -1.18800870 -0.39769776
v -0.15112846 -1.18800870 -0.38898061
v -0.18125792 -1.18800870 -0.37786527
v -0.21042240 -1.18800870 -0.36442026
v -0.23844209 -1.18800870 -0.34872848
v -0.26514424 -1.18800870 -0.33088667
v -0.29036422 -1.18800870 -0.31100484
v -0.31394656 -1.18800870 -0.28920555
v -0.33574584 -1.18800870 -0.26562322
v -0.35562767 -1.18800870 -0.24040324
v -0.37346948 -1.18800870 -0.21370109
v -0.38916126 -1.18800870 -0.18568140
v -0.40260627 -1.18800870 -0.15651692
v -0.41372161 -1.18800870 -0.12638746
v -0.42243876 -1.18800870 -0.09547878
v -0.42870397 -1.18800870 -0.06398145
v -0.43247861 -1.18800870 -0.03208965
v -0.42233833 -1.21085757 0.00000000
v -0.42109568 -1.21085757 0.03162764
v -0.41737538 -1.21085757 0.06306029
v -0.41120037 -1.21085757 0.09410415
v -0.40260873 -1.21085757 0.12456783
v -0.39165342 -1.21085757 0.15426350
v -0.37840198 -1.21085757 0.18300809
v -0.36293612 -1.21085757 0.21062437
v -0.34535118 -1.21085757 0.23694209
v -0.32575559 -1.21085757 0.26179897
v -0.30427016 -1.21085757 0.28504178
v -0.28102735 -1.21085757 0.30652722
v -0.25617046 -1.21085757 0.32612281
v -0.22985275 -1.21085757 0.34370774
v -0.20223647 -1.21085757 0.35917360
v -0.17349188 -1.21085757 0.37242504
v -0.14379620 -1.21085757 0.38338035
v -0.11333253 -1.21085757 0.39197200
v -0.08228867 -1.21085757 0.39814700
v -0.05085602 -1.21085757 0.40186730
v -0.01922838 -1.21085757 0.40310996
v 0.01239927 -1.21085757 0.40186730
v 0.04383191 -1.21085757 0.39814700
v 0.07487577 -1.21085757 0.39197200
v 0.10533945 -1.21085757 0.38338035
v 0.13503512 -1.21085757 0.37242504
v 0.16377971 -1.21085757 0.35917360
v 0.19139600 -1.21085757 0.34370774
v 0.21771371 -1.21085757 0.32612281
v 0.24257060 -1.21085757 0.30652722
v 0.26581341 -1.21085757 0.28504178
v 0.28729884 -1.21085757 0.26179897
v 0.30689443 -1.21085757 0.23694209
v 0.32447936 -1.21085757 0.21062437
v 0.33994522 -1.21085757 0.18300809
v 0.35319666 -1.21085757 0.15426350
v 0.36415197 -1.21085757 0.12456783
v 0.37274362 -1.21085757 0.09410415
v 0.37891863 -1.21085757 0.06306029
v 0.38263893 -1.21085757 0.03162764
v 0.38388158 -1.21085757 0.00000000
v 0.38263893 -1.21085757 -0.03162764
v 0.37891863 -1.21085757 -0.06306029
v 0.37274362 -1.21085757 -0.09410415
v 0.36415197 -1.21085757 -0.12456783
v 0.35319666 -1.21085757 -0.15426350
v 0.33994522 -1.21085757 -0.18300809
v 0.32447936 -1.21085757 -0.21062437
v 0.30689443 -1.21085757 -0.23694209
v 0.28729884 -1.21085757 -0.26179897
v 0.26581341 -1.21085757 -0.28504178
v 0.24257060 -1.21085757 -0.30652722
v 0.21771371 -1.21085757 -0.32612281
v 0.19139600 -1.21085757 -0.34370774
v 0.16377971 -1.21085757 -0.35917360
v 0.13503512 -1.21085757 -0.37242504
v 0.10533945 -1.21085757 -0.38338035
v 0.07487577 -1.21085757 -0.39197200
v 0.04383191 -1.21085757 -0.39814700
v 0.01239927 -1.21085757 -0.40186730
v -0.01922838 -1.21085757 -0.40310996
v -0.05085602 -1.21085757 -0.40186730
v -0.08228867 -1.21085757 -0.39814700
v -0.11333253 -1.21085757 -0.39197200
v -0.14379620 -1.21085757 -0.38338035
v -0.17349188 -1.21085757 -0.37242504
v -0.20223647 -1.21085757 -0.35917360
v -0.22985275 -1.21085757 -0.34370774
v -0.25617046 -1.21085757 -0.32612281
v -0.28102735 -1.21085757 -0.30652722
v -0.30427016 -1.21085757 -0.28504178
v -0.32575559 -1.21085757 -0.26179897
v -0.34535118 -1.21085757 -0.23694209
v -0.36293612 -1.21085757 -0.21062437
v -0.37840198 -1.21085757 -0.18300809
v -0.39165342 -1.21085757 -0.15426350
v -0.40260873 -1.21085757 -0.12456783
v -0.41120037 -1.21085757 -0.09410415
v -0.41737538 -1.21085757 -0.06306029
v -0.42109568 -1.21085757 -0.03162764
v -0.41167893 -1.23183938 0.00000000
v -0.41045476 -1.23183938 0.03115720
v -0.40678980 -1.23183938 0.06212230
v -0.40070664 -1.23183938 0.09270440
v -0.39224279 -1.23183938 0.12271495
v -0.38145043 -1.23183938 0.15196891
v -0.36839610 -1.23183938 0.18028594
v -0.35316029 -1.23183938 0.20749145
v -0.33583692 -1.23183938 0.23341770
v -0.31653280 -1.23183938 0.25790485
v -0.29536696 -1.23183938 0.28080194
v -0.27246987 -1.23183938 0.30196778
v -0.24798272 -1.23183938 0.32127190
v -0.22205647 -1.23183938 0.33859527
v -0.19485096 -1.23183938 0.35383108
v -0.16653393 -1.23183938 0.36688541
v -0.13727997 -1.23183938 0.37767777
v -0.10726942 -1.23183938 0.38614162
v -0.07668732 -1.23183938 0.39222477
v -0.04572222 -1.23183938 0.39588974
v -0.01456502 -1.23183938 0.39711391
v 0.01659218 -1.23183938 0.39588974
v 0.04755728 -1.23183938 0.39222477
v 0.07813938 -1.23183938 0.38614162
v 0.10814992 -1.23183938 0.37767777
v 0.13740389 -1.23183938 0.36688541
v 0.16572092 -1.23183938 0.35383108
v 0.19292642 -1.23183938 0.33859527
v 0.21885268 -1.23183938 0.32127190
v 0.24333983 -1.23183938 0.30196778
v 0.26623691 -1.23183938 0.28080194
v 0.28740276 -1.23183938 0.25790485
v 0.30670688 -1.23183938 0.23341770
v 0.32403024 -1.23183938 0.20749145
v 0.33926606 -1.23183938 0.18028594
v 0.35232039 -1.23183938 0.15196891
v 0.36311275 -1.23183938 0.12271495
v 0.37157660 -1.23183938 0.09270440
v 0.37765975 -1.23183938 0.06212230
v 0.38132471 -1.23183938 0.03115720
v 0.38254888 -1.23183938 0.00000000
v 0.38132471 -1.23183938 -0.03115720
v 0.37765975 -1.23183938 -0.06212230
v 0.37157660 -1.23183938 -0.09270440
v 0.36311275 -1.23183938 -0.12271495
v 0.35232039 -1.23183938 -0.15196891
v 0.33926606 -1.23183938 -0.18028594
v 0.32403024 -1.23183938 -0.20749145
v 0.30670688 -1.23183938 -0.23341770
v 0.28740276 -1.23183938 -0.25790485
v 0.26623691 -1.23183938 -0.28080194
v 0.24333983 -1.23183938 -0.30196778
v 0.21885268 -1.23183938 -0.32127190
v 0.19292642 -1.23183938 -0.33859527
v 0.16572092 -1.23183938 -0.35383108
v 0.13740389 -1.23183938 -0.36688541
v 0.10814992 -1.23183938 -0.37767777
v 0.07813938 -1.23183938 -0.38614162
v 0.04755728 -1.23183938 -0.39222477
v 0.01659218 -1.23183938 -0.39588974
v -0.01456502 -1.23183938 -0.39711391
v -0.04572222 -1.23183938 -0.39588974
v -0.07668732 -1.23183938 -0.39222477
v -0.10726942 -1.23183938 -0.38614162
v -0.13727997 -1.23183938 -0.37767777
v -0.16653393 -1.23183938 -0.36688541
v -0.19485096 -1.23183938 -0.35383108
v -0.22205647 -1.23183938 -0.33859527
v -0.24798272 -1.23183938 -0.32127190
v -0.27246987 -1.23183938 -0.30196778
v -0.29536696 -1.23183938 -0.28080194
v -0.31653280 -1.23183938 -0.25790485
v -0.33583692 -1.23183938 -0.23341770
v -0.35316029 -1.23183938 -0.20749145
v -0.36839610 -1.23183938 -0.18028594
v -0.38145043 -1.23183938 -0.15196891
v -0.39224279 -1.23183938 -0.12271495
v -0.40070664 -1.23183938 -0.09270440
v -0.40678980 -1.23183938 -0.06212230
v -0.41045476 -1.23183938 -0.03115720
v -0.40171603 -1.25092178 0.00000000
v -0.40051064 -1.25092178 0.03067904
v -0.39690193 -1.25092178 0.06116893
v -0.39091213 -1.25092178 0.09128169
v -0.38257817 -1.25092178 0.12083167
v -0.37195144 -1.25092178 0.14963669
v -0.35909745 -1.25092178 0.17751914
v -0.34409546 -1.25092178 0.20430713
v -0.32703794 -1.25092178 0.22983550
v -0.30803008 -1.25092178 0.25394686
v -0.28718906 -1.25092178 0.27649255
v -0.26464337 -1.25092178 0.29733357
v -0.24053202 -1.25092178 0.31634143
v -0.21500365 -1.25092178 0.33339894
v -0.18821566 -1.25092178 0.34840093
v -0.16033320 -1.25092178 0.36125492
v -0.13152819 -1.25092178 0.37188165
v -0.10197821 -1.25092178 0.38021561
v -0.07186544 -1.25092178 0.38620541
v -0.04137555 -1.25092178 0.38981413
v -0.01069652 -1.25092178 0.39101951
v 0.01998252 -1.25092178 0.38981413
v 0.05047241 -1.25092178 0.38620541
v 0.08058518 -1.25092178 0.38021561
v 0.11013516 -1.25092178 0.37188165
v 0.13894017 -1.25092178 0.36125492
v 0.16682263 -1.25092178 0.34840093
v 0.19361062 -1.25092178 0.33339894
v 0.21913898 -1.25092178 0.31634143
v 0.24325034 -1.25092178 0.29733357
v 0.26579603 -1.25092178 0.27649255
v 0.28663705 -1.25092178 0.25394686
v 0.30564491 -1.25092178 0.22983550
v 0.32270242 -1.25092178 0.20430713
v 0.33770442 -1.25092178 0.17751914
v 0.35055841 -1.25092178 0.14963669
v 0.36118514 -1.25092178 0.12083167
v 0.36951909 -1.25092178 0.09128169
v 0.37550889 -1.25092178 0.06116893
v 0.37911761 -1.25092178 0.03067904
v 0.38032299 -1.25092178 0.00000000
v 0.37911761 -1.25092178 -0.03067904
v 0.37550889 -1.25092178 -0.06116893
v 0.36951909 -1.25092178 -0.09128169
v 0.36118514 -1.25092178 -0.12083167
v 0.35055841 -1.25092178 -0.14963669
v 0.33770442 -1.25092178 -0.17751914
v 0.32270242 -1.25092178 -0.20430713
v 0.30564491 -1.25092178 -0.22983550
v 0.28663705 -1.25092178 -0.25394686
v 0.26579603 -1.25092178 -0.27649255
v 0.24325034 -1.25092178 -0.29733357
v 0.21913898 -1.25092178 -0.31634143
v 0.19361062 -1.25092178 -0.33339894
v 0.16682263 -1.25092178 -0.34840093
v 0.13894017 -1.25092178 -0.36125492
v 0.11013516 -1.25092178 -0.37188165
v 0.08058518 -1.25092178 -0.38021561
v 0.05047241 -1.25092178 -0.38620541
v 0.01998252 -1.25092178 -0.38981413
v -0.01069652 -1.25092178 -0.39101951
v -0.04137555 -1.25092178 -0.38981413
v -0.07186544 -1.25092178 -0.38620541
v -0.10197821 -1.25092178 -0.38021561
v -0.13152819 -1.25092178 -0.37188165
v -0.16033320 -1.25092178 -0.36125492
v -0.18821566 -1.25092178 -0.34840093
v -0.21500365 -1.25092178 -0.33339894
v -0.24053202 -1.25092178 -0.31634143
v -0.26464337 -1.25092178 -0.29733357
v -0.28718906 -1.25092178 -0.27649255
v -0.30803008 -1.25092178 -0.25394686
v -0.32703794 -1.25092178 -0.22983550
v -0.34409546 -1.25092178 -0.20430713
v -0.35909745 -1.25092178 -0.17751914
v -0.37195144 -1.25092178 -0.14963669
v -0.38257817 -1.25092178 -0.12083167
v -0.39091213 -1.25092178 -0.09128169
v -0.39690193 -1.25092178 -0.06116893
v -0.40051064 -1.25092178 -0.03067904
v -0.39239835 -1.26807536 0.00000000
v -0.39121203 -1.26807536 0.03019390
v -0.38766038 -1.26807536 0.06020164
v -0.38176530 -1.26807536 0.08983822
v -0.37356313 -1.26807536 0.11892092
v -0.36310444 -1.26807536 0.14727042
v -0.35045372 -1.26807536 0.17471196
v -0.33568896 -1.26807536 0.20107634
v -0.31890118 -1.26807536 0.22620102
v -0.30019390 -1.26807536 0.24993110
v -0.27968245 -1.26807536 0.27212026
v -0.25749328 -1.26807536 0.29263172
v -0.23376321 -1.26807536 0.31133900
v -0.20863853 -1.26807536 0.32812677
v -0.18227415 -1.26807536 0.34289153
v -0.15483261 -1.26807536 0.35554226
v -0.12648310 -1.26807536 0.36600094
v -0.09740040 -1.26807536 0.37420311
v -0.06776382 -1.26807536 0.38009819
v -0.03775608 -1.26807536 0.38364984
v -0.00756218 -1.26807536 0.38483617
v 0.02263171 -1.26807536 0.38364984
v 0.05263946 -1.26807536 0.38009819
v 0.08227603 -1.26807536 0.37420311
v 0.11135873 -1.26807536 0.36600094
v 0.13970824 -1.26807536 0.35554226
v 0.16714978 -1.26807536 0.34289153
v 0.19351416 -1.26807536 0.32812677
v 0.21863884 -1.26807536 0.31133900
v 0.24236891 -1.26807536 0.29263172
v 0.26455808 -1.26807536 0.27212026
v 0.28506953 -1.26807536 0.24993110
v 0.30377681 -1.26807536 0.22620102
v 0.32056459 -1.26807536 0.20107634
v 0.33532935 -1.26807536 0.17471196
v 0.34798007 -1.26807536 0.14727042
v 0.35843876 -1.26807536 0.11892092
v 0.36664093 -1.26807536 0.08983822
v 0.37253601 -1.26807536 0.06020164
v 0.37608766 -1.26807536 0.03019390
v 0.37727398 -1.26807536 0.00000000
v 0.37608766 -1.26807536 -0.03019390
v 0.37253601 -1.26807536 -0.06020164
v 0.36664093 -1.26807536 -0.08983822
v 0.35843876 -1.26807536 -0.11892092
v 0.34798007 -1.26807536 -0.14727042
v 0.33532935 -1.26807536 -0.17471196
v 0.32056459 -1.26807536 -0.20107634
v 0.30377681 -1.26807536 -0.22620102
v 0.28506953 -1.26807536 -0.24993110
v 0.26455808 -1.26807536 -0.27212026
v 0.24236891 -1.26807536 -0.29263172
v 0.21863884 -1.26807536 -0.31133900
v 0.19351416 -1.26807536 -0.32812677
v 0.16714978 -1.26807536 -0.34289153
v 0.13970824 -1.26807536 -0.35554226
v 0.11135873 -1.26807536 -0.36600094
v 0.08227603 -1.26807536 -0.37420311
v 0.05263946 -1.26807536 -0.38009819
v 0.02263171 -1.26807536 -0.38364984
v -0.00756218 -1.26807536 -0.38483617
v -0.03775608 -1.26807536 -0.38364984
v -0.06776382 -1.26807536 -0.38009819
v -0.09740040 -1.26807536 -0.37420311
v -0.12648310 -1.26807536 -0.36600094
v -0.15483261 -1.26807536 -0.35554226
v -0.18227415 -1.26807536 -0.34289153
v -0.20863853 -1.26807536 -0.32812677
v -0.23376321 -1.26807536 -0.31133900
v -0.25749328 -1.26807536 -0.29263172
v -0.27968245 -1.26807536 -0.27212026
v -0.30019390 -1.26807536 -0.24993110
v -0.31890118 -1.26807536 -0.22620102
v -0.33568896 -1.26807536 -0.20107634
v -0.35045372 -1.26807536 -0.17471196
v -0.36310444 -1.26807536 -0.14727042
v -0.37356313 -1.26807536 -0.11892092
v -0.38176530 -1.26807536 -0.08983822
v -0.38766038 -1.26807536 -0.06020164
v -0.39121203 -1.26807536 -0.03019390
v -0.38366899 -1.28327365 0.00000000
v -0.38250198 -1.28327365 0.02970253
v -0.37900813 -1.28327365 0.05922193
v -0.37320898 -1.28327365 0.08837621
v -0.36514029 -1.28327365 0.11698562
v -0.35485181 -1.28327365 0.14487377
v -0.34240696 -1.28327365 0.17186873
v -0.32788248 -1.28327365 0.19780406
v -0.31136790 -1.28327365 0.22251987
v -0.29296506 -1.28327365 0.24586376
v -0.27278741 -1.28327365 0.26769182
v -0.25095934 -1.28327365 0.28786948
v -0.22761545 -1.28327365 0.30627232
v -0.20289965 -1.28327365 0.32278689
v -0.17696431 -1.28327365 0.33731138
v -0.14996936 -1.28327365 0.34975622
v -0.12208120 -1.28327365 0.36004471
v -0.09347179 -1.28327365 0.36811339
v -0.06431751 -1.28327365 0.37391254
v -0.03479811 -1.28327365 0.37740639
v -0.00509558 -1.28327365 0.37857341
v 0.02460694 -1.28327365 0.37740639
v 0.05412634 -1.28327365 0.37391254
v 0.08328062 -1.28327365 0.36811339
v 0.11189003 -1.28327365 0.36004471
v 0.13977819 -1.28327365 0.34975622
v 0.16677315 -1.28327365 0.33731138
v 0.19270848 -1.28327365 0.32278689
v 0.21742428 -1.28327365 0.30627232
v 0.24076818 -1.28327365 0.28786948
v 0.26259624 -1.28327365 0.26769182
v 0.28277389 -1.28327365 0.24586376
v 0.30117674 -1.28327365 0.22251987
v 0.31769131 -1.28327365 0.19780406
v 0.33221579 -1.28327365 0.17186873
v 0.34466064 -1.28327365 0.14487377
v 0.35494912 -1.28327365 0.11698562
v 0.36301781 -1.28327365 0.08837621
v 0.36881696 -1.28327365 0.05922193
v 0.37231081 -1.28327365 0.02970253
v 0.37347782 -1.28327365 0.00000000
v 0.37231081 -1.28327365 -0.02970253
v 0.36881696 -1.28327365 -0.05922193
v 0.36301781 -1.28327365 -0.08837621
v 0.35494912 -1.28327365 -0.11698562
v 0.34466064 -1.28327365 -0.14487377
v 0.33221579 -1.28327365 -0.17186873
v 0.31769131 -1.28327365 -0.19780406
v 0.30117674 -1.28327365 -0.22251987
v 0.28277389 -1.28327365 -0.24586376
v 0.26259624 -1.28327365 -0.26769182
v 0.24076818 -1.28327365 -0.28786948
v 0.21742428 -1.28327365 -0.30627232
v 0.19270848 -1.28327365 -0.32278689
v 0.16677315 -1.28327365 -0.33731138
v 0.13977819 -1.28327365 -0.34975622
v 0.11189003 -1.28327365 -0.36004471
v 0.08328062 -1.28327365 -0.36811339
v 0.05412634 -1.28327365 -0.37391254
v 0.02460694 -1.28327365 -0.37740639
v -0.00509558 -1.28327365 -0.37857341
v -0.03479811 -1.28327365 -0.37740639
v -0.06431751 -1.28327365 -0.37391254
v -0.09347179 -1.28327365 -0.36811339
v -0.12208120 -1.28327365 -0.36004471
v -0.14996936 -1.28327365 -0.34975622
v -0.17696431 -1.28327365 -0.33731138
v -0.20289965 -1.28327365 -0.32278689
v -0.22761545 -1.28327365 -0.30627232
v -0.25095934 -1.28327365 -0.28786948
v -0.27278741 -1.28327365 -0.26769182
v -0.29296506 -1.28327365 -0.24586376
v -0.31136790 -1.28327365 -0.22251987
v -0.32788248 -1.28327365 -0.19780406
v -0.34240696 -1.28327365 -0.17186873
v -0.35485181 -1.28327365 -0.14487377
v -0.36514029 -1.28327365 -0.11698562
v -0.37320898 -1.28327365 -0.08837621
v -0.37900813 -1.28327365 -0.05922193
v -0.38250198 -1.28327365 -0.02970253
v -0.37546595 -1.29649323 0.00000000
v -0.37431846 -1.29649323 0.02920568
v -0.37088305 -1.29649323 0.05823131
v -0.36518091 -1.29649323 0.08689791
v -0.35724718 -1.29649323 0.11502876
v -0.34713080 -1.29649323 0.14245042
v -0.33489412 -1.29649323 0.16899383
v -0.32061259 -1.29649323 0.19449533
v -0.30437427 -1.29649323 0.21879771
v -0.28627925 -1.29649323 0.24175112
v -0.26643912 -1.29649323 0.26321406
v -0.24497618 -1.29649323 0.28305420
v -0.22202276 -1.29649323 0.30114921
v -0.19772039 -1.29649323 0.31738754
v -0.17221889 -1.29649323 0.33166907
v -0.14567548 -1.29649323 0.34390574
v -0.11825382 -1.29649323 0.35402213
v -0.09012297 -1.29649323 0.36195585
v -0.06145636 -1.29649323 0.36765799
v -0.03243074 -1.29649323 0.37109340
v -0.00322506 -1.29649323 0.37224089
v 0.02598063 -1.29649323 0.37109340
v 0.05500625 -1.29649323 0.36765799
v 0.08367285 -1.29649323 0.36195585
v 0.11180371 -1.29649323 0.35402213
v 0.13922537 -1.29649323 0.34390574
v 0.16576877 -1.29649323 0.33166907
v 0.19127028 -1.29649323 0.31738754
v 0.21557265 -1.29649323 0.30114921
v 0.23852607 -1.29649323 0.28305420
v 0.25998900 -1.29649323 0.26321406
v 0.27982914 -1.29649323 0.24175112
v 0.29792415 -1.29649323 0.21879771
v 0.31416248 -1.29649323 0.19449533
v 0.32844401 -1.29649323 0.16899383
v 0.34068069 -1.29649323 0.14245042
v 0.35079707 -1.29649323 0.11502876
v 0.35873079 -1.29649323 0.08689791
v 0.36443293 -1.29649323 0.05823131
v 0.36786834 -1.29649323 0.02920568
v 0.36901584 -1.29649323 0.00000000
v 0.36786834 -1.29649323 -0.02920568
v 0.36443293 -1.29649323 -0.05823131
v 0.35873079 -1.29649323 -0.08689791
v 0.35079707 -1.29649323 -0.11502876
v 0.34068069 -1.29649323 -0.14245042
v 0.32844401 -1.29649323 -0.16899383
v 0.31416248 -1.29649323 -0.19449533
v 0.29792415 -1.29649323 -0.21879771
v 0.27982914 -1.29649323 -0.24175112
v 0.25998900 -1.29649323 -0.26321406
v 0.23852607 -1.29649323 -0.28305420
v 0.21557265 -1.29649323 -0.30114921
v 0.19127028 -1.29649323 -0.31738754
v 0.16576877 -1.29649323 -0.33166907
v 0.13922537 -1.29649323 -0.34390574
v 0.11180371 -1.29649323 -0.35402213
v 0.08367285 -1.29649323 -0.36195585
v 0.05500625 -1.29649323 -0.36765799
v 0.02598063 -1.29649323 -0.37109340
v -0.00322506 -1.29649323 -0.37224089
v -0.03243074 -1.29649323 -0.37109340
v -0.06145636 -1.29649323 -0.36765799
v -0.09012297 -1.29649323 -0.36195585
v -0.11825382 -1.29649323 -0.35402213
v -0.14567548 -1.29649323 -0.34390574
v -0.17221889 -1.29649323 -0.33166907
v -0.19772039 -1.29649323 -0.31738754
v -0.22202276 -1.29649323 -0.30114921
v -0.24497618 -1.29649323 -0.28305420
v -0.26643912 -1.29649323 -0.26321406
v -0.28627925 -1.29649323 -0.24175112
v -0.30437427 -1.29649323 -0.21879771
v -0.32061259 -1.29649323 -0.19449533
v -0.33489412 -1.29649323 -0.16899383
v -0.34713080 -1.29649323 -0.14245042
v -0.35724718 -1.29649323 -0.11502876
v -0.36518091 -1.29649323 -0.08689791
v -0.37088305 -1.29649323 -0.05823131
v -0.37431846 -1.29649323 -0.02920568
v -0.36772269 -1.30771371 0.00000000
v -0.36659490 -1.30771371 0.02870413
v -0.36321849 -1.30771371 0.05723130
v -0.35761427 -1.30771371 0.08540561
v -0.34981680 -1.30771371 0.11305337
v -0.33987414 -1.30771371 0.14000412
v -0.32784760 -1.30771371 0.16609169
v -0.31381133 -1.30771371 0.19115526
v -0.29785187 -1.30771371 0.21504029
v -0.28006760 -1.30771371 0.23759952
v -0.26056818 -1.30771371 0.25869388
v -0.23947382 -1.30771371 0.27819330
v -0.21691459 -1.30771371 0.29597756
v -0.19302956 -1.30771371 0.31193703
v -0.16796599 -1.30771371 0.32597330
v -0.14187842 -1.30771371 0.33799984
v -0.11492767 -1.30771371 0.34794249
v -0.08727991 -1.30771371 0.35573997
v -0.05910560 -1.30771371 0.36134419
v -0.03057844 -1.30771371 0.36472060
v -0.00187430 -1.30771371 0.36584839
v 0.02682983 -1.30771371 0.36472060
v 0.05535699 -1.30771371 0.36134419
v 0.08353131 -1.30771371 0.35573997
v 0.11117907 -1.30771371 0.34794249
v 0.13812981 -1.30771371 0.33799984
v 0.16421739 -1.30771371 0.32597330
v 0.18928095 -1.30771371 0.31193703
v 0.21316598 -1.30771371 0.29597756
v 0.23572522 -1.30771371 0.27819330
v 0.25681957 -1.30771371 0.25869388
v 0.27631899 -1.30771371 0.23759952
v 0.29410326 -1.30771371 0.21504029
v 0.31006273 -1.30771371 0.19115526
v 0.32409900 -1.30771371 0.16609169
v 0.33612553 -1.30771371 0.14000412
v 0.34606819 -1.30771371 0.11305337
v 0.35386566 -1.30771371 0.08540561
v 0.35946988 -1.30771371 0.05723130
v 0.36284630 -1.30771371 0.02870413
v 0.36397408 -1.30771371 0.00000000
v 0.36284630 -1.30771371 -0.02870413
v 0.35946988 -1.30771371 -0.05723130
v 0.35386566 -1.30771371 -0.08540561
v 0.34606819 -1.30771371 -0.11305337
v 0.33612553 -1.30771371 -0.14000412
v 0.32409900 -1.30771371 -0.16609169
v 0.31006273 -1.30771371 -0.19115526
v 0.29410326 -1.30771371 -0.21504029
v 0.27631899 -1.30771371 -0.23759952
v 0.25681957 -1.30771371 -0.25869388
v 0.23572522 -1.30771371 -0.27819330
v 0.21316598 -1.30771371 -0.29597756
v 0.18928095 -1.30771371 -0.31193703
v 0.16421739 -1.30771371 -0.32597330
v 0.13812981 -1.30771371 -0.33799984
v 0.11117907 -1.30771371 -0.34794249
v 0.08353131 -1.30771371 -0.35573997
v 0.05535699 -1.30771371 -0.36134419
v 0.02682983 -1.30771371 -0.36472060
v -0.00187430 -1.30771371 -0.36584839
v -0.03057844 -1.30771371 -0.36472060
v -0.05910560 -1.30771371 -0.36134419
v -0.08727991 -1.30771371 -0.35573997
v -0.11492767 -1.30771371 -0.34794249
v -0.14187842 -1.30771371 -0.33799984
v -0.16796599 -1.30771371 -0.32597330
v -0.19302956 -1.30771371 -0.31193703
v -0.21691459 -1.30771371 -0.29597756
v -0.23947382 -1.30771371 -0.27819330
v -0.26056818 -1.30771371 -0.25869388
v -0.28006760 -1.30771371 -0.23759952
v -0.29785187 -1.30771371 -0.21504029
v -0.31381133 -1.30771371 -0.19115526
v -0.32784760 -1.30771371 -0.16609169
v -0.33987414 -1.30771371 -0.14000412
v -0.34981680 -1.30771371 -0.11305337
v -0.35761427 -1.30771371 -0.08540561
v -0.36321849 -1.30771371 -0.05723130
v -0.36659490 -1.30771371 -0.02870413
v -0.36036873 -1.31691779 0.00000000
v -0.35926080 -1.31691779 0.02819865
v -0.35594385 -1.31691779 0.05622345
v -0.35043832 -1.31691779 0.08390160
v -0.34277816 -1.31691779 0.11106248
v -0.33301059 -1.31691779 0.13753862
v -0.32119585 -1.31691779 0.16316679
v -0.30740676 -1.31691779 0.18778899
v -0.29172834 -1.31691779 0.21125340
v -0.27425726 -1.31691779 0.23341536
v -0.25510122 -1.31691779 0.25413824
v -0.23437834 -1.31691779 0.27329427
v -0.21221638 -1.31691779 0.29076535
v -0.18875197 -1.31691779 0.30644377
v -0.16412978 -1.31691779 0.32023286
v -0.13850161 -1.31691779 0.33204761
v -0.11202547 -1.31691779 0.34181517
v -0.08486459 -1.31691779 0.34947533
v -0.05718643 -1.31691779 0.35498086
v -0.02916163 -1.31691779 0.35829782
v -0.00096298 -1.31691779 0.35940574
v 0.02723567 -1.31691779 0.35829782
v 0.05526046 -1.31691779 0.35498086
v 0.08293862 -1.31691779 0.34947533
v 0.11009950 -1.31691779 0.34181517
v 0.13657564 -1.31691779 0.33204761
v 0.16220381 -1.31691779 0.32023286
v 0.18682600 -1.31691779 0.30644377
v 0.21029041 -1.31691779 0.29076535
v 0.23245238 -1.31691779 0.27329427
v 0.25317525 -1.31691779 0.25413824
v 0.27233129 -1.31691779 0.23341536
v 0.28980237 -1.31691779 0.21125340
v 0.30548079 -1.31691779 0.18778899
v 0.31926988 -1.31691779 0.16316679
v 0.33108463 -1.31691779 0.13753862
v 0.34085219 -1.31691779 0.11106248
v 0.34851235 -1.31691779 0.08390160
v 0.35401788 -1.31691779 0.05622345
v 0.35733483 -1.31691779 0.02819865
v 0.35844276 -1.31691779 0.00000000
v 0.35733483 -1.31691779 -0.02819865
v 0.35401788 -1.31691779 -0.05622345
v 0.34851235 -1.31691779 -0.08390160
v 0.34085219 -1.31691779 -0.11106248
v 0.33108463 -1.31691779 -0.13753862
v 0.31926988 -1.31691779 -0.16316679
v 0.30548079 -1.31691779 -0.18778899
v 0.28980237 -1.31691779 -0.21125340
v 0.27233129 -1.31691779 -0.23341536
v 0.25317525 -1.31691779 -0.25413824
v 0.23245238 -1.31691779 -0.27329427
v 0.21029041 -1.31691779 -0.29076535
v 0.18682600 -1.31691779 -0.30644377
v 0.16220381 -1.31691779 -0.32023286
v 0.13657564 -1.31691779 -0.33204761
v 0.11009950 -1.31691779 -0.34181517
v 0.08293862 -1.31691779 -0.34947533
v 0.05526046 -1.31691779 -0.35498086
v 0.02723567 -1.31691779 -0.35829782
v -0.00096298 -1.31691779 -0.35940574
v -0.02916163 -1.31691779 -0.35829782
v -0.05718643 -1.31691779 -0.35498086
v -0.08486459 -1.31691779 -0.34947533
v -0.11202547 -1.31691779 -0.34181517
v -0.13850161 -1.31691779 -0.33204761
v -0.16412978 -1.31691779 -0.32023286
v -0.18875197 -1.31691779 -0.30644377
v -0.21221638 -1.31691779 -0.29076535
v -0.23437834 -1.31691779 -0.27329427
v -0.25510122 -1.31691779 -0.25413824
v -0.27425726 -1.31691779 -0.23341536
v -0.29172834 -1.31691779 -0.21125340
v -0.30740676 -1.31691779 -0.18778899
v -0.32119585 -1.31691779 -0.16316679
v -0.33301059 -1.31691779 -0.13753862
v -0.34277816 -1.31691779 -0.11106248
v -0.35043832 -1.31691779 -0.08390160
v -0.35594385 -1.31691779 -0.05622345
v -0.35926080 -1.31691779 -0.02819865
v -0.35333026 -1.32409128 0.00000000
v -0.35224231 -1.32409128 0.02769001
v -0.34898519 -1.32409128 0.05520930
v -0.34357897 -1.32409128 0.08238821
v -0.33605698 -1.32409128 0.10905917
v -0.32646560 -1.32409128 0.13505775
v -0.31486396 -1.32409128 0.16022364
v -0.30132360 -1.32409128 0.18440171
v -0.28592798 -1.32409128 0.20744288
v -0.26877204 -1.32409128 0.22920509
v -0.24996153 -1.32409128 0.24955418
v -0.22961245 -1.32409128 0.26836468
v -0.20785023 -1.32409128 0.28552062
v -0.18480907 -1.32409128 0.30091624
v -0.16063100 -1.32409128 0.31445661
v -0.13546510 -1.32409128 0.32605824
v -0.10946653 -1.32409128 0.33564962
v -0.08279557 -1.32409128 0.34317161
v -0.05561666 -1.32409128 0.34857783
v -0.02809737 -1.32409128 0.35183496
v -0.00040736 -1.32409128 0.35292290
v 0.02728265 -1.32409128 0.35183496
v 0.05480195 -1.32409128 0.34857783
v 0.08198086 -1.32409128 0.34317161
v 0.10865182 -1.32409128 0.33564962
v 0.13465039 -1.32409128 0.32605824
v 0.15981629 -1.32409128 0.31445661
v 0.18399435 -1.32409128 0.30091624
v 0.20703552 -1.32409128 0.28552062
v 0.22879773 -1.32409128 0.26836468
v 0.24914682 -1.32409128 0.24955418
v 0.26795732 -1.32409128 0.22920509
v 0.28511327 -1.32409128 0.20744288
v 0.30050888 -1.32409128 0.18440171
v 0.31404925 -1.32409128 0.16022364
v 0.32565089 -1.32409128 0.13505775
v 0.33524227 -1.32409128 0.10905917
v 0.34276425 -1.32409128 0.08238821
v 0.34817048 -1.32409128 0.05520930
v 0.35142760 -1.32409128 0.02769001
v 0.35251554 -1.32409128 0.00000000
v 0.35142760 -1.32409128 -0.02769001
v 0.34817048 -1.32409128 -0.05520930
v 0.34276425 -1.32409128 -0.08238821
v 0.33524227 -1.32409128 -0.10905917
v 0.32565089 -1.32409128 -0.13505775
v 0.31404925 -1.32409128 -0.16022364
v 0.30050888 -1.32409128 -0.18440171
v 0.28511327 -1.32409128 -0.20744288
v 0.26795732 -1.32409128 -0.22920509
v 0.24914682 -1.32409128 -0.24955418
v 0.22879773 -1.32409128 -0.26836468
v 0.20703552 -1.32409128 -0.28552062
v 0.18399435 -1.32409128 -0.30091624
v 0.15981629 -1.32409128 -0.31445661
v 0.13465039 -1.32409128 -0.32605824
v 0.10865182 -1.32409128 -0.33564962
v 0.08198086 -1.32409128 -0.34317161
v 0.05480195 -1.32409128 -0.34857783
v 0.02728265 -1.32409128 -0.35183496
v -0.00040736 -1.32409128 -0.35292290
v -0.02809737 -1.32409128 -0.35183496
v -0.05561666 -1.32409128 -0.34857783
v -0.08279557 -1.32409128 -0.34317161
v -0.10946653 -1.32409128 -0.33564962
v -0.13546510 -1.32409128 -0.32605824
v -0.16063100 -1.32409128 -0.31445661
v -0.18480907 -1.32409128 -0.30091624
v -0.20785023 -1.32409128 -0.28552062
v -0.22961245 -1.32409128 -0.26836468
v -0.24996153 -1.32409128 -0.24955418
v -0.26877204 -1.32409128 -0.22920509
v -0.28592798 -1.32409128 -0.20744288
v -0.30132360 -1.32409128 -0.18440171
v -0.31486396 -1.32409128 -0.16022364
v -0.32646560 -1.32409128 -0.13505775
v -0.33605698 -1.32409128 -0.10905917
v -0.34357897 -1.32409128 -0.08238821
v -0.34898519 -1.32409128 -0.05520930
v -0.35224231 -1.32409128 -0.02769001
v -0.34653078 -1.32922311 0.00000000
v -0.34546291 -1.32922311 0.02717900
v -0.34226590 -1.32922311 0.05419044
v -0.33695945 -1.32922311 0.08086777
v -0.32957628 -1.32922311 0.10704653
v -0.32016190 -1.32922311 0.13256531
v -0.30877437 -1.32922311 0.15726678
v -0.29548388 -1.32922311 0.18099865
v -0.28037239 -1.32922311 0.20361460
v -0.26353305 -1.32922311 0.22497520
v -0.24506969 -1.32922311 0.24494875
v -0.22509613 -1.32922311 0.26341212
v -0.20373553 -1.32922311 0.28025146
v -0.18111958 -1.32922311 0.29536295
v -0.15738771 -1.32922311 0.30865344
v -0.13268624 -1.32922311 0.32004097
v -0.10716746 -1.32922311 0.32945534
v -0.08098870 -1.32922311 0.33683852
v -0.05431137 -1.32922311 0.34214497
v -0.02729994 -1.32922311 0.34534198
v -0.00012093 -1.32922311 0.34640985
v 0.02705807 -1.32922311 0.34534198
v 0.05406951 -1.32922311 0.34214497
v 0.08074684 -1.32922311 0.33683852
v 0.10692560 -1.32922311 0.32945534
v 0.13244438 -1.32922311 0.32004097
v 0.15714585 -1.32922311 0.30865344
v 0.18087772 -1.32922311 0.29536295
v 0.20349367 -1.32922311 0.28025146
v 0.22485427 -1.32922311 0.26341212
v 0.24482782 -1.32922311 0.24494875
v 0.26329118 -1.32922311 0.22497520
v 0.28013052 -1.32922311 0.20361460
v 0.29524202 -1.32922311 0.18099865
v 0.30853250 -1.32922311 0.15726678
v 0.31992004 -1.32922311 0.13256531
v 0.32933441 -1.32922311 0.10704653
v 0.33671759 -1.32922311 0.08086777
v 0.34202404 -1.32922311 0.05419044
v 0.34522105 -1.32922311 0.02717900
v 0.34628892 -1.32922311 0.00000000
v 0.34522105 -1.32922311 -0.02717900
v 0.34202404 -1.32922311 -0.05419044
v 0.33671759 -1.32922311 -0.08086777
v 0.32933441 -1.32922311 -0.10704653
v 0.31992004 -1.32922311 -0.13256531
v 0.30853250 -1.32922311 -0.15726678
v 0.29524202 -1.32922311 -0.18099865
v 0.28013052 -1.32922311 -0.20361460
v 0.26329118 -1.32922311 -0.22497520
v 0.24482782 -1.32922311 -0.24494875
v 0.22485427 -1.32922311 -0.26341212
v 0.20349367 -1.32922311 -0.28025146
v 0.18087772 -1.32922311 -0.29536295
v 0.15714585 -1.32922311 -0.30865344
v 0.13244438 -1.32922311 -0.32004097
v 0.10692560 -1.32922311 -0.32945534
v 0.08074684 -1.32922311 -0.33683852
v 0.05406951 -1.32922311 -0.34214497
v 0.02705807 -1.32922311 -0.34534198
v -0.00012093 -1.32922311 -0.34640985
v -0.02729994 -1.32922311 -0.34534198
v -0.05431137 -1.32922311 -0.34214497
v -0.08098870 -1.32922311 -0.33683852
v -0.10716746 -1.32922311 -0.32945534
v -0.13268624 -1.32922311 -0.32004097
v -0.15738771 -1.32922311 -0.30865344
v -0.18111958 -1.32922311 -0.29536295
v -0.20373553 -1.32922311 -0.28025146
v -0.22509613 -1.32922311 -0.26341212
v -0.24506969 -1.32922311 -0.24494875
v -0.26353305 -1.32922311 -0.22497520
v -0.28037239 -1.32922311 -0.20361460
v -0.29548388 -1.32922311 -0.18099865
v -0.30877437 -1.32922311 -0.15726678
v -0.32016190 -1.32922311 -0.13256531
v -0.32957628 -1.32922311 -0.10704653
v -0.33695945 -1.32922311 -0.08086777
v -0.34226590 -1.32922311 -0.05419044
v -0.34546291 -1.32922311 -0.02717900
v -0.33989177 -1.33230538 0.00000000
v -0.33884404 -1.33230538 0.02666641
v -0.33570732 -1.33230538 0.05316842
v -0.33050095 -1.33230538 0.07934262
v -0.32325702 -1.33230538 0.10502766
v -0.31402020 -1.33230538 0.13006516
v -0.30284743 -1.33230538 0.15430076
v -0.28980760 -1.33230538 0.17758505
v -0.27498111 -1.33230538 0.19977447
v -0.25845936 -1.33230538 0.22073222
v -0.24034421 -1.33230538 0.24032907
v -0.22074735 -1.33230538 0.25844422
v -0.19978961 -1.33230538 0.27496597
v -0.17760019 -1.33230538 0.28979247
v -0.15431590 -1.33230538 0.30283230
v -0.13008029 -1.33230538 0.31400507
v -0.10504279 -1.33230538 0.32324189
v -0.07935776 -1.33230538 0.33048582
v -0.05318355 -1.33230538 0.33569219
v -0.02668155 -1.33230538 0.33882891
v -0.00001513 -1.33230538 0.33987664
v 0.02665128 -1.33230538 0.33882891
v 0.05315329 -1.33230538 0.33569219
v 0.07932749 -1.33230538 0.33048582
v 0.10501252 -1.33230538 0.32324189
v 0.13005002 -1.33230538 0.31400507
v 0.15428563 -1.33230538 0.30283230
v 0.17756992 -1.33230538 0.28979247
v 0.19975934 -1.33230538 0.27496597
v 0.22071708 -1.33230538 0.25844422
v 0.24031394 -1.33230538 0.24032907
v 0.25842909 -1.33230538 0.22073222
v 0.27495084 -1.33230538 0.19977447
v 0.28977734 -1.33230538 0.17758505
v 0.30281717 -1.33230538 0.15430076
v 0.31398993 -1.33230538 0.13006516
v 0.32322676 -1.33230538 0.10502766
v 0.33047068 -1.33230538 0.07934262
v 0.33567706 -1.33230538 0.05316842
v 0.33881378 -1.33230538 0.02666641
v 0.33986150 -1.33230538 0.00000000
v 0.33881378 -1.33230538 -0.02666641
v 0.33567706 -1.33230538 -0.05316842
v 0.33047068 -1.33230538 -0.07934262
v 0.32322676 -1.33230538 -0.10502766
v 0.31398993 -1.33230538 -0.13006516
v 0.30281717 -1.33230538 -0.15430076
v 0.28977734 -1.33230538 -0.17758505
v 0.27495084 -1.33230538 -0.19977447
v 0.25842909 -1.33230538 -0.22073222
v 0.24031394 -1.33230538 -0.24032907
v 0.22071708 -1.33230538 -0.25844422
v 0.19975934 -1.33230538 -0.27496597
v 0.17756992 -1.33230538 -0.28979247
v 0.15428563 -1.33230538 -0.30283230
v 0.13005002 -1.33230538 -0.31400507
v 0.10501252 -1.33230538 -0.32324189
v 0.07932749 -1.33230538 -0.33048582
v 0.05315329 -1.33230538 -0.33569219
v 0.02665128 -1.33230538 -0.33882891
v -0.00001513 -1.33230538 -0.33987664
v -0.02668155 -1.33230538 -0.33882891
v -0.05318355 -1.33230538 -0.33569219
v -0.07935776 -1.33230538 -0.33048582
v -0.10504279 -1.33230538 -0.32324189
v -0.13008029 -1.33230538 -0.31400507
v -0.15431590 -1.33230538 -0.30283230
v -0.17760019 -1.33230538 -0.28979247
v -0.19978961 -1.33230538 -0.27496597
v -0.22074735 -1.33230538 -0.25844422
v -0.24034421 -1.33230538 -0.24032907
v -0.25845936 -1.33230538 -0.22073222
v -0.27498111 -1.33230538 -0.19977447
v -0.28980760 -1.33230538 -0.17758505
v -0.30284743 -1.33230538 -0.15430076
v -0.31402020 -1.33230538 -0.13006516
v -0.32325702 -1.33230538 -0.10502766
v -0.33050095 -1.33230538 -0.07934262
v -0.33570732 -1.33230538 -0.05316842
v -0.33884404 -1.33230538 -0.02666641
v -0.33333333 -1.33333333 0.00000000
v -0.33230578 -1.33333333 0.02615303
v -0.32922945 -1.33333333 0.05214482
v -0.32412331 -1.33333333 0.07781512
v -0.31701884 -1.33333333 0.10300566
v -0.30795984 -1.33333333 0.12756114
v -0.29700217 -1.33333333 0.15133017
v -0.28421339 -1.33333333 0.17416619
v -0.26967233 -1.33333333 0.19592842
v -0.25346866 -1.33333333 0.21648268
v -0.23570226 -1.33333333 0.23570226
v -0.21648268 -1.33333333 0.25346866
v -0.19592842 -1.33333333 0.26967233
v -0.17416619 -1.33333333 0.28421339
v -0.15133017 -1.33333333 0.29700217
v -0.12756114 -1.33333333 0.30795984
v -0.10300566 -1.33333333 0.31701884
v -0.07781512 -1.33333333 0.32412331
v -0.05214482 -1.33333333 0.32922945
v -0.02615303 -1.33333333 0.33230578
v -0.00000000 -1.33333333 0.33333333
v 0.02615303 -1.33333333 0.33230578
v 0.05214482 -1.33333333 0.32922945
v 0.07781512 -1.33333333 0.32412331
v 0.10300566 -1.33333333 0.31701884
v 0.12756114 -1.33333333 0.30795984
v 0.15133017 -1.33333333 0.29700217
v 0.17416619 -1.33333333 0.28421339
v 0.19592842 -1.33333333 0.26967233
v 0.21648268 -1.33333333 0.25346866
v 0.23570226 -1.33333333 0.23570226
v 0.25346866 -1.33333333 0.21648268
v 0.26967233 -1.33333333 0.19592842
v 0.28421339 -1.33333333 0.17416619
v 0.29700217 -1.33333333 0.15133017
v 0.30795984 -1.33333333 0.12756114
v 0.31701884 -1.33333333 0.10300566
v 0.32412331 -1.33333333 0.07781512
v 0.32922945 -1.33333333 0.05214482
v 0.33230578 -1.33333333 0.02615303
v 0.33333333 -1.33333333 0.00000000
v 0.33230578 -1.33333333 -0.02615303
v 0.32922945 -1.33333333 -0.05214482
v 0.32412331 -1.33333333 -0.07781512
v 0.31701884 -1.33333333 -0.10300566
v 0.30795984 -1.33333333 -0.12756114
v 0.29700217 -1.33333333 -0.15133017
v 0.28421339 -1.33333333 -0.17416619
v 0.26967233 -1.33333333 -0.19592842
v 0.25346866 -1.33333333 -0.21648268
v 0.23570226 -1.33333333 -0.23570226
v 0.21648268 -1.33333333 -0.25346866
v 0.19592842 -1.33333333 -0.26967233
v 0.17416619 -1.33333333 -0.28421339
v 0.15133017 -1.33333333 -0.29700217
v 0.12756114 -1.33333333 -0.30795984
v 0.10300566 -1.33333333 -0.31701884
v 0.07781512 -1.33333333 -0.32412331
v 0.05214482 -1.33333333 -0.32922945
v 0.02615303 -1.33333333 -0.33230578
v 0.00000000 -1.33333333 -0.33333333
v -0.02615303 -1.33333333 -0.33230578
v -0.05214482 -1.33333333 -0.32922945
v -0.07781512 -1.33333333 -0.32412331
v -0.10300566 -1.33333333 -0.31701884
v -0.12756114 -1.33333333 -0.30795984
v -0.15133017 -1.33333333 -0.29700217
v -0.17416619 -1.33333333 -0.28421339
v -0.19592842 -1.33333333 -0.26967233
v -0.21648268 -1.33333333 -0.25346866
v -0.23570226 -1.33333333 -0.23570226
v -0.25346866 -1.33333333 -0.21648268
v -0.26967233 -1.33333333 -0.19592842
v -0.28421339 -1.33333333 -0.17416619
v -0.29700217 -1.33333333 -0.15133017
v -0.30795984 -1.33333333 -0.12756114
v -0.31701884 -1.33333333 -0.10300566
v -0.32412331 -1.33333333 -0.07781512
v -0.32922945 -1.33333333 -0.05214482
v -0.33230578 -1.33333333 -0.02615303
v -0.32677490 -1.33230538 0.00000000
v -0.32576751 -1.33230538 0.02563965
v -0.32275157 -1.33230538 0.05112122
v -0.31774566 -1.33230538 0.07628762
v -0.31078065 -1.33230538 0.10098367
v -0.30189949 -1.33230538 0.12505713
v -0.29115692 -1.33230538 0.14835957
v -0.27861917 -1.33230538 0.17074732
v -0.26436355 -1.33230538 0.19208236
v -0.24847795 -1.33230538 0.21223315
v -0.23106031 -1.33230538 0.23107545
v -0.21221801 -1.33230538 0.24849309
v -0.19206723 -1.33230538 0.26437869
v -0.17073219 -1.33230538 0.27863431
v -0.14834444 -1.33230538 0.29117205
v -0.12504200 -1.33230538 0.30191462
v -0.10096854 -1.33230538 0.31079579
v -0.07627248 -1.33230538 0.31776080
v -0.05110609 -1.33230538 0.32276670
v -0.02562452 -1.33230538 0.32578265
v 0.00001513 -1.33230538 0.32679003
v 0.02565478 -1.33230538 0.32578265
v 0.05113636 -1.33230538 0.32276670
v 0.07630275 -1.33230538 0.31776080
v 0.10099881 -1.33230538 0.31079579
v 0.12507226 -1.33230538 0.30191462
v 0.14837470 -1.33230538 0.29117205
v 0.17076246 -1.33230538 0.27863431
v 0.19209749 -1.33230538 0.26437869
v 0.21224828 -1.33230538 0.24849309
v 0.23109058 -1.33230538 0.23107545
v 0.24850822 -1.33230538 0.21223315
v 0.26439382 -1.33230538 0.19208236
v 0.27864944 -1.33230538 0.17074732
v 0.29118718 -1.33230538 0.14835957
v 0.30192975 -1.33230538 0.12505713
v 0.31081092 -1.33230538 0.10098367
v 0.31777593 -1.33230538 0.07628762
v 0.32278184 -1.33230538 0.05112122
v 0.32579778 -1.33230538 0.02563965
v 0.32680516 -1.33230538 0.00000000
v 0.32579778 -1.33230538 -0.02563965
v 0.32278184 -1.33230538 -0.05112122
v 0.31777593 -1.33230538 -0.07628762
v 0.31081092 -1.33230538 -0.10098367
v 0.30192975 -1.33230538 -0.12505713
v 0.29118718 -1.33230538 -0.14835957
v 0.27864944 -1.33230538 -0.17074732
v 0.26439382 -1.33230538 -0.19208236
v 0.24850822 -1.33230538 -0.21223315
v 0.23109058 -1.33230538 -0.23107545
v 0.21224828 -1.33230538 -0.24849309
v 0.19209749 -1.33230538 -0.26437869
v 0.17076246 -1.33230538 -0.27863431
v 0.14837470 -1.33230538 -0.29117205
v 0.12507226 -1.33230538 -0.30191462
v 0.10099881 -1.33230538 -0.31079579
v 0.07630275 -1.33230538 -0.31776080
v 0.05113636 -1.33230538 -0.32276670
v 0.02565478 -1.33230538 -0.32578265
v 0.00001513 -1.33230538 -0.32679003
v -0.02562452 -1.33230538 -0.32578265
v -0.05110609 -1.33230538 -0.32276670
v -0.07627248 -1.33230538 -0.31776080
v -0.10096854 -1.33230538 -0.31079579
v -0.12504200 -1.33230538 -0.30191462
v -0.14834444 -1.33230538 -0.29117205
v -0.17073219 -1.33230538 -0.27863431
v -0.19206723 -1.33230538 -0.26437869
v -0.21221801 -1.33230538 -0.24849309
v -0.23106031 -1.33230538 -0.23107545
v -0.24847795 -1.33230538 -0.21223315
v -0.26436355 -1.33230538 -0.19208236
v -0.27861917 -1.33230538 -0.17074732
v -0.29115692 -1.33230538 -0.14835957
v -0.30189949 -1.33230538 -0.12505713
v -0.31078065 -1.33230538 -0.10098367
v -0.31774566 -1.33230538 -0.07628762
v -0.32275157 -1.33230538 -0.05112122
v -0.32576751 -1.33230538 -0.02563965
v -0.32013589 -1.32922311 0.00000000
v -0.31914864 -1.32922311 0.02512706
v -0.31619299 -1.32922311 0.05009920
v -0.31128716 -1.32922311 0.07476247
v -0.30446140 -1.32922311 0.09896480
v -0.29575779 -1.32922311 0.12255698
v -0.28522998 -1.32922311 0.14539355
v -0.27294289 -1.32922311 0.16733373
v -0.25897228 -1.32922311 0.18824223
v -0.24340426 -1.32922311 0.20799017
v -0.22633484 -1.32922311 0.22645577
v -0.20786923 -1.32922311 0.24352519
v -0.18812130 -1.32922311 0.25909321
v -0.16721280 -1.32922311 0.27306383
v -0.14527262 -1.32922311 0.28535091
v -0.12243605 -1.32922311 0.29587872
v -0.09884387 -1.32922311 0.30458233
v -0.07464154 -1.32922311 0.31140810
v -0.04997827 -1.32922311 0.31631392
v -0.02500613 -1.32922311 0.31926957
v 0.00012093 -1.32922311 0.32025682
v 0.02524799 -1.32922311 0.31926957
v 0.05022014 -1.32922311 0.31631392
v 0.07488340 -1.32922311 0.31140810
v 0.09908573 -1.32922311 0.30458233
v 0.12267791 -1.32922311 0.29587872
v 0.14551448 -1.32922311 0.28535091
v 0.16745466 -1.32922311 0.27306383
v 0.18836317 -1.32922311 0.25909321
v 0.20811110 -1.32922311 0.24352519
v 0.22657670 -1.32922311 0.22645577
v 0.24364613 -1.32922311 0.20799017
v 0.25921414 -1.32922311 0.18824223
v 0.27318476 -1.32922311 0.16733373
v 0.28547185 -1.32922311 0.14539355
v 0.29599965 -1.32922311 0.12255698
v 0.30470326 -1.32922311 0.09896480
v 0.31152903 -1.32922311 0.07476247
v 0.31643486 -1.32922311 0.05009920
v 0.31939050 -1.32922311 0.02512706
v 0.32037775 -1.32922311 0.00000000
v 0.31939050 -1.32922311 -0.02512706
v 0.31643486 -1.32922311 -0.05009920
v 0.31152903 -1.32922311 -0.07476247
v 0.30470326 -1.32922311 -0.09896480
v 0.29599965 -1.32922311 -0.12255698
v 0.28547185 -1.32922311 -0.14539355
v 0.27318476 -1.32922311 -0.16733373
v 0.25921414 -1.32922311 -0.18824223
v 0.24364613 -1.32922311 -0.20799017
v 0.22657670 -1.32922311 -0.22645577
v 0.20811110 -1.32922311 -0.24352519
v 0.18836317 -1.32922311 -0.25909321
v 0.16745466 -1.32922311 -0.27306383
v 0.14551448 -1.32922311 -0.28535091
v 0.12267791 -1.32922311 -0.29587872
v 0.09908573 -1.32922311 -0.30458233
v 0.07488340 -1.32922311 -0.31140810
v 0.05022014 -1.32922311 -0.31631392
v 0.02524799 -1.32922311 -0.31926957
v 0.00012093 -1.32922311 -0.32025682
v -0.02500613 -1.32922311 -0.31926957
v -0.04997827 -1.32922311 -0.31631392
v -0.07464154 -1.32922311 -0.31140810
v -0.09884387 -1.32922311 -0.30458233
v -0.12243605 -1.32922311 -0.29587872
v -0.14527262 -1.32922311 -0.28535091
v -0.16721280 -1.32922311 -0.27306383
v -0.18812130 -1.32922311 -0.25909321
v -0.20786923 -1.32922311 -0.24352519
v -0.22633484 -1.32922311 -0.22645577
v -0.24340426 -1.32922311 -0.20799017
v -0.25897228 -1.32922311 -0.18824223
v -0.27294289 -1.32922311 -0.16733373
v -0.28522998 -1.32922311 -0.14539355
v -0.29575779 -1.32922311 -0.12255698
v -0.30446140 -1.32922311 -0.09896480
v -0.31128716 -1.32922311 -0.07476247
v -0.31619299 -1.32922311 -0.05009920
v -0.31914864 -1.32922311 -0.02512706
v -0.31333641 -1.32409128 0.00000000
v -0.31236924 -1.32409128 0.02461605
v -0.30947370 -1.32409128 0.04908034
v -0.30466764 -1.32409128 0.07324203
v -0.29798070 -1.32409128 0.09695216
v -0.28945409 -1.32409128 0.12006454
v -0.27914039 -1.32409128 0.14243669
v -0.26710318 -1.32409128 0.16393067
v -0.25341668 -1.32409128 0.18441396
v -0.23816527 -1.32409128 0.20376028
v -0.22144299 -1.32409128 0.22185035
v -0.20335292 -1.32409128 0.23857263
v -0.18400660 -1.32409128 0.25382404
v -0.16352331 -1.32409128 0.26751054
v -0.14202933 -1.32409128 0.27954774
v -0.11965718 -1.32409128 0.28986144
v -0.09654480 -1.32409128 0.29838805
v -0.07283467 -1.32409128 0.30507500
v -0.04867298 -1.32409128 0.30988106
v -0.02420869 -1.32409128 0.31277660
v 0.00040736 -1.32409128 0.31374377
v 0.02502341 -1.32409128 0.31277660
v 0.04948770 -1.32409128 0.30988106
v 0.07364939 -1.32409128 0.30507500
v 0.09735951 -1.32409128 0.29838805
v 0.12047190 -1.32409128 0.28986144
v 0.14284405 -1.32409128 0.27954774
v 0.16433803 -1.32409128 0.26751054
v 0.18482132 -1.32409128 0.25382404
v 0.20416763 -1.32409128 0.23857263
v 0.22225770 -1.32409128 0.22185035
v 0.23897999 -1.32409128 0.20376028
v 0.25423140 -1.32409128 0.18441396
v 0.26791789 -1.32409128 0.16393067
v 0.27995510 -1.32409128 0.14243669
v 0.29026880 -1.32409128 0.12006454
v 0.29879541 -1.32409128 0.09695216
v 0.30548236 -1.32409128 0.07324203
v 0.31028842 -1.32409128 0.04908034
v 0.31318396 -1.32409128 0.02461605
v 0.31415112 -1.32409128 0.00000000
v 0.31318396 -1.32409128 -0.02461605
v 0.31028842 -1.32409128 -0.04908034
v 0.30548236 -1.32409128 -0.07324203
v 0.29879541 -1.32409128 -0.09695216
v 0.29026880 -1.32409128 -0.12006454
v 0.27995510 -1.32409128 -0.14243669
v 0.26791789 -1.32409128 -0.16393067
v 0.25423140 -1.32409128 -0.18441396
v 0.23897999 -1.32409128 -0.20376028
v 0.22225770 -1.32409128 -0.22185035
v 0.20416763 -1.32409128 -0.23857263
v 0.18482132 -1.32409128 -0.25382404
v 0.16433803 -1.32409128 -0.26751054
v 0.14284405 -1.32409128 -0.27954774
v 0.12047190 -1.32409128 -0.28986144
v 0.09735951 -1.32409128 -0.29838805
v 0.07364939 -1.32409128 -0.30507500
v 0.04948770 -1.32409128 -0.30988106
v 0.02502341 -1.32409128 -0.31277660
v 0.00040736 -1.32409128 -0.31374377
v -0.02420869 -1.32409128 -0.31277660
v -0.04867298 -1.32409128 -0.30988106
v -0.07283467 -1.32409128 -0.30507500
v -0.09654480 -1.32409128 -0.29838805
v -0.11965718 -1.32409128 -0.28986144
v -0.14202933 -1.32409128 -0.27954774
v -0.16352331 -1.32409128 -0.26751054
v -0.18400660 -1.32409128 -0.25382404
v -0.20335292 -1.32409128 -0.23857263
v -0.22144299 -1.32409128 -0.22185035
v -0.23816527 -1.32409128 -0.20376028
v -0.25341668 -1.32409128 -0.18441396
v -0.26710318 -1.32409128 -0.16393067
v -0.27914039 -1.32409128 -0.14243669
v -0.28945409 -1.32409128 -0.12006454
v -0.29798070 -1.32409128 -0.09695216
v -0.30466764 -1.32409128 -0.07324203
v -0.30947370 -1.32409128 -0.04908034
v -0.31236924 -1.32409128 -0.02461605
v -0.30629794 -1.31691779 0.00000000
v -0.30535076 -1.31691779 0.02410741
v -0.30251505 -1.31691779 0.04806620
v -0.29780829 -1.31691779 0.07172864
v -0.29125952 -1.31691779 0.09494885
v -0.28290909 -1.31691779 0.11758366
v -0.27280850 -1.31691779 0.13949354
v -0.26102002 -1.31691779 0.16054339
v -0.24761632 -1.31691779 0.18060344
v -0.23268005 -1.31691779 0.19955001
v -0.21630330 -1.31691779 0.21726628
v -0.19858702 -1.31691779 0.23364304
v -0.17964045 -1.31691779 0.24857931
v -0.15958041 -1.31691779 0.26198300
v -0.13853056 -1.31691779 0.27377149
v -0.11662068 -1.31691779 0.28387208
v -0.09398586 -1.31691779 0.29222250
v -0.07076565 -1.31691779 0.29877128
v -0.04710321 -1.31691779 0.30347803
v -0.02314443 -1.31691779 0.30631374
v 0.00096298 -1.31691779 0.30726092
v 0.02507040 -1.31691779 0.30631374
v 0.04902918 -1.31691779 0.30347803
v 0.07269162 -1.31691779 0.29877128
v 0.09591183 -1.31691779 0.29222250
v 0.11854665 -1.31691779 0.28387208
v 0.14045652 -1.31691779 0.27377149
v 0.16150637 -1.31691779 0.26198300
v 0.18156642 -1.31691779 0.24857931
v 0.20051299 -1.31691779 0.23364304
v 0.21822927 -1.31691779 0.21726628
v 0.23460602 -1.31691779 0.19955001
v 0.24954229 -1.31691779 0.18060344
v 0.26294599 -1.31691779 0.16054339
v 0.27473447 -1.31691779 0.13949354
v 0.28483506 -1.31691779 0.11758366
v 0.29318549 -1.31691779 0.09494885
v 0.29973426 -1.31691779 0.07172864
v 0.30444101 -1.31691779 0.04806620
v 0.30727672 -1.31691779 0.02410741
v 0.30822391 -1.31691779 0.00000000
v 0.30727672 -1.31691779 -0.02410741
v 0.30444101 -1.31691779 -0.04806620
v 0.29973426 -1.31691779 -0.07172864
v 0.29318549 -1.31691779 -0.09494885
v 0.28483506 -1.31691779 -0.11758366
v 0.27473447 -1.31691779 -0.13949354
v 0.26294599 -1.31691779 -0.16054339
v 0.24954229 -1.31691779 -0.18060344
v 0.23460602 -1.31691779 -0.19955001
v 0.21822927 -1.31691779 -0.21726628
v 0.20051299 -1.31691779 -0.23364304
v 0.18156642 -1.31691779 -0.24857931
v 0.16150637 -1.31691779 -0.26198300
v 0.14045652 -1.31691779 -0.27377149
v 0.11854665 -1.31691779 -0.28387208
v 0.09591183 -1.31691779 -0.29222250
v 0.07269162 -1.31691779 -0.29877128
v 0.04902918 -1.31691779 -0.30347803
v 0.02507040 -1.31691779 -0.30631374
v 0.00096298 -1.31691779 -0.30726092
v -0.02314443 -1.31691779 -0.30631374
v -0.04710321 -1.31691779 -0.30347803
v -0.07076565 -1.31691779 -0.29877128
v -0.09398586 -1.31691779 -0.29222250
v -0.11662068 -1.31691779 -0.28387208
v -0.13853056 -1.31691779 -0.27377149
v -0.15958041 -1.31691779 -0.26198300
v -0.17964045 -1.31691779 -0.24857931
v -0.19858702 -1.31691779 -0.23364304
v -0.21630330 -1.31691779 -0.21726628
v -0.23268005 -1.31691779 -0.19955001
v -0.24761632 -1.31691779 -0.18060344
v -0.26102002 -1.31691779 -0.16054339
v -0.27280850 -1.31691779 -0.13949354
v -0.28290909 -1.31691779 -0.11758366
v -0.29125952 -1.31691779 -0.09494885
v -0.29780829 -1.31691779 -0.07172864
v -0.30251505 -1.31691779 -0.04806620
v -0.30535076 -1.31691779 -0.02410741
v -0.29894398 -1.30771371 0.00000000
v -0.29801665 -1.30771371 0.02360193
v -0.29524040 -1.30771371 0.04705835
v -0.29063234 -1.30771371 0.07022463
v -0.28422088 -1.30771371 0.09295796
v -0.27604555 -1.30771371 0.11511817
v -0.26615675 -1.30771371 0.13656864
v -0.25461544 -1.30771371 0.15717712
v -0.24149280 -1.30771371 0.17681655
v -0.22686971 -1.30771371 0.19536584
v -0.21083634 -1.30771371 0.21271065
v -0.19349154 -1.30771371 0.22874401
v -0.17494225 -1.30771371 0.24336710
v -0.15530282 -1.30771371 0.25648975
v -0.13469434 -1.30771371 0.26803105
v -0.11324387 -1.30771371 0.27791985
v -0.09108366 -1.30771371 0.28609519
v -0.06835033 -1.30771371 0.29250665
v -0.04518404 -1.30771371 0.29711471
v -0.02172763 -1.30771371 0.29989096
v 0.00187430 -1.30771371 0.30081828
v 0.02547623 -1.30771371 0.29989096
v 0.04893265 -1.30771371 0.29711471
v 0.07209894 -1.30771371 0.29250665
v 0.09483226 -1.30771371 0.28609519
v 0.11699247 -1.30771371 0.27791985
v 0.13844294 -1.30771371 0.26803105
v 0.15905142 -1.30771371 0.25648975
v 0.17869085 -1.30771371 0.24336710
v 0.19724015 -1.30771371 0.22874401
v 0.21458495 -1.30771371 0.21271065
v 0.23061832 -1.30771371 0.19536584
v 0.24524140 -1.30771371 0.17681655
v 0.25836405 -1.30771371 0.15717712
v 0.26990535 -1.30771371 0.13656864
v 0.27979415 -1.30771371 0.11511817
v 0.28796949 -1.30771371 0.09295796
v 0.29438095 -1.30771371 0.07022463
v 0.29898901 -1.30771371 0.04705835
v 0.30176526 -1.30771371 0.02360193
v 0.30269258 -1.30771371 0.00000000
v 0.30176526 -1.30771371 -0.02360193
v 0.29898901 -1.30771371 -0.04705835
v 0.29438095 -1.30771371 -0.07022463
v 0.28796949 -1.30771371 -0.09295796
v 0.27979415 -1.30771371 -0.11511817
v 0.26990535 -1.30771371 -0.13656864
v 0.25836405 -1.30771371 -0.15717712
v 0.24524140 -1.30771371 -0.17681655
v 0.23061832 -1.30771371 -0.19536584
v 0.21458495 -1.30771371 -0.21271065
v 0.19724015 -1.30771371 -0.22874401
v 0.17869085 -1.30771371 -0.24336710
v 0.15905142 -1.30771371 -0.25648975
v 0.13844294 -1.30771371 -0.26803105
v 0.11699247 -1.30771371 -0.27791985
v 0.09483226 -1.30771371 -0.28609519
v 0.07209894 -1.30771371 -0.29250665
v 0.04893265 -1.30771371 -0.29711471
v 0.02547623 -1.30771371 -0.29989096
v 0.00187430 -1.30771371 -0.30081828
v -0.02172763 -1.30771371 -0.29989096
v -0.04518404 -1.30771371 -0.29711471
v -0.06835033 -1.30771371 -0.29250665
v -0.09108366 -1.30771371 -0.28609519
v -0.11324387 -1.30771371 -0.27791985
v -0.13469434 -1.30771371 -0.26803105
v -0.15530282 -1.30771371 -0.25648975
v -0.17494225 -1.30771371 -0.24336710
v -0.19349154 -1.30771371 -0.22874401
v -0.21083634 -1.30771371 -0.21271065
v -0.22686971 -1.30771371 -0.19536584
v -0.24149280 -1.30771371 -0.17681655
v -0.25461544 -1.30771371 -0.15717712
v -0.26615675 -1.30771371 -0.13656864
v -0.27604555 -1.30771371 -0.11511817
v -0.28422088 -1.30771371 -0.09295796
v -0.29063234 -1.30771371 -0.07022463
v -0.29524040 -1.30771371 -0.04705835
v -0.29801665 -1.30771371 -0.02360193
v -0.29120072 -1.29649323 0.00000000
v -0.29029310 -1.29649323 0.02310038
v -0.28757585 -1.29649323 0.04605834
v -0.28306571 -1.29649323 0.06873233
v -0.27679049 -1.29649323 0.09098257
v -0.26878889 -1.29649323 0.11267187
v -0.25911023 -1.29649323 0.13366650
v -0.24781418 -1.29649323 0.15383704
v -0.23497040 -1.29649323 0.17305913
v -0.22065806 -1.29649323 0.19121424
v -0.20496540 -1.29649323 0.20819046
v -0.18798919 -1.29649323 0.22388311
v -0.16983407 -1.29649323 0.23819545
v -0.15061199 -1.29649323 0.25103924
v -0.13044145 -1.29649323 0.26233528
v -0.10944681 -1.29649323 0.27201395
v -0.08775751 -1.29649323 0.28001555
v -0.06550727 -1.29649323 0.28629077
v -0.04283328 -1.29649323 0.29080090
v -0.01987532 -1.29649323 0.29351816
v 0.00322506 -1.29649323 0.29442577
v 0.02632544 -1.29649323 0.29351816
v 0.04928340 -1.29649323 0.29080090
v 0.07195739 -1.29649323 0.28629077
v 0.09420762 -1.29649323 0.28001555
v 0.11589692 -1.29649323 0.27201395
v 0.13689156 -1.29649323 0.26233528
v 0.15706210 -1.29649323 0.25103924
v 0.17628418 -1.29649323 0.23819545
v 0.19443930 -1.29649323 0.22388311
v 0.21141552 -1.29649323 0.20819046
v 0.22710817 -1.29649323 0.19121424
v 0.24142051 -1.29649323 0.17305913
v 0.25426430 -1.29649323 0.15383704
v 0.26556034 -1.29649323 0.13366650
v 0.27523900 -1.29649323 0.11267187
v 0.28324061 -1.29649323 0.09098257
v 0.28951582 -1.29649323 0.06873233
v 0.29402596 -1.29649323 0.04605834
v 0.29674321 -1.29649323 0.02310038
v 0.29765083 -1.29649323 0.00000000
v 0.29674321 -1.29649323 -0.02310038
v 0.29402596 -1.29649323 -0.04605834
v 0.28951582 -1.29649323 -0.06873233
v 0.28324061 -1.29649323 -0.09098257
v 0.27523900 -1.29649323 -0.11267187
v 0.26556034 -1.29649323 -0.13366650
v 0.25426430 -1.29649323 -0.15383704
v 0.24142051 -1.29649323 -0.17305913
v 0.22710817 -1.29649323 -0.19121424
v 0.21141552 -1.29649323 -0.20819046
v 0.19443930 -1.29649323 -0.22388311
v 0.17628418 -1.29649323 -0.23819545
v 0.15706210 -1.29649323 -0.25103924
v 0.13689156 -1.29649323 -0.26233528
v 0.11589692 -1.29649323 -0.27201395
v 0.09420762 -1.29649323 -0.28001555
v 0.07195739 -1.29649323 -0.28629077
v 0.04928340 -1.29649323 -0.29080090
v 0.02632544 -1.29649323 -0.29351816
v 0.00322506 -1.29649323 -0.29442577
v -0.01987532 -1.29649323 -0.29351816
v -0.04283328 -1.29649323 -0.29080090
v -0.06550727 -1.29649323 -0.28629077
v -0.08775751 -1.29649323 -0.28001555
v -0.10944681 -1.29649323 -0.27201395
v -0.13044145 -1.29649323 -0.26233528
v -0.15061199 -1.29649323 -0.25103924
v -0.16983407 -1.29649323 -0.23819545
v -0.18798919 -1.29649323 -0.22388311
v -0.20496540 -1.29649323 -0.20819046
v -0.22065806 -1.29649323 -0.19121424
v -0.23497040 -1.29649323 -0.17305913
v -0.24781418 -1.29649323 -0.15383704
v -0.25911023 -1.29649323 -0.13366650
v -0.26878889 -1.29649323 -0.11267187
v -0.27679049 -1.29649323 -0.09098257
v -0.28306571 -1.29649323 -0.06873233
v -0.28757585 -1.29649323 -0.04605834
v -0.29029310 -1.29649323 -0.02310038
v -0.28299767 -1.28327365 0.00000000
v -0.28210958 -1.28327365 0.02260354
v -0.27945077 -1.28327365 0.04506771
v -0.27503763 -1.28327365 0.06725404
v -0.26889739 -1.28327365 0.08902571
v -0.26106788 -1.28327365 0.11024852
v -0.25159739 -1.28327365 0.13079160
v -0.24054430 -1.28327365 0.15052831
v -0.22797676 -1.28327365 0.16933697
v -0.21397225 -1.28327365 0.18710160
v -0.19861711 -1.28327365 0.20371270
v -0.18200602 -1.28327365 0.21906783
v -0.16424138 -1.28327365 0.23307234
v -0.14543273 -1.28327365 0.24563988
v -0.12569602 -1.28327365 0.25669297
v -0.10515293 -1.28327365 0.26616346
v -0.08393013 -1.28327365 0.27399297
v -0.06215845 -1.28327365 0.28013322
v -0.03997213 -1.28327365 0.28454635
v -0.01750795 -1.28327365 0.28720516
v 0.00509558 -1.28327365 0.28809326
v 0.02769912 -1.28327365 0.28720516
v 0.05016330 -1.28327365 0.28454635
v 0.07234962 -1.28327365 0.28013322
v 0.09412130 -1.28327365 0.27399297
v 0.11534410 -1.28327365 0.26616346
v 0.13588719 -1.28327365 0.25669297
v 0.15562390 -1.28327365 0.24563988
v 0.17443255 -1.28327365 0.23307234
v 0.19219719 -1.28327365 0.21906783
v 0.20880828 -1.28327365 0.20371270
v 0.22416342 -1.28327365 0.18710160
v 0.23816793 -1.28327365 0.16933697
v 0.25073547 -1.28327365 0.15052831
v 0.26178856 -1.28327365 0.13079160
v 0.27125905 -1.28327365 0.11024852
v 0.27908855 -1.28327365 0.08902571
v 0.28522880 -1.28327365 0.06725404
v 0.28964194 -1.28327365 0.04506771
v 0.29230075 -1.28327365 0.02260354
v 0.29318884 -1.28327365 0.00000000
v 0.29230075 -1.28327365 -0.02260354
v 0.28964194 -1.28327365 -0.04506771
v 0.28522880 -1.28327365 -0.06725404
v 0.27908855 -1.28327365 -0.08902571
v 0.27125905 -1.28327365 -0.11024852
v 0.26178856 -1.28327365 -0.13079160
v 0.25073547 -1.28327365 -0.15052831
v 0.23816793 -1.28327365 -0.16933697
v 0.22416342 -1.28327365 -0.18710160
v 0.20880828 -1.28327365 -0.20371270
v 0.19219719 -1.28327365 -0.21906783
v 0.17443255 -1.28327365 -0.23307234
v 0.15562390 -1.28327365 -0.24563988
v 0.13588719 -1.28327365 -0.25669297
v 0.11534410 -1.28327365 -0.26616346
v 0.09412130 -1.28327365 -0.27399297
v 0.07234962 -1.28327365 -0.28013322
v 0.05016330 -1.28327365 -0.28454635
v 0.02769912 -1.28327365 -0.28720516
v 0.00509558 -1.28327365 -0.28809326
v -0.01750795 -1.28327365 -0.28720516
v -0.03997213 -1.28327365 -0.28454635
v -0.06215845 -1.28327365 -0.28013322
v -0.08393013 -1.28327365 -0.27399297
v -0.10515293 -1.28327365 -0.26616346
v -0.12569602 -1.28327365 -0.25669297
v -0.14543273 -1.28327365 -0.24563988
v -0.16424138 -1.28327365 -0.23307234
v -0.18200602 -1.28327365 -0.21906783
v -0.19861711 -1.28327365 -0.20371270
v -0.21397225 -1.28327365 -0.18710160
v -0.22797676 -1.28327365 -0.16933697
v -0.24054430 -1.28327365 -0.15052831
v -0.25159739 -1.28327365 -0.13079160
v -0.26106788 -1.28327365 -0.11024852
v -0.26889739 -1.28327365 -0.08902571
v -0.27503763 -1.28327365 -0.06725404
v -0.27945077 -1.28327365 -0.04506771
v -0.28210958 -1.28327365 -0.02260354
v -0.27426832 -1.26807536 0.00000000
v -0.27339953 -1.26807536 0.02211217
v -0.27079852 -1.26807536 0.04408800
v -0.26648132 -1.26807536 0.06579202
v -0.26047455 -1.26807536 0.08709041
v -0.25281525 -1.26807536 0.10785186
v -0.24355063 -1.26807536 0.12794837
v -0.23273782 -1.26807536 0.14725603
v -0.22044348 -1.26807536 0.16565581
v -0.20674341 -1.26807536 0.18303427
v -0.19172207 -1.26807536 0.19928426
v -0.17547208 -1.26807536 0.21430559
v -0.15809363 -1.26807536 0.22800566
v -0.13969385 -1.26807536 0.24030000
v -0.12038619 -1.26807536 0.25111282
v -0.10028968 -1.26807536 0.26037743
v -0.07952823 -1.26807536 0.26803673
v -0.05822984 -1.26807536 0.27404350
v -0.03652582 -1.26807536 0.27836070
v -0.01454998 -1.26807536 0.28096171
v 0.00756218 -1.26807536 0.28183050
v 0.02967435 -1.26807536 0.28096171
v 0.05165019 -1.26807536 0.27836070
v 0.07335421 -1.26807536 0.27404350
v 0.09465260 -1.26807536 0.26803673
v 0.11541405 -1.26807536 0.26037743
v 0.13551055 -1.26807536 0.25111282
v 0.15481822 -1.26807536 0.24030000
v 0.17321800 -1.26807536 0.22800566
v 0.19059645 -1.26807536 0.21430559
v 0.20684644 -1.26807536 0.19928426
v 0.22186778 -1.26807536 0.18303427
v 0.23556785 -1.26807536 0.16565581
v 0.24786219 -1.26807536 0.14725603
v 0.25867500 -1.26807536 0.12794837
v 0.26793962 -1.26807536 0.10785186
v 0.27559892 -1.26807536 0.08709041
v 0.28160569 -1.26807536 0.06579202
v 0.28592288 -1.26807536 0.04408800
v 0.28852390 -1.26807536 0.02211217
v 0.28939269 -1.26807536 0.00000000
v 0.28852390 -1.26807536 -0.02211217
v 0.28592288 -1.26807536 -0.04408800
v 0.28160569 -1.26807536 -0.06579202
v 0.27559892 -1.26807536 -0.08709041
v 0.26793962 -1.26807536 -0.10785186
v 0.25867500 -1.26807536 -0.12794837
v 0.24786219 -1.26807536 -0.14725603
v 0.23556785 -1.26807536 -0.16565581
v 0.22186778 -1.26807536 -0.18303427
v 0.20684644 -1.26807536 -0.19928426
v 0.19059645 -1.26807536 -0.21430559
v 0.17321800 -1.26807536 -0.22800566
v 0.15481822 -1.26807536 -0.24030000
v 0.13551055 -1.26807536 -0.25111282
v 0.11541405 -1.26807536 -0.26037743
v 0.09465260 -1.26807536 -0.26803673
v 0.07335421 -1.26807536 -0.27404350
v 0.05165019 -1.26807536 -0.27836070
v 0.02967435 -1.26807536 -0.28096171
v 0.00756218 -1.26807536 -0.28183050
v -0.01454998 -1.26807536 -0.28096171
v -0.03652582 -1.26807536 -0.27836070
v -0.05822984 -1.26807536 -0.27404350
v -0.07952823 -1.26807536 -0.26803673
v -0.10028968 -1.26807536 -0.26037743
v -0.12038619 -1.26807536 -0.25111282
v -0.13969385 -1.26807536 -0.24030000
v -0.15809363 -1.26807536 -0.22800566
v -0.17547208 -1.26807536 -0.21430559
v -0.19172207 -1.26807536 -0.19928426
v -0.20674341 -1.26807536 -0.18303427
v -0.22044348 -1.26807536 -0.16565581
v -0.23273782 -1.26807536 -0.14725603
v -0.24355063 -1.26807536 -0.12794837
v -0.25281525 -1.26807536 -0.10785186
v -0.26047455 -1.26807536 -0.08709041
v -0.26648132 -1.26807536 -0.06579202
v -0.27079852 -1.26807536 -0.04408800
v -0.27339953 -1.26807536 -0.02211217
v -0.26495064 -1.25092178 0.00000000
v -0.26410091 -1.25092178 0.02162703
v -0.26155697 -1.25092178 0.04312072
v -0.25733449 -1.25092178 0.06434855
v -0.25145951 -1.25092178 0.08517966
v -0.24396825 -1.25092178 0.10548560
v -0.23490690 -1.25092178 0.12514119
v -0.22433132 -1.25092178 0.14402524
v -0.21230672 -1.25092178 0.16202133
v -0.19890723 -1.25092178 0.17901851
v -0.18421546 -1.25092178 0.19491197
v -0.16832199 -1.25092178 0.20960374
v -0.15132482 -1.25092178 0.22300323
v -0.13332873 -1.25092178 0.23502784
v -0.11444467 -1.25092178 0.24560342
v -0.09478908 -1.25092178 0.25466477
v -0.07448314 -1.25092178 0.26215603
v -0.05365203 -1.25092178 0.26803100
v -0.03242420 -1.25092178 0.27225348
v -0.01093051 -1.25092178 0.27479743
v 0.01069652 -1.25092178 0.27564716
v 0.03232354 -1.25092178 0.27479743
v 0.05381723 -1.25092178 0.27225348
v 0.07504507 -1.25092178 0.26803100
v 0.09587617 -1.25092178 0.26215603
v 0.11618212 -1.25092178 0.25466477
v 0.13583771 -1.25092178 0.24560342
v 0.15472176 -1.25092178 0.23502784
v 0.17271785 -1.25092178 0.22300323
v 0.18971502 -1.25092178 0.20960374
v 0.20560849 -1.25092178 0.19491197
v 0.22030026 -1.25092178 0.17901851
v 0.23369975 -1.25092178 0.16202133
v 0.24572435 -1.25092178 0.14402524
v 0.25629993 -1.25092178 0.12514119
v 0.26536128 -1.25092178 0.10548560
v 0.27285254 -1.25092178 0.08517966
v 0.27872752 -1.25092178 0.06434855
v 0.28295000 -1.25092178 0.04312072
v 0.28549395 -1.25092178 0.02162703
v 0.28634367 -1.25092178 0.00000000
v 0.28549395 -1.25092178 -0.02162703
v 0.28295000 -1.25092178 -0.04312072
v 0.27872752 -1.25092178 -0.06434855
v 0.27285254 -1.25092178 -0.08517966
v 0.26536128 -1.25092178 -0.10548560
v 0.25629993 -1.25092178 -0.12514119
v 0.24572435 -1.25092178 -0.14402524
v 0.23369975 -1.25092178 -0.16202133
v 0.22030026 -1.25092178 -0.17901851
v 0.20560849 -1.25092178 -0.19491197
v 0.18971502 -1.25092178 -0.20960374
v 0.17271785 -1.25092178 -0.22300323
v 0.15472176 -1.25092178 -0.23502784
v 0.13583771 -1.25092178 -0.24560342
v 0.11618212 -1.25092178 -0.25466477
v 0.09587617 -1.25092178 -0.26215603
v 0.07504507 -1.25092178 -0.26803100
v 0.05381723 -1.25092178 -0.27225348
v 0.03232354 -1.25092178 -0.27479743
v 0.01069652 -1.25092178 -0.27564716
v -0.01093051 -1.25092178 -0.27479743
v -0.03242420 -1.25092178 -0.27225348
v -0.05365203 -1.25092178 -0.26803100
v -0.07448314 -1.25092178 -0.26215603
v -0.09478908 -1.25092178 -0.25466477
v -0.11444467 -1.25092178 -0.24560342
v -0.13332873 -1.25092178 -0.23502784
v -0.15132482 -1.25092178 -0.22300323
v -0.16832199 -1.25092178 -0.20960374
v -0.18421546 -1.25092178 -0.19491197
v -0.19890723 -1.25092178 -0.17901851
v -0.21230672 -1.25092178 -0.16202133
v -0.22433132 -1.25092178 -0.14402524
v -0.23490690 -1.25092178 -0.12514119
v -0.24396825 -1.25092178 -0.10548560
v -0.25145951 -1.25092178 -0.08517966
v -0.25733449 -1.25092178 -0.06434855
v -0.26155697 -1.25092178 -0.04312072
v -0.26410091 -1.25092178 -0.02162703
v -0.25498774 -1.23183938 0.00000000
v -0.25415680 -1.23183938 0.02114887
v -0.25166910 -1.23183938 0.04216734
v -0.24753998 -1.23183938 0.06292584
v -0.24179489 -1.23183938 0.08329638
v -0.23446926 -1.23183938 0.10315338
v -0.22560825 -1.23183938 0.12237439
v -0.21526649 -1.23183938 0.14084093
v -0.20350774 -1.23183938 0.15843914
v -0.19040451 -1.23183938 0.17506051
v -0.17603756 -1.23183938 0.19060259
v -0.16049549 -1.23183938 0.20496953
v -0.14387412 -1.23183938 0.21807276
v -0.12627591 -1.23183938 0.22983151
v -0.10780937 -1.23183938 0.24017327
v -0.08858836 -1.23183938 0.24903428
v -0.06873136 -1.23183938 0.25635991
v -0.04836082 -1.23183938 0.26210500
v -0.02760232 -1.23183938 0.26623412
v -0.00658385 -1.23183938 0.26872182
v 0.01456502 -1.23183938 0.26955276
v 0.03571389 -1.23183938 0.26872182
v 0.05673236 -1.23183938 0.26623412
v 0.07749086 -1.23183938 0.26210500
v 0.09786140 -1.23183938 0.25635991
v 0.11771840 -1.23183938 0.24903428
v 0.13693941 -1.23183938 0.24017327
v 0.15540595 -1.23183938 0.22983151
v 0.17300416 -1.23183938 0.21807276
v 0.18962554 -1.23183938 0.20496953
v 0.20516761 -1.23183938 0.19060259
v 0.21953455 -1.23183938 0.17506051
v 0.23263779 -1.23183938 0.15843914
v 0.24439653 -1.23183938 0.14084093
v 0.25473829 -1.23183938 0.12237439
v 0.26359930 -1.23183938 0.10315338
v 0.27092493 -1.23183938 0.08329638
v 0.27667002 -1.23183938 0.06292584
v 0.28079914 -1.23183938 0.04216734
v 0.28328684 -1.23183938 0.02114887
v 0.28411778 -1.23183938 0.00000000
v 0.28328684 -1.23183938 -0.02114887
v 0.28079914 -1.23183938 -0.04216734
v 0.27667002 -1.23183938 -0.06292584
v 0.27092493 -1.23183938 -0.08329638
v 0.26359930 -1.23183938 -0.10315338
v 0.25473829 -1.23183938 -0.12237439
v 0.24439653 -1.23183938 -0.14084093
v 0.23263779 -1.23183938 -0.15843914
v 0.21953455 -1.23183938 -0.17506051
v 0.20516761 -1.23183938 -0.19060259
v 0.18962554 -1.23183938 -0.20496953
v 0.17300416 -1.23183938 -0.21807276
v 0.15540595 -1.23183938 -0.22983151
v 0.13693941 -1.23183938 -0.24017327
v 0.11771840 -1.23183938 -0.24903428
v 0.09786140 -1.23183938 -0.25635991
v 0.07749086 -1.23183938 -0.26210500
v 0.05673236 -1.23183938 -0.26623412
v 0.03571389 -1.23183938 -0.26872182
v 0.01456502 -1.23183938 -0.26955276
v -0.00658385 -1.23183938 -0.26872182
v -0.02760232 -1.23183938 -0.26623412
v -0.04836082 -1.23183938 -0.26210500
v -0.06873136 -1.23183938 -0.25635991
v -0.08858836 -1.23183938 -0.24903428
v -0.10780937 -1.23183938 -0.24017327
v -0.12627591 -1.23183938 -0.22983151
v -0.14387412 -1.23183938 -0.21807276
v -0.16049549 -1.23183938 -0.20496953
v -0.17603756 -1.23183938 -0.19060259
v -0.19040451 -1.23183938 -0.17506051
v -0.20350774 -1.23183938 -0.15843914
v -0.21526649 -1.23183938 -0.14084093
v -0.22560825 -1.23183938 -0.12237439
v -0.23446926 -1.23183938 -0.10315338
v -0.24179489 -1.23183938 -0.08329638
v -0.24753998 -1.23183938 -0.06292584
v -0.25166910 -1.23183938 -0.04216734
v -0.25415680 -1.23183938 -0.02114887
v -0.24432833 -1.21085757 0.00000000
v -0.24351588 -1.21085757 0.02067842
v -0.24108351 -1.21085757 0.04122935
v -0.23704624 -1.21085757 0.06152609
v -0.23142895 -1.21085757 0.08144350
v -0.22426627 -1.21085757 0.10085879
v -0.21560237 -1.21085757 0.11965224
v -0.20549066 -1.21085757 0.13770800
v -0.19399348 -1.21085757 0.15491475
v -0.18118172 -1.21085757 0.17116639
v -0.16713436 -1.21085757 0.18636274
v -0.15193801 -1.21085757 0.20041009
v -0.13568637 -1.21085757 0.21322186
v -0.11847963 -1.21085757 0.22471904
v -0.10042387 -1.21085757 0.23483075
v -0.08163041 -1.21085757 0.24349465
v -0.06221513 -1.21085757 0.25065733
v -0.04229771 -1.21085757 0.25627462
v -0.02200098 -1.21085757 0.26031189
v -0.00145004 -1.21085757 0.26274425
v 0.01922838 -1.21085757 0.26355671
v 0.03990680 -1.21085757 0.26274425
v 0.06045773 -1.21085757 0.26031189
v 0.08075447 -1.21085757 0.25627462
v 0.10067188 -1.21085757 0.25065733
v 0.12008716 -1.21085757 0.24349465
v 0.13888062 -1.21085757 0.23483075
v 0.15693638 -1.21085757 0.22471904
v 0.17414312 -1.21085757 0.21322186
v 0.19039477 -1.21085757 0.20041009
v 0.20559111 -1.21085757 0.18636274
v 0.21963847 -1.21085757 0.17116639
v 0.23245024 -1.21085757 0.15491475
v 0.24394741 -1.21085757 0.13770800
v 0.25405913 -1.21085757 0.11965224
v 0.26272303 -1.21085757 0.10085879
v 0.26988570 -1.21085757 0.08144350
v 0.27550299 -1.21085757 0.06152609
v 0.27954027 -1.21085757 0.04122935
v 0.28197263 -1.21085757 0.02067842
v 0.28278509 -1.21085757 0.00000000
v 0.28197263 -1.21085757 -0.02067842
v 0.27954027 -1.21085757 -0.04122935
v 0.27550299 -1.21085757 -0.06152609
v 0.26988570 -1.21085757 -0.08144350
v 0.26272303 -1.21085757 -0.10085879
v 0.25405913 -1.21085757 -0.11965224
v 0.24394741 -1.21085757 -0.13770800
v 0.23245024 -1.21085757 -0.15491475
v 0.21963847 -1.21085757 -0.17116639
v 0.20559111 -1.21085757 -0.18636274
v 0.19039477 -1.21085757 -0.20041009
v 0.17414312 -1.21085757 -0.21322186
v 0.15693638 -1.21085757 -0.22471904
v 0.13888062 -1.21085757 -0.23483075
v 0.12008716 -1.21085757 -0.24349465
v 0.10067188 -1.21085757 -0.25065733
v 0.08075447 -1.21085757 -0.25627462
v 0.06045773 -1.21085757 -0.26031189
v 0.03990680 -1.21085757 -0.26274425
v 0.01922838 -1.21085757 -0.26355671
v -0.00145004 -1.21085757 -0.26274425
v -0.02200098 -1.21085757 -0.26031189
v -0.04229771 -1.21085757 -0.25627462
v -0.06221513 -1.21085757 -0.25065733
v -0.08163041 -1.21085757 -0.24349465
v -0.10042387 -1.21085757 -0.23483075
v -0.11847963 -1.21085757 -0.22471904
v -0.13568637 -1.21085757 -0.21322186
v -0.15193801 -1.21085757 -0.20041009
v -0.16713436 -1.21085757 -0.18636274
v -0.18118172 -1.21085757 -0.17116639
v -0.19399348 -1.21085757 -0.15491475
v -0.20549066 -1.21085757 -0.13770800
v -0.21560237 -1.21085757 -0.11965224
v -0.22426627 -1.21085757 -0.10085879
v -0.23142895 -1.21085757 -0.08144350
v -0.23704624 -1.21085757 -0.06152609
v -0.24108351 -1.21085757 -0.04122935
v -0.24351588 -1.21085757 -0.02067842
v -0.23292725 -1.18800870 0.00000000
v -0.23213294 -1.18800870 0.02021642
v -0.22975493 -1.18800870 0.04030819
v -0.22580785 -1.18800870 0.06015146
v -0.22031607 -1.18800870 0.07962387
v -0.21331342 -1.18800870 0.09860537
v -0.20484309 -1.18800870 0.11697894
v -0.19495730 -1.18800870 0.13463129
v -0.18371699 -1.18800870 0.15145360
v -0.17119147 -1.18800870 0.16734214
v -0.15745797 -1.18800870 0.18219897
v -0.14260114 -1.18800870 0.19593247
v -0.12671260 -1.18800870 0.20845799
v -0.10989029 -1.18800870 0.21969830
v -0.09223794 -1.18800870 0.22958409
v -0.07386437 -1.18800870 0.23805442
v -0.05488287 -1.18800870 0.24505707
v -0.03541046 -1.18800870 0.25054886
v -0.01556719 -1.18800870 0.25449593
v 0.00452458 -1.18800870 0.25687394
v 0.02474100 -1.18800870 0.25766825
v 0.04495742 -1.18800870 0.25687394
v 0.06504920 -1.18800870 0.25449593
v 0.08489246 -1.18800870 0.25054886
v 0.10436487 -1.18800870 0.24505707
v 0.12334637 -1.18800870 0.23805442
v 0.14171994 -1.18800870 0.22958409
v 0.15937229 -1.18800870 0.21969830
v 0.17619460 -1.18800870 0.20845799
v 0.19208314 -1.18800870 0.19593247
v 0.20693997 -1.18800870 0.18219897
v 0.22067348 -1.18800870 0.16734214
v 0.23319899 -1.18800870 0.15145360
v 0.24443930 -1.18800870 0.13463129
v 0.25432509 -1.18800870 0.11697894
v 0.26279542 -1.18800870 0.09860537
v 0.26979807 -1.18800870 0.07962387
v 0.27528986 -1.18800870 0.06015146
v 0.27923693 -1.18800870 0.04030819
v 0.28161495 -1.18800870 0.02021642
v 0.28240925 -1.18800870 0.00000000
v 0.28161495 -1.18800870 -0.02021642
v 0.27923693 -1.18800870 -0.04030819
v 0.27528986 -1.18800870 -0.06015146
v 0.26979807 -1.18800870 -0.07962387
v 0.26279542 -1.18800870 -0.09860537
v 0.25432509 -1.18800870 -0.11697894
v 0.24443930 -1.18800870 -0.13463129
v 0.23319899 -1.18800870 -0.15145360
v 0.22067348 -1.18800870 -0.16734214
v 0.20693997 -1.18800870 -0.18219897
v 0.19208314 -1.18800870 -0.19593247
v 0.17619460 -1.18800870 -0.20845799
v 0.15937229 -1.18800870 -0.21969830
v 0.14171994 -1.18800870 -0.22958409
v 0.12334637 -1.18800870 -0.23805442
v 0.10436487 -1.18800870 -0.24505707
v 0.08489246 -1.18800870 -0.25054886
v 0.06504920 -1.18800870 -0.25449593
v 0.04495742 -1.18800870 -0.25687394
v 0.02474100 -1.18800870 -0.25766825
v 0.00452458 -1.18800870 -0.25687394
v -0.01556719 -1.18800870 -0.25449593
v -0.03541046 -1.18800870 -0.25054886
v -0.05488287 -1.18800870 -0.24505707
v -0.07386437 -1.18800870 -0.23805442
v -0.09223794 -1.18800870 -0.22958409
v -0.10989029 -1.18800870 -0.21969830
v -0.12671260 -1.18800870 -0.20845799
v -0.14260114 -1.18800870 -0.19593247
v -0.15745797 -1.18800870 -0.18219897
v -0.17119147 -1.18800870 -0.16734214
v -0.18371699 -1.18800870 -0.15145360
v -0.19495730 -1.18800870 -0.13463129
v -0.20484309 -1.18800870 -0.11697894
v -0.21331342 -1.18800870 -0.09860537
v -0.22031607 -1.18800870 -0.07962387
v -0.22580785 -1.18800870 -0.06015146
v -0.22975493 -1.18800870 -0.04030819
v -0.23213294 -1.18800870 -0.02021642
v -0.22074588 -1.16332801 0.00000000
v -0.21996937 -1.16332801 0.01976357
v -0.21764462 -1.16332801 0.03940529
v -0.21378596 -1.16332801 0.05880406
v -0.20841719 -1.16332801 0.07784029
v -0.20157140 -1.16332801 0.09639660
v -0.19329081 -1.16332801 0.11435860
v -0.18362646 -1.16332801 0.13161554
v -0.17263794 -1.16332801 0.14806102
v -0.16039299 -1.16332801 0.16359366
v -0.14696712 -1.16332801 0.17811769
v -0.13244308 -1.16332801 0.19154357
v -0.11691044 -1.16332801 0.20378852
v -0.10046496 -1.16332801 0.21477704
v -0.08320802 -1.16332801 0.22444139
v -0.06524602 -1.16332801 0.23272198
v -0.04668971 -1.16332801 0.23956777
v -0.02765348 -1.16332801 0.24493654
v -0.00825471 -1.16332801 0.24879520
v 0.01138701 -1.16332801 0.25111995
v 0.03115058 -1.16332801 0.25189646
v 0.05091415 -1.16332801 0.25111995
v 0.07055587 -1.16332801 0.24879520
v 0.08995464 -1.16332801 0.24493654
v 0.10899087 -1.16332801 0.23956777
v 0.12754718 -1.16332801 0.23272198
v 0.14550918 -1.16332801 0.22444139
v 0.16276612 -1.16332801 0.21477704
v 0.17921160 -1.16332801 0.20378852
v 0.19474424 -1.16332801 0.19154357
v 0.20926827 -1.16332801 0.17811769
v 0.22269415 -1.16332801 0.16359366
v 0.23493910 -1.16332801 0.14806102
v 0.24592762 -1.16332801 0.13161554
v 0.25559197 -1.16332801 0.11435860
v 0.26387256 -1.16332801 0.09639660
v 0.27071835 -1.16332801 0.07784029
v 0.27608712 -1.16332801 0.05880406
v 0.27994578 -1.16332801 0.03940529
v 0.28227053 -1.16332801 0.01976357
v 0.28304704 -1.16332801 0.00000000
v 0.28227053 -1.16332801 -0.01976357
v 0.27994578 -1.16332801 -0.03940529
v 0.27608712 -1.16332801 -0.05880406
v 0.27071835 -1.16332801 -0.07784029
v 0.26387256 -1.16332801 -0.09639660
v 0.25559197 -1.16332801 -0.11435860
v 0.24592762 -1.16332801 -0.13161554
v 0.23493910 -1.16332801 -0.14806102
v 0.22269415 -1.16332801 -0.16359366
v 0.20926827 -1.16332801 -0.17811769
v 0.19474424 -1.16332801 -0.19154357
v 0.17921160 -1.16332801 -0.20378852
v 0.16276612 -1.16332801 -0.21477704
v 0.14550918 -1.16332801 -0.22444139
v 0.12754718 -1.16332801 -0.23272198
v 0.10899087 -1.16332801 -0.23956777
v 0.08995464 -1.16332801 -0.24493654
v 0.07055587 -1.16332801 -0.24879520
v 0.05091415 -1.16332801 -0.25111995
v 0.03115058 -1.16332801 -0.25189646
v 0.01138701 -1.16332801 -0.25111995
v -0.00825471 -1.16332801 -0.24879520
v -0.02765348 -1.16332801 -0.24493654
v -0.04668971 -1.16332801 -0.23956777
v -0.06524602 -1.16332801 -0.23272198
v -0.08320802 -1.16332801 -0.22444139
v -0.10046496 -1.16332801 -0.21477704
v -0.11691044 -1.16332801 -0.20378852
v -0.13244308 -1.16332801 -0.19154357
v -0.14696712 -1.16332801 -0.17811769
v -0.16039299 -1.16332801 -0.16359366
v -0.17263794 -1.16332801 -0.14806102
v -0.18362646 -1.16332801 -0.13161554
v -0.19329081 -1.16332801 -0.11435860
v -0.20157140 -1.16332801 -0.09639660
v -0.20841719 -1.16332801 -0.07784029
v -0.21378596 -1.16332801 -0.05880406
v -0.21764462 -1.16332801 -0.03940529
v -0.21996937 -1.16332801 -0.01976357
v -0.20775259 -1.13685355 0.00000000
v -0.20699348 -1.13685355 0.01932057
v -0.20472084 -1.13685355 0.03852202
v -0.20094867 -1.13685355 0.05748598
v -0.19570024 -1.13685355 0.07609551
v -0.18900790 -1.13685355 0.09423589
v -0.18091292 -1.13685355 0.11179527
v -0.17146519 -1.13685355 0.12866540
v -0.16072298 -1.13685355 0.14474226
v -0.14875250 -1.13685355 0.15992674
v -0.13562756 -1.13685355 0.17412521
v -0.12142909 -1.13685355 0.18725015
v -0.10624461 -1.13685355 0.19922063
v -0.09016775 -1.13685355 0.20996284
v -0.07329762 -1.13685355 0.21941057
v -0.05573824 -1.13685355 0.22750556
v -0.03759786 -1.13685355 0.23419789
v -0.01898833 -1.13685355 0.23944633
v -0.00002437 -1.13685355 0.24321849
v 0.01917708 -1.13685355 0.24549113
v 0.03849765 -1.13685355 0.24625024
v 0.05781822 -1.13685355 0.24549113
v 0.07701968 -1.13685355 0.24321849
v 0.09598363 -1.13685355 0.23944633
v 0.11459316 -1.13685355 0.23419789
v 0.13273354 -1.13685355 0.22750556
v 0.15029292 -1.13685355 0.21941057
v 0.16716305 -1.13685355 0.20996284
v 0.18323991 -1.13685355 0.19922063
v 0.19842439 -1.13685355 0.18725015
v 0.21262287 -1.13685355 0.17412521
v 0.22574780 -1.13685355 0.15992674
v 0.23771828 -1.13685355 0.14474226
v 0.24846050 -1.13685355 0.12866540
v 0.25790822 -1.13685355 0.11179527
v 0.26600321 -1.13685355 0.09423589
v 0.27269555 -1.13685355 0.07609551
v 0.27794398 -1.13685355 0.05748598
v 0.28171614 -1.13685355 0.03852202
v 0.28398878 -1.13685355 0.01932057
v 0.28474789 -1.13685355 0.00000000
v 0.28398878 -1.13685355 -0.01932057
v 0.28171614 -1.13685355 -0.03852202
v 0.27794398 -1.13685355 -0.05748598
v 0.27269555 -1.13685355 -0.07609551
v 0.26600321 -1.13685355 -0.09423589
v 0.25790822 -1.13685355 -0.11179527
v 0.24846050 -1.13685355 -0.12866540
v 0.23771828 -1.13685355 -0.14474226
v 0.22574780 -1.13685355 -0.15992674
v 0.21262287 -1.13685355 -0.17412521
v 0.19842439 -1.13685355 -0.18725015
v 0.18323991 -1.13685355 -0.19922063
v 0.16716305 -1.13685355 -0.20996284
v 0.15029292 -1.13685355 -0.21941057
v 0.13273354 -1.13685355 -0.22750556
v 0.11459316 -1.13685355 -0.23419789
v 0.09598363 -1.13685355 -0.23944633
v 0.07701968 -1.13685355 -0.24321849
v 0.05781822 -1.13685355 -0.24549113
v 0.03849765 -1.13685355 -0.24625024
v 0.01917708 -1.13685355 -0.24549113
v -0.00002437 -1.13685355 -0.24321849
v -0.01898833 -1.13685355 -0.23944633
v -0.03759786 -1.13685355 -0.23419789
v -0.05573824 -1.13685355 -0.22750556
v -0.07329762 -1.13685355 -0.21941057
v -0.09016775 -1.13685355 -0.20996284
v -0.10624461 -1.13685355 -0.19922063
v -0.12142909 -1.13685355 -0.18725015
v -0.13562756 -1.13685355 -0.17412521
v -0.14875250 -1.13685355 -0.15992674
v -0.16072298 -1.13685355 -0.14474226
v -0.17146519 -1.13685355 -0.12866540
v -0.18091292 -1.13685355 -0.11179527
v -0.18900790 -1.13685355 -0.09423589
v -0.19570024 -1.13685355 -0.07609551
v -0.20094867 -1.13685355 -0.05748598
v -0.20472084 -1.13685355 -0.03852202
v -0.20699348 -1.13685355 -0.01932057
v -0.19392306 -1.10862615 0.00000000
v -0.19318095 -1.10862615 0.01888811
v -0.19095917 -1.10862615 0.03765977
v -0.18727144 -1.10862615 0.05619924
v -0.18214049 -1.10862615 0.07439222
v -0.17559795 -1.10862615 0.09212656
v -0.16768416 -1.10862615 0.10929290
v -0.15844791 -1.10862615 0.12578541
v -0.14794614 -1.10862615 0.14150242
v -0.13624360 -1.10862615 0.15634702
v -0.12341245 -1.10862615 0.17022768
v -0.10953178 -1.10862615 0.18305884
v -0.09468719 -1.10862615 0.19476137
v -0.07897018 -1.10862615 0.20526314
v -0.06247767 -1.10862615 0.21449939
v -0.04531132 -1.10862615 0.22241318
v -0.02757699 -1.10862615 0.22895572
v -0.00938401 -1.10862615 0.23408668
v 0.00915547 -1.10862615 0.23777441
v 0.02792712 -1.10862615 0.23999618
v 0.04681523 -1.10862615 0.24073829
v 0.06570334 -1.10862615 0.23999618
v 0.08447500 -1.10862615 0.23777441
v 0.10301447 -1.10862615 0.23408668
v 0.12120746 -1.10862615 0.22895572
v 0.13894179 -1.10862615 0.22241318
v 0.15610813 -1.10862615 0.21449939
v 0.17260065 -1.10862615 0.20526314
v 0.18831765 -1.10862615 0.19476137
v 0.20316225 -1.10862615 0.18305884
v 0.21704291 -1.10862615 0.17022768
v 0.22987407 -1.10862615 0.15634702
v 0.24157660 -1.10862615 0.14150242
v 0.25207837 -1.10862615 0.12578541
v 0.26131462 -1.10862615 0.10929290
v 0.26922842 -1.10862615 0.09212656
v 0.27577096 -1.10862615 0.07439222
v 0.28090191 -1.10862615 0.05619924
v 0.28458964 -1.10862615 0.03765977
v 0.28681141 -1.10862615 0.01888811
v 0.28755353 -1.10862615 0.00000000
v 0.28681141 -1.10862615 -0.01888811
v 0.28458964 -1.10862615 -0.03765977
v 0.28090191 -1.10862615 -0.05619924
v 0.27577096 -1.10862615 -0.07439222
v 0.26922842 -1.10862615 -0.09212656
v 0.26131462 -1.10862615 -0.10929290
v 0.25207837 -1.10862615 -0.12578541
v 0.24157660 -1.10862615 -0.14150242
v 0.22987407 -1.10862615 -0.15634702
v 0.21704291 -1.10862615 -0.17022768
v 0.20316225 -1.10862615 -0.18305884
v 0.18831765 -1.10862615 -0.19476137
v 0.17260065 -1.10862615 -0.20526314
v 0.15610813 -1.10862615 -0.21449939
v 0.13894179 -1.10862615 -0.22241318
v 0.12120746 -1.10862615 -0.22895572
v 0.10301447 -1.10862615 -0.23408668
v 0.08447500 -1.10862615 -0.23777441
v 0.06570334 -1.10862615 -0.23999618
v 0.04681523 -1.10862615 -0.24073829
v 0.02792712 -1.10862615 -0.23999618
v 0.00915547 -1.10862615 -0.23777441
v -0.00938401 -1.10862615 -0.23408668
v -0.02757699 -1.10862615 -0.22895572
v -0.04531132 -1.10862615 -0.22241318
v -0.06247767 -1.10862615 -0.21449939
v -0.07897018 -1.10862615 -0.20526314
v -0.09468719 -1.10862615 -0.19476137
v -0.10953178 -1.10862615 -0.18305884
v -0.12341245 -1.10862615 -0.17022768
v -0.13624360 -1.10862615 -0.15634702
v -0.14794614 -1.10862615 -0.14150242
v -0.15844791 -1.10862615 -0.12578541
v -0.16768416 -1.10862615 -0.10929290
v -0.17559795 -1.10862615 -0.09212656
v -0.18214049 -1.10862615 -0.07439222
v -0.18727144 -1.10862615 -0.05619924
v -0.19095917 -1.10862615 -0.03765977
v -0.19318095 -1.10862615 -0.01888811
v -0.17924063 -1.07868933 0.00000000
v -0.17851506 -1.07868933 0.01846685
v -0.17634284 -1.07868933 0.03681984
v -0.17273736 -1.07868933 0.05494583
v -0.16772084 -1.07868933 0.07273306
v -0.16132422 -1.07868933 0.09007186
v -0.15358693 -1.07868933 0.10685535
v -0.14455667 -1.07868933 0.12298003
v -0.13428912 -1.07868933 0.13834650
v -0.12284759 -1.07868933 0.15286002
v -0.11030261 -1.07868933 0.16643110
v -0.09673152 -1.07868933 0.17897609
v -0.08221800 -1.07868933 0.19041762
v -0.06685153 -1.07868933 0.20068517
v -0.05072685 -1.07868933 0.20971543
v -0.03394337 -1.07868933 0.21745272
v -0.01660456 -1.07868933 0.22384934
v 0.00118267 -1.07868933 0.22886586
v 0.01930865 -1.07868933 0.23247134
v 0.03766165 -1.07868933 0.23464356
v 0.05612850 -1.07868933 0.23536912
v 0.07459535 -1.07868933 0.23464356
v 0.09294834 -1.07868933 0.23247134
v 0.11107433 -1.07868933 0.22886586
v 0.12886156 -1.07868933 0.22384934
v 0.14620036 -1.07868933 0.21745272
v 0.16298384 -1.07868933 0.20971543
v 0.17910853 -1.07868933 0.20068517
v 0.19447500 -1.07868933 0.19041762
v 0.20898852 -1.07868933 0.17897609
v 0.22255960 -1.07868933 0.16643110
v 0.23510458 -1.07868933 0.15286002
v 0.24654612 -1.07868933 0.13834650
v 0.25681367 -1.07868933 0.12298003
v 0.26584392 -1.07868933 0.10685535
v 0.27358121 -1.07868933 0.09007186
v 0.27997784 -1.07868933 0.07273306
v 0.28499435 -1.07868933 0.05494583
v 0.28859984 -1.07868933 0.03681984
v 0.29077206 -1.07868933 0.01846685
v 0.29149762 -1.07868933 0.00000000
v 0.29077206 -1.07868933 -0.01846685
v 0.28859984 -1.07868933 -0.03681984
v 0.28499435 -1.07868933 -0.05494583
v 0.27997784 -1.07868933 -0.07273306
v 0.27358121 -1.07868933 -0.09007186
v 0.26584392 -1.07868933 -0.10685535
v 0.25681367 -1.07868933 -0.12298003
v 0.24654612 -1.07868933 -0.13834650
v 0.23510458 -1.07868933 -0.15286002
v 0.22255960 -1.07868933 -0.16643110
v 0.20898852 -1.07868933 -0.17897609
v 0.19447500 -1.07868933 -0.19041762
v 0.17910853 -1.07868933 -0.20068517
v 0.16298384 -1.07868933 -0.20971543
v 0.14620036 -1.07868933 -0.21745272
v 0.12886156 -1.07868933 -0.22384934
v 0.11107433 -1.07868933 -0.22886586
v 0.09294834 -1.07868933 -0.23247134
v 0.07459535 -1.07868933 -0.23464356
v 0.05612850 -1.07868933 -0.23536912
v 0.03766165 -1.07868933 -0.23464356
v 0.01930865 -1.07868933 -0.23247134
v 0.00118267 -1.07868933 -0.22886586
v -0.01660456 -1.07868933 -0.22384934
v -0.03394337 -1.07868933 -0.21745272
v -0.05072685 -1.07868933 -0.20971543
v -0.06685153 -1.07868933 -0.20068517
v -0.08221800 -1.07868933 -0.19041762
v -0.09673152 -1.07868933 -0.17897609
v -0.11030261 -1.07868933 -0.16643110
v -0.12284759 -1.07868933 -0.15286002
v -0.13428912 -1.07868933 -0.13834650
v -0.14455667 -1.07868933 -0.12298003
v -0.15358693 -1.07868933 -0.10685535
v -0.16132422 -1.07868933 -0.09007186
v -0.16772084 -1.07868933 -0.07273306
v -0.17273736 -1.07868933 -0.05494583
v -0.17634284 -1.07868933 -0.03681984
v -0.17851506 -1.07868933 -0.01846685
v -0.16369651 -1.04708924 0.00000000
v -0.16298704 -1.04708924 0.01805744
v -0.16086297 -1.04708924 0.03600355
v -0.15733742 -1.04708924 0.05372769
v -0.15243212 -1.04708924 0.07112057
v -0.14617731 -1.04708924 0.08807498
v -0.13861156 -1.04708924 0.10448637
v -0.12978150 -1.04708924 0.12025357
v -0.11974158 -1.04708924 0.13527937
v -0.10855371 -1.04708924 0.14947112
v -0.09628684 -1.04708924 0.16274134
v -0.08301663 -1.04708924 0.17500820
v -0.06882487 -1.04708924 0.18619608
v -0.05379908 -1.04708924 0.19623599
v -0.03803188 -1.04708924 0.20506605
v -0.02162048 -1.04708924 0.21263181
v -0.00466608 -1.04708924 0.21888662
v 0.01272681 -1.04708924 0.22379192
v 0.03045094 -1.04708924 0.22731747
v 0.04839705 -1.04708924 0.22944153
v 0.06645449 -1.04708924 0.23015101
v 0.08451193 -1.04708924 0.22944153
v 0.10245804 -1.04708924 0.22731747
v 0.12018218 -1.04708924 0.22379192
v 0.13757507 -1.04708924 0.21888662
v 0.15452947 -1.04708924 0.21263181
v 0.17094087 -1.04708924 0.20506605
v 0.18670807 -1.04708924 0.19623599
v 0.20173386 -1.04708924 0.18619608
v 0.21592562 -1.04708924 0.17500820
v 0.22919583 -1.04708924 0.16274134
v 0.24146269 -1.04708924 0.14947112
v 0.25265057 -1.04708924 0.13527937
v 0.26269049 -1.04708924 0.12025357
v 0.27152054 -1.04708924 0.10448637
v 0.27908630 -1.04708924 0.08807498
v 0.28534111 -1.04708924 0.07112057
v 0.29024641 -1.04708924 0.05372769
v 0.29377196 -1.04708924 0.03600355
v 0.29589602 -1.04708924 0.01805744
v 0.29660550 -1.04708924 0.00000000
v 0.29589602 -1.04708924 -0.01805744
v 0.29377196 -1.04708924 -0.03600355
v 0.29024641 -1.04708924 -0.05372769
v 0.28534111 -1.04708924 -0.07112057
v 0.27908630 -1.04708924 -0.08807498
v 0.27152054 -1.04708924 -0.10448637
v 0.26269049 -1.04708924 -0.12025357
v 0.25265057 -1.04708924 -0.13527937
v 0.24146269 -1.04708924 -0.14947112
v 0.22919583 -1.04708924 -0.16274134
v 0.21592562 -1.04708924 -0.17500820
v 0.20173386 -1.04708924 -0.18619608
v 0.18670807 -1.04708924 -0.19623599
v 0.17094087 -1.04708924 -0.20506605
v 0.15452947 -1.04708924 -0.21263181
v 0.13757507 -1.04708924 -0.21888662
v 0.12018218 -1.04708924 -0.22379192
v 0.10245804 -1.04708924 -0.22731747
v 0.08451193 -1.04708924 -0.22944153
v 0.06645449 -1.04708924 -0.23015101
v 0.04839705 -1.04708924 -0.22944153
v 0.03045094 -1.04708924 -0.22731747
v 0.01272681 -1.04708924 -0.22379192
v -0.00466608 -1.04708924 -0.21888662
v -0.02162048 -1.04708924 -0.21263181
v -0.03803188 -1.04708924 -0.20506605
v -0.05379908 -1.04708924 -0.19623599
v -0.06882487 -1.04708924 -0.18619608
v -0.08301663 -1.04708924 -0.17500820
v -0.09628684 -1.04708924 -0.16274134
v -0.10855371 -1.04708924 -0.14947112
v -0.11974158 -1.04708924 -0.13527937
v -0.12978150 -1.04708924 -0.12025357
v -0.13861156 -1.04708924 -0.10448637
v -0.14617731 -1.04708924 -0.08807498
v -0.15243212 -1.04708924 -0.07112057
v -0.15733742 -1.04708924 -0.05372769
v -0.16086297 -1.04708924 -0.03600355
v -0.16298704 -1.04708924 -0.01805744
v -0.14729005 -1.01387462 0.00000000
v -0.14659617 -1.01387462 0.01766051
v -0.14451880 -1.01387462 0.03521215
v -0.14107074 -1.01387462 0.05254668
v -0.13627327 -1.01387462 0.06955725
v -0.13015595 -1.01387462 0.08613898
v -0.12275649 -1.01387462 0.10218963
v -0.11412053 -1.01387462 0.11761024
v -0.10430131 -1.01387462 0.13230575
v -0.09335935 -1.01387462 0.14618555
v -0.08136213 -1.01387462 0.15916407
v -0.06838362 -1.01387462 0.17116129
v -0.05450381 -1.01387462 0.18210325
v -0.03980830 -1.01387462 0.19192247
v -0.02438769 -1.01387462 0.20055843
v -0.00833704 -1.01387462 0.20795788
v 0.00824469 -1.01387462 0.21407521
v 0.02525526 -1.01387462 0.21887268
v 0.04258979 -1.01387462 0.22232074
v 0.06014142 -1.01387462 0.22439811
v 0.07780194 -1.01387462 0.22509199
v 0.09546245 -1.01387462 0.22439811
v 0.11301408 -1.01387462 0.22232074
v 0.13034862 -1.01387462 0.21887268
v 0.14735919 -1.01387462 0.21407521
v 0.16394092 -1.01387462 0.20795788
v 0.17999156 -1.01387462 0.20055843
v 0.19541218 -1.01387462 0.19192247
v 0.21010769 -1.01387462 0.18210325
v 0.22398749 -1.01387462 0.17116129
v 0.23696601 -1.01387462 0.15916407
v 0.24896323 -1.01387462 0.14618555
v 0.25990519 -1.01387462 0.13230575
v 0.26972441 -1.01387462 0.11761024
v 0.27836037 -1.01387462 0.10218963
v 0.28575982 -1.01387462 0.08613898
v 0.29187714 -1.01387462 0.06955725
v 0.29667462 -1.01387462 0.05254668
v 0.30012268 -1.01387462 0.03521215
v 0.30220005 -1.01387462 0.01766051
v 0.30289393 -1.01387462 0.00000000
v 0.30220005 -1.01387462 -0.01766051
v 0.30012268 -1.01387462 -0.03521215
v 0.29667462 -1.01387462 -0.05254668
v 0.29187714 -1.01387462 -0.06955725
v 0.28575982 -1.01387462 -0.08613898
v 0.27836037 -1.01387462 -0.10218963
v 0.26972441 -1.01387462 -0.11761024
v 0.25990519 -1.01387462 -0.13230575
v 0.24896323 -1.01387462 -0.14618555
v 0.23696601 -1.01387462 -0.15916407
v 0.22398749 -1.01387462 -0.17116129
v 0.21010769 -1.01387462 -0.18210325
v 0.19541218 -1.01387462 -0.19192247
v 0.17999156 -1.01387462 -0.20055843
v 0.16394092 -1.01387462 -0.20795788
v 0.14735919 -1.01387462 -0.21407521
v 0.13034862 -1.01387462 -0.21887268
v 0.11301408 -1.01387462 -0.22232074
v 0.09546245 -1.01387462 -0.22439811
v 0.07780194 -1.01387462 -0.22509199
v 0.06014142 -1.01387462 -0.22439811
v 0.04258979 -1.01387462 -0.22232074
v 0.02525526 -1.01387462 -0.21887268
v 0.00824469 -1.01387462 -0.21407521
v -0.00833704 -1.01387462 -0.20795788
v -0.02438769 -1.01387462 -0.20055843
v -0.03980830 -1.01387462 -0.19192247
v -0.05450381 -1.01387462 -0.18210325
v -0.06838362 -1.01387462 -0.17116129
v -0.08136213 -1.01387462 -0.15916407
v -0.09335935 -1.01387462 -0.14618555
v -0.10430131 -1.01387462 -0.13230575
v -0.11412053 -1.01387462 -0.11761024
v -0.12275649 -1.01387462 -0.10218963
v -0.13015595 -1.01387462 -0.08613898
v -0.13627327 -1.01387462 -0.06955725
v -0.14107074 -1.01387462 -0.05254668
v -0.14451880 -1.01387462 -0.03521215
v -0.14659617 -1.01387462 -0.01766051
v -0.13002884 -0.97909668 0.00000000
v -0.12935003 -0.97909668 0.01727668
v -0.12731781 -0.97909668 0.03444685
v -0.12394470 -0.97909668 0.05140464
v -0.11925149 -0.97909668 0.06804550
v -0.11326712 -0.97909668 0.08426684
v -0.10602849 -0.97909668 0.09996865
v -0.09758022 -0.97909668 0.11505412
v -0.08797440 -0.97909668 0.12943024
v -0.07727026 -0.97909668 0.14300838
v -0.06553379 -0.97909668 0.15570483
v -0.05283734 -0.97909668 0.16744130
v -0.03925920 -0.97909668 0.17814544
v -0.02488308 -0.97909668 0.18775126
v -0.00979761 -0.97909668 0.19619953
v 0.00590420 -0.97909668 0.20343816
v 0.02212554 -0.97909668 0.20942253
v 0.03876640 -0.97909668 0.21411574
v 0.05572419 -0.97909668 0.21748885
v 0.07289436 -0.97909668 0.21952107
v 0.09017104 -0.97909668 0.22019988
v 0.10744772 -0.97909668 0.21952107
v 0.12461789 -0.97909668 0.21748885
v 0.14157568 -0.97909668 0.21411574
v 0.15821654 -0.97909668 0.20942253
v 0.17443788 -0.97909668 0.20343816
v 0.19013969 -0.97909668 0.19619953
v 0.20522516 -0.97909668 0.18775126
v 0.21960128 -0.97909668 0.17814544
v 0.23317942 -0.97909668 0.16744130
v 0.24587586 -0.97909668 0.15570483
v 0.25761234 -0.97909668 0.14300838
v 0.26831648 -0.97909668 0.12943024
v 0.27792230 -0.97909668 0.11505412
v 0.28637057 -0.97909668 0.09996865
v 0.29360920 -0.97909668 0.08426684
v 0.29959357 -0.97909668 0.06804550
v 0.30428677 -0.97909668 0.05140464
v 0.30765989 -0.97909668 0.03444685
v 0.30969211 -0.97909668 0.01727668
v 0.31037092 -0.97909668 0.00000000
v 0.30969211 -0.97909668 -0.01727668
v 0.30765989 -0.97909668 -0.03444685
v 0.30428677 -0.97909668 -0.05140464
v 0.29959357 -0.97909668 -0.06804550
v 0.29360920 -0.97909668 -0.08426684
v 0.28637057 -0.97909668 -0.09996865
v 0.27792230 -0.97909668 -0.11505412
v 0.26831648 -0.97909668 -0.12943024
v 0.25761234 -0.97909668 -0.14300838
v 0.24587586 -0.97909668 -0.15570483
v 0.23317942 -0.97909668 -0.16744130
v 0.21960128 -0.97909668 -0.17814544
v 0.20522516 -0.97909668 -0.18775126
v 0.19013969 -0.97909668 -0.19619953
v 0.17443788 -0.97909668 -0.20343816
v 0.15821654 -0.97909668 -0.20942253
v 0.14157568 -0.97909668 -0.21411574
v 0.12461789 -0.97909668 -0.21748885
v 0.10744772 -0.97909668 -0.21952107
v 0.09017104 -0.97909668 -0.22019988
v 0.07289436 -0.97909668 -0.21952107
v 0.05572419 -0.97909668 -0.21748885
v 0.03876640 -0.97909668 -0.21411574
v 0.02212554 -0.97909668 -0.20942253
v 0.00590420 -0.97909668 -0.20343816
v -0.00979761 -0.97909668 -0.19619953
v -0.02488308 -0.97909668 -0.18775126
v -0.03925920 -0.97909668 -0.17814544
v -0.05283734 -0.97909668 -0.16744130
v -0.06553379 -0.97909668 -0.15570483
v -0.07727026 -0.97909668 -0.14300838
v -0.08797440 -0.97909668 -0.12943024
v -0.09758022 -0.97909668 -0.11505412
v -0.10602849 -0.97909668 -0.09996865
v -0.11326712 -0.97909668 -0.08426684
v -0.11925149 -0.97909668 -0.06804550
v -0.12394470 -0.97909668 -0.05140464
v -0.12731781 -0.97909668 -0.03444685
v -0.12935003 -0.97909668 -0.01727668
v -0.11192881 -0.94280904 0.00000000
v -0.11126455 -0.94280904 0.01690654
v -0.10927587 -0.94280904 0.03370884
v -0.10597502 -0.94280904 0.05030332
v -0.10138236 -0.94280904 0.06658766
v -0.09552621 -0.94280904 0.08246147
v -0.08844266 -0.94280904 0.09782687
v -0.08017539 -0.94280904 0.11258914
v -0.07077537 -0.94280904 0.12665726
v -0.06030056 -0.94280904 0.13994450
v -0.04881554 -0.94280904 0.15236893
v -0.03639111 -0.94280904 0.16385395
v -0.02310387 -0.94280904 0.17432876
v -0.00903575 -0.94280904 0.18372878
v 0.00572652 -0.94280904 0.19199605
v 0.02109192 -0.94280904 0.19907960
v 0.03696573 -0.94280904 0.20493575
v 0.05325007 -0.94280904 0.20952841
v 0.06984455 -0.94280904 0.21282926
v 0.08664685 -0.94280904 0.21481794
v 0.10355339 -0.94280904 0.21548220
v 0.12045993 -0.94280904 0.21481794
v 0.13726223 -0.94280904 0.21282926
v 0.15385671 -0.94280904 0.20952841
v 0.17014105 -0.94280904 0.20493575
v 0.18601486 -0.94280904 0.19907960
v 0.20138026 -0.94280904 0.19199605
v 0.21614253 -0.94280904 0.18372878
v 0.23021065 -0.94280904 0.17432876
v 0.24349789 -0.94280904 0.16385395
v 0.25592232 -0.94280904 0.15236893
v 0.26740734 -0.94280904 0.13994450
v 0.27788215 -0.94280904 0.12665726
v 0.28728217 -0.94280904 0.11258914
v 0.29554944 -0.94280904 0.09782687
v 0.30263299 -0.94280904 0.08246147
v 0.30848914 -0.94280904 0.06658766
v 0.31308180 -0.94280904 0.05030332
v 0.31638265 -0.94280904 0.03370884
v 0.31837133 -0.94280904 0.01690654
v 0.31903559 -0.94280904 0.00000000
v 0.31837133 -0.94280904 -0.01690654
v 0.31638265 -0.94280904 -0.03370884
v 0.31308180 -0.94280904 -0.05030332
v 0.30848914 -0.94280904 -0.06658766
v 0.30263299 -0.94280904 -0.08246147
v 0.29554944 -0.94280904 -0.09782687
v 0.28728217 -0.94280904 -0.11258914
v 0.27788215 -0.94280904 -0.12665726
v 0.26740734 -0.94280904 -0.13994450
v 0.25592232 -0.94280904 -0.15236893
v 0.24349789 -0.94280904 -0.16385395
v 0.23021065 -0.94280904 -0.17432876
v 0.21614253 -0.94280904 -0.18372878
v 0.20138026 -0.94280904 -0.19199605
v 0.18601486 -0.94280904 -0.19907960
v 0.17014105 -0.94280904 -0.20493575
v 0.15385671 -0.94280904 -0.20952841
v 0.13726223 -0.94280904 -0.21282926
v 0.12045993 -0.94280904 -0.21481794
v 0.10355339 -0.94280904 -0.21548220
v 0.08664685 -0.94280904 -0.21481794
v 0.06984455 -0.94280904 -0.21282926
v 0.05325007 -0.94280904 -0.20952841
v 0.03696573 -0.94280904 -0.20493575
v 0.02109192 -0.94280904 -0.19907960
v 0.00572652 -0.94280904 -0.19199605
v -0.00903575 -0.94280904 -0.18372878
v -0.02310387 -0.94280904 -0.17432876
v -0.03639111 -0.94280904 -0.16385395
v -0.04881554 -0.94280904 -0.15236893
v -0.06030056 -0.94280904 -0.13994450
v -0.07077537 -0.94280904 -0.12665726
v -0.08017539 -0.94280904 -0.11258914
v -0.08844266 -0.94280904 -0.09782687
v -0.09552621 -0.94280904 -0.08246147
v -0.10138236 -0.94280904 -0.06658766
v -0.10597502 -0.94280904 -0.05030332
v -0.10927587 -0.94280904 -0.03370884
v -0.11126455 -0.94280904 -0.01690654
v -0.09301433 -0.90506766 0.00000000
v -0.09236405 -0.90506766 0.01655065
v -0.09041723 -0.90506766 0.03299926
v -0.08718587 -0.90506766 0.04924442
v -0.08268988 -0.90506766 0.06518598
v -0.07695700 -0.90506766 0.08072563
v -0.07002256 -0.90506766 0.09576759
v -0.06192932 -0.90506766 0.11021911
v -0.05272718 -0.90506766 0.12399109
v -0.04247286 -0.90506766 0.13699863
v -0.03122960 -0.90506766 0.14916152
v -0.01906671 -0.90506766 0.16040479
v -0.00605917 -0.90506766 0.17065910
v 0.00771281 -0.90506766 0.17986124
v 0.02216433 -0.90506766 0.18795448
v 0.03720629 -0.90506766 0.19488892
v 0.05274595 -0.90506766 0.20062180
v 0.06868750 -0.90506766 0.20511779
v 0.08493266 -0.90506766 0.20834915
v 0.10138127 -0.90506766 0.21029597
v 0.11793192 -0.90506766 0.21094625
v 0.13448257 -0.90506766 0.21029597
v 0.15093118 -0.90506766 0.20834915
v 0.16717635 -0.90506766 0.20511779
v 0.18311790 -0.90506766 0.20062180
v 0.19865756 -0.90506766 0.19488892
v 0.21369951 -0.90506766 0.18795448
v 0.22815103 -0.90506766 0.17986124
v 0.24192302 -0.90506766 0.17065910
v 0.25493055 -0.90506766 0.16040479
v 0.26709344 -0.90506766 0.14916152
v 0.27833671 -0.90506766 0.13699863
v 0.28859102 -0.90506766 0.12399109
v 0.29779317 -0.90506766 0.11021911
v 0.30588640 -0.90506766 0.09576759
v 0.31282084 -0.90506766 0.08072563
v 0.31855373 -0.90506766 0.06518598
v 0.32304971 -0.90506766 0.04924442
v 0.32628107 -0.90506766 0.03299926
v 0.32822789 -0.90506766 0.01655065
v 0.32887817 -0.90506766 0.00000000
v 0.32822789 -0.90506766 -0.01655065
v 0.32628107 -0.90506766 -0.03299926
v 0.32304971 -0.90506766 -0.04924442
v 0.31855373 -0.90506766 -0.06518598
v 0.31282084 -0.90506766 -0.08072563
v 0.30588640 -0.90506766 -0.09576759
v 0.29779317 -0.90506766 -0.11021911
v 0.28859102 -0.90506766 -0.12399109
v 0.27833671 -0.90506766 -0.13699863
v 0.26709344 -0.90506766 -0.14916152
v 0.25493055 -0.90506766 -0.16040479
v 0.24192302 -0.90506766 -0.17065910
v 0.22815103 -0.90506766 -0.17986124
v 0.21369951 -0.90506766 -0.18795448
v 0.19865756 -0.90506766 -0.19488892
v 0.18311790 -0.90506766 -0.20062180
v 0.16717635 -0.90506766 -0.20511779
v 0.15093118 -0.90506766 -0.20834915
v 0.13448257 -0.90506766 -0.21029597
v 0.11793192 -0.90506766 -0.21094625
v 0.10138127 -0.90506766 -0.21029597
v 0.08493266 -0.90506766 -0.20834915
v 0.06868750 -0.90506766 -0.20511779
v 0.05274595 -0.90506766 -0.20062180
v 0.03720629 -0.90506766 -0.19488892
v 0.02216433 -0.90506766 -0.18795448
v 0.00771281 -0.90506766 -0.17986124
v -0.00605917 -0.90506766 -0.17065910
v -0.01906671 -0.90506766 -0.16040479
v -0.03122960 -0.90506766 -0.14916152
v -0.04247286 -0.90506766 -0.13699863
v -0.05272718 -0.90506766 -0.12399109
v -0.06192932 -0.90506766 -0.11021911
v -0.07002256 -0.90506766 -0.09576759
v -0.07695700 -0.90506766 -0.08072563
v -0.08268988 -0.90506766 -0.06518598
v -0.08718587 -0.90506766 -0.04924442
v -0.09041723 -0.90506766 -0.03299926
v -0.09236405 -0.90506766 -0.01655065
v -0.07331811 -0.86593073 0.00000000
v -0.07268123 -0.86593073 0.01620957
v -0.07077453 -0.86593073 0.03231920
v -0.06760976 -0.86593073 0.04822958
v -0.06320643 -0.86593073 0.06384260
v -0.05759170 -0.86593073 0.07906202
v -0.05080016 -0.86593073 0.09379399
v -0.04287371 -0.86593073 0.10794768
v -0.03386121 -0.86593073 0.12143585
v -0.02381822 -0.86593073 0.13417532
v -0.01280666 -0.86593073 0.14608756
v -0.00089442 -0.86593073 0.15709912
v 0.01184505 -0.86593073 0.16714211
v 0.02533321 -0.86593073 0.17615461
v 0.03948691 -0.86593073 0.18408106
v 0.05421888 -0.86593073 0.19087259
v 0.06943829 -0.86593073 0.19648733
v 0.08505132 -0.86593073 0.20089066
v 0.10096169 -0.86593073 0.20405543
v 0.11707133 -0.86593073 0.20596213
v 0.13328090 -0.86593073 0.20659901
v 0.14949047 -0.86593073 0.20596213
v 0.16560010 -0.86593073 0.20405543
v 0.18151048 -0.86593073 0.20089066
v 0.19712350 -0.86593073 0.19648733
v 0.21234291 -0.86593073 0.19087259
v 0.22707488 -0.86593073 0.18408106
v 0.24122858 -0.86593073 0.17615461
v 0.25471675 -0.86593073 0.16714211
v 0.26745622 -0.86593073 0.15709912
v 0.27936846 -0.86593073 0.14608756
v 0.29038001 -0.86593073 0.13417532
v 0.30042300 -0.86593073 0.12143585
v 0.30943551 -0.86593073 0.10794768
v 0.31736196 -0.86593073 0.09379399
v 0.32415349 -0.86593073 0.07906202
v 0.32976823 -0.86593073 0.06384260
v 0.33417156 -0.86593073 0.04822958
v 0.33733633 -0.86593073 0.03231920
v 0.33924303 -0.86593073 0.01620957
v 0.33987990 -0.86593073 0.00000000
v 0.33924303 -0.86593073 -0.01620957
v 0.33733633 -0.86593073 -0.03231920
v 0.33417156 -0.86593073 -0.04822958
v 0.32976823 -0.86593073 -0.06384260
v 0.32415349 -0.86593073 -0.07906202
v 0.31736196 -0.86593073 -0.09379399
v 0.30943551 -0.86593073 -0.10794768
v 0.30042300 -0.86593073 -0.12143585
v 0.29038001 -0.86593073 -0.13417532
v 0.27936846 -0.86593073 -0.14608756
v 0.26745622 -0.86593073 -0.15709912
v 0.25471675 -0.86593073 -0.16714211
v 0.24122858 -0.86593073 -0.17615461
v 0.22707488 -0.86593073 -0.18408106
v 0.21234291 -0.86593073 -0.19087259
v 0.19712350 -0.86593073 -0.19648733
v 0.18151048 -0.86593073 -0.20089066
v 0.16560010 -0.86593073 -0.20405543
v 0.14949047 -0.86593073 -0.20596213
v 0.13328090 -0.86593073 -0.20659901
v 0.11707133 -0.86593073 -0.20596213
v 0.10096169 -0.86593073 -0.20405543
v 0.08505132 -0.86593073 -0.20089066
v 0.06943829 -0.86593073 -0.19648733
v 0.05421888 -0.86593073 -0.19087259
v 0.03948691 -0.86593073 -0.18408106
v 0.02533321 -0.86593073 -0.17615461
v 0.01184505 -0.86593073 -0.16714211
v -0.00089442 -0.86593073 -0.15709912
v -0.01280666 -0.86593073 -0.14608756
v -0.02381822 -0.86593073 -0.13417532
v -0.03386121 -0.86593073 -0.12143585
v -0.04287371 -0.86593073 -0.10794768
v -0.05080016 -0.86593073 -0.09379399
v -0.05759170 -0.86593073 -0.07906202
v -0.06320643 -0.86593073 -0.06384260
v -0.06760976 -0.86593073 -0.04822958
v -0.07077453 -0.86593073 -0.03231920
v -0.07268123 -0.86593073 -0.01620957
v -0.05288119 -0.82545860 0.00000000
v -0.05225712 -0.82545860 0.01588382
v -0.05038873 -0.82545860 0.03166972
v -0.04728756 -0.82545860 0.04726036
v -0.04297272 -0.82545860 0.06255962
v -0.03747082 -0.82545860 0.07747318
v -0.03081577 -0.82545860 0.09190910
v -0.02304861 -0.82545860 0.10577836
v -0.01421722 -0.82545860 0.11899547
v -0.00437606 -0.82545860 0.13147892
v 0.00641421 -0.82545860 0.14315177
v 0.01808706 -0.82545860 0.15394204
v 0.03057052 -0.82545860 0.16378321
v 0.04378763 -0.82545860 0.17261460
v 0.05765689 -0.82545860 0.18038176
v 0.07209280 -0.82545860 0.18703680
v 0.08700637 -0.82545860 0.19253871
v 0.10230563 -0.82545860 0.19685355
v 0.11789627 -0.82545860 0.19995472
v 0.13368216 -0.82545860 0.20182310
v 0.14956599 -0.82545860 0.20244718
v 0.16544981 -0.82545860 0.20182310
v 0.18123570 -0.82545860 0.19995472
v 0.19682634 -0.82545860 0.19685355
v 0.21212560 -0.82545860 0.19253871
v 0.22703917 -0.82545860 0.18703680
v 0.24147508 -0.82545860 0.18038176
v 0.25534435 -0.82545860 0.17261460
v 0.26856145 -0.82545860 0.16378321
v 0.28104491 -0.82545860 0.15394204
v 0.29271776 -0.82545860 0.14315177
v 0.30350803 -0.82545860 0.13147892
v 0.31334919 -0.82545860 0.11899547
v 0.32218058 -0.82545860 0.10577836
v 0.32994774 -0.82545860 0.09190910
v 0.33660279 -0.82545860 0.07747318
v 0.34210469 -0.82545860 0.06255962
v 0.34641953 -0.82545860 0.04726036
v 0.34952070 -0.82545860 0.03166972
v 0.35138909 -0.82545860 0.01588382
v 0.35201316 -0.82545860 0.00000000
v 0.35138909 -0.82545860 -0.01588382
v 0.34952070 -0.82545860 -0.03166972
v 0.34641953 -0.82545860 -0.04726036
v 0.34210469 -0.82545860 -0.06255962
v 0.33660279 -0.82545860 -0.07747318
v 0.32994774 -0.82545860 -0.09190910
v 0.32218058 -0.82545860 -0.10577836
v 0.31334919 -0.82545860 -0.11899547
v 0.30350803 -0.82545860 -0.13147892
v 0.29271776 -0.82545860 -0.14315177
v 0.28104491 -0.82545860 -0.15394204
v 0.26856145 -0.82545860 -0.16378321
v 0.25534435 -0.82545860 -0.17261460
v 0.24147508 -0.82545860 -0.18038176
v 0.22703917 -0.82545860 -0.18703680
v 0.21212560 -0.82545860 -0.19253871
v 0.19682634 -0.82545860 -0.19685355
v 0.18123570 -0.82545860 -0.19995472
v 0.16544981 -0.82545860 -0.20182310
v 0.14956599 -0.82545860 -0.20244718
v 0.13368216 -0.82545860 -0.20182310
v 0.11789627 -0.82545860 -0.19995472
v 0.10230563 -0.82545860 -0.19685355
v 0.08700637 -0.82545860 -0.19253871
v 0.07209280 -0.82545860 -0.18703680
v 0.05765689 -0.82545860 -0.18038176
v 0.04378763 -0.82545860 -0.17261460
v 0.03057052 -0.82545860 -0.16378321
v 0.01808706 -0.82545860 -0.15394204
v 0.00641421 -0.82545860 -0.14315177
v -0.00437606 -0.82545860 -0.13147892
v -0.01421722 -0.82545860 -0.11899547
v -0.02304861 -0.82545860 -0.10577836
v -0.03081577 -0.82545860 -0.09190910
v -0.03747082 -0.82545860 -0.07747318
v -0.04297272 -0.82545860 -0.06255962
v -0.04728756 -0.82545860 -0.04726036
v -0.05038873 -0.82545860 -0.03166972
v -0.05225712 -0.82545860 -0.01588382
v -0.03175280 -0.78371367 0.00000000
v -0.03114090 -0.78371367 0.01557391
v -0.02930897 -0.78371367 0.03105180
v -0.02626831 -0.78371367 0.04633824
v -0.02203766 -0.78371367 0.06133900
v -0.01664310 -0.78371367 0.07596158
v -0.01011790 -0.78371367 0.09011583
v -0.00250229 -0.78371367 0.10371449
v 0.00615679 -0.78371367 0.11667371
v 0.01580594 -0.78371367 0.12891360
v 0.02638567 -0.78371367 0.14035869
v 0.03783077 -0.78371367 0.15093843
v 0.05007066 -0.78371367 0.16058758
v 0.06302988 -0.78371367 0.16924666
v 0.07662854 -0.78371367 0.17686227
v 0.09078279 -0.78371367 0.18338747
v 0.10540537 -0.78371367 0.18878202
v 0.12040612 -0.78371367 0.19301268
v 0.13569257 -0.78371367 0.19605334
v 0.15117046 -0.78371367 0.19788527
v 0.16674437 -0.78371367 0.19849717
v 0.18231828 -0.78371367 0.19788527
v 0.19779617 -0.78371367 0.19605334
v 0.21308261 -0.78371367 0.19301268
v 0.22808337 -0.78371367 0.18878202
v 0.24270595 -0.78371367 0.18338747
v 0.25686020 -0.78371367 0.17686227
v 0.27045885 -0.78371367 0.16924666
v 0.28341808 -0.78371367 0.16058758
v 0.29565797 -0.78371367 0.15093843
v 0.30710306 -0.78371367 0.14035869
v 0.31768280 -0.78371367 0.12891360
v 0.32733195 -0.78371367 0.11667371
v 0.33599103 -0.78371367 0.10371449
v 0.34360664 -0.78371367 0.09011583
v 0.35013184 -0.78371367 0.07596158
v 0.35552639 -0.78371367 0.06133900
v 0.35975704 -0.78371367 0.04633824
v 0.36279771 -0.78371367 0.03105180
v 0.36462964 -0.78371367 0.01557391
v 0.36524154 -0.78371367 0.00000000
v 0.36462964 -0.78371367 -0.01557391
v 0.36279771 -0.78371367 -0.03105180
v 0.35975704 -0.78371367 -0.04633824
v 0.35552639 -0.78371367 -0.06133900
v 0.35013184 -0.78371367 -0.07596158
v 0.34360664 -0.78371367 -0.09011583
v 0.33599103 -0.78371367 -0.10371449
v 0.32733195 -0.78371367 -0.11667371
v 0.31768280 -0.78371367 -0.12891360
v 0.30710306 -0.78371367 -0.14035869
v 0.29565797 -0.78371367 -0.15093843
v 0.28341808 -0.78371367 -0.16058758
v 0.27045885 -0.78371367 -0.16924666
v 0.25686020 -0.78371367 -0.17686227
v 0.24270595 -0.78371367 -0.18338747
v 0.22808337 -0.78371367 -0.18878202
v 0.21308261 -0.78371367 -0.19301268
v 0.19779617 -0.78371367 -0.19605334
v 0.18231828 -0.78371367 -0.19788527
v 0.16674437 -0.78371367 -0.19849717
v 0.15117046 -0.78371367 -0.19788527
v 0.13569257 -0.78371367 -0.19605334
v 0.12040612 -0.78371367 -0.19301268
v 0.10540537 -0.78371367 -0.18878202
v 0.09078279 -0.78371367 -0.18338747
v 0.07662854 -0.78371367 -0.17686227
v 0.06302988 -0.78371367 -0.16924666
v 0.05007066 -0.78371367 -0.16058758
v 0.03783077 -0.78371367 -0.15093843
v 0.02638567 -0.78371367 -0.14035869
v 0.01580594 -0.78371367 -0.12891360
v 0.00615679 -0.78371367 -0.11667371
v -0.00250229 -0.78371367 -0.10371449
v -0.01011790 -0.78371367 -0.09011583
v -0.01664310 -0.78371367 -0.07596158
v -0.02203766 -0.78371367 -0.06133900
v -0.02626831 -0.78371367 -0.04633824
v -0.02930897 -0.78371367 -0.03105180
v -0.03114090 -0.78371367 -0.01557391
v -0.00999014 -0.74076031 0.00000000
v -0.00938978 -0.74076031 0.01528031
v -0.00759238 -0.74076031 0.03046640
v -0.00460904 -0.74076031 0.04546467
v -0.00045815 -0.74076031 0.06018262
v 0.00483470 -0.74076031 0.07452954
v 0.01123689 -0.74076031 0.08841695
v 0.01870893 -0.74076031 0.10175924
v 0.02720477 -0.74076031 0.11447415
v 0.03667201 -0.74076031 0.12648330
v 0.04705230 -0.74076031 0.13771263
v 0.05828163 -0.74076031 0.14809291
v 0.07029077 -0.74076031 0.15756016
v 0.08300568 -0.74076031 0.16605599
v 0.09634797 -0.74076031 0.17352803
v 0.11023539 -0.74076031 0.17993022
v 0.12458230 -0.74076031 0.18522307
v 0.13930026 -0.74076031 0.18937397
v 0.15429852 -0.74076031 0.19235731
v 0.16948462 -0.74076031 0.19415470
v 0.18476492 -0.74076031 0.19475506
v 0.20004523 -0.74076031 0.19415470
v 0.21523133 -0.74076031 0.19235731
v 0.23022959 -0.74076031 0.18937397
v 0.24494755 -0.74076031 0.18522307
v 0.25929446 -0.74076031 0.17993022
v 0.27318187 -0.74076031 0.17352803
v 0.28652416 -0.74076031 0.16605599
v 0.29923908 -0.74076031 0.15756016
v 0.31124822 -0.74076031 0.14809291
v 0.32247755 -0.74076031 0.13771263
v 0.33285784 -0.74076031 0.12648330
v 0.34232508 -0.74076031 0.11447415
v 0.35082091 -0.74076031 0.10175924
v 0.35829296 -0.74076031 0.08841695
v 0.36469514 -0.74076031 0.07452954
v 0.36998800 -0.74076031 0.06018262
v 0.37413889 -0.74076031 0.04546467
v 0.37712223 -0.74076031 0.03046640
v 0.37891962 -0.74076031 0.01528031
v 0.37951999 -0.74076031 0.00000000
v 0.37891962 -0.74076031 -0.01528031
v 0.37712223 -0.74076031 -0.03046640
v 0.37413889 -0.74076031 -0.04546467
v 0.36998800 -0.74076031 -0.06018262
v 0.36469514 -0.74076031 -0.07452954
v 0.35829296 -0.74076031 -0.08841695
v 0.35082091 -0.74076031 -0.10175924
v 0.34232508 -0.74076031 -0.11447415
v 0.33285784 -0.74076031 -0.12648330
v 0.32247755 -0.74076031 -0.13771263
v 0.31124822 -0.74076031 -0.14809291
v 0.29923908 -0.74076031 -0.15756016
v 0.28652416 -0.74076031 -0.16605599
v 0.27318187 -0.74076031 -0.17352803
v 0.25929446 -0.74076031 -0.17993022
v 0.24494755 -0.74076031 -0.18522307
v 0.23022959 -0.74076031 -0.18937397
v 0.21523133 -0.74076031 -0.19235731
v 0.20004523 -0.74076031 -0.19415470
v 0.18476492 -0.74076031 -0.19475506
v 0.16948462 -0.74076031 -0.19415470
v 0.15429852 -0.74076031 -0.19235731
v 0.13930026 -0.74076031 -0.18937397
v 0.12458230 -0.74076031 -0.18522307
v 0.11023539 -0.74076031 -0.17993022
v 0.09634797 -0.74076031 -0.17352803
v 0.08300568 -0.74076031 -0.16605599
v 0.07029077 -0.74076031 -0.15756016
v 0.05828163 -0.74076031 -0.14809291
v 0.04705230 -0.74076031 -0.13771263
v 0.03667201 -0.74076031 -0.12648330
v 0.02720477 -0.74076031 -0.11447415
v 0.01870893 -0.74076031 -0.10175924
v 0.01123689 -0.74076031 -0.08841695
v 0.00483470 -0.74076031 -0.07452954
v -0.00045815 -0.74076031 -0.06018262
v -0.00460904 -0.74076031 -0.04546467
v -0.00759238 -0.74076031 -0.03046640
v -0.00938978 -0.74076031 -0.01528031
v 0.01234181 -0.69666475 0.00000000
v 0.01293130 -0.69666475 0.01500347
v 0.01469613 -0.69666475 0.02991444
v 0.01762542 -0.69666475 0.04464097
v 0.02170111 -0.69666475 0.05909228
v 0.02689807 -0.69666475 0.07317927
v 0.03318427 -0.69666475 0.08681508
v 0.04052094 -0.69666475 0.09991564
v 0.04886285 -0.69666475 0.11240020
v 0.05815857 -0.69666475 0.12419177
v 0.06835080 -0.69666475 0.13521765
v 0.07937668 -0.69666475 0.14540988
v 0.09116825 -0.69666475 0.15470560
v 0.10365281 -0.69666475 0.16304751
v 0.11675337 -0.69666475 0.17038418
v 0.13038918 -0.69666475 0.17667038
v 0.14447617 -0.69666475 0.18186734
v 0.15892748 -0.69666475 0.18594303
v 0.17365401 -0.69666475 0.18887232
v 0.18856498 -0.69666475 0.19063715
v 0.20356845 -0.69666475 0.19122664
v 0.21857192 -0.69666475 0.19063715
v 0.23348289 -0.69666475 0.18887232
v 0.24820942 -0.69666475 0.18594303
v 0.26266073 -0.69666475 0.18186734
v 0.27674772 -0.69666475 0.17667038
v 0.29038353 -0.69666475 0.17038418
v 0.30348410 -0.69666475 0.16304751
v 0.31596865 -0.69666475 0.15470560
v 0.32776022 -0.69666475 0.14540988
v 0.33878610 -0.69666475 0.13521765
v 0.34897833 -0.69666475 0.12419177
v 0.35827405 -0.69666475 0.11240020
v 0.36661596 -0.69666475 0.09991564
v 0.37395263 -0.69666475 0.08681508
v 0.38023883 -0.69666475 0.07317927
v 0.38543579 -0.69666475 0.05909228
v 0.38951148 -0.69666475 0.04464097
v 0.39244077 -0.69666475 0.02991444
v 0.39420560 -0.69666475 0.01500347
v 0.39479509 -0.69666475 0.00000000
v 0.39420560 -0.69666475 -0.01500347
v 0.39244077 -0.69666475 -0.02991444
v 0.38951148 -0.69666475 -0.04464097
v 0.38543579 -0.69666475 -0.05909228
v 0.38023883 -0.69666475 -0.07317927
v 0.37395263 -0.69666475 -0.08681508
v 0.36661596 -0.69666475 -0.09991564
v 0.35827405 -0.69666475 -0.11240020
v 0.34897833 -0.69666475 -0.12419177
v 0.33878610 -0.69666475 -0.13521765
v 0.32776022 -0.69666475 -0.14540988
v 0.31596865 -0.69666475 -0.15470560
v 0.30348410 -0.69666475 -0.16304751
v 0.29038353 -0.69666475 -0.17038418
v 0.27674772 -0.69666475 -0.17667038
v 0.26266073 -0.69666475 -0.18186734
v 0.24820942 -0.69666475 -0.18594303
v 0.23348289 -0.69666475 -0.18887232
v 0.21857192 -0.69666475 -0.19063715
v 0.20356845 -0.69666475 -0.19122664
v 0.18856498 -0.69666475 -0.19063715
v 0.17365401 -0.69666475 -0.18887232
v 0.15892748 -0.69666475 -0.18594303
v 0.14447617 -0.69666475 -0.18186734
v 0.13038918 -0.69666475 -0.17667038
v 0.11675337 -0.69666475 -0.17038418
v 0.10365281 -0.69666475 -0.16304751
v 0.09116825 -0.69666475 -0.15470560
v 0.07937668 -0.69666475 -0.14540988
v 0.06835080 -0.69666475 -0.13521765
v 0.05815857 -0.69666475 -0.12419177
v 0.04886285 -0.69666475 -0.11240020
v 0.04052094 -0.69666475 -0.09991564
v 0.03318427 -0.69666475 -0.08681508
v 0.02689807 -0.69666475 -0.07317927
v 0.02170111 -0.69666475 -0.05909228
v 0.01762542 -0.69666475 -0.04464097
v 0.01469613 -0.69666475 -0.02991444
v 0.01293130 -0.69666475 -0.01500347
v 0.03517063 -0.65149499 0.00000000
v 0.03574992 -0.65149499 0.01474382
v 0.03748420 -0.65149499 0.02939675
v 0.04036280 -0.65149499 0.04386843
v 0.04436796 -0.65149499 0.05806965
v 0.04947499 -0.65149499 0.07191285
v 0.05565239 -0.65149499 0.08531268
v 0.06286210 -0.65149499 0.09818654
v 0.07105965 -0.65149499 0.11045504
v 0.08019450 -0.65149499 0.12204254
v 0.09021034 -0.65149499 0.13287762
v 0.10104542 -0.65149499 0.14289346
v 0.11263293 -0.65149499 0.15202832
v 0.12490143 -0.65149499 0.16022586
v 0.13777528 -0.65149499 0.16743557
v 0.15117511 -0.65149499 0.17361298
v 0.16501831 -0.65149499 0.17872000
v 0.17921953 -0.65149499 0.18272516
v 0.19369122 -0.65149499 0.18560376
v 0.20834414 -0.65149499 0.18733805
v 0.22308796 -0.65149499 0.18791733
v 0.23783179 -0.65149499 0.18733805
v 0.25248471 -0.65149499 0.18560376
v 0.26695639 -0.65149499 0.18272516
v 0.28115761 -0.65149499 0.17872000
v 0.29500081 -0.65149499 0.17361298
v 0.30840065 -0.65149499 0.16743557
v 0.32127450 -0.65149499 0.16022586
v 0.33354300 -0.65149499 0.15202832
v 0.34513051 -0.65149499 0.14289346
v 0.35596558 -0.65149499 0.13287762
v 0.36598142 -0.65149499 0.12204254
v 0.37511628 -0.65149499 0.11045504
v 0.38331383 -0.65149499 0.09818654
v 0.39052353 -0.65149499 0.08531268
v 0.39670094 -0.65149499 0.07191285
v 0.40180797 -0.65149499 0.05806965
v 0.40581312 -0.65149499 0.04386843
v 0.40869172 -0.65149499 0.02939675
v 0.41042601 -0.65149499 0.01474382
v 0.41100529 -0.65149499 0.00000000
v 0.41042601 -0.65149499 -0.01474382
v 0.40869172 -0.65149499 -0.02939675
v 0.40581312 -0.65149499 -0.04386843
v 0.40180797 -0.65149499 -0.05806965
v 0.39670094 -0.65149499 -0.07191285
v 0.39052353 -0.65149499 -0.08531268
v 0.38331383 -0.65149499 -0.09818654
v 0.37511628 -0.65149499 -0.11045504
v 0.36598142 -0.65149499 -0.12204254
v 0.35596558 -0.65149499 -0.13287762
v 0.34513051 -0.65149499 -0.14289346
v 0.33354300 -0.65149499 -0.15202832
v 0.32127450 -0.65149499 -0.16022586
v 0.30840065 -0.65149499 -0.16743557
v 0.29500081 -0.65149499 -0.17361298
v 0.28115761 -0.65149499 -0.17872000
v 0.26695639 -0.65149499 -0.18272516
v 0.25248471 -0.65149499 -0.18560376
v 0.23783179 -0.65149499 -0.18733805
v 0.22308796 -0.65149499 -0.18791733
v 0.20834414 -0.65149499 -0.18733805
v 0.19369122 -0.65149499 -0.18560376
v 0.17921953 -0.65149499 -0.18272516
v 0.16501831 -0.65149499 -0.17872000
v 0.15117511 -0.65149499 -0.17361298
v 0.13777528 -0.65149499 -0.16743557
v 0.12490143 -0.65149499 -0.16022586
v 0.11263293 -0.65149499 -0.15202832
v 0.10104542 -0.65149499 -0.14289346
v 0.09021034 -0.65149499 -0.13287762
v 0.08019450 -0.65149499 -0.12204254
v 0.07105965 -0.65149499 -0.11045504
v 0.06286210 -0.65149499 -0.09818654
v 0.05565239 -0.65149499 -0.08531268
v 0.04947499 -0.65149499 -0.07191285
v 0.04436796 -0.65149499 -0.05806965
v 0.04036280 -0.65149499 -0.04386843
v 0.03748420 -0.65149499 -0.02939675
v 0.03574992 -0.65149499 -0.01474382
v 0.05841677 -0.60532067 0.00000000
v 0.05898654 -0.60532067 0.01450177
v 0.06069236 -0.60532067 0.02891413
v 0.06352370 -0.60532067 0.04314823
v 0.06746310 -0.60532067 0.05711631
v 0.07248628 -0.60532067 0.07073224
v 0.07856228 -0.60532067 0.08391208
v 0.08565362 -0.60532067 0.09657458
v 0.09371659 -0.60532067 0.10864167
v 0.10270147 -0.60532067 0.12003894
v 0.11255288 -0.60532067 0.13069613
v 0.12321007 -0.60532067 0.14054754
v 0.13460735 -0.60532067 0.14953243
v 0.14667443 -0.60532067 0.15759540
v 0.15933693 -0.60532067 0.16468674
v 0.17251678 -0.60532067 0.17076273
v 0.18613271 -0.60532067 0.17578591
v 0.20010078 -0.60532067 0.17972532
v 0.21433488 -0.60532067 0.18255665
v 0.22874724 -0.60532067 0.18426247
v 0.24324901 -0.60532067 0.18483225
v 0.25775078 -0.60532067 0.18426247
v 0.27216315 -0.60532067 0.18255665
v 0.28639724 -0.60532067 0.17972532
v 0.30036532 -0.60532067 0.17578591
v 0.31398125 -0.60532067 0.17076273
v 0.32716110 -0.60532067 0.16468674
v 0.33982360 -0.60532067 0.15759540
v 0.35189068 -0.60532067 0.14953243
v 0.36328795 -0.60532067 0.14054754
v 0.37394515 -0.60532067 0.13069613
v 0.38379656 -0.60532067 0.12003894
v 0.39278144 -0.60532067 0.10864167
v 0.40084441 -0.60532067 0.09657458
v 0.40793575 -0.60532067 0.08391208
v 0.41401174 -0.60532067 0.07073224
v 0.41903493 -0.60532067 0.05711631
v 0.42297433 -0.60532067 0.04314823
v 0.42580567 -0.60532067 0.02891413
v 0.42751148 -0.60532067 0.01450177
v 0.42808126 -0.60532067 0.00000000
v 0.42751148 -0.60532067 -0.01450177
v 0.42580567 -0.60532067 -0.02891413
v 0.42297433 -0.60532067 -0.04314823
v 0.41903493 -0.60532067 -0.05711631
v 0.41401174 -0.60532067 -0.07073224
v 0.40793575 -0.60532067 -0.08391208
v 0.40084441 -0.60532067 -0.09657458
v 0.39278144 -0.60532067 -0.10864167
v 0.38379656 -0.60532067 -0.12003894
v 0.37394515 -0.60532067 -0.13069613
v 0.36328795 -0.60532067 -0.14054754
v 0.35189068 -0.60532067 -0.14953243
v 0.33982360 -0.60532067 -0.15759540
v 0.32716110 -0.60532067 -0.16468674
v 0.31398125 -0.60532067 -0.17076273
v 0.30036532 -0.60532067 -0.17578591
v 0.28639724 -0.60532067 -0.17972532
v 0.27216315 -0.60532067 -0.18255665
v 0.25775078 -0.60532067 -0.18426247
v 0.24324901 -0.60532067 -0.18483225
v 0.22874724 -0.60532067 -0.18426247
v 0.21433488 -0.60532067 -0.18255665
v 0.20010078 -0.60532067 -0.17972532
v 0.18613271 -0.60532067 -0.17578591
v 0.17251678 -0.60532067 -0.17076273
v 0.15933693 -0.60532067 -0.16468674
v 0.14667443 -0.60532067 -0.15759540
v 0.13460735 -0.60532067 -0.14953243
v 0.12321007 -0.60532067 -0.14054754
v 0.11255288 -0.60532067 -0.13069613
v 0.10270147 -0.60532067 -0.12003894
v 0.09371659 -0.60532067 -0.10864167
v 0.08565362 -0.60532067 -0.09657458
v 0.07856228 -0.60532067 -0.08391208
v 0.07248628 -0.60532067 -0.07073224
v 0.06746310 -0.60532067 -0.05711631
v 0.06352370 -0.60532067 -0.04314823
v 0.06069236 -0.60532067 -0.02891413
v 0.05898654 -0.60532067 -0.01450177
v 0.08199396 -0.55821298 0.00000000
v 0.08255493 -0.55821298 0.01427768
v 0.08423439 -0.55821298 0.02846734
v 0.08702197 -0.55821298 0.04248149
v 0.09090050 -0.55821298 0.05623372
v 0.09584607 -0.55821298 0.06963925
v 0.10182817 -0.55821298 0.08261544
v 0.10880993 -0.55821298 0.09508227
v 0.11674831 -0.55821298 0.10696289
v 0.12559435 -0.55821298 0.11818405
v 0.13529353 -0.55821298 0.12867656
v 0.14578605 -0.55821298 0.13837574
v 0.15700721 -0.55821298 0.14722179
v 0.16888782 -0.55821298 0.15516016
v 0.18135466 -0.55821298 0.16214193
v 0.19433084 -0.55821298 0.16812403
v 0.20773638 -0.55821298 0.17306959
v 0.22148861 -0.55821298 0.17694812
v 0.23550276 -0.55821298 0.17973571
v 0.24969241 -0.55821298 0.18141517
v 0.26397010 -0.55821298 0.18197614
v 0.27824778 -0.55821298 0.18141517
v 0.29243744 -0.55821298 0.17973571
v 0.30645158 -0.55821298 0.17694812
v 0.32020381 -0.55821298 0.17306959
v 0.33360935 -0.55821298 0.16812403
v 0.34658553 -0.55821298 0.16214193
v 0.35905237 -0.55821298 0.15516016
v 0.37093299 -0.55821298 0.14722179
v 0.38215414 -0.55821298 0.13837574
v 0.39264666 -0.55821298 0.12867656
v 0.40234584 -0.55821298 0.11818405
v 0.41119188 -0.55821298 0.10696289
v 0.41913026 -0.55821298 0.09508227
v 0.42611202 -0.55821298 0.08261544
v 0.43209412 -0.55821298 0.06963925
v 0.43703969 -0.55821298 0.05623372
v 0.44091822 -0.55821298 0.04248149
v 0.44370580 -0.55821298 0.02846734
v 0.44538526 -0.55821298 0.01427768
v 0.44594623 -0.55821298 0.00000000
v 0.44538526 -0.55821298 -0.01427768
v 0.44370580 -0.55821298 -0.02846734
v 0.44091822 -0.55821298 -0.04248149
v 0.43703969 -0.55821298 -0.05623372
v 0.43209412 -0.55821298 -0.06963925
v 0.42611202 -0.55821298 -0.08261544
v 0.41913026 -0.55821298 -0.09508227
v 0.41119188 -0.55821298 -0.10696289
v 0.40234584 -0.55821298 -0.11818405
v 0.39264666 -0.55821298 -0.12867656
v 0.38215414 -0.55821298 -0.13837574
v 0.37093299 -0.55821298 -0.14722179
v 0.35905237 -0.55821298 -0.15516016
v 0.34658553 -0.55821298 -0.16214193
v 0.33360935 -0.55821298 -0.16812403
v 0.32020381 -0.55821298 -0.17306959
v 0.30645158 -0.55821298 -0.17694812
v 0.29243744 -0.55821298 -0.17973571
v 0.27824778 -0.55821298 -0.18141517
v 0.26397010 -0.55821298 -0.18197614
v 0.24969241 -0.55821298 -0.18141517
v 0.23550276 -0.55821298 -0.17973571
v 0.22148861 -0.55821298 -0.17694812
v 0.20773638 -0.55821298 -0.17306959
v 0.19433084 -0.55821298 -0.16812403
v 0.18135466 -0.55821298 -0.16214193
v 0.16888782 -0.55821298 -0.15516016
v 0.15700721 -0.55821298 -0.14722179
v 0.14578605 -0.55821298 -0.13837574
v 0.13529353 -0.55821298 -0.12867656
v 0.12559435 -0.55821298 -0.11818405
v 0.11674831 -0.55821298 -0.10696289
v 0.10880993 -0.55821298 -0.09508227
v 0.10182817 -0.55821298 -0.08261544
v 0.09584607 -0.55821298 -0.06963925
v 0.09090050 -0.55821298 -0.05623372
v 0.08702197 -0.55821298 -0.04248149
v 0.08423439 -0.55821298 -0.02846734
v 0.08255493 -0.55821298 -0.01427768
v 0.10580966 -0.51024458 0.00000000
v 0.10636255 -0.51024458 0.01407191
v 0.10801780 -0.51024458 0.02805705
v 0.11076521 -0.51024458 0.04186922
v 0.11458784 -0.51024458 0.05542325
v 0.11946213 -0.51024458 0.06863558
v 0.12535801 -0.51024458 0.08142474
v 0.13223915 -0.51024458 0.09371190
v 0.14006311 -0.51024458 0.10542129
v 0.14878167 -0.51024458 0.11648072
v 0.15834106 -0.51024458 0.12682201
v 0.16868235 -0.51024458 0.13638140
v 0.17974178 -0.51024458 0.14509996
v 0.19145117 -0.51024458 0.15292392
v 0.20373833 -0.51024458 0.15980506
v 0.21652749 -0.51024458 0.16570095
v 0.22973982 -0.51024458 0.17057523
v 0.24329385 -0.51024458 0.17439786
v 0.25710602 -0.51024458 0.17714527
v 0.27109116 -0.51024458 0.17880052
v 0.28516307 -0.51024458 0.17935341
v 0.29923498 -0.51024458 0.17880052
v 0.31322013 -0.51024458 0.17714527
v 0.32703229 -0.51024458 0.17439786
v 0.34058632 -0.51024458 0.17057523
v 0.35379865 -0.51024458 0.16570095
v 0.36658782 -0.51024458 0.15980506
v 0.37887497 -0.51024458 0.15292392
v 0.39058436 -0.51024458 0.14509996
v 0.40164379 -0.51024458 0.13638140
v 0.41198508 -0.51024458 0.12682201
v 0.42154447 -0.51024458 0.11648072
v 0.43026303 -0.51024458 0.10542129
v 0.43808699 -0.51024458 0.09371190
v 0.44496813 -0.51024458 0.08142474
v 0.45086402 -0.51024458 0.06863558
v 0.45573830 -0.51024458 0.05542325
v 0.45956093 -0.51024458 0.04186922
v 0.46230834 -0.51024458 0.02805705
v 0.46396360 -0.51024458 0.01407191
v 0.46451648 -0.51024458 0.00000000
v 0.46396360 -0.51024458 -0.01407191
v 0.46230834 -0.51024458 -0.02805705
v 0.45956093 -0.51024458 -0.04186922
v 0.45573830 -0.51024458 -0.05542325
v 0.45086402 -0.51024458 -0.06863558
v 0.44496813 -0.51024458 -0.08142474
v 0.43808699 -0.51024458 -0.09371190
v 0.43026303 -0.51024458 -0.10542129
v 0.42154447 -0.51024458 -0.11648072
v 0.41198508 -0.51024458 -0.12682201
v 0.40164379 -0.51024458 -0.13638140
v 0.39058436 -0.51024458 -0.14509996
v 0.37887497 -0.51024458 -0.15292392
v 0.36658782 -0.51024458 -0.15980506
v 0.35379865 -0.51024458 -0.16570095
v 0.34058632 -0.51024458 -0.17057523
v 0.32703229 -0.51024458 -0.17439786
v 0.31322013 -0.51024458 -0.17714527
v 0.29923498 -0.51024458 -0.17880052
v 0.28516307 -0.51024458 -0.17935341
v 0.27109116 -0.51024458 -0.17880052
v 0.25710602 -0.51024458 -0.17714527
v 0.24329385 -0.51024458 -0.17439786
v 0.22973982 -0.51024458 -0.17057523
v 0.21652749 -0.51024458 -0.16570095
v 0.20373833 -0.51024458 -0.15980506
v 0.19145117 -0.51024458 -0.15292392
v 0.17974178 -0.51024458 -0.14509996
v 0.16868235 -0.51024458 -0.13638140
v 0.15834106 -0.51024458 -0.12682201
v 0.14878167 -0.51024458 -0.11648072
v 0.14006311 -0.51024458 -0.10542129
v 0.13223915 -0.51024458 -0.09371190
v 0.12535801 -0.51024458 -0.08142474
v 0.11946213 -0.51024458 -0.06863558
v 0.11458784 -0.51024458 -0.05542325
v 0.11076521 -0.51024458 -0.04186922
v 0.10801780 -0.51024458 -0.02805705
v 0.10636255 -0.51024458 -0.01407191
v 0.12976555 -0.46148941 0.00000000
v 0.13031108 -0.46148941 0.01388476
v 0.13194432 -0.46148941 0.02768391
v 0.13465519 -0.46148941 0.04131238
v 0.13842698 -0.46148941 0.05468615
v 0.14323644 -0.46148941 0.06772276
v 0.14905391 -0.46148941 0.08034184
v 0.15584354 -0.46148941 0.09246558
v 0.16356345 -0.46148941 0.10401925
v 0.17216605 -0.46148941 0.11493159
v 0.18159830 -0.46148941 0.12513535
v 0.19180206 -0.46148941 0.13456761
v 0.20271441 -0.46148941 0.14317021
v 0.21426807 -0.46148941 0.15089012
v 0.22639181 -0.46148941 0.15767974
v 0.23901089 -0.46148941 0.16349722
v 0.25204750 -0.46148941 0.16830667
v 0.26542127 -0.46148941 0.17207847
v 0.27904974 -0.46148941 0.17478934
v 0.29284890 -0.46148941 0.17642258
v 0.30673366 -0.46148941 0.17696811
v 0.32061841 -0.46148941 0.17642258
v 0.33441757 -0.46148941 0.17478934
v 0.34804604 -0.46148941 0.17207847
v 0.36141981 -0.46148941 0.16830667
v 0.37445642 -0.46148941 0.16349722
v 0.38707550 -0.46148941 0.15767974
v 0.39919924 -0.46148941 0.15089012
v 0.41075290 -0.46148941 0.14317021
v 0.42166525 -0.46148941 0.13456761
v 0.43186901 -0.46148941 0.12513535
v 0.44130126 -0.46148941 0.11493159
v 0.44990386 -0.46148941 0.10401925
v 0.45762377 -0.46148941 0.09246558
v 0.46441340 -0.46148941 0.08034184
v 0.47023087 -0.46148941 0.06772276
v 0.47504033 -0.46148941 0.05468615
v 0.47881212 -0.46148941 0.04131238
v 0.48152300 -0.46148941 0.02768391
v 0.48315623 -0.46148941 0.01388476
v 0.48370177 -0.46148941 0.00000000
v 0.48315623 -0.46148941 -0.01388476
v 0.48152300 -0.46148941 -0.02768391
v 0.47881212 -0.46148941 -0.04131238
v 0.47504033 -0.46148941 -0.05468615
v 0.47023087 -0.46148941 -0.06772276
v 0.46441340 -0.46148941 -0.08034184
v 0.45762377 -0.46148941 -0.09246558
v 0.44990386 -0.46148941 -0.10401925
v 0.44130126 -0.46148941 -0.11493159
v 0.43186901 -0.46148941 -0.12513535
v 0.42166525 -0.46148941 -0.13456761
v 0.41075290 -0.46148941 -0.14317021
v 0.39919924 -0.46148941 -0.15089012
v 0.38707550 -0.46148941 -0.15767974
v 0.37445642 -0.46148941 -0.16349722
v 0.36141981 -0.46148941 -0.16830667
v 0.34804604 -0.46148941 -0.17207847
v 0.33441757 -0.46148941 -0.17478934
v 0.32061841 -0.46148941 -0.17642258
v 0.30673366 -0.46148941 -0.17696811
v 0.29284890 -0.46148941 -0.17642258
v 0.27904974 -0.46148941 -0.17478934
v 0.26542127 -0.46148941 -0.17207847
v 0.25204750 -0.46148941 -0.16830667
v 0.23901089 -0.46148941 -0.16349722
v 0.22639181 -0.46148941 -0.15767974
v 0.21426807 -0.46148941 -0.15089012
v 0.20271441 -0.46148941 -0.14317021
v 0.19180206 -0.46148941 -0.13456761
v 0.18159830 -0.46148941 -0.12513535
v 0.17216605 -0.46148941 -0.11493159
v 0.16356345 -0.46148941 -0.10401925
v 0.15584354 -0.46148941 -0.09246558
v 0.14905391 -0.46148941 -0.08034184
v 0.14323644 -0.46148941 -0.06772276
v 0.13842698 -0.46148941 -0.05468615
v 0.13465519 -0.46148941 -0.04131238
v 0.13194432 -0.46148941 -0.02768391
v 0.13031108 -0.46148941 -0.01388476
v 0.15375803 -0.41202266 0.00000000
v 0.15429695 -0.41202266 0.01371653
v 0.15591040 -0.41202266 0.02734849
v 0.15858843 -0.41202266 0.04081183
v 0.16231452 -0.41202266 0.05402356
v 0.16706571 -0.41202266 0.06690222
v 0.17281270 -0.41202266 0.07936840
v 0.17952005 -0.41202266 0.09134524
v 0.18714643 -0.41202266 0.10275892
v 0.19564480 -0.41202266 0.11353905
v 0.20496277 -0.41202266 0.12361918
v 0.21504290 -0.41202266 0.13293715
v 0.22582303 -0.41202266 0.14143552
v 0.23723670 -0.41202266 0.14906189
v 0.24921355 -0.41202266 0.15576925
v 0.26167973 -0.41202266 0.16151624
v 0.27455838 -0.41202266 0.16626742
v 0.28777011 -0.41202266 0.16999352
v 0.30123346 -0.41202266 0.17267154
v 0.31486542 -0.41202266 0.17428499
v 0.32858195 -0.41202266 0.17482391
v 0.34229847 -0.41202266 0.17428499
v 0.35593043 -0.41202266 0.17267154
v 0.36939378 -0.41202266 0.16999352
v 0.38260551 -0.41202266 0.16626742
v 0.39548416 -0.41202266 0.16151624
v 0.40795034 -0.41202266 0.15576925
v 0.41992719 -0.41202266 0.14906189
v 0.43134086 -0.41202266 0.14143552
v 0.44212099 -0.41202266 0.13293715
v 0.45220112 -0.41202266 0.12361918
v 0.46151909 -0.41202266 0.11353905
v 0.47001746 -0.41202266 0.10275892
v 0.47764384 -0.41202266 0.09134524
v 0.48435119 -0.41202266 0.07936840
v 0.49009818 -0.41202266 0.06690222
v 0.49484937 -0.41202266 0.05402356
v 0.49857546 -0.41202266 0.04081183
v 0.50125349 -0.41202266 0.02734849
v 0.50286694 -0.41202266 0.01371653
v 0.50340586 -0.41202266 0.00000000
v 0.50286694 -0.41202266 -0.01371653
v 0.50125349 -0.41202266 -0.02734849
v 0.49857546 -0.41202266 -0.04081183
v 0.49484937 -0.41202266 -0.05402356
v 0.49009818 -0.41202266 -0.06690222
v 0.48435119 -0.41202266 -0.07936840
v 0.47764384 -0.41202266 -0.09134524
v 0.47001746 -0.41202266 -0.10275892
v 0.46151909 -0.41202266 -0.11353905
v 0.45220112 -0.41202266 -0.12361918
v 0.44212099 -0.41202266 -0.13293715
v 0.43134086 -0.41202266 -0.14143552
v 0.41992719 -0.41202266 -0.14906189
v 0.40795034 -0.41202266 -0.15576925
v 0.39548416 -0.41202266 -0.16151624
v 0.38260551 -0.41202266 -0.16626742
v 0.36939378 -0.41202266 -0.16999352
v 0.35593043 -0.41202266 -0.17267154
v 0.34229847 -0.41202266 -0.17428499
v 0.32858195 -0.41202266 -0.17482391
v 0.31486542 -0.41202266 -0.17428499
v 0.30123346 -0.41202266 -0.17267154
v 0.28777011 -0.41202266 -0.16999352
v 0.27455838 -0.41202266 -0.16626742
v 0.26167973 -0.41202266 -0.16151624
v 0.24921355 -0.41202266 -0.15576925
v 0.23723670 -0.41202266 -0.14906189
v 0.22582303 -0.41202266 -0.14143552
v 0.21504290 -0.41202266 -0.13293715
v 0.20496277 -0.41202266 -0.12361918
v 0.19564480 -0.41202266 -0.11353905
v 0.18714643 -0.41202266 -0.10275892
v 0.17952005 -0.41202266 -0.09134524
v 0.17281270 -0.41202266 -0.07936840
v 0.16706571 -0.41202266 -0.06690222
v 0.16231452 -0.41202266 -0.05402356
v 0.15858843 -0.41202266 -0.04081183
v 0.15591040 -0.41202266 -0.02734849
v 0.15429695 -0.41202266 -0.01371653
v 0.17767885 -0.36192060 0.00000000
v 0.17821192 -0.36192060 0.01356747
v 0.17980783 -0.36192060 0.02705129
v 0.18245676 -0.36192060 0.04036834
v 0.18614236 -0.36192060 0.05343649
v 0.19084192 -0.36192060 0.06617520
v 0.19652645 -0.36192060 0.07850591
v 0.20316092 -0.36192060 0.09035261
v 0.21070442 -0.36192060 0.10164225
v 0.21911044 -0.36192060 0.11230524
v 0.22832715 -0.36192060 0.12227582
v 0.23829774 -0.36192060 0.13149254
v 0.24896073 -0.36192060 0.13989856
v 0.26025037 -0.36192060 0.14744206
v 0.27209707 -0.36192060 0.15407653
v 0.28442778 -0.36192060 0.15976106
v 0.29716648 -0.36192060 0.16446062
v 0.31023464 -0.36192060 0.16814622
v 0.32355168 -0.36192060 0.17079514
v 0.33703551 -0.36192060 0.17239106
v 0.35060298 -0.36192060 0.17292413
v 0.36417045 -0.36192060 0.17239106
v 0.37765427 -0.36192060 0.17079514
v 0.39097131 -0.36192060 0.16814622
v 0.40403947 -0.36192060 0.16446062
v 0.41677818 -0.36192060 0.15976106
v 0.42910889 -0.36192060 0.15407653
v 0.44095559 -0.36192060 0.14744206
v 0.45224523 -0.36192060 0.13989856
v 0.46290821 -0.36192060 0.13149254
v 0.47287880 -0.36192060 0.12227582
v 0.48209552 -0.36192060 0.11230524
v 0.49050153 -0.36192060 0.10164225
v 0.49804503 -0.36192060 0.09035261
v 0.50467950 -0.36192060 0.07850591
v 0.51036404 -0.36192060 0.06617520
v 0.51506360 -0.36192060 0.05343649
v 0.51874920 -0.36192060 0.04036834
v 0.52139812 -0.36192060 0.02705129
v 0.52299404 -0.36192060 0.01356747
v 0.52352710 -0.36192060 0.00000000
v 0.52299404 -0.36192060 -0.01356747
v 0.52139812 -0.36192060 -0.02705129
v 0.51874920 -0.36192060 -0.04036834
v 0.51506360 -0.36192060 -0.05343649
v 0.51036404 -0.36192060 -0.06617520
v 0.50467950 -0.36192060 -0.07850591
v 0.49804503 -0.36192060 -0.09035261
v 0.49050153 -0.36192060 -0.10164225
v 0.48209552 -0.36192060 -0.11230524
v 0.47287880 -0.36192060 -0.12227582
v 0.46290821 -0.36192060 -0.13149254
v 0.45224523 -0.36192060 -0.13989856
v 0.44095559 -0.36192060 -0.14744206
v 0.42910889 -0.36192060 -0.15407653
v 0.41677818 -0.36192060 -0.15976106
v 0.40403947 -0.36192060 -0.16446062
v 0.39097131 -0.36192060 -0.16814622
v 0.37765427 -0.36192060 -0.17079514
v 0.36417045 -0.36192060 -0.17239106
v 0.35060298 -0.36192060 -0.17292413
v 0.33703551 -0.36192060 -0.17239106
v 0.32355168 -0.36192060 -0.17079514
v 0.31023464 -0.36192060 -0.16814622
v 0.29716648 -0.36192060 -0.16446062
v 0.28442778 -0.36192060 -0.15976106
v 0.27209707 -0.36192060 -0.15407653
v 0.26025037 -0.36192060 -0.14744206
v 0.24896073 -0.36192060 -0.13989856
v 0.23829774 -0.36192060 -0.13149254
v 0.22832715 -0.36192060 -0.12227582
v 0.21911044 -0.36192060 -0.11230524
v 0.21070442 -0.36192060 -0.10164225
v 0.20316092 -0.36192060 -0.09035261
v 0.19652645 -0.36192060 -0.07850591
v 0.19084192 -0.36192060 -0.06617520
v 0.18614236 -0.36192060 -0.05343649
v 0.18245676 -0.36192060 -0.04036834
v 0.17980783 -0.36192060 -0.02705129
v 0.17821192 -0.36192060 -0.01356747
v 0.20141566 -0.31126049 0.00000000
v 0.20194363 -0.31126049 0.01343782
v 0.20352429 -0.31126049 0.02679279
v 0.20614791 -0.31126049 0.03998258
v 0.20979829 -0.31126049 0.05292586
v 0.21445294 -0.31126049 0.06554283
v 0.22008315 -0.31126049 0.07775572
v 0.22665422 -0.31126049 0.08948921
v 0.23412564 -0.31126049 0.10067097
v 0.24245133 -0.31126049 0.11123206
v 0.25157997 -0.31126049 0.12110737
v 0.26145528 -0.31126049 0.13023601
v 0.27201637 -0.31126049 0.13856170
v 0.28319813 -0.31126049 0.14603311
v 0.29493162 -0.31126049 0.15260418
v 0.30714450 -0.31126049 0.15823440
v 0.31976148 -0.31126049 0.16288905
v 0.33270476 -0.31126049 0.16653943
v 0.34589454 -0.31126049 0.16916304
v 0.35924951 -0.31126049 0.17074371
v 0.37268734 -0.31126049 0.17127168
v 0.38612516 -0.31126049 0.17074371
v 0.39948013 -0.31126049 0.16916304
v 0.41266991 -0.31126049 0.16653943
v 0.42561320 -0.31126049 0.16288905
v 0.43823017 -0.31126049 0.15823440
v 0.45044305 -0.31126049 0.15260418
v 0.46217654 -0.31126049 0.14603311
v 0.47335830 -0.31126049 0.13856170
v 0.48391939 -0.31126049 0.13023601
v 0.49379470 -0.31126049 0.12110737
v 0.50292334 -0.31126049 0.11123206
v 0.51124903 -0.31126049 0.10067097
v 0.51872045 -0.31126049 0.08948921
v 0.52529152 -0.31126049 0.07775572
v 0.53092173 -0.31126049 0.06554283
v 0.53557638 -0.31126049 0.05292586
v 0.53922677 -0.31126049 0.03998258
v 0.54185038 -0.31126049 0.02679279
v 0.54343104 -0.31126049 0.01343782
v 0.54395902 -0.31126049 0.00000000
v 0.54343104 -0.31126049 -0.01343782
v 0.54185038 -0.31126049 -0.02679279
v 0.53922677 -0.31126049 -0.03998258
v 0.53557638 -0.31126049 -0.05292586
v 0.53092173 -0.31126049 -0.06554283
v 0.52529152 -0.31126049 -0.07775572
v 0.51872045 -0.31126049 -0.08948921
v 0.51124903 -0.31126049 -0.10067097
v 0.50292334 -0.31126049 -0.11123206
v 0.49379470 -0.31126049 -0.12110737
v 0.48391939 -0.31126049 -0.13023601
v 0.47335830 -0.31126049 -0.13856170
v 0.46217654 -0.31126049 -0.14603311
v 0.45044305 -0.31126049 -0.15260418
v 0.43823017 -0.31126049 -0.15823440
v 0.42561320 -0.31126049 -0.16288905
v 0.41266991 -0.31126049 -0.16653943
v 0.39948013 -0.31126049 -0.16916304
v 0.38612516 -0.31126049 -0.17074371
v 0.37268734 -0.31126049 -0.17127168
v 0.35924951 -0.31126049 -0.17074371
v 0.34589454 -0.31126049 -0.16916304
v 0.33270476 -0.31126049 -0.16653943
v 0.31976148 -0.31126049 -0.16288905
v 0.30714450 -0.31126049 -0.15823440
v 0.29493162 -0.31126049 -0.15260418
v 0.28319813 -0.31126049 -0.14603311
v 0.27201637 -0.31126049 -0.13856170
v 0.26145528 -0.31126049 -0.13023601
v 0.25157997 -0.31126049 -0.12110737
v 0.24245133 -0.31126049 -0.11123206
v 0.23412564 -0.31126049 -0.10067097
v 0.22665422 -0.31126049 -0.08948921
v 0.22008315 -0.31126049 -0.07775572
v 0.21445294 -0.31126049 -0.06554283
v 0.20979829 -0.31126049 -0.05292586
v 0.20614791 -0.31126049 -0.03998258
v 0.20352429 -0.31126049 -0.02679279
v 0.20194363 -0.31126049 -0.01343782
v 0.22485266 -0.26012043 0.00000000
v 0.22537631 -0.26012043 0.01332778
v 0.22694403 -0.26012043 0.02657338
v 0.22954616 -0.26012043 0.03965516
v 0.23316665 -0.26012043 0.05249244
v 0.23778318 -0.26012043 0.06500610
v 0.24336729 -0.26012043 0.07711897
v 0.24988455 -0.26012043 0.08875637
v 0.25729478 -0.26012043 0.09984656
v 0.26555229 -0.26012043 0.11032117
v 0.27460618 -0.26012043 0.12011561
v 0.28440061 -0.26012043 0.12916949
v 0.29487522 -0.26012043 0.13742700
v 0.30596541 -0.26012043 0.14483723
v 0.31760282 -0.26012043 0.15135449
v 0.32971568 -0.26012043 0.15693860
v 0.34222934 -0.26012043 0.16155513
v 0.35506662 -0.26012043 0.16517562
v 0.36814840 -0.26012043 0.16777775
v 0.38139400 -0.26012043 0.16934547
v 0.39472178 -0.26012043 0.16986912
v 0.40804956 -0.26012043 0.16934547
v 0.42129517 -0.26012043 0.16777775
v 0.43437694 -0.26012043 0.16517562
v 0.44721423 -0.26012043 0.16155513
v 0.45972788 -0.26012043 0.15693860
v 0.47184075 -0.26012043 0.15135449
v 0.48347815 -0.26012043 0.14483723
v 0.49456835 -0.26012043 0.13742700
v 0.50504295 -0.26012043 0.12916949
v 0.51483739 -0.26012043 0.12011561
v 0.52389127 -0.26012043 0.11032117
v 0.53214879 -0.26012043 0.09984656
v 0.53955902 -0.26012043 0.08875637
v 0.54607628 -0.26012043 0.07711897
v 0.55166039 -0.26012043 0.06500610
v 0.55627692 -0.26012043 0.05249244
v 0.55989740 -0.26012043 0.03965516
v 0.56249953 -0.26012043 0.02657338
v 0.56406725 -0.26012043 0.01332778
v 0.56459090 -0.26012043 0.00000000
v 0.56406725 -0.26012043 -0.01332778
v 0.56249953 -0.26012043 -0.02657338
v 0.55989740 -0.26012043 -0.03965516
v 0.55627692 -0.26012043 -0.05249244
v 0.55166039 -0.26012043 -0.06500610
v 0.54607628 -0.26012043 -0.07711897
v 0.53955902 -0.26012043 -0.08875637
v 0.53214879 -0.26012043 -0.09984656
v 0.52389127 -0.26012043 -0.11032117
v 0.51483739 -0.26012043 -0.12011561
v 0.50504295 -0.26012043 -0.12916949
v 0.49456835 -0.26012043 -0.13742700
v 0.48347815 -0.26012043 -0.14483723
v 0.47184075 -0.26012043 -0.15135449
v 0.45972788 -0.26012043 -0.15693860
v 0.44721423 -0.26012043 -0.16155513
v 0.43437694 -0.26012043 -0.16517562
v 0.42129517 -0.26012043 -0.16777775
v 0.40804956 -0.26012043 -0.16934547
v 0.39472178 -0.26012043 -0.16986912
v 0.38139400 -0.26012043 -0.16934547
v 0.36814840 -0.26012043 -0.16777775
v 0.35506662 -0.26012043 -0.16517562
v 0.34222934 -0.26012043 -0.16155513
v 0.32971568 -0.26012043 -0.15693860
v 0.31760282 -0.26012043 -0.15135449
v 0.30596541 -0.26012043 -0.14483723
v 0.29487522 -0.26012043 -0.13742700
v 0.28440061 -0.26012043 -0.12916949
v 0.27460618 -0.26012043 -0.12011561
v 0.26555229 -0.26012043 -0.11032117
v 0.25729478 -0.26012043 -0.09984656
v 0.24988455 -0.26012043 -0.08875637
v 0.24336729 -0.26012043 -0.07711897
v 0.23778318 -0.26012043 -0.06500610
v 0.23316665 -0.26012043 -0.05249244
v 0.22954616 -0.26012043 -0.03965516
v 0.22694403 -0.26012043 -0.02657338
v 0.22537631 -0.26012043 -0.01332778
v 0.24787131 -0.20857929 0.00000000
v 0.24839141 -0.20857929 0.01323751
v 0.24994852 -0.20857929 0.02639341
v 0.25253302 -0.20857929 0.03938658
v 0.25612899 -0.20857929 0.05213692
v 0.26071425 -0.20857929 0.06456582
v 0.26626054 -0.20857929 0.07659665
v 0.27273366 -0.20857929 0.08815523
v 0.28009370 -0.20857929 0.09917031
v 0.28829528 -0.20857929 0.10957397
v 0.29728785 -0.20857929 0.11930207
v 0.30701595 -0.20857929 0.12829464
v 0.31741961 -0.20857929 0.13649622
v 0.32843469 -0.20857929 0.14385626
v 0.33999328 -0.20857929 0.15032938
v 0.35202410 -0.20857929 0.15587567
v 0.36445300 -0.20857929 0.16046093
v 0.37720334 -0.20857929 0.16405690
v 0.39019652 -0.20857929 0.16664140
v 0.40335241 -0.20857929 0.16819851
v 0.41658992 -0.20857929 0.16871861
v 0.42982743 -0.20857929 0.16819851
v 0.44298333 -0.20857929 0.16664140
v 0.45597650 -0.20857929 0.16405690
v 0.46872684 -0.20857929 0.16046093
v 0.48115574 -0.20857929 0.15587567
v 0.49318657 -0.20857929 0.15032938
v 0.50474515 -0.20857929 0.14385626
v 0.51576023 -0.20857929 0.13649622
v 0.52616389 -0.20857929 0.12829464
v 0.53589199 -0.20857929 0.11930207
v 0.54488456 -0.20857929 0.10957397
v 0.55308614 -0.20857929 0.09917031
v 0.56044618 -0.20857929 0.08815523
v 0.56691930 -0.20857929 0.07659665
v 0.57246559 -0.20857929 0.06456582
v 0.57705086 -0.20857929 0.05213692
v 0.58064682 -0.20857929 0.03938658
v 0.58323133 -0.20857929 0.02639341
v 0.58478843 -0.20857929 0.01323751
v 0.58530853 -0.20857929 0.00000000
v 0.58478843 -0.20857929 -0.01323751
v 0.58323133 -0.20857929 -0.02639341
v 0.58064682 -0.20857929 -0.03938658
v 0.57705086 -0.20857929 -0.05213692
v 0.57246559 -0.20857929 -0.06456582
v 0.56691930 -0.20857929 -0.07659665
v 0.56044618 -0.20857929 -0.08815523
v 0.55308614 -0.20857929 -0.09917031
v 0.54488456 -0.20857929 -0.10957397
v 0.53589199 -0.20857929 -0.11930207
v 0.52616389 -0.20857929 -0.12829464
v 0.51576023 -0.20857929 -0.13649622
v 0.50474515 -0.20857929 -0.14385626
v 0.49318657 -0.20857929 -0.15032938
v 0.48115574 -0.20857929 -0.15587567
v 0.46872684 -0.20857929 -0.16046093
v 0.45597650 -0.20857929 -0.16405690
v 0.44298333 -0.20857929 -0.16664140
v 0.42982743 -0.20857929 -0.16819851
v 0.41658992 -0.20857929 -0.16871861
v 0.40335241 -0.20857929 -0.16819851
v 0.39019652 -0.20857929 -0.16664140
v 0.37720334 -0.20857929 -0.16405690
v 0.36445300 -0.20857929 -0.16046093
v 0.35202410 -0.20857929 -0.15587567
v 0.33999328 -0.20857929 -0.15032938
v 0.32843469 -0.20857929 -0.14385626
v 0.31741961 -0.20857929 -0.13649622
v 0.30701595 -0.20857929 -0.12829464
v 0.29728785 -0.20857929 -0.11930207
v 0.28829528 -0.20857929 -0.10957397
v 0.28009370 -0.20857929 -0.09917031
v 0.27273366 -0.20857929 -0.08815523
v 0.26626054 -0.20857929 -0.07659665
v 0.26071425 -0.20857929 -0.06456582
v 0.25612899 -0.20857929 -0.05213692
v 0.25253302 -0.20857929 -0.03938658
v 0.24994852 -0.20857929 -0.02639341
v 0.24839141 -0.20857929 -0.01323751
v 0.27035096 -0.15671653 0.00000000
v 0.27086830 -0.15671653 0.01316716
v 0.27241713 -0.15671653 0.02625313
v 0.27498790 -0.15671653 0.03917725
v 0.27856475 -0.15671653 0.05185983
v 0.28312565 -0.15671653 0.06422267
v 0.28864246 -0.15671653 0.07618956
v 0.29508117 -0.15671653 0.08768671
v 0.30240210 -0.15671653 0.09864325
v 0.31056010 -0.15671653 0.10899162
v 0.31950487 -0.15671653 0.11866802
v 0.32918127 -0.15671653 0.12761279
v 0.33952964 -0.15671653 0.13577079
v 0.35048617 -0.15671653 0.14309171
v 0.36198333 -0.15671653 0.14953043
v 0.37395022 -0.15671653 0.15504724
v 0.38631306 -0.15671653 0.15960813
v 0.39899564 -0.15671653 0.16318499
v 0.41191975 -0.15671653 0.16575576
v 0.42500573 -0.15671653 0.16730458
v 0.43817289 -0.15671653 0.16782192
v 0.45134004 -0.15671653 0.16730458
v 0.46442602 -0.15671653 0.16575576
v 0.47735014 -0.15671653 0.16318499
v 0.49003271 -0.15671653 0.15960813
v 0.50239556 -0.15671653 0.15504724
v 0.51436245 -0.15671653 0.14953043
v 0.52585960 -0.15671653 0.14309171
v 0.53681614 -0.15671653 0.13577079
v 0.54716451 -0.15671653 0.12761279
v 0.55684091 -0.15671653 0.11866802
v 0.56578568 -0.15671653 0.10899162
v 0.57394368 -0.15671653 0.09864325
v 0.58126460 -0.15671653 0.08768671
v 0.58770332 -0.15671653 0.07618956
v 0.59322013 -0.15671653 0.06422267
v 0.59778102 -0.15671653 0.05185983
v 0.60135788 -0.15671653 0.03917725
v 0.60392864 -0.15671653 0.02625313
v 0.60547747 -0.15671653 0.01316716
v 0.60599481 -0.15671653 0.00000000
v 0.60547747 -0.15671653 -0.01316716
v 0.60392864 -0.15671653 -0.02625313
v 0.60135788 -0.15671653 -0.03917725
v 0.59778102 -0.15671653 -0.05185983
v 0.59322013 -0.15671653 -0.06422267
v 0.58770332 -0.15671653 -0.07618956
v 0.58126460 -0.15671653 -0.08768671
v 0.57394368 -0.15671653 -0.09864325
v 0.56578568 -0.15671653 -0.10899162
v 0.55684091 -0.15671653 -0.11866802
v 0.54716451 -0.15671653 -0.12761279
v 0.53681614 -0.15671653 -0.13577079
v 0.52585960 -0.15671653 -0.14309171
v 0.51436245 -0.15671653 -0.14953043
v 0.50239556 -0.15671653 -0.15504724
v 0.49003271 -0.15671653 -0.15960813
v 0.47735014 -0.15671653 -0.16318499
v 0.46442602 -0.15671653 -0.16575576
v 0.45134004 -0.15671653 -0.16730458
v 0.43817289 -0.15671653 -0.16782192
v 0.42500573 -0.15671653 -0.16730458
v 0.41191975 -0.15671653 -0.16575576
v 0.39899564 -0.15671653 -0.16318499
v 0.38631306 -0.15671653 -0.15960813
v 0.37395022 -0.15671653 -0.15504724
v 0.36198333 -0.15671653 -0.14953043
v 0.35048617 -0.15671653 -0.14309171
v 0.33952964 -0.15671653 -0.13577079
v 0.32918127 -0.15671653 -0.12761279
v 0.31950487 -0.15671653 -0.11866802
v 0.31056010 -0.15671653 -0.10899162
v 0.30240210 -0.15671653 -0.09864325
v 0.29508117 -0.15671653 -0.08768671
v 0.28864246 -0.15671653 -0.07618956
v 0.28312565 -0.15671653 -0.06422267
v 0.27856475 -0.15671653 -0.05185983
v 0.27498790 -0.15671653 -0.03917725
v 0.27241713 -0.15671653 -0.02625313
v 0.27086830 -0.15671653 -0.01316716
v 0.29216961 -0.10461213 0.00000000
v 0.29268497 -0.10461213 0.01311683
v 0.29422787 -0.10461213 0.02615278
v 0.29678882 -0.10461213 0.03902750
v 0.30035200 -0.10461213 0.05166160
v 0.30489546 -0.10461213 0.06397719
v 0.31039118 -0.10461213 0.07589833
v 0.31680529 -0.10461213 0.08735154
v 0.32409823 -0.10461213 0.09826620
v 0.33222504 -0.10461213 0.10857501
v 0.34113562 -0.10461213 0.11821443
v 0.35077504 -0.10461213 0.12712501
v 0.36108385 -0.10461213 0.13525182
v 0.37199851 -0.10461213 0.14254476
v 0.38345172 -0.10461213 0.14895887
v 0.39537286 -0.10461213 0.15445459
v 0.40768845 -0.10461213 0.15899805
v 0.42032255 -0.10461213 0.16256124
v 0.43319727 -0.10461213 0.16512218
v 0.44623322 -0.10461213 0.16666508
v 0.45935005 -0.10461213 0.16718044
v 0.47246688 -0.10461213 0.16666508
v 0.48550283 -0.10461213 0.16512218
v 0.49837755 -0.10461213 0.16256124
v 0.51101165 -0.10461213 0.15899805
v 0.52332724 -0.10461213 0.15445459
v 0.53524838 -0.10461213 0.14895887
v 0.54670159 -0.10461213 0.14254476
v 0.55761625 -0.10461213 0.13525182
v 0.56792506 -0.10461213 0.12712501
v 0.57756448 -0.10461213 0.11821443
v 0.58647506 -0.10461213 0.10857501
v 0.59460187 -0.10461213 0.09826620
v 0.60189481 -0.10461213 0.08735154
v 0.60830892 -0.10461213 0.07589833
v 0.61380464 -0.10461213 0.06397719
v 0.61834810 -0.10461213 0.05166160
v 0.62191129 -0.10461213 0.03902750
v 0.62447223 -0.10461213 0.02615278
v 0.62601513 -0.10461213 0.01311683
v 0.62653049 -0.10461213 0.00000000
v 0.62601513 -0.10461213 -0.01311683
v 0.62447223 -0.10461213 -0.02615278
v 0.62191129 -0.10461213 -0.03902750
v 0.61834810 -0.10461213 -0.05166160
v 0.61380464 -0.10461213 -0.06397719
v 0.60830892 -0.10461213 -0.07589833
v 0.60189481 -0.10461213 -0.08735154
v 0.59460187 -0.10461213 -0.09826620
v 0.58647506 -0.10461213 -0.10857501
v 0.57756448 -0.10461213 -0.11821443
v 0.56792506 -0.10461213 -0.12712501
v 0.55761625 -0.10461213 -0.13525182
v 0.54670159 -0.10461213 -0.14254476
v 0.53524838 -0.10461213 -0.14895887
v 0.52332724 -0.10461213 -0.15445459
v 0.51101165 -0.10461213 -0.15899805
v 0.49837755 -0.10461213 -0.16256124
v 0.48550283 -0.10461213 -0.16512218
v 0.47246688 -0.10461213 -0.16666508
v 0.45935005 -0.10461213 -0.16718044
v 0.44623322 -0.10461213 -0.16666508
v 0.43319727 -0.10461213 -0.16512218
v 0.42032255 -0.10461213 -0.16256124
v 0.40768845 -0.10461213 -0.15899805
v 0.39537286 -0.10461213 -0.15445459
v 0.38345172 -0.10461213 -0.14895887
v 0.37199851 -0.10461213 -0.14254476
v 0.36108385 -0.10461213 -0.13525182
v 0.35077504 -0.10461213 -0.12712501
v 0.34113562 -0.10461213 -0.11821443
v 0.33222504 -0.10461213 -0.10857501
v 0.32409823 -0.10461213 -0.09826620
v 0.31680529 -0.10461213 -0.08735154
v 0.31039118 -0.10461213 -0.07589833
v 0.30489546 -0.10461213 -0.06397719
v 0.30035200 -0.10461213 -0.05166160
v 0.29678882 -0.10461213 -0.03902750
v 0.29422787 -0.10461213 -0.02615278
v 0.29268497 -0.10461213 -0.01311683
v 0.31320458 -0.05234642 0.00000000
v 0.31371876 -0.05234642 0.01308660
v 0.31525811 -0.05234642 0.02609251
v 0.31781315 -0.05234642 0.03893756
v 0.32136812 -0.05234642 0.05154254
v 0.32590111 -0.05234642 0.06382974
v 0.33138417 -0.05234642 0.07572342
v 0.33778349 -0.05234642 0.08715023
v 0.34505962 -0.05234642 0.09803974
v 0.35316771 -0.05234642 0.10832479
v 0.36205776 -0.05234642 0.11794199
v 0.37167495 -0.05234642 0.12683204
v 0.38196001 -0.05234642 0.13494012
v 0.39284951 -0.05234642 0.14221625
v 0.40427633 -0.05234642 0.14861558
v 0.41617000 -0.05234642 0.15409864
v 0.42845720 -0.05234642 0.15863162
v 0.44106219 -0.05234642 0.16218660
v 0.45390723 -0.05234642 0.16474164
v 0.46691315 -0.05234642 0.16628099
v 0.47999974 -0.05234642 0.16679516
v 0.49308634 -0.05234642 0.16628099
v 0.50609226 -0.05234642 0.16474164
v 0.51893730 -0.05234642 0.16218660
v 0.53154228 -0.05234642 0.15863162
v 0.54382949 -0.05234642 0.15409864
v 0.55572316 -0.05234642 0.14861558
v 0.56714998 -0.05234642 0.14221625
v 0.57803948 -0.05234642 0.13494012
v 0.58832454 -0.05234642 0.12683204
v 0.59794173 -0.05234642 0.11794199
v 0.60683178 -0.05234642 0.10832479
v 0.61493986 -0.05234642 0.09803974
v 0.62221600 -0.05234642 0.08715023
v 0.62861532 -0.05234642 0.07572342
v 0.63409838 -0.05234642 0.06382974
v 0.63863137 -0.05234642 0.05154254
v 0.64218634 -0.05234642 0.03893756
v 0.64474138 -0.05234642 0.02609251
v 0.64628073 -0.05234642 0.01308660
v 0.64679490 -0.05234642 0.00000000
v 0.64628073 -0.05234642 -0.01308660
v 0.64474138 -0.05234642 -0.02609251
v 0.64218634 -0.05234642 -0.03893756
v 0.63863137 -0.05234642 -0.05154254
v 0.63409838 -0.05234642 -0.06382974
v 0.62861532 -0.05234642 -0.07572342
v 0.62221600 -0.05234642 -0.08715023
v 0.61493986 -0.05234642 -0.09803974
v 0.60683178 -0.05234642 -0.10832479
v 0.59794173 -0.05234642 -0.11794199
v 0.58832454 -0.05234642 -0.12683204
v 0.57803948 -0.05234642 -0.13494012
v 0.56714998 -0.05234642 -0.14221625
v 0.55572316 -0.05234642 -0.14861558
v 0.54382949 -0.05234642 -0.15409864
v 0.53154228 -0.05234642 -0.15863162
v 0.51893730 -0.05234642 -0.16218660
v 0.50609226 -0.05234642 -0.16474164
v 0.49308634 -0.05234642 -0.16628099
v 0.47999974 -0.05234642 -0.16679516
v 0.46691315 -0.05234642 -0.16628099
v 0.45390723 -0.05234642 -0.16474164
v 0.44106219 -0.05234642 -0.16218660
v 0.42845720 -0.05234642 -0.15863162
v 0.41617000 -0.05234642 -0.15409864
v 0.40427633 -0.05234642 -0.14861558
v 0.39284951 -0.05234642 -0.14221625
v 0.38196001 -0.05234642 -0.13494012
v 0.37167495 -0.05234642 -0.12683204
v 0.36205776 -0.05234642 -0.11794199
v 0.35316771 -0.05234642 -0.10832479
v 0.34505962 -0.05234642 -0.09803974
v 0.33778349 -0.05234642 -0.08715023
v 0.33138417 -0.05234642 -0.07572342
v 0.32590111 -0.05234642 -0.06382974
v 0.32136812 -0.05234642 -0.05154254
v 0.31781315 -0.05234642 -0.03893756
v 0.31525811 -0.05234642 -0.02609251
v 0.31371876 -0.05234642 -0.01308660
f 1 81 82 2
f 2 82 83 3
f 3 83 84 4
f 4 84 85 5
f 5 85 86 6
f 6 86 87 7
f 7 87 88 8
f 8 88 89 9
f 9 89 90 10
f 10 90 91 11
f 11 91 92 12
f 12 92 93 13
f 13 93 94 14
f 14 94 95 15
f 15 95 96 16
f 16 96 97 17
f 17 97 98 18
f 18 98 99 19
f 19 99 100 20
f 20 100 101 21
f 21 101 102 22
f 22 102 103 23
f 23 103 104 24
f 24 104 105 25
f 25 105 106 26
f 26 106 107 27
f 27 107 108 28
f 28 108 109 29
f 29 109 110 30
f 30 110 111 31
f 31 111 112 32
f 32 112 113 33
f 33 113 114 34
f 34 114 115 35
f 35 115 116 36
f 36 116 117 37
f 37 117 118 38
f 38 118 119 39
f 39 119 120 40
f 40 120 121 41
f 41 121 122 42
f 42 122 123 43
f 43 123 124 44
f 44 124 125 45
f 45 125 126 46
f 46 126 127 47
f 47 127 128 48
f 48 128 129 49
f 49 129 130 50
f 50 130 131 51
f 51 131 132 52
f 52 132 133 53
f 53 133 134 54
f 54 134 135 55
f 55 135 136 56
f 56 136 137 57
f 57 137 138 58
f 58 138 139 59
f 59 139 140 60
f 60 140 141 61
f 61 141 142 62
f 62 142 143 63
f 63 143 144 64
f 64 144 145 65
f 65 145 146 66
f 66 146 147 67
f 67 147 148 68
f 68 148 149 69
f 69 149 150 70
f 70 150 151 71
f 71 151 152 72
f 72 152 153 73
f 73 153 154 74
f 74 154 155 75
f 75 155 156 76
f 76 156 157 77
f 77 157 158 78
f 78 158 159 79
f 79 159 160 80
f 80 160 81 1
f 81 161 162 82
f 82 162 163 83
f 83 163 164 84
f 84 164 165 85
f 85 165 166 86
f 86 166 167 87
f 87 167 168 88
f 88 168 169 89
f 89 169 170 90
f 90 170 171 91
f 91 171 172 92
f 92 172 173 93
f 93 173 174 94
f 94 174 175 95
f 95 175 176 96
f 96 176 177 97
f 97 177 178 98
f 98 178 179 99
f 99 179 180 100
f 100 180 181 101
f 101 181 182 102
f 102 182 183 103
f 103 183 184 104
f 104 184 185 105
f 105 185 186 106
f 106 186 187 107
f 107 187 188 108
f 108 188 189 109
f 109 189 190 110
f 110 190 191 111
f 111 191 192 112
f 112 192 193 113
f 113 193 194 114
f 114 194 195 115
f 115 195 196 116
f 116 196 197 117
f 117 197 198 118
f 118 198 199 119
f 119 199 200 120
f 120 200 201 121
f 121 201 202 122
f 122 202 203 123
f 123 203 204 124
f 124 204 205 125
f 125 205 206 126
f 126 206 207 127
f 127 207 208 128
f 128 208 209 129
f 129 209 210 130
f 130 210 211 131
f 131 211 212 132
f 132 212 213 133
f 133 213 214 134
f 134 214 215 135
f 135 215 216 136
f 136 216 217 137
f 137 217 218 138
f 138 218 219 139
f 139 219 220 140
f 140 220 221 141
f 141 221 222 142
f 142 222 223 143
f 143 223 224 144
f 144 224 225 145
f 145 225 226 146
f 146 226 227 147
f 147 227 228 148
f 148 228 229 149
f 149 229 230 150
f 150 230 231 151
f 151 231 232 152
f 152 232 233 153
f 153 233 234 154
f 154 234 235 155
f 155 235 236 156
f 156 236 237 157
f 157 237 238 158
f 158 238 239 159
f 159 239 240 160
f 160 240 161 81
f 161 241 242 162
f 162 242 243 163
f 163 243 244 164
f 164 244 245 165
f 165 245 246 166
f 166 246 247 167
f 167 247 248 168
f 168 248 249 169
f 169 249 250 170
f 170 250 251 171
f 171 251 252 172
f 172 252 253 173
f 173 253 254 174
f 174 254 255 175
f 175 255 256 176
f 176 256 257 177
f 177 257 258 178
f 178 258 259 179
f 179 259 260 180
f 180 260 261 181
f 181 261 262 182
f 182 262 263 183
f 183 263 264 184
f 184 264 265 185
f 185 265 266 186
f 186 266 267 187
f 187 267 268 188
f 188 268 269 189
f 189 269 270 190
f 190 270 271 191
f 191 271 272 192
f 192 272 273 193
f 193 273 274 194
f 194 274 275 195
f 195 275 276 196
f 196 276 277 197
f 197 277 278 198
f 198 278 279 199
f 199 279 280 200
f 200 280 281 201
f 201 281 282 202
f 202 282 283 203
f 203 283 284 204
f 204 284 285 205
f 205 285 286 206
f 206 286 287 207
f 207 287 288 208
f 208 288 289 209
f 209 289 290 210
f 210 290 291 211
f 211 291 292 212
f 212 292 293 213
f 213 293 294 214
f 214 294 295 215
f 215 295 296 216
f 216 296 297 217
f 217 297 298 218
f 218 298 299 219
f 219 299 300 220
f 220 300 301 221
f 221 301 302 222
f 222 302 303 223
f 223 303 304 224
f 224 304 305 225
f 225 305 306 226
f 226 306 307 227
f 227 307 308 228
f 228 308 309 229
f 229 309 310 230
f 230 310 311 231
f 231 311 312 232
f 232 312 313 233
f 233 313 314 234
f 234 314 315 235
f 235 315 316 236
f 236 316 317 237
f 237 317 318 238
f 238 318 319 239
f 239 319 320 240
f 240 320 241 161
f 241 321 322 242
f 242 322 323 243
f 243 323 324 244
f 244 324 325 245
f 245 325 326 246
f 246 326 327 247
f 247 327 328 248
f 248 328 329 249
f 249 329 330 250
f 250 330 331 251
f 251 331 332 252
f 252 332 333 253
f 253 333 334 254
f 254 334 335 255
f 255 335 336 256
f 256 336 337 257
f 257 337 338 258
f 258 338 339 259
f 259 339 340 260
f 260 340 341 261
f 261 341 342 262
f 262 342 343 263
f 263 343 344 264
f 264 344 345 265
f 265 345 346 266
f 266 346 347 267
f 267 347 348 268
f 268 348 349 269
f 269 349 350 270
f 270 350 351 271
f 271 351 352 272
f 272 352 353 273
f 273 353 354 274
f 274 354 355 275
f 275 355 356 276
f 276 356 357 277
f 277 357 358 278
f 278 358 359 279
f 279 359 360 280
f 280 360 361 281
f 281 361 362 282
f 282 362 363 283
f 283 363 364 284
f 284 364 365 285
f 285 365 366 286
f 286 366 367 287
f 287 367 368 288
f 288 368 369 289
f 289 369 370 290
f 290 370 371 291
f 291 371 372 292
f 292 372 373 293
f 293 373 374 294
f 294 374 375 295
f 295 375 376 296
f 296 376 377 297
f 297 377 378 298
f 298 378 379 299
f 299 379 380 300
f 300 380 381 301
f 301 381 382 302
f 302 382 383 303
f 303 383 384 304
f 304 384 385 305
f 305 385 386 306
f 306 386 387 307
f 307 387 388 308
f 308 388 389 309
f 309 389 390 310
f 310 390 391 311
f 311 391 392 312
f 312 392 393 313
f 313 393 394 314
f 314 394 395 315
f 315 395 396 316
f 316 396 397 317
f 317 397 398 318
f 318 398 399 319
f 319 399 400 320
f 320 400 321 241
f 321 401 402 322
f 322 402 403 323
f 323 403 404 324
f 324 404 405 325
f 325 405 406 326
f 326 406 407 327
f 327 407 408 328
f 328 408 409 329
f 329 409 410 330
f 330 410 411 331
f 331 411 412 332
f 332 412 413 333
f 333 413 414 334
f 334 414 415 335
f 335 415 416 336
f 336 416 417 337
f 337 417 418 338
f 338 418 419 339
f 339 419 420 340
f 340 420 421 341
f 341 421 422 342
f 342 422 423 343
f 343 423 424 344
f 344 424 425 345
f 345 425 426 346
f 346 426 427 347
f 347 427 428 348
f 348 428 429 349
f 349 429 430 350
f 350 430 431 351
f 351 431 432 352
f 352 432 433 353
f 353 433 434 354
f 354 434 435 355
f 355 435 436 356
f 356 436 437 357
f 357 437 438 358
f 358 438 439 359
f 359 439 440 360
f 360 440 441 361
f 361 441 442 362
f 362 442 443 363
f 363 443 444 364
f 364 444 445 365
f 365 445 446 366
f 366 446 447 367
f 367 447 448 368
f 368 448 449 369
f 369 449 450 370
f 370 450 451 371
f 371 451 452 372
f 372 452 453 373
f 373 453 454 374
f 374 454 455 375
f 375 455 456 376
f 376 456 457 377
f 377 457 458 378
f 378 458 459 379
f 379 459 460 380
f 380 460 461 381
f 381 461 462 382
f 382 462 463 383
f 383 463 464 384
f 384 464 465 385
f 385 465 466 386
f 386 466 467 387
f 387 467 468 388
f 388 468 469 389
f 389 469 470 390
f 390 470 471 391
f 391 471 472 392
f 392 472 473 393
f 393 473 474 394
f 394 474 475 395
f 395 475 476 396
f 396 476 477 397
f 397 477 478 398
f 398 478 479 399
f 399 479 480 400
f 400 480 401 321
f 401 481 482 402
f 402 482 483 403
f 403 483 484 404
f 404 484 485 405
f 405 485 486 406
f 406 486 487 407
f 407 487 488 408
f 408 488 489 409
f 409 489 490 410
f 410 490 491 411
f 411 491 492 412
f 412 492 493 413
f 413 493 494 414
f 414 494 495 415
f 415 495 496 416
f 416 496 497 417
f 417 497 498 418
f 418 498 499 419
f 419 499 500 420
f 420 500 501 421
f 421 501 502 422
f 422 502 503 423
f 423 503 504 424
f 424 504 505 425
f 425 505 506 426
f 426 506 507 427
f 427 507 508 428
f 428 508 509 429
f 429 509 510 430
f 430 510 511 431
f 431 511 512 432
f 432 512 513 433
f 433 513 514 434
f 434 514 515 435
f 435 515 516 436
f 436 516 517 437
f 437 517 518 438
f 438 518 519 439
f 439 519 520 440
f 440 520 521 441
f 441 521 522 442
f 442 522 523 443
f 443 523 524 444
f 444 524 525 445
f 445 525 526 446
f 446 526 527 447
f 447 527 528 448
f 448 528 529 449
f 449 529 530 450
f 450 530 531 451
f 451 531 532 452
f 452 532 533 453
f 453 533 534 454
f 454 534 535 455
f 455 535 536 456
f 456 536 537 457
f 457 537 538 458
f 458 538 539 459
f 459 539 540 460
f 460 540 541 461
f 461 541 542 462
f 462 542 543 463
f 463 543 544 464
f 464 544 545 465
f 465 545 546 466
f 466 546 547 467
f 467 547 548 468
f 468 548 549 469
f 469 549 550 470
f 470 550 551 471
f 471 551 552 472
f 472 552 553 473
f 473 553 554 474
f 474 554 555 475
f 475 555 556 476
f 476 556 557 477
f 477 557 558 478
f 478 558 559 479
f 479 559 560 480
f 480 560 481 401
f 481 561 562 482
f 482 562 563 483
f 483 563 564 484
f 484 564 565 485
f 485 565 566 486
f 486 566 567 487
f 487 567 568 488
f 488 568 569 489
f 489 569 570 490
f 490 570 571 491
f 491 571 572 492
f 492 572 573 493
f 493 573 574 494
f 494 574 575 495
f 495 575 576 496
f 496 576 577 497
f 497 577 578 498
f 498 578 579 499
f 499 579 580 500
f 500 580 581 501
f 501 581 582 502
f 502 582 583 503
f 503 583 584 504
f 504 584 585 505
f 505 585 586 506
f 506 586 587 507
f 507 587 588 508
f 508 588 589 509
f 509 589 590 510
f 510 590 591 511
f 511 591 592 512
f 512 592 593 513
f 513 593 594 514
f 514 594 595 515
f 515 595 596 516
f 516 596 597 517
f 517 597 598 518
f 518 598 599 519
f 519 599 600 520
f 520 600 601 521
f 521 601 602 522
f 522 602 603 523
f 523 603 604 524
f 524 604 605 525
f 525 605 606 526
f 526 606 607 527
f 527 607 608 528
f 528 608 609 529
f 529 609 610 530
f 530 610 611 531
f 531 611 612 532
f 532 612 613 533
f 533 613 614 534
f 534 614 615 535
f 535 615 616 536
f 536 616 617 537
f 537 617 618 538
f 538 618 619 539
f 539 619 620 540
f 540 620 621 541
f 541 621 622 542
f 542 622 623 543
f 543 623 624 544
f 544 624 625 545
f 545 625 626 546
f 546 626 627 547
f 547 627 628 548
f 548 628 629 549
f 549 629 630 550
f 550 630 631 551
f 551 631 632 552
f 552 632 633 553
f 553 633 634 554
f 554 634 635 555
f 555 635 636 556
f 556 636 637 557
f 557 637 638 558
f 558 638 639 559
f 559 639 640 560
f 560 640 561 481
f 561 641 642 562
f 562 642 643 563
f 563 643 644 564
f 564 644 645 565
f 565 645 646 566
f 566 646 647 567
f 567 647 648 568
f 568 648 649 569
f 569 649 650 570
f 570 650 651 571
f 571 651 652 572
f 572 652 653 573
f 573 653 654 574
f 574 654 655 575
f 575 655 656 576
f 576 656 657 577
f 577 657 658 578
f 578 658 659 579
f 579 659 660 580
f 580 660 661 581
f 581 661 662 582
f 582 662 663 583
f 583 663 664 584
f 584 664 665 585
f 585 665 666 586
f 586 666 667 587
f 587 667 668 588
f 588 668 669 589
f 589 669 670 590
f 590 670 671 591
f 591 671 672 592
f 592 672 673 593
f 593 673 674 594
f 594 674 675 595
f 595 675 676 596
f 596 676 677 597
f 597 677 678 598
f 598 678 679 599
f 599 679 680 600
f 600 680 681 601
f 601 681 682 602
f 602 682 683 603
f 603 683 684 604
f 604 684 685 605
f 605 685 686 606
f 606 686 687 607
f 607 687 688 608
f 608 688 689 609
f 609 689 690 610
f 610 690 691 611
f 611 691 692 612
f 612 692 693 613
f 613 693 694 614
f 614 694 695 615
f 615 695 696 616
f 616 696 697 617
f 617 697 698 618
f 618 698 699 619
f 619 699 700 620
f 620 700 701 621
f 621 701 702 622
f 622 702 703 623
f 623 703 704 624
f 624 704 705 625
f 625 705 706 626
f 626 706 707 627
f 627 707 708 628
f 628 708 709 629
f 629 709 710 630
f 630 710 711 631
f 631 711 712 632
f 632 712 713 633
f 633 713 714 634
f 634 714 715 635
f 635 715 716 636
f 636 716 717 637
f 637 717 718 638
f 638 718 719 639
f 639 719 720 640
f 640 720 641 561
f 641 721 722 642
f 642 722 723 643
f 643 723 724 644
f 644 724 725 645
f 645 725 726 646
f 646 726 727 647
f 647 727 728 648
f 648 728 729 649
f 649 729 730 650
f 650 730 731 651
f 651 731 732 652
f 652 732 733 653
f 653 733 734 654
f 654 734 735 655
f 655 735 736 656
f 656 736 737 657
f 657 737 738 658
f 658 738 739 659
f 659 739 740 660
f 660 740 741 661
f 661 741 742 662
f 662 742 743 663
f 663 743 744 664
f 664 744 745 665
f 665 745 746 666
f 666 746 747 667
f 667 747 748 668
f 668 748 749 669
f 669 749 750 670
f 670 750 751 671
f 671 751 752 672
f 672 752 753 673
f 673 753 754 674
f 674 754 755 675
f 675 755 756 676
f 676 756 757 677
f 677 757 758 678
f 678 758 759 679
f 679 759 760 680
f 680 760 761 681
f 681 761 762 682
f 682 762 763 683
f 683 763 764 684
f 684 764 765 685
f 685 765 766 686
f 686 766 767 687
f 687 767 768 688
f 688 768 769 689
f 689 769 770 690
f 690 770 771 691
f 691 771 772 692
f 692 772 773 693
f 693 773 774 694
f 694 774 775 695
f 695 775 776 696
f 696 776 777 697
f 697 777 778 698
f 698 778 779 699
f 699 779 780 700
f 700 780 781 701
f 701 781 782 702
f 702 782 783 703
f 703 783 784 704
f 704 784 785 705
f 705 785 786 706
f 706 786 787 707
f 707 787 788 708
f 708 788 789 709
f 709 789 790 710
f 710 790 791 711
f 711 791 792 712
f 712 792 793 713
f 713 793 794 714
f 714 794 795 715
f 715 795 796 716
f 716 796 797 717
f 717 797 798 718
f 718 798 799 719
f 719 799 800 720
f 720 800 721 641
f 721 801 802 722
f 722 802 803 723
f 723 803 804 724
f 724 804 805 725
f 725 805 806 726
f 726 806 807 727
f 727 807 808 728
f 728 808 809 729
f 729 809 810 730
f 730 810 811 731
f 731 811 812 732
f 732 812 813 733
f 733 813 814 734
f 734 814 815 735
f 735 815 816 736
f 736 816 817 737
f 737 817 818 738
f 738 818 819 739
f 739 819 820 740
f 740 820 821 741
f 741 821 822 742
f 742 822 823 743
f 743 823 824 744
f 744 824 825 745
f 745 825 826 746
f 746 826 827 747
f 747 827 828 748
f 748 828 829 749
f 749 829 830 750
f 750 830 831 751
f 751 831 832 752
f 752 832 833 753
f 753 833 834 754
f 754 834 835 755
f 755 835 836 756
f 756 836 837 757
f 757 837 838 758
f 758 838 839 759
f 759 839 840 760
f 760 840 841 761
f 761 841 842 762
f 762 842 843 763
f 763 843 844 764
f 764 844 845 765
f 765 845 846 766
f 766 846 847 767
f 767 847 848 768
f 768 848 849 769
f 769 849 850 770
f 770 850 851 771
f 771 851 852 772
f 772 852 853 773
f 773 853 854 774
f 774 854 855 775
f 775 855 856 776
f 776 856 857 777
f 777 857 858 778
f 778 858 859 779
f 779 859 860 780
f 780 860 861 781
f 781 861 862 782
f 782 862 863 783
f 783 863 864 784
f 784 864 865 785
f 785 865 866 786
f 786 866 867 787
f 787 867 868 788
f 788 868 869 789
f 789 869 870 790
f 790 870 871 791
f 791 871 872 792
f 792 872 873 793
f 793 873 874 794
f 794 874 875 795
f 795 875 876 796
f 796 876 877 797
f 797 877 878 798
f 798 878 879 799
f 799 879 880 800
f 800 880 801 721
f 801 881 882 802
f 802 882 883 803
f 803 883 884 804
f 804 884 885 805
f 805 885 886 806
f 806 886 887 807
f 807 887 888 808
f 808 888 889 809
f 809 889 890 810
f 810 890 891 811
f 811 891 892 812
f 812 892 893 813
f 813 893 894 814
f 814 894 895 815
f 815 895 896 816
f 816 896 897 817
f 817 897 898 818
f 818 898 899 819
f 819 899 900 820
f 820 900 901 821
f 821 901 902 822
f 822 902 903 823
f 823 903 904 824
f 824 904 905 825
f 825 905 906 826
f 826 906 907 827
f 827 907 908 828
f 828 908 909 829
f 829 909 910 830
f 830 910 911 831
f 831 911 912 832
f 832 912 913 833
f 833 913 914 834
f 834 914 915 835
f 835 915 916 836
f 836 916 917 837
f 837 917 918 838
f 838 918 919 839
f 839 919 920 840
f 840 920 921 841
f 841 921 922 842
f 842 922 923 843
f 843 923 924 844
f 844 924 925 845
f 845 925 926 846
f 846 926 927 847
f 847 927 928 848
f 848 928 929 849
f 849 929 930 850
f 850 930 931 851
f 851 931 932 852
f 852 932 933 853
f 853 933 934 854
f 854 934 935 855
f 855 935 936 856
f 856 936 937 857
f 857 937 938 858
f 858 938 939 859
f 859 939 940 860
f 860 940 941 861
f 861 941 942 862
f 862 942 943 863
f 863 943 944 864
f 864 944 945 865
f 865 945 946 866
f 866 946 947 867
f 867 947 948 868
f 868 948 949 869
f 869 949 950 870
f 870 950 951 871
f 871 951 952 872
f 872 952 953 873
f 873 953 954 874
f 874 954 955 875
f 875 955 956 876
f 876 956 957 877
f 877 957 958 878
f 878 958 959 879
f 879 959 960 880
f 880 960 881 801
f 881 961 962 882
f 882 962 963 883
f 883 963 964 884
f 884 964 965 885
f 885 965 966 886
f 886 966 967 887
f 887 967 968 888
f 888 968 969 889
f 889 969 970 890
f 890 970 971 891
f 891 971 972 892
f 892 972 973 893
f 893 973 974 894
f 894 974 975 895
f 895 975 976 896
f 896 976 977 897
f 897 977 978 898
f 898 978 979 899
f 899 979 980 900
f 900 980 981 901
f 901 981 982 902
f 902 982 983 903
f 903 983 984 904
f 904 984 985 905
f 905 985 986 906
f 906 986 987 907
f 907 987 988 908
f 908 988 989 909
f 909 989 990 910
f 910 990 991 911
f 911 991 992 912
f 912 992 993 913
f 913 993 994 914
f 914 994 995 915
f 915 995 996 916
f 916 996 997 917
f 917 997 998 918
f 918 998 999 919
f 919 999 1000 920
f 920 1000 1001 921
f 921 1001 1002 922
f 922 1002 1003 923
f 923 1003 1004 924
f 924 1004 1005 925
f 925 1005 1006 926
f 926 1006 1007 927
f 927 1007 1008 928
f 928 1008 1009 929
f 929 1009 1010 930
f 930 1010 1011 931
f 931 1011 1012 932
f 932 1012 1013 933
f 933 1013 1014 934
f 934 1014 1015 935
f 935 1015 1016 936
f 936 1016 1017 937
f 937 1017 1018 938
f 938 1018 1019 939
f 939 1019 1020 940
f 940 1020 1021 941
f 941 1021 1022 942
f 942 1022 1023 943
f 943 1023 1024 944
f 944 1024 1025 945
f 945 1025 1026 946
f 946 1026 1027 947
f 947 1027 1028 948
f 948 1028 1029 949
f 949 1029 1030 950
f 950 1030 1031 951
f 951 1031 1032 952
f 952 1032 1033 953
f 953 1033 1034 954
f 954 1034 1035 955
f 955 1035 1036 956
f 956 1036 1037 957
f 957 1037 1038 958
f 958 1038 1039 959
f 959 1039 1040 960
f 960 1040 961 881
f 961 1041 1042 962
f 962 1042 1043 963
f 963 1043 1044 964
f 964 1044 1045 965
f 965 1045 1046 966
f 966 1046 1047 967
f 967 1047 1048 968
f 968 1048 1049 969
f 969 1049 1050 970
f 970 1050 1051 971
f 971 1051 1052 972
f 972 1052 1053 973
f 973 1053 1054 974
f 974 1054 1055 975
f 975 1055 1056 976
f 976 1056 1057 977
f 977 1057 1058 978
f 978 1058 1059 979
f 979 1059 1060 980
f 980 1060 1061 981
f 981 1061 1062 982
f 982 1062 1063 983
f 983 1063 1064 984
f 984 1064 1065 985
f 985 1065 1066 986
f 986 1066 1067 987
f 987 1067 1068 988
f 988 1068 1069 989
f 989 1069 1070 990
f 990 1070 1071 991
f 991 1071 1072 992
f 992 1072 1073 993
f 993 1073 1074 994
f 994 1074 1075 995
f 995 1075 1076 996
f 996 1076 1077 997
f 997 1077 1078 998
f 998 1078 1079 999
f 999 1079 1080 1000
f 1000 1080 1081 1001
f 1001 1081 1082 1002
f 1002 1082 1083 1003
f 1003 1083 1084 1004
f 1004 1084 1085 1005
f 1005 1085 1086 1006
f 1006 1086 1087 1007
f 1007 1087 1088 1008
f 1008 1088 1089 1009
f 1009 1089 1090 1010
f 1010 1090 1091 1011
f 1011 1091 1092 1012
f 1012 1092 1093 1013
f 1013 1093 1094 1014
f 1014 1094 1095 1015
f 1015 1095 1096 1016
f 1016 1096 1097 1017
f 1017 1097 1098 1018
f 1018 1098 1099 1019
f 1019 1099 1100 1020
f 1020 1100 1101 1021
f 1021 1101 1102 1022
f 1022 1102 1103 1023
f 1023 1103 1104 1024
f 1024 1104 1105 1025
f 1025 1105 1106 1026
f 1026 1106 1107 1027
f 1027 1107 1108 1028
f 1028 1108 1109 1029
f 1029 1109 1110 1030
f 1030 1110 1111 1031
f 1031 1111 1112 1032
f 1032 1112 1113 1033
f 1033 1113 1114 1034
f 1034 1114 1115 1035
f 1035 1115 1116 1036
f 1036 1116 1117 1037
f 1037 1117 1118 1038
f 1038 1118 1119 1039
f 1039 1119 1120 1040
f 1040 1120 1041 961
f 1041 1121 1122 1042
f 1042 1122 1123 1043
f 1043 1123 1124 1044
f 1044 1124 1125 1045
f 1045 1125 1126 1046
f 1046 1126 1127 1047
f 1047 1127 1128 1048
f 1048 1128 1129 1049
f 1049 1129 1130 1050
f 1050 1130 1131 1051
f 1051 1131 1132 1052
f 1052 1132 1133 1053
f 1053 1133 1134 1054
f 1054 1134 1135 1055
f 1055 1135 1136 1056
f 1056 1136 1137 1057
f 1057 1137 1138 1058
f 1058 1138 1139 1059
f 1059 1139 1140 1060
f 1060 1140 1141 1061
f 1061 1141 1142 1062
f 1062 1142 1143 1063
f 1063 1143 1144 1064
f 1064 1144 1145 1065
f 1065 1145 1146 1066
f 1066 1146 1147 1067
f 1067 1147 1148 1068
f 1068 1148 1149 1069
f 1069 1149 1150 1070
f 1070 1150 1151 1071
f 1071 1151 1152 1072
f 1072 1152 1153 1073
f 1073 1153 1154 1074
f 1074 1154 1155 1075
f 1075 1155 1156 1076
f 1076 1156 1157 1077
f 1077 1157 1158 1078
f 1078 1158 1159 1079
f 1079 1159 1160 1080
f 1080 1160 1161 1081
f 1081 1161 1162 1082
f 1082 1162 1163 1083
f 1083 1163 1164 1084
f 1084 1164 1165 1085
f 1085 1165 1166 1086
f 1086 1166 1167 1087
f 1087 1167 1168 1088
f 1088 1168 1169 1089
f 1089 1169 1170 1090
f 1090 1170 1171 1091
f 1091 1171 1172 1092
f 1092 1172 1173 1093
f 1093 1173 1174 1094
f 1094 1174 1175 1095
f 1095 1175 1176 1096
f 1096 1176 1177 1097
f 1097 1177 1178 1098
f 1098 1178 1179 1099
f 1099 1179 1180 1100
f 1100 1180 1181 1101
f 1101 1181 1182 1102
f 1102 1182 1183 1103
f 1103 1183 1184 1104
f 1104 1184 1185 1105
f 1105 1185 1186 1106
f 1106 1186 1187 1107
f 1107 1187 1188 1108
f 1108 1188 1189 1109
f 1109 1189 1190 1110
f 1110 1190 1191 1111
f 1111 1191 1192 1112
f 1112 1192 1193 1113
f 1113 1193 1194 1114
f 1114 1194 1195 1115
f 1115 1195 1196 1116
f 1116 1196 1197 1117
f 1117 1197 1198 1118
f 1118 1198 1199 1119
f 1119 1199 1200 1120
f 1120 1200 1121 1041
f 1121 1201 1202 1122
f 1122 1202 1203 1123
f 1123 1203 1204 1124
f 1124 1204 1205 1125
f 1125 1205 1206 1126
f 1126 1206 1207 1127
f 1127 1207 1208 1128
f 1128 1208 1209 1129
f 1129 1209 1210 1130
f 1130 1210 1211 1131
f 1131 1211 1212 1132
f 1132 1212 1213 1133
f 1133 1213 1214 1134
f 1134 1214 1215 1135
f 1135 1215 1216 1136
f 1136 1216 1217 1137
f 1137 1217 1218 1138
f 1138 1218 1219 1139
f 1139 1219 1220 1140
f 1140 1220 1221 1141
f 1141 1221 1222 1142
f 1142 1222 1223 1143
f 1143 1223 1224 1144
f 1144 1224 1225 1145
f 1145 1225 1226 1146
f 1146 1226 1227 1147
f 1147 1227 1228 1148
f 1148 1228 1229 1149
f 1149 1229 1230 1150
f 1150 1230 1231 1151
f 1151 1231 1232 1152
f 1152 1232 1233 1153
f 1153 1233 1234 1154
f 1154 1234 1235 1155
f 1155 1235 1236 1156
f 1156 1236 1237 1157
f 1157 1237 1238 1158
f 1158 1238 1239 1159
f 1159 1239 1240 1160
f 1160 1240 1241 1161
f 1161 1241 1242 1162
f 1162 1242 1243 1163
f 1163 1243 1244 1164
f 1164 1244 1245 1165
f 1165 1245 1246 1166
f 1166 1246 1247 1167
f 1167 1247 1248 1168
f 1168 1248 1249 1169
f 1169 1249 1250 1170
f 1170 1250 1251 1171
f 1171 1251 1252 1172
f 1172 1252 1253 1173
f 1173 1253 1254 1174
f 1174 1254 1255 1175
f 1175 1255 1256 1176
f 1176 1256 1257 1177
f 1177 1257 1258 1178
f 1178 1258 1259 1179
f 1179 1259 1260 1180
f 1180 1260 1261 1181
f 1181 1261 1262 1182
f 1182 1262 1263 1183
f 1183 1263 1264 1184
f 1184 1264 1265 1185
f 1185 1265 1266 1186
f 1186 1266 1267 1187
f 1187 1267 1268 1188
f 1188 1268 1269 1189
f 1189 1269 1270 1190
f 1190 1270 1271 1191
f 1191 1271 1272 1192
f 1192 1272 1273 1193
f 1193 1273 1274 1194
f 1194 1274 1275 1195
f 1195 1275 1276 1196
f 1196 1276 1277 1197
f 1197 1277 1278 1198
f 1198 1278 1279 1199
f 1199 1279 1280 1200
f 1200 1280 1201 1121
f 1201 1281 1282 1202
f 1202 1282 1283 1203
f 1203 1283 1284 1204
f 1204 1284 1285 1205
f 1205 1285 1286 1206
f 1206 1286 1287 1207
f 1207 1287 1288 1208
f 1208 1288 1289 1209
f 1209 1289 1290 1210
f 1210 1290 1291 1211
f 1211 1291 1292 1212
f 1212 1292 1293 1213
f 1213 1293 1294 1214
f 1214 1294 1295 1215
f 1215 1295 1296 1216
f 1216 1296 1297 1217
f 1217 1297 1298 1218
f 1218 1298 1299 1219
f 1219 1299 1300 1220
f 1220 1300 1301 1221
f 1221 1301 1302 1222
f 1222 1302 1303 1223
f 1223 1303 1304 1224
f 1224 1304 1305 1225
f 1225 1305 1306 1226
f 1226 1306 1307 1227
f 1227 1307 1308 1228
f 1228 1308 1309 1229
f 1229 1309 1310 1230
f 1230 1310 1311 1231
f 1231 1311 1312 1232
f 1232 1312 1313 1233
f 1233 1313 1314 1234
f 1234 1314 1315 1235
f 1235 1315 1316 1236
f 1236 1316 1317 1237
f 1237 1317 1318 1238
f 1238 1318 1319 1239
f 1239 1319 1320 1240
f 1240 1320 1321 1241
f 1241 1321 1322 1242
f 1242 1322 1323 1243
f 1243 1323 1324 1244
f 1244 1324 1325 1245
f 1245 1325 1326 1246
f 1246 1326 1327 1247
f 1247 1327 1328 1248
f 1248 1328 1329 1249
f 1249 1329 1330 1250
f 1250 1330 1331 1251
f 1251 1331 1332 1252
f 1252 1332 1333 1253
f 1253 1333 1334 1254
f 1254 1334 1335 1255
f 1255 1335 1336 1256
f 1256 1336 1337 1257
f 1257 1337 1338 1258
f 1258 1338 1339 1259
f 1259 1339 1340 1260
f 1260 1340 1341 1261
f 1261 1341 1342 1262
f 1262 1342 1343 1263
f 1263 1343 1344 1264
f 1264 1344 1345 1265
f 1265 1345 1346 1266
f 1266 1346 1347 1267
f 1267 1347 1348 1268
f 1268 1348 1349 1269
f 1269 1349 1350 1270
f 1270 1350 1351 1271
f 1271 1351 1352 1272
f 1272 1352 1353 1273
f 1273 1353 1354 1274
f 1274 1354 1355 1275
f 1275 1355 1356 1276
f 1276 1356 1357 1277
f 1277 1357 1358 1278
f 1278 1358 1359 1279
f 1279 1359 1360 1280
f 1280 1360 1281 1201
f 1281 1361 1362 1282
f 1282 1362 1363 1283
f 1283 1363 1364 1284
f 1284 1364 1365 1285
f 1285 1365 1366 1286
f 1286 1366 1367 1287
f 1287 1367 1368 1288
f 1288 1368 1369 1289
f 1289 1369 1370 1290
f 1290 1370 1371 1291
f 1291 1371 1372 1292
f 1292 1372 1373 1293
f 1293 1373 1374 1294
f 1294 1374 1375 1295
f 1295 1375 1376 1296
f 1296 1376 1377 1297
f 1297 1377 1378 1298
f 1298 1378 1379 1299
f 1299 1379 1380 1300
f 1300 1380 1381 1301
f 1301 1381 1382 1302
f 1302 1382 1383 1303
f 1303 1383 1384 1304
f 1304 1384 1385 1305
f 1305 1385 1386 1306
f 1306 1386 1387 1307
f 1307 1387 1388 1308
f 1308 1388 1389 1309
f 1309 1389 1390 1310
f 1310 1390 1391 1311
f 1311 1391 1392 1312
f 1312 1392 1393 1313
f 1313 1393 1394 1314
f 1314 1394 1395 1315
f 1315 1395 1396 1316
f 1316 1396 1397 1317
f 1317 1397 1398 1318
f 1318 1398 1399 1319
f 1319 1399 1400 1320
f 1320 1400 1401 1321
f 1321 1401 1402 1322
f 1322 1402 1403 1323
f 1323 1403 1404 1324
f 1324 1404 1405 1325
f 1325 1405 1406 1326
f 1326 1406 1407 1327
f 1327 1407 1408 1328
f 1328 1408 1409 1329
f 1329 1409 1410 1330
f 1330 1410 1411 1331
f 1331 1411 1412 1332
f 1332 1412 1413 1333
f 1333 1413 1414 1334
f 1334 1414 1415 1335
f 1335 1415 1416 1336
f 1336 1416 1417 1337
f 1337 1417 1418 1338
f 1338 1418 1419 1339
f 1339 1419 1420 1340
f 1340 1420 1421 1341
f 1341 1421 1422 1342
f 1342 1422 1423 1343
f 1343 1423 1424 1344
f 1344 1424 1425 1345
f 1345 1425 1426 1346
f 1346 1426 1427 1347
f 1347 1427 1428 1348
f 1348 1428 1429 1349
f 1349 1429 1430 1350
f 1350 1430 1431 1351
f 1351 1431 1432 1352
f 1352 1432 1433 1353
f 1353 1433 1434 1354
f 1354 1434 1435 1355
f 1355 1435 1436 1356
f 1356 1436 1437 1357
f 1357 1437 1438 1358
f 1358 1438 1439 1359
f 1359 1439 1440 1360
f 1360 1440 1361 1281
f 1361 1441 1442 1362
f 1362 1442 1443 1363
f 1363 1443 1444 1364
f 1364 1444 1445 1365
f 1365 1445 1446 1366
f 1366 1446 1447 1367
f 1367 1447 1448 1368
f 1368 1448 1449 1369
f 1369 1449 1450 1370
f 1370 1450 1451 1371
f 1371 1451 1452 1372
f 1372 1452 1453 1373
f 1373 1453 1454 1374
f 1374 1454 1455 1375
f 1375 1455 1456 1376
f 1376 1456 1457 1377
f 1377 1457 1458 1378
f 1378 1458 1459 1379
f 1379 1459 1460 1380
f 1380 1460 1461 1381
f 1381 1461 1462 1382
f 1382 1462 1463 1383
f 1383 1463 1464 1384
f 1384 1464 1465 1385
f 1385 1465 1466 1386
f 1386 1466 1467 1387
f 1387 1467 1468 1388
f 1388 1468 1469 1389
f 1389 1469 1470 1390
f 1390 1470 1471 1391
f 1391 1471 1472 1392
f 1392 1472 1473 1393
f 1393 1473 1474 1394
f 1394 1474 1475 1395
f 1395 1475 1476 1396
f 1396 1476 1477 1397
f 1397 1477 1478 1398
f 1398 1478 1479 1399
f 1399 1479 1480 1400
f 1400 1480 1481 1401
f 1401 1481 1482 1402
f 1402 1482 1483 1403
f 1403 1483 1484 1404
f 1404 1484 1485 1405
f 1405 1485 1486 1406
f 1406 1486 1487 1407
f 1407 1487 1488 1408
f 1408 1488 1489 1409
f 1409 1489 1490 1410
f 1410 1490 1491 1411
f 1411 1491 1492 1412
f 1412 1492 1493 1413
f 1413 1493 1494 1414
f 1414 1494 1495 1415
f 1415 1495 1496 1416
f 1416 1496 1497 1417
f 1417 1497 1498 1418
f 1418 1498 1499 1419
f 1419 1499 1500 1420
f 1420 1500 1501 1421
f 1421 1501 1502 1422
f 1422 1502 1503 1423
f 1423 1503 1504 1424
f 1424 1504 1505 1425
f 1425 1505 1506 1426
f 1426 1506 1507 1427
f 1427 1507 1508 1428
f 1428 1508 1509 1429
f 1429 1509 1510 1430
f 1430 1510 1511 1431
f 1431 1511 1512 1432
f 1432 1512 1513 1433
f 1433 1513 1514 1434
f 1434 1514 1515 1435
f 1435 1515 1516 1436
f 1436 1516 1517 1437
f 1437 1517 1518 1438
f 1438 1518 1519 1439
f 1439 1519 1520 1440
f 1440 1520 1441 1361
f 1441 1521 1522 1442
f 1442 1522 1523 1443
f 1443 1523 1524 1444
f 1444 1524 1525 1445
f 1445 1525 1526 1446
f 1446 1526 1527 1447
f 1447 1527 1528 1448
f 1448 1528 1529 1449
f 1449 1529 1530 1450
f 1450 1530 1531 1451
f 1451 1531 1532 1452
f 1452 1532 1533 1453
f 1453 1533 1534 1454
f 1454 1534 1535 1455
f 1455 1535 1536 1456
f 1456 1536 1537 1457
f 1457 1537 1538 1458
f 1458 1538 1539 1459
f 1459 1539 1540 1460
f 1460 1540 1541 1461
f 1461 1541 1542 1462
f 1462 1542 1543 1463
f 1463 1543 1544 1464
f 1464 1544 1545 1465
f 1465 1545 1546 1466
f 1466 1546 1547 1467
f 1467 1547 1548 1468
f 1468 1548 1549 1469
f 1469 1549 1550 1470
f 1470 1550 1551 1471
f 1471 1551 1552 1472
f 1472 1552 1553 1473
f 1473 1553 1554 1474
f 1474 1554 1555 1475
f 1475 1555 1556 1476
f 1476 1556 1557 1477
f 1477 1557 1558 1478
f 1478 1558 1559 1479
f 1479 1559 1560 1480
f 1480 1560 1561 1481
f 1481 1561 1562 1482
f 1482 1562 1563 1483
f 1483 1563 1564 1484
f 1484 1564 1565 1485
f 1485 1565 1566 1486
f 1486 1566 1567 1487
f 1487 1567 1568 1488
f 1488 1568 1569 1489
f 1489 1569 1570 1490
f 1490 1570 1571 1491
f 1491 1571 1572 1492
f 1492 1572 1573 1493
f 1493 1573 1574 1494
f 1494 1574 1575 1495
f 1495 1575 1576 1496
f 1496 1576 1577 1497
f 1497 1577 1578 1498
f 1498 1578 1579 1499
f 1499 1579 1580 1500
f 1500 1580 1581 1501
f 1501 1581 1582 1502
f 1502 1582 1583 1503
f 1503 1583 1584 1504
f 1504 1584 1585 1505
f 1505 1585 1586 1506
f 1506 1586 1587 1507
f 1507 1587 1588 1508
f 1508 1588 1589 1509
f 1509 1589 1590 1510
f 1510 1590 1591 1511
f 1511 1591 1592 1512
f 1512 1592 1593 1513
f 1513 1593 1594 1514
f 1514 1594 1595 1515
f 1515 1595 1596 1516
f 1516 1596 1597 1517
f 1517 1597 1598 1518
f 1518 1598 1599 1519
f 1519 1599 1600 1520
f 1520 1600 1521 1441
f 1521 1601 1602 1522
f 1522 1602 1603 1523
f 1523 1603 1604 1524
f 1524 1604 1605 1525
f 1525 1605 1606 1526
f 1526 1606 1607 1527
f 1527 1607 1608 1528
f 1528 1608 1609 1529
f 1529 1609 1610 1530
f 1530 1610 1611 1531
f 1531 1611 1612 1532
f 1532 1612 1613 1533
f 1533 1613 1614 1534
f 1534 1614 1615 1535
f 1535 1615 1616 1536
f 1536 1616 1617 1537
f 1537 1617 1618 1538
f 1538 1618 1619 1539
f 1539 1619 1620 1540
f 1540 1620 1621 1541
f 1541 1621 1622 1542
f 1542 1622 1623 1543
f 1543 1623 1624 1544
f 1544 1624 1625 1545
f 1545 1625 1626 1546
f 1546 1626 1627 1547
f 1547 1627 1628 1548
f 1548 1628 1629 1549
f 1549 1629 1630 1550
f 1550 1630 1631 1551
f 1551 1631 1632 1552
f 1552 1632 1633 1553
f 1553 1633 1634 1554
f 1554 1634 1635 1555
f 1555 1635 1636 1556
f 1556 1636 1637 1557
f 1557 1637 1638 1558
f 1558 1638 1639 1559
f 1559 1639 1640 1560
f 1560 1640 1641 1561
f 1561 1641 1642 1562
f 1562 1642 1643 1563
f 1563 1643 1644 1564
f 1564 1644 1645 1565
f 1565 1645 1646 1566
f 1566 1646 1647 1567
f 1567 1647 1648 1568
f 1568 1648 1649 1569
f 1569 1649 1650 1570
f 1570 1650 1651 1571
f 1571 1651 1652 1572
f 1572 1652 1653 1573
f 1573 1653 1654 1574
f 1574 1654 1655 1575
f 1575 1655 1656 1576
f 1576 1656 1657 1577
f 1577 1657 1658 1578
f 1578 1658 1659 1579
f 1579 1659 1660 1580
f 1580 1660 1661 1581
f 1581 1661 1662 1582
f 1582 1662 1663 1583
f 1583 1663 1664 1584
f 1584 1664 1665 1585
f 1585 1665 1666 1586
f 1586 1666 1667 1587
f 1587 1667 1668 1588
f 1588 1668 1669 1589
f 1589 1669 1670 1590
f 1590 1670 1671 1591
f 1591 1671 1672 1592
f 1592 1672 1673 1593
f 1593 1673 1674 1594
f 1594 1674 1675 1595
f 1595 1675 1676 1596
f 1596 1676 1677 1597
f 1597 1677 1678 1598
f 1598 1678 1679 1599
f 1599 1679 1680 1600
f 1600 1680 1601 1521
f 1601 1681 1682 1602
f 1602 1682 1683 1603
f 1603 1683 1684 1604
f 1604 1684 1685 1605
f 1605 1685 1686 1606
f 1606 1686 1687 1607
f 1607 1687 1688 1608
f 1608 1688 1689 1609
f 1609 1689 1690 1610
f 1610 1690 1691 1611
f 1611 1691 1692 1612
f 1612 1692 1693 1613
f 1613 1693 1694 1614
f 1614 1694 1695 1615
f 1615 1695 1696 1616
f 1616 1696 1697 1617
f 1617 1697 1698 1618
f 1618 1698 1699 1619
f 1619 1699 1700 1620
f 1620 1700 1701 1621
f 1621 1701 1702 1622
f 1622 1702 1703 1623
f 1623 1703 1704 1624
f 1624 1704 1705 1625
f 1625 1705 1706 1626
f 1626 1706 1707 1627
f 1627 1707 1708 1628
f 1628 1708 1709 1629
f 1629 1709 1710 1630
f 1630 1710 1711 1631
f 1631 1711 1712 1632
f 1632 1712 1713 1633
f 1633 1713 1714 1634
f 1634 1714 1715 1635
f 1635 1715 1716 1636
f 1636 1716 1717 1637
f 1637 1717 1718 1638
f 1638 1718 1719 1639
f 1639 1719 1720 1640
f 1640 1720 1721 1641
f 1641 1721 1722 1642
f 1642 1722 1723 1643
f 1643 1723 1724 1644
f 1644 1724 1725 1645
f 1645 1725 1726 1646
f 1646 1726 1727 1647
f 1647 1727 1728 1648
f 1648 1728 1729 1649
f 1649 1729 1730 1650
f 1650 1730 1731 1651
f 1651 1731 1732 1652
f 1652 1732 1733 1653
f 1653 1733 1734 1654
f 1654 1734 1735 1655
f 1655 1735 1736 1656
f 1656 1736 1737 1657
f 1657 1737 1738 1658
f 1658 1738 1739 1659
f 1659 1739 1740 1660
f 1660 1740 1741 1661
f 1661 1741 1742 1662
f 1662 1742 1743 1663
f 1663 1743 1744 1664
f 1664 1744 1745 1665
f 1665 1745 1746 1666
f 1666 1746 1747 1667
f 1667 1747 1748 1668
f 1668 1748 1749 1669
f 1669 1749 1750 1670
f 1670 1750 1751 1671
f 1671 1751 1752 1672
f 1672 1752 1753 1673
f 1673 1753 1754 1674
f 1674 1754 1755 1675
f 1675 1755 1756 1676
f 1676 1756 1757 1677
f 1677 1757 1758 1678
f 1678 1758 1759 1679
f 1679 1759 1760 1680
f 1680 1760 1681 1601
f 1681 1761 1762 1682
f 1682 1762 1763 1683
f 1683 1763 1764 1684
f 1684 1764 1765 1685
f 1685 1765 1766 1686
f 1686 1766 1767 1687
f 1687 1767 1768 1688
f 1688 1768 1769 1689
f 1689 1769 1770 1690
f 1690 1770 1771 1691
f 1691 1771 1772 1692
f 1692 1772 1773 1693
f 1693 1773 1774 1694
f 1694 1774 1775 1695
f 1695 1775 1776 1696
f 1696 1776 1777 1697
f 1697 1777 1778 1698
f 1698 1778 1779 1699
f 1699 1779 1780 1700
f 1700 1780 1781 1701
f 1701 1781 1782 1702
f 1702 1782 1783 1703
f 1703 1783 1784 1704
f 1704 1784 1785 1705
f 1705 1785 1786 1706
f 1706 1786 1787 1707
f 1707 1787 1788 1708
f 1708 1788 1789 1709
f 1709 1789 1790 1710
f 1710 1790 1791 1711
f 1711 1791 1792 1712
f 1712 1792 1793 1713
f 1713 1793 1794 1714
f 1714 1794 1795 1715
f 1715 1795 1796 1716
f 1716 1796 1797 1717
f 1717 1797 1798 1718
f 1718 1798 1799 1719
f 1719 1799 1800 1720
f 1720 1800 1801 1721
f 1721 1801 1802 1722
f 1722 1802 1803 1723
f 1723 1803 1804 1724
f 1724 1804 1805 1725
f 1725 1805 1806 1726
f 1726 1806 1807 1727
f 1727 1807 1808 1728
f 1728 1808 1809 1729
f 1729 1809 1810 1730
f 1730 1810 1811 1731
f 1731 1811 1812 1732
f 1732 1812 1813 1733
f 1733 1813 1814 1734
f 1734 1814 1815 1735
f 1735 1815 1816 1736
f 1736 1816 1817 1737
f 1737 1817 1818 1738
f 1738 1818 1819 1739
f 1739 1819 1820 1740
f 1740 1820 1821 1741
f 1741 1821 1822 1742
f 1742 1822 1823 1743
f 1743 1823 1824 1744
f 1744 1824 1825 1745
f 1745 1825 1826 1746
f 1746 1826 1827 1747
f 1747 1827 1828 1748
f 1748 1828 1829 1749
f 1749 1829 1830 1750
f 1750 1830 1831 1751
f 1751 1831 1832 1752
f 1752 1832 1833 1753
f 1753 1833 1834 1754
f 1754 1834 1835 1755
f 1755 1835 1836 1756
f 1756 1836 1837 1757
f 1757 1837 1838 1758
f 1758 1838 1839 1759
f 1759 1839 1840 1760
f 1760 1840 1761 1681
f 1761 1841 1842 1762
f 1762 1842 1843 1763
f 1763 1843 1844 1764
f 1764 1844 1845 1765
f 1765 1845 1846 1766
f 1766 1846 1847 1767
f 1767 1847 1848 1768
f 1768 1848 1849 1769
f 1769 1849 1850 1770
f 1770 1850 1851 1771
f 1771 1851 1852 1772
f 1772 1852 1853 1773
f 1773 1853 1854 1774
f 1774 1854 1855 1775
f 1775 1855 1856 1776
f 1776 1856 1857 1777
f 1777 1857 1858 1778
f 1778 1858 1859 1779
f 1779 1859 1860 1780
f 1780 1860 1861 1781
f 1781 1861 1862 1782
f 1782 1862 1863 1783
f 1783 1863 1864 1784
f 1784 1864 1865 1785
f 1785 1865 1866 1786
f 1786 1866 1867 1787
f 1787 1867 1868 1788
f 1788 1868 1869 1789
f 1789 1869 1870 1790
f 1790 1870 1871 1791
f 1791 1871 1872 1792
f 1792 1872 1873 1793
f 1793 1873 1874 1794
f 1794 1874 1875 1795
f 1795 1875 1876 1796
f 1796 1876 1877 1797
f 1797 1877 1878 1798
f 1798 1878 1879 1799
f 1799 1879 1880 1800
f 1800 1880 1881 1801
f 1801 1881 1882 1802
f 1802 1882 1883 1803
f 1803 1883 1884 1804
f 1804 1884 1885 1805
f 1805 1885 1886 1806
f 1806 1886 1887 1807
f 1807 1887 1888 1808
f 1808 1888 1889 1809
f 1809 1889 1890 1810
f 1810 1890 1891 1811
f 1811 1891 1892 1812
f 1812 1892 1893 1813
f 1813 1893 1894 1814
f 1814 1894 1895 1815
f 1815 1895 1896 1816
f 1816 1896 1897 1817
f 1817 1897 1898 1818
f 1818 1898 1899 1819
f 1819 1899 1900 1820
f 1820 1900 1901 1821
f 1821 1901 1902 1822
f 1822 1902 1903 1823
f 1823 1903 1904 1824
f 1824 1904 1905 1825
f 1825 1905 1906 1826
f 1826 1906 1907 1827
f 1827 1907 1908 1828
f 1828 1908 1909 1829
f 1829 1909 1910 1830
f 1830 1910 1911 1831
f 1831 1911 1912 1832
f 1832 1912 1913 1833
f 1833 1913 1914 1834
f 1834 1914 1915 1835
f 1835 1915 1916 1836
f 1836 1916 1917 1837
f 1837 1917 1918 1838
f 1838 1918 1919 1839
f 1839 1919 1920 1840
f 1840 1920 1841 1761
f 1841 1921 1922 1842
f 1842 1922 1923 1843
f 1843 1923 1924 1844
f 1844 1924 1925 1845
f 1845 1925 1926 1846
f 1846 1926 1927 1847
f 1847 1927 1928 1848
f 1848 1928 1929 1849
f 1849 1929 1930 1850
f 1850 1930 1931 1851
f 1851 1931 1932 1852
f 1852 1932 1933 1853
f 1853 1933 1934 1854
f 1854 1934 1935 1855
f 1855 1935 1936 1856
f 1856 1936 1937 1857
f 1857 1937 1938 1858
f 1858 1938 1939 1859
f 1859 1939 1940 1860
f 1860 1940 1941 1861
f 1861 1941 1942 1862
f 1862 1942 1943 1863
f 1863 1943 1944 1864
f 1864 1944 1945 1865
f 1865 1945 1946 1866
f 1866 1946 1947 1867
f 1867 1947 1948 1868
f 1868 1948 1949 1869
f 1869 1949 1950 1870
f 1870 1950 1951 1871
f 1871 1951 1952 1872
f 1872 1952 1953 1873
f 1873 1953 1954 1874
f 1874 1954 1955 1875
f 1875 1955 1956 1876
f 1876 1956 1957 1877
f 1877 1957 1958 1878
f 1878 1958 1959 1879
f 1879 1959 1960 1880
f 1880 1960 1961 1881
f 1881 1961 1962 1882
f 1882 1962 1963 1883
f 1883 1963 1964 1884
f 1884 1964 1965 1885
f 1885 1965 1966 1886
f 1886 1966 1967 1887
f 1887 1967 1968 1888
f 1888 1968 1969 1889
f 1889 1969 1970 1890
f 1890 1970 1971 1891
f 1891 1971 1972 1892
f 1892 1972 1973 1893
f 1893 1973 1974 1894
f 1894 1974 1975 1895
f 1895 1975 1976 1896
f 1896 1976 1977 1897
f 1897 1977 1978 1898
f 1898 1978 1979 1899
f 1899 1979 1980 1900
f 1900 1980 1981 1901
f 1901 1981 1982 1902
f 1902 1982 1983 1903
f 1903 1983 1984 1904
f 1904 1984 1985 1905
f 1905 1985 1986 1906
f 1906 1986 1987 1907
f 1907 1987 1988 1908
f 1908 1988 1989 1909
f 1909 1989 1990 1910
f 1910 1990 1991 1911
f 1911 1991 1992 1912
f 1912 1992 1993 1913
f 1913 1993 1994 1914
f 1914 1994 1995 1915
f 1915 1995 1996 1916
f 1916 1996 1997 1917
f 1917 1997 1998 1918
f 1918 1998 1999 1919
f 1919 1999 2000 1920
f 1920 2000 1921 1841
f 1921 2001 2002 1922
f 1922 2002 2003 1923
f 1923 2003 2004 1924
f 1924 2004 2005 1925
f 1925 2005 2006 1926
f 1926 2006 2007 1927
f 1927 2007 2008 1928
f 1928 2008 2009 1929
f 1929 2009 2010 1930
f 1930 2010 2011 1931
f 1931 2011 2012 1932
f 1932 2012 2013 1933
f 1933 2013 2014 1934
f 1934 2014 2015 1935
f 1935 2015 2016 1936
f 1936 2016 2017 1937
f 1937 2017 2018 1938
f 1938 2018 2019 1939
f 1939 2019 2020 1940
f 1940 2020 2021 1941
f 1941 2021 2022 1942
f 1942 2022 2023 1943
f 1943 2023 2024 1944
f 1944 2024 2025 1945
f 1945 2025 2026 1946
f 1946 2026 2027 1947
f 1947 2027 2028 1948
f 1948 2028 2029 1949
f 1949 2029 2030 1950
f 1950 2030 2031 1951
f 1951 2031 2032 1952
f 1952 2032 2033 1953
f 1953 2033 2034 1954
f 1954 2034 2035 1955
f 1955 2035 2036 1956
f 1956 2036 2037 1957
f 1957 2037 2038 1958
f 1958 2038 2039 1959
f 1959 2039 2040 1960
f 1960 2040 2041 1961
f 1961 2041 2042 1962
f 1962 2042 2043 1963
f 1963 2043 2044 1964
f 1964 2044 2045 1965
f 1965 2045 2046 1966
f 1966 2046 2047 1967
f 1967 2047 2048 1968
f 1968 2048 2049 1969
f 1969 2049 2050 1970
f 1970 2050 2051 1971
f 1971 2051 2052 1972
f 1972 2052 2053 1973
f 1973 2053 2054 1974
f 1974 2054 2055 1975
f 1975 2055 2056 1976
f 1976 2056 2057 1977
f 1977 2057 2058 1978
f 1978 2058 2059 1979
f 1979 2059 2060 1980
f 1980 2060 2061 1981
f 1981 2061 2062 1982
f 1982 2062 2063 1983
f 1983 2063 2064 1984
f 1984 2064 2065 1985
f 1985 2065 2066 1986
f 1986 2066 2067 1987
f 1987 2067 2068 1988
f 1988 2068 2069 1989
f 1989 2069 2070 1990
f 1990 2070 2071 1991
f 1991 2071 2072 1992
f 1992 2072 2073 1993
f 1993 2073 2074 1994
f 1994 2074 2075 1995
f 1995 2075 2076 1996
f 1996 2076 2077 1997
f 1997 2077 2078 1998
f 1998 2078 2079 1999
f 1999 2079 2080 2000
f 2000 2080 2001 1921
f 2001 2081 2082 2002
f 2002 2082 2083 2003
f 2003 2083 2084 2004
f 2004 2084 2085 2005
f 2005 2085 2086 2006
f 2006 2086 2087 2007
f 2007 2087 2088 2008
f 2008 2088 2089 2009
f 2009 2089 2090 2010
f 2010 2090 2091 2011
f 2011 2091 2092 2012
f 2012 2092 2093 2013
f 2013 2093 2094 2014
f 2014 2094 2095 2015
f 2015 2095 2096 2016
f 2016 2096 2097 2017
f 2017 2097 2098 2018
f 2018 2098 2099 2019
f 2019 2099 2100 2020
f 2020 2100 2101 2021
f 2021 2101 2102 2022
f 2022 2102 2103 2023
f 2023 2103 2104 2024
f 2024 2104 2105 2025
f 2025 2105 2106 2026
f 2026 2106 2107 2027
f 2027 2107 2108 2028
f 2028 2108 2109 2029
f 2029 2109 2110 2030
f 2030 2110 2111 2031
f 2031 2111 2112 2032
f 2032 2112 2113 2033
f 2033 2113 2114 2034
f 2034 2114 2115 2035
f 2035 2115 2116 2036
f 2036 2116 2117 2037
f 2037 2117 2118 2038
f 2038 2118 2119 2039
f 2039 2119 2120 2040
f 2040 2120 2121 2041
f 2041 2121 2122 2042
f 2042 2122 2123 2043
f 2043 2123 2124 2044
f 2044 2124 2125 2045
f 2045 2125 2126 2046
f 2046 2126 2127 2047
f 2047 2127 2128 2048
f 2048 2128 2129 2049
f 2049 2129 2130 2050
f 2050 2130 2131 2051
f 2051 2131 2132 2052
f 2052 2132 2133 2053
f 2053 2133 2134 2054
f 2054 2134 2135 2055
f 2055 2135 2136 2056
f 2056 2136 2137 2057
f 2057 2137 2138 2058
f 2058 2138 2139 2059
f 2059 2139 2140 2060
f 2060 2140 2141 2061
f 2061 2141 2142 2062
f 2062 2142 2143 2063
f 2063 2143 2144 2064
f 2064 2144 2145 2065
f 2065 2145 2146 2066
f 2066 2146 2147 2067
f 2067 2147 2148 2068
f 2068 2148 2149 2069
f 2069 2149 2150 2070
f 2070 2150 2151 2071
f 2071 2151 2152 2072
f 2072 2152 2153 2073
f 2073 2153 2154 2074
f 2074 2154 2155 2075
f 2075 2155 2156 2076
f 2076 2156 2157 2077
f 2077 2157 2158 2078
f 2078 2158 2159 2079
f 2079 2159 2160 2080
f 2080 2160 2081 2001
f 2081 2161 2162 2082
f 2082 2162 2163 2083
f 2083 2163 2164 2084
f 2084 2164 2165 2085
f 2085 2165 2166 2086
f 2086 2166 2167 2087
f 2087 2167 2168 2088
f 2088 2168 2169 2089
f 2089 2169 2170 2090
f 2090 2170 2171 2091
f 2091 2171 2172 2092
f 2092 2172 2173 2093
f 2093 2173 2174 2094
f 2094 2174 2175 2095
f 2095 2175 2176 2096
f 2096 2176 2177 2097
f 2097 2177 2178 2098
f 2098 2178 2179 2099
f 2099 2179 2180 2100
f 2100 2180 2181 2101
f 2101 2181 2182 2102
f 2102 2182 2183 2103
f 2103 2183 2184 2104
f 2104 2184 2185 2105
f 2105 2185 2186 2106
f 2106 2186 2187 2107
f 2107 2187 2188 2108
f 2108 2188 2189 2109
f 2109 2189 2190 2110
f 2110 2190 2191 2111
f 2111 2191 2192 2112
f 2112 2192 2193 2113
f 2113 2193 2194 2114
f 2114 2194 2195 2115
f 2115 2195 2196 2116
f 2116 2196 2197 2117
f 2117 2197 2198 2118
f 2118 2198 2199 2119
f 2119 2199 2200 2120
f 2120 2200 2201 2121
f 2121 2201 2202 2122
f 2122 2202 2203 2123
f 2123 2203 2204 2124
f 2124 2204 2205 2125
f 2125 2205 2206 2126
f 2126 2206 2207 2127
f 2127 2207 2208 2128
f 2128 2208 2209 2129
f 2129 2209 2210 2130
f 2130 2210 2211 2131
f 2131 2211 2212 2132
f 2132 2212 2213 2133
f 2133 2213 2214 2134
f 2134 2214 2215 2135
f 2135 2215 2216 2136
f 2136 2216 2217 2137
f 2137 2217 2218 2138
f 2138 2218 2219 2139
f 2139 2219 2220 2140
f 2140 2220 2221 2141
f 2141 2221 2222 2142
f 2142 2222 2223 2143
f 2143 2223 2224 2144
f 2144 2224 2225 2145
f 2145 2225 2226 2146
f 2146 2226 2227 2147
f 2147 2227 2228 2148
f 2148 2228 2229 2149
f 2149 2229 2230 2150
f 2150 2230 2231 2151
f 2151 2231 2232 2152
f 2152 2232 2233 2153
f 2153 2233 2234 2154
f 2154 2234 2235 2155
f 2155 2235 2236 2156
f 2156 2236 2237 2157
f 2157 2237 2238 2158
f 2158 2238 2239 2159
f 2159 2239 2240 2160
f 2160 2240 2161 2081
f 2161 2241 2242 2162
f 2162 2242 2243 2163
f 2163 2243 2244 2164
f 2164 2244 2245 2165
f 2165 2245 2246 2166
f 2166 2246 2247 2167
f 2167 2247 2248 2168
f 2168 2248 2249 2169
f 2169 2249 2250 2170
f 2170 2250 2251 2171
f 2171 2251 2252 2172
f 2172 2252 2253 2173
f 2173 2253 2254 2174
f 2174 2254 2255 2175
f 2175 2255 2256 2176
f 2176 2256 2257 2177
f 2177 2257 2258 2178
f 2178 2258 2259 2179
f 2179 2259 2260 2180
f 2180 2260 2261 2181
f 2181 2261 2262 2182
f 2182 2262 2263 2183
f 2183 2263 2264 2184
f 2184 2264 2265 2185
f 2185 2265 2266 2186
f 2186 2266 2267 2187
f 2187 2267 2268 2188
f 2188 2268 2269 2189
f 2189 2269 2270 2190
f 2190 2270 2271 2191
f 2191 2271 2272 2192
f 2192 2272 2273 2193
f 2193 2273 2274 2194
f 2194 2274 2275 2195
f 2195 2275 2276 2196
f 2196 2276 2277 2197
f 2197 2277 2278 2198
f 2198 2278 2279 2199
f 2199 2279 2280 2200
f 2200 2280 2281 2201
f 2201 2281 2282 2202
f 2202 2282 2283 2203
f 2203 2283 2284 2204
f 2204 2284 2285 2205
f 2205 2285 2286 2206
f 2206 2286 2287 2207
f 2207 2287 2288 2208
f 2208 2288 2289 2209
f 2209 2289 2290 2210
f 2210 2290 2291 2211
f 2211 2291 2292 2212
f 2212 2292 2293 2213
f 2213 2293 2294 2214
f 2214 2294 2295 2215
f 2215 2295 2296 2216
f 2216 2296 2297 2217
f 2217 2297 2298 2218
f 2218 2298 2299 2219
f 2219 2299 2300 2220
f 2220 2300 2301 2221
f 2221 2301 2302 2222
f 2222 2302 2303 2223
f 2223 2303 2304 2224
f 2224 2304 2305 2225
f 2225 2305 2306 2226
f 2226 2306 2307 2227
f 2227 2307 2308 2228
f 2228 2308 2309 2229
f 2229 2309 2310 2230
f 2230 2310 2311 2231
f 2231 2311 2312 2232
f 2232 2312 2313 2233
f 2233 2313 2314 2234
f 2234 2314 2315 2235
f 2235 2315 2316 2236
f 2236 2316 2317 2237
f 2237 2317 2318 2238
f 2238 2318 2319 2239
f 2239 2319 2320 2240
f 2240 2320 2241 2161
f 2241 2321 2322 2242
f 2242 2322 2323 2243
f 2243 2323 2324 2244
f 2244 2324 2325 2245
f 2245 2325 2326 2246
f 2246 2326 2327 2247
f 2247 2327 2328 2248
f 2248 2328 2329 2249
f 2249 2329 2330 2250
f 2250 2330 2331 2251
f 2251 2331 2332 2252
f 2252 2332 2333 2253
f 2253 2333 2334 2254
f 2254 2334 2335 2255
f 2255 2335 2336 2256
f 2256 2336 2337 2257
f 2257 2337 2338 2258
f 2258 2338 2339 2259
f 2259 2339 2340 2260
f 2260 2340 2341 2261
f 2261 2341 2342 2262
f 2262 2342 2343 2263
f 2263 2343 2344 2264
f 2264 2344 2345 2265
f 2265 2345 2346 2266
f 2266 2346 2347 2267
f 2267 2347 2348 2268
f 2268 2348 2349 2269
f 2269 2349 2350 2270
f 2270 2350 2351 2271
f 2271 2351 2352 2272
f 2272 2352 2353 2273
f 2273 2353 2354 2274
f 2274 2354 2355 2275
f 2275 2355 2356 2276
f 2276 2356 2357 2277
f 2277 2357 2358 2278
f 2278 2358 2359 2279
f 2279 2359 2360 2280
f 2280 2360 2361 2281
f 2281 2361 2362 2282
f 2282 2362 2363 2283
f 2283 2363 2364 2284
f 2284 2364 2365 2285
f 2285 2365 2366 2286
f 2286 2366 2367 2287
f 2287 2367 2368 2288
f 2288 2368 2369 2289
f 2289 2369 2370 2290
f 2290 2370 2371 2291
f 2291 2371 2372 2292
f 2292 2372 2373 2293
f 2293 2373 2374 2294
f 2294 2374 2375 2295
f 2295 2375 2376 2296
f 2296 2376 2377 2297
f 2297 2377 2378 2298
f 2298 2378 2379 2299
f 2299 2379 2380 2300
f 2300 2380 2381 2301
f 2301 2381 2382 2302
f 2302 2382 2383 2303
f 2303 2383 2384 2304
f 2304 2384 2385 2305
f 2305 2385 2386 2306
f 2306 2386 2387 2307
f 2307 2387 2388 2308
f 2308 2388 2389 2309
f 2309 2389 2390 2310
f 2310 2390 2391 2311
f 2311 2391 2392 2312
f 2312 2392 2393 2313
f 2313 2393 2394 2314
f 2314 2394 2395 2315
f 2315 2395 2396 2316
f 2316 2396 2397 2317
f 2317 2397 2398 2318
f 2318 2398 2399 2319
f 2319 2399 2400 2320
f 2320 2400 2321 2241
f 2321 2401 2402 2322
f 2322 2402 2403 2323
f 2323 2403 2404 2324
f 2324 2404 2405 2325
f 2325 2405 2406 2326
f 2326 2406 2407 2327
f 2327 2407 2408 2328
f 2328 2408 2409 2329
f 2329 2409 2410 2330
f 2330 2410 2411 2331
f 2331 2411 2412 2332
f 2332 2412 2413 2333
f 2333 2413 2414 2334
f 2334 2414 2415 2335
f 2335 2415 2416 2336
f 2336 2416 2417 2337
f 2337 2417 2418 2338
f 2338 2418 2419 2339
f 2339 2419 2420 2340
f 2340 2420 2421 2341
f 2341 2421 2422 2342
f 2342 2422 2423 2343
f 2343 2423 2424 2344
f 2344 2424 2425 2345
f 2345 2425 2426 2346
f 2346 2426 2427 2347
f 2347 2427 2428 2348
f 2348 2428 2429 2349
f 2349 2429 2430 2350
f 2350 2430 2431 2351
f 2351 2431 2432 2352
f 2352 2432 2433 2353
f 2353 2433 2434 2354
f 2354 2434 2435 2355
f 2355 2435 2436 2356
f 2356 2436 2437 2357
f 2357 2437 2438 2358
f 2358 2438 2439 2359
f 2359 2439 2440 2360
f 2360 2440 2441 2361
f 2361 2441 2442 2362
f 2362 2442 2443 2363
f 2363 2443 2444 2364
f 2364 2444 2445 2365
f 2365 2445 2446 2366
f 2366 2446 2447 2367
f 2367 2447 2448 2368
f 2368 2448 2449 2369
f 2369 2449 2450 2370
f 2370 2450 2451 2371
f 2371 2451 2452 2372
f 2372 2452 2453 2373
f 2373 2453 2454 2374
f 2374 2454 2455 2375
f 2375 2455 2456 2376
f 2376 2456 2457 2377
f 2377 2457 2458 2378
f 2378 2458 2459 2379
f 2379 2459 2460 2380
f 2380 2460 2461 2381
f 2381 2461 2462 2382
f 2382 2462 2463 2383
f 2383 2463 2464 2384
f 2384 2464 2465 2385
f 2385 2465 2466 2386
f 2386 2466 2467 2387
f 2387 2467 2468 2388
f 2388 2468 2469 2389
f 2389 2469 2470 2390
f 2390 2470 2471 2391
f 2391 2471 2472 2392
f 2392 2472 2473 2393
f 2393 2473 2474 2394
f 2394 2474 2475 2395
f 2395 2475 2476 2396
f 2396 2476 2477 2397
f 2397 2477 2478 2398
f 2398 2478 2479 2399
f 2399 2479 2480 2400
f 2400 2480 2401 2321
f 2401 2481 2482 2402
f 2402 2482 2483 2403
f 2403 2483 2484 2404
f 2404 2484 2485 2405
f 2405 2485 2486 2406
f 2406 2486 2487 2407
f 2407 2487 2488 2408
f 2408 2488 2489 2409
f 2409 2489 2490 2410
f 2410 2490 2491 2411
f 2411 2491 2492 2412
f 2412 2492 2493 2413
f 2413 2493 2494 2414
f 2414 2494 2495 2415
f 2415 2495 2496 2416
f 2416 2496 2497 2417
f 2417 2497 2498 2418
f 2418 2498 2499 2419
f 2419 2499 2500 2420
f 2420 2500 2501 2421
f 2421 2501 2502 2422
f 2422 2502 2503 2423
f 2423 2503 2504 2424
f 2424 2504 2505 2425
f 2425 2505 2506 2426
f 2426 2506 2507 2427
f 2427 2507 2508 2428
f 2428 2508 2509 2429
f 2429 2509 2510 2430
f 2430 2510 2511 2431
f 2431 2511 2512 2432
f 2432 2512 2513 2433
f 2433 2513 2514 2434
f 2434 2514 2515 2435
f 2435 2515 2516 2436
f 2436 2516 2517 2437
f 2437 2517 2518 2438
f 2438 2518 2519 2439
f 2439 2519 2520 2440
f 2440 2520 2521 2441
f 2441 2521 2522 2442
f 2442 2522 2523 2443
f 2443 2523 2524 2444
f 2444 2524 2525 2445
f 2445 2525 2526 2446
f 2446 2526 2527 2447
f 2447 2527 2528 2448
f 2448 2528 2529 2449
f 2449 2529 2530 2450
f 2450 2530 2531 2451
f 2451 2531 2532 2452
f 2452 2532 2533 2453
f 2453 2533 2534 2454
f 2454 2534 2535 2455
f 2455 2535 2536 2456
f 2456 2536 2537 2457
f 2457 2537 2538 2458
f 2458 2538 2539 2459
f 2459 2539 2540 2460
f 2460 2540 2541 2461
f 2461 2541 2542 2462
f 2462 2542 2543 2463
f 2463 2543 2544 2464
f 2464 2544 2545 2465
f 2465 2545 2546 2466
f 2466 2546 2547 2467
f 2467 2547 2548 2468
f 2468 2548 2549 2469
f 2469 2549 2550 2470
f 2470 2550 2551 2471
f 2471 2551 2552 2472
f 2472 2552 2553 2473
f 2473 2553 2554 2474
f 2474 2554 2555 2475
f 2475 2555 2556 2476
f 2476 2556 2557 2477
f 2477 2557 2558 2478
f 2478 2558 2559 2479
f 2479 2559 2560 2480
f 2480 2560 2481 2401
f 2481 2561 2562 2482
f 2482 2562 2563 2483
f 2483 2563 2564 2484
f 2484 2564 2565 2485
f 2485 2565 2566 2486
f 2486 2566 2567 2487
f 2487 2567 2568 2488
f 2488 2568 2569 2489
f 2489 2569 2570 2490
f 2490 2570 2571 2491
f 2491 2571 2572 2492
f 2492 2572 2573 2493
f 2493 2573 2574 2494
f 2494 2574 2575 2495
f 2495 2575 2576 2496
f 2496 2576 2577 2497
f 2497 2577 2578 2498
f 2498 2578 2579 2499
f 2499 2579 2580 2500
f 2500 2580 2581 2501
f 2501 2581 2582 2502
f 2502 2582 2583 2503
f 2503 2583 2584 2504
f 2504 2584 2585 2505
f 2505 2585 2586 2506
f 2506 2586 2587 2507
f 2507 2587 2588 2508
f 2508 2588 2589 2509
f 2509 2589 2590 2510
f 2510 2590 2591 2511
f 2511 2591 2592 2512
f 2512 2592 2593 2513
f 2513 2593 2594 2514
f 2514 2594 2595 2515
f 2515 2595 2596 2516
f 2516 2596 2597 2517
f 2517 2597 2598 2518
f 2518 2598 2599 2519
f 2519 2599 2600 2520
f 2520 2600 2601 2521
f 2521 2601 2602 2522
f 2522 2602 2603 2523
f 2523 2603 2604 2524
f 2524 2604 2605 2525
f 2525 2605 2606 2526
f 2526 2606 2607 2527
f 2527 2607 2608 2528
f 2528 2608 2609 2529
f 2529 2609 2610 2530
f 2530 2610 2611 2531
f 2531 2611 2612 2532
f 2532 2612 2613 2533
f 2533 2613 2614 2534
f 2534 2614 2615 2535
f 2535 2615 2616 2536
f 2536 2616 2617 2537
f 2537 2617 2618 2538
f 2538 2618 2619 2539
f 2539 2619 2620 2540
f 2540 2620 2621 2541
f 2541 2621 2622 2542
f 2542 2622 2623 2543
f 2543 2623 2624 2544
f 2544 2624 2625 2545
f 2545 2625 2626 2546
f 2546 2626 2627 2547
f 2547 2627 2628 2548
f 2548 2628 2629 2549
f 2549 2629 2630 2550
f 2550 2630 2631 2551
f 2551 2631 2632 2552
f 2552 2632 2633 2553
f 2553 2633 2634 2554
f 2554 2634 2635 2555
f 2555 2635 2636 2556
f 2556 2636 2637 2557
f 2557 2637 2638 2558
f 2558 2638 2639 2559
f 2559 2639 2640 2560
f 2560 2640 2561 2481
f 2561 2641 2642 2562
f 2562 2642 2643 2563
f 2563 2643 2644 2564
f 2564 2644 2645 2565
f 2565 2645 2646 2566
f 2566 2646 2647 2567
f 2567 2647 2648 2568
f 2568 2648 2649 2569
f 2569 2649 2650 2570
f 2570 2650 2651 2571
f 2571 2651 2652 2572
f 2572 2652 2653 2573
f 2573 2653 2654 2574
f 2574 2654 2655 2575
f 2575 2655 2656 2576
f 2576 2656 2657 2577
f 2577 2657 2658 2578
f 2578 2658 2659 2579
f 2579 2659 2660 2580
f 2580 2660 2661 2581
f 2581 2661 2662 2582
f 2582 2662 2663 2583
f 2583 2663 2664 2584
f 2584 2664 2665 2585
f 2585 2665 2666 2586
f 2586 2666 2667 2587
f 2587 2667 2668 2588
f 2588 2668 2669 2589
f 2589 2669 2670 2590
f 2590 2670 2671 2591
f 2591 2671 2672 2592
f 2592 2672 2673 2593
f 2593 2673 2674 2594
f 2594 2674 2675 2595
f 2595 2675 2676 2596
f 2596 2676 2677 2597
f 2597 2677 2678 2598
f 2598 2678 2679 2599
f 2599 2679 2680 2600
f 2600 2680 2681 2601
f 2601 2681 2682 2602
f 2602 2682 2683 2603
f 2603 2683 2684 2604
f 2604 2684 2685 2605
f 2605 2685 2686 2606
f 2606 2686 2687 2607
f 2607 2687 2688 2608
f 2608 2688 2689 2609
f 2609 2689 2690 2610
f 2610 2690 2691 2611
f 2611 2691 2692 2612
f 2612 2692 2693 2613
f 2613 2693 2694 2614
f 2614 2694 2695 2615
f 2615 2695 2696 2616
f 2616 2696 2697 2617
f 2617 2697 2698 2618
f 2618 2698 2699 2619
f 2619 2699 2700 2620
f 2620 2700 2701 2621
f 2621 2701 2702 2622
f 2622 2702 2703 2623
f 2623 2703 2704 2624
f 2624 2704 2705 2625
f 2625 2705 2706 2626
f 2626 2706 2707 2627
f 2627 2707 2708 2628
f 2628 2708 2709 2629
f 2629 2709 2710 2630
f 2630 2710 2711 2631
f 2631 2711 2712 2632
f 2632 2712 2713 2633
f 2633 2713 2714 2634
f 2634 2714 2715 2635
f 2635 2715 2716 2636
f 2636 2716 2717 2637
f 2637 2717 2718 2638
f 2638 2718 2719 2639
f 2639 2719 2720 2640
f 2640 2720 2641 2561
f 2641 2721 2722 2642
f 2642 2722 2723 2643
f 2643 2723 2724 2644
f 2644 2724 2725 2645
f 2645 2725 2726 2646
f 2646 2726 2727 2647
f 2647 2727 2728 2648
f 2648 2728 2729 2649
f 2649 2729 2730 2650
f 2650 2730 2731 2651
f 2651 2731 2732 2652
f 2652 2732 2733 2653
f 2653 2733 2734 2654
f 2654 2734 2735 2655
f 2655 2735 2736 2656
f 2656 2736 2737 2657
f 2657 2737 2738 2658
f 2658 2738 2739 2659
f 2659 2739 2740 2660
f 2660 2740 2741 2661
f 2661 2741 2742 2662
f 2662 2742 2743 2663
f 2663 2743 2744 2664
f 2664 2744 2745 2665
f 2665 2745 2746 2666
f 2666 2746 2747 2667
f 2667 2747 2748 2668
f 2668 2748 2749 2669
f 2669 2749 2750 2670
f 2670 2750 2751 2671
f 2671 2751 2752 2672
f 2672 2752 2753 2673
f 2673 2753 2754 2674
f 2674 2754 2755 2675
f 2675 2755 2756 2676
f 2676 2756 2757 2677
f 2677 2757 2758 2678
f 2678 2758 2759 2679
f 2679 2759 2760 2680
f 2680 2760 2761 2681
f 2681 2761 2762 2682
f 2682 2762 2763 2683
f 2683 2763 2764 2684
f 2684 2764 2765 2685
f 2685 2765 2766 2686
f 2686 2766 2767 2687
f 2687 2767 2768 2688
f 2688 2768 2769 2689
f 2689 2769 2770 2690
f 2690 2770 2771 2691
f 2691 2771 2772 2692
f 2692 2772 2773 2693
f 2693 2773 2774 2694
f 2694 2774 2775 2695
f 2695 2775 2776 2696
f 2696 2776 2777 2697
f 2697 2777 2778 2698
f 2698 2778 2779 2699
f 2699 2779 2780 2700
f 2700 2780 2781 2701
f 2701 2781 2782 2702
f 2702 2782 2783 2703
f 2703 2783 2784 2704
f 2704 2784 2785 2705
f 2705 2785 2786 2706
f 2706 2786 2787 2707
f 2707 2787 2788 2708
f 2708 2788 2789 2709
f 2709 2789 2790 2710
f 2710 2790 2791 2711
f 2711 2791 2792 2712
f 2712 2792 2793 2713
f 2713 2793 2794 2714
f 2714 2794 2795 2715
f 2715 2795 2796 2716
f 2716 2796 2797 2717
f 2717 2797 2798 2718
f 2718 2798 2799 2719
f 2719 2799 2800 2720
f 2720 2800 2721 2641
f 2721 2801 2802 2722
f 2722 2802 2803 2723
f 2723 2803 2804 2724
f 2724 2804 2805 2725
f 2725 2805 2806 2726
f 2726 2806 2807 2727
f 2727 2807 2808 2728
f 2728 2808 2809 2729
f 2729 2809 2810 2730
f 2730 2810 2811 2731
f 2731 2811 2812 2732
f 2732 2812 2813 2733
f 2733 2813 2814 2734
f 2734 2814 2815 2735
f 2735 2815 2816 2736
f 2736 2816 2817 2737
f 2737 2817 2818 2738
f 2738 2818 2819 2739
f 2739 2819 2820 2740
f 2740 2820 2821 2741
f 2741 2821 2822 2742
f 2742 2822 2823 2743
f 2743 2823 2824 2744
f 2744 2824 2825 2745
f 2745 2825 2826 2746
f 2746 2826 2827 2747
f 2747 2827 2828 2748
f 2748 2828 2829 2749
f 2749 2829 2830 2750
f 2750 2830 2831 2751
f 2751 2831 2832 2752
f 2752 2832 2833 2753
f 2753 2833 2834 2754
f 2754 2834 2835 2755
f 2755 2835 2836 2756
f 2756 2836 2837 2757
f 2757 2837 2838 2758
f 2758 2838 2839 2759
f 2759 2839 2840 2760
f 2760 2840 2841 2761
f 2761 2841 2842 2762
f 2762 2842 2843 2763
f 2763 2843 2844 2764
f 2764 2844 2845 2765
f 2765 2845 2846 2766
f 2766 2846 2847 2767
f 2767 2847 2848 2768
f 2768 2848 2849 2769
f 2769 2849 2850 2770
f 2770 2850 2851 2771
f 2771 2851 2852 2772
f 2772 2852 2853 2773
f 2773 2853 2854 2774
f 2774 2854 2855 2775
f 2775 2855 2856 2776
f 2776 2856 2857 2777
f 2777 2857 2858 2778
f 2778 2858 2859 2779
f 2779 2859 2860 2780
f 2780 2860 2861 2781
f 2781 2861 2862 2782
f 2782 2862 2863 2783
f 2783 2863 2864 2784
f 2784 2864 2865 2785
f 2785 2865 2866 2786
f 2786 2866 2867 2787
f 2787 2867 2868 2788
f 2788 2868 2869 2789
f 2789 2869 2870 2790
f 2790 2870 2871 2791
f 2791 2871 2872 2792
f 2792 2872 2873 2793
f 2793 2873 2874 2794
f 2794 2874 2875 2795
f 2795 2875 2876 2796
f 2796 2876 2877 2797
f 2797 2877 2878 2798
f 2798 2878 2879 2799
f 2799 2879 2880 2800
f 2800 2880 2801 2721
f 2801 2881 2882 2802
f 2802 2882 2883 2803
f 2803 2883 2884 2804
f 2804 2884 2885 2805
f 2805 2885 2886 2806
f 2806 2886 2887 2807
f 2807 2887 2888 2808
f 2808 2888 2889 2809
f 2809 2889 2890 2810
f 2810 2890 2891 2811
f 2811 2891 2892 2812
f 2812 2892 2893 2813
f 2813 2893 2894 2814
f 2814 2894 2895 2815
f 2815 2895 2896 2816
f 2816 2896 2897 2817
f 2817 2897 2898 2818
f 2818 2898 2899 2819
f 2819 2899 2900 2820
f 2820 2900 2901 2821
f 2821 2901 2902 2822
f 2822 2902 2903 2823
f 2823 2903 2904 2824
f 2824 2904 2905 2825
f 2825 2905 2906 2826
f 2826 2906 2907 2827
f 2827 2907 2908 2828
f 2828 2908 2909 2829
f 2829 2909 2910 2830
f 2830 2910 2911 2831
f 2831 2911 2912 2832
f 2832 2912 2913 2833
f 2833 2913 2914 2834
f 2834 2914 2915 2835
f 2835 2915 2916 2836
f 2836 2916 2917 2837
f 2837 2917 2918 2838
f 2838 2918 2919 2839
f 2839 2919 2920 2840
f 2840 2920 2921 2841
f 2841 2921 2922 2842
f 2842 2922 2923 2843
f 2843 2923 2924 2844
f 2844 2924 2925 2845
f 2845 2925 2926 2846
f 2846 2926 2927 2847
f 2847 2927 2928 2848
f 2848 2928 2929 2849
f 2849 2929 2930 2850
f 2850 2930 2931 2851
f 2851 2931 2932 2852
f 2852 2932 2933 2853
f 2853 2933 2934 2854
f 2854 2934 2935 2855
f 2855 2935 2936 2856
f 2856 2936 2937 2857
f 2857 2937 2938 2858
f 2858 2938 2939 2859
f 2859 2939 2940 2860
f 2860 2940 2941 2861
f 2861 2941 2942 2862
f 2862 2942 2943 2863
f 2863 2943 2944 2864
f 2864 2944 2945 2865
f 2865 2945 2946 2866
f 2866 2946 2947 2867
f 2867 2947 2948 2868
f 2868 2948 2949 2869
f 2869 2949 2950 2870
f 2870 2950 2951 2871
f 2871 2951 2952 2872
f 2872 2952 2953 2873
f 2873 2953 2954 2874
f 2874 2954 2955 2875
f 2875 2955 2956 2876
f 2876 2956 2957 2877
f 2877 2957 2958 2878
f 2878 2958 2959 2879
f 2879 2959 2960 2880
f 2880 2960 2881 2801
f 2881 2961 2962 2882
f 2882 2962 2963 2883
f 2883 2963 2964 2884
f 2884 2964 2965 2885
f 2885 2965 2966 2886
f 2886 2966 2967 2887
f 2887 2967 2968 2888
f 2888 2968 2969 2889
f 2889 2969 2970 2890
f 2890 2970 2971 2891
f 2891 2971 2972 2892
f 2892 2972 2973 2893
f 2893 2973 2974 2894
f 2894 2974 2975 2895
f 2895 2975 2976 2896
f 2896 2976 2977 2897
f 2897 2977 2978 2898
f 2898 2978 2979 2899
f 2899 2979 2980 2900
f 2900 2980 2981 2901
f 2901 2981 2982 2902
f 2902 2982 2983 2903
f 2903 2983 2984 2904
f 2904 2984 2985 2905
f 2905 2985 2986 2906
f 2906 2986 2987 2907
f 2907 2987 2988 2908
f 2908 2988 2989 2909
f 2909 2989 2990 2910
f 2910 2990 2991 2911
f 2911 2991 2992 2912
f 2912 2992 2993 2913
f 2913 2993 2994 2914
f 2914 2994 2995 2915
f 2915 2995 2996 2916
f 2916 2996 2997 2917
f 2917 2997 2998 2918
f 2918 2998 2999 2919
f 2919 2999 3000 2920
f 2920 3000 3001 2921
f 2921 3001 3002 2922
f 2922 3002 3003 2923
f 2923 3003 3004 2924
f 2924 3004 3005 2925
f 2925 3005 3006 2926
f 2926 3006 3007 2927
f 2927 3007 3008 2928
f 2928 3008 3009 2929
f 2929 3009 3010 2930
f 2930 3010 3011 2931
f 2931 3011 3012 2932
f 2932 3012 3013 2933
f 2933 3013 3014 2934
f 2934 3014 3015 2935
f 2935 3015 3016 2936
f 2936 3016 3017 2937
f 2937 3017 3018 2938
f 2938 3018 3019 2939
f 2939 3019 3020 2940
f 2940 3020 3021 2941
f 2941 3021 3022 2942
f 2942 3022 3023 2943
f 2943 3023 3024 2944
f 2944 3024 3025 2945
f 2945 3025 3026 2946
f 2946 3026 3027 2947
f 2947 3027 3028 2948
f 2948 3028 3029 2949
f 2949 3029 3030 2950
f 2950 3030 3031 2951
f 2951 3031 3032 2952
f 2952 3032 3033 2953
f 2953 3033 3034 2954
f 2954 3034 3035 2955
f 2955 3035 3036 2956
f 2956 3036 3037 2957
f 2957 3037 3038 2958
f 2958 3038 3039 2959
f 2959 3039 3040 2960
f 2960 3040 2961 2881
f 2961 3041 3042 2962
f 2962 3042 3043 2963
f 2963 3043 3044 2964
f 2964 3044 3045 2965
f 2965 3045 3046 2966
f 2966 3046 3047 2967
f 2967 3047 3048 2968
f 2968 3048 3049 2969
f 2969 3049 3050 2970
f 2970 3050 3051 2971
f 2971 3051 3052 2972
f 2972 3052 3053 2973
f 2973 3053 3054 2974
f 2974 3054 3055 2975
f 2975 3055 3056 2976
f 2976 3056 3057 2977
f 2977 3057 3058 2978
f 2978 3058 3059 2979
f 2979 3059 3060 2980
f 2980 3060 3061 2981
f 2981 3061 3062 2982
f 2982 3062 3063 2983
f 2983 3063 3064 2984
f 2984 3064 3065 2985
f 2985 3065 3066 2986
f 2986 3066 3067 2987
f 2987 3067 3068 2988
f 2988 3068 3069 2989
f 2989 3069 3070 2990
f 2990 3070 3071 2991
f 2991 3071 3072 2992
f 2992 3072 3073 2993
f 2993 3073 3074 2994
f 2994 3074 3075 2995
f 2995 3075 3076 2996
f 2996 3076 3077 2997
f 2997 3077 3078 2998
f 2998 3078 3079 2999
f 2999 3079 3080 3000
f 3000 3080 3081 3001
f 3001 3081 3082 3002
f 3002 3082 3083 3003
f 3003 3083 3084 3004
f 3004 3084 3085 3005
f 3005 3085 3086 3006
f 3006 3086 3087 3007
f 3007 3087 3088 3008
f 3008 3088 3089 3009
f 3009 3089 3090 3010
f 3010 3090 3091 3011
f 3011 3091 3092 3012
f 3012 3092 3093 3013
f 3013 3093 3094 3014
f 3014 3094 3095 3015
f 3015 3095 3096 3016
f 3016 3096 3097 3017
f 3017 3097 3098 3018
f 3018 3098 3099 3019
f 3019 3099 3100 3020
f 3020 3100 3101 3021
f 3021 3101 3102 3022
f 3022 3102 3103 3023
f 3023 3103 3104 3024
f 3024 3104 3105 3025
f 3025 3105 3106 3026
f 3026 3106 3107 3027
f 3027 3107 3108 3028
f 3028 3108 3109 3029
f 3029 3109 3110 3030
f 3030 3110 3111 3031
f 3031 3111 3112 3032
f 3032 3112 3113 3033
f 3033 3113 3114 3034
f 3034 3114 3115 3035
f 3035 3115 3116 3036
f 3036 3116 3117 3037
f 3037 3117 3118 3038
f 3038 3118 3119 3039
f 3039 3119 3120 3040
f 3040 3120 3041 2961
f 3041 3121 3122 3042
f 3042 3122 3123 3043
f 3043 3123 3124 3044
f 3044 3124 3125 3045
f 3045 3125 3126 3046
f 3046 3126 3127 3047
f 3047 3127 3128 3048
f 3048 3128 3129 3049
f 3049 3129 3130 3050
f 3050 3130 3131 3051
f 3051 3131 3132 3052
f 3052 3132 3133 3053
f 3053 3133 3134 3054
f 3054 3134 3135 3055
f 3055 3135 3136 3056
f 3056 3136 3137 3057
f 3057 3137 3138 3058
f 3058 3138 3139 3059
f 3059 3139 3140 3060
f 3060 3140 3141 3061
f 3061 3141 3142 3062
f 3062 3142 3143 3063
f 3063 3143 3144 3064
f 3064 3144 3145 3065
f 3065 3145 3146 3066
f 3066 3146 3147 3067
f 3067 3147 3148 3068
f 3068 3148 3149 3069
f 3069 3149 3150 3070
f 3070 3150 3151 3071
f 3071 3151 3152 3072
f 3072 3152 3153 3073
f 3073 3153 3154 3074
f 3074 3154 3155 3075
f 3075 3155 3156 3076
f 3076 3156 3157 3077
f 3077 3157 3158 3078
f 3078 3158 3159 3079
f 3079 3159 3160 3080
f 3080 3160 3161 3081
f 3081 3161 3162 3082
f 3082 3162 3163 3083
f 3083 3163 3164 3084
f 3084 3164 3165 3085
f 3085 3165 3166 3086
f 3086 3166 3167 3087
f 3087 3167 3168 3088
f 3088 3168 3169 3089
f 3089 3169 3170 3090
f 3090 3170 3171 3091
f 3091 3171 3172 3092
f 3092 3172 3173 3093
f 3093 3173 3174 3094
f 3094 3174 3175 3095
f 3095 3175 3176 3096
f 3096 3176 3177 3097
f 3097 3177 3178 3098
f 3098 3178 3179 3099
f 3099 3179 3180 3100
f 3100 3180 3181 3101
f 3101 3181 3182 3102
f 3102 3182 3183 3103
f 3103 3183 3184 3104
f 3104 3184 3185 3105
f 3105 3185 3186 3106
f 3106 3186 3187 3107
f 3107 3187 3188 3108
f 3108 3188 3189 3109
f 3109 3189 3190 3110
f 3110 3190 3191 3111
f 3111 3191 3192 3112
f 3112 3192 3193 3113
f 3113 3193 3194 3114
f 3114 3194 3195 3115
f 3115 3195 3196 3116
f 3116 3196 3197 3117
f 3117 3197 3198 3118
f 3118 3198 3199 3119
f 3119 3199 3200 3120
f 3120 3200 3121 3041
f 3121 3201 3202 3122
f 3122 3202 3203 3123
f 3123 3203 3204 3124
f 3124 3204 3205 3125
f 3125 3205 3206 3126
f 3126 3206 3207 3127
f 3127 3207 3208 3128
f 3128 3208 3209 3129
f 3129 3209 3210 3130
f 3130 3210 3211 3131
f 3131 3211 3212 3132
f 3132 3212 3213 3133
f 3133 3213 3214 3134
f 3134 3214 3215 3135
f 3135 3215 3216 3136
f 3136 3216 3217 3137
f 3137 3217 3218 3138
f 3138 3218 3219 3139
f 3139 3219 3220 3140
f 3140 3220 3221 3141
f 3141 3221 3222 3142
f 3142 3222 3223 3143
f 3143 3223 3224 3144
f 3144 3224 3225 3145
f 3145 3225 3226 3146
f 3146 3226 3227 3147
f 3147 3227 3228 3148
f 3148 3228 3229 3149
f 3149 3229 3230 3150
f 3150 3230 3231 3151
f 3151 3231 3232 3152
f 3152 3232 3233 3153
f 3153 3233 3234 3154
f 3154 3234 3235 3155
f 3155 3235 3236 3156
f 3156 3236 3237 3157
f 3157 3237 3238 3158
f 3158 3238 3239 3159
f 3159 3239 3240 3160
f 3160 3240 3241 3161
f 3161 3241 3242 3162
f 3162 3242 3243 3163
f 3163 3243 3244 3164
f 3164 3244 3245 3165
f 3165 3245 3246 3166
f 3166 3246 3247 3167
f 3167 3247 3248 3168
f 3168 3248 3249 3169
f 3169 3249 3250 3170
f 3170 3250 3251 3171
f 3171 3251 3252 3172
f 3172 3252 3253 3173
f 3173 3253 3254 3174
f 3174 3254 3255 3175
f 3175 3255 3256 3176
f 3176 3256 3257 3177
f 3177 3257 3258 3178
f 3178 3258 3259 3179
f 3179 3259 3260 3180
f 3180 3260 3261 3181
f 3181 3261 3262 3182
f 3182 3262 3263 3183
f 3183 3263 3264 3184
f 3184 3264 3265 3185
f 3185 3265 3266 3186
f 3186 3266 3267 3187
f 3187 3267 3268 3188
f 3188 3268 3269 3189
f 3189 3269 3270 3190
f 3190 3270 3271 3191
f 3191 3271 3272 3192
f 3192 3272 3273 3193
f 3193 3273 3274 3194
f 3194 3274 3275 3195
f 3195 3275 3276 3196
f 3196 3276 3277 3197
f 3197 3277 3278 3198
f 3198 3278 3279 3199
f 3199 3279 3280 3200
f 3200 3280 3201 3121
f 3201 3281 3282 3202
f 3202 3282 3283 3203
f 3203 3283 3284 3204
f 3204 3284 3285 3205
f 3205 3285 3286 3206
f 3206 3286 3287 3207
f 3207 3287 3288 3208
f 3208 3288 3289 3209
f 3209 3289 3290 3210
f 3210 3290 3291 3211
f 3211 3291 3292 3212
f 3212 3292 3293 3213
f 3213 3293 3294 3214
f 3214 3294 3295 3215
f 3215 3295 3296 3216
f 3216 3296 3297 3217
f 3217 3297 3298 3218
f 3218 3298 3299 3219
f 3219 3299 3300 3220
f 3220 3300 3301 3221
f 3221 3301 3302 3222
f 3222 3302 3303 3223
f 3223 3303 3304 3224
f 3224 3304 3305 3225
f 3225 3305 3306 3226
f 3226 3306 3307 3227
f 3227 3307 3308 3228
f 3228 3308 3309 3229
f 3229 3309 3310 3230
f 3230 3310 3311 3231
f 3231 3311 3312 3232
f 3232 3312 3313 3233
f 3233 3313 3314 3234
f 3234 3314 3315 3235
f 3235 3315 3316 3236
f 3236 3316 3317 3237
f 3237 3317 3318 3238
f 3238 3318 3319 3239
f 3239 3319 3320 3240
f 3240 3320 3321 3241
f 3241 3321 3322 3242
f 3242 3322 3323 3243
f 3243 3323 3324 3244
f 3244 3324 3325 3245
f 3245 3325 3326 3246
f 3246 3326 3327 3247
f 3247 3327 3328 3248
f 3248 3328 3329 3249
f 3249 3329 3330 3250
f 3250 3330 3331 3251
f 3251 3331 3332 3252
f 3252 3332 3333 3253
f 3253 3333 3334 3254
f 3254 3334 3335 3255
f 3255 3335 3336 3256
f 3256 3336 3337 3257
f 3257 3337 3338 3258
f 3258 3338 3339 3259
f 3259 3339 3340 3260
f 3260 3340 3341 3261
f 3261 3341 3342 3262
f 3262 3342 3343 3263
f 3263 3343 3344 3264
f 3264 3344 3345 3265
f 3265 3345 3346 3266
f 3266 3346 3347 3267
f 3267 3347 3348 3268
f 3268 3348 3349 3269
f 3269 3349 3350 3270
f 3270 3350 3351 3271
f 3271 3351 3352 3272
f 3272 3352 3353 3273
f 3273 3353 3354 3274
f 3274 3354 3355 3275
f 3275 3355 3356 3276
f 3276 3356 3357 3277
f 3277 3357 3358 3278
f 3278 3358 3359 3279
f 3279 3359 3360 3280
f 3280 3360 3281 3201
f 3281 3361 3362 3282
f 3282 3362 3363 3283
f 3283 3363 3364 3284
f 3284 3364 3365 3285
f 3285 3365 3366 3286
f 3286 3366 3367 3287
f 3287 3367 3368 3288
f 3288 3368 3369 3289
f 3289 3369 3370 3290
f 3290 3370 3371 3291
f 3291 3371 3372 3292
f 3292 3372 3373 3293
f 3293 3373 3374 3294
f 3294 3374 3375 3295
f 3295 3375 3376 3296
f 3296 3376 3377 3297
f 3297 3377 3378 3298
f 3298 3378 3379 3299
f 3299 3379 3380 3300
f 3300 3380 3381 3301
f 3301 3381 3382 3302
f 3302 3382 3383 3303
f 3303 3383 3384 3304
f 3304 3384 3385 3305
f 3305 3385 3386 3306
f 3306 3386 3387 3307
f 3307 3387 3388 3308
f 3308 3388 3389 3309
f 3309 3389 3390 3310
f 3310 3390 3391 3311
f 3311 3391 3392 3312
f 3312 3392 3393 3313
f 3313 3393 3394 3314
f 3314 3394 3395 3315
f 3315 3395 3396 3316
f 3316 3396 3397 3317
f 3317 3397 3398 3318
f 3318 3398 3399 3319
f 3319 3399 3400 3320
f 3320 3400 3401 3321
f 3321 3401 3402 3322
f 3322 3402 3403 3323
f 3323 3403 3404 3324
f 3324 3404 3405 3325
f 3325 3405 3406 3326
f 3326 3406 3407 3327
f 3327 3407 3408 3328
f 3328 3408 3409 3329
f 3329 3409 3410 3330
f 3330 3410 3411 3331
f 3331 3411 3412 3332
f 3332 3412 3413 3333
f 3333 3413 3414 3334
f 3334 3414 3415 3335
f 3335 3415 3416 3336
f 3336 3416 3417 3337
f 3337 3417 3418 3338
f 3338 3418 3419 3339
f 3339 3419 3420 3340
f 3340 3420 3421 3341
f 3341 3421 3422 3342
f 3342 3422 3423 3343
f 3343 3423 3424 3344
f 3344 3424 3425 3345
f 3345 3425 3426 3346
f 3346 3426 3427 3347
f 3347 3427 3428 3348
f 3348 3428 3429 3349
f 3349 3429 3430 3350
f 3350 3430 3431 3351
f 3351 3431 3432 3352
f 3352 3432 3433 3353
f 3353 3433 3434 3354
f 3354 3434 3435 3355
f 3355 3435 3436 3356
f 3356 3436 3437 3357
f 3357 3437 3438 3358
f 3358 3438 3439 3359
f 3359 3439 3440 3360
f 3360 3440 3361 3281
f 3361 3441 3442 3362
f 3362 3442 3443 3363
f 3363 3443 3444 3364
f 3364 3444 3445 3365
f 3365 3445 3446 3366
f 3366 3446 3447 3367
f 3367 3447 3448 3368
f 3368 3448 3449 3369
f 3369 3449 3450 3370
f 3370 3450 3451 3371
f 3371 3451 3452 3372
f 3372 3452 3453 3373
f 3373 3453 3454 3374
f 3374 3454 3455 3375
f 3375 3455 3456 3376
f 3376 3456 3457 3377
f 3377 3457 3458 3378
f 3378 3458 3459 3379
f 3379 3459 3460 3380
f 3380 3460 3461 3381
f 3381 3461 3462 3382
f 3382 3462 3463 3383
f 3383 3463 3464 3384
f 3384 3464 3465 3385
f 3385 3465 3466 3386
f 3386 3466 3467 3387
f 3387 3467 3468 3388
f 3388 3468 3469 3389
f 3389 3469 3470 3390
f 3390 3470 3471 3391
f 3391 3471 3472 3392
f 3392 3472 3473 3393
f 3393 3473 3474 3394
f 3394 3474 3475 3395
f 3395 3475 3476 3396
f 3396 3476 3477 3397
f 3397 3477 3478 3398
f 3398 3478 3479 3399
f 3399 3479 3480 3400
f 3400 3480 3481 3401
f 3401 3481 3482 3402
f 3402 3482 3483 3403
f 3403 3483 3484 3404
f 3404 3484 3485 3405
f 3405 3485 3486 3406
f 3406 3486 3487 3407
f 3407 3487 3488 3408
f 3408 3488 3489 3409
f 3409 3489 3490 3410
f 3410 3490 3491 3411
f 3411 3491 3492 3412
f 3412 3492 3493 3413
f 3413 3493 3494 3414
f 3414 3494 3495 3415
f 3415 3495 3496 3416
f 3416 3496 3497 3417
f 3417 3497 3498 3418
f 3418 3498 3499 3419
f 3419 3499 3500 3420
f 3420 3500 3501 3421
f 3421 3501 3502 3422
f 3422 3502 3503 3423
f 3423 3503 3504 3424
f 3424 3504 3505 3425
f 3425 3505 3506 3426
f 3426 3506 3507 3427
f 3427 3507 3508 3428
f 3428 3508 3509 3429
f 3429 3509 3510 3430
f 3430 3510 3511 3431
f 3431 3511 3512 3432
f 3432 3512 3513 3433
f 3433 3513 3514 3434
f 3434 3514 3515 3435
f 3435 3515 3516 3436
f 3436 3516 3517 3437
f 3437 3517 3518 3438
f 3438 3518 3519 3439
f 3439 3519 3520 3440
f 3440 3520 3441 3361
f 3441 3521 3522 3442
f 3442 3522 3523 3443
f 3443 3523 3524 3444
f 3444 3524 3525 3445
f 3445 3525 3526 3446
f 3446 3526 3527 3447
f 3447 3527 3528 3448
f 3448 3528 3529 3449
f 3449 3529 3530 3450
f 3450 3530 3531 3451
f 3451 3531 3532 3452
f 3452 3532 3533 3453
f 3453 3533 3534 3454
f 3454 3534 3535 3455
f 3455 3535 3536 3456
f 3456 3536 3537 3457
f 3457 3537 3538 3458
f 3458 3538 3539 3459
f 3459 3539 3540 3460
f 3460 3540 3541 3461
f 3461 3541 3542 3462
f 3462 3542 3543 3463
f 3463 3543 3544 3464
f 3464 3544 3545 3465
f 3465 3545 3546 3466
f 3466 3546 3547 3467
f 3467 3547 3548 3468
f 3468 3548 3549 3469
f 3469 3549 3550 3470
f 3470 3550 3551 3471
f 3471 3551 3552 3472
f 3472 3552 3553 3473
f 3473 3553 3554 3474
f 3474 3554 3555 3475
f 3475 3555 3556 3476
f 3476 3556 3557 3477
f 3477 3557 3558 3478
f 3478 3558 3559 3479
f 3479 3559 3560 3480
f 3480 3560 3561 3481
f 3481 3561 3562 3482
f 3482 3562 3563 3483
f 3483 3563 3564 3484
f 3484 3564 3565 3485
f 3485 3565 3566 3486
f 3486 3566 3567 3487
f 3487 3567 3568 3488
f 3488 3568 3569 3489
f 3489 3569 3570 3490
f 3490 3570 3571 3491
f 3491 3571 3572 3492
f 3492 3572 3573 3493
f 3493 3573 3574 3494
f 3494 3574 3575 3495
f 3495 3575 3576 3496
f 3496 3576 3577 3497
f 3497 3577 3578 3498
f 3498 3578 3579 3499
f 3499 3579 3580 3500
f 3500 3580 3581 3501
f 3501 3581 3582 3502
f 3502 3582 3583 3503
f 3503 3583 3584 3504
f 3504 3584 3585 3505
f 3505 3585 3586 3506
f 3506 3586 3587 3507
f 3507 3587 3588 3508
f 3508 3588 3589 3509
f 3509 3589 3590 3510
f 3510 3590 3591 3511
f 3511 3591 3592 3512
f 3512 3592 3593 3513
f 3513 3593 3594 3514
f 3514 3594 3595 3515
f 3515 3595 3596 3516
f 3516 3596 3597 3517
f 3517 3597 3598 3518
f 3518 3598 3599 3519
f 3519 3599 3600 3520
f 3520 3600 3521 3441
f 3521 3601 3602 3522
f 3522 3602 3603 3523
f 3523 3603 3604 3524
f 3524 3604 3605 3525
f 3525 3605 3606 3526
f 3526 3606 3607 3527
f 3527 3607 3608 3528
f 3528 3608 3609 3529
f 3529 3609 3610 3530
f 3530 3610 3611 3531
f 3531 3611 3612 3532
f 3532 3612 3613 3533
f 3533 3613 3614 3534
f 3534 3614 3615 3535
f 3535 3615 3616 3536
f 3536 3616 3617 3537
f 3537 3617 3618 3538
f 3538 3618 3619 3539
f 3539 3619 3620 3540
f 3540 3620 3621 3541
f 3541 3621 3622 3542
f 3542 3622 3623 3543
f 3543 3623 3624 3544
f 3544 3624 3625 3545
f 3545 3625 3626 3546
f 3546 3626 3627 3547
f 3547 3627 3628 3548
f 3548 3628 3629 3549
f 3549 3629 3630 3550
f 3550 3630 3631 3551
f 3551 3631 3632 3552
f 3552 3632 3633 3553
f 3553 3633 3634 3554
f 3554 3634 3635 3555
f 3555 3635 3636 3556
f 3556 3636 3637 3557
f 3557 3637 3638 3558
f 3558 3638 3639 3559
f 3559 3639 3640 3560
f 3560 3640 3641 3561
f 3561 3641 3642 3562
f 3562 3642 3643 3563
f 3563 3643 3644 3564
f 3564 3644 3645 3565
f 3565 3645 3646 3566
f 3566 3646 3647 3567
f 3567 3647 3648 3568
f 3568 3648 3649 3569
f 3569 3649 3650 3570
f 3570 3650 3651 3571
f 3571 3651 3652 3572
f 3572 3652 3653 3573
f 3573 3653 3654 3574
f 3574 3654 3655 3575
f 3575 3655 3656 3576
f 3576 3656 3657 3577
f 3577 3657 3658 3578
f 3578 3658 3659 3579
f 3579 3659 3660 3580
f 3580 3660 3661 3581
f 3581 3661 3662 3582
f 3582 3662 3663 3583
f 3583 3663 3664 3584
f 3584 3664 3665 3585
f 3585 3665 3666 3586
f 3586 3666 3667 3587
f 3587 3667 3668 3588
f 3588 3668 3669 3589
f 3589 3669 3670 3590
f 3590 3670 3671 3591
f 3591 3671 3672 3592
f 3592 3672 3673 3593
f 3593 3673 3674 3594
f 3594 3674 3675 3595
f 3595 3675 3676 3596
f 3596 3676 3677 3597
f 3597 3677 3678 3598
f 3598 3678 3679 3599
f 3599 3679 3680 3600
f 3600 3680 3601 3521
f 3601 3681 3682 3602
f 3602 3682 3683 3603
f 3603 3683 3684 3604
f 3604 3684 3685 3605
f 3605 3685 3686 3606
f 3606 3686 3687 3607
f 3607 3687 3688 3608
f 3608 3688 3689 3609
f 3609 3689 3690 3610
f 3610 3690 3691 3611
f 3611 3691 3692 3612
f 3612 3692 3693 3613
f 3613 3693 3694 3614
f 3614 3694 3695 3615
f 3615 3695 3696 3616
f 3616 3696 3697 3617
f 3617 3697 3698 3618
f 3618 3698 3699 3619
f 3619 3699 3700 3620
f 3620 3700 3701 3621
f 3621 3701 3702 3622
f 3622 3702 3703 3623
f 3623 3703 3704 3624
f 3624 3704 3705 3625
f 3625 3705 3706 3626
f 3626 3706 3707 3627
f 3627 3707 3708 3628
f 3628 3708 3709 3629
f 3629 3709 3710 3630
f 3630 3710 3711 3631
f 3631 3711 3712 3632
f 3632 3712 3713 3633
f 3633 3713 3714 3634
f 3634 3714 3715 3635
f 3635 3715 3716 3636
f 3636 3716 3717 3637
f 3637 3717 3718 3638
f 3638 3718 3719 3639
f 3639 3719 3720 3640
f 3640 3720 3721 3641
f 3641 3721 3722 3642
f 3642 3722 3723 3643
f 3643 3723 3724 3644
f 3644 3724 3725 3645
f 3645 3725 3726 3646
f 3646 3726 3727 3647
f 3647 3727 3728 3648
f 3648 3728 3729 3649
f 3649 3729 3730 3650
f 3650 3730 3731 3651
f 3651 3731 3732 3652
f 3652 3732 3733 3653
f 3653 3733 3734 3654
f 3654 3734 3735 3655
f 3655 3735 3736 3656
f 3656 3736 3737 3657
f 3657 3737 3738 3658
f 3658 3738 3739 3659
f 3659 3739 3740 3660
f 3660 3740 3741 3661
f 3661 3741 3742 3662
f 3662 3742 3743 3663
f 3663 3743 3744 3664
f 3664 3744 3745 3665
f 3665 3745 3746 3666
f 3666 3746 3747 3667
f 3667 3747 3748 3668
f 3668 3748 3749 3669
f 3669 3749 3750 3670
f 3670 3750 3751 3671
f 3671 3751 3752 3672
f 3672 3752 3753 3673
f 3673 3753 3754 3674
f 3674 3754 3755 3675
f 3675 3755 3756 3676
f 3676 3756 3757 3677
f 3677 3757 3758 3678
f 3678 3758 3759 3679
f 3679 3759 3760 3680
f 3680 3760 3681 3601
f 3681 3761 3762 3682
f 3682 3762 3763 3683
f 3683 3763 3764 3684
f 3684 3764 3765 3685
f 3685 3765 3766 3686
f 3686 3766 3767 3687
f 3687 3767 3768 3688
f 3688 3768 3769 3689
f 3689 3769 3770 3690
f 3690 3770 3771 3691
f 3691 3771 3772 3692
f 3692 3772 3773 3693
f 3693 3773 3774 3694
f 3694 3774 3775 3695
f 3695 3775 3776 3696
f 3696 3776 3777 3697
f 3697 3777 3778 3698
f 3698 3778 3779 3699
f 3699 3779 3780 3700
f 3700 3780 3781 3701
f 3701 3781 3782 3702
f 3702 3782 3783 3703
f 3703 3783 3784 3704
f 3704 3784 3785 3705
f 3705 3785 3786 3706
f 3706 3786 3787 3707
f 3707 3787 3788 3708
f 3708 3788 3789 3709
f 3709 3789 3790 3710
f 3710 3790 3791 3711
f 3711 3791 3792 3712
f 3712 3792 3793 3713
f 3713 3793 3794 3714
f 3714 3794 3795 3715
f 3715 3795 3796 3716
f 3716 3796 3797 3717
f 3717 3797 3798 3718
f 3718 3798 3799 3719
f 3719 3799 3800 3720
f 3720 3800 3801 3721
f 3721 3801 3802 3722
f 3722 3802 3803 3723
f 3723 3803 3804 3724
f 3724 3804 3805 3725
f 3725 3805 3806 3726
f 3726 3806 3807 3727
f 3727 3807 3808 3728
f 3728 3808 3809 3729
f 3729 3809 3810 3730
f 3730 3810 3811 3731
f 3731 3811 3812 3732
f 3732 3812 3813 3733
f 3733 3813 3814 3734
f 3734 3814 3815 3735
f 3735 3815 3816 3736
f 3736 3816 3817 3737
f 3737 3817 3818 3738
f 3738 3818 3819 3739
f 3739 3819 3820 3740
f 3740 3820 3821 3741
f 3741 3821 3822 3742
f 3742 3822 3823 3743
f 3743 3823 3824 3744
f 3744 3824 3825 3745
f 3745 3825 3826 3746
f 3746 3826 3827 3747
f 3747 3827 3828 3748
f 3748 3828 3829 3749
f 3749 3829 3830 3750
f 3750 3830 3831 3751
f 3751 3831 3832 3752
f 3752 3832 3833 3753
f 3753 3833 3834 3754
f 3754 3834 3835 3755
f 3755 3835 3836 3756
f 3756 3836 3837 3757
f 3757 3837 3838 3758
f 3758 3838 3839 3759
f 3759 3839 3840 3760
f 3760 3840 3761 3681
f 3761 3841 3842 3762
f 3762 3842 3843 3763
f 3763 3843 3844 3764
f 3764 3844 3845 3765
f 3765 3845 3846 3766
f 3766 3846 3847 3767
f 3767 3847 3848 3768
f 3768 3848 3849 3769
f 3769 3849 3850 3770
f 3770 3850 3851 3771
f 3771 3851 3852 3772
f 3772 3852 3853 3773
f 3773 3853 3854 3774
f 3774 3854 3855 3775
f 3775 3855 3856 3776
f 3776 3856 3857 3777
f 3777 3857 3858 3778
f 3778 3858 3859 3779
f 3779 3859 3860 3780
f 3780 3860 3861 3781
f 3781 3861 3862 3782
f 3782 3862 3863 3783
f 3783 3863 3864 3784
f 3784 3864 3865 3785
f 3785 3865 3866 3786
f 3786 3866 3867 3787
f 3787 3867 3868 3788
f 3788 3868 3869 3789
f 3789 3869 3870 3790
f 3790 3870 3871 3791
f 3791 3871 3872 3792
f 3792 3872 3873 3793
f 3793 3873 3874 3794
f 3794 3874 3875 3795
f 3795 3875 3876 3796
f 3796 3876 3877 3797
f 3797 3877 3878 3798
f 3798 3878 3879 3799
f 3799 3879 3880 3800
f 3800 3880 3881 3801
f 3801 3881 3882 3802
f 3802 3882 3883 3803
f 3803 3883 3884 3804
f 3804 3884 3885 3805
f 3805 3885 3886 3806
f 3806 3886 3887 3807
f 3807 3887 3888 3808
f 3808 3888 3889 3809
f 3809 3889 3890 3810
f 3810 3890 3891 3811
f 3811 3891 3892 3812
f 3812 3892 3893 3813
f 3813 3893 3894 3814
f 3814 3894 3895 3815
f 3815 3895 3896 3816
f 3816 3896 3897 3817
f 3817 3897 3898 3818
f 3818 3898 3899 3819
f 3819 3899 3900 3820
f 3820 3900 3901 3821
f 3821 3901 3902 3822
f 3822 3902 3903 3823
f 3823 3903 3904 3824
f 3824 3904 3905 3825
f 3825 3905 3906 3826
f 3826 3906 3907 3827
f 3827 3907 3908 3828
f 3828 3908 3909 3829
f 3829 3909 3910 3830
f 3830 3910 3911 3831
f 3831 3911 3912 3832
f 3832 3912 3913 3833
f 3833 3913 3914 3834
f 3834 3914 3915 3835
f 3835 3915 3916 3836
f 3836 3916 3917 3837
f 3837 3917 3918 3838
f 3838 3918 3919 3839
f 3839 3919 3920 3840
f 3840 3920 3841 3761
f 3841 3921 3922 3842
f 3842 3922 3923 3843
f 3843 3923 3924 3844
f 3844 3924 3925 3845
f 3845 3925 3926 3846
f 3846 3926 3927 3847
f 3847 3927 3928 3848
f 3848 3928 3929 3849
f 3849 3929 3930 3850
f 3850 3930 3931 3851
f 3851 3931 3932 3852
f 3852 3932 3933 3853
f 3853 3933 3934 3854
f 3854 3934 3935 3855
f 3855 3935 3936 3856
f 3856 3936 3937 3857
f 3857 3937 3938 3858
f 3858 3938 3939 3859
f 3859 3939 3940 3860
f 3860 3940 3941 3861
f 3861 3941 3942 3862
f 3862 3942 3943 3863
f 3863 3943 3944 3864
f 3864 3944 3945 3865
f 3865 3945 3946 3866
f 3866 3946 3947 3867
f 3867 3947 3948 3868
f 3868 3948 3949 3869
f 3869 3949 3950 3870
f 3870 3950 3951 3871
f 3871 3951 3952 3872
f 3872 3952 3953 3873
f 3873 3953 3954 3874
f 3874 3954 3955 3875
f 3875 3955 3956 3876
f 3876 3956 3957 3877
f 3877 3957 3958 3878
f 3878 3958 3959 3879
f 3879 3959 3960 3880
f 3880 3960 3961 3881
f 3881 3961 3962 3882
f 3882 3962 3963 3883
f 3883 3963 3964 3884
f 3884 3964 3965 3885
f 3885 3965 3966 3886
f 3886 3966 3967 3887
f 3887 3967 3968 3888
f 3888 3968 3969 3889
f 3889 3969 3970 3890
f 3890 3970 3971 3891
f 3891 3971 3972 3892
f 3892 3972 3973 3893
f 3893 3973 3974 3894
f 3894 3974 3975 3895
f 3895 3975 3976 3896
f 3896 3976 3977 3897
f 3897 3977 3978 3898
f 3898 3978 3979 3899
f 3899 3979 3980 3900
f 3900 3980 3981 3901
f 3901 3981 3982 3902
f 3902 3982 3983 3903
f 3903 3983 3984 3904
f 3904 3984 3985 3905
f 3905 3985 3986 3906
f 3906 3986 3987 3907
f 3907 3987 3988 3908
f 3908 3988 3989 3909
f 3909 3989 3990 3910
f 3910 3990 3991 3911
f 3911 3991 3992 3912
f 3912 3992 3993 3913
f 3913 3993 3994 3914
f 3914 3994 3995 3915
f 3915 3995 3996 3916
f 3916 3996 3997 3917
f 3917 3997 3998 3918
f 3918 3998 3999 3919
f 3919 3999 4000 3920
f 3920 4000 3921 3841
f 3921 4001 4002 3922
f 3922 4002 4003 3923
f 3923 4003 4004 3924
f 3924 4004 4005 3925
f 3925 4005 4006 3926
f 3926 4006 4007 3927
f 3927 4007 4008 3928
f 3928 4008 4009 3929
f 3929 4009 4010 3930
f 3930 4010 4011 3931
f 3931 4011 4012 3932
f 3932 4012 4013 3933
f 3933 4013 4014 3934
f 3934 4014 4015 3935
f 3935 4015 4016 3936
f 3936 4016 4017 3937
f 3937 4017 4018 3938
f 3938 4018 4019 3939
f 3939 4019 4020 3940
f 3940 4020 4021 3941
f 3941 4021 4022 3942
f 3942 4022 4023 3943
f 3943 4023 4024 3944
f 3944 4024 4025 3945
f 3945 4025 4026 3946
f 3946 4026 4027 3947
f 3947 4027 4028 3948
f 3948 4028 4029 3949
f 3949 4029 4030 3950
f 3950 4030 4031 3951
f 3951 4031 4032 3952
f 3952 4032 4033 3953
f 3953 4033 4034 3954
f 3954 4034 4035 3955
f 3955 4035 4036 3956
f 3956 4036 4037 3957
f 3957 4037 4038 3958
f 3958 4038 4039 3959
f 3959 4039 4040 3960
f 3960 4040 4041 3961
f 3961 4041 4042 3962
f 3962 4042 4043 3963
f 3963 4043 4044 3964
f 3964 4044 4045 3965
f 3965 4045 4046 3966
f 3966 4046 4047 3967
f 3967 4047 4048 3968
f 3968 4048 4049 3969
f 3969 4049 4050 3970
f 3970 4050 4051 3971
f 3971 4051 4052 3972
f 3972 4052 4053 3973
f 3973 4053 4054 3974
f 3974 4054 4055 3975
f 3975 4055 4056 3976
f 3976 4056 4057 3977
f 3977 4057 4058 3978
f 3978 4058 4059 3979
f 3979 4059 4060 3980
f 3980 4060 4061 3981
f 3981 4061 4062 3982
f 3982 4062 4063 3983
f 3983 4063 4064 3984
f 3984 4064 4065 3985
f 3985 4065 4066 3986
f 3986 4066 4067 3987
f 3987 4067 4068 3988
f 3988 4068 4069 3989
f 3989 4069 4070 3990
f 3990 4070 4071 3991
f 3991 4071 4072 3992
f 3992 4072 4073 3993
f 3993 4073 4074 3994
f 3994 4074 4075 3995
f 3995 4075 4076 3996
f 3996 4076 4077 3997
f 3997 4077 4078 3998
f 3998 4078 4079 3999
f 3999 4079 4080 4000
f 4000 4080 4001 3921
f 4001 4081 4082 4002
f 4002 4082 4083 4003
f 4003 4083 4084 4004
f 4004 4084 4085 4005
f 4005 4085 4086 4006
f 4006 4086 4087 4007
f 4007 4087 4088 4008
f 4008 4088 4089 4009
f 4009 4089 4090 4010
f 4010 4090 4091 4011
f 4011 4091 4092 4012
f 4012 4092 4093 4013
f 4013 4093 4094 4014
f 4014 4094 4095 4015
f 4015 4095 4096 4016
f 4016 4096 4097 4017
f 4017 4097 4098 4018
f 4018 4098 4099 4019
f 4019 4099 4100 4020
f 4020 4100 4101 4021
f 4021 4101 4102 4022
f 4022 4102 4103 4023
f 4023 4103 4104 4024
f 4024 4104 4105 4025
f 4025 4105 4106 4026
f 4026 4106 4107 4027
f 4027 4107 4108 4028
f 4028 4108 4109 4029
f 4029 4109 4110 4030
f 4030 4110 4111 4031
f 4031 4111 4112 4032
f 4032 4112 4113 4033
f 4033 4113 4114 4034
f 4034 4114 4115 4035
f 4035 4115 4116 4036
f 4036 4116 4117 4037
f 4037 4117 4118 4038
f 4038 4118 4119 4039
f 4039 4119 4120 4040
f 4040 4120 4121 4041
f 4041 4121 4122 4042
f 4042 4122 4123 4043
f 4043 4123 4124 4044
f 4044 4124 4125 4045
f 4045 4125 4126 4046
f 4046 4126 4127 4047
f 4047 4127 4128 4048
f 4048 4128 4129 4049
f 4049 4129 4130 4050
f 4050 4130 4131 4051
f 4051 4131 4132 4052
f 4052 4132 4133 4053
f 4053 4133 4134 4054
f 4054 4134 4135 4055
f 4055 4135 4136 4056
f 4056 4136 4137 4057
f 4057 4137 4138 4058
f 4058 4138 4139 4059
f 4059 4139 4140 4060
f 4060 4140 4141 4061
f 4061 4141 4142 4062
f 4062 4142 4143 4063
f 4063 4143 4144 4064
f 4064 4144 4145 4065
f 4065 4145 4146 4066
f 4066 4146 4147 4067
f 4067 4147 4148 4068
f 4068 4148 4149 4069
f 4069 4149 4150 4070
f 4070 4150 4151 4071
f 4071 4151 4152 4072
f 4072 4152 4153 4073
f 4073 4153 4154 4074
f 4074 4154 4155 4075
f 4075 4155 4156 4076
f 4076 4156 4157 4077
f 4077 4157 4158 4078
f 4078 4158 4159 4079
f 4079 4159 4160 4080
f 4080 4160 4081 4001
f 4081 4161 4162 4082
f 4082 4162 4163 4083
f 4083 4163 4164 4084
f 4084 4164 4165 4085
f 4085 4165 4166 4086
f 4086 4166 4167 4087
f 4087 4167 4168 4088
f 4088 4168 4169 4089
f 4089 4169 4170 4090
f 4090 4170 4171 4091
f 4091 4171 4172 4092
f 4092 4172 4173 4093
f 4093 4173 4174 4094
f 4094 4174 4175 4095
f 4095 4175 4176 4096
f 4096 4176 4177 4097
f 4097 4177 4178 4098
f 4098 4178 4179 4099
f 4099 4179 4180 4100
f 4100 4180 4181 4101
f 4101 4181 4182 4102
f 4102 4182 4183 4103
f 4103 4183 4184 4104
f 4104 4184 4185 4105
f 4105 4185 4186 4106
f 4106 4186 4187 4107
f 4107 4187 4188 4108
f 4108 4188 4189 4109
f 4109 4189 4190 4110
f 4110 4190 4191 4111
f 4111 4191 4192 4112
f 4112 4192 4193 4113
f 4113 4193 4194 4114
f 4114 4194 4195 4115
f 4115 4195 4196 4116
f 4116 4196 4197 4117
f 4117 4197 4198 4118
f 4118 4198 4199 4119
f 4119 4199 4200 4120
f 4120 4200 4201 4121
f 4121 4201 4202 4122
f 4122 4202 4203 4123
f 4123 4203 4204 4124
f 4124 4204 4205 4125
f 4125 4205 4206 4126
f 4126 4206 4207 4127
f 4127 4207 4208 4128
f 4128 4208 4209 4129
f 4129 4209 4210 4130
f 4130 4210 4211 4131
f 4131 4211 4212 4132
f 4132 4212 4213 4133
f 4133 4213 4214 4134
f 4134 4214 4215 4135
f 4135 4215 4216 4136
f 4136 4216 4217 4137
f 4137 4217 4218 4138
f 4138 4218 4219 4139
f 4139 4219 4220 4140
f 4140 4220 4221 4141
f 4141 4221 4222 4142
f 4142 4222 4223 4143
f 4143 4223 4224 4144
f 4144 4224 4225 4145
f 4145 4225 4226 4146
f 4146 4226 4227 4147
f 4147 4227 4228 4148
f 4148 4228 4229 4149
f 4149 4229 4230 4150
f 4150 4230 4231 4151
f 4151 4231 4232 4152
f 4152 4232 4233 4153
f 4153 4233 4234 4154
f 4154 4234 4235 4155
f 4155 4235 4236 4156
f 4156 4236 4237 4157
f 4157 4237 4238 4158
f 4158 4238 4239 4159
f 4159 4239 4240 4160
f 4160 4240 4161 4081
f 4161 4241 4242 4162
f 4162 4242 4243 4163
f 4163 4243 4244 4164
f 4164 4244 4245 4165
f 4165 4245 4246 4166
f 4166 4246 4247 4167
f 4167 4247 4248 4168
f 4168 4248 4249 4169
f 4169 4249 4250 4170
f 4170 4250 4251 4171
f 4171 4251 4252 4172
f 4172 4252 4253 4173
f 4173 4253 4254 4174
f 4174 4254 4255 4175
f 4175 4255 4256 4176
f 4176 4256 4257 4177
f 4177 4257 4258 4178
f 4178 4258 4259 4179
f 4179 4259 4260 4180
f 4180 4260 4261 4181
f 4181 4261 4262 4182
f 4182 4262 4263 4183
f 4183 4263 4264 4184
f 4184 4264 4265 4185
f 4185 4265 4266 4186
f 4186 4266 4267 4187
f 4187 4267 4268 4188
f 4188 4268 4269 4189
f 4189 4269 4270 4190
f 4190 4270 4271 4191
f 4191 4271 4272 4192
f 4192 4272 4273 4193
f 4193 4273 4274 4194
f 4194 4274 4275 4195
f 4195 4275 4276 4196
f 4196 4276 4277 4197
f 4197 4277 4278 4198
f 4198 4278 4279 4199
f 4199 4279 4280 4200
f 4200 4280 4281 4201
f 4201 4281 4282 4202
f 4202 4282 4283 4203
f 4203 4283 4284 4204
f 4204 4284 4285 4205
f 4205 4285 4286 4206
f 4206 4286 4287 4207
f 4207 4287 4288 4208
f 4208 4288 4289 4209
f 4209 4289 4290 4210
f 4210 4290 4291 4211
f 4211 4291 4292 4212
f 4212 4292 4293 4213
f 4213 4293 4294 4214
f 4214 4294 4295 4215
f 4215 4295 4296 4216
f 4216 4296 4297 4217
f 4217 4297 4298 4218
f 4218 4298 4299 4219
f 4219 4299 4300 4220
f 4220 4300 4301 4221
f 4221 4301 4302 4222
f 4222 4302 4303 4223
f 4223 4303 4304 4224
f 4224 4304 4305 4225
f 4225 4305 4306 4226
f 4226 4306 4307 4227
f 4227 4307 4308 4228
f 4228 4308 4309 4229
f 4229 4309 4310 4230
f 4230 4310 4311 4231
f 4231 4311 4312 4232
f 4232 4312 4313 4233
f 4233 4313 4314 4234
f 4234 4314 4315 4235
f 4235 4315 4316 4236
f 4236 4316 4317 4237
f 4237 4317 4318 4238
f 4238 4318 4319 4239
f 4239 4319 4320 4240
f 4240 4320 4241 4161
f 4241 4321 4322 4242
f 4242 4322 4323 4243
f 4243 4323 4324 4244
f 4244 4324 4325 4245
f 4245 4325 4326 4246
f 4246 4326 4327 4247
f 4247 4327 4328 4248
f 4248 4328 4329 4249
f 4249 4329 4330 4250
f 4250 4330 4331 4251
f 4251 4331 4332 4252
f 4252 4332 4333 4253
f 4253 4333 4334 4254
f 4254 4334 4335 4255
f 4255 4335 4336 4256
f 4256 4336 4337 4257
f 4257 4337 4338 4258
f 4258 4338 4339 4259
f 4259 4339 4340 4260
f 4260 4340 4341 4261
f 4261 4341 4342 4262
f 4262 4342 4343 4263
f 4263 4343 4344 4264
f 4264 4344 4345 4265
f 4265 4345 4346 4266
f 4266 4346 4347 4267
f 4267 4347 4348 4268
f 4268 4348 4349 4269
f 4269 4349 4350 4270
f 4270 4350 4351 4271
f 4271 4351 4352 4272
f 4272 4352 4353 4273
f 4273 4353 4354 4274
f 4274 4354 4355 4275
f 4275 4355 4356 4276
f 4276 4356 4357 4277
f 4277 4357 4358 4278
f 4278 4358 4359 4279
f 4279 4359 4360 4280
f 4280 4360 4361 4281
f 4281 4361 4362 4282
f 4282 4362 4363 4283
f 4283 4363 4364 4284
f 4284 4364 4365 4285
f 4285 4365 4366 4286
f 4286 4366 4367 4287
f 4287 4367 4368 4288
f 4288 4368 4369 4289
f 4289 4369 4370 4290
f 4290 4370 4371 4291
f 4291 4371 4372 4292
f 4292 4372 4373 4293
f 4293 4373 4374 4294
f 4294 4374 4375 4295
f 4295 4375 4376 4296
f 4296 4376 4377 4297
f 4297 4377 4378 4298
f 4298 4378 4379 4299
f 4299 4379 4380 4300
f 4300 4380 4381 4301
f 4301 4381 4382 4302
f 4302 4382 4383 4303
f 4303 4383 4384 4304
f 4304 4384 4385 4305
f 4305 4385 4386 4306
f 4306 4386 4387 4307
f 4307 4387 4388 4308
f 4308 4388 4389 4309
f 4309 4389 4390 4310
f 4310 4390 4391 4311
f 4311 4391 4392 4312
f 4312 4392 4393 4313
f 4313 4393 4394 4314
f 4314 4394 4395 4315
f 4315 4395 4396 4316
f 4316 4396 4397 4317
f 4317 4397 4398 4318
f 4318 4398 4399 4319
f 4319 4399 4400 4320
f 4320 4400 4321 4241
f 4321 4401 4402 4322
f 4322 4402 4403 4323
f 4323 4403 4404 4324
f 4324 4404 4405 4325
f 4325 4405 4406 4326
f 4326 4406 4407 4327
f 4327 4407 4408 4328
f 4328 4408 4409 4329
f 4329 4409 4410 4330
f 4330 4410 4411 4331
f 4331 4411 4412 4332
f 4332 4412 4413 4333
f 4333 4413 4414 4334
f 4334 4414 4415 4335
f 4335 4415 4416 4336
f 4336 4416 4417 4337
f 4337 4417 4418 4338
f 4338 4418 4419 4339
f 4339 4419 4420 4340
f 4340 4420 4421 4341
f 4341 4421 4422 4342
f 4342 4422 4423 4343
f 4343 4423 4424 4344
f 4344 4424 4425 4345
f 4345 4425 4426 4346
f 4346 4426 4427 4347
f 4347 4427 4428 4348
f 4348 4428 4429 4349
f 4349 4429 4430 4350
f 4350 4430 4431 4351
f 4351 4431 4432 4352
f 4352 4432 4433 4353
f 4353 4433 4434 4354
f 4354 4434 4435 4355
f 4355 4435 4436 4356
f 4356 4436 4437 4357
f 4357 4437 4438 4358
f 4358 4438 4439 4359
f 4359 4439 4440 4360
f 4360 4440 4441 4361
f 4361 4441 4442 4362
f 4362 4442 4443 4363
f 4363 4443 4444 4364
f 4364 4444 4445 4365
f 4365 4445 4446 4366
f 4366 4446 4447 4367
f 4367 4447 4448 4368
f 4368 4448 4449 4369
f 4369 4449 4450 4370
f 4370 4450 4451 4371
f 4371 4451 4452 4372
f 4372 4452 4453 4373
f 4373 4453 4454 4374
f 4374 4454 4455 4375
f 4375 4455 4456 4376
f 4376 4456 4457 4377
f 4377 4457 4458 4378
f 4378 4458 4459 4379
f 4379 4459 4460 4380
f 4380 4460 4461 4381
f 4381 4461 4462 4382
f 4382 4462 4463 4383
f 4383 4463 4464 4384
f 4384 4464 4465 4385
f 4385 4465 4466 4386
f 4386 4466 4467 4387
f 4387 4467 4468 4388
f 4388 4468 4469 4389
f 4389 4469 4470 4390
f 4390 4470 4471 4391
f 4391 4471 4472 4392
f 4392 4472 4473 4393
f 4393 4473 4474 4394
f 4394 4474 4475 4395
f 4395 4475 4476 4396
f 4396 4476 4477 4397
f 4397 4477 4478 4398
f 4398 4478 4479 4399
f 4399 4479 4480 4400
f 4400 4480 4401 4321
f 4401 4481 4482 4402
f 4402 4482 4483 4403
f 4403 4483 4484 4404
f 4404 4484 4485 4405
f 4405 4485 4486 4406
f 4406 4486 4487 4407
f 4407 4487 4488 4408
f 4408 4488 4489 4409
f 4409 4489 4490 4410
f 4410 4490 4491 4411
f 4411 4491 4492 4412
f 4412 4492 4493 4413
f 4413 4493 4494 4414
f 4414 4494 4495 4415
f 4415 4495 4496 4416
f 4416 4496 4497 4417
f 4417 4497 4498 4418
f 4418 4498 4499 4419
f 4419 4499 4500 4420
f 4420 4500 4501 4421
f 4421 4501 4502 4422
f 4422 4502 4503 4423
f 4423 4503 4504 4424
f 4424 4504 4505 4425
f 4425 4505 4506 4426
f 4426 4506 4507 4427
f 4427 4507 4508 4428
f 4428 4508 4509 4429
f 4429 4509 4510 4430
f 4430 4510 4511 4431
f 4431 4511 4512 4432
f 4432 4512 4513 4433
f 4433 4513 4514 4434
f 4434 4514 4515 4435
f 4435 4515 4516 4436
f 4436 4516 4517 4437
f 4437 4517 4518 4438
f 4438 4518 4519 4439
f 4439 4519 4520 4440
f 4440 4520 4521 4441
f 4441 4521 4522 4442
f 4442 4522 4523 4443
f 4443 4523 4524 4444
f 4444 4524 4525 4445
f 4445 4525 4526 4446
f 4446 4526 4527 4447
f 4447 4527 4528 4448
f 4448 4528 4529 4449
f 4449 4529 4530 4450
f 4450 4530 4531 4451
f 4451 4531 4532 4452
f 4452 4532 4533 4453
f 4453 4533 4534 4454
f 4454 4534 4535 4455
f 4455 4535 4536 4456
f 4456 4536 4537 4457
f 4457 4537 4538 4458
f 4458 4538 4539 4459
f 4459 4539 4540 4460
f 4460 4540 4541 4461
f 4461 4541 4542 4462
f 4462 4542 4543 4463
f 4463 4543 4544 4464
f 4464 4544 4545 4465
f 4465 4545 4546 4466
f 4466 4546 4547 4467
f 4467 4547 4548 4468
f 4468 4548 4549 4469
f 4469 4549 4550 4470
f 4470 4550 4551 4471
f 4471 4551 4552 4472
f 4472 4552 4553 4473
f 4473 4553 4554 4474
f 4474 4554 4555 4475
f 4475 4555 4556 4476
f 4476 4556 4557 4477
f 4477 4557 4558 4478
f 4478 4558 4559 4479
f 4479 4559 4560 4480
f 4480 4560 4481 4401
f 4481 4561 4562 4482
f 4482 4562 4563 4483
f 4483 4563 4564 4484
f 4484 4564 4565 4485
f 4485 4565 4566 4486
f 4486 4566 4567 4487
f 4487 4567 4568 4488
f 4488 4568 4569 4489
f 4489 4569 4570 4490
f 4490 4570 4571 4491
f 4491 4571 4572 4492
f 4492 4572 4573 4493
f 4493 4573 4574 4494
f 4494 4574 4575 4495
f 4495 4575 4576 4496
f 4496 4576 4577 4497
f 4497 4577 4578 4498
f 4498 4578 4579 4499
f 4499 4579 4580 4500
f 4500 4580 4581 4501
f 4501 4581 4582 4502
f 4502 4582 4583 4503
f 4503 4583 4584 4504
f 4504 4584 4585 4505
f 4505 4585 4586 4506
f 4506 4586 4587 4507
f 4507 4587 4588 4508
f 4508 4588 4589 4509
f 4509 4589 4590 4510
f 4510 4590 4591 4511
f 4511 4591 4592 4512
f 4512 4592 4593 4513
f 4513 4593 4594 4514
f 4514 4594 4595 4515
f 4515 4595 4596 4516
f 4516 4596 4597 4517
f 4517 4597 4598 4518
f 4518 4598 4599 4519
f 4519 4599 4600 4520
f 4520 4600 4601 4521
f 4521 4601 4602 4522
f 4522 4602 4603 4523
f 4523 4603 4604 4524
f 4524 4604 4605 4525
f 4525 4605 4606 4526
f 4526 4606 4607 4527
f 4527 4607 4608 4528
f 4528 4608 4609 4529
f 4529 4609 4610 4530
f 4530 4610 4611 4531
f 4531 4611 4612 4532
f 4532 4612 4613 4533
f 4533 4613 4614 4534
f 4534 4614 4615 4535
f 4535 4615 4616 4536
f 4536 4616 4617 4537
f 4537 4617 4618 4538
f 4538 4618 4619 4539
f 4539 4619 4620 4540
f 4540 4620 4621 4541
f 4541 4621 4622 4542
f 4542 4622 4623 4543
f 4543 4623 4624 4544
f 4544 4624 4625 4545
f 4545 4625 4626 4546
f 4546 4626 4627 4547
f 4547 4627 4628 4548
f 4548 4628 4629 4549
f 4549 4629 4630 4550
f 4550 4630 4631 4551
f 4551 4631 4632 4552
f 4552 4632 4633 4553
f 4553 4633 4634 4554
f 4554 4634 4635 4555
f 4555 4635 4636 4556
f 4556 4636 4637 4557
f 4557 4637 4638 4558
f 4558 4638 4639 4559
f 4559 4639 4640 4560
f 4560 4640 4561 4481
f 4561 4641 4642 4562
f 4562 4642 4643 4563
f 4563 4643 4644 4564
f 4564 4644 4645 4565
f 4565 4645 4646 4566
f 4566 4646 4647 4567
f 4567 4647 4648 4568
f 4568 4648 4649 4569
f 4569 4649 4650 4570
f 4570 4650 4651 4571
f 4571 4651 4652 4572
f 4572 4652 4653 4573
f 4573 4653 4654 4574
f 4574 4654 4655 4575
f 4575 4655 4656 4576
f 4576 4656 4657 4577
f 4577 4657 4658 4578
f 4578 4658 4659 4579
f 4579 4659 4660 4580
f 4580 4660 4661 4581
f 4581 4661 4662 4582
f 4582 4662 4663 4583
f 4583 4663 4664 4584
f 4584 4664 4665 4585
f 4585 4665 4666 4586
f 4586 4666 4667 4587
f 4587 4667 4668 4588
f 4588 4668 4669 4589
f 4589 4669 4670 4590
f 4590 4670 4671 4591
f 4591 4671 4672 4592
f 4592 4672 4673 4593
f 4593 4673 4674 4594
f 4594 4674 4675 4595
f 4595 4675 4676 4596
f 4596 4676 4677 4597
f 4597 4677 4678 4598
f 4598 4678 4679 4599
f 4599 4679 4680 4600
f 4600 4680 4681 4601
f 4601 4681 4682 4602
f 4602 4682 4683 4603
f 4603 4683 4684 4604
f 4604 4684 4685 4605
f 4605 4685 4686 4606
f 4606 4686 4687 4607
f 4607 4687 4688 4608
f 4608 4688 4689 4609
f 4609 4689 4690 4610
f 4610 4690 4691 4611
f 4611 4691 4692 4612
f 4612 4692 4693 4613
f 4613 4693 4694 4614
f 4614 4694 4695 4615
f 4615 4695 4696 4616
f 4616 4696 4697 4617
f 4617 4697 4698 4618
f 4618 4698 4699 4619
f 4619 4699 4700 4620
f 4620 4700 4701 4621
f 4621 4701 4702 4622
f 4622 4702 4703 4623
f 4623 4703 4704 4624
f 4624 4704 4705 4625
f 4625 4705 4706 4626
f 4626 4706 4707 4627
f 4627 4707 4708 4628
f 4628 4708 4709 4629
f 4629 4709 4710 4630
f 4630 4710 4711 4631
f 4631 4711 4712 4632
f 4632 4712 4713 4633
f 4633 4713 4714 4634
f 4634 4714 4715 4635
f 4635 4715 4716 4636
f 4636 4716 4717 4637
f 4637 4717 4718 4638
f 4638 4718 4719 4639
f 4639 4719 4720 4640
f 4640 4720 4641 4561
f 4641 4721 4722 4642
f 4642 4722 4723 4643
f 4643 4723 4724 4644
f 4644 4724 4725 4645
f 4645 4725 4726 4646
f 4646 4726 4727 4647
f 4647 4727 4728 4648
f 4648 4728 4729 4649
f 4649 4729 4730 4650
f 4650 4730 4731 4651
f 4651 4731 4732 4652
f 4652 4732 4733 4653
f 4653 4733 4734 4654
f 4654 4734 4735 4655
f 4655 4735 4736 4656
f 4656 4736 4737 4657
f 4657 4737 4738 4658
f 4658 4738 4739 4659
f 4659 4739 4740 4660
f 4660 4740 4741 4661
f 4661 4741 4742 4662
f 4662 4742 4743 4663
f 4663 4743 4744 4664
f 4664 4744 4745 4665
f 4665 4745 4746 4666
f 4666 4746 4747 4667
f 4667 4747 4748 4668
f 4668 4748 4749 4669
f 4669 4749 4750 4670
f 4670 4750 4751 4671
f 4671 4751 4752 4672
f 4672 4752 4753 4673
f 4673 4753 4754 4674
f 4674 4754 4755 4675
f 4675 4755 4756 4676
f 4676 4756 4757 4677
f 4677 4757 4758 4678
f 4678 4758 4759 4679
f 4679 4759 4760 4680
f 4680 4760 4761 4681
f 4681 4761 4762 4682
f 4682 4762 4763 4683
f 4683 4763 4764 4684
f 4684 4764 4765 4685
f 4685 4765 4766 4686
f 4686 4766 4767 4687
f 4687 4767 4768 4688
f 4688 4768 4769 4689
f 4689 4769 4770 4690
f 4690 4770 4771 4691
f 4691 4771 4772 4692
f 4692 4772 4773 4693
f 4693 4773 4774 4694
f 4694 4774 4775 4695
f 4695 4775 4776 4696
f 4696 4776 4777 4697
f 4697 4777 4778 4698
f 4698 4778 4779 4699
f 4699 4779 4780 4700
f 4700 4780 4781 4701
f 4701 4781 4782 4702
f 4702 4782 4783 4703
f 4703 4783 4784 4704
f 4704 4784 4785 4705
f 4705 4785 4786 4706
f 4706 4786 4787 4707
f 4707 4787 4788 4708
f 4708 4788 4789 4709
f 4709 4789 4790 4710
f 4710 4790 4791 4711
f 4711 4791 4792 4712
f 4712 4792 4793 4713
f 4713 4793 4794 4714
f 4714 4794 4795 4715
f 4715 4795 4796 4716
f 4716 4796 4797 4717
f 4717 4797 4798 4718
f 4718 4798 4799 4719
f 4719 4799 4800 4720
f 4720 4800 4721 4641
f 4721 4801 4802 4722
f 4722 4802 4803 4723
f 4723 4803 4804 4724
f 4724 4804 4805 4725
f 4725 4805 4806 4726
f 4726 4806 4807 4727
f 4727 4807 4808 4728
f 4728 4808 4809 4729
f 4729 4809 4810 4730
f 4730 4810 4811 4731
f 4731 4811 4812 4732
f 4732 4812 4813 4733
f 4733 4813 4814 4734
f 4734 4814 4815 4735
f 4735 4815 4816 4736
f 4736 4816 4817 4737
f 4737 4817 4818 4738
f 4738 4818 4819 4739
f 4739 4819 4820 4740
f 4740 4820 4821 4741
f 4741 4821 4822 4742
f 4742 4822 4823 4743
f 4743 4823 4824 4744
f 4744 4824 4825 4745
f 4745 4825 4826 4746
f 4746 4826 4827 4747
f 4747 4827 4828 4748
f 4748 4828 4829 4749
f 4749 4829 4830 4750
f 4750 4830 4831 4751
f 4751 4831 4832 4752
f 4752 4832 4833 4753
f 4753 4833 4834 4754
f 4754 4834 4835 4755
f 4755 4835 4836 4756
f 4756 4836 4837 4757
f 4757 4837 4838 4758
f 4758 4838 4839 4759
f 4759 4839 4840 4760
f 4760 4840 4841 4761
f 4761 4841 4842 4762
f 4762 4842 4843 4763
f 4763 4843 4844 4764
f 4764 4844 4845 4765
f 4765 4845 4846 4766
f 4766 4846 4847 4767
f 4767 4847 4848 4768
f 4768 4848 4849 4769
f 4769 4849 4850 4770
f 4770 4850 4851 4771
f 4771 4851 4852 4772
f 4772 4852 4853 4773
f 4773 4853 4854 4774
f 4774 4854 4855 4775
f 4775 4855 4856 4776
f 4776 4856 4857 4777
f 4777 4857 4858 4778
f 4778 4858 4859 4779
f 4779 4859 4860 4780
f 4780 4860 4861 4781
f 4781 4861 4862 4782
f 4782 4862 4863 4783
f 4783 4863 4864 4784
f 4784 4864 4865 4785
f 4785 4865 4866 4786
f 4786 4866 4867 4787
f 4787 4867 4868 4788
f 4788 4868 4869 4789
f 4789 4869 4870 4790
f 4790 4870 4871 4791
f 4791 4871 4872 4792
f 4792 4872 4873 4793
f 4793 4873 4874 4794
f 4794 4874 4875 4795
f 4795 4875 4876 4796
f 4796 4876 4877 4797
f 4797 4877 4878 4798
f 4798 4878 4879 4799
f 4799 4879 4880 4800
f 4800 4880 4801 4721
f 4801 4881 4882 4802
f 4802 4882 4883 4803
f 4803 4883 4884 4804
f 4804 4884 4885 4805
f 4805 4885 4886 4806
f 4806 4886 4887 4807
f 4807 4887 4888 4808
f 4808 4888 4889 4809
f 4809 4889 4890 4810
f 4810 4890 4891 4811
f 4811 4891 4892 4812
f 4812 4892 4893 4813
f 4813 4893 4894 4814
f 4814 4894 4895 4815
f 4815 4895 4896 4816
f 4816 4896 4897 4817
f 4817 4897 4898 4818
f 4818 4898 4899 4819
f 4819 4899 4900 4820
f 4820 4900 4901 4821
f 4821 4901 4902 4822
f 4822 4902 4903 4823
f 4823 4903 4904 4824
f 4824 4904 4905 4825
f 4825 4905 4906 4826
f 4826 4906 4907 4827
f 4827 4907 4908 4828
f 4828 4908 4909 4829
f 4829 4909 4910 4830
f 4830 4910 4911 4831
f 4831 4911 4912 4832
f 4832 4912 4913 4833
f 4833 4913 4914 4834
f 4834 4914 4915 4835
f 4835 4915 4916 4836
f 4836 4916 4917 4837
f 4837 4917 4918 4838
f 4838 4918 4919 4839
f 4839 4919 4920 4840
f 4840 4920 4921 4841
f 4841 4921 4922 4842
f 4842 4922 4923 4843
f 4843 4923 4924 4844
f 4844 4924 4925 4845
f 4845 4925 4926 4846
f 4846 4926 4927 4847
f 4847 4927 4928 4848
f 4848 4928 4929 4849
f 4849 4929 4930 4850
f 4850 4930 4931 4851
f 4851 4931 4932 4852
f 4852 4932 4933 4853
f 4853 4933 4934 4854
f 4854 4934 4935 4855
f 4855 4935 4936 4856
f 4856 4936 4937 4857
f 4857 4937 4938 4858
f 4858 4938 4939 4859
f 4859 4939 4940 4860
f 4860 4940 4941 4861
f 4861 4941 4942 4862
f 4862 4942 4943 4863
f 4863 4943 4944 4864
f 4864 4944 4945 4865
f 4865 4945 4946 4866
f 4866 4946 4947 4867
f 4867 4947 4948 4868
f 4868 4948 4949 4869
f 4869 4949 4950 4870
f 4870 4950 4951 4871
f 4871 4951 4952 4872
f 4872 4952 4953 4873
f 4873 4953 4954 4874
f 4874 4954 4955 4875
f 4875 4955 4956 4876
f 4876 4956 4957 4877
f 4877 4957 4958 4878
f 4878 4958 4959 4879
f 4879 4959 4960 4880
f 4880 4960 4881 4801
f 4881 4961 4962 4882
f 4882 4962 4963 4883
f 4883 4963 4964 4884
f 4884 4964 4965 4885
f 4885 4965 4966 4886
f 4886 4966 4967 4887
f 4887 4967 4968 4888
f 4888 4968 4969 4889
f 4889 4969 4970 4890
f 4890 4970 4971 4891
f 4891 4971 4972 4892
f 4892 4972 4973 4893
f 4893 4973 4974 4894
f 4894 4974 4975 4895
f 4895 4975 4976 4896
f 4896 4976 4977 4897
f 4897 4977 4978 4898
f 4898 4978 4979 4899
f 4899 4979 4980 4900
f 4900 4980 4981 4901
f 4901 4981 4982 4902
f 4902 4982 4983 4903
f 4903 4983 4984 4904
f 4904 4984 4985 4905
f 4905 4985 4986 4906
f 4906 4986 4987 4907
f 4907 4987 4988 4908
f 4908 4988 4989 4909
f 4909 4989 4990 4910
f 4910 4990 4991 4911
f 4911 4991 4992 4912
f 4912 4992 4993 4913
f 4913 4993 4994 4914
f 4914 4994 4995 4915
f 4915 4995 4996 4916
f 4916 4996 4997 4917
f 4917 4997 4998 4918
f 4918 4998 4999 4919
f 4919 4999 5000 4920
f 4920 5000 5001 4921
f 4921 5001 5002 4922
f 4922 5002 5003 4923
f 4923 5003 5004 4924
f 4924 5004 5005 4925
f 4925 5005 5006 4926
f 4926 5006 5007 4927
f 4927 5007 5008 4928
f 4928 5008 5009 4929
f 4929 5009 5010 4930
f 4930 5010 5011 4931
f 4931 5011 5012 4932
f 4932 5012 5013 4933
f 4933 5013 5014 4934
f 4934 5014 5015 4935
f 4935 5015 5016 4936
f 4936 5016 5017 4937
f 4937 5017 5018 4938
f 4938 5018 5019 4939
f 4939 5019 5020 4940
f 4940 5020 5021 4941
f 4941 5021 5022 4942
f 4942 5022 5023 4943
f 4943 5023 5024 4944
f 4944 5024 5025 4945
f 4945 5025 5026 4946
f 4946 5026 5027 4947
f 4947 5027 5028 4948
f 4948 5028 5029 4949
f 4949 5029 5030 4950
f 4950 5030 5031 4951
f 4951 5031 5032 4952
f 4952 5032 5033 4953
f 4953 5033 5034 4954
f 4954 5034 5035 4955
f 4955 5035 5036 4956
f 4956 5036 5037 4957
f 4957 5037 5038 4958
f 4958 5038 5039 4959
f 4959 5039 5040 4960
f 4960 5040 4961 4881
f 4961 5041 5042 4962
f 4962 5042 5043 4963
f 4963 5043 5044 4964
f 4964 5044 5045 4965
f 4965 5045 5046 4966
f 4966 5046 5047 4967
f 4967 5047 5048 4968
f 4968 5048 5049 4969
f 4969 5049 5050 4970
f 4970 5050 5051 4971
f 4971 5051 5052 4972
f 4972 5052 5053 4973
f 4973 5053 5054 4974
f 4974 5054 5055 4975
f 4975 5055 5056 4976
f 4976 5056 5057 4977
f 4977 5057 5058 4978
f 4978 5058 5059 4979
f 4979 5059 5060 4980
f 4980 5060 5061 4981
f 4981 5061 5062 4982
f 4982 5062 5063 4983
f 4983 5063 5064 4984
f 4984 5064 5065 4985
f 4985 5065 5066 4986
f 4986 5066 5067 4987
f 4987 5067 5068 4988
f 4988 5068 5069 4989
f 4989 5069 5070 4990
f 4990 5070 5071 4991
f 4991 5071 5072 4992
f 4992 5072 5073 4993
f 4993 5073 5074 4994
f 4994 5074 5075 4995
f 4995 5075 5076 4996
f 4996 5076 5077 4997
f 4997 5077 5078 4998
f 4998 5078 5079 4999
f 4999 5079 5080 5000
f 5000 5080 5081 5001
f 5001 5081 5082 5002
f 5002 5082 5083 5003
f 5003 5083 5084 5004
f 5004 5084 5085 5005
f 5005 5085 5086 5006
f 5006 5086 5087 5007
f 5007 5087 5088 5008
f 5008 5088 5089 5009
f 5009 5089 5090 5010
f 5010 5090 5091 5011
f 5011 5091 5092 5012
f 5012 5092 5093 5013
f 5013 5093 5094 5014
f 5014 5094 5095 5015
f 5015 5095 5096 5016
f 5016 5096 5097 5017
f 5017 5097 5098 5018
f 5018 5098 5099 5019
f 5019 5099 5100 5020
f 5020 5100 5101 5021
f 5021 5101 5102 5022
f 5022 5102 5103 5023
f 5023 5103 5104 5024
f 5024 5104 5105 5025
f 5025 5105 5106 5026
f 5026 5106 5107 5027
f 5027 5107 5108 5028
f 5028 5108 5109 5029
f 5029 5109 5110 5030
f 5030 5110 5111 5031
f 5031 5111 5112 5032
f 5032 5112 5113 5033
f 5033 5113 5114 5034
f 5034 5114 5115 5035
f 5035 5115 5116 5036
f 5036 5116 5117 5037
f 5037 5117 5118 5038
f 5038 5118 5119 5039
f 5039 5119 5120 5040
f 5040 5120 5041 4961
f 5041 5121 5122 5042
f 5042 5122 5123 5043
f 5043 5123 5124 5044
f 5044 5124 5125 5045
f 5045 5125 5126 5046
f 5046 5126 5127 5047
f 5047 5127 5128 5048
f 5048 5128 5129 5049
f 5049 5129 5130 5050
f 5050 5130 5131 5051
f 5051 5131 5132 5052
f 5052 5132 5133 5053
f 5053 5133 5134 5054
f 5054 5134 5135 5055
f 5055 5135 5136 5056
f 5056 5136 5137 5057
f 5057 5137 5138 5058
f 5058 5138 5139 5059
f 5059 5139 5140 5060
f 5060 5140 5141 5061
f 5061 5141 5142 5062
f 5062 5142 5143 5063
f 5063 5143 5144 5064
f 5064 5144 5145 5065
f 5065 5145 5146 5066
f 5066 5146 5147 5067
f 5067 5147 5148 5068
f 5068 5148 5149 5069
f 5069 5149 5150 5070
f 5070 5150 5151 5071
f 5071 5151 5152 5072
f 5072 5152 5153 5073
f 5073 5153 5154 5074
f 5074 5154 5155 5075
f 5075 5155 5156 5076
f 5076 5156 5157 5077
f 5077 5157 5158 5078
f 5078 5158 5159 5079
f 5079 5159 5160 5080
f 5080 5160 5161 5081
f 5081 5161 5162 5082
f 5082 5162 5163 5083
f 5083 5163 5164 5084
f 5084 5164 5165 5085
f 5085 5165 5166 5086
f 5086 5166 5167 5087
f 5087 5167 5168 5088
f 5088 5168 5169 5089
f 5089 5169 5170 5090
f 5090 5170 5171 5091
f 5091 5171 5172 5092
f 5092 5172 5173 5093
f 5093 5173 5174 5094
f 5094 5174 5175 5095
f 5095 5175 5176 5096
f 5096 5176 5177 5097
f 5097 5177 5178 5098
f 5098 5178 5179 5099
f 5099 5179 5180 5100
f 5100 5180 5181 5101
f 5101 5181 5182 5102
f 5102 5182 5183 5103
f 5103 5183 5184 5104
f 5104 5184 5185 5105
f 5105 5185 5186 5106
f 5106 5186 5187 5107
f 5107 5187 5188 5108
f 5108 5188 5189 5109
f 5109 5189 5190 5110
f 5110 5190 5191 5111
f 5111 5191 5192 5112
f 5112 5192 5193 5113
f 5113 5193 5194 5114
f 5114 5194 5195 5115
f 5115 5195 5196 5116
f 5116 5196 5197 5117
f 5117 5197 5198 5118
f 5118 5198 5199 5119
f 5119 5199 5200 5120
f 5120 5200 5121 5041
f 5121 5201 5202 5122
f 5122 5202 5203 5123
f 5123 5203 5204 5124
f 5124 5204 5205 5125
f 5125 5205 5206 5126
f 5126 5206 5207 5127
f 5127 5207 5208 5128
f 5128 5208 5209 5129
f 5129 5209 5210 5130
f 5130 5210 5211 5131
f 5131 5211 5212 5132
f 5132 5212 5213 5133
f 5133 5213 5214 5134
f 5134 5214 5215 5135
f 5135 5215 5216 5136
f 5136 5216 5217 5137
f 5137 5217 5218 5138
f 5138 5218 5219 5139
f 5139 5219 5220 5140
f 5140 5220 5221 5141
f 5141 5221 5222 5142
f 5142 5222 5223 5143
f 5143 5223 5224 5144
f 5144 5224 5225 5145
f 5145 5225 5226 5146
f 5146 5226 5227 5147
f 5147 5227 5228 5148
f 5148 5228 5229 5149
f 5149 5229 5230 5150
f 5150 5230 5231 5151
f 5151 5231 5232 5152
f 5152 5232 5233 5153
f 5153 5233 5234 5154
f 5154 5234 5235 5155
f 5155 5235 5236 5156
f 5156 5236 5237 5157
f 5157 5237 5238 5158
f 5158 5238 5239 5159
f 5159 5239 5240 5160
f 5160 5240 5241 5161
f 5161 5241 5242 5162
f 5162 5242 5243 5163
f 5163 5243 5244 5164
f 5164 5244 5245 5165
f 5165 5245 5246 5166
f 5166 5246 5247 5167
f 5167 5247 5248 5168
f 5168 5248 5249 5169
f 5169 5249 5250 5170
f 5170 5250 5251 5171
f 5171 5251 5252 5172
f 5172 5252 5253 5173
f 5173 5253 5254 5174
f 5174 5254 5255 5175
f 5175 5255 5256 5176
f 5176 5256 5257 5177
f 5177 5257 5258 5178
f 5178 5258 5259 5179
f 5179 5259 5260 5180
f 5180 5260 5261 5181
f 5181 5261 5262 5182
f 5182 5262 5263 5183
f 5183 5263 5264 5184
f 5184 5264 5265 5185
f 5185 5265 5266 5186
f 5186 5266 5267 5187
f 5187 5267 5268 5188
f 5188 5268 5269 5189
f 5189 5269 5270 5190
f 5190 5270 5271 5191
f 5191 5271 5272 5192
f 5192 5272 5273 5193
f 5193 5273 5274 5194
f 5194 5274 5275 5195
f 5195 5275 5276 5196
f 5196 5276 5277 5197
f 5197 5277 5278 5198
f 5198 5278 5279 5199
f 5199 5279 5280 5200
f 5200 5280 5201 5121
f 5201 5281 5282 5202
f 5202 5282 5283 5203
f 5203 5283 5284 5204
f 5204 5284 5285 5205
f 5205 5285 5286 5206
f 5206 5286 5287 5207
f 5207 5287 5288 5208
f 5208 5288 5289 5209
f 5209 5289 5290 5210
f 5210 5290 5291 5211
f 5211 5291 5292 5212
f 5212 5292 5293 5213
f 5213 5293 5294 5214
f 5214 5294 5295 5215
f 5215 5295 5296 5216
f 5216 5296 5297 5217
f 5217 5297 5298 5218
f 5218 5298 5299 5219
f 5219 5299 5300 5220
f 5220 5300 5301 5221
f 5221 5301 5302 5222
f 5222 5302 5303 5223
f 5223 5303 5304 5224
f 5224 5304 5305 5225
f 5225 5305 5306 5226
f 5226 5306 5307 5227
f 5227 5307 5308 5228
f 5228 5308 5309 5229
f 5229 5309 5310 5230
f 5230 5310 5311 5231
f 5231 5311 5312 5232
f 5232 5312 5313 5233
f 5233 5313 5314 5234
f 5234 5314 5315 5235
f 5235 5315 5316 5236
f 5236 5316 5317 5237
f 5237 5317 5318 5238
f 5238 5318 5319 5239
f 5239 5319 5320 5240
f 5240 5320 5321 5241
f 5241 5321 5322 5242
f 5242 5322 5323 5243
f 5243 5323 5324 5244
f 5244 5324 5325 5245
f 5245 5325 5326 5246
f 5246 5326 5327 5247
f 5247 5327 5328 5248
f 5248 5328 5329 5249
f 5249 5329 5330 5250
f 5250 5330 5331 5251
f 5251 5331 5332 5252
f 5252 5332 5333 5253
f 5253 5333 5334 5254
f 5254 5334 5335 5255
f 5255 5335 5336 5256
f 5256 5336 5337 5257
f 5257 5337 5338 5258
f 5258 5338 5339 5259
f 5259 5339 5340 5260
f 5260 5340 5341 5261
f 5261 5341 5342 5262
f 5262 5342 5343 5263
f 5263 5343 5344 5264
f 5264 5344 5345 5265
f 5265 5345 5346 5266
f 5266 5346 5347 5267
f 5267 5347 5348 5268
f 5268 5348 5349 5269
f 5269 5349 5350 5270
f 5270 5350 5351 5271
f 5271 5351 5352 5272
f 5272 5352 5353 5273
f 5273 5353 5354 5274
f 5274 5354 5355 5275
f 5275 5355 5356 5276
f 5276 5356 5357 5277
f 5277 5357 5358 5278
f 5278 5358 5359 5279
f 5279 5359 5360 5280
f 5280 5360 5281 5201
f 5281 5361 5362 5282
f 5282 5362 5363 5283
f 5283 5363 5364 5284
f 5284 5364 5365 5285
f 5285 5365 5366 5286
f 5286 5366 5367 5287
f 5287 5367 5368 5288
f 5288 5368 5369 5289
f 5289 5369 5370 5290
f 5290 5370 5371 5291
f 5291 5371 5372 5292
f 5292 5372 5373 5293
f 5293 5373 5374 5294
f 5294 5374 5375 5295
f 5295 5375 5376 5296
f 5296 5376 5377 5297
f 5297 5377 5378 5298
f 5298 5378 5379 5299
f 5299 5379 5380 5300
f 5300 5380 5381 5301
f 5301 5381 5382 5302
f 5302 5382 5383 5303
f 5303 5383 5384 5304
f 5304 5384 5385 5305
f 5305 5385 5386 5306
f 5306 5386 5387 5307
f 5307 5387 5388 5308
f 5308 5388 5389 5309
f 5309 5389 5390 5310
f 5310 5390 5391 5311
f 5311 5391 5392 5312
f 5312 5392 5393 5313
f 5313 5393 5394 5314
f 5314 5394 5395 5315
f 5315 5395 5396 5316
f 5316 5396 5397 5317
f 5317 5397 5398 5318
f 5318 5398 5399 5319
f 5319 5399 5400 5320
f 5320 5400 5401 5321
f 5321 5401 5402 5322
f 5322 5402 5403 5323
f 5323 5403 5404 5324
f 5324 5404 5405 5325
f 5325 5405 5406 5326
f 5326 5406 5407 5327
f 5327 5407 5408 5328
f 5328 5408 5409 5329
f 5329 5409 5410 5330
f 5330 5410 5411 5331
f 5331 5411 5412 5332
f 5332 5412 5413 5333
f 5333 5413 5414 5334
f 5334 5414 5415 5335
f 5335 5415 5416 5336
f 5336 5416 5417 5337
f 5337 5417 5418 5338
f 5338 5418 5419 5339
f 5339 5419 5420 5340
f 5340 5420 5421 5341
f 5341 5421 5422 5342
f 5342 5422 5423 5343
f 5343 5423 5424 5344
f 5344 5424 5425 5345
f 5345 5425 5426 5346
f 5346 5426 5427 5347
f 5347 5427 5428 5348
f 5348 5428 5429 5349
f 5349 5429 5430 5350
f 5350 5430 5431 5351
f 5351 5431 5432 5352
f 5352 5432 5433 5353
f 5353 5433 5434 5354
f 5354 5434 5435 5355
f 5355 5435 5436 5356
f 5356 5436 5437 5357
f 5357 5437 5438 5358
f 5358 5438 5439 5359
f 5359 5439 5440 5360
f 5360 5440 5361 5281
f 5361 5441 5442 5362
f 5362 5442 5443 5363
f 5363 5443 5444 5364
f 5364 5444 5445 5365
f 5365 5445 5446 5366
f 5366 5446 5447 5367
f 5367 5447 5448 5368
f 5368 5448 5449 5369
f 5369 5449 5450 5370
f 5370 5450 5451 5371
f 5371 5451 5452 5372
f 5372 5452 5453 5373
f 5373 5453 5454 5374
f 5374 5454 5455 5375
f 5375 5455 5456 5376
f 5376 5456 5457 5377
f 5377 5457 5458 5378
f 5378 5458 5459 5379
f 5379 5459 5460 5380
f 5380 5460 5461 5381
f 5381 5461 5462 5382
f 5382 5462 5463 5383
f 5383 5463 5464 5384
f 5384 5464 5465 5385
f 5385 5465 5466 5386
f 5386 5466 5467 5387
f 5387 5467 5468 5388
f 5388 5468 5469 5389
f 5389 5469 5470 5390
f 5390 5470 5471 5391
f 5391 5471 5472 5392
f 5392 5472 5473 5393
f 5393 5473 5474 5394
f 5394 5474 5475 5395
f 5395 5475 5476 5396
f 5396 5476 5477 5397
f 5397 5477 5478 5398
f 5398 5478 5479 5399
f 5399 5479 5480 5400
f 5400 5480 5481 5401
f 5401 5481 5482 5402
f 5402 5482 5483 5403
f 5403 5483 5484 5404
f 5404 5484 5485 5405
f 5405 5485 5486 5406
f 5406 5486 5487 5407
f 5407 5487 5488 5408
f 5408 5488 5489 5409
f 5409 5489 5490 5410
f 5410 5490 5491 5411
f 5411 5491 5492 5412
f 5412 5492 5493 5413
f 5413 5493 5494 5414
f 5414 5494 5495 5415
f 5415 5495 5496 5416
f 5416 5496 5497 5417
f 5417 5497 5498 5418
f 5418 5498 5499 5419
f 5419 5499 5500 5420
f 5420 5500 5501 5421
f 5421 5501 5502 5422
f 5422 5502 5503 5423
f 5423 5503 5504 5424
f 5424 5504 5505 5425
f 5425 5505 5506 5426
f 5426 5506 5507 5427
f 5427 5507 5508 5428
f 5428 5508 5509 5429
f 5429 5509 5510 5430
f 5430 5510 5511 5431
f 5431 5511 5512 5432
f 5432 5512 5513 5433
f 5433 5513 5514 5434
f 5434 5514 5515 5435
f 5435 5515 5516 5436
f 5436 5516 5517 5437
f 5437 5517 5518 5438
f 5438 5518 5519 5439
f 5439 5519 5520 5440
f 5440 5520 5441 5361
f 5441 5521 5522 5442
f 5442 5522 5523 5443
f 5443 5523 5524 5444
f 5444 5524 5525 5445
f 5445 5525 5526 5446
f 5446 5526 5527 5447
f 5447 5527 5528 5448
f 5448 5528 5529 5449
f 5449 5529 5530 5450
f 5450 5530 5531 5451
f 5451 5531 5532 5452
f 5452 5532 5533 5453
f 5453 5533 5534 5454
f 5454 5534 5535 5455
f 5455 5535 5536 5456
f 5456 5536 5537 5457
f 5457 5537 5538 5458
f 5458 5538 5539 5459
f 5459 5539 5540 5460
f 5460 5540 5541 5461
f 5461 5541 5542 5462
f 5462 5542 5543 5463
f 5463 5543 5544 5464
f 5464 5544 5545 5465
f 5465 5545 5546 5466
f 5466 5546 5547 5467
f 5467 5547 5548 5468
f 5468 5548 5549 5469
f 5469 5549 5550 5470
f 5470 5550 5551 5471
f 5471 5551 5552 5472
f 5472 5552 5553 5473
f 5473 5553 5554 5474
f 5474 5554 5555 5475
f 5475 5555 5556 5476
f 5476 5556 5557 5477
f 5477 5557 5558 5478
f 5478 5558 5559 5479
f 5479 5559 5560 5480
f 5480 5560 5561 5481
f 5481 5561 5562 5482
f 5482 5562 5563 5483
f 5483 5563 5564 5484
f 5484 5564 5565 5485
f 5485 5565 5566 5486
f 5486 5566 5567 5487
f 5487 5567 5568 5488
f 5488 5568 5569 5489
f 5489 5569 5570 5490
f 5490 5570 5571 5491
f 5491 5571 5572 5492
f 5492 5572 5573 5493
f 5493 5573 5574 5494
f 5494 5574 5575 5495
f 5495 5575 5576 5496
f 5496 5576 5577 5497
f 5497 5577 5578 5498
f 5498 5578 5579 5499
f 5499 5579 5580 5500
f 5500 5580 5581 5501
f 5501 5581 5582 5502
f 5502 5582 5583 5503
f 5503 5583 5584 5504
f 5504 5584 5585 5505
f 5505 5585 5586 5506
f 5506 5586 5587 5507
f 5507 5587 5588 5508
f 5508 5588 5589 5509
f 5509 5589 5590 5510
f 5510 5590 5591 5511
f 5511 5591 5592 5512
f 5512 5592 5593 5513
f 5513 5593 5594 5514
f 5514 5594 5595 5515
f 5515 5595 5596 5516
f 5516 5596 5597 5517
f 5517 5597 5598 5518
f 5518 5598 5599 5519
f 5519 5599 5600 5520
f 5520 5600 5521 5441
f 5521 5601 5602 5522
f 5522 5602 5603 5523
f 5523 5603 5604 5524
f 5524 5604 5605 5525
f 5525 5605 5606 5526
f 5526 5606 5607 5527
f 5527 5607 5608 5528
f 5528 5608 5609 5529
f 5529 5609 5610 5530
f 5530 5610 5611 5531
f 5531 5611 5612 5532
f 5532 5612 5613 5533
f 5533 5613 5614 5534
f 5534 5614 5615 5535
f 5535 5615 5616 5536
f 5536 5616 5617 5537
f 5537 5617 5618 5538
f 5538 5618 5619 5539
f 5539 5619 5620 5540
f 5540 5620 5621 5541
f 5541 5621 5622 5542
f 5542 5622 5623 5543
f 5543 5623 5624 5544
f 5544 5624 5625 5545
f 5545 5625 5626 5546
f 5546 5626 5627 5547
f 5547 5627 5628 5548
f 5548 5628 5629 5549
f 5549 5629 5630 5550
f 5550 5630 5631 5551
f 5551 5631 5632 5552
f 5552 5632 5633 5553
f 5553 5633 5634 5554
f 5554 5634 5635 5555
f 5555 5635 5636 5556
f 5556 5636 5637 5557
f 5557 5637 5638 5558
f 5558 5638 5639 5559
f 5559 5639 5640 5560
f 5560 5640 5641 5561
f 5561 5641 5642 5562
f 5562 5642 5643 5563
f 5563 5643 5644 5564
f 5564 5644 5645 5565
f 5565 5645 5646 5566
f 5566 5646 5647 5567
f 5567 5647 5648 5568
f 5568 5648 5649 5569
f 5569 5649 5650 5570
f 5570 5650 5651 5571
f 5571 5651 5652 5572
f 5572 5652 5653 5573
f 5573 5653 5654 5574
f 5574 5654 5655 5575
f 5575 5655 5656 5576
f 5576 5656 5657 5577
f 5577 5657 5658 5578
f 5578 5658 5659 5579
f 5579 5659 5660 5580
f 5580 5660 5661 5581
f 5581 5661 5662 5582
f 5582 5662 5663 5583
f 5583 5663 5664 5584
f 5584 5664 5665 5585
f 5585 5665 5666 5586
f 5586 5666 5667 5587
f 5587 5667 5668 5588
f 5588 5668 5669 5589
f 5589 5669 5670 5590
f 5590 5670 5671 5591
f 5591 5671 5672 5592
f 5592 5672 5673 5593
f 5593 5673 5674 5594
f 5594 5674 5675 5595
f 5595 5675 5676 5596
f 5596 5676 5677 5597
f 5597 5677 5678 5598
f 5598 5678 5679 5599
f 5599 5679 5680 5600
f 5600 5680 5601 5521
f 5601 5681 5682 5602
f 5602 5682 5683 5603
f 5603 5683 5684 5604
f 5604 5684 5685 5605
f 5605 5685 5686 5606
f 5606 5686 5687 5607
f 5607 5687 5688 5608
f 5608 5688 5689 5609
f 5609 5689 5690 5610
f 5610 5690 5691 5611
f 5611 5691 5692 5612
f 5612 5692 5693 5613
f 5613 5693 5694 5614
f 5614 5694 5695 5615
f 5615 5695 5696 5616
f 5616 5696 5697 5617
f 5617 5697 5698 5618
f 5618 5698 5699 5619
f 5619 5699 5700 5620
f 5620 5700 5701 5621
f 5621 5701 5702 5622
f 5622 5702 5703 5623
f 5623 5703 5704 5624
f 5624 5704 5705 5625
f 5625 5705 5706 5626
f 5626 5706 5707 5627
f 5627 5707 5708 5628
f 5628 5708 5709 5629
f 5629 5709 5710 5630
f 5630 5710 5711 5631
f 5631 5711 5712 5632
f 5632 5712 5713 5633
f 5633 5713 5714 5634
f 5634 5714 5715 5635
f 5635 5715 5716 5636
f 5636 5716 5717 5637
f 5637 5717 5718 5638
f 5638 5718 5719 5639
f 5639 5719 5720 5640
f 5640 5720 5721 5641
f 5641 5721 5722 5642
f 5642 5722 5723 5643
f 5643 5723 5724 5644
f 5644 5724 5725 5645
f 5645 5725 5726 5646
f 5646 5726 5727 5647
f 5647 5727 5728 5648
f 5648 5728 5729 5649
f 5649 5729 5730 5650
f 5650 5730 5731 5651
f 5651 5731 5732 5652
f 5652 5732 5733 5653
f 5653 5733 5734 5654
f 5654 5734 5735 5655
f 5655 5735 5736 5656
f 5656 5736 5737 5657
f 5657 5737 5738 5658
f 5658 5738 5739 5659
f 5659 5739 5740 5660
f 5660 5740 5741 5661
f 5661 5741 5742 5662
f 5662 5742 5743 5663
f 5663 5743 5744 5664
f 5664 5744 5745 5665
f 5665 5745 5746 5666
f 5666 5746 5747 5667
f 5667 5747 5748 5668
f 5668 5748 5749 5669
f 5669 5749 5750 5670
f 5670 5750 5751 5671
f 5671 5751 5752 5672
f 5672 5752 5753 5673
f 5673 5753 5754 5674
f 5674 5754 5755 5675
f 5675 5755 5756 5676
f 5676 5756 5757 5677
f 5677 5757 5758 5678
f 5678 5758 5759 5679
f 5679 5759 5760 5680
f 5680 5760 5681 5601
f 5681 5761 5762 5682
f 5682 5762 5763 5683
f 5683 5763 5764 5684
f 5684 5764 5765 5685
f 5685 5765 5766 5686
f 5686 5766 5767 5687
f 5687 5767 5768 5688
f 5688 5768 5769 5689
f 5689 5769 5770 5690
f 5690 5770 5771 5691
f 5691 5771 5772 5692
f 5692 5772 5773 5693
f 5693 5773 5774 5694
f 5694 5774 5775 5695
f 5695 5775 5776 5696
f 5696 5776 5777 5697
f 5697 5777 5778 5698
f 5698 5778 5779 5699
f 5699 5779 5780 5700
f 5700 5780 5781 5701
f 5701 5781 5782 5702
f 5702 5782 5783 5703
f 5703 5783 5784 5704
f 5704 5784 5785 5705
f 5705 5785 5786 5706
f 5706 5786 5787 5707
f 5707 5787 5788 5708
f 5708 5788 5789 5709
f 5709 5789 5790 5710
f 5710 5790 5791 5711
f 5711 5791 5792 5712
f 5712 5792 5793 5713
f 5713 5793 5794 5714
f 5714 5794 5795 5715
f 5715 5795 5796 5716
f 5716 5796 5797 5717
f 5717 5797 5798 5718
f 5718 5798 5799 5719
f 5719 5799 5800 5720
f 5720 5800 5801 5721
f 5721 5801 5802 5722
f 5722 5802 5803 5723
f 5723 5803 5804 5724
f 5724 5804 5805 5725
f 5725 5805 5806 5726
f 5726 5806 5807 5727
f 5727 5807 5808 5728
f 5728 5808 5809 5729
f 5729 5809 5810 5730
f 5730 5810 5811 5731
f 5731 5811 5812 5732
f 5732 5812 5813 5733
f 5733 5813 5814 5734
f 5734 5814 5815 5735
f 5735 5815 5816 5736
f 5736 5816 5817 5737
f 5737 5817 5818 5738
f 5738 5818 5819 5739
f 5739 5819 5820 5740
f 5740 5820 5821 5741
f 5741 5821 5822 5742
f 5742 5822 5823 5743
f 5743 5823 5824 5744
f 5744 5824 5825 5745
f 5745 5825 5826 5746
f 5746 5826 5827 5747
f 5747 5827 5828 5748
f 5748 5828 5829 5749
f 5749 5829 5830 5750
f 5750 5830 5831 5751
f 5751 5831 5832 5752
f 5752 5832 5833 5753
f 5753 5833 5834 5754
f 5754 5834 5835 5755
f 5755 5835 5836 5756
f 5756 5836 5837 5757
f 5757 5837 5838 5758
f 5758 5838 5839 5759
f 5759 5839 5840 5760
f 5760 5840 5761 5681
f 5761 5841 5842 5762
f 5762 5842 5843 5763
f 5763 5843 5844 5764
f 5764 5844 5845 5765
f 5765 5845 5846 5766
f 5766 5846 5847 5767
f 5767 5847 5848 5768
f 5768 5848 5849 5769
f 5769 5849 5850 5770
f 5770 5850 5851 5771
f 5771 5851 5852 5772
f 5772 5852 5853 5773
f 5773 5853 5854 5774
f 5774 5854 5855 5775
f 5775 5855 5856 5776
f 5776 5856 5857 5777
f 5777 5857 5858 5778
f 5778 5858 5859 5779
f 5779 5859 5860 5780
f 5780 5860 5861 5781
f 5781 5861 5862 5782
f 5782 5862 5863 5783
f 5783 5863 5864 5784
f 5784 5864 5865 5785
f 5785 5865 5866 5786
f 5786 5866 5867 5787
f 5787 5867 5868 5788
f 5788 5868 5869 5789
f 5789 5869 5870 5790
f 5790 5870 5871 5791
f 5791 5871 5872 5792
f 5792 5872 5873 5793
f 5793 5873 5874 5794
f 5794 5874 5875 5795
f 5795 5875 5876 5796
f 5796 5876 5877 5797
f 5797 5877 5878 5798
f 5798 5878 5879 5799
f 5799 5879 5880 5800
f 5800 5880 5881 5801
f 5801 5881 5882 5802
f 5802 5882 5883 5803
f 5803 5883 5884 5804
f 5804 5884 5885 5805
f 5805 5885 5886 5806
f 5806 5886 5887 5807
f 5807 5887 5888 5808
f 5808 5888 5889 5809
f 5809 5889 5890 5810
f 5810 5890 5891 5811
f 5811 5891 5892 5812
f 5812 5892 5893 5813
f 5813 5893 5894 5814
f 5814 5894 5895 5815
f 5815 5895 5896 5816
f 5816 5896 5897 5817
f 5817 5897 5898 5818
f 5818 5898 5899 5819
f 5819 5899 5900 5820
f 5820 5900 5901 5821
f 5821 5901 5902 5822
f 5822 5902 5903 5823
f 5823 5903 5904 5824
f 5824 5904 5905 5825
f 5825 5905 5906 5826
f 5826 5906 5907 5827
f 5827 5907 5908 5828
f 5828 5908 5909 5829
f 5829 5909 5910 5830
f 5830 5910 5911 5831
f 5831 5911 5912 5832
f 5832 5912 5913 5833
f 5833 5913 5914 5834
f 5834 5914 5915 5835
f 5835 5915 5916 5836
f 5836 5916 5917 5837
f 5837 5917 5918 5838
f 5838 5918 5919 5839
f 5839 5919 5920 5840
f 5840 5920 5841 5761
f 5841 5921 5922 5842
f 5842 5922 5923 5843
f 5843 5923 5924 5844
f 5844 5924 5925 5845
f 5845 5925 5926 5846
f 5846 5926 5927 5847
f 5847 5927 5928 5848
f 5848 5928 5929 5849
f 5849 5929 5930 5850
f 5850 5930 5931 5851
f 5851 5931 5932 5852
f 5852 5932 5933 5853
f 5853 5933 5934 5854
f 5854 5934 5935 5855
f 5855 5935 5936 5856
f 5856 5936 5937 5857
f 5857 5937 5938 5858
f 5858 5938 5939 5859
f 5859 5939 5940 5860
f 5860 5940 5941 5861
f 5861 5941 5942 5862
f 5862 5942 5943 5863
f 5863 5943 5944 5864
f 5864 5944 5945 5865
f 5865 5945 5946 5866
f 5866 5946 5947 5867
f 5867 5947 5948 5868
f 5868 5948 5949 5869
f 5869 5949 5950 5870
f 5870 5950 5951 5871
f 5871 5951 5952 5872
f 5872 5952 5953 5873
f 5873 5953 5954 5874
f 5874 5954 5955 5875
f 5875 5955 5956 5876
f 5876 5956 5957 5877
f 5877 5957 5958 5878
f 5878 5958 5959 5879
f 5879 5959 5960 5880
f 5880 5960 5961 5881
f 5881 5961 5962 5882
f 5882 5962 5963 5883
f 5883 5963 5964 5884
f 5884 5964 5965 5885
f 5885 5965 5966 5886
f 5886 5966 5967 5887
f 5887 5967 5968 5888
f 5888 5968 5969 5889
f 5889 5969 5970 5890
f 5890 5970 5971 5891
f 5891 5971 5972 5892
f 5892 5972 5973 5893
f 5893 5973 5974 5894
f 5894 5974 5975 5895
f 5895 5975 5976 5896
f 5896 5976 5977 5897
f 5897 5977 5978 5898
f 5898 5978 5979 5899
f 5899 5979 5980 5900
f 5900 5980 5981 5901
f 5901 5981 5982 5902
f 5902 5982 5983 5903
f 5903 5983 5984 5904
f 5904 5984 5985 5905
f 5905 5985 5986 5906
f 5906 5986 5987 5907
f 5907 5987 5988 5908
f 5908 5988 5989 5909
f 5909 5989 5990 5910
f 5910 5990 5991 5911
f 5911 5991 5992 5912
f 5912 5992 5993 5913
f 5913 5993 5994 5914
f 5914 5994 5995 5915
f 5915 5995 5996 5916
f 5916 5996 5997 5917
f 5917 5997 5998 5918
f 5918 5998 5999 5919
f 5919 5999 6000 5920
f 5920 6000 5921 5841
f 5921 6001 6002 5922
f 5922 6002 6003 5923
f 5923 6003 6004 5924
f 5924 6004 6005 5925
f 5925 6005 6006 5926
f 5926 6006 6007 5927
f 5927 6007 6008 5928
f 5928 6008 6009 5929
f 5929 6009 6010 5930
f 5930 6010 6011 5931
f 5931 6011 6012 5932
f 5932 6012 6013 5933
f 5933 6013 6014 5934
f 5934 6014 6015 5935
f 5935 6015 6016 5936
f 5936 6016 6017 5937
f 5937 6017 6018 5938
f 5938 6018 6019 5939
f 5939 6019 6020 5940
f 5940 6020 6021 5941
f 5941 6021 6022 5942
f 5942 6022 6023 5943
f 5943 6023 6024 5944
f 5944 6024 6025 5945
f 5945 6025 6026 5946
f 5946 6026 6027 5947
f 5947 6027 6028 5948
f 5948 6028 6029 5949
f 5949 6029 6030 5950
f 5950 6030 6031 5951
f 5951 6031 6032 5952
f 5952 6032 6033 5953
f 5953 6033 6034 5954
f 5954 6034 6035 5955
f 5955 6035 6036 5956
f 5956 6036 6037 5957
f 5957 6037 6038 5958
f 5958 6038 6039 5959
f 5959 6039 6040 5960
f 5960 6040 6041 5961
f 5961 6041 6042 5962
f 5962 6042 6043 5963
f 5963 6043 6044 5964
f 5964 6044 6045 5965
f 5965 6045 6046 5966
f 5966 6046 6047 5967
f 5967 6047 6048 5968
f 5968 6048 6049 5969
f 5969 6049 6050 5970
f 5970 6050 6051 5971
f 5971 6051 6052 5972
f 5972 6052 6053 5973
f 5973 6053 6054 5974
f 5974 6054 6055 5975
f 5975 6055 6056 5976
f 5976 6056 6057 5977
f 5977 6057 6058 5978
f 5978 6058 6059 5979
f 5979 6059 6060 5980
f 5980 6060 6061 5981
f 5981 6061 6062 5982
f 5982 6062 6063 5983
f 5983 6063 6064 5984
f 5984 6064 6065 5985
f 5985 6065 6066 5986
f 5986 6066 6067 5987
f 5987 6067 6068 5988
f 5988 6068 6069 5989
f 5989 6069 6070 5990
f 5990 6070 6071 5991
f 5991 6071 6072 5992
f 5992 6072 6073 5993
f 5993 6073 6074 5994
f 5994 6074 6075 5995
f 5995 6075 6076 5996
f 5996 6076 6077 5997
f 5997 6077 6078 5998
f 5998 6078 6079 5999
f 5999 6079 6080 6000
f 6000 6080 6001 5921
f 6001 6081 6082 6002
f 6002 6082 6083 6003
f 6003 6083 6084 6004
f 6004 6084 6085 6005
f 6005 6085 6086 6006
f 6006 6086 6087 6007
f 6007 6087 6088 6008
f 6008 6088 6089 6009
f 6009 6089 6090 6010
f 6010 6090 6091 6011
f 6011 6091 6092 6012
f 6012 6092 6093 6013
f 6013 6093 6094 6014
f 6014 6094 6095 6015
f 6015 6095 6096 6016
f 6016 6096 6097 6017
f 6017 6097 6098 6018
f 6018 6098 6099 6019
f 6019 6099 6100 6020
f 6020 6100 6101 6021
f 6021 6101 6102 6022
f 6022 6102 6103 6023
f 6023 6103 6104 6024
f 6024 6104 6105 6025
f 6025 6105 6106 6026
f 6026 6106 6107 6027
f 6027 6107 6108 6028
f 6028 6108 6109 6029
f 6029 6109 6110 6030
f 6030 6110 6111 6031
f 6031 6111 6112 6032
f 6032 6112 6113 6033
f 6033 6113 6114 6034
f 6034 6114 6115 6035
f 6035 6115 6116 6036
f 6036 6116 6117 6037
f 6037 6117 6118 6038
f 6038 6118 6119 6039
f 6039 6119 6120 6040
f 6040 6120 6121 6041
f 6041 6121 6122 6042
f 6042 6122 6123 6043
f 6043 6123 6124 6044
f 6044 6124 6125 6045
f 6045 6125 6126 6046
f 6046 6126 6127 6047
f 6047 6127 6128 6048
f 6048 6128 6129 6049
f 6049 6129 6130 6050
f 6050 6130 6131 6051
f 6051 6131 6132 6052
f 6052 6132 6133 6053
f 6053 6133 6134 6054
f 6054 6134 6135 6055
f 6055 6135 6136 6056
f 6056 6136 6137 6057
f 6057 6137 6138 6058
f 6058 6138 6139 6059
f 6059 6139 6140 6060
f 6060 6140 6141 6061
f 6061 6141 6142 6062
f 6062 6142 6143 6063
f 6063 6143 6144 6064
f 6064 6144 6145 6065
f 6065 6145 6146 6066
f 6066 6146 6147 6067
f 6067 6147 6148 6068
f 6068 6148 6149 6069
f 6069 6149 6150 6070
f 6070 6150 6151 6071
f 6071 6151 6152 6072
f 6072 6152 6153 6073
f 6073 6153 6154 6074
f 6074 6154 6155 6075
f 6075 6155 6156 6076
f 6076 6156 6157 6077
f 6077 6157 6158 6078
f 6078 6158 6159 6079
f 6079 6159 6160 6080
f 6080 6160 6081 6001
f 6081 6161 6162 6082
f 6082 6162 6163 6083
f 6083 6163 6164 6084
f 6084 6164 6165 6085
f 6085 6165 6166 6086
f 6086 6166 6167 6087
f 6087 6167 6168 6088
f 6088 6168 6169 6089
f 6089 6169 6170 6090
f 6090 6170 6171 6091
f 6091 6171 6172 6092
f 6092 6172 6173 6093
f 6093 6173 6174 6094
f 6094 6174 6175 6095
f 6095 6175 6176 6096
f 6096 6176 6177 6097
f 6097 6177 6178 6098
f 6098 6178 6179 6099
f 6099 6179 6180 6100
f 6100 6180 6181 6101
f 6101 6181 6182 6102
f 6102 6182 6183 6103
f 6103 6183 6184 6104
f 6104 6184 6185 6105
f 6105 6185 6186 6106
f 6106 6186 6187 6107
f 6107 6187 6188 6108
f 6108 6188 6189 6109
f 6109 6189 6190 6110
f 6110 6190 6191 6111
f 6111 6191 6192 6112
f 6112 6192 6193 6113
f 6113 6193 6194 6114
f 6114 6194 6195 6115
f 6115 6195 6196 6116
f 6116 6196 6197 6117
f 6117 6197 6198 6118
f 6118 6198 6199 6119
f 6119 6199 6200 6120
f 6120 6200 6201 6121
f 6121 6201 6202 6122
f 6122 6202 6203 6123
f 6123 6203 6204 6124
f 6124 6204 6205 6125
f 6125 6205 6206 6126
f 6126 6206 6207 6127
f 6127 6207 6208 6128
f 6128 6208 6209 6129
f 6129 6209 6210 6130
f 6130 6210 6211 6131
f 6131 6211 6212 6132
f 6132 6212 6213 6133
f 6133 6213 6214 6134
f 6134 6214 6215 6135
f 6135 6215 6216 6136
f 6136 6216 6217 6137
f 6137 6217 6218 6138
f 6138 6218 6219 6139
f 6139 6219 6220 6140
f 6140 6220 6221 6141
f 6141 6221 6222 6142
f 6142 6222 6223 6143
f 6143 6223 6224 6144
f 6144 6224 6225 6145
f 6145 6225 6226 6146
f 6146 6226 6227 6147
f 6147 6227 6228 6148
f 6148 6228 6229 6149
f 6149 6229 6230 6150
f 6150 6230 6231 6151
f 6151 6231 6232 6152
f 6152 6232 6233 6153
f 6153 6233 6234 6154
f 6154 6234 6235 6155
f 6155 6235 6236 6156
f 6156 6236 6237 6157
f 6157 6237 6238 6158
f 6158 6238 6239 6159
f 6159 6239 6240 6160
f 6160 6240 6161 6081
f 6161 6241 6242 6162
f 6162 6242 6243 6163
f 6163 6243 6244 6164
f 6164 6244 6245 6165
f 6165 6245 6246 6166
f 6166 6246 6247 6167
f 6167 6247 6248 6168
f 6168 6248 6249 6169
f 6169 6249 6250 6170
f 6170 6250 6251 6171
f 6171 6251 6252 6172
f 6172 6252 6253 6173
f 6173 6253 6254 6174
f 6174 6254 6255 6175
f 6175 6255 6256 6176
f 6176 6256 6257 6177
f 6177 6257 6258 6178
f 6178 6258 6259 6179
f 6179 6259 6260 6180
f 6180 6260 6261 6181
f 6181 6261 6262 6182
f 6182 6262 6263 6183
f 6183 6263 6264 6184
f 6184 6264 6265 6185
f 6185 6265 6266 6186
f 6186 6266 6267 6187
f 6187 6267 6268 6188
f 6188 6268 6269 6189
f 6189 6269 6270 6190
f 6190 6270 6271 6191
f 6191 6271 6272 6192
f 6192 6272 6273 6193
f 6193 6273 6274 6194
f 6194 6274 6275 6195
f 6195 6275 6276 6196
f 6196 6276 6277 6197
f 6197 6277 6278 6198
f 6198 6278 6279 6199
f 6199 6279 6280 6200
f 6200 6280 6281 6201
f 6201 6281 6282 6202
f 6202 6282 6283 6203
f 6203 6283 6284 6204
f 6204 6284 6285 6205
f 6205 6285 6286 6206
f 6206 6286 6287 6207
f 6207 6287 6288 6208
f 6208 6288 6289 6209
f 6209 6289 6290 6210
f 6210 6290 6291 6211
f 6211 6291 6292 6212
f 6212 6292 6293 6213
f 6213 6293 6294 6214
f 6214 6294 6295 6215
f 6215 6295 6296 6216
f 6216 6296 6297 6217
f 6217 6297 6298 6218
f 6218 6298 6299 6219
f 6219 6299 6300 6220
f 6220 6300 6301 6221
f 6221 6301 6302 6222
f 6222 6302 6303 6223
f 6223 6303 6304 6224
f 6224 6304 6305 6225
f 6225 6305 6306 6226
f 6226 6306 6307 6227
f 6227 6307 6308 6228
f 6228 6308 6309 6229
f 6229 6309 6310 6230
f 6230 6310 6311 6231
f 6231 6311 6312 6232
f 6232 6312 6313 6233
f 6233 6313 6314 6234
f 6234 6314 6315 6235
f 6235 6315 6316 6236
f 6236 6316 6317 6237
f 6237 6317 6318 6238
f 6238 6318 6319 6239
f 6239 6319 6320 6240
f 6240 6320 6241 6161
f 6241 6321 6322 6242
f 6242 6322 6323 6243
f 6243 6323 6324 6244
f 6244 6324 6325 6245
f 6245 6325 6326 6246
f 6246 6326 6327 6247
f 6247 6327 6328 6248
f 6248 6328 6329 6249
f 6249 6329 6330 6250
f 6250 6330 6331 6251
f 6251 6331 6332 6252
f 6252 6332 6333 6253
f 6253 6333 6334 6254
f 6254 6334 6335 6255
f 6255 6335 6336 6256
f 6256 6336 6337 6257
f 6257 6337 6338 6258
f 6258 6338 6339 6259
f 6259 6339 6340 6260
f 6260 6340 6341 6261
f 6261 6341 6342 6262
f 6262 6342 6343 6263
f 6263 6343 6344 6264
f 6264 6344 6345 6265
f 6265 6345 6346 6266
f 6266 6346 6347 6267
f 6267 6347 6348 6268
f 6268 6348 6349 6269
f 6269 6349 6350 6270
f 6270 6350 6351 6271
f 6271 6351 6352 6272
f 6272 6352 6353 6273
f 6273 6353 6354 6274
f 6274 6354 6355 6275
f 6275 6355 6356 6276
f 6276 6356 6357 6277
f 6277 6357 6358 6278
f 6278 6358 6359 6279
f 6279 6359 6360 6280
f 6280 6360 6361 6281
f 6281 6361 6362 6282
f 6282 6362 6363 6283
f 6283 6363 6364 6284
f 6284 6364 6365 6285
f 6285 6365 6366 6286
f 6286 6366 6367 6287
f 6287 6367 6368 6288
f 6288 6368 6369 6289
f 6289 6369 6370 6290
f 6290 6370 6371 6291
f 6291 6371 6372 6292
f 6292 6372 6373 6293
f 6293 6373 6374 6294
f 6294 6374 6375 6295
f 6295 6375 6376 6296
f 6296 6376 6377 6297
f 6297 6377 6378 6298
f 6298 6378 6379 6299
f 6299 6379 6380 6300
f 6300 6380 6381 6301
f 6301 6381 6382 6302
f 6302 6382 6383 6303
f 6303 6383 6384 6304
f 6304 6384 6385 6305
f 6305 6385 6386 6306
f 6306 6386 6387 6307
f 6307 6387 6388 6308
f 6308 6388 6389 6309
f 6309 6389 6390 6310
f 6310 6390 6391 6311
f 6311 6391 6392 6312
f 6312 6392 6393 6313
f 6313 6393 6394 6314
f 6314 6394 6395 6315
f 6315 6395 6396 6316
f 6316 6396 6397 6317
f 6317 6397 6398 6318
f 6318 6398 6399 6319
f 6319 6399 6400 6320
f 6320 6400 6321 6241
f 6321 6401 6402 6322
f 6322 6402 6403 6323
f 6323 6403 6404 6324
f 6324 6404 6405 6325
f 6325 6405 6406 6326
f 6326 6406 6407 6327
f 6327 6407 6408 6328
f 6328 6408 6409 6329
f 6329 6409 6410 6330
f 6330 6410 6411 6331
f 6331 6411 6412 6332
f 6332 6412 6413 6333
f 6333 6413 6414 6334
f 6334 6414 6415 6335
f 6335 6415 6416 6336
f 6336 6416 6417 6337
f 6337 6417 6418 6338
f 6338 6418 6419 6339
f 6339 6419 6420 6340
f 6340 6420 6421 6341
f 6341 6421 6422 6342
f 6342 6422 6423 6343
f 6343 6423 6424 6344
f 6344 6424 6425 6345
f 6345 6425 6426 6346
f 6346 6426 6427 6347
f 6347 6427 6428 6348
f 6348 6428 6429 6349
f 6349 6429 6430 6350
f 6350 6430 6431 6351
f 6351 6431 6432 6352
f 6352 6432 6433 6353
f 6353 6433 6434 6354
f 6354 6434 6435 6355
f 6355 6435 6436 6356
f 6356 6436 6437 6357
f 6357 6437 6438 6358
f 6358 6438 6439 6359
f 6359 6439 6440 6360
f 6360 6440 6441 6361
f 6361 6441 6442 6362
f 6362 6442 6443 6363
f 6363 6443 6444 6364
f 6364 6444 6445 6365
f 6365 6445 6446 6366
f 6366 6446 6447 6367
f 6367 6447 6448 6368
f 6368 6448 6449 6369
f 6369 6449 6450 6370
f 6370 6450 6451 6371
f 6371 6451 6452 6372
f 6372 6452 6453 6373
f 6373 6453 6454 6374
f 6374 6454 6455 6375
f 6375 6455 6456 6376
f 6376 6456 6457 6377
f 6377 6457 6458 6378
f 6378 6458 6459 6379
f 6379 6459 6460 6380
f 6380 6460 6461 6381
f 6381 6461 6462 6382
f 6382 6462 6463 6383
f 6383 6463 6464 6384
f 6384 6464 6465 6385
f 6385 6465 6466 6386
f 6386 6466 6467 6387
f 6387 6467 6468 6388
f 6388 6468 6469 6389
f 6389 6469 6470 6390
f 6390 6470 6471 6391
f 6391 6471 6472 6392
f 6392 6472 6473 6393
f 6393 6473 6474 6394
f 6394 6474 6475 6395
f 6395 6475 6476 6396
f 6396 6476 6477 6397
f 6397 6477 6478 6398
f 6398 6478 6479 6399
f 6399 6479 6480 6400
f 6400 6480 6401 6321
f 6401 6481 6482 6402
f 6402 6482 6483 6403
f 6403 6483 6484 6404
f 6404 6484 6485 6405
f 6405 6485 6486 6406
f 6406 6486 6487 6407
f 6407 6487 6488 6408
f 6408 6488 6489 6409
f 6409 6489 6490 6410
f 6410 6490 6491 6411
f 6411 6491 6492 6412
f 6412 6492 6493 6413
f 6413 6493 6494 6414
f 6414 6494 6495 6415
f 6415 6495 6496 6416
f 6416 6496 6497 6417
f 6417 6497 6498 6418
f 6418 6498 6499 6419
f 6419 6499 6500 6420
f 6420 6500 6501 6421
f 6421 6501 6502 6422
f 6422 6502 6503 6423
f 6423 6503 6504 6424
f 6424 6504 6505 6425
f 6425 6505 6506 6426
f 6426 6506 6507 6427
f 6427 6507 6508 6428
f 6428 6508 6509 6429
f 6429 6509 6510 6430
f 6430 6510 6511 6431
f 6431 6511 6512 6432
f 6432 6512 6513 6433
f 6433 6513 6514 6434
f 6434 6514 6515 6435
f 6435 6515 6516 6436
f 6436 6516 6517 6437
f 6437 6517 6518 6438
f 6438 6518 6519 6439
f 6439 6519 6520 6440
f 6440 6520 6521 6441
f 6441 6521 6522 6442
f 6442 6522 6523 6443
f 6443 6523 6524 6444
f 6444 6524 6525 6445
f 6445 6525 6526 6446
f 6446 6526 6527 6447
f 6447 6527 6528 6448
f 6448 6528 6529 6449
f 6449 6529 6530 6450
f 6450 6530 6531 6451
f 6451 6531 6532 6452
f 6452 6532 6533 6453
f 6453 6533 6534 6454
f 6454 6534 6535 6455
f 6455 6535 6536 6456
f 6456 6536 6537 6457
f 6457 6537 6538 6458
f 6458 6538 6539 6459
f 6459 6539 6540 6460
f 6460 6540 6541 6461
f 6461 6541 6542 6462
f 6462 6542 6543 6463
f 6463 6543 6544 6464
f 6464 6544 6545 6465
f 6465 6545 6546 6466
f 6466 6546 6547 6467
f 6467 6547 6548 6468
f 6468 6548 6549 6469
f 6469 6549 6550 6470
f 6470 6550 6551 6471
f 6471 6551 6552 6472
f 6472 6552 6553 6473
f 6473 6553 6554 6474
f 6474 6554 6555 6475
f 6475 6555 6556 6476
f 6476 6556 6557 6477
f 6477 6557 6558 6478
f 6478 6558 6559 6479
f 6479 6559 6560 6480
f 6480 6560 6481 6401
f 6481 6561 6562 6482
f 6482 6562 6563 6483
f 6483 6563 6564 6484
f 6484 6564 6565 6485
f 6485 6565 6566 6486
f 6486 6566 6567 6487
f 6487 6567 6568 6488
f 6488 6568 6569 6489
f 6489 6569 6570 6490
f 6490 6570 6571 6491
f 6491 6571 6572 6492
f 6492 6572 6573 6493
f 6493 6573 6574 6494
f 6494 6574 6575 6495
f 6495 6575 6576 6496
f 6496 6576 6577 6497
f 6497 6577 6578 6498
f 6498 6578 6579 6499
f 6499 6579 6580 6500
f 6500 6580 6581 6501
f 6501 6581 6582 6502
f 6502 6582 6583 6503
f 6503 6583 6584 6504
f 6504 6584 6585 6505
f 6505 6585 6586 6506
f 6506 6586 6587 6507
f 6507 6587 6588 6508
f 6508 6588 6589 6509
f 6509 6589 6590 6510
f 6510 6590 6591 6511
f 6511 6591 6592 6512
f 6512 6592 6593 6513
f 6513 6593 6594 6514
f 6514 6594 6595 6515
f 6515 6595 6596 6516
f 6516 6596 6597 6517
f 6517 6597 6598 6518
f 6518 6598 6599 6519
f 6519 6599 6600 6520
f 6520 6600 6601 6521
f 6521 6601 6602 6522
f 6522 6602 6603 6523
f 6523 6603 6604 6524
f 6524 6604 6605 6525
f 6525 6605 6606 6526
f 6526 6606 6607 6527
f 6527 6607 6608 6528
f 6528 6608 6609 6529
f 6529 6609 6610 6530
f 6530 6610 6611 6531
f 6531 6611 6612 6532
f 6532 6612 6613 6533
f 6533 6613 6614 6534
f 6534 6614 6615 6535
f 6535 6615 6616 6536
f 6536 6616 6617 6537
f 6537 6617 6618 6538
f 6538 6618 6619 6539
f 6539 6619 6620 6540
f 6540 6620 6621 6541
f 6541 6621 6622 6542
f 6542 6622 6623 6543
f 6543 6623 6624 6544
f 6544 6624 6625 6545
f 6545 6625 6626 6546
f 6546 6626 6627 6547
f 6547 6627 6628 6548
f 6548 6628 6629 6549
f 6549 6629 6630 6550
f 6550 6630 6631 6551
f 6551 6631 6632 6552
f 6552 6632 6633 6553
f 6553 6633 6634 6554
f 6554 6634 6635 6555
f 6555 6635 6636 6556
f 6556 6636 6637 6557
f 6557 6637 6638 6558
f 6558 6638 6639 6559
f 6559 6639 6640 6560
f 6560 6640 6561 6481
f 6561 6641 6642 6562
f 6562 6642 6643 6563
f 6563 6643 6644 6564
f 6564 6644 6645 6565
f 6565 6645 6646 6566
f 6566 6646 6647 6567
f 6567 6647 6648 6568
f 6568 6648 6649 6569
f 6569 6649 6650 6570
f 6570 6650 6651 6571
f 6571 6651 6652 6572
f 6572 6652 6653 6573
f 6573 6653 6654 6574
f 6574 6654 6655 6575
f 6575 6655 6656 6576
f 6576 6656 6657 6577
f 6577 6657 6658 6578
f 6578 6658 6659 6579
f 6579 6659 6660 6580
f 6580 6660 6661 6581
f 6581 6661 6662 6582
f 6582 6662 6663 6583
f 6583 6663 6664 6584
f 6584 6664 6665 6585
f 6585 6665 6666 6586
f 6586 6666 6667 6587
f 6587 6667 6668 6588
f 6588 6668 6669 6589
f 6589 6669 6670 6590
f 6590 6670 6671 6591
f 6591 6671 6672 6592
f 6592 6672 6673 6593
f 6593 6673 6674 6594
f 6594 6674 6675 6595
f 6595 6675 6676 6596
f 6596 6676 6677 6597
f 6597 6677 6678 6598
f 6598 6678 6679 6599
f 6599 6679 6680 6600
f 6600 6680 6681 6601
f 6601 6681 6682 6602
f 6602 6682 6683 6603
f 6603 6683 6684 6604
f 6604 6684 6685 6605
f 6605 6685 6686 6606
f 6606 6686 6687 6607
f 6607 6687 6688 6608
f 6608 6688 6689 6609
f 6609 6689 6690 6610
f 6610 6690 6691 6611
f 6611 6691 6692 6612
f 6612 6692 6693 6613
f 6613 6693 6694 6614
f 6614 6694 6695 6615
f 6615 6695 6696 6616
f 6616 6696 6697 6617
f 6617 6697 6698 6618
f 6618 6698 6699 6619
f 6619 6699 6700 6620
f 6620 6700 6701 6621
f 6621 6701 6702 6622
f 6622 6702 6703 6623
f 6623 6703 6704 6624
f 6624 6704 6705 6625
f 6625 6705 6706 6626
f 6626 6706 6707 6627
f 6627 6707 6708 6628
f 6628 6708 6709 6629
f 6629 6709 6710 6630
f 6630 6710 6711 6631
f 6631 6711 6712 6632
f 6632 6712 6713 6633
f 6633 6713 6714 6634
f 6634 6714 6715 6635
f 6635 6715 6716 6636
f 6636 6716 6717 6637
f 6637 6717 6718 6638
f 6638 6718 6719 6639
f 6639 6719 6720 6640
f 6640 6720 6641 6561
f 6641 6721 6722 6642
f 6642 6722 6723 6643
f 6643 6723 6724 6644
f 6644 6724 6725 6645
f 6645 6725 6726 6646
f 6646 6726 6727 6647
f 6647 6727 6728 6648
f 6648 6728 6729 6649
f 6649 6729 6730 6650
f 6650 6730 6731 6651
f 6651 6731 6732 6652
f 6652 6732 6733 6653
f 6653 6733 6734 6654
f 6654 6734 6735 6655
f 6655 6735 6736 6656
f 6656 6736 6737 6657
f 6657 6737 6738 6658
f 6658 6738 6739 6659
f 6659 6739 6740 6660
f 6660 6740 6741 6661
f 6661 6741 6742 6662
f 6662 6742 6743 6663
f 6663 6743 6744 6664
f 6664 6744 6745 6665
f 6665 6745 6746 6666
f 6666 6746 6747 6667
f 6667 6747 6748 6668
f 6668 6748 6749 6669
f 6669 6749 6750 6670
f 6670 6750 6751 6671
f 6671 6751 6752 6672
f 6672 6752 6753 6673
f 6673 6753 6754 6674
f 6674 6754 6755 6675
f 6675 6755 6756 6676
f 6676 6756 6757 6677
f 6677 6757 6758 6678
f 6678 6758 6759 6679
f 6679 6759 6760 6680
f 6680 6760 6761 6681
f 6681 6761 6762 6682
f 6682 6762 6763 6683
f 6683 6763 6764 6684
f 6684 6764 6765 6685
f 6685 6765 6766 6686
f 6686 6766 6767 6687
f 6687 6767 6768 6688
f 6688 6768 6769 6689
f 6689 6769 6770 6690
f 6690 6770 6771 6691
f 6691 6771 6772 6692
f 6692 6772 6773 6693
f 6693 6773 6774 6694
f 6694 6774 6775 6695
f 6695 6775 6776 6696
f 6696 6776 6777 6697
f 6697 6777 6778 6698
f 6698 6778 6779 6699
f 6699 6779 6780 6700
f 6700 6780 6781 6701
f 6701 6781 6782 6702
f 6702 6782 6783 6703
f 6703 6783 6784 6704
f 6704 6784 6785 6705
f 6705 6785 6786 6706
f 6706 6786 6787 6707
f 6707 6787 6788 6708
f 6708 6788 6789 6709
f 6709 6789 6790 6710
f 6710 6790 6791 6711
f 6711 6791 6792 6712
f 6712 6792 6793 6713
f 6713 6793 6794 6714
f 6714 6794 6795 6715
f 6715 6795 6796 6716
f 6716 6796 6797 6717
f 6717 6797 6798 6718
f 6718 6798 6799 6719
f 6719 6799 6800 6720
f 6720 6800 6721 6641
f 6721 6801 6802 6722
f 6722 6802 6803 6723
f 6723 6803 6804 6724
f 6724 6804 6805 6725
f 6725 6805 6806 6726
f 6726 6806 6807 6727
f 6727 6807 6808 6728
f 6728 6808 6809 6729
f 6729 6809 6810 6730
f 6730 6810 6811 6731
f 6731 6811 6812 6732
f 6732 6812 6813 6733
f 6733 6813 6814 6734
f 6734 6814 6815 6735
f 6735 6815 6816 6736
f 6736 6816 6817 6737
f 6737 6817 6818 6738
f 6738 6818 6819 6739
f 6739 6819 6820 6740
f 6740 6820 6821 6741
f 6741 6821 6822 6742
f 6742 6822 6823 6743
f 6743 6823 6824 6744
f 6744 6824 6825 6745
f 6745 6825 6826 6746
f 6746 6826 6827 6747
f 6747 6827 6828 6748
f 6748 6828 6829 6749
f 6749 6829 6830 6750
f 6750 6830 6831 6751
f 6751 6831 6832 6752
f 6752 6832 6833 6753
f 6753 6833 6834 6754
f 6754 6834 6835 6755
f 6755 6835 6836 6756
f 6756 6836 6837 6757
f 6757 6837 6838 6758
f 6758 6838 6839 6759
f 6759 6839 6840 6760
f 6760 6840 6841 6761
f 6761 6841 6842 6762
f 6762 6842 6843 6763
f 6763 6843 6844 6764
f 6764 6844 6845 6765
f 6765 6845 6846 6766
f 6766 6846 6847 6767
f 6767 6847 6848 6768
f 6768 6848 6849 6769
f 6769 6849 6850 6770
f 6770 6850 6851 6771
f 6771 6851 6852 6772
f 6772 6852 6853 6773
f 6773 6853 6854 6774
f 6774 6854 6855 6775
f 6775 6855 6856 6776
f 6776 6856 6857 6777
f 6777 6857 6858 6778
f 6778 6858 6859 6779
f 6779 6859 6860 6780
f 6780 6860 6861 6781
f 6781 6861 6862 6782
f 6782 6862 6863 6783
f 6783 6863 6864 6784
f 6784 6864 6865 6785
f 6785 6865 6866 6786
f 6786 6866 6867 6787
f 6787 6867 6868 6788
f 6788 6868 6869 6789
f 6789 6869 6870 6790
f 6790 6870 6871 6791
f 6791 6871 6872 6792
f 6792 6872 6873 6793
f 6793 6873 6874 6794
f 6794 6874 6875 6795
f 6795 6875 6876 6796
f 6796 6876 6877 6797
f 6797 6877 6878 6798
f 6798 6878 6879 6799
f 6799 6879 6880 6800
f 6800 6880 6801 6721
f 6801 6881 6882 6802
f 6802 6882 6883 6803
f 6803 6883 6884 6804
f 6804 6884 6885 6805
f 6805 6885 6886 6806
f 6806 6886 6887 6807
f 6807 6887 6888 6808
f 6808 6888 6889 6809
f 6809 6889 6890 6810
f 6810 6890 6891 6811
f 6811 6891 6892 6812
f 6812 6892 6893 6813
f 6813 6893 6894 6814
f 6814 6894 6895 6815
f 6815 6895 6896 6816
f 6816 6896 6897 6817
f 6817 6897 6898 6818
f 6818 6898 6899 6819
f 6819 6899 6900 6820
f 6820 6900 6901 6821
f 6821 6901 6902 6822
f 6822 6902 6903 6823
f 6823 6903 6904 6824
f 6824 6904 6905 6825
f 6825 6905 6906 6826
f 6826 6906 6907 6827
f 6827 6907 6908 6828
f 6828 6908 6909 6829
f 6829 6909 6910 6830
f 6830 6910 6911 6831
f 6831 6911 6912 6832
f 6832 6912 6913 6833
f 6833 6913 6914 6834
f 6834 6914 6915 6835
f 6835 6915 6916 6836
f 6836 6916 6917 6837
f 6837 6917 6918 6838
f 6838 6918 6919 6839
f 6839 6919 6920 6840
f 6840 6920 6921 6841
f 6841 6921 6922 6842
f 6842 6922 6923 6843
f 6843 6923 6924 6844
f 6844 6924 6925 6845
f 6845 6925 6926 6846
f 6846 6926 6927 6847
f 6847 6927 6928 6848
f 6848 6928 6929 6849
f 6849 6929 6930 6850
f 6850 6930 6931 6851
f 6851 6931 6932 6852
f 6852 6932 6933 6853
f 6853 6933 6934 6854
f 6854 6934 6935 6855
f 6855 6935 6936 6856
f 6856 6936 6937 6857
f 6857 6937 6938 6858
f 6858 6938 6939 6859
f 6859 6939 6940 6860
f 6860 6940 6941 6861
f 6861 6941 6942 6862
f 6862 6942 6943 6863
f 6863 6943 6944 6864
f 6864 6944 6945 6865
f 6865 6945 6946 6866
f 6866 6946 6947 6867
f 6867 6947 6948 6868
f 6868 6948 6949 6869
f 6869 6949 6950 6870
f 6870 6950 6951 6871
f 6871 6951 6952 6872
f 6872 6952 6953 6873
f 6873 6953 6954 6874
f 6874 6954 6955 6875
f 6875 6955 6956 6876
f 6876 6956 6957 6877
f 6877 6957 6958 6878
f 6878 6958 6959 6879
f 6879 6959 6960 6880
f 6880 6960 6881 6801
f 6881 6961 6962 6882
f 6882 6962 6963 6883
f 6883 6963 6964 6884
f 6884 6964 6965 6885
f 6885 6965 6966 6886
f 6886 6966 6967 6887
f 6887 6967 6968 6888
f 6888 6968 6969 6889
f 6889 6969 6970 6890
f 6890 6970 6971 6891
f 6891 6971 6972 6892
f 6892 6972 6973 6893
f 6893 6973 6974 6894
f 6894 6974 6975 6895
f 6895 6975 6976 6896
f 6896 6976 6977 6897
f 6897 6977 6978 6898
f 6898 6978 6979 6899
f 6899 6979 6980 6900
f 6900 6980 6981 6901
f 6901 6981 6982 6902
f 6902 6982 6983 6903
f 6903 6983 6984 6904
f 6904 6984 6985 6905
f 6905 6985 6986 6906
f 6906 6986 6987 6907
f 6907 6987 6988 6908
f 6908 6988 6989 6909
f 6909 6989 6990 6910
f 6910 6990 6991 6911
f 6911 6991 6992 6912
f 6912 6992 6993 6913
f 6913 6993 6994 6914
f 6914 6994 6995 6915
f 6915 6995 6996 6916
f 6916 6996 6997 6917
f 6917 6997 6998 6918
f 6918 6998 6999 6919
f 6919 6999 7000 6920
f 6920 7000 7001 6921
f 6921 7001 7002 6922
f 6922 7002 7003 6923
f 6923 7003 7004 6924
f 6924 7004 7005 6925
f 6925 7005 7006 6926
f 6926 7006 7007 6927
f 6927 7007 7008 6928
f 6928 7008 7009 6929
f 6929 7009 7010 6930
f 6930 7010 7011 6931
f 6931 7011 7012 6932
f 6932 7012 7013 6933
f 6933 7013 7014 6934
f 6934 7014 7015 6935
f 6935 7015 7016 6936
f 6936 7016 7017 6937
f 6937 7017 7018 6938
f 6938 7018 7019 6939
f 6939 7019 7020 6940
f 6940 7020 7021 6941
f 6941 7021 7022 6942
f 6942 7022 7023 6943
f 6943 7023 7024 6944
f 6944 7024 7025 6945
f 6945 7025 7026 6946
f 6946 7026 7027 6947
f 6947 7027 7028 6948
f 6948 7028 7029 6949
f 6949 7029 7030 6950
f 6950 7030 7031 6951
f 6951 7031 7032 6952
f 6952 7032 7033 6953
f 6953 7033 7034 6954
f 6954 7034 7035 6955
f 6955 7035 7036 6956
f 6956 7036 7037 6957
f 6957 7037 7038 6958
f 6958 7038 7039 6959
f 6959 7039 7040 6960
f 6960 7040 6961 6881
f 6961 7041 7042 6962
f 6962 7042 7043 6963
f 6963 7043 7044 6964
f 6964 7044 7045 6965
f 6965 7045 7046 6966
f 6966 7046 7047 6967
f 6967 7047 7048 6968
f 6968 7048 7049 6969
f 6969 7049 7050 6970
f 6970 7050 7051 6971
f 6971 7051 7052 6972
f 6972 7052 7053 6973
f 6973 7053 7054 6974
f 6974 7054 7055 6975
f 6975 7055 7056 6976
f 6976 7056 7057 6977
f 6977 7057 7058 6978
f 6978 7058 7059 6979
f 6979 7059 7060 6980
f 6980 7060 7061 6981
f 6981 7061 7062 6982
f 6982 7062 7063 6983
f 6983 7063 7064 6984
f 6984 7064 7065 6985
f 6985 7065 7066 6986
f 6986 7066 7067 6987
f 6987 7067 7068 6988
f 6988 7068 7069 6989
f 6989 7069 7070 6990
f 6990 7070 7071 6991
f 6991 7071 7072 6992
f 6992 7072 7073 6993
f 6993 7073 7074 6994
f 6994 7074 7075 6995
f 6995 7075 7076 6996
f 6996 7076 7077 6997
f 6997 7077 7078 6998
f 6998 7078 7079 6999
f 6999 7079 7080 7000
f 7000 7080 7081 7001
f 7001 7081 7082 7002
f 7002 7082 7083 7003
f 7003 7083 7084 7004
f 7004 7084 7085 7005
f 7005 7085 7086 7006
f 7006 7086 7087 7007
f 7007 7087 7088 7008
f 7008 7088 7089 7009
f 7009 7089 7090 7010
f 7010 7090 7091 7011
f 7011 7091 7092 7012
f 7012 7092 7093 7013
f 7013 7093 7094 7014
f 7014 7094 7095 7015
f 7015 7095 7096 7016
f 7016 7096 7097 7017
f 7017 7097 7098 7018
f 7018 7098 7099 7019
f 7019 7099 7100 7020
f 7020 7100 7101 7021
f 7021 7101 7102 7022
f 7022 7102 7103 7023
f 7023 7103 7104 7024
f 7024 7104 7105 7025
f 7025 7105 7106 7026
f 7026 7106 7107 7027
f 7027 7107 7108 7028
f 7028 7108 7109 7029
f 7029 7109 7110 7030
f 7030 7110 7111 7031
f 7031 7111 7112 7032
f 7032 7112 7113 7033
f 7033 7113 7114 7034
f 7034 7114 7115 7035
f 7035 7115 7116 7036
f 7036 7116 7117 7037
f 7037 7117 7118 7038
f 7038 7118 7119 7039
f 7039 7119 7120 7040
f 7040 7120 7041 6961
f 7041 7121 7122 7042
f 7042 7122 7123 7043
f 7043 7123 7124 7044
f 7044 7124 7125 7045
f 7045 7125 7126 7046
f 7046 7126 7127 7047
f 7047 7127 7128 7048
f 7048 7128 7129 7049
f 7049 7129 7130 7050
f 7050 7130 7131 7051
f 7051 7131 7132 7052
f 7052 7132 7133 7053
f 7053 7133 7134 7054
f 7054 7134 7135 7055
f 7055 7135 7136 7056
f 7056 7136 7137 7057
f 7057 7137 7138 7058
f 7058 7138 7139 7059
f 7059 7139 7140 7060
f 7060 7140 7141 7061
f 7061 7141 7142 7062
f 7062 7142 7143 7063
f 7063 7143 7144 7064
f 7064 7144 7145 7065
f 7065 7145 7146 7066
f 7066 7146 7147 7067
f 7067 7147 7148 7068
f 7068 7148 7149 7069
f 7069 7149 7150 7070
f 7070 7150 7151 7071
f 7071 7151 7152 7072
f 7072 7152 7153 7073
f 7073 7153 7154 7074
f 7074 7154 7155 7075
f 7075 7155 7156 7076
f 7076 7156 7157 7077
f 7077 7157 7158 7078
f 7078 7158 7159 7079
f 7079 7159 7160 7080
f 7080 7160 7161 7081
f 7081 7161 7162 7082
f 7082 7162 7163 7083
f 7083 7163 7164 7084
f 7084 7164 7165 7085
f 7085 7165 7166 7086
f 7086 7166 7167 7087
f 7087 7167 7168 7088
f 7088 7168 7169 7089
f 7089 7169 7170 7090
f 7090 7170 7171 7091
f 7091 7171 7172 7092
f 7092 7172 7173 7093
f 7093 7173 7174 7094
f 7094 7174 7175 7095
f 7095 7175 7176 7096
f 7096 7176 7177 7097
f 7097 7177 7178 7098
f 7098 7178 7179 7099
f 7099 7179 7180 7100
f 7100 7180 7181 7101
f 7101 7181 7182 7102
f 7102 7182 7183 7103
f 7103 7183 7184 7104
f 7104 7184 7185 7105
f 7105 7185 7186 7106
f 7106 7186 7187 7107
f 7107 7187 7188 7108
f 7108 7188 7189 7109
f 7109 7189 7190 7110
f 7110 7190 7191 7111
f 7111 7191 7192 7112
f 7112 7192 7193 7113
f 7113 7193 7194 7114
f 7114 7194 7195 7115
f 7115 7195 7196 7116
f 7116 7196 7197 7117
f 7117 7197 7198 7118
f 7118 7198 7199 7119
f 7119 7199 7200 7120
f 7120 7200 7121 7041
f 7121 7201 7202 7122
f 7122 7202 7203 7123
f 7123 7203 7204 7124
f 7124 7204 7205 7125
f 7125 7205 7206 7126
f 7126 7206 7207 7127
f 7127 7207 7208 7128
f 7128 7208 7209 7129
f 7129 7209 7210 7130
f 7130 7210 7211 7131
f 7131 7211 7212 7132
f 7132 7212 7213 7133
f 7133 7213 7214 7134
f 7134 7214 7215 7135
f 7135 7215 7216 7136
f 7136 7216 7217 7137
f 7137 7217 7218 7138
f 7138 7218 7219 7139
f 7139 7219 7220 7140
f 7140 7220 7221 7141
f 7141 7221 7222 7142
f 7142 7222 7223 7143
f 7143 7223 7224 7144
f 7144 7224 7225 7145
f 7145 7225 7226 7146
f 7146 7226 7227 7147
f 7147 7227 7228 7148
f 7148 7228 7229 7149
f 7149 7229 7230 7150
f 7150 7230 7231 7151
f 7151 7231 7232 7152
f 7152 7232 7233 7153
f 7153 7233 7234 7154
f 7154 7234 7235 7155
f 7155 7235 7236 7156
f 7156 7236 7237 7157
f 7157 7237 7238 7158
f 7158 7238 7239 7159
f 7159 7239 7240 7160
f 7160 7240 7241 7161
f 7161 7241 7242 7162
f 7162 7242 7243 7163
f 7163 7243 7244 7164
f 7164 7244 7245 7165
f 7165 7245 7246 7166
f 7166 7246 7247 7167
f 7167 7247 7248 7168
f 7168 7248 7249 7169
f 7169 7249 7250 7170
f 7170 7250 7251 7171
f 7171 7251 7252 7172
f 7172 7252 7253 7173
f 7173 7253 7254 7174
f 7174 7254 7255 7175
f 7175 7255 7256 7176
f 7176 7256 7257 7177
f 7177 7257 7258 7178
f 7178 7258 7259 7179
f 7179 7259 7260 7180
f 7180 7260 7261 7181
f 7181 7261 7262 7182
f 7182 7262 7263 7183
f 7183 7263 7264 7184
f 7184 7264 7265 7185
f 7185 7265 7266 7186
f 7186 7266 7267 7187
f 7187 7267 7268 7188
f 7188 7268 7269 7189
f 7189 7269 7270 7190
f 7190 7270 7271 7191
f 7191 7271 7272 7192
f 7192 7272 7273 7193
f 7193 7273 7274 7194
f 7194 7274 7275 7195
f 7195 7275 7276 7196
f 7196 7276 7277 7197
f 7197 7277 7278 7198
f 7198 7278 7279 7199
f 7199 7279 7280 7200
f 7200 7280 7201 7121
f 7201 7281 7282 7202
f 7202 7282 7283 7203
f 7203 7283 7284 7204
f 7204 7284 7285 7205
f 7205 7285 7286 7206
f 7206 7286 7287 7207
f 7207 7287 7288 7208
f 7208 7288 7289 7209
f 7209 7289 7290 7210
f 7210 7290 7291 7211
f 7211 7291 7292 7212
f 7212 7292 7293 7213
f 7213 7293 7294 7214
f 7214 7294 7295 7215
f 7215 7295 7296 7216
f 7216 7296 7297 7217
f 7217 7297 7298 7218
f 7218 7298 7299 7219
f 7219 7299 7300 7220
f 7220 7300 7301 7221
f 7221 7301 7302 7222
f 7222 7302 7303 7223
f 7223 7303 7304 7224
f 7224 7304 7305 7225
f 7225 7305 7306 7226
f 7226 7306 7307 7227
f 7227 7307 7308 7228
f 7228 7308 7309 7229
f 7229 7309 7310 7230
f 7230 7310 7311 7231
f 7231 7311 7312 7232
f 7232 7312 7313 7233
f 7233 7313 7314 7234
f 7234 7314 7315 7235
f 7235 7315 7316 7236
f 7236 7316 7317 7237
f 7237 7317 7318 7238
f 7238 7318 7319 7239
f 7239 7319 7320 7240
f 7240 7320 7321 7241
f 7241 7321 7322 7242
f 7242 7322 7323 7243
f 7243 7323 7324 7244
f 7244 7324 7325 7245
f 7245 7325 7326 7246
f 7246 7326 7327 7247
f 7247 7327 7328 7248
f 7248 7328 7329 7249
f 7249 7329 7330 7250
f 7250 7330 7331 7251
f 7251 7331 7332 7252
f 7252 7332 7333 7253
f 7253 7333 7334 7254
f 7254 7334 7335 7255
f 7255 7335 7336 7256
f 7256 7336 7337 7257
f 7257 7337 7338 7258
f 7258 7338 7339 7259
f 7259 7339 7340 7260
f 7260 7340 7341 7261
f 7261 7341 7342 7262
f 7262 7342 7343 7263
f 7263 7343 7344 7264
f 7264 7344 7345 7265
f 7265 7345 7346 7266
f 7266 7346 7347 7267
f 7267 7347 7348 7268
f 7268 7348 7349 7269
f 7269 7349 7350 7270
f 7270 7350 7351 7271
f 7271 7351 7352 7272
f 7272 7352 7353 7273
f 7273 7353 7354 7274
f 7274 7354 7355 7275
f 7275 7355 7356 7276
f 7276 7356 7357 7277
f 7277 7357 7358 7278
f 7278 7358 7359 7279
f 7279 7359 7360 7280
f 7280 7360 7281 7201
f 7281 7361 7362 7282
f 7282 7362 7363 7283
f 7283 7363 7364 7284
f 7284 7364 7365 7285
f 7285 7365 7366 7286
f 7286 7366 7367 7287
f 7287 7367 7368 7288
f 7288 7368 7369 7289
f 7289 7369 7370 7290
f 7290 7370 7371 7291
f 7291 7371 7372 7292
f 7292 7372 7373 7293
f 7293 7373 7374 7294
f 7294 7374 7375 7295
f 7295 7375 7376 7296
f 7296 7376 7377 7297
f 7297 7377 7378 7298
f 7298 7378 7379 7299
f 7299 7379 7380 7300
f 7300 7380 7381 7301
f 7301 7381 7382 7302
f 7302 7382 7383 7303
f 7303 7383 7384 7304
f 7304 7384 7385 7305
f 7305 7385 7386 7306
f 7306 7386 7387 7307
f 7307 7387 7388 7308
f 7308 7388 7389 7309
f 7309 7389 7390 7310
f 7310 7390 7391 7311
f 7311 7391 7392 7312
f 7312 7392 7393 7313
f 7313 7393 7394 7314
f 7314 7394 7395 7315
f 7315 7395 7396 7316
f 7316 7396 7397 7317
f 7317 7397 7398 7318
f 7318 7398 7399 7319
f 7319 7399 7400 7320
f 7320 7400 7401 7321
f 7321 7401 7402 7322
f 7322 7402 7403 7323
f 7323 7403 7404 7324
f 7324 7404 7405 7325
f 7325 7405 7406 7326
f 7326 7406 7407 7327
f 7327 7407 7408 7328
f 7328 7408 7409 7329
f 7329 7409 7410 7330
f 7330 7410 7411 7331
f 7331 7411 7412 7332
f 7332 7412 7413 7333
f 7333 7413 7414 7334
f 7334 7414 7415 7335
f 7335 7415 7416 7336
f 7336 7416 7417 7337
f 7337 7417 7418 7338
f 7338 7418 7419 7339
f 7339 7419 7420 7340
f 7340 7420 7421 7341
f 7341 7421 7422 7342
f 7342 7422 7423 7343
f 7343 7423 7424 7344
f 7344 7424 7425 7345
f 7345 7425 7426 7346
f 7346 7426 7427 7347
f 7347 7427 7428 7348
f 7348 7428 7429 7349
f 7349 7429 7430 7350
f 7350 7430 7431 7351
f 7351 7431 7432 7352
f 7352 7432 7433 7353
f 7353 7433 7434 7354
f 7354 7434 7435 7355
f 7355 7435 7436 7356
f 7356 7436 7437 7357
f 7357 7437 7438 7358
f 7358 7438 7439 7359
f 7359 7439 7440 7360
f 7360 7440 7361 7281
f 7361 7441 7442 7362
f 7362 7442 7443 7363
f 7363 7443 7444 7364
f 7364 7444 7445 7365
f 7365 7445 7446 7366
f 7366 7446 7447 7367
f 7367 7447 7448 7368
f 7368 7448 7449 7369
f 7369 7449 7450 7370
f 7370 7450 7451 7371
f 7371 7451 7452 7372
f 7372 7452 7453 7373
f 7373 7453 7454 7374
f 7374 7454 7455 7375
f 7375 7455 7456 7376
f 7376 7456 7457 7377
f 7377 7457 7458 7378
f 7378 7458 7459 7379
f 7379 7459 7460 7380
f 7380 7460 7461 7381
f 7381 7461 7462 7382
f 7382 7462 7463 7383
f 7383 7463 7464 7384
f 7384 7464 7465 7385
f 7385 7465 7466 7386
f 7386 7466 7467 7387
f 7387 7467 7468 7388
f 7388 7468 7469 7389
f 7389 7469 7470 7390
f 7390 7470 7471 7391
f 7391 7471 7472 7392
f 7392 7472 7473 7393
f 7393 7473 7474 7394
f 7394 7474 7475 7395
f 7395 7475 7476 7396
f 7396 7476 7477 7397
f 7397 7477 7478 7398
f 7398 7478 7479 7399
f 7399 7479 7480 7400
f 7400 7480 7481 7401
f 7401 7481 7482 7402
f 7402 7482 7483 7403
f 7403 7483 7484 7404
f 7404 7484 7485 7405
f 7405 7485 7486 7406
f 7406 7486 7487 7407
f 7407 7487 7488 7408
f 7408 7488 7489 7409
f 7409 7489 7490 7410
f 7410 7490 7491 7411
f 7411 7491 7492 7412
f 7412 7492 7493 7413
f 7413 7493 7494 7414
f 7414 7494 7495 7415
f 7415 7495 7496 7416
f 7416 7496 7497 7417
f 7417 7497 7498 7418
f 7418 7498 7499 7419
f 7419 7499 7500 7420
f 7420 7500 7501 7421
f 7421 7501 7502 7422
f 7422 7502 7503 7423
f 7423 7503 7504 7424
f 7424 7504 7505 7425
f 7425 7505 7506 7426
f 7426 7506 7507 7427
f 7427 7507 7508 7428
f 7428 7508 7509 7429
f 7429 7509 7510 7430
f 7430 7510 7511 7431
f 7431 7511 7512 7432
f 7432 7512 7513 7433
f 7433 7513 7514 7434
f 7434 7514 7515 7435
f 7435 7515 7516 7436
f 7436 7516 7517 7437
f 7437 7517 7518 7438
f 7438 7518 7519 7439
f 7439 7519 7520 7440
f 7440 7520 7441 7361
f 7441 7521 7522 7442
f 7442 7522 7523 7443
f 7443 7523 7524 7444
f 7444 7524 7525 7445
f 7445 7525 7526 7446
f 7446 7526 7527 7447
f 7447 7527 7528 7448
f 7448 7528 7529 7449
f 7449 7529 7530 7450
f 7450 7530 7531 7451
f 7451 7531 7532 7452
f 7452 7532 7533 7453
f 7453 7533 7534 7454
f 7454 7534 7535 7455
f 7455 7535 7536 7456
f 7456 7536 7537 7457
f 7457 7537 7538 7458
f 7458 7538 7539 7459
f 7459 7539 7540 7460
f 7460 7540 7541 7461
f 7461 7541 7542 7462
f 7462 7542 7543 7463
f 7463 7543 7544 7464
f 7464 7544 7545 7465
f 7465 7545 7546 7466
f 7466 7546 7547 7467
f 7467 7547 7548 7468
f 7468 7548 7549 7469
f 7469 7549 7550 7470
f 7470 7550 7551 7471
f 7471 7551 7552 7472
f 7472 7552 7553 7473
f 7473 7553 7554 7474
f 7474 7554 7555 7475
f 7475 7555 7556 7476
f 7476 7556 7557 7477
f 7477 7557 7558 7478
f 7478 7558 7559 7479
f 7479 7559 7560 7480
f 7480 7560 7561 7481
f 7481 7561 7562 7482
f 7482 7562 7563 7483
f 7483 7563 7564 7484
f 7484 7564 7565 7485
f 7485 7565 7566 7486
f 7486 7566 7567 7487
f 7487 7567 7568 7488
f 7488 7568 7569 7489
f 7489 7569 7570 7490
f 7490 7570 7571 7491
f 7491 7571 7572 7492
f 7492 7572 7573 7493
f 7493 7573 7574 7494
f 7494 7574 7575 7495
f 7495 7575 7576 7496
f 7496 7576 7577 7497
f 7497 7577 7578 7498
f 7498 7578 7579 7499
f 7499 7579 7580 7500
f 7500 7580 7581 7501
f 7501 7581 7582 7502
f 7502 7582 7583 7503
f 7503 7583 7584 7504
f 7504 7584 7585 7505
f 7505 7585 7586 7506
f 7506 7586 7587 7507
f 7507 7587 7588 7508
f 7508 7588 7589 7509
f 7509 7589 7590 7510
f 7510 7590 7591 7511
f 7511 7591 7592 7512
f 7512 7592 7593 7513
f 7513 7593 7594 7514
f 7514 7594 7595 7515
f 7515 7595 7596 7516
f 7516 7596 7597 7517
f 7517 7597 7598 7518
f 7518 7598 7599 7519
f 7519 7599 7600 7520
f 7520 7600 7521 7441
f 7521 7601 7602 7522
f 7522 7602 7603 7523
f 7523 7603 7604 7524
f 7524 7604 7605 7525
f 7525 7605 7606 7526
f 7526 7606 7607 7527
f 7527 7607 7608 7528
f 7528 7608 7609 7529
f 7529 7609 7610 7530
f 7530 7610 7611 7531
f 7531 7611 7612 7532
f 7532 7612 7613 7533
f 7533 7613 7614 7534
f 7534 7614 7615 7535
f 7535 7615 7616 7536
f 7536 7616 7617 7537
f 7537 7617 7618 7538
f 7538 7618 7619 7539
f 7539 7619 7620 7540
f 7540 7620 7621 7541
f 7541 7621 7622 7542
f 7542 7622 7623 7543
f 7543 7623 7624 7544
f 7544 7624 7625 7545
f 7545 7625 7626 7546
f 7546 7626 7627 7547
f 7547 7627 7628 7548
f 7548 7628 7629 7549
f 7549 7629 7630 7550
f 7550 7630 7631 7551
f 7551 7631 7632 7552
f 7552 7632 7633 7553
f 7553 7633 7634 7554
f 7554 7634 7635 7555
f 7555 7635 7636 7556
f 7556 7636 7637 7557
f 7557 7637 7638 7558
f 7558 7638 7639 7559
f 7559 7639 7640 7560
f 7560 7640 7641 7561
f 7561 7641 7642 7562
f 7562 7642 7643 7563
f 7563 7643 7644 7564
f 7564 7644 7645 7565
f 7565 7645 7646 7566
f 7566 7646 7647 7567
f 7567 7647 7648 7568
f 7568 7648 7649 7569
f 7569 7649 7650 7570
f 7570 7650 7651 7571
f 7571 7651 7652 7572
f 7572 7652 7653 7573
f 7573 7653 7654 7574
f 7574 7654 7655 7575
f 7575 7655 7656 7576
f 7576 7656 7657 7577
f 7577 7657 7658 7578
f 7578 7658 7659 7579
f 7579 7659 7660 7580
f 7580 7660 7661 7581
f 7581 7661 7662 7582
f 7582 7662 7663 7583
f 7583 7663 7664 7584
f 7584 7664 7665 7585
f 7585 7665 7666 7586
f 7586 7666 7667 7587
f 7587 7667 7668 7588
f 7588 7668 7669 7589
f 7589 7669 7670 7590
f 7590 7670 7671 7591
f 7591 7671 7672 7592
f 7592 7672 7673 7593
f 7593 7673 7674 7594
f 7594 7674 7675 7595
f 7595 7675 7676 7596
f 7596 7676 7677 7597
f 7597 7677 7678 7598
f 7598 7678 7679 7599
f 7599 7679 7680 7600
f 7600 7680 7601 7521
f 7601 7681 7682 7602
f 7602 7682 7683 7603
f 7603 7683 7684 7604
f 7604 7684 7685 7605
f 7605 7685 7686 7606
f 7606 7686 7687 7607
f 7607 7687 7688 7608
f 7608 7688 7689 7609
f 7609 7689 7690 7610
f 7610 7690 7691 7611
f 7611 7691 7692 7612
f 7612 7692 7693 7613
f 7613 7693 7694 7614
f 7614 7694 7695 7615
f 7615 7695 7696 7616
f 7616 7696 7697 7617
f 7617 7697 7698 7618
f 7618 7698 7699 7619
f 7619 7699 7700 7620
f 7620 7700 7701 7621
f 7621 7701 7702 7622
f 7622 7702 7703 7623
f 7623 7703 7704 7624
f 7624 7704 7705 7625
f 7625 7705 7706 7626
f 7626 7706 7707 7627
f 7627 7707 7708 7628
f 7628 7708 7709 7629
f 7629 7709 7710 7630
f 7630 7710 7711 7631
f 7631 7711 7712 7632
f 7632 7712 7713 7633
f 7633 7713 7714 7634
f 7634 7714 7715 7635
f 7635 7715 7716 7636
f 7636 7716 7717 7637
f 7637 7717 7718 7638
f 7638 7718 7719 7639
f 7639 7719 7720 7640
f 7640 7720 7721 7641
f 7641 7721 7722 7642
f 7642 7722 7723 7643
f 7643 7723 7724 7644
f 7644 7724 7725 7645
f 7645 7725 7726 7646
f 7646 7726 7727 7647
f 7647 7727 7728 7648
f 7648 7728 7729 7649
f 7649 7729 7730 7650
f 7650 7730 7731 7651
f 7651 7731 7732 7652
f 7652 7732 7733 7653
f 7653 7733 7734 7654
f 7654 7734 7735 7655
f 7655 7735 7736 7656
f 7656 7736 7737 7657
f 7657 7737 7738 7658
f 7658 7738 7739 7659
f 7659 7739 7740 7660
f 7660 7740 7741 7661
f 7661 7741 7742 7662
f 7662 7742 7743 7663
f 7663 7743 7744 7664
f 7664 7744 7745 7665
f 7665 7745 7746 7666
f 7666 7746 7747 7667
f 7667 7747 7748 7668
f 7668 7748 7749 7669
f 7669 7749 7750 7670
f 7670 7750 7751 7671
f 7671 7751 7752 7672
f 7672 7752 7753 7673
f 7673 7753 7754 7674
f 7674 7754 7755 7675
f 7675 7755 7756 7676
f 7676 7756 7757 7677
f 7677 7757 7758 7678
f 7678 7758 7759 7679
f 7679 7759 7760 7680
f 7680 7760 7681 7601
f 7681 7761 7762 7682
f 7682 7762 7763 7683
f 7683 7763 7764 7684
f 7684 7764 7765 7685
f 7685 7765 7766 7686
f 7686 7766 7767 7687
f 7687 7767 7768 7688
f 7688 7768 7769 7689
f 7689 7769 7770 7690
f 7690 7770 7771 7691
f 7691 7771 7772 7692
f 7692 7772 7773 7693
f 7693 7773 7774 7694
f 7694 7774 7775 7695
f 7695 7775 7776 7696
f 7696 7776 7777 7697
f 7697 7777 7778 7698
f 7698 7778 7779 7699
f 7699 7779 7780 7700
f 7700 7780 7781 7701
f 7701 7781 7782 7702
f 7702 7782 7783 7703
f 7703 7783 7784 7704
f 7704 7784 7785 7705
f 7705 7785 7786 7706
f 7706 7786 7787 7707
f 7707 7787 7788 7708
f 7708 7788 7789 7709
f 7709 7789 7790 7710
f 7710 7790 7791 7711
f 7711 7791 7792 7712
f 7712 7792 7793 7713
f 7713 7793 7794 7714
f 7714 7794 7795 7715
f 7715 7795 7796 7716
f 7716 7796 7797 7717
f 7717 7797 7798 7718
f 7718 7798 7799 7719
f 7719 7799 7800 7720
f 7720 7800 7801 7721
f 7721 7801 7802 7722
f 7722 7802 7803 7723
f 7723 7803 7804 7724
f 7724 7804 7805 7725
f 7725 7805 7806 7726
f 7726 7806 7807 7727
f 7727 7807 7808 7728
f 7728 7808 7809 7729
f 7729 7809 7810 7730
f 7730 7810 7811 7731
f 7731 7811 7812 7732
f 7732 7812 7813 7733
f 7733 7813 7814 7734
f 7734 7814 7815 7735
f 7735 7815 7816 7736
f 7736 7816 7817 7737
f 7737 7817 7818 7738
f 7738 7818 7819 7739
f 7739 7819 7820 7740
f 7740 7820 7821 7741
f 7741 7821 7822 7742
f 7742 7822 7823 7743
f 7743 7823 7824 7744
f 7744 7824 7825 7745
f 7745 7825 7826 7746
f 7746 7826 7827 7747
f 7747 7827 7828 7748
f 7748 7828 7829 7749
f 7749 7829 7830 7750
f 7750 7830 7831 7751
f 7751 7831 7832 7752
f 7752 7832 7833 7753
f 7753 7833 7834 7754
f 7754 7834 7835 7755
f 7755 7835 7836 7756
f 7756 7836 7837 7757
f 7757 7837 7838 7758
f 7758 7838 7839 7759
f 7759 7839 7840 7760
f 7760 7840 7761 7681
f 7761 7841 7842 7762
f 7762 7842 7843 7763
f 7763 7843 7844 7764
f 7764 7844 7845 7765
f 7765 7845 7846 7766
f 7766 7846 7847 7767
f 7767 7847 7848 7768
f 7768 7848 7849 7769
f 7769 7849 7850 7770
f 7770 7850 7851 7771
f 7771 7851 7852 7772
f 7772 7852 7853 7773
f 7773 7853 7854 7774
f 7774 7854 7855 7775
f 7775 7855 7856 7776
f 7776 7856 7857 7777
f 7777 7857 7858 7778
f 7778 7858 7859 7779
f 7779 7859 7860 7780
f 7780 7860 7861 7781
f 7781 7861 7862 7782
f 7782 7862 7863 7783
f 7783 7863 7864 7784
f 7784 7864 7865 7785
f 7785 7865 7866 7786
f 7786 7866 7867 7787
f 7787 7867 7868 7788
f 7788 7868 7869 7789
f 7789 7869 7870 7790
f 7790 7870 7871 7791
f 7791 7871 7872 7792
f 7792 7872 7873 7793
f 7793 7873 7874 7794
f 7794 7874 7875 7795
f 7795 7875 7876 7796
f 7796 7876 7877 7797
f 7797 7877 7878 7798
f 7798 7878 7879 7799
f 7799 7879 7880 7800
f 7800 7880 7881 7801
f 7801 7881 7882 7802
f 7802 7882 7883 7803
f 7803 7883 7884 7804
f 7804 7884 7885 7805
f 7805 7885 7886 7806
f 7806 7886 7887 7807
f 7807 7887 7888 7808
f 7808 7888 7889 7809
f 7809 7889 7890 7810
f 7810 7890 7891 7811
f 7811 7891 7892 7812
f 7812 7892 7893 7813
f 7813 7893 7894 7814
f 7814 7894 7895 7815
f 7815 7895 7896 7816
f 7816 7896 7897 7817
f 7817 7897 7898 7818
f 7818 7898 7899 7819
f 7819 7899 7900 7820
f 7820 7900 7901 7821
f 7821 7901 7902 7822
f 7822 7902 7903 7823
f 7823 7903 7904 7824
f 7824 7904 7905 7825
f 7825 7905 7906 7826
f 7826 7906 7907 7827
f 7827 7907 7908 7828
f 7828 7908 7909 7829
f 7829 7909 7910 7830
f 7830 7910 7911 7831
f 7831 7911 7912 7832
f 7832 7912 7913 7833
f 7833 7913 7914 7834
f 7834 7914 7915 7835
f 7835 7915 7916 7836
f 7836 7916 7917 7837
f 7837 7917 7918 7838
f 7838 7918 7919 7839
f 7839 7919 7920 7840
f 7840 7920 7841 7761
f 7841 7921 7922 7842
f 7842 7922 7923 7843
f 7843 7923 7924 7844
f 7844 7924 7925 7845
f 7845 7925 7926 7846
f 7846 7926 7927 7847
f 7847 7927 7928 7848
f 7848 7928 7929 7849
f 7849 7929 7930 7850
f 7850 7930 7931 7851
f 7851 7931 7932 7852
f 7852 7932 7933 7853
f 7853 7933 7934 7854
f 7854 7934 7935 7855
f 7855 7935 7936 7856
f 7856 7936 7937 7857
f 7857 7937 7938 7858
f 7858 7938 7939 7859
f 7859 7939 7940 7860
f 7860 7940 7941 7861
f 7861 7941 7942 7862
f 7862 7942 7943 7863
f 7863 7943 7944 7864
f 7864 7944 7945 7865
f 7865 7945 7946 7866
f 7866 7946 7947 7867
f 7867 7947 7948 7868
f 7868 7948 7949 7869
f 7869 7949 7950 7870
f 7870 7950 7951 7871
f 7871 7951 7952 7872
f 7872 7952 7953 7873
f 7873 7953 7954 7874
f 7874 7954 7955 7875
f 7875 7955 7956 7876
f 7876 7956 7957 7877
f 7877 7957 7958 7878
f 7878 7958 7959 7879
f 7879 7959 7960 7880
f 7880 7960 7961 7881
f 7881 7961 7962 7882
f 7882 7962 7963 7883
f 7883 7963 7964 7884
f 7884 7964 7965 7885
f 7885 7965 7966 7886
f 7886 7966 7967 7887
f 7887 7967 7968 7888
f 7888 7968 7969 7889
f 7889 7969 7970 7890
f 7890 7970 7971 7891
f 7891 7971 7972 7892
f 7892 7972 7973 7893
f 7893 7973 7974 7894
f 7894 7974 7975 7895
f 7895 7975 7976 7896
f 7896 7976 7977 7897
f 7897 7977 7978 7898
f 7898 7978 7979 7899
f 7899 7979 7980 7900
f 7900 7980 7981 7901
f 7901 7981 7982 7902
f 7902 7982 7983 7903
f 7903 7983 7984 7904
f 7904 7984 7985 7905
f 7905 7985 7986 7906
f 7906 7986 7987 7907
f 7907 7987 7988 7908
f 7908 7988 7989 7909
f 7909 7989 7990 7910
f 7910 7990 7991 7911
f 7911 7991 7992 7912
f 7912 7992 7993 7913
f 7913 7993 7994 7914
f 7914 7994 7995 7915
f 7915 7995 7996 7916
f 7916 7996 7997 7917
f 7917 7997 7998 7918
f 7918 7998 7999 7919
f 7919 7999 8000 7920
f 7920 8000 7921 7841
f 7921 8001 8002 7922
f 7922 8002 8003 7923
f 7923 8003 8004 7924
f 7924 8004 8005 7925
f 7925 8005 8006 7926
f 7926 8006 8007 7927
f 7927 8007 8008 7928
f 7928 8008 8009 7929
f 7929 8009 8010 7930
f 7930 8010 8011 7931
f 7931 8011 8012 7932
f 7932 8012 8013 7933
f 7933 8013 8014 7934
f 7934 8014 8015 7935
f 7935 8015 8016 7936
f 7936 8016 8017 7937
f 7937 8017 8018 7938
f 7938 8018 8019 7939
f 7939 8019 8020 7940
f 7940 8020 8021 7941
f 7941 8021 8022 7942
f 7942 8022 8023 7943
f 7943 8023 8024 7944
f 7944 8024 8025 7945
f 7945 8025 8026 7946
f 7946 8026 8027 7947
f 7947 8027 8028 7948
f 7948 8028 8029 7949
f 7949 8029 8030 7950
f 7950 8030 8031 7951
f 7951 8031 8032 7952
f 7952 8032 8033 7953
f 7953 8033 8034 7954
f 7954 8034 8035 7955
f 7955 8035 8036 7956
f 7956 8036 8037 7957
f 7957 8037 8038 7958
f 7958 8038 8039 7959
f 7959 8039 8040 7960
f 7960 8040 8041 7961
f 7961 8041 8042 7962
f 7962 8042 8043 7963
f 7963 8043 8044 7964
f 7964 8044 8045 7965
f 7965 8045 8046 7966
f 7966 8046 8047 7967
f 7967 8047 8048 7968
f 7968 8048 8049 7969
f 7969 8049 8050 7970
f 7970 8050 8051 7971
f 7971 8051 8052 7972
f 7972 8052 8053 7973
f 7973 8053 8054 7974
f 7974 8054 8055 7975
f 7975 8055 8056 7976
f 7976 8056 8057 7977
f 7977 8057 8058 7978
f 7978 8058 8059 7979
f 7979 8059 8060 7980
f 7980 8060 8061 7981
f 7981 8061 8062 7982
f 7982 8062 8063 7983
f 7983 8063 8064 7984
f 7984 8064 8065 7985
f 7985 8065 8066 7986
f 7986 8066 8067 7987
f 7987 8067 8068 7988
f 7988 8068 8069 7989
f 7989 8069 8070 7990
f 7990 8070 8071 7991
f 7991 8071 8072 7992
f 7992 8072 8073 7993
f 7993 8073 8074 7994
f 7994 8074 8075 7995
f 7995 8075 8076 7996
f 7996 8076 8077 7997
f 7997 8077 8078 7998
f 7998 8078 8079 7999
f 7999 8079 8080 8000
f 8000 8080 8001 7921
f 8001 8081 8082 8002
f 8002 8082 8083 8003
f 8003 8083 8084 8004
f 8004 8084 8085 8005
f 8005 8085 8086 8006
f 8006 8086 8087 8007
f 8007 8087 8088 8008
f 8008 8088 8089 8009
f 8009 8089 8090 8010
f 8010 8090 8091 8011
f 8011 8091 8092 8012
f 8012 8092 8093 8013
f 8013 8093 8094 8014
f 8014 8094 8095 8015
f 8015 8095 8096 8016
f 8016 8096 8097 8017
f 8017 8097 8098 8018
f 8018 8098 8099 8019
f 8019 8099 8100 8020
f 8020 8100 8101 8021
f 8021 8101 8102 8022
f 8022 8102 8103 8023
f 8023 8103 8104 8024
f 8024 8104 8105 8025
f 8025 8105 8106 8026
f 8026 8106 8107 8027
f 8027 8107 8108 8028
f 8028 8108 8109 8029
f 8029 8109 8110 8030
f 8030 8110 8111 8031
f 8031 8111 8112 8032
f 8032 8112 8113 8033
f 8033 8113 8114 8034
f 8034 8114 8115 8035
f 8035 8115 8116 8036
f 8036 8116 8117 8037
f 8037 8117 8118 8038
f 8038 8118 8119 8039
f 8039 8119 8120 8040
f 8040 8120 8121 8041
f 8041 8121 8122 8042
f 8042 8122 8123 8043
f 8043 8123 8124 8044
f 8044 8124 8125 8045
f 8045 8125 8126 8046
f 8046 8126 8127 8047
f 8047 8127 8128 8048
f 8048 8128 8129 8049
f 8049 8129 8130 8050
f 8050 8130 8131 8051
f 8051 8131 8132 8052
f 8052 8132 8133 8053
f 8053 8133 8134 8054
f 8054 8134 8135 8055
f 8055 8135 8136 8056
f 8056 8136 8137 8057
f 8057 8137 8138 8058
f 8058 8138 8139 8059
f 8059 8139 8140 8060
f 8060 8140 8141 8061
f 8061 8141 8142 8062
f 8062 8142 8143 8063
f 8063 8143 8144 8064
f 8064 8144 8145 8065
f 8065 8145 8146 8066
f 8066 8146 8147 8067
f 8067 8147 8148 8068
f 8068 8148 8149 8069
f 8069 8149 8150 8070
f 8070 8150 8151 8071
f 8071 8151 8152 8072
f 8072 8152 8153 8073
f 8073 8153 8154 8074
f 8074 8154 8155 8075
f 8075 8155 8156 8076
f 8076 8156 8157 8077
f 8077 8157 8158 8078
f 8078 8158 8159 8079
f 8079 8159 8160 8080
f 8080 8160 8081 8001
f 8081 8161 8162 8082
f 8082 8162 8163 8083
f 8083 8163 8164 8084
f 8084 8164 8165 8085
f 8085 8165 8166 8086
f 8086 8166 8167 8087
f 8087 8167 8168 8088
f 8088 8168 8169 8089
f 8089 8169 8170 8090
f 8090 8170 8171 8091
f 8091 8171 8172 8092
f 8092 8172 8173 8093
f 8093 8173 8174 8094
f 8094 8174 8175 8095
f 8095 8175 8176 8096
f 8096 8176 8177 8097
f 8097 8177 8178 8098
f 8098 8178 8179 8099
f 8099 8179 8180 8100
f 8100 8180 8181 8101
f 8101 8181 8182 8102
f 8102 8182 8183 8103
f 8103 8183 8184 8104
f 8104 8184 8185 8105
f 8105 8185 8186 8106
f 8106 8186 8187 8107
f 8107 8187 8188 8108
f 8108 8188 8189 8109
f 8109 8189 8190 8110
f 8110 8190 8191 8111
f 8111 8191 8192 8112
f 8112 8192 8193 8113
f 8113 8193 8194 8114
f 8114 8194 8195 8115
f 8115 8195 8196 8116
f 8116 8196 8197 8117
f 8117 8197 8198 8118
f 8118 8198 8199 8119
f 8119 8199 8200 8120
f 8120 8200 8201 8121
f 8121 8201 8202 8122
f 8122 8202 8203 8123
f 8123 8203 8204 8124
f 8124 8204 8205 8125
f 8125 8205 8206 8126
f 8126 8206 8207 8127
f 8127 8207 8208 8128
f 8128 8208 8209 8129
f 8129 8209 8210 8130
f 8130 8210 8211 8131
f 8131 8211 8212 8132
f 8132 8212 8213 8133
f 8133 8213 8214 8134
f 8134 8214 8215 8135
f 8135 8215 8216 8136
f 8136 8216 8217 8137
f 8137 8217 8218 8138
f 8138 8218 8219 8139
f 8139 8219 8220 8140
f 8140 8220 8221 8141
f 8141 8221 8222 8142
f 8142 8222 8223 8143
f 8143 8223 8224 8144
f 8144 8224 8225 8145
f 8145 8225 8226 8146
f 8146 8226 8227 8147
f 8147 8227 8228 8148
f 8148 8228 8229 8149
f 8149 8229 8230 8150
f 8150 8230 8231 8151
f 8151 8231 8232 8152
f 8152 8232 8233 8153
f 8153 8233 8234 8154
f 8154 8234 8235 8155
f 8155 8235 8236 8156
f 8156 8236 8237 8157
f 8157 8237 8238 8158
f 8158 8238 8239 8159
f 8159 8239 8240 8160
f 8160 8240 8161 8081
f 8161 8241 8242 8162
f 8162 8242 8243 8163
f 8163 8243 8244 8164
f 8164 8244 8245 8165
f 8165 8245 8246 8166
f 8166 8246 8247 8167
f 8167 8247 8248 8168
f 8168 8248 8249 8169
f 8169 8249 8250 8170
f 8170 8250 8251 8171
f 8171 8251 8252 8172
f 8172 8252 8253 8173
f 8173 8253 8254 8174
f 8174 8254 8255 8175
f 8175 8255 8256 8176
f 8176 8256 8257 8177
f 8177 8257 8258 8178
f 8178 8258 8259 8179
f 8179 8259 8260 8180
f 8180 8260 8261 8181
f 8181 8261 8262 8182
f 8182 8262 8263 8183
f 8183 8263 8264 8184
f 8184 8264 8265 8185
f 8185 8265 8266 8186
f 8186 8266 8267 8187
f 8187 8267 8268 8188
f 8188 8268 8269 8189
f 8189 8269 8270 8190
f 8190 8270 8271 8191
f 8191 8271 8272 8192
f 8192 8272 8273 8193
f 8193 8273 8274 8194
f 8194 8274 8275 8195
f 8195 8275 8276 8196
f 8196 8276 8277 8197
f 8197 8277 8278 8198
f 8198 8278 8279 8199
f 8199 8279 8280 8200
f 8200 8280 8281 8201
f 8201 8281 8282 8202
f 8202 8282 8283 8203
f 8203 8283 8284 8204
f 8204 8284 8285 8205
f 8205 8285 8286 8206
f 8206 8286 8287 8207
f 8207 8287 8288 8208
f 8208 8288 8289 8209
f 8209 8289 8290 8210
f 8210 8290 8291 8211
f 8211 8291 8292 8212
f 8212 8292 8293 8213
f 8213 8293 8294 8214
f 8214 8294 8295 8215
f 8215 8295 8296 8216
f 8216 8296 8297 8217
f 8217 8297 8298 8218
f 8218 8298 8299 8219
f 8219 8299 8300 8220
f 8220 8300 8301 8221
f 8221 8301 8302 8222
f 8222 8302 8303 8223
f 8223 8303 8304 8224
f 8224 8304 8305 8225
f 8225 8305 8306 8226
f 8226 8306 8307 8227
f 8227 8307 8308 8228
f 8228 8308 8309 8229
f 8229 8309 8310 8230
f 8230 8310 8311 8231
f 8231 8311 8312 8232
f 8232 8312 8313 8233
f 8233 8313 8314 8234
f 8234 8314 8315 8235
f 8235 8315 8316 8236
f 8236 8316 8317 8237
f 8237 8317 8318 8238
f 8238 8318 8319 8239
f 8239 8319 8320 8240
f 8240 8320 8241 8161
f 8241 8321 8322 8242
f 8242 8322 8323 8243
f 8243 8323 8324 8244
f 8244 8324 8325 8245
f 8245 8325 8326 8246
f 8246 8326 8327 8247
f 8247 8327 8328 8248
f 8248 8328 8329 8249
f 8249 8329 8330 8250
f 8250 8330 8331 8251
f 8251 8331 8332 8252
f 8252 8332 8333 8253
f 8253 8333 8334 8254
f 8254 8334 8335 8255
f 8255 8335 8336 8256
f 8256 8336 8337 8257
f 8257 8337 8338 8258
f 8258 8338 8339 8259
f 8259 8339 8340 8260
f 8260 8340 8341 8261
f 8261 8341 8342 8262
f 8262 8342 8343 8263
f 8263 8343 8344 8264
f 8264 8344 8345 8265
f 8265 8345 8346 8266
f 8266 8346 8347 8267
f 8267 8347 8348 8268
f 8268 8348 8349 8269
f 8269 8349 8350 8270
f 8270 8350 8351 8271
f 8271 8351 8352 8272
f 8272 8352 8353 8273
f 8273 8353 8354 8274
f 8274 8354 8355 8275
f 8275 8355 8356 8276
f 8276 8356 8357 8277
f 8277 8357 8358 8278
f 8278 8358 8359 8279
f 8279 8359 8360 8280
f 8280 8360 8361 8281
f 8281 8361 8362 8282
f 8282 8362 8363 8283
f 8283 8363 8364 8284
f 8284 8364 8365 8285
f 8285 8365 8366 8286
f 8286 8366 8367 8287
f 8287 8367 8368 8288
f 8288 8368 8369 8289
f 8289 8369 8370 8290
f 8290 8370 8371 8291
f 8291 8371 8372 8292
f 8292 8372 8373 8293
f 8293 8373 8374 8294
f 8294 8374 8375 8295
f 8295 8375 8376 8296
f 8296 8376 8377 8297
f 8297 8377 8378 8298
f 8298 8378 8379 8299
f 8299 8379 8380 8300
f 8300 8380 8381 8301
f 8301 8381 8382 8302
f 8302 8382 8383 8303
f 8303 8383 8384 8304
f 8304 8384 8385 8305
f 8305 8385 8386 8306
f 8306 8386 8387 8307
f 8307 8387 8388 8308
f 8308 8388 8389 8309
f 8309 8389 8390 8310
f 8310 8390 8391 8311
f 8311 8391 8392 8312
f 8312 8392 8393 8313
f 8313 8393 8394 8314
f 8314 8394 8395 8315
f 8315 8395 8396 8316
f 8316 8396 8397 8317
f 8317 8397 8398 8318
f 8318 8398 8399 8319
f 8319 8399 8400 8320
f 8320 8400 8321 8241
f 8321 8401 8402 8322
f 8322 8402 8403 8323
f 8323 8403 8404 8324
f 8324 8404 8405 8325
f 8325 8405 8406 8326
f 8326 8406 8407 8327
f 8327 8407 8408 8328
f 8328 8408 8409 8329
f 8329 8409 8410 8330
f 8330 8410 8411 8331
f 8331 8411 8412 8332
f 8332 8412 8413 8333
f 8333 8413 8414 8334
f 8334 8414 8415 8335
f 8335 8415 8416 8336
f 8336 8416 8417 8337
f 8337 8417 8418 8338
f 8338 8418 8419 8339
f 8339 8419 8420 8340
f 8340 8420 8421 8341
f 8341 8421 8422 8342
f 8342 8422 8423 8343
f 8343 8423 8424 8344
f 8344 8424 8425 8345
f 8345 8425 8426 8346
f 8346 8426 8427 8347
f 8347 8427 8428 8348
f 8348 8428 8429 8349
f 8349 8429 8430 8350
f 8350 8430 8431 8351
f 8351 8431 8432 8352
f 8352 8432 8433 8353
f 8353 8433 8434 8354
f 8354 8434 8435 8355
f 8355 8435 8436 8356
f 8356 8436 8437 8357
f 8357 8437 8438 8358
f 8358 8438 8439 8359
f 8359 8439 8440 8360
f 8360 8440 8441 8361
f 8361 8441 8442 8362
f 8362 8442 8443 8363
f 8363 8443 8444 8364
f 8364 8444 8445 8365
f 8365 8445 8446 8366
f 8366 8446 8447 8367
f 8367 8447 8448 8368
f 8368 8448 8449 8369
f 8369 8449 8450 8370
f 8370 8450 8451 8371
f 8371 8451 8452 8372
f 8372 8452 8453 8373
f 8373 8453 8454 8374
f 8374 8454 8455 8375
f 8375 8455 8456 8376
f 8376 8456 8457 8377
f 8377 8457 8458 8378
f 8378 8458 8459 8379
f 8379 8459 8460 8380
f 8380 8460 8461 8381
f 8381 8461 8462 8382
f 8382 8462 8463 8383
f 8383 8463 8464 8384
f 8384 8464 8465 8385
f 8385 8465 8466 8386
f 8386 8466 8467 8387
f 8387 8467 8468 8388
f 8388 8468 8469 8389
f 8389 8469 8470 8390
f 8390 8470 8471 8391
f 8391 8471 8472 8392
f 8392 8472 8473 8393
f 8393 8473 8474 8394
f 8394 8474 8475 8395
f 8395 8475 8476 8396
f 8396 8476 8477 8397
f 8397 8477 8478 8398
f 8398 8478 8479 8399
f 8399 8479 8480 8400
f 8400 8480 8401 8321
f 8401 8481 8482 8402
f 8402 8482 8483 8403
f 8403 8483 8484 8404
f 8404 8484 8485 8405
f 8405 8485 8486 8406
f 8406 8486 8487 8407
f 8407 8487 8488 8408
f 8408 8488 8489 8409
f 8409 8489 8490 8410
f 8410 8490 8491 8411
f 8411 8491 8492 8412
f 8412 8492 8493 8413
f 8413 8493 8494 8414
f 8414 8494 8495 8415
f 8415 8495 8496 8416
f 8416 8496 8497 8417
f 8417 8497 8498 8418
f 8418 8498 8499 8419
f 8419 8499 8500 8420
f 8420 8500 8501 8421
f 8421 8501 8502 8422
f 8422 8502 8503 8423
f 8423 8503 8504 8424
f 8424 8504 8505 8425
f 8425 8505 8506 8426
f 8426 8506 8507 8427
f 8427 8507 8508 8428
f 8428 8508 8509 8429
f 8429 8509 8510 8430
f 8430 8510 8511 8431
f 8431 8511 8512 8432
f 8432 8512 8513 8433
f 8433 8513 8514 8434
f 8434 8514 8515 8435
f 8435 8515 8516 8436
f 8436 8516 8517 8437
f 8437 8517 8518 8438
f 8438 8518 8519 8439
f 8439 8519 8520 8440
f 8440 8520 8521 8441
f 8441 8521 8522 8442
f 8442 8522 8523 8443
f 8443 8523 8524 8444
f 8444 8524 8525 8445
f 8445 8525 8526 8446
f 8446 8526 8527 8447
f 8447 8527 8528 8448
f 8448 8528 8529 8449
f 8449 8529 8530 8450
f 8450 8530 8531 8451
f 8451 8531 8532 8452
f 8452 8532 8533 8453
f 8453 8533 8534 8454
f 8454 8534 8535 8455
f 8455 8535 8536 8456
f 8456 8536 8537 8457
f 8457 8537 8538 8458
f 8458 8538 8539 8459
f 8459 8539 8540 8460
f 8460 8540 8541 8461
f 8461 8541 8542 8462
f 8462 8542 8543 8463
f 8463 8543 8544 8464
f 8464 8544 8545 8465
f 8465 8545 8546 8466
f 8466 8546 8547 8467
f 8467 8547 8548 8468
f 8468 8548 8549 8469
f 8469 8549 8550 8470
f 8470 8550 8551 8471
f 8471 8551 8552 8472
f 8472 8552 8553 8473
f 8473 8553 8554 8474
f 8474 8554 8555 8475
f 8475 8555 8556 8476
f 8476 8556 8557 8477
f 8477 8557 8558 8478
f 8478 8558 8559 8479
f 8479 8559 8560 8480
f 8480 8560 8481 8401
f 8481 8561 8562 8482
f 8482 8562 8563 8483
f 8483 8563 8564 8484
f 8484 8564 8565 8485
f 8485 8565 8566 8486
f 8486 8566 8567 8487
f 8487 8567 8568 8488
f 8488 8568 8569 8489
f 8489 8569 8570 8490
f 8490 8570 8571 8491
f 8491 8571 8572 8492
f 8492 8572 8573 8493
f 8493 8573 8574 8494
f 8494 8574 8575 8495
f 8495 8575 8576 8496
f 8496 8576 8577 8497
f 8497 8577 8578 8498
f 8498 8578 8579 8499
f 8499 8579 8580 8500
f 8500 8580 8581 8501
f 8501 8581 8582 8502
f 8502 8582 8583 8503
f 8503 8583 8584 8504
f 8504 8584 8585 8505
f 8505 8585 8586 8506
f 8506 8586 8587 8507
f 8507 8587 8588 8508
f 8508 8588 8589 8509
f 8509 8589 8590 8510
f 8510 8590 8591 8511
f 8511 8591 8592 8512
f 8512 8592 8593 8513
f 8513 8593 8594 8514
f 8514 8594 8595 8515
f 8515 8595 8596 8516
f 8516 8596 8597 8517
f 8517 8597 8598 8518
f 8518 8598 8599 8519
f 8519 8599 8600 8520
f 8520 8600 8601 8521
f 8521 8601 8602 8522
f 8522 8602 8603 8523
f 8523 8603 8604 8524
f 8524 8604 8605 8525
f 8525 8605 8606 8526
f 8526 8606 8607 8527
f 8527 8607 8608 8528
f 8528 8608 8609 8529
f 8529 8609 8610 8530
f 8530 8610 8611 8531
f 8531 8611 8612 8532
f 8532 8612 8613 8533
f 8533 8613 8614 8534
f 8534 8614 8615 8535
f 8535 8615 8616 8536
f 8536 8616 8617 8537
f 8537 8617 8618 8538
f 8538 8618 8619 8539
f 8539 8619 8620 8540
f 8540 8620 8621 8541
f 8541 8621 8622 8542
f 8542 8622 8623 8543
f 8543 8623 8624 8544
f 8544 8624 8625 8545
f 8545 8625 8626 8546
f 8546 8626 8627 8547
f 8547 8627 8628 8548
f 8548 8628 8629 8549
f 8549 8629 8630 8550
f 8550 8630 8631 8551
f 8551 8631 8632 8552
f 8552 8632 8633 8553
f 8553 8633 8634 8554
f 8554 8634 8635 8555
f 8555 8635 8636 8556
f 8556 8636 8637 8557
f 8557 8637 8638 8558
f 8558 8638 8639 8559
f 8559 8639 8640 8560
f 8560 8640 8561 8481
f 8561 8641 8642 8562
f 8562 8642 8643 8563
f 8563 8643 8644 8564
f 8564 8644 8645 8565
f 8565 8645 8646 8566
f 8566 8646 8647 8567
f 8567 8647 8648 8568
f 8568 8648 8649 8569
f 8569 8649 8650 8570
f 8570 8650 8651 8571
f 8571 8651 8652 8572
f 8572 8652 8653 8573
f 8573 8653 8654 8574
f 8574 8654 8655 8575
f 8575 8655 8656 8576
f 8576 8656 8657 8577
f 8577 8657 8658 8578
f 8578 8658 8659 8579
f 8579 8659 8660 8580
f 8580 8660 8661 8581
f 8581 8661 8662 8582
f 8582 8662 8663 8583
f 8583 8663 8664 8584
f 8584 8664 8665 8585
f 8585 8665 8666 8586
f 8586 8666 8667 8587
f 8587 8667 8668 8588
f 8588 8668 8669 8589
f 8589 8669 8670 8590
f 8590 8670 8671 8591
f 8591 8671 8672 8592
f 8592 8672 8673 8593
f 8593 8673 8674 8594
f 8594 8674 8675 8595
f 8595 8675 8676 8596
f 8596 8676 8677 8597
f 8597 8677 8678 8598
f 8598 8678 8679 8599
f 8599 8679 8680 8600
f 8600 8680 8681 8601
f 8601 8681 8682 8602
f 8602 8682 8683 8603
f 8603 8683 8684 8604
f 8604 8684 8685 8605
f 8605 8685 8686 8606
f 8606 8686 8687 8607
f 8607 8687 8688 8608
f 8608 8688 8689 8609
f 8609 8689 8690 8610
f 8610 8690 8691 8611
f 8611 8691 8692 8612
f 8612 8692 8693 8613
f 8613 8693 8694 8614
f 8614 8694 8695 8615
f 8615 8695 8696 8616
f 8616 8696 8697 8617
f 8617 8697 8698 8618
f 8618 8698 8699 8619
f 8619 8699 8700 8620
f 8620 8700 8701 8621
f 8621 8701 8702 8622
f 8622 8702 8703 8623
f 8623 8703 8704 8624
f 8624 8704 8705 8625
f 8625 8705 8706 8626
f 8626 8706 8707 8627
f 8627 8707 8708 8628
f 8628 8708 8709 8629
f 8629 8709 8710 8630
f 8630 8710 8711 8631
f 8631 8711 8712 8632
f 8632 8712 8713 8633
f 8633 8713 8714 8634
f 8634 8714 8715 8635
f 8635 8715 8716 8636
f 8636 8716 8717 8637
f 8637 8717 8718 8638
f 8638 8718 8719 8639
f 8639 8719 8720 8640
f 8640 8720 8641 8561
f 8641 8721 8722 8642
f 8642 8722 8723 8643
f 8643 8723 8724 8644
f 8644 8724 8725 8645
f 8645 8725 8726 8646
f 8646 8726 8727 8647
f 8647 8727 8728 8648
f 8648 8728 8729 8649
f 8649 8729 8730 8650
f 8650 8730 8731 8651
f 8651 8731 8732 8652
f 8652 8732 8733 8653
f 8653 8733 8734 8654
f 8654 8734 8735 8655
f 8655 8735 8736 8656
f 8656 8736 8737 8657
f 8657 8737 8738 8658
f 8658 8738 8739 8659
f 8659 8739 8740 8660
f 8660 8740 8741 8661
f 8661 8741 8742 8662
f 8662 8742 8743 8663
f 8663 8743 8744 8664
f 8664 8744 8745 8665
f 8665 8745 8746 8666
f 8666 8746 8747 8667
f 8667 8747 8748 8668
f 8668 8748 8749 8669
f 8669 8749 8750 8670
f 8670 8750 8751 8671
f 8671 8751 8752 8672
f 8672 8752 8753 8673
f 8673 8753 8754 8674
f 8674 8754 8755 8675
f 8675 8755 8756 8676
f 8676 8756 8757 8677
f 8677 8757 8758 8678
f 8678 8758 8759 8679
f 8679 8759 8760 8680
f 8680 8760 8761 8681
f 8681 8761 8762 8682
f 8682 8762 8763 8683
f 8683 8763 8764 8684
f 8684 8764 8765 8685
f 8685 8765 8766 8686
f 8686 8766 8767 8687
f 8687 8767 8768 8688
f 8688 8768 8769 8689
f 8689 8769 8770 8690
f 8690 8770 8771 8691
f 8691 8771 8772 8692
f 8692 8772 8773 8693
f 8693 8773 8774 8694
f 8694 8774 8775 8695
f 8695 8775 8776 8696
f 8696 8776 8777 8697
f 8697 8777 8778 8698
f 8698 8778 8779 8699
f 8699 8779 8780 8700
f 8700 8780 8781 8701
f 8701 8781 8782 8702
f 8702 8782 8783 8703
f 8703 8783 8784 8704
f 8704 8784 8785 8705
f 8705 8785 8786 8706
f 8706 8786 8787 8707
f 8707 8787 8788 8708
f 8708 8788 8789 8709
f 8709 8789 8790 8710
f 8710 8790 8791 8711
f 8711 8791 8792 8712
f 8712 8792 8793 8713
f 8713 8793 8794 8714
f 8714 8794 8795 8715
f 8715 8795 8796 8716
f 8716 8796 8797 8717
f 8717 8797 8798 8718
f 8718 8798 8799 8719
f 8719 8799 8800 8720
f 8720 8800 8721 8641
f 8721 8801 8802 8722
f 8722 8802 8803 8723
f 8723 8803 8804 8724
f 8724 8804 8805 8725
f 8725 8805 8806 8726
f 8726 8806 8807 8727
f 8727 8807 8808 8728
f 8728 8808 8809 8729
f 8729 8809 8810 8730
f 8730 8810 8811 8731
f 8731 8811 8812 8732
f 8732 8812 8813 8733
f 8733 8813 8814 8734
f 8734 8814 8815 8735
f 8735 8815 8816 8736
f 8736 8816 8817 8737
f 8737 8817 8818 8738
f 8738 8818 8819 8739
f 8739 8819 8820 8740
f 8740 8820 8821 8741
f 8741 8821 8822 8742
f 8742 8822 8823 8743
f 8743 8823 8824 8744
f 8744 8824 8825 8745
f 8745 8825 8826 8746
f 8746 8826 8827 8747
f 8747 8827 8828 8748
f 8748 8828 8829 8749
f 8749 8829 8830 8750
f 8750 8830 8831 8751
f 8751 8831 8832 8752
f 8752 8832 8833 8753
f 8753 8833 8834 8754
f 8754 8834 8835 8755
f 8755 8835 8836 8756
f 8756 8836 8837 8757
f 8757 8837 8838 8758
f 8758 8838 8839 8759
f 8759 8839 8840 8760
f 8760 8840 8841 8761
f 8761 8841 8842 8762
f 8762 8842 8843 8763
f 8763 8843 8844 8764
f 8764 8844 8845 8765
f 8765 8845 8846 8766
f 8766 8846 8847 8767
f 8767 8847 8848 8768
f 8768 8848 8849 8769
f 8769 8849 8850 8770
f 8770 8850 8851 8771
f 8771 8851 8852 8772
f 8772 8852 8853 8773
f 8773 8853 8854 8774
f 8774 8854 8855 8775
f 8775 8855 8856 8776
f 8776 8856 8857 8777
f 8777 8857 8858 8778
f 8778 8858 8859 8779
f 8779 8859 8860 8780
f 8780 8860 8861 8781
f 8781 8861 8862 8782
f 8782 8862 8863 8783
f 8783 8863 8864 8784
f 8784 8864 8865 8785
f 8785 8865 8866 8786
f 8786 8866 8867 8787
f 8787 8867 8868 8788
f 8788 8868 8869 8789
f 8789 8869 8870 8790
f 8790 8870 8871 8791
f 8791 8871 8872 8792
f 8792 8872 8873 8793
f 8793 8873 8874 8794
f 8794 8874 8875 8795
f 8795 8875 8876 8796
f 8796 8876 8877 8797
f 8797 8877 8878 8798
f 8798 8878 8879 8799
f 8799 8879 8880 8800
f 8800 8880 8801 8721
f 8801 8881 8882 8802
f 8802 8882 8883 8803
f 8803 8883 8884 8804
f 8804 8884 8885 8805
f 8805 8885 8886 8806
f 8806 8886 8887 8807
f 8807 8887 8888 8808
f 8808 8888 8889 8809
f 8809 8889 8890 8810
f 8810 8890 8891 8811
f 8811 8891 8892 8812
f 8812 8892 8893 8813
f 8813 8893 8894 8814
f 8814 8894 8895 8815
f 8815 8895 8896 8816
f 8816 8896 8897 8817
f 8817 8897 8898 8818
f 8818 8898 8899 8819
f 8819 8899 8900 8820
f 8820 8900 8901 8821
f 8821 8901 8902 8822
f 8822 8902 8903 8823
f 8823 8903 8904 8824
f 8824 8904 8905 8825
f 8825 8905 8906 8826
f 8826 8906 8907 8827
f 8827 8907 8908 8828
f 8828 8908 8909 8829
f 8829 8909 8910 8830
f 8830 8910 8911 8831
f 8831 8911 8912 8832
f 8832 8912 8913 8833
f 8833 8913 8914 8834
f 8834 8914 8915 8835
f 8835 8915 8916 8836
f 8836 8916 8917 8837
f 8837 8917 8918 8838
f 8838 8918 8919 8839
f 8839 8919 8920 8840
f 8840 8920 8921 8841
f 8841 8921 8922 8842
f 8842 8922 8923 8843
f 8843 8923 8924 8844
f 8844 8924 8925 8845
f 8845 8925 8926 8846
f 8846 8926 8927 8847
f 8847 8927 8928 8848
f 8848 8928 8929 8849
f 8849 8929 8930 8850
f 8850 8930 8931 8851
f 8851 8931 8932 8852
f 8852 8932 8933 8853
f 8853 8933 8934 8854
f 8854 8934 8935 8855
f 8855 8935 8936 8856
f 8856 8936 8937 8857
f 8857 8937 8938 8858
f 8858 8938 8939 8859
f 8859 8939 8940 8860
f 8860 8940 8941 8861
f 8861 8941 8942 8862
f 8862 8942 8943 8863
f 8863 8943 8944 8864
f 8864 8944 8945 8865
f 8865 8945 8946 8866
f 8866 8946 8947 8867
f 8867 8947 8948 8868
f 8868 8948 8949 8869
f 8869 8949 8950 8870
f 8870 8950 8951 8871
f 8871 8951 8952 8872
f 8872 8952 8953 8873
f 8873 8953 8954 8874
f 8874 8954 8955 8875
f 8875 8955 8956 8876
f 8876 8956 8957 8877
f 8877 8957 8958 8878
f 8878 8958 8959 8879
f 8879 8959 8960 8880
f 8880 8960 8881 8801
f 8881 8961 8962 8882
f 8882 8962 8963 8883
f 8883 8963 8964 8884
f 8884 8964 8965 8885
f 8885 8965 8966 8886
f 8886 8966 8967 8887
f 8887 8967 8968 8888
f 8888 8968 8969 8889
f 8889 8969 8970 8890
f 8890 8970 8971 8891
f 8891 8971 8972 8892
f 8892 8972 8973 8893
f 8893 8973 8974 8894
f 8894 8974 8975 8895
f 8895 8975 8976 8896
f 8896 8976 8977 8897
f 8897 8977 8978 8898
f 8898 8978 8979 8899
f 8899 8979 8980 8900
f 8900 8980 8981 8901
f 8901 8981 8982 8902
f 8902 8982 8983 8903
f 8903 8983 8984 8904
f 8904 8984 8985 8905
f 8905 8985 8986 8906
f 8906 8986 8987 8907
f 8907 8987 8988 8908
f 8908 8988 8989 8909
f 8909 8989 8990 8910
f 8910 8990 8991 8911
f 8911 8991 8992 8912
f 8912 8992 8993 8913
f 8913 8993 8994 8914
f 8914 8994 8995 8915
f 8915 8995 8996 8916
f 8916 8996 8997 8917
f 8917 8997 8998 8918
f 8918 8998 8999 8919
f 8919 8999 9000 8920
f 8920 9000 9001 8921
f 8921 9001 9002 8922
f 8922 9002 9003 8923
f 8923 9003 9004 8924
f 8924 9004 9005 8925
f 8925 9005 9006 8926
f 8926 9006 9007 8927
f 8927 9007 9008 8928
f 8928 9008 9009 8929
f 8929 9009 9010 8930
f 8930 9010 9011 8931
f 8931 9011 9012 8932
f 8932 9012 9013 8933
f 8933 9013 9014 8934
f 8934 9014 9015 8935
f 8935 9015 9016 8936
f 8936 9016 9017 8937
f 8937 9017 9018 8938
f 8938 9018 9019 8939
f 8939 9019 9020 8940
f 8940 9020 9021 8941
f 8941 9021 9022 8942
f 8942 9022 9023 8943
f 8943 9023 9024 8944
f 8944 9024 9025 8945
f 8945 9025 9026 8946
f 8946 9026 9027 8947
f 8947 9027 9028 8948
f 8948 9028 9029 8949
f 8949 9029 9030 8950
f 8950 9030 9031 8951
f 8951 9031 9032 8952
f 8952 9032 9033 8953
f 8953 9033 9034 8954
f 8954 9034 9035 8955
f 8955 9035 9036 8956
f 8956 9036 9037 8957
f 8957 9037 9038 8958
f 8958 9038 9039 8959
f 8959 9039 9040 8960
f 8960 9040 8961 8881
f 8961 9041 9042 8962
f 8962 9042 9043 8963
f 8963 9043 9044 8964
f 8964 9044 9045 8965
f 8965 9045 9046 8966
f 8966 9046 9047 8967
f 8967 9047 9048 8968
f 8968 9048 9049 8969
f 8969 9049 9050 8970
f 8970 9050 9051 8971
f 8971 9051 9052 8972
f 8972 9052 9053 8973
f 8973 9053 9054 8974
f 8974 9054 9055 8975
f 8975 9055 9056 8976
f 8976 9056 9057 8977
f 8977 9057 9058 8978
f 8978 9058 9059 8979
f 8979 9059 9060 8980
f 8980 9060 9061 8981
f 8981 9061 9062 8982
f 8982 9062 9063 8983
f 8983 9063 9064 8984
f 8984 9064 9065 8985
f 8985 9065 9066 8986
f 8986 9066 9067 8987
f 8987 9067 9068 8988
f 8988 9068 9069 8989
f 8989 9069 9070 8990
f 8990 9070 9071 8991
f 8991 9071 9072 8992
f 8992 9072 9073 8993
f 8993 9073 9074 8994
f 8994 9074 9075 8995
f 8995 9075 9076 8996
f 8996 9076 9077 8997
f 8997 9077 9078 8998
f 8998 9078 9079 8999
f 8999 9079 9080 9000
f 9000 9080 9081 9001
f 9001 9081 9082 9002
f 9002 9082 9083 9003
f 9003 9083 9084 9004
f 9004 9084 9085 9005
f 9005 9085 9086 9006
f 9006 9086 9087 9007
f 9007 9087 9088 9008
f 9008 9088 9089 9009
f 9009 9089 9090 9010
f 9010 9090 9091 9011
f 9011 9091 9092 9012
f 9012 9092 9093 9013
f 9013 9093 9094 9014
f 9014 9094 9095 9015
f 9015 9095 9096 9016
f 9016 9096 9097 9017
f 9017 9097 9098 9018
f 9018 9098 9099 9019
f 9019 9099 9100 9020
f 9020 9100 9101 9021
f 9021 9101 9102 9022
f 9022 9102 9103 9023
f 9023 9103 9104 9024
f 9024 9104 9105 9025
f 9025 9105 9106 9026
f 9026 9106 9107 9027
f 9027 9107 9108 9028
f 9028 9108 9109 9029
f 9029 9109 9110 9030
f 9030 9110 9111 9031
f 9031 9111 9112 9032
f 9032 9112 9113 9033
f 9033 9113 9114 9034
f 9034 9114 9115 9035
f 9035 9115 9116 9036
f 9036 9116 9117 9037
f 9037 9117 9118 9038
f 9038 9118 9119 9039
f 9039 9119 9120 9040
f 9040 9120 9041 8961
f 9041 9121 9122 9042
f 9042 9122 9123 9043
f 9043 9123 9124 9044
f 9044 9124 9125 9045
f 9045 9125 9126 9046
f 9046 9126 9127 9047
f 9047 9127 9128 9048
f 9048 9128 9129 9049
f 9049 9129 9130 9050
f 9050 9130 9131 9051
f 9051 9131 9132 9052
f 9052 9132 9133 9053
f 9053 9133 9134 9054
f 9054 9134 9135 9055
f 9055 9135 9136 9056
f 9056 9136 9137 9057
f 9057 9137 9138 9058
f 9058 9138 9139 9059
f 9059 9139 9140 9060
f 9060 9140 9141 9061
f 9061 9141 9142 9062
f 9062 9142 9143 9063
f 9063 9143 9144 9064
f 9064 9144 9145 9065
f 9065 9145 9146 9066
f 9066 9146 9147 9067
f 9067 9147 9148 9068
f 9068 9148 9149 9069
f 9069 9149 9150 9070
f 9070 9150 9151 9071
f 9071 9151 9152 9072
f 9072 9152 9153 9073
f 9073 9153 9154 9074
f 9074 9154 9155 9075
f 9075 9155 9156 9076
f 9076 9156 9157 9077
f 9077 9157 9158 9078
f 9078 9158 9159 9079
f 9079 9159 9160 9080
f 9080 9160 9161 9081
f 9081 9161 9162 9082
f 9082 9162 9163 9083
f 9083 9163 9164 9084
f 9084 9164 9165 9085
f 9085 9165 9166 9086
f 9086 9166 9167 9087
f 9087 9167 9168 9088
f 9088 9168 9169 9089
f 9089 9169 9170 9090
f 9090 9170 9171 9091
f 9091 9171 9172 9092
f 9092 9172 9173 9093
f 9093 9173 9174 9094
f 9094 9174 9175 9095
f 9095 9175 9176 9096
f 9096 9176 9177 9097
f 9097 9177 9178 9098
f 9098 9178 9179 9099
f 9099 9179 9180 9100
f 9100 9180 9181 9101
f 9101 9181 9182 9102
f 9102 9182 9183 9103
f 9103 9183 9184 9104
f 9104 9184 9185 9105
f 9105 9185 9186 9106
f 9106 9186 9187 9107
f 9107 9187 9188 9108
f 9108 9188 9189 9109
f 9109 9189 9190 9110
f 9110 9190 9191 9111
f 9111 9191 9192 9112
f 9112 9192 9193 9113
f 9113 9193 9194 9114
f 9114 9194 9195 9115
f 9115 9195 9196 9116
f 9116 9196 9197 9117
f 9117 9197 9198 9118
f 9118 9198 9199 9119
f 9119 9199 9200 9120
f 9120 9200 9121 9041
f 9121 9201 9202 9122
f 9122 9202 9203 9123
f 9123 9203 9204 9124
f 9124 9204 9205 9125
f 9125 9205 9206 9126
f 9126 9206 9207 9127
f 9127 9207 9208 9128
f 9128 9208 9209 9129
f 9129 9209 9210 9130
f 9130 9210 9211 9131
f 9131 9211 9212 9132
f 9132 9212 9213 9133
f 9133 9213 9214 9134
f 9134 9214 9215 9135
f 9135 9215 9216 9136
f 9136 9216 9217 9137
f 9137 9217 9218 9138
f 9138 9218 9219 9139
f 9139 9219 9220 9140
f 9140 9220 9221 9141
f 9141 9221 9222 9142
f 9142 9222 9223 9143
f 9143 9223 9224 9144
f 9144 9224 9225 9145
f 9145 9225 9226 9146
f 9146 9226 9227 9147
f 9147 9227 9228 9148
f 9148 9228 9229 9149
f 9149 9229 9230 9150
f 9150 9230 9231 9151
f 9151 9231 9232 9152
f 9152 9232 9233 9153
f 9153 9233 9234 9154
f 9154 9234 9235 9155
f 9155 9235 9236 9156
f 9156 9236 9237 9157
f 9157 9237 9238 9158
f 9158 9238 9239 9159
f 9159 9239 9240 9160
f 9160 9240 9241 9161
f 9161 9241 9242 9162
f 9162 9242 9243 9163
f 9163 9243 9244 9164
f 9164 9244 9245 9165
f 9165 9245 9246 9166
f 9166 9246 9247 9167
f 9167 9247 9248 9168
f 9168 9248 9249 9169
f 9169 9249 9250 9170
f 9170 9250 9251 9171
f 9171 9251 9252 9172
f 9172 9252 9253 9173
f 9173 9253 9254 9174
f 9174 9254 9255 9175
f 9175 9255 9256 9176
f 9176 9256 9257 9177
f 9177 9257 9258 9178
f 9178 9258 9259 9179
f 9179 9259 9260 9180
f 9180 9260 9261 9181
f 9181 9261 9262 9182
f 9182 9262 9263 9183
f 9183 9263 9264 9184
f 9184 9264 9265 9185
f 9185 9265 9266 9186
f 9186 9266 9267 9187
f 9187 9267 9268 9188
f 9188 9268 9269 9189
f 9189 9269 9270 9190
f 9190 9270 9271 9191
f 9191 9271 9272 9192
f 9192 9272 9273 9193
f 9193 9273 9274 9194
f 9194 9274 9275 9195
f 9195 9275 9276 9196
f 9196 9276 9277 9197
f 9197 9277 9278 9198
f 9198 9278 9279 9199
f 9199 9279 9280 9200
f 9200 9280 9201 9121
f 9201 9281 9282 9202
f 9202 9282 9283 9203
f 9203 9283 9284 9204
f 9204 9284 9285 9205
f 9205 9285 9286 9206
f 9206 9286 9287 9207
f 9207 9287 9288 9208
f 9208 9288 9289 9209
f 9209 9289 9290 9210
f 9210 9290 9291 9211
f 9211 9291 9292 9212
f 9212 9292 9293 9213
f 9213 9293 9294 9214
f 9214 9294 9295 9215
f 9215 9295 9296 9216
f 9216 9296 9297 9217
f 9217 9297 9298 9218
f 9218 9298 9299 9219
f 9219 9299 9300 9220
f 9220 9300 9301 9221
f 9221 9301 9302 9222
f 9222 9302 9303 9223
f 9223 9303 9304 9224
f 9224 9304 9305 9225
f 9225 9305 9306 9226
f 9226 9306 9307 9227
f 9227 9307 9308 9228
f 9228 9308 9309 9229
f 9229 9309 9310 9230
f 9230 9310 9311 9231
f 9231 9311 9312 9232
f 9232 9312 9313 9233
f 9233 9313 9314 9234
f 9234 9314 9315 9235
f 9235 9315 9316 9236
f 9236 9316 9317 9237
f 9237 9317 9318 9238
f 9238 9318 9319 9239
f 9239 9319 9320 9240
f 9240 9320 9321 9241
f 9241 9321 9322 9242
f 9242 9322 9323 9243
f 9243 9323 9324 9244
f 9244 9324 9325 9245
f 9245 9325 9326 9246
f 9246 9326 9327 9247
f 9247 9327 9328 9248
f 9248 9328 9329 9249
f 9249 9329 9330 9250
f 9250 9330 9331 9251
f 9251 9331 9332 9252
f 9252 9332 9333 9253
f 9253 9333 9334 9254
f 9254 9334 9335 9255
f 9255 9335 9336 9256
f 9256 9336 9337 9257
f 9257 9337 9338 9258
f 9258 9338 9339 9259
f 9259 9339 9340 9260
f 9260 9340 9341 9261
f 9261 9341 9342 9262
f 9262 9342 9343 9263
f 9263 9343 9344 9264
f 9264 9344 9345 9265
f 9265 9345 9346 9266
f 9266 9346 9347 9267
f 9267 9347 9348 9268
f 9268 9348 9349 9269
f 9269 9349 9350 9270
f 9270 9350 9351 9271
f 9271 9351 9352 9272
f 9272 9352 9353 9273
f 9273 9353 9354 9274
f 9274 9354 9355 9275
f 9275 9355 9356 9276
f 9276 9356 9357 9277
f 9277 9357 9358 9278
f 9278 9358 9359 9279
f 9279 9359 9360 9280
f 9280 9360 9281 9201
f 9281 9361 9362 9282
f 9282 9362 9363 9283
f 9283 9363 9364 9284
f 9284 9364 9365 9285
f 9285 9365 9366 9286
f 9286 9366 9367 9287
f 9287 9367 9368 9288
f 9288 9368 9369 9289
f 9289 9369 9370 9290
f 9290 9370 9371 9291
f 9291 9371 9372 9292
f 9292 9372 9373 9293
f 9293 9373 9374 9294
f 9294 9374 9375 9295
f 9295 9375 9376 9296
f 9296 9376 9377 9297
f 9297 9377 9378 9298
f 9298 9378 9379 9299
f 9299 9379 9380 9300
f 9300 9380 9381 9301
f 9301 9381 9382 9302
f 9302 9382 9383 9303
f 9303 9383 9384 9304
f 9304 9384 9385 9305
f 9305 9385 9386 9306
f 9306 9386 9387 9307
f 9307 9387 9388 9308
f 9308 9388 9389 9309
f 9309 9389 9390 9310
f 9310 9390 9391 9311
f 9311 9391 9392 9312
f 9312 9392 9393 9313
f 9313 9393 9394 9314
f 9314 9394 9395 9315
f 9315 9395 9396 9316
f 9316 9396 9397 9317
f 9317 9397 9398 9318
f 9318 9398 9399 9319
f 9319 9399 9400 9320
f 9320 9400 9401 9321
f 9321 9401 9402 9322
f 9322 9402 9403 9323
f 9323 9403 9404 9324
f 9324 9404 9405 9325
f 9325 9405 9406 9326
f 9326 9406 9407 9327
f 9327 9407 9408 9328
f 9328 9408 9409 9329
f 9329 9409 9410 9330
f 9330 9410 9411 9331
f 9331 9411 9412 9332
f 9332 9412 9413 9333
f 9333 9413 9414 9334
f 9334 9414 9415 9335
f 9335 9415 9416 9336
f 9336 9416 9417 9337
f 9337 9417 9418 9338
f 9338 9418 9419 9339
f 9339 9419 9420 9340
f 9340 9420 9421 9341
f 9341 9421 9422 9342
f 9342 9422 9423 9343
f 9343 9423 9424 9344
f 9344 9424 9425 9345
f 9345 9425 9426 9346
f 9346 9426 9427 9347
f 9347 9427 9428 9348
f 9348 9428 9429 9349
f 9349 9429 9430 9350
f 9350 9430 9431 9351
f 9351 9431 9432 9352
f 9352 9432 9433 9353
f 9353 9433 9434 9354
f 9354 9434 9435 9355
f 9355 9435 9436 9356
f 9356 9436 9437 9357
f 9357 9437 9438 9358
f 9358 9438 9439 9359
f 9359 9439 9440 9360
f 9360 9440 9361 9281
f 9361 9441 9442 9362
f 9362 9442 9443 9363
f 9363 9443 9444 9364
f 9364 9444 9445 9365
f 9365 9445 9446 9366
f 9366 9446 9447 9367
f 9367 9447 9448 9368
f 9368 9448 9449 9369
f 9369 9449 9450 9370
f 9370 9450 9451 9371
f 9371 9451 9452 9372
f 9372 9452 9453 9373
f 9373 9453 9454 9374
f 9374 9454 9455 9375
f 9375 9455 9456 9376
f 9376 9456 9457 9377
f 9377 9457 9458 9378
f 9378 9458 9459 9379
f 9379 9459 9460 9380
f 9380 9460 9461 9381
f 9381 9461 9462 9382
f 9382 9462 9463 9383
f 9383 9463 9464 9384
f 9384 9464 9465 9385
f 9385 9465 9466 9386
f 9386 9466 9467 9387
f 9387 9467 9468 9388
f 9388 9468 9469 9389
f 9389 9469 9470 9390
f 9390 9470 9471 9391
f 9391 9471 9472 9392
f 9392 9472 9473 9393
f 9393 9473 9474 9394
f 9394 9474 9475 9395
f 9395 9475 9476 9396
f 9396 9476 9477 9397
f 9397 9477 9478 9398
f 9398 9478 9479 9399
f 9399 9479 9480 9400
f 9400 9480 9481 9401
f 9401 9481 9482 9402
f 9402 9482 9483 9403
f 9403 9483 9484 9404
f 9404 9484 9485 9405
f 9405 9485 9486 9406
f 9406 9486 9487 9407
f 9407 9487 9488 9408
f 9408 9488 9489 9409
f 9409 9489 9490 9410
f 9410 9490 9491 9411
f 9411 9491 9492 9412
f 9412 9492 9493 9413
f 9413 9493 9494 9414
f 9414 9494 9495 9415
f 9415 9495 9496 9416
f 9416 9496 9497 9417
f 9417 9497 9498 9418
f 9418 9498 9499 9419
f 9419 9499 9500 9420
f 9420 9500 9501 9421
f 9421 9501 9502 9422
f 9422 9502 9503 9423
f 9423 9503 9504 9424
f 9424 9504 9505 9425
f 9425 9505 9506 9426
f 9426 9506 9507 9427
f 9427 9507 9508 9428
f 9428 9508 9509 9429
f 9429 9509 9510 9430
f 9430 9510 9511 9431
f 9431 9511 9512 9432
f 9432 9512 9513 9433
f 9433 9513 9514 9434
f 9434 9514 9515 9435
f 9435 9515 9516 9436
f 9436 9516 9517 9437
f 9437 9517 9518 9438
f 9438 9518 9519 9439
f 9439 9519 9520 9440
f 9440 9520 9441 9361
f 9441 9521 9522 9442
f 9442 9522 9523 9443
f 9443 9523 9524 9444
f 9444 9524 9525 9445
f 9445 9525 9526 9446
f 9446 9526 9527 9447
f 9447 9527 9528 9448
f 9448 9528 9529 9449
f 9449 9529 9530 9450
f 9450 9530 9531 9451
f 9451 9531 9532 9452
f 9452 9532 9533 9453
f 9453 9533 9534 9454
f 9454 9534 9535 9455
f 9455 9535 9536 9456
f 9456 9536 9537 9457
f 9457 9537 9538 9458
f 9458 9538 9539 9459
f 9459 9539 9540 9460
f 9460 9540 9541 9461
f 9461 9541 9542 9462
f 9462 9542 9543 9463
f 9463 9543 9544 9464
f 9464 9544 9545 9465
f 9465 9545 9546 9466
f 9466 9546 9547 9467
f 9467 9547 9548 9468
f 9468 9548 9549 9469
f 9469 9549 9550 9470
f 9470 9550 9551 9471
f 9471 9551 9552 9472
f 9472 9552 9553 9473
f 9473 9553 9554 9474
f 9474 9554 9555 9475
f 9475 9555 9556 9476
f 9476 9556 9557 9477
f 9477 9557 9558 9478
f 9478 9558 9559 9479
f 9479 9559 9560 9480
f 9480 9560 9561 9481
f 9481 9561 9562 9482
f 9482 9562 9563 9483
f 9483 9563 9564 9484
f 9484 9564 9565 9485
f 9485 9565 9566 9486
f 9486 9566 9567 9487
f 9487 9567 9568 9488
f 9488 9568 9569 9489
f 9489 9569 9570 9490
f 9490 9570 9571 9491
f 9491 9571 9572 9492
f 9492 9572 9573 9493
f 9493 9573 9574 9494
f 9494 9574 9575 9495
f 9495 9575 9576 9496
f 9496 9576 9577 9497
f 9497 9577 9578 9498
f 9498 9578 9579 9499
f 9499 9579 9580 9500
f 9500 9580 9581 9501
f 9501 9581 9582 9502
f 9502 9582 9583 9503
f 9503 9583 9584 9504
f 9504 9584 9585 9505
f 9505 9585 9586 9506
f 9506 9586 9587 9507
f 9507 9587 9588 9508
f 9508 9588 9589 9509
f 9509 9589 9590 9510
f 9510 9590 9591 9511
f 9511 9591 9592 9512
f 9512 9592 9593 9513
f 9513 9593 9594 9514
f 9514 9594 9595 9515
f 9515 9595 9596 9516
f 9516 9596 9597 9517
f 9517 9597 9598 9518
f 9518 9598 9599 9519
f 9519 9599 9600 9520
f 9520 9600 9521 9441
f 9521 9601 9602 9522
f 9522 9602 9603 9523
f 9523 9603 9604 9524
f 9524 9604 9605 9525
f 9525 9605 9606 9526
f 9526 9606 9607 9527
f 9527 9607 9608 9528
f 9528 9608 9609 9529
f 9529 9609 9610 9530
f 9530 9610 9611 9531
f 9531 9611 9612 9532
f 9532 9612 9613 9533
f 9533 9613 9614 9534
f 9534 9614 9615 9535
f 9535 9615 9616 9536
f 9536 9616 9617 9537
f 9537 9617 9618 9538
f 9538 9618 9619 9539
f 9539 9619 9620 9540
f 9540 9620 9621 9541
f 9541 9621 9622 9542
f 9542 9622 9623 9543
f 9543 9623 9624 9544
f 9544 9624 9625 9545
f 9545 9625 9626 9546
f 9546 9626 9627 9547
f 9547 9627 9628 9548
f 9548 9628 9629 9549
f 9549 9629 9630 9550
f 9550 9630 9631 9551
f 9551 9631 9632 9552
f 9552 9632 9633 9553
f 9553 9633 9634 9554
f 9554 9634 9635 9555
f 9555 9635 9636 9556
f 9556 9636 9637 9557
f 9557 9637 9638 9558
f 9558 9638 9639 9559
f 9559 9639 9640 9560
f 9560 9640 9641 9561
f 9561 9641 9642 9562
f 9562 9642 9643 9563
f 9563 9643 9644 9564
f 9564 9644 9645 9565
f 9565 9645 9646 9566
f 9566 9646 9647 9567
f 9567 9647 9648 9568
f 9568 9648 9649 9569
f 9569 9649 9650 9570
f 9570 9650 9651 9571
f 9571 9651 9652 9572
f 9572 9652 9653 9573
f 9573 9653 9654 9574
f 9574 9654 9655 9575
f 9575 9655 9656 9576
f 9576 9656 9657 9577
f 9577 9657 9658 9578
f 9578 9658 9659 9579
f 9579 9659 9660 9580
f 9580 9660 9661 9581
f 9581 9661 9662 9582
f 9582 9662 9663 9583
f 9583 9663 9664 9584
f 9584 9664 9665 9585
f 9585 9665 9666 9586
f 9586 9666 9667 9587
f 9587 9667 9668 9588
f 9588 9668 9669 9589
f 9589 9669 9670 9590
f 9590 9670 9671 9591
f 9591 9671 9672 9592
f 9592 9672 9673 9593
f 9593 9673 9674 9594
f 9594 9674 9675 9595
f 9595 9675 9676 9596
f 9596 9676 9677 9597
f 9597 9677 9678 9598
f 9598 9678 9679 9599
f 9599 9679 9680 9600
f 9600 9680 9601 9521
f 9601 9681 9682 9602
f 9602 9682 9683 9603
f 9603 9683 9684 9604
f 9604 9684 9685 9605
f 9605 9685 9686 9606
f 9606 9686 9687 9607
f 9607 9687 9688 9608
f 9608 9688 9689 9609
f 9609 9689 9690 9610
f 9610 9690 9691 9611
f 9611 9691 9692 9612
f 9612 9692 9693 9613
f 9613 9693 9694 9614
f 9614 9694 9695 9615
f 9615 9695 9696 9616
f 9616 9696 9697 9617
f 9617 9697 9698 9618
f 9618 9698 9699 9619
f 9619 9699 9700 9620
f 9620 9700 9701 9621
f 9621 9701 9702 9622
f 9622 9702 9703 9623
f 9623 9703 9704 9624
f 9624 9704 9705 9625
f 9625 9705 9706 9626
f 9626 9706 9707 9627
f 9627 9707 9708 9628
f 9628 9708 9709 9629
f 9629 9709 9710 9630
f 9630 9710 9711 9631
f 9631 9711 9712 9632
f 9632 9712 9713 9633
f 9633 9713 9714 9634
f 9634 9714 9715 9635
f 9635 9715 9716 9636
f 9636 9716 9717 9637
f 9637 9717 9718 9638
f 9638 9718 9719 9639
f 9639 9719 9720 9640
f 9640 9720 9721 9641
f 9641 9721 9722 9642
f 9642 9722 9723 9643
f 9643 9723 9724 9644
f 9644 9724 9725 9645
f 9645 9725 9726 9646
f 9646 9726 9727 9647
f 9647 9727 9728 9648
f 9648 9728 9729 9649
f 9649 9729 9730 9650
f 9650 9730 9731 9651
f 9651 9731 9732 9652
f 9652 9732 9733 9653
f 9653 9733 9734 9654
f 9654 9734 9735 9655
f 9655 9735 9736 9656
f 9656 9736 9737 9657
f 9657 9737 9738 9658
f 9658 9738 9739 9659
f 9659 9739 9740 9660
f 9660 9740 9741 9661
f 9661 9741 9742 9662
f 9662 9742 9743 9663
f 9663 9743 9744 9664
f 9664 9744 9745 9665
f 9665 9745 9746 9666
f 9666 9746 9747 9667
f 9667 9747 9748 9668
f 9668 9748 9749 9669
f 9669 9749 9750 9670
f 9670 9750 9751 9671
f 9671 9751 9752 9672
f 9672 9752 9753 9673
f 9673 9753 9754 9674
f 9674 9754 9755 9675
f 9675 9755 9756 9676
f 9676 9756 9757 9677
f 9677 9757 9758 9678
f 9678 9758 9759 9679
f 9679 9759 9760 9680
f 9680 9760 9681 9601
f 9681 9761 9762 9682
f 9682 9762 9763 9683
f 9683 9763 9764 9684
f 9684 9764 9765 9685
f 9685 9765 9766 9686
f 9686 9766 9767 9687
f 9687 9767 9768 9688
f 9688 9768 9769 9689
f 9689 9769 9770 9690
f 9690 9770 9771 9691
f 9691 9771 9772 9692
f 9692 9772 9773 9693
f 9693 9773 9774 9694
f 9694 9774 9775 9695
f 9695 9775 9776 9696
f 9696 9776 9777 9697
f 9697 9777 9778 9698
f 9698 9778 9779 9699
f 9699 9779 9780 9700
f 9700 9780 9781 9701
f 9701 9781 9782 9702
f 9702 9782 9783 9703
f 9703 9783 9784 9704
f 9704 9784 9785 9705
f 9705 9785 9786 9706
f 9706 9786 9787 9707
f 9707 9787 9788 9708
f 9708 9788 9789 9709
f 9709 9789 9790 9710
f 9710 9790 9791 9711
f 9711 9791 9792 9712
f 9712 9792 9793 9713
f 9713 9793 9794 9714
f 9714 9794 9795 9715
f 9715 9795 9796 9716
f 9716 9796 9797 9717
f 9717 9797 9798 9718
f 9718 9798 9799 9719
f 9719 9799 9800 9720
f 9720 9800 9801 9721
f 9721 9801 9802 9722
f 9722 9802 9803 9723
f 9723 9803 9804 9724
f 9724 9804 9805 9725
f 9725 9805 9806 9726
f 9726 9806 9807 9727
f 9727 9807 9808 9728
f 9728 9808 9809 9729
f 9729 9809 9810 9730
f 9730 9810 9811 9731
f 9731 9811 9812 9732
f 9732 9812 9813 9733
f 9733 9813 9814 9734
f 9734 9814 9815 9735
f 9735 9815 9816 9736
f 9736 9816 9817 9737
f 9737 9817 9818 9738
f 9738 9818 9819 9739
f 9739 9819 9820 9740
f 9740 9820 9821 9741
f 9741 9821 9822 9742
f 9742 9822 9823 9743
f 9743 9823 9824 9744
f 9744 9824 9825 9745
f 9745 9825 9826 9746
f 9746 9826 9827 9747
f 9747 9827 9828 9748
f 9748 9828 9829 9749
f 9749 9829 9830 9750
f 9750 9830 9831 9751
f 9751 9831 9832 9752
f 9752 9832 9833 9753
f 9753 9833 9834 9754
f 9754 9834 9835 9755
f 9755 9835 9836 9756
f 9756 9836 9837 9757
f 9757 9837 9838 9758
f 9758 9838 9839 9759
f 9759 9839 9840 9760
f 9760 9840 9761 9681
f 9761 9841 9842 9762
f 9762 9842 9843 9763
f 9763 9843 9844 9764
f 9764 9844 9845 9765
f 9765 9845 9846 9766
f 9766 9846 9847 9767
f 9767 9847 9848 9768
f 9768 9848 9849 9769
f 9769 9849 9850 9770
f 9770 9850 9851 9771
f 9771 9851 9852 9772
f 9772 9852 9853 9773
f 9773 9853 9854 9774
f 9774 9854 9855 9775
f 9775 9855 9856 9776
f 9776 9856 9857 9777
f 9777 9857 9858 9778
f 9778 9858 9859 9779
f 9779 9859 9860 9780
f 9780 9860 9861 9781
f 9781 9861 9862 9782
f 9782 9862 9863 9783
f 9783 9863 9864 9784
f 9784 9864 9865 9785
f 9785 9865 9866 9786
f 9786 9866 9867 9787
f 9787 9867 9868 9788
f 9788 9868 9869 9789
f 9789 9869 9870 9790
f 9790 9870 9871 9791
f 9791 9871 9872 9792
f 9792 9872 9873 9793
f 9793 9873 9874 9794
f 9794 9874 9875 9795
f 9795 9875 9876 9796
f 9796 9876 9877 9797
f 9797 9877 9878 9798
f 9798 9878 9879 9799
f 9799 9879 9880 9800
f 9800 9880 9881 9801
f 9801 9881 9882 9802
f 9802 9882 9883 9803
f 9803 9883 9884 9804
f 9804 9884 9885 9805
f 9805 9885 9886 9806
f 9806 9886 9887 9807
f 9807 9887 9888 9808
f 9808 9888 9889 9809
f 9809 9889 9890 9810
f 9810 9890 9891 9811
f 9811 9891 9892 9812
f 9812 9892 9893 9813
f 9813 9893 9894 9814
f 9814 9894 9895 9815
f 9815 9895 9896 9816
f 9816 9896 9897 9817
f 9817 9897 9898 9818
f 9818 9898 9899 9819
f 9819 9899 9900 9820
f 9820 9900 9901 9821
f 9821 9901 9902 9822
f 9822 9902 9903 9823
f 9823 9903 9904 9824
f 9824 9904 9905 9825
f 9825 9905 9906 9826
f 9826 9906 9907 9827
f 9827 9907 9908 9828
f 9828 9908 9909 9829
f 9829 9909 9910 9830
f 9830 9910 9911 9831
f 9831 9911 9912 9832
f 9832 9912 9913 9833
f 9833 9913 9914 9834
f 9834 9914 9915 9835
f 9835 9915 9916 9836
f 9836 9916 9917 9837
f 9837 9917 9918 9838
f 9838 9918 9919 9839
f 9839 9919 9920 9840
f 9840 9920 9841 9761
f 9841 9921 9922 9842
f 9842 9922 9923 9843
f 9843 9923 9924 9844
f 9844 9924 9925 9845
f 9845 9925 9926 9846
f 9846 9926 9927 9847
f 9847 9927 9928 9848
f 9848 9928 9929 9849
f 9849 9929 9930 9850
f 9850 9930 9931 9851
f 9851 9931 9932 9852
f 9852 9932 9933 9853
f 9853 9933 9934 9854
f 9854 9934 9935 9855
f 9855 9935 9936 9856
f 9856 9936 9937 9857
f 9857 9937 9938 9858
f 9858 9938 9939 9859
f 9859 9939 9940 9860
f 9860 9940 9941 9861
f 9861 9941 9942 9862
f 9862 9942 9943 9863
f 9863 9943 9944 9864
f 9864 9944 9945 9865
f 9865 9945 9946 9866
f 9866 9946 9947 9867
f 9867 9947 9948 9868
f 9868 9948 9949 9869
f 9869 9949 9950 9870
f 9870 9950 9951 9871
f 9871 9951 9952 9872
f 9872 9952 9953 9873
f 9873 9953 9954 9874
f 9874 9954 9955 9875
f 9875 9955 9956 9876
f 9876 9956 9957 9877
f 9877 9957 9958 9878
f 9878 9958 9959 9879
f 9879 9959 9960 9880
f 9880 9960 9961 9881
f 9881 9961 9962 9882
f 9882 9962 9963 9883
f 9883 9963 9964 9884
f 9884 9964 9965 9885
f 9885 9965 9966 9886
f 9886 9966 9967 9887
f 9887 9967 9968 9888
f 9888 9968 9969 9889
f 9889 9969 9970 9890
f 9890 9970 9971 9891
f 9891 9971 9972 9892
f 9892 9972 9973 9893
f 9893 9973 9974 9894
f 9894 9974 9975 9895
f 9895 9975 9976 9896
f 9896 9976 9977 9897
f 9897 9977 9978 9898
f 9898 9978 9979 9899
f 9899 9979 9980 9900
f 9900 9980 9981 9901
f 9901 9981 9982 9902
f 9902 9982 9983 9903
f 9903 9983 9984 9904
f 9904 9984 9985 9905
f 9905 9985 9986 9906
f 9906 9986 9987 9907
f 9907 9987 9988 9908
f 9908 9988 9989 9909
f 9909 9989 9990 9910
f 9910 9990 9991 9911
f 9911 9991 9992 9912
f 9912 9992 9993 9913
f 9913 9993 9994 9914
f 9914 9994 9995 9915
f 9915 9995 9996 9916
f 9916 9996 9997 9917
f 9917 9997 9998 9918
f 9918 9998 9999 9919
f 9919 9999 10000 9920
f 9920 10000 9921 9841
f 9921 10001 10002 9922
f 9922 10002 10003 9923
f 9923 10003 10004 9924
f 9924 10004 10005 9925
f 9925 10005 10006 9926
f 9926 10006 10007 9927
f 9927 10007 10008 9928
f 9928 10008 10009 9929
f 9929 10009 10010 9930
f 9930 10010 10011 9931
f 9931 10011 10012 9932
f 9932 10012 10013 9933
f 9933 10013 10014 9934
f 9934 10014 10015 9935
f 9935 10015 10016 9936
f 9936 10016 10017 9937
f 9937 10017 10018 9938
f 9938 10018 10019 9939
f 9939 10019 10020 9940
f 9940 10020 10021 9941
f 9941 10021 10022 9942
f 9942 10022 10023 9943
f 9943 10023 10024 9944
f 9944 10024 10025 9945
f 9945 10025 10026 9946
f 9946 10026 10027 9947
f 9947 10027 10028 9948
f 9948 10028 10029 9949
f 9949 10029 10030 9950
f 9950 10030 10031 9951
f 9951 10031 10032 9952
f 9952 10032 10033 9953
f 9953 10033 10034 9954
f 9954 10034 10035 9955
f 9955 10035 10036 9956
f 9956 10036 10037 9957
f 9957 10037 10038 9958
f 9958 10038 10039 9959
f 9959 10039 10040 9960
f 9960 10040 10041 9961
f 9961 10041 10042 9962
f 9962 10042 10043 9963
f 9963 10043 10044 9964
f 9964 10044 10045 9965
f 9965 10045 10046 9966
f 9966 10046 10047 9967
f 9967 10047 10048 9968
f 9968 10048 10049 9969
f 9969 10049 10050 9970
f 9970 10050 10051 9971
f 9971 10051 10052 9972
f 9972 10052 10053 9973
f 9973 10053 10054 9974
f 9974 10054 10055 9975
f 9975 10055 10056 9976
f 9976 10056 10057 9977
f 9977 10057 10058 9978
f 9978 10058 10059 9979
f 9979 10059 10060 9980
f 9980 10060 10061 9981
f 9981 10061 10062 9982
f 9982 10062 10063 9983
f 9983 10063 10064 9984
f 9984 10064 10065 9985
f 9985 10065 10066 9986
f 9986 10066 10067 9987
f 9987 10067 10068 9988
f 9988 10068 10069 9989
f 9989 10069 10070 9990
f 9990 10070 10071 9991
f 9991 10071 10072 9992
f 9992 10072 10073 9993
f 9993 10073 10074 9994
f 9994 10074 10075 9995
f 9995 10075 10076 9996
f 9996 10076 10077 9997
f 9997 10077 10078 9998
f 9998 10078 10079 9999
f 9999 10079 10080 10000
f 10000 10080 10001 9921
f 10001 10081 10082 10002
f 10002 10082 10083 10003
f 10003 10083 10084 10004
f 10004 10084 10085 10005
f 10005 10085 10086 10006
f 10006 10086 10087 10007
f 10007 10087 10088 10008
f 10008 10088 10089 10009
f 10009 10089 10090 10010
f 10010 10090 10091 10011
f 10011 10091 10092 10012
f 10012 10092 10093 10013
f 10013 10093 10094 10014
f 10014 10094 10095 10015
f 10015 10095 10096 10016
f 10016 10096 10097 10017
f 10017 10097 10098 10018
f 10018 10098 10099 10019
f 10019 10099 10100 10020
f 10020 10100 10101 10021
f 10021 10101 10102 10022
f 10022 10102 10103 10023
f 10023 10103 10104 10024
f 10024 10104 10105 10025
f 10025 10105 10106 10026
f 10026 10106 10107 10027
f 10027 10107 10108 10028
f 10028 10108 10109 10029
f 10029 10109 10110 10030
f 10030 10110 10111 10031
f 10031 10111 10112 10032
f 10032 10112 10113 10033
f 10033 10113 10114 10034
f 10034 10114 10115 10035
f 10035 10115 10116 10036
f 10036 10116 10117 10037
f 10037 10117 10118 10038
f 10038 10118 10119 10039
f 10039 10119 10120 10040
f 10040 10120 10121 10041
f 10041 10121 10122 10042
f 10042 10122 10123 10043
f 10043 10123 10124 10044
f 10044 10124 10125 10045
f 10045 10125 10126 10046
f 10046 10126 10127 10047
f 10047 10127 10128 10048
f 10048 10128 10129 10049
f 10049 10129 10130 10050
f 10050 10130 10131 10051
f 10051 10131 10132 10052
f 10052 10132 10133 10053
f 10053 10133 10134 10054
f 10054 10134 10135 10055
f 10055 10135 10136 10056
f 10056 10136 10137 10057
f 10057 10137 10138 10058
f 10058 10138 10139 10059
f 10059 10139 10140 10060
f 10060 10140 10141 10061
f 10061 10141 10142 10062
f 10062 10142 10143 10063
f 10063 10143 10144 10064
f 10064 10144 10145 10065
f 10065 10145 10146 10066
f 10066 10146 10147 10067
f 10067 10147 10148 10068
f 10068 10148 10149 10069
f 10069 10149 10150 10070
f 10070 10150 10151 10071
f 10071 10151 10152 10072
f 10072 10152 10153 10073
f 10073 10153 10154 10074
f 10074 10154 10155 10075
f 10075 10155 10156 10076
f 10076 10156 10157 10077
f 10077 10157 10158 10078
f 10078 10158 10159 10079
f 10079 10159 10160 10080
f 10080 10160 10081 10001
f 10081 10161 10162 10082
f 10082 10162 10163 10083
f 10083 10163 10164 10084
f 10084 10164 10165 10085
f 10085 10165 10166 10086
f 10086 10166 10167 10087
f 10087 10167 10168 10088
f 10088 10168 10169 10089
f 10089 10169 10170 10090
f 10090 10170 10171 10091
f 10091 10171 10172 10092
f 10092 10172 10173 10093
f 10093 10173 10174 10094
f 10094 10174 10175 10095
f 10095 10175 10176 10096
f 10096 10176 10177 10097
f 10097 10177 10178 10098
f 10098 10178 10179 10099
f 10099 10179 10180 10100
f 10100 10180 10181 10101
f 10101 10181 10182 10102
f 10102 10182 10183 10103
f 10103 10183 10184 10104
f 10104 10184 10185 10105
f 10105 10185 10186 10106
f 10106 10186 10187 10107
f 10107 10187 10188 10108
f 10108 10188 10189 10109
f 10109 10189 10190 10110
f 10110 10190 10191 10111
f 10111 10191 10192 10112
f 10112 10192 10193 10113
f 10113 10193 10194 10114
f 10114 10194 10195 10115
f 10115 10195 10196 10116
f 10116 10196 10197 10117
f 10117 10197 10198 10118
f 10118 10198 10199 10119
f 10119 10199 10200 10120
f 10120 10200 10201 10121
f 10121 10201 10202 10122
f 10122 10202 10203 10123
f 10123 10203 10204 10124
f 10124 10204 10205 10125
f 10125 10205 10206 10126
f 10126 10206 10207 10127
f 10127 10207 10208 10128
f 10128 10208 10209 10129
f 10129 10209 10210 10130
f 10130 10210 10211 10131
f 10131 10211 10212 10132
f 10132 10212 10213 10133
f 10133 10213 10214 10134
f 10134 10214 10215 10135
f 10135 10215 10216 10136
f 10136 10216 10217 10137
f 10137 10217 10218 10138
f 10138 10218 10219 10139
f 10139 10219 10220 10140
f 10140 10220 10221 10141
f 10141 10221 10222 10142
f 10142 10222 10223 10143
f 10143 10223 10224 10144
f 10144 10224 10225 10145
f 10145 10225 10226 10146
f 10146 10226 10227 10147
f 10147 10227 10228 10148
f 10148 10228 10229 10149
f 10149 10229 10230 10150
f 10150 10230 10231 10151
f 10151 10231 10232 10152
f 10152 10232 10233 10153
f 10153 10233 10234 10154
f 10154 10234 10235 10155
f 10155 10235 10236 10156
f 10156 10236 10237 10157
f 10157 10237 10238 10158
f 10158 10238 10239 10159
f 10159 10239 10240 10160
f 10160 10240 10161 10081
f 10161 10241 10242 10162
f 10162 10242 10243 10163
f 10163 10243 10244 10164
f 10164 10244 10245 10165
f 10165 10245 10246 10166
f 10166 10246 10247 10167
f 10167 10247 10248 10168
f 10168 10248 10249 10169
f 10169 10249 10250 10170
f 10170 10250 10251 10171
f 10171 10251 10252 10172
f 10172 10252 10253 10173
f 10173 10253 10254 10174
f 10174 10254 10255 10175
f 10175 10255 10256 10176
f 10176 10256 10257 10177
f 10177 10257 10258 10178
f 10178 10258 10259 10179
f 10179 10259 10260 10180
f 10180 10260 10261 10181
f 10181 10261 10262 10182
f 10182 10262 10263 10183
f 10183 10263 10264 10184
f 10184 10264 10265 10185
f 10185 10265 10266 10186
f 10186 10266 10267 10187
f 10187 10267 10268 10188
f 10188 10268 10269 10189
f 10189 10269 10270 10190
f 10190 10270 10271 10191
f 10191 10271 10272 10192
f 10192 10272 10273 10193
f 10193 10273 10274 10194
f 10194 10274 10275 10195
f 10195 10275 10276 10196
f 10196 10276 10277 10197
f 10197 10277 10278 10198
f 10198 10278 10279 10199
f 10199 10279 10280 10200
f 10200 10280 10281 10201
f 10201 10281 10282 10202
f 10202 10282 10283 10203
f 10203 10283 10284 10204
f 10204 10284 10285 10205
f 10205 10285 10286 10206
f 10206 10286 10287 10207
f 10207 10287 10288 10208
f 10208 10288 10289 10209
f 10209 10289 10290 10210
f 10210 10290 10291 10211
f 10211 10291 10292 10212
f 10212 10292 10293 10213
f 10213 10293 10294 10214
f 10214 10294 10295 10215
f 10215 10295 10296 10216
f 10216 10296 10297 10217
f 10217 10297 10298 10218
f 10218 10298 10299 10219
f 10219 10299 10300 10220
f 10220 10300 10301 10221
f 10221 10301 10302 10222
f 10222 10302 10303 10223
f 10223 10303 10304 10224
f 10224 10304 10305 10225
f 10225 10305 10306 10226
f 10226 10306 10307 10227
f 10227 10307 10308 10228
f 10228 10308 10309 10229
f 10229 10309 10310 10230
f 10230 10310 10311 10231
f 10231 10311 10312 10232
f 10232 10312 10313 10233
f 10233 10313 10314 10234
f 10234 10314 10315 10235
f 10235 10315 10316 10236
f 10236 10316 10317 10237
f 10237 10317 10318 10238
f 10238 10318 10319 10239
f 10239 10319 10320 10240
f 10240 10320 10241 10161
f 10241 10321 10322 10242
f 10242 10322 10323 10243
f 10243 10323 10324 10244
f 10244 10324 10325 10245
f 10245 10325 10326 10246
f 10246 10326 10327 10247
f 10247 10327 10328 10248
f 10248 10328 10329 10249
f 10249 10329 10330 10250
f 10250 10330 10331 10251
f 10251 10331 10332 10252
f 10252 10332 10333 10253
f 10253 10333 10334 10254
f 10254 10334 10335 10255
f 10255 10335 10336 10256
f 10256 10336 10337 10257
f 10257 10337 10338 10258
f 10258 10338 10339 10259
f 10259 10339 10340 10260
f 10260 10340 10341 10261
f 10261 10341 10342 10262
f 10262 10342 10343 10263
f 10263 10343 10344 10264
f 10264 10344 10345 10265
f 10265 10345 10346 10266
f 10266 10346 10347 10267
f 10267 10347 10348 10268
f 10268 10348 10349 10269
f 10269 10349 10350 10270
f 10270 10350 10351 10271
f 10271 10351 10352 10272
f 10272 10352 10353 10273
f 10273 10353 10354 10274
f 10274 10354 10355 10275
f 10275 10355 10356 10276
f 10276 10356 10357 10277
f 10277 10357 10358 10278
f 10278 10358 10359 10279
f 10279 10359 10360 10280
f 10280 10360 10361 10281
f 10281 10361 10362 10282
f 10282 10362 10363 10283
f 10283 10363 10364 10284
f 10284 10364 10365 10285
f 10285 10365 10366 10286
f 10286 10366 10367 10287
f 10287 10367 10368 10288
f 10288 10368 10369 10289
f 10289 10369 10370 10290
f 10290 10370 10371 10291
f 10291 10371 10372 10292
f 10292 10372 10373 10293
f 10293 10373 10374 10294
f 10294 10374 10375 10295
f 10295 10375 10376 10296
f 10296 10376 10377 10297
f 10297 10377 10378 10298
f 10298 10378 10379 10299
f 10299 10379 10380 10300
f 10300 10380 10381 10301
f 10301 10381 10382 10302
f 10302 10382 10383 10303
f 10303 10383 10384 10304
f 10304 10384 10385 10305
f 10305 10385 10386 10306
f 10306 10386 10387 10307
f 10307 10387 10388 10308
f 10308 10388 10389 10309
f 10309 10389 10390 10310
f 10310 10390 10391 10311
f 10311 10391 10392 10312
f 10312 10392 10393 10313
f 10313 10393 10394 10314
f 10314 10394 10395 10315
f 10315 10395 10396 10316
f 10316 10396 10397 10317
f 10317 10397 10398 10318
f 10318 10398 10399 10319
f 10319 10399 10400 10320
f 10320 10400 10321 10241
f 10321 10401 10402 10322
f 10322 10402 10403 10323
f 10323 10403 10404 10324
f 10324 10404 10405 10325
f 10325 10405 10406 10326
f 10326 10406 10407 10327
f 10327 10407 10408 10328
f 10328 10408 10409 10329
f 10329 10409 10410 10330
f 10330 10410 10411 10331
f 10331 10411 10412 10332
f 10332 10412 10413 10333
f 10333 10413 10414 10334
f 10334 10414 10415 10335
f 10335 10415 10416 10336
f 10336 10416 10417 10337
f 10337 10417 10418 10338
f 10338 10418 10419 10339
f 10339 10419 10420 10340
f 10340 10420 10421 10341
f 10341 10421 10422 10342
f 10342 10422 10423 10343
f 10343 10423 10424 10344
f 10344 10424 10425 10345
f 10345 10425 10426 10346
f 10346 10426 10427 10347
f 10347 10427 10428 10348
f 10348 10428 10429 10349
f 10349 10429 10430 10350
f 10350 10430 10431 10351
f 10351 10431 10432 10352
f 10352 10432 10433 10353
f 10353 10433 10434 10354
f 10354 10434 10435 10355
f 10355 10435 10436 10356
f 10356 10436 10437 10357
f 10357 10437 10438 10358
f 10358 10438 10439 10359
f 10359 10439 10440 10360
f 10360 10440 10441 10361
f 10361 10441 10442 10362
f 10362 10442 10443 10363
f 10363 10443 10444 10364
f 10364 10444 10445 10365
f 10365 10445 10446 10366
f 10366 10446 10447 10367
f 10367 10447 10448 10368
f 10368 10448 10449 10369
f 10369 10449 10450 10370
f 10370 10450 10451 10371
f 10371 10451 10452 10372
f 10372 10452 10453 10373
f 10373 10453 10454 10374
f 10374 10454 10455 10375
f 10375 10455 10456 10376
f 10376 10456 10457 10377
f 10377 10457 10458 10378
f 10378 10458 10459 10379
f 10379 10459 10460 10380
f 10380 10460 10461 10381
f 10381 10461 10462 10382
f 10382 10462 10463 10383
f 10383 10463 10464 10384
f 10384 10464 10465 10385
f 10385 10465 10466 10386
f 10386 10466 10467 10387
f 10387 10467 10468 10388
f 10388 10468 10469 10389
f 10389 10469 10470 10390
f 10390 10470 10471 10391
f 10391 10471 10472 10392
f 10392 10472 10473 10393
f 10393 10473 10474 10394
f 10394 10474 10475 10395
f 10395 10475 10476 10396
f 10396 10476 10477 10397
f 10397 10477 10478 10398
f 10398 10478 10479 10399
f 10399 10479 10480 10400
f 10400 10480 10401 10321
f 10401 10481 10482 10402
f 10402 10482 10483 10403
f 10403 10483 10484 10404
f 10404 10484 10485 10405
f 10405 10485 10486 10406
f 10406 10486 10487 10407
f 10407 10487 10488 10408
f 10408 10488 10489 10409
f 10409 10489 10490 10410
f 10410 10490 10491 10411
f 10411 10491 10492 10412
f 10412 10492 10493 10413
f 10413 10493 10494 10414
f 10414 10494 10495 10415
f 10415 10495 10496 10416
f 10416 10496 10497 10417
f 10417 10497 10498 10418
f 10418 10498 10499 10419
f 10419 10499 10500 10420
f 10420 10500 10501 10421
f 10421 10501 10502 10422
f 10422 10502 10503 10423
f 10423 10503 10504 10424
f 10424 10504 10505 10425
f 10425 10505 10506 10426
f 10426 10506 10507 10427
f 10427 10507 10508 10428
f 10428 10508 10509 10429
f 10429 10509 10510 10430
f 10430 10510 10511 10431
f 10431 10511 10512 10432
f 10432 10512 10513 10433
f 10433 10513 10514 10434
f 10434 10514 10515 10435
f 10435 10515 10516 10436
f 10436 10516 10517 10437
f 10437 10517 10518 10438
f 10438 10518 10519 10439
f 10439 10519 10520 10440
f 10440 10520 10521 10441
f 10441 10521 10522 10442
f 10442 10522 10523 10443
f 10443 10523 10524 10444
f 10444 10524 10525 10445
f 10445 10525 10526 10446
f 10446 10526 10527 10447
f 10447 10527 10528 10448
f 10448 10528 10529 10449
f 10449 10529 10530 10450
f 10450 10530 10531 10451
f 10451 10531 10532 10452
f 10452 10532 10533 10453
f 10453 10533 10534 10454
f 10454 10534 10535 10455
f 10455 10535 10536 10456
f 10456 10536 10537 10457
f 10457 10537 10538 10458
f 10458 10538 10539 10459
f 10459 10539 10540 10460
f 10460 10540 10541 10461
f 10461 10541 10542 10462
f 10462 10542 10543 10463
f 10463 10543 10544 10464
f 10464 10544 10545 10465
f 10465 10545 10546 10466
f 10466 10546 10547 10467
f 10467 10547 10548 10468
f 10468 10548 10549 10469
f 10469 10549 10550 10470
f 10470 10550 10551 10471
f 10471 10551 10552 10472
f 10472 10552 10553 10473
f 10473 10553 10554 10474
f 10474 10554 10555 10475
f 10475 10555 10556 10476
f 10476 10556 10557 10477
f 10477 10557 10558 10478
f 10478 10558 10559 10479
f 10479 10559 10560 10480
f 10480 10560 10481 10401
f 10481 10561 10562 10482
f 10482 10562 10563 10483
f 10483 10563 10564 10484
f 10484 10564 10565 10485
f 10485 10565 10566 10486
f 10486 10566 10567 10487
f 10487 10567 10568 10488
f 10488 10568 10569 10489
f 10489 10569 10570 10490
f 10490 10570 10571 10491
f 10491 10571 10572 10492
f 10492 10572 10573 10493
f 10493 10573 10574 10494
f 10494 10574 10575 10495
f 10495 10575 10576 10496
f 10496 10576 10577 10497
f 10497 10577 10578 10498
f 10498 10578 10579 10499
f 10499 10579 10580 10500
f 10500 10580 10581 10501
f 10501 10581 10582 10502
f 10502 10582 10583 10503
f 10503 10583 10584 10504
f 10504 10584 10585 10505
f 10505 10585 10586 10506
f 10506 10586 10587 10507
f 10507 10587 10588 10508
f 10508 10588 10589 10509
f 10509 10589 10590 10510
f 10510 10590 10591 10511
f 10511 10591 10592 10512
f 10512 10592 10593 10513
f 10513 10593 10594 10514
f 10514 10594 10595 10515
f 10515 10595 10596 10516
f 10516 10596 10597 10517
f 10517 10597 10598 10518
f 10518 10598 10599 10519
f 10519 10599 10600 10520
f 10520 10600 10601 10521
f 10521 10601 10602 10522
f 10522 10602 10603 10523
f 10523 10603 10604 10524
f 10524 10604 10605 10525
f 10525 10605 10606 10526
f 10526 10606 10607 10527
f 10527 10607 10608 10528
f 10528 10608 10609 10529
f 10529 10609 10610 10530
f 10530 10610 10611 10531
f 10531 10611 10612 10532
f 10532 10612 10613 10533
f 10533 10613 10614 10534
f 10534 10614 10615 10535
f 10535 10615 10616 10536
f 10536 10616 10617 10537
f 10537 10617 10618 10538
f 10538 10618 10619 10539
f 10539 10619 10620 10540
f 10540 10620 10621 10541
f 10541 10621 10622 10542
f 10542 10622 10623 10543
f 10543 10623 10624 10544
f 10544 10624 10625 10545
f 10545 10625 10626 10546
f 10546 10626 10627 10547
f 10547 10627 10628 10548
f 10548 10628 10629 10549
f 10549 10629 10630 10550
f 10550 10630 10631 10551
f 10551 10631 10632 10552
f 10552 10632 10633 10553
f 10553 10633 10634 10554
f 10554 10634 10635 10555
f 10555 10635 10636 10556
f 10556 10636 10637 10557
f 10557 10637 10638 10558
f 10558 10638 10639 10559
f 10559 10639 10640 10560
f 10560 10640 10561 10481
f 10561 10641 10642 10562
f 10562 10642 10643 10563
f 10563 10643 10644 10564
f 10564 10644 10645 10565
f 10565 10645 10646 10566
f 10566 10646 10647 10567
f 10567 10647 10648 10568
f 10568 10648 10649 10569
f 10569 10649 10650 10570
f 10570 10650 10651 10571
f 10571 10651 10652 10572
f 10572 10652 10653 10573
f 10573 10653 10654 10574
f 10574 10654 10655 10575
f 10575 10655 10656 10576
f 10576 10656 10657 10577
f 10577 10657 10658 10578
f 10578 10658 10659 10579
f 10579 10659 10660 10580
f 10580 10660 10661 10581
f 10581 10661 10662 10582
f 10582 10662 10663 10583
f 10583 10663 10664 10584
f 10584 10664 10665 10585
f 10585 10665 10666 10586
f 10586 10666 10667 10587
f 10587 10667 10668 10588
f 10588 10668 10669 10589
f 10589 10669 10670 10590
f 10590 10670 10671 10591
f 10591 10671 10672 10592
f 10592 10672 10673 10593
f 10593 10673 10674 10594
f 10594 10674 10675 10595
f 10595 10675 10676 10596
f 10596 10676 10677 10597
f 10597 10677 10678 10598
f 10598 10678 10679 10599
f 10599 10679 10680 10600
f 10600 10680 10681 10601
f 10601 10681 10682 10602
f 10602 10682 10683 10603
f 10603 10683 10684 10604
f 10604 10684 10685 10605
f 10605 10685 10686 10606
f 10606 10686 10687 10607
f 10607 10687 10688 10608
f 10608 10688 10689 10609
f 10609 10689 10690 10610
f 10610 10690 10691 10611
f 10611 10691 10692 10612
f 10612 10692 10693 10613
f 10613 10693 10694 10614
f 10614 10694 10695 10615
f 10615 10695 10696 10616
f 10616 10696 10697 10617
f 10617 10697 10698 10618
f 10618 10698 10699 10619
f 10619 10699 10700 10620
f 10620 10700 10701 10621
f 10621 10701 10702 10622
f 10622 10702 10703 10623
f 10623 10703 10704 10624
f 10624 10704 10705 10625
f 10625 10705 10706 10626
f 10626 10706 10707 10627
f 10627 10707 10708 10628
f 10628 10708 10709 10629
f 10629 10709 10710 10630
f 10630 10710 10711 10631
f 10631 10711 10712 10632
f 10632 10712 10713 10633
f 10633 10713 10714 10634
f 10634 10714 10715 10635
f 10635 10715 10716 10636
f 10636 10716 10717 10637
f 10637 10717 10718 10638
f 10638 10718 10719 10639
f 10639 10719 10720 10640
f 10640 10720 10641 10561
f 10641 10721 10722 10642
f 10642 10722 10723 10643
f 10643 10723 10724 10644
f 10644 10724 10725 10645
f 10645 10725 10726 10646
f 10646 10726 10727 10647
f 10647 10727 10728 10648
f 10648 10728 10729 10649
f 10649 10729 10730 10650
f 10650 10730 10731 10651
f 10651 10731 10732 10652
f 10652 10732 10733 10653
f 10653 10733 10734 10654
f 10654 10734 10735 10655
f 10655 10735 10736 10656
f 10656 10736 10737 10657
f 10657 10737 10738 10658
f 10658 10738 10739 10659
f 10659 10739 10740 10660
f 10660 10740 10741 10661
f 10661 10741 10742 10662
f 10662 10742 10743 10663
f 10663 10743 10744 10664
f 10664 10744 10745 10665
f 10665 10745 10746 10666
f 10666 10746 10747 10667
f 10667 10747 10748 10668
f 10668 10748 10749 10669
f 10669 10749 10750 10670
f 10670 10750 10751 10671
f 10671 10751 10752 10672
f 10672 10752 10753 10673
f 10673 10753 10754 10674
f 10674 10754 10755 10675
f 10675 10755 10756 10676
f 10676 10756 10757 10677
f 10677 10757 10758 10678
f 10678 10758 10759 10679
f 10679 10759 10760 10680
f 10680 10760 10761 10681
f 10681 10761 10762 10682
f 10682 10762 10763 10683
f 10683 10763 10764 10684
f 10684 10764 10765 10685
f 10685 10765 10766 10686
f 10686 10766 10767 10687
f 10687 10767 10768 10688
f 10688 10768 10769 10689
f 10689 10769 10770 10690
f 10690 10770 10771 10691
f 10691 10771 10772 10692
f 10692 10772 10773 10693
f 10693 10773 10774 10694
f 10694 10774 10775 10695
f 10695 10775 10776 10696
f 10696 10776 10777 10697
f 10697 10777 10778 10698
f 10698 10778 10779 10699
f 10699 10779 10780 10700
f 10700 10780 10781 10701
f 10701 10781 10782 10702
f 10702 10782 10783 10703
f 10703 10783 10784 10704
f 10704 10784 10785 10705
f 10705 10785 10786 10706
f 10706 10786 10787 10707
f 10707 10787 10788 10708
f 10708 10788 10789 10709
f 10709 10789 10790 10710
f 10710 10790 10791 10711
f 10711 10791 10792 10712
f 10712 10792 10793 10713
f 10713 10793 10794 10714
f 10714 10794 10795 10715
f 10715 10795 10796 10716
f 10716 10796 10797 10717
f 10717 10797 10798 10718
f 10718 10798 10799 10719
f 10719 10799 10800 10720
f 10720 10800 10721 10641
f 10721 10801 10802 10722
f 10722 10802 10803 10723
f 10723 10803 10804 10724
f 10724 10804 10805 10725
f 10725 10805 10806 10726
f 10726 10806 10807 10727
f 10727 10807 10808 10728
f 10728 10808 10809 10729
f 10729 10809 10810 10730
f 10730 10810 10811 10731
f 10731 10811 10812 10732
f 10732 10812 10813 10733
f 10733 10813 10814 10734
f 10734 10814 10815 10735
f 10735 10815 10816 10736
f 10736 10816 10817 10737
f 10737 10817 10818 10738
f 10738 10818 10819 10739
f 10739 10819 10820 10740
f 10740 10820 10821 10741
f 10741 10821 10822 10742
f 10742 10822 10823 10743
f 10743 10823 10824 10744
f 10744 10824 10825 10745
f 10745 10825 10826 10746
f 10746 10826 10827 10747
f 10747 10827 10828 10748
f 10748 10828 10829 10749
f 10749 10829 10830 10750
f 10750 10830 10831 10751
f 10751 10831 10832 10752
f 10752 10832 10833 10753
f 10753 10833 10834 10754
f 10754 10834 10835 10755
f 10755 10835 10836 10756
f 10756 10836 10837 10757
f 10757 10837 10838 10758
f 10758 10838 10839 10759
f 10759 10839 10840 10760
f 10760 10840 10841 10761
f 10761 10841 10842 10762
f 10762 10842 10843 10763
f 10763 10843 10844 10764
f 10764 10844 10845 10765
f 10765 10845 10846 10766
f 10766 10846 10847 10767
f 10767 10847 10848 10768
f 10768 10848 10849 10769
f 10769 10849 10850 10770
f 10770 10850 10851 10771
f 10771 10851 10852 10772
f 10772 10852 10853 10773
f 10773 10853 10854 10774
f 10774 10854 10855 10775
f 10775 10855 10856 10776
f 10776 10856 10857 10777
f 10777 10857 10858 10778
f 10778 10858 10859 10779
f 10779 10859 10860 10780
f 10780 10860 10861 10781
f 10781 10861 10862 10782
f 10782 10862 10863 10783
f 10783 10863 10864 10784
f 10784 10864 10865 10785
f 10785 10865 10866 10786
f 10786 10866 10867 10787
f 10787 10867 10868 10788
f 10788 10868 10869 10789
f 10789 10869 10870 10790
f 10790 10870 10871 10791
f 10791 10871 10872 10792
f 10792 10872 10873 10793
f 10793 10873 10874 10794
f 10794 10874 10875 10795
f 10795 10875 10876 10796
f 10796 10876 10877 10797
f 10797 10877 10878 10798
f 10798 10878 10879 10799
f 10799 10879 10880 10800
f 10800 10880 10801 10721
f 10801 10881 10882 10802
f 10802 10882 10883 10803
f 10803 10883 10884 10804
f 10804 10884 10885 10805
f 10805 10885 10886 10806
f 10806 10886 10887 10807
f 10807 10887 10888 10808
f 10808 10888 10889 10809
f 10809 10889 10890 10810
f 10810 10890 10891 10811
f 10811 10891 10892 10812
f 10812 10892 10893 10813
f 10813 10893 10894 10814
f 10814 10894 10895 10815
f 10815 10895 10896 10816
f 10816 10896 10897 10817
f 10817 10897 10898 10818
f 10818 10898 10899 10819
f 10819 10899 10900 10820
f 10820 10900 10901 10821
f 10821 10901 10902 10822
f 10822 10902 10903 10823
f 10823 10903 10904 10824
f 10824 10904 10905 10825
f 10825 10905 10906 10826
f 10826 10906 10907 10827
f 10827 10907 10908 10828
f 10828 10908 10909 10829
f 10829 10909 10910 10830
f 10830 10910 10911 10831
f 10831 10911 10912 10832
f 10832 10912 10913 10833
f 10833 10913 10914 10834
f 10834 10914 10915 10835
f 10835 10915 10916 10836
f 10836 10916 10917 10837
f 10837 10917 10918 10838
f 10838 10918 10919 10839
f 10839 10919 10920 10840
f 10840 10920 10921 10841
f 10841 10921 10922 10842
f 10842 10922 10923 10843
f 10843 10923 10924 10844
f 10844 10924 10925 10845
f 10845 10925 10926 10846
f 10846 10926 10927 10847
f 10847 10927 10928 10848
f 10848 10928 10929 10849
f 10849 10929 10930 10850
f 10850 10930 10931 10851
f 10851 10931 10932 10852
f 10852 10932 10933 10853
f 10853 10933 10934 10854
f 10854 10934 10935 10855
f 10855 10935 10936 10856
f 10856 10936 10937 10857
f 10857 10937 10938 10858
f 10858 10938 10939 10859
f 10859 10939 10940 10860
f 10860 10940 10941 10861
f 10861 10941 10942 10862
f 10862 10942 10943 10863
f 10863 10943 10944 10864
f 10864 10944 10945 10865
f 10865 10945 10946 10866
f 10866 10946 10947 10867
f 10867 10947 10948 10868
f 10868 10948 10949 10869
f 10869 10949 10950 10870
f 10870 10950 10951 10871
f 10871 10951 10952 10872
f 10872 10952 10953 10873
f 10873 10953 10954 10874
f 10874 10954 10955 10875
f 10875 10955 10956 10876
f 10876 10956 10957 10877
f 10877 10957 10958 10878
f 10878 10958 10959 10879
f 10879 10959 10960 10880
f 10880 10960 10881 10801
f 10881 10961 10962 10882
f 10882 10962 10963 10883
f 10883 10963 10964 10884
f 10884 10964 10965 10885
f 10885 10965 10966 10886
f 10886 10966 10967 10887
f 10887 10967 10968 10888
f 10888 10968 10969 10889
f 10889 10969 10970 10890
f 10890 10970 10971 10891
f 10891 10971 10972 10892
f 10892 10972 10973 10893
f 10893 10973 10974 10894
f 10894 10974 10975 10895
f 10895 10975 10976 10896
f 10896 10976 10977 10897
f 10897 10977 10978 10898
f 10898 10978 10979 10899
f 10899 10979 10980 10900
f 10900 10980 10981 10901
f 10901 10981 10982 10902
f 10902 10982 10983 10903
f 10903 10983 10984 10904
f 10904 10984 10985 10905
f 10905 10985 10986 10906
f 10906 10986 10987 10907
f 10907 10987 10988 10908
f 10908 10988 10989 10909
f 10909 10989 10990 10910
f 10910 10990 10991 10911
f 10911 10991 10992 10912
f 10912 10992 10993 10913
f 10913 10993 10994 10914
f 10914 10994 10995 10915
f 10915 10995 10996 10916
f 10916 10996 10997 10917
f 10917 10997 10998 10918
f 10918 10998 10999 10919
f 10919 10999 11000 10920
f 10920 11000 11001 10921
f 10921 11001 11002 10922
f 10922 11002 11003 10923
f 10923 11003 11004 10924
f 10924 11004 11005 10925
f 10925 11005 11006 10926
f 10926 11006 11007 10927
f 10927 11007 11008 10928
f 10928 11008 11009 10929
f 10929 11009 11010 10930
f 10930 11010 11011 10931
f 10931 11011 11012 10932
f 10932 11012 11013 10933
f 10933 11013 11014 10934
f 10934 11014 11015 10935
f 10935 11015 11016 10936
f 10936 11016 11017 10937
f 10937 11017 11018 10938
f 10938 11018 11019 10939
f 10939 11019 11020 10940
f 10940 11020 11021 10941
f 10941 11021 11022 10942
f 10942 11022 11023 10943
f 10943 11023 11024 10944
f 10944 11024 11025 10945
f 10945 11025 11026 10946
f 10946 11026 11027 10947
f 10947 11027 11028 10948
f 10948 11028 11029 10949
f 10949 11029 11030 10950
f 10950 11030 11031 10951
f 10951 11031 11032 10952
f 10952 11032 11033 10953
f 10953 11033 11034 10954
f 10954 11034 11035 10955
f 10955 11035 11036 10956
f 10956 11036 11037 10957
f 10957 11037 11038 10958
f 10958 11038 11039 10959
f 10959 11039 11040 10960
f 10960 11040 10961 10881
f 10961 11041 11042 10962
f 10962 11042 11043 10963
f 10963 11043 11044 10964
f 10964 11044 11045 10965
f 10965 11045 11046 10966
f 10966 11046 11047 10967
f 10967 11047 11048 10968
f 10968 11048 11049 10969
f 10969 11049 11050 10970
f 10970 11050 11051 10971
f 10971 11051 11052 10972
f 10972 11052 11053 10973
f 10973 11053 11054 10974
f 10974 11054 11055 10975
f 10975 11055 11056 10976
f 10976 11056 11057 10977
f 10977 11057 11058 10978
f 10978 11058 11059 10979
f 10979 11059 11060 10980
f 10980 11060 11061 10981
f 10981 11061 11062 10982
f 10982 11062 11063 10983
f 10983 11063 11064 10984
f 10984 11064 11065 10985
f 10985 11065 11066 10986
f 10986 11066 11067 10987
f 10987 11067 11068 10988
f 10988 11068 11069 10989
f 10989 11069 11070 10990
f 10990 11070 11071 10991
f 10991 11071 11072 10992
f 10992 11072 11073 10993
f 10993 11073 11074 10994
f 10994 11074 11075 10995
f 10995 11075 11076 10996
f 10996 11076 11077 10997
f 10997 11077 11078 10998
f 10998 11078 11079 10999
f 10999 11079 11080 11000
f 11000 11080 11081 11001
f 11001 11081 11082 11002
f 11002 11082 11083 11003
f 11003 11083 11084 11004
f 11004 11084 11085 11005
f 11005 11085 11086 11006
f 11006 11086 11087 11007
f 11007 11087 11088 11008
f 11008 11088 11089 11009
f 11009 11089 11090 11010
f 11010 11090 11091 11011
f 11011 11091 11092 11012
f 11012 11092 11093 11013
f 11013 11093 11094 11014
f 11014 11094 11095 11015
f 11015 11095 11096 11016
f 11016 11096 11097 11017
f 11017 11097 11098 11018
f 11018 11098 11099 11019
f 11019 11099 11100 11020
f 11020 11100 11101 11021
f 11021 11101 11102 11022
f 11022 11102 11103 11023
f 11023 11103 11104 11024
f 11024 11104 11105 11025
f 11025 11105 11106 11026
f 11026 11106 11107 11027
f 11027 11107 11108 11028
f 11028 11108 11109 11029
f 11029 11109 11110 11030
f 11030 11110 11111 11031
f 11031 11111 11112 11032
f 11032 11112 11113 11033
f 11033 11113 11114 11034
f 11034 11114 11115 11035
f 11035 11115 11116 11036
f 11036 11116 11117 11037
f 11037 11117 11118 11038
f 11038 11118 11119 11039
f 11039 11119 11120 11040
f 11040 11120 11041 10961
f 11041 11121 11122 11042
f 11042 11122 11123 11043
f 11043 11123 11124 11044
f 11044 11124 11125 11045
f 11045 11125 11126 11046
f 11046 11126 11127 11047
f 11047 11127 11128 11048
f 11048 11128 11129 11049
f 11049 11129 11130 11050
f 11050 11130 11131 11051
f 11051 11131 11132 11052
f 11052 11132 11133 11053
f 11053 11133 11134 11054
f 11054 11134 11135 11055
f 11055 11135 11136 11056
f 11056 11136 11137 11057
f 11057 11137 11138 11058
f 11058 11138 11139 11059
f 11059 11139 11140 11060
f 11060 11140 11141 11061
f 11061 11141 11142 11062
f 11062 11142 11143 11063
f 11063 11143 11144 11064
f 11064 11144 11145 11065
f 11065 11145 11146 11066
f 11066 11146 11147 11067
f 11067 11147 11148 11068
f 11068 11148 11149 11069
f 11069 11149 11150 11070
f 11070 11150 11151 11071
f 11071 11151 11152 11072
f 11072 11152 11153 11073
f 11073 11153 11154 11074
f 11074 11154 11155 11075
f 11075 11155 11156 11076
f 11076 11156 11157 11077
f 11077 11157 11158 11078
f 11078 11158 11159 11079
f 11079 11159 11160 11080
f 11080 11160 11161 11081
f 11081 11161 11162 11082
f 11082 11162 11163 11083
f 11083 11163 11164 11084
f 11084 11164 11165 11085
f 11085 11165 11166 11086
f 11086 11166 11167 11087
f 11087 11167 11168 11088
f 11088 11168 11169 11089
f 11089 11169 11170 11090
f 11090 11170 11171 11091
f 11091 11171 11172 11092
f 11092 11172 11173 11093
f 11093 11173 11174 11094
f 11094 11174 11175 11095
f 11095 11175 11176 11096
f 11096 11176 11177 11097
f 11097 11177 11178 11098
f 11098 11178 11179 11099
f 11099 11179 11180 11100
f 11100 11180 11181 11101
f 11101 11181 11182 11102
f 11102 11182 11183 11103
f 11103 11183 11184 11104
f 11104 11184 11185 11105
f 11105 11185 11186 11106
f 11106 11186 11187 11107
f 11107 11187 11188 11108
f 11108 11188 11189 11109
f 11109 11189 11190 11110
f 11110 11190 11191 11111
f 11111 11191 11192 11112
f 11112 11192 11193 11113
f 11113 11193 11194 11114
f 11114 11194 11195 11115
f 11115 11195 11196 11116
f 11116 11196 11197 11117
f 11117 11197 11198 11118
f 11118 11198 11199 11119
f 11119 11199 11200 11120
f 11120 11200 11121 11041
f 11121 11201 11202 11122
f 11122 11202 11203 11123
f 11123 11203 11204 11124
f 11124 11204 11205 11125
f 11125 11205 11206 11126
f 11126 11206 11207 11127
f 11127 11207 11208 11128
f 11128 11208 11209 11129
f 11129 11209 11210 11130
f 11130 11210 11211 11131
f 11131 11211 11212 11132
f 11132 11212 11213 11133
f 11133 11213 11214 11134
f 11134 11214 11215 11135
f 11135 11215 11216 11136
f 11136 11216 11217 11137
f 11137 11217 11218 11138
f 11138 11218 11219 11139
f 11139 11219 11220 11140
f 11140 11220 11221 11141
f 11141 11221 11222 11142
f 11142 11222 11223 11143
f 11143 11223 11224 11144
f 11144 11224 11225 11145
f 11145 11225 11226 11146
f 11146 11226 11227 11147
f 11147 11227 11228 11148
f 11148 11228 11229 11149
f 11149 11229 11230 11150
f 11150 11230 11231 11151
f 11151 11231 11232 11152
f 11152 11232 11233 11153
f 11153 11233 11234 11154
f 11154 11234 11235 11155
f 11155 11235 11236 11156
f 11156 11236 11237 11157
f 11157 11237 11238 11158
f 11158 11238 11239 11159
f 11159 11239 11240 11160
f 11160 11240 11241 11161
f 11161 11241 11242 11162
f 11162 11242 11243 11163
f 11163 11243 11244 11164
f 11164 11244 11245 11165
f 11165 11245 11246 11166
f 11166 11246 11247 11167
f 11167 11247 11248 11168
f 11168 11248 11249 11169
f 11169 11249 11250 11170
f 11170 11250 11251 11171
f 11171 11251 11252 11172
f 11172 11252 11253 11173
f 11173 11253 11254 11174
f 11174 11254 11255 11175
f 11175 11255 11256 11176
f 11176 11256 11257 11177
f 11177 11257 11258 11178
f 11178 11258 11259 11179
f 11179 11259 11260 11180
f 11180 11260 11261 11181
f 11181 11261 11262 11182
f 11182 11262 11263 11183
f 11183 11263 11264 11184
f 11184 11264 11265 11185
f 11185 11265 11266 11186
f 11186 11266 11267 11187
f 11187 11267 11268 11188
f 11188 11268 11269 11189
f 11189 11269 11270 11190
f 11190 11270 11271 11191
f 11191 11271 11272 11192
f 11192 11272 11273 11193
f 11193 11273 11274 11194
f 11194 11274 11275 11195
f 11195 11275 11276 11196
f 11196 11276 11277 11197
f 11197 11277 11278 11198
f 11198 11278 11279 11199
f 11199 11279 11280 11200
f 11200 11280 11201 11121
f 11201 11281 11282 11202
f 11202 11282 11283 11203
f 11203 11283 11284 11204
f 11204 11284 11285 11205
f 11205 11285 11286 11206
f 11206 11286 11287 11207
f 11207 11287 11288 11208
f 11208 11288 11289 11209
f 11209 11289 11290 11210
f 11210 11290 11291 11211
f 11211 11291 11292 11212
f 11212 11292 11293 11213
f 11213 11293 11294 11214
f 11214 11294 11295 11215
f 11215 11295 11296 11216
f 11216 11296 11297 11217
f 11217 11297 11298 11218
f 11218 11298 11299 11219
f 11219 11299 11300 11220
f 11220 11300 11301 11221
f 11221 11301 11302 11222
f 11222 11302 11303 11223
f 11223 11303 11304 11224
f 11224 11304 11305 11225
f 11225 11305 11306 11226
f 11226 11306 11307 11227
f 11227 11307 11308 11228
f 11228 11308 11309 11229
f 11229 11309 11310 11230
f 11230 11310 11311 11231
f 11231 11311 11312 11232
f 11232 11312 11313 11233
f 11233 11313 11314 11234
f 11234 11314 11315 11235
f 11235 11315 11316 11236
f 11236 11316 11317 11237
f 11237 11317 11318 11238
f 11238 11318 11319 11239
f 11239 11319 11320 11240
f 11240 11320 11321 11241
f 11241 11321 11322 11242
f 11242 11322 11323 11243
f 11243 11323 11324 11244
f 11244 11324 11325 11245
f 11245 11325 11326 11246
f 11246 11326 11327 11247
f 11247 11327 11328 11248
f 11248 11328 11329 11249
f 11249 11329 11330 11250
f 11250 11330 11331 11251
f 11251 11331 11332 11252
f 11252 11332 11333 11253
f 11253 11333 11334 11254
f 11254 11334 11335 11255
f 11255 11335 11336 11256
f 11256 11336 11337 11257
f 11257 11337 11338 11258
f 11258 11338 11339 11259
f 11259 11339 11340 11260
f 11260 11340 11341 11261
f 11261 11341 11342 11262
f 11262 11342 11343 11263
f 11263 11343 11344 11264
f 11264 11344 11345 11265
f 11265 11345 11346 11266
f 11266 11346 11347 11267
f 11267 11347 11348 11268
f 11268 11348 11349 11269
f 11269 11349 11350 11270
f 11270 11350 11351 11271
f 11271 11351 11352 11272
f 11272 11352 11353 11273
f 11273 11353 11354 11274
f 11274 11354 11355 11275
f 11275 11355 11356 11276
f 11276 11356 11357 11277
f 11277 11357 11358 11278
f 11278 11358 11359 11279
f 11279 11359 11360 11280
f 11280 11360 11281 11201
f 11281 11361 11362 11282
f 11282 11362 11363 11283
f 11283 11363 11364 11284
f 11284 11364 11365 11285
f 11285 11365 11366 11286
f 11286 11366 11367 11287
f 11287 11367 11368 11288
f 11288 11368 11369 11289
f 11289 11369 11370 11290
f 11290 11370 11371 11291
f 11291 11371 11372 11292
f 11292 11372 11373 11293
f 11293 11373 11374 11294
f 11294 11374 11375 11295
f 11295 11375 11376 11296
f 11296 11376 11377 11297
f 11297 11377 11378 11298
f 11298 11378 11379 11299
f 11299 11379 11380 11300
f 11300 11380 11381 11301
f 11301 11381 11382 11302
f 11302 11382 11383 11303
f 11303 11383 11384 11304
f 11304 11384 11385 11305
f 11305 11385 11386 11306
f 11306 11386 11387 11307
f 11307 11387 11388 11308
f 11308 11388 11389 11309
f 11309 11389 11390 11310
f 11310 11390 11391 11311
f 11311 11391 11392 11312
f 11312 11392 11393 11313
f 11313 11393 11394 11314
f 11314 11394 11395 11315
f 11315 11395 11396 11316
f 11316 11396 11397 11317
f 11317 11397 11398 11318
f 11318 11398 11399 11319
f 11319 11399 11400 11320
f 11320 11400 11401 11321
f 11321 11401 11402 11322
f 11322 11402 11403 11323
f 11323 11403 11404 11324
f 11324 11404 11405 11325
f 11325 11405 11406 11326
f 11326 11406 11407 11327
f 11327 11407 11408 11328
f 11328 11408 11409 11329
f 11329 11409 11410 11330
f 11330 11410 11411 11331
f 11331 11411 11412 11332
f 11332 11412 11413 11333
f 11333 11413 11414 11334
f 11334 11414 11415 11335
f 11335 11415 11416 11336
f 11336 11416 11417 11337
f 11337 11417 11418 11338
f 11338 11418 11419 11339
f 11339 11419 11420 11340
f 11340 11420 11421 11341
f 11341 11421 11422 11342
f 11342 11422 11423 11343
f 11343 11423 11424 11344
f 11344 11424 11425 11345
f 11345 11425 11426 11346
f 11346 11426 11427 11347
f 11347 11427 11428 11348
f 11348 11428 11429 11349
f 11349 11429 11430 11350
f 11350 11430 11431 11351
f 11351 11431 11432 11352
f 11352 11432 11433 11353
f 11353 11433 11434 11354
f 11354 11434 11435 11355
f 11355 11435 11436 11356
f 11356 11436 11437 11357
f 11357 11437 11438 11358
f 11358 11438 11439 11359
f 11359 11439 11440 11360
f 11360 11440 11361 11281
f 11361 11441 11442 11362
f 11362 11442 11443 11363
f 11363 11443 11444 11364
f 11364 11444 11445 11365
f 11365 11445 11446 11366
f 11366 11446 11447 11367
f 11367 11447 11448 11368
f 11368 11448 11449 11369
f 11369 11449 11450 11370
f 11370 11450 11451 11371
f 11371 11451 11452 11372
f 11372 11452 11453 11373
f 11373 11453 11454 11374
f 11374 11454 11455 11375
f 11375 11455 11456 11376
f 11376 11456 11457 11377
f 11377 11457 11458 11378
f 11378 11458 11459 11379
f 11379 11459 11460 11380
f 11380 11460 11461 11381
f 11381 11461 11462 11382
f 11382 11462 11463 11383
f 11383 11463 11464 11384
f 11384 11464 11465 11385
f 11385 11465 11466 11386
f 11386 11466 11467 11387
f 11387 11467 11468 11388
f 11388 11468 11469 11389
f 11389 11469 11470 11390
f 11390 11470 11471 11391
f 11391 11471 11472 11392
f 11392 11472 11473 11393
f 11393 11473 11474 11394
f 11394 11474 11475 11395
f 11395 11475 11476 11396
f 11396 11476 11477 11397
f 11397 11477 11478 11398
f 11398 11478 11479 11399
f 11399 11479 11480 11400
f 11400 11480 11481 11401
f 11401 11481 11482 11402
f 11402 11482 11483 11403
f 11403 11483 11484 11404
f 11404 11484 11485 11405
f 11405 11485 11486 11406
f 11406 11486 11487 11407
f 11407 11487 11488 11408
f 11408 11488 11489 11409
f 11409 11489 11490 11410
f 11410 11490 11491 11411
f 11411 11491 11492 11412
f 11412 11492 11493 11413
f 11413 11493 11494 11414
f 11414 11494 11495 11415
f 11415 11495 11496 11416
f 11416 11496 11497 11417
f 11417 11497 11498 11418
f 11418 11498 11499 11419
f 11419 11499 11500 11420
f 11420 11500 11501 11421
f 11421 11501 11502 11422
f 11422 11502 11503 11423
f 11423 11503 11504 11424
f 11424 11504 11505 11425
f 11425 11505 11506 11426
f 11426 11506 11507 11427
f 11427 11507 11508 11428
f 11428 11508 11509 11429
f 11429 11509 11510 11430
f 11430 11510 11511 11431
f 11431 11511 11512 11432
f 11432 11512 11513 11433
f 11433 11513 11514 11434
f 11434 11514 11515 11435
f 11435 11515 11516 11436
f 11436 11516 11517 11437
f 11437 11517 11518 11438
f 11438 11518 11519 11439
f 11439 11519 11520 11440
f 11440 11520 11441 11361
f 11441 11521 11522 11442
f 11442 11522 11523 11443
f 11443 11523 11524 11444
f 11444 11524 11525 11445
f 11445 11525 11526 11446
f 11446 11526 11527 11447
f 11447 11527 11528 11448
f 11448 11528 11529 11449
f 11449 11529 11530 11450
f 11450 11530 11531 11451
f 11451 11531 11532 11452
f 11452 11532 11533 11453
f 11453 11533 11534 11454
f 11454 11534 11535 11455
f 11455 11535 11536 11456
f 11456 11536 11537 11457
f 11457 11537 11538 11458
f 11458 11538 11539 11459
f 11459 11539 11540 11460
f 11460 11540 11541 11461
f 11461 11541 11542 11462
f 11462 11542 11543 11463
f 11463 11543 11544 11464
f 11464 11544 11545 11465
f 11465 11545 11546 11466
f 11466 11546 11547 11467
f 11467 11547 11548 11468
f 11468 11548 11549 11469
f 11469 11549 11550 11470
f 11470 11550 11551 11471
f 11471 11551 11552 11472
f 11472 11552 11553 11473
f 11473 11553 11554 11474
f 11474 11554 11555 11475
f 11475 11555 11556 11476
f 11476 11556 11557 11477
f 11477 11557 11558 11478
f 11478 11558 11559 11479
f 11479 11559 11560 11480
f 11480 11560 11561 11481
f 11481 11561 11562 11482
f 11482 11562 11563 11483
f 11483 11563 11564 11484
f 11484 11564 11565 11485
f 11485 11565 11566 11486
f 11486 11566 11567 11487
f 11487 11567 11568 11488
f 11488 11568 11569 11489
f 11489 11569 11570 11490
f 11490 11570 11571 11491
f 11491 11571 11572 11492
f 11492 11572 11573 11493
f 11493 11573 11574 11494
f 11494 11574 11575 11495
f 11495 11575 11576 11496
f 11496 11576 11577 11497
f 11497 11577 11578 11498
f 11498 11578 11579 11499
f 11499 11579 11580 11500
f 11500 11580 11581 11501
f 11501 11581 11582 11502
f 11502 11582 11583 11503
f 11503 11583 11584 11504
f 11504 11584 11585 11505
f 11505 11585 11586 11506
f 11506 11586 11587 11507
f 11507 11587 11588 11508
f 11508 11588 11589 11509
f 11509 11589 11590 11510
f 11510 11590 11591 11511
f 11511 11591 11592 11512
f 11512 11592 11593 11513
f 11513 11593 11594 11514
f 11514 11594 11595 11515
f 11515 11595 11596 11516
f 11516 11596 11597 11517
f 11517 11597 11598 11518
f 11518 11598 11599 11519
f 11519 11599 11600 11520
f 11520 11600 11521 11441
f 11521 11601 11602 11522
f 11522 11602 11603 11523
f 11523 11603 11604 11524
f 11524 11604 11605 11525
f 11525 11605 11606 11526
f 11526 11606 11607 11527
f 11527 11607 11608 11528
f 11528 11608 11609 11529
f 11529 11609 11610 11530
f 11530 11610 11611 11531
f 11531 11611 11612 11532
f 11532 11612 11613 11533
f 11533 11613 11614 11534
f 11534 11614 11615 11535
f 11535 11615 11616 11536
f 11536 11616 11617 11537
f 11537 11617 11618 11538
f 11538 11618 11619 11539
f 11539 11619 11620 11540
f 11540 11620 11621 11541
f 11541 11621 11622 11542
f 11542 11622 11623 11543
f 11543 11623 11624 11544
f 11544 11624 11625 11545
f 11545 11625 11626 11546
f 11546 11626 11627 11547
f 11547 11627 11628 11548
f 11548 11628 11629 11549
f 11549 11629 11630 11550
f 11550 11630 11631 11551
f 11551 11631 11632 11552
f 11552 11632 11633 11553
f 11553 11633 11634 11554
f 11554 11634 11635 11555
f 11555 11635 11636 11556
f 11556 11636 11637 11557
f 11557 11637 11638 11558
f 11558 11638 11639 11559
f 11559 11639 11640 11560
f 11560 11640 11641 11561
f 11561 11641 11642 11562
f 11562 11642 11643 11563
f 11563 11643 11644 11564
f 11564 11644 11645 11565
f 11565 11645 11646 11566
f 11566 11646 11647 11567
f 11567 11647 11648 11568
f 11568 11648 11649 11569
f 11569 11649 11650 11570
f 11570 11650 11651 11571
f 11571 11651 11652 11572
f 11572 11652 11653 11573
f 11573 11653 11654 11574
f 11574 11654 11655 11575
f 11575 11655 11656 11576
f 11576 11656 11657 11577
f 11577 11657 11658 11578
f 11578 11658 11659 11579
f 11579 11659 11660 11580
f 11580 11660 11661 11581
f 11581 11661 11662 11582
f 11582 11662 11663 11583
f 11583 11663 11664 11584
f 11584 11664 11665 11585
f 11585 11665 11666 11586
f 11586 11666 11667 11587
f 11587 11667 11668 11588
f 11588 11668 11669 11589
f 11589 11669 11670 11590
f 11590 11670 11671 11591
f 11591 11671 11672 11592
f 11592 11672 11673 11593
f 11593 11673 11674 11594
f 11594 11674 11675 11595
f 11595 11675 11676 11596
f 11596 11676 11677 11597
f 11597 11677 11678 11598
f 11598 11678 11679 11599
f 11599 11679 11680 11600
f 11600 11680 11601 11521
f 11601 11681 11682 11602
f 11602 11682 11683 11603
f 11603 11683 11684 11604
f 11604 11684 11685 11605
f 11605 11685 11686 11606
f 11606 11686 11687 11607
f 11607 11687 11688 11608
f 11608 11688 11689 11609
f 11609 11689 11690 11610
f 11610 11690 11691 11611
f 11611 11691 11692 11612
f 11612 11692 11693 11613
f 11613 11693 11694 11614
f 11614 11694 11695 11615
f 11615 11695 11696 11616
f 11616 11696 11697 11617
f 11617 11697 11698 11618
f 11618 11698 11699 11619
f 11619 11699 11700 11620
f 11620 11700 11701 11621
f 11621 11701 11702 11622
f 11622 11702 11703 11623
f 11623 11703 11704 11624
f 11624 11704 11705 11625
f 11625 11705 11706 11626
f 11626 11706 11707 11627
f 11627 11707 11708 11628
f 11628 11708 11709 11629
f 11629 11709 11710 11630
f 11630 11710 11711 11631
f 11631 11711 11712 11632
f 11632 11712 11713 11633
f 11633 11713 11714 11634
f 11634 11714 11715 11635
f 11635 11715 11716 11636
f 11636 11716 11717 11637
f 11637 11717 11718 11638
f 11638 11718 11719 11639
f 11639 11719 11720 11640
f 11640 11720 11721 11641
f 11641 11721 11722 11642
f 11642 11722 11723 11643
f 11643 11723 11724 11644
f 11644 11724 11725 11645
f 11645 11725 11726 11646
f 11646 11726 11727 11647
f 11647 11727 11728 11648
f 11648 11728 11729 11649
f 11649 11729 11730 11650
f 11650 11730 11731 11651
f 11651 11731 11732 11652
f 11652 11732 11733 11653
f 11653 11733 11734 11654
f 11654 11734 11735 11655
f 11655 11735 11736 11656
f 11656 11736 11737 11657
f 11657 11737 11738 11658
f 11658 11738 11739 11659
f 11659 11739 11740 11660
f 11660 11740 11741 11661
f 11661 11741 11742 11662
f 11662 11742 11743 11663
f 11663 11743 11744 11664
f 11664 11744 11745 11665
f 11665 11745 11746 11666
f 11666 11746 11747 11667
f 11667 11747 11748 11668
f 11668 11748 11749 11669
f 11669 11749 11750 11670
f 11670 11750 11751 11671
f 11671 11751 11752 11672
f 11672 11752 11753 11673
f 11673 11753 11754 11674
f 11674 11754 11755 11675
f 11675 11755 11756 11676
f 11676 11756 11757 11677
f 11677 11757 11758 11678
f 11678 11758 11759 11679
f 11679 11759 11760 11680
f 11680 11760 11681 11601
f 11681 11761 11762 11682
f 11682 11762 11763 11683
f 11683 11763 11764 11684
f 11684 11764 11765 11685
f 11685 11765 11766 11686
f 11686 11766 11767 11687
f 11687 11767 11768 11688
f 11688 11768 11769 11689
f 11689 11769 11770 11690
f 11690 11770 11771 11691
f 11691 11771 11772 11692
f 11692 11772 11773 11693
f 11693 11773 11774 11694
f 11694 11774 11775 11695
f 11695 11775 11776 11696
f 11696 11776 11777 11697
f 11697 11777 11778 11698
f 11698 11778 11779 11699
f 11699 11779 11780 11700
f 11700 11780 11781 11701
f 11701 11781 11782 11702
f 11702 11782 11783 11703
f 11703 11783 11784 11704
f 11704 11784 11785 11705
f 11705 11785 11786 11706
f 11706 11786 11787 11707
f 11707 11787 11788 11708
f 11708 11788 11789 11709
f 11709 11789 11790 11710
f 11710 11790 11791 11711
f 11711 11791 11792 11712
f 11712 11792 11793 11713
f 11713 11793 11794 11714
f 11714 11794 11795 11715
f 11715 11795 11796 11716
f 11716 11796 11797 11717
f 11717 11797 11798 11718
f 11718 11798 11799 11719
f 11719 11799 11800 11720
f 11720 11800 11801 11721
f 11721 11801 11802 11722
f 11722 11802 11803 11723
f 11723 11803 11804 11724
f 11724 11804 11805 11725
f 11725 11805 11806 11726
f 11726 11806 11807 11727
f 11727 11807 11808 11728
f 11728 11808 11809 11729
f 11729 11809 11810 11730
f 11730 11810 11811 11731
f 11731 11811 11812 11732
f 11732 11812 11813 11733
f 11733 11813 11814 11734
f 11734 11814 11815 11735
f 11735 11815 11816 11736
f 11736 11816 11817 11737
f 11737 11817 11818 11738
f 11738 11818 11819 11739
f 11739 11819 11820 11740
f 11740 11820 11821 11741
f 11741 11821 11822 11742
f 11742 11822 11823 11743
f 11743 11823 11824 11744
f 11744 11824 11825 11745
f 11745 11825 11826 11746
f 11746 11826 11827 11747
f 11747 11827 11828 11748
f 11748 11828 11829 11749
f 11749 11829 11830 11750
f 11750 11830 11831 11751
f 11751 11831 11832 11752
f 11752 11832 11833 11753
f 11753 11833 11834 11754
f 11754 11834 11835 11755
f 11755 11835 11836 11756
f 11756 11836 11837 11757
f 11757 11837 11838 11758
f 11758 11838 11839 11759
f 11759 11839 11840 11760
f 11760 11840 11761 11681
f 11761 11841 11842 11762
f 11762 11842 11843 11763
f 11763 11843 11844 11764
f 11764 11844 11845 11765
f 11765 11845 11846 11766
f 11766 11846 11847 11767
f 11767 11847 11848 11768
f 11768 11848 11849 11769
f 11769 11849 11850 11770
f 11770 11850 11851 11771
f 11771 11851 11852 11772
f 11772 11852 11853 11773
f 11773 11853 11854 11774
f 11774 11854 11855 11775
f 11775 11855 11856 11776
f 11776 11856 11857 11777
f 11777 11857 11858 11778
f 11778 11858 11859 11779
f 11779 11859 11860 11780
f 11780 11860 11861 11781
f 11781 11861 11862 11782
f 11782 11862 11863 11783
f 11783 11863 11864 11784
f 11784 11864 11865 11785
f 11785 11865 11866 11786
f 11786 11866 11867 11787
f 11787 11867 11868 11788
f 11788 11868 11869 11789
f 11789 11869 11870 11790
f 11790 11870 11871 11791
f 11791 11871 11872 11792
f 11792 11872 11873 11793
f 11793 11873 11874 11794
f 11794 11874 11875 11795
f 11795 11875 11876 11796
f 11796 11876 11877 11797
f 11797 11877 11878 11798
f 11798 11878 11879 11799
f 11799 11879 11880 11800
f 11800 11880 11881 11801
f 11801 11881 11882 11802
f 11802 11882 11883 11803
f 11803 11883 11884 11804
f 11804 11884 11885 11805
f 11805 11885 11886 11806
f 11806 11886 11887 11807
f 11807 11887 11888 11808
f 11808 11888 11889 11809
f 11809 11889 11890 11810
f 11810 11890 11891 11811
f 11811 11891 11892 11812
f 11812 11892 11893 11813
f 11813 11893 11894 11814
f 11814 11894 11895 11815
f 11815 11895 11896 11816
f 11816 11896 11897 11817
f 11817 11897 11898 11818
f 11818 11898 11899 11819
f 11819 11899 11900 11820
f 11820 11900 11901 11821
f 11821 11901 11902 11822
f 11822 11902 11903 11823
f 11823 11903 11904 11824
f 11824 11904 11905 11825
f 11825 11905 11906 11826
f 11826 11906 11907 11827
f 11827 11907 11908 11828
f 11828 11908 11909 11829
f 11829 11909 11910 11830
f 11830 11910 11911 11831
f 11831 11911 11912 11832
f 11832 11912 11913 11833
f 11833 11913 11914 11834
f 11834 11914 11915 11835
f 11835 11915 11916 11836
f 11836 11916 11917 11837
f 11837 11917 11918 11838
f 11838 11918 11919 11839
f 11839 11919 11920 11840
f 11840 11920 11841 11761
f 11841 11921 11922 11842
f 11842 11922 11923 11843
f 11843 11923 11924 11844
f 11844 11924 11925 11845
f 11845 11925 11926 11846
f 11846 11926 11927 11847
f 11847 11927 11928 11848
f 11848 11928 11929 11849
f 11849 11929 11930 11850
f 11850 11930 11931 11851
f 11851 11931 11932 11852
f 11852 11932 11933 11853
f 11853 11933 11934 11854
f 11854 11934 11935 11855
f 11855 11935 11936 11856
f 11856 11936 11937 11857
f 11857 11937 11938 11858
f 11858 11938 11939 11859
f 11859 11939 11940 11860
f 11860 11940 11941 11861
f 11861 11941 11942 11862
f 11862 11942 11943 11863
f 11863 11943 11944 11864
f 11864 11944 11945 11865
f 11865 11945 11946 11866
f 11866 11946 11947 11867
f 11867 11947 11948 11868
f 11868 11948 11949 11869
f 11869 11949 11950 11870
f 11870 11950 11951 11871
f 11871 11951 11952 11872
f 11872 11952 11953 11873
f 11873 11953 11954 11874
f 11874 11954 11955 11875
f 11875 11955 11956 11876
f 11876 11956 11957 11877
f 11877 11957 11958 11878
f 11878 11958 11959 11879
f 11879 11959 11960 11880
f 11880 11960 11961 11881
f 11881 11961 11962 11882
f 11882 11962 11963 11883
f 11883 11963 11964 11884
f 11884 11964 11965 11885
f 11885 11965 11966 11886
f 11886 11966 11967 11887
f 11887 11967 11968 11888
f 11888 11968 11969 11889
f 11889 11969 11970 11890
f 11890 11970 11971 11891
f 11891 11971 11972 11892
f 11892 11972 11973 11893
f 11893 11973 11974 11894
f 11894 11974 11975 11895
f 11895 11975 11976 11896
f 11896 11976 11977 11897
f 11897 11977 11978 11898
f 11898 11978 11979 11899
f 11899 11979 11980 11900
f 11900 11980 11981 11901
f 11901 11981 11982 11902
f 11902 11982 11983 11903
f 11903 11983 11984 11904
f 11904 11984 11985 11905
f 11905 11985 11986 11906
f 11906 11986 11987 11907
f 11907 11987 11988 11908
f 11908 11988 11989 11909
f 11909 11989 11990 11910
f 11910 11990 11991 11911
f 11911 11991 11992 11912
f 11912 11992 11993 11913
f 11913 11993 11994 11914
f 11914 11994 11995 11915
f 11915 11995 11996 11916
f 11916 11996 11997 11917
f 11917 11997 11998 11918
f 11918 11998 11999 11919
f 11919 11999 12000 11920
f 11920 12000 11921 11841
f 11921 12001 12002 11922
f 11922 12002 12003 11923
f 11923 12003 12004 11924
f 11924 12004 12005 11925
f 11925 12005 12006 11926
f 11926 12006 12007 11927
f 11927 12007 12008 11928
f 11928 12008 12009 11929
f 11929 12009 12010 11930
f 11930 12010 12011 11931
f 11931 12011 12012 11932
f 11932 12012 12013 11933
f 11933 12013 12014 11934
f 11934 12014 12015 11935
f 11935 12015 12016 11936
f 11936 12016 12017 11937
f 11937 12017 12018 11938
f 11938 12018 12019 11939
f 11939 12019 12020 11940
f 11940 12020 12021 11941
f 11941 12021 12022 11942
f 11942 12022 12023 11943
f 11943 12023 12024 11944
f 11944 12024 12025 11945
f 11945 12025 12026 11946
f 11946 12026 12027 11947
f 11947 12027 12028 11948
f 11948 12028 12029 11949
f 11949 12029 12030 11950
f 11950 12030 12031 11951
f 11951 12031 12032 11952
f 11952 12032 12033 11953
f 11953 12033 12034 11954
f 11954 12034 12035 11955
f 11955 12035 12036 11956
f 11956 12036 12037 11957
f 11957 12037 12038 11958
f 11958 12038 12039 11959
f 11959 12039 12040 11960
f 11960 12040 12041 11961
f 11961 12041 12042 11962
f 11962 12042 12043 11963
f 11963 12043 12044 11964
f 11964 12044 12045 11965
f 11965 12045 12046 11966
f 11966 12046 12047 11967
f 11967 12047 12048 11968
f 11968 12048 12049 11969
f 11969 12049 12050 11970
f 11970 12050 12051 11971
f 11971 12051 12052 11972
f 11972 12052 12053 11973
f 11973 12053 12054 11974
f 11974 12054 12055 11975
f 11975 12055 12056 11976
f 11976 12056 12057 11977
f 11977 12057 12058 11978
f 11978 12058 12059 11979
f 11979 12059 12060 11980
f 11980 12060 12061 11981
f 11981 12061 12062 11982
f 11982 12062 12063 11983
f 11983 12063 12064 11984
f 11984 12064 12065 11985
f 11985 12065 12066 11986
f 11986 12066 12067 11987
f 11987 12067 12068 11988
f 11988 12068 12069 11989
f 11989 12069 12070 11990
f 11990 12070 12071 11991
f 11991 12071 12072 11992
f 11992 12072 12073 11993
f 11993 12073 12074 11994
f 11994 12074 12075 11995
f 11995 12075 12076 11996
f 11996 12076 12077 11997
f 11997 12077 12078 11998
f 11998 12078 12079 11999
f 11999 12079 12080 12000
f 12000 12080 12001 11921
f 12001 12081 12082 12002
f 12002 12082 12083 12003
f 12003 12083 12084 12004
f 12004 12084 12085 12005
f 12005 12085 12086 12006
f 12006 12086 12087 12007
f 12007 12087 12088 12008
f 12008 12088 12089 12009
f 12009 12089 12090 12010
f 12010 12090 12091 12011
f 12011 12091 12092 12012
f 12012 12092 12093 12013
f 12013 12093 12094 12014
f 12014 12094 12095 12015
f 12015 12095 12096 12016
f 12016 12096 12097 12017
f 12017 12097 12098 12018
f 12018 12098 12099 12019
f 12019 12099 12100 12020
f 12020 12100 12101 12021
f 12021 12101 12102 12022
f 12022 12102 12103 12023
f 12023 12103 12104 12024
f 12024 12104 12105 12025
f 12025 12105 12106 12026
f 12026 12106 12107 12027
f 12027 12107 12108 12028
f 12028 12108 12109 12029
f 12029 12109 12110 12030
f 12030 12110 12111 12031
f 12031 12111 12112 12032
f 12032 12112 12113 12033
f 12033 12113 12114 12034
f 12034 12114 12115 12035
f 12035 12115 12116 12036
f 12036 12116 12117 12037
f 12037 12117 12118 12038
f 12038 12118 12119 12039
f 12039 12119 12120 12040
f 12040 12120 12121 12041
f 12041 12121 12122 12042
f 12042 12122 12123 12043
f 12043 12123 12124 12044
f 12044 12124 12125 12045
f 12045 12125 12126 12046
f 12046 12126 12127 12047
f 12047 12127 12128 12048
f 12048 12128 12129 12049
f 12049 12129 12130 12050
f 12050 12130 12131 12051
f 12051 12131 12132 12052
f 12052 12132 12133 12053
f 12053 12133 12134 12054
f 12054 12134 12135 12055
f 12055 12135 12136 12056
f 12056 12136 12137 12057
f 12057 12137 12138 12058
f 12058 12138 12139 12059
f 12059 12139 12140 12060
f 12060 12140 12141 12061
f 12061 12141 12142 12062
f 12062 12142 12143 12063
f 12063 12143 12144 12064
f 12064 12144 12145 12065
f 12065 12145 12146 12066
f 12066 12146 12147 12067
f 12067 12147 12148 12068
f 12068 12148 12149 12069
f 12069 12149 12150 12070
f 12070 12150 12151 12071
f 12071 12151 12152 12072
f 12072 12152 12153 12073
f 12073 12153 12154 12074
f 12074 12154 12155 12075
f 12075 12155 12156 12076
f 12076 12156 12157 12077
f 12077 12157 12158 12078
f 12078 12158 12159 12079
f 12079 12159 12160 12080
f 12080 12160 12081 12001
f 12081 12161 12162 12082
f 12082 12162 12163 12083
f 12083 12163 12164 12084
f 12084 12164 12165 12085
f 12085 12165 12166 12086
f 12086 12166 12167 12087
f 12087 12167 12168 12088
f 12088 12168 12169 12089
f 12089 12169 12170 12090
f 12090 12170 12171 12091
f 12091 12171 12172 12092
f 12092 12172 12173 12093
f 12093 12173 12174 12094
f 12094 12174 12175 12095
f 12095 12175 12176 12096
f 12096 12176 12177 12097
f 12097 12177 12178 12098
f 12098 12178 12179 12099
f 12099 12179 12180 12100
f 12100 12180 12181 12101
f 12101 12181 12182 12102
f 12102 12182 12183 12103
f 12103 12183 12184 12104
f 12104 12184 12185 12105
f 12105 12185 12186 12106
f 12106 12186 12187 12107
f 12107 12187 12188 12108
f 12108 12188 12189 12109
f 12109 12189 12190 12110
f 12110 12190 12191 12111
f 12111 12191 12192 12112
f 12112 12192 12193 12113
f 12113 12193 12194 12114
f 12114 12194 12195 12115
f 12115 12195 12196 12116
f 12116 12196 12197 12117
f 12117 12197 12198 12118
f 12118 12198 12199 12119
f 12119 12199 12200 12120
f 12120 12200 12201 12121
f 12121 12201 12202 12122
f 12122 12202 12203 12123
f 12123 12203 12204 12124
f 12124 12204 12205 12125
f 12125 12205 12206 12126
f 12126 12206 12207 12127
f 12127 12207 12208 12128
f 12128 12208 12209 12129
f 12129 12209 12210 12130
f 12130 12210 12211 12131
f 12131 12211 12212 12132
f 12132 12212 12213 12133
f 12133 12213 12214 12134
f 12134 12214 12215 12135
f 12135 12215 12216 12136
f 12136 12216 12217 12137
f 12137 12217 12218 12138
f 12138 12218 12219 12139
f 12139 12219 12220 12140
f 12140 12220 12221 12141
f 12141 12221 12222 12142
f 12142 12222 12223 12143
f 12143 12223 12224 12144
f 12144 12224 12225 12145
f 12145 12225 12226 12146
f 12146 12226 12227 12147
f 12147 12227 12228 12148
f 12148 12228 12229 12149
f 12149 12229 12230 12150
f 12150 12230 12231 12151
f 12151 12231 12232 12152
f 12152 12232 12233 12153
f 12153 12233 12234 12154
f 12154 12234 12235 12155
f 12155 12235 12236 12156
f 12156 12236 12237 12157
f 12157 12237 12238 12158
f 12158 12238 12239 12159
f 12159 12239 12240 12160
f 12160 12240 12161 12081
f 12161 12241 12242 12162
f 12162 12242 12243 12163
f 12163 12243 12244 12164
f 12164 12244 12245 12165
f 12165 12245 12246 12166
f 12166 12246 12247 12167
f 12167 12247 12248 12168
f 12168 12248 12249 12169
f 12169 12249 12250 12170
f 12170 12250 12251 12171
f 12171 12251 12252 12172
f 12172 12252 12253 12173
f 12173 12253 12254 12174
f 12174 12254 12255 12175
f 12175 12255 12256 12176
f 12176 12256 12257 12177
f 12177 12257 12258 12178
f 12178 12258 12259 12179
f 12179 12259 12260 12180
f 12180 12260 12261 12181
f 12181 12261 12262 12182
f 12182 12262 12263 12183
f 12183 12263 12264 12184
f 12184 12264 12265 12185
f 12185 12265 12266 12186
f 12186 12266 12267 12187
f 12187 12267 12268 12188
f 12188 12268 12269 12189
f 12189 12269 12270 12190
f 12190 12270 12271 12191
f 12191 12271 12272 12192
f 12192 12272 12273 12193
f 12193 12273 12274 12194
f 12194 12274 12275 12195
f 12195 12275 12276 12196
f 12196 12276 12277 12197
f 12197 12277 12278 12198
f 12198 12278 12279 12199
f 12199 12279 12280 12200
f 12200 12280 12281 12201
f 12201 12281 12282 12202
f 12202 12282 12283 12203
f 12203 12283 12284 12204
f 12204 12284 12285 12205
f 12205 12285 12286 12206
f 12206 12286 12287 12207
f 12207 12287 12288 12208
f 12208 12288 12289 12209
f 12209 12289 12290 12210
f 12210 12290 12291 12211
f 12211 12291 12292 12212
f 12212 12292 12293 12213
f 12213 12293 12294 12214
f 12214 12294 12295 12215
f 12215 12295 12296 12216
f 12216 12296 12297 12217
f 12217 12297 12298 12218
f 12218 12298 12299 12219
f 12219 12299 12300 12220
f 12220 12300 12301 12221
f 12221 12301 12302 12222
f 12222 12302 12303 12223
f 12223 12303 12304 12224
f 12224 12304 12305 12225
f 12225 12305 12306 12226
f 12226 12306 12307 12227
f 12227 12307 12308 12228
f 12228 12308 12309 12229
f 12229 12309 12310 12230
f 12230 12310 12311 12231
f 12231 12311 12312 12232
f 12232 12312 12313 12233
f 12233 12313 12314 12234
f 12234 12314 12315 12235
f 12235 12315 12316 12236
f 12236 12316 12317 12237
f 12237 12317 12318 12238
f 12238 12318 12319 12239
f 12239 12319 12320 12240
f 12240 12320 12241 12161
f 12241 12321 12322 12242
f 12242 12322 12323 12243
f 12243 12323 12324 12244
f 12244 12324 12325 12245
f 12245 12325 12326 12246
f 12246 12326 12327 12247
f 12247 12327 12328 12248
f 12248 12328 12329 12249
f 12249 12329 12330 12250
f 12250 12330 12331 12251
f 12251 12331 12332 12252
f 12252 12332 12333 12253
f 12253 12333 12334 12254
f 12254 12334 12335 12255
f 12255 12335 12336 12256
f 12256 12336 12337 12257
f 12257 12337 12338 12258
f 12258 12338 12339 12259
f 12259 12339 12340 12260
f 12260 12340 12341 12261
f 12261 12341 12342 12262
f 12262 12342 12343 12263
f 12263 12343 12344 12264
f 12264 12344 12345 12265
f 12265 12345 12346 12266
f 12266 12346 12347 12267
f 12267 12347 12348 12268
f 12268 12348 12349 12269
f 12269 12349 12350 12270
f 12270 12350 12351 12271
f 12271 12351 12352 12272
f 12272 12352 12353 12273
f 12273 12353 12354 12274
f 12274 12354 12355 12275
f 12275 12355 12356 12276
f 12276 12356 12357 12277
f 12277 12357 12358 12278
f 12278 12358 12359 12279
f 12279 12359 12360 12280
f 12280 12360 12361 12281
f 12281 12361 12362 12282
f 12282 12362 12363 12283
f 12283 12363 12364 12284
f 12284 12364 12365 12285
f 12285 12365 12366 12286
f 12286 12366 12367 12287
f 12287 12367 12368 12288
f 12288 12368 12369 12289
f 12289 12369 12370 12290
f 12290 12370 12371 12291
f 12291 12371 12372 12292
f 12292 12372 12373 12293
f 12293 12373 12374 12294
f 12294 12374 12375 12295
f 12295 12375 12376 12296
f 12296 12376 12377 12297
f 12297 12377 12378 12298
f 12298 12378 12379 12299
f 12299 12379 12380 12300
f 12300 12380 12381 12301
f 12301 12381 12382 12302
f 12302 12382 12383 12303
f 12303 12383 12384 12304
f 12304 12384 12385 12305
f 12305 12385 12386 12306
f 12306 12386 12387 12307
f 12307 12387 12388 12308
f 12308 12388 12389 12309
f 12309 12389 12390 12310
f 12310 12390 12391 12311
f 12311 12391 12392 12312
f 12312 12392 12393 12313
f 12313 12393 12394 12314
f 12314 12394 12395 12315
f 12315 12395 12396 12316
f 12316 12396 12397 12317
f 12317 12397 12398 12318
f 12318 12398 12399 12319
f 12319 12399 12400 12320
f 12320 12400 12321 12241
f 12321 12401 12402 12322
f 12322 12402 12403 12323
f 12323 12403 12404 12324
f 12324 12404 12405 12325
f 12325 12405 12406 12326
f 12326 12406 12407 12327
f 12327 12407 12408 12328
f 12328 12408 12409 12329
f 12329 12409 12410 12330
f 12330 12410 12411 12331
f 12331 12411 12412 12332
f 12332 12412 12413 12333
f 12333 12413 12414 12334
f 12334 12414 12415 12335
f 12335 12415 12416 12336
f 12336 12416 12417 12337
f 12337 12417 12418 12338
f 12338 12418 12419 12339
f 12339 12419 12420 12340
f 12340 12420 12421 12341
f 12341 12421 12422 12342
f 12342 12422 12423 12343
f 12343 12423 12424 12344
f 12344 12424 12425 12345
f 12345 12425 12426 12346
f 12346 12426 12427 12347
f 12347 12427 12428 12348
f 12348 12428 12429 12349
f 12349 12429 12430 12350
f 12350 12430 12431 12351
f 12351 12431 12432 12352
f 12352 12432 12433 12353
f 12353 12433 12434 12354
f 12354 12434 12435 12355
f 12355 12435 12436 12356
f 12356 12436 12437 12357
f 12357 12437 12438 12358
f 12358 12438 12439 12359
f 12359 12439 12440 12360
f 12360 12440 12441 12361
f 12361 12441 12442 12362
f 12362 12442 12443 12363
f 12363 12443 12444 12364
f 12364 12444 12445 12365
f 12365 12445 12446 12366
f 12366 12446 12447 12367
f 12367 12447 12448 12368
f 12368 12448 12449 12369
f 12369 12449 12450 12370
f 12370 12450 12451 12371
f 12371 12451 12452 12372
f 12372 12452 12453 12373
f 12373 12453 12454 12374
f 12374 12454 12455 12375
f 12375 12455 12456 12376
f 12376 12456 12457 12377
f 12377 12457 12458 12378
f 12378 12458 12459 12379
f 12379 12459 12460 12380
f 12380 12460 12461 12381
f 12381 12461 12462 12382
f 12382 12462 12463 12383
f 12383 12463 12464 12384
f 12384 12464 12465 12385
f 12385 12465 12466 12386
f 12386 12466 12467 12387
f 12387 12467 12468 12388
f 12388 12468 12469 12389
f 12389 12469 12470 12390
f 12390 12470 12471 12391
f 12391 12471 12472 12392
f 12392 12472 12473 12393
f 12393 12473 12474 12394
f 12394 12474 12475 12395
f 12395 12475 12476 12396
f 12396 12476 12477 12397
f 12397 12477 12478 12398
f 12398 12478 12479 12399
f 12399 12479 12480 12400
f 12400 12480 12401 12321
f 12401 12481 12482 12402
f 12402 12482 12483 12403
f 12403 12483 12484 12404
f 12404 12484 12485 12405
f 12405 12485 12486 12406
f 12406 12486 12487 12407
f 12407 12487 12488 12408
f 12408 12488 12489 12409
f 12409 12489 12490 12410
f 12410 12490 12491 12411
f 12411 12491 12492 12412
f 12412 12492 12493 12413
f 12413 12493 12494 12414
f 12414 12494 12495 12415
f 12415 12495 12496 12416
f 12416 12496 12497 12417
f 12417 12497 12498 12418
f 12418 12498 12499 12419
f 12419 12499 12500 12420
f 12420 12500 12501 12421
f 12421 12501 12502 12422
f 12422 12502 12503 12423
f 12423 12503 12504 12424
f 12424 12504 12505 12425
f 12425 12505 12506 12426
f 12426 12506 12507 12427
f 12427 12507 12508 12428
f 12428 12508 12509 12429
f 12429 12509 12510 12430
f 12430 12510 12511 12431
f 12431 12511 12512 12432
f 12432 12512 12513 12433
f 12433 12513 12514 12434
f 12434 12514 12515 12435
f 12435 12515 12516 12436
f 12436 12516 12517 12437
f 12437 12517 12518 12438
f 12438 12518 12519 12439
f 12439 12519 12520 12440
f 12440 12520 12521 12441
f 12441 12521 12522 12442
f 12442 12522 12523 12443
f 12443 12523 12524 12444
f 12444 12524 12525 12445
f 12445 12525 12526 12446
f 12446 12526 12527 12447
f 12447 12527 12528 12448
f 12448 12528 12529 12449
f 12449 12529 12530 12450
f 12450 12530 12531 12451
f 12451 12531 12532 12452
f 12452 12532 12533 12453
f 12453 12533 12534 12454
f 12454 12534 12535 12455
f 12455 12535 12536 12456
f 12456 12536 12537 12457
f 12457 12537 12538 12458
f 12458 12538 12539 12459
f 12459 12539 12540 12460
f 12460 12540 12541 12461
f 12461 12541 12542 12462
f 12462 12542 12543 12463
f 12463 12543 12544 12464
f 12464 12544 12545 12465
f 12465 12545 12546 12466
f 12466 12546 12547 12467
f 12467 12547 12548 12468
f 12468 12548 12549 12469
f 12469 12549 12550 12470
f 12470 12550 12551 12471
f 12471 12551 12552 12472
f 12472 12552 12553 12473
f 12473 12553 12554 12474
f 12474 12554 12555 12475
f 12475 12555 12556 12476
f 12476 12556 12557 12477
f 12477 12557 12558 12478
f 12478 12558 12559 12479
f 12479 12559 12560 12480
f 12480 12560 12481 12401
f 12481 12561 12562 12482
f 12482 12562 12563 12483
f 12483 12563 12564 12484
f 12484 12564 12565 12485
f 12485 12565 12566 12486
f 12486 12566 12567 12487
f 12487 12567 12568 12488
f 12488 12568 12569 12489
f 12489 12569 12570 12490
f 12490 12570 12571 12491
f 12491 12571 12572 12492
f 12492 12572 12573 12493
f 12493 12573 12574 12494
f 12494 12574 12575 12495
f 12495 12575 12576 12496
f 12496 12576 12577 12497
f 12497 12577 12578 12498
f 12498 12578 12579 12499
f 12499 12579 12580 12500
f 12500 12580 12581 12501
f 12501 12581 12582 12502
f 12502 12582 12583 12503
f 12503 12583 12584 12504
f 12504 12584 12585 12505
f 12505 12585 12586 12506
f 12506 12586 12587 12507
f 12507 12587 12588 12508
f 12508 12588 12589 12509
f 12509 12589 12590 12510
f 12510 12590 12591 12511
f 12511 12591 12592 12512
f 12512 12592 12593 12513
f 12513 12593 12594 12514
f 12514 12594 12595 12515
f 12515 12595 12596 12516
f 12516 12596 12597 12517
f 12517 12597 12598 12518
f 12518 12598 12599 12519
f 12519 12599 12600 12520
f 12520 12600 12601 12521
f 12521 12601 12602 12522
f 12522 12602 12603 12523
f 12523 12603 12604 12524
f 12524 12604 12605 12525
f 12525 12605 12606 12526
f 12526 12606 12607 12527
f 12527 12607 12608 12528
f 12528 12608 12609 12529
f 12529 12609 12610 12530
f 12530 12610 12611 12531
f 12531 12611 12612 12532
f 12532 12612 12613 12533
f 12533 12613 12614 12534
f 12534 12614 12615 12535
f 12535 12615 12616 12536
f 12536 12616 12617 12537
f 12537 12617 12618 12538
f 12538 12618 12619 12539
f 12539 12619 12620 12540
f 12540 12620 12621 12541
f 12541 12621 12622 12542
f 12542 12622 12623 12543
f 12543 12623 12624 12544
f 12544 12624 12625 12545
f 12545 12625 12626 12546
f 12546 12626 12627 12547
f 12547 12627 12628 12548
f 12548 12628 12629 12549
f 12549 12629 12630 12550
f 12550 12630 12631 12551
f 12551 12631 12632 12552
f 12552 12632 12633 12553
f 12553 12633 12634 12554
f 12554 12634 12635 12555
f 12555 12635 12636 12556
f 12556 12636 12637 12557
f 12557 12637 12638 12558
f 12558 12638 12639 12559
f 12559 12639 12640 12560
f 12560 12640 12561 12481
f 12561 12641 12642 12562
f 12562 12642 12643 12563
f 12563 12643 12644 12564
f 12564 12644 12645 12565
f 12565 12645 12646 12566
f 12566 12646 12647 12567
f 12567 12647 12648 12568
f 12568 12648 12649 12569
f 12569 12649 12650 12570
f 12570 12650 12651 12571
f 12571 12651 12652 12572
f 12572 12652 12653 12573
f 12573 12653 12654 12574
f 12574 12654 12655 12575
f 12575 12655 12656 12576
f 12576 12656 12657 12577
f 12577 12657 12658 12578
f 12578 12658 12659 12579
f 12579 12659 12660 12580
f 12580 12660 12661 12581
f 12581 12661 12662 12582
f 12582 12662 12663 12583
f 12583 12663 12664 12584
f 12584 12664 12665 12585
f 12585 12665 12666 12586
f 12586 12666 12667 12587
f 12587 12667 12668 12588
f 12588 12668 12669 12589
f 12589 12669 12670 12590
f 12590 12670 12671 12591
f 12591 12671 12672 12592
f 12592 12672 12673 12593
f 12593 12673 12674 12594
f 12594 12674 12675 12595
f 12595 12675 12676 12596
f 12596 12676 12677 12597
f 12597 12677 12678 12598
f 12598 12678 12679 12599
f 12599 12679 12680 12600
f 12600 12680 12681 12601
f 12601 12681 12682 12602
f 12602 12682 12683 12603
f 12603 12683 12684 12604
f 12604 12684 12685 12605
f 12605 12685 12686 12606
f 12606 12686 12687 12607
f 12607 12687 12688 12608
f 12608 12688 12689 12609
f 12609 12689 12690 12610
f 12610 12690 12691 12611
f 12611 12691 12692 12612
f 12612 12692 12693 12613
f 12613 12693 12694 12614
f 12614 12694 12695 12615
f 12615 12695 12696 12616
f 12616 12696 12697 12617
f 12617 12697 12698 12618
f 12618 12698 12699 12619
f 12619 12699 12700 12620
f 12620 12700 12701 12621
f 12621 12701 12702 12622
f 12622 12702 12703 12623
f 12623 12703 12704 12624
f 12624 12704 12705 12625
f 12625 12705 12706 12626
f 12626 12706 12707 12627
f 12627 12707 12708 12628
f 12628 12708 12709 12629
f 12629 12709 12710 12630
f 12630 12710 12711 12631
f 12631 12711 12712 12632
f 12632 12712 12713 12633
f 12633 12713 12714 12634
f 12634 12714 12715 12635
f 12635 12715 12716 12636
f 12636 12716 12717 12637
f 12637 12717 12718 12638
f 12638 12718 12719 12639
f 12639 12719 12720 12640
f 12640 12720 12641 12561
f 12641 12721 12722 12642
f 12642 12722 12723 12643
f 12643 12723 12724 12644
f 12644 12724 12725 12645
f 12645 12725 12726 12646
f 12646 12726 12727 12647
f 12647 12727 12728 12648
f 12648 12728 12729 12649
f 12649 12729 12730 12650
f 12650 12730 12731 12651
f 12651 12731 12732 12652
f 12652 12732 12733 12653
f 12653 12733 12734 12654
f 12654 12734 12735 12655
f 12655 12735 12736 12656
f 12656 12736 12737 12657
f 12657 12737 12738 12658
f 12658 12738 12739 12659
f 12659 12739 12740 12660
f 12660 12740 12741 12661
f 12661 12741 12742 12662
f 12662 12742 12743 12663
f 12663 12743 12744 12664
f 12664 12744 12745 12665
f 12665 12745 12746 12666
f 12666 12746 12747 12667
f 12667 12747 12748 12668
f 12668 12748 12749 12669
f 12669 12749 12750 12670
f 12670 12750 12751 12671
f 12671 12751 12752 12672
f 12672 12752 12753 12673
f 12673 12753 12754 12674
f 12674 12754 12755 12675
f 12675 12755 12756 12676
f 12676 12756 12757 12677
f 12677 12757 12758 12678
f 12678 12758 12759 12679
f 12679 12759 12760 12680
f 12680 12760 12761 12681
f 12681 12761 12762 12682
f 12682 12762 12763 12683
f 12683 12763 12764 12684
f 12684 12764 12765 12685
f 12685 12765 12766 12686
f 12686 12766 12767 12687
f 12687 12767 12768 12688
f 12688 12768 12769 12689
f 12689 12769 12770 12690
f 12690 12770 12771 12691
f 12691 12771 12772 12692
f 12692 12772 12773 12693
f 12693 12773 12774 12694
f 12694 12774 12775 12695
f 12695 12775 12776 12696
f 12696 12776 12777 12697
f 12697 12777 12778 12698
f 12698 12778 12779 12699
f 12699 12779 12780 12700
f 12700 12780 12781 12701
f 12701 12781 12782 12702
f 12702 12782 12783 12703
f 12703 12783 12784 12704
f 12704 12784 12785 12705
f 12705 12785 12786 12706
f 12706 12786 12787 12707
f 12707 12787 12788 12708
f 12708 12788 12789 12709
f 12709 12789 12790 12710
f 12710 12790 12791 12711
f 12711 12791 12792 12712
f 12712 12792 12793 12713
f 12713 12793 12794 12714
f 12714 12794 12795 12715
f 12715 12795 12796 12716
f 12716 12796 12797 12717
f 12717 12797 12798 12718
f 12718 12798 12799 12719
f 12719 12799 12800 12720
f 12720 12800 12721 12641
f 12721 1 2 12722
f 12722 2 3 12723
f 12723 3 4 12724
f 12724 4 5 12725
f 12725 5 6 12726
f 12726 6 7 12727
f 12727 7 8 12728
f 12728 8 9 12729
f 12729 9 10 12730
f 12730 10 11 12731
f 12731 11 12 12732
f 12732 12 13 12733
f 12733 13 14 12734
f 12734 14 15 12735
f 12735 15 16 12736
f 12736 16 17 12737
f 12737 17 18 12738
f 12738 18 19 12739
f 12739 19 20 12740
f 12740 20 21 12741
f 12741 21 22 12742
f 12742 22 23 12743
f 12743 23 24 12744
f 12744 24 25 12745
f 12745 25 26 12746
f 12746 26 27 12747
f 12747 27 28 12748
f 12748 28 29 12749
f 12749 29 30 12750
f 12750 30 31 12751
f 12751 31 32 12752
f 12752 32 33 12753
f 12753 33 34 12754
f 12754 34 35 12755
f 12755 35 36 12756
f 12756 36 37 12757
f 12757 37 38 12758
f 12758 38 39 12759
f 12759 39 40 12760
f 12760 40 41 12761
f 12761 41 42 12762
f 12762 42 43 12763
f 12763 43 44 12764
f 12764 44 45 12765
f 12765 45 46 12766
f 12766 46 47 12767
f 12767 47 48 12768
f 12768 48 49 12769
f 12769 49 50 12770
f 12770 50 51 12771
f 12771 51 52 12772
f 12772 52 53 12773
f 12773 53 54 12774
f 12774 54 55 12775
f 12775 55 56 12776
f 12776 56 57 12777
f 12777 57 58 12778
f 12778 58 59 12779
f 12779 59 60 12780
f 12780 60 61 12781
f 12781 61 62 12782
f 12782 62 63 12783
f 12783 63 64 12784
f 12784 64 65 12785
f 12785 65 66 12786
f 12786 66 67 12787
f 12787 67 68 12788
f 12788 68 69 12789
f 12789 69 70 12790
f 12790 70 71 12791
f 12791 71 72 12792
f 12792 72 73 12793
f 12793 73 74 12794
f 12794 74 75 12795
f 12795 75 76 12796
f 12796 76 77 12797
f 12797 77 78 12798
f 12798 78 79 12799
f 12799 79 80 12800
f 12800 80 1 12721
