# Non-orientable strip with one boundary component.
o mobius_strip
v 0.77500000 0.00000000 -0.00000000
v 0.79456522 0.00000000 -0.00000000
v 0.81413043 0.00000000 -0.00000000
v 0.83369565 0.00000000 -0.00000000
v 0.85326087 0.00000000 -0.00000000
v 0.87282609 0.00000000 -0.00000000
v 0.89239130 0.00000000 -0.00000000
v 0.91195652 0.00000000 -0.00000000
v 0.93152174 0.00000000 -0.00000000
v 0.95108696 0.00000000 -0.00000000
v 0.97065217 0.00000000 -0.00000000
v 0.99021739 0.00000000 -0.00000000
v 1.00978261 0.00000000 0.00000000
v 1.02934783 0.00000000 0.00000000
v 1.04891304 0.00000000 0.00000000
v 1.06847826 0.00000000 0.00000000
v 1.08804348 0.00000000 0.00000000
v 1.10760870 0.00000000 0.00000000
v 1.12717391 0.00000000 0.00000000
v 1.14673913 0.00000000 0.00000000
v 1.16630435 0.00000000 0.00000000
v 1.18586957 0.00000000 0.00000000
v 1.20543478 0.00000000 0.00000000
v 1.22500000 0.00000000 0.00000000
v 0.77456214 0.02704831 -0.00392679
v 0.79411246 0.02773102 -0.00358533
v 0.81366278 0.02841373 -0.00324387
v 0.83321310 0.02909644 -0.00290241
v 0.85276342 0.02977915 -0.00256095
v 0.87231374 0.03046187 -0.00221949
v 0.89186406 0.03114458 -0.00187803
v 0.91141438 0.03182729 -0.00153657
v 0.93096470 0.03251000 -0.00119511
v 0.95051503 0.03319272 -0.00085365
v 0.97006535 0.03387543 -0.00051219
v 0.98961567 0.03455814 -0.00017073
v 1.00916599 0.03524085 0.00017073
v 1.02871631 0.03592357 0.00051219
v 1.04826663 0.03660628 0.00085365
v 1.06781695 0.03728899 0.00119511
v 1.08736727 0.03797170 0.00153657
v 1.10691759 0.03865441 0.00187803
v 1.12646791 0.03933713 0.00221949
v 1.14601823 0.04001984 0.00256095
v 1.16556855 0.04070255 0.00290241
v 1.18511887 0.04138526 0.00324387
v 1.20466919 0.04206798 0.00358533
v 1.22421952 0.04275069 0.00392679
v 0.77324887 0.05407083 -0.00785239
v 0.79275454 0.05543480 -0.00716957
v 0.81226020 0.05679877 -0.00648675
v 0.83176587 0.05816274 -0.00580394
v 0.85127154 0.05952670 -0.00512112
v 0.87077721 0.06089067 -0.00443831
v 0.89028288 0.06225464 -0.00375549
v 0.90978854 0.06361861 -0.00307267
v 0.92929421 0.06498258 -0.00238986
v 0.94879988 0.06634655 -0.00170704
v 0.96830555 0.06771052 -0.00102422
v 0.98781122 0.06907449 -0.00034141
v 1.00731688 0.07043846 0.00034141
v 1.02682255 0.07180243 0.00102422
v 1.04632822 0.07316640 0.00170704
v 1.06583389 0.07453037 0.00238986
v 1.08533956 0.07589434 0.00307267
v 1.10484522 0.07725830 0.00375549
v 1.12435089 0.07862227 0.00443831
v 1.14385656 0.07998624 0.00512112
v 1.16336223 0.08135021 0.00580394
v 1.18286790 0.08271418 0.00648675
v 1.20237356 0.08407815 0.00716957
v 1.22187923 0.08544212 0.00785239
v 0.77106113 0.08104179 -0.01177559
v 0.79049250 0.08308411 -0.01075163
v 0.80992388 0.08512643 -0.00972766
v 0.82935525 0.08716875 -0.00870370
v 0.84878662 0.08921107 -0.00767973
v 0.86821799 0.09125339 -0.00665577
v 0.88764936 0.09329571 -0.00563180
v 0.90708073 0.09533803 -0.00460784
v 0.92651210 0.09738035 -0.00358388
v 0.94594347 0.09942266 -0.00255991
v 0.96537484 0.10146498 -0.00153595
v 0.98480621 0.10350730 -0.00051198
v 1.00423758 0.10554962 0.00051198
v 1.02366895 0.10759194 0.00153595
v 1.04310032 0.10963426 0.00255991
v 1.06253169 0.11167658 0.00358388
v 1.08196306 0.11371890 0.00460784
v 1.10139443 0.11576122 0.00563180
v 1.12082580 0.11780354 0.00665577
v 1.14025717 0.11984586 0.00767973
v 1.15968854 0.12188818 0.00870370
v 1.17911992 0.12393050 0.00972766
v 1.19855129 0.12597282 0.01075163
v 1.21798266 0.12801514 0.01177559
v 0.76800051 0.10793543 -0.01569521
v 0.78732812 0.11065175 -0.01433041
v 0.80665574 0.11336807 -0.01296561
v 0.82598335 0.11608439 -0.01160080
v 0.84531096 0.11880071 -0.01023600
v 0.86463858 0.12151703 -0.00887120
v 0.88396619 0.12423335 -0.00750640
v 0.90329381 0.12694967 -0.00614160
v 0.92262142 0.12966598 -0.00477680
v 0.94194903 0.13238230 -0.00341200
v 0.96127665 0.13509862 -0.00204720
v 0.98060426 0.13781494 -0.00068240
v 0.99993188 0.14053126 0.00068240
v 1.01925949 0.14324758 0.00204720
v 1.03858710 0.14596390 0.00341200
v 1.05791472 0.14868022 0.00477680
v 1.07724233 0.15139654 0.00614160
v 1.09656995 0.15411286 0.00750640
v 1.11589756 0.15682917 0.00887120
v 1.13522517 0.15954549 0.01023600
v 1.15455279 0.16226181 0.01160080
v 1.17388040 0.16497813 0.01296561
v 1.19320802 0.16769445 0.01433041
v 1.21253563 0.17041077 0.01569521
v 0.76406919 0.13472601 -0.01961004
v 0.78326385 0.13811055 -0.01790482
v 0.80245851 0.14149509 -0.01619960
v 0.82165317 0.14487962 -0.01449438
v 0.84084782 0.14826416 -0.01278916
v 0.86004248 0.15164869 -0.01108394
v 0.87923714 0.15503323 -0.00937872
v 0.89843180 0.15841777 -0.00767349
v 0.91762645 0.16180230 -0.00596827
v 0.93682111 0.16518684 -0.00426305
v 0.95601577 0.16857137 -0.00255783
v 0.97521042 0.17195591 -0.00085261
v 0.99440508 0.17534045 0.00085261
v 1.01359974 0.17872498 0.00255783
v 1.03279440 0.18210952 0.00426305
v 1.05198905 0.18549405 0.00596827
v 1.07118371 0.18887859 0.00767349
v 1.09037837 0.19226313 0.00937872
v 1.10957303 0.19564766 0.01108394
v 1.12876768 0.19903220 0.01278916
v 1.14796234 0.20241673 0.01449438
v 1.16715700 0.20580127 0.01619960
v 1.18635165 0.20918581 0.01790482
v 1.20554631 0.21257034 0.01961004
v 0.75927003 0.16138783 -0.02351890
v 0.77830286 0.16543338 -0.02147378
v 0.79733569 0.16947893 -0.01942866
v 0.81636853 0.17352449 -0.01738354
v 0.83540136 0.17757004 -0.01533842
v 0.85443419 0.18161559 -0.01329329
v 0.87346702 0.18566115 -0.01124817
v 0.89249986 0.18970670 -0.00920305
v 0.91153269 0.19375225 -0.00715793
v 0.93056552 0.19779781 -0.00511281
v 0.94959835 0.20184336 -0.00306768
v 0.96863118 0.20588891 -0.00102256
v 0.98766402 0.20993447 0.00102256
v 1.00669685 0.21398002 0.00306768
v 1.02572968 0.21802557 0.00511281
v 1.04476251 0.22207113 0.00715793
v 1.06379535 0.22611668 0.00920305
v 1.08282818 0.23016223 0.01124817
v 1.10186101 0.23420779 0.01329329
v 1.12089384 0.23825334 0.01533842
v 1.13992668 0.24229889 0.01738354
v 1.15895951 0.24634445 0.01942866
v 1.17799234 0.25039000 0.02147378
v 1.19702517 0.25443555 0.02351890
v 0.75360649 0.18789520 -0.02742060
v 0.77244903 0.19259317 -0.02503620
v 0.79129157 0.19729115 -0.02265180
v 0.81013411 0.20198912 -0.02026740
v 0.82897666 0.20668709 -0.01788300
v 0.84781920 0.21138507 -0.01549860
v 0.86666174 0.21608304 -0.01311420
v 0.88550428 0.22078101 -0.01072980
v 0.90434683 0.22547899 -0.00834540
v 0.92318937 0.23017696 -0.00596100
v 0.94203191 0.23487494 -0.00357660
v 0.96087445 0.23957291 -0.00119220
v 0.97971700 0.24427088 0.00119220
v 0.99855954 0.24896886 0.00357660
v 1.01740208 0.25366683 0.00596100
v 1.03624463 0.25836480 0.00834540
v 1.05508717 0.26306278 0.01072980
v 1.07392971 0.26776075 0.01311420
v 1.09277225 0.27245872 0.01549860
v 1.11161480 0.27715670 0.01788300
v 1.13045734 0.28185467 0.02026740
v 1.14929988 0.28655264 0.02265180
v 1.16814242 0.29125062 0.02503620
v 1.18698497 0.29594859 0.02742060
v 0.74708267 0.21422251 -0.03131395
v 0.76570694 0.21956293 -0.02859100
v 0.78433120 0.22490335 -0.02586804
v 0.80295546 0.23024377 -0.02314509
v 0.82157973 0.23558420 -0.02042214
v 0.84020399 0.24092462 -0.01769919
v 0.85882825 0.24626504 -0.01497624
v 0.87745251 0.25160546 -0.01225328
v 0.89607678 0.25694588 -0.00953033
v 0.91470104 0.26228630 -0.00680738
v 0.93332530 0.26762672 -0.00408443
v 0.95194956 0.27296715 -0.00136148
v 0.97057383 0.27830757 0.00136148
v 0.98919809 0.28364799 0.00408443
v 1.00782235 0.28898841 0.00680738
v 1.02644662 0.29432883 0.00953033
v 1.04507088 0.29966925 0.01225328
v 1.06369514 0.30500967 0.01497624
v 1.08231940 0.31035009 0.01769919
v 1.10094367 0.31569052 0.02042214
v 1.11956793 0.32103094 0.02314509
v 1.13819219 0.32637136 0.02586804
v 1.15681645 0.33171178 0.02859100
v 1.17544072 0.33705220 0.03131395
v 0.73970334 0.24034419 -0.03519775
v 0.75808188 0.24631573 -0.03213708
v 0.77646042 0.25228728 -0.02907641
v 0.79483895 0.25825883 -0.02601573
v 0.81321749 0.26423038 -0.02295506
v 0.83159603 0.27020193 -0.01989438
v 0.84997456 0.27617348 -0.01683371
v 0.86835310 0.28214503 -0.01377303
v 0.88673164 0.28811657 -0.01071236
v 0.90511017 0.29408812 -0.00765169
v 0.92348871 0.30005967 -0.00459101
v 0.94186725 0.30603122 -0.00153034
v 0.96024578 0.31200277 0.00153034
v 0.97862432 0.31797432 0.00459101
v 0.99700286 0.32394587 0.00765169
v 1.01538139 0.32991741 0.01071236
v 1.03375993 0.33588896 0.01377303
v 1.05213847 0.34186051 0.01683371
v 1.07051700 0.34783206 0.01989438
v 1.08889554 0.35380361 0.02295506
v 1.10727408 0.35977516 0.02601573
v 1.12565262 0.36574671 0.02907641
v 1.14403115 0.37171825 0.03213708
v 1.16240969 0.37768980 0.03519775
v 0.73147389 0.26623472 -0.03907084
v 0.74957987 0.27282476 -0.03567338
v 0.76768584 0.27941480 -0.03227591
v 0.78579182 0.28600483 -0.02887845
v 0.80389780 0.29259487 -0.02548098
v 0.82200377 0.29918491 -0.02208352
v 0.84010975 0.30577494 -0.01868605
v 0.85821573 0.31236498 -0.01528859
v 0.87632170 0.31895502 -0.01189113
v 0.89442768 0.32554505 -0.00849366
v 0.91253366 0.33213509 -0.00509620
v 0.93063963 0.33872513 -0.00169873
v 0.94874561 0.34531516 0.00169873
v 0.96685159 0.35190520 0.00509620
v 0.98495756 0.35849523 0.00849366
v 1.00306354 0.36508527 0.01189113
v 1.02116952 0.37167531 0.01528859
v 1.03927549 0.37826534 0.01868605
v 1.05738147 0.38485538 0.02208352
v 1.07548744 0.39144542 0.02548098
v 1.09359342 0.39803545 0.02887845
v 1.11169940 0.40462549 0.03227591
v 1.12980537 0.41121553 0.03567338
v 1.14791135 0.41780556 0.03907084
v 0.72240036 0.29186869 -0.04293202
v 0.74020762 0.29906329 -0.03919880
v 0.75801488 0.30625789 -0.03546559
v 0.77582214 0.31345249 -0.03173237
v 0.79362940 0.32064709 -0.02799915
v 0.81143666 0.32784169 -0.02426593
v 0.82924392 0.33503629 -0.02053271
v 0.84705118 0.34223089 -0.01679949
v 0.86485844 0.34942549 -0.01306627
v 0.88266570 0.35662009 -0.00933305
v 0.90047296 0.36381469 -0.00559983
v 0.91828022 0.37100929 -0.00186661
v 0.93608748 0.37820389 0.00186661
v 0.95389475 0.38539849 0.00559983
v 0.97170201 0.39259309 0.00933305
v 0.98950927 0.39978769 0.01306627
v 1.00731653 0.40698229 0.01679949
v 1.02512379 0.41417690 0.02053271
v 1.04293105 0.42137150 0.02426593
v 1.06073831 0.42856610 0.02799915
v 1.07854557 0.43576070 0.03173237
v 1.09635283 0.44295530 0.03546559
v 1.11416009 0.45014990 0.03919880
v 1.13196735 0.45734450 0.04293202
v 0.71248944 0.31722074 -0.04678013
v 0.72997257 0.32500473 -0.04271229
v 0.74745570 0.33278872 -0.03864446
v 0.76493884 0.34057271 -0.03457662
v 0.78242197 0.34835670 -0.03050878
v 0.79990510 0.35614070 -0.02644094
v 0.81738823 0.36392469 -0.02237311
v 0.83487136 0.37170868 -0.01830527
v 0.85235450 0.37949267 -0.01423743
v 0.86983763 0.38727666 -0.01016959
v 0.88732076 0.39506066 -0.00610176
v 0.90480389 0.40284465 -0.00203392
v 0.92228702 0.41062864 0.00203392
v 0.93977016 0.41841263 0.00610176
v 0.95725329 0.42619662 0.01016959
v 0.97473642 0.43398061 0.01423743
v 0.99221955 0.44176461 0.01830527
v 1.00970268 0.44954860 0.02237311
v 1.02718582 0.45733259 0.02644094
v 1.04466895 0.46511658 0.03050878
v 1.06215208 0.47290057 0.03457662
v 1.07963521 0.48068457 0.03864446
v 1.09711834 0.48846856 0.04271229
v 1.11460147 0.49625255 0.04678013
v 0.70174849 0.34226561 -0.05061399
v 0.71888289 0.35062261 -0.04621277
v 0.73601729 0.35897962 -0.04181155
v 0.75315168 0.36733662 -0.03741034
v 0.77028608 0.37569362 -0.03300912
v 0.78742047 0.38405063 -0.02860791
v 0.80455487 0.39240763 -0.02420669
v 0.82168926 0.40076463 -0.01980547
v 0.83882366 0.40912164 -0.01540426
v 0.85595806 0.41747864 -0.01100304
v 0.87309245 0.42583564 -0.00660182
v 0.89022685 0.43419265 -0.00220061
v 0.90736124 0.44254965 0.00220061
v 0.92449564 0.45090665 0.00660182
v 0.94163004 0.45926365 0.01100304
v 0.95876443 0.46762066 0.01540426
v 0.97589883 0.47597766 0.01980547
v 0.99303322 0.48433466 0.02420669
v 1.01016762 0.49269167 0.02860791
v 1.02730202 0.50104867 0.03300912
v 1.04443641 0.50940567 0.03741034
v 1.06157081 0.51776268 0.04181155
v 1.07870520 0.52611968 0.04621277
v 1.09583960 0.53447668 0.05061399
v 0.69018553 0.36697816 -0.05443243
v 0.70694745 0.37589063 -0.04969917
v 0.72370937 0.38480310 -0.04496592
v 0.74047129 0.39371557 -0.04023266
v 0.75723320 0.40262804 -0.03549941
v 0.77399512 0.41154051 -0.03076615
v 0.79075704 0.42045298 -0.02603290
v 0.80751896 0.42936545 -0.02129965
v 0.82428088 0.43827792 -0.01656639
v 0.84104280 0.44719039 -0.01183314
v 0.85780472 0.45610286 -0.00709988
v 0.87456663 0.46501533 -0.00236663
v 0.89132855 0.47392780 0.00236663
v 0.90809047 0.48284027 0.00709988
v 0.92485239 0.49175274 0.01183314
v 0.94161431 0.50066521 0.01656639
v 0.95837623 0.50957768 0.02129965
v 0.97513814 0.51849015 0.02603290
v 0.99190006 0.52740262 0.03076615
v 1.00866198 0.53631509 0.03549941
v 1.02542390 0.54522756 0.04023266
v 1.04218582 0.55414003 0.04496592
v 1.05894774 0.56305250 0.04969917
v 1.07570965 0.57196497 0.05443243
v 0.67780924 0.39133334 -0.05823429
v 0.69417586 0.40078262 -0.05317043
v 0.71054248 0.41023189 -0.04810658
v 0.72690911 0.41968117 -0.04304273
v 0.74327573 0.42913044 -0.03797888
v 0.75964235 0.43857972 -0.03291503
v 0.77600898 0.44802899 -0.02785118
v 0.79237560 0.45747827 -0.02278733
v 0.80874222 0.46692754 -0.01772348
v 0.82510885 0.47637681 -0.01265963
v 0.84147547 0.48582609 -0.00759578
v 0.85784209 0.49527536 -0.00253193
v 0.87420872 0.50472464 0.00253193
v 0.89057534 0.51417391 0.00759578
v 0.90694196 0.52362319 0.01265963
v 0.92330859 0.53307246 0.01772348
v 0.93967521 0.54252173 0.02278733
v 0.95604183 0.55197101 0.02785118
v 0.97240846 0.56142028 0.03291503
v 0.98877508 0.57086956 0.03797888
v 1.00514170 0.58031883 0.04304273
v 1.02150833 0.58976811 0.04810658
v 1.03787495 0.59921738 0.05317043
v 1.05424157 0.60866666 0.05823429
v 0.66462896 0.41530627 -0.06201841
v 0.68057845 0.42527262 -0.05662550
v 0.69652794 0.43523896 -0.05123260
v 0.71247743 0.44520531 -0.04583969
v 0.72842692 0.45517166 -0.04044679
v 0.74437641 0.46513801 -0.03505388
v 0.76032590 0.47510435 -0.02966098
v 0.77627539 0.48507070 -0.02426807
v 0.79222488 0.49503705 -0.01887517
v 0.80817437 0.50500340 -0.01348226
v 0.82412386 0.51496974 -0.00808936
v 0.84007335 0.52493609 -0.00269645
v 0.85602284 0.53490244 0.00269645
v 0.87197233 0.54486879 0.00808936
v 0.88792182 0.55483513 0.01348226
v 0.90387131 0.56480148 0.01887517
v 0.91982080 0.57476783 0.02426807
v 0.93577029 0.58473418 0.02966098
v 0.95171978 0.59470052 0.03505388
v 0.96766927 0.60466687 0.04044679
v 0.98361876 0.61463322 0.04583969
v 0.99956825 0.62459956 0.05123260
v 1.01551774 0.63456591 0.05662550
v 1.03146723 0.64453226 0.06201841
v 0.65065474 0.43887217 -0.06578363
v 0.66616629 0.44933484 -0.06006332
v 0.68167784 0.45979751 -0.05434300
v 0.69718939 0.47026018 -0.04862269
v 0.71270094 0.48072286 -0.04290237
v 0.72821250 0.49118553 -0.03718205
v 0.74372405 0.50164820 -0.03146174
v 0.75923560 0.51211088 -0.02574142
v 0.77474715 0.52257355 -0.02002111
v 0.79025870 0.53303622 -0.01430079
v 0.80577025 0.54349889 -0.00858047
v 0.82128180 0.55396157 -0.00286016
v 0.83679335 0.56442424 0.00286016
v 0.85230490 0.57488691 0.00858047
v 0.86781645 0.58534959 0.01430079
v 0.88332800 0.59581226 0.02002111
v 0.89883955 0.60627493 0.02574142
v 0.91435110 0.61673760 0.03146174
v 0.92986265 0.62720028 0.03718205
v 0.94537420 0.63766295 0.04290237
v 0.96088575 0.64812562 0.04862269
v 0.97639730 0.65858830 0.05434300
v 0.99190885 0.66905097 0.06006332
v 1.00742040 0.67951364 0.06578363
v 0.63589730 0.46200643 -0.06952882
v 0.65095118 0.47294372 -0.06348284
v 0.66600507 0.48388101 -0.05743685
v 0.68105896 0.49481830 -0.05139087
v 0.69611284 0.50575558 -0.04534489
v 0.71116673 0.51669287 -0.03929890
v 0.72622062 0.52763016 -0.03325292
v 0.74127450 0.53856745 -0.02720693
v 0.75632839 0.54950474 -0.02116095
v 0.77138228 0.56044203 -0.01511496
v 0.78643616 0.57137932 -0.00906898
v 0.80149005 0.58231661 -0.00302299
v 0.81654394 0.59325390 0.00302299
v 0.83159782 0.60419119 0.00906898
v 0.84665171 0.61512847 0.01511496
v 0.86170560 0.62606576 0.02116095
v 0.87675949 0.63700305 0.02720693
v 0.89181337 0.64794034 0.03325292
v 0.90686726 0.65887763 0.03929890
v 0.92192115 0.66981492 0.04534489
v 0.93697503 0.68075221 0.05139087
v 0.95202892 0.69168950 0.05743685
v 0.96708281 0.70262679 0.06348284
v 0.98213669 0.71356408 0.06952882
v 0.62036802 0.48468462 -0.07325283
v 0.63494565 0.49607391 -0.06688302
v 0.64952328 0.50746320 -0.06051321
v 0.66410091 0.51885249 -0.05414340
v 0.67867854 0.53024179 -0.04777359
v 0.69325617 0.54163108 -0.04140378
v 0.70783380 0.55302037 -0.03503396
v 0.72241142 0.56440966 -0.02866415
v 0.73698905 0.57579895 -0.02229434
v 0.75156668 0.58718825 -0.01592453
v 0.76614431 0.59857754 -0.00955472
v 0.78072194 0.60996683 -0.00318491
v 0.79529957 0.62135612 0.00318491
v 0.80987720 0.63274541 0.00955472
v 0.82445483 0.64413470 0.01592453
v 0.83903245 0.65552400 0.02229434
v 0.85361008 0.66691329 0.02866415
v 0.86818771 0.67830258 0.03503396
v 0.88276534 0.68969187 0.04140378
v 0.89734297 0.70108116 0.04777359
v 0.91192060 0.71247046 0.05414340
v 0.92649823 0.72385975 0.06051321
v 0.94107586 0.73524904 0.06688302
v 0.95565348 0.74663833 0.07325283
v 0.60407902 0.50688249 -0.07695453
v 0.61816297 0.51870032 -0.07026283
v 0.63224692 0.53051816 -0.06357114
v 0.64633087 0.54233600 -0.05687944
v 0.66041482 0.55415383 -0.05018774
v 0.67449877 0.56597167 -0.04349604
v 0.68858272 0.57778951 -0.03680434
v 0.70266667 0.58960734 -0.03011264
v 0.71675062 0.60142518 -0.02342094
v 0.73083457 0.61324302 -0.01672925
v 0.74491852 0.62506085 -0.01003755
v 0.75900247 0.63687869 -0.00334585
v 0.77308642 0.64869653 0.00334585
v 0.78717037 0.66051436 0.01003755
v 0.80125432 0.67233220 0.01672925
v 0.81533827 0.68415004 0.02342094
v 0.82942222 0.69596788 0.03011264
v 0.84350617 0.70778571 0.03680434
v 0.85759012 0.71960355 0.04349604
v 0.87167406 0.73142139 0.05018774
v 0.88575801 0.74323922 0.05687944
v 0.89984196 0.75505706 0.06357114
v 0.91392591 0.76687490 0.07026283
v 0.92800986 0.77869273 0.07695453
v 0.58704310 0.52857598 -0.08063279
v 0.60061716 0.54079812 -0.07362124
v 0.61419122 0.55302026 -0.06660969
v 0.62776529 0.56524240 -0.05959815
v 0.64133935 0.57746454 -0.05258660
v 0.65491341 0.58968669 -0.04557505
v 0.66848748 0.60190883 -0.03856351
v 0.68206154 0.61413097 -0.03155196
v 0.69563560 0.62635311 -0.02454041
v 0.70920967 0.63857525 -0.01752887
v 0.72278373 0.65079739 -0.01051732
v 0.73635779 0.66301954 -0.00350577
v 0.74993186 0.67524168 0.00350577
v 0.76350592 0.68746382 0.01051732
v 0.77707998 0.69968596 0.01752887
v 0.79065405 0.71190810 0.02454041
v 0.80422811 0.72413024 0.03155196
v 0.81780217 0.73635239 0.03856351
v 0.83137624 0.74857453 0.04557505
v 0.84495030 0.76079667 0.05258660
v 0.85852436 0.77301881 0.05959815
v 0.87209843 0.78524095 0.06660969
v 0.88567249 0.79746309 0.07362124
v 0.89924655 0.80968523 0.08063279
v 0.56927374 0.54974126 -0.08428648
v 0.58232297 0.56234275 -0.07695722
v 0.59537219 0.57494424 -0.06962796
v 0.60842141 0.58754573 -0.06229871
v 0.62147063 0.60014721 -0.05496945
v 0.63451986 0.61274870 -0.04764019
v 0.64756908 0.62535019 -0.04031093
v 0.66061830 0.63795168 -0.03298167
v 0.67366752 0.65055316 -0.02565241
v 0.68671674 0.66315465 -0.01832315
v 0.69976597 0.67575614 -0.01099389
v 0.71281519 0.68835763 -0.00366463
v 0.72586441 0.70095911 0.00366463
v 0.73891363 0.71356060 0.01099389
v 0.75196286 0.72616209 0.01832315
v 0.76501208 0.73876358 0.02565241
v 0.77806130 0.75136506 0.03298167
v 0.79111052 0.76396655 0.04031093
v 0.80415975 0.77656804 0.04764019
v 0.81720897 0.78916953 0.05496945
v 0.83025819 0.80177101 0.06229871
v 0.84330741 0.81437250 0.06962796
v 0.85635663 0.82697399 0.07695722
v 0.86940586 0.83957548 0.08428648
v 0.55078518 0.57035475 -0.08791450
v 0.56329589 0.58330997 -0.08026976
v 0.57580660 0.59626519 -0.07262502
v 0.58831732 0.60922042 -0.06498029
v 0.60082803 0.62217564 -0.05733555
v 0.61333874 0.63513086 -0.04969081
v 0.62584945 0.64808608 -0.04204607
v 0.63836017 0.66104130 -0.03440133
v 0.65087088 0.67399652 -0.02675659
v 0.66338159 0.68695175 -0.01911185
v 0.67589230 0.69990697 -0.01146711
v 0.68840301 0.71286219 -0.00382237
v 0.70091373 0.72581741 0.00382237
v 0.71342444 0.73877263 0.01146711
v 0.72593515 0.75172785 0.01911185
v 0.73844586 0.76468308 0.02675659
v 0.75095658 0.77763830 0.03440133
v 0.76346729 0.79059352 0.04204607
v 0.77597800 0.80354874 0.04969081
v 0.78848871 0.81650396 0.05733555
v 0.80099942 0.82945919 0.06498029
v 0.81351014 0.84241441 0.07262502
v 0.82602085 0.85536963 0.08026976
v 0.83853156 0.86832485 0.08791450
v 0.53159233 0.59039310 -0.09151574
v 0.54355218 0.60367585 -0.08355785
v 0.55551203 0.61695861 -0.07559996
v 0.56747188 0.63024137 -0.06764207
v 0.57943173 0.64352413 -0.05968418
v 0.59139158 0.65680689 -0.05172629
v 0.60335143 0.67008965 -0.04376840
v 0.61531128 0.68337241 -0.03581051
v 0.62727113 0.69665517 -0.02785262
v 0.63923098 0.70993793 -0.01989473
v 0.65119083 0.72322069 -0.01193684
v 0.66315068 0.73650345 -0.00397895
v 0.67511053 0.74978621 0.00397895
v 0.68707038 0.76306896 0.01193684
v 0.69903023 0.77635172 0.01989473
v 0.71099008 0.78963448 0.02785262
v 0.72294993 0.80291724 0.03581051
v 0.73490978 0.81620000 0.04376840
v 0.74686963 0.82948276 0.05172629
v 0.75882948 0.84276552 0.05968418
v 0.77078933 0.85604828 0.06764207
v 0.78274918 0.86933104 0.07559996
v 0.79470903 0.88261380 0.08355785
v 0.80666888 0.89589656 0.09151574
v 0.51171084 0.60983323 -0.09508911
v 0.52310882 0.62341682 -0.08682049
v 0.53450680 0.63700040 -0.07855187
v 0.54590478 0.65058398 -0.07028325
v 0.55730276 0.66416757 -0.06201464
v 0.56870074 0.67775115 -0.05374602
v 0.58009872 0.69133473 -0.04547740
v 0.59149670 0.70491832 -0.03720878
v 0.60289468 0.71850190 -0.02894016
v 0.61429266 0.73208548 -0.02067155
v 0.62569064 0.74566907 -0.01240293
v 0.63708862 0.75925265 -0.00413431
v 0.64848660 0.77283623 0.00413431
v 0.65988458 0.78641982 0.01240293
v 0.67128256 0.80000340 0.02067155
v 0.68268054 0.81358699 0.02894016
v 0.69407852 0.82717057 0.03720878
v 0.70547650 0.84075415 0.04547740
v 0.71687448 0.85433774 0.05374602
v 0.72827246 0.86792132 0.06201464
v 0.73967044 0.88150490 0.07028325
v 0.75106842 0.89508849 0.07855187
v 0.76246640 0.90867207 0.08682049
v 0.77386438 0.92225565 0.09508911
v 0.49115708 0.62865239 -0.09863351
v 0.50198355 0.64250964 -0.09005668
v 0.51281002 0.65636689 -0.08147985
v 0.52363649 0.67022414 -0.07290303
v 0.53446296 0.68408139 -0.06432620
v 0.54528943 0.69793864 -0.05574937
v 0.55611589 0.71179589 -0.04717255
v 0.56694236 0.72565313 -0.03859572
v 0.57776883 0.73951038 -0.03001889
v 0.58859530 0.75336763 -0.02144207
v 0.59942177 0.76722488 -0.01286524
v 0.61024824 0.78108213 -0.00428841
v 0.62107471 0.79493938 0.00428841
v 0.63190118 0.80879663 0.01286524
v 0.64272765 0.82265388 0.02144207
v 0.65355412 0.83651112 0.03001889
v 0.66438059 0.85036837 0.03859572
v 0.67520706 0.86422562 0.04717255
v 0.68603352 0.87808287 0.05574937
v 0.69685999 0.89194012 0.06432620
v 0.70768646 0.90579737 0.07290303
v 0.71851293 0.91965462 0.08147985
v 0.72933940 0.93351186 0.09005668
v 0.74016587 0.94736911 0.09863351
v 0.46994814 0.64682812 -0.10214786
v 0.48019485 0.66093150 -0.09326544
v 0.49044155 0.67503488 -0.08438302
v 0.50068826 0.68913826 -0.07550059
v 0.51093496 0.70324164 -0.06661817
v 0.52118167 0.71734502 -0.05773575
v 0.53142837 0.73144840 -0.04885333
v 0.54167508 0.74555178 -0.03997090
v 0.55192178 0.75965516 -0.03108848
v 0.56216849 0.77375854 -0.02220606
v 0.57241519 0.78786192 -0.01332363
v 0.58266190 0.80196530 -0.00444121
v 0.59290860 0.81606868 0.00444121
v 0.60315531 0.83017206 0.01332363
v 0.61340202 0.84427544 0.02220606
v 0.62364872 0.85837882 0.03108848
v 0.63389543 0.87248220 0.03997090
v 0.64414213 0.88658558 0.04885333
v 0.65438884 0.90068896 0.05773575
v 0.66463554 0.91479234 0.06661817
v 0.67488225 0.92889572 0.07550059
v 0.68512895 0.94299910 0.08438302
v 0.69537566 0.95710248 0.09326544
v 0.70562236 0.97120586 0.10214786
v 0.44810185 0.66433831 -0.10563110
v 0.45776194 0.67865998 -0.09644579
v 0.46742203 0.69298166 -0.08726048
v 0.47708212 0.70730333 -0.07807516
v 0.48674221 0.72162501 -0.06888985
v 0.49640231 0.73594668 -0.05970454
v 0.50606240 0.75026836 -0.05051922
v 0.51572249 0.76459003 -0.04133391
v 0.52538258 0.77891171 -0.03214860
v 0.53504267 0.79323338 -0.02296328
v 0.54470277 0.80755506 -0.01377797
v 0.55436286 0.82187673 -0.00459266
v 0.56402295 0.83619841 0.00459266
v 0.57368304 0.85052009 0.01377797
v 0.58334313 0.86484176 0.02296328
v 0.59300322 0.87916344 0.03214860
v 0.60266332 0.89348511 0.04133391
v 0.61232341 0.90780679 0.05051922
v 0.62198350 0.92212846 0.05970454
v 0.63164359 0.93645014 0.06888985
v 0.64130368 0.95077181 0.07807516
v 0.65096378 0.96509349 0.08726048
v 0.66062387 0.97941516 0.09644579
v 0.67028396 0.99373684 0.10563110
v 0.42563675 0.68116119 -0.10908216
v 0.43470480 0.69567310 -0.09959676
v 0.44377284 0.71018500 -0.09011135
v 0.45284089 0.72469691 -0.08062595
v 0.46190893 0.73920881 -0.07114054
v 0.47097697 0.75372072 -0.06165514
v 0.48004502 0.76823262 -0.05216973
v 0.48911306 0.78274452 -0.04268433
v 0.49818111 0.79725643 -0.03319892
v 0.50724915 0.81176833 -0.02371351
v 0.51631720 0.82628024 -0.01422811
v 0.52538524 0.84079214 -0.00474270
v 0.53445329 0.85530405 0.00474270
v 0.54352133 0.86981595 0.01422811
v 0.55258938 0.88432786 0.02371351
v 0.56165742 0.89883976 0.03319892
v 0.57072546 0.91335167 0.04268433
v 0.57979351 0.92786357 0.05216973
v 0.58886155 0.94237548 0.06165514
v 0.59792960 0.95688738 0.07114054
v 0.60699764 0.97139929 0.08062595
v 0.61606569 0.98591119 0.09011135
v 0.62513373 1.00042310 0.09959676
v 0.63420178 1.01493500 0.10908216
v 0.40257214 0.69727540 -0.11250000
v 0.41104413 0.71194932 -0.10271739
v 0.41951612 0.72662323 -0.09293478
v 0.42798811 0.74129714 -0.08315217
v 0.43646009 0.75597106 -0.07336957
v 0.44493208 0.77064497 -0.06358696
v 0.45340407 0.78531888 -0.05380435
v 0.46187606 0.79999280 -0.04402174
v 0.47034804 0.81466671 -0.03423913
v 0.47882003 0.82934062 -0.02445652
v 0.48729202 0.84401453 -0.01467391
v 0.49576401 0.85868845 -0.00489130
v 0.50423599 0.87336236 0.00489130
v 0.51270798 0.88803627 0.01467391
v 0.52117997 0.90271019 0.02445652
v 0.52965196 0.91738410 0.03423913
v 0.53812394 0.93205801 0.04402174
v 0.54659593 0.94673193 0.05380435
v 0.55506792 0.96140584 0.06358696
v 0.56353991 0.97607975 0.07336957
v 0.57201189 0.99075366 0.08315217
v 0.58048388 1.00542758 0.09293478
v 0.58895587 1.02010149 0.10271739
v 0.59742786 1.03477540 0.11250000
v 0.37892804 0.71265999 -0.11588357
v 0.38680139 0.72746760 -0.10580673
v 0.39467474 0.74227522 -0.09572990
v 0.40254809 0.75708284 -0.08565307
v 0.41042144 0.77189046 -0.07557624
v 0.41829479 0.78669808 -0.06549941
v 0.42616814 0.80150569 -0.05542258
v 0.43404149 0.81631331 -0.04534574
v 0.44191484 0.83112093 -0.03526891
v 0.44978819 0.84592855 -0.02519208
v 0.45766154 0.86073617 -0.01511525
v 0.46553489 0.87554378 -0.00503842
v 0.47340824 0.89035140 0.00503842
v 0.48128159 0.90515902 0.01511525
v 0.48915494 0.91996664 0.02519208
v 0.49702829 0.93477426 0.03526891
v 0.50490164 0.94958187 0.04534574
v 0.51277499 0.96438949 0.05542258
v 0.52064834 0.97919711 0.06549941
v 0.52852169 0.99400473 0.07557624
v 0.53639504 1.00881235 0.08565307
v 0.54426839 1.02361996 0.09572990
v 0.55214174 1.03842758 0.10580673
v 0.56001509 1.05323520 0.11588357
v 0.35472519 0.72729442 -0.11923183
v 0.36199875 0.74220743 -0.10886385
v 0.36927231 0.75712044 -0.09849586
v 0.37654587 0.77203345 -0.08812788
v 0.38381943 0.78694646 -0.07775989
v 0.39109300 0.80185947 -0.06739191
v 0.39836656 0.81677248 -0.05702392
v 0.40564012 0.83168550 -0.04665594
v 0.41291368 0.84659851 -0.03628795
v 0.42018724 0.86151152 -0.02591996
v 0.42746080 0.87642453 -0.01555198
v 0.43473437 0.89133754 -0.00518399
v 0.44200793 0.90625055 0.00518399
v 0.44928149 0.92116356 0.01555198
v 0.45655505 0.93607657 0.02591996
v 0.46382861 0.95098959 0.03628795
v 0.47110217 0.96590260 0.04665594
v 0.47837574 0.98081561 0.05702392
v 0.48564930 0.99572862 0.06739191
v 0.49292286 1.01064163 0.07775989
v 0.50019642 1.02555464 0.08812788
v 0.50746998 1.04046765 0.09849586
v 0.51474354 1.05538067 0.10886385
v 0.52201711 1.07029368 0.11923183
v 0.32998508 0.74115863 -0.12254378
v 0.33665913 0.75614879 -0.11188780
v 0.34333318 0.77113895 -0.10123182
v 0.35000723 0.78612911 -0.09057584
v 0.35668128 0.80111926 -0.07991986
v 0.36335533 0.81610942 -0.06926388
v 0.37002937 0.83109958 -0.05860790
v 0.37670342 0.84608974 -0.04795192
v 0.38337747 0.86107990 -0.03729593
v 0.39005152 0.87607006 -0.02663995
v 0.39672557 0.89106022 -0.01598397
v 0.40339962 0.90605038 -0.00532799
v 0.41007367 0.92104054 0.00532799
v 0.41674772 0.93603070 0.01598397
v 0.42342177 0.95102086 0.02663995
v 0.43009581 0.96601101 0.03729593
v 0.43676986 0.98100117 0.04795192
v 0.44344391 0.99599133 0.05860790
v 0.45011796 1.01098149 0.06926388
v 0.45679201 1.02597165 0.07991986
v 0.46346606 1.04096181 0.09057584
v 0.47014011 1.05595197 0.10123182
v 0.47681416 1.07094213 0.11188780
v 0.48348820 1.08593229 0.12254378
v 0.30472993 0.75423305 -0.12581840
v 0.31080616 0.76927225 -0.11487767
v 0.31688239 0.78431145 -0.10393694
v 0.32295863 0.79935065 -0.09299621
v 0.32903486 0.81438985 -0.08205548
v 0.33511109 0.82942905 -0.07111475
v 0.34118732 0.84446825 -0.06017402
v 0.34726355 0.85950745 -0.04923329
v 0.35333978 0.87454665 -0.03829256
v 0.35941601 0.88958585 -0.02735183
v 0.36549225 0.90462505 -0.01641110
v 0.37156848 0.91966425 -0.00547037
v 0.37764471 0.93470345 0.00547037
v 0.38372094 0.94974266 0.01641110
v 0.38979717 0.96478186 0.02735183
v 0.39587340 0.97982106 0.03829256
v 0.40194963 0.99486026 0.04923329
v 0.40802587 1.00989946 0.06017402
v 0.41410210 1.02493866 0.07111475
v 0.42017833 1.03997786 0.08205548
v 0.42625456 1.05501706 0.09299621
v 0.43233079 1.07005626 0.10393694
v 0.43840702 1.08509546 0.11487767
v 0.44448326 1.10013466 0.12581840
v 0.27898268 0.76649862 -0.12905470
v 0.28446420 0.78155896 -0.11783255
v 0.28994572 0.79661931 -0.10661040
v 0.29542724 0.81167966 -0.09538826
v 0.30090875 0.82674001 -0.08416611
v 0.30639027 0.84180036 -0.07294396
v 0.31187179 0.85686071 -0.06172181
v 0.31735331 0.87192105 -0.05049966
v 0.32283483 0.88698140 -0.03927752
v 0.32831635 0.90204175 -0.02805537
v 0.33379787 0.91710210 -0.01683322
v 0.33927938 0.93216245 -0.00561107
v 0.34476090 0.94722279 0.00561107
v 0.35024242 0.96228314 0.01683322
v 0.35572394 0.97734349 0.02805537
v 0.36120546 0.99240384 0.03927752
v 0.36668698 1.00746419 0.05049966
v 0.37216849 1.02252454 0.06172181
v 0.37765001 1.03758488 0.07294396
v 0.38313153 1.05264523 0.08416611
v 0.38861305 1.06770558 0.09538826
v 0.39409457 1.08276593 0.10661040
v 0.39957609 1.09782628 0.11783255
v 0.40505761 1.11288663 0.12905470
v 0.25276699 0.77793682 -0.13225168
v 0.25765830 0.79299070 -0.12075154
v 0.26254960 0.80804459 -0.10925139
v 0.26744091 0.82309848 -0.09775124
v 0.27233221 0.83815236 -0.08625110
v 0.27722352 0.85320625 -0.07475095
v 0.28211482 0.86826014 -0.06325080
v 0.28700612 0.88331403 -0.05175066
v 0.29189743 0.89836791 -0.04025051
v 0.29678873 0.91342180 -0.02875037
v 0.30168004 0.92847569 -0.01725022
v 0.30657134 0.94352957 -0.00575007
v 0.31146265 0.95858346 0.00575007
v 0.31635395 0.97363735 0.01725022
v 0.32124526 0.98869123 0.02875037
v 0.32613656 1.00374512 0.04025051
v 0.33102786 1.01879901 0.05175066
v 0.33591917 1.03385289 0.06325080
v 0.34081047 1.04890678 0.07475095
v 0.34570178 1.06396067 0.08625110
v 0.35059308 1.07901455 0.09775124
v 0.35548439 1.09406844 0.10925139
v 0.36037569 1.10912233 0.12075154
v 0.36526699 1.12417622 0.13225168
v 0.22610726 0.78852971 -0.13540838
v 0.23041422 0.80354988 -0.12363374
v 0.23472119 0.81857005 -0.11185910
v 0.23902815 0.83359023 -0.10008445
v 0.24333512 0.84861040 -0.08830981
v 0.24764208 0.86363057 -0.07653517
v 0.25194905 0.87865075 -0.06476053
v 0.25625601 0.89367092 -0.05298589
v 0.26056298 0.90869109 -0.04121125
v 0.26486994 0.92371126 -0.02943660
v 0.26917691 0.93873144 -0.01766196
v 0.27348387 0.95375161 -0.00588732
v 0.27779084 0.96877178 0.00588732
v 0.28209780 0.98379196 0.01766196
v 0.28640477 0.99881213 0.02943660
v 0.29071173 1.01383230 0.04121125
v 0.29501870 1.02885247 0.05298589
v 0.29932566 1.04387265 0.06476053
v 0.30363263 1.05889282 0.07653517
v 0.30793960 1.07391299 0.08830981
v 0.31224656 1.08893317 0.10008445
v 0.31655353 1.10395334 0.11185910
v 0.32086049 1.11897351 0.12363374
v 0.32516746 1.13399368 0.13540838
v 0.19902856 0.79825995 -0.13852383
v 0.20275841 0.81321958 -0.12647828
v 0.20648827 0.82817921 -0.11443273
v 0.21021812 0.84313885 -0.10238718
v 0.21394798 0.85809848 -0.09034163
v 0.21767784 0.87305811 -0.07829608
v 0.22140769 0.88801774 -0.06625053
v 0.22513755 0.90297738 -0.05420498
v 0.22886740 0.91793701 -0.04215943
v 0.23259726 0.93289664 -0.03011388
v 0.23632711 0.94785628 -0.01806833
v 0.24005697 0.96281591 -0.00602278
v 0.24378682 0.97777554 0.00602278
v 0.24751668 0.99273518 0.01806833
v 0.25124653 1.00769481 0.03011388
v 0.25497639 1.02265444 0.04215943
v 0.25870625 1.03761407 0.05420498
v 0.26243610 1.05257371 0.06625053
v 0.26616596 1.06753334 0.07829608
v 0.26989581 1.08249297 0.09034163
v 0.27362567 1.09745261 0.10238718
v 0.27735552 1.11241224 0.11443273
v 0.28108538 1.12737187 0.12647828
v 0.28481523 1.14233151 0.13852383
v 0.17155670 0.80711082 -0.14159709
v 0.17471800 0.82198359 -0.12928430
v 0.17787931 0.83685635 -0.11697151
v 0.18104061 0.85172911 -0.10465872
v 0.18420192 0.86660188 -0.09234593
v 0.18736322 0.88147464 -0.08003314
v 0.19052452 0.89634740 -0.06772035
v 0.19368583 0.91122017 -0.05540756
v 0.19684713 0.92609293 -0.04309477
v 0.20000843 0.94096569 -0.03078198
v 0.20316974 0.95583846 -0.01846919
v 0.20633104 0.97071122 -0.00615640
v 0.20949234 0.98558398 0.00615640
v 0.21265365 1.00045675 0.01846919
v 0.21581495 1.01532951 0.03078198
v 0.21897625 1.03020227 0.04309477
v 0.22213756 1.04507504 0.05540756
v 0.22529886 1.05994780 0.06772035
v 0.22846016 1.07482056 0.08003314
v 0.23162147 1.08969333 0.09234593
v 0.23478277 1.10456609 0.10465872
v 0.23794407 1.11943885 0.11697151
v 0.24110538 1.13431162 0.12928430
v 0.24426668 1.14918438 0.14159709
v 0.14371818 0.81506629 -0.14462721
v 0.14632079 0.82982642 -0.13205093
v 0.14892340 0.84458654 -0.11947465
v 0.15152600 0.85934667 -0.10689837
v 0.15412861 0.87410680 -0.09432209
v 0.15673122 0.88886693 -0.08174582
v 0.15933383 0.90362705 -0.06916954
v 0.16193644 0.91838718 -0.05659326
v 0.16453905 0.93314731 -0.04401698
v 0.16714166 0.94790743 -0.03144070
v 0.16974426 0.96266756 -0.01886442
v 0.17234687 0.97742769 -0.00628814
v 0.17494948 0.99218782 0.00628814
v 0.17755209 1.00694794 0.01886442
v 0.18015470 1.02170807 0.03144070
v 0.18275731 1.03646820 0.04401698
v 0.18535992 1.05122833 0.05659326
v 0.18796253 1.06598845 0.06916954
v 0.19056513 1.08074858 0.08174582
v 0.19316774 1.09550871 0.09432209
v 0.19577035 1.11026884 0.10689837
v 0.19837296 1.12502896 0.11947465
v 0.20097557 1.13978909 0.13205093
v 0.20357818 1.15454922 0.14462721
v 0.11554016 0.82211099 -0.14761328
v 0.11759520 0.83673334 -0.13477734
v 0.11965024 0.85135570 -0.12194141
v 0.12170528 0.86597805 -0.10910547
v 0.12376032 0.88060041 -0.09626953
v 0.12581535 0.89522276 -0.08343359
v 0.12787039 0.90984512 -0.07059766
v 0.12992543 0.92446747 -0.05776172
v 0.13198047 0.93908983 -0.04492578
v 0.13403551 0.95371218 -0.03208984
v 0.13609054 0.96833454 -0.01925391
v 0.13814558 0.98295689 -0.00641797
v 0.14020062 0.99757925 0.00641797
v 0.14225566 1.01220160 0.01925391
v 0.14431070 1.02682396 0.03208984
v 0.14636573 1.04144631 0.04492578
v 0.14842077 1.05606867 0.05776172
v 0.15047581 1.07069102 0.07059766
v 0.15253085 1.08531337 0.08343359
v 0.15458589 1.09993573 0.09626953
v 0.15664092 1.11455808 0.10910547
v 0.15869596 1.12918044 0.12194141
v 0.16075100 1.14380279 0.13477734
v 0.16280604 1.15842515 0.14761328
v 0.08705051 0.82823029 -0.15055439
v 0.08857033 0.84269043 -0.13746270
v 0.09009016 0.85715057 -0.12437101
v 0.09160998 0.87161071 -0.11127933
v 0.09312980 0.88607085 -0.09818764
v 0.09464962 0.90053099 -0.08509596
v 0.09616944 0.91499113 -0.07200427
v 0.09768926 0.92945127 -0.05891259
v 0.09920909 0.94391141 -0.04582090
v 0.10072891 0.95837155 -0.03272921
v 0.10224873 0.97283169 -0.01963753
v 0.10376855 0.98729183 -0.00654584
v 0.10528837 1.00175197 0.00654584
v 0.10680820 1.01621210 0.01963753
v 0.10832802 1.03067224 0.03272921
v 0.10984784 1.04513238 0.04582090
v 0.11136766 1.05959252 0.05891259
v 0.11288748 1.07405266 0.07200427
v 0.11440731 1.08851280 0.08509596
v 0.11592713 1.10297294 0.09818764
v 0.11744695 1.11743308 0.11127933
v 0.11896677 1.13189322 0.12437101
v 0.12048659 1.14635336 0.13746270
v 0.12200642 1.16081350 0.15055439
v 0.05827773 0.83341031 -0.15344963
v 0.05927588 0.84768455 -0.14010618
v 0.06027403 0.86195879 -0.12676274
v 0.06127218 0.87623303 -0.11341929
v 0.06227033 0.89050727 -0.10007585
v 0.06326849 0.90478150 -0.08673240
v 0.06426664 0.91905574 -0.07338895
v 0.06526479 0.93332998 -0.06004551
v 0.06626294 0.94760422 -0.04670206
v 0.06726109 0.96187846 -0.03335862
v 0.06825925 0.97615269 -0.02001517
v 0.06925740 0.99042693 -0.00667172
v 0.07025555 1.00470117 0.00667172
v 0.07125370 1.01897541 0.02001517
v 0.07225185 1.03324965 0.03335862
v 0.07325001 1.04752388 0.04670206
v 0.07424816 1.06179812 0.06004551
v 0.07524631 1.07607236 0.07338895
v 0.07624446 1.09034660 0.08673240
v 0.07724261 1.10462083 0.10007585
v 0.07824077 1.11889507 0.11341929
v 0.07923892 1.13316931 0.12676274
v 0.08023707 1.14744355 0.14010618
v 0.08123522 1.16171779 0.15344963
v 0.02925096 0.83763797 -0.15629813
v 0.02974214 0.85170343 -0.14270699
v 0.03023332 0.86576890 -0.12911585
v 0.03072449 0.87983437 -0.11552471
v 0.03121567 0.89389983 -0.10193357
v 0.03170685 0.90796530 -0.08834242
v 0.03219802 0.92203076 -0.07475128
v 0.03268920 0.93609623 -0.06116014
v 0.03318038 0.95016170 -0.04756900
v 0.03367155 0.96422716 -0.03397786
v 0.03416273 0.97829263 -0.02038671
v 0.03465391 0.99235809 -0.00679557
v 0.03514509 1.00642356 0.00679557
v 0.03563626 1.02048903 0.02038671
v 0.03612744 1.03455449 0.03397786
v 0.03661862 1.04861996 0.04756900
v 0.03710979 1.06268542 0.06116014
v 0.03760097 1.07675089 0.07475128
v 0.03809215 1.09081636 0.08834242
v 0.03858332 1.10488182 0.10193357
v 0.03907450 1.11894729 0.11552471
v 0.03956568 1.13301275 0.12911585
v 0.04005685 1.14707822 0.14270699
v 0.04054803 1.16114369 0.15629813
v 0.00000000 0.84090097 -0.15909903
v 0.00000000 0.85473567 -0.14526433
v 0.00000000 0.86857037 -0.13142963
v 0.00000000 0.88240507 -0.11759493
v 0.00000000 0.89623977 -0.10376023
v 0.00000000 0.91007446 -0.08992554
v 0.00000000 0.92390916 -0.07609084
v 0.00000000 0.93774386 -0.06225614
v 0.00000000 0.95157856 -0.04842144
v 0.00000000 0.96541326 -0.03458674
v 0.00000000 0.97924795 -0.02075205
v 0.00000000 0.99308265 -0.00691735
v 0.00000000 1.00691735 0.00691735
v 0.00000000 1.02075205 0.02075205
v 0.00000000 1.03458674 0.03458674
v 0.00000000 1.04842144 0.04842144
v 0.00000000 1.06225614 0.06225614
v 0.00000000 1.07609084 0.07609084
v 0.00000000 1.08992554 0.08992554
v 0.00000000 1.10376023 0.10376023
v 0.00000000 1.11759493 0.11759493
v 0.00000000 1.13142963 0.13142963
v 0.00000000 1.14526433 0.14526433
v 0.00000000 1.15909903 0.15909903
v -0.02944477 0.84318791 -0.16185146
v -0.02991909 0.85677077 -0.14777742
v -0.03039342 0.87035363 -0.13370338
v -0.03086774 0.88393649 -0.11962934
v -0.03134207 0.89751936 -0.10555530
v -0.03181639 0.91110222 -0.09148126
v -0.03229071 0.92468508 -0.07740722
v -0.03276504 0.93826794 -0.06333318
v -0.03323936 0.95185081 -0.04925914
v -0.03371369 0.96543367 -0.03518510
v -0.03418801 0.97901653 -0.02111106
v -0.03466233 0.99259940 -0.00703702
v -0.03513666 1.00618226 0.00703702
v -0.03561098 1.01976512 0.02111106
v -0.03608531 1.03334798 0.03518510
v -0.03655963 1.04693085 0.04925914
v -0.03703395 1.06051371 0.06333318
v -0.03750828 1.07409657 0.07740722
v -0.03798260 1.08767943 0.09148126
v -0.03845693 1.10126230 0.10555530
v -0.03893125 1.11484516 0.11962934
v -0.03940557 1.12842802 0.13370338
v -0.03987990 1.14201089 0.14777742
v -0.04035422 1.15559375 0.16185146
v -0.05905237 0.84448821 -0.16455458
v -0.05998316 0.85779916 -0.15024549
v -0.06091395 0.87111010 -0.13593639
v -0.06184474 0.88442104 -0.12162730
v -0.06277554 0.89773198 -0.10731821
v -0.06370633 0.91104293 -0.09300911
v -0.06463712 0.92435387 -0.07870002
v -0.06556791 0.93766481 -0.06439092
v -0.06649870 0.95097575 -0.05008183
v -0.06742949 0.96428669 -0.03577274
v -0.06836029 0.97759764 -0.02146364
v -0.06929108 0.99090858 -0.00715455
v -0.07022187 1.00421952 0.00715455
v -0.07115266 1.01753046 0.02146364
v -0.07208345 1.03084141 0.03577274
v -0.07301424 1.04415235 0.05008183
v -0.07394504 1.05746329 0.06439092
v -0.07487583 1.07077423 0.07870002
v -0.07580662 1.08408517 0.09300911
v -0.07673741 1.09739612 0.10731821
v -0.07766820 1.11070706 0.12162730
v -0.07859900 1.12401800 0.13593639
v -0.07952979 1.13732894 0.15024549
v -0.08046058 1.15063989 0.16455458
v -0.08879124 0.84479226 -0.16720759
v -0.09015970 0.85781223 -0.15266780
v -0.09152815 0.87083220 -0.13812801
v -0.09289661 0.88385217 -0.12358822
v -0.09426506 0.89687213 -0.10904843
v -0.09563351 0.90989210 -0.09450864
v -0.09700197 0.92291207 -0.07996885
v -0.09837042 0.93593204 -0.06542906
v -0.09973887 0.94895201 -0.05088927
v -0.10110733 0.96197197 -0.03634948
v -0.10247578 0.97499194 -0.02180969
v -0.10384424 0.98801191 -0.00726990
v -0.10521269 1.00103188 0.00726990
v -0.10658114 1.01405185 0.02180969
v -0.10794960 1.02707182 0.03634948
v -0.10931805 1.04009178 0.05088927
v -0.11068651 1.05311175 0.06542906
v -0.11205496 1.06613172 0.07996885
v -0.11342341 1.07915169 0.09450864
v -0.11479187 1.09217166 0.10904843
v -0.11616032 1.10519162 0.12358822
v -0.11752877 1.11821159 0.13812801
v -0.11889723 1.13123156 0.15266780
v -0.12026568 1.14425153 0.16720759
v -0.11862930 0.84409135 -0.16980966
v -0.12041572 0.85680237 -0.15504360
v -0.12220214 0.86951339 -0.14027754
v -0.12398855 0.88222441 -0.12551148
v -0.12577497 0.89493543 -0.11074543
v -0.12756139 0.90764644 -0.09597937
v -0.12934781 0.92035746 -0.08121331
v -0.13113422 0.93306848 -0.06644726
v -0.13292064 0.94577950 -0.05168120
v -0.13470706 0.95849052 -0.03691514
v -0.13649348 0.97120154 -0.02214909
v -0.13827989 0.98391256 -0.00738303
v -0.14006631 0.99662358 0.00738303
v -0.14185273 1.00933460 0.02214909
v -0.14363914 1.02204562 0.03691514
v -0.14542556 1.03475664 0.05168120
v -0.14721198 1.04746765 0.06644726
v -0.14899840 1.06017867 0.08121331
v -0.15078481 1.07288969 0.09597937
v -0.15257123 1.08560071 0.11074543
v -0.15435765 1.09831173 0.12551148
v -0.15614406 1.11102275 0.14027754
v -0.15793048 1.12373377 0.15504360
v -0.15971690 1.13644479 0.16980966
v -0.14853393 0.84237775 -0.17236000
v -0.15071777 0.85476297 -0.15737217
v -0.15290162 0.86714819 -0.14238435
v -0.15508547 0.87953341 -0.12739652
v -0.15726932 0.89191862 -0.11240870
v -0.15945317 0.90430384 -0.09742087
v -0.16163701 0.91668906 -0.08243304
v -0.16382086 0.92907427 -0.06744522
v -0.16600471 0.94145949 -0.05245739
v -0.16818856 0.95384471 -0.03746957
v -0.17037241 0.96622993 -0.02248174
v -0.17255625 0.97861514 -0.00749391
v -0.17474010 0.99100036 0.00749391
v -0.17692395 1.00338558 0.02248174
v -0.17910780 1.01577080 0.03746957
v -0.18129165 1.02815601 0.05245739
v -0.18347549 1.04054123 0.06744522
v -0.18565934 1.05292645 0.08243304
v -0.18784319 1.06531167 0.09742087
v -0.19002704 1.07769688 0.11240870
v -0.19221089 1.09008210 0.12739652
v -0.19439473 1.10246732 0.14238435
v -0.19657858 1.11485254 0.15737217
v -0.19876243 1.12723775 0.17236000
v -0.17847200 0.83964475 -0.17485784
v -0.18103197 0.85168848 -0.15965281
v -0.18359195 0.86373220 -0.14444778
v -0.18615192 0.87577593 -0.12924275
v -0.18871189 0.88781965 -0.11403772
v -0.19127187 0.89986338 -0.09883269
v -0.19383184 0.91190711 -0.08362766
v -0.19639181 0.92395083 -0.06842263
v -0.19895179 0.93599456 -0.05321760
v -0.20151176 0.94803829 -0.03801257
v -0.20407173 0.96008201 -0.02280754
v -0.20663170 0.97212574 -0.00760251
v -0.20919168 0.98416946 0.00760251
v -0.21175165 0.99621319 0.02280754
v -0.21431162 1.00825692 0.03801257
v -0.21687160 1.02030064 0.05321760
v -0.21943157 1.03234437 0.06842263
v -0.22199154 1.04438810 0.08362766
v -0.22455152 1.05643182 0.09883269
v -0.22711149 1.06847555 0.11403772
v -0.22967146 1.08051927 0.12924275
v -0.23223143 1.09256300 0.14444778
v -0.23479141 1.10460673 0.15965281
v -0.23735138 1.11665045 0.17485784
v -0.20840995 0.83588664 -0.17730242
v -0.21132403 0.84757439 -0.16188482
v -0.21423811 0.85926214 -0.14646722
v -0.21715219 0.87094988 -0.13104961
v -0.22006628 0.88263763 -0.11563201
v -0.22298036 0.89432538 -0.10021441
v -0.22589444 0.90601312 -0.08479681
v -0.22880852 0.91770087 -0.06937921
v -0.23172261 0.92938861 -0.05396161
v -0.23463669 0.94107636 -0.03854400
v -0.23755077 0.95276411 -0.02312640
v -0.24046485 0.96445185 -0.00770880
v -0.24337894 0.97613960 0.00770880
v -0.24629302 0.98782735 0.02312640
v -0.24920710 0.99951509 0.03854400
v -0.25212118 1.01120284 0.05396161
v -0.25503527 1.02289058 0.06937921
v -0.25794935 1.03457833 0.08479681
v -0.26086343 1.04626608 0.10021441
v -0.26377751 1.05795382 0.11563201
v -0.26669160 1.06964157 0.13104961
v -0.26960568 1.08132932 0.14646722
v -0.27251976 1.09301706 0.16188482
v -0.27543384 1.10470481 0.17730242
v -0.23831375 0.83109881 -0.17969299
v -0.24155928 0.84241732 -0.16406751
v -0.24480481 0.85373583 -0.14844204
v -0.24805034 0.86505434 -0.13281656
v -0.25129587 0.87637286 -0.11719108
v -0.25454140 0.88769137 -0.10156560
v -0.25778693 0.89900988 -0.08594013
v -0.26103247 0.91032839 -0.07031465
v -0.26427800 0.92164690 -0.05468917
v -0.26752353 0.93296542 -0.03906369
v -0.27076906 0.94428393 -0.02343822
v -0.27401459 0.95560244 -0.00781274
v -0.27726012 0.96692095 0.00781274
v -0.28050565 0.97823946 0.02343822
v -0.28375118 0.98955798 0.03906369
v -0.28699671 1.00087649 0.05468917
v -0.29024225 1.01219500 0.07031465
v -0.29348778 1.02351351 0.08594013
v -0.29673331 1.03483202 0.10156560
v -0.29997884 1.04615054 0.11719108
v -0.30322437 1.05746905 0.13281656
v -0.30646990 1.06878756 0.14844204
v -0.30971543 1.08010607 0.16406751
v -0.31296096 1.09142459 0.17969299
v -0.26814898 0.82527769 -0.18202882
v -0.27170272 0.83621498 -0.16620023
v -0.27525646 0.84715227 -0.15037164
v -0.27881020 0.85808956 -0.13454304
v -0.28236394 0.86902685 -0.11871445
v -0.28591768 0.87996414 -0.10288586
v -0.28947142 0.89090143 -0.08705726
v -0.29302516 0.90183872 -0.07122867
v -0.29657890 0.91277600 -0.05540008
v -0.30013264 0.92371329 -0.03957148
v -0.30368638 0.93465058 -0.02374289
v -0.30724012 0.94558787 -0.00791430
v -0.31079386 0.95652516 0.00791430
v -0.31434761 0.96746245 0.02374289
v -0.31790135 0.97839974 0.03957148
v -0.32145509 0.98933703 0.05540008
v -0.32500883 1.00027432 0.07122867
v -0.32856257 1.01121161 0.08705726
v -0.33211631 1.02214889 0.10288586
v -0.33567005 1.03308618 0.11871445
v -0.33922379 1.04402347 0.13454304
v -0.34277753 1.05496076 0.15037164
v -0.34633127 1.06589805 0.16620023
v -0.34988501 1.07683534 0.18202882
v -0.29788084 0.81842087 -0.18430921
v -0.30171904 0.82896624 -0.16828232
v -0.30555724 0.83951161 -0.15225543
v -0.30939544 0.85005698 -0.13622855
v -0.31323364 0.86060235 -0.12020166
v -0.31707184 0.87114772 -0.10417477
v -0.32091004 0.88169309 -0.08814788
v -0.32474824 0.89223846 -0.07212100
v -0.32858644 0.90278383 -0.05609411
v -0.33242464 0.91332920 -0.04006722
v -0.33626284 0.92387457 -0.02404033
v -0.34010104 0.93441994 -0.00801344
v -0.34393924 0.94496531 0.00801344
v -0.34777744 0.95551067 0.02404033
v -0.35161564 0.96605604 0.04006722
v -0.35545385 0.97660141 0.05609411
v -0.35929205 0.98714678 0.07212100
v -0.36313025 0.99769215 0.08814788
v -0.36696845 1.00823752 0.10417477
v -0.37080665 1.01878289 0.12020166
v -0.37464485 1.02932826 0.13622855
v -0.37848305 1.03987363 0.15225543
v -0.38232125 1.05041900 0.16828232
v -0.38615945 1.06096437 0.18430921
v -0.32747419 0.81052706 -0.18653345
v -0.33157266 0.82067113 -0.17031315
v -0.33567113 0.83081520 -0.15409285
v -0.33976960 0.84095927 -0.13787255
v -0.34386807 0.85110334 -0.12165225
v -0.34796654 0.86124741 -0.10543195
v -0.35206501 0.87139148 -0.08921165
v -0.35616348 0.88153554 -0.07299135
v -0.36026195 0.89167961 -0.05677105
v -0.36436042 0.90182368 -0.04055075
v -0.36845889 0.91196775 -0.02433045
v -0.37255736 0.92211182 -0.00811015
v -0.37665583 0.93225589 0.00811015
v -0.38075430 0.94239996 0.02433045
v -0.38485277 0.95254403 0.04055075
v -0.38895124 0.96268810 0.05677105
v -0.39304971 0.97283216 0.07299135
v -0.39714818 0.98297623 0.08921165
v -0.40124665 0.99312030 0.10543195
v -0.40534512 1.00326437 0.12165225
v -0.40944359 1.01340844 0.13787255
v -0.41354206 1.02355251 0.15409285
v -0.41764053 1.03369658 0.17031315
v -0.42173900 1.04384065 0.18653345
v -0.35689360 0.80159614 -0.18870088
v -0.36122777 0.81133086 -0.17229211
v -0.36556195 0.82106559 -0.15588333
v -0.36989613 0.83080031 -0.13947456
v -0.37423031 0.84053503 -0.12306579
v -0.37856449 0.85026976 -0.10665702
v -0.38289866 0.86000448 -0.09024825
v -0.38723284 0.86973920 -0.07383947
v -0.39156702 0.87947393 -0.05743070
v -0.39590120 0.88920865 -0.04102193
v -0.40023538 0.89894337 -0.02461316
v -0.40456955 0.90867810 -0.00820439
v -0.40890373 0.91841282 0.00820439
v -0.41323791 0.92814754 0.02461316
v -0.41757209 0.93788227 0.04102193
v -0.42190627 0.94761699 0.05743070
v -0.42624044 0.95735171 0.07383947
v -0.43057462 0.96708643 0.09024825
v -0.43490880 0.97682116 0.10665702
v -0.43924298 0.98655588 0.12306579
v -0.44357716 0.99629060 0.13947456
v -0.44791133 1.00602533 0.15588333
v -0.45224551 1.01576005 0.17229211
v -0.45657969 1.02549477 0.18870088
v -0.38610335 0.79162918 -0.19081082
v -0.39064838 0.80094787 -0.17421858
v -0.39519340 0.81026655 -0.15762633
v -0.39973843 0.81958523 -0.14103409
v -0.40428345 0.82890392 -0.12444184
v -0.40882848 0.83822260 -0.10784959
v -0.41337351 0.84754129 -0.09125735
v -0.41791853 0.85685997 -0.07466510
v -0.42246356 0.86617865 -0.05807286
v -0.42700858 0.87549734 -0.04148061
v -0.43155361 0.88481602 -0.02488837
v -0.43609863 0.89413470 -0.00829612
v -0.44064366 0.90345339 0.00829612
v -0.44518869 0.91277207 0.02488837
v -0.44973371 0.92209076 0.04148061
v -0.45427874 0.93140944 0.05807286
v -0.45882376 0.94072812 0.07466510
v -0.46336879 0.95004681 0.09125735
v -0.46791381 0.95936549 0.10784959
v -0.47245884 0.96868417 0.12444184
v -0.47700387 0.97800286 0.14103409
v -0.48154889 0.98732154 0.15762633
v -0.48609392 0.99664023 0.17421858
v -0.49063894 1.00595891 0.19081082
v -0.41506752 0.78062848 -0.19286264
v -0.41979831 0.78952579 -0.17609198
v -0.42452910 0.79842311 -0.15932131
v -0.42925988 0.80732042 -0.14255065
v -0.43399067 0.81621773 -0.12577998
v -0.43872145 0.82511505 -0.10900932
v -0.44345224 0.83401236 -0.09223866
v -0.44818303 0.84290968 -0.07546799
v -0.45291381 0.85180699 -0.05869733
v -0.45764460 0.86070431 -0.04192666
v -0.46237538 0.86960162 -0.02515600
v -0.46710617 0.87849894 -0.00838533
v -0.47183696 0.88739625 0.00838533
v -0.47656774 0.89629356 0.02515600
v -0.48129853 0.90519088 0.04192666
v -0.48602931 0.91408819 0.05869733
v -0.49076010 0.92298551 0.07546799
v -0.49549089 0.93188282 0.09223866
v -0.50022167 0.94078014 0.10900932
v -0.50495246 0.94967745 0.12577998
v -0.50968324 0.95857477 0.14255065
v -0.51441403 0.96747208 0.15932131
v -0.51914482 0.97636939 0.17609198
v -0.52387560 0.98526671 0.19286264
v -0.44375000 0.76859755 -0.19485572
v -0.44864130 0.77706953 -0.17791174
v -0.45353261 0.78554152 -0.16096777
v -0.45842391 0.79401351 -0.14402379
v -0.46331522 0.80248550 -0.12707981
v -0.46820652 0.81095748 -0.11013584
v -0.47309783 0.81942947 -0.09319186
v -0.47798913 0.82790146 -0.07624789
v -0.48288043 0.83637345 -0.05930391
v -0.48777174 0.84484543 -0.04235994
v -0.49266304 0.85331742 -0.02541596
v -0.49755435 0.86178941 -0.00847199
v -0.50244565 0.87026140 0.00847199
v -0.50733696 0.87873339 0.02541596
v -0.51222826 0.88720537 0.04235994
v -0.51711957 0.89567736 0.05930391
v -0.52201087 0.90414935 0.07624789
v -0.52690217 0.91262134 0.09319186
v -0.53179348 0.92109332 0.11013584
v -0.53668478 0.92956531 0.12707981
v -0.54157609 0.93803730 0.14402379
v -0.54646739 0.94650929 0.16096777
v -0.55135870 0.95498127 0.17791174
v -0.55625000 0.96345326 0.19485572
v -0.47211452 0.75554117 -0.19678943
v -0.47714102 0.76358525 -0.17967731
v -0.48216752 0.77162933 -0.16256518
v -0.48719402 0.77967341 -0.14545306
v -0.49222052 0.78771749 -0.12834094
v -0.49724702 0.79576158 -0.11122881
v -0.50227352 0.80380566 -0.09411669
v -0.50730002 0.81184974 -0.07700456
v -0.51232652 0.81989382 -0.05989244
v -0.51735302 0.82793790 -0.04278031
v -0.52237952 0.83598198 -0.02566819
v -0.52740601 0.84402606 -0.00855606
v -0.53243251 0.85207014 0.00855606
v -0.53745901 0.86011422 0.02566819
v -0.54248551 0.86815830 0.04278031
v -0.54751201 0.87620238 0.05989244
v -0.55253851 0.88424646 0.07700456
v -0.55756501 0.89229054 0.09411669
v -0.56259151 0.90033462 0.11122881
v -0.56761801 0.90837870 0.12834094
v -0.57264451 0.91642278 0.14545306
v -0.57767101 0.92446686 0.16256518
v -0.58269751 0.93251094 0.17967731
v -0.58772400 0.94055502 0.19678943
v -0.50012474 0.74146542 -0.19866321
v -0.50526110 0.74908039 -0.18138815
v -0.51039746 0.75669536 -0.16411309
v -0.51553383 0.76431033 -0.14683802
v -0.52067019 0.77192530 -0.12956296
v -0.52580655 0.77954027 -0.11228790
v -0.53094291 0.78715524 -0.09501284
v -0.53607927 0.79477021 -0.07773778
v -0.54121564 0.80238518 -0.06046272
v -0.54635200 0.81000015 -0.04318765
v -0.55148836 0.81761512 -0.02591259
v -0.55662472 0.82523009 -0.00863753
v -0.56176108 0.83284506 0.00863753
v -0.56689745 0.84046003 0.02591259
v -0.57203381 0.84807500 0.04318765
v -0.57717017 0.85568997 0.06046272
v -0.58230653 0.86330494 0.07773778
v -0.58744289 0.87091991 0.09501284
v -0.59257926 0.87853488 0.11228790
v -0.59771562 0.88614985 0.12956296
v -0.60285198 0.89376482 0.14683802
v -0.60798834 0.90137979 0.16411309
v -0.61312470 0.90899475 0.18138815
v -0.61826107 0.91660972 0.19866321
v -0.52774425 0.72637764 -0.20047647
v -0.53296520 0.73356367 -0.18304373
v -0.53818616 0.74074970 -0.16561100
v -0.54340712 0.74793573 -0.14817826
v -0.54862807 0.75512176 -0.13074552
v -0.55384903 0.76230779 -0.11331279
v -0.55906999 0.76949382 -0.09588005
v -0.56429095 0.77667985 -0.07844731
v -0.56951190 0.78386589 -0.06101458
v -0.57473286 0.79105192 -0.04358184
v -0.57995382 0.79823795 -0.02614910
v -0.58517477 0.80542398 -0.00871637
v -0.59039573 0.81261001 0.00871637
v -0.59561669 0.81979604 0.02614910
v -0.60083765 0.82698207 0.04358184
v -0.60605860 0.83416810 0.06101458
v -0.61127956 0.84135413 0.07844731
v -0.61650052 0.84854016 0.09588005
v -0.62172147 0.85572620 0.11331279
v -0.62694243 0.86291223 0.13074552
v -0.63216339 0.87009826 0.14817826
v -0.63738435 0.87728429 0.16561100
v -0.64260530 0.88447032 0.18304373
v -0.64782626 0.89165635 0.20047647
v -0.55493662 0.71028649 -0.20222866
v -0.56021705 0.71704512 -0.18464356
v -0.56549747 0.72380375 -0.16705846
v -0.57077789 0.73056238 -0.14947336
v -0.57605831 0.73732102 -0.13188826
v -0.58133873 0.74407965 -0.11430316
v -0.58661916 0.75083828 -0.09671805
v -0.59189958 0.75759691 -0.07913295
v -0.59718000 0.76435554 -0.06154785
v -0.60246042 0.77111417 -0.04396275
v -0.60774084 0.77787281 -0.02637765
v -0.61302126 0.78463144 -0.00879255
v -0.61830169 0.79139007 0.00879255
v -0.62358211 0.79814870 0.02637765
v -0.62886253 0.80490733 0.04396275
v -0.63414295 0.81166596 0.06154785
v -0.63942337 0.81842460 0.07913295
v -0.64470380 0.82518323 0.09671805
v -0.64998422 0.83194186 0.11430316
v -0.65526464 0.83870049 0.13188826
v -0.66054506 0.84545912 0.14947336
v -0.66582548 0.85221776 0.16705846
v -0.67110590 0.85897639 0.18464356
v -0.67638633 0.86573502 0.20222866
v -0.58166551 0.69320196 -0.20391925
v -0.58698047 0.69953609 -0.18618714
v -0.59229544 0.70587022 -0.16845503
v -0.59761040 0.71220435 -0.15072293
v -0.60292537 0.71853848 -0.13299082
v -0.60824034 0.72487260 -0.11525871
v -0.61355530 0.73120673 -0.09752660
v -0.61887027 0.73754086 -0.07979449
v -0.62418523 0.74387499 -0.06206238
v -0.62950020 0.75020912 -0.04433027
v -0.63481516 0.75654325 -0.02659816
v -0.64013013 0.76287738 -0.00886605
v -0.64544509 0.76921151 0.00886605
v -0.65076006 0.77554564 0.02659816
v -0.65607502 0.78187977 0.04433027
v -0.66138999 0.78821389 0.06206238
v -0.66670495 0.79454802 0.07979449
v -0.67201992 0.80088215 0.09752660
v -0.67733488 0.80721628 0.11525871
v -0.68264985 0.81355041 0.13299082
v -0.68796481 0.81988454 0.15072293
v -0.69327978 0.82621867 0.16845503
v -0.69859475 0.83255280 0.18618714
v -0.70390971 0.83888693 0.20391925
v -0.60789462 0.67513537 -0.20554773
v -0.61321949 0.68104924 -0.18767401
v -0.61854436 0.68696310 -0.16980030
v -0.62386923 0.69287697 -0.15192658
v -0.62919409 0.69879083 -0.13405287
v -0.63451896 0.70470470 -0.11617915
v -0.63984383 0.71061857 -0.09830544
v -0.64516870 0.71653243 -0.08043172
v -0.65049357 0.72244630 -0.06255800
v -0.65581844 0.72836016 -0.04468429
v -0.66114330 0.73427403 -0.02681057
v -0.66646817 0.74018789 -0.00893686
v -0.67179304 0.74610176 0.00893686
v -0.67711791 0.75201562 0.02681057
v -0.68244278 0.75792949 0.04468429
v -0.68776765 0.76384335 0.06255800
v -0.69309251 0.76975722 0.08043172
v -0.69841738 0.77567109 0.09830544
v -0.70374225 0.78158495 0.11617915
v -0.70906712 0.78749882 0.13405287
v -0.71439199 0.79341268 0.15192658
v -0.71971686 0.79932655 0.16980030
v -0.72504172 0.80524041 0.18767401
v -0.73036659 0.81115428 0.20554773
v -0.63358782 0.65609940 -0.20711359
v -0.63889831 0.66159856 -0.18910371
v -0.64420879 0.66709773 -0.17109384
v -0.64951927 0.67259689 -0.15308396
v -0.65482975 0.67809606 -0.13507408
v -0.66014024 0.68359523 -0.11706420
v -0.66545072 0.68909439 -0.09905433
v -0.67076120 0.69459356 -0.08104445
v -0.67607168 0.70009272 -0.06303457
v -0.68138216 0.70559189 -0.04502469
v -0.68669265 0.71109105 -0.02701482
v -0.69200313 0.71659022 -0.00900494
v -0.69731361 0.72208938 0.00900494
v -0.70262409 0.72758855 0.02701482
v -0.70793458 0.73308771 0.04502469
v -0.71324506 0.73858688 0.06303457
v -0.71855554 0.74408604 0.08104445
v -0.72386602 0.74958521 0.09905433
v -0.72917651 0.75508438 0.11706420
v -0.73448699 0.76058354 0.13507408
v -0.73979747 0.76608271 0.15308396
v -0.74510795 0.77158187 0.17109384
v -0.75041843 0.77708104 0.18910371
v -0.75572892 0.78258020 0.20711359
v -0.65870918 0.63610806 -0.20861637
v -0.66398141 0.64119939 -0.19047581
v -0.66925363 0.64629072 -0.17233526
v -0.67452586 0.65138205 -0.15419471
v -0.67979809 0.65647338 -0.13605415
v -0.68507032 0.66156472 -0.11791360
v -0.69034255 0.66665605 -0.09977305
v -0.69561477 0.67174738 -0.08163249
v -0.70088700 0.67683871 -0.06349194
v -0.70615923 0.68193004 -0.04535138
v -0.71143146 0.68702137 -0.02721083
v -0.71670369 0.69211270 -0.00907028
v -0.72197591 0.69720404 0.00907028
v -0.72724814 0.70229537 0.02721083
v -0.73252037 0.70738670 0.04535138
v -0.73779260 0.71247803 0.06349194
v -0.74306483 0.71756936 0.08163249
v -0.74833705 0.72266069 0.09977305
v -0.75360928 0.72775202 0.11791360
v -0.75888151 0.73284336 0.13605415
v -0.76415374 0.73793469 0.15419471
v -0.76942597 0.74302602 0.17233526
v -0.77469819 0.74811735 0.19047581
v -0.77997042 0.75320868 0.20861637
v -0.68322299 0.61517674 -0.21005560
v -0.68843358 0.61986838 -0.19178989
v -0.69364418 0.62456002 -0.17352419
v -0.69885477 0.62925166 -0.15525848
v -0.70406536 0.63394330 -0.13699278
v -0.70927596 0.63863494 -0.11872708
v -0.71448655 0.64332658 -0.10046137
v -0.71969715 0.64801822 -0.08219567
v -0.72490774 0.65270986 -0.06392996
v -0.73011834 0.65740150 -0.04566426
v -0.73532893 0.66209315 -0.02739856
v -0.74053953 0.66678479 -0.00913285
v -0.74575012 0.67147643 0.00913285
v -0.75096072 0.67616807 0.02739856
v -0.75617131 0.68085971 0.04566426
v -0.76138191 0.68555135 0.06392996
v -0.76659250 0.69024299 0.08219567
v -0.77180310 0.69493463 0.10046137
v -0.77701369 0.69962627 0.11872708
v -0.78222429 0.70431791 0.13699278
v -0.78743488 0.70900955 0.15525848
v -0.79264548 0.71370119 0.17352419
v -0.79785607 0.71839283 0.19178989
v -0.80306667 0.72308447 0.21005560
v -0.70709385 0.59332219 -0.21143084
v -0.71221999 0.59762353 -0.19304555
v -0.71734613 0.60192487 -0.17466026
v -0.72247227 0.60622621 -0.15627497
v -0.72759840 0.61052755 -0.13788968
v -0.73272454 0.61482889 -0.11950439
v -0.73785068 0.61913023 -0.10111910
v -0.74297682 0.62343158 -0.08273381
v -0.74810296 0.62773292 -0.06434852
v -0.75322910 0.63203426 -0.04596323
v -0.75835524 0.63633560 -0.02757794
v -0.76348137 0.64063694 -0.00919265
v -0.76860751 0.64493828 0.00919265
v -0.77373365 0.64923962 0.02757794
v -0.77885979 0.65354096 0.04596323
v -0.78398593 0.65784230 0.06434852
v -0.78911207 0.66214364 0.08273381
v -0.79423820 0.66644498 0.10111910
v -0.79936434 0.67074633 0.11950439
v -0.80449048 0.67504767 0.13788968
v -0.80961662 0.67934901 0.15627497
v -0.81474276 0.68365035 0.17466026
v -0.81986890 0.68795169 0.19304555
v -0.82499503 0.69225303 0.21143084
v -0.73028673 0.57056253 -0.21274168
v -0.73530621 0.57448417 -0.19424240
v -0.74032569 0.57840582 -0.17574313
v -0.74534517 0.58232747 -0.15724385
v -0.75036465 0.58624912 -0.13874457
v -0.75538413 0.59017077 -0.12024530
v -0.76040361 0.59409241 -0.10174602
v -0.76542309 0.59801406 -0.08324674
v -0.77044257 0.60193571 -0.06474747
v -0.77546205 0.60585736 -0.04624819
v -0.78048153 0.60977900 -0.02774891
v -0.78550101 0.61370065 -0.00924964
v -0.79052049 0.61762230 0.00924964
v -0.79553997 0.62154395 0.02774891
v -0.80055945 0.62546559 0.04624819
v -0.80557893 0.62938724 0.06474747
v -0.81059841 0.63330889 0.08324674
v -0.81561789 0.63723054 0.10174602
v -0.82063737 0.64115219 0.12024530
v -0.82565685 0.64507383 0.13874457
v -0.83067633 0.64899548 0.15724385
v -0.83569581 0.65291713 0.17574313
v -0.84071529 0.65683878 0.19424240
v -0.84573478 0.66076042 0.21274168
v -0.75276699 0.54691724 -0.21398772
v -0.75765830 0.55047098 -0.19538009
v -0.76254960 0.55402472 -0.17677246
v -0.76744091 0.55757846 -0.15816483
v -0.77233221 0.56113220 -0.13955721
v -0.77722352 0.56468594 -0.12094958
v -0.78211482 0.56823968 -0.10234195
v -0.78700612 0.57179342 -0.08373432
v -0.79189743 0.57534716 -0.06512670
v -0.79678873 0.57890090 -0.04651907
v -0.80168004 0.58245464 -0.02791144
v -0.80657134 0.58600838 -0.00930381
v -0.81146265 0.58956212 0.00930381
v -0.81635395 0.59311586 0.02791144
v -0.82124526 0.59666960 0.04651907
v -0.82613656 0.60022334 0.06512670
v -0.83102786 0.60377709 0.08373432
v -0.83591917 0.60733083 0.10234195
v -0.84081047 0.61088457 0.12094958
v -0.84570178 0.61443831 0.13955721
v -0.85059308 0.61799205 0.15816483
v -0.85548439 0.62154579 0.17677246
v -0.86037569 0.62509953 0.19538009
v -0.86526699 0.62865327 0.21398772
v -0.77450047 0.52240716 -0.21516857
v -0.77924283 0.52560592 -0.19645826
v -0.78398518 0.52880468 -0.17774795
v -0.78872754 0.53200344 -0.15903764
v -0.79346990 0.53520220 -0.14032733
v -0.79821225 0.53840096 -0.12161702
v -0.80295461 0.54159972 -0.10290671
v -0.80769697 0.54479848 -0.08419640
v -0.81243932 0.54799724 -0.06548609
v -0.81718168 0.55119600 -0.04677578
v -0.82192404 0.55439476 -0.02806547
v -0.82666639 0.55759352 -0.00935516
v -0.83140875 0.56079228 0.00935516
v -0.83615111 0.56399104 0.02806547
v -0.84089346 0.56718980 0.04677578
v -0.84563582 0.57038856 0.06548609
v -0.85037818 0.57358732 0.08419640
v -0.85512054 0.57678608 0.10290671
v -0.85986289 0.57998484 0.12161702
v -0.86460525 0.58318360 0.14032733
v -0.86934761 0.58638236 0.15903764
v -0.87408996 0.58958112 0.17774795
v -0.87883232 0.59277988 0.19645826
v -0.88357468 0.59597864 0.21516857
v -0.79545351 0.49705452 -0.21628388
v -0.80002695 0.49991232 -0.19747659
v -0.80460039 0.50277012 -0.17866929
v -0.80917383 0.50562793 -0.15986200
v -0.81374728 0.50848573 -0.14105471
v -0.81832072 0.51134354 -0.12224741
v -0.82289416 0.51420134 -0.10344012
v -0.82746760 0.51705915 -0.08463282
v -0.83204105 0.51991695 -0.06582553
v -0.83661449 0.52277475 -0.04701824
v -0.84118793 0.52563256 -0.02821094
v -0.84576137 0.52849036 -0.00940365
v -0.85033482 0.53134817 0.00940365
v -0.85490826 0.53420597 0.02821094
v -0.85948170 0.53706377 0.04701824
v -0.86405515 0.53992158 0.06582553
v -0.86862859 0.54277938 0.08463282
v -0.87320203 0.54563719 0.10344012
v -0.87777547 0.54849499 0.12224741
v -0.88234892 0.55135280 0.14105471
v -0.88692236 0.55421060 0.15986200
v -0.89149580 0.55706840 0.17866929
v -0.89606924 0.55992621 0.19747659
v -0.90064269 0.56278401 0.21628388
v -0.81559303 0.47088286 -0.21733331
v -0.81997846 0.47341478 -0.19843476
v -0.82436388 0.47594671 -0.17953621
v -0.82874930 0.47847863 -0.16063766
v -0.83313473 0.48101056 -0.14173912
v -0.83752015 0.48354248 -0.12284057
v -0.84190557 0.48607441 -0.10394202
v -0.84629100 0.48860634 -0.08504347
v -0.85067642 0.49113826 -0.06614492
v -0.85506185 0.49367019 -0.04724637
v -0.85944727 0.49620211 -0.02834782
v -0.86383269 0.49873404 -0.00944927
v -0.86821812 0.50126596 0.00944927
v -0.87260354 0.50379789 0.02834782
v -0.87698896 0.50632981 0.04724637
v -0.88137439 0.50886174 0.06614492
v -0.88575981 0.51139366 0.08504347
v -0.89014523 0.51392559 0.10394202
v -0.89453066 0.51645752 0.12284057
v -0.89891608 0.51898944 0.14173912
v -0.90330150 0.52152137 0.16063766
v -0.90768693 0.52405329 0.17953621
v -0.91207235 0.52658522 0.19843476
v -0.91645777 0.52911714 0.21733331
v -0.83488661 0.44391709 -0.21831654
v -0.83906583 0.44613921 -0.19933249
v -0.84324504 0.44836134 -0.18034844
v -0.84742426 0.45058347 -0.16136440
v -0.85160348 0.45280560 -0.14238035
v -0.85578269 0.45502773 -0.12339630
v -0.85996191 0.45724986 -0.10441226
v -0.86414112 0.45947199 -0.08542821
v -0.86832034 0.46169411 -0.06644416
v -0.87249955 0.46391624 -0.04746012
v -0.87667877 0.46613837 -0.02847607
v -0.88085799 0.46836050 -0.00949202
v -0.88503720 0.47058263 0.00949202
v -0.88921642 0.47280476 0.02847607
v -0.89339563 0.47502688 0.04746012
v -0.89757485 0.47724901 0.06644416
v -0.90175406 0.47947114 0.08542821
v -0.90593328 0.48169327 0.10441226
v -0.91011249 0.48391540 0.12339630
v -0.91429171 0.48613753 0.14238035
v -0.91847093 0.48835965 0.16136440
v -0.92265014 0.49058178 0.18034844
v -0.92682936 0.49280391 0.19933249
v -0.93100857 0.49502604 0.21831654
v -0.85330250 0.41618344 -0.21923326
v -0.85725828 0.41811280 -0.20016950
v -0.86121407 0.42004217 -0.18110574
v -0.86516986 0.42197153 -0.16204198
v -0.86912564 0.42390090 -0.14297822
v -0.87308143 0.42583027 -0.12391445
v -0.87703722 0.42775963 -0.10485069
v -0.88099300 0.42968900 -0.08578693
v -0.88494879 0.43161836 -0.06672317
v -0.88890458 0.43354773 -0.04765941
v -0.89286037 0.43547710 -0.02859564
v -0.89681615 0.43740646 -0.00953188
v -0.90077194 0.43933583 0.00953188
v -0.90472773 0.44126520 0.02859564
v -0.90868351 0.44319456 0.04765941
v -0.91263930 0.44512393 0.06672317
v -0.91659509 0.44705329 0.08578693
v -0.92055087 0.44898266 0.10485069
v -0.92450666 0.45091203 0.12391445
v -0.92846245 0.45284139 0.14297822
v -0.93241824 0.45477076 0.16204198
v -0.93637402 0.45670013 0.18110574
v -0.94032981 0.45862949 0.20016950
v -0.94428560 0.46055886 0.21923326
v -0.87080968 0.38770945 -0.22008321
v -0.87452584 0.38936399 -0.20094554
v -0.87824199 0.39101853 -0.18180787
v -0.88195815 0.39267307 -0.16267020
v -0.88567430 0.39432760 -0.14353253
v -0.88939045 0.39598214 -0.12439486
v -0.89310661 0.39763668 -0.10525719
v -0.89682276 0.39929122 -0.08611952
v -0.90053892 0.40094576 -0.06698185
v -0.90425507 0.40260030 -0.04784418
v -0.90797123 0.40425484 -0.02870651
v -0.91168738 0.40590937 -0.00956884
v -0.91540353 0.40756391 0.00956884
v -0.91911969 0.40921845 0.02870651
v -0.92283584 0.41087299 0.04784418
v -0.92655200 0.41252753 0.06698185
v -0.93026815 0.41418207 0.08611952
v -0.93398431 0.41583661 0.10525719
v -0.93770046 0.41749114 0.12439486
v -0.94141662 0.41914568 0.14353253
v -0.94513277 0.42080022 0.16267020
v -0.94884892 0.42245476 0.18180787
v -0.95256508 0.42410930 0.20094554
v -0.95628123 0.42576384 0.22008321
v -0.88737798 0.35852397 -0.22086612
v -0.89083936 0.35992246 -0.20166037
v -0.89430074 0.36132095 -0.18245462
v -0.89776212 0.36271944 -0.16324887
v -0.90122350 0.36411793 -0.14404312
v -0.90468488 0.36551642 -0.12483737
v -0.90814626 0.36691491 -0.10563162
v -0.91160764 0.36831339 -0.08642587
v -0.91506902 0.36971188 -0.06722012
v -0.91853040 0.37111037 -0.04801437
v -0.92199178 0.37250886 -0.02880862
v -0.92545316 0.37390735 -0.00960287
v -0.92891454 0.37530584 0.00960287
v -0.93237593 0.37670433 0.02880862
v -0.93583731 0.37810281 0.04801437
v -0.93929869 0.37950130 0.06722012
v -0.94276007 0.38089979 0.08642587
v -0.94622145 0.38229828 0.10563162
v -0.94968283 0.38369677 0.12483737
v -0.95314421 0.38509526 0.14404312
v -0.95660559 0.38649375 0.16324887
v -0.96006697 0.38789224 0.18245462
v -0.96352835 0.38929072 0.20166037
v -0.96698973 0.39068921 0.22086612
v -0.90297804 0.32865713 -0.22158174
v -0.90617061 0.32981913 -0.20231377
v -0.90936319 0.33098113 -0.18304579
v -0.91255576 0.33214313 -0.16377781
v -0.91574833 0.33330513 -0.14450983
v -0.91894090 0.33446714 -0.12524186
v -0.92213347 0.33562914 -0.10597388
v -0.92532605 0.33679114 -0.08670590
v -0.92851862 0.33795314 -0.06743792
v -0.93171119 0.33911514 -0.04816994
v -0.93490376 0.34027714 -0.02890197
v -0.93809633 0.34143914 -0.00963399
v -0.94128891 0.34260114 0.00963399
v -0.94448148 0.34376315 0.02890197
v -0.94767405 0.34492515 0.04816994
v -0.95086662 0.34608715 0.06743792
v -0.95405920 0.34724915 0.08670590
v -0.95725177 0.34841115 0.10597388
v -0.96044434 0.34957315 0.12524186
v -0.96363691 0.35073515 0.14450983
v -0.96682948 0.35189715 0.16377781
v -0.97002206 0.35305916 0.18304579
v -0.97321463 0.35422116 0.20231377
v -0.97640720 0.35538316 0.22158174
v -0.91758146 0.29814029 -0.22222988
v -0.92049234 0.29908609 -0.20290554
v -0.92340321 0.30003189 -0.18358120
v -0.92631409 0.30097769 -0.16425687
v -0.92922496 0.30192349 -0.14493253
v -0.93213583 0.30286929 -0.12560819
v -0.93504671 0.30381509 -0.10628385
v -0.93795758 0.30476089 -0.08695952
v -0.94086846 0.30570669 -0.06763518
v -0.94377933 0.30665249 -0.04831084
v -0.94669020 0.30759829 -0.02898651
v -0.94960108 0.30854409 -0.00966217
v -0.95251195 0.30948989 0.00966217
v -0.95542283 0.31043569 0.02898651
v -0.95833370 0.31138150 0.04831084
v -0.96124458 0.31232730 0.06763518
v -0.96415545 0.31327310 0.08695952
v -0.96706632 0.31421890 0.10628385
v -0.96997720 0.31516470 0.12560819
v -0.97288807 0.31611050 0.14493253
v -0.97579895 0.31705630 0.16425687
v -0.97870982 0.31800210 0.18358120
v -0.98162070 0.31894790 0.20290554
v -0.98453157 0.31989370 0.22222988
v -0.93116080 0.26700606 -0.22281032
v -0.93377827 0.26775661 -0.20343551
v -0.93639574 0.26850716 -0.18406070
v -0.93901321 0.26925770 -0.16468589
v -0.94163068 0.27000825 -0.14531108
v -0.94424814 0.27075880 -0.12593627
v -0.94686561 0.27150935 -0.10656146
v -0.94948308 0.27225989 -0.08718665
v -0.95210055 0.27301044 -0.06781184
v -0.95471802 0.27376099 -0.04843703
v -0.95733549 0.27451153 -0.02906222
v -0.95995296 0.27526208 -0.00968741
v -0.96257043 0.27601263 0.00968741
v -0.96518790 0.27676318 0.02906222
v -0.96780537 0.27751372 0.04843703
v -0.97042284 0.27826427 0.06781184
v -0.97304031 0.27901482 0.08718665
v -0.97565778 0.27976537 0.10656146
v -0.97827525 0.28051591 0.12593627
v -0.98089272 0.28126646 0.14531108
v -0.98351019 0.28201701 0.16468589
v -0.98612766 0.28276756 0.18406070
v -0.98874512 0.28351810 0.20343551
v -0.99136259 0.28426865 0.22281032
v -0.94368963 0.23528825 -0.22332288
v -0.94600321 0.23586509 -0.20390350
v -0.94831678 0.23644193 -0.18448412
v -0.95063035 0.23701877 -0.16506474
v -0.95294393 0.23759561 -0.14564536
v -0.95525750 0.23817244 -0.12622598
v -0.95757107 0.23874928 -0.10680660
v -0.95988465 0.23932612 -0.08738722
v -0.96219822 0.23990296 -0.06796783
v -0.96451179 0.24047980 -0.04854845
v -0.96682537 0.24105664 -0.02912907
v -0.96913894 0.24163348 -0.00970969
v -0.97145251 0.24221031 0.00970969
v -0.97376609 0.24278715 0.02912907
v -0.97607966 0.24336399 0.04854845
v -0.97839323 0.24394083 0.06796783
v -0.98070681 0.24451767 0.08738722
v -0.98302038 0.24509451 0.10680660
v -0.98533395 0.24567135 0.12622598
v -0.98764753 0.24624819 0.14564536
v -0.98996110 0.24682502 0.16506474
v -0.99227467 0.24740186 0.18448412
v -0.99458825 0.24797870 0.20390350
v -0.99690182 0.24855554 0.22332288
v -0.95514264 0.20302184 -0.22376743
v -0.95714307 0.20344704 -0.20430939
v -0.95914350 0.20387225 -0.18485135
v -0.96114393 0.20429745 -0.16539332
v -0.96314437 0.20472265 -0.14593528
v -0.96514480 0.20514786 -0.12647724
v -0.96714523 0.20557306 -0.10701920
v -0.96914566 0.20599827 -0.08756117
v -0.97114609 0.20642347 -0.06810313
v -0.97314652 0.20684868 -0.04864509
v -0.97514695 0.20727388 -0.02918706
v -0.97714739 0.20769909 -0.00972902
v -0.97914782 0.20812429 0.00972902
v -0.98114825 0.20854950 0.02918706
v -0.98314868 0.20897470 0.04864509
v -0.98514911 0.20939991 0.06810313
v -0.98714954 0.20982511 0.08756117
v -0.98914997 0.21025032 0.10701920
v -0.99115040 0.21067552 0.12647724
v -0.99315084 0.21110073 0.14593528
v -0.99515127 0.21152593 0.16539332
v -0.99715170 0.21195114 0.18485135
v -0.99915213 0.21237634 0.20430939
v -1.00115256 0.21280155 0.22376743
v -0.96549563 0.17024293 -0.22414381
v -0.96717495 0.17053904 -0.20465304
v -0.96885426 0.17083515 -0.18516228
v -0.97053358 0.17113126 -0.16567151
v -0.97221289 0.17142736 -0.14618074
v -0.97389221 0.17172347 -0.12668998
v -0.97557152 0.17201958 -0.10719921
v -0.97725084 0.17231569 -0.08770845
v -0.97893015 0.17261180 -0.06821768
v -0.98060947 0.17290791 -0.04872691
v -0.98228878 0.17320401 -0.02923615
v -0.98396810 0.17350012 -0.00974538
v -0.98564741 0.17379623 0.00974538
v -0.98732673 0.17409234 0.02923615
v -0.98900604 0.17438845 0.04872691
v -0.99068536 0.17468456 0.06821768
v -0.99236467 0.17498067 0.08770845
v -0.99404399 0.17527677 0.10719921
v -0.99572330 0.17557288 0.12668998
v -0.99740261 0.17586899 0.14618074
v -0.99908193 0.17616510 0.16567151
v -1.00076124 0.17646121 0.18516228
v -1.00244056 0.17675732 0.20465304
v -1.00411987 0.17705343 0.22414381
v -0.97472561 0.13698875 -0.22445191
v -0.97607713 0.13717869 -0.20493435
v -0.97742864 0.13736864 -0.18541680
v -0.97878016 0.13755858 -0.16589924
v -0.98013168 0.13774852 -0.14638168
v -0.98148320 0.13793847 -0.12686412
v -0.98283472 0.13812841 -0.10734657
v -0.98418624 0.13831836 -0.08782901
v -0.98553775 0.13850830 -0.06831145
v -0.98688927 0.13869824 -0.04879389
v -0.98824079 0.13888819 -0.02927634
v -0.98959231 0.13907813 -0.00975878
v -0.99094383 0.13926807 0.00975878
v -0.99229535 0.13945802 0.02927634
v -0.99364686 0.13964796 0.04879389
v -0.99499838 0.13983790 0.06831145
v -0.99634990 0.14002785 0.08782901
v -0.99770142 0.14021779 0.10734657
v -0.99905294 0.14040773 0.12686412
v -1.00040446 0.14059768 0.14638168
v -1.00175598 0.14078762 0.16589924
v -1.00310749 0.14097756 0.18541680
v -1.00445901 0.14116751 0.20493435
v -1.00581053 0.14135745 0.22445191
v -0.98281081 0.10329758 -0.22469165
v -0.98382917 0.10340461 -0.20515324
v -0.98484752 0.10351165 -0.18561484
v -0.98586588 0.10361868 -0.16607643
v -0.98688423 0.10372571 -0.14653803
v -0.98790259 0.10383275 -0.12699963
v -0.98892094 0.10393978 -0.10746122
v -0.98993930 0.10404681 -0.08792282
v -0.99095765 0.10415385 -0.06838441
v -0.99197601 0.10426088 -0.04884601
v -0.99299436 0.10436791 -0.02930761
v -0.99401272 0.10447495 -0.00976920
v -0.99503107 0.10458198 0.00976920
v -0.99604943 0.10468901 0.02930761
v -0.99706778 0.10479605 0.04884601
v -0.99808614 0.10490308 0.06838441
v -0.99910449 0.10501011 0.08792282
v -1.00012285 0.10511715 0.10746122
v -1.00114120 0.10522418 0.12699963
v -1.00215956 0.10533121 0.14653803
v -1.00317791 0.10543825 0.16607643
v -1.00419627 0.10554528 0.18561484
v -1.00521462 0.10565231 0.20515324
v -1.00623298 0.10575935 0.22469165
v -0.98973079 0.06920872 -0.22486294
v -0.99041194 0.06925635 -0.20530964
v -0.99109310 0.06930398 -0.18575634
v -0.99177425 0.06935161 -0.16620304
v -0.99245540 0.06939924 -0.14664974
v -0.99313656 0.06944687 -0.12709644
v -0.99381771 0.06949450 -0.10754314
v -0.99449886 0.06954213 -0.08798984
v -0.99518001 0.06958977 -0.06843655
v -0.99586117 0.06963740 -0.04888325
v -0.99654232 0.06968503 -0.02932995
v -0.99722347 0.06973266 -0.00977665
v -0.99790463 0.06978029 0.00977665
v -0.99858578 0.06982792 0.02932995
v -0.99926693 0.06987555 0.04888325
v -0.99994809 0.06992318 0.06843655
v -1.00062924 0.06997081 0.08798984
v -1.00131039 0.07001844 0.10754314
v -1.00199154 0.07006607 0.12709644
v -1.00267270 0.07011371 0.14664974
v -1.00335385 0.07016134 0.16620304
v -1.00403500 0.07020897 0.18575634
v -1.00471616 0.07025660 0.20530964
v -1.00539731 0.07030423 0.22486294
v -0.99546643 0.03476245 -0.22496573
v -0.99580768 0.03477437 -0.20540349
v -0.99614893 0.03478629 -0.18584126
v -0.99649018 0.03479820 -0.16627902
v -0.99683144 0.03481012 -0.14671678
v -0.99717269 0.03482204 -0.12715454
v -0.99751394 0.03483395 -0.10759231
v -0.99785519 0.03484587 -0.08803007
v -0.99819644 0.03485779 -0.06846783
v -0.99853770 0.03486970 -0.04890559
v -0.99887895 0.03488162 -0.02934336
v -0.99922020 0.03489354 -0.00978112
v -0.99956145 0.03490546 0.00978112
v -0.99990271 0.03491737 0.02934336
v -1.00024396 0.03492929 0.04890559
v -1.00058521 0.03494121 0.06846783
v -1.00092646 0.03495312 0.08803007
v -1.00126771 0.03496504 0.10759231
v -1.00160897 0.03497696 0.12715454
v -1.00195022 0.03498887 0.14671678
v -1.00229147 0.03500079 0.16627902
v -1.00263272 0.03501271 0.18584126
v -1.00297397 0.03502462 0.20540349
v -1.00331523 0.03503654 0.22496573
v -1.00000000 0.00000000 -0.22500000
v -1.00000000 0.00000000 -0.20543478
v -1.00000000 0.00000000 -0.18586957
v -1.00000000 0.00000000 -0.16630435
v -1.00000000 0.00000000 -0.14673913
v -1.00000000 0.00000000 -0.12717391
v -1.00000000 0.00000000 -0.10760870
v -1.00000000 0.00000000 -0.08804348
v -1.00000000 0.00000000 -0.06847826
v -1.00000000 0.00000000 -0.04891304
v -1.00000000 0.00000000 -0.02934783
v -1.00000000 0.00000000 -0.00978261
v -1.00000000 0.00000000 0.00978261
v -1.00000000 0.00000000 0.02934783
v -1.00000000 0.00000000 0.04891304
v -1.00000000 0.00000000 0.06847826
v -1.00000000 0.00000000 0.08804348
v -1.00000000 0.00000000 0.10760870
v -1.00000000 0.00000000 0.12717391
v -1.00000000 0.00000000 0.14673913
v -1.00000000 0.00000000 0.16630435
v -1.00000000 0.00000000 0.18586957
v -1.00000000 0.00000000 0.20543478
v -1.00000000 0.00000000 0.22500000
v -1.00331523 -0.03503654 -0.22496573
v -1.00297397 -0.03502462 -0.20540349
v -1.00263272 -0.03501271 -0.18584126
v -1.00229147 -0.03500079 -0.16627902
v -1.00195022 -0.03498887 -0.14671678
v -1.00160897 -0.03497696 -0.12715454
v -1.00126771 -0.03496504 -0.10759231
v -1.00092646 -0.03495312 -0.08803007
v -1.00058521 -0.03494121 -0.06846783
v -1.00024396 -0.03492929 -0.04890559
v -0.99990271 -0.03491737 -0.02934336
v -0.99956145 -0.03490546 -0.00978112
v -0.99922020 -0.03489354 0.00978112
v -0.99887895 -0.03488162 0.02934336
v -0.99853770 -0.03486970 0.04890559
v -0.99819644 -0.03485779 0.06846783
v -0.99785519 -0.03484587 0.08803007
v -0.99751394 -0.03483395 0.10759231
v -0.99717269 -0.03482204 0.12715454
v -0.99683144 -0.03481012 0.14671678
v -0.99649018 -0.03479820 0.16627902
v -0.99614893 -0.03478629 0.18584126
v -0.99580768 -0.03477437 0.20540349
v -0.99546643 -0.03476245 0.22496573
v -1.00539731 -0.07030423 -0.22486294
v -1.00471616 -0.07025660 -0.20530964
v -1.00403500 -0.07020897 -0.18575634
v -1.00335385 -0.07016134 -0.16620304
v -1.00267270 -0.07011371 -0.14664974
v -1.00199154 -0.07006607 -0.12709644
v -1.00131039 -0.07001844 -0.10754314
v -1.00062924 -0.06997081 -0.08798984
v -0.99994809 -0.06992318 -0.06843655
v -0.99926693 -0.06987555 -0.04888325
v -0.99858578 -0.06982792 -0.02932995
v -0.99790463 -0.06978029 -0.00977665
v -0.99722347 -0.06973266 0.00977665
v -0.99654232 -0.06968503 0.02932995
v -0.99586117 -0.06963740 0.04888325
v -0.99518001 -0.06958977 0.06843655
v -0.99449886 -0.06954213 0.08798984
v -0.99381771 -0.06949450 0.10754314
v -0.99313656 -0.06944687 0.12709644
v -0.99245540 -0.06939924 0.14664974
v -0.99177425 -0.06935161 0.16620304
v -0.99109310 -0.06930398 0.18575634
v -0.99041194 -0.06925635 0.20530964
v -0.98973079 -0.06920872 0.22486294
v -1.00623298 -0.10575935 -0.22469165
v -1.00521462 -0.10565231 -0.20515324
v -1.00419627 -0.10554528 -0.18561484
v -1.00317791 -0.10543825 -0.16607643
v -1.00215956 -0.10533121 -0.14653803
v -1.00114120 -0.10522418 -0.12699963
v -1.00012285 -0.10511715 -0.10746122
v -0.99910449 -0.10501011 -0.08792282
v -0.99808614 -0.10490308 -0.06838441
v -0.99706778 -0.10479605 -0.04884601
v -0.99604943 -0.10468901 -0.02930761
v -0.99503107 -0.10458198 -0.00976920
v -0.99401272 -0.10447495 0.00976920
v -0.99299436 -0.10436791 0.02930761
v -0.99197601 -0.10426088 0.04884601
v -0.99095765 -0.10415385 0.06838441
v -0.98993930 -0.10404681 0.08792282
v -0.98892094 -0.10393978 0.10746122
v -0.98790259 -0.10383275 0.12699963
v -0.98688423 -0.10372571 0.14653803
v -0.98586588 -0.10361868 0.16607643
v -0.98484752 -0.10351165 0.18561484
v -0.98382917 -0.10340461 0.20515324
v -0.98281081 -0.10329758 0.22469165
v -1.00581053 -0.14135745 -0.22445191
v -1.00445901 -0.14116751 -0.20493435
v -1.00310749 -0.14097756 -0.18541680
v -1.00175598 -0.14078762 -0.16589924
v -1.00040446 -0.14059768 -0.14638168
v -0.99905294 -0.14040773 -0.12686412
v -0.99770142 -0.14021779 -0.10734657
v -0.99634990 -0.14002785 -0.08782901
v -0.99499838 -0.13983790 -0.06831145
v -0.99364686 -0.13964796 -0.04879389
v -0.99229535 -0.13945802 -0.02927634
v -0.99094383 -0.13926807 -0.00975878
v -0.98959231 -0.13907813 0.00975878
v -0.98824079 -0.13888819 0.02927634
v -0.98688927 -0.13869824 0.04879389
v -0.98553775 -0.13850830 0.06831145
v -0.98418624 -0.13831836 0.08782901
v -0.98283472 -0.13812841 0.10734657
v -0.98148320 -0.13793847 0.12686412
v -0.98013168 -0.13774852 0.14638168
v -0.97878016 -0.13755858 0.16589924
v -0.97742864 -0.13736864 0.18541680
v -0.97607713 -0.13717869 0.20493435
v -0.97472561 -0.13698875 0.22445191
v -1.00411987 -0.17705343 -0.22414381
v -1.00244056 -0.17675732 -0.20465304
v -1.00076124 -0.17646121 -0.18516228
v -0.99908193 -0.17616510 -0.16567151
v -0.99740261 -0.17586899 -0.14618074
v -0.99572330 -0.17557288 -0.12668998
v -0.99404399 -0.17527677 -0.10719921
v -0.99236467 -0.17498067 -0.08770845
v -0.99068536 -0.17468456 -0.06821768
v -0.98900604 -0.17438845 -0.04872691
v -0.98732673 -0.17409234 -0.02923615
v -0.98564741 -0.17379623 -0.00974538
v -0.98396810 -0.17350012 0.00974538
v -0.98228878 -0.17320401 0.02923615
v -0.98060947 -0.17290791 0.04872691
v -0.97893015 -0.17261180 0.06821768
v -0.97725084 -0.17231569 0.08770845
v -0.97557152 -0.17201958 0.10719921
v -0.97389221 -0.17172347 0.12668998
v -0.97221289 -0.17142736 0.14618074
v -0.97053358 -0.17113126 0.16567151
v -0.96885426 -0.17083515 0.18516228
v -0.96717495 -0.17053904 0.20465304
v -0.96549563 -0.17024293 0.22414381
v -1.00115256 -0.21280155 -0.22376743
v -0.99915213 -0.21237634 -0.20430939
v -0.99715170 -0.21195114 -0.18485135
v -0.99515127 -0.21152593 -0.16539332
v -0.99315084 -0.21110073 -0.14593528
v -0.99115040 -0.21067552 -0.12647724
v -0.98914997 -0.21025032 -0.10701920
v -0.98714954 -0.20982511 -0.08756117
v -0.98514911 -0.20939991 -0.06810313
v -0.98314868 -0.20897470 -0.04864509
v -0.98114825 -0.20854950 -0.02918706
v -0.97914782 -0.20812429 -0.00972902
v -0.97714739 -0.20769909 0.00972902
v -0.97514695 -0.20727388 0.02918706
v -0.97314652 -0.20684868 0.04864509
v -0.97114609 -0.20642347 0.06810313
v -0.96914566 -0.20599827 0.08756117
v -0.96714523 -0.20557306 0.10701920
v -0.96514480 -0.20514786 0.12647724
v -0.96314437 -0.20472265 0.14593528
v -0.96114393 -0.20429745 0.16539332
v -0.95914350 -0.20387225 0.18485135
v -0.95714307 -0.20344704 0.20430939
v -0.95514264 -0.20302184 0.22376743
v -0.99690182 -0.24855554 -0.22332288
v -0.99458825 -0.24797870 -0.20390350
v -0.99227467 -0.24740186 -0.18448412
v -0.98996110 -0.24682502 -0.16506474
v -0.98764753 -0.24624819 -0.14564536
v -0.98533395 -0.24567135 -0.12622598
v -0.98302038 -0.24509451 -0.10680660
v -0.98070681 -0.24451767 -0.08738722
v -0.97839323 -0.24394083 -0.06796783
v -0.97607966 -0.24336399 -0.04854845
v -0.97376609 -0.24278715 -0.02912907
v -0.97145251 -0.24221031 -0.00970969
v -0.96913894 -0.24163348 0.00970969
v -0.96682537 -0.24105664 0.02912907
v -0.96451179 -0.24047980 0.04854845
v -0.96219822 -0.23990296 0.06796783
v -0.95988465 -0.23932612 0.08738722
v -0.95757107 -0.23874928 0.10680660
v -0.95525750 -0.23817244 0.12622598
v -0.95294393 -0.23759561 0.14564536
v -0.95063035 -0.23701877 0.16506474
v -0.94831678 -0.23644193 0.18448412
v -0.94600321 -0.23586509 0.20390350
v -0.94368963 -0.23528825 0.22332288
v -0.99136259 -0.28426865 -0.22281032
v -0.98874512 -0.28351810 -0.20343551
v -0.98612766 -0.28276756 -0.18406070
v -0.98351019 -0.28201701 -0.16468589
v -0.98089272 -0.28126646 -0.14531108
v -0.97827525 -0.28051591 -0.12593627
v -0.97565778 -0.27976537 -0.10656146
v -0.97304031 -0.27901482 -0.08718665
v -0.97042284 -0.27826427 -0.06781184
v -0.96780537 -0.27751372 -0.04843703
v -0.96518790 -0.27676318 -0.02906222
v -0.96257043 -0.27601263 -0.00968741
v -0.95995296 -0.27526208 0.00968741
v -0.95733549 -0.27451153 0.02906222
v -0.95471802 -0.27376099 0.04843703
v -0.95210055 -0.27301044 0.06781184
v -0.94948308 -0.27225989 0.08718665
v -0.94686561 -0.27150935 0.10656146
v -0.94424814 -0.27075880 0.12593627
v -0.94163068 -0.27000825 0.14531108
v -0.93901321 -0.26925770 0.16468589
v -0.93639574 -0.26850716 0.18406070
v -0.93377827 -0.26775661 0.20343551
v -0.93116080 -0.26700606 0.22281032
v -0.98453157 -0.31989370 -0.22222988
v -0.98162070 -0.31894790 -0.20290554
v -0.97870982 -0.31800210 -0.18358120
v -0.97579895 -0.31705630 -0.16425687
v -0.97288807 -0.31611050 -0.14493253
v -0.96997720 -0.31516470 -0.12560819
v -0.96706632 -0.31421890 -0.10628385
v -0.96415545 -0.31327310 -0.08695952
v -0.96124458 -0.31232730 -0.06763518
v -0.95833370 -0.31138150 -0.04831084
v -0.95542283 -0.31043569 -0.02898651
v -0.95251195 -0.30948989 -0.00966217
v -0.94960108 -0.30854409 0.00966217
v -0.94669020 -0.30759829 0.02898651
v -0.94377933 -0.30665249 0.04831084
v -0.94086846 -0.30570669 0.06763518
v -0.93795758 -0.30476089 0.08695952
v -0.93504671 -0.30381509 0.10628385
v -0.93213583 -0.30286929 0.12560819
v -0.92922496 -0.30192349 0.14493253
v -0.92631409 -0.30097769 0.16425687
v -0.92340321 -0.30003189 0.18358120
v -0.92049234 -0.29908609 0.20290554
v -0.91758146 -0.29814029 0.22222988
v -0.97640720 -0.35538316 -0.22158174
v -0.97321463 -0.35422116 -0.20231377
v -0.97002206 -0.35305916 -0.18304579
v -0.96682948 -0.35189715 -0.16377781
v -0.96363691 -0.35073515 -0.14450983
v -0.96044434 -0.34957315 -0.12524186
v -0.95725177 -0.34841115 -0.10597388
v -0.95405920 -0.34724915 -0.08670590
v -0.95086662 -0.34608715 -0.06743792
v -0.94767405 -0.34492515 -0.04816994
v -0.94448148 -0.34376315 -0.02890197
v -0.94128891 -0.34260114 -0.00963399
v -0.93809633 -0.34143914 0.00963399
v -0.93490376 -0.34027714 0.02890197
v -0.93171119 -0.33911514 0.04816994
v -0.92851862 -0.33795314 0.06743792
v -0.92532605 -0.33679114 0.08670590
v -0.92213347 -0.33562914 0.10597388
v -0.91894090 -0.33446714 0.12524186
v -0.91574833 -0.33330513 0.14450983
v -0.91255576 -0.33214313 0.16377781
v -0.90936319 -0.33098113 0.18304579
v -0.90617061 -0.32981913 0.20231377
v -0.90297804 -0.32865713 0.22158174
v -0.96698973 -0.39068921 -0.22086612
v -0.96352835 -0.38929072 -0.20166037
v -0.96006697 -0.38789224 -0.18245462
v -0.95660559 -0.38649375 -0.16324887
v -0.95314421 -0.38509526 -0.14404312
v -0.94968283 -0.38369677 -0.12483737
v -0.94622145 -0.38229828 -0.10563162
v -0.94276007 -0.38089979 -0.08642587
v -0.93929869 -0.37950130 -0.06722012
v -0.93583731 -0.37810281 -0.04801437
v -0.93237593 -0.37670433 -0.02880862
v -0.92891454 -0.37530584 -0.00960287
v -0.92545316 -0.37390735 0.00960287
v -0.92199178 -0.37250886 0.02880862
v -0.91853040 -0.37111037 0.04801437
v -0.91506902 -0.36971188 0.06722012
v -0.91160764 -0.36831339 0.08642587
v -0.90814626 -0.36691491 0.10563162
v -0.90468488 -0.36551642 0.12483737
v -0.90122350 -0.36411793 0.14404312
v -0.89776212 -0.36271944 0.16324887
v -0.89430074 -0.36132095 0.18245462
v -0.89083936 -0.35992246 0.20166037
v -0.88737798 -0.35852397 0.22086612
v -0.95628123 -0.42576384 -0.22008321
v -0.95256508 -0.42410930 -0.20094554
v -0.94884892 -0.42245476 -0.18180787
v -0.94513277 -0.42080022 -0.16267020
v -0.94141662 -0.41914568 -0.14353253
v -0.93770046 -0.41749114 -0.12439486
v -0.93398431 -0.41583661 -0.10525719
v -0.93026815 -0.41418207 -0.08611952
v -0.92655200 -0.41252753 -0.06698185
v -0.92283584 -0.41087299 -0.04784418
v -0.91911969 -0.40921845 -0.02870651
v -0.91540353 -0.40756391 -0.00956884
v -0.91168738 -0.40590937 0.00956884
v -0.90797123 -0.40425484 0.02870651
v -0.90425507 -0.40260030 0.04784418
v -0.90053892 -0.40094576 0.06698185
v -0.89682276 -0.39929122 0.08611952
v -0.89310661 -0.39763668 0.10525719
v -0.88939045 -0.39598214 0.12439486
v -0.88567430 -0.39432760 0.14353253
v -0.88195815 -0.39267307 0.16267020
v -0.87824199 -0.39101853 0.18180787
v -0.87452584 -0.38936399 0.20094554
v -0.87080968 -0.38770945 0.22008321
v -0.94428560 -0.46055886 -0.21923326
v -0.94032981 -0.45862949 -0.20016950
v -0.93637402 -0.45670013 -0.18110574
v -0.93241824 -0.45477076 -0.16204198
v -0.92846245 -0.45284139 -0.14297822
v -0.92450666 -0.45091203 -0.12391445
v -0.92055087 -0.44898266 -0.10485069
v -0.91659509 -0.44705329 -0.08578693
v -0.91263930 -0.44512393 -0.06672317
v -0.90868351 -0.44319456 -0.04765941
v -0.90472773 -0.44126520 -0.02859564
v -0.90077194 -0.43933583 -0.00953188
v -0.89681615 -0.43740646 0.00953188
v -0.89286037 -0.43547710 0.02859564
v -0.88890458 -0.43354773 0.04765941
v -0.88494879 -0.43161836 0.06672317
v -0.88099300 -0.42968900 0.08578693
v -0.87703722 -0.42775963 0.10485069
v -0.87308143 -0.42583027 0.12391445
v -0.86912564 -0.42390090 0.14297822
v -0.86516986 -0.42197153 0.16204198
v -0.86121407 -0.42004217 0.18110574
v -0.85725828 -0.41811280 0.20016950
v -0.85330250 -0.41618344 0.21923326
v -0.93100857 -0.49502604 -0.21831654
v -0.92682936 -0.49280391 -0.19933249
v -0.92265014 -0.49058178 -0.18034844
v -0.91847093 -0.48835965 -0.16136440
v -0.91429171 -0.48613753 -0.14238035
v -0.91011249 -0.48391540 -0.12339630
v -0.90593328 -0.48169327 -0.10441226
v -0.90175406 -0.47947114 -0.08542821
v -0.89757485 -0.47724901 -0.06644416
v -0.89339563 -0.47502688 -0.04746012
v -0.88921642 -0.47280476 -0.02847607
v -0.88503720 -0.47058263 -0.00949202
v -0.88085799 -0.46836050 0.00949202
v -0.87667877 -0.46613837 0.02847607
v -0.87249955 -0.46391624 0.04746012
v -0.86832034 -0.46169411 0.06644416
v -0.86414112 -0.45947199 0.08542821
v -0.85996191 -0.45724986 0.10441226
v -0.85578269 -0.45502773 0.12339630
v -0.85160348 -0.45280560 0.14238035
v -0.84742426 -0.45058347 0.16136440
v -0.84324504 -0.44836134 0.18034844
v -0.83906583 -0.44613921 0.19933249
v -0.83488661 -0.44391709 0.21831654
v -0.91645777 -0.52911714 -0.21733331
v -0.91207235 -0.52658522 -0.19843476
v -0.90768693 -0.52405329 -0.17953621
v -0.90330150 -0.52152137 -0.16063766
v -0.89891608 -0.51898944 -0.14173912
v -0.89453066 -0.51645752 -0.12284057
v -0.89014523 -0.51392559 -0.10394202
v -0.88575981 -0.51139366 -0.08504347
v -0.88137439 -0.50886174 -0.06614492
v -0.87698896 -0.50632981 -0.04724637
v -0.87260354 -0.50379789 -0.02834782
v -0.86821812 -0.50126596 -0.00944927
v -0.86383269 -0.49873404 0.00944927
v -0.85944727 -0.49620211 0.02834782
v -0.85506185 -0.49367019 0.04724637
v -0.85067642 -0.49113826 0.06614492
v -0.84629100 -0.48860634 0.08504347
v -0.84190557 -0.48607441 0.10394202
v -0.83752015 -0.48354248 0.12284057
v -0.83313473 -0.48101056 0.14173912
v -0.82874930 -0.47847863 0.16063766
v -0.82436388 -0.47594671 0.17953621
v -0.81997846 -0.47341478 0.19843476
v -0.81559303 -0.47088286 0.21733331
v -0.90064269 -0.56278401 -0.21628388
v -0.89606924 -0.55992621 -0.19747659
v -0.89149580 -0.55706840 -0.17866929
v -0.88692236 -0.55421060 -0.15986200
v -0.88234892 -0.55135280 -0.14105471
v -0.87777547 -0.54849499 -0.12224741
v -0.87320203 -0.54563719 -0.10344012
v -0.86862859 -0.54277938 -0.08463282
v -0.86405515 -0.53992158 -0.06582553
v -0.85948170 -0.53706377 -0.04701824
v -0.85490826 -0.53420597 -0.02821094
v -0.85033482 -0.53134817 -0.00940365
v -0.84576137 -0.52849036 0.00940365
v -0.84118793 -0.52563256 0.02821094
v -0.83661449 -0.52277475 0.04701824
v -0.83204105 -0.51991695 0.06582553
v -0.82746760 -0.51705915 0.08463282
v -0.82289416 -0.51420134 0.10344012
v -0.81832072 -0.51134354 0.12224741
v -0.81374728 -0.50848573 0.14105471
v -0.80917383 -0.50562793 0.15986200
v -0.80460039 -0.50277012 0.17866929
v -0.80002695 -0.49991232 0.19747659
v -0.79545351 -0.49705452 0.21628388
v -0.88357468 -0.59597864 -0.21516857
v -0.87883232 -0.59277988 -0.19645826
v -0.87408996 -0.58958112 -0.17774795
v -0.86934761 -0.58638236 -0.15903764
v -0.86460525 -0.58318360 -0.14032733
v -0.85986289 -0.57998484 -0.12161702
v -0.85512054 -0.57678608 -0.10290671
v -0.85037818 -0.57358732 -0.08419640
v -0.84563582 -0.57038856 -0.06548609
v -0.84089346 -0.56718980 -0.04677578
v -0.83615111 -0.56399104 -0.02806547
v -0.83140875 -0.56079228 -0.00935516
v -0.82666639 -0.55759352 0.00935516
v -0.82192404 -0.55439476 0.02806547
v -0.81718168 -0.55119600 0.04677578
v -0.81243932 -0.54799724 0.06548609
v -0.80769697 -0.54479848 0.08419640
v -0.80295461 -0.54159972 0.10290671
v -0.79821225 -0.53840096 0.12161702
v -0.79346990 -0.53520220 0.14032733
v -0.78872754 -0.53200344 0.15903764
v -0.78398518 -0.52880468 0.17774795
v -0.77924283 -0.52560592 0.19645826
v -0.77450047 -0.52240716 0.21516857
v -0.86526699 -0.62865327 -0.21398772
v -0.86037569 -0.62509953 -0.19538009
v -0.85548439 -0.62154579 -0.17677246
v -0.85059308 -0.61799205 -0.15816483
v -0.84570178 -0.61443831 -0.13955721
v -0.84081047 -0.61088457 -0.12094958
v -0.83591917 -0.60733083 -0.10234195
v -0.83102786 -0.60377709 -0.08373432
v -0.82613656 -0.60022334 -0.06512670
v -0.82124526 -0.59666960 -0.04651907
v -0.81635395 -0.59311586 -0.02791144
v -0.81146265 -0.58956212 -0.00930381
v -0.80657134 -0.58600838 0.00930381
v -0.80168004 -0.58245464 0.02791144
v -0.79678873 -0.57890090 0.04651907
v -0.79189743 -0.57534716 0.06512670
v -0.78700612 -0.57179342 0.08373432
v -0.78211482 -0.56823968 0.10234195
v -0.77722352 -0.56468594 0.12094958
v -0.77233221 -0.56113220 0.13955721
v -0.76744091 -0.55757846 0.15816483
v -0.76254960 -0.55402472 0.17677246
v -0.75765830 -0.55047098 0.19538009
v -0.75276699 -0.54691724 0.21398772
v -0.84573478 -0.66076042 -0.21274168
v -0.84071529 -0.65683878 -0.19424240
v -0.83569581 -0.65291713 -0.17574313
v -0.83067633 -0.64899548 -0.15724385
v -0.82565685 -0.64507383 -0.13874457
v -0.82063737 -0.64115219 -0.12024530
v -0.81561789 -0.63723054 -0.10174602
v -0.81059841 -0.63330889 -0.08324674
v -0.80557893 -0.62938724 -0.06474747
v -0.80055945 -0.62546559 -0.04624819
v -0.79553997 -0.62154395 -0.02774891
v -0.79052049 -0.61762230 -0.00924964
v -0.78550101 -0.61370065 0.00924964
v -0.78048153 -0.60977900 0.02774891
v -0.77546205 -0.60585736 0.04624819
v -0.77044257 -0.60193571 0.06474747
v -0.76542309 -0.59801406 0.08324674
v -0.76040361 -0.59409241 0.10174602
v -0.75538413 -0.59017077 0.12024530
v -0.75036465 -0.58624912 0.13874457
v -0.74534517 -0.58232747 0.15724385
v -0.74032569 -0.57840582 0.17574313
v -0.73530621 -0.57448417 0.19424240
v -0.73028673 -0.57056253 0.21274168
v -0.82499503 -0.69225303 -0.21143084
v -0.81986890 -0.68795169 -0.19304555
v -0.81474276 -0.68365035 -0.17466026
v -0.80961662 -0.67934901 -0.15627497
v -0.80449048 -0.67504767 -0.13788968
v -0.79936434 -0.67074633 -0.11950439
v -0.79423820 -0.66644498 -0.10111910
v -0.78911207 -0.66214364 -0.08273381
v -0.78398593 -0.65784230 -0.06434852
v -0.77885979 -0.65354096 -0.04596323
v -0.77373365 -0.64923962 -0.02757794
v -0.76860751 -0.64493828 -0.00919265
v -0.76348137 -0.64063694 0.00919265
v -0.75835524 -0.63633560 0.02757794
v -0.75322910 -0.63203426 0.04596323
v -0.74810296 -0.62773292 0.06434852
v -0.74297682 -0.62343158 0.08273381
v -0.73785068 -0.61913023 0.10111910
v -0.73272454 -0.61482889 0.11950439
v -0.72759840 -0.61052755 0.13788968
v -0.72247227 -0.60622621 0.15627497
v -0.71734613 -0.60192487 0.17466026
v -0.71221999 -0.59762353 0.19304555
v -0.70709385 -0.59332219 0.21143084
v -0.80306667 -0.72308447 -0.21005560
v -0.79785607 -0.71839283 -0.19178989
v -0.79264548 -0.71370119 -0.17352419
v -0.78743488 -0.70900955 -0.15525848
v -0.78222429 -0.70431791 -0.13699278
v -0.77701369 -0.69962627 -0.11872708
v -0.77180310 -0.69493463 -0.10046137
v -0.76659250 -0.69024299 -0.08219567
v -0.76138191 -0.68555135 -0.06392996
v -0.75617131 -0.68085971 -0.04566426
v -0.75096072 -0.67616807 -0.02739856
v -0.74575012 -0.67147643 -0.00913285
v -0.74053953 -0.66678479 0.00913285
v -0.73532893 -0.66209315 0.02739856
v -0.73011834 -0.65740150 0.04566426
v -0.72490774 -0.65270986 0.06392996
v -0.71969715 -0.64801822 0.08219567
v -0.71448655 -0.64332658 0.10046137
v -0.70927596 -0.63863494 0.11872708
v -0.70406536 -0.63394330 0.13699278
v -0.69885477 -0.62925166 0.15525848
v -0.69364418 -0.62456002 0.17352419
v -0.68843358 -0.61986838 0.19178989
v -0.68322299 -0.61517674 0.21005560
v -0.77997042 -0.75320868 -0.20861637
v -0.77469819 -0.74811735 -0.19047581
v -0.76942597 -0.74302602 -0.17233526
v -0.76415374 -0.73793469 -0.15419471
v -0.75888151 -0.73284336 -0.13605415
v -0.75360928 -0.72775202 -0.11791360
v -0.74833705 -0.72266069 -0.09977305
v -0.74306483 -0.71756936 -0.08163249
v -0.73779260 -0.71247803 -0.06349194
v -0.73252037 -0.70738670 -0.04535138
v -0.72724814 -0.70229537 -0.02721083
v -0.72197591 -0.69720404 -0.00907028
v -0.71670369 -0.69211270 0.00907028
v -0.71143146 -0.68702137 0.02721083
v -0.70615923 -0.68193004 0.04535138
v -0.70088700 -0.67683871 0.06349194
v -0.69561477 -0.67174738 0.08163249
v -0.69034255 -0.66665605 0.09977305
v -0.68507032 -0.66156472 0.11791360
v -0.67979809 -0.65647338 0.13605415
v -0.67452586 -0.65138205 0.15419471
v -0.66925363 -0.64629072 0.17233526
v -0.66398141 -0.64119939 0.19047581
v -0.65870918 -0.63610806 0.20861637
v -0.75572892 -0.78258020 -0.20711359
v -0.75041843 -0.77708104 -0.18910371
v -0.74510795 -0.77158187 -0.17109384
v -0.73979747 -0.76608271 -0.15308396
v -0.73448699 -0.76058354 -0.13507408
v -0.72917651 -0.75508438 -0.11706420
v -0.72386602 -0.74958521 -0.09905433
v -0.71855554 -0.74408604 -0.08104445
v -0.71324506 -0.73858688 -0.06303457
v -0.70793458 -0.73308771 -0.04502469
v -0.70262409 -0.72758855 -0.02701482
v -0.69731361 -0.72208938 -0.00900494
v -0.69200313 -0.71659022 0.00900494
v -0.68669265 -0.71109105 0.02701482
v -0.68138216 -0.70559189 0.04502469
v -0.67607168 -0.70009272 0.06303457
v -0.67076120 -0.69459356 0.08104445
v -0.66545072 -0.68909439 0.09905433
v -0.66014024 -0.68359523 0.11706420
v -0.65482975 -0.67809606 0.13507408
v -0.64951927 -0.67259689 0.15308396
v -0.64420879 -0.66709773 0.17109384
v -0.63889831 -0.66159856 0.18910371
v -0.63358782 -0.65609940 0.20711359
v -0.73036659 -0.81115428 -0.20554773
v -0.72504172 -0.80524041 -0.18767401
v -0.71971686 -0.79932655 -0.16980030
v -0.71439199 -0.79341268 -0.15192658
v -0.70906712 -0.78749882 -0.13405287
v -0.70374225 -0.78158495 -0.11617915
v -0.69841738 -0.77567109 -0.09830544
v -0.69309251 -0.76975722 -0.08043172
v -0.68776765 -0.76384335 -0.06255800
v -0.68244278 -0.75792949 -0.04468429
v -0.67711791 -0.75201562 -0.02681057
v -0.67179304 -0.74610176 -0.00893686
v -0.66646817 -0.74018789 0.00893686
v -0.66114330 -0.73427403 0.02681057
v -0.65581844 -0.72836016 0.04468429
v -0.65049357 -0.72244630 0.06255800
v -0.64516870 -0.71653243 0.08043172
v -0.63984383 -0.71061857 0.09830544
v -0.63451896 -0.70470470 0.11617915
v -0.62919409 -0.69879083 0.13405287
v -0.62386923 -0.69287697 0.15192658
v -0.61854436 -0.68696310 0.16980030
v -0.61321949 -0.68104924 0.18767401
v -0.60789462 -0.67513537 0.20554773
v -0.70390971 -0.83888693 -0.20391925
v -0.69859475 -0.83255280 -0.18618714
v -0.69327978 -0.82621867 -0.16845503
v -0.68796481 -0.81988454 -0.15072293
v -0.68264985 -0.81355041 -0.13299082
v -0.67733488 -0.80721628 -0.11525871
v -0.67201992 -0.80088215 -0.09752660
v -0.66670495 -0.79454802 -0.07979449
v -0.66138999 -0.78821389 -0.06206238
v -0.65607502 -0.78187977 -0.04433027
v -0.65076006 -0.77554564 -0.02659816
v -0.64544509 -0.76921151 -0.00886605
v -0.64013013 -0.76287738 0.00886605
v -0.63481516 -0.75654325 0.02659816
v -0.62950020 -0.75020912 0.04433027
v -0.62418523 -0.74387499 0.06206238
v -0.61887027 -0.73754086 0.07979449
v -0.61355530 -0.73120673 0.09752660
v -0.60824034 -0.72487260 0.11525871
v -0.60292537 -0.71853848 0.13299082
v -0.59761040 -0.71220435 0.15072293
v -0.59229544 -0.70587022 0.16845503
v -0.58698047 -0.69953609 0.18618714
v -0.58166551 -0.69320196 0.20391925
v -0.67638633 -0.86573502 -0.20222866
v -0.67110590 -0.85897639 -0.18464356
v -0.66582548 -0.85221776 -0.16705846
v -0.66054506 -0.84545912 -0.14947336
v -0.65526464 -0.83870049 -0.13188826
v -0.64998422 -0.83194186 -0.11430316
v -0.64470380 -0.82518323 -0.09671805
v -0.63942337 -0.81842460 -0.07913295
v -0.63414295 -0.81166596 -0.06154785
v -0.62886253 -0.80490733 -0.04396275
v -0.62358211 -0.79814870 -0.02637765
v -0.61830169 -0.79139007 -0.00879255
v -0.61302126 -0.78463144 0.00879255
v -0.60774084 -0.77787281 0.02637765
v -0.60246042 -0.77111417 0.04396275
v -0.59718000 -0.76435554 0.06154785
v -0.59189958 -0.75759691 0.07913295
v -0.58661916 -0.75083828 0.09671805
v -0.58133873 -0.74407965 0.11430316
v -0.57605831 -0.73732102 0.13188826
v -0.57077789 -0.73056238 0.14947336
v -0.56549747 -0.72380375 0.16705846
v -0.56021705 -0.71704512 0.18464356
v -0.55493662 -0.71028649 0.20222866
v -0.64782626 -0.89165635 -0.20047647
v -0.64260530 -0.88447032 -0.18304373
v -0.63738435 -0.87728429 -0.16561100
v -0.63216339 -0.87009826 -0.14817826
v -0.62694243 -0.86291223 -0.13074552
v -0.62172147 -0.85572620 -0.11331279
v -0.61650052 -0.84854016 -0.09588005
v -0.61127956 -0.84135413 -0.07844731
v -0.60605860 -0.83416810 -0.06101458
v -0.60083765 -0.82698207 -0.04358184
v -0.59561669 -0.81979604 -0.02614910
v -0.59039573 -0.81261001 -0.00871637
v -0.58517477 -0.80542398 0.00871637
v -0.57995382 -0.79823795 0.02614910
v -0.57473286 -0.79105192 0.04358184
v -0.56951190 -0.78386589 0.06101458
v -0.56429095 -0.77667985 0.07844731
v -0.55906999 -0.76949382 0.09588005
v -0.55384903 -0.76230779 0.11331279
v -0.54862807 -0.75512176 0.13074552
v -0.54340712 -0.74793573 0.14817826
v -0.53818616 -0.74074970 0.16561100
v -0.53296520 -0.73356367 0.18304373
v -0.52774425 -0.72637764 0.20047647
v -0.61826107 -0.91660972 -0.19866321
v -0.61312470 -0.90899475 -0.18138815
v -0.60798834 -0.90137979 -0.16411309
v -0.60285198 -0.89376482 -0.14683802
v -0.59771562 -0.88614985 -0.12956296
v -0.59257926 -0.87853488 -0.11228790
v -0.58744289 -0.87091991 -0.09501284
v -0.58230653 -0.86330494 -0.07773778
v -0.57717017 -0.85568997 -0.06046272
v -0.57203381 -0.84807500 -0.04318765
v -0.56689745 -0.84046003 -0.02591259
v -0.56176108 -0.83284506 -0.00863753
v -0.55662472 -0.82523009 0.00863753
v -0.55148836 -0.81761512 0.02591259
v -0.54635200 -0.81000015 0.04318765
v -0.54121564 -0.80238518 0.06046272
v -0.53607927 -0.79477021 0.07773778
v -0.53094291 -0.78715524 0.09501284
v -0.52580655 -0.77954027 0.11228790
v -0.52067019 -0.77192530 0.12956296
v -0.51553383 -0.76431033 0.14683802
v -0.51039746 -0.75669536 0.16411309
v -0.50526110 -0.74908039 0.18138815
v -0.50012474 -0.74146542 0.19866321
v -0.58772400 -0.94055502 -0.19678943
v -0.58269751 -0.93251094 -0.17967731
v -0.57767101 -0.92446686 -0.16256518
v -0.57264451 -0.91642278 -0.14545306
v -0.56761801 -0.90837870 -0.12834094
v -0.56259151 -0.90033462 -0.11122881
v -0.55756501 -0.89229054 -0.09411669
v -0.55253851 -0.88424646 -0.07700456
v -0.54751201 -0.87620238 -0.05989244
v -0.54248551 -0.86815830 -0.04278031
v -0.53745901 -0.86011422 -0.02566819
v -0.53243251 -0.85207014 -0.00855606
v -0.52740601 -0.84402606 0.00855606
v -0.52237952 -0.83598198 0.02566819
v -0.51735302 -0.82793790 0.04278031
v -0.51232652 -0.81989382 0.05989244
v -0.50730002 -0.81184974 0.07700456
v -0.50227352 -0.80380566 0.09411669
v -0.49724702 -0.79576158 0.11122881
v -0.49222052 -0.78771749 0.12834094
v -0.48719402 -0.77967341 0.14545306
v -0.48216752 -0.77162933 0.16256518
v -0.47714102 -0.76358525 0.17967731
v -0.47211452 -0.75554117 0.19678943
v -0.55625000 -0.96345326 -0.19485572
v -0.55135870 -0.95498127 -0.17791174
v -0.54646739 -0.94650929 -0.16096777
v -0.54157609 -0.93803730 -0.14402379
v -0.53668478 -0.92956531 -0.12707981
v -0.53179348 -0.92109332 -0.11013584
v -0.52690217 -0.91262134 -0.09319186
v -0.52201087 -0.90414935 -0.07624789
v -0.51711957 -0.89567736 -0.05930391
v -0.51222826 -0.88720537 -0.04235994
v -0.50733696 -0.87873339 -0.02541596
v -0.50244565 -0.87026140 -0.00847199
v -0.49755435 -0.86178941 0.00847199
v -0.49266304 -0.85331742 0.02541596
v -0.48777174 -0.84484543 0.04235994
v -0.48288043 -0.83637345 0.05930391
v -0.47798913 -0.82790146 0.07624789
v -0.47309783 -0.81942947 0.09319186
v -0.46820652 -0.81095748 0.11013584
v -0.46331522 -0.80248550 0.12707981
v -0.45842391 -0.79401351 0.14402379
v -0.45353261 -0.78554152 0.16096777
v -0.44864130 -0.77706953 0.17791174
v -0.44375000 -0.76859755 0.19485572
v -0.52387560 -0.98526671 -0.19286264
v -0.51914482 -0.97636939 -0.17609198
v -0.51441403 -0.96747208 -0.15932131
v -0.50968324 -0.95857477 -0.14255065
v -0.50495246 -0.94967745 -0.12577998
v -0.50022167 -0.94078014 -0.10900932
v -0.49549089 -0.93188282 -0.09223866
v -0.49076010 -0.92298551 -0.07546799
v -0.48602931 -0.91408819 -0.05869733
v -0.48129853 -0.90519088 -0.04192666
v -0.47656774 -0.89629356 -0.02515600
v -0.47183696 -0.88739625 -0.00838533
v -0.46710617 -0.87849894 0.00838533
v -0.46237538 -0.86960162 0.02515600
v -0.45764460 -0.86070431 0.04192666
v -0.45291381 -0.85180699 0.05869733
v -0.44818303 -0.84290968 0.07546799
v -0.44345224 -0.83401236 0.09223866
v -0.43872145 -0.82511505 0.10900932
v -0.43399067 -0.81621773 0.12577998
v -0.42925988 -0.80732042 0.14255065
v -0.42452910 -0.79842311 0.15932131
v -0.41979831 -0.78952579 0.17609198
v -0.41506752 -0.78062848 0.19286264
v -0.49063894 -1.00595891 -0.19081082
v -0.48609392 -0.99664023 -0.17421858
v -0.48154889 -0.98732154 -0.15762633
v -0.47700387 -0.97800286 -0.14103409
v -0.47245884 -0.96868417 -0.12444184
v -0.46791381 -0.95936549 -0.10784959
v -0.46336879 -0.95004681 -0.09125735
v -0.45882376 -0.94072812 -0.07466510
v -0.45427874 -0.93140944 -0.05807286
v -0.44973371 -0.92209076 -0.04148061
v -0.44518869 -0.91277207 -0.02488837
v -0.44064366 -0.90345339 -0.00829612
v -0.43609863 -0.89413470 0.00829612
v -0.43155361 -0.88481602 0.02488837
v -0.42700858 -0.87549734 0.04148061
v -0.42246356 -0.86617865 0.05807286
v -0.41791853 -0.85685997 0.07466510
v -0.41337351 -0.84754129 0.09125735
v -0.40882848 -0.83822260 0.10784959
v -0.40428345 -0.82890392 0.12444184
v -0.39973843 -0.81958523 0.14103409
v -0.39519340 -0.81026655 0.15762633
v -0.39064838 -0.80094787 0.17421858
v -0.38610335 -0.79162918 0.19081082
v -0.45657969 -1.02549477 -0.18870088
v -0.45224551 -1.01576005 -0.17229211
v -0.44791133 -1.00602533 -0.15588333
v -0.44357716 -0.99629060 -0.13947456
v -0.43924298 -0.98655588 -0.12306579
v -0.43490880 -0.97682116 -0.10665702
v -0.43057462 -0.96708643 -0.09024825
v -0.42624044 -0.95735171 -0.07383947
v -0.42190627 -0.94761699 -0.05743070
v -0.41757209 -0.93788227 -0.04102193
v -0.41323791 -0.92814754 -0.02461316
v -0.40890373 -0.91841282 -0.00820439
v -0.40456955 -0.90867810 0.00820439
v -0.40023538 -0.89894337 0.02461316
v -0.39590120 -0.88920865 0.04102193
v -0.39156702 -0.87947393 0.05743070
v -0.38723284 -0.86973920 0.07383947
v -0.38289866 -0.86000448 0.09024825
v -0.37856449 -0.85026976 0.10665702
v -0.37423031 -0.84053503 0.12306579
v -0.36989613 -0.83080031 0.13947456
v -0.36556195 -0.82106559 0.15588333
v -0.36122777 -0.81133086 0.17229211
v -0.35689360 -0.80159614 0.18870088
v -0.42173900 -1.04384065 -0.18653345
v -0.41764053 -1.03369658 -0.17031315
v -0.41354206 -1.02355251 -0.15409285
v -0.40944359 -1.01340844 -0.13787255
v -0.40534512 -1.00326437 -0.12165225
v -0.40124665 -0.99312030 -0.10543195
v -0.39714818 -0.98297623 -0.08921165
v -0.39304971 -0.97283216 -0.07299135
v -0.38895124 -0.96268810 -0.05677105
v -0.38485277 -0.95254403 -0.04055075
v -0.38075430 -0.94239996 -0.02433045
v -0.37665583 -0.93225589 -0.00811015
v -0.37255736 -0.92211182 0.00811015
v -0.36845889 -0.91196775 0.02433045
v -0.36436042 -0.90182368 0.04055075
v -0.36026195 -0.89167961 0.05677105
v -0.35616348 -0.88153554 0.07299135
v -0.35206501 -0.87139148 0.08921165
v -0.34796654 -0.86124741 0.10543195
v -0.34386807 -0.85110334 0.12165225
v -0.33976960 -0.84095927 0.13787255
v -0.33567113 -0.83081520 0.15409285
v -0.33157266 -0.82067113 0.17031315
v -0.32747419 -0.81052706 0.18653345
v -0.38615945 -1.06096437 -0.18430921
v -0.38232125 -1.05041900 -0.16828232
v -0.37848305 -1.03987363 -0.15225543
v -0.37464485 -1.02932826 -0.13622855
v -0.37080665 -1.01878289 -0.12020166
v -0.36696845 -1.00823752 -0.10417477
v -0.36313025 -0.99769215 -0.08814788
v -0.35929205 -0.98714678 -0.07212100
v -0.35545385 -0.97660141 -0.05609411
v -0.35161564 -0.96605604 -0.04006722
v -0.34777744 -0.95551067 -0.02404033
v -0.34393924 -0.94496531 -0.00801344
v -0.34010104 -0.93441994 0.00801344
v -0.33626284 -0.92387457 0.02404033
v -0.33242464 -0.91332920 0.04006722
v -0.32858644 -0.90278383 0.05609411
v -0.32474824 -0.89223846 0.07212100
v -0.32091004 -0.88169309 0.08814788
v -0.31707184 -0.87114772 0.10417477
v -0.31323364 -0.86060235 0.12020166
v -0.30939544 -0.85005698 0.13622855
v -0.30555724 -0.83951161 0.15225543
v -0.30171904 -0.82896624 0.16828232
v -0.29788084 -0.81842087 0.18430921
v -0.34988501 -1.07683534 -0.18202882
v -0.34633127 -1.06589805 -0.16620023
v -0.34277753 -1.05496076 -0.15037164
v -0.33922379 -1.04402347 -0.13454304
v -0.33567005 -1.03308618 -0.11871445
v -0.33211631 -1.02214889 -0.10288586
v -0.32856257 -1.01121161 -0.08705726
v -0.32500883 -1.00027432 -0.07122867
v -0.32145509 -0.98933703 -0.05540008
v -0.31790135 -0.97839974 -0.03957148
v -0.31434761 -0.96746245 -0.02374289
v -0.31079386 -0.95652516 -0.00791430
v -0.30724012 -0.94558787 0.00791430
v -0.30368638 -0.93465058 0.02374289
v -0.30013264 -0.92371329 0.03957148
v -0.29657890 -0.91277600 0.05540008
v -0.29302516 -0.90183872 0.07122867
v -0.28947142 -0.89090143 0.08705726
v -0.28591768 -0.87996414 0.10288586
v -0.28236394 -0.86902685 0.11871445
v -0.27881020 -0.85808956 0.13454304
v -0.27525646 -0.84715227 0.15037164
v -0.27170272 -0.83621498 0.16620023
v -0.26814898 -0.82527769 0.18202882
v -0.31296096 -1.09142459 -0.17969299
v -0.30971543 -1.08010607 -0.16406751
v -0.30646990 -1.06878756 -0.14844204
v -0.30322437 -1.05746905 -0.13281656
v -0.29997884 -1.04615054 -0.11719108
v -0.29673331 -1.03483202 -0.10156560
v -0.29348778 -1.02351351 -0.08594013
v -0.29024225 -1.01219500 -0.07031465
v -0.28699671 -1.00087649 -0.05468917
v -0.28375118 -0.98955798 -0.03906369
v -0.28050565 -0.97823946 -0.02343822
v -0.27726012 -0.96692095 -0.00781274
v -0.27401459 -0.95560244 0.00781274
v -0.27076906 -0.94428393 0.02343822
v -0.26752353 -0.93296542 0.03906369
v -0.26427800 -0.92164690 0.05468917
v -0.26103247 -0.91032839 0.07031465
v -0.25778693 -0.89900988 0.08594013
v -0.25454140 -0.88769137 0.10156560
v -0.25129587 -0.87637286 0.11719108
v -0.24805034 -0.86505434 0.13281656
v -0.24480481 -0.85373583 0.14844204
v -0.24155928 -0.84241732 0.16406751
v -0.23831375 -0.83109881 0.17969299
v -0.27543384 -1.10470481 -0.17730242
v -0.27251976 -1.09301706 -0.16188482
v -0.26960568 -1.08132932 -0.14646722
v -0.26669160 -1.06964157 -0.13104961
v -0.26377751 -1.05795382 -0.11563201
v -0.26086343 -1.04626608 -0.10021441
v -0.25794935 -1.03457833 -0.08479681
v -0.25503527 -1.02289058 -0.06937921
v -0.25212118 -1.01120284 -0.05396161
v -0.24920710 -0.99951509 -0.03854400
v -0.24629302 -0.98782735 -0.02312640
v -0.24337894 -0.97613960 -0.00770880
v -0.24046485 -0.96445185 0.00770880
v -0.23755077 -0.95276411 0.02312640
v -0.23463669 -0.94107636 0.03854400
v -0.23172261 -0.92938861 0.05396161
v -0.22880852 -0.91770087 0.06937921
v -0.22589444 -0.90601312 0.08479681
v -0.22298036 -0.89432538 0.10021441
v -0.22006628 -0.88263763 0.11563201
v -0.21715219 -0.87094988 0.13104961
v -0.21423811 -0.85926214 0.14646722
v -0.21132403 -0.84757439 0.16188482
v -0.20840995 -0.83588664 0.17730242
v -0.23735138 -1.11665045 -0.17485784
v -0.23479141 -1.10460673 -0.15965281
v -0.23223143 -1.09256300 -0.14444778
v -0.22967146 -1.08051927 -0.12924275
v -0.22711149 -1.06847555 -0.11403772
v -0.22455152 -1.05643182 -0.09883269
v -0.22199154 -1.04438810 -0.08362766
v -0.21943157 -1.03234437 -0.06842263
v -0.21687160 -1.02030064 -0.05321760
v -0.21431162 -1.00825692 -0.03801257
v -0.21175165 -0.99621319 -0.02280754
v -0.20919168 -0.98416946 -0.00760251
v -0.20663170 -0.97212574 0.00760251
v -0.20407173 -0.96008201 0.02280754
v -0.20151176 -0.94803829 0.03801257
v -0.19895179 -0.93599456 0.05321760
v -0.19639181 -0.92395083 0.06842263
v -0.19383184 -0.91190711 0.08362766
v -0.19127187 -0.89986338 0.09883269
v -0.18871189 -0.88781965 0.11403772
v -0.18615192 -0.87577593 0.12924275
v -0.18359195 -0.86373220 0.14444778
v -0.18103197 -0.85168848 0.15965281
v -0.17847200 -0.83964475 0.17485784
v -0.19876243 -1.12723775 -0.17236000
v -0.19657858 -1.11485254 -0.15737217
v -0.19439473 -1.10246732 -0.14238435
v -0.19221089 -1.09008210 -0.12739652
v -0.19002704 -1.07769688 -0.11240870
v -0.18784319 -1.06531167 -0.09742087
v -0.18565934 -1.05292645 -0.08243304
v -0.18347549 -1.04054123 -0.06744522
v -0.18129165 -1.02815601 -0.05245739
v -0.17910780 -1.01577080 -0.03746957
v -0.17692395 -1.00338558 -0.02248174
v -0.17474010 -0.99100036 -0.00749391
v -0.17255625 -0.97861514 0.00749391
v -0.17037241 -0.96622993 0.02248174
v -0.16818856 -0.95384471 0.03746957
v -0.16600471 -0.94145949 0.05245739
v -0.16382086 -0.92907427 0.06744522
v -0.16163701 -0.91668906 0.08243304
v -0.15945317 -0.90430384 0.09742087
v -0.15726932 -0.89191862 0.11240870
v -0.15508547 -0.87953341 0.12739652
v -0.15290162 -0.86714819 0.14238435
v -0.15071777 -0.85476297 0.15737217
v -0.14853393 -0.84237775 0.17236000
v -0.15971690 -1.13644479 -0.16980966
v -0.15793048 -1.12373377 -0.15504360
v -0.15614406 -1.11102275 -0.14027754
v -0.15435765 -1.09831173 -0.12551148
v -0.15257123 -1.08560071 -0.11074543
v -0.15078481 -1.07288969 -0.09597937
v -0.14899840 -1.06017867 -0.08121331
v -0.14721198 -1.04746765 -0.06644726
v -0.14542556 -1.03475664 -0.05168120
v -0.14363914 -1.02204562 -0.03691514
v -0.14185273 -1.00933460 -0.02214909
v -0.14006631 -0.99662358 -0.00738303
v -0.13827989 -0.98391256 0.00738303
v -0.13649348 -0.97120154 0.02214909
v -0.13470706 -0.95849052 0.03691514
v -0.13292064 -0.94577950 0.05168120
v -0.13113422 -0.93306848 0.06644726
v -0.12934781 -0.92035746 0.08121331
v -0.12756139 -0.90764644 0.09597937
v -0.12577497 -0.89493543 0.11074543
v -0.12398855 -0.88222441 0.12551148
v -0.12220214 -0.86951339 0.14027754
v -0.12041572 -0.85680237 0.15504360
v -0.11862930 -0.84409135 0.16980966
v -0.12026568 -1.14425153 -0.16720759
v -0.11889723 -1.13123156 -0.15266780
v -0.11752877 -1.11821159 -0.13812801
v -0.11616032 -1.10519162 -0.12358822
v -0.11479187 -1.09217166 -0.10904843
v -0.11342341 -1.07915169 -0.09450864
v -0.11205496 -1.06613172 -0.07996885
v -0.11068651 -1.05311175 -0.06542906
v -0.10931805 -1.04009178 -0.05088927
v -0.10794960 -1.02707182 -0.03634948
v -0.10658114 -1.01405185 -0.02180969
v -0.10521269 -1.00103188 -0.00726990
v -0.10384424 -0.98801191 0.00726990
v -0.10247578 -0.97499194 0.02180969
v -0.10110733 -0.96197197 0.03634948
v -0.09973887 -0.94895201 0.05088927
v -0.09837042 -0.93593204 0.06542906
v -0.09700197 -0.92291207 0.07996885
v -0.09563351 -0.90989210 0.09450864
v -0.09426506 -0.89687213 0.10904843
v -0.09289661 -0.88385217 0.12358822
v -0.09152815 -0.87083220 0.13812801
v -0.09015970 -0.85781223 0.15266780
v -0.08879124 -0.84479226 0.16720759
v -0.08046058 -1.15063989 -0.16455458
v -0.07952979 -1.13732894 -0.15024549
v -0.07859900 -1.12401800 -0.13593639
v -0.07766820 -1.11070706 -0.12162730
v -0.07673741 -1.09739612 -0.10731821
v -0.07580662 -1.08408517 -0.09300911
v -0.07487583 -1.07077423 -0.07870002
v -0.07394504 -1.05746329 -0.06439092
v -0.07301424 -1.04415235 -0.05008183
v -0.07208345 -1.03084141 -0.03577274
v -0.07115266 -1.01753046 -0.02146364
v -0.07022187 -1.00421952 -0.00715455
v -0.06929108 -0.99090858 0.00715455
v -0.06836029 -0.97759764 0.02146364
v -0.06742949 -0.96428669 0.03577274
v -0.06649870 -0.95097575 0.05008183
v -0.06556791 -0.93766481 0.06439092
v -0.06463712 -0.92435387 0.07870002
v -0.06370633 -0.91104293 0.09300911
v -0.06277554 -0.89773198 0.10731821
v -0.06184474 -0.88442104 0.12162730
v -0.06091395 -0.87111010 0.13593639
v -0.05998316 -0.85779916 0.15024549
v -0.05905237 -0.84448821 0.16455458
v -0.04035422 -1.15559375 -0.16185146
v -0.03987990 -1.14201089 -0.14777742
v -0.03940557 -1.12842802 -0.13370338
v -0.03893125 -1.11484516 -0.11962934
v -0.03845693 -1.10126230 -0.10555530
v -0.03798260 -1.08767943 -0.09148126
v -0.03750828 -1.07409657 -0.07740722
v -0.03703395 -1.06051371 -0.06333318
v -0.03655963 -1.04693085 -0.04925914
v -0.03608531 -1.03334798 -0.03518510
v -0.03561098 -1.01976512 -0.02111106
v -0.03513666 -1.00618226 -0.00703702
v -0.03466233 -0.99259940 0.00703702
v -0.03418801 -0.97901653 0.02111106
v -0.03371369 -0.96543367 0.03518510
v -0.03323936 -0.95185081 0.04925914
v -0.03276504 -0.93826794 0.06333318
v -0.03229071 -0.92468508 0.07740722
v -0.03181639 -0.91110222 0.09148126
v -0.03134207 -0.89751936 0.10555530
v -0.03086774 -0.88393649 0.11962934
v -0.03039342 -0.87035363 0.13370338
v -0.02991909 -0.85677077 0.14777742
v -0.02944477 -0.84318791 0.16185146
v -0.00000000 -1.15909903 -0.15909903
v -0.00000000 -1.14526433 -0.14526433
v -0.00000000 -1.13142963 -0.13142963
v -0.00000000 -1.11759493 -0.11759493
v -0.00000000 -1.10376023 -0.10376023
v -0.00000000 -1.08992554 -0.08992554
v -0.00000000 -1.07609084 -0.07609084
v -0.00000000 -1.06225614 -0.06225614
v -0.00000000 -1.04842144 -0.04842144
v -0.00000000 -1.03458674 -0.03458674
v -0.00000000 -1.02075205 -0.02075205
v -0.00000000 -1.00691735 -0.00691735
v -0.00000000 -0.99308265 0.00691735
v -0.00000000 -0.97924795 0.02075205
v -0.00000000 -0.96541326 0.03458674
v -0.00000000 -0.95157856 0.04842144
v -0.00000000 -0.93774386 0.06225614
v -0.00000000 -0.92390916 0.07609084
v -0.00000000 -0.91007446 0.08992554
v -0.00000000 -0.89623977 0.10376023
v -0.00000000 -0.88240507 0.11759493
v -0.00000000 -0.86857037 0.13142963
v -0.00000000 -0.85473567 0.14526433
v -0.00000000 -0.84090097 0.15909903
v 0.04054803 -1.16114369 -0.15629813
v 0.04005685 -1.14707822 -0.14270699
v 0.03956568 -1.13301275 -0.12911585
v 0.03907450 -1.11894729 -0.11552471
v 0.03858332 -1.10488182 -0.10193357
v 0.03809215 -1.09081636 -0.08834242
v 0.03760097 -1.07675089 -0.07475128
v 0.03710979 -1.06268542 -0.06116014
v 0.03661862 -1.04861996 -0.04756900
v 0.03612744 -1.03455449 -0.03397786
v 0.03563626 -1.02048903 -0.02038671
v 0.03514509 -1.00642356 -0.00679557
v 0.03465391 -0.99235809 0.00679557
v 0.03416273 -0.97829263 0.02038671
v 0.03367155 -0.96422716 0.03397786
v 0.03318038 -0.95016170 0.04756900
v 0.03268920 -0.93609623 0.06116014
v 0.03219802 -0.92203076 0.07475128
v 0.03170685 -0.90796530 0.08834242
v 0.03121567 -0.89389983 0.10193357
v 0.03072449 -0.87983437 0.11552471
v 0.03023332 -0.86576890 0.12911585
v 0.02974214 -0.85170343 0.14270699
v 0.02925096 -0.83763797 0.15629813
v 0.08123522 -1.16171779 -0.15344963
v 0.08023707 -1.14744355 -0.14010618
v 0.07923892 -1.13316931 -0.12676274
v 0.07824077 -1.11889507 -0.11341929
v 0.07724261 -1.10462083 -0.10007585
v 0.07624446 -1.09034660 -0.08673240
v 0.07524631 -1.07607236 -0.07338895
v 0.07424816 -1.06179812 -0.06004551
v 0.07325001 -1.04752388 -0.04670206
v 0.07225185 -1.03324965 -0.03335862
v 0.07125370 -1.01897541 -0.02001517
v 0.07025555 -1.00470117 -0.00667172
v 0.06925740 -0.99042693 0.00667172
v 0.06825925 -0.97615269 0.02001517
v 0.06726109 -0.96187846 0.03335862
v 0.06626294 -0.94760422 0.04670206
v 0.06526479 -0.93332998 0.06004551
v 0.06426664 -0.91905574 0.07338895
v 0.06326849 -0.90478150 0.08673240
v 0.06227033 -0.89050727 0.10007585
v 0.06127218 -0.87623303 0.11341929
v 0.06027403 -0.86195879 0.12676274
v 0.05927588 -0.84768455 0.14010618
v 0.05827773 -0.83341031 0.15344963
v 0.12200642 -1.16081350 -0.15055439
v 0.12048659 -1.14635336 -0.13746270
v 0.11896677 -1.13189322 -0.12437101
v 0.11744695 -1.11743308 -0.11127933
v 0.11592713 -1.10297294 -0.09818764
v 0.11440731 -1.08851280 -0.08509596
v 0.11288748 -1.07405266 -0.07200427
v 0.11136766 -1.05959252 -0.05891259
v 0.10984784 -1.04513238 -0.04582090
v 0.10832802 -1.03067224 -0.03272921
v 0.10680820 -1.01621210 -0.01963753
v 0.10528837 -1.00175197 -0.00654584
v 0.10376855 -0.98729183 0.00654584
v 0.10224873 -0.97283169 0.01963753
v 0.10072891 -0.95837155 0.03272921
v 0.09920909 -0.94391141 0.04582090
v 0.09768926 -0.92945127 0.05891259
v 0.09616944 -0.91499113 0.07200427
v 0.09464962 -0.90053099 0.08509596
v 0.09312980 -0.88607085 0.09818764
v 0.09160998 -0.87161071 0.11127933
v 0.09009016 -0.85715057 0.12437101
v 0.08857033 -0.84269043 0.13746270
v 0.08705051 -0.82823029 0.15055439
v 0.16280604 -1.15842515 -0.14761328
v 0.16075100 -1.14380279 -0.13477734
v 0.15869596 -1.12918044 -0.12194141
v 0.15664092 -1.11455808 -0.10910547
v 0.15458589 -1.09993573 -0.09626953
v 0.15253085 -1.08531337 -0.08343359
v 0.15047581 -1.07069102 -0.07059766
v 0.14842077 -1.05606867 -0.05776172
v 0.14636573 -1.04144631 -0.04492578
v 0.14431070 -1.02682396 -0.03208984
v 0.14225566 -1.01220160 -0.01925391
v 0.14020062 -0.99757925 -0.00641797
v 0.13814558 -0.98295689 0.00641797
v 0.13609054 -0.96833454 0.01925391
v 0.13403551 -0.95371218 0.03208984
v 0.13198047 -0.93908983 0.04492578
v 0.12992543 -0.92446747 0.05776172
v 0.12787039 -0.90984512 0.07059766
v 0.12581535 -0.89522276 0.08343359
v 0.12376032 -0.88060041 0.09626953
v 0.12170528 -0.86597805 0.10910547
v 0.11965024 -0.85135570 0.12194141
v 0.11759520 -0.83673334 0.13477734
v 0.11554016 -0.82211099 0.14761328
v 0.20357818 -1.15454922 -0.14462721
v 0.20097557 -1.13978909 -0.13205093
v 0.19837296 -1.12502896 -0.11947465
v 0.19577035 -1.11026884 -0.10689837
v 0.19316774 -1.09550871 -0.09432209
v 0.19056513 -1.08074858 -0.08174582
v 0.18796253 -1.06598845 -0.06916954
v 0.18535992 -1.05122833 -0.05659326
v 0.18275731 -1.03646820 -0.04401698
v 0.18015470 -1.02170807 -0.03144070
v 0.17755209 -1.00694794 -0.01886442
v 0.17494948 -0.99218782 -0.00628814
v 0.17234687 -0.97742769 0.00628814
v 0.16974426 -0.96266756 0.01886442
v 0.16714166 -0.94790743 0.03144070
v 0.16453905 -0.93314731 0.04401698
v 0.16193644 -0.91838718 0.05659326
v 0.15933383 -0.90362705 0.06916954
v 0.15673122 -0.88886693 0.08174582
v 0.15412861 -0.87410680 0.09432209
v 0.15152600 -0.85934667 0.10689837
v 0.14892340 -0.84458654 0.11947465
v 0.14632079 -0.82982642 0.13205093
v 0.14371818 -0.81506629 0.14462721
v 0.24426668 -1.14918438 -0.14159709
v 0.24110538 -1.13431162 -0.12928430
v 0.23794407 -1.11943885 -0.11697151
v 0.23478277 -1.10456609 -0.10465872
v 0.23162147 -1.08969333 -0.09234593
v 0.22846016 -1.07482056 -0.08003314
v 0.22529886 -1.05994780 -0.06772035
v 0.22213756 -1.04507504 -0.05540756
v 0.21897625 -1.03020227 -0.04309477
v 0.21581495 -1.01532951 -0.03078198
v 0.21265365 -1.00045675 -0.01846919
v 0.20949234 -0.98558398 -0.00615640
v 0.20633104 -0.97071122 0.00615640
v 0.20316974 -0.95583846 0.01846919
v 0.20000843 -0.94096569 0.03078198
v 0.19684713 -0.92609293 0.04309477
v 0.19368583 -0.91122017 0.05540756
v 0.19052452 -0.89634740 0.06772035
v 0.18736322 -0.88147464 0.08003314
v 0.18420192 -0.86660188 0.09234593
v 0.18104061 -0.85172911 0.10465872
v 0.17787931 -0.83685635 0.11697151
v 0.17471800 -0.82198359 0.12928430
v 0.17155670 -0.80711082 0.14159709
v 0.28481523 -1.14233151 -0.13852383
v 0.28108538 -1.12737187 -0.12647828
v 0.27735552 -1.11241224 -0.11443273
v 0.27362567 -1.09745261 -0.10238718
v 0.26989581 -1.08249297 -0.09034163
v 0.26616596 -1.06753334 -0.07829608
v 0.26243610 -1.05257371 -0.06625053
v 0.25870625 -1.03761407 -0.05420498
v 0.25497639 -1.02265444 -0.04215943
v 0.25124653 -1.00769481 -0.03011388
v 0.24751668 -0.99273518 -0.01806833
v 0.24378682 -0.97777554 -0.00602278
v 0.24005697 -0.96281591 0.00602278
v 0.23632711 -0.94785628 0.01806833
v 0.23259726 -0.93289664 0.03011388
v 0.22886740 -0.91793701 0.04215943
v 0.22513755 -0.90297738 0.05420498
v 0.22140769 -0.88801774 0.06625053
v 0.21767784 -0.87305811 0.07829608
v 0.21394798 -0.85809848 0.09034163
v 0.21021812 -0.84313885 0.10238718
v 0.20648827 -0.82817921 0.11443273
v 0.20275841 -0.81321958 0.12647828
v 0.19902856 -0.79825995 0.13852383
v 0.32516746 -1.13399368 -0.13540838
v 0.32086049 -1.11897351 -0.12363374
v 0.31655353 -1.10395334 -0.11185910
v 0.31224656 -1.08893317 -0.10008445
v 0.30793960 -1.07391299 -0.08830981
v 0.30363263 -1.05889282 -0.07653517
v 0.29932566 -1.04387265 -0.06476053
v 0.29501870 -1.02885247 -0.05298589
v 0.29071173 -1.01383230 -0.04121125
v 0.28640477 -0.99881213 -0.02943660
v 0.28209780 -0.98379196 -0.01766196
v 0.27779084 -0.96877178 -0.00588732
v 0.27348387 -0.95375161 0.00588732
v 0.26917691 -0.93873144 0.01766196
v 0.26486994 -0.92371126 0.02943660
v 0.26056298 -0.90869109 0.04121125
v 0.25625601 -0.89367092 0.05298589
v 0.25194905 -0.87865075 0.06476053
v 0.24764208 -0.86363057 0.07653517
v 0.24333512 -0.84861040 0.08830981
v 0.23902815 -0.83359023 0.10008445
v 0.23472119 -0.81857005 0.11185910
v 0.23041422 -0.80354988 0.12363374
v 0.22610726 -0.78852971 0.13540838
v 0.36526699 -1.12417622 -0.13225168
v 0.36037569 -1.10912233 -0.12075154
v 0.35548439 -1.09406844 -0.10925139
v 0.35059308 -1.07901455 -0.09775124
v 0.34570178 -1.06396067 -0.08625110
v 0.34081047 -1.04890678 -0.07475095
v 0.33591917 -1.03385289 -0.06325080
v 0.33102786 -1.01879901 -0.05175066
v 0.32613656 -1.00374512 -0.04025051
v 0.32124526 -0.98869123 -0.02875037
v 0.31635395 -0.97363735 -0.01725022
v 0.31146265 -0.95858346 -0.00575007
v 0.30657134 -0.94352957 0.00575007
v 0.30168004 -0.92847569 0.01725022
v 0.29678873 -0.91342180 0.02875037
v 0.29189743 -0.89836791 0.04025051
v 0.28700612 -0.88331403 0.05175066
v 0.28211482 -0.86826014 0.06325080
v 0.27722352 -0.85320625 0.07475095
v 0.27233221 -0.83815236 0.08625110
v 0.26744091 -0.82309848 0.09775124
v 0.26254960 -0.80804459 0.10925139
v 0.25765830 -0.79299070 0.12075154
v 0.25276699 -0.77793682 0.13225168
v 0.40505761 -1.11288663 -0.12905470
v 0.39957609 -1.09782628 -0.11783255
v 0.39409457 -1.08276593 -0.10661040
v 0.38861305 -1.06770558 -0.09538826
v 0.38313153 -1.05264523 -0.08416611
v 0.37765001 -1.03758488 -0.07294396
v 0.37216849 -1.02252454 -0.06172181
v 0.36668698 -1.00746419 -0.05049966
v 0.36120546 -0.99240384 -0.03927752
v 0.35572394 -0.97734349 -0.02805537
v 0.35024242 -0.96228314 -0.01683322
v 0.34476090 -0.94722279 -0.00561107
v 0.33927938 -0.93216245 0.00561107
v 0.33379787 -0.91710210 0.01683322
v 0.32831635 -0.90204175 0.02805537
v 0.32283483 -0.88698140 0.03927752
v 0.31735331 -0.87192105 0.05049966
v 0.31187179 -0.85686071 0.06172181
v 0.30639027 -0.84180036 0.07294396
v 0.30090875 -0.82674001 0.08416611
v 0.29542724 -0.81167966 0.09538826
v 0.28994572 -0.79661931 0.10661040
v 0.28446420 -0.78155896 0.11783255
v 0.27898268 -0.76649862 0.12905470
v 0.44448326 -1.10013466 -0.12581840
v 0.43840702 -1.08509546 -0.11487767
v 0.43233079 -1.07005626 -0.10393694
v 0.42625456 -1.05501706 -0.09299621
v 0.42017833 -1.03997786 -0.08205548
v 0.41410210 -1.02493866 -0.07111475
v 0.40802587 -1.00989946 -0.06017402
v 0.40194963 -0.99486026 -0.04923329
v 0.39587340 -0.97982106 -0.03829256
v 0.38979717 -0.96478186 -0.02735183
v 0.38372094 -0.94974266 -0.01641110
v 0.37764471 -0.93470345 -0.00547037
v 0.37156848 -0.91966425 0.00547037
v 0.36549225 -0.90462505 0.01641110
v 0.35941601 -0.88958585 0.02735183
v 0.35333978 -0.87454665 0.03829256
v 0.34726355 -0.85950745 0.04923329
v 0.34118732 -0.84446825 0.06017402
v 0.33511109 -0.82942905 0.07111475
v 0.32903486 -0.81438985 0.08205548
v 0.32295863 -0.79935065 0.09299621
v 0.31688239 -0.78431145 0.10393694
v 0.31080616 -0.76927225 0.11487767
v 0.30472993 -0.75423305 0.12581840
v 0.48348820 -1.08593229 -0.12254378
v 0.47681416 -1.07094213 -0.11188780
v 0.47014011 -1.05595197 -0.10123182
v 0.46346606 -1.04096181 -0.09057584
v 0.45679201 -1.02597165 -0.07991986
v 0.45011796 -1.01098149 -0.06926388
v 0.44344391 -0.99599133 -0.05860790
v 0.43676986 -0.98100117 -0.04795192
v 0.43009581 -0.96601101 -0.03729593
v 0.42342177 -0.95102086 -0.02663995
v 0.41674772 -0.93603070 -0.01598397
v 0.41007367 -0.92104054 -0.00532799
v 0.40339962 -0.90605038 0.00532799
v 0.39672557 -0.89106022 0.01598397
v 0.39005152 -0.87607006 0.02663995
v 0.38337747 -0.86107990 0.03729593
v 0.37670342 -0.84608974 0.04795192
v 0.37002937 -0.83109958 0.05860790
v 0.36335533 -0.81610942 0.06926388
v 0.35668128 -0.80111926 0.07991986
v 0.35000723 -0.78612911 0.09057584
v 0.34333318 -0.77113895 0.10123182
v 0.33665913 -0.75614879 0.11188780
v 0.32998508 -0.74115863 0.12254378
v 0.52201711 -1.07029368 -0.11923183
v 0.51474354 -1.05538067 -0.10886385
v 0.50746998 -1.04046765 -0.09849586
v 0.50019642 -1.02555464 -0.08812788
v 0.49292286 -1.01064163 -0.07775989
v 0.48564930 -0.99572862 -0.06739191
v 0.47837574 -0.98081561 -0.05702392
v 0.47110217 -0.96590260 -0.04665594
v 0.46382861 -0.95098959 -0.03628795
v 0.45655505 -0.93607657 -0.02591996
v 0.44928149 -0.92116356 -0.01555198
v 0.44200793 -0.90625055 -0.00518399
v 0.43473437 -0.89133754 0.00518399
v 0.42746080 -0.87642453 0.01555198
v 0.42018724 -0.86151152 0.02591996
v 0.41291368 -0.84659851 0.03628795
v 0.40564012 -0.83168550 0.04665594
v 0.39836656 -0.81677248 0.05702392
v 0.39109300 -0.80185947 0.06739191
v 0.38381943 -0.78694646 0.07775989
v 0.37654587 -0.77203345 0.08812788
v 0.36927231 -0.75712044 0.09849586
v 0.36199875 -0.74220743 0.10886385
v 0.35472519 -0.72729442 0.11923183
v 0.56001509 -1.05323520 -0.11588357
v 0.55214174 -1.03842758 -0.10580673
v 0.54426839 -1.02361996 -0.09572990
v 0.53639504 -1.00881235 -0.08565307
v 0.52852169 -0.99400473 -0.07557624
v 0.52064834 -0.97919711 -0.06549941
v 0.51277499 -0.96438949 -0.05542258
v 0.50490164 -0.94958187 -0.04534574
v 0.49702829 -0.93477426 -0.03526891
v 0.48915494 -0.91996664 -0.02519208
v 0.48128159 -0.90515902 -0.01511525
v 0.47340824 -0.89035140 -0.00503842
v 0.46553489 -0.87554378 0.00503842
v 0.45766154 -0.86073617 0.01511525
v 0.44978819 -0.84592855 0.02519208
v 0.44191484 -0.83112093 0.03526891
v 0.43404149 -0.81631331 0.04534574
v 0.42616814 -0.80150569 0.05542258
v 0.41829479 -0.78669808 0.06549941
v 0.41042144 -0.77189046 0.07557624
v 0.40254809 -0.75708284 0.08565307
v 0.39467474 -0.74227522 0.09572990
v 0.38680139 -0.72746760 0.10580673
v 0.37892804 -0.71265999 0.11588357
v 0.59742786 -1.03477540 -0.11250000
v 0.58895587 -1.02010149 -0.10271739
v 0.58048388 -1.00542758 -0.09293478
v 0.57201189 -0.99075366 -0.08315217
v 0.56353991 -0.97607975 -0.07336957
v 0.55506792 -0.96140584 -0.06358696
v 0.54659593 -0.94673193 -0.05380435
v 0.53812394 -0.93205801 -0.04402174
v 0.52965196 -0.91738410 -0.03423913
v 0.52117997 -0.90271019 -0.02445652
v 0.51270798 -0.88803627 -0.01467391
v 0.50423599 -0.87336236 -0.00489130
v 0.49576401 -0.85868845 0.00489130
v 0.48729202 -0.84401453 0.01467391
v 0.47882003 -0.82934062 0.02445652
v 0.47034804 -0.81466671 0.03423913
v 0.46187606 -0.79999280 0.04402174
v 0.45340407 -0.78531888 0.05380435
v 0.44493208 -0.77064497 0.06358696
v 0.43646009 -0.75597106 0.07336957
v 0.42798811 -0.74129714 0.08315217
v 0.41951612 -0.72662323 0.09293478
v 0.41104413 -0.71194932 0.10271739
v 0.40257214 -0.69727540 0.11250000
v 0.63420178 -1.01493500 -0.10908216
v 0.62513373 -1.00042310 -0.09959676
v 0.61606569 -0.98591119 -0.09011135
v 0.60699764 -0.97139929 -0.08062595
v 0.59792960 -0.95688738 -0.07114054
v 0.58886155 -0.94237548 -0.06165514
v 0.57979351 -0.92786357 -0.05216973
v 0.57072546 -0.91335167 -0.04268433
v 0.56165742 -0.89883976 -0.03319892
v 0.55258938 -0.88432786 -0.02371351
v 0.54352133 -0.86981595 -0.01422811
v 0.53445329 -0.85530405 -0.00474270
v 0.52538524 -0.84079214 0.00474270
v 0.51631720 -0.82628024 0.01422811
v 0.50724915 -0.81176833 0.02371351
v 0.49818111 -0.79725643 0.03319892
v 0.48911306 -0.78274452 0.04268433
v 0.48004502 -0.76823262 0.05216973
v 0.47097697 -0.75372072 0.06165514
v 0.46190893 -0.73920881 0.07114054
v 0.45284089 -0.72469691 0.08062595
v 0.44377284 -0.71018500 0.09011135
v 0.43470480 -0.69567310 0.09959676
v 0.42563675 -0.68116119 0.10908216
v 0.67028396 -0.99373684 -0.10563110
v 0.66062387 -0.97941516 -0.09644579
v 0.65096378 -0.96509349 -0.08726048
v 0.64130368 -0.95077181 -0.07807516
v 0.63164359 -0.93645014 -0.06888985
v 0.62198350 -0.92212846 -0.05970454
v 0.61232341 -0.90780679 -0.05051922
v 0.60266332 -0.89348511 -0.04133391
v 0.59300322 -0.87916344 -0.03214860
v 0.58334313 -0.86484176 -0.02296328
v 0.57368304 -0.85052009 -0.01377797
v 0.56402295 -0.83619841 -0.00459266
v 0.55436286 -0.82187673 0.00459266
v 0.54470277 -0.80755506 0.01377797
v 0.53504267 -0.79323338 0.02296328
v 0.52538258 -0.77891171 0.03214860
v 0.51572249 -0.76459003 0.04133391
v 0.50606240 -0.75026836 0.05051922
v 0.49640231 -0.73594668 0.05970454
v 0.48674221 -0.72162501 0.06888985
v 0.47708212 -0.70730333 0.07807516
v 0.46742203 -0.69298166 0.08726048
v 0.45776194 -0.67865998 0.09644579
v 0.44810185 -0.66433831 0.10563110
v 0.70562236 -0.97120586 -0.10214786
v 0.69537566 -0.95710248 -0.09326544
v 0.68512895 -0.94299910 -0.08438302
v 0.67488225 -0.92889572 -0.07550059
v 0.66463554 -0.91479234 -0.06661817
v 0.65438884 -0.90068896 -0.05773575
v 0.64414213 -0.88658558 -0.04885333
v 0.63389543 -0.87248220 -0.03997090
v 0.62364872 -0.85837882 -0.03108848
v 0.61340202 -0.84427544 -0.02220606
v 0.60315531 -0.83017206 -0.01332363
v 0.59290860 -0.81606868 -0.00444121
v 0.58266190 -0.80196530 0.00444121
v 0.57241519 -0.78786192 0.01332363
v 0.56216849 -0.77375854 0.02220606
v 0.55192178 -0.75965516 0.03108848
v 0.54167508 -0.74555178 0.03997090
v 0.53142837 -0.73144840 0.04885333
v 0.52118167 -0.71734502 0.05773575
v 0.51093496 -0.70324164 0.06661817
v 0.50068826 -0.68913826 0.07550059
v 0.49044155 -0.67503488 0.08438302
v 0.48019485 -0.66093150 0.09326544
v 0.46994814 -0.64682812 0.10214786
v 0.74016587 -0.94736911 -0.09863351
v 0.72933940 -0.93351186 -0.09005668
v 0.71851293 -0.91965462 -0.08147985
v 0.70768646 -0.90579737 -0.07290303
v 0.69685999 -0.89194012 -0.06432620
v 0.68603352 -0.87808287 -0.05574937
v 0.67520706 -0.86422562 -0.04717255
v 0.66438059 -0.85036837 -0.03859572
v 0.65355412 -0.83651112 -0.03001889
v 0.64272765 -0.82265388 -0.02144207
v 0.63190118 -0.80879663 -0.01286524
v 0.62107471 -0.79493938 -0.00428841
v 0.61024824 -0.78108213 0.00428841
v 0.59942177 -0.76722488 0.01286524
v 0.58859530 -0.75336763 0.02144207
v 0.57776883 -0.73951038 0.03001889
v 0.56694236 -0.72565313 0.03859572
v 0.55611589 -0.71179589 0.04717255
v 0.54528943 -0.69793864 0.05574937
v 0.53446296 -0.68408139 0.06432620
v 0.52363649 -0.67022414 0.07290303
v 0.51281002 -0.65636689 0.08147985
v 0.50198355 -0.64250964 0.09005668
v 0.49115708 -0.62865239 0.09863351
v 0.77386438 -0.92225565 -0.09508911
v 0.76246640 -0.90867207 -0.08682049
v 0.75106842 -0.89508849 -0.07855187
v 0.73967044 -0.88150490 -0.07028325
v 0.72827246 -0.86792132 -0.06201464
v 0.71687448 -0.85433774 -0.05374602
v 0.70547650 -0.84075415 -0.04547740
v 0.69407852 -0.82717057 -0.03720878
v 0.68268054 -0.81358699 -0.02894016
v 0.67128256 -0.80000340 -0.02067155
v 0.65988458 -0.78641982 -0.01240293
v 0.64848660 -0.77283623 -0.00413431
v 0.63708862 -0.75925265 0.00413431
v 0.62569064 -0.74566907 0.01240293
v 0.61429266 -0.73208548 0.02067155
v 0.60289468 -0.71850190 0.02894016
v 0.59149670 -0.70491832 0.03720878
v 0.58009872 -0.69133473 0.04547740
v 0.56870074 -0.67775115 0.05374602
v 0.55730276 -0.66416757 0.06201464
v 0.54590478 -0.65058398 0.07028325
v 0.53450680 -0.63700040 0.07855187
v 0.52310882 -0.62341682 0.08682049
v 0.51171084 -0.60983323 0.09508911
v 0.80666888 -0.89589656 -0.09151574
v 0.79470903 -0.88261380 -0.08355785
v 0.78274918 -0.86933104 -0.07559996
v 0.77078933 -0.85604828 -0.06764207
v 0.75882948 -0.84276552 -0.05968418
v 0.74686963 -0.82948276 -0.05172629
v 0.73490978 -0.81620000 -0.04376840
v 0.72294993 -0.80291724 -0.03581051
v 0.71099008 -0.78963448 -0.02785262
v 0.69903023 -0.77635172 -0.01989473
v 0.68707038 -0.76306896 -0.01193684
v 0.67511053 -0.74978621 -0.00397895
v 0.66315068 -0.73650345 0.00397895
v 0.65119083 -0.72322069 0.01193684
v 0.63923098 -0.70993793 0.01989473
v 0.62727113 -0.69665517 0.02785262
v 0.61531128 -0.68337241 0.03581051
v 0.60335143 -0.67008965 0.04376840
v 0.59139158 -0.65680689 0.05172629
v 0.57943173 -0.64352413 0.05968418
v 0.56747188 -0.63024137 0.06764207
v 0.55551203 -0.61695861 0.07559996
v 0.54355218 -0.60367585 0.08355785
v 0.53159233 -0.59039310 0.09151574
v 0.83853156 -0.86832485 -0.08791450
v 0.82602085 -0.85536963 -0.08026976
v 0.81351014 -0.84241441 -0.07262502
v 0.80099942 -0.82945919 -0.06498029
v 0.78848871 -0.81650396 -0.05733555
v 0.77597800 -0.80354874 -0.04969081
v 0.76346729 -0.79059352 -0.04204607
v 0.75095658 -0.77763830 -0.03440133
v 0.73844586 -0.76468308 -0.02675659
v 0.72593515 -0.75172785 -0.01911185
v 0.71342444 -0.73877263 -0.01146711
v 0.70091373 -0.72581741 -0.00382237
v 0.68840301 -0.71286219 0.00382237
v 0.67589230 -0.69990697 0.01146711
v 0.66338159 -0.68695175 0.01911185
v 0.65087088 -0.67399652 0.02675659
v 0.63836017 -0.66104130 0.03440133
v 0.62584945 -0.64808608 0.04204607
v 0.61333874 -0.63513086 0.04969081
v 0.60082803 -0.62217564 0.05733555
v 0.58831732 -0.60922042 0.06498029
v 0.57580660 -0.59626519 0.07262502
v 0.56329589 -0.58330997 0.08026976
v 0.55078518 -0.57035475 0.08791450
v 0.86940586 -0.83957548 -0.08428648
v 0.85635663 -0.82697399 -0.07695722
v 0.84330741 -0.81437250 -0.06962796
v 0.83025819 -0.80177101 -0.06229871
v 0.81720897 -0.78916953 -0.05496945
v 0.80415975 -0.77656804 -0.04764019
v 0.79111052 -0.76396655 -0.04031093
v 0.77806130 -0.75136506 -0.03298167
v 0.76501208 -0.73876358 -0.02565241
v 0.75196286 -0.72616209 -0.01832315
v 0.73891363 -0.71356060 -0.01099389
v 0.72586441 -0.70095911 -0.00366463
v 0.71281519 -0.68835763 0.00366463
v 0.69976597 -0.67575614 0.01099389
v 0.68671674 -0.66315465 0.01832315
v 0.67366752 -0.65055316 0.02565241
v 0.66061830 -0.63795168 0.03298167
v 0.64756908 -0.62535019 0.04031093
v 0.63451986 -0.61274870 0.04764019
v 0.62147063 -0.60014721 0.05496945
v 0.60842141 -0.58754573 0.06229871
v 0.59537219 -0.57494424 0.06962796
v 0.58232297 -0.56234275 0.07695722
v 0.56927374 -0.54974126 0.08428648
v 0.89924655 -0.80968523 -0.08063279
v 0.88567249 -0.79746309 -0.07362124
v 0.87209843 -0.78524095 -0.06660969
v 0.85852436 -0.77301881 -0.05959815
v 0.84495030 -0.76079667 -0.05258660
v 0.83137624 -0.74857453 -0.04557505
v 0.81780217 -0.73635239 -0.03856351
v 0.80422811 -0.72413024 -0.03155196
v 0.79065405 -0.71190810 -0.02454041
v 0.77707998 -0.69968596 -0.01752887
v 0.76350592 -0.68746382 -0.01051732
v 0.74993186 -0.67524168 -0.00350577
v 0.73635779 -0.66301954 0.00350577
v 0.72278373 -0.65079739 0.01051732
v 0.70920967 -0.63857525 0.01752887
v 0.69563560 -0.62635311 0.02454041
v 0.68206154 -0.61413097 0.03155196
v 0.66848748 -0.60190883 0.03856351
v 0.65491341 -0.58968669 0.04557505
v 0.64133935 -0.57746454 0.05258660
v 0.62776529 -0.56524240 0.05959815
v 0.61419122 -0.55302026 0.06660969
v 0.60061716 -0.54079812 0.07362124
v 0.58704310 -0.52857598 0.08063279
v 0.92800986 -0.77869273 -0.07695453
v 0.91392591 -0.76687490 -0.07026283
v 0.89984196 -0.75505706 -0.06357114
v 0.88575801 -0.74323922 -0.05687944
v 0.87167406 -0.73142139 -0.05018774
v 0.85759012 -0.71960355 -0.04349604
v 0.84350617 -0.70778571 -0.03680434
v 0.82942222 -0.69596788 -0.03011264
v 0.81533827 -0.68415004 -0.02342094
v 0.80125432 -0.67233220 -0.01672925
v 0.78717037 -0.66051436 -0.01003755
v 0.77308642 -0.64869653 -0.00334585
v 0.75900247 -0.63687869 0.00334585
v 0.74491852 -0.62506085 0.01003755
v 0.73083457 -0.61324302 0.01672925
v 0.71675062 -0.60142518 0.02342094
v 0.70266667 -0.58960734 0.03011264
v 0.68858272 -0.57778951 0.03680434
v 0.67449877 -0.56597167 0.04349604
v 0.66041482 -0.55415383 0.05018774
v 0.64633087 -0.54233600 0.05687944
v 0.63224692 -0.53051816 0.06357114
v 0.61816297 -0.51870032 0.07026283
v 0.60407902 -0.50688249 0.07695453
v 0.95565348 -0.74663833 -0.07325283
v 0.94107586 -0.73524904 -0.06688302
v 0.92649823 -0.72385975 -0.06051321
v 0.91192060 -0.71247046 -0.05414340
v 0.89734297 -0.70108116 -0.04777359
v 0.88276534 -0.68969187 -0.04140378
v 0.86818771 -0.67830258 -0.03503396
v 0.85361008 -0.66691329 -0.02866415
v 0.83903245 -0.65552400 -0.02229434
v 0.82445483 -0.64413470 -0.01592453
v 0.80987720 -0.63274541 -0.00955472
v 0.79529957 -0.62135612 -0.00318491
v 0.78072194 -0.60996683 0.00318491
v 0.76614431 -0.59857754 0.00955472
v 0.75156668 -0.58718825 0.01592453
v 0.73698905 -0.57579895 0.02229434
v 0.72241142 -0.56440966 0.02866415
v 0.70783380 -0.55302037 0.03503396
v 0.69325617 -0.54163108 0.04140378
v 0.67867854 -0.53024179 0.04777359
v 0.66410091 -0.51885249 0.05414340
v 0.64952328 -0.50746320 0.06051321
v 0.63494565 -0.49607391 0.06688302
v 0.62036802 -0.48468462 0.07325283
v 0.98213669 -0.71356408 -0.06952882
v 0.96708281 -0.70262679 -0.06348284
v 0.95202892 -0.69168950 -0.05743685
v 0.93697503 -0.68075221 -0.05139087
v 0.92192115 -0.66981492 -0.04534489
v 0.90686726 -0.65887763 -0.03929890
v 0.89181337 -0.64794034 -0.03325292
v 0.87675949 -0.63700305 -0.02720693
v 0.86170560 -0.62606576 -0.02116095
v 0.84665171 -0.61512847 -0.01511496
v 0.83159782 -0.60419119 -0.00906898
v 0.81654394 -0.59325390 -0.00302299
v 0.80149005 -0.58231661 0.00302299
v 0.78643616 -0.57137932 0.00906898
v 0.77138228 -0.56044203 0.01511496
v 0.75632839 -0.54950474 0.02116095
v 0.74127450 -0.53856745 0.02720693
v 0.72622062 -0.52763016 0.03325292
v 0.71116673 -0.51669287 0.03929890
v 0.69611284 -0.50575558 0.04534489
v 0.68105896 -0.49481830 0.05139087
v 0.66600507 -0.48388101 0.05743685
v 0.65095118 -0.47294372 0.06348284
v 0.63589730 -0.46200643 0.06952882
v 1.00742040 -0.67951364 -0.06578363
v 0.99190885 -0.66905097 -0.06006332
v 0.97639730 -0.65858830 -0.05434300
v 0.96088575 -0.64812562 -0.04862269
v 0.94537420 -0.63766295 -0.04290237
v 0.92986265 -0.62720028 -0.03718205
v 0.91435110 -0.61673760 -0.03146174
v 0.89883955 -0.60627493 -0.02574142
v 0.88332800 -0.59581226 -0.02002111
v 0.86781645 -0.58534959 -0.01430079
v 0.85230490 -0.57488691 -0.00858047
v 0.83679335 -0.56442424 -0.00286016
v 0.82128180 -0.55396157 0.00286016
v 0.80577025 -0.54349889 0.00858047
v 0.79025870 -0.53303622 0.01430079
v 0.77474715 -0.52257355 0.02002111
v 0.75923560 -0.51211088 0.02574142
v 0.74372405 -0.50164820 0.03146174
v 0.72821250 -0.49118553 0.03718205
v 0.71270094 -0.48072286 0.04290237
v 0.69718939 -0.47026018 0.04862269
v 0.68167784 -0.45979751 0.05434300
v 0.66616629 -0.44933484 0.06006332
v 0.65065474 -0.43887217 0.06578363
v 1.03146723 -0.64453226 -0.06201841
v 1.01551774 -0.63456591 -0.05662550
v 0.99956825 -0.62459956 -0.05123260
v 0.98361876 -0.61463322 -0.04583969
v 0.96766927 -0.60466687 -0.04044679
v 0.95171978 -0.59470052 -0.03505388
v 0.93577029 -0.58473418 -0.02966098
v 0.91982080 -0.57476783 -0.02426807
v 0.90387131 -0.56480148 -0.01887517
v 0.88792182 -0.55483513 -0.01348226
v 0.87197233 -0.54486879 -0.00808936
v 0.85602284 -0.53490244 -0.00269645
v 0.84007335 -0.52493609 0.00269645
v 0.82412386 -0.51496974 0.00808936
v 0.80817437 -0.50500340 0.01348226
v 0.79222488 -0.49503705 0.01887517
v 0.77627539 -0.48507070 0.02426807
v 0.76032590 -0.47510435 0.02966098
v 0.74437641 -0.46513801 0.03505388
v 0.72842692 -0.45517166 0.04044679
v 0.71247743 -0.44520531 0.04583969
v 0.69652794 -0.43523896 0.05123260
v 0.68057845 -0.42527262 0.05662550
v 0.66462896 -0.41530627 0.06201841
v 1.05424157 -0.60866666 -0.05823429
v 1.03787495 -0.59921738 -0.05317043
v 1.02150833 -0.58976811 -0.04810658
v 1.00514170 -0.58031883 -0.04304273
v 0.98877508 -0.57086956 -0.03797888
v 0.97240846 -0.56142028 -0.03291503
v 0.95604183 -0.55197101 -0.02785118
v 0.93967521 -0.54252173 -0.02278733
v 0.92330859 -0.53307246 -0.01772348
v 0.90694196 -0.52362319 -0.01265963
v 0.89057534 -0.51417391 -0.00759578
v 0.87420872 -0.50472464 -0.00253193
v 0.85784209 -0.49527536 0.00253193
v 0.84147547 -0.48582609 0.00759578
v 0.82510885 -0.47637681 0.01265963
v 0.80874222 -0.46692754 0.01772348
v 0.79237560 -0.45747827 0.02278733
v 0.77600898 -0.44802899 0.02785118
v 0.75964235 -0.43857972 0.03291503
v 0.74327573 -0.42913044 0.03797888
v 0.72690911 -0.41968117 0.04304273
v 0.71054248 -0.41023189 0.04810658
v 0.69417586 -0.40078262 0.05317043
v 0.67780924 -0.39133334 0.05823429
v 1.07570965 -0.57196497 -0.05443243
v 1.05894774 -0.56305250 -0.04969917
v 1.04218582 -0.55414003 -0.04496592
v 1.02542390 -0.54522756 -0.04023266
v 1.00866198 -0.53631509 -0.03549941
v 0.99190006 -0.52740262 -0.03076615
v 0.97513814 -0.51849015 -0.02603290
v 0.95837623 -0.50957768 -0.02129965
v 0.94161431 -0.50066521 -0.01656639
v 0.92485239 -0.49175274 -0.01183314
v 0.90809047 -0.48284027 -0.00709988
v 0.89132855 -0.47392780 -0.00236663
v 0.87456663 -0.46501533 0.00236663
v 0.85780472 -0.45610286 0.00709988
v 0.84104280 -0.44719039 0.01183314
v 0.82428088 -0.43827792 0.01656639
v 0.80751896 -0.42936545 0.02129965
v 0.79075704 -0.42045298 0.02603290
v 0.77399512 -0.41154051 0.03076615
v 0.75723320 -0.40262804 0.03549941
v 0.74047129 -0.39371557 0.04023266
v 0.72370937 -0.38480310 0.04496592
v 0.70694745 -0.37589063 0.04969917
v 0.69018553 -0.36697816 0.05443243
v 1.09583960 -0.53447668 -0.05061399
v 1.07870520 -0.52611968 -0.04621277
v 1.06157081 -0.51776268 -0.04181155
v 1.04443641 -0.50940567 -0.03741034
v 1.02730202 -0.50104867 -0.03300912
v 1.01016762 -0.49269167 -0.02860791
v 0.99303322 -0.48433466 -0.02420669
v 0.97589883 -0.47597766 -0.01980547
v 0.95876443 -0.46762066 -0.01540426
v 0.94163004 -0.45926365 -0.01100304
v 0.92449564 -0.45090665 -0.00660182
v 0.90736124 -0.44254965 -0.00220061
v 0.89022685 -0.43419265 0.00220061
v 0.87309245 -0.42583564 0.00660182
v 0.85595806 -0.41747864 0.01100304
v 0.83882366 -0.40912164 0.01540426
v 0.82168926 -0.40076463 0.01980547
v 0.80455487 -0.39240763 0.02420669
v 0.78742047 -0.38405063 0.02860791
v 0.77028608 -0.37569362 0.03300912
v 0.75315168 -0.36733662 0.03741034
v 0.73601729 -0.35897962 0.04181155
v 0.71888289 -0.35062261 0.04621277
v 0.70174849 -0.34226561 0.05061399
v 1.11460147 -0.49625255 -0.04678013
v 1.09711834 -0.48846856 -0.04271229
v 1.07963521 -0.48068457 -0.03864446
v 1.06215208 -0.47290057 -0.03457662
v 1.04466895 -0.46511658 -0.03050878
v 1.02718582 -0.45733259 -0.02644094
v 1.00970268 -0.44954860 -0.02237311
v 0.99221955 -0.44176461 -0.01830527
v 0.97473642 -0.43398061 -0.01423743
v 0.95725329 -0.42619662 -0.01016959
v 0.93977016 -0.41841263 -0.00610176
v 0.92228702 -0.41062864 -0.00203392
v 0.90480389 -0.40284465 0.00203392
v 0.88732076 -0.39506066 0.00610176
v 0.86983763 -0.38727666 0.01016959
v 0.85235450 -0.37949267 0.01423743
v 0.83487136 -0.37170868 0.01830527
v 0.81738823 -0.36392469 0.02237311
v 0.79990510 -0.35614070 0.02644094
v 0.78242197 -0.34835670 0.03050878
v 0.76493884 -0.34057271 0.03457662
v 0.74745570 -0.33278872 0.03864446
v 0.72997257 -0.32500473 0.04271229
v 0.71248944 -0.31722074 0.04678013
v 1.13196735 -0.45734450 -0.04293202
v 1.11416009 -0.45014990 -0.03919880
v 1.09635283 -0.44295530 -0.03546559
v 1.07854557 -0.43576070 -0.03173237
v 1.06073831 -0.42856610 -0.02799915
v 1.04293105 -0.42137150 -0.02426593
v 1.02512379 -0.41417690 -0.02053271
v 1.00731653 -0.40698229 -0.01679949
v 0.98950927 -0.39978769 -0.01306627
v 0.97170201 -0.39259309 -0.00933305
v 0.95389475 -0.38539849 -0.00559983
v 0.93608748 -0.37820389 -0.00186661
v 0.91828022 -0.37100929 0.00186661
v 0.90047296 -0.36381469 0.00559983
v 0.88266570 -0.35662009 0.00933305
v 0.86485844 -0.34942549 0.01306627
v 0.84705118 -0.34223089 0.01679949
v 0.82924392 -0.33503629 0.02053271
v 0.81143666 -0.32784169 0.02426593
v 0.79362940 -0.32064709 0.02799915
v 0.77582214 -0.31345249 0.03173237
v 0.75801488 -0.30625789 0.03546559
v 0.74020762 -0.29906329 0.03919880
v 0.72240036 -0.29186869 0.04293202
v 1.14791135 -0.41780556 -0.03907084
v 1.12980537 -0.41121553 -0.03567338
v 1.11169940 -0.40462549 -0.03227591
v 1.09359342 -0.39803545 -0.02887845
v 1.07548744 -0.39144542 -0.02548098
v 1.05738147 -0.38485538 -0.02208352
v 1.03927549 -0.37826534 -0.01868605
v 1.02116952 -0.37167531 -0.01528859
v 1.00306354 -0.36508527 -0.01189113
v 0.98495756 -0.35849523 -0.00849366
v 0.96685159 -0.35190520 -0.00509620
v 0.94874561 -0.34531516 -0.00169873
v 0.93063963 -0.33872513 0.00169873
v 0.91253366 -0.33213509 0.00509620
v 0.89442768 -0.32554505 0.00849366
v 0.87632170 -0.31895502 0.01189113
v 0.85821573 -0.31236498 0.01528859
v 0.84010975 -0.30577494 0.01868605
v 0.82200377 -0.29918491 0.02208352
v 0.80389780 -0.29259487 0.02548098
v 0.78579182 -0.28600483 0.02887845
v 0.76768584 -0.27941480 0.03227591
v 0.74957987 -0.27282476 0.03567338
v 0.73147389 -0.26623472 0.03907084
v 1.16240969 -0.37768980 -0.03519775
v 1.14403115 -0.37171825 -0.03213708
v 1.12565262 -0.36574671 -0.02907641
v 1.10727408 -0.35977516 -0.02601573
v 1.08889554 -0.35380361 -0.02295506
v 1.07051700 -0.34783206 -0.01989438
v 1.05213847 -0.34186051 -0.01683371
v 1.03375993 -0.33588896 -0.01377303
v 1.01538139 -0.32991741 -0.01071236
v 0.99700286 -0.32394587 -0.00765169
v 0.97862432 -0.31797432 -0.00459101
v 0.96024578 -0.31200277 -0.00153034
v 0.94186725 -0.30603122 0.00153034
v 0.92348871 -0.30005967 0.00459101
v 0.90511017 -0.29408812 0.00765169
v 0.88673164 -0.28811657 0.01071236
v 0.86835310 -0.28214503 0.01377303
v 0.84997456 -0.27617348 0.01683371
v 0.83159603 -0.27020193 0.01989438
v 0.81321749 -0.26423038 0.02295506
v 0.79483895 -0.25825883 0.02601573
v 0.77646042 -0.25228728 0.02907641
v 0.75808188 -0.24631573 0.03213708
v 0.73970334 -0.24034419 0.03519775
v 1.17544072 -0.33705220 -0.03131395
v 1.15681645 -0.33171178 -0.02859100
v 1.13819219 -0.32637136 -0.02586804
v 1.11956793 -0.32103094 -0.02314509
v 1.10094367 -0.31569052 -0.02042214
v 1.08231940 -0.31035009 -0.01769919
v 1.06369514 -0.30500967 -0.01497624
v 1.04507088 -0.29966925 -0.01225328
v 1.02644662 -0.29432883 -0.00953033
v 1.00782235 -0.28898841 -0.00680738
v 0.98919809 -0.28364799 -0.00408443
v 0.97057383 -0.27830757 -0.00136148
v 0.95194956 -0.27296715 0.00136148
v 0.93332530 -0.26762672 0.00408443
v 0.91470104 -0.26228630 0.00680738
v 0.89607678 -0.25694588 0.00953033
v 0.87745251 -0.25160546 0.01225328
v 0.85882825 -0.24626504 0.01497624
v 0.84020399 -0.24092462 0.01769919
v 0.82157973 -0.23558420 0.02042214
v 0.80295546 -0.23024377 0.02314509
v 0.78433120 -0.22490335 0.02586804
v 0.76570694 -0.21956293 0.02859100
v 0.74708267 -0.21422251 0.03131395
v 1.18698497 -0.29594859 -0.02742060
v 1.16814242 -0.29125062 -0.02503620
v 1.14929988 -0.28655264 -0.02265180
v 1.13045734 -0.28185467 -0.02026740
v 1.11161480 -0.27715670 -0.01788300
v 1.09277225 -0.27245872 -0.01549860
v 1.07392971 -0.26776075 -0.01311420
v 1.05508717 -0.26306278 -0.01072980
v 1.03624463 -0.25836480 -0.00834540
v 1.01740208 -0.25366683 -0.00596100
v 0.99855954 -0.24896886 -0.00357660
v 0.97971700 -0.24427088 -0.00119220
v 0.96087445 -0.23957291 0.00119220
v 0.94203191 -0.23487494 0.00357660
v 0.92318937 -0.23017696 0.00596100
v 0.90434683 -0.22547899 0.00834540
v 0.88550428 -0.22078101 0.01072980
v 0.86666174 -0.21608304 0.01311420
v 0.84781920 -0.21138507 0.01549860
v 0.82897666 -0.20668709 0.01788300
v 0.81013411 -0.20198912 0.02026740
v 0.79129157 -0.19729115 0.02265180
v 0.77244903 -0.19259317 0.02503620
v 0.75360649 -0.18789520 0.02742060
v 1.19702517 -0.25443555 -0.02351890
v 1.17799234 -0.25039000 -0.02147378
v 1.15895951 -0.24634445 -0.01942866
v 1.13992668 -0.24229889 -0.01738354
v 1.12089384 -0.23825334 -0.01533842
v 1.10186101 -0.23420779 -0.01329329
v 1.08282818 -0.23016223 -0.01124817
v 1.06379535 -0.22611668 -0.00920305
v 1.04476251 -0.22207113 -0.00715793
v 1.02572968 -0.21802557 -0.00511281
v 1.00669685 -0.21398002 -0.00306768
v 0.98766402 -0.20993447 -0.00102256
v 0.96863118 -0.20588891 0.00102256
v 0.94959835 -0.20184336 0.00306768
v 0.93056552 -0.19779781 0.00511281
v 0.91153269 -0.19375225 0.00715793
v 0.89249986 -0.18970670 0.00920305
v 0.87346702 -0.18566115 0.01124817
v 0.85443419 -0.18161559 0.01329329
v 0.83540136 -0.17757004 0.01533842
v 0.81636853 -0.17352449 0.01738354
v 0.79733569 -0.16947893 0.01942866
v 0.77830286 -0.16543338 0.02147378
v 0.75927003 -0.16138783 0.02351890
v 1.20554631 -0.21257034 -0.01961004
v 1.18635165 -0.20918581 -0.01790482
v 1.16715700 -0.20580127 -0.01619960
v 1.14796234 -0.20241673 -0.01449438
v 1.12876768 -0.19903220 -0.01278916
v 1.10957303 -0.19564766 -0.01108394
v 1.09037837 -0.19226313 -0.00937872
v 1.07118371 -0.18887859 -0.00767349
v 1.05198905 -0.18549405 -0.00596827
v 1.03279440 -0.18210952 -0.00426305
v 1.01359974 -0.17872498 -0.00255783
v 0.99440508 -0.17534045 -0.00085261
v 0.97521042 -0.17195591 0.00085261
v 0.95601577 -0.16857137 0.00255783
v 0.93682111 -0.16518684 0.00426305
v 0.91762645 -0.16180230 0.00596827
v 0.89843180 -0.15841777 0.00767349
v 0.87923714 -0.15503323 0.00937872
v 0.86004248 -0.15164869 0.01108394
v 0.84084782 -0.14826416 0.01278916
v 0.82165317 -0.14487962 0.01449438
v 0.80245851 -0.14149509 0.01619960
v 0.78326385 -0.13811055 0.01790482
v 0.76406919 -0.13472601 0.01961004
v 1.21253563 -0.17041077 -0.01569521
v 1.19320802 -0.16769445 -0.01433041
v 1.17388040 -0.16497813 -0.01296561
v 1.15455279 -0.16226181 -0.01160080
v 1.13522517 -0.15954549 -0.01023600
v 1.11589756 -0.15682917 -0.00887120
v 1.09656995 -0.15411286 -0.00750640
v 1.07724233 -0.15139654 -0.00614160
v 1.05791472 -0.14868022 -0.00477680
v 1.03858710 -0.14596390 -0.00341200
v 1.01925949 -0.14324758 -0.00204720
v 0.99993188 -0.14053126 -0.00068240
v 0.98060426 -0.13781494 0.00068240
v 0.96127665 -0.13509862 0.00204720
v 0.94194903 -0.13238230 0.00341200
v 0.92262142 -0.12966598 0.00477680
v 0.90329381 -0.12694967 0.00614160
v 0.88396619 -0.12423335 0.00750640
v 0.86463858 -0.12151703 0.00887120
v 0.84531096 -0.11880071 0.01023600
v 0.82598335 -0.11608439 0.01160080
v 0.80665574 -0.11336807 0.01296561
v 0.78732812 -0.11065175 0.01433041
v 0.76800051 -0.10793543 0.01569521
v 1.21798266 -0.12801514 -0.01177559
v 1.19855129 -0.12597282 -0.01075163
v 1.17911992 -0.12393050 -0.00972766
v 1.15968854 -0.12188818 -0.00870370
v 1.14025717 -0.11984586 -0.00767973
v 1.12082580 -0.11780354 -0.00665577
v 1.10139443 -0.11576122 -0.00563180
v 1.08196306 -0.11371890 -0.00460784
v 1.06253169 -0.11167658 -0.00358388
v 1.04310032 -0.10963426 -0.00255991
v 1.02366895 -0.10759194 -0.00153595
v 1.00423758 -0.10554962 -0.00051198
v 0.98480621 -0.10350730 0.00051198
v 0.96537484 -0.10146498 0.00153595
v 0.94594347 -0.09942266 0.00255991
v 0.92651210 -0.09738035 0.00358388
v 0.90708073 -0.09533803 0.00460784
v 0.88764936 -0.09329571 0.00563180
v 0.86821799 -0.09125339 0.00665577
v 0.84878662 -0.08921107 0.00767973
v 0.82935525 -0.08716875 0.00870370
v 0.80992388 -0.08512643 0.00972766
v 0.79049250 -0.08308411 0.01075163
v 0.77106113 -0.08104179 0.01177559
v 1.22187923 -0.08544212 -0.00785239
v 1.20237356 -0.08407815 -0.00716957
v 1.18286790 -0.08271418 -0.00648675
v 1.16336223 -0.08135021 -0.00580394
v 1.14385656 -0.07998624 -0.00512112
v 1.12435089 -0.07862227 -0.00443831
v 1.10484522 -0.07725830 -0.00375549
v 1.08533956 -0.07589434 -0.00307267
v 1.06583389 -0.07453037 -0.00238986
v 1.04632822 -0.07316640 -0.00170704
v 1.02682255 -0.07180243 -0.00102422
v 1.00731688 -0.07043846 -0.00034141
v 0.98781122 -0.06907449 0.00034141
v 0.96830555 -0.06771052 0.00102422
v 0.94879988 -0.06634655 0.00170704
v 0.92929421 -0.06498258 0.00238986
v 0.90978854 -0.06361861 0.00307267
v 0.89028288 -0.06225464 0.00375549
v 0.87077721 -0.06089067 0.00443831
v 0.85127154 -0.05952670 0.00512112
v 0.83176587 -0.05816274 0.00580394
v 0.81226020 -0.05679877 0.00648675
v 0.79275454 -0.05543480 0.00716957
v 0.77324887 -0.05407083 0.00785239
v 1.22421952 -0.04275069 -0.00392679
v 1.20466919 -0.04206798 -0.00358533
v 1.18511887 -0.04138526 -0.00324387
v 1.16556855 -0.04070255 -0.00290241
v 1.14601823 -0.04001984 -0.00256095
v 1.12646791 -0.03933713 -0.00221949
v 1.10691759 -0.03865441 -0.00187803
v 1.08736727 -0.03797170 -0.00153657
v 1.06781695 -0.03728899 -0.00119511
v 1.04826663 -0.03660628 -0.00085365
v 1.02871631 -0.03592357 -0.00051219
v 1.00916599 -0.03524085 -0.00017073
v 0.98961567 -0.03455814 0.00017073
v 0.97006535 -0.03387543 0.00051219
v 0.95051503 -0.03319272 0.00085365
v 0.93096470 -0.03251000 0.00119511
v 0.91141438 -0.03182729 0.00153657
v 0.89186406 -0.03114458 0.00187803
v 0.87231374 -0.03046187 0.00221949
v 0.85276342 -0.02977915 0.00256095
v 0.83321310 -0.02909644 0.00290241
v 0.81366278 -0.02841373 0.00324387
v 0.79411246 -0.02773102 0.00358533
v 0.77456214 -0.02704831 0.00392679
f 1 25 26 2
f 2 26 27 3
f 3 27 28 4
f 4 28 29 5
f 5 29 30 6
f 6 30 31 7
f 7 31 32 8
f 8 32 33 9
f 9 33 34 10
f 10 34 35 11
f 11 35 36 12
f 12 36 37 13
f 13 37 38 14
f 14 38 39 15
f 15 39 40 16
f 16 40 41 17
f 17 41 42 18
f 18 42 43 19
f 19 43 44 20
f 20 44 45 21
f 21 45 46 22
f 22 46 47 23
f 23 47 48 24
f 25 49 50 26
f 26 50 51 27
f 27 51 52 28
f 28 52 53 29
f 29 53 54 30
f 30 54 55 31
f 31 55 56 32
f 32 56 57 33
f 33 57 58 34
f 34 58 59 35
f 35 59 60 36
f 36 60 61 37
f 37 61 62 38
f 38 62 63 39
f 39 63 64 40
f 40 64 65 41
f 41 65 66 42
f 42 66 67 43
f 43 67 68 44
f 44 68 69 45
f 45 69 70 46
f 46 70 71 47
f 47 71 72 48
f 49 73 74 50
f 50 74 75 51
f 51 75 76 52
f 52 76 77 53
f 53 77 78 54
f 54 78 79 55
f 55 79 80 56
f 56 80 81 57
f 57 81 82 58
f 58 82 83 59
f 59 83 84 60
f 60 84 85 61
f 61 85 86 62
f 62 86 87 63
f 63 87 88 64
f 64 88 89 65
f 65 89 90 66
f 66 90 91 67
f 67 91 92 68
f 68 92 93 69
f 69 93 94 70
f 70 94 95 71
f 71 95 96 72
f 73 97 98 74
f 74 98 99 75
f 75 99 100 76
f 76 100 101 77
f 77 101 102 78
f 78 102 103 79
f 79 103 104 80
f 80 104 105 81
f 81 105 106 82
f 82 106 107 83
f 83 107 108 84
f 84 108 109 85
f 85 109 110 86
f 86 110 111 87
f 87 111 112 88
f 88 112 113 89
f 89 113 114 90
f 90 114 115 91
f 91 115 116 92
f 92 116 117 93
f 93 117 118 94
f 94 118 119 95
f 95 119 120 96
f 97 121 122 98
f 98 122 123 99
f 99 123 124 100
f 100 124 125 101
f 101 125 126 102
f 102 126 127 103
f 103 127 128 104
f 104 128 129 105
f 105 129 130 106
f 106 130 131 107
f 107 131 132 108
f 108 132 133 109
f 109 133 134 110
f 110 134 135 111
f 111 135 136 112
f 112 136 137 113
f 113 137 138 114
f 114 138 139 115
f 115 139 140 116
f 116 140 141 117
f 117 141 142 118
f 118 142 143 119
f 119 143 144 120
f 121 145 146 122
f 122 146 147 123
f 123 147 148 124
f 124 148 149 125
f 125 149 150 126
f 126 150 151 127
f 127 151 152 128
f 128 152 153 129
f 129 153 154 130
f 130 154 155 131
f 131 155 156 132
f 132 156 157 133
f 133 157 158 134
f 134 158 159 135
f 135 159 160 136
f 136 160 161 137
f 137 161 162 138
f 138 162 163 139
f 139 163 164 140
f 140 164 165 141
f 141 165 166 142
f 142 166 167 143
f 143 167 168 144
f 145 169 170 146
f 146 170 171 147
f 147 171 172 148
f 148 172 173 149
f 149 173 174 150
f 150 174 175 151
f 151 175 176 152
f 152 176 177 153
f 153 177 178 154
f 154 178 179 155
f 155 179 180 156
f 156 180 181 157
f 157 181 182 158
f 158 182 183 159
f 159 183 184 160
f 160 184 185 161
f 161 185 186 162
f 162 186 187 163
f 163 187 188 164
f 164 188 189 165
f 165 189 190 166
f 166 190 191 167
f 167 191 192 168
f 169 193 194 170
f 170 194 195 171
f 171 195 196 172
f 172 196 197 173
f 173 197 198 174
f 174 198 199 175
f 175 199 200 176
f 176 200 201 177
f 177 201 202 178
f 178 202 203 179
f 179 203 204 180
f 180 204 205 181
f 181 205 206 182
f 182 206 207 183
f 183 207 208 184
f 184 208 209 185
f 185 209 210 186
f 186 210 211 187
f 187 211 212 188
f 188 212 213 189
f 189 213 214 190
f 190 214 215 191
f 191 215 216 192
f 193 217 218 194
f 194 218 219 195
f 195 219 220 196
f 196 220 221 197
f 197 221 222 198
f 198 222 223 199
f 199 223 224 200
f 200 224 225 201
f 201 225 226 202
f 202 226 227 203
f 203 227 228 204
f 204 228 229 205
f 205 229 230 206
f 206 230 231 207
f 207 231 232 208
f 208 232 233 209
f 209 233 234 210
f 210 234 235 211
f 211 235 236 212
f 212 236 237 213
f 213 237 238 214
f 214 238 239 215
f 215 239 240 216
f 217 241 242 218
f 218 242 243 219
f 219 243 244 220
f 220 244 245 221
f 221 245 246 222
f 222 246 247 223
f 223 247 248 224
f 224 248 249 225
f 225 249 250 226
f 226 250 251 227
f 227 251 252 228
f 228 252 253 229
f 229 253 254 230
f 230 254 255 231
f 231 255 256 232
f 232 256 257 233
f 233 257 258 234
f 234 258 259 235
f 235 259 260 236
f 236 260 261 237
f 237 261 262 238
f 238 262 263 239
f 239 263 264 240
f 241 265 266 242
f 242 266 267 243
f 243 267 268 244
f 244 268 269 245
f 245 269 270 246
f 246 270 271 247
f 247 271 272 248
f 248 272 273 249
f 249 273 274 250
f 250 274 275 251
f 251 275 276 252
f 252 276 277 253
f 253 277 278 254
f 254 278 279 255
f 255 279 280 256
f 256 280 281 257
f 257 281 282 258
f 258 282 283 259
f 259 283 284 260
f 260 284 285 261
f 261 285 286 262
f 262 286 287 263
f 263 287 288 264
f 265 289 290 266
f 266 290 291 267
f 267 291 292 268
f 268 292 293 269
f 269 293 294 270
f 270 294 295 271
f 271 295 296 272
f 272 296 297 273
f 273 297 298 274
f 274 298 299 275
f 275 299 300 276
f 276 300 301 277
f 277 301 302 278
f 278 302 303 279
f 279 303 304 280
f 280 304 305 281
f 281 305 306 282
f 282 306 307 283
f 283 307 308 284
f 284 308 309 285
f 285 309 310 286
f 286 310 311 287
f 287 311 312 288
f 289 313 314 290
f 290 314 315 291
f 291 315 316 292
f 292 316 317 293
f 293 317 318 294
f 294 318 319 295
f 295 319 320 296
f 296 320 321 297
f 297 321 322 298
f 298 322 323 299
f 299 323 324 300
f 300 324 325 301
f 301 325 326 302
f 302 326 327 303
f 303 327 328 304
f 304 328 329 305
f 305 329 330 306
f 306 330 331 307
f 307 331 332 308
f 308 332 333 309
f 309 333 334 310
f 310 334 335 311
f 311 335 336 312
f 313 337 338 314
f 314 338 339 315
f 315 339 340 316
f 316 340 341 317
f 317 341 342 318
f 318 342 343 319
f 319 343 344 320
f 320 344 345 321
f 321 345 346 322
f 322 346 347 323
f 323 347 348 324
f 324 348 349 325
f 325 349 350 326
f 326 350 351 327
f 327 351 352 328
f 328 352 353 329
f 329 353 354 330
f 330 354 355 331
f 331 355 356 332
f 332 356 357 333
f 333 357 358 334
f 334 358 359 335
f 335 359 360 336
f 337 361 362 338
f 338 362 363 339
f 339 363 364 340
f 340 364 365 341
f 341 365 366 342
f 342 366 367 343
f 343 367 368 344
f 344 368 369 345
f 345 369 370 346
f 346 370 371 347
f 347 371 372 348
f 348 372 373 349
f 349 373 374 350
f 350 374 375 351
f 351 375 376 352
f 352 376 377 353
f 353 377 378 354
f 354 378 379 355
f 355 379 380 356
f 356 380 381 357
f 357 381 382 358
f 358 382 383 359
f 359 383 384 360
f 361 385 386 362
f 362 386 387 363
f 363 387 388 364
f 364 388 389 365
f 365 389 390 366
f 366 390 391 367
f 367 391 392 368
f 368 392 393 369
f 369 393 394 370
f 370 394 395 371
f 371 395 396 372
f 372 396 397 373
f 373 397 398 374
f 374 398 399 375
f 375 399 400 376
f 376 400 401 377
f 377 401 402 378
f 378 402 403 379
f 379 403 404 380
f 380 404 405 381
f 381 405 406 382
f 382 406 407 383
f 383 407 408 384
f 385 409 410 386
f 386 410 411 387
f 387 411 412 388
f 388 412 413 389
f 389 413 414 390
f 390 414 415 391
f 391 415 416 392
f 392 416 417 393
f 393 417 418 394
f 394 418 419 395
f 395 419 420 396
f 396 420 421 397
f 397 421 422 398
f 398 422 423 399
f 399 423 424 400
f 400 424 425 401
f 401 425 426 402
f 402 426 427 403
f 403 427 428 404
f 404 428 429 405
f 405 429 430 406
f 406 430 431 407
f 407 431 432 408
f 409 433 434 410
f 410 434 435 411
f 411 435 436 412
f 412 436 437 413
f 413 437 438 414
f 414 438 439 415
f 415 439 440 416
f 416 440 441 417
f 417 441 442 418
f 418 442 443 419
f 419 443 444 420
f 420 444 445 421
f 421 445 446 422
f 422 446 447 423
f 423 447 448 424
f 424 448 449 425
f 425 449 450 426
f 426 450 451 427
f 427 451 452 428
f 428 452 453 429
f 429 453 454 430
f 430 454 455 431
f 431 455 456 432
f 433 457 458 434
f 434 458 459 435
f 435 459 460 436
f 436 460 461 437
f 437 461 462 438
f 438 462 463 439
f 439 463 464 440
f 440 464 465 441
f 441 465 466 442
f 442 466 467 443
f 443 467 468 444
f 444 468 469 445
f 445 469 470 446
f 446 470 471 447
f 447 471 472 448
f 448 472 473 449
f 449 473 474 450
f 450 474 475 451
f 451 475 476 452
f 452 476 477 453
f 453 477 478 454
f 454 478 479 455
f 455 479 480 456
f 457 481 482 458
f 458 482 483 459
f 459 483 484 460
f 460 484 485 461
f 461 485 486 462
f 462 486 487 463
f 463 487 488 464
f 464 488 489 465
f 465 489 490 466
f 466 490 491 467
f 467 491 492 468
f 468 492 493 469
f 469 493 494 470
f 470 494 495 471
f 471 495 496 472
f 472 496 497 473
f 473 497 498 474
f 474 498 499 475
f 475 499 500 476
f 476 500 501 477
f 477 501 502 478
f 478 502 503 479
f 479 503 504 480
f 481 505 506 482
f 482 506 507 483
f 483 507 508 484
f 484 508 509 485
f 485 509 510 486
f 486 510 511 487
f 487 511 512 488
f 488 512 513 489
f 489 513 514 490
f 490 514 515 491
f 491 515 516 492
f 492 516 517 493
f 493 517 518 494
f 494 518 519 495
f 495 519 520 496
f 496 520 521 497
f 497 521 522 498
f 498 522 523 499
f 499 523 524 500
f 500 524 525 501
f 501 525 526 502
f 502 526 527 503
f 503 527 528 504
f 505 529 530 506
f 506 530 531 507
f 507 531 532 508
f 508 532 533 509
f 509 533 534 510
f 510 534 535 511
f 511 535 536 512
f 512 536 537 513
f 513 537 538 514
f 514 538 539 515
f 515 539 540 516
f 516 540 541 517
f 517 541 542 518
f 518 542 543 519
f 519 543 544 520
f 520 544 545 521
f 521 545 546 522
f 522 546 547 523
f 523 547 548 524
f 524 548 549 525
f 525 549 550 526
f 526 550 551 527
f 527 551 552 528
f 529 553 554 530
f 530 554 555 531
f 531 555 556 532
f 532 556 557 533
f 533 557 558 534
f 534 558 559 535
f 535 559 560 536
f 536 560 561 537
f 537 561 562 538
f 538 562 563 539
f 539 563 564 540
f 540 564 565 541
f 541 565 566 542
f 542 566 567 543
f 543 567 568 544
f 544 568 569 545
f 545 569 570 546
f 546 570 571 547
f 547 571 572 548
f 548 572 573 549
f 549 573 574 550
f 550 574 575 551
f 551 575 576 552
f 553 577 578 554
f 554 578 579 555
f 555 579 580 556
f 556 580 581 557
f 557 581 582 558
f 558 582 583 559
f 559 583 584 560
f 560 584 585 561
f 561 585 586 562
f 562 586 587 563
f 563 587 588 564
f 564 588 589 565
f 565 589 590 566
f 566 590 591 567
f 567 591 592 568
f 568 592 593 569
f 569 593 594 570
f 570 594 595 571
f 571 595 596 572
f 572 596 597 573
f 573 597 598 574
f 574 598 599 575
f 575 599 600 576
f 577 601 602 578
f 578 602 603 579
f 579 603 604 580
f 580 604 605 581
f 581 605 606 582
f 582 606 607 583
f 583 607 608 584
f 584 608 609 585
f 585 609 610 586
f 586 610 611 587
f 587 611 612 588
f 588 612 613 589
f 589 613 614 590
f 590 614 615 591
f 591 615 616 592
f 592 616 617 593
f 593 617 618 594
f 594 618 619 595
f 595 619 620 596
f 596 620 621 597
f 597 621 622 598
f 598 622 623 599
f 599 623 624 600
f 601 625 626 602
f 602 626 627 603
f 603 627 628 604
f 604 628 629 605
f 605 629 630 606
f 606 630 631 607
f 607 631 632 608
f 608 632 633 609
f 609 633 634 610
f 610 634 635 611
f 611 635 636 612
f 612 636 637 613
f 613 637 638 614
f 614 638 639 615
f 615 639 640 616
f 616 640 641 617
f 617 641 642 618
f 618 642 643 619
f 619 643 644 620
f 620 644 645 621
f 621 645 646 622
f 622 646 647 623
f 623 647 648 624
f 625 649 650 626
f 626 650 651 627
f 627 651 652 628
f 628 652 653 629
f 629 653 654 630
f 630 654 655 631
f 631 655 656 632
f 632 656 657 633
f 633 657 658 634
f 634 658 659 635
f 635 659 660 636
f 636 660 661 637
f 637 661 662 638
f 638 662 663 639
f 639 663 664 640
f 640 664 665 641
f 641 665 666 642
f 642 666 667 643
f 643 667 668 644
f 644 668 669 645
f 645 669 670 646
f 646 670 671 647
f 647 671 672 648
f 649 673 674 650
f 650 674 675 651
f 651 675 676 652
f 652 676 677 653
f 653 677 678 654
f 654 678 679 655
f 655 679 680 656
f 656 680 681 657
f 657 681 682 658
f 658 682 683 659
f 659 683 684 660
f 660 684 685 661
f 661 685 686 662
f 662 686 687 663
f 663 687 688 664
f 664 688 689 665
f 665 689 690 666
f 666 690 691 667
f 667 691 692 668
f 668 692 693 669
f 669 693 694 670
f 670 694 695 671
f 671 695 696 672
f 673 697 698 674
f 674 698 699 675
f 675 699 700 676
f 676 700 701 677
f 677 701 702 678
f 678 702 703 679
f 679 703 704 680
f 680 704 705 681
f 681 705 706 682
f 682 706 707 683
f 683 707 708 684
f 684 708 709 685
f 685 709 710 686
f 686 710 711 687
f 687 711 712 688
f 688 712 713 689
f 689 713 714 690
f 690 714 715 691
f 691 715 716 692
f 692 716 717 693
f 693 717 718 694
f 694 718 719 695
f 695 719 720 696
f 697 721 722 698
f 698 722 723 699
f 699 723 724 700
f 700 724 725 701
f 701 725 726 702
f 702 726 727 703
f 703 727 728 704
f 704 728 729 705
f 705 729 730 706
f 706 730 731 707
f 707 731 732 708
f 708 732 733 709
f 709 733 734 710
f 710 734 735 711
f 711 735 736 712
f 712 736 737 713
f 713 737 738 714
f 714 738 739 715
f 715 739 740 716
f 716 740 741 717
f 717 741 742 718
f 718 742 743 719
f 719 743 744 720
f 721 745 746 722
f 722 746 747 723
f 723 747 748 724
f 724 748 749 725
f 725 749 750 726
f 726 750 751 727
f 727 751 752 728
f 728 752 753 729
f 729 753 754 730
f 730 754 755 731
f 731 755 756 732
f 732 756 757 733
f 733 757 758 734
f 734 758 759 735
f 735 759 760 736
f 736 760 761 737
f 737 761 762 738
f 738 762 763 739
f 739 763 764 740
f 740 764 765 741
f 741 765 766 742
f 742 766 767 743
f 743 767 768 744
f 745 769 770 746
f 746 770 771 747
f 747 771 772 748
f 748 772 773 749
f 749 773 774 750
f 750 774 775 751
f 751 775 776 752
f 752 776 777 753
f 753 777 778 754
f 754 778 779 755
f 755 779 780 756
f 756 780 781 757
f 757 781 782 758
f 758 782 783 759
f 759 783 784 760
f 760 784 785 761
f 761 785 786 762
f 762 786 787 763
f 763 787 788 764
f 764 788 789 765
f 765 789 790 766
f 766 790 791 767
f 767 791 792 768
f 769 793 794 770
f 770 794 795 771
f 771 795 796 772
f 772 796 797 773
f 773 797 798 774
f 774 798 799 775
f 775 799 800 776
f 776 800 801 777
f 777 801 802 778
f 778 802 803 779
f 779 803 804 780
f 780 804 805 781
f 781 805 806 782
f 782 806 807 783
f 783 807 808 784
f 784 808 809 785
f 785 809 810 786
f 786 810 811 787
f 787 811 812 788
f 788 812 813 789
f 789 813 814 790
f 790 814 815 791
f 791 815 816 792
f 793 817 818 794
f 794 818 819 795
f 795 819 820 796
f 796 820 821 797
f 797 821 822 798
f 798 822 823 799
f 799 823 824 800
f 800 824 825 801
f 801 825 826 802
f 802 826 827 803
f 803 827 828 804
f 804 828 829 805
f 805 829 830 806
f 806 830 831 807
f 807 831 832 808
f 808 832 833 809
f 809 833 834 810
f 810 834 835 811
f 811 835 836 812
f 812 836 837 813
f 813 837 838 814
f 814 838 839 815
f 815 839 840 816
f 817 841 842 818
f 818 842 843 819
f 819 843 844 820
f 820 844 845 821
f 821 845 846 822
f 822 846 847 823
f 823 847 848 824
f 824 848 849 825
f 825 849 850 826
f 826 850 851 827
f 827 851 852 828
f 828 852 853 829
f 829 853 854 830
f 830 854 855 831
f 831 855 856 832
f 832 856 857 833
f 833 857 858 834
f 834 858 859 835
f 835 859 860 836
f 836 860 861 837
f 837 861 862 838
f 838 862 863 839
f 839 863 864 840
f 841 865 866 842
f 842 866 867 843
f 843 867 868 844
f 844 868 869 845
f 845 869 870 846
f 846 870 871 847
f 847 871 872 848
f 848 872 873 849
f 849 873 874 850
f 850 874 875 851
f 851 875 876 852
f 852 876 877 853
f 853 877 878 854
f 854 878 879 855
f 855 879 880 856
f 856 880 881 857
f 857 881 882 858
f 858 882 883 859
f 859 883 884 860
f 860 884 885 861
f 861 885 886 862
f 862 886 887 863
f 863 887 888 864
f 865 889 890 866
f 866 890 891 867
f 867 891 892 868
f 868 892 893 869
f 869 893 894 870
f 870 894 895 871
f 871 895 896 872
f 872 896 897 873
f 873 897 898 874
f 874 898 899 875
f 875 899 900 876
f 876 900 901 877
f 877 901 902 878
f 878 902 903 879
f 879 903 904 880
f 880 904 905 881
f 881 905 906 882
f 882 906 907 883
f 883 907 908 884
f 884 908 909 885
f 885 909 910 886
f 886 910 911 887
f 887 911 912 888
f 889 913 914 890
f 890 914 915 891
f 891 915 916 892
f 892 916 917 893
f 893 917 918 894
f 894 918 919 895
f 895 919 920 896
f 896 920 921 897
f 897 921 922 898
f 898 922 923 899
f 899 923 924 900
f 900 924 925 901
f 901 925 926 902
f 902 926 927 903
f 903 927 928 904
f 904 928 929 905
f 905 929 930 906
f 906 930 931 907
f 907 931 932 908
f 908 932 933 909
f 909 933 934 910
f 910 934 935 911
f 911 935 936 912
f 913 937 938 914
f 914 938 939 915
f 915 939 940 916
f 916 940 941 917
f 917 941 942 918
f 918 942 943 919
f 919 943 944 920
f 920 944 945 921
f 921 945 946 922
f 922 946 947 923
f 923 947 948 924
f 924 948 949 925
f 925 949 950 926
f 926 950 951 927
f 927 951 952 928
f 928 952 953 929
f 929 953 954 930
f 930 954 955 931
f 931 955 956 932
f 932 956 957 933
f 933 957 958 934
f 934 958 959 935
f 935 959 960 936
f 937 961 962 938
f 938 962 963 939
f 939 963 964 940
f 940 964 965 941
f 941 965 966 942
f 942 966 967 943
f 943 967 968 944
f 944 968 969 945
f 945 969 970 946
f 946 970 971 947
f 947 971 972 948
f 948 972 973 949
f 949 973 974 950
f 950 974 975 951
f 951 975 976 952
f 952 976 977 953
f 953 977 978 954
f 954 978 979 955
f 955 979 980 956
f 956 980 981 957
f 957 981 982 958
f 958 982 983 959
f 959 983 984 960
f 961 985 986 962
f 962 986 987 963
f 963 987 988 964
f 964 988 989 965
f 965 989 990 966
f 966 990 991 967
f 967 991 992 968
f 968 992 993 969
f 969 993 994 970
f 970 994 995 971
f 971 995 996 972
f 972 996 997 973
f 973 997 998 974
f 974 998 999 975
f 975 999 1000 976
f 976 1000 1001 977
f 977 1001 1002 978
f 978 1002 1003 979
f 979 1003 1004 980
f 980 1004 1005 981
f 981 1005 1006 982
f 982 1006 1007 983
f 983 1007 1008 984
f 985 1009 1010 986
f 986 1010 1011 987
f 987 1011 1012 988
f 988 1012 1013 989
f 989 1013 1014 990
f 990 1014 1015 991
f 991 1015 1016 992
f 992 1016 1017 993
f 993 1017 1018 994
f 994 1018 1019 995
f 995 1019 1020 996
f 996 1020 1021 997
f 997 1021 1022 998
f 998 1022 1023 999
f 999 1023 1024 1000
f 1000 1024 1025 1001
f 1001 1025 1026 1002
f 1002 1026 1027 1003
f 1003 1027 1028 1004
f 1004 1028 1029 1005
f 1005 1029 1030 1006
f 1006 1030 1031 1007
f 1007 1031 1032 1008
f 1009 1033 1034 1010
f 1010 1034 1035 1011
f 1011 1035 1036 1012
f 1012 1036 1037 1013
f 1013 1037 1038 1014
f 1014 1038 1039 1015
f 1015 1039 1040 1016
f 1016 1040 1041 1017
f 1017 1041 1042 1018
f 1018 1042 1043 1019
f 1019 1043 1044 1020
f 1020 1044 1045 1021
f 1021 1045 1046 1022
f 1022 1046 1047 1023
f 1023 1047 1048 1024
f 1024 1048 1049 1025
f 1025 1049 1050 1026
f 1026 1050 1051 1027
f 1027 1051 1052 1028
f 1028 1052 1053 1029
f 1029 1053 1054 1030
f 1030 1054 1055 1031
f 1031 1055 1056 1032
f 1033 1057 1058 1034
f 1034 1058 1059 1035
f 1035 1059 1060 1036
f 1036 1060 1061 1037
f 1037 1061 1062 1038
f 1038 1062 1063 1039
f 1039 1063 1064 1040
f 1040 1064 1065 1041
f 1041 1065 1066 1042
f 1042 1066 1067 1043
f 1043 1067 1068 1044
f 1044 1068 1069 1045
f 1045 1069 1070 1046
f 1046 1070 1071 1047
f 1047 1071 1072 1048
f 1048 1072 1073 1049
f 1049 1073 1074 1050
f 1050 1074 1075 1051
f 1051 1075 1076 1052
f 1052 1076 1077 1053
f 1053 1077 1078 1054
f 1054 1078 1079 1055
f 1055 1079 1080 1056
f 1057 1081 1082 1058
f 1058 1082 1083 1059
f 1059 1083 1084 1060
f 1060 1084 1085 1061
f 1061 1085 1086 1062
f 1062 1086 1087 1063
f 1063 1087 1088 1064
f 1064 1088 1089 1065
f 1065 1089 1090 1066
f 1066 1090 1091 1067
f 1067 1091 1092 1068
f 1068 1092 1093 1069
f 1069 1093 1094 1070
f 1070 1094 1095 1071
f 1071 1095 1096 1072
f 1072 1096 1097 1073
f 1073 1097 1098 1074
f 1074 1098 1099 1075
f 1075 1099 1100 1076
f 1076 1100 1101 1077
f 1077 1101 1102 1078
f 1078 1102 1103 1079
f 1079 1103 1104 1080
f 1081 1105 1106 1082
f 1082 1106 1107 1083
f 1083 1107 1108 1084
f 1084 1108 1109 1085
f 1085 1109 1110 1086
f 1086 1110 1111 1087
f 1087 1111 1112 1088
f 1088 1112 1113 1089
f 1089 1113 1114 1090
f 1090 1114 1115 1091
f 1091 1115 1116 1092
f 1092 1116 1117 1093
f 1093 1117 1118 1094
f 1094 1118 1119 1095
f 1095 1119 1120 1096
f 1096 1120 1121 1097
f 1097 1121 1122 1098
f 1098 1122 1123 1099
f 1099 1123 1124 1100
f 1100 1124 1125 1101
f 1101 1125 1126 1102
f 1102 1126 1127 1103
f 1103 1127 1128 1104
f 1105 1129 1130 1106
f 1106 1130 1131 1107
f 1107 1131 1132 1108
f 1108 1132 1133 1109
f 1109 1133 1134 1110
f 1110 1134 1135 1111
f 1111 1135 1136 1112
f 1112 1136 1137 1113
f 1113 1137 1138 1114
f 1114 1138 1139 1115
f 1115 1139 1140 1116
f 1116 1140 1141 1117
f 1117 1141 1142 1118
f 1118 1142 1143 1119
f 1119 1143 1144 1120
f 1120 1144 1145 1121
f 1121 1145 1146 1122
f 1122 1146 1147 1123
f 1123 1147 1148 1124
f 1124 1148 1149 1125
f 1125 1149 1150 1126
f 1126 1150 1151 1127
f 1127 1151 1152 1128
f 1129 1153 1154 1130
f 1130 1154 1155 1131
f 1131 1155 1156 1132
f 1132 1156 1157 1133
f 1133 1157 1158 1134
f 1134 1158 1159 1135
f 1135 1159 1160 1136
f 1136 1160 1161 1137
f 1137 1161 1162 1138
f 1138 1162 1163 1139
f 1139 1163 1164 1140
f 1140 1164 1165 1141
f 1141 1165 1166 1142
f 1142 1166 1167 1143
f 1143 1167 1168 1144
f 1144 1168 1169 1145
f 1145 1169 1170 1146
f 1146 1170 1171 1147
f 1147 1171 1172 1148
f 1148 1172 1173 1149
f 1149 1173 1174 1150
f 1150 1174 1175 1151
f 1151 1175 1176 1152
f 1153 1177 1178 1154
f 1154 1178 1179 1155
f 1155 1179 1180 1156
f 1156 1180 1181 1157
f 1157 1181 1182 1158
f 1158 1182 1183 1159
f 1159 1183 1184 1160
f 1160 1184 1185 1161
f 1161 1185 1186 1162
f 1162 1186 1187 1163
f 1163 1187 1188 1164
f 1164 1188 1189 1165
f 1165 1189 1190 1166
f 1166 1190 1191 1167
f 1167 1191 1192 1168
f 1168 1192 1193 1169
f 1169 1193 1194 1170
f 1170 1194 1195 1171
f 1171 1195 1196 1172
f 1172 1196 1197 1173
f 1173 1197 1198 1174
f 1174 1198 1199 1175
f 1175 1199 1200 1176
f 1177 1201 1202 1178
f 1178 1202 1203 1179
f 1179 1203 1204 1180
f 1180 1204 1205 1181
f 1181 1205 1206 1182
f 1182 1206 1207 1183
f 1183 1207 1208 1184
f 1184 1208 1209 1185
f 1185 1209 1210 1186
f 1186 1210 1211 1187
f 1187 1211 1212 1188
f 1188 1212 1213 1189
f 1189 1213 1214 1190
f 1190 1214 1215 1191
f 1191 1215 1216 1192
f 1192 1216 1217 1193
f 1193 1217 1218 1194
f 1194 1218 1219 1195
f 1195 1219 1220 1196
f 1196 1220 1221 1197
f 1197 1221 1222 1198
f 1198 1222 1223 1199
f 1199 1223 1224 1200
f 1201 1225 1226 1202
f 1202 1226 1227 1203
f 1203 1227 1228 1204
f 1204 1228 1229 1205
f 1205 1229 1230 1206
f 1206 1230 1231 1207
f 1207 1231 1232 1208
f 1208 1232 1233 1209
f 1209 1233 1234 1210
f 1210 1234 1235 1211
f 1211 1235 1236 1212
f 1212 1236 1237 1213
f 1213 1237 1238 1214
f 1214 1238 1239 1215
f 1215 1239 1240 1216
f 1216 1240 1241 1217
f 1217 1241 1242 1218
f 1218 1242 1243 1219
f 1219 1243 1244 1220
f 1220 1244 1245 1221
f 1221 1245 1246 1222
f 1222 1246 1247 1223
f 1223 1247 1248 1224
f 1225 1249 1250 1226
f 1226 1250 1251 1227
f 1227 1251 1252 1228
f 1228 1252 1253 1229
f 1229 1253 1254 1230
f 1230 1254 1255 1231
f 1231 1255 1256 1232
f 1232 1256 1257 1233
f 1233 1257 1258 1234
f 1234 1258 1259 1235
f 1235 1259 1260 1236
f 1236 1260 1261 1237
f 1237 1261 1262 1238
f 1238 1262 1263 1239
f 1239 1263 1264 1240
f 1240 1264 1265 1241
f 1241 1265 1266 1242
f 1242 1266 1267 1243
f 1243 1267 1268 1244
f 1244 1268 1269 1245
f 1245 1269 1270 1246
f 1246 1270 1271 1247
f 1247 1271 1272 1248
f 1249 1273 1274 1250
f 1250 1274 1275 1251
f 1251 1275 1276 1252
f 1252 1276 1277 1253
f 1253 1277 1278 1254
f 1254 1278 1279 1255
f 1255 1279 1280 1256
f 1256 1280 1281 1257
f 1257 1281 1282 1258
f 1258 1282 1283 1259
f 1259 1283 1284 1260
f 1260 1284 1285 1261
f 1261 1285 1286 1262
f 1262 1286 1287 1263
f 1263 1287 1288 1264
f 1264 1288 1289 1265
f 1265 1289 1290 1266
f 1266 1290 1291 1267
f 1267 1291 1292 1268
f 1268 1292 1293 1269
f 1269 1293 1294 1270
f 1270 1294 1295 1271
f 1271 1295 1296 1272
f 1273 1297 1298 1274
f 1274 1298 1299 1275
f 1275 1299 1300 1276
f 1276 1300 1301 1277
f 1277 1301 1302 1278
f 1278 1302 1303 1279
f 1279 1303 1304 1280
f 1280 1304 1305 1281
f 1281 1305 1306 1282
f 1282 1306 1307 1283
f 1283 1307 1308 1284
f 1284 1308 1309 1285
f 1285 1309 1310 1286
f 1286 1310 1311 1287
f 1287 1311 1312 1288
f 1288 1312 1313 1289
f 1289 1313 1314 1290
f 1290 1314 1315 1291
f 1291 1315 1316 1292
f 1292 1316 1317 1293
f 1293 1317 1318 1294
f 1294 1318 1319 1295
f 1295 1319 1320 1296
f 1297 1321 1322 1298
f 1298 1322 1323 1299
f 1299 1323 1324 1300
f 1300 1324 1325 1301
f 1301 1325 1326 1302
f 1302 1326 1327 1303
f 1303 1327 1328 1304
f 1304 1328 1329 1305
f 1305 1329 1330 1306
f 1306 1330 1331 1307
f 1307 1331 1332 1308
f 1308 1332 1333 1309
f 1309 1333 1334 1310
f 1310 1334 1335 1311
f 1311 1335 1336 1312
f 1312 1336 1337 1313
f 1313 1337 1338 1314
f 1314 1338 1339 1315
f 1315 1339 1340 1316
f 1316 1340 1341 1317
f 1317 1341 1342 1318
f 1318 1342 1343 1319
f 1319 1343 1344 1320
f 1321 1345 1346 1322
f 1322 1346 1347 1323
f 1323 1347 1348 1324
f 1324 1348 1349 1325
f 1325 1349 1350 1326
f 1326 1350 1351 1327
f 1327 1351 1352 1328
f 1328 1352 1353 1329
f 1329 1353 1354 1330
f 1330 1354 1355 1331
f 1331 1355 1356 1332
f 1332 1356 1357 1333
f 1333 1357 1358 1334
f 1334 1358 1359 1335
f 1335 1359 1360 1336
f 1336 1360 1361 1337
f 1337 1361 1362 1338
f 1338 1362 1363 1339
f 1339 1363 1364 1340
f 1340 1364 1365 1341
f 1341 1365 1366 1342
f 1342 1366 1367 1343
f 1343 1367 1368 1344
f 1345 1369 1370 1346
f 1346 1370 1371 1347
f 1347 1371 1372 1348
f 1348 1372 1373 1349
f 1349 1373 1374 1350
f 1350 1374 1375 1351
f 1351 1375 1376 1352
f 1352 1376 1377 1353
f 1353 1377 1378 1354
f 1354 1378 1379 1355
f 1355 1379 1380 1356
f 1356 1380 1381 1357
f 1357 1381 1382 1358
f 1358 1382 1383 1359
f 1359 1383 1384 1360
f 1360 1384 1385 1361
f 1361 1385 1386 1362
f 1362 1386 1387 1363
f 1363 1387 1388 1364
f 1364 1388 1389 1365
f 1365 1389 1390 1366
f 1366 1390 1391 1367
f 1367 1391 1392 1368
f 1369 1393 1394 1370
f 1370 1394 1395 1371
f 1371 1395 1396 1372
f 1372 1396 1397 1373
f 1373 1397 1398 1374
f 1374 1398 1399 1375
f 1375 1399 1400 1376
f 1376 1400 1401 1377
f 1377 1401 1402 1378
f 1378 1402 1403 1379
f 1379 1403 1404 1380
f 1380 1404 1405 1381
f 1381 1405 1406 1382
f 1382 1406 1407 1383
f 1383 1407 1408 1384
f 1384 1408 1409 1385
f 1385 1409 1410 1386
f 1386 1410 1411 1387
f 1387 1411 1412 1388
f 1388 1412 1413 1389
f 1389 1413 1414 1390
f 1390 1414 1415 1391
f 1391 1415 1416 1392
f 1393 1417 1418 1394
f 1394 1418 1419 1395
f 1395 1419 1420 1396
f 1396 1420 1421 1397
f 1397 1421 1422 1398
f 1398 1422 1423 1399
f 1399 1423 1424 1400
f 1400 1424 1425 1401
f 1401 1425 1426 1402
f 1402 1426 1427 1403
f 1403 1427 1428 1404
f 1404 1428 1429 1405
f 1405 1429 1430 1406
f 1406 1430 1431 1407
f 1407 1431 1432 1408
f 1408 1432 1433 1409
f 1409 1433 1434 1410
f 1410 1434 1435 1411
f 1411 1435 1436 1412
f 1412 1436 1437 1413
f 1413 1437 1438 1414
f 1414 1438 1439 1415
f 1415 1439 1440 1416
f 1417 1441 1442 1418
f 1418 1442 1443 1419
f 1419 1443 1444 1420
f 1420 1444 1445 1421
f 1421 1445 1446 1422
f 1422 1446 1447 1423
f 1423 1447 1448 1424
f 1424 1448 1449 1425
f 1425 1449 1450 1426
f 1426 1450 1451 1427
f 1427 1451 1452 1428
f 1428 1452 1453 1429
f 1429 1453 1454 1430
f 1430 1454 1455 1431
f 1431 1455 1456 1432
f 1432 1456 1457 1433
f 1433 1457 1458 1434
f 1434 1458 1459 1435
f 1435 1459 1460 1436
f 1436 1460 1461 1437
f 1437 1461 1462 1438
f 1438 1462 1463 1439
f 1439 1463 1464 1440
f 1441 1465 1466 1442
f 1442 1466 1467 1443
f 1443 1467 1468 1444
f 1444 1468 1469 1445
f 1445 1469 1470 1446
f 1446 1470 1471 1447
f 1447 1471 1472 1448
f 1448 1472 1473 1449
f 1449 1473 1474 1450
f 1450 1474 1475 1451
f 1451 1475 1476 1452
f 1452 1476 1477 1453
f 1453 1477 1478 1454
f 1454 1478 1479 1455
f 1455 1479 1480 1456
f 1456 1480 1481 1457
f 1457 1481 1482 1458
f 1458 1482 1483 1459
f 1459 1483 1484 1460
f 1460 1484 1485 1461
f 1461 1485 1486 1462
f 1462 1486 1487 1463
f 1463 1487 1488 1464
f 1465 1489 1490 1466
f 1466 1490 1491 1467
f 1467 1491 1492 1468
f 1468 1492 1493 1469
f 1469 1493 1494 1470
f 1470 1494 1495 1471
f 1471 1495 1496 1472
f 1472 1496 1497 1473
f 1473 1497 1498 1474
f 1474 1498 1499 1475
f 1475 1499 1500 1476
f 1476 1500 1501 1477
f 1477 1501 1502 1478
f 1478 1502 1503 1479
f 1479 1503 1504 1480
f 1480 1504 1505 1481
f 1481 1505 1506 1482
f 1482 1506 1507 1483
f 1483 1507 1508 1484
f 1484 1508 1509 1485
f 1485 1509 1510 1486
f 1486 1510 1511 1487
f 1487 1511 1512 1488
f 1489 1513 1514 1490
f 1490 1514 1515 1491
f 1491 1515 1516 1492
f 1492 1516 1517 1493
f 1493 1517 1518 1494
f 1494 1518 1519 1495
f 1495 1519 1520 1496
f 1496 1520 1521 1497
f 1497 1521 1522 1498
f 1498 1522 1523 1499
f 1499 1523 1524 1500
f 1500 1524 1525 1501
f 1501 1525 1526 1502
f 1502 1526 1527 1503
f 1503 1527 1528 1504
f 1504 1528 1529 1505
f 1505 1529 1530 1506
f 1506 1530 1531 1507
f 1507 1531 1532 1508
f 1508 1532 1533 1509
f 1509 1533 1534 1510
f 1510 1534 1535 1511
f 1511 1535 1536 1512
f 1513 1537 1538 1514
f 1514 1538 1539 1515
f 1515 1539 1540 1516
f 1516 1540 1541 1517
f 1517 1541 1542 1518
f 1518 1542 1543 1519
f 1519 1543 1544 1520
f 1520 1544 1545 1521
f 1521 1545 1546 1522
f 1522 1546 1547 1523
f 1523 1547 1548 1524
f 1524 1548 1549 1525
f 1525 1549 1550 1526
f 1526 1550 1551 1527
f 1527 1551 1552 1528
f 1528 1552 1553 1529
f 1529 1553 1554 1530
f 1530 1554 1555 1531
f 1531 1555 1556 1532
f 1532 1556 1557 1533
f 1533 1557 1558 1534
f 1534 1558 1559 1535
f 1535 1559 1560 1536
f 1537 1561 1562 1538
f 1538 1562 1563 1539
f 1539 1563 1564 1540
f 1540 1564 1565 1541
f 1541 1565 1566 1542
f 1542 1566 1567 1543
f 1543 1567 1568 1544
f 1544 1568 1569 1545
f 1545 1569 1570 1546
f 1546 1570 1571 1547
f 1547 1571 1572 1548
f 1548 1572 1573 1549
f 1549 1573 1574 1550
f 1550 1574 1575 1551
f 1551 1575 1576 1552
f 1552 1576 1577 1553
f 1553 1577 1578 1554
f 1554 1578 1579 1555
f 1555 1579 1580 1556
f 1556 1580 1581 1557
f 1557 1581 1582 1558
f 1558 1582 1583 1559
f 1559 1583 1584 1560
f 1561 1585 1586 1562
f 1562 1586 1587 1563
f 1563 1587 1588 1564
f 1564 1588 1589 1565
f 1565 1589 1590 1566
f 1566 1590 1591 1567
f 1567 1591 1592 1568
f 1568 1592 1593 1569
f 1569 1593 1594 1570
f 1570 1594 1595 1571
f 1571 1595 1596 1572
f 1572 1596 1597 1573
f 1573 1597 1598 1574
f 1574 1598 1599 1575
f 1575 1599 1600 1576
f 1576 1600 1601 1577
f 1577 1601 1602 1578
f 1578 1602 1603 1579
f 1579 1603 1604 1580
f 1580 1604 1605 1581
f 1581 1605 1606 1582
f 1582 1606 1607 1583
f 1583 1607 1608 1584
f 1585 1609 1610 1586
f 1586 1610 1611 1587
f 1587 1611 1612 1588
f 1588 1612 1613 1589
f 1589 1613 1614 1590
f 1590 1614 1615 1591
f 1591 1615 1616 1592
f 1592 1616 1617 1593
f 1593 1617 1618 1594
f 1594 1618 1619 1595
f 1595 1619 1620 1596
f 1596 1620 1621 1597
f 1597 1621 1622 1598
f 1598 1622 1623 1599
f 1599 1623 1624 1600
f 1600 1624 1625 1601
f 1601 1625 1626 1602
f 1602 1626 1627 1603
f 1603 1627 1628 1604
f 1604 1628 1629 1605
f 1605 1629 1630 1606
f 1606 1630 1631 1607
f 1607 1631 1632 1608
f 1609 1633 1634 1610
f 1610 1634 1635 1611
f 1611 1635 1636 1612
f 1612 1636 1637 1613
f 1613 1637 1638 1614
f 1614 1638 1639 1615
f 1615 1639 1640 1616
f 1616 1640 1641 1617
f 1617 1641 1642 1618
f 1618 1642 1643 1619
f 1619 1643 1644 1620
f 1620 1644 1645 1621
f 1621 1645 1646 1622
f 1622 1646 1647 1623
f 1623 1647 1648 1624
f 1624 1648 1649 1625
f 1625 1649 1650 1626
f 1626 1650 1651 1627
f 1627 1651 1652 1628
f 1628 1652 1653 1629
f 1629 1653 1654 1630
f 1630 1654 1655 1631
f 1631 1655 1656 1632
f 1633 1657 1658 1634
f 1634 1658 1659 1635
f 1635 1659 1660 1636
f 1636 1660 1661 1637
f 1637 1661 1662 1638
f 1638 1662 1663 1639
f 1639 1663 1664 1640
f 1640 1664 1665 1641
f 1641 1665 1666 1642
f 1642 1666 1667 1643
f 1643 1667 1668 1644
f 1644 1668 1669 1645
f 1645 1669 1670 1646
f 1646 1670 1671 1647
f 1647 1671 1672 1648
f 1648 1672 1673 1649
f 1649 1673 1674 1650
f 1650 1674 1675 1651
f 1651 1675 1676 1652
f 1652 1676 1677 1653
f 1653 1677 1678 1654
f 1654 1678 1679 1655
f 1655 1679 1680 1656
f 1657 1681 1682 1658
f 1658 1682 1683 1659
f 1659 1683 1684 1660
f 1660 1684 1685 1661
f 1661 1685 1686 1662
f 1662 1686 1687 1663
f 1663 1687 1688 1664
f 1664 1688 1689 1665
f 1665 1689 1690 1666
f 1666 1690 1691 1667
f 1667 1691 1692 1668
f 1668 1692 1693 1669
f 1669 1693 1694 1670
f 1670 1694 1695 1671
f 1671 1695 1696 1672
f 1672 1696 1697 1673
f 1673 1697 1698 1674
f 1674 1698 1699 1675
f 1675 1699 1700 1676
f 1676 1700 1701 1677
f 1677 1701 1702 1678
f 1678 1702 1703 1679
f 1679 1703 1704 1680
f 1681 1705 1706 1682
f 1682 1706 1707 1683
f 1683 1707 1708 1684
f 1684 1708 1709 1685
f 1685 1709 1710 1686
f 1686 1710 1711 1687
f 1687 1711 1712 1688
f 1688 1712 1713 1689
f 1689 1713 1714 1690
f 1690 1714 1715 1691
f 1691 1715 1716 1692
f 1692 1716 1717 1693
f 1693 1717 1718 1694
f 1694 1718 1719 1695
f 1695 1719 1720 1696
f 1696 1720 1721 1697
f 1697 1721 1722 1698
f 1698 1722 1723 1699
f 1699 1723 1724 1700
f 1700 1724 1725 1701
f 1701 1725 1726 1702
f 1702 1726 1727 1703
f 1703 1727 1728 1704
f 1705 1729 1730 1706
f 1706 1730 1731 1707
f 1707 1731 1732 1708
f 1708 1732 1733 1709
f 1709 1733 1734 1710
f 1710 1734 1735 1711
f 1711 1735 1736 1712
f 1712 1736 1737 1713
f 1713 1737 1738 1714
f 1714 1738 1739 1715
f 1715 1739 1740 1716
f 1716 1740 1741 1717
f 1717 1741 1742 1718
f 1718 1742 1743 1719
f 1719 1743 1744 1720
f 1720 1744 1745 1721
f 1721 1745 1746 1722
f 1722 1746 1747 1723
f 1723 1747 1748 1724
f 1724 1748 1749 1725
f 1725 1749 1750 1726
f 1726 1750 1751 1727
f 1727 1751 1752 1728
f 1729 1753 1754 1730
f 1730 1754 1755 1731
f 1731 1755 1756 1732
f 1732 1756 1757 1733
f 1733 1757 1758 1734
f 1734 1758 1759 1735
f 1735 1759 1760 1736
f 1736 1760 1761 1737
f 1737 1761 1762 1738
f 1738 1762 1763 1739
f 1739 1763 1764 1740
f 1740 1764 1765 1741
f 1741 1765 1766 1742
f 1742 1766 1767 1743
f 1743 1767 1768 1744
f 1744 1768 1769 1745
f 1745 1769 1770 1746
f 1746 1770 1771 1747
f 1747 1771 1772 1748
f 1748 1772 1773 1749
f 1749 1773 1774 1750
f 1750 1774 1775 1751
f 1751 1775 1776 1752
f 1753 1777 1778 1754
f 1754 1778 1779 1755
f 1755 1779 1780 1756
f 1756 1780 1781 1757
f 1757 1781 1782 1758
f 1758 1782 1783 1759
f 1759 1783 1784 1760
f 1760 1784 1785 1761
f 1761 1785 1786 1762
f 1762 1786 1787 1763
f 1763 1787 1788 1764
f 1764 1788 1789 1765
f 1765 1789 1790 1766
f 1766 1790 1791 1767
f 1767 1791 1792 1768
f 1768 1792 1793 1769
f 1769 1793 1794 1770
f 1770 1794 1795 1771
f 1771 1795 1796 1772
f 1772 1796 1797 1773
f 1773 1797 1798 1774
f 1774 1798 1799 1775
f 1775 1799 1800 1776
f 1777 1801 1802 1778
f 1778 1802 1803 1779
f 1779 1803 1804 1780
f 1780 1804 1805 1781
f 1781 1805 1806 1782
f 1782 1806 1807 1783
f 1783 1807 1808 1784
f 1784 1808 1809 1785
f 1785 1809 1810 1786
f 1786 1810 1811 1787
f 1787 1811 1812 1788
f 1788 1812 1813 1789
f 1789 1813 1814 1790
f 1790 1814 1815 1791
f 1791 1815 1816 1792
f 1792 1816 1817 1793
f 1793 1817 1818 1794
f 1794 1818 1819 1795
f 1795 1819 1820 1796
f 1796 1820 1821 1797
f 1797 1821 1822 1798
f 1798 1822 1823 1799
f 1799 1823 1824 1800
f 1801 1825 1826 1802
f 1802 1826 1827 1803
f 1803 1827 1828 1804
f 1804 1828 1829 1805
f 1805 1829 1830 1806
f 1806 1830 1831 1807
f 1807 1831 1832 1808
f 1808 1832 1833 1809
f 1809 1833 1834 1810
f 1810 1834 1835 1811
f 1811 1835 1836 1812
f 1812 1836 1837 1813
f 1813 1837 1838 1814
f 1814 1838 1839 1815
f 1815 1839 1840 1816
f 1816 1840 1841 1817
f 1817 1841 1842 1818
f 1818 1842 1843 1819
f 1819 1843 1844 1820
f 1820 1844 1845 1821
f 1821 1845 1846 1822
f 1822 1846 1847 1823
f 1823 1847 1848 1824
f 1825 1849 1850 1826
f 1826 1850 1851 1827
f 1827 1851 1852 1828
f 1828 1852 1853 1829
f 1829 1853 1854 1830
f 1830 1854 1855 1831
f 1831 1855 1856 1832
f 1832 1856 1857 1833
f 1833 1857 1858 1834
f 1834 1858 1859 1835
f 1835 1859 1860 1836
f 1836 1860 1861 1837
f 1837 1861 1862 1838
f 1838 1862 1863 1839
f 1839 1863 1864 1840
f 1840 1864 1865 1841
f 1841 1865 1866 1842
f 1842 1866 1867 1843
f 1843 1867 1868 1844
f 1844 1868 1869 1845
f 1845 1869 1870 1846
f 1846 1870 1871 1847
f 1847 1871 1872 1848
f 1849 1873 1874 1850
f 1850 1874 1875 1851
f 1851 1875 1876 1852
f 1852 1876 1877 1853
f 1853 1877 1878 1854
f 1854 1878 1879 1855
f 1855 1879 1880 1856
f 1856 1880 1881 1857
f 1857 1881 1882 1858
f 1858 1882 1883 1859
f 1859 1883 1884 1860
f 1860 1884 1885 1861
f 1861 1885 1886 1862
f 1862 1886 1887 1863
f 1863 1887 1888 1864
f 1864 1888 1889 1865
f 1865 1889 1890 1866
f 1866 1890 1891 1867
f 1867 1891 1892 1868
f 1868 1892 1893 1869
f 1869 1893 1894 1870
f 1870 1894 1895 1871
f 1871 1895 1896 1872
f 1873 1897 1898 1874
f 1874 1898 1899 1875
f 1875 1899 1900 1876
f 1876 1900 1901 1877
f 1877 1901 1902 1878
f 1878 1902 1903 1879
f 1879 1903 1904 1880
f 1880 1904 1905 1881
f 1881 1905 1906 1882
f 1882 1906 1907 1883
f 1883 1907 1908 1884
f 1884 1908 1909 1885
f 1885 1909 1910 1886
f 1886 1910 1911 1887
f 1887 1911 1912 1888
f 1888 1912 1913 1889
f 1889 1913 1914 1890
f 1890 1914 1915 1891
f 1891 1915 1916 1892
f 1892 1916 1917 1893
f 1893 1917 1918 1894
f 1894 1918 1919 1895
f 1895 1919 1920 1896
f 1897 1921 1922 1898
f 1898 1922 1923 1899
f 1899 1923 1924 1900
f 1900 1924 1925 1901
f 1901 1925 1926 1902
f 1902 1926 1927 1903
f 1903 1927 1928 1904
f 1904 1928 1929 1905
f 1905 1929 1930 1906
f 1906 1930 1931 1907
f 1907 1931 1932 1908
f 1908 1932 1933 1909
f 1909 1933 1934 1910
f 1910 1934 1935 1911
f 1911 1935 1936 1912
f 1912 1936 1937 1913
f 1913 1937 1938 1914
f 1914 1938 1939 1915
f 1915 1939 1940 1916
f 1916 1940 1941 1917
f 1917 1941 1942 1918
f 1918 1942 1943 1919
f 1919 1943 1944 1920
f 1921 1945 1946 1922
f 1922 1946 1947 1923
f 1923 1947 1948 1924
f 1924 1948 1949 1925
f 1925 1949 1950 1926
f 1926 1950 1951 1927
f 1927 1951 1952 1928
f 1928 1952 1953 1929
f 1929 1953 1954 1930
f 1930 1954 1955 1931
f 1931 1955 1956 1932
f 1932 1956 1957 1933
f 1933 1957 1958 1934
f 1934 1958 1959 1935
f 1935 1959 1960 1936
f 1936 1960 1961 1937
f 1937 1961 1962 1938
f 1938 1962 1963 1939
f 1939 1963 1964 1940
f 1940 1964 1965 1941
f 1941 1965 1966 1942
f 1942 1966 1967 1943
f 1943 1967 1968 1944
f 1945 1969 1970 1946
f 1946 1970 1971 1947
f 1947 1971 1972 1948
f 1948 1972 1973 1949
f 1949 1973 1974 1950
f 1950 1974 1975 1951
f 1951 1975 1976 1952
f 1952 1976 1977 1953
f 1953 1977 1978 1954
f 1954 1978 1979 1955
f 1955 1979 1980 1956
f 1956 1980 1981 1957
f 1957 1981 1982 1958
f 1958 1982 1983 1959
f 1959 1983 1984 1960
f 1960 1984 1985 1961
f 1961 1985 1986 1962
f 1962 1986 1987 1963
f 1963 1987 1988 1964
f 1964 1988 1989 1965
f 1965 1989 1990 1966
f 1966 1990 1991 1967
f 1967 1991 1992 1968
f 1969 1993 1994 1970
f 1970 1994 1995 1971
f 1971 1995 1996 1972
f 1972 1996 1997 1973
f 1973 1997 1998 1974
f 1974 1998 1999 1975
f 1975 1999 2000 1976
f 1976 2000 2001 1977
f 1977 2001 2002 1978
f 1978 2002 2003 1979
f 1979 2003 2004 1980
f 1980 2004 2005 1981
f 1981 2005 2006 1982
f 1982 2006 2007 1983
f 1983 2007 2008 1984
f 1984 2008 2009 1985
f 1985 2009 2010 1986
f 1986 2010 2011 1987
f 1987 2011 2012 1988
f 1988 2012 2013 1989
f 1989 2013 2014 1990
f 1990 2014 2015 1991
f 1991 2015 2016 1992
f 1993 2017 2018 1994
f 1994 2018 2019 1995
f 1995 2019 2020 1996
f 1996 2020 2021 1997
f 1997 2021 2022 1998
f 1998 2022 2023 1999
f 1999 2023 2024 2000
f 2000 2024 2025 2001
f 2001 2025 2026 2002
f 2002 2026 2027 2003
f 2003 2027 2028 2004
f 2004 2028 2029 2005
f 2005 2029 2030 2006
f 2006 2030 2031 2007
f 2007 2031 2032 2008
f 2008 2032 2033 2009
f 2009 2033 2034 2010
f 2010 2034 2035 2011
f 2011 2035 2036 2012
f 2012 2036 2037 2013
f 2013 2037 2038 2014
f 2014 2038 2039 2015
f 2015 2039 2040 2016
f 2017 2041 2042 2018
f 2018 2042 2043 2019
f 2019 2043 2044 2020
f 2020 2044 2045 2021
f 2021 2045 2046 2022
f 2022 2046 2047 2023
f 2023 2047 2048 2024
f 2024 2048 2049 2025
f 2025 2049 2050 2026
f 2026 2050 2051 2027
f 2027 2051 2052 2028
f 2028 2052 2053 2029
f 2029 2053 2054 2030
f 2030 2054 2055 2031
f 2031 2055 2056 2032
f 2032 2056 2057 2033
f 2033 2057 2058 2034
f 2034 2058 2059 2035
f 2035 2059 2060 2036
f 2036 2060 2061 2037
f 2037 2061 2062 2038
f 2038 2062 2063 2039
f 2039 2063 2064 2040
f 2041 2065 2066 2042
f 2042 2066 2067 2043
f 2043 2067 2068 2044
f 2044 2068 2069 2045
f 2045 2069 2070 2046
f 2046 2070 2071 2047
f 2047 2071 2072 2048
f 2048 2072 2073 2049
f 2049 2073 2074 2050
f 2050 2074 2075 2051
f 2051 2075 2076 2052
f 2052 2076 2077 2053
f 2053 2077 2078 2054
f 2054 2078 2079 2055
f 2055 2079 2080 2056
f 2056 2080 2081 2057
f 2057 2081 2082 2058
f 2058 2082 2083 2059
f 2059 2083 2084 2060
f 2060 2084 2085 2061
f 2061 2085 2086 2062
f 2062 2086 2087 2063
f 2063 2087 2088 2064
f 2065 2089 2090 2066
f 2066 2090 2091 2067
f 2067 2091 2092 2068
f 2068 2092 2093 2069
f 2069 2093 2094 2070
f 2070 2094 2095 2071
f 2071 2095 2096 2072
f 2072 2096 2097 2073
f 2073 2097 2098 2074
f 2074 2098 2099 2075
f 2075 2099 2100 2076
f 2076 2100 2101 2077
f 2077 2101 2102 2078
f 2078 2102 2103 2079
f 2079 2103 2104 2080
f 2080 2104 2105 2081
f 2081 2105 2106 2082
f 2082 2106 2107 2083
f 2083 2107 2108 2084
f 2084 2108 2109 2085
f 2085 2109 2110 2086
f 2086 2110 2111 2087
f 2087 2111 2112 2088
f 2089 2113 2114 2090
f 2090 2114 2115 2091
f 2091 2115 2116 2092
f 2092 2116 2117 2093
f 2093 2117 2118 2094
f 2094 2118 2119 2095
f 2095 2119 2120 2096
f 2096 2120 2121 2097
f 2097 2121 2122 2098
f 2098 2122 2123 2099
f 2099 2123 2124 2100
f 2100 2124 2125 2101
f 2101 2125 2126 2102
f 2102 2126 2127 2103
f 2103 2127 2128 2104
f 2104 2128 2129 2105
f 2105 2129 2130 2106
f 2106 2130 2131 2107
f 2107 2131 2132 2108
f 2108 2132 2133 2109
f 2109 2133 2134 2110
f 2110 2134 2135 2111
f 2111 2135 2136 2112
f 2113 2137 2138 2114
f 2114 2138 2139 2115
f 2115 2139 2140 2116
f 2116 2140 2141 2117
f 2117 2141 2142 2118
f 2118 2142 2143 2119
f 2119 2143 2144 2120
f 2120 2144 2145 2121
f 2121 2145 2146 2122
f 2122 2146 2147 2123
f 2123 2147 2148 2124
f 2124 2148 2149 2125
f 2125 2149 2150 2126
f 2126 2150 2151 2127
f 2127 2151 2152 2128
f 2128 2152 2153 2129
f 2129 2153 2154 2130
f 2130 2154 2155 2131
f 2131 2155 2156 2132
f 2132 2156 2157 2133
f 2133 2157 2158 2134
f 2134 2158 2159 2135
f 2135 2159 2160 2136
f 2137 2161 2162 2138
f 2138 2162 2163 2139
f 2139 2163 2164 2140
f 2140 2164 2165 2141
f 2141 2165 2166 2142
f 2142 2166 2167 2143
f 2143 2167 2168 2144
f 2144 2168 2169 2145
f 2145 2169 2170 2146
f 2146 2170 2171 2147
f 2147 2171 2172 2148
f 2148 2172 2173 2149
f 2149 2173 2174 2150
f 2150 2174 2175 2151
f 2151 2175 2176 2152
f 2152 2176 2177 2153
f 2153 2177 2178 2154
f 2154 2178 2179 2155
f 2155 2179 2180 2156
f 2156 2180 2181 2157
f 2157 2181 2182 2158
f 2158 2182 2183 2159
f 2159 2183 2184 2160
f 2161 2185 2186 2162
f 2162 2186 2187 2163
f 2163 2187 2188 2164
f 2164 2188 2189 2165
f 2165 2189 2190 2166
f 2166 2190 2191 2167
f 2167 2191 2192 2168
f 2168 2192 2193 2169
f 2169 2193 2194 2170
f 2170 2194 2195 2171
f 2171 2195 2196 2172
f 2172 2196 2197 2173
f 2173 2197 2198 2174
f 2174 2198 2199 2175
f 2175 2199 2200 2176
f 2176 2200 2201 2177
f 2177 2201 2202 2178
f 2178 2202 2203 2179
f 2179 2203 2204 2180
f 2180 2204 2205 2181
f 2181 2205 2206 2182
f 2182 2206 2207 2183
f 2183 2207 2208 2184
f 2185 2209 2210 2186
f 2186 2210 2211 2187
f 2187 2211 2212 2188
f 2188 2212 2213 2189
f 2189 2213 2214 2190
f 2190 2214 2215 2191
f 2191 2215 2216 2192
f 2192 2216 2217 2193
f 2193 2217 2218 2194
f 2194 2218 2219 2195
f 2195 2219 2220 2196
f 2196 2220 2221 2197
f 2197 2221 2222 2198
f 2198 2222 2223 2199
f 2199 2223 2224 2200
f 2200 2224 2225 2201
f 2201 2225 2226 2202
f 2202 2226 2227 2203
f 2203 2227 2228 2204
f 2204 2228 2229 2205
f 2205 2229 2230 2206
f 2206 2230 2231 2207
f 2207 2231 2232 2208
f 2209 2233 2234 2210
f 2210 2234 2235 2211
f 2211 2235 2236 2212
f 2212 2236 2237 2213
f 2213 2237 2238 2214
f 2214 2238 2239 2215
f 2215 2239 2240 2216
f 2216 2240 2241 2217
f 2217 2241 2242 2218
f 2218 2242 2243 2219
f 2219 2243 2244 2220
f 2220 2244 2245 2221
f 2221 2245 2246 2222
f 2222 2246 2247 2223
f 2223 2247 2248 2224
f 2224 2248 2249 2225
f 2225 2249 2250 2226
f 2226 2250 2251 2227
f 2227 2251 2252 2228
f 2228 2252 2253 2229
f 2229 2253 2254 2230
f 2230 2254 2255 2231
f 2231 2255 2256 2232
f 2233 2257 2258 2234
f 2234 2258 2259 2235
f 2235 2259 2260 2236
f 2236 2260 2261 2237
f 2237 2261 2262 2238
f 2238 2262 2263 2239
f 2239 2263 2264 2240
f 2240 2264 2265 2241
f 2241 2265 2266 2242
f 2242 2266 2267 2243
f 2243 2267 2268 2244
f 2244 2268 2269 2245
f 2245 2269 2270 2246
f 2246 2270 2271 2247
f 2247 2271 2272 2248
f 2248 2272 2273 2249
f 2249 2273 2274 2250
f 2250 2274 2275 2251
f 2251 2275 2276 2252
f 2252 2276 2277 2253
f 2253 2277 2278 2254
f 2254 2278 2279 2255
f 2255 2279 2280 2256
f 2257 2281 2282 2258
f 2258 2282 2283 2259
f 2259 2283 2284 2260
f 2260 2284 2285 2261
f 2261 2285 2286 2262
f 2262 2286 2287 2263
f 2263 2287 2288 2264
f 2264 2288 2289 2265
f 2265 2289 2290 2266
f 2266 2290 2291 2267
f 2267 2291 2292 2268
f 2268 2292 2293 2269
f 2269 2293 2294 2270
f 2270 2294 2295 2271
f 2271 2295 2296 2272
f 2272 2296 2297 2273
f 2273 2297 2298 2274
f 2274 2298 2299 2275
f 2275 2299 2300 2276
f 2276 2300 2301 2277
f 2277 2301 2302 2278
f 2278 2302 2303 2279
f 2279 2303 2304 2280
f 2281 2305 2306 2282
f 2282 2306 2307 2283
f 2283 2307 2308 2284
f 2284 2308 2309 2285
f 2285 2309 2310 2286
f 2286 2310 2311 2287
f 2287 2311 2312 2288
f 2288 2312 2313 2289
f 2289 2313 2314 2290
f 2290 2314 2315 2291
f 2291 2315 2316 2292
f 2292 2316 2317 2293
f 2293 2317 2318 2294
f 2294 2318 2319 2295
f 2295 2319 2320 2296
f 2296 2320 2321 2297
f 2297 2321 2322 2298
f 2298 2322 2323 2299
f 2299 2323 2324 2300
f 2300 2324 2325 2301
f 2301 2325 2326 2302
f 2302 2326 2327 2303
f 2303 2327 2328 2304
f 2305 2329 2330 2306
f 2306 2330 2331 2307
f 2307 2331 2332 2308
f 2308 2332 2333 2309
f 2309 2333 2334 2310
f 2310 2334 2335 2311
f 2311 2335 2336 2312
f 2312 2336 2337 2313
f 2313 2337 2338 2314
f 2314 2338 2339 2315
f 2315 2339 2340 2316
f 2316 2340 2341 2317
f 2317 2341 2342 2318
f 2318 2342 2343 2319
f 2319 2343 2344 2320
f 2320 2344 2345 2321
f 2321 2345 2346 2322
f 2322 2346 2347 2323
f 2323 2347 2348 2324
f 2324 2348 2349 2325
f 2325 2349 2350 2326
f 2326 2350 2351 2327
f 2327 2351 2352 2328
f 2329 2353 2354 2330
f 2330 2354 2355 2331
f 2331 2355 2356 2332
f 2332 2356 2357 2333
f 2333 2357 2358 2334
f 2334 2358 2359 2335
f 2335 2359 2360 2336
f 2336 2360 2361 2337
f 2337 2361 2362 2338
f 2338 2362 2363 2339
f 2339 2363 2364 2340
f 2340 2364 2365 2341
f 2341 2365 2366 2342
f 2342 2366 2367 2343
f 2343 2367 2368 2344
f 2344 2368 2369 2345
f 2345 2369 2370 2346
f 2346 2370 2371 2347
f 2347 2371 2372 2348
f 2348 2372 2373 2349
f 2349 2373 2374 2350
f 2350 2374 2375 2351
f 2351 2375 2376 2352
f 2353 2377 2378 2354
f 2354 2378 2379 2355
f 2355 2379 2380 2356
f 2356 2380 2381 2357
f 2357 2381 2382 2358
f 2358 2382 2383 2359
f 2359 2383 2384 2360
f 2360 2384 2385 2361
f 2361 2385 2386 2362
f 2362 2386 2387 2363
f 2363 2387 2388 2364
f 2364 2388 2389 2365
f 2365 2389 2390 2366
f 2366 2390 2391 2367
f 2367 2391 2392 2368
f 2368 2392 2393 2369
f 2369 2393 2394 2370
f 2370 2394 2395 2371
f 2371 2395 2396 2372
f 2372 2396 2397 2373
f 2373 2397 2398 2374
f 2374 2398 2399 2375
f 2375 2399 2400 2376
f 2377 2401 2402 2378
f 2378 2402 2403 2379
f 2379 2403 2404 2380
f 2380 2404 2405 2381
f 2381 2405 2406 2382
f 2382 2406 2407 2383
f 2383 2407 2408 2384
f 2384 2408 2409 2385
f 2385 2409 2410 2386
f 2386 2410 2411 2387
f 2387 2411 2412 2388
f 2388 2412 2413 2389
f 2389 2413 2414 2390
f 2390 2414 2415 2391
f 2391 2415 2416 2392
f 2392 2416 2417 2393
f 2393 2417 2418 2394
f 2394 2418 2419 2395
f 2395 2419 2420 2396
f 2396 2420 2421 2397
f 2397 2421 2422 2398
f 2398 2422 2423 2399
f 2399 2423 2424 2400
f 2401 2425 2426 2402
f 2402 2426 2427 2403
f 2403 2427 2428 2404
f 2404 2428 2429 2405
f 2405 2429 2430 2406
f 2406 2430 2431 2407
f 2407 2431 2432 2408
f 2408 2432 2433 2409
f 2409 2433 2434 2410
f 2410 2434 2435 2411
f 2411 2435 2436 2412
f 2412 2436 2437 2413
f 2413 2437 2438 2414
f 2414 2438 2439 2415
f 2415 2439 2440 2416
f 2416 2440 2441 2417
f 2417 2441 2442 2418
f 2418 2442 2443 2419
f 2419 2443 2444 2420
f 2420 2444 2445 2421
f 2421 2445 2446 2422
f 2422 2446 2447 2423
f 2423 2447 2448 2424
f 2425 2449 2450 2426
f 2426 2450 2451 2427
f 2427 2451 2452 2428
f 2428 2452 2453 2429
f 2429 2453 2454 2430
f 2430 2454 2455 2431
f 2431 2455 2456 2432
f 2432 2456 2457 2433
f 2433 2457 2458 2434
f 2434 2458 2459 2435
f 2435 2459 2460 2436
f 2436 2460 2461 2437
f 2437 2461 2462 2438
f 2438 2462 2463 2439
f 2439 2463 2464 2440
f 2440 2464 2465 2441
f 2441 2465 2466 2442
f 2442 2466 2467 2443
f 2443 2467 2468 2444
f 2444 2468 2469 2445
f 2445 2469 2470 2446
f 2446 2470 2471 2447
f 2447 2471 2472 2448
f 2449 2473 2474 2450
f 2450 2474 2475 2451
f 2451 2475 2476 2452
f 2452 2476 2477 2453
f 2453 2477 2478 2454
f 2454 2478 2479 2455
f 2455 2479 2480 2456
f 2456 2480 2481 2457
f 2457 2481 2482 2458
f 2458 2482 2483 2459
f 2459 2483 2484 2460
f 2460 2484 2485 2461
f 2461 2485 2486 2462
f 2462 2486 2487 2463
f 2463 2487 2488 2464
f 2464 2488 2489 2465
f 2465 2489 2490 2466
f 2466 2490 2491 2467
f 2467 2491 2492 2468
f 2468 2492 2493 2469
f 2469 2493 2494 2470
f 2470 2494 2495 2471
f 2471 2495 2496 2472
f 2473 2497 2498 2474
f 2474 2498 2499 2475
f 2475 2499 2500 2476
f 2476 2500 2501 2477
f 2477 2501 2502 2478
f 2478 2502 2503 2479
f 2479 2503 2504 2480
f 2480 2504 2505 2481
f 2481 2505 2506 2482
f 2482 2506 2507 2483
f 2483 2507 2508 2484
f 2484 2508 2509 2485
f 2485 2509 2510 2486
f 2486 2510 2511 2487
f 2487 2511 2512 2488
f 2488 2512 2513 2489
f 2489 2513 2514 2490
f 2490 2514 2515 2491
f 2491 2515 2516 2492
f 2492 2516 2517 2493
f 2493 2517 2518 2494
f 2494 2518 2519 2495
f 2495 2519 2520 2496
f 2497 2521 2522 2498
f 2498 2522 2523 2499
f 2499 2523 2524 2500
f 2500 2524 2525 2501
f 2501 2525 2526 2502
f 2502 2526 2527 2503
f 2503 2527 2528 2504
f 2504 2528 2529 2505
f 2505 2529 2530 2506
f 2506 2530 2531 2507
f 2507 2531 2532 2508
f 2508 2532 2533 2509
f 2509 2533 2534 2510
f 2510 2534 2535 2511
f 2511 2535 2536 2512
f 2512 2536 2537 2513
f 2513 2537 2538 2514
f 2514 2538 2539 2515
f 2515 2539 2540 2516
f 2516 2540 2541 2517
f 2517 2541 2542 2518
f 2518 2542 2543 2519
f 2519 2543 2544 2520
f 2521 2545 2546 2522
f 2522 2546 2547 2523
f 2523 2547 2548 2524
f 2524 2548 2549 2525
f 2525 2549 2550 2526
f 2526 2550 2551 2527
f 2527 2551 2552 2528
f 2528 2552 2553 2529
f 2529 2553 2554 2530
f 2530 2554 2555 2531
f 2531 2555 2556 2532
f 2532 2556 2557 2533
f 2533 2557 2558 2534
f 2534 2558 2559 2535
f 2535 2559 2560 2536
f 2536 2560 2561 2537
f 2537 2561 2562 2538
f 2538 2562 2563 2539
f 2539 2563 2564 2540
f 2540 2564 2565 2541
f 2541 2565 2566 2542
f 2542 2566 2567 2543
f 2543 2567 2568 2544
f 2545 2569 2570 2546
f 2546 2570 2571 2547
f 2547 2571 2572 2548
f 2548 2572 2573 2549
f 2549 2573 2574 2550
f 2550 2574 2575 2551
f 2551 2575 2576 2552
f 2552 2576 2577 2553
f 2553 2577 2578 2554
f 2554 2578 2579 2555
f 2555 2579 2580 2556
f 2556 2580 2581 2557
f 2557 2581 2582 2558
f 2558 2582 2583 2559
f 2559 2583 2584 2560
f 2560 2584 2585 2561
f 2561 2585 2586 2562
f 2562 2586 2587 2563
f 2563 2587 2588 2564
f 2564 2588 2589 2565
f 2565 2589 2590 2566
f 2566 2590 2591 2567
f 2567 2591 2592 2568
f 2569 2593 2594 2570
f 2570 2594 2595 2571
f 2571 2595 2596 2572
f 2572 2596 2597 2573
f 2573 2597 2598 2574
f 2574 2598 2599 2575
f 2575 2599 2600 2576
f 2576 2600 2601 2577
f 2577 2601 2602 2578
f 2578 2602 2603 2579
f 2579 2603 2604 2580
f 2580 2604 2605 2581
f 2581 2605 2606 2582
f 2582 2606 2607 2583
f 2583 2607 2608 2584
f 2584 2608 2609 2585
f 2585 2609 2610 2586
f 2586 2610 2611 2587
f 2587 2611 2612 2588
f 2588 2612 2613 2589
f 2589 2613 2614 2590
f 2590 2614 2615 2591
f 2591 2615 2616 2592
f 2593 2617 2618 2594
f 2594 2618 2619 2595
f 2595 2619 2620 2596
f 2596 2620 2621 2597
f 2597 2621 2622 2598
f 2598 2622 2623 2599
f 2599 2623 2624 2600
f 2600 2624 2625 2601
f 2601 2625 2626 2602
f 2602 2626 2627 2603
f 2603 2627 2628 2604
f 2604 2628 2629 2605
f 2605 2629 2630 2606
f 2606 2630 2631 2607
f 2607 2631 2632 2608
f 2608 2632 2633 2609
f 2609 2633 2634 2610
f 2610 2634 2635 2611
f 2611 2635 2636 2612
f 2612 2636 2637 2613
f 2613 2637 2638 2614
f 2614 2638 2639 2615
f 2615 2639 2640 2616
f 2617 2641 2642 2618
f 2618 2642 2643 2619
f 2619 2643 2644 2620
f 2620 2644 2645 2621
f 2621 2645 2646 2622
f 2622 2646 2647 2623
f 2623 2647 2648 2624
f 2624 2648 2649 2625
f 2625 2649 2650 2626
f 2626 2650 2651 2627
f 2627 2651 2652 2628
f 2628 2652 2653 2629
f 2629 2653 2654 2630
f 2630 2654 2655 2631
f 2631 2655 2656 2632
f 2632 2656 2657 2633
f 2633 2657 2658 2634
f 2634 2658 2659 2635
f 2635 2659 2660 2636
f 2636 2660 2661 2637
f 2637 2661 2662 2638
f 2638 2662 2663 2639
f 2639 2663 2664 2640
f 2641 2665 2666 2642
f 2642 2666 2667 2643
f 2643 2667 2668 2644
f 2644 2668 2669 2645
f 2645 2669 2670 2646
f 2646 2670 2671 2647
f 2647 2671 2672 2648
f 2648 2672 2673 2649
f 2649 2673 2674 2650
f 2650 2674 2675 2651
f 2651 2675 2676 2652
f 2652 2676 2677 2653
f 2653 2677 2678 2654
f 2654 2678 2679 2655
f 2655 2679 2680 2656
f 2656 2680 2681 2657
f 2657 2681 2682 2658
f 2658 2682 2683 2659
f 2659 2683 2684 2660
f 2660 2684 2685 2661
f 2661 2685 2686 2662
f 2662 2686 2687 2663
f 2663 2687 2688 2664
f 2665 2689 2690 2666
f 2666 2690 2691 2667
f 2667 2691 2692 2668
f 2668 2692 2693 2669
f 2669 2693 2694 2670
f 2670 2694 2695 2671
f 2671 2695 2696 2672
f 2672 2696 2697 2673
f 2673 2697 2698 2674
f 2674 2698 2699 2675
f 2675 2699 2700 2676
f 2676 2700 2701 2677
f 2677 2701 2702 2678
f 2678 2702 2703 2679
f 2679 2703 2704 2680
f 2680 2704 2705 2681
f 2681 2705 2706 2682
f 2682 2706 2707 2683
f 2683 2707 2708 2684
f 2684 2708 2709 2685
f 2685 2709 2710 2686
f 2686 2710 2711 2687
f 2687 2711 2712 2688
f 2689 2713 2714 2690
f 2690 2714 2715 2691
f 2691 2715 2716 2692
f 2692 2716 2717 2693
f 2693 2717 2718 2694
f 2694 2718 2719 2695
f 2695 2719 2720 2696
f 2696 2720 2721 2697
f 2697 2721 2722 2698
f 2698 2722 2723 2699
f 2699 2723 2724 2700
f 2700 2724 2725 2701
f 2701 2725 2726 2702
f 2702 2726 2727 2703
f 2703 2727 2728 2704
f 2704 2728 2729 2705
f 2705 2729 2730 2706
f 2706 2730 2731 2707
f 2707 2731 2732 2708
f 2708 2732 2733 2709
f 2709 2733 2734 2710
f 2710 2734 2735 2711
f 2711 2735 2736 2712
f 2713 2737 2738 2714
f 2714 2738 2739 2715
f 2715 2739 2740 2716
f 2716 2740 2741 2717
f 2717 2741 2742 2718
f 2718 2742 2743 2719
f 2719 2743 2744 2720
f 2720 2744 2745 2721
f 2721 2745 2746 2722
f 2722 2746 2747 2723
f 2723 2747 2748 2724
f 2724 2748 2749 2725
f 2725 2749 2750 2726
f 2726 2750 2751 2727
f 2727 2751 2752 2728
f 2728 2752 2753 2729
f 2729 2753 2754 2730
f 2730 2754 2755 2731
f 2731 2755 2756 2732
f 2732 2756 2757 2733
f 2733 2757 2758 2734
f 2734 2758 2759 2735
f 2735 2759 2760 2736
f 2737 2761 2762 2738
f 2738 2762 2763 2739
f 2739 2763 2764 2740
f 2740 2764 2765 2741
f 2741 2765 2766 2742
f 2742 2766 2767 2743
f 2743 2767 2768 2744
f 2744 2768 2769 2745
f 2745 2769 2770 2746
f 2746 2770 2771 2747
f 2747 2771 2772 2748
f 2748 2772 2773 2749
f 2749 2773 2774 2750
f 2750 2774 2775 2751
f 2751 2775 2776 2752
f 2752 2776 2777 2753
f 2753 2777 2778 2754
f 2754 2778 2779 2755
f 2755 2779 2780 2756
f 2756 2780 2781 2757
f 2757 2781 2782 2758
f 2758 2782 2783 2759
f 2759 2783 2784 2760
f 2761 2785 2786 2762
f 2762 2786 2787 2763
f 2763 2787 2788 2764
f 2764 2788 2789 2765
f 2765 2789 2790 2766
f 2766 2790 2791 2767
f 2767 2791 2792 2768
f 2768 2792 2793 2769
f 2769 2793 2794 2770
f 2770 2794 2795 2771
f 2771 2795 2796 2772
f 2772 2796 2797 2773
f 2773 2797 2798 2774
f 2774 2798 2799 2775
f 2775 2799 2800 2776
f 2776 2800 2801 2777
f 2777 2801 2802 2778
f 2778 2802 2803 2779
f 2779 2803 2804 2780
f 2780 2804 2805 2781
f 2781 2805 2806 2782
f 2782 2806 2807 2783
f 2783 2807 2808 2784
f 2785 2809 2810 2786
f 2786 2810 2811 2787
f 2787 2811 2812 2788
f 2788 2812 2813 2789
f 2789 2813 2814 2790
f 2790 2814 2815 2791
f 2791 2815 2816 2792
f 2792 2816 2817 2793
f 2793 2817 2818 2794
f 2794 2818 2819 2795
f 2795 2819 2820 2796
f 2796 2820 2821 2797
f 2797 2821 2822 2798
f 2798 2822 2823 2799
f 2799 2823 2824 2800
f 2800 2824 2825 2801
f 2801 2825 2826 2802
f 2802 2826 2827 2803
f 2803 2827 2828 2804
f 2804 2828 2829 2805
f 2805 2829 2830 2806
f 2806 2830 2831 2807
f 2807 2831 2832 2808
f 2809 2833 2834 2810
f 2810 2834 2835 2811
f 2811 2835 2836 2812
f 2812 2836 2837 2813
f 2813 2837 2838 2814
f 2814 2838 2839 2815
f 2815 2839 2840 2816
f 2816 2840 2841 2817
f 2817 2841 2842 2818
f 2818 2842 2843 2819
f 2819 2843 2844 2820
f 2820 2844 2845 2821
f 2821 2845 2846 2822
f 2822 2846 2847 2823
f 2823 2847 2848 2824
f 2824 2848 2849 2825
f 2825 2849 2850 2826
f 2826 2850 2851 2827
f 2827 2851 2852 2828
f 2828 2852 2853 2829
f 2829 2853 2854 2830
f 2830 2854 2855 2831
f 2831 2855 2856 2832
f 2833 2857 2858 2834
f 2834 2858 2859 2835
f 2835 2859 2860 2836
f 2836 2860 2861 2837
f 2837 2861 2862 2838
f 2838 2862 2863 2839
f 2839 2863 2864 2840
f 2840 2864 2865 2841
f 2841 2865 2866 2842
f 2842 2866 2867 2843
f 2843 2867 2868 2844
f 2844 2868 2869 2845
f 2845 2869 2870 2846
f 2846 2870 2871 2847
f 2847 2871 2872 2848
f 2848 2872 2873 2849
f 2849 2873 2874 2850
f 2850 2874 2875 2851
f 2851 2875 2876 2852
f 2852 2876 2877 2853
f 2853 2877 2878 2854
f 2854 2878 2879 2855
f 2855 2879 2880 2856
f 2857 2881 2882 2858
f 2858 2882 2883 2859
f 2859 2883 2884 2860
f 2860 2884 2885 2861
f 2861 2885 2886 2862
f 2862 2886 2887 2863
f 2863 2887 2888 2864
f 2864 2888 2889 2865
f 2865 2889 2890 2866
f 2866 2890 2891 2867
f 2867 2891 2892 2868
f 2868 2892 2893 2869
f 2869 2893 2894 2870
f 2870 2894 2895 2871
f 2871 2895 2896 2872
f 2872 2896 2897 2873
f 2873 2897 2898 2874
f 2874 2898 2899 2875
f 2875 2899 2900 2876
f 2876 2900 2901 2877
f 2877 2901 2902 2878
f 2878 2902 2903 2879
f 2879 2903 2904 2880
f 2881 2905 2906 2882
f 2882 2906 2907 2883
f 2883 2907 2908 2884
f 2884 2908 2909 2885
f 2885 2909 2910 2886
f 2886 2910 2911 2887
f 2887 2911 2912 2888
f 2888 2912 2913 2889
f 2889 2913 2914 2890
f 2890 2914 2915 2891
f 2891 2915 2916 2892
f 2892 2916 2917 2893
f 2893 2917 2918 2894
f 2894 2918 2919 2895
f 2895 2919 2920 2896
f 2896 2920 2921 2897
f 2897 2921 2922 2898
f 2898 2922 2923 2899
f 2899 2923 2924 2900
f 2900 2924 2925 2901
f 2901 2925 2926 2902
f 2902 2926 2927 2903
f 2903 2927 2928 2904
f 2905 2929 2930 2906
f 2906 2930 2931 2907
f 2907 2931 2932 2908
f 2908 2932 2933 2909
f 2909 2933 2934 2910
f 2910 2934 2935 2911
f 2911 2935 2936 2912
f 2912 2936 2937 2913
f 2913 2937 2938 2914
f 2914 2938 2939 2915
f 2915 2939 2940 2916
f 2916 2940 2941 2917
f 2917 2941 2942 2918
f 2918 2942 2943 2919
f 2919 2943 2944 2920
f 2920 2944 2945 2921
f 2921 2945 2946 2922
f 2922 2946 2947 2923
f 2923 2947 2948 2924
f 2924 2948 2949 2925
f 2925 2949 2950 2926
f 2926 2950 2951 2927
f 2927 2951 2952 2928
f 2929 2953 2954 2930
f 2930 2954 2955 2931
f 2931 2955 2956 2932
f 2932 2956 2957 2933
f 2933 2957 2958 2934
f 2934 2958 2959 2935
f 2935 2959 2960 2936
f 2936 2960 2961 2937
f 2937 2961 2962 2938
f 2938 2962 2963 2939
f 2939 2963 2964 2940
f 2940 2964 2965 2941
f 2941 2965 2966 2942
f 2942 2966 2967 2943
f 2943 2967 2968 2944
f 2944 2968 2969 2945
f 2945 2969 2970 2946
f 2946 2970 2971 2947
f 2947 2971 2972 2948
f 2948 2972 2973 2949
f 2949 2973 2974 2950
f 2950 2974 2975 2951
f 2951 2975 2976 2952
f 2953 2977 2978 2954
f 2954 2978 2979 2955
f 2955 2979 2980 2956
f 2956 2980 2981 2957
f 2957 2981 2982 2958
f 2958 2982 2983 2959
f 2959 2983 2984 2960
f 2960 2984 2985 2961
f 2961 2985 2986 2962
f 2962 2986 2987 2963
f 2963 2987 2988 2964
f 2964 2988 2989 2965
f 2965 2989 2990 2966
f 2966 2990 2991 2967
f 2967 2991 2992 2968
f 2968 2992 2993 2969
f 2969 2993 2994 2970
f 2970 2994 2995 2971
f 2971 2995 2996 2972
f 2972 2996 2997 2973
f 2973 2997 2998 2974
f 2974 2998 2999 2975
f 2975 2999 3000 2976
f 2977 3001 3002 2978
f 2978 3002 3003 2979
f 2979 3003 3004 2980
f 2980 3004 3005 2981
f 2981 3005 3006 2982
f 2982 3006 3007 2983
f 2983 3007 3008 2984
f 2984 3008 3009 2985
f 2985 3009 3010 2986
f 2986 3010 3011 2987
f 2987 3011 3012 2988
f 2988 3012 3013 2989
f 2989 3013 3014 2990
f 2990 3014 3015 2991
f 2991 3015 3016 2992
f 2992 3016 3017 2993
f 2993 3017 3018 2994
f 2994 3018 3019 2995
f 2995 3019 3020 2996
f 2996 3020 3021 2997
f 2997 3021 3022 2998
f 2998 3022 3023 2999
f 2999 3023 3024 3000
f 3001 3025 3026 3002
f 3002 3026 3027 3003
f 3003 3027 3028 3004
f 3004 3028 3029 3005
f 3005 3029 3030 3006
f 3006 3030 3031 3007
f 3007 3031 3032 3008
f 3008 3032 3033 3009
f 3009 3033 3034 3010
f 3010 3034 3035 3011
f 3011 3035 3036 3012
f 3012 3036 3037 3013
f 3013 3037 3038 3014
f 3014 3038 3039 3015
f 3015 3039 3040 3016
f 3016 3040 3041 3017
f 3017 3041 3042 3018
f 3018 3042 3043 3019
f 3019 3043 3044 3020
f 3020 3044 3045 3021
f 3021 3045 3046 3022
f 3022 3046 3047 3023
f 3023 3047 3048 3024
f 3025 3049 3050 3026
f 3026 3050 3051 3027
f 3027 3051 3052 3028
f 3028 3052 3053 3029
f 3029 3053 3054 3030
f 3030 3054 3055 3031
f 3031 3055 3056 3032
f 3032 3056 3057 3033
f 3033 3057 3058 3034
f 3034 3058 3059 3035
f 3035 3059 3060 3036
f 3036 3060 3061 3037
f 3037 3061 3062 3038
f 3038 3062 3063 3039
f 3039 3063 3064 3040
f 3040 3064 3065 3041
f 3041 3065 3066 3042
f 3042 3066 3067 3043
f 3043 3067 3068 3044
f 3044 3068 3069 3045
f 3045 3069 3070 3046
f 3046 3070 3071 3047
f 3047 3071 3072 3048
f 3049 3073 3074 3050
f 3050 3074 3075 3051
f 3051 3075 3076 3052
f 3052 3076 3077 3053
f 3053 3077 3078 3054
f 3054 3078 3079 3055
f 3055 3079 3080 3056
f 3056 3080 3081 3057
f 3057 3081 3082 3058
f 3058 3082 3083 3059
f 3059 3083 3084 3060
f 3060 3084 3085 3061
f 3061 3085 3086 3062
f 3062 3086 3087 3063
f 3063 3087 3088 3064
f 3064 3088 3089 3065
f 3065 3089 3090 3066
f 3066 3090 3091 3067
f 3067 3091 3092 3068
f 3068 3092 3093 3069
f 3069 3093 3094 3070
f 3070 3094 3095 3071
f 3071 3095 3096 3072
f 3073 3097 3098 3074
f 3074 3098 3099 3075
f 3075 3099 3100 3076
f 3076 3100 3101 3077
f 3077 3101 3102 3078
f 3078 3102 3103 3079
f 3079 3103 3104 3080
f 3080 3104 3105 3081
f 3081 3105 3106 3082
f 3082 3106 3107 3083
f 3083 3107 3108 3084
f 3084 3108 3109 3085
f 3085 3109 3110 3086
f 3086 3110 3111 3087
f 3087 3111 3112 3088
f 3088 3112 3113 3089
f 3089 3113 3114 3090
f 3090 3114 3115 3091
f 3091 3115 3116 3092
f 3092 3116 3117 3093
f 3093 3117 3118 3094
f 3094 3118 3119 3095
f 3095 3119 3120 3096
f 3097 3121 3122 3098
f 3098 3122 3123 3099
f 3099 3123 3124 3100
f 3100 3124 3125 3101
f 3101 3125 3126 3102
f 3102 3126 3127 3103
f 3103 3127 3128 3104
f 3104 3128 3129 3105
f 3105 3129 3130 3106
f 3106 3130 3131 3107
f 3107 3131 3132 3108
f 3108 3132 3133 3109
f 3109 3133 3134 3110
f 3110 3134 3135 3111
f 3111 3135 3136 3112
f 3112 3136 3137 3113
f 3113 3137 3138 3114
f 3114 3138 3139 3115
f 3115 3139 3140 3116
f 3116 3140 3141 3117
f 3117 3141 3142 3118
f 3118 3142 3143 3119
f 3119 3143 3144 3120
f 3121 3145 3146 3122
f 3122 3146 3147 3123
f 3123 3147 3148 3124
f 3124 3148 3149 3125
f 3125 3149 3150 3126
f 3126 3150 3151 3127
f 3127 3151 3152 3128
f 3128 3152 3153 3129
f 3129 3153 3154 3130
f 3130 3154 3155 3131
f 3131 3155 3156 3132
f 3132 3156 3157 3133
f 3133 3157 3158 3134
f 3134 3158 3159 3135
f 3135 3159 3160 3136
f 3136 3160 3161 3137
f 3137 3161 3162 3138
f 3138 3162 3163 3139
f 3139 3163 3164 3140
f 3140 3164 3165 3141
f 3141 3165 3166 3142
f 3142 3166 3167 3143
f 3143 3167 3168 3144
f 3145 3169 3170 3146
f 3146 3170 3171 3147
f 3147 3171 3172 3148
f 3148 3172 3173 3149
f 3149 3173 3174 3150
f 3150 3174 3175 3151
f 3151 3175 3176 3152
f 3152 3176 3177 3153
f 3153 3177 3178 3154
f 3154 3178 3179 3155
f 3155 3179 3180 3156
f 3156 3180 3181 3157
f 3157 3181 3182 3158
f 3158 3182 3183 3159
f 3159 3183 3184 3160
f 3160 3184 3185 3161
f 3161 3185 3186 3162
f 3162 3186 3187 3163
f 3163 3187 3188 3164
f 3164 3188 3189 3165
f 3165 3189 3190 3166
f 3166 3190 3191 3167
f 3167 3191 3192 3168
f 3169 3193 3194 3170
f 3170 3194 3195 3171
f 3171 3195 3196 3172
f 3172 3196 3197 3173
f 3173 3197 3198 3174
f 3174 3198 3199 3175
f 3175 3199 3200 3176
f 3176 3200 3201 3177
f 3177 3201 3202 3178
f 3178 3202 3203 3179
f 3179 3203 3204 3180
f 3180 3204 3205 3181
f 3181 3205 3206 3182
f 3182 3206 3207 3183
f 3183 3207 3208 3184
f 3184 3208 3209 3185
f 3185 3209 3210 3186
f 3186 3210 3211 3187
f 3187 3211 3212 3188
f 3188 3212 3213 3189
f 3189 3213 3214 3190
f 3190 3214 3215 3191
f 3191 3215 3216 3192
f 3193 3217 3218 3194
f 3194 3218 3219 3195
f 3195 3219 3220 3196
f 3196 3220 3221 3197
f 3197 3221 3222 3198
f 3198 3222 3223 3199
f 3199 3223 3224 3200
f 3200 3224 3225 3201
f 3201 3225 3226 3202
f 3202 3226 3227 3203
f 3203 3227 3228 3204
f 3204 3228 3229 3205
f 3205 3229 3230 3206
f 3206 3230 3231 3207
f 3207 3231 3232 3208
f 3208 3232 3233 3209
f 3209 3233 3234 3210
f 3210 3234 3235 3211
f 3211 3235 3236 3212
f 3212 3236 3237 3213
f 3213 3237 3238 3214
f 3214 3238 3239 3215
f 3215 3239 3240 3216
f 3217 3241 3242 3218
f 3218 3242 3243 3219
f 3219 3243 3244 3220
f 3220 3244 3245 3221
f 3221 3245 3246 3222
f 3222 3246 3247 3223
f 3223 3247 3248 3224
f 3224 3248 3249 3225
f 3225 3249 3250 3226
f 3226 3250 3251 3227
f 3227 3251 3252 3228
f 3228 3252 3253 3229
f 3229 3253 3254 3230
f 3230 3254 3255 3231
f 3231 3255 3256 3232
f 3232 3256 3257 3233
f 3233 3257 3258 3234
f 3234 3258 3259 3235
f 3235 3259 3260 3236
f 3236 3260 3261 3237
f 3237 3261 3262 3238
f 3238 3262 3263 3239
f 3239 3263 3264 3240
f 3241 3265 3266 3242
f 3242 3266 3267 3243
f 3243 3267 3268 3244
f 3244 3268 3269 3245
f 3245 3269 3270 3246
f 3246 3270 3271 3247
f 3247 3271 3272 3248
f 3248 3272 3273 3249
f 3249 3273 3274 3250
f 3250 3274 3275 3251
f 3251 3275 3276 3252
f 3252 3276 3277 3253
f 3253 3277 3278 3254
f 3254 3278 3279 3255
f 3255 3279 3280 3256
f 3256 3280 3281 3257
f 3257 3281 3282 3258
f 3258 3282 3283 3259
f 3259 3283 3284 3260
f 3260 3284 3285 3261
f 3261 3285 3286 3262
f 3262 3286 3287 3263
f 3263 3287 3288 3264
f 3265 3289 3290 3266
f 3266 3290 3291 3267
f 3267 3291 3292 3268
f 3268 3292 3293 3269
f 3269 3293 3294 3270
f 3270 3294 3295 3271
f 3271 3295 3296 3272
f 3272 3296 3297 3273
f 3273 3297 3298 3274
f 3274 3298 3299 3275
f 3275 3299 3300 3276
f 3276 3300 3301 3277
f 3277 3301 3302 3278
f 3278 3302 3303 3279
f 3279 3303 3304 3280
f 3280 3304 3305 3281
f 3281 3305 3306 3282
f 3282 3306 3307 3283
f 3283 3307 3308 3284
f 3284 3308 3309 3285
f 3285 3309 3310 3286
f 3286 3310 3311 3287
f 3287 3311 3312 3288
f 3289 3313 3314 3290
f 3290 3314 3315 3291
f 3291 3315 3316 3292
f 3292 3316 3317 3293
f 3293 3317 3318 3294
f 3294 3318 3319 3295
f 3295 3319 3320 3296
f 3296 3320 3321 3297
f 3297 3321 3322 3298
f 3298 3322 3323 3299
f 3299 3323 3324 3300
f 3300 3324 3325 3301
f 3301 3325 3326 3302
f 3302 3326 3327 3303
f 3303 3327 3328 3304
f 3304 3328 3329 3305
f 3305 3329 3330 3306
f 3306 3330 3331 3307
f 3307 3331 3332 3308
f 3308 3332 3333 3309
f 3309 3333 3334 3310
f 3310 3334 3335 3311
f 3311 3335 3336 3312
f 3313 3337 3338 3314
f 3314 3338 3339 3315
f 3315 3339 3340 3316
f 3316 3340 3341 3317
f 3317 3341 3342 3318
f 3318 3342 3343 3319
f 3319 3343 3344 3320
f 3320 3344 3345 3321
f 3321 3345 3346 3322
f 3322 3346 3347 3323
f 3323 3347 3348 3324
f 3324 3348 3349 3325
f 3325 3349 3350 3326
f 3326 3350 3351 3327
f 3327 3351 3352 3328
f 3328 3352 3353 3329
f 3329 3353 3354 3330
f 3330 3354 3355 3331
f 3331 3355 3356 3332
f 3332 3356 3357 3333
f 3333 3357 3358 3334
f 3334 3358 3359 3335
f 3335 3359 3360 3336
f 3337 3361 3362 3338
f 3338 3362 3363 3339
f 3339 3363 3364 3340
f 3340 3364 3365 3341
f 3341 3365 3366 3342
f 3342 3366 3367 3343
f 3343 3367 3368 3344
f 3344 3368 3369 3345
f 3345 3369 3370 3346
f 3346 3370 3371 3347
f 3347 3371 3372 3348
f 3348 3372 3373 3349
f 3349 3373 3374 3350
f 3350 3374 3375 3351
f 3351 3375 3376 3352
f 3352 3376 3377 3353
f 3353 3377 3378 3354
f 3354 3378 3379 3355
f 3355 3379 3380 3356
f 3356 3380 3381 3357
f 3357 3381 3382 3358
f 3358 3382 3383 3359
f 3359 3383 3384 3360
f 3361 3385 3386 3362
f 3362 3386 3387 3363
f 3363 3387 3388 3364
f 3364 3388 3389 3365
f 3365 3389 3390 3366
f 3366 3390 3391 3367
f 3367 3391 3392 3368
f 3368 3392 3393 3369
f 3369 3393 3394 3370
f 3370 3394 3395 3371
f 3371 3395 3396 3372
f 3372 3396 3397 3373
f 3373 3397 3398 3374
f 3374 3398 3399 3375
f 3375 3399 3400 3376
f 3376 3400 3401 3377
f 3377 3401 3402 3378
f 3378 3402 3403 3379
f 3379 3403 3404 3380
f 3380 3404 3405 3381
f 3381 3405 3406 3382
f 3382 3406 3407 3383
f 3383 3407 3408 3384
f 3385 3409 3410 3386
f 3386 3410 3411 3387
f 3387 3411 3412 3388
f 3388 3412 3413 3389
f 3389 3413 3414 3390
f 3390 3414 3415 3391
f 3391 3415 3416 3392
f 3392 3416 3417 3393
f 3393 3417 3418 3394
f 3394 3418 3419 3395
f 3395 3419 3420 3396
f 3396 3420 3421 3397
f 3397 3421 3422 3398
f 3398 3422 3423 3399
f 3399 3423 3424 3400
f 3400 3424 3425 3401
f 3401 3425 3426 3402
f 3402 3426 3427 3403
f 3403 3427 3428 3404
f 3404 3428 3429 3405
f 3405 3429 3430 3406
f 3406 3430 3431 3407
f 3407 3431 3432 3408
f 3409 3433 3434 3410
f 3410 3434 3435 3411
f 3411 3435 3436 3412
f 3412 3436 3437 3413
f 3413 3437 3438 3414
f 3414 3438 3439 3415
f 3415 3439 3440 3416
f 3416 3440 3441 3417
f 3417 3441 3442 3418
f 3418 3442 3443 3419
f 3419 3443 3444 3420
f 3420 3444 3445 3421
f 3421 3445 3446 3422
f 3422 3446 3447 3423
f 3423 3447 3448 3424
f 3424 3448 3449 3425
f 3425 3449 3450 3426
f 3426 3450 3451 3427
f 3427 3451 3452 3428
f 3428 3452 3453 3429
f 3429 3453 3454 3430
f 3430 3454 3455 3431
f 3431 3455 3456 3432
f 3433 3457 3458 3434
f 3434 3458 3459 3435
f 3435 3459 3460 3436
f 3436 3460 3461 3437
f 3437 3461 3462 3438
f 3438 3462 3463 3439
f 3439 3463 3464 3440
f 3440 3464 3465 3441
f 3441 3465 3466 3442
f 3442 3466 3467 3443
f 3443 3467 3468 3444
f 3444 3468 3469 3445
f 3445 3469 3470 3446
f 3446 3470 3471 3447
f 3447 3471 3472 3448
f 3448 3472 3473 3449
f 3449 3473 3474 3450
f 3450 3474 3475 3451
f 3451 3475 3476 3452
f 3452 3476 3477 3453
f 3453 3477 3478 3454
f 3454 3478 3479 3455
f 3455 3479 3480 3456
f 3457 3481 3482 3458
f 3458 3482 3483 3459
f 3459 3483 3484 3460
f 3460 3484 3485 3461
f 3461 3485 3486 3462
f 3462 3486 3487 3463
f 3463 3487 3488 3464
f 3464 3488 3489 3465
f 3465 3489 3490 3466
f 3466 3490 3491 3467
f 3467 3491 3492 3468
f 3468 3492 3493 3469
f 3469 3493 3494 3470
f 3470 3494 3495 3471
f 3471 3495 3496 3472
f 3472 3496 3497 3473
f 3473 3497 3498 3474
f 3474 3498 3499 3475
f 3475 3499 3500 3476
f 3476 3500 3501 3477
f 3477 3501 3502 3478
f 3478 3502 3503 3479
f 3479 3503 3504 3480
f 3481 3505 3506 3482
f 3482 3506 3507 3483
f 3483 3507 3508 3484
f 3484 3508 3509 3485
f 3485 3509 3510 3486
f 3486 3510 3511 3487
f 3487 3511 3512 3488
f 3488 3512 3513 3489
f 3489 3513 3514 3490
f 3490 3514 3515 3491
f 3491 3515 3516 3492
f 3492 3516 3517 3493
f 3493 3517 3518 3494
f 3494 3518 3519 3495
f 3495 3519 3520 3496
f 3496 3520 3521 3497
f 3497 3521 3522 3498
f 3498 3522 3523 3499
f 3499 3523 3524 3500
f 3500 3524 3525 3501
f 3501 3525 3526 3502
f 3502 3526 3527 3503
f 3503 3527 3528 3504
f 3505 3529 3530 3506
f 3506 3530 3531 3507
f 3507 3531 3532 3508
f 3508 3532 3533 3509
f 3509 3533 3534 3510
f 3510 3534 3535 3511
f 3511 3535 3536 3512
f 3512 3536 3537 3513
f 3513 3537 3538 3514
f 3514 3538 3539 3515
f 3515 3539 3540 3516
f 3516 3540 3541 3517
f 3517 3541 3542 3518
f 3518 3542 3543 3519
f 3519 3543 3544 3520
f 3520 3544 3545 3521
f 3521 3545 3546 3522
f 3522 3546 3547 3523
f 3523 3547 3548 3524
f 3524 3548 3549 3525
f 3525 3549 3550 3526
f 3526 3550 3551 3527
f 3527 3551 3552 3528
f 3529 3553 3554 3530
f 3530 3554 3555 3531
f 3531 3555 3556 3532
f 3532 3556 3557 3533
f 3533 3557 3558 3534
f 3534 3558 3559 3535
f 3535 3559 3560 3536
f 3536 3560 3561 3537
f 3537 3561 3562 3538
f 3538 3562 3563 3539
f 3539 3563 3564 3540
f 3540 3564 3565 3541
f 3541 3565 3566 3542
f 3542 3566 3567 3543
f 3543 3567 3568 3544
f 3544 3568 3569 3545
f 3545 3569 3570 3546
f 3546 3570 3571 3547
f 3547 3571 3572 3548
f 3548 3572 3573 3549
f 3549 3573 3574 3550
f 3550 3574 3575 3551
f 3551 3575 3576 3552
f 3553 3577 3578 3554
f 3554 3578 3579 3555
f 3555 3579 3580 3556
f 3556 3580 3581 3557
f 3557 3581 3582 3558
f 3558 3582 3583 3559
f 3559 3583 3584 3560
f 3560 3584 3585 3561
f 3561 3585 3586 3562
f 3562 3586 3587 3563
f 3563 3587 3588 3564
f 3564 3588 3589 3565
f 3565 3589 3590 3566
f 3566 3590 3591 3567
f 3567 3591 3592 3568
f 3568 3592 3593 3569
f 3569 3593 3594 3570
f 3570 3594 3595 3571
f 3571 3595 3596 3572
f 3572 3596 3597 3573
f 3573 3597 3598 3574
f 3574 3598 3599 3575
f 3575 3599 3600 3576
f 3577 3601 3602 3578
f 3578 3602 3603 3579
f 3579 3603 3604 3580
f 3580 3604 3605 3581
f 3581 3605 3606 3582
f 3582 3606 3607 3583
f 3583 3607 3608 3584
f 3584 3608 3609 3585
f 3585 3609 3610 3586
f 3586 3610 3611 3587
f 3587 3611 3612 3588
f 3588 3612 3613 3589
f 3589 3613 3614 3590
f 3590 3614 3615 3591
f 3591 3615 3616 3592
f 3592 3616 3617 3593
f 3593 3617 3618 3594
f 3594 3618 3619 3595
f 3595 3619 3620 3596
f 3596 3620 3621 3597
f 3597 3621 3622 3598
f 3598 3622 3623 3599
f 3599 3623 3624 3600
f 3601 3625 3626 3602
f 3602 3626 3627 3603
f 3603 3627 3628 3604
f 3604 3628 3629 3605
f 3605 3629 3630 3606
f 3606 3630 3631 3607
f 3607 3631 3632 3608
f 3608 3632 3633 3609
f 3609 3633 3634 3610
f 3610 3634 3635 3611
f 3611 3635 3636 3612
f 3612 3636 3637 3613
f 3613 3637 3638 3614
f 3614 3638 3639 3615
f 3615 3639 3640 3616
f 3616 3640 3641 3617
f 3617 3641 3642 3618
f 3618 3642 3643 3619
f 3619 3643 3644 3620
f 3620 3644 3645 3621
f 3621 3645 3646 3622
f 3622 3646 3647 3623
f 3623 3647 3648 3624
f 3625 3649 3650 3626
f 3626 3650 3651 3627
f 3627 3651 3652 3628
f 3628 3652 3653 3629
f 3629 3653 3654 3630
f 3630 3654 3655 3631
f 3631 3655 3656 3632
f 3632 3656 3657 3633
f 3633 3657 3658 3634
f 3634 3658 3659 3635
f 3635 3659 3660 3636
f 3636 3660 3661 3637
f 3637 3661 3662 3638
f 3638 3662 3663 3639
f 3639 3663 3664 3640
f 3640 3664 3665 3641
f 3641 3665 3666 3642
f 3642 3666 3667 3643
f 3643 3667 3668 3644
f 3644 3668 3669 3645
f 3645 3669 3670 3646
f 3646 3670 3671 3647
f 3647 3671 3672 3648
f 3649 3673 3674 3650
f 3650 3674 3675 3651
f 3651 3675 3676 3652
f 3652 3676 3677 3653
f 3653 3677 3678 3654
f 3654 3678 3679 3655
f 3655 3679 3680 3656
f 3656 3680 3681 3657
f 3657 3681 3682 3658
f 3658 3682 3683 3659
f 3659 3683 3684 3660
f 3660 3684 3685 3661
f 3661 3685 3686 3662
f 3662 3686 3687 3663
f 3663 3687 3688 3664
f 3664 3688 3689 3665
f 3665 3689 3690 3666
f 3666 3690 3691 3667
f 3667 3691 3692 3668
f 3668 3692 3693 3669
f 3669 3693 3694 3670
f 3670 3694 3695 3671
f 3671 3695 3696 3672
f 3673 3697 3698 3674
f 3674 3698 3699 3675
f 3675 3699 3700 3676
f 3676 3700 3701 3677
f 3677 3701 3702 3678
f 3678 3702 3703 3679
f 3679 3703 3704 3680
f 3680 3704 3705 3681
f 3681 3705 3706 3682
f 3682 3706 3707 3683
f 3683 3707 3708 3684
f 3684 3708 3709 3685
f 3685 3709 3710 3686
f 3686 3710 3711 3687
f 3687 3711 3712 3688
f 3688 3712 3713 3689
f 3689 3713 3714 3690
f 3690 3714 3715 3691
f 3691 3715 3716 3692
f 3692 3716 3717 3693
f 3693 3717 3718 3694
f 3694 3718 3719 3695
f 3695 3719 3720 3696
f 3697 3721 3722 3698
f 3698 3722 3723 3699
f 3699 3723 3724 3700
f 3700 3724 3725 3701
f 3701 3725 3726 3702
f 3702 3726 3727 3703
f 3703 3727 3728 3704
f 3704 3728 3729 3705
f 3705 3729 3730 3706
f 3706 3730 3731 3707
f 3707 3731 3732 3708
f 3708 3732 3733 3709
f 3709 3733 3734 3710
f 3710 3734 3735 3711
f 3711 3735 3736 3712
f 3712 3736 3737 3713
f 3713 3737 3738 3714
f 3714 3738 3739 3715
f 3715 3739 3740 3716
f 3716 3740 3741 3717
f 3717 3741 3742 3718
f 3718 3742 3743 3719
f 3719 3743 3744 3720
f 3721 3745 3746 3722
f 3722 3746 3747 3723
f 3723 3747 3748 3724
f 3724 3748 3749 3725
f 3725 3749 3750 3726
f 3726 3750 3751 3727
f 3727 3751 3752 3728
f 3728 3752 3753 3729
f 3729 3753 3754 3730
f 3730 3754 3755 3731
f 3731 3755 3756 3732
f 3732 3756 3757 3733
f 3733 3757 3758 3734
f 3734 3758 3759 3735
f 3735 3759 3760 3736
f 3736 3760 3761 3737
f 3737 3761 3762 3738
f 3738 3762 3763 3739
f 3739 3763 3764 3740
f 3740 3764 3765 3741
f 3741 3765 3766 3742
f 3742 3766 3767 3743
f 3743 3767 3768 3744
f 3745 3769 3770 3746
f 3746 3770 3771 3747
f 3747 3771 3772 3748
f 3748 3772 3773 3749
f 3749 3773 3774 3750
f 3750 3774 3775 3751
f 3751 3775 3776 3752
f 3752 3776 3777 3753
f 3753 3777 3778 3754
f 3754 3778 3779 3755
f 3755 3779 3780 3756
f 3756 3780 3781 3757
f 3757 3781 3782 3758
f 3758 3782 3783 3759
f 3759 3783 3784 3760
f 3760 3784 3785 3761
f 3761 3785 3786 3762
f 3762 3786 3787 3763
f 3763 3787 3788 3764
f 3764 3788 3789 3765
f 3765 3789 3790 3766
f 3766 3790 3791 3767
f 3767 3791 3792 3768
f 3769 3793 3794 3770
f 3770 3794 3795 3771
f 3771 3795 3796 3772
f 3772 3796 3797 3773
f 3773 3797 3798 3774
f 3774 3798 3799 3775
f 3775 3799 3800 3776
f 3776 3800 3801 3777
f 3777 3801 3802 3778
f 3778 3802 3803 3779
f 3779 3803 3804 3780
f 3780 3804 3805 3781
f 3781 3805 3806 3782
f 3782 3806 3807 3783
f 3783 3807 3808 3784
f 3784 3808 3809 3785
f 3785 3809 3810 3786
f 3786 3810 3811 3787
f 3787 3811 3812 3788
f 3788 3812 3813 3789
f 3789 3813 3814 3790
f 3790 3814 3815 3791
f 3791 3815 3816 3792
f 3793 3817 3818 3794
f 3794 3818 3819 3795
f 3795 3819 3820 3796
f 3796 3820 3821 3797
f 3797 3821 3822 3798
f 3798 3822 3823 3799
f 3799 3823 3824 3800
f 3800 3824 3825 3801
f 3801 3825 3826 3802
f 3802 3826 3827 3803
f 3803 3827 3828 3804
f 3804 3828 3829 3805
f 3805 3829 3830 3806
f 3806 3830 3831 3807
f 3807 3831 3832 3808
f 3808 3832 3833 3809
f 3809 3833 3834 3810
f 3810 3834 3835 3811
f 3811 3835 3836 3812
f 3812 3836 3837 3813
f 3813 3837 3838 3814
f 3814 3838 3839 3815
f 3815 3839 3840 3816
f 3817 3841 3842 3818
f 3818 3842 3843 3819
f 3819 3843 3844 3820
f 3820 3844 3845 3821
f 3821 3845 3846 3822
f 3822 3846 3847 3823
f 3823 3847 3848 3824
f 3824 3848 3849 3825
f 3825 3849 3850 3826
f 3826 3850 3851 3827
f 3827 3851 3852 3828
f 3828 3852 3853 3829
f 3829 3853 3854 3830
f 3830 3854 3855 3831
f 3831 3855 3856 3832
f 3832 3856 3857 3833
f 3833 3857 3858 3834
f 3834 3858 3859 3835
f 3835 3859 3860 3836
f 3836 3860 3861 3837
f 3837 3861 3862 3838
f 3838 3862 3863 3839
f 3839 3863 3864 3840
f 3841 3865 3866 3842
f 3842 3866 3867 3843
f 3843 3867 3868 3844
f 3844 3868 3869 3845
f 3845 3869 3870 3846
f 3846 3870 3871 3847
f 3847 3871 3872 3848
f 3848 3872 3873 3849
f 3849 3873 3874 3850
f 3850 3874 3875 3851
f 3851 3875 3876 3852
f 3852 3876 3877 3853
f 3853 3877 3878 3854
f 3854 3878 3879 3855
f 3855 3879 3880 3856
f 3856 3880 3881 3857
f 3857 3881 3882 3858
f 3858 3882 3883 3859
f 3859 3883 3884 3860
f 3860 3884 3885 3861
f 3861 3885 3886 3862
f 3862 3886 3887 3863
f 3863 3887 3888 3864
f 3865 3889 3890 3866
f 3866 3890 3891 3867
f 3867 3891 3892 3868
f 3868 3892 3893 3869
f 3869 3893 3894 3870
f 3870 3894 3895 3871
f 3871 3895 3896 3872
f 3872 3896 3897 3873
f 3873 3897 3898 3874
f 3874 3898 3899 3875
f 3875 3899 3900 3876
f 3876 3900 3901 3877
f 3877 3901 3902 3878
f 3878 3902 3903 3879
f 3879 3903 3904 3880
f 3880 3904 3905 3881
f 3881 3905 3906 3882
f 3882 3906 3907 3883
f 3883 3907 3908 3884
f 3884 3908 3909 3885
f 3885 3909 3910 3886
f 3886 3910 3911 3887
f 3887 3911 3912 3888
f 3889 3913 3914 3890
f 3890 3914 3915 3891
f 3891 3915 3916 3892
f 3892 3916 3917 3893
f 3893 3917 3918 3894
f 3894 3918 3919 3895
f 3895 3919 3920 3896
f 3896 3920 3921 3897
f 3897 3921 3922 3898
f 3898 3922 3923 3899
f 3899 3923 3924 3900
f 3900 3924 3925 3901
f 3901 3925 3926 3902
f 3902 3926 3927 3903
f 3903 3927 3928 3904
f 3904 3928 3929 3905
f 3905 3929 3930 3906
f 3906 3930 3931 3907
f 3907 3931 3932 3908
f 3908 3932 3933 3909
f 3909 3933 3934 3910
f 3910 3934 3935 3911
f 3911 3935 3936 3912
f 3913 3937 3938 3914
f 3914 3938 3939 3915
f 3915 3939 3940 3916
f 3916 3940 3941 3917
f 3917 3941 3942 3918
f 3918 3942 3943 3919
f 3919 3943 3944 3920
f 3920 3944 3945 3921
f 3921 3945 3946 3922
f 3922 3946 3947 3923
f 3923 3947 3948 3924
f 3924 3948 3949 3925
f 3925 3949 3950 3926
f 3926 3950 3951 3927
f 3927 3951 3952 3928
f 3928 3952 3953 3929
f 3929 3953 3954 3930
f 3930 3954 3955 3931
f 3931 3955 3956 3932
f 3932 3956 3957 3933
f 3933 3957 3958 3934
f 3934 3958 3959 3935
f 3935 3959 3960 3936
f 3937 3961 3962 3938
f 3938 3962 3963 3939
f 3939 3963 3964 3940
f 3940 3964 3965 3941
f 3941 3965 3966 3942
f 3942 3966 3967 3943
f 3943 3967 3968 3944
f 3944 3968 3969 3945
f 3945 3969 3970 3946
f 3946 3970 3971 3947
f 3947 3971 3972 3948
f 3948 3972 3973 3949
f 3949 3973 3974 3950
f 3950 3974 3975 3951
f 3951 3975 3976 3952
f 3952 3976 3977 3953
f 3953 3977 3978 3954
f 3954 3978 3979 3955
f 3955 3979 3980 3956
f 3956 3980 3981 3957
f 3957 3981 3982 3958
f 3958 3982 3983 3959
f 3959 3983 3984 3960
f 3961 3985 3986 3962
f 3962 3986 3987 3963
f 3963 3987 3988 3964
f 3964 3988 3989 3965
f 3965 3989 3990 3966
f 3966 3990 3991 3967
f 3967 3991 3992 3968
f 3968 3992 3993 3969
f 3969 3993 3994 3970
f 3970 3994 3995 3971
f 3971 3995 3996 3972
f 3972 3996 3997 3973
f 3973 3997 3998 3974
f 3974 3998 3999 3975
f 3975 3999 4000 3976
f 3976 4000 4001 3977
f 3977 4001 4002 3978
f 3978 4002 4003 3979
f 3979 4003 4004 3980
f 3980 4004 4005 3981
f 3981 4005 4006 3982
f 3982 4006 4007 3983
f 3983 4007 4008 3984
f 3985 4009 4010 3986
f 3986 4010 4011 3987
f 3987 4011 4012 3988
f 3988 4012 4013 3989
f 3989 4013 4014 3990
f 3990 4014 4015 3991
f 3991 4015 4016 3992
f 3992 4016 4017 3993
f 3993 4017 4018 3994
f 3994 4018 4019 3995
f 3995 4019 4020 3996
f 3996 4020 4021 3997
f 3997 4021 4022 3998
f 3998 4022 4023 3999
f 3999 4023 4024 4000
f 4000 4024 4025 4001
f 4001 4025 4026 4002
f 4002 4026 4027 4003
f 4003 4027 4028 4004
f 4004 4028 4029 4005
f 4005 4029 4030 4006
f 4006 4030 4031 4007
f 4007 4031 4032 4008
f 4009 4033 4034 4010
f 4010 4034 4035 4011
f 4011 4035 4036 4012
f 4012 4036 4037 4013
f 4013 4037 4038 4014
f 4014 4038 4039 4015
f 4015 4039 4040 4016
f 4016 4040 4041 4017
f 4017 4041 4042 4018
f 4018 4042 4043 4019
f 4019 4043 4044 4020
f 4020 4044 4045 4021
f 4021 4045 4046 4022
f 4022 4046 4047 4023
f 4023 4047 4048 4024
f 4024 4048 4049 4025
f 4025 4049 4050 4026
f 4026 4050 4051 4027
f 4027 4051 4052 4028
f 4028 4052 4053 4029
f 4029 4053 4054 4030
f 4030 4054 4055 4031
f 4031 4055 4056 4032
f 4033 4057 4058 4034
f 4034 4058 4059 4035
f 4035 4059 4060 4036
f 4036 4060 4061 4037
f 4037 4061 4062 4038
f 4038 4062 4063 4039
f 4039 4063 4064 4040
f 4040 4064 4065 4041
f 4041 4065 4066 4042
f 4042 4066 4067 4043
f 4043 4067 4068 4044
f 4044 4068 4069 4045
f 4045 4069 4070 4046
f 4046 4070 4071 4047
f 4047 4071 4072 4048
f 4048 4072 4073 4049
f 4049 4073 4074 4050
f 4050 4074 4075 4051
f 4051 4075 4076 4052
f 4052 4076 4077 4053
f 4053 4077 4078 4054
f 4054 4078 4079 4055
f 4055 4079 4080 4056
f 4057 4081 4082 4058
f 4058 4082 4083 4059
f 4059 4083 4084 4060
f 4060 4084 4085 4061
f 4061 4085 4086 4062
f 4062 4086 4087 4063
f 4063 4087 4088 4064
f 4064 4088 4089 4065
f 4065 4089 4090 4066
f 4066 4090 4091 4067
f 4067 4091 4092 4068
f 4068 4092 4093 4069
f 4069 4093 4094 4070
f 4070 4094 4095 4071
f 4071 4095 4096 4072
f 4072 4096 4097 4073
f 4073 4097 4098 4074
f 4074 4098 4099 4075
f 4075 4099 4100 4076
f 4076 4100 4101 4077
f 4077 4101 4102 4078
f 4078 4102 4103 4079
f 4079 4103 4104 4080
f 4081 4105 4106 4082
f 4082 4106 4107 4083
f 4083 4107 4108 4084
f 4084 4108 4109 4085
f 4085 4109 4110 4086
f 4086 4110 4111 4087
f 4087 4111 4112 4088
f 4088 4112 4113 4089
f 4089 4113 4114 4090
f 4090 4114 4115 4091
f 4091 4115 4116 4092
f 4092 4116 4117 4093
f 4093 4117 4118 4094
f 4094 4118 4119 4095
f 4095 4119 4120 4096
f 4096 4120 4121 4097
f 4097 4121 4122 4098
f 4098 4122 4123 4099
f 4099 4123 4124 4100
f 4100 4124 4125 4101
f 4101 4125 4126 4102
f 4102 4126 4127 4103
f 4103 4127 4128 4104
f 4105 4129 4130 4106
f 4106 4130 4131 4107
f 4107 4131 4132 4108
f 4108 4132 4133 4109
f 4109 4133 4134 4110
f 4110 4134 4135 4111
f 4111 4135 4136 4112
f 4112 4136 4137 4113
f 4113 4137 4138 4114
f 4114 4138 4139 4115
f 4115 4139 4140 4116
f 4116 4140 4141 4117
f 4117 4141 4142 4118
f 4118 4142 4143 4119
f 4119 4143 4144 4120
f 4120 4144 4145 4121
f 4121 4145 4146 4122
f 4122 4146 4147 4123
f 4123 4147 4148 4124
f 4124 4148 4149 4125
f 4125 4149 4150 4126
f 4126 4150 4151 4127
f 4127 4151 4152 4128
f 4129 4153 4154 4130
f 4130 4154 4155 4131
f 4131 4155 4156 4132
f 4132 4156 4157 4133
f 4133 4157 4158 4134
f 4134 4158 4159 4135
f 4135 4159 4160 4136
f 4136 4160 4161 4137
f 4137 4161 4162 4138
f 4138 4162 4163 4139
f 4139 4163 4164 4140
f 4140 4164 4165 4141
f 4141 4165 4166 4142
f 4142 4166 4167 4143
f 4143 4167 4168 4144
f 4144 4168 4169 4145
f 4145 4169 4170 4146
f 4146 4170 4171 4147
f 4147 4171 4172 4148
f 4148 4172 4173 4149
f 4149 4173 4174 4150
f 4150 4174 4175 4151
f 4151 4175 4176 4152
f 4153 4177 4178 4154
f 4154 4178 4179 4155
f 4155 4179 4180 4156
f 4156 4180 4181 4157
f 4157 4181 4182 4158
f 4158 4182 4183 4159
f 4159 4183 4184 4160
f 4160 4184 4185 4161
f 4161 4185 4186 4162
f 4162 4186 4187 4163
f 4163 4187 4188 4164
f 4164 4188 4189 4165
f 4165 4189 4190 4166
f 4166 4190 4191 4167
f 4167 4191 4192 4168
f 4168 4192 4193 4169
f 4169 4193 4194 4170
f 4170 4194 4195 4171
f 4171 4195 4196 4172
f 4172 4196 4197 4173
f 4173 4197 4198 4174
f 4174 4198 4199 4175
f 4175 4199 4200 4176
f 4177 4201 4202 4178
f 4178 4202 4203 4179
f 4179 4203 4204 4180
f 4180 4204 4205 4181
f 4181 4205 4206 4182
f 4182 4206 4207 4183
f 4183 4207 4208 4184
f 4184 4208 4209 4185
f 4185 4209 4210 4186
f 4186 4210 4211 4187
f 4187 4211 4212 4188
f 4188 4212 4213 4189
f 4189 4213 4214 4190
f 4190 4214 4215 4191
f 4191 4215 4216 4192
f 4192 4216 4217 4193
f 4193 4217 4218 4194
f 4194 4218 4219 4195
f 4195 4219 4220 4196
f 4196 4220 4221 4197
f 4197 4221 4222 4198
f 4198 4222 4223 4199
f 4199 4223 4224 4200
f 4201 4225 4226 4202
f 4202 4226 4227 4203
f 4203 4227 4228 4204
f 4204 4228 4229 4205
f 4205 4229 4230 4206
f 4206 4230 4231 4207
f 4207 4231 4232 4208
f 4208 4232 4233 4209
f 4209 4233 4234 4210
f 4210 4234 4235 4211
f 4211 4235 4236 4212
f 4212 4236 4237 4213
f 4213 4237 4238 4214
f 4214 4238 4239 4215
f 4215 4239 4240 4216
f 4216 4240 4241 4217
f 4217 4241 4242 4218
f 4218 4242 4243 4219
f 4219 4243 4244 4220
f 4220 4244 4245 4221
f 4221 4245 4246 4222
f 4222 4246 4247 4223
f 4223 4247 4248 4224
f 4225 4249 4250 4226
f 4226 4250 4251 4227
f 4227 4251 4252 4228
f 4228 4252 4253 4229
f 4229 4253 4254 4230
f 4230 4254 4255 4231
f 4231 4255 4256 4232
f 4232 4256 4257 4233
f 4233 4257 4258 4234
f 4234 4258 4259 4235
f 4235 4259 4260 4236
f 4236 4260 4261 4237
f 4237 4261 4262 4238
f 4238 4262 4263 4239
f 4239 4263 4264 4240
f 4240 4264 4265 4241
f 4241 4265 4266 4242
f 4242 4266 4267 4243
f 4243 4267 4268 4244
f 4244 4268 4269 4245
f 4245 4269 4270 4246
f 4246 4270 4271 4247
f 4247 4271 4272 4248
f 4249 4273 4274 4250
f 4250 4274 4275 4251
f 4251 4275 4276 4252
f 4252 4276 4277 4253
f 4253 4277 4278 4254
f 4254 4278 4279 4255
f 4255 4279 4280 4256
f 4256 4280 4281 4257
f 4257 4281 4282 4258
f 4258 4282 4283 4259
f 4259 4283 4284 4260
f 4260 4284 4285 4261
f 4261 4285 4286 4262
f 4262 4286 4287 4263
f 4263 4287 4288 4264
f 4264 4288 4289 4265
f 4265 4289 4290 4266
f 4266 4290 4291 4267
f 4267 4291 4292 4268
f 4268 4292 4293 4269
f 4269 4293 4294 4270
f 4270 4294 4295 4271
f 4271 4295 4296 4272
f 4273 4297 4298 4274
f 4274 4298 4299 4275
f 4275 4299 4300 4276
f 4276 4300 4301 4277
f 4277 4301 4302 4278
f 4278 4302 4303 4279
f 4279 4303 4304 4280
f 4280 4304 4305 4281
f 4281 4305 4306 4282
f 4282 4306 4307 4283
f 4283 4307 4308 4284
f 4284 4308 4309 4285
f 4285 4309 4310 4286
f 4286 4310 4311 4287
f 4287 4311 4312 4288
f 4288 4312 4313 4289
f 4289 4313 4314 4290
f 4290 4314 4315 4291
f 4291 4315 4316 4292
f 4292 4316 4317 4293
f 4293 4317 4318 4294
f 4294 4318 4319 4295
f 4295 4319 4320 4296
f 4297 1 2 4298
f 4298 2 3 4299
f 4299 3 4 4300
f 4300 4 5 4301
f 4301 5 6 4302
f 4302 6 7 4303
f 4303 7 8 4304
f 4304 8 9 4305
f 4305 9 10 4306
f 4306 10 11 4307
f 4307 11 12 4308
f 4308 12 13 4309
f 4309 13 14 4310
f 4310 14 15 4311
f 4311 15 16 4312
f 4312 16 17 4313
f 4313 17 18 4314
f 4314 18 19 4315
f 4315 19 20 4316
f 4316 20 21 4317
f 4317 21 22 4318
f 4318 22 23 4319
f 4319 23 24 4320
