#cP2026  8 15 18  0  0.00000000     192 ORBIT IGc20 HLM  IGS
## 2431 583200.00000000   900.00000000 61267 0.7500000000000
+   32   G01G02G03G04G05G06G07G08G09G10G11G12G13G14G15G16G17
+        G18G19G20G21G22G23G24G25G26G27G28G29G30G31G32  0  0
+          0  0  0  0  0  0  0  0  0  0  0  0  0  0  0  0  0
+          0  0  0  0  0  0  0  0  0  0  0  0  0  0  0  0  0
+          0  0  0  0  0  0  0  0  0  0  0  0  0  0  0  0  0
++         4  4  3  3  3  4  4  3  3  3  4  3  4  3  3  3  3
++         4  3  4  3  3  3  3  3  3  3  3  3  4  4  3  0  0
++         0  0  0  0  0  0  0  0  0  0  0  0  0  0  0  0  0
++         0  0  0  0  0  0  0  0  0  0  0  0  0  0  0  0  0
++         0  0  0  0  0  0  0  0  0  0  0  0  0  0  0  0  0
%c G  cc GPS ccc cccc cccc cccc cccc ccccc ccccc ccccc ccccc
%c cc cc ccc ccc cccc cccc cccc cccc ccccc ccccc ccccc ccccc
%f  1.2500000  1.025000000  0.00000000000  0.000000000000000
%f  0.0000000  0.000000000  0.00000000000  0.000000000000000
%i    0    0    0    0      0      0      0      0         0
%i    0    0    0    0      0      0      0      0         0
/* ULTRA ORBIT COMBINATION FROM WEIGHTED AVERAGE OF:
/* cod emr esa gfz grg jgx sio usn whu                      
/* REFERENCED TO emr CLOCK AND TO WEIGHTED MEAN POLE:       
/* PCV:IGS20_2423 OL/AL:FES2014b NONE     YN ORB:CMB CLK:CMB 
*  2026  8 15 18  0  0.00000000
PG01 -14734.349101  12124.042202  18426.712619    196.194249  6  8  7 480       
PG02 -15220.746431   2667.270950  21926.295121    157.744403  4 10  5 477       
PG03 -23607.919694  12026.082530  -1113.089586    321.215320  6  6  7 477       
PG04 -15956.383203   5704.284716 -20470.147317     64.048035  8  9  5 477       
PG05  23498.397258  -3882.584201 -11949.269199   -235.997663  4  7  7 477       
PG06   5611.265687  23136.666353 -11552.255046   -550.091953  6  8  9 477       
PG07  -6796.413714  24154.654475  -7469.761157   -215.806703  8 10  8 481       
PG08 -23156.266132  -2709.355529  12958.511627    372.966214  6  7  3 477       
PG09  -5457.143282  14326.052943 -21791.152055    700.615654  9  8  7 477       
PG10  -1709.280534 -15058.802685  22039.779136   -550.751916  7  1  3 477       
PG11  12252.599594  13210.345362 -19483.186408   -241.207080  6  6  6 477       
PG12  24519.437176 -10219.656039   -123.586985   -604.100853  6  7  5 477       
PG13  24045.249311 -10961.038222   2724.241213    429.504105  3 10  7 484       
PG14  -1472.872123  17103.995995  20297.735691    750.231038  7  3  5 477       
PG15  22704.141029   -541.136903  13227.150462    436.827353  6  6  5 477       
PG16 -21398.412294  -3668.981392 -15981.525575    316.546129  4  9  6 477       
PG17   6628.244916  19680.999079  16761.168251   -188.605341  7  8  3 477       
PG18   6132.316011 -24968.502285  -5947.682517   -279.463631  8  9  8 477       
PG19  16880.708852  19804.695477   6614.672679    704.623682  5  9  4 477       
PG20  23877.281865   9227.140810   7114.232513    261.228721  4 13  6 477       
PG21  17286.156739   6471.317675 -19108.873728    382.509966  4  5  5 477       
PG22   5281.591752  14523.061460  21922.286001     58.689144  7  6  5 477       
PG23  10282.468570 -17763.435546  16773.415419    679.563756  5  6  4 477       
PG24  14796.264825  -6387.921276  20498.515505    162.306236  6  8  8 488       
PG25  17148.460951 -17499.533207 -10323.943442    397.565613  8  8  4 477       
PG26 -13289.768067 -10154.687451 -20940.311961   -388.954587  6  7  7 477       
PG27 -23428.383538 -12636.508247   2688.908129      0.524072  4  6  4 477       
PG28  -5441.123829 -24340.563235  -9091.854707   -441.885156  8 10  5 477       
PG29   8372.240634 -12790.595446 -21743.121204   -261.800084  8  4  6 477       
PG30   2180.160700  25949.986142   4695.993406    331.231396  9  4  9 477       
PG31 -10824.290923 -17124.245995 -17322.338534   -127.951305  8  4  4 477       
PG32 -12864.478475 -19305.018377  13374.476160    218.629915  6  5  5 477       
*  2026  8 15 18 15  0.00000000
PG01 -14642.049576   9930.658775  19771.220156    196.185674  5  7  7 480       
PG02 -15397.891975    235.968456  22018.516621    157.750514  3 10  4 477       
PG03 -23626.755577  11851.336923   1814.743730    321.197041  6  6  7 477       
PG04 -17793.904044   4366.591249 -19266.212841     64.048262  8  9  5 477       
PG05  22313.599318  -2997.253864 -14280.045269   -235.998201  5  7  6 477       
PG06   5370.467820  24309.183405  -8973.309756   -550.082316  6  6  9 480       
PG07  -7062.753945  23051.627732 -10076.764315   -215.810133  8 10  8 480       
PG08 -24242.439501  -3568.988652  10631.041797    372.957100  6  8  3 477       
PG09  -7606.050755  13094.593032 -21929.392776    700.608230  8  8  6 477       
PG10    460.563123 -16129.661448  21292.388407   -550.746385  6  1  3 477       
PG11  11975.477364  15351.331052 -18044.959753   -241.196385  5  6  6 477       
PG12  24464.224278  -9906.541424   2721.935372   -604.100236  5  6  5 477       
PG13  23761.532519 -10497.677981   5523.050124    429.508257  3 10  7 483       
PG14  -3530.695124  18028.513507  19179.431026    750.230769  7  4  5 477       
PG15  23967.192840    241.576146  10902.821934    436.829946  5  7  5 477       
PG16 -19753.709921  -4526.960771 -17783.251495    316.551591  5  9  6 477       
PG17   4924.865492  18694.873639  18454.259804   -188.610453  7  7  3 477       
PG18   6326.936150 -24108.151197  -8673.356010   -279.455777  8  7  8 477       
PG19  16039.072942  19427.421028   9234.135627    704.623670  5  9  4 477       
PG20  24314.302145   9765.992584   4356.184295    261.237681  1 13  6 477       
PG21  15328.228493   7594.445405 -20323.984904    382.503615  4  6  5 477       
PG22   3046.301921  15472.990222  21720.661776     58.696925  8  6  4 477       
PG23  11912.263056 -18523.735202  14712.548514    679.566907  5  6  4 477       
PG24  15073.499697  -3900.703389  20936.615588    162.322022  5  8  8 487       
PG25  18149.359952 -17752.126978  -7742.756419    397.562395  8  8  4 477       
PG26 -11344.463940 -11519.636989 -21342.027237   -388.956439  6  6  7 477       
PG27 -23458.768092 -12948.761952   -115.750909      0.523934  4  6  4 477       
PG28  -5201.824623 -25228.033612  -6419.132946   -441.875670  8 10  5 477       
PG29  10383.901797 -11341.304695 -21694.703129   -261.793519  7  6  6 477       
PG30   1837.235266  26303.772172   1907.792543    331.242623  9  6  9 477       
PG31 -10541.212967 -18948.255144 -15438.686300   -127.948978  8  4  4 477       
PG32 -11412.515696 -18608.974970  15533.376656    218.647205  5  5  5 477       
*  2026  8 15 18 30  0.00000000
PG01 -14656.781397   7603.248052  20774.407151    196.177065  5  8  6 479       
PG02 -15702.748922  -2166.610301  21744.768462    157.756570  2 10  3 477       
PG03 -23371.216764  11506.290039   4711.089006    321.178781  6  7  7 477       
PG04 -19566.285511   3209.928574 -17731.749196     64.048475  7  9  5 477       
PG05  20974.427262  -1907.862789 -16367.841563   -235.998495  5  7  6 477       
PG06   5194.172730  25190.187238  -6238.223675   -550.073867  6  4  9 480       
PG07  -7394.955755  21670.043640 -12501.625280   -215.814947  8 11  8 477       
PG08 -25123.709959  -4254.224433   8123.641611    372.948003  6  8  2 477       
PG09  -9812.005076  11982.362500 -21694.092750    700.600788  8  9  4 477       
PG10   2479.092342 -17272.119517  20184.986164   -550.740921  5  2  3 477       
PG11  11813.467305  17322.318600 -16295.714585   -241.185669  6  8  6 477       
PG12  24142.649713  -9440.079356   5520.440886   -604.099979  5  6  5 477       
PG13  23243.749469  -9845.859880   8226.765387    429.512415  4 10  6 483       
PG14  -5419.588781  18979.304874  17731.032669    750.230563  7  4  5 477       
PG15  25002.303101    870.050419   8385.891669    436.832553  5  7  6 477       
PG16 -17992.471554  -5553.695513 -19292.396526    316.557640  5  8  5 477       
PG17   3029.784825  17709.543257  19835.686563   -188.615384  7  7  3 477       
PG18   6569.857455 -22956.796217 -11246.865026   -279.447948  7  5  7 477       
PG19  14941.295137  18936.458928  11699.419130    704.623957  6  9  4 477       
PG20  24496.860181  10137.870469   1523.178880    261.246657  3 13  6 477       
PG21  13330.577228   8879.447927 -21189.561238    382.497361  3  6  5 477       
PG22    904.421238  16518.896043  21156.901985     58.704302  7  7  4 477       
PG23  13289.289030 -19239.479757  12396.363497    679.570042  5  6  4 477       
PG24  15469.278441  -1403.598345  20994.761636    162.337837  5  8  7 487       
PG25  18889.323529 -17888.994299  -5028.075181    397.559190  8  7  4 477       
PG26  -9443.747944 -12993.162059 -21385.240061   -388.958293  7  6  6 477       
PG27 -23227.623680 -13112.607953  -2918.503580      0.524075  4  6  3 477       
PG28  -4992.233315 -25818.131364  -3635.758490   -441.866191  7 11  5 477       
PG29  12444.492621 -10013.747609 -21274.308057   -261.787200  7  7  6 477       
PG30   1496.804714  26355.978866   -913.683854    331.255121  9  6  9 480       
PG31 -10348.896142 -20560.624620 -13291.085894   -127.946771  8  5  4 477       
PG32  -9724.851330 -17886.943278  17431.835343    218.664497  5  5  5 477       
*  2026  8 15 18 45  0.00000000
PG01 -14793.158266   5187.141089  21419.190951    196.168480  4  9  5 479       
PG02 -16125.930796  -4494.803024  21111.190308    157.762919  2  9  2 476       
PG03 -22868.011578  10960.641491   7525.524118    321.160527  6  7  7 476       
PG04 -21227.162431   2237.656304 -15893.506391     64.048707  7  9  5 476       
PG05  19525.504166   -610.972438 -18177.535223   -235.998981  5  7  6 476       
PG06   5045.250390  25762.202628  -3394.616730   -550.065382  7  1 10 479       
PG07  -7822.581536  20037.644216 -14699.431633   -215.818339  8 11  7 476       
PG08 -25768.988287  -4785.650247   5479.267766    372.938884  6  7  1 476       
PG09 -12030.055420  11008.203899 -21089.465032    700.593388  8  9  3 476       
PG10   4313.713716 -18448.580600  18734.972565   -550.735407  4  2  4 476       
PG11  11743.963871  19084.419133 -14265.871089   -241.174961  6  8  6 476       
PG12  23579.472687  -8792.390761   8223.299064   -604.099592  6  5  5 476       
PG13  22524.357332  -8985.232790  10788.715767    429.516567  5 11  6 483       
PG14  -7113.843056  19919.219166  15976.573957    750.230291  7  4  6 476       
PG15  25779.574939   1367.897889   5721.704130    436.834995  4  7  6 476       
PG16 -16158.215532  -6749.113845 -20484.023679    316.563340  5  8  5 476       
PG17    969.651142  16762.107058  20883.486091   -188.620062  7  6  3 476       
PG18   6894.588231 -21538.453219 -13623.157210   -279.440102  7  4  8 476       
PG19  13587.984966  18370.727243  13968.866379    704.624100  6  9  4 476       
PG20  24402.307552  10372.775409  -1336.051710    261.255651  6 13  6 476       
PG21  11339.268482  10311.876934 -21690.610992    382.491068  3  7  5 476       
PG22  -1106.654724  17633.550412  20241.003587     58.711921  7  7  5 476       
PG23  14403.762174 -19866.674799   9864.562802    679.573181  6  5  4 476       
PG24  15976.926659   1053.557746  20672.965015    162.353611  4  8  7 487       
PG25  19374.753758 -17872.906949  -2226.276469    397.555974  7  7  4 476       
PG26  -7623.372463 -14547.900812 -21068.066432   -388.960113  7  5  6 476       
PG27 -22722.174080 -13162.122537  -5672.562985      0.524158  4  6  4 476       
PG28  -4775.375110 -26101.727312   -789.709608   -441.856702  8 11  5 476       
PG29  14510.409794  -8828.794603 -20489.620822   -261.780843  6  7  6 476       
PG30   1123.651923  26106.730227  -3719.152840    331.266418  9  6 10 479       
PG31 -10219.102889 -21929.099892 -10915.281684   -127.944370  8  6  5 476       
PG32  -7821.904397 -17177.939983  19038.369003    218.681771  4  4  4 476       
*  2026  8 15 19  0  0.00000000
PG01 -15058.102872   2730.184067  21694.703856    196.159864  4 10  5 479       
PG02 -16650.660279  -6705.874948  20129.571641    157.768913  2  9  2 476       
PG03 -22150.739419  10190.753703  10208.828224    321.142311  6  6  7 476       
PG04 -22731.766393   1444.720573 -13783.335447     64.048932  6  8  5 476       
PG05  18012.597426    888.338937 -19678.756431   -235.999718  5  7  6 476       
PG06   4884.532412  26016.915253   -491.981387   -550.056855  7  3 10 479       
PG07  -8369.788993  18189.789555 -16629.237892   -215.821573  8 11  7 476       
PG08 -26153.172628  -5189.530094   2742.820756    372.929760  6  7  1 476       
PG09 -14213.139734  10183.097444 -20125.934459    700.585937  8  9  3 476       
PG10   5939.131296 -19616.976664  16965.647579   -550.729861  3  3  4 476       
PG11  11738.453240  20604.870584 -11990.619898   -241.164285  6  8  5 476       
PG12  22805.957466  -7941.721668  10783.231259   -604.099209  6  5  5 476       
PG13  21640.646406  -7902.760038  13164.598241    429.520710  5 11  6 482       
PG14  -8595.167353  20808.271607  13945.543261    750.230048  7  4  6 476       
PG15  26276.311549   1764.048183   2957.664796    436.837329  4  7  6 476       
PG16 -14294.643847  -8105.262831 -21338.157719    316.569168  5  7  5 476       
PG17  -1222.526898  15885.017402  21581.330627   -188.625170  7  6  3 476       
PG18   7329.931870 -19884.875089 -15760.759001   -279.431095  7  5  8 479       
PG19  11988.060031  17769.347868  16003.787087    704.623807  6  8  4 476       
PG20  24015.809046  10504.939549  -4172.251937    261.264644  8 13  6 476       
PG21   9397.890487  11869.470764 -21818.401615    382.484729  4  7  5 476       
PG22  -2955.194950  18784.226430  18988.593059     58.719103  7  8  6 476       
PG23  15255.038610 -20361.811154   7160.823527    679.576332  6  4  4 476       
PG24  16582.118215   3423.129479  19978.426134    162.369419  3  7  7 486       
PG25  19619.969294 -17670.011995    614.265163    397.552737  7  7  4 476       
PG26  -5914.264066 -16150.830276 -20394.575734   -388.961912  7  5  6 476       
PG27 -21937.439477 -13133.866833  -8332.288411      0.524172  4  6  3 476       
PG28  -4513.756246 -26078.573527   2069.952586   -441.847201  8 11  4 476       
PG29  16535.818912  -7799.535925 -19354.504539   -261.774071  5  7  5 476       
PG30    683.616738  25564.834397  -6459.380007    331.277782  9  7  9 479       
PG31 -10119.016139 -23028.338520  -8351.256492   -127.942032  8  6  5 476       
PG32  -5731.543491 -16517.483730  20326.307080    218.699089  4  4  4 476       
*  2026  8 15 19 15  0.00000000
PG01 -15450.536965    281.079307  21596.463835    196.151261  5 10  4 478       
PG02 -17253.440882  -8761.367283  18817.096769    157.775224  2  9  3 475       
PG03 -21258.537334   9180.806736  12713.883501    321.124128  7  7  7 475       
PG04 -24038.556321    818.051949 -11437.626515     64.049125  6  8  5 475       
PG05  16480.923875   2576.499596 -20846.358238   -236.000348  4  6  5 475       
PG06   4672.544559  25955.429389   2419.208824   -550.048372  7  5 10 479       
PG07  -9054.091131  16168.169790 -18255.001017   -215.824826  9 11  6 475       
PG08 -26258.052063  -5496.589581    -39.584762    372.920577  6  6  1 475       
PG09 -16313.714628   9509.861910 -18819.957426    700.578466  8  8  3 475       
PG10   7338.177943 -20732.321375  14905.923094   -550.724410  2  4  4 475       
PG11  11763.760659  21858.139913  -9509.299389   -241.152398  6  7  6 479       
PG12  21858.645746  -6873.538889  13155.175777   -604.098680  6  4  5 475       
PG13  20633.260443  -6593.436590  15313.255019    429.524874  6 11  5 482       
PG14  -9853.240179  21605.200346  11672.427207    750.229811  6  4  6 475       
PG15  26477.788586   2091.334036    142.322850    436.839786  3  7  6 475       
PG16 -12444.153926  -9606.428145 -21840.092489    316.575138  5  6  4 475       
PG17  -3508.463652  15104.924019  21918.695741   -188.630195  7  7  4 475       
PG18   7898.672678 -18034.384997 -17622.529425   -279.424432  7  6  8 475       
PG19  10158.639024  17170.107330  17769.096174    704.623823  6  8  4 475       
PG20  23331.007601  10571.319263  -6936.494498    261.273580  9 13  6 475       
PG21   7546.012262  13522.866911 -21570.617163    382.478390  4  7  5 475       
PG22  -4616.104658  19933.878784  17420.668085     58.726223  7  8  6 475       
PG23  15851.491791 -20683.661961   4332.039320    679.579474  6  4  4 475       
PG24  17263.495389   5661.402085  18925.284525    162.385222  3  7  7 486       
PG25  19646.572050 -17251.345918   3444.015594    397.549498  7  6  5 475       
PG26  -4341.484371 -17764.358584 -19374.812133   -388.963773  7  4  5 475       
PG27 -20876.469342 -13065.363722 -10853.853637      0.524006  4  6  3 475       
PG28  -4171.014371 -25757.266638   4893.935048   -441.837678  8 10  3 475       
PG29  18474.271402  -6930.939091 -17888.738392   -261.767977  4  7  5 475       
PG30    145.169978  24747.475329  -9086.093590    331.289192  9  8  9 479       
PG31 -10012.636098 -23840.830975  -5642.609233   -127.939748  8  7  6 475       
PG32  -3488.226224 -15936.243879  21274.185690    218.716392  3  3  3 475       
*  2026  8 15 19 30  0.00000000
PG01 -15961.395193  -2112.299863  21126.433572    196.142653  6 10  5 478       
PG02 -17904.967087 -10628.283252  17196.035180    157.781256  3  8  4 475       
PG03 -20234.508296   7923.653659  14996.551609    321.105952  7  7  6 475       
PG04 -25110.731584    337.271381  -8896.678244     64.049362  5  8  4 475       
PG05  14973.494321   4431.788073 -21660.802378   -236.001111  4  6  5 475       
PG06   4371.251446  25588.165334   5288.405340   -550.039903  7  7 10 478       
PG07  -9885.404325  14019.233660 -19546.411827   -215.828233  9 11  5 475       
PG08 -26072.961906  -5740.653115  -2821.347049    372.911459  6  6  1 475       
PG09 -18285.409854   8983.173447 -17193.747745    700.571039  8  8  3 475       
PG10   8502.347888 -21748.410238  12589.932235   -550.718927  2  4  4 475       
PG11  11783.482907  22826.752394  -6864.706518   -241.141731  6  7  5 478       
PG12  20777.919495  -5581.353412  15297.132132   -604.098173  6  4  5 475       
PG13  19544.595615  -5060.698330  17197.400074    429.529056  7 11  5 481       
PG14 -10885.951645  22269.102463   9196.151583    750.229571  6  4  6 475       
PG15  26377.709255   2384.953094  -2675.523677    436.842327  2  7  6 475       
PG16 -10646.399016 -11229.533259 -21980.641608    316.581002  5  4  4 475       
PG17  -5845.860381  14441.753919  21890.944900   -188.634563  7  7  4 475       
PG18   8616.515097 -16030.461283 -19176.322947   -279.416592  7  6  8 475       
PG19   8124.637565  16607.961613  19233.918198    704.623922  6  7  3 475       
PG20  22350.373601  10609.984232  -9581.031081    261.282565 10 13  7 475       
PG21   5817.804589  15236.599363 -20951.406084    382.465211  4  7  5 219       
PG22  -6071.655722  21042.486611  15563.273785     58.734091  7  7  7 475       
PG23  16210.034053 -20795.013116   1427.488329    679.582611  7  4  4 475       
PG24  17993.594155   7730.109259  17534.212842    162.401053  4  6  7 485       
PG25  19482.521090 -16594.188018   6213.174440    397.546255  7  6  5 475       
PG26  -2923.404693 -19347.612718 -18024.725189   -388.965605  7  4  5 475       
PG27 -19550.296368 -12993.565109 -13195.873039      0.523610  4  6  3 475       
PG28  -3713.527389 -25154.880758   7633.567606   -441.828182  8 10  3 475       
PG29  20280.348236  -6219.825459 -16117.661572   -261.761521  3  6  5 475       
PG30   -519.108261  23679.576938 -11552.893764    331.300481 10  8  9 478       
PG31  -9862.330679 -24357.539442  -2835.844853   -127.937512  8  8  6 475       
PG32  -1131.903396 -15458.879531  21866.070094    218.733698  3  2  3 475       
*  2026  8 15 19 45  0.00000000
PG01 -16573.961016  -4404.555966  20292.968085    196.134024  6 10  5 477       
PG02 -18571.239388 -12280.076818  15293.382683    157.787599  4  8  5 474       
PG03 -19123.993242   6421.337165  17016.505179    321.087819  7  7  6 474       
PG04 -25917.571728    -24.325168  -6204.009418     64.049565  5  8  4 474       
PG05  13529.557355   6424.983827 -22108.457630   -236.001839  3  7  5 474       
PG06   3945.742559  24934.402209   8065.886814   -550.032659  8  8  9 474       
PG07 -10865.435420  11792.404180 -20479.590779   -215.831240  9 10  3 474       
PG08 -25595.171920  -5957.184042  -5556.093817    372.902341  5  6  1 474       
PG09 -20084.646806   8589.900800 -15274.912615    700.563601  8  7  4 474       
PG10   9432.003692 -22619.606333  10056.535054   -550.713427  3  4  4 474       
PG11  11759.549253  23501.818160  -4102.353852   -241.131025  6  7  5 478       
PG12  19606.409302  -4067.232345  17170.965310   -604.097757  6  3  4 474       
PG13  18417.140381  -3316.505230  18784.281486    429.533246  8 11  4 481       
PG14 -11699.325052  22761.084736   6559.426787    750.229320  6  5  7 474       
PG15  25978.335695   2680.872636  -5447.682182    436.844802  1  7  6 474       
PG16  -8936.944650 -12944.808292 -21756.328792    316.586686  5  3  3 474       
PG17  -8189.803613  13908.054159  21499.334334   -188.639507  8  8  4 474       
PG18   9491.319036 -13920.133261 -20395.548471   -279.408798  7  6  8 474       
PG19   5918.074927  16113.639790  20372.147683    704.624129  7  7  3 474       
PG20  21085.223316  10658.465798 -12060.126795    261.291559 11 13  8 474       
PG21   4240.876680  16970.343371 -19971.318010    382.465789  4  7  5 474       
PG22  -7311.952596  22068.513565  13447.116527     58.741369  7  7  7 474       
PG23  16355.299352 -20664.255013  -1502.056792    679.585759  7  4  4 474       
PG24  18740.025762   9597.706237  15831.874950    162.416905  4  7  7 485       
PG25  19160.944848 -15683.191735   8872.605852    397.542980  6  6  5 474       
PG26  -1671.128940 -20857.879214 -16366.004198   -388.967485  7  3  5 474       
PG27 -17977.617310 -12953.361506 -15319.982733      0.523353  4  5  4 474       
PG28  -3111.917276 -24296.284530  10241.646353   -441.818652  7 10  3 474       
PG29  21911.269130  -5655.164208 -14071.730393   -261.755279  2  6  5 474       
PG30  -1331.209887  22392.862695 -13816.135785    331.310545  9  8  8 474       
PG31  -9630.480726 -24578.222606     20.414603   -127.934873  8  8  6 474       
PG32   1293.274476 -15103.108796  22091.803137    218.750984  4  2  3 474       
*  2026  8 15 20  0  0.00000000
PG01 -17264.510524  -6554.313496  19110.653121    196.125372  6 10  5 477       
PG02 -19214.845881 -13697.415530  13140.457491    157.793813  5  7  6 474       
PG03 -17972.756616   4685.241883  18737.994915    321.069628  7  8  6 474       
PG04 -26435.553868   -298.542778  -3405.624275     64.049779  5  8  5 474       
PG05  12183.198253   8520.300579 -22181.808128   -236.002241  2  7  5 474       
PG06   3365.791615  24021.486364  10703.639582   -550.024273  8  9  9 474       
PG07 -11987.441372   9538.164933 -21037.621847   -215.834526  8 10  2 474       
PG08 -24829.997747  -6181.780186  -8198.381419    372.893225  5  5  2 474       
PG09 -21672.161757   8309.744079 -13096.003649    700.556178  7  7  4 474       
PG10  10136.242237 -23302.644515   7348.722252   -550.708001  3  5  4 474       
PG11  11653.849741  23883.237751  -1269.685953   -241.120262  6  8  5 477       
PG12  18387.311378  -2341.972474  18743.150546   -604.097362  6  3  3 474       
PG13  17291.821215  -1381.092986  20046.266818    429.537392  9 11  4 480       
PG14 -12307.116772  23045.862319   3808.007679    750.229053  6  5  7 474       
PG15  25290.303530   3014.242134  -8127.364998    436.847339  1  7  6 474       
PG16  -7346.066874 -14716.710689 -21169.513088    316.592714  5  4  2 474       
PG17 -10494.249073  13508.615524  20750.942478   -188.644399  8  8  4 474       
PG18  10522.660883 -11752.254538 -21259.614707   -279.400933  7  6  8 474       
PG19   3577.109878  15712.399657  21162.954458    704.624089  7  6  3 474       
PG20  19555.404163  10752.129828 -14330.862959    261.300542 11 13  8 474       
PG21   2835.373209  18680.360490 -18647.130038    382.459473  4  7  5 474       
PG22  -8335.118564  22970.435889  11107.118041     58.749195  7  7  8 474       
PG23  16318.518432 -20266.768164  -4405.258536    679.588925  7  5  4 474       
PG24  19466.855398  11240.340493  13850.271955    162.432725  5  7  7 485       
PG25  18718.735679 -14511.239701  11374.786063    397.539736  6  5  5 474       
PG26   -588.191499 -22252.147957 -14425.811812   -388.969328  7  3  4 474       
PG27 -16184.214586 -12976.183191 -17191.374811      0.523282  4  5  4 474       
PG28  -2342.389560 -23213.169190  12673.250607   -441.809154  7  9  3 474       
PG29  23328.407719  -5218.670383 -11785.996515   -261.748640  1  5  5 474       
PG30  -2306.597414  20924.647727 -15835.765600    331.321803  9  8  8 474       
PG31  -9281.154768 -24511.426120   2876.285671   -127.932716  8  8  6 474       
PG32   3740.404399 -14879.040878  21947.177105    218.768262  4  2  3 474       
*  2026  8 15 20 15  0.00000000
PG01 -18003.238215  -8525.606069  17600.038238    196.116819  7 10  5 476       
PG02 -19796.368099 -14868.695522  10772.454199    157.799842  5  7  7 474       
PG03 -16825.159879   2735.872125  20130.533915    321.051472  8  8  5 474       
PG04 -26649.207251   -520.872050   -549.243180     64.049935  5  8  5 474       
PG05  10962.143038  10676.568482 -21879.569816   -236.003184  2  8  5 474       
PG06   2607.227010  22883.738774  13156.199457   -550.015874  8  9  8 474       
PG07 -13236.374859   7306.108430 -21210.905355   -215.837662  8 10  1 474       
PG08 -23790.634794  -6448.677416 -10704.370945    372.884131  5  5  3 474       
PG09 -23014.377805   8116.153232 -10693.988845    700.548741  7  6  4 474       
PG10  10632.417258 -23758.383221   4512.921573   -550.702499  4  5  4 474       
PG11  11429.867574  23979.580915   1584.731312   -241.109638  6  9  5 477       
PG12  17162.681719   -424.922377  19985.439585   -604.096937  6  3  2 474       
PG13  16206.419271    717.599250  20961.340085    429.541542  9 11  4 480       
PG14 -12730.107114  23093.238970    989.880666    750.228767  6  6  7 474       
PG15  24332.138165   3417.874291 -10669.923867    436.849727  1  7  6 474       
PG16  -5897.734833 -16505.071832 -20228.443394    316.598431  6  4  1 474       
PG17 -12713.540789  13240.386057  19658.527921   -188.649121  8  8  5 474       
PG18  11701.735590  -9575.724489 -21754.255429   -279.393129  6  7  9 474       
PG19   1144.834175  15422.985171  21591.222327    704.624373  7  7  3 474       
PG20  17788.657621  10922.638682 -16353.893295    261.309528 12 13  9 474       
PG21   1613.366382  20321.088843 -17001.564882    382.453139  5  7  5 474       
PG22  -9147.195599  23708.287003   8581.912350     58.756240  7  6  8 474       
PG23  16136.131401 -19586.043294  -7231.163771    679.592089  7  5  3 474       
PG24  20136.112174  12642.489048  11626.002012    162.448545  5  7  7 484       
PG25  18194.982306 -13079.978682  13674.744375    397.536488  6  5  5 474       
PG26    329.452414 -23488.703188 -12236.414094   -388.971209  7  3  4 474       
PG27 -14202.139852 -13088.738460 -18779.283100      0.523023  5  5  4 474       
PG28  -1387.855623 -21942.825730  14886.518942   -441.799679  7  8  3 474       
PG29  24498.657044  -4885.682595  -9299.514957   -261.742424  1  5  5 474       
PG30  -3453.368702  19316.412402 -17576.087317    331.333043  9  7  7 474       
PG31  -8781.744221 -24174.131785   5681.530363   -127.930566  8  7  6 474       
PG32   6161.382912 -14788.795191  21434.026390    218.785543  4  2  3 474       
*  2026  8 15 20 30  0.00000000
PG01 -18755.428037 -10289.052906  15787.270160    196.108076  8 11  6 476       
PG02 -20275.865921 -15790.293656   8227.957642    157.806036  6  7  7 473       
PG03 -15722.398791    602.260898  21169.482515    321.033383  8  8  4 473       
PG04 -26551.674419   -728.936402   2316.489601     64.050138  5  8  5 473       
PG05   9886.810429  12848.622786 -21206.713920   -236.003696  4  8  5 473       
PG06   1653.059360  21561.106850  15381.439201   -550.007510  8  9  8 473       
PG07 -14589.408356   5143.040047 -20997.319023   -215.840794  7  9  1 473       
PG08 -22497.722466  -6789.312690 -13032.476130    372.875052  5  5  3 473       
PG09 -24084.574701   7977.492182  -8109.652388    700.541306  7  6  4 473       
PG10  10945.329819 -23953.432073   1598.214872   -550.697062  5  5  3 473       
PG11  11054.252681  23807.645227   4412.034939   -241.098936  7  9  4 476       
PG12  15971.778388   1656.544826  20875.430591   -604.096432  5  5  1 473       
PG13  15194.120499   2944.804499  21513.500400    429.545681 10 11  4 480       
PG14 -12995.108315  22879.406008  -1845.606347    750.228509  6  6  7 473       
PG15  23129.501262   3920.848948 -13033.512785    436.852169  3  7  6 473       
PG16  -4608.816089 -18266.435845 -18947.235953    316.604193  6  5  1 473       
PG17 -14803.914814  13092.674478  18240.319265   -188.653978  8  8  5 473       
PG18  13011.600765  -7437.729440 -21871.731393   -279.385284  5  8  9 473       
PG19  -1332.137888  15256.830014  21647.908780    704.624433  8  7  3 473       
PG20  15819.683368  11196.563624 -18094.139309    261.318539 12 13  9 473       
PG21    578.566375  21846.817630 -15062.905151    382.446754  5  6  5 473       
PG22  -9761.759923  24245.166078   5913.288109     58.764090  7  5  8 473       
PG23  15848.194499 -18614.487268  -9930.151372    679.595213  7  6  3 473       
PG24  20709.362072  13797.248286   9199.460136    162.464417  5  7  6 484       
PG25  17629.305111 -11400.003795  15730.972540    397.533222  5  5  5 473       
PG26   1093.137026 -24528.701516  -9834.706282   -388.973074  7  4  4 473       
PG27 -12068.687316 -13311.929805 -20057.418951      0.523116  5  5  4 473       
PG28   -238.793566 -20526.718977  16843.370714   -441.790198  6  7  4 473       
PG29  25395.595414  -4626.286003  -6654.691233   -261.736078  1  5  5 473       
PG30  -4771.725095  17612.216728 -19006.443620    331.344280  9  7  6 473       
PG31  -8104.489093 -23591.073038   8386.495645   -127.928181  8  7  6 473       
PG32   8508.510126 -14826.422689  20560.238250    218.802825  5  2  3 473       
*  2026  8 15 20 45  0.00000000
PG01 -19482.823858 -11822.781185  13703.633466    196.099547  9 11  6 476       
PG02 -20614.394262 -16466.548879   5548.417871    157.812232  7  7  8 473       
PG03 -14700.878142  -1678.967917  21836.519328    321.015254  8  8  4 473       
PG04 -26144.959170   -960.861135   5142.809226     64.050362  6  8  6 473       
PG05   8969.645791  14988.849452 -20174.396961   -236.004415  4  8  5 473       
PG06    494.322575  20097.615717  17341.287818   -549.999133  8  8  7 473       
PG07 -16016.808775   3091.227149 -20402.185463   -215.844179  6  8  1 473       
PG08 -20978.654863  -7230.995459 -15143.978536    372.865950  5  5  4 473       
PG09 -24863.812732   7858.405495  -5386.930145    700.533880  7  6  4 473       
PG10  11106.112524 -23861.585588  -1344.522458   -550.691589  5  5  3 473       
PG11  10498.276190  23391.713031   7163.888946   -241.089304  7  9  4 473       
PG12  14849.522027   3867.890597  21397.025844   -604.096420  5  5  1 473       
PG13  14282.256684   5260.074197  21693.054165    429.549864 10 11  5 479       
PG14 -13133.728521  22388.003756  -4648.653066    750.228266  6  6  7 473       
PG15  21714.203614   4547.286611 -15179.675761    436.854409  4  8  6 473       
PG16  -3488.537350 -19955.549253 -17345.768112    316.610054  7  5  1 473       
PG17 -16724.938024  13047.634786  16519.739699   -188.658926  7  8  6 473       
PG18  14427.749565  -5382.072844 -21610.908758   -279.377428  4  8  9 473       
PG19  -3805.236138  15217.544192  21330.313369    704.624443  8  7  3 473       
PG20  13688.940195  11594.203261 -19521.411655    261.327569 13 13  9 473       
PG21   -273.638832  23213.381383 -12864.509889    382.440358  5  6  5 473       
PG22 -10199.264246  24548.658401   3145.579282     58.771186  7  4  8 473       
PG23  15496.647258 -17353.879603 -12454.856695    679.598368  7  6  3 473       
PG24  21149.276504  14706.278354   6614.003206    162.480253  5  7  6 483       
PG25  17060.165706  -9490.676892  17506.276924    397.530055  4  5  4 473       
PG26   1720.901622 -25337.674568  -7261.636273   -388.974961  7  5  3 473       
PG27  -9825.190452 -13659.983431 -21004.355249      0.522211  5  5  5 473       
PG28   1106.186292 -19008.914167  18510.160582   -441.780769  5  6  4 473       
PG29  26000.410165  -4406.637417  -3896.577521   -261.729702  2  5  5 473       
PG30  -6253.766815  15857.022140 -20101.792626    331.355489  9  7  5 473       
PG31  -7227.826804 -22793.739311  10943.064189   -127.925942  8  6  6 473       
PG32  10736.090603 -14978.134857  19339.678953    218.820052  5  2  4 473       
*  2026  8 15 21  0  0.00000000
PG01 -20145.146116 -13113.060761  11385.007025    196.090944  9 11  6 475       
PG02 -20775.503088 -16909.472274   2777.587060    157.818373  7  7  8 472       
PG03 -13790.791958  -4064.847103  22119.987080    320.997156  8  8  3 472       
PG04 -25439.852933  -1253.625836   7881.633048     64.050532  6  8  6 472       
PG05   8214.761458  17048.832623 -18799.797465   -236.004775  6  8  5 472       
PG06   -869.403150  18539.681280  19002.369764   -549.990775  7  7  6 472       
PG07 -17483.116612   1186.873449 -19438.053147   -215.847730  5  7  2 472       
PG08 -19266.661667  -7795.732624 -17003.605592    372.856888  5  5  4 472       
PG09 -25341.575427   7721.336710  -2572.189803    700.526492  6  6  4 472       
PG10  11150.847381 -23464.998848  -4263.544380   -550.686187  6  6  3 472       
PG11   9739.110520  22762.536566   9793.295312   -241.078607  7  9  3 472       
PG12  13825.140413   6168.569467  21540.764116   -604.095908  4  6  1 472       
PG13  13491.287393   7618.651417  21496.794721    429.554044 11 11  5 479       
PG14 -13180.941844  21610.898588  -7369.934990    750.228030  6  7  7 472       
PG15  20123.026441   5315.329786 -17073.858662    436.857028  5  8  6 472       
PG16  -2538.226273 -21526.953277 -15449.481711    316.615804  7  6  1 472       
PG17 -18440.834701  13081.015067  14525.068530   -188.663791  7  8  6 472       
PG18  15918.986127  -3447.658681 -20977.216707   -279.369608  4  8  9 472       
PG19  -6225.601606  15300.711106  20642.242728    704.624327  8  8  3 472       
PG20  11441.229728  12128.655574 -20610.945641    261.336621 13 13 10 472       
PG21   -955.816040  24379.808401 -10444.241379    382.434036  6  6  5 472       
PG22 -10486.126629  24592.117003    325.007728     58.778836  7  3  8 472       
PG23  15123.512606 -15815.459320 -14761.051767    679.601553  7  6  3 472       
PG24  21421.133325  15379.418868   3915.103143    162.496104  6  7  6 483       
PG25  16523.225238  -7379.580987  18968.548428    397.526850  3  5  4 472       
PG26   2236.628490 -25886.894199  -4561.531003   -388.976760  7  5  4 472       
PG27  -7515.680736 -14139.821339 -21603.856346      0.521653  5  5  5 472       
PG28   2640.093695 -17434.417137  19858.254865   -441.771240  5  5  4 472       
PG29  26302.545685  -4190.442217  -1072.128231   -261.723529  3  6  5 472       
PG30  -7883.624853  14094.991359 -20843.167801    331.366725  9  7  4 472       
PG31  -6137.502650 -21819.106510  13305.593176   -127.923683  7  5  5 472       
PG32  12801.975052 -15222.835696  17792.032762    218.837291  5  3  4 472       
*  2026  8 15 21 15  0.00000000
PG01 -20701.696070 -14154.628747   8871.245739    196.082376  9 11  6 475       
PG02 -20726.672045 -17138.192774    -39.080842    157.824721  7  7  8 472       
PG03 -13014.968412  -6507.572612  22015.105178    320.979031  8  8  2 472       
PG04 -24455.542784  -1641.461984  10486.351322     64.050721  6  7  6 472       
PG05   7617.897226  18981.044954 -17105.860277   -236.005237  6  8  5 472       
PG06  -2429.805075  16934.351922  20336.554338   -549.982402  7  7  6 472       
PG07 -18948.568861   -541.115450 -18124.305775   -215.850693  5  6  3 472       
PG08 -17399.689920  -8499.247472 -18580.067072    372.847797  5  5  4 472       
PG09 -25516.105831   7528.141451    286.534399    700.519070  6  7  4 472       
PG10  11118.970382 -22755.049869  -7107.200593   -550.680690  6  6  3 472       
PG11   8760.886525  21956.090799  12255.379105   -241.067934  7  9  4 472       
PG12  12921.055405   8513.440576  21304.017937   -604.095700  4  7  2 472       
PG13  12834.063301   9973.018158  20928.065515    429.558203 11 11  6 478       
PG14 -13173.523773  20548.640591  -9961.529486    750.227768  6  7  7 472       
PG15  18396.397039   6236.361405 -18685.846270    436.859462  6  8  6 472       
PG16  -1751.351445 -22936.624494 -13289.090035    316.621681  7  5  2 472       
PG17 -19921.656921  13163.145555  12289.041466   -188.668641  6  8  7 472       
PG18  17448.565677  -1667.184731 -19982.489363   -279.361787  4  7  9 472       
PG19  -8545.791789  15494.011271  19594.061275    704.624416  8  8  4 472       
PG20   9124.117752  12805.181075 -21343.840655    261.345711 13 12 10 472       
PG21  -1487.806457  25309.859353  -7843.811875    382.427679  6  6  5 472       
PG22 -10653.594661  24355.758268  -2501.017749     58.786312  7  3  8 472       
PG23  14769.105414 -14019.638016 -16808.461309    679.604695  7  6  3 472       
PG24  21494.193754  15834.005011   1149.508263    162.511947  7  6  6 482       
PG25  16049.824951  -5101.630038  20091.427092    397.523642  2  6  4 472       
PG26   2668.932560 -26154.541287  -1781.334419   -388.978649  6  5  4 472       
PG27  -5185.451292 -14750.698390 -21845.150854      0.521066  6  5  5 472       
PG28   4347.638487 -15847.492399  20864.520113   -441.761621  6  5  3 472       
PG29  26300.052056  -3940.527331   1770.574208   -261.717144  4  6  5 472       
PG30  -9637.923560  12367.837639 -21218.011099    331.377927  8  7  4 472       
PG31  -4827.389754 -20708.144270  15431.816893   -127.921221  6  4  5 472       
PG32  14668.987572 -15532.941693  15942.551628    218.854563  5  4  4 472       
*  2026  8 15 21 30  0.00000000
PG01 -21112.986000 -14950.693287   6205.498219    196.073709  9 11  7 474       
PG02 -20440.631705 -17178.153206  -2855.066581    157.830611  8  7  8 471       
PG03 -12388.027059  -8956.207062  21524.044590    320.960906  7  7  1 471       
PG04 -23218.915770  -2154.355937  12912.594580     64.050931  7  7  6 471       
PG05   7166.703657  20740.519787 -15120.950186   -236.005749  7  8  5 471       
PG06  -4169.993567  15327.547477  21321.407667   -549.973989  7  6  5 471       
PG07 -20370.694568  -2072.026913 -16486.621431   -215.854019  6  6  4 471       
PG08 -15419.123585  -9350.227130 -19846.545277    372.838723  5  5  5 471       
PG09 -25394.422133   7241.734367   3140.341304    700.511690  5  7  4 471       
PG10  11051.527105 -21732.845568  -9824.924600   -550.675212  7  6  3 471       
PG11   7555.487763  21012.142047  14508.135757   -241.057240  7  8  4 471       
PG12  12152.060104  10854.374266  20691.049813   -604.095347  4  7  4 471       
PG13  12315.400127  12274.556658  19996.705171    429.562387 12 11  7 478       
PG14 -13148.417691  19210.580566 -12377.818062    750.227549  6  7  6 471       
PG15  16576.966931   7314.480621 -19990.127026    436.861889  6  8  6 471       
PG16  -1113.867820 -24143.604860 -10900.183572    316.627593  7  5  2 471       
PG17 -21144.259145  13260.133728   9848.391167   -188.673504  5  8  7 471       
PG18  18975.551804    -66.092815 -18644.699184   -279.353933  5  7  9 471       
PG19 -10721.457518  15777.676091  18202.618418    704.624279  8  8  4 471       
PG20   6786.254428  13620.883057 -21707.395140    261.354802 13 12 10 471       
PG21  -1895.759290  25973.396065  -5108.061590    382.421336  6  5  5 471       
PG22 -10736.421992  23827.528967  -5284.640024     58.793718  7  4  8 471       
PG23  14470.324430 -11995.351264 -18561.496581    679.607837  7  6  4 471       
PG24  21342.907136  16093.922961  -1635.570632    162.531348  8  8  5 488       
PG25  15665.657658  -2697.870298  20854.841433    397.520435  3  5  4 471       
PG26   3049.843897 -26126.625163   1030.230526   -388.980557  6  5  4 471       
PG27  -2879.571602 -15484.119300 -21723.143401      0.520861  6  6  5 471       
PG28   6205.635659 -14290.023965  21511.715883   -441.752088  6  4  3 471       
PG29  25999.621507  -3620.451095   4583.112207   -261.710943  5  6  5 471       
PG30 -11486.553568  10713.291962 -21220.373341    331.389115  8  7  3 471       
PG31  -3299.978704 -19504.162004  17283.688888   -127.918995  6  4  5 471       
PG32  16306.185660 -15875.464384  13821.714154    218.871823  5  4  4 471       
*  2026  8 15 21 45  0.00000000
PG01 -21342.332914 -15512.617936   3433.471819    196.065064  9 11  7 474       
PG02 -19896.525259 -17060.079112  -5623.456211    157.836843  8  7  8 471       
PG03 -11915.882203 -11358.509847  20655.864379    320.942799  7  7  2 471       
PG04 -21763.585111  -2816.713605  15118.966708     64.051160  8  6  5 471       
PG05   6841.339423  22286.444086 -12878.417545   -236.006124  7  7  4 471       
PG06  -6064.991575  13762.363126  21940.541899   -549.965558  7  6  5 471       
PG07 -21706.006358  -3393.867443 -14556.307564   -215.857397  7  6  5 471       
PG08 -13368.383087 -10349.826427 -20781.133743    372.829647  6  4  5 471       
PG09 -24992.010172   6827.706974   5940.284861    700.504282  4  7  4 471       
PG10  10989.352316 -20409.343081 -12368.219317   -550.669802  7  6  3 471       
PG11   6123.051881  19972.686963  16513.129273   -241.046518  7  8  5 471       
PG12  11524.821184  13141.986676  19712.925614   -604.095046  6  7  5 471       
PG13  11931.979974  14475.260001  18718.875156    429.566544 12 10  7 477       
PG14 -13141.101687  17614.639998 -14576.343608    750.227267  6  8  6 471       
PG15  14708.141389   8546.247517 -20966.188633    436.864523  7  8  6 471       
PG16   -604.863757 -25111.559108  -8322.731754    316.633464  6  5  3 471       
PG17 -22093.042884  13335.227416   7243.329593   -188.678729  5  8  7 471       
PG18  20456.336016   1338.187949 -16987.590592   -279.346065  6  7  9 471       
PG19 -12712.923230  16125.261250  16491.045629    704.624238  7  8  5 471       
PG20   4475.658759  14564.718264 -21695.330786    261.363859 13 11 10 471       
PG21  -2210.917541  26347.526984  -2284.180636    382.414973  7  5  5 471       
PG22 -10771.401946  23003.708514  -7978.322531     58.801144  7  5  8 471       
PG23  14259.098465  -9779.075988 -19989.891629    679.610961  7  6  4 471       
PG24  20947.904986  16188.450888  -4393.236543    162.547214  9  7  5 487       
PG25  15389.690078   -214.024574  21245.406772    397.517190  4  6  4 471       
PG26   3413.334842 -25797.609626   3823.559791   -388.982477  6  4  4 471       
PG27   -641.401814 -16324.042496 -21238.560570      0.520341  7  6  5 471       
PG28   8183.720129 -12799.981893  21788.785464   -441.742576  5  3  4 471       
PG29  25416.311095  -3196.089350   7317.533069   -261.704447  5  6  5 471       
PG30 -13393.721220   9163.750710 -20850.979805    331.400322  8  7  4 471       
PG31  -1566.511731 -18251.064257  18828.140614   -127.916711  7  5  4 471       
PG32  17689.904567 -16213.320125  11464.793493    218.889061  5  5  3 471       
*  2026  8 15 22  0  0.00000000
PG01 -21357.354877 -15859.300095    602.657177    196.056434 10 11  7 473       
PG02 -19080.867542 -16818.750488  -8297.642663    157.842980  7  6  8 470       
PG03 -11595.610987 -13662.818477  19426.312920    320.924680  7  6  2 470       
PG04 -20128.673910  -3646.237371  17067.733107     64.051381  8  6  5 470       
PG05   6615.362522  23583.613026 -10416.079717   -236.006639  7  6  4 470       
PG06  -8082.537164  12277.502364  22183.858265   -549.957179  7  5  5 470       
PG07 -22911.710393  -4503.510679 -12369.540400   -215.860730  8  7  6 470       
PG08 -11291.451344 -11491.448378 -21367.218693    372.820559  5  4  6 470       
PG09 -24332.202462   6255.853827   8638.205639    700.496880  3  6  4 470       
PG10  10971.251832 -18805.075218 -14691.614824   -550.664350  7  6  3 470       
PG11   4472.160011  18880.321019  18236.131009   -241.035824  7  7  5 470       
PG12  11037.726711  15327.429542  18387.287575   -604.094510  7  7  5 470       
PG13  11672.583647  16529.425180  17116.773170    429.570725 12 10  8 477       
PG14 -13184.024959  15786.742984 -16518.602534    750.227050  6  8  6 470       
PG15  12832.608678   9920.699917 -21598.747938    436.867098  7  8  6 470       
PG16   -197.493778 -25810.196680  -5600.480627    316.639091  6  4  3 470       
PG17 -22760.443763  13350.301031   4516.973943   -188.683680  5  7  8 470       
PG18  21846.259631   2536.680872 -15040.223841   -279.338198  7  8  9 470       
PG19 -14486.603715  16504.714986  14488.420012    704.624235  7  8  5 470       
PG20   2238.034071  15617.838087 -21307.901784    261.372914 13 11 10 470       
PG21  -2468.204072  26417.484475    579.111218    382.408650  7  5  4 470       
PG22 -10795.809609  21889.218168 -10535.639165     58.808642  7  6  8 470       
PG23  14161.050399  -7413.555583 -21069.229488    679.614129  6  6  4 470       
PG24  20296.755891  16150.936448  -7077.635540    162.563141 10  6  5 487       
PG25  15233.383967   2301.156756  21256.671821    397.513995  5  6  5 470       
PG26   3793.752272 -25170.713141   6549.106714   -388.984366  7  4  4 470       
PG27   1488.843588 -17247.369198 -20398.025442      0.520182  7  6  5 470       
PG28  10245.344053 -11410.053219  21691.040074   -441.733056  5  3  4 470       
PG29  24572.961413  -2637.137846   9927.144575   -261.698072  6  6  5 470       
PG30 -15319.229133   7745.157536 -20117.162792    331.411518  7  6  4 470       
PG31    353.247331 -16991.590846  20037.735753   -127.914406  7  5  4 470       
PG32  18804.543770 -16506.822288   8911.335323    218.906335  5  6  4 470       
*  2026  8 15 22 15  0.00000000
PG01 -21131.312898 -16016.268370  -2238.475088    196.047857 10 11  7 473       
PG02 -17988.262673 -16491.614099 -10832.053399    157.849071  6  6  8 470       
PG03 -11415.688898 -15819.904194  17857.500322    320.906530  6  6  3 470       
PG04 -18357.400794  -4653.058292  18725.453734     64.051601  8  5  4 470       
PG05   6456.884253  24603.691204  -7775.623493   -236.007115  7  6  3 470       
PG06 -10184.166736  10905.897272  22047.682593   -549.948771  8  5  5 470       
PG07 -23947.360758  -5406.476344  -9966.538148   -215.864501  9  7  6 470       
PG08  -9231.376040 -12760.813154 -21593.796849    372.811482  6  4  6 470       
PG09 -23445.265299   5501.547114  11187.558212    700.489510  2  6  4 470       
PG10  11032.266349 -16949.486966 -16753.572562   -550.658852  7  5  3 470       
PG11   2619.706676  17776.597978  19647.689588   -241.025098  6  6  4 470       
PG12  10681.084144  17364.160141  16737.993476   -604.094279  7  7  6 470       
PG13  11518.644220  18395.262416  15218.237656    429.574902 13 10  8 476       
PG14 -13305.179917  13759.933937 -18170.753749    750.226831  5  8  5 470       
PG15  10990.915796  11419.637632 -21877.918240    436.869519  7  8  6 470       
PG16    139.831361 -26216.497079  -2780.249797    316.644841  6  4  3 470       
PG17 -23147.140760  13267.414964   1714.718672   -188.688454  6  7  8 470       
PG18  23101.275469   3528.972876 -12836.439908   -279.330308  7  8  8 470       
PG19 -16016.195033  16879.702458  12229.295002    704.624330  6  7  6 470       
PG20    115.179972  16754.247197 -20551.887201    261.381998 13 10  9 470       
PG21  -2704.663917  26177.199503   3432.412213    382.402327  6  5  4 470       
PG22 -10845.809103  20497.618345 -12912.074005     58.816074  8  6  8 470       
PG23  14194.432491  -4946.286434 -21781.349146    679.617264  7  7  5 470       
PG24  19384.462599  16017.363884  -9644.632793    162.579077 11  5  6 486       
PG25  15200.249379   4797.665119  20889.208304    397.510777  6  6  5 470       
PG26   4224.221508 -24257.864601   9158.338830   -388.986259  7  4  5 470       
PG27   3475.432938 -18224.707081 -19214.054532      0.519227  7  7  4 470       
PG28  12349.018649 -10146.489388  21220.233850   -441.723526  4  3  5 470       
PG29  23499.332225  -1918.473814  12367.294296   -261.691710  6  5  4 470       
PG30 -17219.933332   6476.162088 -19032.666486    331.422725  6  6  5 470       
PG31   2431.599116 -15765.618440  20891.202633   -127.912010  8  5  4 470       
PG32  19643.061413 -16715.302813   6204.548907    218.923552  6  6  4 470       
*  2026  8 15 22 30  0.00000000
PG01 -20644.247191 -16014.534188  -5041.292579    196.039212  9 11  7 472       
PG02 -16621.847487 -16117.281121 -13182.897197    157.855359  5  6  7 469       
PG03 -11356.579588 -17784.726890  15977.451749    320.888408  6  6  3 469       
PG04 -16495.519268  -5839.157527  20063.551288     64.051838  9  4  4 469       
PG05   6329.944623  25326.231498  -5001.935105   -236.008016  6  4  3 469       
PG06 -12326.536488   9673.566465  21534.793614   -549.940385  8  5  6 469       
PG07 -24776.391262  -6116.365637  -7390.696212   -215.867834 10  7  6 469       
PG08  -7228.799822 -14136.318336 -21455.722591    372.802409  6  5  6 469       
PG09 -22367.226963   4546.904806  13544.220246    700.482142  1  6  3 469       
PG10  11202.094335 -14879.908267 -18517.311294   -550.653317  6  6  2 469       
PG11    590.454396  16700.442042  20723.623501   -241.014383  4  5  4 469       
PG12  10437.657585  19209.617753  14794.632401   -604.093754  8  7  6 469       
PG13  11445.099185  20036.357891  13056.251050    429.579083 13  9  8 476       
PG14 -13526.869767  11573.218573 -19504.229024    750.226563  6  8  5 469       
PG15   9220.135023  13018.162214 -21799.316557    436.872471  6  7  5 469       
PG16    442.038112 -26315.682200     88.863934    316.650592  6  3  4 469       
PG17 -23261.975801  13050.394376  -1116.442954   -188.693136  6  7  8 469       
PG18  24179.586634   4322.998004 -10414.257680   -279.322461  7  8  8 469       
PG19 -17283.585146  17211.134492   9753.103230    704.624465  5  7  6 469       
PG20  -1856.437633  17941.753800 -19440.466875    261.391013 13  9  9 469       
PG21  -2957.824550  25629.551180   6226.498332    382.395959  6  4  4 469       
PG22 -10954.886421  18850.785945 -15065.817676     58.823254  8  7  7 469       
PG23  14369.374201  -2427.828823 -22114.627552    679.620421  7  7  5 469       
PG24  18213.692478  15824.864444 -12052.431909    162.594997 11  5  6 486       
PG25  15285.747205   7226.045652  20150.544009    397.507581  6  6  5 469       
PG26   4735.091394 -23079.311451  11604.688986   -388.988168  7  4  4 469       
PG27   5288.306885 -19221.388530 -17704.970588      0.518965  7  6  4 469       
PG28  14449.753201  -9028.213820  20384.528796   -441.714033  5  4  5 469       
PG29  22230.986329  -1021.324368  14596.120794   -261.685202  6  5  4 469       
PG30 -19051.315903   5367.585550 -17617.332509    331.433922  6  6  5 469       
PG31   4633.825966 -14608.597363  21373.831260   -127.909522  9  5  5 469       
PG32  20207.152356 -16798.803188   3390.616522    218.940855  6  6  4 469       
*  2026  8 15 22 45  0.00000000
PG01 -19883.864453 -15889.242191  -7757.821081    196.030606  8 10  7 472       
PG02 -14993.435405 -15733.961094 -15308.920803    157.861316  5  6  7 469       
PG03 -11391.651076 -19518.019661  13819.553961    320.870265  6  6  4 469       
PG04 -14589.668146  -7198.100637  21058.805387     64.052040  9  4  3 469       
PG05   6196.058852  25739.410703  -2142.366091   -236.008251  6  3  2 469       
PG06 -14462.931302   8598.751534  20654.345899   -549.931938  9  6  6 469       
PG07 -25367.467469  -6653.992090  -4687.710232   -215.871294 10  7  7 469       
PG08  -5320.570625 -15589.683661 -20953.877024    372.793346  7  5  6 469       
PG09 -21138.490365   3381.704678  15667.268817    700.474779  1  5  3 469       
PG10  11503.744319 -12640.205607 -19951.532292   -550.647799  6  5  2 469       
PG11  -1583.711184  15686.672304  21445.428994   -241.003660  3  5  4 469       
PG12  10283.518375  20826.737940  12591.930750   -604.093452  8  6  6 469       
PG13  11421.506474  21422.932998  10668.351434    429.583250 13  9  8 475       
PG14 -13864.722269   9270.177376 -20496.232459    750.226340  6  8  5 469       
PG15   7552.662324  14685.453519 -21364.112549    436.874626  6  7  5 469       
PG16    745.819606 -26101.886923   2956.364444    316.656546  7  3  4 469       
PG17 -23121.581105  12666.371063  -3928.642887   -188.698342  7  7  7 469       
PG18  25043.201705   4934.506170  -7815.214910   -279.313592  4  8  7 472       
PG19 -18279.440922  17458.837931   7103.441355    704.624261  4  7  6 469       
PG20  -3646.903343  19143.174159 -17992.983404    261.400028 13  9  9 469       
PG21  -3264.039052  24786.281380   8913.179539    382.389614  6  3  4 469       
PG22 -11152.369724  16978.275479 -16958.545296     58.830784  8  7  7 469       
PG23  14687.469917     89.988584 -22064.134242    679.623645  7  7  5 469       
PG24  16794.741225  15610.222338 -14262.136359    162.610852 11  7  5 485       
PG25  15477.541263   9539.173007  19054.945094    397.504393  7  6  5 469       
PG26   5352.489521 -21662.893060  13844.475731   -388.990135  7  3  5 469       
PG27   6904.074675 -20198.714057 -15894.724779      0.519603  7  6  4 472       
PG28  16500.636404  -8066.223120  19198.350583   -441.704553  6  4  6 469       
PG29  20807.962426     65.803834  16575.264919   -261.678920  5  4  3 469       
PG30 -20769.108654   4422.209384 -15896.677107    331.445161  5  6  5 469       
PG31   6919.400205 -13550.190750  21477.726048   -127.907335  9  5  5 469       
PG32  20507.096847 -16719.770043    517.929087    218.958168  7  7  4 469       
*  2026  8 15 23  0  0.00000000
PG01 -18846.142124 -15678.171317 -10341.553191    196.022011  6 10  8 471       
PG02 -13123.344473 -15377.888420 -17172.163518    157.867545  5  5  7 469       
PG03 -11488.377141 -20987.641553  11421.909583    320.852132  6  6  4 469       
PG04 -12685.694085  -8715.097113  21693.764217     64.052303  9  3  3 469       
PG05   6015.877190  25840.450853    754.055027   -236.008957  6  1  1 469       
PG06 -16544.903886   7691.361990  19421.690699   -549.923524 10  7  6 469       
PG07 -25695.613148  -7046.257065  -1904.709232   -215.874608  9  7  6 469       
PG08  -3538.483358 -17086.863514 -20095.251259    372.784313  7  5  6 469       
PG09 -19802.282434   2004.005806  17519.709481    700.467430  1  5  3 469       
PG10  11952.476462 -10279.170242 -21031.024438   -550.642259  5  6  2 469       
PG11  -3864.798823  14764.695007  21800.596906   -240.992941  4  5  5 469       
PG12  10189.169764  22185.243995  10169.064840   -604.093104  8  6  6 469       
PG13  11413.379205  22532.851392   8095.964072    429.587463 13  8  8 475       
PG14 -14326.989028   6897.409983 -21130.120145    750.226157  6  8  4 469       
PG15   6015.184785  16385.758224 -20579.019720    436.877338  5  6  5 469       
PG16   1087.963725 -25578.490113   5771.299291    316.662259  7  2  4 469       
PG17 -22749.721563  12087.231187  -6673.901298   -188.703150  7  7  7 469       
PG18  25659.349838   5386.241118  -5083.664362   -279.305820  2  8  6 472       
PG19 -19003.441909  17583.296533   4327.251351    704.624326  4  7  6 469       
PG20  -5233.809260  20317.743855 -16234.595051    261.409094 13  8  9 469       
PG21  -3656.877750  23667.577832  11446.137025    382.383274  6  2  4 469       
PG22 -11462.098211  14916.380322 -18556.159244     58.838727  8  6  7 469       
PG23  15141.719381   2555.898368 -21631.659378    679.626792  7  7  5 469       
PG24  15145.237943  15408.425927 -16238.253338    162.623357  9  8  5 479       
PG25  15756.083884  11693.915727  17623.058315    397.501189  6  6  5 469       
PG26   6097.052452 -20043.008111  15837.768173   -388.992050  6  3  4 469       
PG27   8306.776210 -21115.382150 -13812.622457      0.518028  7  6  4 469       
PG28  18454.499807  -7263.304113  17682.137908   -441.695068  6  5  6 469       
PG29  19273.285831   1346.470812  18270.529628   -261.672572  5  4  2 469       
PG30 -22330.902609   3634.889873 -13901.372921    331.456414  5  6  5 469       
PG31   9243.430195 -12613.173169  21201.910287   -127.904893  9  5  6 469       
PG32  20561.279406 -16444.687932  -2363.741398    218.975461  7  7  4 469       
*  2026  8 15 23 15  0.00000000
PG01 -17535.626255 -15420.144110 -12748.232750    196.013382  3  9  8 471       
PG02 -11039.903886 -15081.801195 -18738.695225    157.873740  7  5  6 468       
PG03 -11609.771657 -22169.647772   8826.615083    320.833952  6  6  4 468       
PG04 -10827.008748 -10367.385594  21957.065930     64.052521  9  4  3 468       
PG05   5750.894738  25635.706521   3637.453555   -236.009578  7  1  1 468       
PG06 -18523.982798   6952.747077  17858.099080   -549.915097 11  7  7 468       
PG07 -25743.077687  -7324.825853    910.582811   -215.877888  9  7  6 468       
PG08  -1908.201355 -18589.200361 -18892.936364    372.775241  8  5  6 468       
PG09 -18402.999532    420.450101  19069.143894    700.460052  1  6  2 468       
PG10  12555.079632  -7848.713142 -21737.134040   -550.636746  5  6  2 468       
PG11  -6209.964979  13957.412996  21782.833220   -240.982194  5  6  5 468       
PG12  10120.895154  23262.665674   7568.898352   -604.092477  8  5  6 468       
PG13  11383.685287  23352.335400   5383.665830    429.591641 13  7  8 474       
PG14 -14914.156840   4502.875239 -21395.654746    750.225957  7  8  4 468       
PG15   4627.849653  18079.559785 -19456.228465    436.879889  5  5  5 468       
PG16   1503.650012 -24758.081860   8483.247073    316.668384  8  3  5 468       
PG17 -22176.369770  11290.912575  -9304.919940   -188.708132  7  8  7 468       
PG18  26001.705222   5706.861555  -2266.036384   -279.298043  3  8  6 471       
PG19 -19464.147218  17547.386474   1473.917117    704.624460  5  7  6 468       
PG20  -6602.916073  21422.680200 -14195.826412    261.418104 13  7  9 468       
PG21  -4165.631908  22301.342087  13781.726406    382.376916  7  1  4 468       
PG22 -11901.297210  12706.923176 -19829.478840     58.845828  8  6  7 468       
PG23  15716.818895   4920.985899 -20825.618862    679.629972  7  7  5 468       
PG24  13289.606883  15251.310169 -17949.141550    162.639145  8  8  5 479       
PG25  16095.503914  13652.620965  15881.427920    397.497979  6  6  5 468       
PG26   6982.888170 -18259.319452  17549.171918   -388.993942  6  3  5 468       
PG27   9488.375292 -21929.058002 -11492.947846      0.518282  7  6  4 468       
PG28  20265.599977  -6614.076691  15861.989777   -441.685564  6  5  6 468       
PG29  17671.372302   2815.952600  19652.477067   -261.666253  4  4  1 468       
PG30 -23697.680428   2992.987748 -11666.649560    331.467662  5  6  5 468       
PG31  11558.280795 -11812.633038  20552.283229   -127.902451  9  5  6 468       
PG32  20395.390844 -15945.582035  -5204.119140    218.992702  7  7  4 468       
*  2026  8 15 23 30  0.00000000
PG01 -15965.411020 -15153.405146 -14936.602550    196.004727  5  8  8 470       
PG02  -8778.645321 -14873.533842 -19979.320813    157.879991  7  5  6 468       
PG03 -11715.995077 -23049.039164   6078.979396    320.815793  6  6  4 468       
PG04  -9053.042457 -12124.933195  21843.663005     64.052780  8  3  2 468       
PG05   5365.144690  25140.410861   6457.968583   -236.009751  7  1  1 468       
PG06 -20353.385976   6375.800702  15990.392838   -549.906650 12  7  7 468       
PG07 -25499.923278  -7524.663933   3710.642999   -215.881130  8  7  6 468       
PG08   -448.401462 -20054.782501 -17366.013008    372.766150  8  4  6 468       
PG09 -16984.513006  -1353.771309  20288.362497    700.452713  1  6  2 468       
PG10  13309.514263  -5401.945294 -22058.088899   -550.631168  5  6  1 468       
PG11  -8572.957133  13280.393790  21392.179310   -240.971466  6  6  6 468       
PG12  10042.270882  24045.047988   4837.163978   -604.092287  8  5  6 468       
PG13  11294.451697  23876.365010   2578.396697    429.595835 13  7  9 474       
PG14 -15618.883815   2134.194888 -21289.133195    750.225710  7  8  4 468       
PG15   3403.662349  19724.894170 -18013.279408    436.882446  5  5  5 468       
PG16   2024.790251 -23662.058761  11043.324627    316.674117  8  4  5 468       
PG17 -21436.541825  10262.498265 -11775.895007   -188.713068  7  8  7 468       
PG18  26051.377709   5929.647880    589.921234   -279.290175  4  8  5 471       
PG19 -19678.498933  17318.029475  -1405.701004    704.624485  6  7  6 468       
PG20  -7748.493866  22414.834307 -11912.025595    261.427155 13  7  9 468       
PG21  -4813.988555  20722.171076  15879.732597    382.370455  7  1  5 468       
PG22 -12479.710960  10395.817241 -20754.858295     58.853250  7  6  7 468       
PG23  16389.787260   7140.373703 -19660.842671    679.633169  7  7  4 468       
PG24  11258.307221  15166.331868 -19367.404836    162.654952  7  9  5 478       
PG25  16464.753289  15384.361484  13861.905026    397.494790  6  7  5 468       
PG26   8016.817323 -16355.252359  18948.515181   -388.995835  6  3  4 468       
PG27  10448.957731 -22598.025763  -8974.484977      0.518061  7  6  4 468       
PG28  21891.255334  -6105.359989  13769.216722   -441.676096  6  6  6 468       
PG29  16046.384784   4461.209843  20696.952217   -261.660007  5  4  1 468       
PG30 -24835.213531   2477.089843  -9231.628034    331.478919  6  6  5 468       
PG31  13815.298092 -11155.508531  19541.435280   -127.900174  9  6  6 468       
PG32  20041.339921 -15201.326496  -7953.335427    219.009935  8  7  4 468       
*  2026  8 15 23 45  0.00000000
PG01 -14156.799855 -14914.030665 -16869.103370    195.996149  6  7  8 470       
PG02  -6381.198347 -14774.784162 -20870.231837    157.886233  8  5  5 467       
PG03 -11766.066702 -23620.166496   3226.700452    320.797598  6  6  4 467       
PG04  -7397.853287 -13951.425394  21354.943883     64.052994  7  3  2 467       
PG05   4826.807743  24378.086404   9166.627198   -236.010573  8  1  1 467       
PG06 -21989.676588   5945.393584  13850.489587   -549.898214 12  7  7 467       
PG07 -24964.322417  -7682.493699   6448.893194   -215.884634  8  7  6 467       
PG08    829.819925 -21439.960248 -15539.334927    372.757087  8  4  6 467       
PG09 -15588.501283  -3295.288829  21155.849695    700.445362  2  6  3 467       
PG10  14204.933954  -2991.226432 -21989.171216   -550.625632  5  6  1 467       
PG11 -10905.694155  12741.328346  20635.029066   -240.960771  6  7  6 467       
PG12   9915.778947  24527.326756   2021.608948   -604.091814  7  5  5 467       
PG13  11108.409351  24108.745410   -271.366506    429.600013 13  6  9 473       
PG14 -16426.259107   -163.010968 -20813.389019    750.225516  7  8  4 467       
PG15   2348.134996  21278.771184 -16272.874557    436.885005  6  4  4 467       
PG16   2678.488242 -22319.856568  13405.186605    316.679985  9  4  5 467       
PG17 -20568.932206   8995.058202 -14043.336324   -188.717552  7  8  6 467       
PG18  25797.635367   6091.043927   3435.915565   -279.282341  5  8  5 470       
PG19 -19670.982785  16867.689689  -4260.268449    704.624506  6  7  6 467       
PG20  -8673.331046  23252.367938  -9422.738370    261.436203 13  5  9 467       
PG21  -5618.928614  18970.092091  17704.063074    382.364088  6  1  5 467       
PG22 -13199.035576   8031.450954 -21314.714413     58.860968  7  6  7 467       
PG23  17130.897425   9174.735288 -18158.254629    679.636297  7  7  4 467       
PG24   9086.877835  15175.514386 -20470.233638    162.670756  6  8  5 478       
PG25  16828.958313  16865.899381  11600.969307    397.491585  6  7  4 467       
PG26   9197.926621 -14376.351818  20011.417646   -388.997708  6  3  4 467       
PG27  11196.618014 -23082.862537  -6299.934774      0.518009  7  6  4 467       
PG28  23293.375251  -5716.846967  11439.803541   -441.666611  6  7  6 467       
PG29  14440.605232   6261.179955  21385.523074   -261.653532  6  4  1 467       
PG30 -25715.272584   2061.988931  -6638.604234    331.490168  6  6  5 467       
PG31  15966.565180 -10640.471037  18188.330856   -127.897742  9  6  7 467       
PG32  19535.914253 -14198.700317 -10562.854446    219.027171  8  7  5 467       
*  2026  8 16  0  0  0.00000000
PG01 -12138.660086 -14734.430365 -18512.513042    195.987555  7  7  7 469       
PG02  -3893.922708 -14800.111876 -21393.584705    157.892325  8  5  5 466       
PG03 -11719.613623 -23886.779320    319.016627    320.779389  6  6  4 466       
PG04  -5888.945340 -15805.511689  20498.747504     64.053176  6  3  1 466       
PG05   4109.672350  23379.640031  11716.216842   -236.010670  8  2  1 466       
PG06 -23394.300436   5639.114930  11474.869246   -549.889810 13  7  7 466       
PG07 -24142.566955  -7835.230337   9080.385213   -215.888004  8  6  6 466       
PG08   1923.250937 -22700.966479 -13443.202071    372.747998  8  4  5 466       
PG09 -14252.874537  -5373.250837  21656.190442    700.438032  3  6  3 466       
PG10  15222.081155   -666.265292 -21532.739001   -550.620146  6  6  1 467       
PG11 -13159.925298  12339.801817  19524.041433   -240.950073  8  7  6 466       
PG12   9704.452591  24713.362062   -828.876282   -604.091362  7  5  5 466       
PG13  10790.613243  24061.842242  -3116.458671    429.604184 13  6  9 473       
PG14 -17314.371699  -2346.691430 -19977.673753    750.225259  7  8  4 466       
PG15   1459.200399  22698.657213 -14262.623078    436.887632  7  3  4 466       
PG16   3485.691018 -20767.847474  15525.988380    316.685870  9  4  5 467       
PG17 -19614.395571   7490.198439 -16066.877440   -188.722468  6  8  6 466       
PG18  25238.334195   6229.088247   6223.882938   -279.275466  5  8  5 466       
PG19 -19472.483277  16175.647527  -7038.988444    704.624560  6  7  6 466       
PG20  -9388.412909  23896.389535  -6771.011181    261.445259 13  4  8 466       
PG21  -6589.891688  17089.100515  19223.367594    382.357759  7  1  5 466       
PG22 -14052.683234   5662.958798 -21497.946423     58.868339  6  6  6 467       
PG23  17904.873479  10991.583233 -16344.453461    679.639405  7  7  4 466       
PG24   6814.818443  15294.593071 -21239.695891    162.686521  6  8  5 477       
PG25  17150.914859  18082.334934   9138.983755    397.488357  6  7  4 466       
PG26  10517.452984 -12368.570509  20719.728848   -388.999585  6  3  4 466       
PG27  11747.029914 -23348.067962  -3515.231499      0.517868  7  6  4 466       
PG28  24439.823152  -5422.060660   8913.792561   -441.657107  7  7  5 466       
PG29  12892.883794   8187.384879  21705.828297   -261.647067  7  4  1 466       
PG30 -26316.608594   1717.878899  -3932.296420    331.501430  7  6  5 466       
PG31  17966.616307 -10258.154459  16517.871811   -127.895614  9  6  7 466       
PG32  18919.242033 -12933.141774 -12986.393503    219.044416  8  7  5 466       
*  2026  8 16  0 15  0.00000000
PG01  -9946.494418 -14641.998938 -19838.515128    195.978955  7  6  7 469       
PG02  -1366.323602 -14956.219018 -21537.984060    157.898536  8  5  5 466       
PG03 -11538.587451 -23861.723298  -2594.150518    320.761164  6  6  4 466       
PG04  -4546.342716 -17642.261928  19289.267894     64.053370  6  3  1 466       
PG05   3194.385294  22182.174591  14062.138785   -236.011446  8  3  1 466       
PG06 -24534.948591   5428.294816   8903.969941   -549.881372 12  6  7 466       
PG07 -23048.799360  -8018.452145  11562.424554   -215.891417  8  6  5 466       
PG08   2836.559718 -23795.580820 -11112.921632    372.738952  7  4  5 466       
PG09 -13010.354858  -7550.321071  21780.368761    700.430671  5  6  4 466       
PG10  16334.035401   1527.649548 -20698.100440   -550.614738  7  7  1 466       
PG11 -15288.906040  12067.386121  18077.948316   -240.939379  9  7  7 466       
PG12   9373.488203  24615.634870  -3665.127951   -604.091070  7  5  4 466       
PG13  10309.973947  23755.996796  -5907.881509    429.608377 13  7  9 472       
PG14 -18255.161356  -4379.775609 -18797.424472    750.225047  7  8  5 466       
PG15    727.399190  23943.972065 -12014.718047    436.890042  7  3  5 466       
PG16   4460.096138 -19047.946569  17367.283043    316.691734  9  4  4 466       
PG17 -18614.331594   5758.287044 -17810.059220   -188.727302  6  8  6 466       
PG18  24380.040758   6381.792802   8906.755680   -279.267616  4  7  5 466       
PG19 -19118.884929  15228.994300  -9692.596550    704.624564  6  7  6 466       
PG20  -9912.284278  24312.485649  -4002.636102    261.454283 13  3  8 466       
PG21  -7728.240218  15125.557096  20411.573856    382.351481  6  2  6 466       
PG22 -15025.894909   3338.447916 -21300.232159     58.875835  5  6  6 466       
PG23  18672.303264  12566.286211 -14251.206110    679.642509  7  7  4 466       
PG24   4484.342420  15532.386953 -21662.978230    162.702307  5  8  5 476       
PG25  17392.663056  19027.423544   6519.403210    397.485169  6  7  5 466       
PG26  11959.001447 -10376.561544  21061.827532   -389.001426  6  4  4 466       
PG27  12122.709341 -23363.581401   -668.765622      0.517089  7  6  4 466       
PG28  25305.561617  -5189.554547   6234.597799   -441.647597  7  7  5 466       
PG29  11437.225357  10204.834300  21651.824399   -261.640642  7  5  1 466       
PG30 -26625.671658   1411.715488  -1159.071016    331.512723  8  6  5 466       
PG31  19774.040611  -9991.713725  14560.356891   -127.893014  8  7  7 466       
PG32  18233.116241 -11409.164214 -15180.815813    219.061675  8  7  5 466       
*  2026  8 16  0 30  0.00000000
PG01  -7621.263321 -14657.969411 -20824.187712    195.970368  8  4  6 468       
PG02   1150.691490 -15241.552818 -21298.850403    157.904773  7  5  5 465       
PG03 -11188.882881 -23566.303286  -5463.046935    320.742922  6  6  4 465       
PG04  -3381.956472 -19414.779464  17746.847682     64.053601  5  2  1 465       
PG05   2069.439464  20827.561728  16163.225195   -236.011363  8  4  1 465       
PG06 -25386.695288   5279.268403   6181.522047   -549.872964 12  5  7 465       
PG07 -21704.484857  -8264.955745  13855.132226   -215.894920  8  6  5 465       
PG08   3581.974345 -24684.772165  -8588.258124    372.729889  7  4  5 465       
PG09 -11887.269100  -9783.939809  21525.950832    700.423320  5  6  5 465       
PG10  17507.277274   3551.216993 -19501.249950   -550.609313  7  6  2 465       
PG11 -17249.027785  11908.052022  16321.259342   -240.928734 10  8  7 465       
PG12   8891.760308  24254.625388  -6438.560860   -604.090774  6  5  4 465       
PG13   9640.640527  23218.645848  -8597.649799    429.612552 13  8  9 472       
PG14 -19215.514188  -6231.374715 -17293.926453    750.224817  7  7  5 465       
PG15    136.339890  24977.550223  -9565.540612    436.892926  8  2  5 465       
PG16   5607.368236 -17205.987388  18895.824701    316.697295  8  4  4 465       
PG17 -17609.035457   3818.337689 -19241.067874   -188.732231  5  8  5 465       
PG18  23237.844001   6585.528339  11439.211823   -279.259786  5  7  5 465       
PG19 -18649.483006  14023.305115 -12174.311514    704.624788  6  7  5 465       
PG20 -10270.122968  24472.088408  -1165.351716    261.463266 13  3  8 465       
PG21  -9027.044016  13126.506777  21248.330291    382.345158  7  3  6 465       
PG22 -16096.203775   1103.254452 -20724.187586     58.883241  4  6  6 465       
PG23  19391.209797  13882.780929 -11914.865096    679.645663  7  7  4 465       
PG24   2139.039649  15890.416249 -21732.577335    162.718076  4  7  5 476       
PG25  17517.076421  19703.558060   3787.956464    397.481945  6  7  5 465       
PG26  13499.084467  -8442.048488  21032.778270   -389.003205  6  4  4 465       
PG27  12351.991394 -23106.119885   2189.475572      0.516162  7  6  4 465       
PG28  25873.535763  -4984.310077   3448.261564   -441.638123  7  7  5 465       
PG29  10101.568892  12273.192459  21223.925972   -261.634571  8  5  1 465       
PG30 -26637.045020   1108.688109   1633.839947    331.524013  9  6  4 465       
PG31  21352.913527  -9817.682376  12350.854365   -127.890859  8  7  7 465       
PG32  17519.250507  -9640.410189 -17106.973556    219.078935  8  7  5 465       
*  2026  8 16  0 45  0.00000000
PG01  -5208.001805 -14796.512901 -21452.403953    195.961727  9  2  5 468       
PG02   3606.645331 -15646.258920 -20678.652746    157.910840  7  6  5 465       
PG03 -10641.797414 -23029.341665  -8238.916273    320.724688  7  6  4 465       
PG04  -2399.270986 -21075.910300  15897.661407     64.053844  5  2  2 465       
PG05    731.855669  19360.830981  17982.502322   -236.012079  8  5  2 465       
PG06 -25932.869217   5154.834393   3353.829826   -549.864527 11  6  6 465       
PG07 -20137.649727  -8603.441012  15921.946153   -215.897929  8  6  5 465       
PG08   4178.653116 -25334.252178  -5912.777158    372.720811  7  4  5 465       
PG09 -10902.603336 -12027.800577  20897.147564    700.415947  6  6  5 465       
PG10  18703.018417   5372.428564 -17964.478181   -550.603829  7  6  2 465       
PG11 -19001.339586  11838.886267  14283.866610   -240.917998 11  8  7 465       
PG12   8233.182149  23657.903571  -9101.987400   -604.090438  6  5  3 465       
PG13   8763.181178  22483.182101 -11139.613902    429.616756 13  9  9 471       
PG14 -20158.556520  -7877.732991 -15493.881593    750.224599  8  7  6 465       
PG15   -336.576991  25767.015641  -6955.188454    436.895417  8  3  5 465       
PG16   6924.703198 -15289.938714  20084.253269    316.703179  8  5  4 465       
PG17 -16636.080750   1697.545580 -20333.407462   -188.737127  5  8  5 465       
PG18  21834.863140   6873.475265  13778.398726   -279.251918  6  6  5 465       
PG19 -18105.275262  12562.963126 -14440.718409    704.624848  5  7  5 465       
PG20 -10492.561939  24353.626329   1691.985548    261.472282 13  3  7 465       
PG21 -10471.193613  11137.983853  21719.348885    382.338810  7  3  6 465       
PG22 -17234.235303  -1001.695718 -19779.380293     58.890877  4  6  6 465       
PG23  20018.719959  14933.957065  -9375.722090    679.648801  7  7  3 465       
PG24   -177.509740  16362.778881 -21446.440116    162.733859  4  6  5 475       
PG25  17489.402683  20121.427272    991.820081    397.478727  6  7  5 465       
PG26  15107.955931  -6602.340108  20634.346311   -389.005039  6  5  4 465       
PG27  12467.757296 -22560.274580   5008.833955      0.516311  7  6  3 465       
PG28  26135.261225  -4769.276828    602.666027   -441.628665  7  8  5 465       
PG29   8906.808153  14348.165989  20429.034083   -261.627606  8  5  1 465       
PG30 -26353.583006    773.745659   4399.117497    331.535294  9  5  4 465       
PG31  22674.003194  -9707.087678   9928.505768   -127.888193  8  8  7 465       
PG32  16817.540251  -7649.336655 -18730.479349    219.096204  7  6  4 465       
*  2026  8 16  1  0  0.00000000
PG01  -2754.281976 -15064.120187 -21712.137202    195.953104 10  1  5 467       
PG02   5953.335893 -16152.497533 -19686.990184    157.916748  7  6  5 464       
PG03  -9875.279021 -22285.972006 -10874.797118    320.706501  7  6  4 464       
PG04  -1593.363999 -22579.982705  13773.291601     64.054024  5  3  2 464       
PG05   -812.472678  17828.438627  19487.882874   -236.012244  7  5  4 464       
PG06 -26165.625844   5015.853042    469.010742   -549.856209 10  5  6 464       
PG07 -18381.916360  -9057.364283  17730.064832   -215.901565  8  5  4 464       
PG08   4651.764693 -25715.873321  -3133.091437    372.711749  7  4  5 464       
PG09 -10067.357447 -14233.484937  19904.754110    700.408569  6  6  6 464       
PG10  19878.737933   6967.564192 -16115.870987   -550.598359  7  6  3 464       
PG11 -20512.903524  11831.087497  12000.554281   -240.907350 11  8  7 464       
PG12   7377.862111  22858.972253 -11610.391139   -604.089711  7  5  3 464       
PG13   7665.516240  21587.600968 -13490.244558    429.620937 13  9 10 471       
PG14 -21045.094190  -9302.895869 -13428.894220    750.224417  7  7  6 464       
PG15   -719.188857  26286.019375  -4226.926605    436.897914  8  3  5 464       
PG16   8400.761191 -13348.043183  20911.640359    316.708992  7  5  4 464       
PG17 -15728.802935   -569.514843 -21066.486668   -188.742317  6  8  5 464       
PG18  20201.468963   7274.196565  15884.621756   -279.244049  7  6  5 464       
PG19 -17527.210445  10861.124827 -16452.563351    704.624672  4  7  5 464       
PG20 -10614.307517  23943.414504   4520.244786    261.481300 13  4  7 464       
PG21 -12037.838114   9203.368453  21816.642767    382.332452  7  4  7 464       
PG22 -18404.814046  -2941.350277 -18482.191985     58.898204  4  6  6 464       
PG23  20512.766597  15721.705766  -6677.309939    679.651959  7  7  3 464       
PG24  -2423.128165  16936.292651 -20808.050068    162.749616  5  6  6 475       
PG25  17278.698209  20299.373333  -1821.199943    397.475524  6  7  5 464       
PG26  16750.700683  -4889.049088  19874.875991   -389.006921  6  6  3 464       
PG27  12505.959924 -21719.311513   7738.953194      0.515913  7  6  3 464       
PG28  26091.094264  -4506.995203  -2253.286850   -441.618286  6  7  6 468       
PG29   7866.093398  16383.060970  19280.449898   -261.621489  8  5  2 464       
PG30 -25786.252244    373.118812   7090.119542    331.546591  9  5  4 464       
PG31  23715.710173  -9626.772738   7335.778804   -127.886123  8  8  7 464       
PG32  16164.403618  -5466.540457 -20022.385686    219.113450  7  6  4 464       
*  2026  8 16  1 15  0.00000000
PG01   -308.578820 -15459.289999 -21598.664888    195.944430 10  2  5 467       
PG02   8146.612657 -16735.117931 -18340.510657    157.922863  7  7  5 464       
PG03  -8874.917495 -21376.216863 -13326.276460    320.688271  7  6  4 464       
PG04   -951.261544 -23884.509499  11410.202912     64.054233  5  4  3 464       
PG05  -2548.789444  16276.485518  20652.771783   -236.012994  7  5  4 464       
PG06 -26086.199114   4822.923838  -2423.796777   -549.847805  8  5  5 464       
PG07 -16475.369783  -9643.991919  19250.836507   -215.904903  8  5  3 464       
PG08   5031.311042 -25808.809101   -298.021565    372.702700  7  4  5 464       
PG09  -9384.226236 -16352.191030  18565.966452    700.401179  6  6  6 464       
PG10  20989.858749   8321.846153 -13988.714178   -550.592903  7  6  3 464       
PG11 -21757.931088  11851.203649   9510.419684   -240.896636 11  8  7 464       
PG12   6313.015468  21895.911333 -13921.644534   -604.089463  7  6  3 464       
PG13   6343.568142  20572.987182 -15609.367070    429.625159 13 10 10 470       
PG14 -21835.140182 -10499.075270 -11134.886567    750.224168  7  7  6 464       
PG15  -1043.382441  26515.291015  -1426.560371    436.900320  8  3  5 464       
PG16  10015.971338 -11426.961973  21363.881328    316.714663  7  5  4 464       
PG17 -14914.949674  -2942.005594 -21426.100435   -188.747335  7  7  5 464       
PG18  18374.245725   7810.385205  17721.989341   -279.236178  7  5  5 464       
PG19 -16954.469537   8939.332735 -18175.443061    704.624779  3  7  5 464       
PG20 -10672.608655  23236.250520   7270.863931    261.490282 13  5  7 464       
PG21 -13697.130702   7361.857090  21538.655142    382.326081  8  4  7 464       
PG22 -19568.332120  -4687.753042 -16855.529886     58.905759  4  7  6 464       
PG23  20833.760220  16256.634653  -3865.665257    679.655133  7  7  4 464       
PG24  -4558.396231  17590.902644 -19826.455920    162.765423  6  5  6 474       
PG25  16859.104563  20262.481184  -4603.464966    397.472291  6  7  5 464       
PG26  18388.530239  -3327.063200  18769.041718   -389.008758  6  6  3 464       
PG27  12504.008004 -20585.633841  10330.774464      0.515696  6  6  3 464       
PG28  25750.173781  -4161.238412  -5070.513111   -441.608837  7  7  7 467       
PG29   6984.443122  18330.449914  17797.672675   -261.615119  8  5  3 464       
PG30 -24953.685974   -124.217179   9661.620061    331.557882  9  5  4 464       
PG31  24464.710854  -9540.868745   4617.686784   -127.883726  7  8  6 464       
PG32  15591.273941  -3129.749803 -20959.754211    219.130666  6  6  3 464       
*  2026  8 16  1 30  0.00000000
PG01   2081.399381 -15972.537310 -21113.666769    195.935841 10  4  5 466       
PG02  10148.003175 -17362.668791 -16662.660844    157.929051  8  7  5 463       
PG03  -7634.645520 -20343.405155 -15552.190108    320.670085  7  6  4 463       
PG04   -452.615618 -24951.785726   8849.121938     64.054452  5  4  3 463       
PG05  -4453.843020  14748.956051  21456.571221   -236.013573  6  5  5 463       
PG06 -25704.822399   4538.079767  -5275.245788   -549.839423  5  5  5 463       
PG07 -14459.293459 -10373.679721  20460.097186   -215.907976  8  5  2 463       
PG08   5350.738846 -25600.461705   2542.311760    372.693630  8  4  5 463       
PG09  -8847.620063 -18336.487350  16904.077976    700.393795  6  5  6 463       
PG10  21991.494097   9429.733949 -11620.821867   -550.587546  7  6  4 463       
PG11 -22718.655770  11862.563747   6856.214405   -240.885951 11  8  7 463       
PG12   5033.601172  20809.877203 -15997.162468   -604.088830  7  6  3 463       
PG13   4801.604043  19481.900357 -17460.833271    429.629346 13 11  9 470       
PG14 -22489.471577 -11466.703836  -8651.456387    750.223891  7  7  6 463       
PG15  -1343.723812  26443.458594   1398.267457    436.902920  8  4  6 463       
PG16  11743.192401  -9570.008800  21433.924725    316.720438  6  5  4 463       
PG17 -14215.559140  -5374.214304 -21404.788777   -188.751966  8  7  5 463       
PG18  16394.729822   8497.832702  19259.005867   -279.228284  7  5  5 463       
PG19 -16422.852105   6826.797444 -19580.377048    704.624779  4  7  5 463       
PG20 -10705.637566  22235.694028   9896.678530    261.499295 13  7  6 463       
PG21 -15413.253129   5647.105349  20890.277970    382.319767  8  4  7 463       
PG22 -20682.321354  -6220.971490 -14928.392187     58.913154  5  7  6 463       
PG23  20946.168735  16557.464123   -988.563358    679.658254  7  7  4 463       
PG24  -6547.927337  18300.346168 -18516.237394    162.781201  7  4  5 474       
PG25  16210.923787  20041.441206  -7308.267666    397.469056  6  7  6 463       
PG26  19980.228044  -1933.805012  17337.483554   -389.010635  6  6  4 463       
PG27  12499.077921 -19170.877365  12737.528791      0.515442  5  6  3 463       
PG28  25130.037581  -3698.609674  -7800.588038   -441.599337  7  7  8 467       
PG29   6258.682708  20143.884248  16006.083642   -261.608703  8  4  4 463       
PG30 -23881.470965   -745.191893  12070.515156    331.569146  9  5  4 463       
PG31  24916.287441  -9412.356841   1820.990859   -127.881503  7  9  6 463       
PG32  15123.309094   -682.522817 -21526.099846    219.147890  5  5  3 463       
*  2026  8 16  1 45  0.00000000
PG01   4370.352897 -16586.722750 -20265.214772    195.927263 10  5  4 466       
PG02  11926.113589 -17998.704071 -14683.267682    157.935119  9  7  5 463       
PG03  -6157.126477 -19232.489055 -17515.262289    320.651897  6  6  4 463       
PG04    -70.679207 -25750.317669   6134.332746     64.054635  5  5  3 463       
PG05  -6496.598611  13286.050069  21885.072920   -236.013549  7  5  6 463       
PG06 -25040.320560   4126.434093  -8036.601626   -549.831041  3  5  6 463       
PG07 -12376.814361 -11249.397139  21338.460408   -215.911089  8  5  1 463       
PG08   5645.396112 -25087.052797   5337.443981    372.684559  7  4  5 463       
PG09  -8444.024022 -20142.021926  14948.061641    700.386411  6  5  6 463       
PG10  22840.193955  10294.857993  -9053.806379   -550.582148  6  7  5 463       
PG11 -23385.906893  11826.848890   4083.615667   -240.875254 10  9  7 463       
PG12   3542.664239  19643.515150 -17802.485347   -604.088520  7  7  4 463       
PG13   3052.258789  18356.721881 -19013.121101    429.633531 12 11  9 469       
PG14 -22971.157109 -12214.181446  -6021.189077    750.223667  7  6  6 463       
PG15  -1655.953204  26067.597258   4198.849935    436.905503  8  4  6 463       
PG16  13548.696639  -7815.550758  21121.836818    316.726122  5  6  4 463       
PG17 -13644.118893  -7817.163035 -21002.057950   -188.757018  8  6  5 463       
PG18  14307.969445   9344.658248  20469.103955   -279.220451  6  4  5 463       
PG19 -15963.333124   4559.384831 -20644.254756    704.625055  5  6  6 463       
PG20 -10750.845049  20954.020105  12352.722129    261.508292 14  8  6 463       
PG21 -17145.679849   4086.093977  19882.760662    382.313396  8  5  7 463       
PG22 -21703.160847  -7529.688370 -12735.297773     58.920793  5  7  6 463       
PG23  20819.947949  16650.130802   1905.263206    679.661407  7  7  3 463       
PG24  -8361.518010  19033.059786 -16897.402025    162.796983  8  4  6 473       
PG25  15321.458015  19671.232563  -9890.554326    397.465824  6  6  6 463       
PG26  21483.683190   -718.802711  15606.341601   -389.012518  6  6  4 463       
PG27  12526.427758 -17495.627850  14915.697890      0.514126  5  6  3 463       
PG28  24255.927626  -3090.032260 -10396.576445   -441.589897  7  7  8 466       
PG29   5677.713933  21779.585227  13936.519636   -261.602438  8  4  5 463       
PG30 -22601.195216  -1511.449179  14276.488460    331.580420  8  6  3 463       
PG31  25074.339818  -9204.658004  -1006.600243   -127.878521  7  9  6 466       
PG32  14778.373367   1827.292292 -21711.698587    219.165140  4  5  2 463       
*  2026  8 16  2  0  0.00000000
PG01   6516.942186 -17277.691896 -19067.653296    195.918590 10  6  5 465       
PG02  13457.736158 -18603.328057 -12437.959015    157.941140  9  7  5 462       
PG03  -4453.817437 -18088.322668 -19182.677981    320.633723  6  6  3 462       
PG04    226.459085 -26256.025170   3312.900367     64.054753  4  5  4 462       
PG05  -8639.268571  11922.676011  21930.728418   -236.014018  7  5  6 462       
PG06 -24119.387028   3557.716899 -10660.558683   -549.822642  5  6  6 462       
PG07 -10271.498789 -12266.508691  21871.560814   -215.914477  8  4  1 462       
PG08   5950.899438 -24273.866699   8037.548120    372.675536  7  4  4 462       
PG09  -8152.680627 -21729.118742  12732.046041    700.379014  6  4  7 462       
PG10  23495.623984  10929.604254  -6332.307167   -550.576660  5  6  6 462       
PG11 -23759.360955  11705.741156   1240.440005   -240.864523 10  9  7 462       
PG12   1851.375203  18439.343831 -19307.787166   -604.088180  7  7  5 462       
PG13   1116.238047  17238.026405 -20239.853072    429.637798 12 11  9 469       
PG14 -23246.999037 -12757.328450  -3288.936318    750.223333  6  6  6 462       
PG15  -2015.399198  25393.474987   6926.251105    436.907830  8  5  6 462       
PG16  15393.429039  -6195.643709  20434.705091    316.731767  5  6  3 462       
PG17 -13206.046192 -10220.371095 -20224.452905   -188.761992  8  5  5 462       
PG18  12160.956049  10350.829058  21331.107832   -279.212466  5  3  5 462       
PG19 -15600.845920   2178.355648 -21350.154486    704.624798  6  6  6 462       
PG20 -10843.354326  19411.849095  14596.985185    261.517317 14  9  6 462       
PG21 -18850.633362   2698.260869  18533.510772    382.307028  8  5  7 462       
PG22 -22587.845006  -8611.432281 -10315.595286     58.928106  5  6  6 462       
PG23  20431.771638  16566.633814   4766.911682    679.664574  7  7  4 462       
PG24  -9975.132536  19753.305001 -14995.206244    162.812822  8  4  6 473       
PG25  14185.588549  19189.678730 -12307.598731    397.462508  6  6  6 462       
PG26  22857.450051    316.419004  13606.704752   -389.014436  6  7  4 462       
PG27  12617.789864 -15588.766838  16825.915100      0.514021  5  6  3 462       
PG28  23159.811104  -2312.074086 -12813.837828   -441.580556  7  7  8 465       
PG29   5223.105821  23198.046251  11624.742971   -261.596208  7  2  5 462       
PG30 -21149.292242  -2438.358257  16242.629371    331.591667  7  6  3 462       
PG31  24951.086365  -8883.190653  -3817.220020   -127.876217  7  9  6 465       
PG32  14566.334964   4349.270091 -21513.752050    219.182359  4  5  2 462       
*  2026  8 16  2 15  0.00000000
PG01   8485.189921 -18015.201111 -17541.370669    195.910005 10  7  5 464       
PG02  14728.610566 -19134.909786  -9967.437912    157.947395 10  8  5 462       
PG03  -2544.707189 -16953.965009 -20526.582711    320.615570  6  6  3 462       
PG04    474.429653 -26453.167845    433.836587     64.054936  5  5  4 462       
PG05 -10838.620150  10687.167030  21592.790823   -236.014433  7  5  7 462       
PG06 -22975.571563   2807.642112 -13102.040520   -549.814261  7  7  7 462       
PG07  -8185.941117 -13412.818626  22050.252474   -215.917949  9  4  1 462       
PG08   6301.482976 -23175.130763  10594.416177    372.666457  7  4  4 462       
PG09  -7946.567623 -23064.197893  10294.696038    700.371589  6  4  7 462       
PG10  23922.114625  11354.374862  -3503.195133   -550.571275  5  6  6 462       
PG11 -23847.459314  11462.585437  -1624.187219   -240.853824 10  9  7 462       
PG12    -21.231186  17238.170288 -20488.305472   -604.087570  7  7  5 462       
PG13   -978.286550  16163.039670 -21120.226458    429.641978 11 12  9 468       
PG14 -23288.837291 -13118.570167   -501.072694    750.223063  6  6  5 462       
PG15  -2455.373620  24435.473803   9532.190302    436.910635  8  6  6 462       
PG16  17234.482361  -4734.956813  19386.390219    316.737544  4  6  3 462       
PG17 -12898.516397 -12533.697370 -19085.474609   -188.766923  8  4  5 462       
PG18  10000.983622  11507.992763  21829.619646   -279.204634  6  3  5 462       
PG19 -15353.335126   -271.086704 -21687.534900    704.625277  7  6  6 462       
PG20 -11014.455334  17637.467820  16591.120438    261.526364 14 10  5 462       
PG21 -20482.675023   1494.931167  16865.790454    382.300707  8  5  7 462       
PG22 -23295.734371  -9472.439226  -7712.670651     58.935653  5  6  6 462       
PG23  19766.017606  16343.668010   7548.091533    679.667737  6  7  4 462       
PG24 -11371.683468  20422.481004 -12839.893805    162.828624  8  4  5 472       
PG25  12806.079169  18635.928940 -14519.622922    397.459315  6  6  7 462       
PG26  24062.272569   1178.132248  11373.989941   -389.016338  6  7  4 462       
PG27  12799.915846 -13486.471107  18433.779175      0.513173  5  6  3 462       
PG28  21879.154984  -1348.054911 -15010.792614   -441.571905  7  7  9 462       
PG29   4869.984143  24365.482495   9110.816459   -261.589868  7  3  5 462       
PG30 -19565.723974  -3534.260841  17935.998297    331.602886  7  5  2 462       
PG31  24566.471705  -8416.839100  -6563.612483   -127.873955  6  9  6 465       
PG32  14488.707673   6832.221036 -20936.406331    219.199576  4  5  1 462       
*  2026  8 16  2 30  0.00000000
PG01  10245.679315 -18764.095275 -15712.464326    195.901384 11  8  5 464       
PG02  15733.802969 -19551.887591  -7316.631690    157.953569 10  7  5 461       
PG03   -457.740288 -15869.068023 -21524.505486    320.597405  7  6  2 461       
PG04    710.983706 -26334.956637  -2452.775888     64.055127  5  5  4 461       
PG05 -13047.508127   9600.272375  20877.324867   -236.014769  7  6  7 461       
PG06 -21648.015290   1859.051532 -15318.970427   -549.805894  7  7  7 461       
PG07  -6160.387843 -14668.878391  21870.761548   -215.921139  9  4  3 461       
PG08   6728.402261 -21813.534549  12962.414232    372.657373  7  4  4 461       
PG09  -7793.630339 -24120.963228   7678.510808    700.364213  6  4  7 461       
PG10  24090.025247  11596.560772   -614.767262   -550.565896  4  6  6 461       
PG11 -23666.994136  11063.998070  -4460.691571   -240.843169 10  8  7 461       
PG12  -2048.805656  16077.591515 -21324.691267   -604.087379  6  7  5 461       
PG13  -3196.566962  15164.240683 -21639.349529    429.646153 11 12  8 467       
PG14 -23074.669687 -13325.886108   2295.258910    750.222830  5  5  4 461       
PG15  -3005.613240  23216.177171  11969.958958    436.912958  8  6  6 461       
PG16  19026.720243  -3450.025385  17997.140756    316.743349  4  7  4 461       
PG17 -12710.649942 -14709.182516 -17605.341010   -188.771843  8  3  5 461       
PG18   7873.995133  12799.631833  21955.320916   -279.196782  6  4  5 461       
PG19 -15231.110611  -2741.378862 -21652.303373    704.625189  8  5  6 461       
PG20 -11290.257172  15665.868619  18301.083805    261.535379 14 10  4 461       
PG21 -21996.370507    479.066179  14908.314033    382.294387  8  5  7 461       
PG22 -23790.212915 -10127.154555  -4973.075402     58.942795  4  6  6 461       
PG23  18815.475019  16021.095177  10201.892533    679.670872  5  6  4 461       
PG24 -12541.574111  21000.584751 -10466.345061    162.844420  8  4  5 471       
PG25  11193.597959  18048.919685 -16490.361537    397.456071  6  6  7 461       
PG26  25062.515581   1879.900009   8947.267972   -389.018247  6  8  5 461       
PG27  13093.341209 -11230.908304  19710.556444      0.513070  6  6  3 461       
PG28  20455.501282   -188.892588 -16949.636434   -441.562427  7  6  8 461       
PG29   4588.184376  25255.069425   6438.394864   -261.583320  7  4  6 461       
PG30 -17892.549235  -4799.980473  19328.133693    331.614156  6  5  2 461       
PG31  23947.308734  -7779.280964  -9199.869630   -127.871720  5  9  6 464       
PG32  14538.649410   9226.028216 -19990.627222    219.216761  5  5  2 461       
*  2026  8 16  2 45  0.00000000
PG01  11776.502166 -19485.692644 -13612.304235    195.892763 11  9  6 463       
PG02  16477.686315 -19814.579589  -4533.742022    157.960535 10  6  5 464       
PG03   1772.051380 -14868.406804 -22159.701307    320.579258  7  6  2 460       
PG04    974.307015 -25903.824864  -5296.683458     64.055301  5  5  5 460       
PG05 -15216.570232   8674.464637  19797.085268   -236.016093  7  6  7 460       
PG06 -20179.979422    702.790143 -17272.999535   -549.797526  7  7  7 460       
PG07  -4231.438833 -16008.550061  21334.791332   -215.924428  8  5  4 460       
PG08   7258.464235 -20219.406666  15099.385268    372.648288  7  4  4 460       
PG09  -7658.217696 -24881.311026   4929.053906    700.356841  6  4  7 460       
PG10  23976.877050  11689.271635   2284.055215   -550.560480  4  6  7 460       
PG11 -23242.377829  10481.357699  -7219.922692   -240.832493  9  8  7 460       
PG12  -4198.500747  14990.634494 -21803.277761   -604.086743  6  6  6 460       
PG13  -5498.419286  14268.160406 -21788.479610    429.650346 10 12  8 467       
PG14 -22589.549273 -13411.564975   5052.903022    750.222590  4  5  4 460       
PG15  -3690.836369  21765.628299  14195.349303    436.915554  8  7  6 460       
PG16  20724.476455  -2348.854711  16293.088318    316.749244  5  7  4 460       
PG17 -12624.051304 -16702.810259 -15810.595971   -188.776970  7  2  5 460       
PG18   5822.976991  14201.538557  21705.181755   -279.188922  7  5  5 460       
PG19 -15236.519901  -5184.246604 -21246.768175    704.625273  8  5  7 460       
PG20 -11690.550091  13537.543133  19697.701115    261.544366 14 11  3 460       
PG21 -23347.966272   -354.660383  12694.753652    382.288044  7  5  7 460       
PG22 -24040.180829 -10597.401386  -2145.600215     58.950542  3  6  5 460       
PG23  17581.748118  15640.309366  12683.529298    679.673976  4  6  5 460       
PG24 -13482.975166  21447.770879  -7913.631710    162.860206  8  4  5 471       
PG25   9366.461008  17465.869285 -18187.567635    397.452812  6  6  7 460       
PG26  25827.451367   2441.798217   6368.551303   -389.020130  6  8  5 460       
PG27  13511.426338  -8868.686569  20633.750835      0.512424  6  6  3 460       
PG28  18932.897762   1166.345209 -18596.990193   -441.552845  7  5  8 460       
PG29   4343.621831  25847.920003   3653.946305   -261.577083  7  5  6 460       
PG30 -16172.428177  -6228.611468  20395.496028    331.625396  6  5  2 460       
PG31  23126.190476  -6950.128237 -11682.130551   -127.869337  5  8  7 464       
PG32  14701.314179  11483.431088 -18693.938002    219.233971  5  4  3 460       
*  2026  8 16  3  0  0.00000000
PG01  13063.919486 -20139.323519 -11277.001076    195.884091 11  9  6 463       
PG02  16973.526042 -19886.916139  -1669.226458    157.966848 10  6  6 463       
PG03   4103.678332 -13980.603879 -22421.410303    320.561129  7  6  2 460       
PG04   1301.314356 -25171.346857  -8048.367551     64.055484  5  5  5 460       
PG05 -17296.016480   7913.589899  18371.266728   -236.015732  7  6  8 460       
PG06 -18617.222323   -661.723397 -18930.179735   -549.789197  7  8  6 460       
PG07  -2430.866497 -17399.812327  20449.576216   -215.927670  8  6  5 460       
PG08   7912.749266 -18429.584403  16967.475288    372.639227  7  5  5 460       
PG09  -7502.662820 -25335.924824   2094.131319    700.349404  6  4  7 460       
PG10  23568.218236  11669.874912   5144.513734   -550.555065  5  5  7 460       
PG11 -22604.623964   9692.118049  -9854.024289   -240.821825  9  7  7 460       
PG12  -6432.023580  14004.581165 -21916.267453   -604.086407  6  5  6 460       
PG13  -7839.572472  13494.421526 -21565.160200    429.654574  9 12  7 466       
PG14 -21826.228054 -13410.812433   7725.438991    750.222362  3  4  3 460       
PG15  -4529.481179  20120.279167  16167.570998    436.918134  8  7  6 460       
PG16  22283.257912  -1430.880745  14305.643366    316.754754  5  7  4 460       
PG17 -12613.676423 -18476.110394 -13733.575954   -188.781759  7  2  5 460       
PG18   3886.461785  15682.597298  21082.571197   -279.181070  7  5  5 460       
PG19 -15363.943383  -7552.356510 -20479.483521    704.625150  8  5  7 460       
PG20 -12227.920236  11297.076673  20757.152292    261.553374 14 11  2 460       
PG21 -24497.012955  -1019.462870  10263.161390    382.281702  7  5  7 460       
PG22 -24021.320670 -10911.256532    719.681076     58.957842  2  5  5 460       
PG23  16075.341921  15242.555817  14951.053450    679.677139  4  6  5 460       
PG24 -14201.815525  21725.956991  -5224.473602    162.876013  9  4  4 470       
PG25   7350.109837  16920.856066 -19583.458657    397.449634  6  6  7 460       
PG26  26332.356879   2889.402149   3682.058103   -389.021993  6  8  5 460       
PG27  14059.716821  -6449.127929  21187.526387      0.511925  6  6  3 460       
PG28  17356.244418   2710.206040 -19924.474852   -441.543319  7  4  8 460       
PG29   4099.823441  26133.760905    805.918890   -261.570671  7  5  6 460       
PG30 -14447.115058  -7805.595640  21119.844094    331.636626  6  4  2 460       
PG31  22140.213942  -5915.844264 -13969.236096   -127.868060  6  7  7 460       
PG32  14954.538397  13561.683252 -17070.029819    219.251159  6  4  4 460       
*  2026  8 16  3 15  0.00000000
PG01  14102.708541 -20683.962958  -8746.787623    195.876546 11  9  6 466       
PG02  17242.695288 -19738.015324   1225.256262    157.972947 10  7  6 462       
PG03   6491.544694 -13227.092639 -22305.030983    320.543021  7  6  2 459       
PG04   1725.994421 -24157.806912 -10659.937818     64.055694  5  5  6 459       
PG05 -19237.439873   7312.873190  16625.131972   -236.016814  7  7  8 459       
PG06 -17006.285915  -2226.256025 -20261.569072   -549.780799  7  8  6 459       
PG07   -784.591774 -18805.788986  19227.879531   -215.931129  8  6  5 459       
PG08   8705.581813 -16486.025918  18533.860971    372.630131  7  5  5 459       
PG09  -7288.943704 -25484.534587   -777.065673    700.342004  6  4  7 459       
PG10  22858.195504  11578.401013   7918.774780   -550.549671  5  4  7 459       
PG11 -21790.079514   8680.889104 -12317.284211   -240.811082  8  6  6 459       
PG12  -8706.887514  13140.018077 -21661.837384   -604.085703  6  5  6 459       
PG13 -10173.174881  12855.054669 -20973.255729    429.658745  8 11  7 466       
PG14 -20785.525382 -13360.263109  10267.911333    750.222139  3  4  3 459       
PG15  -5532.687719  18321.665604  17850.129170    436.920529  8  8  6 459       
PG16  23661.382210   -687.277800  12070.812820    316.760478  5  7  4 459       
PG17 -12648.989204 -19997.533520 -11411.749353   -188.786962  7  3  5 459       
PG18   2097.196753  17205.848991  20097.262954   -279.173205  7  5  6 459       
PG19 -15600.104144  -9800.908932 -19364.997756    704.625333  8  5  6 459       
PG20 -12907.150682   8991.596243  21461.365983    261.562337 13 12  1 459       
PG21 -25407.873687  -1535.737251   7655.317585    382.275364  6  4  6 459       
PG22 -23717.086492 -11101.687349   3572.372027     58.965359  2  5  5 459       
PG23  14315.426366  14867.264381  16966.024912    679.680281  4  6  5 459       
PG24 -14711.476730  21800.414150  -2444.597009    162.891864  9  5  3 470       
PG25   5176.342255  16443.527022 -20655.101549    397.446415  6  6  8 459       
PG26  26559.385654   3252.580649    933.465526   -389.023900  6  7  5 459       
PG27  14735.650072  -4022.443334  21362.972699      0.511683  6  6  3 459       
PG28  15769.619254   4426.944588 -20909.201105   -441.533789  7  3  8 459       
PG29   3819.558773  26111.280349  -2056.130619   -261.564459  6  6  6 459       
PG30 -12755.992153  -9509.085525  21488.539162    331.647873  6  4  2 459       
PG31  21029.563158  -4670.407266 -16023.334272   -127.865726  6  6  7 459       
PG32  15269.828256  15424.018255 -15148.257791    219.268304  6  4  4 459       
*  2026  8 16  3 30  0.00000000
PG01  14896.182379 -21079.893568  -6065.323696    195.867899 11  9  7 465       
PG02  17313.561822 -19343.531981   4097.904540    157.979286 10  7  6 462       
PG03   8886.973646 -12621.356894 -21812.205468    320.524885  7  6  3 459       
PG04   2277.873021 -22891.435798 -13085.994208     64.055893  5  6  6 459       
PG05 -20995.575423   6859.276582  14589.527124   -236.016570  6  7  8 459       
PG06 -15392.756585  -3973.861922 -21243.757895   -549.772405  7  8  5 459       
PG07    688.146968 -20185.973089  17687.928911   -215.934481  7  7  6 459       
PG08   9643.794345 -14434.226554  19771.360791    372.621031  6  6  5 459       
PG09  -6980.356671 -25335.832179  -3634.835616    700.334600  6  5  7 459       
PG10  21849.816614  11455.873880  10560.659815   -550.544265  6  4  6 459       
PG11 -20838.958425   7440.242275 -14566.948007   -240.800341  7  5  7 459       
PG12 -10977.818981  12410.142839 -21044.162542   -604.085339  6  4  6 459       
PG13 -12451.402650  12354.116091 -20022.883860    429.662938  8 11  7 465       
PG14 -19476.408833 -13296.450925  12637.534779    750.221930  2  4  3 459       
PG15  -6703.576878  16414.858581  19211.635946    436.923297  8  8  6 459       
PG16  24821.486467   -101.589178   9628.460712    316.766522  4  7  4 459       
PG17 -12695.354075 -21243.538757  -8886.947709   -188.791720  6  4  5 459       
PG18    481.030478  18729.801554  18765.332192   -279.165376  8  5  6 459       
PG19 -15924.672948 -11889.115683 -17923.515646    704.625568  8  5  6 459       
PG20 -13724.931437   6669.130509  21798.318958    261.571295 13 12  1 459       
PG21 -26051.059662  -1930.075836   4916.016316    382.269039  5  4  6 459       
PG22 -23119.379338 -11205.012153   6362.695166     58.973093  3  5  5 459       
PG23  12329.286348  14550.457859  18694.134086    679.683411  3  5  5 459       
PG24 -15032.191722  21641.278576    378.002612    162.907708 10  7  4 469       
PG25   2882.323409  16057.979164 -21384.736108    397.443213  6  6  8 459       
PG26  26498.187585   3564.146767  -1830.836411   -389.025829  5  7  5 459       
PG27  15528.617994  -1637.890720  21158.209817      0.511532  5  6  3 459       
PG28  14214.647698   6292.938904 -21534.165542   -441.524260  7  4  7 459       
PG29   3466.503692  25788.133717  -4882.428378   -261.557917  6  7  6 459       
PG30 -11134.696513 -11310.583327  21494.772591    331.659111  6  5  3 459       
PG31  19836.001842  -3215.699755 -17810.432437   -127.863571  7  5  7 459       
PG32  15613.602599  17040.867238 -12963.038354    219.285582  6  4  5 459       
*  2026  8 16  3 45  0.00000000
PG01  15455.880781 -21290.332793  -3278.936782    195.859257 11  9  7 465       
PG02  17220.104103 -18686.723968   6897.804977    157.984592 10  6  6 458       
PG03  11239.853857 -12168.474283 -20950.814931    320.506753  7  6  4 458       
PG04   2980.657380 -21407.345827 -15284.440334     64.056115  5  6  6 458       
PG05 -22529.937283   6532.192524  12300.296193   -236.017396  6  7  8 458       
PG06 -13819.567484  -5879.326138 -21859.304974   -549.763994  7  7  4 458       
PG07   1975.399776 -21497.613089  15853.281741   -215.938268  5  7  6 458       
PG08  10726.314890 -12321.509318  20658.916015    372.611952  6  6  5 458       
PG09  -6543.135467 -24907.049019  -6429.842836    700.327201  6  5  7 458       
PG10  20554.899409  11342.627100  13026.336250   -550.538821  6  4  6 458       
PG11 -19793.734761   5971.206182 -16563.980055   -240.789621  6  6  6 458       
PG12 -13198.270959  11820.350988 -20073.357551   -604.084886  6  3  7 458       
PG13 -14627.110201  11987.620663 -18730.246558    429.667147  7 11  7 464       
PG14 -17915.785071 -13254.292900  14794.366269    750.221698  2  5  2 458       
PG15  -8036.867348  14446.755058  20226.527689    436.925814  8  8  6 458       
PG16  25731.852656    349.355348   7021.532086    316.772025  4  7  5 458       
PG17 -12715.600900 -22199.349983  -6204.511471   -188.797189  6  5  6 458       
PG18   -943.936845  20209.939531  17108.940609   -279.157515  8  5  6 458       
PG19 -16311.139090 -13781.512209 -16180.485807    704.626169  8  4  6 461       
PG20 -14669.889515   4376.943059  21762.236014    261.580284 13 12  3 458       
PG21 -26404.341895  -2234.041908   2092.300023    382.262649  4  4  6 458       
PG22 -22228.887395 -11259.252629   9042.393408     58.980083  4  5  5 458       
PG23  10151.475805  14323.293349  20105.766861    679.686539  4  5  5 458       
PG24 -15190.160855  21224.919200   3193.885956    162.923448 10  8  3 468       
PG25    509.410030  15781.850226 -21760.035401    397.440010  7  6  8 458       
PG26  26146.259348   3858.416709  -4564.480465   -389.027707  5  6  5 458       
PG27  16420.378140    658.003409  20578.335086      0.510705  5  6  3 458       
PG28  12728.978230   8277.416000 -21788.546471   -441.514796  7  4  7 458       
PG29   3006.868719  25180.607242  -7623.877065   -261.551700  5  7  6 458       
PG30  -9613.888676 -13175.835524  21137.712530    331.670361  5  5  3 458       
PG31  18601.328208  -1561.612276 -19300.892993   -127.861150  8  4  7 458       
PG32  15948.636107  18390.784179 -10553.165067    219.302779  6  5  6 458       
*  2026  8 16  4  0  0.00000000
PG01  15800.944574 -21282.960007   -435.811903    195.850642 11 10  7 464       
PG02  17000.325116 -17759.195164   9575.908389    157.990755 10  6  6 457       
PG03  13500.349228 -11864.981144 -19734.883843    320.488722  7  6  5 457       
PG04   3851.116674 -19746.207926 -17217.231833     64.056411  4  7  6 457       
PG05 -23806.269482   6304.441210   9797.608524   -236.019204  5  7  8 457       
PG06 -12325.408277  -7909.936454 -22097.073933   -549.755478  7  7  3 457       
PG07   3072.858337 -22697.220522  13752.612588   -215.941415  4  7  7 457       
PG08  11944.093062 -10195.264185  21181.932780    372.602886  6  6  5 457       
PG09  -5947.951789 -24223.215257  -9113.977676    700.319713  6  6  7 457       
PG10  18993.712916  11276.664574  15274.964214   -550.533333  7  4  5 457       
PG11 -18697.459445   4283.432129 -18273.757357   -240.778952  6  6  6 457       
PG12 -15321.991053  11368.117790 -18765.336736   -604.084386  6  3  7 457       
PG13 -16655.461647  11743.792297 -17117.362399    429.671374  6 11  7 464       
PG14 -16128.007962 -13265.640912  16701.936438    750.221477  2  5  1 457       
PG15  -9518.856206  12464.282092  20875.661838    436.928305  7  8  6 457       
PG16  26367.504631    694.280730   4295.258680    316.777960  4  7  5 457       
PG17 -12671.691447 -22859.352373  -3412.375089   -188.802007  6  6  6 457       
PG18  -2167.903481  21600.377275  15156.009080   -279.149743  8  6  6 457       
PG19 -16727.909644 -15449.061675 -14166.123992    704.625225  7  3  6 457       
PG20 -15722.938195   2159.901168  21353.687502    261.589474 12 12  3 457       
PG21 -26453.596576  -2482.752161   -767.343900    382.256270  3  4  6 457       
PG22 -21055.084237 -11302.448880  11565.573141     58.987592  5  5  5 457       
PG23   7822.704319  14210.790439  21176.504541    679.689629  5  5  5 457       
PG24 -15216.411396  20535.097352   5953.071010    162.939273 10  9  3 468       
PG25  -1898.173708  15625.649060 -21774.301652    397.436851  6  6  8 457       
PG26  25509.017787   4169.730343  -7221.839017   -389.029698  4  6  5 457       
PG27  17385.789526   2823.083608  19635.219930      0.510624  5  7  3 457       
PG28  11344.922775  10343.459915 -21667.894182   -441.505365  7  5  6 457       
PG29   2410.925820  24312.954224 -10232.933415   -261.545305  5  7  6 457       
PG30  -8218.208257 -15065.954154  20422.565520    331.681644  5  5  4 457       
PG31  17365.844823    274.141034 -20469.869659   -127.858852  8  5  7 457       
PG32  16235.640805  19461.047891  -7961.060879    219.320041  6  5  6 457       
*  2026  8 16  4 15  0.00000000
PG01  15957.198052 -21031.282567   2414.854326    195.841956 11 10  7 463       
PG02  16694.539190 -16561.291428  12085.927537    157.996751  9  6  6 457       
PG03  15620.611493 -11699.065607 -18184.392115    320.470524  7  6  5 457       
PG04   4898.243903 -17952.724511 -18851.045200     64.056618  4  7  7 457       
PG05 -24797.754263   6143.528688   7125.214597   -236.019397  4  6  8 457       
PG06 -10943.304958 -10026.556708 -21952.461886   -549.747029  7  7  3 457       
PG07   3983.935536 -23742.152306  11419.414452   -215.944768  3  7  7 457       
PG08  13280.363615  -8101.211575  21332.481453    372.593767  5  5  5 457       
PG09  -5171.238532 -23316.132207 -11641.185388    700.312289  6  7  7 457       
PG10  17194.325801  11292.122003  17269.294727   -550.527882  7  4  5 457       
PG11 -17592.067693   2395.021732 -19666.682584   -240.768252  6  6  6 457       
PG12 -17304.590090  11043.179964 -17141.592838   -604.084192  6  4  7 457       
PG13 -18495.482427  11603.622222 -15211.703864    429.675522  5 11  7 463       
PG14 -14144.120629 -13357.953568  18327.833357    750.221257  3  5  1 457       
PG15 -11127.771113  10512.594613  21146.770617    436.930779  7  8  6 457       
PG16  26711.043028    966.118856   1496.362671    316.783652  3  6  5 457       
PG17 -12526.413389 -23227.118373   -560.117223   -188.807303  6  7  6 457       
PG18  -3189.591435  22855.592853  12939.779503   -279.141914  8  7  7 457       
PG19 -17139.593223 -16870.016810 -11914.882294    704.625431  7  2  7 457       
PG20 -16857.932689     58.940887  20579.582945    261.598449 12 12  5 457       
PG21 -26193.351631  -2713.322213  -3613.811038    382.249933  3  4  6 457       
PG22 -19615.893157 -11371.006590  13889.474250     58.995134  6  5  5 457       
PG23   5388.494192  14230.794152  21887.550951    679.692786  5  4  5 457       
PG24 -15145.439972  19563.860032   8605.992570    162.955115 10 10  5 467       
PG25  -4294.765795  15592.349026 -21426.595397    397.433630  6  6  8 457       
PG26  24599.597941   4530.986232  -9758.715090   -389.031626  4  5  6 457       
PG27  18393.834937   4820.999918  18347.169168      0.510272  4  7  2 457       
PG28  10088.314040  12449.264412 -21174.212214   -441.495866  8  6  5 457       
PG29   1654.371813  23216.431558 -12664.452179   -261.538972  4  7  6 457       
PG30  -6965.455741 -16938.727556  19360.549027    331.692892  4  6  5 457       
PG31  16166.895514   2266.488579 -21297.681448   -127.856490  8  6  7 457       
PG32  16434.920091  20247.924002  -5231.985045    219.337300  6  5  6 457       
*  2026  8 16  4 30  0.00000000
PG01  15955.975930 -20515.785970   5223.719670    195.833308 11 10  7 463       
PG02  16343.609417 -15102.142844  14385.138478    158.003132  9  7  6 456       
PG03  17556.434294 -11651.084385 -16324.994895    320.452348  7  6  6 456       
PG04   6122.732324 -16073.960004 -20157.854692     64.056864  3  8  7 456       
PG05 -25485.932660   6013.112307   4329.646622   -236.019027  2  6  7 456       
PG06  -9699.426372 -12184.962555 -21427.513811   -549.738602  7  6  3 456       
PG07   4719.557999 -24592.214867   8891.606328   -215.948368  3  7  7 456       
PG08  14711.231366  -6081.762242  21109.354255    372.584668  5  5  5 456       
PG09  -4196.284814 -22223.100593 -13968.249325    700.304866  7  8  6 456       
PG10  15191.686375  11417.881370  18976.215534   -550.522346  7  5  4 456       
PG11 -16516.744564    332.022814 -20718.704698   -240.757528  6  5  5 456       
PG12 -19105.056610  10828.012445 -15228.894803   -604.083466  6  5  7 456       
PG13 -20111.473317  11541.714067 -13045.744667    429.679716  5 11  8 462       
PG14 -12000.857097 -13553.136490  19644.231432    750.221023  3  5  2 456       
PG15 -12834.483251   8633.349484  21034.753801    436.933378  7  8  6 456       
PG16  26753.195589   1200.528316  -1327.727732    316.789554  3  6  5 456       
PG17 -12245.028489 -23315.069454   2301.998552   -188.812250  6  8  6 456       
PG18  -4016.134362  23932.175038  10498.270127   -279.134102  8  8  7 456       
PG19 -17508.419616 -18030.514472  -9464.873513    704.625541  7  3  7 456       
PG20 -18042.607990  -1890.314270  19453.060639    261.607422 11 12  5 456       
PG21 -25627.013441  -2963.235682  -6398.218495    382.243569  3  5  6 456       
PG22 -17937.038823 -11498.141624  15975.155954     59.002431  6  5  4 456       
PG23   2897.654419  14393.212852  22226.079164    679.695911  6  4  5 456       
PG24 -15013.690034  18312.116935  11104.497756    162.970951  9 10  4 466       
PG25  -6634.755001  15677.260065 -20721.795097    397.430465  6  6  8 456       
PG26  23438.386158   4972.242331 -12133.001689   -389.033520  3  6  6 456       
PG27  19408.879898   6622.382481  16738.459107      0.510406  4  7  2 456       
PG28   8977.623644  14549.582967 -20315.927925   -441.486378  8  7  4 456       
PG29    719.473705  21928.076489 -14876.480147   -261.532713  3  6  6 456       
PG30  -5866.032681 -18750.075924  17968.771482    331.704180  4  6  6 456       
PG31  15037.519100   4383.733980 -21770.121393   -127.853937  8  7  7 456       
PG32  16508.028660  20756.584247  -2413.212307    219.354516  6  5  7 456       
*  2026  8 16  4 45  0.00000000
PG01  15832.741671 -19724.821937   7942.165903    195.823609 11  9  7 458       
PG02  15987.211451 -13399.361669  16435.072938    158.009271  8  8  6 455       
PG03  19268.788380 -11694.387325 -14187.650617    320.434189  7  5  6 455       
PG04   7516.786509 -14157.596066 -21115.407288     64.057115  3  8  7 455       
PG05 -25861.304286   5874.612620   1459.380856   -236.019267  1  5  7 455       
PG06  -8612.165637 -14337.389674 -20530.918329   -549.730111  7  5  4 455       
PG07   5297.667594 -25211.232450   6211.041065   -215.951582  2  7  8 455       
PG08  16206.547550  -4174.539343  20517.986409    372.575570  5  6  5 455       
PG09  -3014.061437 -20985.456090 -16055.515644    700.297484  7  8  6 455       
PG10  13026.466365  11676.385177  20367.241150   -550.516850  7  4  4 455       
PG11 -15506.413480  -1872.386897 -21411.737544   -240.746831  6  5  5 455       
PG12 -20687.163678  10698.585471 -13058.905530   -604.083153  5  6  7 455       
PG13 -21474.233764  11527.383956 -10656.423421    429.683887  4 11  8 462       
PG14  -9739.437454 -13866.593910  20628.358392    750.220815  3  6  2 455       
PG15 -14603.551405   6863.135866  20541.798836    436.935902  6  7  6 455       
PG16  26493.071610   1434.340063  -4129.639642    316.795384  2  6  6 455       
PG17 -11796.805954 -23143.796111   5123.968579   -188.817040  6  8  6 455       
PG18  -4662.629004  24790.513544   7873.631494   -279.126278  8  9  8 455       
PG19 -17795.743680 -18924.887146  -6857.259007    704.625628  6  4  7 455       
PG20 -19239.764065  -3658.729459  17993.274519    261.616466 11 12  6 455       
PG21 -24766.764904  -3268.700270  -9072.739936    382.237202  3  5  6 455       
PG22 -16051.119016 -11712.480692  17788.090850     59.009863  6  5  4 455       
PG23    400.625130  14699.562227  22185.490641    679.699066  6  4  5 455       
PG24 -14857.927305  16789.863863  13402.850813    162.986739  9 10  5 466       
PG25  -8874.079528  15868.186874 -19670.583794    397.427297  6  5  8 455       
PG26  22052.306978   5519.430312 -14305.304486   -389.035428  3  6  6 455       
PG27  20392.109947   8205.715455  14838.773094      0.509869  4  8  2 455       
PG28   8023.374871  16597.321019 -19107.752526   -441.476846  8  8  4 455       
PG29   -404.049404  20489.273717 -16830.985355   -261.526456  3  6  7 455       
PG30  -4922.664141 -20455.600844  16270.017117    331.715495  3  6  7 455       
PG31  14005.266163   6588.531848 -21878.696754   -127.851689  8  8  7 455       
PG32  16419.373627  21000.693833    446.799034    219.371800  6  5  7 455       
*  2026  8 16  5  0  0.00000000
PG01  15625.552434 -18655.198702  10523.155537    195.815016 11  9  7 457       
PG02  15662.194024 -11478.419627  18202.094460    158.015501  8  9  5 455       
PG03  20725.180566 -11796.422500 -11808.159055    320.415960  6  5  6 455       
PG04   9064.274288 -12250.180946 -21707.588219     64.057279  2  8  7 455       
PG05 -25923.586643   5688.905997  -1436.021439   -236.019852  1  5  7 455       
PG06  -7691.534210 -16434.235304 -19277.882706   -549.721664  7  3  5 455       
PG07   5742.438384 -25568.518703   3422.909985   -215.955086  1  7  8 455       
PG08  17731.035997  -2411.119157  19570.249740    372.566462  5  6  5 455       
PG09  -1623.746487 -19646.970276 -17867.548398    700.290041  6  8  6 455       
PG10  10743.707705  12082.690726  21418.943701   -550.511367  7  4  3 455       
PG11 -14590.407386  -4178.996237 -21733.969023   -240.736084  7  5  5 455       
PG12 -22020.717058  10625.377522 -10667.721036   -604.082652  5  6  8 455       
PG13 -22562.048318  11525.974139  -8084.531270    429.688063  3 11  9 461       
PG14  -7404.197755 -14306.527717  21262.893324    750.220596  3  6  2 455       
PG15 -16394.550251   5232.134535  19677.323622    436.938262  6  7  5 455       
PG16  25938.119880   1703.986875  -6862.785088    316.801112  2  6  6 455       
PG17 -11156.379364 -22741.072800   7856.957976   -188.822037  5  8  6 455       
PG18  -5151.365037  25396.363444   5111.413067   -279.118443  8 10  8 455       
PG19 -17963.580393 -19555.684925  -4135.607449    704.625452  6  5  7 455       
PG20 -20408.654173  -5224.585308  16225.081018    261.625494 10 13  6 455       
PG21 -23633.138563  -3663.054813 -11591.423050    382.230836  3  5  6 455       
PG22 -13996.438513 -12036.868113  19298.662801     59.017203  6  4  3 455       
PG23  -2052.248381  15142.835947  21765.579983    679.702205  6  5  5 455       
PG24 -14713.584356  15016.030792  15458.717136    163.002487  8  9  5 465       
PG25 -10971.685336  16145.871931 -18289.358967    397.424102  5  5  8 455       
PG26  20473.889799   6193.227116 -16239.523467   -389.037320  3  6  6 455       
PG27  21303.082641   9557.884149  12682.554549      0.509782  4  8  1 455       
PG28   7227.872500  18545.209759 -17570.432580   -441.467343  8  8  5 455       
PG29  -1718.442090  18944.170929 -18494.508515   -261.519988  3  6  7 455       
PG30  -4130.417594 -22012.173149  14292.433986    331.726795  3  6  7 455       
PG31  13091.220349   8839.075426 -21620.797114   -127.849217  8  8  7 455       
PG32  16137.696507  21001.689954   3299.235014    219.389031  5  5  7 455       
*  2026  8 16  5 15  0.00000000
PG01  15373.431997 -17312.449537  12922.059425    195.806375 11  8  7 457       
PG02  15401.098326  -9371.740119  19657.855985    158.021576  8  9  5 454       
PG03  21900.784207 -11920.083875  -9226.612504    320.397724  6  5  6 454       
PG04  10741.212026 -10395.441793 -21924.672189     64.057515  1  8  6 454       
PG05 -25681.628071   5418.030241  -4306.777937   -236.019941  1  5  7 454       
PG06  -6938.894023 -18425.847111 -17689.887450   -549.713244  8  5  5 454       
PG07   6083.227426 -25640.189356    575.044178   -215.958565  1  6  8 454       
PG08  19245.618339   -816.035572  18284.130534    372.557381  5  6  5 454       
PG09    -32.932657 -18252.179372 -19373.705716    700.282652  6  8  6 454       
PG10   8391.317643  12643.797273  22113.320995   -550.505854  7  4  2 454       
PG11 -13791.374553  -6543.894065 -21680.055795   -240.725402  7  6  5 454       
PG12 -23082.598165  10574.610312  -8095.333510   -604.082263  4  7  8 454       
PG13 -23361.398480  11500.330448  -5374.032383    429.692215  3 11  9 460       
PG14  -5041.102132 -14873.512026  21536.288785    750.220371  3  6  2 454       
PG15 -18163.621273   3763.067020  18457.744582    436.941073  5  6  5 454       
PG16  25103.799250   2043.972399  -9482.052389    316.807094  2  7  6 454       
PG17 -10304.875539 -22140.616086  10454.155087   -188.827118  5  9  6 454       
PG18  -5510.761999  25722.218559   2259.753501   -279.110589  8 10  8 454       
PG19 -17976.118050 -19933.410634  -1345.231123    704.625572  6  6  7 454       
PG20 -21506.524251  -6574.220471  14178.630087    261.634498  9 13  6 454       
PG21 -22254.280927  -4175.289311 -13910.975657    382.224518  3  5  6 454       
PG22 -11815.654268 -12487.418718  20482.567121     59.024807  6  3  3 454       
PG23  -4412.449192  15707.712133  20972.599267    679.705384  6  5  5 454       
PG24 -14613.150216  13017.950899  17234.094697    163.018276  8  7  5 464       
PG25 -12890.893681  16484.713009 -16600.061496    397.420883  5  4  8 454       
PG26  18740.147934   7008.121942 -17903.389540   -389.039150  4  6  6 454       
PG27  22101.328774  10674.384198  10308.297734      0.509554  4  8  1 454       
PG28   6585.259928  20347.497446 -15730.396837   -441.457865  8  8  5 454       
PG29  -3217.647932  17338.006250 -19838.725774   -261.513681  3  6  7 454       
PG30  -3477.021962 -23379.500394  12069.125062    331.738086  3  6  8 454       
PG31  12309.259761  11090.457805 -20999.786364   -127.846843  8  8  7 454       
PG32  15637.382184  20787.785255   6095.736410    219.406222  5  6  7 454       
*  2026  8 16  5 30  0.00000000
PG01  15114.716670 -15710.768623  15097.439665    195.797728 10  8  7 456       
PG02  15230.888123  -7117.550123  20779.640619    158.027551  7 10  4 453       
PG03  22779.296026 -12025.253735  -6486.764873    320.379460  6  5  6 453       
PG04  12516.562402  -8632.725304 -21763.457931     64.057728  1  7  6 453       
PG05 -25152.982029   5026.836276  -7103.738501   -236.020698  1  5  7 453       
PG06  -6347.039628 -20264.329126 -15794.323386   -549.704792  8  6  6 453       
PG07   6353.290265 -25410.255312  -2282.883196   -215.961242  3  7  8 456       
PG08  20708.881115    593.919253  16683.305467    372.548274  5  6  5 453       
PG09   1742.489780 -16844.704933 -20548.629548    700.275200  6  7  5 453       
PG10   6018.462256  13358.270585  22438.097911   -550.500399  7  4  1 453       
PG11 -13124.461320  -8919.987254 -21251.200892   -240.714697  8  6  5 453       
PG12 -23857.561154  10509.663450  -5385.021829   -604.081821  4  7  8 453       
PG13 -23867.372310  11412.387329  -2571.327455    429.696402  2 11  9 460       
PG14  -2696.189351 -15560.362207  21443.010145    750.220139  3  6  2 453       
PG15 -19865.173840   2470.480153  16906.079723    436.943623  4  5  4 453       
PG16  24012.979749   2485.431772 -11944.454790    316.812783  2  8  6 453       
PG17  -9230.775333 -21380.642986  12871.556621   -188.831883  5  9  5 453       
PG18  -5774.054930  25748.435484   -631.489781   -279.102763  7 10  8 453       
PG19 -17801.158030 -20075.979586   1467.494264    704.625616  6  7  7 453       
PG20 -22490.245313  -7702.365501  11888.866047    261.643534  7 13  6 453       
PG21 -20664.935912  -4828.735690 -15991.507200    382.218180  4  4  6 453       
PG22  -9554.285737 -13072.846239  21321.113839     59.032491  6  3  3 453       
PG23  -6634.965411  16371.092486  19819.216856    679.708523  6  6  5 453       
PG24 -14584.681299  10830.466322  18696.161026    163.034053  7  5  4 464       
PG25 -14600.628685  16853.735473 -14629.919816    397.417663  5  5  8 453       
PG26  16891.308169   7971.710610 -19268.952165   -389.041043  4  6  6 453       
PG27  22747.938416  11559.195906   7757.795840      0.509083  4  8  1 453       
PG28   6081.901086  21961.593314 -13619.304068   -441.448381  8  9  6 453       
PG29  -4887.373302  15715.413749 -20840.914199   -261.507271  4  6  7 453       
PG30  -2943.479246 -24521.614156   9637.644068    331.749356  3  6  8 453       
PG31  11665.586900  13296.162143 -20025.014353   -127.844298  8  8  6 453       
PG32  14899.549048  20392.738979   8789.179996    219.423479  4  6  7 453       
*  2026  8 16  5 45  0.00000000
PG01  14885.440126 -13872.616639  17011.773223    195.789072 10  8  7 455       
PG02  15171.931135  -4758.543009  21550.590633    158.033868  7 10  4 452       
PG03  23353.483206 -12070.483555  -3635.325421    320.361206  5  4  6 452       
PG04  14353.311716  -6995.626163 -21227.286171     64.057949  1  6  6 452       
PG05 -24363.163284   4484.522366  -9779.213353   -236.021047  1  6  6 452       
PG06  -5900.628047 -21905.293097 -13624.016836   -549.696379  8  7  6 452       
PG07   6588.304733 -24871.440097  -5100.244089   -215.964616  4  7  8 456       
PG08  22078.624080   1810.078912  14796.630646    372.539160  5  6  5 452       
PG09   3678.768181 -15465.629986 -21372.643209    700.267750  6  6  5 452       
PG10   3673.912147  14216.180387  22386.956730   -550.494841  6  4  1 452       
PG11 -12596.802689 -11258.643695 -20455.113943   -240.703978  8  5  5 452       
PG12 -24338.751182  10392.618784  -2582.674753   -604.081458  4  7  8 452       
PG13 -24083.755342  11224.799718    275.528431    429.700582  3 11  9 459       
PG14   -414.009434 -16352.307214  20983.685636    750.219922  3  6  3 452       
PG15 -21453.657432   1360.393913  15051.402824    436.946288  3  6  4 452       
PG16  22695.099790   3054.830960 -14209.733352    316.818636  3  8  6 452       
PG17  -7930.479002 -20502.291998  15068.672236   -188.836933  5  9  5 452       
PG18  -5977.781704  25464.059701  -3511.653779   -279.094885  7 10  7 452       
PG19 -17411.432305 -20007.923750   4255.820716    704.625504  6  8  6 452       
PG20 -23317.976923  -8612.155082   9394.945412    261.652533  5 13  6 452       
PG21 -18905.186043  -5639.980489 -17797.213094    382.211827  4  4  6 452       
PG22  -7259.146777 -13794.085462  21801.436527     59.039887  5  4  4 452       
PG23  -8679.846109  17102.958297  18324.366911    679.711648  6  7  5 452       
PG24 -14650.505871   8494.705890  19818.005770    163.049846  7  5  5 463       
PG25 -16076.458579  17217.790290 -12411.105870    397.414457  5  6  8 452       
PG26  14969.433541   9084.242193 -20313.013949   -389.042923  5  6  6 452       
PG27  23207.071047  12224.339848   5075.364548      0.509017  3  8  1 452       
PG28   5697.072019  23349.600808 -11273.499400   -441.438929  7  9  7 452       
PG29  -6705.475383  14118.773120 -21484.313656   -261.500723  3  7  7 452       
PG30  -2504.949687 -25408.218520   7039.399985    331.760636  3  6  9 452       
PG31  11158.547499  15409.631040 -18711.743827   -127.842144  8  7  6 452       
PG32  13912.883748  19854.445437  11334.420851    219.440757  4  7  7 452       
*  2026  8 16  6  0  0.00000000
PG01  14717.821277 -11828.011613  18632.103173    195.780476  9  7  6 455       
PG02  15237.260275  -2340.407324  21959.832056    158.040104  6 10  3 452       
PG03  23625.395477 -12014.750212   -721.185899    320.343003  5  4  6 452       
PG04  16209.783183  -5510.854447 -20325.943313     64.058193  1  6  5 452       
PG05 -23344.618233   3765.993051 -12287.763121   -236.021863  1  6  6 452       
PG06  -5576.939694 -23309.485268 -11216.651135   -549.687928  8  7  6 452       
PG07   6824.758601 -24025.673724  -7826.416964   -215.967728  5  8  9 455       
PG08  23313.428253   2831.965553  12657.559236    372.530144  5  6  5 452       
PG09   5745.023018 -14151.991153 -21832.052617    700.260240  6  6  4 452       
PG10   1404.396337  15199.356542  21959.691616   -550.489310  6  4  2 452       
PG11 -12207.339234 -13511.396168 -19305.856054   -240.693349  8  6  6 452       
PG12 -24527.919973  10185.878183    263.946318   -604.080992  5  7  8 452       
PG13 -24022.798301  10902.558759   3117.641194    429.704770  3 11  9 458       
PG14   1763.892577 -17227.463342  20165.161069    750.219607  3  6  2 452       
PG15 -22885.324249    430.321613  12928.170068    436.948731  2  6  4 452       
PG16  21185.111511   3772.846148 -16240.912244    316.824295  3  9  6 452       
PG17  -6408.561633 -19547.971845  17009.140890   -188.841583  5  9  5 452       
PG18  -6160.134266  24867.317422  -6330.206123   -279.087112  7  9  7 452       
PG19 -16785.753768 -19759.367874   6973.324688    704.625660  6  8  6 452       
PG20 -23950.798145  -9314.817820   6739.580325    261.661508  4 12  6 452       
PG21 -17018.999356  -6618.042249 -19296.990351    382.205517  4  4  6 452       
PG22  -4976.755979 -14644.215598  21916.610455     59.047283  6  6  5 452       
PG23 -10513.575750  17867.515047  16512.987488    679.714874  6  7  5 452       
PG24 -14826.185572   6056.588021  20579.222797    163.065697  7  6  5 462       
PG25 -17301.408796  17538.939555  -9980.300531    397.411195  5  6  8 452       
PG26  13016.985510  10338.435126 -21017.507819   -389.044867  5  6  6 452       
PG27  23447.334963  12689.141155   2307.057304      0.508994  3  7  2 452       
PG28   5403.934897  24479.680940  -8733.388288   -441.429522  7 10  7 452       
PG29  -8642.657564  12586.666931 -21758.381036   -261.494434  3  8  7 452       
PG30  -2131.880017 -26015.844616   4318.976588    331.771938  3  6  9 452       
PG31  10778.749408  17385.861196 -17080.988494   -127.839886  7  6  6 452       
PG32  12674.194051  19213.394313  13688.987621    219.458000  3  7  6 452       
*  2026  8 16  6 15  0.00000000
PG01  14638.914907  -9613.533001  19930.605990    195.771896  9  6  6 454       
PG02  15432.131665     89.721930  22002.503626    158.046418  5 10  4 451       
PG03  23606.229165 -11819.219806   2205.407884    320.324758  5  4  6 451       
PG04  18041.134030  -4197.383154 -19075.455148     64.058440  1  5  5 451       
PG05 -22135.451611   2852.992682 -14586.939329   -236.022242  1  6  5 451       
PG06  -5346.939960 -24444.223208  -8614.095228   -549.678791  8  6  6 454       
PG07   7098.267087 -22884.226663 -10411.801339   -215.970925  6  8  9 454       
PG08  24374.183903   3667.038072  10303.502934    372.521045  5  6  5 451       
PG09   7904.254878 -12935.442237 -21919.348627    700.252780  6  6  3 451       
PG10   -746.978740  16281.959680  21162.282067   -550.483821  6  5  2 451       
PG11 -11946.965656 -15631.640980 -17823.573506   -240.682612  9  8  6 451       
PG12 -24435.325361   9853.794069   3105.996059   -604.080459  5  7  8 451       
PG13 -23704.669407  10414.528445   5906.113062    429.708951  4 11  9 457       
PG14   3800.388932 -18157.596379  19000.454034    750.219370  3  6  2 451       
PG15 -24119.904266   -330.347138  10575.444221    436.951009  1  6  3 451       
PG16  19522.251610   4653.458008 -18004.805219    316.830078  3  9  6 451       
PG17  -4677.716663 -18559.702629  18661.254529   -188.846468  5  8  4 451       
PG18  -6359.242471  23965.750980  -9037.683448   -279.079267  7  8  6 451       
PG19 -15909.959547 -19364.812114   9574.604053    704.625689  6  8  6 451       
PG20 -24354.243150  -9829.055011   3968.317673    261.670478  5 12  6 451       
PG21 -15052.637318  -7763.846239 -20464.974007    382.199160  5  4  6 451       
PG22  -2751.780996 -15608.681875  21665.684499     59.054548  5  6  5 451       
PG23 -12110.211848  18624.585254  14415.647146    679.718035  6  7  5 451       
PG24 -15119.784723   3565.117208  20966.341341    163.081491  7  6  4 461       
PG25 -18266.511350  17777.982768  -7378.167788    397.407990  6  6  8 451       
PG26  11075.374017  11719.571768 -21369.811966   -389.046693  5  6  6 451       
PG27  23442.988608  12979.239240   -500.113742      0.508525  4  7  2 451       
PG28   5170.756114  25327.193039  -6042.738864   -441.420117  7 11  8 451       
PG29 -10663.443662  11152.503728 -21658.934936   -261.487967  2  8  7 451       
PG30  -1791.333615 -26328.762083   1523.376161    331.783186  4  6  9 451       
PG31  10509.482731  19182.966834 -15159.258535   -127.837469  7  5  6 451       
PG32  11188.663656  18511.060190  15813.724184    219.475277  3  7  6 451       
*  2026  8 16  6 30  0.00000000
PG01  14669.477996  -7271.078197  20885.065273    195.763294  8  4  6 453       
PG02  15753.885178   2484.833621  21679.699509    158.052518  5  9  4 450       
PG03  23315.843584 -11448.949262   5093.726879    320.306584  5  4  6 450       
PG04  19800.977794  -3065.905607 -17497.776653     64.058634  2  5  4 450       
PG05 -20777.960044   1734.972765 -16637.965407   -236.022930  2  6  5 450       
PG06  -5176.598475 -25284.584850  -5861.652449   -549.670311  8  7  6 453       
PG07   7441.894031 -21467.462787 -12808.858860   -215.975121  7  9  8 450       
PG08  25225.522546   4330.143751   7775.151855    372.511946  5  6  5 450       
PG09  10114.584591 -11841.137802 -21633.309286    700.245286  6  7  3 450       
PG10  -2742.189000  17431.351535  20006.879951   -550.478299  5  5  3 450       
PG11 -11799.003185 -17576.265893 -16034.126454   -240.671890  9  9  6 450       
PG12 -24079.313025   9364.249477   5894.374371   -604.080178  6  7  8 450       
PG13 -23156.611224   9734.842800   8592.883724    429.713118  4 11  8 457       
PG14   5664.023229 -19109.148038  17508.603523    750.219102  3  6  2 450       
PG15 -25122.121792   -939.627460   8036.043585    436.953596  1  6  3 450       
PG16  17748.679285   5703.288735 -19472.472403    316.835908  3  8  6 450       
PG17  -2758.397144 -17577.511328  19998.387503   -188.851489  5  8  3 450       
PG18  -6611.462522  22775.990891 -11586.610686   -279.071421  7  7  5 450       
PG19 -14777.613542 -18861.761958  12015.969610    704.625649  6  8  6 450       
PG20 -24499.681782 -10180.131850   1128.765300    261.679419  7 12  6 450       
PG21 -13052.984463  -9070.017819 -21280.985160    382.192810  5  4  6 450       
PG22   -625.569536 -16665.802677  21053.631538     59.062267  5  7  6 450       
PG23 -13452.238506  19331.198389  12068.062350    679.721132  6  6  5 450       
PG24 -15531.482131   1070.553598  20973.082566    163.097312  6  6  3 461       
PG25 -18971.063031  17896.069594  -4648.739161    397.404769  6  6  8 450       
PG26   9183.545023  13205.871731 -21362.997253   -389.048482  6  6  6 450       
PG27  23174.925068  13125.386875  -3298.939528      0.509095  3  7  3 450       
PG28   4962.320532  25875.568661  -3247.924788   -441.410610  7 11  8 450       
PG29 -12727.392055   9843.358064 -21188.190887   -261.481440  2  9  7 450       
PG30  -1448.471885 -26339.606684  -1298.800722    331.795094  4  7  9 453       
PG31  10327.431758  20763.654460 -12978.210871   -127.835228  7  5  6 450       
PG32   9469.803304  17788.279581  17673.372520    219.492563  3  7  6 450       
*  2026  8 16  6 45  0.00000000
PG01  14823.095773  -4846.420154  21479.244222    195.754692  7  5  6 452       
PG02  16192.103035   4799.578749  20998.335103    158.058797  4  8  5 449       
PG03  22781.943995 -10874.456526   7893.456745    320.288374  5  4  6 449       
PG04  21443.069163  -2118.620201 -15620.385441     64.058861  2  5  4 449       
PG05 -19317.028980    409.662764 -18406.349909   -236.023343  3  6  4 449       
PG06  -5028.412275 -25814.302070  -3007.244564   -549.661799  7  7  5 453       
PG07   7884.554814 -19804.208193 -14973.149833   -215.977513  8  8  8 453       
PG08  25837.102676   4842.701435   5115.766244    372.502839  5  5  5 449       
PG09  12330.680007 -10886.876806 -20979.002035    700.237773  6  7  2 449       
PG10  -4549.577504  18609.239709  18511.704820   -550.472791  5  5  4 449       
PG11 -11739.975359 -19307.145110 -13968.620593   -240.661216  9 10  6 449       
PG12 -23485.590889   8690.124368   8580.582761   -604.079741  6  7  8 449       
PG13 -22411.833570   8844.108078  11131.562799    429.717279  5 12  8 456       
PG14   7330.056388 -20044.491726  15714.412471    750.218854  3  6  2 449       
PG15 -25862.993004  -1421.925725   5355.643448    436.956212  1  6  3 449       
PG16  15908.026056   6921.202357 -20619.626381    316.842015  3  8  6 449       
PG17   -678.174859 -16637.938753  20999.332386   -188.856284  5  7  2 449       
PG18  -6949.742037  21323.173550 -13932.380414   -279.063590  6  6  6 449       
PG19 -13390.441516 -18289.251489  14256.124898    704.625554  6  8  5 449       
PG20 -24365.490897 -10398.715738  -1730.222011    261.688382  8 12  7 449       
PG21 -11065.863451 -10521.003501 -21730.882840    382.186450  5  5  7 449       
PG22   1365.184539 -17787.540745  20091.222027     59.069662  6  7  6 449       
PG23 -14531.098679  19943.317362   9510.510640    679.724271  6  6  5 449       
PG24 -16053.541974  -1377.458594  20600.435608    163.113073  5  5  3 460       
PG25 -19422.574755  17856.338716  -1838.712531    397.401573  6  6  8 449       
PG26   7376.654895  14769.135334 -20996.001336   -389.050328  6  5  6 449       
PG27  22631.410210  13162.087728  -6042.749336      0.508589  3  6  4 449       
PG28   4741.486155  26116.884777   -397.121903   -441.401128  8 11  8 449       
PG29 -14790.502231   8679.069481 -20354.689060   -261.475306  3  9  7 449       
PG30  -1068.128366 -26049.693888  -4098.224702    331.806400  5  6 10 453       
PG31  10203.658243  22096.552462 -10574.202926   -127.832781  6  6  6 449       
PG32   7539.102664  17083.672884  19237.092572    219.509844  3  7  6 449       
*  2026  8 16  7  0  0.00000000
PG01  15105.601022  -2387.622306  21703.151293    195.746125  5  7  7 451       
PG02  16729.052803   6991.726638  19970.944671    158.064815  4  8  5 449       
PG03  22038.959347 -10073.093799  10555.605821    320.270135  6  5  5 449       
PG04  22922.987118  -1349.347315 -13475.787641     64.059085  2  5  4 449       
PG05 -17798.453459  -1116.674768 -19862.425059   -236.023925  4  5  4 449       
PG06  -4863.070554 -26026.322994   -100.547657   -549.653236  7  7  5 452       
PG07   8449.578928 -17930.752513 -16864.330987   -215.981740  8  8  8 449       
PG08  26184.705931   5231.652657   2370.452118    372.493733  5  5  5 449       
PG09  14505.316491 -10082.536575 -19967.687082    700.230312  5  7  1 449       
PG10  -6144.914781  19773.061223  16700.842668   -550.467276  5  5  4 449       
PG11 -11740.655009 -20792.444740 -11662.851305   -240.650551  9 10  6 449       
PG12 -22686.219191   7810.587305  11117.592727   -604.079396  6  7  7 449       
PG13 -21508.184461   7730.361578  13478.238847    429.721468  6 12  7 455       
PG14   8781.261373 -20923.372820  13648.082624    750.218620  4  6  2 449       
PG15 -26320.856710  -1806.784680   2581.856767    436.958652  2  6  3 449       
PG16  14043.904397   8298.181280 -21426.986201    316.847673  4  8  6 449       
PG17   1529.153671 -15772.708668  21648.544578   -188.861548  5  6  1 449       
PG18  -7402.130378  19640.028848 -16034.072564   -279.055729  5  6  6 449       
PG19 -11758.480003 -17686.310206  16256.827351    704.625757  6  8  4 449       
PG20 -23937.969931 -10519.506423  -4559.383100    261.697382  9 12  7 449       
PG21  -9134.399895 -12093.516249 -21806.813462    382.180096  6  5  7 449       
PG22   3189.596919 -18940.509127  18794.825126     59.077215  6  7  6 449       
PG23 -15347.380218  20417.634014   6787.147400    679.727486  6  5  5 449       
PG24 -16670.641470  -3731.717164  19856.554975    163.128856  4  3  3 459       
PG25 -19636.405765  17625.518335   1003.327242    397.398348  6  6  8 449       
PG26   5684.879340  16375.639451 -20273.723386   -389.052117  6  5  6 449       
PG27  21808.554421  13126.124595  -8686.112410      0.508127  3  6  4 449       
PG28   4470.817925  26052.114024   2460.527037   -441.391653  8 11  8 449       
PG29 -16806.759530   7671.632143 -19173.117961   -261.468874  3  9  7 449       
PG30   -616.411591 -25469.000797  -6825.739324    331.817745  5  6 10 452       
PG31  10104.824531  23157.342186  -7987.750569   -127.830374  6  7  6 449       
PG32   5425.397181  16432.166140  20478.915734    219.527129  4  6  5 449       
*  2026  8 16  7 15  0.00000000
PG01  15514.808379     56.627846  21553.195513    195.737559  4  7  8 451       
PG02  17340.393134   9023.493624  18615.418554    158.071024  4  7  5 448       
PG03  21126.656178  -9030.164825  13033.404628    320.251938  6  5  5 448       
PG04  24199.752925   -743.970643 -11100.945981     64.059282  2  4  4 448       
PG05 -16267.244943  -2829.312264 -20981.805099   -236.024236  4  6  4 448       
PG06  -4641.192944 -25923.021310   2807.902350   -549.644701  6  8  5 451       
PG07   9153.505183 -15889.519381 -18447.079063   -215.984983  8  7  8 448       
PG08  26251.108485   5528.223779   -414.568547    372.484626  5  5  5 448       
PG09  16591.013722  -9429.816754 -18616.624139    700.222840  5  7  1 448       
PG10  -7512.191376  20877.559337  14603.944162   -550.461805  5  5  5 448       
PG11 -11767.339952 -22007.689881  -9156.671146   -240.639242  9  9  6 451       
PG12 -21718.351430   6712.156817  13460.709136   -604.079079  6  7  7 448       
PG13 -20486.650056   6389.747812  15592.250223    429.725632  6 12  7 454       
PG14  10008.432139 -21704.479955  11344.743479    750.218455  3  7  2 448       
PG15 -26482.104893  -2127.448309   -236.681404    436.961144  2  6  3 448       
PG16  12198.423247   9817.484190 -21880.577217    316.853431  4  7  5 448       
PG17   3824.677805 -15007.602181  21936.299227   -188.866326  5  6  1 448       
PG18  -7990.496285  17765.676228 -17855.196626   -279.047903  5  6  6 448       
PG19  -9899.929095 -17090.426606  17983.522868    704.625861  6  7  4 448       
PG20 -23211.963776 -10579.711104  -7309.902968    261.706930 10 12  8 451       
PG21  -7297.499437 -13757.288989 -21507.353244    382.173762  6  6  7 448       
PG22   4823.533502 -20087.175795  17186.141334     59.084681  6  7  7 448       
PG23 -15910.644422  20713.361589   3945.237003    679.730658  6  4  5 448       
PG24 -17360.534740  -5949.160078  18756.488573    163.144666  1  3  4 458       
PG25 -19635.088937  17175.422171   3827.755046    397.395124  6  6  8 448       
PG26   4132.401453  17987.258977 -19207.033244   -389.053931  6  5  6 448       
PG27  20710.507311  13055.031881 -11185.500658      0.507721  2  6  4 448       
PG28   4114.236206  25691.042415   5275.764681   -441.382158  8 11  8 448       
PG29 -18729.759362   6824.895497 -17664.039046   -261.462737  4  8  7 448       
PG30    -62.269901 -24615.812258  -9433.275701    331.829061  6  6 10 451       
PG31   9994.614473  23929.642400  -5262.893383   -127.828120  6  8  7 448       
PG32   3163.973089  15863.663465  21378.129060    219.544422  4  6  5 448       
*  2026  8 16  7 30  0.00000000
PG01  16040.572914   2438.702393  21032.230031    195.728968  3  7  8 450       
PG02  17996.113742  10862.704236  16954.686550    158.077226  4  7  5 447       
PG03  20088.542030  -7739.736721  15283.177485    320.233733  7  5  4 447       
PG04  25237.322677   -281.183197  -8536.640608     64.059487  2  4  4 447       
PG05 -14765.986025  -4705.444491 -21745.760076   -236.025574  5  6  3 447       
PG06  -4325.070363 -25516.045206   5667.616265   -549.636202  6  9  5 450       
PG07  10005.172724 -13727.462077 -19691.905873   -215.988569  8  7  7 447       
PG08  26026.701082   5766.547052  -3192.683895    372.475524  4  5  5 447       
PG09  18541.688804  -8922.301651 -16948.785769    700.215393  5  7  1 447       
PG10  -8644.107312  21876.499178  12255.819854   -550.456342  4  5  5 447       
PG11 -11783.306440 -22936.554044  -6493.292561   -240.628516  9  9  6 450       
PG12 -20622.772679   5389.484486  15568.410191   -604.078513  6  7  7 447       
PG13 -19389.741586   4826.883500  17436.903480    429.729809  7 13  6 453       
PG14  11010.582819 -22347.086972   8843.879679    750.218225  4  7  2 447       
PG15 -26341.594237  -2419.312006  -3051.204389    436.963708  3  6  4 447       
PG16  10410.758627  11455.082524 -21971.973867    316.859443  4  6  5 447       
PG17   6165.657796 -14361.572136  21858.764650   -188.871118  5  6  1 447       
PG18  -8729.505498  15744.179918 -19364.340981   -279.040057  5  6  6 447       
PG19  -7840.708582 -16536.063209  19405.944875    704.625761  5  7  3 447       
PG20 -22191.167149 -10617.424058  -9934.262221    261.715338 11 12  8 447       
PG21  -5588.495381 -15476.108453 -20837.540699    382.167430  6  6  7 447       
PG22   6250.306181 -21187.225220  15291.870082     59.092169  6  7  7 447       
PG23 -16238.900597  20793.950712   1034.312000    679.733759  6  3  4 447       
PG24 -18095.015954  -7992.362249  17321.752060    163.160464  1  1  5 457       
PG25 -19447.366735  16484.276056   6584.805093    397.391902  6  6  7 447       
PG26   2736.618725  19562.778399 -17812.688980   -389.055786  6  5  5 447       
PG27  19349.373795  12985.565667 -13499.908711      0.506941  2  6  5 447       
PG28   3638.614902  25051.857913   8000.073181   -441.372698  7 10  8 447       
PG29 -20514.349807   6134.584533 -15853.518375   -261.456256  4  8  7 447       
PG30    621.048401 -23516.041794 -11874.759492    331.840354  6  6  9 450       
PG31   9835.300397  24405.606775  -2446.473283   -127.825792  6  9  7 447       
PG32    795.441930  15401.915672  21919.587606    219.561665  5  6  4 447       
*  2026  8 16  7 45  0.00000000
PG01  16665.169560   4713.669634  20149.484442    195.720316  4  7  9 449       
PG02  18661.675334  12483.750822  15016.352699    158.083380  3  6  6 446       
PG03  18970.121617  -6205.108731  17265.166516    320.215568  7  5  4 446       
PG04  26005.899323     66.492852  -5826.773722     64.059645  2  4  5 446       
PG05 -13333.292435  -6714.880045 -22141.501748   -236.025761  6  6  4 446       
PG06  -3880.337764 -24825.813597   8429.051957   -549.628351  6 10  5 446       
PG07  11005.156667 -11494.256812 -20575.833894   -215.991654  7  7  7 446       
PG08  25509.840157   5982.191660  -5917.606737    372.466426  4  5  5 446       
PG09  20314.265183  -8545.837885 -14992.481437    700.207941  5  7  1 446       
PG10  -9542.233164  22724.460118   9695.931831   -550.450829  5  5  5 446       
PG11 -11750.382938 -23571.342641  -3718.538583   -240.617935  9 10  6 449       
PG12 -19442.291617   3845.822164  17403.144740   -604.078270  6  7  6 446       
PG13 -18259.832060   3054.894936  18980.125719    429.734000  8 13  5 453       
PG14  11794.825088 -22812.700583   6188.664104    750.218008  4  7  3 446       
PG15 -25902.734067  -2718.324573  -5813.661665    436.966202  3  6  4 446       
PG16   8715.826671  13180.364655 -21698.481493    316.865123  5  5  5 446       
PG17   8506.937746 -13846.123356  21417.996653   -188.876139  5  7  1 446       
PG18  -9625.899359  13622.923859 -20535.716824   -279.032193  5  5  7 446       
PG19  -5613.726859 -16053.277709  20498.667876    704.625899  5  6  2 446       
PG20 -20888.097005 -10669.974475 -12387.068045    261.724315 11 13  9 446       
PG21  -4034.018710 -17209.090501 -19808.798095    382.161143  7  6  6 446       
PG22   7461.101583 -22199.030660  13143.315309     59.099623  6  7  7 446       
PG23 -16357.745152  20628.657200  -1894.723335    679.736897  6  3  4 446       
PG24 -18841.131281  -9830.770177  15579.770303    163.176282  1  1  6 457       
PG25 -19106.970757  15537.814509   9225.505345    397.388691  6  6  7 446       
PG26   1507.602476  21059.349874 -16113.157504   -389.057659  6  5  5 446       
PG27  17744.858517  12952.223018 -15591.428729      0.506588  2  5  5 446       
PG28   3015.266136  24160.426118  10586.514806   -441.363146  7 10  8 446       
PG29 -22118.231443   5588.636311 -13772.672468   -261.449842  4  7  7 446       
PG30   1454.702796 -22202.252216 -14106.988771    331.850987  6  6  9 446       
PG31   9589.396273  24586.203863    412.664285   -127.823464  7  9  7 446       
PG32  -1635.576856  15063.624090  22093.952383    219.578954  5  6  3 446       
*  2026  8 16  8  0  0.00000000
PG01  17363.977561   6840.821611  18920.388286    195.711649  6  8  9 448       
PG02  19299.310539  13868.323889  12832.285497    158.089720  4  6  6 445       
PG03  17817.076297  -4438.914384  18944.288741    320.197447  7  5  3 445       
PG04  26483.016288    331.453082  -3017.629487     64.059866  3  4  5 445       
PG05 -12002.437472  -8821.011402 -22162.379140   -236.026316  6  7  4 445       
PG06  -3277.511455 -23880.681727  11044.490577   -549.619820  7 10  5 445       
PG07  12145.579273  -9240.378567 -21082.906952   -215.994623  7  6  6 445       
PG08  24706.921554   6210.657301  -8544.070922    372.457276  4  5  5 445       
PG09  21870.178425  -8279.212955 -12780.897389    700.200516  4  7  1 445       
PG10 -10216.829030  23378.637127   6967.783841   -550.445357  5  5  5 445       
PG11 -11630.582667 -23913.153966   -880.054726   -240.607345  8 10  6 448       
PG12 -18220.050254   2093.148161  18932.067472   -604.077740  6  6  6 445       
PG13 -17137.507902   1095.124081  20195.038308    429.738224  8 13  4 452       
PG14  12375.924758 -23066.646778   3425.206948    750.217760  4  7  3 445       
PG15 -25177.259286  -3059.406543  -8477.510244    436.968414  3  5  5 445       
PG16   7143.104385  14957.088869 -21063.252361    316.871261  5  4  5 445       
PG17  10802.437297 -13464.975549  20621.857977   -188.881113  4  7  1 445       
PG18 -10678.102059  11450.873651 -21349.587358   -279.024358  5  6  7 445       
PG19  -3257.882235 -15666.503089  21241.604518    704.625930  5  6  2 445       
PG20 -19323.732481 -10772.307778 -14625.851428    261.733330 12 13  9 445       
PG21  -2653.133857 -18912.148581 -18438.742633    382.154732  7  6  7 445       
PG22   8455.128686 -23081.187567  10775.931657     59.107307  6  6  7 445       
PG23 -16299.198422  20193.895230  -4790.526533    679.740017  6  3  3 445       
PG24 -19562.579329 -11441.628985  13563.210168    163.192079  1  1  6 456       
PG25 -18651.190559  14330.094359  11702.625626    397.385394  5  6  7 445       
PG26    447.835270  22434.047008 -14136.333966   -389.059502  6  4  5 445       
PG27  15923.653547  12985.859313 -17425.778066      0.506175  2  5  5 445       
PG28   2221.252933  23049.281554  12990.544099   -441.353704  7  9  8 445       
PG29 -23503.455277   5167.837849 -11457.136394   -261.443545  4  6  7 445       
PG30   2453.192856 -20712.414781 -16090.461500    331.862281  6  7  9 445       
PG31   9221.331127  24481.161006   3264.533941   -127.821192  7  9  7 445       
PG32  -4081.920611  14857.811040  21897.851401    219.596105  6  6  3 445       
*  2026  8 16  8 15  0.00000000
PG01  18106.442401   8785.035126  17366.289934    195.702998  7  9  9 447       
PG02  19869.443120  15005.892163  10438.166327    158.095770  4  5  6 444       
PG03  16673.441718  -2462.848887  20290.808028    320.179301  7  4  3 444       
PG04  26654.353488    549.573251   -157.100915     64.060056  3  4  5 444       
PG05 -10800.187989 -10982.028427 -21807.982041   -236.027002  7  7  4 444       
PG06  -2493.329685 -22715.811249  13468.871916   -549.611391  7 10  5 444       
PG07  13410.307323  -7015.151552 -21204.517937   -215.997848  6  6  6 444       
PG08  23632.177291   6485.882867 -11028.503870    372.448145  4  6  4 444       
PG09  23176.723404  -8095.109447 -10351.558359    700.193081  4  6  2 444       
PG10 -10686.320754  23800.579940   4118.214958   -550.439889  5  6  5 444       
PG11 -11387.731588 -23971.713621   1973.504331   -240.596631  8 11  6 448       
PG12 -16997.820410    151.941380  20127.693076   -604.077350  5  6  5 444       
PG13 -16060.000361  -1023.487161  21060.440699    429.742396  9 13  3 451       
PG14  12775.552119 -23079.529909    601.733997    750.217485  5  7  3 444       
PG15 -24184.708323  -3474.944727 -10998.439939    436.971108  4  5  5 444       
PG16   5715.640266  16744.558161 -20075.330166    316.876822  6  3  4 444       
PG17  13006.671595 -13214.016595  19483.866766   -188.885560  4  7  1 444       
PG18 -11876.169956   9276.796488 -21792.576226   -279.016491  6  6  7 444       
PG19   -816.826517 -15393.535875  21620.434353    704.626107  6  6  1 444       
PG20 -17526.834987 -10955.464744 -16611.815774    261.742313 12 13  9 444       
PG21  -1456.773435 -20539.599332 -16750.889973    382.148388  7  6  6 444       
PG22   9239.479819 -23794.056420   8228.813844     59.114232  7  5  7 444       
PG23 -16100.285873  19474.317675  -7602.267269    679.743135  6  3  2 444       
PG24 -20221.233697 -12810.573151  11309.230614    163.207887  1  1  6 455       
PG25 -18119.288736  12863.983227  13971.615815    397.382176  5  7  6 444       
PG26   -447.757572  23645.457746 -11915.157345   -389.061339  6  5  5 444       
PG27  13918.591470  13112.448550 -18972.778272      0.506654  3  5  5 444       
PG28   1240.478139  21756.374080  15170.777210   -441.344110  7  8  7 444       
PG29 -24637.763783   4846.739555  -8946.462883   -261.437419  4  4  7 444       
PG30   3623.562497 -19088.457402 -17790.132165    331.873487  6  7  8 444       
PG31   8699.073334  24108.567153   6058.922821   -127.818899  7  9  7 444       
PG32  -6495.445850  14785.480003  21333.961139    219.613419  6  5  2 444       
*  2026  8 16  8 30  0.00000000
PG01  18857.277206  10517.915560  15514.076625    195.694402  8 10 10 446       
PG02  20332.179919  15893.918293   7872.997986    158.101827  5  5  6 443       
PG03  15579.859351   -307.029804  21280.905495    320.161172  7  4  3 443       
PG04  26514.256595    758.642374   2706.104532     64.060271  4  4  5 443       
PG05  -9745.893541 -13152.331896 -21084.151418   -236.027416  8  7  4 443       
PG06  -1511.843805 -21371.791633  15660.573480   -549.602978  7 10  5 443       
PG07  14775.525361  -4864.867608 -20939.543966   -216.000923  5  5  6 443       
PG08  22307.204401   6838.821375 -13329.670307    372.439054  4  5  4 443       
PG09  24208.192951  -7961.299508  -7745.718115    700.185646  4  6  2 443       
PG10 -10976.446760  23957.798308   1196.605272   -550.434446  6  6  5 443       
PG11 -10989.029131 -23764.890604   4793.299678   -240.585935  7 11  6 447       
PG12 -15814.357985  -1949.392451  20968.451764   -604.076907  5  5  4 443       
PG13 -15059.758709  -3265.312211  21561.194683    429.746603  9 12  3 450       
PG14  13021.253998 -22828.502380  -2232.289895    750.217230  5  7  4 443       
PG15 -22951.635701  -3993.416439 -13335.026328    436.973528  5  5  5 443       
PG16   4449.292433  18498.982046 -18749.616615    316.882741  7  2  4 443       
PG17  15076.249001 -13081.545016  18022.977342   -188.890457  4  7  1 443       
PG18 -13202.081897   7147.510507 -21857.852364   -279.008634  6  7  7 443       
PG19   1662.469410 -15244.775966  21626.952012    704.626378  6  6  1 443       
PG20 -15532.973749 -11245.219115 -18310.522797    261.751414 13 13 10 443       
PG21   -447.493589 -22045.843719 -14774.254623    382.142065  7  6  6 443       
PG22   9828.708300 -24301.262416   5544.131807     59.122217  6  4  6 444       
PG23 -15801.421947  18463.576689 -10280.573218    679.746281  6  4  2 443       
PG24 -20778.719232 -13931.869073   8858.676293    163.223677  1  1  6 454       
PG25 -17550.828317  11151.294222  15991.508935    397.378936  5  7  5 443       
PG26  -1191.477035  24655.255755  -9487.121865   -389.063186  5  5  6 443       
PG27  11767.592510  13352.026739 -20206.783910      0.506130  3  5  6 443       
PG28     64.506622  20323.619404  17089.704959   -441.334578  7  7  7 443       
PG29 -25495.726046   4594.808525  -6283.461866   -261.430977  4  3  7 443       
PG30   4964.911709 -17374.662388 -19176.078944    331.884704  5  8  8 443       
PG31   7995.635994  23494.144199   8746.332838   -127.816665  7  9  7 443       
PG32  -8828.635158  14839.579317  20411.005755    219.630584  6  5  1 443       
*  2026  8 16  8 45  0.00000000
PG01  19577.856609  12018.681320  13395.702934    195.685762  9 10 10 445       
PG02  20648.828064  16537.803277   5178.574480    158.107992  6  5  6 443       
PG03  14571.975028   1990.984984  21897.134389    320.143045  7  4  3 443       
PG04  26065.941296    996.725890   5523.268826     64.060480  5  4  6 443       
PG05  -8850.861522 -15284.096646 -20002.896356   -236.028285  8  7  4 443       
PG06   -325.217990 -19893.069087  17582.119676   -549.594585  7 10  4 443       
PG07  16210.654313  -2831.061190 -20294.288424   -216.004439  5  5  5 443       
PG08  20760.243022   7296.129620 -15409.282650    372.429953  4  5  5 443       
PG09  24946.765211  -7842.035340  -5007.686892    700.178212  4  6  3 443       
PG10 -11119.103221  23825.164201  -1745.994196   -550.428972  6  6  5 443       
PG11 -10406.481940 -23317.915171   7531.131268   -240.575816  7 11  5 443       
PG12 -14703.884744  -4175.422862  21439.130635   -604.076687  4  4  3 443       
PG13 -14163.221755  -5589.220285  21688.501221    429.750791 10 12  4 449       
PG14  13145.188007 -22298.289772  -5027.073759    750.216953  4  6  4 443       
PG15 -21510.596372  -4638.189013 -15449.308367    436.975761  6  5  6 443       
PG16   3352.226091  20174.983097 -17106.753385    316.888610  7  1  3 443       
PG17  16971.297282 -13048.791813  16263.296042   -188.895683  4  7  2 443       
PG18 -14630.355504   5106.232316 -21545.191560   -279.000737  6  7  8 443       
PG19   4131.299122 -15222.753788  21259.322396    704.626125  6  7  1 443       
PG20 -13383.293873 -11660.928316 -19692.502665    261.760453 13 12 10 443       
PG21    380.440716 -23387.058910 -12542.853606    382.135728  7  6  6 443       
PG22  10244.134930 -24571.099954   2766.514626     59.129370  6  1  6 443       
PG23 -15444.663763  17164.731182 -12778.449875    679.749448  7  4  1 443       
PG24 -21197.975019 -14808.313661   6255.239576    163.239480  2  1  7 453       
PG25 -16983.984509   9212.554047  17725.763515    397.375705  4  7  5 443       
PG26  -1802.226407  25429.687792  -6893.686645   -389.065129  4  5  6 443       
PG27   9512.440038  13717.853005 -21107.059324      0.505896  3  5  6 443       
PG28  -1306.911658  18795.310178  18714.337271   -441.325081  7  6  7 443       
PG29 -26059.625636   4377.777491  -3513.490430   -261.424702  5  3  7 443       
PG30   6468.237669 -15615.981079 -20224.065307    331.895954  5  8  7 443       
PG31   7090.396614  22670.211468  11278.931162   -127.814373  7  8  7 443       
PG32 -11036.193240  15005.273509  19143.671309    219.647845  6  5  1 443       
*  2026  8 16  9  0  0.00000000
PG01  20227.748981  13274.756881  11047.636251    195.677132  9 11 10 444       
PG02  20783.388891  16950.560081   2398.912870    158.114360  7  5  6 442       
PG03  13679.051528   4387.482955  22128.748469    320.124973  7  4  3 442       
PG04  25321.375724   1300.520631   8246.465125     64.060666  5  4  6 442       
PG05  -8118.041247 -17328.928594 -18582.217781   -236.028662  8  7  4 442       
PG06   1065.792420 -18326.246080  19200.809484   -549.586177  7  9  4 442       
PG07  17679.567244   -949.019352 -19282.238033   -216.007664  5  5  6 442       
PG08  19025.228468   7879.017132 -17232.573696    372.420893  5  5  5 442       
PG09  25383.105765  -7699.583883  -2184.104747    700.170743  3  6  4 442       
PG10 -11150.929382  23386.047818  -4657.791565   -550.423457  6  6  5 442       
PG11  -9618.156185 -22662.329743  10140.246043   -240.565150  6 10  5 442       
PG12 -13694.762592  -6484.890555  21531.188178   -604.076365  3  4  3 442       
PG13 -13389.836486  -7949.977029  21440.064055    429.754983 10 12  5 448       
PG14  13182.670477 -21481.926050  -7733.429711    750.216717  4  6  4 442       
PG15 -19898.944475  -5426.531642 -17307.290110    436.978118  7  6  6 442       
PG16   2424.694929  21727.199093 -15172.912833    316.894358  7  1  4 442       
PG17  18656.771352 -13090.703525  14233.734276   -188.900471  3  6  2 442       
PG18 -16128.961427   3191.086035 -20860.917738   -278.992881  6  7  8 442       
PG19   6540.896553 -15321.970765  20522.230979    704.626316  7  7  1 442       
PG20 -11123.074299 -12214.643557 -20733.776774    261.769493 13 12 10 442       
PG21   1040.644094 -24522.835387 -10095.121596    382.129379  7  6  6 442       
PG22  10512.904484 -24577.791744    -57.613087     59.136876  5  1  5 442       
PG23 -15071.907846  15590.283113 -15052.153342    679.752604  7  4  1 442       
PG24 -21444.741706 -15450.807470   3544.613670    163.255290  4  1  7 452       
PG25 -16453.915388   7076.408736  19143.020405    397.372495  4  7  4 442       
PG26  -2304.612931  25940.915249  -4179.589233   -389.066995  4  6  6 442       
PG27   7197.423746  14215.816720 -21658.100970      0.505390  3  5  6 442       
PG28  -2865.638473  17216.449363  20016.768069   -441.315567  7  4  6 442       
PG29 -26320.068900   4159.138240   -683.703630   -261.418474  5  4  6 442       
PG30   8116.612438 -13856.336303 -20915.983121    331.907136  6  8  6 442       
PG31   5970.170690  21674.382482  13611.485485   -127.812255  8  8  7 442       
PG32 -13076.576078  15260.516183  17552.432505    219.665087  5  4  1 442       
*  2026  8 16  9 15  0.00000000
PG01  20766.327907  14282.053512   8510.228995    195.668519  8 11 10 444       
PG02  20703.979908  17152.224488   -420.351998    158.120386  7  4  6 441       
PG03  12922.853018   6834.133865  21971.896304    320.106850  7  4  3 441       
PG04  24300.845896   1703.763384  10829.345897     64.060818  6  5  6 441       
PG05  -7542.029234 -19239.556245 -16845.839987   -236.028935  9  7  4 441       
PG06   2651.700776 -16718.318713  20489.253166   -549.577748  7  9  4 441       
PG07  19142.039821    753.409528 -17923.650806   -216.010870  6  5  6 441       
PG08  17140.648834   8602.294134 -18768.827132    372.411815  5  4  5 441       
PG09  25516.660733  -7495.848179    676.829014    700.163270  3  6  4 441       
PG10 -11111.687722  22633.133606  -7487.224854   -550.418003  6  6  4 441       
PG11  -8609.200934 -21834.713643  12576.118551   -240.554500  5 10  4 441       
PG12 -12808.417428  -8832.149143  21242.932636   -604.075831  4  4  4 441       
PG13 -12751.362829 -10299.811303  20820.136482    429.759173 10 12  6 447       
PG14  13170.598412 -20381.165610 -10303.697081    750.216462  4  6  4 441       
PG15 -18157.492860  -6368.867583 -18879.367891    436.980932  7  6  6 441       
PG16   1659.122273  23111.925784 -12979.491564    316.900235  7  2  4 441       
PG17  20103.599130 -13176.960570  11967.600553   -188.905312  4  6  3 441       
PG18 -17660.496273   1433.829288 -19817.729407   -278.985027  6  7  8 441       
PG19   8844.141294 -15529.067675  19426.918451    704.626246  7  7  1 441       
PG20  -8800.131472 -12910.515356 -21416.283187    261.778513 13 12 10 441       
PG21   1553.889153 -25417.695686  -7473.247483    382.123052  7  6  5 441       
PG22  10666.822065 -24302.555812  -2880.737616     59.144401  5  2  5 441       
PG23 -14723.105532  13761.840637 -17061.996366    679.755749  7  4  1 441       
PG24 -21488.917688 -15877.632976    773.656364    163.271048  5  1  7 451       
PG25 -15991.264612   4778.688729  20217.751323    397.369280  3  7  4 441       
PG26  -2727.806124  26168.151554  -1392.072228   -389.068454  4  5  7 444       
PG27   4867.893852  14844.112106 -21849.902123      0.504674  3  5  6 441       
PG28  -4595.272276  15631.070370  20974.651169   -441.306097  7  4  5 441       
PG29 -26276.291464   3901.723174   2157.722985   -261.412223  5  5  6 441       
PG30   9885.689418 -12136.983839 -21240.167937    331.918323  6  8  5 441       
PG31   4629.988579  20548.046371  15702.259771   -127.809918  8  7  7 441       
PG32 -14913.398171  15576.907974  15663.289889    219.682339  5  4  1 441       
*  2026  8 16  9 30  0.00000000
PG01  21154.400984  15044.928669   5827.028314    195.659884  8 11 10 443       
PG02  20384.136999  17169.018881  -3232.608660    158.126740  7  4  6 440       
PG03  12316.847217   9279.714575  21429.677580    320.088709  7  4  3 440       
PG04  23032.220329   2235.752770  13227.906206     64.061000  6  6  6 440       
PG05  -7109.396791 -20971.495543 -14822.851793   -236.029863  9  7  4 440       
PG06   4414.490562 -15114.920600  21425.810732   -549.569314  6  8  5 440       
PG07  20555.363335   2256.662368 -16244.997039   -216.014119  6  5  6 440       
PG08  15148.245816   9473.652203 -19991.861093    372.402732  5  4  5 440       
PG09  25355.628189  -7194.014024   3526.159207    700.155797  2  6  4 440       
PG10 -11042.504666  21568.875054 -10183.951246   -550.412525  6  6  4 440       
PG11  -7372.603963 -20875.230725  14797.192153   -240.543795  4 10  4 440       
PG12 -12058.558772 -11168.793266  20579.558844   -604.075585  6  5  5 440       
PG13 -12251.492127 -12590.087269  19839.449978    429.763366 11 12  7 446       
PG14  13145.811860 -19006.552872 -12692.639810    750.216239  4  6  4 440       
PG15 -16329.081717  -7468.285812 -20140.685557    436.983410  8  6  6 440       
PG16   1040.487863  24288.740775 -10562.702274    316.905838  7  2  4 440       
PG17  21289.626598 -13273.197665   9502.132991   -188.910203  4  5  3 440       
PG18 -19183.565538   -141.158178 -18434.418690   -278.977141  6  8  8 440       
PG19  10997.226346 -15823.322450  17991.090818    704.626180  6  7  2 440       
PG20  -6463.130722 -13744.518747 -21728.196618    261.787545 13 11 10 440       
PG21   1947.103481 -26042.435525  -4722.443840    382.116621  7  6  5 440       
PG22  10741.007434 -23734.438594  -5654.999333     59.151630  5  4  4 440       
PG23 -14434.571633  11709.422418 -18773.069974    679.758911  7  4  2 440       
PG24 -21305.737314 -16113.478075  -2010.419525    163.288488  7  5  7 456       
PG25 -15620.863853   2361.171688  20930.779708    397.366061  3  7  4 440       
PG26  -3104.195516  26098.543516   1419.964063   -389.070864  4  5  7 440       
PG27   2568.772880  15593.194199 -21678.155964      0.504830  3  5  6 440       
PG28  -6471.596811  14080.608714  21571.579433   -441.296594  7  3  5 440       
PG29 -25936.151640   3569.315504   4962.387933   -261.405882  5  6  6 440       
PG30  11744.516278 -10495.000754 -21191.581016    331.929527  6  8  4 440       
PG31   3073.537697  19334.697285  17513.846335   -127.807622  8  6  7 440       
PG32 -16516.665566  15920.812839  13507.416186    219.699570  4  4  1 440       
*  2026  8 16  9 45  0.00000000
PG01  21355.793608  15575.827162   3044.034802    195.651334  8 11 10 441       
PG02  19803.951043  17032.292462  -5990.943982    158.132605  7  4  6 439       
PG03  11865.757126  11671.950581  20512.061245    320.070562  7  5  3 439       
PG04  21549.940860   2920.040100  15401.211230     64.061167  6  6  6 439       
PG05  -6799.329511 -22484.627136 -12547.260168   -236.030131  8  6  4 439       
PG06   6328.148579 -13558.640583  21994.927042   -549.560861  6  8  6 439       
PG07  21876.043221   3549.936890 -14278.279809   -216.017376  8  5  7 439       
PG08  13091.601565  10493.204499 -20880.459519    372.393647  6  4  5 439       
PG09  24916.607088  -6760.158925   6314.998801    700.148390  2  6  4 439       
PG10 -10984.045727  20205.562251 -12699.830509   -550.407064  6  5  3 439       
PG11  -5909.651409 -19826.055239  16765.569678   -240.533098  5  9  4 439       
PG12 -11450.728225 -13445.405100  19553.042319   -604.075090  7  5  6 439       
PG13 -11885.794295 -14773.016589  18515.025736    429.767543 11 11  8 445       
PG14  13143.466120 -17377.145159 -14858.295969    750.215982  4  6  5 439       
PG15 -14457.105180  -8720.322515 -21071.421027    436.985918  8  6  6 439       
PG16    547.014799  25222.046271  -7963.061407    316.911651  7  2  4 439       
PG17  22200.328758 -13342.386446   6877.973852   -188.915150  5  4  4 439       
PG18 -20654.320827  -1517.588831 -16735.491913   -278.969303  6  8  8 439       
PG19  12961.220100 -16177.465093  16238.698696    704.626478  6  6  3 439       
PG20  -4159.871062 -14704.509722 -21664.136955    261.796589 13 11 10 439       
PG21   2252.124902 -26375.234895  -1890.162191    382.110260  6  5  5 439       
PG22  10772.413030 -22870.878935  -8332.965000     59.159390  6  5  3 439       
PG23 -14237.456454   9470.432741 -20155.865620    679.762057  8  4  2 439       
PG24 -20876.733902 -16188.251837  -4760.816582    163.304330  7  2  7 455       
PG25 -15360.693428   -129.903721  21269.658774    397.362859  4  7  5 439       
PG26  -3467.900892  25727.754042   4206.866406   -389.072778  4  5  7 439       
PG27    343.073786  16446.021954 -21144.392116      0.504744  4  5  6 439       
PG28  -8463.336419  12602.387733  21797.361128   -441.287067  6  3  4 439       
PG29 -25315.810722   3128.227396   7682.463950   -261.399428  5  6  6 439       
PG30  13656.618820  -8961.962138 -20771.856581    331.940741  7  7  2 439       
PG31   1313.247088  18078.183186  19013.911430   -127.805209  8  5  7 439       
PG32 -17863.787003  16254.695890  11120.711631    219.716820  3  3  1 439       
*  2026  8 16 10  0  0.00000000
PG01  21338.827246  15894.619155    208.922466    195.642705  9 11 10 440       
PG02  18950.996353  16777.269069  -8648.848518    158.138971  6  4  6 438       
PG03  11565.478791  13959.398417  19235.669027    320.052498  7  5  4 438       
PG04  19893.776540   3773.338820  17312.077455     64.061377  7  6  6 438       
PG05  -6584.556992 -23744.627393 -10057.460325   -236.030699  8  5  4 438       
PG06   8359.507455 -12087.477748  22187.360481   -549.552426  5  7  7 438       
PG07  23061.505765   4631.289139 -12060.263823   -216.021055  8  5  7 438       
PG08  11014.658600  11653.304731 -21418.745456    372.384650  6  5  5 438       
PG09  24223.934957  -6164.761016   8995.360641    700.141043  2  5  4 438       
PG10 -10974.703792  18564.993383 -14989.877013   -550.401566  6  4  3 438       
PG11  -4230.073753 -18729.735484  18447.643332   -240.522425  5  8  4 438       
PG12 -10982.194977 -15613.345910  18181.893626   -604.074729  8  5  6 438       
PG13 -11641.995422 -16803.343836  16869.872527    429.771686 11 11  8 444       
PG14  13195.482837 -15519.899901 -16762.759573    750.215752  4  6  5 438       
PG15 -12584.044112 -10113.014505 -21657.007549    436.988223  8  6  5 438       
PG16    151.139092  25882.467921  -5224.772971    316.917438  6  2  5 438       
PG17  22829.259765 -13346.334658   4138.587970   -188.920255  6  3  4 438       
PG18 -22028.090892  -2687.662348 -14750.701870   -278.961512  7  9  7 438       
PG19  14703.456087 -16558.783022  14199.582966    704.626692  5  6  4 438       
PG20  -1935.610135 -15770.611170 -21225.262437    261.805597 13 10 10 438       
PG21   2504.264256 -26402.495570    974.731925    382.103944  6  5  5 438       
PG22  10798.257874 -21717.975871 -10868.419696     59.166998  7  6  3 438       
PG23 -14156.443494   7088.350939 -21186.785825    679.765171  8  5  3 438       
PG24 -20190.460522 -16135.743870  -7431.875176    163.320250  8  1  7 454       
PG25 -15221.147196  -2645.507767  21228.896784    397.359616  5  7  5 438       
PG26  -3853.196546  25060.215584   6919.171032   -389.074749  5  4  7 438       
PG27  -1769.525740  17378.585672 -20256.040989      0.504850  5  5  6 438       
PG28 -10533.189289  11228.276234  21648.189284   -441.277455  5  3  3 438       
PG29 -24439.111532   2548.786409  10271.492073   -261.393146  5  6  5 438       
PG30  15581.309028  -7562.858538 -19989.216576    331.951984  7  6  2 438       
PG31   -629.992130  16820.949923  20175.833907   -127.802729  8  5  7 438       
PG32 -18940.321938  16538.636825   8543.269650    219.734038  2  3  1 438       
*  2026  8 16 10 15  0.00000000
PG01  21077.635840  16027.661376  -2629.767381    195.634087  9 11 10 439       
PG02  17821.012931  16441.641270 -11160.947135    158.145084  5  4  6 437       
PG03  11403.365628  16093.292040  17623.431290    320.034351  7  5  4 437       
PG04  18107.386154   4804.694435  18927.697399     64.061625  7  7  6 437       
PG05  -6432.540165 -24724.198847  -7395.627614   -236.031131  8  4  4 437       
PG06  10469.363682 -10733.491047  22000.304033   -549.543958  5  7  7 437       
PG07  24071.739732   5507.364463  -9631.641920   -216.024069  9  4  8 437       
PG08   8960.222853  12938.655512 -21596.489800    372.375550  5  5  5 437       
PG09  23308.737549  -5384.048575  11520.983123    700.133650  3  5  4 437       
PG10 -11048.880158  16677.759641 -17013.154736   -550.396050  5  4  3 437       
PG11  -2351.872180 -17627.556922  19814.654511   -240.511682  5  7  4 437       
PG12 -10642.200940 -17626.517579  16490.780120   -604.074471  8  5  7 437       
PG13 -11500.574241 -18639.939216  14932.576622    429.775874 12 10  9 443       
PG14  13329.145426 -13468.751958 -18372.876939    750.215541  4  6  5 437       
PG15 -10750.051552 -11627.218874 -21888.292763    436.990951  8  6  5 437       
PG16   -179.268261  26248.049114  -2395.012388    316.923200  6  2  5 437       
PG17  23178.223125 -13247.251372   1329.627680   -188.925122  6  2  4 437       
PG18 -23261.043821  -3652.131436 -12514.502661   -278.953668  7  9  7 437       
PG19  16198.689006 -16930.476256  11908.987941    704.626847  3  5  5 437       
PG20    168.505590 -16915.913430 -20419.245895    261.814656 13  9 10 437       
PG21   2740.732619 -26119.372182   3822.809226    382.097585  5  5  5 437       
PG22  10854.434671 -20290.442769 -13217.166878     59.174405  7  6  3 437       
PG23 -14208.724812   4611.190262 -21848.534610    679.768314  8  6  3 437       
PG24 -19242.951185 -15992.180600  -9979.741956    163.336240  9  1  7 453       
PG25 -15204.632939  -5135.599545  20810.025081    397.356477  6  7  6 437       
PG26  -4292.916664  24109.037752   9508.561168   -389.076612  5  4  6 437       
PG27  -3734.003053  18360.706818 -19026.419622      0.504757  5  5  5 437       
PG28 -12639.099252   9983.569161  21126.701615   -441.267927  5  3  4 437       
PG29 -23336.677557   1806.673611  12685.157799   -261.386712  5  6  5 437       
PG30  17475.161658  -6315.295102 -18858.258685    331.963206  7  6  3 437       
PG31  -2727.459915  15602.357050  20979.219876   -127.800445  8  5  7 437       
PG32 -19740.432539  16731.964802   5818.756200    219.751279  2  3  2 437       
*  2026  8 16 10 30  0.00000000
PG01  20553.270131  16006.618233  -5423.445278    195.625479  9 11 10 438       
PG02  16418.310638  16064.056322 -13483.747691    158.151204  4  5  6 435       
PG03  11358.864146  18029.278766  15704.125297    320.016217  7  4  5 435       
PG04  16236.741998   6014.947499  20220.198210     64.061841  7  7  6 435       
PG05  -6306.873623 -25404.052116  -4607.038072   -236.031835  7  3  3 435       
PG06  12613.827466  -9521.692679  21437.399291   -549.535497  5  6  8 435       
PG07  24870.807108   6192.789459  -7036.167206   -216.027581  9  5  8 435       
PG08   6968.501691  14326.707646 -21409.348435    372.366470  6  5  5 435       
PG09  22207.724915  -4401.136122  13848.135629    700.126242  4  5  4 435       
PG10 -11235.434726  14582.171178 -18733.590781   -550.390603  5  4  3 435       
PG11   -300.831156 -16557.966255  20843.175257   -240.500954  5  6  4 435       
PG12 -10412.542465 -19443.020954  14510.025949   -604.074137  9  4  7 435       
PG13 -11435.653079 -20247.236431  12736.791688    429.780065 12 10  9 442       
PG14  13565.897502 -11263.420301 -19660.842555    750.215303  5  6  5 435       
PG15  -8991.634748 -13237.186010 -21761.638021    436.993250  8  5  5 435       
PG16   -479.469177  26305.185133    476.881661    316.929155  6  3  5 435       
PG17  23257.151347 -13009.324021  -1501.752114   -188.930485  7  1  4 435       
PG18 -24311.817802  -4420.041079 -10065.438418   -278.945826  6  9  6 435       
PG19  17429.963941 -17253.209098   9406.947761    704.626507  2  4  6 435       
PG20   2116.844571 -18107.461995 -19260.134728    261.823724 13  9  9 435       
PG21   2998.995276 -25529.976009   6604.936903    382.091243  5  4  4 435       
PG22  10973.950836 -18611.241285 -15337.823160     59.181816  8  6  3 435       
PG23 -14403.293433   2089.790161 -22130.382407    679.771491  8  6  3 435       
PG24 -18037.914918 -15794.732077 -12362.981375    163.352173 10  1  7 452       
PG25 -15305.523040  -7550.938593  20021.510035    397.353276  7  6  6 435       
PG26  -4816.911513  22895.568092  11928.815413   -389.078505  6  5  6 435       
PG27  -5521.156262  19357.088979 -17474.632492      0.504829  6  4  5 435       
PG28 -14735.717657   8886.133616  20241.930387   -441.258361  6  3  5 435       
PG29 -22044.765376    884.061875  14882.037512   -261.380765  5  6  5 435       
PG30  19293.597691  -5229.000587 -17399.626387    331.974439  7  5  4 435       
PG31  -4943.567023  14457.138525  21410.280467   -127.798143  8  5  7 435       
PG32 -20267.016778  16794.954046   2993.708391    219.768516  3  3  3 435       
*  2026  8 16 10 45  0.00000000
PG01  19754.547736  15867.088446  -8124.292754    195.616810  8 11  9 437       
PG02  14755.871054  15682.545822 -15576.398127    158.157378  4  6  6 434       
PG03  11404.471251  19728.976032  13511.808538    319.998066  7  4  5 434       
PG04  14328.472892   7396.511846  21167.125059     64.062087  7  7  6 434       
PG05  -6168.851433 -25773.599666  -1739.326095   -236.032265  6  1  3 434       
PG06  14745.852619  -8469.224658  20508.645475   -549.527033  6  5  8 434       
PG07  25428.167176   6709.265464  -4319.776206   -216.030604  9  5  9 434       
PG08   5075.729076  15788.342222 -20859.020243    372.357390  6  5  5 434       
PG09  20961.778586  -3206.900592  15936.389221    700.118865  5  5  4 434       
PG10 -11556.374485  12322.868916 -20120.685246   -550.385089  5  4  3 434       
PG11   1890.265455 -15555.115681  21515.504061   -240.490236  6  6  4 434       
PG12 -10268.460809 -21026.643221  12275.004375   -604.073652  9  4  7 434       
PG13 -11416.147039 -21596.459779  10320.638577    429.784261 12  9  9 441       
PG14  13920.393580  -8947.994663 -20604.682595    750.215040  6  6  5 434       
PG15  -7340.474323 -14911.366413 -21278.959496    436.996197  8  5  5 434       
PG16   -786.270337  26049.249744   3340.294943    316.934935  6  4  5 434       
PG17  23083.693758 -12600.250724  -4307.623656   -188.934934  7  1  5 434       
PG18 -25143.060236  -5008.155693  -7445.477376   -278.937472  6  9  6 438       
PG19  18389.157111 -17486.794237   6737.556412    704.626508  3  3  6 434       
PG20   3880.473786 -19307.493490 -17768.097518    261.832752 13  8  9 434       
PG21   3315.117617 -24647.243515   9273.133186    382.084897  4  4  4 434       
PG22  11185.465358 -16710.900580 -17192.592480     59.189150  8  6  4 434       
PG23 -14740.578288   -423.988174 -22028.303511    679.774665  8  7  3 434       
PG24 -16586.663706 -15580.021237 -14543.129223    163.366545  9  1  7 445       
PG25 -15510.453486  -9844.849819  18878.515437    397.350131  7  6  6 434       
PG26  -5450.623050  21448.621136  14136.721923   -389.080400  6  5  6 434       
PG27  -7108.570809  20328.589242 -15625.380866      0.504523  5  4  4 434       
PG28 -16775.999602   7945.852247  19009.143415   -441.248842  7  4  6 434       
PG29 -20603.912326   -229.490194  16824.303400   -261.374418  5  6  4 434       
PG30  20992.509849  -4305.660725 -15639.572311    331.985648  7  4  5 434       
PG31  -7237.099207  13414.074204  21462.064454   -127.795751  8  5  6 434       
PG32 -20531.511309  16690.514851    116.760586    219.785771  4  3  3 434       
*  2026  8 16 11  0  0.00000000
PG01  18678.616376  15647.090041 -10686.068327    195.608166  7 10  9 436       
PG02  12855.132098  15332.955794 -17401.439716    158.163567  5  6  6 433       
PG03  11506.970304  21161.288835  11085.161842    319.979875  6  4  6 433       
PG04  12428.187786   8933.478800  21751.840906     64.062299  7  7  6 433       
PG05  -5979.137801 -25831.331817   1158.310547   -236.032668  6  1  3 433       
PG06  16816.888616  -7584.847059  19230.206845   -549.518574  8  5  8 433       
PG07  25719.769811   7084.413884  -1529.724847   -216.034158  9  5  9 433       
PG08   3312.928814  17288.817417 -19953.318319    372.348299  7  5  5 433       
PG09  19614.383212  -1800.560573  17749.338133    700.111461  6  5  3 433       
PG10 -12025.838470   9949.181902 -21150.098647   -550.379590  5  4  2 433       
PG11   4182.686457 -14647.582083  21819.969836   -240.479460  7  6  5 433       
PG12 -10179.800430 -22348.114990   9825.439081   -604.073340  9  3  8 433       
PG13 -11407.124928 -22666.593112   7726.026725    429.788434 12  8  9 440       
PG14  14399.839761  -6569.361656 -21188.617714    750.214757  6  5  5 433       
PG15  -5822.417173 -16613.425641 -20447.711590    436.998445  8  4  5 433       
PG16  -1136.342742  25484.878068   6144.287960    316.940707  6  4  5 433       
PG17  22682.521173 -11992.670712  -7040.053957   -188.939782  7  2  5 433       
PG18 -25722.819432  -5440.099594  -4699.302738   -278.929662  5  9  6 436       
PG19  19077.160598 -17591.937380   3948.136499    704.626738  4  3  6 433       
PG20   5438.076922 -20474.871197 -15969.062380    261.841736 13  8  9 433       
PG21   3722.168435 -23492.474831  11781.400812    382.078510  3  3  4 433       
PG22  11511.982333 -14626.539868 -18748.002735     59.196704  8  6  4 433       
PG23 -15212.432448  -2879.090557 -21544.987269    679.777816  8  7  3 433       
PG24 -14907.783523 -15382.684895 -16485.188762    163.382386  7  2  7 444       
PG25 -15798.952960 -11974.867178  17402.526614    397.346932  7  5  7 433       
PG26  -6213.843966  19803.406612  16092.933710   -389.082320  5  5  6 433       
PG27  -8481.346690  21233.670005 -13508.674996      0.504008  5  3  4 433       
PG28 -18712.873716   7164.384566  17449.579097   -441.239371  7  5  7 433       
PG29 -19057.429233  -1536.424529  18478.375319   -261.367976  5  6  4 433       
PG30  22529.865176  -3539.076696 -13609.428037    331.996873  6  4  6 433       
PG31  -9562.691070  12494.927673  21134.542420   -127.793131  8  5  6 433       
PG32 -20553.365490  16385.812402  -2762.190991    219.803018  5  3  4 433       
*  2026  8 16 11 15  0.00000000
PG01  17331.208362  15385.461790 -13064.887577    195.599468  6 10  8 435       
PG02  10745.451282  15047.437412 -18925.541613    158.169398  7  6  6 432       
PG03  11628.892363  22303.438751   8466.758441    319.961724  6  5  6 432       
PG04  10578.842530  10602.046219  21963.835059     64.062549  7  6  5 432       
PG05  -5699.478651 -25584.856946   4035.946434   -236.032961  6  1  2 432       
PG06  18778.593049  -6868.754674  17624.123107   -549.510084  9  5  9 432       
PG07  25728.886152   7350.429986   1286.245040   -216.037467  9  6  9 432       
PG08   1704.863804  18788.951864 -18706.146857    372.339183  7  4  5 432       
PG09  18209.962732   -189.932772  19255.257957    700.104101  6  6  3 432       
PG10 -12649.423360   7513.301696 -21804.102297   -550.374069  5  5  2 432       
PG11   6533.035386 -13857.309557  21751.138994   -240.468715  8  6  5 432       
PG12 -10112.383278 -23386.088810   7204.632887   -604.072854  9  3  7 432       
PG13 -11371.327069 -23445.053698   4997.910337    429.792612 12  8  9 438       
PG14  15003.649029  -4175.535732 -21403.300278    750.214571  6  5  5 432       
PG15  -4456.674994 -18303.436160 -19280.812044    437.001105  7  3  4 432       
PG16  -1564.520060  24625.883592   8838.587510    316.946446  7  5  6 432       
PG17  22084.366460 -11165.436841  -9651.901424   -188.944958  7  3  5 432       
PG18 -26025.739267  -5745.246023  -1873.571475   -278.921786  6  9  7 435       
PG19  19503.699642 -17531.966055   1088.326185    704.626915  5  3  6 432       
PG20   6776.572559 -21566.663550 -13894.254164    261.850779 13  7  9 432       
PG21   4248.743722 -22094.560332  14086.524427    382.072140  3  3  4 432       
PG22  11969.758109 -12400.625098 -19975.586819     59.204175  8  6  5 432       
PG23 -15802.470787  -5227.050868 -20689.727025    679.781013  8  7  3 432       
PG24 -13026.564585 -15234.031899 -18158.071010    163.398227  4  3  7 442       
PG25 -16144.369068 -13904.189082  15620.851497    397.343738  8  5  7 432       
PG26  -7119.716089  18000.202146  17762.741939   -389.084237  5  5  6 432       
PG27  -9632.552730  22029.982554 -11159.444748      0.503696  5  3  3 432       
PG28 -20500.921880   6535.254488  15590.080103   -441.229875  7  6  7 432       
PG29 -17449.794228  -3030.875858  19815.508431   -261.361638  4  5  3 432       
PG30  23867.222242  -2915.636227 -11344.994734    332.008112  6  5  6 432       
PG31 -11872.465062  11713.692827  20434.544020   -127.790797  7  4  6 432       
PG32 -20359.201393  15853.746364  -5592.871306    219.820282  6  3  4 432       
*  2026  8 16 11 30  0.00000000
PG01  15726.576040  15120.242296 -15219.964817    195.590849  5  9  8 434       
PG02   8463.255608  14853.059796 -20120.199338    158.175779  8  6  6 431       
PG03  11730.140932  23141.668086   5702.275973    319.943475  6  5  6 431       
PG04   8819.211388  12371.259103  21798.933838     64.062786  6  6  5 431       
PG05  -5294.387312 -25050.600458   6843.791381   -236.033748  7  1  3 431       
PG06  20584.540988  -6312.726690  15717.928388   -549.501609 11  6  9 431       
PG07  25446.657112   7542.604985   4080.695228   -216.040948  8  7  9 431       
PG08    269.214367  20246.506665 -17137.376873    372.330084  7  4  4 431       
PG09  16792.185667   1608.647719  20427.687105    700.096723  5  6  3 431       
PG10 -13423.877694   5068.353318 -22071.881887   -550.368535  6  5  2 431       
PG11   8894.715774 -13198.815521  21309.921747   -240.458044  8  6  6 431       
PG12 -10029.539100 -24127.803742   4458.643332   -604.072320  8  4  7 431       
PG13 -11270.779099 -23928.045970   2183.493738    429.796763 12  7  9 437       
PG14  15723.422013  -1813.963163 -21245.924734    750.214347  7  5  6 431       
PG15  -3255.255054 -19939.209786 -17796.507060    437.003622  7  3  4 431       
PG16  -2102.150903  23494.803435  11374.594514    316.952133  7  5  6 431       
PG17  21324.830517 -10104.677461 -12097.630328   -188.949750  7  3  5 431       
PG18 -26034.014770  -5957.398189    983.848086   -278.913991  7  9  7 434       
PG19  19686.788284 -17274.465838  -1790.892703    704.626647  6  3  7 431       
PG20   7891.409720 -22539.803501 -11579.639523    261.859820 13  6  8 431       
PG21   4917.669243 -20488.925640  16148.817742    382.065781  2  2  4 431       
PG22  12567.472471 -10079.502873 -20852.489421     59.211799  8  5  5 431       
PG23 -16486.739203  -7423.655963 -19478.193289    679.784157  8  8  3 431       
PG24 -10974.213024 -15160.839367 -19534.981134    163.414010  1  3  7 441       
PG25 -16515.046294 -15602.889080  13566.016788    397.340528  8  5  7 431       
PG26  -8174.013016  16082.827918  19116.746761   -389.086138  4  6  5 431       
PG27 -10563.382874  22676.026062  -8617.046273      0.503385  5  3  3 431       
PG28 -22098.004899   6044.259875  13462.631944   -441.220386  7  7  8 431       
PG29 -15825.007880  -4698.684528  20812.305988   -261.355106  4  5  2 431       
PG30  24971.105599  -2415.072695  -8885.869723    332.019367  5  5  7 431       
PG31 -14117.764844  11076.176810  19375.554400   -127.788664  7  3  6 431       
PG32 -19981.688128  15074.227640  -8325.540694    219.837532  6  3  4 431       
*  2026  8 16 11 45  0.00000000
PG01  13887.109784  14887.088800 -17114.304505    195.582190  5  9  7 432       
PG02   6050.899178  14770.605253 -20962.377787    158.181948  8  6  6 429       
PG03  11769.713267  23671.596634   2839.668680    319.925282  6  5  6 430       
PG04   7182.521674  14204.036673  21259.407860     64.063019  6  5  5 429       
PG05  -4732.737132 -24253.170376   9533.065403   -236.033143  8  1  3 429       
PG06  22191.868277  -5900.601875  13544.185311   -549.493161 11  6  9 429       
PG07  24872.351777   7697.776607   6807.227230   -216.044164  9  7  9 429       
PG08   -983.978022  21617.718986 -15272.615072    372.321012  7  4  4 429       
PG09  15402.306015   3570.743510  21245.919207    700.089349  5  7  3 429       
PG10 -14337.175229   2666.446070 -21949.689525   -550.362993  6  6  2 429       
PG11  11219.525743 -12678.691060  20503.575004   -240.447395  8  7  7 429       
PG12  -9893.726658 -24569.414619   1635.424788   -604.072202  8  4  7 429       
PG13 -11068.437355 -24120.582888   -668.598964    429.800931 12  6  9 436       
PG14  16543.250147    470.133066 -20720.213040    750.214096  7  5  6 429       
PG15  -2222.643902 -21477.729940 -16018.173857    437.006387  7  3  4 429       
PG16  -2775.580369  22122.083614  13706.380384    316.958051  8  6  6 429       
PG17  20442.993341  -8804.600422 -14334.129625   -188.954633  6  4  5 429       
PG18 -25738.075658  -6113.312563   3824.649420   -278.906182  7  9  8 433       
PG19  19651.846375 -16792.750830  -4638.199745    704.626820  6  4  7 429       
PG20   8786.530974 -23352.763636  -9065.290490    261.868829 13  5  8 429       
PG21   5744.932954 -18716.236298  17932.807360    382.059377  2  2  5 429       
PG22  13305.704949  -7711.765912 -21361.981115     59.219099  7  5  6 429       
PG23 -17234.684707  -9430.432069 -17932.099594    679.787326  8  8  3 429       
PG24  -8786.871581 -15184.322950 -20593.752945    163.429805  5  2  7 440       
PG25 -16875.700699 -17048.838090  11275.079254    397.337325  8  6  7 429       
PG26  -9374.738393  14096.989944  20131.408764   -389.088010  4  6  5 429       
PG27 -11282.999666  23132.819500  -5924.665062      0.502955  5  3  2 429       
PG28 -23466.772182   5670.187500  11103.814218   -441.210895  8  8  8 429       
PG29 -14224.971972  -6517.732510  21451.147358   -261.348762  4  5  1 429       
PG30  25814.187223  -2011.477049  -6274.724175    332.030659  6  6  8 429       
PG31 -16250.909644  10579.931196  17977.379852   -127.786363  6  3  6 429       
PG32 -19458.171849  14035.195273 -10911.921224    219.854795  7  3  5 429       
*  2026  8 16 12  0  0.00000000
PG01  11842.652035  14717.796305 -18715.331214    195.573558  4  8  6 431       
PG02   3555.263163  14813.603240 -21435.077912    158.188168  8  5  6 428       
PG03  11707.449017  23898.222701    -71.683229    319.907088  6  5  6 428       
PG04   5695.304389  16058.449639  20353.971741     64.063323  7  5  5 428       
PG05  -3989.196212 -23224.410824  12056.869502   -236.034141  8  2  3 428       
PG06  23562.788465  -5609.060018  11139.941512   -549.484737 12  6 10 428       
PG07  24013.338270   7852.766502   9421.159376   -216.047468  9  7  9 428       
PG08  -2052.573980  22858.932167 -13142.861991    372.311925  7  3  3 428       
PG09  14077.605544   5664.554081  21695.395500    700.082003  4  7  4 428       
PG10 -15368.960426    356.787041 -21440.844618   -550.357500  6  6  2 428       
PG11  13459.322964 -12295.415298  19345.600586   -240.436780  9  7  7 428       
PG12  -9668.178656 -24715.979091  -1216.043720   -604.071608  7  4  7 428       
PG13 -10729.800552 -24036.175945  -3509.174281    429.805137 12  5  9 435       
PG14  17440.324919   2635.302800 -19836.280010    750.213827  7  5  6 428       
PG15  -1355.758001 -22876.639102 -13974.057375    437.008870  8  3  4 428       
PG16  -3604.832313  20544.933979  15791.642740    316.964109  8  6  6 428       
PG17  19479.879220  -7267.999805 -16321.520456   -188.959737  6  5  4 428       
PG18 -25136.974465  -6251.119509   6600.861677   -278.898869  7  9  8 428       
PG19  19430.517216 -16067.102831  -7402.947131    704.627042  6  5  7 428       
PG20   9474.006384 -23967.181515  -6394.678666    261.877832 13  3  8 428       
PG21   6738.889247 -16820.912604  19407.841485    382.052999  4  3  5 428       
PG22  14176.745528  -5346.513658 -21493.862340     59.226441  7  5  6 428       
PG23 -18010.384654 -11215.898674 -16078.771066    679.790437  8  8  4 428       
PG24  -6504.481275 -15319.311605 -21317.132995    163.445542  7  1  7 439       
PG25 -17188.929883 -18228.308561   8788.872948    397.334044  8  6  6 428       
PG26 -10712.056293  12088.564239  20789.468489   -389.089866  4  6  5 428       
PG27 -11808.062028  23365.519896  -3128.619082      0.502377  5  3  2 428       
PG28 -24575.997864   5385.805169   8554.173732   -441.201409  8  9  8 428       
PG29 -12687.954019  -8458.592962  21720.522371   -261.342544  4  5  1 428       
PG30  26376.233456  -1674.518618  -3556.546822    332.041912  6  6  8 428       
PG31 -18226.897259  10214.527610  16265.695999   -127.783842  6  4  6 428       
PG32 -18829.114541  12733.325962 -13306.114481    219.872005  7  3  5 428       
*  2026  8 16 12 15  0.00000000
PG01   9629.532251  14638.973986 -19995.447837    195.564960  1  7  5 430       
PG02   1026.145987  14987.652340 -21527.805696    158.194336  8  5  6 427       
PG03  11505.737555  23835.574168  -2981.830836    319.888892  6  6  6 427       
PG04   4376.506206  17889.201286  19097.673586     64.063560  7  4  5 427       
PG05  -3045.444597 -22002.177618  14371.035142   -236.034282  8  3  3 427       
PG06  24665.927827  -5408.679385   8546.116706   -549.476281 12  6 10 427       
PG07  22884.778903   8042.859168  11880.142234   -216.050910  9  7  9 427       
PG08  -2942.289203  23928.260883 -10784.057999    372.302870  7  3  3 427       
PG09  12849.999760   7851.951550  21767.988053    700.074618  4  7  4 427       
PG10 -16491.342311  -1816.064515 -20555.588657   -550.351973  7  6  2 427       
PG11  15567.697855 -12039.491975  17855.538915   -240.426085 10  8  8 427       
PG12  -9318.504134 -24581.109595  -4046.626961   -604.071229  6  5  6 427       
PG13 -10224.424248 -23696.207780  -6289.324150    429.809307 12  5  9 433       
PG14  18385.824747   4645.253909 -18610.385882    750.213597  8  5  7 427       
PG15   -644.167978 -24095.733739 -11696.937480    437.011471  8  3  4 427       
PG16  -4602.555657  18805.899586  17592.591363    316.969573  8  6  6 427       
PG17  18476.833168  -5506.436028 -18023.934623   -188.964455  4  5  4 427       
PG18 -24238.466474  -6408.699435   9265.614584   -278.890991  6  9  8 427       
PG19  19059.239273 -15085.724760 -10036.149801    704.626714  6  6  7 427       
PG20   9973.354522 -24349.371930  -3613.913237    261.886883 13  1  7 427       
PG21   7899.766191 -14849.512247  20548.613259    382.046685  5  3  5 427       
PG22  15164.755123  -3031.578549 -21244.741807     59.234195  6  5  6 427       
PG23 -18773.984273 -12756.546085 -13950.626820    679.793599  8  8  4 427       
PG24  -4169.519782 -15573.651631 -21693.015034    163.461329  7  1  7 437       
PG25 -17416.793499 -19136.245518   6151.212979    397.330821  8  6  6 427       
PG26 -12168.554570  10101.895920  21080.226086   -389.091703  5  6  5 427       
PG27 -12161.947454  23344.918906   -277.569606      0.502371  5  3  1 427       
PG28 -25401.692422   5159.092015   5857.530042   -441.191909  8  9  9 427       
PG29 -11247.197043 -10485.471569  21615.264240   -261.335905  5  5  1 427       
PG30  26644.785933  -1370.824287   -777.867864    332.053162  7  6  9 427       
PG31 -20004.987719   9962.159204  14271.494280   -127.781602  6  5  6 427       
PG32 -18136.404458  11174.400855 -15465.488805    219.889235  7  4  5 427       
*  2026  8 16 12 30  0.00000000
PG01   7289.358215  14670.930025 -20932.512694    195.556367  4  6  4 428       
PG02  -1485.496157  15290.069278 -21236.922650    158.200532  7  5  6 425       
PG03  11131.118593  23506.028577  -5841.105259    319.870669  6  5  6 425       
PG04   3236.898730  19649.257452  17511.673415     64.063772  7  4  5 425       
PG05  -1891.122033 -20628.882099  16434.934856   -236.034937  8  4  4 425       
PG06  25477.429480  -5265.230051   5806.829138   -549.467813 11  6  9 425       
PG07  21509.069257   8300.372150  14144.712235   -216.054291  9  7  9 425       
PG08  -3666.331915  24787.225593  -8236.518732    372.293786  6  3  2 425       
PG09  11744.863746  10089.774265  21462.166736    700.067207  4  7  5 425       
PG10 -17669.997983  -3813.731994 -19310.803182   -550.346441  7  6  2 425       
PG11  17501.592102 -11893.904261  16058.659880   -240.415406 10  8  8 425       
PG12  -8814.185743 -24186.310510  -6807.881741   -604.070815  5  5  6 425       
PG13  -9527.278868 -23129.013751  -8961.269770    429.813475 12  6  9 432       
PG14  19346.040622   6470.022324 -17064.585403    750.213380  8  4  7 425       
PG15    -70.595093 -25098.416814  -9223.723117    437.014048  8  3  5 425       
PG16  -5773.286084  16951.210265  19076.736877    316.975581  8  7  6 425       
PG17  17473.871915  -3540.072122 -19410.244866   -188.969663  2  6  4 425       
PG18 -23058.779152  -6622.073766  11773.885051   -278.883136  5  9  8 425       
PG19  18577.636619 -13845.367781 -12491.428517    704.626529  6  6  6 425       
PG20  10310.578876 -24471.667498   -770.936884    261.895866 13  1  7 425       
PG21   9219.495069 -12849.043314  21335.590128    382.040300  6  4  6 425       
PG22  16246.275785   -811.792169 -20618.176752     59.241523  5  5  6 425       
PG23 -19483.284933 -14037.504206 -11584.588037    679.796723  8  8  5 425       
PG24  -1825.655289 -15947.858669 -21714.624522    163.477082  7  1  6 436       
PG25 -17522.399463 -19776.203691   3408.075448    397.327571  7  6  6 425       
PG26 -13719.826728   8178.185290  20999.678089   -389.093528  6  6  5 425       
PG27 -12373.692465  23048.751311   2578.348321      0.501763  5  4  1 425       
PG28 -25927.947328   4954.658914   3060.225107   -441.182445  8  9  9 425       
PG29  -9929.729227 -12557.406253  21136.674746   -261.329738  5  5  1 425       
PG30  26615.555624  -1065.461043   2014.023713    332.064420  7  6  9 425       
PG31 -21550.106790   9798.536147  12030.444007   -127.779275  7  6  6 425       
PG32 -17421.608224   9373.308726 -17351.513695    219.906498  7  4  5 425       
*  2026  8 16 12 45  0.00000000
PG01   4867.608355  14826.808300 -21510.227303    195.547762  7  5  3 427       
PG02  -3929.388106  15709.890921 -20565.858943    158.206829  6  6  6 424       
PG03  10555.716341  22939.333276  -8600.944149    319.852451  7  5  5 424       
PG04   2278.809841  21291.563795  15622.911638     64.063977  7  3  5 424       
PG05   -524.464672 -19149.859559  18212.236569   -236.035302  8  4  4 424       
PG06  25981.785964  -5141.154468   2968.670955   -549.459374 11  6  9 424       
PG07  19915.047257   8653.361521  16178.785197   -216.057675  9  8  8 424       
PG08  -4244.732526  25402.288881  -5544.265146    372.284702  6  3  2 424       
PG09  10780.125518  12331.328592  20783.045168    700.059776  4  7  5 424       
PG10 -18865.534535  -5605.286794 -17729.603621   -550.340927  8  6  2 424       
PG11  19222.800969 -11834.871722  13985.554261   -240.404655 11  9  8 424       
PG12  -8129.915339 -23560.032409  -9452.870493   -604.070435  5  5  5 424       
PG13  -8619.898656 -22368.709898 -11479.179697    429.817624 13  7  9 430       
PG14  20283.693152   8086.885940 -15226.284196    750.213163  8  4  7 424       
PG15    388.330160 -25853.056948  -6594.970445    437.016501  7  3  5 424       
PG16  -7113.059289  15028.981952  20217.557902    316.981406  7  7  5 424       
PG17  16508.076574  -1397.162732 -20454.726874   -188.974161  3  6  3 424       
PG18 -21622.079471  -6923.869362  14083.216453   -278.875313  4  8  8 424       
PG19  18026.800453 -12351.607407 -14725.882267    704.626528  5  7  6 424       
PG20  10516.958940 -24313.535993   2085.305795    261.904817 13  2  7 424       
PG21  10681.868918 -10865.272611  21755.342389    382.033956  7  4  6 424       
PG22  17391.074453   1272.634256 -19624.666252     59.249064  5  5  6 424       
PG23 -20095.421120 -15052.882321  -9021.423901    679.799866  8  8  6 424       
PG24    483.643079 -16435.029999 -21380.651708    163.492850  6  2  6 434       
PG25 -17471.433568 -20159.963242    606.771429    397.324311  7  6  6 424       
PG26 -15335.343802   6354.027401  20550.512911   -389.095333  6  6  5 424       
PG27 -12476.688876  22462.754031   5388.459517      0.501462  6  3  1 424       
PG28 -26147.480543   4735.303555    210.329707   -441.173003  7 10 10 424       
PG29  -8755.420899 -14629.681364  20292.537093   -261.323305  5  4  1 424       
PG30  26292.520048   -723.464649   4771.857368    332.075700  7  6  9 424       
PG31 -22834.018105   9694.032222   9582.188038   -127.776989  7  7  7 424       
PG32 -16724.238535   7353.680462 -18930.519668    219.923770  7  4  5 424       
*  2026  8 16 13  0  0.00000000
PG01   2412.077437  15112.010979 -21718.427834    195.539120  8  5  5 425       
PG02  -6257.776153  16228.239603 -19525.173558    158.213029  5  6  6 422       
PG03   9758.455059  22171.366988 -11214.683707    319.834270  7  5  5 423       
PG04   1496.189658  22770.784356  13463.670882     64.064198  6  2  5 422       
PG05   1047.398615 -17611.626725  19671.584813   -236.036258  8  5  5 422       
PG06  26172.369296  -4997.179761     79.942684   -549.450899 10  6  9 422       
PG07  18137.003456   9124.500323  17950.092499   -216.061075  9  8  8 422       
PG08  -4703.386804  25746.227595  -2754.257224    372.275618  6  4  2 422       
PG09   9965.663837  14528.040398  19742.303480    700.052368  5  7  5 422       
PG10 -20035.048615  -7168.198979 -15840.824326   -550.335490  8  6  3 422       
PG11  20699.301684 -11832.881583  11671.630795   -240.393995 11  9  8 422       
PG12  -7246.719326 -22736.485081 -11936.927857   -604.069849  6  4  4 422       
PG13  -7491.277450 -21453.814188 -13799.948353    429.821815 13  8  9 429       
PG14  21159.387426   9480.992268 -13127.714177    750.212912  8  4  7 422       
PG15    761.066613 -26334.203643  -3854.323168    437.019173  7  3  5 422       
PG16  -8609.394570  13087.351116  20995.026928    316.987049  7  7  5 422       
PG17  15612.095073    886.792610 -21137.632875   -188.979229  5  6  2 422       
PG18 -19959.657814  -7341.912446  16154.401772   -278.867457  5  8  7 422       
PG19  17447.537676 -10618.760567 -16700.869760    704.626765  4  7  6 422       
PG20  10627.644536 -23862.431775   4905.712530    261.913849 13  4  7 422       
PG21  12263.023986  -8941.094126  21800.765923    382.027630  8  5  6 422       
PG22  18563.288162   3187.544136 -18281.493219     59.256381  5  6  6 422       
PG23 -20568.562171 -15805.772112  -6305.047647    679.803040  8  8  6 422       
PG24   2716.495493 -17021.022814 -20695.330451    163.508647  5  3  6 433       
PG25 -17233.575246 -20306.848375  -2204.869183    397.321067  6  5  6 422       
PG26 -16979.575491   4660.162964  19741.970935   -389.097142  6  6  5 422       
PG27 -12507.186222  21581.422823   8102.525950      0.500802  6  4  1 422       
PG28 -26061.862003   4463.639532  -2643.179892   -441.163147  7 10 10 426       
PG29  -7736.327156 -16655.403356  19097.013725   -261.316690  5  4  1 422       
PG30  25687.724537   -311.357034   7449.141968    332.086970  7  7 10 422       
PG31 -23836.223791   9615.030941   6969.590028   -127.774690  7  8  7 422       
PG32 -16080.111834   5147.166450 -20174.363391    219.940971  7  4  5 422       
*  2026  8 16 13 15  0.00000000
PG01    -28.766245  15523.930366 -21553.274603    195.530524  7  6  6 424       
PG02  -8427.188711  16819.044826 -18132.450473    158.219021  5  7  6 421       
PG03   8726.013104  21242.692609 -13638.305598    319.816069  7  5  5 421       
PG04    875.010542  24044.993533  11071.036744     64.064378  6  2  5 421       
PG05   2808.505793 -16060.098115  20787.193239   -236.036225  7  5  5 421       
PG06  26051.638373  -4794.001321  -2810.142348   -549.442460  8  6  8 421       
PG07  16213.527718   9730.161190  19430.563248   -216.064284  9  8  8 421       
PG08  -5072.847308  25799.279285     84.455498    372.266517  5  4  1 421       
PG09   9303.035134  16631.191129  18357.988378    700.044924  5  6  6 421       
PG10 -21133.816541  -8488.942838 -13678.411805   -550.329995  8  6  4 421       
PG11  21906.356208 -11853.955586   9156.525808   -240.383332 11  9  8 421       
PG12  -6152.834572 -21754.258678 -14218.370131   -604.069529  7  4  3 421       
PG13  -6138.477367 -20425.715491 -15883.922226    429.825997 13  9  9 427       
PG14  21933.148203  10645.681423 -10805.340339    750.212652  8  3  7 421       
PG15   1079.946968 -26523.609949  -1047.875141    437.021687  7  3  5 421       
PG16 -10241.649017  11172.626687  21395.980799    316.992682  7  8  5 421       
PG17  14812.820137   3270.205041 -21445.657584   -188.983984  6  6  2 421       
PG18 -18108.856934  -7898.003803  17952.121939   -278.859606  5  7  7 421       
PG19  16878.662249  -8669.452141 -18382.683879    704.626915  3  8  5 421       
PG20  10680.109218 -23114.349209   7641.865520    261.922877 13  5  7 421       
PG21  13932.225587  -7115.019903  21471.195924    382.021223  8  5  6 421       
PG22  19722.823802   4906.021045 -16612.415721     59.264100  5  6  6 421       
PG23 -20863.575109 -16307.918508  -3481.774780    679.806179  8  7  7 421       
PG24   4833.958544 -17684.897120 -19668.458697    163.524448  6  4  6 431       
PG25 -16783.749002 -20242.783129  -4979.290599    397.317792  5  5  6 421       
PG26 -18613.310027   3120.487487  18589.578687   -389.098965  6  7  5 421       
PG27 -12502.661815  20408.425724  10671.743613      0.500413  5  4  1 421       
PG28 -25681.410600   4103.735921  -5451.261044   -441.153663  7 10 10 424       
PG29  -6876.343545 -18587.177855  17570.428597   -261.310451  5  4  2 421       
PG30  24820.798709    201.403247  10000.900914    332.098245  7  7 10 421       
PG31 -24544.565713   9525.413683   4237.950530   -127.772484  7  8  8 421       
PG32 -15519.867029   2792.384740 -21060.980354    219.958195  6  4  5 421       
*  2026  8 16 13 30  0.00000000
PG01  -2407.450405  16052.001628 -21017.335443    195.521861  6  6  7 422       
PG02 -10400.036537  17450.096318 -16412.025647    158.225313  6  7  6 419       
PG03   7453.482924  20196.957445 -15831.129704    319.797878  6  5  4 419       
PG04    393.987136  25077.254447   8486.265461     64.064585  6  3  5 419       
PG05   4734.477767 -14538.833574  21539.334576   -236.036821  7  5  6 419       
PG06  25631.015191  -4493.974346  -5652.272246   -549.434027  6  6  7 419       
PG07  14186.230451  10479.727745  20596.655707   -216.067583  8  8  7 419       
PG08  -5386.910336  25550.009366   2921.649524    372.257412  6  4  1 419       
PG09   8785.540644  18593.669634  16654.193790    700.037477  6  6  6 419       
PG10 -22117.044903  -9563.242209 -11280.744021   -550.324560  8  6  5 419       
PG11  22827.344851 -11861.104144   6483.434161   -240.372650 11 10  8 419       
PG12  -4844.306069 -20654.807795 -16259.139582   -604.068913  8  4  2 419       
PG13  -4566.927730 -19327.049981 -17695.562341    429.830206 13  9  9 426       
PG14  22565.976308  11582.497779  -8299.211396    750.212339  7  3  7 419       
PG15   1379.786668 -26411.017850   1776.542240    437.024373  7  4  5 419       
PG16 -11981.724249   9327.542238  21414.327904    316.998590  6  8  6 419       
PG17  14130.302978   5706.818848 -21372.279132   -188.988758  8  6  2 419       
PG18 -16111.783352  -8606.920996  19445.530840   -278.851769  5  7  7 419       
PG19  16355.400931  -6533.854921 -19743.107477    704.627133  3  8  4 419       
PG20  10712.523632 -22074.057643  10246.857102    261.931878 13  7  7 419       
PG21  15652.928135  -5419.850555  20772.410323    382.014865  9  6  7 419       
PG22  20826.952827   6409.272807 -14647.213418     59.271570  5  6  6 419       
PG23 -20945.587492 -16579.074705   -599.555165    679.809304  8  7  7 419       
PG24   6801.285412 -18399.614495 -18315.355340    163.540229  6  4  6 430       
PG25 -16103.169334 -19999.126576  -7669.969876    397.314538  5  4  6 419       
PG26 -20195.115349   1751.352887  17114.769473   -389.100802  6  7  5 419       
PG27 -12500.128376  18956.647144  13049.732242      0.500554  5  4  1 419       
PG28 -25024.766699   3622.703404  -8165.645297   -441.144174  8 10 11 422       
PG29  -6171.189975 -20378.823165  15738.935696   -261.304046  5  3  3 419       
PG30  23718.208931    841.089594  12384.373031    332.109465  6  7  9 419       
PG31 -24955.511901   9388.129015   1434.208006   -127.770282  7  9  8 419       
PG32 -15067.709447    333.583089 -21574.810589    219.975380  6  4  4 419       
*  2026  8 16 13 45  0.00000000
PG01  -4679.131853  16678.075827 -20119.560379    195.513270  5  7  8 420       
PG02 -12145.977196  18084.385922 -14394.546215    158.231553  6  7  6 418       
PG03   5944.715545  19079.201234 -17756.445101    319.779694  6  5  4 418       
PG04     25.589328  25837.020298   5754.068794     64.064760  6  4  4 418       
PG05   6793.276676 -13087.388484  21914.716404   -236.037415  7  5  6 418       
PG06  24930.433380  -4062.749326  -8397.857475   -549.425634  5  7  6 418       
PG07  12098.378624  11375.152836  21429.640798   -216.071032  8  8  6 418       
PG08  -5681.056483  24995.856442   5706.888439    372.248333  5  5  1 418       
PG09   8398.630860  20371.669966  14660.628079    700.030001  6  5  6 418       
PG10 -22941.611696 -10395.955469  -8689.893702   -550.319092  7  6  5 418       
PG11  23454.297173 -11815.911617   3698.372025   -240.361942 11 10  8 418       
PG12  -3325.288374 -19480.856530 -18025.377575   -604.068454  8  4  2 418       
PG13  -2790.403558 -18200.047612 -19204.033033    429.834374 12 10  9 424       
PG14  23021.367753  12300.895270  -5652.266593    750.212047  7  3  7 418       
PG15   1696.364496 -25994.667646   4570.142217    437.026692  7  4  5 418       
PG16 -13795.090673   7589.684823  21051.090611    317.004277  6  8  6 418       
PG17  13576.953857   8147.345317 -20917.960616   -188.994183  8  6  3 418       
PG18 -14013.846325  -9475.685888  20608.778587   -278.843886  6  6  7 418       
PG19  15907.977600  -4248.640491 -20759.843468    704.626765  5  8  4 418       
PG20  10762.112377 -20755.009817  12676.085140    261.940898 13  8  7 418       
PG21  17384.068665  -3881.575598  19716.523383    382.008518  8  7  7 418       
PG22  21832.031542   7687.175329 -12421.100059     59.279121  6  6  6 418       
PG23 -20785.393721 -16646.068596   2292.809777    679.812442  8  7  7 418       
PG24   8589.056049 -19132.976234 -16656.747230    163.556021  7  4  6 428       
PG25 -15180.145985 -19611.335530 -10232.132932    397.311291  5  4  6 418       
PG26 -21682.880129    561.182275  15344.404911   -389.102647  6  7  5 418       
PG27 -12534.454299  17247.853581  15193.489645      0.500157  4  4  1 418       
PG28 -24118.156647   2992.164931 -10739.666043   -441.134698  7 10 11 421       
PG29  -5608.724960 -21987.052969  13634.078069   -261.297953  6  3  3 418       
PG30  22412.276025   1628.542043  14559.671901    332.120702  5  7  9 418       
PG31 -25074.125160   9166.781659  -1393.860757   -127.767734  6  9  9 421       
PG32 -14740.434070  -2180.928901 -21707.086838    219.992587  5  4  4 418       
*  2026  8 16 14  0  0.00000000
PG01  -6803.130954  17377.100323 -18875.146750    195.504710  6  8  8 419       
PG02 -13642.978444  18681.679877 -12116.370391    158.237779  6  7  6 416       
PG03   4212.339537  17934.134407 -19382.073005    319.761467  6  5  4 416       
PG04   -262.691233  26301.301725   2921.828712     64.064950  6  5  5 416       
PG05   8946.277373 -11739.834239  21906.733778   -236.037691  7  5  6 416       
PG06  23977.574565  -3470.789037 -10999.846120   -549.417232  5  7  6 416       
PG07   9993.488171  12410.775166  21915.839613   -216.074191  8  8  5 416       
PG08  -5990.811183  24143.327011   8390.505874    372.239303  5  5  1 416       
PG09   8120.630404  21926.267433  12412.076442    700.022596  6  5  6 416       
PG10 -23567.731082 -11000.614164  -5950.852971   -550.313670  7  6  6 416       
PG11  23788.098157 -11680.190814    849.383737   -240.351344 11 10  8 416       
PG12  -1608.043779 -18274.783647 -19487.922185   -604.067806  8  3  2 416       
PG13   -830.685168 -17084.911881 -20383.708521    429.838624 12 10  8 422       
PG14  23266.739745  12817.652166  -2909.610668    750.211825  7  3  7 416       
PG15   2064.830473 -25281.500846   7284.025179    437.029274  7  5  5 416       
PG16 -15642.079685   5990.166594  20314.287650    317.009949  6  8  6 416       
PG17  13157.068584  10541.240905 -20090.201776   -188.998634  9  6  3 416       
PG18 -11862.176074 -10503.126834  21421.464734   -278.836018  7  4  7 416       
PG19  15560.430318  -1855.689550 -21416.816588    704.627067  6  8  4 416       
PG20  10863.558073 -19178.928082  14888.005231    261.949887 13  9  7 416       
PG21  19081.544275  -2518.544768  18321.771725    382.002148  8  7  7 416       
PG22  22695.271423   8738.453277  -9974.017662     59.286713  6  7  6 416       
PG23 -20360.654553 -16541.617519   5146.454070    679.815603  7  7  7 416       
PG24  10174.136238 -19848.776323 -14718.579544    163.571856  7  4  6 426       
PG25 -14010.626009 -19117.506712 -12623.421430    397.308002  5  3  6 416       
PG26 -23035.372131   -449.595007  13310.213060   -389.104403  6  7  5 416       
PG27 -12636.772796  15311.990196  17064.282270      0.500323  2  4  1 416       
PG28 -22994.377641   2189.553415 -13129.059110   -441.125304  8 10 11 419       
PG29  -5169.578888 -23373.061446  11292.244149   -261.291436  6  3  4 416       
PG30  20939.994974   2578.208752  16490.397193    332.131952  4  7  9 416       
PG31 -24913.722458   8827.181142  -4198.428145   -127.765243  6  9  9 419       
PG32 -14546.769265  -4700.510975 -21455.978854    220.009864  5  5  4 416       
*  2026  8 16 14 15  0.00000000
PG01  -8744.308633  18118.081591 -17305.295730    195.496119  8  8  9 417       
PG02 -14878.029460  19200.250231  -9618.823518    158.243797  7  7  6 414       
PG03   2277.455857  16804.448961 -20680.856532    319.743299  6  5  4 414       
PG04   -506.871271  26455.552079     38.756460     64.065088  6  6  4 414       
PG05  11149.609715 -10523.509558  21515.592733   -236.038433  7  6  7 414       
PG06  22806.819738  -2694.708446 -13413.520761   -549.408806  5  7  5 414       
PG07   7913.915044  13573.399476  22046.815704   -216.077563  7  7  5 414       
PG08  -6350.096809  23007.826564  10924.584913    372.230234  5  6  1 414       
PG09   7923.753166  23224.810226   9947.769494    700.015150  6  5  6 414       
PG10 -23960.480329 -11398.641938  -3110.735515   -550.308241  6  6  7 414       
PG11  23838.360210 -11417.641400  -2014.293544   -240.340705 11 10  8 414       
PG12    287.359167 -17077.046098 -20622.727359   -604.067433  8  2  4 414       
PG13   1283.087674 -16018.294208 -21214.590332    429.842829 12 10  8 420       
PG14  23274.712265  13156.021201   -117.768301    750.211595  7  3  7 414       
PG15   2518.103164 -24287.036548   9870.068340    437.031696  7  6  5 414       
PG16 -17479.382897   4552.591820  19218.666642    317.015785  5  8  6 414       
PG17  12866.705518  12838.554307 -18903.435045   -189.003777  9  6  4 414       
PG18  -9703.977782 -11679.754933  21869.013357   -278.828148  7  3  7 414       
PG19  15329.703351    599.381578 -21704.348120    704.627047  7  8  4 414       
PG20  11047.514111 -17375.084984  16844.827771    261.958925 13 10  7 414       
PG21  20699.816930  -1340.941004  16612.196759    381.995817  8  7  7 414       
PG22  23376.481725   9570.491997  -7349.832010     59.293680  5  7  6 414       
PG23 -19656.847372 -16302.936477   7913.228225    679.818725  7  7  7 414       
PG24  11540.427673 -20508.136548 -12531.742591    163.587658  7  4  7 425       
PG25 -12598.458724 -18556.852230 -14804.505956    397.304766  6  3  6 414       
PG26 -24213.752991  -1288.294148  11048.159307   -389.106330  6  8  5 414       
PG27 -12833.053140  13186.135857  18628.445100      0.500063  2  5  3 414       
PG28 -21691.542038   1199.185539 -15292.722601   -441.116172  8  9 11 414       
PG29  -4828.081831 -24503.947335   8754.030636   -261.285249  7  4  4 414       
PG30  19341.699380   3697.427561  18144.192270    332.143188  4  7  9 414       
PG31 -24495.244483   8338.793850  -6932.380302   -127.762903  5  9 10 417       
PG32 -14487.067397  -7174.013197 -20826.592038    220.027070  5  5  4 414       
*  2026  8 16 14 30  0.00000000
PG01 -10474.232780  18865.294330 -15436.863069    195.487550  9  9  9 415       
PG02 -15847.466409  19598.685132  -6947.332095    158.250042  7  7  6 412       
PG03    169.020971  15729.222333 -21631.073055    319.725129  6  5  4 412       
PG04   -744.861723  26294.233717  -2844.987699     64.065271  7  6  4 412       
PG05  13355.717652  -9458.053443  20748.301864   -236.038908  7  6  7 412       
PG06  21457.953630  -1718.384959 -15597.264100   -549.400381  6  8  5 412       
PG07   5899.487249  14842.638985  21819.521521   -216.081044  7  6  4 412       
PG08  -6789.649457  21613.131060  13263.907675    372.221115  4  6  1 412       
PG09   7775.365643  24242.071603   7310.671133    700.007698  7  5  7 412       
PG10 -24091.134940 -11618.291187   -217.970981   -550.302799  6  5  7 412       
PG11  23622.964756 -10995.446159  -4843.092322   -240.329987 10  9  8 412       
PG12   2333.633135 -15924.696426 -21411.201845   -604.067123  8  1  5 412       
PG13   3515.342240 -15031.920286 -21682.630092    429.847034 11 11  8 419       
PG14  23024.199950  13344.649626   2676.071212    750.211358  6  3  7 412       
PG15   3085.322927 -23034.913828  12281.845354    437.034184  7  6  6 412       
PG16 -19261.689874   3292.356274  17785.301564    317.021638  6  8  7 412       
PG17  12693.921249  14991.762380 -17378.765502   -189.008643  8  6  4 412       
PG18  -7584.881081 -12987.962795  21942.962231   -278.820300  7  4  7 412       
PG19  15225.043315   3068.816366 -21619.208265    704.627052  8  8  5 412       
PG20  11339.283056 -15379.306168  18513.149145    261.967881 13 10  6 412       
PG21  22193.584276   -350.574164  14617.229115    381.989444  7  7  7 412       
PG22  23839.708551  10198.792405  -4595.452144     59.301579  5  7  6 412       
PG23 -18667.933772 -15970.191661  10546.464686    679.821867  6  7  7 412       
PG24  12679.375862 -21070.982937 -10131.708656    163.603385  7  3  7 423       
PG25 -10955.379108 -17968.162478 -16739.642454    397.301519  6  3  6 412       
PG26 -25182.992512  -1969.429513   8597.766005   -389.108187  6  8  5 412       
PG27 -13142.900004  10913.161420  19858.066839      0.499815  3  5  3 412       
PG28 -20251.629484     13.069391 -17193.423033   -441.106678  8  9 11 412       
PG29  -4553.449103 -25353.919475   6063.523548   -261.278668  7  5  4 412       
PG30  17659.618208   4985.972682  19493.242925    332.154437  5  7  8 412       
PG31 -23846.363878   7676.047427  -9550.049758   -127.760824  5  9 10 415       
PG32 -14553.352793  -9551.609866 -19830.823061    220.044274  5  5  4 412       
*  2026  8 16 14 45  0.00000000
PG01 -11972.088646  19579.690808 -13301.908884    195.478948 10  9  9 413       
PG02 -16556.898640  19837.693589  -4150.462805    158.256541  7  7  7 413       
PG03  -2077.058837  14742.470812 -22216.765702    319.706977  6  5  4 410       
PG04  -1014.774718  25821.041288  -5679.196459     64.065503  7  6  5 410       
PG05  15515.071901  -8554.758595  19618.532509   -236.039268  7  6  7 410       
PG06  19974.669691   -533.794495 -17513.280413   -549.391940  6  8  5 410       
PG07   3986.219644  16191.512362  21236.396880   -216.084260  6  5  4 410       
PG08  -7335.571242  19990.519844  15366.849217    372.212028  4  6  1 410       
PG09   7639.446300  24961.117584   4546.700525    700.000250  7  5  7 410       
PG10 -23938.266941 -11693.343675   2678.495450   -550.297398  5  5  7 410       
PG11  23167.290416 -10385.740948  -7587.988424   -240.319314 10  9  8 410       
PG12   4497.122479 -14850.045339 -21840.466852   -604.066682  8  1  6 410       
PG13   5825.244912 -14151.419594 -21779.953677    429.851214 11 11  8 416       
PG14  22501.276361  13416.311138   5424.809070    750.211119  6  3  7 410       
PG15   3790.429233 -21556.106834  14475.554789    437.037000  7  7  6 410       
PG16 -20943.392144   2216.299369  16041.073307    317.027445  6  8  7 410       
PG17  12619.356059  16957.514355 -15543.559776   -189.013919  8  6  5 410       
PG18  -5547.345892 -14402.542730  21641.158813   -278.812424  7  5  7 410       
PG19  15247.715139   5504.371256 -21164.553450    704.627151  9  8  6 410       
PG20  11757.711048 -13232.733847  19864.507512    261.976871 13 11  6 410       
PG21  23519.452607    458.997738  12371.182229    381.983071  7  7  7 410       
PG22  24054.700410  10646.097076  -1759.898436     59.308734  4  7  6 410       
PG23 -17396.720952 -15584.855962  13001.718527    679.825006  5  6  7 410       
PG24  13590.209018 -21497.615042  -7558.073745    163.619198  7  2  7 421       
PG25  -9100.714198 -17388.309183 -18397.169905    397.298308  7  3  7 410       
PG26 -25913.131561  -2513.901825   6001.396150   -389.110071  6  8  5 410       
PG27 -13578.635902   8540.150921  20731.540547      0.499356  3  5  4 410       
PG28 -18718.902465  -1368.586146 -18798.435667   -441.097190  8  8 10 410       
PG29  -4311.176903 -25905.234960   3267.511204   -261.272404  7  6  5 410       
PG30  15936.375550   6435.882655  20514.712402    332.165661  6  7  8 410       
PG31 -23000.368746   6819.443191 -12007.908759   -127.758679  6  8 10 413       
PG32 -14729.721405 -11786.570040 -18487.079239    220.061484  5  6  5 410       
*  2026  8 16 15  0  0.00000000
PG01 -13225.297529  20220.456127 -10937.153260    195.470316 10 10 10 411       
PG02 -17020.742397  19881.821104  -1278.897228    158.262863  8  8  7 411       
PG03  -4419.089573  13871.903517 -22427.991100    319.688813  6  5  4 408       
PG04  -1353.220787  25048.772113  -8414.520814     64.065663  7  7  5 408       
PG05  17577.966630  -7816.270353  18146.351267   -236.039254  7  7  7 408       
PG06  18402.931308    858.461304 -19128.260157   -549.383513  5  7  5 408       
PG07   2205.152034  17587.280931  20305.415728   -216.087762  6  5  5 408       
PG08  -8008.082833  18177.607313  17196.191609    372.202965  5  6  1 408       
PG09   7478.181012  25373.857048   1703.904294    699.992782  7  5  7 408       
PG10 -23488.571276 -11661.627909   5529.987137   -550.291994  6  5  7 408       
PG11  22503.157462  -9566.898839 -10201.369232   -240.308599 10  8  8 408       
PG12   6738.885450 -13879.515028 -21903.532018   -604.066270  8  1  7 408       
PG13   8168.074893 -13395.401467 -21504.984155    429.855390 11 11  8 414       
PG14  21699.781133  13406.497418   8082.182521    750.210866  6  2  6 408       
PG15   4650.928422 -19887.834493  16410.933112    437.039407  7  8  6 408       
PG16 -22480.281367   1322.712731  14018.053683    317.032956  6  8  7 408       
PG17  12617.143375  18698.207684 -13430.894430   -189.018550  7  6  5 408       
PG18  -3629.184632 -15891.509454  20967.856487   -278.804568  6  5  7 408       
PG19  15391.040441   7858.962959 -20349.757799    704.627295  9  8  6 408       
PG20  12314.340170 -10980.397780  20875.855011    261.985859 13 11  5 408       
PG21  24637.548071   1102.025535   9912.663669    381.976758  6  7  7 408       
PG22  23998.139563  10941.230405   1106.655432     59.316465  3  7  6 408       
PG23 -15854.903964 -15188.026257  15237.474599    679.828149  5  6  7 408       
PG24  14279.889099 -21750.312750  -4854.001143    163.634997  8  2  7 418       
PG25  -7060.825464 -16850.838722 -19749.947998    397.295093  7  4  7 408       
PG26 -26380.350161  -2947.955292   3303.515198   -389.111948  6  8  4 408       
PG27 -14144.707623   6116.656815  21233.965096      0.499206  3  6  4 408       
PG28 -17138.246217  -2937.180879 -20080.108143   -441.087682  8  7 10 408       
PG29  -4064.591433 -26148.831811    414.644669   -261.265901  7  6  5 408       
PG30  14213.485935   8031.576473  21191.108143    332.176893  6  7  7 408       
PG31 -21994.864355   5756.439936 -14265.217414   -127.756776  8  8 10 408       
PG32 -14993.071024 -13836.892469 -16819.872167    220.078669  5  6  6 408       
*  2026  8 16 15 15  0.00000000
PG01 -14229.819226  20746.648897  -8383.346386    195.462067 10 10 10 412       
PG02 -17261.388767  19700.998289   1615.625219    158.269093  8  8  6 409       
PG03  -6810.967161  13137.921029 -22260.980907    319.670640  6  5  4 406       
PG04  -1793.666010  23998.848366 -11003.360123     64.065890  7  7  6 406       
PG05  19496.327351  -7236.641466  16357.831706   -236.039941  7  7  7 406       
PG06  16789.250947   2448.960060 -20413.975442   -549.375090  5  7  4 406       
PG07    581.349116  18992.505163  19040.076037   -216.091259  6  4  6 406       
PG08  -8820.531444  16216.924798  18719.836887    372.193868  5  6  2 406       
PG09   7253.629491  25481.254218  -1168.404137    699.985318  7  5  7 406       
PG10 -22737.395795 -11563.410539   8288.854363   -550.286563  6  5  7 406       
PG11  21667.529851  -8524.576018 -12637.879726   -240.297851  9  7  8 406       
PG12   9015.969690 -13032.722030 -21599.389540   -604.065798  7  1  7 406       
PG13  10496.748305 -12774.811709 -20862.462269    429.859573 10 11  8 412       
PG14  20621.649545  13351.921165  10603.492208    750.210625  6  3  6 406       
PG15   5676.912917 -18072.202226  18052.125376    437.042063  7  8  6 406       
PG16 -23831.173035    601.693320  11752.814126    317.038934  6  8  8 406       
PG17  12656.101820  20183.326892 -11078.879339   -189.023923  7  5  6 406       
PG18  -1862.257694 -17417.200707  19933.705540   -278.796718  5  5  7 406       
PG19  15640.748530  10088.249102 -19190.149181    704.627122  9  8  7 406       
PG20  13012.850890  -8669.647662  21529.939535    261.994862 13 11  4 406       
PG21  25513.004543   1599.822174   7283.914119    381.970393  5  6  7 406       
PG22  23654.590553  11117.707704   3953.841803     59.323853  1  8  6 406       
PG23 -14062.786780 -14818.763419  17215.812707    679.831307  5  6  7 406       
PG24  14762.765959 -21794.919824  -2065.566615    163.650786  8  5  8 416       
PG25  -4868.307875 -16384.701986 -20775.733839    397.291947  8  4  7 406       
PG26 -26567.805999  -3301.949004    549.943775   -389.113829  6  8  4 406       
PG27 -14837.441347   3692.867854  21357.388729      0.499298  3  6  4 406       
PG28 -15553.496753  -4675.860031 -21016.337765   -441.078183  7  6 10 406       
PG29  -3776.488331 -26084.630546  -2445.437398   -261.259841  7  6  5 406       
PG30  12529.897919   9750.255297  21510.575781    332.188196  6  7  6 406       
PG31 -20870.340776   4482.080926 -16284.621982   -127.754330  8  8 10 406       
PG32 -15314.126918 -15666.740159 -14859.299093    220.095850  5  6  6 406       
*  2026  8 16 15 30  0.00000000
PG01 -14990.126041  21118.862997  -5684.563849    195.453366 10 10 10 410       
PG02 -17308.050311  19271.854564   4481.363697    158.275201  8  8  6 406       
PG03  -9203.722418  12552.894441 -21718.215081    319.652461  6  4  5 403       
PG04  -2364.916374  22700.510249 -13400.718578     64.066081  7  7  6 403       
PG05  21225.457177  -6801.737987  14284.554897   -236.040461  6  7  7 403       
PG06  15178.952751   4219.606761 -21347.794743   -549.366654  4  7  3 403       
PG07   -866.902056  20366.292676  17459.326270   -216.094460  5  4  7 403       
PG08  -9778.697047  14154.315647  19911.401383    372.184762  6  7  2 403       
PG09   6929.395273  25293.197423  -4020.520843    699.977883  7  5  7 403       
PG10 -21688.961070 -11439.721400  10909.199280   -550.281092  6  6  7 403       
PG11  20701.026116  -7252.476455 -14855.229823   -240.287150  9  6  8 403       
PG12  11282.836557 -12321.820622 -20933.026471   -604.065431  7  2  8 403       
PG13  12763.436040 -12292.593288 -19863.364563    429.863763 10 11  9 410       
PG14  19276.953660  13288.984985  12946.303120    750.210399  6  3  6 403       
PG15   6870.383705 -16154.627725  19368.485671    437.044378  7  8  6 403       
PG16 -24959.393540     35.815254   9285.680255    317.044698  5  8  8 403       
PG17  12701.155213  21390.488447  -8529.875860   -189.028990  6  5  6 403       
PG18   -271.393837 -18937.617953  18555.634677   -278.788889  4  4  7 403       
PG19  15975.619160  12152.086425 -17706.660821    704.627168  9  8  7 403       
PG20  13848.815692  -6348.505763  21815.590633    262.003819 12 11  3 403       
PG21  26117.271311   1979.741881   4530.085116    381.964002  5  6  7 403       
PG22  23017.131258  11212.176861   6732.036382     59.331422  1  7  5 403       
PG23 -12048.691068 -14512.515271  18903.022555    679.834424  4  5  7 403       
PG24  15059.936803 -21602.339845    758.991158    163.666614  9  7  8 414       
PG25  -2560.973306 -16013.162308 -21457.496747    397.288782  8  5  7 403       
PG26 -26466.217853  -3608.991751  -2212.887537   -389.115725  5  9  3 403       
PG27 -15645.153764   1317.771166  21100.892057      0.499157  3  6  5 403       
PG28 -14005.821242  -6559.973973 -21590.954259   -441.068715  7  7  9 403       
PG29  -3410.795485 -25721.492758  -5263.001641   -261.253352  7  7  6 403       
PG30  10920.637425  11562.577694  21467.115975    332.199434  5  6  6 403       
PG31 -19668.657278   2999.344672 -18032.699462   -127.752147  9  7 10 403       
PG32 -15658.715859 -17247.619915 -12640.427874    220.113082  5  6  7 403       
*  2026  8 16 15 45  0.00000000
PG01 -15518.849122  21300.844814  -2887.439390    195.444761 11 10 10 407       
PG02 -17195.345554  18578.742635   7267.601116    158.281204  7  8  6 401       
PG03 -11547.179483  12120.751259 -20808.405134    319.634307  6  4  5 401       
PG04  -3089.791292  21189.712968 -15565.010645     64.066272  6  7  6 401       
PG05  22725.651835  -6489.976856  11963.010908   -236.041018  6  7  6 401       
PG06  13614.485540   6144.122759 -21913.106202   -549.358225  3  7  2 401       
PG07  -2128.665360  21665.703169  15587.420872   -216.097772  5  4  7 401       
PG08 -10880.425158  12037.214354  20750.678433    372.175682  6  7  3 401       
PG09   6472.232358  24828.031882  -6803.226230    699.970445  7  6  7 401       
PG10 -20356.266822 -11330.672254  13347.561131   -550.275645  6  6  7 401       
PG11  19646.298266  -5752.803579 -16814.947180   -240.276458  8  6  8 401       
PG12  13492.885187 -11751.129157 -19915.355309   -604.064858  7  3  9 401       
PG13  14921.215335 -11943.663326 -18524.720535    429.867986 10 11  9 407       
PG14  17683.653869  13252.271292  15071.111449    750.210172  6  3  6 401       
PG15   8224.915205 -14182.115698  20335.279642    437.046982  7  8  6 401       
PG16 -25834.077034   -398.917181   6659.952280    317.050450  5  7  8 401       
PG17  12714.915615  22306.149286  -5829.632792   -189.033612  6  5  7 401       
PG18   1126.420320 -20407.959157  16856.620610   -278.781058  5  4  8 401       
PG19  16368.386544  14015.817254 -15925.409505    704.627118  8  7  8 401       
PG20  14809.773358  -4064.001421  21727.905441    262.012780 12 12  3 401       
PG21  26429.190530   2273.925300   1698.467644    381.957631  4  6  7 401       
PG22  22087.646817  11262.761506   9393.252796     59.338521  2  7  5 401       
PG23  -9848.072279 -14299.680094  20270.160468    679.837591  5  5  6 401       
PG24  15198.325721 -21149.879233   3570.106871    163.682449  9  9  8 411       
PG25   -180.652116 -15752.917280 -21783.669938    397.285595  8  6  8 401       
PG26 -26074.178031  -3903.492462  -4938.671704   -389.117591  5  9  2 401       
PG27 -16548.609364   -962.611465  20470.513809      0.499289  3  7  5 401       
PG28 -12532.212918  -8557.844302 -21794.001378   -441.059169  6  7  9 401       
PG29  -2934.191332 -25076.838911  -7989.112453   -261.246926  7  7  6 401       
PG30   9415.599426  13433.587088  21060.719744    332.210677  5  5  5 401       
PG31 -18431.496120   1319.209167 -19480.445259   -127.750016  9  7 10 401       
PG32 -15989.232223 -18559.264387 -10202.602850    220.130270  6  6  7 401       
*  2026  8 16 16  0  0.00000000
PG01 -15836.110810  21261.001615    -40.348912    195.436070 11 10  9 405       
PG02 -16961.691150  17614.435499   9925.610852    158.287433  7  8  6 398       
PG03 -13791.669508  11836.884332 -19546.386054    319.616176  6  4  6 398       
PG04  -3984.040172  19507.772495 -17458.799384     64.066480  6  8  7 398       
PG05  23963.619980  -6273.362237   9433.915295   -236.041664  6  7  6 398       
PG06  12133.851957   8188.860154 -22099.640060   -549.349850  3  7  1 398       
PG07  -3200.673057  22847.268934  13453.696661   -216.101016  6  4  7 398       
PG08 -12115.598891   9912.884744  21223.961386    372.166600  6  7  3 398       
PG09   5853.524884  24111.777633  -9468.641952    699.962984  8  6  7 398       
PG10 -18760.691956 -11273.827948  15563.556608   -550.269929  7  7  7 398       
PG11  18546.343310  -4036.379807 -18483.060782   -240.265834  8  6  7 398       
PG12  15600.023897 -11317.052597 -18563.062995   -604.064091  7  4  9 398       
PG13  16925.693764 -11715.206915 -16869.331471    429.872192  9 11  9 404       
PG14  15867.069423  13273.107463  16941.969943    750.209830  6  3  6 398       
PG15   9725.685902 -12201.456434  20934.263378    437.049825  6  9  6 398       
PG16 -26431.228749   -731.881918   3921.109527    317.056226  4  7  8 398       
PG17  12659.357940  22925.953133  -3026.365156   -189.038021  6  6  7 398       
PG18   2322.547008 -21782.286844  14865.345281   -278.773288  7  6  8 398       
PG19  16786.866189  15651.342734 -13877.211010    704.627452  8  7  8 398       
PG20  15875.621383  -1860.549515  21268.331944    262.021743 11 12  3 398       
PG21  26435.803198   2517.859664  -1162.315463    381.951343  4  5  7 398       
PG22  20876.781882  11307.376360  11891.976624     59.346454  3  7  4 398       
PG23  -7502.372837 -14204.363847  21293.539967    679.840860  5  4  6 398       
PG24  15209.511279 -20422.374162   6317.798653    163.698283  9 10  8 409       
PG25   2228.148058 -15613.463887 -21748.337424    397.282425  8  6  8 398       
PG26 -25398.187457  -4219.679566  -7581.938892   -389.119551  6  9  3 398       
PG27 -17521.797951  -3106.838859  19479.027968      0.498026  4  7  6 398       
PG28 -11164.158306 -10631.807830 -21621.912389   -441.049637  5  8  8 398       
PG29  -2317.612816 -24175.941703 -10576.505902   -261.240498  6  6  6 398       
PG30   8038.532259  15323.861293  20297.418133    332.221950  4  4  5 398       
PG31 -17198.838599   -539.571679 -20603.701047   -127.747501  9  8 10 398       
PG32 -16266.233473 -19590.187732  -7588.689721    220.147512  6  6  7 398       
*  2026  8 16 16 15  0.00000000
PG01 -15968.569476  20973.740911   2807.439180    195.427400 12 10  9 402       
PG02 -16647.577501  16380.474501  12409.542419    158.293699  6  8  6 395       
PG03 -15889.738949  11688.389044 -17952.916066    319.597954  6  4  6 395       
PG04  -5055.545590  17699.815158 -19049.453403     64.066694  6  8  7 395       
PG05  24913.654146  -6118.775731   6741.456219   -236.041929  5  7  6 395       
PG06  10769.215721  10313.913078 -21903.682275   -549.341399  4  6  2 395       
PG07  -4087.367288  23868.583208  11092.261973   -216.104746  7  5  7 395       
PG08 -13466.447227   7826.692358  21324.223751    372.157406  6  7  4 395       
PG09   5050.582069  23177.065900 -11971.054431    699.955518  8  7  7 395       
PG10 -16931.304757 -11302.685799  17520.471083   -550.264451  7  7  7 395       
PG11  17442.814698  -2122.428247 -19830.702053   -240.255076  8  7  7 395       
PG12  17560.234664 -11008.304881 -16898.378592   -604.063850  7  4 10 395       
PG13  18736.545267 -11587.276549 -14925.394887    429.876353  9 11 10 402       
PG14  13859.085892  13378.257973  18527.064543    750.209592  6  4  6 395       
PG15  11349.880230 -10257.429135  21154.116478    437.052206  6  9  6 395       
PG16 -26734.522480   -996.469986   1116.015033    317.061883  3  7  8 395       
PG17  12497.511984  23254.706084   -169.801587   -189.043510  5  6  7 395       
PG18   3316.876748 -23015.267831  12615.742730   -278.765466  7  7  8 395       
PG19  17195.259922  17037.949915 -11597.042738    704.627404  7  5  9 395       
PG20  17019.312125    221.566588  20444.648248    262.030738 11 11  3 395       
PG21  26132.852740   2748.810070  -4003.139759    381.944957  4  5  6 395       
PG22  19403.561079  11382.083839  14185.924660     59.353516  4  6  3 395       
PG23  -5057.651597 -14243.378047  21955.148512    679.844012  5  3  6 395       
PG24  15128.343422 -19413.043726   8952.633782    163.714118  9 11  8 406       
PG25   4619.682800 -15596.729250 -21351.353831    397.279222  8  6  8 395       
PG26 -24452.416326  -4590.142077 -10098.743416   -389.121460  6  9  3 395       
PG27 -18532.992469  -5079.452284  18145.585493      0.498232  4  7  6 395       
PG28  -9926.527913 -12739.499230 -21077.576218   -441.040049  5  8  7 395       
PG29  -1537.592039 -23050.924524 -12980.427769   -261.234396  6  6  6 395       
PG30   6806.252975  17190.845795  19189.242303    332.233164  4  3  5 395       
PG31 -16007.515129  -2550.971729 -21383.519936   -127.745218  9  9  9 395       
PG32 -16450.098938 -20337.900045  -4844.277561    220.164732  6  6  8 395       
*  2026  8 16 16 30  0.00000000
PG01 -15948.214750  20420.587024   5606.631440    195.418438 12  9  9 395       
PG02 -16293.805417  14887.164049  14677.208743    158.299734  6  8  6 392       
PG03 -17797.791101  11654.622750 -16054.384083    319.579721  5  4  6 392       
PG04  -6303.844575  15813.093817 -20309.710365     64.066935  5  8  7 392       
PG05  25558.508611  -5989.465914   3932.488676   -236.042281  5  6  6 392       
PG06   9545.742630  12474.485266 -21328.173176   -549.332891  5  5  4 392       
PG07  -4800.653478  24689.902838   8541.591225   -216.108230  7  5  7 392       
PG08 -14908.171373   5820.482578  21051.158066    372.148339  6  8  4 392       
PG09   4047.698675  22061.837819 -14267.690834    699.948080  8  7  7 392       
PG10 -14903.908556 -11445.314689  19185.797007   -550.258921  7  7  6 392       
PG11  16374.400928    -38.024557 -20834.612129   -240.244356  8  8  7 392       
PG12  19333.076113 -10806.424933 -14948.760141   -604.063292  6  5 10 392       
PG13  20318.900860 -11533.674593 -12726.039798    429.880532  8 11 10 398       
PG14  11697.126391  13588.791174  19799.235193    750.209364  6  5  6 392       
PG15  13067.448274  -8391.092575  20990.712263    437.054666  5  8  5 392       
PG16 -26735.811288  -1228.591777  -1707.866360    317.068057  3  7  8 392       
PG17  12195.098901  23305.990118   2689.774394   -189.048476  5  7  7 392       
PG18   4117.669718 -24063.916514  10146.440253   -278.757609  8  9  9 392       
PG19  17555.589965  18162.868841  -9123.462675    704.627258  7  4  9 392       
PG20  18207.826963   2147.551055  19270.837919    262.039725 10 12  4 392       
PG21  25524.966792   3004.182934  -6775.218100    381.938622  4  4  6 392       
PG22  17694.700574  11519.556490  16236.718763     59.360984  4  6  3 392       
PG23  -2563.037057 -14425.517373  22242.982863    679.847221  5  4  6 392       
PG24  14991.403330 -18124.021060  11426.727055    163.729908  9 11  8 402       
PG25   6948.463864 -15696.981557 -20598.394249    397.276025  8  6  9 392       
PG26 -23258.201944  -5044.443176 -12447.318273   -389.123324  6  9  3 392       
PG27 -19546.035929  -6852.111047  16495.237232      0.497554  4  6  7 392       
PG28  -8836.732967 -14835.323855 -20170.292825   -441.030501  6  9  7 392       
PG29   -577.368048 -21739.506445 -15159.419514   -261.227740  5  5  6 392       
PG30   5728.124882  18990.325266  17754.090688    332.244447  4  3  6 392       
PG31 -14889.878705  -4682.460091 -21806.465970   -127.742985  9 10  9 392       
PG32 -16502.685369 -20808.779829  -2016.855499    220.181945  6  6  8 392       
*  2026  8 16 16 45  0.00000000
PG01 -15810.961306  19591.029992   8308.778204    195.409852 12  8  9 391       
PG02 -15939.759080  13153.224432  16690.763167    158.305981  5  9  6 389       
PG03 -19477.600812  11708.068936 -13882.425597    319.561473  5  4  6 389       
PG04  -7719.986204  13895.238139 -21218.137348     64.067174  4  8  7 389       
PG05  25889.952914  -5846.675433   1055.692826   -236.042799  4  6  6 389       
PG06   8480.722228  14622.462585 -20382.687055   -549.324435  6  5  5 389       
PG07  -5359.362921  25275.707109   5844.019131   -216.111555  8  6  7 389       
PG08 -16409.857570   3931.129161  20411.079303    372.139233  6  8  5 389       
PG09   2836.941095  20807.858039 -16319.434931    699.940627  8  7  7 389       
PG10 -12719.856137 -11723.199836  20531.716053   -550.253417  6  6  6 389       
PG11  15375.335619   2182.759767 -21477.545938   -240.233650  8  9  8 389       
PG12  20883.071693 -10686.570215 -12746.501608   -604.063002  6  5 10 389       
PG13  21644.541840 -11523.085587 -10308.779314    429.884689  7 11 11 395       
PG14   9422.921547  13919.162742  20736.433785    750.209129  7  5  6 389       
PG15  14842.191277  -6638.242361  20447.214306    437.057226  5  8  5 389       
PG16 -26435.341630  -1465.117098  -4503.225542    317.073954  3  7  8 389       
PG17  11722.043937  23101.439048   5502.465556   -189.053815  6  8  7 389       
PG18   4741.061885 -24889.271814   7500.101394   -278.749787  8  9  9 389       
PG19  17829.210144  19021.545152  -6497.992872    704.627328  7  1  9 389       
PG20  19403.392236   3889.239851  17766.862884    262.048721  9 11  5 389       
PG21  24625.510097   3319.885271  -9430.934107    381.932228  4  4  6 389       
PG22  15783.644897  11747.702808  18010.467142     59.368417  4  4  2 389       
PG23    -69.058722 -14751.146777  22151.295914    679.850418  5  4  6 389       
PG24  14835.370459 -16566.526947  13694.744579    163.745723  8 10  8 399       
PG25   9170.755320 -15901.027468 -19500.930633    397.272826  8  6  9 389       
PG26 -21843.303500  -5607.853741 -14588.692368   -389.125209  7  9  4 389       
PG27 -20521.798199  -8404.422950  14558.356996      0.497297  5  6  7 389       
PG28  -7904.180522 -16872.064796 -18915.618199   -441.021030  7  9  6 389       
PG29    572.270159 -20283.545083 -17076.037549   -261.221510  5  5  7 389       
PG30   4805.819862  20677.981673  16015.500656    332.255701  5  3  6 389       
PG31 -13872.647387  -6896.007856 -21864.844649   -127.740674  8 10  9 389       
PG32 -16388.915032 -21017.617030    845.019540    220.199182  6  6  8 389       
*  2026  8 16 17  0  0.00000000
PG01 -15595.097400  18483.072654  10867.127240    195.401291 12  7  9 388       
PG02 -15621.784670  11205.128168  18417.259645    158.312222  5 10  6 385       
PG03 -20897.645593  11815.477431 -11473.448912    319.543227  5  4  6 385       
PG04  -9286.729850  11992.508540 -21759.480963     64.067415  3  8  7 385       
PG05  25908.983278  -5651.339520  -1839.286705   -236.043274  4  6  6 385       
PG06   7583.006283  16708.130329 -19083.290889   -549.315948  7  5  6 385       
PG07  -5788.432617  25596.151486   3045.131463   -216.115121  8  7  7 385       
PG08 -17935.633319   2189.308232  19416.702163    372.130129  6  8  6 385       
PG09   1418.630338  19459.102041 -18091.471952    699.933140  8  7  7 385       
PG10 -10424.673016 -12150.332543  21535.521592   -550.247897  6  6  6 385       
PG11  14474.097822   4499.988989 -21748.566011   -240.222964  8 10  9 385       
PG12  22180.932577 -10618.562089 -10328.261548   -604.062557  6  5 10 385       
PG13  22692.850312 -11520.415679  -7714.888351    429.888858  6 12 11 391       
PG14   7081.120366  14376.550920  21322.112198    750.208851  7  5  7 385       
PG15  16633.123828  -5028.106113  19533.995576    437.059911  4  8  5 385       
PG16 -25841.671643  -1742.306771  -7223.633919    317.079764  4  8  8 385       
PG17  11053.805082  22669.715368   8219.663440   -189.058485  6  8  7 385       
PG18   5210.252673 -25457.939058   4722.681256   -278.741897  8 10  9 385       
PG19  17978.341061  19617.622980  -3764.474790    704.627469  6  1  9 385       
PG20  20564.891587   5425.990321  15958.336804    262.057673  8 12  6 385       
PG21  23456.113930   3728.743625 -11924.656144    381.925853  5  4  6 385       
PG22  13709.372201  12088.505186  19478.249112     59.376306  3  3  1 385       
PG23   2374.083626 -15212.117188  21680.748296    679.853586  5  5  6 385       
PG24  14695.368803 -14760.666496  15714.882621    163.761489  7 10  8 395       
PG25  11246.022467 -16188.693493 -18076.130829    397.269623  8  6 10 385       
PG26 -20240.940764  -6300.248700 -16487.266136   -389.127071  7  9  5 385       
PG27 -21419.738594  -9724.445548  12369.984878      0.497326  5  6  8 385       
PG28  -7130.047783 -18802.562838 -17335.101251   -441.011539  7  9  6 385       
PG29   1912.442023 -18727.436311 -18697.493117   -261.214769  6  5  7 385       
PG30   4033.378284  22210.982846  14002.323243    332.266984  6  4  7 385       
PG31 -12975.956550  -9149.301849 -21556.860800   -127.737981  8 10  9 385       
PG32 -16078.236800 -20986.851294   3692.549051    220.216401  6  7  8 385       
*  2026  8 16 17 15  0.00000000
PG01 -15339.650184  17103.453698  13237.446076    195.392726 12  7  8 384       
PG02 -15371.735516   9076.156848  19829.094375    158.318509  5 11  6 381       
PG03 -22034.201712  11939.241311  -8868.075050    319.524969  4  4  6 381       
PG04 -10979.074683  10148.122263 -21924.902669     64.067651  2  8  7 381       
PG05  25625.687911  -5365.788130  -4702.704207   -236.043461  4  6  6 381       
PG06   6852.787781  18681.968531 -17452.282860   -549.307420  8  7  7 381       
PG07  -6117.822365  25628.354182    193.052796   -216.118479  9  8  7 381       
PG08 -19446.015248    618.541182  18086.804379    372.120952  6  8  7 381       
PG09   -198.494822  18060.079958 -19553.853388    699.925687  8  7  6 381       
PG10  -8066.535605 -12732.576679  22179.977883   -550.242332  6  6  5 381       
PG11  13692.353352   6869.225075 -21643.221313   -240.212256  8 10 10 381       
PG12  23204.569412 -10568.147953  -7734.516042   -604.062151  5  6 11 381       
PG13  23451.480671 -11488.288453  -4988.715561    429.893033  5 12 11 387       
PG14   4717.790201  14960.470439  21545.533463    750.208640  7  6  7 381       
PG15  18396.049492  -3582.335535  18268.383757    437.062470  4  8  5 381       
PG16 -24971.303984  -2094.291073  -9824.229259    317.085654  5  8  8 381       
PG17  10172.467469  22045.237633  10794.894187   -189.063563  7  8  7 381       
PG18   5554.404703 -25743.432372   1862.607463   -278.734050  7 11  9 381       
PG19  17967.576330  19962.642026   -968.403013    704.627134  6  3  9 381       
PG20  21649.421709   6745.282512  13876.103294    262.066590  7 12  6 381       
PG21  22045.899879   4259.044243 -14213.518073    381.919545  5  4  6 381       
PG22  11515.017866  12557.108642  20616.502126     59.383266  3  2  2 381       
PG23   4718.249576 -15792.017338  20838.458808    679.856727  5  6  6 381       
PG24  14603.368549 -12734.847777  17449.789546    163.777261  7  9  7 391       
PG25  13138.283121 -16533.579723 -16346.676183    397.266379  7  6 10 381       
PG26 -18488.650109  -7135.203634 -18111.341565   -389.128962  8  9  5 381       
PG27 -22199.508765 -10808.849069   9969.111050      0.496909  6  6  8 381       
PG28  -6507.384104 -20581.405072 -15455.916699   -441.002034  8  9  6 381       
PG29   3435.955360 -17116.434831 -19996.202210   -261.208652  6  5  7 381       
PG30   3397.568704  23549.542494  11748.301068    332.278225  7  4  8 381       
PG31 -12212.655548 -11397.126196 -20886.699805   -127.735809  7 10  9 381       
PG32 -15545.907381 -20745.540599   6477.499953    220.233615  6  7  8 381       
*  2026  8 16 17 30  0.00000000
PG01 -15082.733112  15467.537582  15378.797534    195.384213 11  8  8 379       
PG02 -15215.734165   6805.224283  20904.331128    158.324484  4 11  6 376       
PG03 -22872.161234  12038.961444  -6110.496356    319.506692  4  4  6 376       
PG04 -12765.097844   8400.716349 -21712.097299     64.067895  1  8  7 376       
PG05  25058.775764  -4955.385096  -7485.563500   -236.044108  4  7  6 376       
PG06   6281.730446  20496.454683 -15517.813976   -549.298941  8  8  7 376       
PG07  -6381.201711  25357.455248  -2662.363787   -216.121654 10  9  7 379       
PG08 -20899.390792   -765.462882  16445.790069    372.111852  6  8  7 376       
PG09  -1997.438932  16654.161096 -20681.974456    699.918189  8  6  6 376       
PG10  -5694.654947 -13467.335233  22453.612007   -550.236834  6  6  5 376       
PG11  13044.177992   9243.066423 -21163.608775   -240.201589  8 11 11 376       
PG12  23939.853242 -10498.436656  -5008.939740   -604.061872  5  6 11 376       
PG13  23916.725892 -11388.640156  -2176.939775    429.897198  4 12 11 383       
PG14   2378.858615  15662.682716  21401.999259    750.208405  7  6  7 376       
PG15  20085.276246  -2314.338717  16674.243371    437.064972  3  8  5 376       
PG16 -23848.052231  -2551.646467 -12262.358310    317.091505  6  9  7 376       
PG17   9067.565217  21266.716295  13184.593299   -189.068348  7  9  6 376       
PG18   5807.298875 -25727.260417  -1030.097223   -278.726215  7 11  9 376       
PG19  17765.308592  20075.461459   1843.756737    704.627077  6  5  9 376       
PG20  22613.932774   7843.009331  11555.724854    262.075564  5 12  7 376       
PG21  20430.427421   4933.251448 -16258.153625    381.913171  6  5  6 376       
PG22   9246.370788  13161.188161  21407.312120     59.390958  3  4  4 376       
PG23   6919.022155 -16466.756858  19637.948737    679.859921  5  7  6 376       
PG24  14586.719161 -10524.840801  18867.399152    163.793027  6  8  7 387       
PG25  14817.312389 -16904.064927 -14340.493804    397.263177  7  6 10 376       
PG26 -16626.996695  -8119.322631 -19433.602706   -389.130836  8  9  5 376       
PG27 -22822.531814 -11662.745953   7397.919459      0.496916  6  6  8 376       
PG28  -6021.536448 -22166.557274 -13310.399886   -440.992547  8 10  7 376       
PG29   5127.414931 -15494.961890 -20950.237220   -261.202164  6  6  8 376       
PG30   2878.538225  24658.391920   9291.551383    332.289478  8  5  8 376       
PG31 -11587.876199 -13592.866355 -19864.527886   -127.733391  6 10  9 376       
PG32 -14774.048086 -20328.104077   9152.980971    220.250854  6  8  8 376       
*  2026  8 16 17 45  0.00000000
PG01 -14859.941250  13598.875555  17254.254097    195.375588 11  9  8 374       
PG02 -15173.190275   4435.517861  21626.915673    158.330503  4 11  6 371       
PG03 -23405.535260  12073.141350  -3247.760781    319.488427  4  4  7 371       
PG04 -14607.066777   6783.005926 -21125.295182     64.068087  1  7  7 371       
PG05  24234.790964  -4390.041423 -10140.441563   -236.044662  4  7  6 371       
PG06   5853.444551  22107.802254 -13313.398740   -549.290485  8  8  8 371       
PG07  -6614.452006  24777.393090  -5470.434756   -216.124727 10 10  6 374       
PG08 -22253.572772  -1955.147810  14523.168264    372.102714  6  8  8 371       
PG09  -3953.427365  15281.962398 -21456.958698    699.910700  8  6  6 371       
PG10  -3357.620163 -14343.531129  22350.934127   -550.231386  6  6  5 371       
PG11  12535.591830  11572.803036 -20318.317569   -240.190823  7 11 11 371       
PG12  24381.093762 -10371.456286  -2197.720387   -604.061377  6  6 11 371       
PG13  24093.563746 -11184.353147    672.217530    429.901348  4 12 11 377       
PG14    108.553058  16467.409738  20892.987253    750.208184  7  6  7 371       
PG15  21655.392194  -1228.978057  14781.411593    437.067412  2  8  6 371       
PG16 -22502.167359  -3140.117012 -14498.173368    317.097163  7  9  7 371       
PG17   7736.605107  20375.561004  15348.798586   -189.073367  8  9  6 371       
PG18   6005.799210 -25399.708476  -3904.732432   -278.718960  7 10  8 239       
PG19  17345.026954  19981.431510   4625.259789    704.627099  7  6  9 371       
PG20  23416.891230   8723.444223   9036.889876    262.084505  4 11  7 371       
PG21  18650.405336   5766.954377 -18023.371962    381.906817  6  5  6 371       
PG22   6950.298957  13900.611451  21838.609862     59.398424  3  5  5 371       
PG23   8937.242726 -17205.463175  18098.976500    679.863108  4  7  6 371       
PG24  14666.885186  -8172.514652  19941.645823    163.808776  6  8  7 382       
PG25  16259.655097 -17264.532675 -12090.400252    397.259955  7  7 11 371       
PG26 -14698.186063  -9251.821244 -20431.542537   -389.132677  8  9  5 371       
PG27 -23253.497631 -12299.204789   4701.009338      0.496255  7  6  8 371       
PG28  -5650.881477 -23520.877218 -10935.491250   -440.983063  9 10  8 371       
PG29   6963.653665 -13904.966040 -21543.674328   -261.195866  7  7  8 371       
PG30   2450.732886  25508.105118   6673.958518    332.300737  8  5  8 371       
PG31 -11098.892237 -15690.085129 -18506.407102   -127.731053  6  9  9 371       
PG32 -13752.441964 -19772.889446  11674.178815    220.268060  6  8  8 371       
*  2026  8 16 18  0  0.00000000
PG01 -14702.858176  11528.455073  18831.538170    195.366920 10 10  7 369  P   P
PG02 -15256.101350   2013.013495  21986.786909    158.336847  4 11  5 365  P   P
PG03 -23637.619666  12000.948497   -328.990913    319.470276  4  4  7 367  P   P
PG04 -16462.780868   5320.687716 -20175.150462     64.068274  1  7  7 365  P   P
PG05  23187.046669  -3645.545865 -12622.272368   -236.045611  5  8  6 365  P   P
PG06   5544.290480  23477.565455 -10877.323464   -549.282633  8  8  9 365  P   P
PG07  -6854.040644  23891.351746  -8180.615948   -216.128646 10 11  6 268  P   P
PG08 -23467.365464  -2951.130032  12352.962104    372.093854  6  8  8 366  P   P
PG09  -6034.680779  13979.860809 -21865.945818    699.903620  8  6  5 366  P   P
PG10  -1101.757857 -15341.906810  21872.581207   -550.226295  6  6  5 365  P   P
PG11  12164.421414  13810.123605 -19122.258466   -240.180167  7 10 12 364  P   P
PG12  24531.212435 -10149.777364    651.185967   -604.061077  6  6 11 365  P   P
PG13  23995.380178 -10840.864435   3509.811199    429.905502  5 12 11 371  P   P
PG14  -2052.104469  17351.848248  20026.192366    750.208034  7  6  7 365  P   P
PG15  23063.020910   -322.640286  12625.009664    437.069829  3  8  6 365  P   P
PG16 -20969.257112  -3879.520932 -16495.181028    317.102895  7 10  7 365  P   P
PG17   6185.279323  19414.224525  17251.754089   -189.078303  8  8  6 366  P   P
PG18   6188.190692 -24760.282375  -6710.857916   -278.711042  7  9  8 234  P   P
PG19  16686.441543  19711.341295   7329.779602    704.627441  7  7  9 365  P   P
PG20  24019.901344   9398.887243   6362.746547    262.093932  6 11  8 365  P   P
PG21  16750.216006   6768.083543 -19478.762991    381.900867  6  6  6 366  P   P
PG22   4673.161118  14767.403129  21904.277184     59.405619  3  7  6 365  P   P
PG23  10740.356562 -17971.662226  16247.260739    679.866149  4  7  6 365  P   P
PG24  14858.446790  -5724.308200  20653.036124    163.824627  6  8  6 374  P   P
PG25  17449.404778 -17576.779064  -9633.654477    397.256641  7  7 11 366  P   P
PG26 -12744.621706 -10524.380668 -21087.831802   -389.134746  9  9  6 365  P   P
PG27 -23461.720558 -12738.477450   1924.610487      0.495997  7  6  8 366  P   P
PG28  -5367.835433 -24613.450477  -8372.099819   -440.973734 10 11  9 364  P   P
PG29   8914.468028 -12384.399764 -21766.832868   -261.189429  7  8  8 365  P   P
PG30   2084.056124  26076.222802   3940.482458    332.312090  9  6  9 364  P   P
PG31 -10735.279570 -17644.116347 -16834.120944   -127.728643  6  8  9 365  P   P
PG32 -12479.046171 -19120.620094  13999.046328    220.285661  6  8  8 364  P   P
*  2026  8 16 18 15  0.00000000
PG01 -14637.733393   9293.667220  20083.576959    195.358306 10 10  5 362  P   P
PG02 -15468.651665   -415.079287  21979.893600    158.343026  3 10  5 358  P   P
PG03 -23580.812063  11783.973896   2595.450944    319.452087  5  3  7 361  P   P
PG04 -18287.089202   4031.628436 -18878.520177     64.068482  1  7  6 358  P   P
PG05  21954.321838  -2704.663847 -14889.079675   -236.046136  5  8  6 359  P   P
PG06   5324.477838  24574.045752  -8251.963324   -549.274187  8  6  9 358  P   P
PG07  -7135.334690  22711.844545 -10743.522267   -216.131864 11 11  7 277  P   P
PG08 -24502.082776  -3761.905382   9973.063894    372.084760  6  8  8 359  P   P
PG09  -8203.456393  12778.684174 -21902.280377    699.896176  8  6  5 359  P   P
PG10   1030.435652 -16435.636881  21025.378976   -550.220817  6  6  5 358  P   P
PG11  11920.493274  15908.808303 -17596.382728   -240.169463  7 10 13 357  P   P
PG12  24401.598635  -9798.140275   3488.849868   -604.060666  6  7 10 359  P   P
PG13  23643.379304 -10327.686588   6287.009380    429.909670  5 11 11 364  P   P
PG14  -4066.691235  18286.969701  18815.466891    750.207795  6  7  4 358  P   P
PG15  24268.479184    416.333361  10244.655379    437.072344  3  8  7 358  P   P
PG16 -19289.036274  -4782.876270 -18220.742008    317.108709  8 10  7 358  P   P
PG17   4427.366931  18424.547728  18862.420960   -189.083235  8  8  4 359  P   P
PG18   6392.459469 -23817.794085  -9399.230538   -277.833473  7  8  7 671  P   P
PG19  15776.396122  19300.178322   9912.104305    704.627467  7  7  8 358  P   P
PG20  24389.222942   9889.002633   3579.173918    262.102934  6 12  6 358  P   P
PG21  14776.308808   7936.428384 -20599.222123    381.894531  6  7  7 359  P   P
PG22   2459.259761  15746.005967  21604.167598     59.413070  7  8  7 358  P   P
PG23  12303.514740 -18724.701143  14114.092081    679.869301  5  7  6 358  P   P
PG24  15168.413784  -3229.504553  20989.057155    163.840439  6  8  7 367  P   P
PG25  18378.714684 -17801.554205  -7011.419581    397.253411  7  7 11 359  P   P
PG26 -10807.457322 -11921.280952 -21390.624890   -389.136626  8  9  7 359  P   P
PG27 -23422.313146 -13006.977296   -884.194053      0.495754  6  6  6 359  P   P
PG28  -5140.102073 -25420.697004  -5664.396661   -440.964244 10 11  9 357  P   P
PG29  10943.627487 -10965.869396 -21616.405045   -261.183078  6  9  8 358  P   P
PG30   1745.222734  26348.127258   1138.393041    332.323349  9  7  9 357  P   P
PG31 -10479.377109 -19413.619486 -14874.906941   -127.726316  6  7  9 358  P   P
PG32 -10960.204929 -18412.779442  16088.936229    220.302905  6  8  8 356  P   P
*  2026  8 16 18 30  0.00000000
PG01 -14684.382047   6937.032733  20988.962588    195.349693  9 10  4 354  P   P
PG02 -15807.113686  -2801.886392  21608.126135    158.349204  3 10  5 349  P   P
PG03 -23256.082177  11387.920059   5474.838169    319.433900  6  3  7 353  P   P
PG04 -20033.525134   2925.366199 -17258.140409     64.068693  2  7  7 350  P   P
PG05  20579.372338  -1557.965345 -16902.649098   -236.046664  5  9  6 350  P   P
PG06   5159.415567  25373.443505  -5483.021519   -549.265744  8  6 10 350  P   P
PG07  -7490.928534  21260.415260 -13111.969988   -216.135135 11 11  7 278  P   P
PG08 -25322.963276  -4403.262599   7424.550441    372.075667  5  8  9 351  P   P
PG09 -10417.316482  11702.628154 -21565.600327    699.888734  8  7  5 351  P   P
PG10   3001.733321 -17591.237624  19822.316744   -550.215339  6  6  6 350  P   P
PG11  11786.149214  17826.342104 -15767.296981   -240.158760  8 10 13 349  P   P
PG12  24011.648670  -9285.023581   6266.202098   -604.060259  7  7 10 350  P   P
PG13  23065.701634  -9619.781143   8955.934325    429.913837  6 12 11 356  P   P
PG14  -5904.612189  19238.580323  17280.655626    750.207558  6  7  5 350  P   P
PG15  25237.267427   1006.885740   7683.604056    437.074858  3  8  7 350  P   P
PG16 -17503.949969  -5855.772522 -19646.521142    317.114525  8 10  7 349  P   P
PG17   2484.335269  17446.167039  20154.894033   -189.088162  8  8  4 351  P   P
PG18   6654.587607 -22590.084297 -11922.719297   -277.825631  7  7  7 671  P   P
PG19  14609.535900  18785.741228  12328.826984    704.627495  7  8  8 350  P   P
PG20  24497.126281  10219.872934    734.001771    262.111940  7 12  7 350  P   P
PG21  12775.523849   9263.475427 -21365.385457    381.888194  6  7  7 352  P   P
PG22    349.387660  16813.825275  20944.046044     59.420523  7  8  7 349  P   P
PG23  13610.386254 -19421.360330  11735.836215    679.872453  4  7  6 350  P   P
PG24  15595.885481   -738.389940  20944.409067    163.856257  6  8  6 358  P   P
PG25  19048.014562 -17900.182250  -4268.135234    397.250183  7  7 11 351  P   P
PG26  -8925.193433 -13419.812299 -21333.797448   -389.138505  8  9  7 350  P   P
PG27 -23117.138472 -13136.053184  -3678.226666      0.495506  6  7  6 351  P   P
PG28  -4932.109530 -25927.205617  -2859.050611   -440.954751 11 11 10 349  P   P
PG29  13010.117869  -9675.508244 -21095.476401   -261.176726  7  9  8 349  P   P
PG30   1399.256473  26317.628544  -1683.557886    332.334612 10  8  9 349  P   P
PG31 -10307.037249 -20962.037775 -12661.093782   -127.723987  7  7  9 350  P   P
PG32  -9210.558811 -17689.990825  17909.175404    220.320152  6  8  8 348  P   P
*  2026  8 16 18 45  0.00000000
PG01 -14855.349670   4504.736499  21532.310062    195.341080  7 10  6 344  P   P
PG02 -16260.046212  -5102.399156  20879.172596    158.355382  3  9  6 339  P   P
PG03 -22692.111794  10784.148432   8258.980157    319.415716  6  3  7 344  P   P
PG04 -21655.994669   2002.940650 -15342.207194     64.068903  2  7  7 340  P   P
PG05  19107.313605   -204.352882 -18629.131326   -236.047196  5  9  5 340  P   P
PG06   5011.257962  25860.708601  -2618.705864   -549.257303  8  6 10 340  P   P
PG07  -7949.063843  19566.956192 -15242.010155   -216.138401 11 11  7 278  P   P
PG08 -25900.432639  -4897.432849   4750.971949    372.066574  6  8  9 341  P   P
PG09 -12630.576624  10768.437901 -20861.825611    699.881294  8  7  5 342  P   P
PG10   4781.434370 -18769.746702  18282.429812   -550.209859  6  6  6 340  P   P
PG11  11737.061271  19525.387041 -13666.782289   -240.148059  8  9 14 338  P   P
PG12  23387.999882  -8584.090092   8934.892634   -604.059854  8  8 10 340  P   P
PG13  22296.283556  -8698.729914  11470.492506    429.918003  6 12 10 345  P   P
PG14  -7542.113998  20168.604975  15447.323692    750.207321  6  7  5 340  P   P
PG15  25941.333808   1474.194456   4987.845616    437.077370  3  8  8 340  P   P
PG16 -15657.715079  -7096.007762 -20748.886518    317.120341  8  9  6 339  P   P
PG17    384.662636  16515.040663  21108.725030   -189.093086  8  7  4 341  P   P
PG18   7006.934151 -21103.393098 -14237.177595   -277.817790  6  8  7 671  P   P
PG19  13188.704885  18207.152423  14539.023371    704.627524  8  8  8 340  P   P
PG20  24323.030765  10422.805802  -2123.807962    262.120947  9 12  7 339  P   P
PG21  10793.410007  10732.574449 -21763.967844    381.881859  6  8  8 342  P   P
PG22  -1620.484351  17942.033829  19935.452401     59.427976  8  9  8 339  P   P
PG23  14653.644756 -20017.593377   9153.333616    679.875604  4  6  6 339  P   P
PG24  16132.070437   1699.616824  20521.056807    163.872076  5  8  6 347  P   P
PG25  19465.917027 -17836.198899  -1450.805277    397.246955  7  7 11 341  P   P
PG26  -7132.367524 -14990.954619 -20917.109843   -389.140384  8  8  7 340  P   P
PG27 -22535.512829 -13160.608946  -6410.946156      0.495256  7  7  5 341  P   P
PG28  -4706.579492 -26126.264007     -4.419695   -440.945256 11 11 10 338  P   P
PG29  15069.570106  -8532.113631 -20213.439096   -261.170374  7  9  8 339  P   P
PG30   1011.071913  25987.233502  -4476.011428    332.345866 10  8  9 338  P   P
PG31 -10188.644005 -22258.903655 -10229.641883   -127.721660  7  7  9 340  P   P
PG32  -7252.656202 -16990.450083  19429.575706    220.337399  6  8  7 337  P   P
*  2026  8 16 19  0  0.00000000
PG01 -15155.373871   2045.027542  21704.507800    195.332469  6 10  8 331  P   P
PG02 -16808.774411  -7274.915781  19806.307756    158.361560  3  9  6 325  P   P
PG03 -21924.134274   9951.021502  10899.130300    319.397534  7  3  7 333  P   P
PG04 -23110.454368   1257.054941 -13163.871183     64.069114  3  8  8 326  P   P
PG05  17583.935692   1348.727898 -20039.569808   -236.047730  5  9  5 327  P   P
PG06   4840.583380  26030.056038    291.140414   -549.248863  7  7 11 327  P   P
PG07  -8532.219377  17668.662555 -17093.918473   -216.141662 11 11  7 278  P   P
PG08 -26211.171297  -5272.012658   1997.626333    372.057481  6  8  9 328  P   P
PG09 -14795.880049   9984.883425 -19803.048162    699.873855  8  8  6 329  P   P
PG10   6346.390487 -19928.135996  16430.584710   -550.204378  7  6  7 327  P   P
PG11  11743.312607  20975.057757 -11331.227102   -240.137361  9  8 14 323  P   P
PG12  22563.484486  -7675.450378  11448.159361   -604.059451  8  9 10 327  P   P
PG13  21373.501414  -7553.656859  13787.179179    429.922169  6 13 10 331  P   P
PG14  -8963.042527  21036.548676  13346.376816    750.207084  6  7  5 326  P   P
PG15  26360.066241   1848.388930   2205.184349    437.079882  4  8  8 326  P   P
PG16 -13793.826955  -8493.503148 -21509.256299    317.126160  9  9  6 325  P   P
PG17  -1837.087536  15662.143342  21709.154973   -189.098007  8  7  4 328  P   P
PG18   7476.770423 -19391.405012 -16302.253327   -277.809948  6  8  7 671  P   P
PG19  11525.055211  17603.321357  16504.909870    704.627554  8  8  7 326  P   P
PG20  23854.382222  10532.939488  -4945.004307    262.129955 10 12  8 326  P   P
PG21   8872.601473  12319.427398 -21787.997755    381.875522  7  8  8 330  P   P
PG22  -3420.335971  19096.607022  18595.493147     59.435431  8  9  8 325  P   P
PG23  15435.106700 -20470.326458   6411.204139    679.878756  4  6  6 325  P   P
PG24  16760.661247   4037.777870  19728.104033    163.887898  4  8  6 332  P   P
PG25  19648.808872 -17576.941549   1391.791575    397.243726  7  8 11 327  P   P
PG26  -5458.385121 -16600.306298 -20146.290420   -389.142263  9  8  7 327  P   P
PG27 -21674.639987 -13117.620835  -9037.144305      0.495002  7  7  5 329  P   P
PG28  -4426.166814 -26020.063746   2850.287361   -440.935757 11 11 10 324  P   P
PG29  17075.819389  -7546.578038 -18985.801811   -261.164023  7  9  9 325  P   P
PG30    547.076024  25368.081730  -7189.906247    332.357122 10  9  9 323  P   P
PG31 -10090.365850 -23280.938752  -7621.588439   -127.719333  8  8  9 326  P   P
PG32  -5116.282437 -16348.465243  20624.877944    220.354647  6  8  7 322  P   P
*  2026  8 16 19 15  0.00000000
PG01 -15581.163052   -393.453589  21502.857491    195.323857  5 10  9 312  P   P
PG02 -17428.129117  -9282.349510  18408.122613    158.367735  2  8  7 303  P   P
PG03 -20992.516750   8874.981658  13348.882922    319.379356  7  4  7 317  P   P
PG04 -24356.515637    672.560118 -10760.655895     64.069326  3  8  8 305  P   P
PG05  16054.012995   3085.401029 -21110.347551   -236.048266  6  9  5 306  P   P
PG06   4608.136977  25885.126698   3195.935810   -549.240419  8  9 11 310  P   P
PG07  -9255.942603  15608.662467 -18633.106349   -216.144924 11 11  7 278  P   P
PG08 -26238.953186  -5558.704105   -789.170572    372.048389  6  8  9 309  P   P
PG09 -16865.840210   9352.546746 -18407.325687    699.866419  8  8  6 311  P   P
PG10   7681.758899 -21020.910794  14297.163485   -550.198895  7  6  7 310  P   P
PG11  11770.700640  22151.952703  -8800.985146   -240.126663  9  7 14 301  P   P
PG12  21575.839975  -6546.688911  13761.689373   -604.059049  8  9  9 306  P   P
PG13  20338.652209  -6181.862688  15865.842794    429.926335  7 13  9 309  P   P
PG14 -10159.310637  21801.081272  11013.576109    750.206846  6  7  5 306  P   P
PG15  26480.980718   2163.095874   -615.674552    437.082392  4  7  8 305  P   P
PG16 -11954.079557 -10030.498881 -21914.391056    317.131979  9  8  6 303  P   P
PG17  -4141.403685  14912.371615  21947.259452   -189.102925  8  6  4 310  P   P
PG18   8085.030455 -17494.008775 -18082.119194   -277.802107  6  9  7 671  P   P
PG19   9637.859718  17011.411855  18192.473864    704.627586  8  8  7 306  P   P
PG20  23087.233212  10587.701136  -7680.900309    262.138965 10 12  8 309  P   P
PG21   7051.314912  13992.882397 -21436.944626    381.869186  7  8  8 313  P   P
PG22  -5027.006511  20239.551353  16946.565002     59.442886  8  9  9 303  P   P
PG23  15965.511622 -20739.244827   3557.067657    679.881907  4  5  6 304  P   P
PG24  17458.541460   6233.711328  18581.499367    163.903720  3  8  7 308  P   P
PG25  19620.135357 -17095.025934   4209.956619    397.240498  7  8 11 308  P   P
PG26  -3926.535797 -18209.234204 -19033.032313   -389.144142  8  8  7 307  P   P
PG27 -20539.767699 -13044.606571 -11513.602901      0.494744  7  7  5 313  P   P
PG28  -4055.104885 -25619.572463   5655.864572   -440.926255 11 11 10 301  P   P
PG29  18982.535535  -6721.633149 -17433.901294   -261.157671  7  9  9 304  P   P
PG30    -23.277476  24479.546345  -9777.393384    332.368378 11  9  9 301  P   P
PG31  -9975.599802 -24012.901252  -4881.400452   -127.717006  9  9  9 306  P   P
PG32  -2837.530974 -15793.153513  21475.126236    220.371896  7  7  6 300  P   P
*  2026  8 16 19 30  0.00000000
PG01 -16121.499685  -2763.355773  20931.102143    195.315242  6  9 11 278  P   P
PG02 -18087.416014 -11093.364318  16708.200885    158.373910  2  7  7 260  P   P
PG03 -19941.139807   7551.318774  15565.039698    319.361179  8  5  7 298  P   P
PG04 -25358.915694    227.240575  -8173.810203     64.069538  4  8  9 263  P   P
PG05  14559.670284   4981.790846 -21823.548815   -236.048803  6 10  5 271  P   P
PG06   4276.566406  25438.787919   6045.267274   -549.231976  9 10 11 293  P   P
PG07 -10127.984578  13434.380965 -19830.919062   -216.148183 11 11  7 278  P   P
PG08 -25975.230231  -5791.920688  -3562.809959    372.039297  6  8  9 278  P   P
PG09 -18794.691379   8863.927685 -16698.382551    699.858985  8  8  6 287  P   P
PG10   8781.448297 -22001.839729  11917.644771   -550.193412  7  6  7 290  P   P
PG11  11782.210366  23040.903133  -6119.670248   -240.115970  9  7 14 257  P   P
PG12  20466.224025  -5193.606173  15834.454277   -604.058649  8 10  9 264  P   P
PG13  19234.329736  -4589.145288  17670.395012    429.930502  7 13  9 258  P   P
PG14 -11131.053825  22421.684117   8488.952106    750.206609  6  7  5 270  P   P
PG15  26300.089157   2453.879040  -3426.010769    437.084901  4  7  8 268  P   P
PG16 -10177.147193 -11682.027736 -21956.628562    317.137798  9  8  6 262  P   P
PG17  -6485.131394  14283.693145  21820.010984   -189.107841  8  6  5 283  P   P
PG18   8845.327774 -15455.824068 -19546.108228   -277.794264  6  8  6 671  P   P
PG19   7554.028587  16465.368331  19572.067238    704.627618  8  8  6 270  P   P
PG20  22026.502243  10625.178182 -10284.220860    262.147976 11 12  8 292  P   P
PG21   5362.024730  15716.003342 -20716.736000    381.862849  7  8  9 294  P   P
PG22  -6424.855629  21330.283843  15016.013977     59.450343  8  9  9 265  P   P
PG23  16263.950024 -20788.492965    640.694782    679.885058  4  5  6 261  P   P
PG24  18196.785660   8250.855943  17103.591493    163.919543  3  8  7 238  P   P
PG25  19409.398857 -16369.644742   6953.976645    397.237268  7  9 10 275  P   P
PG26  -2553.233151 -19776.208262 -17594.897895   -389.146020  8  7  7 271  P   P
PG27 -19144.066044 -12978.099161 -13799.707703      0.494482  7  6  4 298  P   P
PG28  -3560.791838 -24944.078366   8363.961842   -440.916752 12 11 10 250  P   P
PG29  20744.863374  -6051.913739 -15584.521865   -261.151320  7  8  9 269  P   P
PG30   -726.047323  23348.512138 -12192.740508    332.379639 11  9  9 263  P   P
PG31  -9806.553814 -24448.141499  -2056.242174   -127.714680  9  9  9 276  P   P
PG32   -457.649010 -15347.340247  21965.970156    220.389145  7  7  6 270  P   P
*  2026  8 16 19 45  0.00000000
PG01 -16757.662974  -5020.242491  19999.343112    195.306624  6  9 11 275  P   P
PG02 -18751.579735 -12683.304882  14734.747523    158.380083  2  7  8 278  P   P
PG03 -18815.639031   5984.590684  17508.425837    319.343006  8  6  7 292  P   P
PG04 -26088.801019   -107.131656  -5447.606179     64.069750  5  8  9 272  P   P
PG05  13138.863964   7006.753845 -22167.232511   -236.049340  7 10  6 276  P   P
PG06   3812.080060  24712.583556   8789.788272   -549.223534  9 11 11 299  P   P
PG07 -11147.784724  11195.712443 -20665.290687   -216.151443 10 10  7 278  P   P
PG08 -25419.446240  -6007.310227  -6277.102488    372.030206  7  8  9 276  P   P
PG09 -20539.886899   8503.863667 -14705.222037    699.851552  7  8  7 287  P   P
PG10   9648.233762 -22825.752529   9332.081401   -550.187928  7  6  8 296  P   P
PG11  11739.599826  23635.413213  -3333.400957   -240.105278  9  8 14 282  P   P
PG12  19277.591415  -3620.640687  17629.500213   -604.058252  8 10  8 268  P   P
PG13  18102.759412  -2789.791219  19169.452850    429.934669  7 14  8 279  P   P
PG14 -11886.463417  22860.293384   5816.125726    750.206372  6  6  5 278  P   P
PG15  25821.944064   2756.639678  -6177.929871    437.087409  5  6  9 278  P   P
PG16  -8497.274940 -13416.654214 -21634.057048    317.143618 10  7  6 279  P   P
PG17  -8822.900017  13786.564725  21330.262864   -189.112754  8  6  6 285  P   P
PG18   9763.277789 -13324.556826 -20669.242453   -277.786422  6  8  6 671  P   P
PG19   5307.340807  15994.555396  20618.952976    704.627652  8  8  5 278  P   P
PG20  20685.900162  10682.466892 -12709.929942    262.156988 12 12  9 299  P   P
PG21   3830.367251  17447.374868 -19639.663635    381.856511  7  8  9 295  P   P
PG22  -7606.154611  22327.115610  12835.732756     59.457800  8  8  9 281  P   P
PG23  16356.959442 -20588.217247  -2286.895696    679.888208  4  5  6 276  P   P
PG24  18941.900707  10059.666454  15322.554408    163.935367  3  7  8 292  P   P
PG25  19050.906629 -15387.628456   9575.061542    397.234039  7  9 10 277  P   P
PG26  -1347.511252 -21258.275920 -15855.125605   -389.147899  8  7  7 276  P   P
PG27 -17508.235726 -12952.176820 -15858.016862      0.494215  8  6  5 301  P   P
PG28  -2915.254984 -24020.425083  10927.922534   -440.907249 12 10  9 279  P   P
PG29  22321.012102  -5524.336472 -13469.430151   -261.144970  7  7  9 283  P   P
PG30  -1581.540006  22008.357945 -14393.204120    332.390901 11 10  9 284  P   P
PG31  -9545.906644 -24588.836829    804.833331   -127.712353  9 10  9 284  P   P
PG32   1978.303022 -15026.697924  22088.892166    220.406395  7  7  5 291  P   P
*  2026  8 16 20  0  0.00000000
PG01 -17464.153401  -7124.099658  18723.848802    195.298014  7  8 12 310  P   P
PG02 -19382.523358 -14034.894036  12520.173109    158.386321  3  6  8 311  P   P
PG03 -17661.579773   4188.675014  19144.636819    319.324836  9  6  7 310  P   P
PG04 -26524.776501   -363.515591  -2628.593809     64.069962  5  8 10 309  P   P
PG05  11824.032969   9122.884774 -22135.614958   -236.049878  7 10  6 309  P   P
PG06   3185.961226  23735.857422  11382.090425   -549.215121 10 11 11 317  P   P
PG07 -12306.333765   8943.087712 -21121.231257   -216.154698 10 10  7 277  P   P
PG08 -24579.072944  -6240.247449  -8886.971738    372.021116  7  9  9 308  P   P
PG09 -22063.586457   8250.247609 -12461.655191    699.844122  7  8  7 311  P   P
PG10  10293.528710 -23450.337170   6584.477013   -550.182473  7  6  8 316  P   P
PG11  11605.035711  23937.776328   -490.008207   -240.094585  9  9 14 313  P   P
PG12  18052.997789  -1840.947651  19114.673127   -604.057892  7 11  7 307  P   P
PG13  16984.157072   -806.236464  20336.900534    429.938836  7 14  7 316  P   P
PG14 -12441.300146  23082.872971   3041.546840    750.206068  6  6  5 310  P   P
PG15  25059.370210   3106.041717  -8825.146401    437.089856  5  6  9 310  P   P
PG16  -6943.122736 -15197.459301 -20950.621943    317.149438 10  6  6 311  P   P
PG17 -11108.621203  13423.634528  20486.658709   -189.117665  7  6  6 311  P   P
PG18  10836.151518 -11149.251160 -21432.645773   -277.778579  6  8  7 671  P   P
PG19   2937.411495  15622.563331  21313.793735    704.627686  8  8  4 310  P   P
PG20  19087.525041  10794.063364 -14916.022024    262.165988 12 12  9 318  P   P
PG21   2474.315874  19142.593159 -18224.179586    381.850172  7  8  9 314  P   P
PG22  -8571.195275  23188.789665  10441.699076     59.465269  8  8  9 312  P   P
PG23  16277.323766 -20115.885542  -5174.373829    679.891291  5  6  6 310  P   P
PG24  19657.246723  11638.496443  13271.707425    163.951192  3  7  8 324  P   P
PG25  18582.315001 -14144.216770  12026.292502    397.230810  6 10 10 309  P   P
PG26   -310.801891 -22612.624829 -13842.335091   -389.149778  8  7  7 309  P   P
PG27 -15659.862257 -12997.097312 -17654.781965      0.493943  8  6  5 318  P   P
PG28  -2096.435730 -22881.966903  13303.590593   -440.897747 11 10  9 312  P   P
PG29  23673.734943  -5118.777165 -11124.833194   -261.138620  6  7  9 313  P   P
PG30  -2603.276693  20497.683827 -16339.848510    332.402104 11 10  8 314  P   P
PG31  -9158.478638 -24445.888833   3651.755449   -127.710025 10 10  9 312  P   P
PG32   4422.932626 -14839.155474  21841.357777    220.423645  7  6  5 317  P   P
*  2026  8 16 20 15  0.00000000
PG01 -18209.690109  -9040.669527  17126.759439    195.289392  8  8 13 330  P   P
PG02 -19940.540138 -15138.677608  10100.636792    158.392491  5  5  8 330  P   P
PG03 -16522.640281   2186.446391  20444.697674    319.306669  9  6  6 327  P   P
PG04 -26653.682380   -578.142704    235.175726     64.070175  6  9 10 328  P   P
PG05  10640.967466  11287.760640 -21729.160381   -236.050413  8 10  7 328  P   P
PG06   2375.877837  22544.586918  13777.532127   -549.206680 10 12 11 333  P   P
PG07 -13586.422700   6725.528249 -21191.129161   -216.157950  9 10  7 277  P   P
PG08 -23469.369810  -6524.348697 -11349.123103    372.012027  8  9  8 327  P   P
PG09 -23333.977626   8075.017180 -10005.752411    699.836695  7  8  8 329  P   P
PG10  10736.815056 -23837.865033   3722.067126   -550.176988  8  6  8 332  P   P
PG11  11342.715760  23958.865272   2361.780331   -240.083891  9 10 14 331  P   P
PG12  16833.899806    123.874816  20263.260532   -604.057497  7 11  6 328  P   P
PG13  15915.176349   1331.592313  21152.360012    429.943005  7 14  6 336  P   P
PG14 -12818.104525  23060.851316    213.664043    750.205830  6  6  5 329  P   P
PG15  24032.904785   3534.020805 -11323.699803    437.092365  6  6  9 329  P   P
PG16  -5536.804695 -16983.242791 -19916.160268    317.155257 10  5  7 330  P   P
PG17 -13297.008763  13189.735101  19303.471493   -189.122574  7  6  7 329  P   P
PG18  12052.872114  -8978.509108 -21823.835507   -277.770736  5  8  7 671  P   P
PG19    488.426308  15366.227916  21643.070504    704.627721  8  8  4 329  P   P
PG20  17261.139951  10990.360946 -16864.262849    262.175005 13 12 10 333  P   P
PG21   1303.658874  20755.885698 -16494.585164    381.843831  7  7  9 330  P   P
PG22  -9328.112159  23876.021022   7873.457602     59.472729  8  7  9 330  P   P
PG23  16062.624178 -19357.326945  -7971.049534    679.894441  5  6  6 329  P   P
PG24  20304.570966  12974.142269  10988.756017    163.967020  4  6  8 342  P   P
PG25  18043.028389 -12643.500083  14263.556925    397.227582  6 10  9 328  P   P
PG26    562.992688 -23798.176482 -11590.128355   -389.151655  8  6  7 328  P   P
PG27 -13632.539117 -13138.081037 -19160.420242      0.493665  9  6  5 333  P   P
PG28  -1089.244288 -21567.285331  15450.072933   -440.888248 11  9  9 331  P   P
PG29  24771.644814  -4809.019285  -8590.768833   -261.132270  6  6  9 331  P   P
PG30  -3797.237690  18858.835037 -17998.291213    332.413364 11 10  8 331  P   P
PG31  -8612.843808 -24038.479980   6434.353687   -127.707696 10 10  9 330  P   P
PG32   6828.086986 -14784.599747  21226.885789    220.440894  7  6  4 333  P   P
*  2026  8 16 20 30  0.00000000
PG01 -18958.441747 -10742.561003  15235.693931    195.280771  9  9 13 343  P   P
PG02 -20385.811630 -15993.203555   7515.549522    158.398660  6  5  9 343  P   P
PG03 -15438.878818      9.089206  21385.618664    319.288505  9  7  6 340  P   P
PG04 -26471.071299   -788.936903   3094.946414     64.070386  7  9 10 342  P   P
PG05   9607.935831  13455.378130 -20954.578240   -236.050946  8 10  7 341  P   P
PG06   1366.936495  21179.975073  15935.008956   -549.198240 11 12 10 344  P   P
PG07 -14963.264673   4588.780696 -20874.860381   -216.161194  8 10  8 276  P   P
PG08 -22112.877806  -6890.059636 -13622.683262    372.002940  9  8  8 341  P   P
PG09 -24326.382556   7945.378807  -7379.224901    699.829270  6  9  8 341  P   P
PG10  11004.746920 -23956.772493    794.513690   -550.171504  8  6  8 344  P   P
PG11  10920.415528  23717.606174   5173.165675   -240.073193 10 11 14 343  P   P
PG12  15658.522696   2244.405587  21054.532391   -604.057103  6 11  5 341  P   P
PG13  14927.506020   3587.232011  21601.560683    429.947174  8 14  5 349  P   P
PG14 -13045.133739  22772.360784  -2617.957997    750.205593  5  6  6 342  P   P
PG15  22769.976750   4068.429680 -13632.597459    437.094874  7  6  9 342  P   P
PG16  -4293.160633 -18729.907328 -18546.356232    317.161075 10  5  7 343  P   P
PG17 -15345.069471  13072.164704  17800.375311   -189.127481  6  5  7 342  P   P
PG18  13394.351143  -6858.749448 -21836.890198   -277.762893  5  9  8 671  P   P
PG19  -1992.316061  15234.907152  21599.419020    704.627756  8  8  4 342  P   P
PG20  15243.160606  11296.314081 -18520.865623    262.184024 13 12 10 345  P   P
PG21    319.799875  22241.797783 -14480.617542    381.837489  7  7  9 342  P   P
PG22  -9892.422486  24352.986548   5173.547947     59.480189  8  7  9 343  P   P
PG23  15753.601303 -18307.446395 -10627.816261    679.897591  6  7  5 342  P   P
PG24  20845.586159  14062.038459   8514.979619    163.982848  4  5  8 354  P   P
PG25  17472.520160 -10898.504486  16246.444737    397.224353  6 10  8 341  P   P
PG26   1287.127766 -24777.149767  -9136.586865   -389.153532  8  7  8 342  P   P
PG27 -11464.789313 -13394.282284 -20349.936347      0.493381  9  6  6 344  P   P
PG28    113.657400 -20118.717080  17330.443801   -440.878751 11  9  9 343  P   P
PG29  25590.317962  -4563.936746  -5910.437832   -261.125920  5  6  9 343  P   P
PG30  -5161.418194  17136.284392 -19339.356639    332.424622 11 11  7 344  P   P
PG31  -7882.813621 -23393.301261   9103.302362   -127.705366 10  9  9 343  P   P
PG32   9146.461684 -14854.881684  20255.035888    220.458143  7  6  4 345  P   P
*  2026  8 16 20 45  0.00000000
PG01 -19671.442710 -12210.095572  13083.266295    195.272152  9  9 14 353  P   P
PG02 -20679.924514 -16604.929451   4807.038692    158.404827  7  5  9 352  P   P
PG03 -14445.157222  -2304.927919  21950.833801    319.270343  9  7  5 350  P   P
PG04 -25981.368722  -1033.872938   5902.061689     64.070599  8  9 10 352  P   P
PG05   8735.101420  15577.733207 -19824.727067   -236.051476  8 10  8 351  P   P
PG06    152.440277  19686.858280  17817.652535   -549.189801 11 12  9 353  P   P
PG07 -16405.456709   2573.619149 -20179.705198   -216.164431  7 10  8 276  P   P
PG08 -20538.665345  -7363.363935 -15669.805708    371.993854  9  8  8 351  P   P
PG09 -25024.108221   7825.221006  -4626.744184    699.821849  6  9  8 351  P   P
PG10  11129.957553 -23783.030416  -2146.974219   -550.166019  8  6  8 353  P   P
PG11  10310.900389  23240.157857   7896.099284   -240.062492 11 11 14 353  P   P
PG12  14560.364522   4484.344913  21474.165920   -604.056711  6 11  5 351  P   P
PG13  14046.672945   5918.896912  21676.600776    429.951345  8 14  5 358  P   P
PG14 -13155.067140  22203.225649  -5403.554974    750.205356  5  7  5 352  P   P
PG15  21303.863430   4731.864356 -15714.382150    437.097384  7  6  9 352  P   P
PG16  -3219.290710 -20391.980905 -16862.611276    317.166892 10  4  7 352  P   P
PG17 -17213.515772  13051.245997  16002.152539   -189.132386  6  4  8 351  P   P
PG18  14834.147729  -4832.573788 -21472.494363   -277.755050  5  9  9 671  P   P
PG19  -4456.003275  15230.049404  21181.871563    704.627792  9  8  5 352  P   P
PG20  13075.391473  11730.322163 -19857.089754    262.193046 13 12 10 354  P   P
PG21   -484.111485  23556.880759 -12216.940669    381.831147  7  6  9 352  P   P
PG22 -10286.297307  24588.712654   2386.881930     59.487650  7  6  8 352  P   P
PG23  15392.396821 -16970.582820 -13098.065762    679.900741  6  8  5 352  P   P
PG24  21243.526753  14906.110806   5894.391087    163.998676  4  5  8 364  P   P
PG25  16908.648009  -8930.909695  17939.080491    397.221125  5 11  8 351  P   P
PG26   1881.352916 -25516.531886  -6523.667489   -389.155410  8  7  8 351  P   P
PG27  -9198.820452 -13777.982429 -21203.291830      0.493091  9  6  6 353  P   P
PG28   1511.375434 -18580.750838  18912.378944   -440.869254 11  8  8 353  P   P
PG29  26113.145330  -4348.865748  -3129.487839   -261.119569  5  7  9 353  P   P
PG30  -6685.715287  15374.941069 -20339.622182    332.435878 11 11  6 353  P   P
PG31  -6948.726384 -22543.477494  11611.070388   -127.703036 11  9  9 352  P   P
PG32  11333.190846 -15034.129882  18941.310899    220.475392  7  6  5 354  P   P
*  2026  8 16 21  0  0.00000000
PG01 -20308.139829 -13431.858248  10706.520375    195.263535  9  9 14 362  P   P
PG02 -20787.357541 -16987.859832   2019.374952    158.410992  7  6  9 360  P   P
PG03 -13569.786920  -4711.175000  22130.511623    319.252182  9  7  4 358  P   P
PG04 -25197.711525  -1349.335100   8608.764952     64.070810  8  9 10 360  P   P
PG05   8024.250633  17606.486533 -18358.425208   -236.052004  9  9  8 359  P   P
PG06  -1265.677861  18111.993508  19393.446487   -549.181362 11 12  8 361  P   P
PG07 -17876.230927    714.391958 -19120.081608   -216.167661  7 10  9 275  P   P
PG08 -18781.352097  -7964.656951 -17456.237974    371.984768 10  8  8 359  P   P
PG09 -25419.007551   7676.664382  -1795.208868    699.814430  5  9  9 359  P   P
PG10  11149.613131 -23301.239495  -5050.577261   -550.160533  8  7  8 361  P   P
PG11   9493.149174  22558.829316  10484.088092   -240.051789 11 11 14 361  P   P
PG12  13566.901244   6801.746873  21514.542077   -604.056320  6 11  6 359  P   P
PG13  13291.098143   8280.905691  21376.094865    429.955517  9 14  7 366  P   P
PG14 -13183.533198  21347.654843  -8094.092777    750.205118  5  7  5 360  P   P
PG15  19672.467590   5540.706977 -17535.623688    437.099897  8  6  8 360  P   P
PG16  -2314.376673 -21924.227857 -14891.822050    317.172708 10  4  8 360  P   P
PG17 -18868.053884  13101.142877  13938.338474   -189.137289  6  3  8 359  P   P
PG18  16339.420902  -2937.302274 -20737.863563   -277.747206  6 10  9 671  P   P
PG19  -6853.992912  15345.077525  20395.992364    704.627827  9  8  6 360  P   P
PG20  10803.559006  12303.378393 -20849.750742    262.202072 13 11 10 361  P   P
PG21  -1122.724053  24661.316578  -9742.548953    381.824804  7  5  9 360  P   P
PG22 -10537.586192  24558.311041   -439.926139     59.495112  6  6  8 360  P   P
PG23  15020.748216 -15360.494825 -15338.553083    679.903891  7  8  5 360  P   P
PG24  21464.621533  15518.307486   3172.890079    164.014503  4  5  8 372  P   P
PG25  16386.038415  -6770.406541  19310.866678    397.217896  5 11  6 359  P   P
PG26   2370.977958 -25989.395135  -3796.503354   -389.157289  8  7  8 359  P   P
PG27  -6879.153171 -14294.032516 -21705.719792      0.492795  9  6  7 361  P   P
PG28   3094.625478 -16998.355016  20168.708843   -440.859758 10  8  8 361  P   P
PG29  26331.900697  -4127.113650   -295.259661   -261.113217  5  7  9 360  P   P
PG30  -8352.151314  13618.457027 -20981.844338    332.447133 11 11  6 361  P   P
PG31  -5798.482995 -21527.231350  13912.852581   -127.700707 11  8  9 360  P   P
PG32  13347.362712 -15299.364049  17306.971231    220.492640  7  6  5 362  P   P
*  2026  8 16 21 15  0.00000000
PG01 -20828.009882 -14404.934253   8146.292750    195.254922  9 10 14 368  P   P
PG02 -20676.889947 -17162.922466   -801.637955    158.417156  8  6  9 367  P   P
PG03 -12833.453726  -7160.826849  21921.731154    319.234022  9  7  3 365  P   P
PG04 -24141.471132  -1768.537836  11168.984945     64.071021  9  9 10 366  P   P
PG05   7468.843030  19494.654959 -16580.169570   -236.052527  9  9  8 366  P   P
PG06  -2876.761128  16502.292609  20635.750327   -549.172926 12 12  7 367  P   P
PG07 -19334.931214   -962.125496 -17717.112270   -216.170888  7 11  9 275  P   P
PG08 -16879.943122  -8707.823308 -18951.846086    371.975683 10  7  7 366  P   P
PG09 -25511.729149   7461.690093   1067.031077    699.807015  5 10  9 366  P   P
PG10  11103.769761 -22505.399151  -7864.840527   -550.155048  8  7  7 367  P   P
PG11   8453.343065  21710.777266  12892.970389   -240.041084 12 11 13 367  P   P
PG12  12698.548325   9150.490179  21174.904935   -604.055930  7 11  8 366  P   P
PG13  12671.443526  10625.266516  20705.204227    429.959689  9 14  8 373  P   P
PG14 -13167.519245  20208.608023 -10642.189287    750.204883  5  8  5 366  P   P
PG15  17916.961729   6504.412139 -19067.336285    437.102411  9  7  8 366  P   P
PG16  -1569.804289 -23283.292654 -12666.060502    317.178523 10  4  8 367  P   P
PG17 -20280.504427  13190.908469  11642.805172   -189.142192  5  3  9 366  P   P
PG18  17872.134452  -1203.733177 -19646.555536   -277.739360  8 10 10 671  P   P
PG19  -9139.516594  15565.601839  19253.896039    704.627863  8  8  7 366  P   P
PG20   8475.698793  13018.518115 -21481.631478    262.211098 13 11 10 368  P   P
PG21  -1617.722902  25520.415518  -7100.093859    381.818462  7  5  9 366  P   P
PG22 -10678.626465  24244.016330  -3259.271260     59.502575  6  7  8 367  P   P
PG23  14678.212413 -13499.974230 -17310.192313    679.907041  7  9  4 366  P   P
PG24  21479.428186  15917.840232    397.429470    164.030333  6  5  8 378  P   P
PG25  15934.612803  -4453.718097  20337.115883    397.214667  5 11  5 366  P   P
PG26   2785.700807 -26176.001917  -1002.619362   -389.159166  8  7  8 366  P   P
PG27  -4551.166799 -14939.565645 -21847.981445      0.492493  9  6  7 367  P   P
PG28   4845.902559 -15415.301162  21077.881801   -440.850261 10  7  7 367  P   P
PG29  26247.004807  -3861.548000   2543.993224   -261.106865  5  8  9 367  P   P
PG30 -10135.423803  11907.601941 -21255.256026    332.458386 11 11  6 367  P   P
PG31  -4428.279981 -20386.340085  15967.458110   -127.698379 11  8  9 367  P   P
PG32  15153.405884 -15621.390476  15378.759539    220.509887  6  6  6 368  P   P
*  2026  8 16 21 30  0.00000000
PG01 -21192.185818 -15134.824090   5446.514694    195.246310  9 10 15 374  P   P
PG02 -20322.883785 -17157.100297  -3609.309007    158.423317  9  6  9 372  P   P
PG03 -12248.465512  -9602.407965  21328.519619    319.215864 10  8  3 371  P   P
PG04 -22841.478914  -2320.067562  13539.094737     64.071230 10  9 10 372  P   P
PG05   7054.382986  21198.267868 -14519.764349   -236.053047  9  8  9 372  P   P
PG06  -4661.675950  14903.072326  21523.724310   -549.164491 12 12  7 373  P   P
PG07 -20738.642302  -2437.528659 -15998.047787   -216.174116  8 11 10 275  P   P
PG08 -14876.511729  -9599.551223 -20131.091391    371.966599 10  7  7 371  P   P
PG09 -25311.644510   7143.785067   3910.981226    699.799600  5 10  9 372  P   P
PG10  11033.600676 -21399.310679 -10539.663549   -550.149562  8  7  7 373  P   P
PG11   7185.582411  20736.533852  15081.650713   -240.030381 13 11 13 373  P   P
PG12  11967.923446  11481.926563  20461.379123   -604.055539  7 11  9 372  P   P
PG13  12190.275184  12903.358638  19675.549063    429.963863 10 13  9 379  P   P
PG14 -13143.731015  18797.817693 -13003.006510    750.204646  5  8  5 372  P   P
PG15  16080.348069   7625.054601 -20285.324370    437.104928  9  7  8 372  P   P
PG16   -969.591328 -24429.316505 -10222.151797    317.184336 10  4  9 372  P   P
PG17 -21429.717355  13285.730118   9153.285972   -189.147093  6  3  9 372  P   P
PG18  19390.464489    344.829484 -18218.175037   -277.731511  8 11 10 671  P   P
PG19 -11269.337381  15869.961728  17774.140480    704.627901  8  7  8 372  P   P
PG20   6140.459310  13870.589209 -21741.787142    262.220128 13 10 10 373  P   P
PG21  -1996.790473  26105.928652  -4335.145122    381.812117  7  5  9 372  P   P
PG22 -10744.876196  23635.984598  -6023.305361     59.510039  5  8  8 372  P   P
PG23  14400.492461 -11420.103837 -18978.765708    679.910191  8 10  4 372  P   P
PG24  21263.984235  16130.176766  -2384.789608    164.046171  9  5  8 384  P   P
PG25  15578.322032  -2023.324972  20999.552908    397.211438  5 11  4 372  P   P
PG26   3158.241471 -26064.647207   1808.924194   -389.161046  7  7  8 372  P   P
PG27  -2259.609137 -15703.991999 -21626.560440      0.492186  8  7  7 373  P   P
PG28   6739.972936 -13872.547647  21624.329347   -440.840763  9  7  6 373  P   P
PG29  25867.475737  -3516.205928   5339.900681   -261.100512  5  9  9 373  P   P
PG30 -12003.757728  10278.773863 -21155.730210    332.469638 11 11  7 373  P   P
PG31  -2843.003813 -19164.449625  17738.132080   -127.696053 11  8  8 372  P   P
PG32  16722.294468 -15965.951315  13188.534414    220.527135  6  6  6 373  P   P
*  2026  8 16 21 45  0.00000000
PG01 -21365.029470 -15635.041781   2653.464829    195.237701  9 11 15 379  P   P
PG02 -19706.394678 -17002.343629  -6356.739132    158.429477  9  6  9 377  P   P
PG03 -11818.352603 -11983.644101  20361.752267    319.197707  9  8  3 376  P   P
PG04 -21332.982291  -3026.600626  15678.633493     64.071440 10  9 10 377  P   P
PG05   6759.100932  22677.927612 -12211.862723   -236.053563  9  8  9 377  P   P
PG06  -6593.388448  13356.386991  22042.650377   -549.156056 12 12  7 378  P   P
PG07 -22043.893840  -3702.208510 -13995.573256   -216.177344  9 11 10 275  P   P
PG08 -12814.774525 -10638.909454 -20973.454447    371.957515 10  7  7 376  P   P
PG09 -24836.453570   6689.540931   6687.828555    699.792188  5 10  9 377  P   P
PG10  10979.568395 -19996.590891 -13027.281016   -550.144076  8  7  7 377  P   P
PG11   5692.304353  19678.420498  17012.782776   -240.019677 13 11 12 378  P   P
PG12  11379.441412  13746.637804  19386.844687   -604.055147  8 11  9 377  P   P
PG13  11842.056403  15067.644895  18305.003961    429.968039 10 13 10 384  P   P
PG14 -13146.971547  17135.465188 -15135.092024    750.204411  6  9  5 377  P   P
PG15  14205.983118   8897.147587 -21170.460149    437.107447 10  7  7 377  P   P
PG16   -491.114073 -25327.464307  -7601.147892    317.190147 10  4  9 377  P   P
PG17 -22302.248742  13348.330693   6510.842275   -189.151996  6  4  9 377  P   P
PG18  20850.353204   1693.247456 -16477.981575   -277.723661  9 11 10 671  P   P
PG19 -13205.292275  16230.081558  15981.488372    704.627939  8  7  9 377  P   P
PG20   3845.388270  14846.354268 -21625.737943    262.229157 13  9 10 378  P   P
PG21  -2292.332215  26397.123708  -1495.399629    381.805774  6  5  9 377  P   P
PG22 -10773.417590  22732.818603  -8684.712869     59.517504  6  8  7 377  P   P
PG23  14217.936506  -9159.191097 -20315.531521    679.913341  8 10  3 377  P   P
PG24  20800.738539  16185.832232  -5127.082192    164.061996  8  5  8 388  P   P
PG25  15334.146176    474.050124  21286.672399    397.208209  6 11  4 377  P   P
PG26   3522.836589 -25652.197386   4588.442891   -389.162924  7  6  8 377  P   P
PG27    -47.119342 -16569.281141 -21043.789944      0.491875  8  7  8 377  P   P
PG28   8744.669394 -12406.745632  21798.728168   -440.831265  8  7  6 378  P   P
PG29  25210.567046  -3057.863234   8044.775927   -261.094158  5  9  8 377  P   P
PG30 -13920.022948   8762.705999 -20685.808845    332.480889 11 11  8 378  P   P
PG31  -1056.265710 -17905.318228  19193.287671   -127.693727 11  8  8 377  P   P
PG32  18032.525206 -16295.089624  10772.813137    220.544380  6  7  7 378  P   P
*  2026  8 16 22  0  0.00000000
PG01 -21315.590706 -15926.412924   -185.015240    195.229088 10 12 15 384  P   P
PG02 -18816.068971 -16734.294737  -8997.530245    158.435635  9  6  8 382  P   P
PG03 -11537.835201 -14253.344336  19038.918304    319.179551  9  8  4 380  P   P
PG04 -19656.369652  -3903.846064  17550.980499     64.071651 11  9  9 381  P   P
PG05   6554.920931  23900.215891  -9695.425688   -236.054073  8  7  9 381  P   P
PG06  -8637.846320  11899.506634  22184.146420   -549.147623 12 12  9 382  P   P
PG07 -23208.362501  -4755.398789 -11747.027105   -216.180576 10 11 11 274  P   P
PG08 -10738.606131 -11817.204906 -21463.800041    371.948431 11  7  7 381  P   P
PG09 -24111.481489   6070.144568   9349.773132    699.784778  6 10  9 381  P   P
PG10  10979.620928 -18320.289855 -15283.208579   -550.138590  8  7  7 382  P   P
PG11   3984.385268  18578.907904  18653.390306   -240.008975 14 11 11 382  P   P
PG12  10929.257407  15896.227629  17970.672957   -604.054756  9 10 10 381  P   P
PG13  11613.470313  17073.348188  16617.380361    429.972217 11 13 10 388  P   P
PG14 -13208.608222  15249.523650 -17001.150151    750.204175  7  9  5 381  P   P
PG15  12336.114818  10307.732706 -21708.896317    437.109970 10  7  7 381  P   P
PG16   -106.113099 -25949.299321  -4847.697574    317.195956  9  5  9 382  P   P
PG17 -22892.773671  13340.479809   3759.274543   -189.156899  7  5 10 381  P   P
PG18  22207.147903   2834.898321 -14456.410273   -277.715809  9 11 11 671  P   P
PG19 -14915.653852  16612.612359  13906.534966    704.627979  7  6  9 381  P   P
PG20   1635.268252  15924.920992 -21135.546184    262.238187 13  9 10 382  P   P
PG21  -2540.017172  26381.582175   1370.147904    381.799429  6  6  8 381  P   P
PG22 -10801.383777  21541.793850 -11197.504439     59.524969  7  9  7 382  P   P
PG23  14154.270141  -6761.422890 -21297.718928    679.916491  9 10  2 382  P   P
PG24  20079.237599  16119.011429  -7783.994872    164.077823  8  6  8 393  P   P
PG25  15211.403786   2989.131893  21193.942761    397.204981  7 11  5 381  P   P
PG26   3913.656964 -24944.296620   7286.574091   -389.164803  7  6  7 381  P   P
PG27   2047.186194 -17510.527543 -20107.906677      0.491559  8  6  8 382  P   P
PG28  10821.959714 -11048.924418  21598.154585   -440.821766  7  7  5 382  P   P
PG29  24301.106583  -2457.503805  10612.407851   -261.087802  6  9  8 382  P   P
PG30 -15843.068665   7383.420494 -19854.599907    332.492141 11 11  9 382  P   P
PG31    909.927246 -16651.065917  20307.128809   -127.691403 11  8  8 382  P   P
PG32  19070.826413 -16568.682970   8172.225109    220.561625  5  7  7 383  P   P
*  2026  8 16 22 15  0.00000000
PG01 -21018.897397 -16036.100457  -3020.329559    195.220473 10 12 15 388  P   P
PG02 -17648.790004 -16390.864544 -11486.518721    158.441791  9  6  8 386  P   P
PG03 -11393.156252 -16363.236894  17383.760345    319.161395  9  8  5 385  P   P
PG04 -17855.710728  -4959.753836  19123.971370     64.071861 11 10  9 385  P   P
PG05   6408.680559  24838.892479  -7013.103575   -236.054581  8  6  9 385  P   P
PG06 -10755.130875  10563.596848  21946.272901   -549.139190 12 12 10 386  P   P
PG07 -24192.499639  -5604.859504  -9293.561405   -216.183811 10 11 11 274  P   P
PG08  -8690.543974 -13118.130384 -21592.676764    371.939349 11  7  7 385  P   P
PG09 -23168.691459   5262.701556  11850.851867    699.777369  7 10  9 385  P   P
PG10  11067.491436 -16402.124728 -17267.128191   -550.133104  8  8  6 386  P   P
PG11   2080.923725  17478.983936  19975.416627   -239.998273 14 10 10 386  P   P
PG12  10605.558998  17885.073455  16238.331070   -604.054362 10 10 10 385  P   P
PG13  11484.058788  18880.026396  14642.002046    429.976396 11 12 11 392  P   P
PG14 -13355.192609  13174.795709 -18568.725434    750.203940  8 10  5 385  P   P
PG15  10510.478488  11836.734786 -21892.216917    437.112496 10  7  7 385  P   P
PG16    218.053449 -26273.945392  -2009.317340    317.201763  9  5  9 386  P   P
PG17 -23204.217237  13224.563881    944.480211   -189.161803  7  7 10 385  P   P
PG18  23417.262523   3771.696015 -12188.516854   -277.707960  9 11 11 671  P   P
PG19 -16376.250478  16980.316857  11585.203881    704.628018  7  6 10 385  P   P
PG20   -449.433757  17078.484149 -20279.776326    262.247217 13  8 10 386  P   P
PG21  -2777.191312  26055.686362   4212.057495    381.793084  7  6  8 385  P   P
PG22 -10864.366879  20078.769447 -13517.817138     59.532434  8  9  6 386  P   P
PG23  14225.612519  -4275.297908 -21908.901814    679.919642  9 11  2 386  P   P
PG24  19096.550722  15966.155254 -10311.966697    164.093648  8  6  9 397  P   P
PG25  15211.399626   5471.881370  20723.852635    397.201751  7 11  7 385  P   P
PG26   4363.215767 -23955.226315   9855.234707   -389.166681  7  6  7 385  P   P
PG27   3989.015365 -18496.786170 -18833.025589      0.491239  8  6  8 386  P   P
PG28  12929.247544  -9823.406148  21026.129391   -440.812269  7  8  4 386  P   P
PG29  23170.559775  -1691.633332  12998.833803   -261.081446  6 10  8 386  P   P
PG30 -17729.218302   6157.468545 -18677.548720    332.503392 11 11 10 386  P   P
PG31   3025.851860 -15440.505940  21060.146814   -127.689077 11  8  7 386  P   P
PG32  19832.567073 -16746.090456   5430.879563    220.578867  6  7  8 386  P   P
*  2026  8 16 22 30  0.00000000
PG01 -20457.026998 -15996.396122  -5803.947712    195.211854 11 12 14 392  P   P
PG02 -16210.042553 -16010.707860 -13780.525767    158.447945 10  6  7 389  P   P
PG03 -11362.762532 -18269.684854  15425.797844    319.143240  9  8  6 388  P   P
PG04 -15977.165863  -6194.019806  20370.446869     64.072072 11 10  8 389  P   P
PG05   6283.559123  25475.839414  -4210.547300   -236.055082  7  5  9 389  P   P
PG06 -12900.834333   9372.648318  21333.532613   -549.130758 12 12 11 390  P   P
PG07 -24961.019935  -6266.226168  -6679.271395   -216.187045 11 11 11 274  P   P
PG08  -6710.335094 -14518.202735 -21356.543994    371.930267 11  7  7 389  P   P
PG09 -22045.449457   4251.339358  14147.740027    699.769961  8 10  8 389  P   P
PG10  11271.177012 -14281.359755 -18943.688753   -550.127620  8  8  6 389  P   P
PG11      8.711343  16416.590753  20956.194822   -239.987571 14 10  9 390  P   P
PG12  10389.191788  19671.965347  14220.866476   -604.053968 10 10 11 389  P   P
PG13  11427.151494  20452.984290  12413.181879    429.980578 11 12 11 396  P   P
PG14 -13607.290676  10951.686799 -19810.783795    750.203705  8 10  5 389  P   P
PG15   8764.995055  13457.567794 -21717.528713    437.115024 10  6  6 389  P   P
PG16    516.953220 -26288.982079    864.428312    317.207568  9  6  9 389  P   P
PG17 -23247.594256  12965.160389  -1886.237642   -189.166708  7  7 10 389  P   P
PG18  24439.799240   4513.786067  -9713.358103   -277.700111  8 11 11 671  P   P
PG19 -17571.293389  17293.642928   9058.117236    704.628059  7  5 10 389  P   P
PG20  -2373.942844  18273.349987 -19073.339067    262.256246 13  7 10 390  P   P
PG21  -3041.226431  25424.777292   6981.304267    381.786738  7  7  8 389  P   P
PG22 -10994.868368  18367.778799 -15604.707362     59.539900  9 10  6 389  P   P
PG23  14439.813812  -1751.901627 -22139.246564    679.922793 10 11  3 389  P   P
PG24  17857.427719  15764.444857 -12669.932865    164.109482  9  6  9 400  P   P
PG25  15327.423466   7873.305777  19885.801896    397.198523  8 10  8 389  P   P
PG26   4900.837147 -22707.418836  12248.566384   -389.168558  6  7  7 389  P   P
PG27   5750.041440 -19492.155561 -17239.028579      0.490917  8  6  8 389  P   P
PG28  15020.856118  -8746.990900  20092.552675   -440.802773  7  8  5 390  P   P
PG29  21855.851422   -743.386666  15163.081017   -261.075090  7 10  7 389  P   P
PG30 -19533.862505   5093.483163 -17176.092726    332.514644 11 11 11 390  P   P
PG31   5255.070246 -14307.630597  21439.478741   -127.686750 11  9  7 389  P   P
PG32  20321.844736 -16787.851678   2595.653521    220.596107  6  8  8 390  P   P
*  2026  8 16 22 45  0.00000000
PG01 -19619.918805 -15843.324348  -8488.222868    195.203231 11 12 14 395  P   P
PG02 -14513.972391 -15631.649742 -15839.114713    158.454099 10  6  6 393  P   P
PG03 -11418.302267 -19935.214023  13199.747452    319.125085  8  7  6 392  P   P
PG04 -14067.322769  -7597.908084  21268.725345     64.072285 11 10  8 392  P   P
PG05   6140.661662  25801.712299  -1335.658083   -236.055579  7  5  9 392  P   P
PG06 -15027.609648   8342.694051  20356.765812   -549.122324 11 12 12 393  P   P
PG07 -25484.196737  -6762.066851  -3950.319159   -216.190283 11 11 12 273  P   P
PG08  -4833.577083 -15987.481938 -20757.918759    371.921186 11  7  7 392  P   P
PG09 -20783.086916   3028.044952  16200.516045    699.762555  9 10  8 392  P   P
PG10  11611.664428 -12003.379425 -20283.200304   -550.122137  8  8  5 393  P   P
PG11  -2198.589564  15425.189866  21578.831340   -239.976868 14  9  7 393  P   P
PG12  10254.588990  21221.565373  11954.285902   -604.053572 10  9 11 392  P   P
PG13  11411.047316  21764.467564   9969.609960    429.984760 12 11 11 399  P   P
PG14 -13978.571168   8624.766122 -20706.179981    750.203471  9 10  6 392  P   P
PG15   7130.611640  15137.971439 -21187.494483    437.117555  9  6  6 392  P   P
PG16    827.475059 -25991.026598   3722.824145    317.213370  8  7  9 393  P   P
PG17 -23041.557758  12530.559630  -4684.905580   -189.171616  7  8 10 392  P   P
PG18  25238.070461   5078.931613  -7073.319276   -277.692262  7 11 12 671  P   P
PG19 -18493.870723  17512.420197   6369.851168    704.628099  7  5 10 392  P   P
PG20  -4110.325714  19471.202751 -17537.222641    262.265276 13  7 10 393  P   P
PG21  -3367.870049  24502.977273   9630.131028    381.780390  7  7  7 392  P   P
PG22 -11220.853647  16440.307274 -17420.920938     59.547366  9 10  5 393  P   P
PG23  14796.137532    756.905783 -21985.632370    679.925946 10 11  5 393  P   P
PG24  16374.191257  15550.315131 -14819.870396    164.125327  8  5  8 404  P   P
PG25  15545.095628  10147.211179  18695.844356    397.195295  8 10  8 392  P   P
PG26   5551.253461 -21230.642836  14423.842999   -389.170434  6  7  6 392  P   P
PG27   7308.839208 -20457.076413 -15351.360931      0.490590  8  5  9 393  P   P
PG28  17049.638249  -7828.442647  18813.530060   -440.793277  7  9  6 393  P   P
PG29  20397.989110    396.614627  17067.864943   -261.068733  7 10  7 393  P   P
PG30 -21213.085276   4192.057186 -15377.211258    332.525895 10 11 11 393  P   P
PG31   7555.708935 -13280.316151  21439.119822   -127.684424 11  9  7 393  P   P
PG32  20551.242604 -16657.371819   -284.591408    220.613346  6  8  8 393  P   P
*  2026  8 16 23  0  0.00000000
PG01 -18505.895703 -15615.112237 -11027.194901    195.194607 11 11 14 398  P   P
PG02 -12583.127407 -15289.120292 -17625.342626    158.460255 10  7  5 396  P   P
PG03 -11525.894875 -21329.794200  10744.855265    319.106930  8  7  7 395  P   P
PG04 -12171.522374  -9154.399903  21802.990469     64.072498 11 10  7 395  P   P
PG05   5940.699196  25816.270635   1562.213949   -236.056072  7  5  8 395  P   P
PG06 -17086.834346   7481.341212  19032.944309   -549.113891 11 12 12 396  P   P
PG07 -25738.921600  -7120.698378  -1154.072735   -216.193517 10 11 12 272  P   P
PG08  -3090.503772 -17490.551694 -19805.434772    371.912106 11  7  7 395  P   P
PG09 -19425.315704   1593.201317  17973.375160    699.755151  9 10  7 395  P   P
PG10  12101.959292  -9618.016297 -21262.203477   -550.116654  9  8  5 396  P   P
PG11  -4501.531871  14532.509155  21832.497013   -239.966165 14  8  6 396  P   P
PG12  10170.962362  22505.629425   9478.845697   -604.053174 10  8 11 395  P   P
PG13  11400.400405  22794.592972   7353.665148    429.988946 12 11 12 402  P   P
PG14 -14475.188140   6241.175717 -21240.003386    750.203237  9 11  7 396  P   P
PG15   5632.320488  16841.051983 -20310.308598    437.120089  9  5  6 396  P   P
PG16   1186.141375 -25385.968157   6514.961392    317.219171  8  7  9 396  P   P
PG17 -22611.666297  11894.176828  -7403.651916   -189.176526  7  9 10 395  P   P
PG18  25780.966158   5491.617034  -4313.399874   -277.684414  6 11 12 671  P   P
PG19 -19146.083044  17597.607025   3568.092467    704.628141  7  6 11 396  P   P
PG20  -5638.369389  20630.563385 -15698.116724    262.274305 13  6 10 396  P   P
PG21  -3789.661554  23312.684132  12112.877666    381.774043  8  7  7 395  P   P
PG22 -11564.471294  14334.276613 -18933.623314     59.554832 10 10  5 396  P   P
PG23  15285.296490   3200.315987 -21451.645644    679.929098 10 11  6 396  P   P
PG24  14666.374136  15358.026344 -16727.286580    164.141172  9  5  8 407  P   P
PG25  15843.038957  12251.824195  17176.294066    397.192067  8 10  9 395  P   P
PG26   6333.394206 -19560.893167  16342.315968   -389.172310  5  7  6 395  P   P
PG27   8651.576756 -21349.804454 -13200.729879      0.490261  8  4  9 396  P   P
PG28  18968.651281  -7068.295039  17211.093483   -440.783781  7  9  7 396  P   P
PG29  18840.539026   1729.689060  18680.232971   -261.062375  7 10  6 396  P   P
PG30 -22725.258438   3445.945455 -13312.883654    332.537146 10 11 12 396  P   P
PG31   9881.959332 -12379.300678  21059.987362   -127.682098 11  9  7 396  P   P
PG32  20541.258978 -16322.525202  -3159.851974    220.630583  6  8  8 396  P   P
*  2026  8 16 23 15  0.00000000
PG01 -17121.875072 -15350.584288 -13377.365848    195.185983 11 11 14 401  P   P
PG02 -10447.877727 -15014.658367 -19106.491028    158.466412 10  7  5 399  P   P
PG03 -11647.618024 -22431.826316   8104.157268    319.088773  7  7  7 398  P   P
PG04 -10332.236354 -10838.666210  21963.586807     64.072710 11 10  7 398  P   P
PG05   5645.700778  25528.370824   4433.110083   -236.056560  8  6  8 398  P   P
PG06 -19030.326223   6787.632721  17384.869239   -549.105459 10 12 13 399  P   P
PG07 -25709.497860  -7374.818924   1661.722199   -216.196754 10 12 12 271  P   P
PG08  -1504.963052 -18987.732022 -18513.806177    371.903026 11  6  7 398  P   P
PG09 -18016.556237    -44.201422  19435.277892    699.747748  9 10  7 398  P   P
PG10  12746.460682  -7177.706350 -21863.900265   -550.111172  9  9  5 399  P   P
PG11  -6856.193613  13759.519220  21712.620578   -239.955461 14  7  8 399  P   P
PG12  10103.701403  23503.944854   6838.272196   -604.052774 10  7 11 398  P   P
PG13  11357.754998  23531.979170   4610.663300    429.993132 12 10 12 405  P   P
PG14 -15095.480431   3848.953606 -21403.797925    750.203002 10 11  8 398  P   P
PG15   4288.387461  18526.495320 -19099.614126    437.122626  9  5  6 398  P   P
PG16   1627.409306 -24488.834648   9190.733059    317.224971  8  8  9 399  P   P
PG17 -21989.390596  11035.798912  -9995.506416   -189.181438  7  9 10 398  P   P
PG18  26044.117925   5781.905666  -1480.468899   -277.676566  6 11 12 671  P   P
PG19 -19538.811203  17513.011287    702.716236    704.628182  7  7 11 398  P   P
PG20  -6946.156058  21708.382935 -13587.936334    262.283333 13  6 10 399  P   P
PG21  -4334.477219  21883.756999  14386.772455    381.767695  8  8  6 398  P   P
PG22 -12040.993208  12092.768643 -20115.071638     59.562300 10 11  6 399  P   P
PG23  15889.836592   5530.341815 -20547.452926    679.932251 10 11  7 398  P   P
PG24  12760.118467  15218.338775 -18361.651799    164.157010  9  5  7 410  P   P
PG25  16193.842394  14151.217050  15355.210905    397.188839  9  9  9 398  P   P
PG26   7259.421228 -17739.032540  17969.974513   -389.174186  4  7  5 398  P   P
PG27   9772.430333 -22128.007816 -10822.701128      0.489930  8  3  9 399  P   P
PG28  20732.833164  -6458.983552  15312.821388   -440.774284  7 10  7 399  P   P
PG29  17228.010881   3248.830671  19972.142445   -261.056017  8 10  5 399  P   P
PG30 -24032.542552   2840.576925 -11019.470258    332.548397  9 11 12 399  P   P
PG31  12185.733939 -11617.475358  20309.838281   -127.679773 10  9  7 399  P   P
PG32  20319.425796 -15757.110535  -5979.871755    220.647819  6  9  8 399  P   P
*  2026  8 16 23 30  0.00000000
PG01 -15483.260165 -15087.543321 -15498.435297    195.177359 12 11 13 404  P   P
PG02  -8145.524562 -14834.545679 -20254.758065    158.472570 11  7  5 401  P   P
PG03 -11743.149414 -23228.800877   5323.685016    319.070615  7  7  8 400  P   P
PG04  -8587.557600 -12618.849097  21747.216702     64.072922 11 10  6 401  P   P
PG05   5220.690305  24955.618230   7227.328498   -236.057045  9  6  8 401  P   P
PG06 -20812.047384   6252.241538  15440.778241   -549.097027 10 12 13 401  P   P
PG07 -25388.150321  -7560.017010   4449.725165   -216.199991  9 12 12 270  P   P
PG08    -93.629096 -20436.484664 -16903.689288    371.893947 10  5  7 401  P   P
PG09 -16600.243727  -1866.691842  20560.520041    699.740346  9 10  6 401  P   P
PG10  13540.706884  -4735.552136 -22078.437016   -550.105692  9  9  5 401  P   P
PG11  -9215.664171  13119.678090  21220.980980   -239.944758 14  6  9 401  P   P
PG12  10015.919956  24204.950417   4078.931608   -604.052372 10  7 11 401  P   P
PG13  11245.167476  23974.054969   1788.056744    429.997318 12  9 12 408  P   P
PG14 -15829.996995   1495.339332 -21195.655102    750.202769 10 11  9 401  P   P
PG15   3109.815953  20151.915374 -17574.359674    437.125164  9  4  7 401  P   P
PG16   2182.036078 -23323.288114  11701.841912    317.230769  8  9  9 401  P   P
PG17 -21210.890435   9942.613842 -12415.216156   -189.186353  7 10  9 401  P   P
PG18  26010.818882   5984.096091   1377.499624   -277.668720  7 11 12 671  P   P
PG19 -19691.124657  17226.908405  -2175.191953    704.628223  7  8 11 401  P   P
PG20  -8030.313174  22661.707984 -11243.254964    262.292360 13  5 10 402  P   P
PG21  -5024.261492  20252.425553  16412.671264    381.761347  8  8  6 401  P   P
PG22 -12658.024969   9762.532953 -20943.210087     59.569767 10 11  7 401  P   P
PG23  16584.848748   7703.461600 -19289.559044    679.935404 10 11  8 401  P   P
PG24  10687.359732  15157.330600 -19696.778761    164.172844  9  5  7 412  P   P
PG25  16565.269279  15816.481120  13265.783911    397.185612  9  9 10 401  P   P
PG26   8334.053348 -15809.243870  19278.200888   -389.176062  4  7  5 401  P   P
PG27  10673.698554 -22750.431607  -8257.191283      0.489597  8  3  9 401  P   P
PG28  22300.615834  -5985.298116  13151.364757   -440.764785  7 11  8 401  P   P
PG29  15604.212599   4938.766102  20920.962422   -261.049657  8 10  5 401  P   P
PG30 -25102.237752   2354.850550  -8537.031419    332.559647  9 11 13 402  P   P
PG31  14418.406981 -10999.514686  19203.046945   -127.677449 10  9  7 401  P   P
PG32  19919.146426 -14942.094989  -8695.058247    220.665053  7  9  9 402  P   P
*  2026  8 16 23 45  0.00000000
PG01 -13613.515204 -14861.199592 -17353.983935    195.168735 12 10 12 406  P   P
PG02  -5719.120690 -14768.631229 -21047.892460    158.478729 11  7  6 404  P   P
PG03 -11771.495887 -23717.607030   2451.633816    319.052454  7  7  8 403  P   P
PG04  -6969.861387 -14457.125378  21157.033122     64.073134 11 10  6 404  P   P
PG05   4635.261102  24123.687997   9896.299636   -236.057526  9  6  8 403  P   P
PG06 -22389.733864   5857.988528  13233.868675   -549.088597 10 12 14 404  P   P
PG07 -24775.244582  -7713.217000   7163.729391   -216.203230  9 12 12 269  P   P
PG08   1134.515751 -21792.963093 -15001.436809    371.884867 10  5  7 403  P   P
PG09 -15217.179101  -3848.778407  21329.212058    699.732943 10 10  5 403  P   P
PG10  14471.500373  -2343.377252 -21903.035635   -550.100211  9  9  6 404  P   P
PG11 -11531.651996  12618.473507  20365.696021   -239.934057 13  6 11 404  P   P
PG12   9870.084631  24606.019126   1248.969082   -604.051968  9  6 11 403  P   P
PG13  11025.850986  24127.034561  -1065.399773    430.001506 12  7 12 410  P   P
PG14 -16661.843198   -774.870483 -20620.182635    750.202535 10 10  9 404  P   P
PG15   2100.066030  21674.296475 -15758.593265    437.127705  9  4  7 404  P   P
PG16   2875.583644 -21920.763185  14002.793100    317.236565  8  9  9 404  P   P
PG17 -20315.602793   8609.976215 -14620.063709   -189.191272  7 10  9 403  P   P
PG18  25672.667749   6135.228006   4212.200440   -277.660869  8 11 12 671  P   P
PG19 -19629.355538  16713.484269  -5014.343551    704.628263  7  9 11 404  P   P
PG20  -8895.930769  23449.352797  -8704.657832    262.301387 12  4 10 404  P   P
PG21  -5873.994494  18459.965366  18155.731698    381.754998  9  8  6 403  P   P
PG22 -13415.026024   7392.334235 -21402.170044     59.577236 10 11  7 404  P   P
PG23  17338.976658   9682.077146 -17700.459246    679.938555  9 11  9 404  P   P
PG24   8484.823974  15195.394272 -20711.150059    164.188674 10  5  7 415  P   P
PG25  16921.654288  17226.607120  10945.632569    397.182384  9  8 10 403  P   P
PG26   9554.209830 -13817.360968  20244.304211   -389.177938  5  7  4 404  P   P
PG27  11365.602666 -23178.566494  -5547.856936      0.489264  8  4  9 404  P   P
PG28  23635.414363  -5625.137956  10763.886993   -440.755286  7 11  9 404  P   P
PG29  14010.637185   6776.334276  21509.889395   -261.043298  8 10  4 404  P   P
PG30 -25907.935372   1962.178456  -5908.599687    332.570898  8 11 13 404  P   P
PG31  16532.565992 -10521.855332  17760.253845   -127.675128  9  9  8 404  P   P
PG32  19378.295811 -13866.591205 -11257.409349    220.682285  7  9  9 404  P   P
*  2026  8 17  0  0  0.00000000
PG01 -11543.439288 -14702.708340 -18912.094183    195.160112 12 10 11 409  P   P
PG02  -3216.038996 -14829.401635 -21469.748282    158.484889 11  7  7 406  P   P
PG03 -11692.740537 -23904.485859   -462.489725    319.034291  7  7  8 405  P   P
PG04  -5504.689202 -16311.014608  20202.624485     64.073344 10  9  7 406  P   P
PG05   3864.983991  23065.337743  12393.455049   -236.058004 10  6  7 406  P   P
PG06 -23726.391085   5580.663114  10801.744350   -549.080168 11 13 14 406  P   P
PG07 -23879.219919  -7871.119032   9759.330724   -216.206478  9 12 12 268  P   P
PG08   2178.403085 -23013.651080 -12838.740993    371.875785 10  4  7 406  P   P
PG09 -13903.990075  -5957.730873  21727.657066    699.725540 10 10  4 406  P   P
PG10  15517.402642    -49.854558 -21341.974046   -550.094733  9  9  6 406  P   P
PG11 -13756.154347  12253.281063  19161.106252   -239.923357 13  7 12 406  P   P
PG12   9629.657833  24713.399024  -1602.564000   -604.051562  9  6 11 406  P   P
PG13  10665.777419  24005.562544  -3900.501042    430.005694 12  6 12 413  P   P
PG14 -17567.329974  -2920.852563 -19688.353848    750.202302 10 10 10 406  P   P
PG15   1255.041853  23051.484635 -13681.189887    437.130247  9  4  8 406  P   P
PG16   3727.133166 -20319.280530  16051.842169    317.242360  8  9  8 406  P   P
PG17 -19344.691480   7041.870969 -16570.671718   -189.196195  7 11  9 406  P   P
PG18  25029.915144   6273.493297   6975.770218   -277.653019  8 11 12 671  P   P
PG19 -19385.879785  15954.038804  -7764.256965    704.628303  7 10 11 406  P   P
PG20  -9556.151104  24033.512773  -6016.027500    262.310412 12  5 10 406  P   P
PG21  -6890.936309  16551.190933  19586.010621    381.748649  9  8  6 406  P   P
PG22 -14303.167218   5031.204012 -21482.657955     59.584703 10 11  8 406  P   P
PG23  18115.677322  11435.732650 -15808.195480    679.941707  9 11  9 406  P   P
PG24   6192.870629  15346.441099 -21388.195483    164.204500 10  5  7 417  P   P
PG25  17225.426917  18369.044306   8436.046873    397.179156  8  8 10 406  P   P
PG26  10908.987003 -11809.150310  20851.920958   -389.179814  6  7  4 406  P   P
PG27  11865.771690 -23378.254349  -2741.384636      0.488931  7  4  9 406  P   P
PG28  24706.935146  -5350.538840   8191.427059   -440.745786  8 12 10 406  P   P
PG29  12484.943688   8731.177353  21728.268209   -261.036937  8 10  3 406  P   P
PG30 -26430.430164   1631.731441  -3179.420006    332.582149  8 11 13 406  P   P
PG31  18483.702412 -10173.017752  16007.898821   -127.672809  9  9  8 406  P   P
PG32  18737.637540 -12528.521237 -13621.428266    220.699516  7  9  9 407  P   P
*  2026  8 17  0 15  0.00000000
PG01  -9310.165494 -14637.872041 -20145.897732    195.151489 12  9 10 411  P   P
PG02   -686.338699 -15021.345388 -21510.739159    158.491049 11  7  8 408  P   P
PG03 -11469.739450 -23804.635519  -3368.724680    319.016126  8  7  8 408  P   P
PG04  -4209.899418 -18134.883898  18899.889036     64.073555 10  9  7 408  P   P
PG05   2892.590100  21819.148044  14675.072511   -236.058478 10  7  7 408  P   P
PG06 -24791.600365   5390.115064   8185.793949   -549.071741 11 13 14 408  P   P
PG07 -22716.248664  -8068.687460  12194.534753   -216.209731  9 12 12 267  P   P
PG08   3044.788876 -24057.027632 -10452.164638    371.866705 10  3  7 408  P   P
PG09 -12691.763958  -8154.653705  21748.618633    699.718136 10 10  3 408  P   P
PG10  16649.572958   2101.214615 -20406.421580   -550.089255  9  9  7 408  P   P
PG11 -15843.126692  12013.544699  17627.554487   -239.912660 13  7 13 409  P   P
PG12   9260.689455  24541.820900  -4426.576658   -604.051154  8  6 10 408  P   P
PG13  10135.173683  23632.044494  -6668.445571    430.009883 12  6 12 415  P   P
PG14 -18516.895899  -4907.115578 -18417.245452    750.202068 10 10 11 408  P   P
PG15    563.353002  24243.679649 -11375.509074    437.132791  9  4  8 408  P   P
PG16   4748.271290 -18561.984287  17811.869464    317.248153  9 10  8 408  P   P
PG17 -18339.416316   5251.047388 -18231.775922   -189.201121  6 11  8 408  P   P
PG18  24091.500761   6436.610751   9621.550418   -277.645169  8 11 12 671  P   P
PG19 -18997.660473  14937.897449 -10376.242871    704.628342  7 10 11 408  P   P
PG20 -10031.448575  24381.256445  -3223.775207    262.319435 12  5 10 409  P   P
PG21  -8074.177669  14572.824873  20678.974998    381.742299  9  9  6 408  P   P
PG22 -15305.539008   2726.667918 -21182.215718     59.592172 10 11  9 408  P   P
PG23  18874.682455  12942.052208 -13645.828081    679.944859  9 11 10 408  P   P
PG24   3854.217168  15617.337976 -21716.519731    164.220320 11  6  7 419  P   P
PG25  17438.696605  19239.925612   5781.186703    397.175928  8  8 10 408  P   P
PG26  12379.966758  -9828.617902  21091.274893   -389.181690  6  8  4 408  P   P
PG27  12198.424416 -23321.162983    113.310080      0.488601  6  5  9 408  P   P
PG28  25492.253192  -5128.932438   5478.196576   -440.736290  8 12 11 409  P   P
PG29  11059.591201  10766.719564  21571.810594   -261.030577  8 10  4 408  P   P
PG30 -26658.363021   1329.835531   -396.171985    332.593401  7 11 14 409  P   P
PG31  20231.774018  -9934.250047  13977.654847   -127.670491  9 10  9 408  P   P
PG32  18039.121883 -10934.933981 -15745.004760    220.716745  7  9  8 409  P   P
*  2026  8 17  0 30  0.00000000
PG01  -6955.921958 -14686.057564 -21034.040764    195.142863 13  7  8 413  P   P
PG02   1819.009130 -15340.648503 -21168.171321    158.497208 11  7  9 410  P   P
PG03 -11069.703320 -23441.488880  -6217.502370    318.997960  8  7  8 410  P   P
PG04  -3095.119291 -19881.593573  17270.798199     64.073764 10  8  8 410  P   P
PG05   1708.877830  20428.038382  16701.079832   -236.058950 10  7  6 410  P   P
PG06 -25562.588545   5251.576058   5430.510087   -549.063315 11 13 14 411  P   P
PG07 -21309.642692  -8337.736863  14430.302271   -216.212989 10 12 12 267  P   P
PG08   3747.848616 -24885.192165  -7882.562003    371.857625  9  3  7 410  P   P
PG09 -11604.907386 -10395.811159  21391.471518    699.710731 10 10  3 410  P   P
PG10  17832.910457   4072.401687 -19114.139104   -550.083778  9  8  8 411  P   P
PG11 -17750.088871  11881.273950  15791.062863   -239.901962 13  7 13 411  P   P
PG12   8733.295376  24113.794867  -7174.782678   -604.050743  8  6 10 410  P   P
PG13   9409.853825  23035.691031  -9321.676717    430.014072 12  6 12 417  P   P
PG14 -19476.261992  -6704.637357 -16829.673237    750.201834 10 10 11 410  P   P
PG15      6.847179  25214.877927  -8878.978999    437.135336  9  4  9 410  P   P
PG16   5942.397643 -16695.467027  19251.153772    317.253945  9 10  7 410  P   P
PG17 -17339.485859   3258.807983 -19572.947302   -189.206051  7 11  8 410  P   P
PG18  22874.780606   6660.223735  12104.830611   -277.637318  8 11 12 671  P   P
PG19 -18504.619273  13662.992057 -12804.339127    704.628380  7 11 11 410  P   P
PG20 -10348.629804  24465.838227   -376.032098    262.328458 12  7 10 411  P   P
PG21  -9414.514625  12571.806338  21415.917703    381.735948 10  9  7 410  P   P
PG22 -16397.708156    523.023040 -20505.341515     59.599639  9 11  9 410  P   P
PG23  19573.602433  14187.365068 -11250.834775    679.948009  9 10 10 410  P   P
PG24   1512.584686  16007.594113 -21690.080041    164.236138 11  6  7 421  P   P
PG25  17524.834803  19843.959823   3027.259917    397.172701  8  7 10 410  P   P
PG26  13941.840451  -7916.412713  20959.294050   -389.183566  7  8  4 410  P   P
PG27  12393.273987 -22986.064016   2965.962047      0.488272  5  6  8 410  P   P
PG28  25976.617409  -4924.588568   2670.822724   -440.726798  7 12 11 411  P   P
PG29   9760.679700  12841.399013  21042.705242   -261.024217  8  9  5 411  P   P
PG30 -26588.574820   1021.464187   2393.812726    332.604654  7 11 14 411  P   P
PG31  21742.579567  -9780.460579  11705.779835   -127.668173  9 10 10 410  P   P
PG32  17324.135539  -9101.957295 -17590.240483    220.733972  7  9  8 411  P   P
*  2026  8 17  0 45  0.00000000
PG01  -4526.600769 -14859.370459 -21561.058822    195.134238 13  5  6 415  P   P
PG02   4249.965207 -15775.245493 -20446.436955    158.503367 12  7  9 412  P   P
PG03 -10465.605073 -22845.696206  -8960.468939    318.979790  9  7  8 412  P   P
PG04  -2161.521506 -21504.221333  15343.050279     64.073973  9  8  8 412  P   P
PG05    313.303905  18937.616176  18435.799988   -236.059417 10  7  6 412  P   P
PG06 -26025.021311   5127.161351   2582.758636   -549.054890 10 13 14 413  P   P
PG07 -19689.033825  -8705.658750  16431.034937   -216.216254 10 12 11 267  P   P
PG08   4308.466756 -25465.382501  -5174.395288    371.848544  9  4  7 412  P   P
PG09 -10660.279244 -12634.153076  20662.230953    699.703323 10  9  5 412  P   P
PG10  19027.446841   5833.875571 -17489.056992   -550.078303  9  8  8 413  P   P
PG11 -19439.606917  11831.840214  13682.911047   -239.891264 13  7 13 413  P   P
PG12   8022.967157  23458.629171  -9800.508510   -604.050330  9  6 10 412  P   P
PG13   8472.335439  22251.314226 -11814.696094    430.018262 12  7 12 419  P   P
PG14 -20407.770913  -8291.741164 -14953.736614    750.201601 10 10 12 412  P   P
PG15   -438.597035  25934.215084  -6232.604238    437.137883  9  5  9 412  P   P
PG16   7304.387501 -14767.957130  20344.021465    317.259735  9 10  7 413  P   P
PG17 -16381.461102   1094.450793 -20569.243214   -189.210984  7 11  7 412  P   P
PG18  21404.954095   6976.379208  14383.563254   -277.629467  9 11 11 671  P   P
PG19 -17947.909079  12136.088714 -15006.172091    704.628417  7 11 10 412  P   P
PG20 -10539.594583  24267.781476   2478.184996    262.337480 12  8 10 413  P   P
PG21 -10894.652142  10593.603714  21784.271694    381.729598 10  9  8 412  P   P
PG22 -17548.604547  -1540.260508 -19463.462836     59.607106  9 11 10 412  P   P
PG23  20169.610401  15167.000120  -8664.449207    679.951160  8 10 11 412  P   P
PG24   -788.694215  16509.309210 -21308.312093    164.251952 11  6  7 423  P   P
PG25  17449.992307  20194.005006    221.696800    397.169474  7  7 10 412  P   P
PG26  15563.317866  -6108.392154  20459.587011   -389.185442  7  8  5 412  P   P
PG27  12484.194432 -22359.853471   5765.897383      0.487945  4  7  8 412  P   P
PG28  26153.953167  -4700.184048   -182.450246   -440.717304  7 12 12 413  P   P
PG29   8607.044024  14910.107202  20149.615060   -261.017856  8  9  6 413  P   P
PG30 -26226.162940    671.768763   5143.326039    332.615908  8 11 14 413  P   P
PG31  22988.895853  -9681.395071   9232.404521   -127.665855  8 10 11 412  P   P
PG32  16631.777332  -7054.382044 -19124.196831    220.751198  8 10  8 413  P   P
*  2026  8 17  1  0  0.00000000
PG01  -2070.187923 -15162.119021 -21717.654482    195.125612 13  4  4 417  P   P
PG02   6559.256427 -16305.233773 -19357.052794    158.509526 12  7 10 414  P   P
PG03  -9637.362535 -22053.855503 -11551.271971    318.961618  9  8  8 414  P   P
PG04  -1401.936047 -22957.798506  13149.618123     64.074182  9  7  9 414  P   P
PG05  -1285.768965  17394.424251  19848.620883   -236.059883 10  7  6 414  P   P
PG06 -26173.490648   4977.495259   -308.991433   -549.046464  9 13 14 414  P   P
PG07 -17889.359993  -9194.325825  18165.004045   -216.219523 11 11 11 268  P   P
PG08   4753.243573 -25771.320008  -2374.956302    371.839463  8  5  7 414  P   P
PG09  -9866.632175 -14820.981828  19573.458653    699.695915 10  9  6 414  P   P
PG10  20189.927853   7364.307670 -15560.746540   -550.072829  9  8  9 414  P   P
PG11 -20880.593498  11835.042643  11339.120938   -239.880563 13  8 14 415  P   P
PG12   7111.665586  22611.214067 -12259.452667   -604.049915  9  6  9 414  P   P
PG13   7312.697583  21317.924428 -14104.835561    430.022453 13  9 12 421  P   P
PG14 -21271.856301  -9654.682510 -12822.283873    750.201368 10 10 12 414  P   P
PG15   -802.037925  26377.157870  -3480.395640    437.140431  9  5  9 414  P   P
PG16   8820.625928 -12827.450597  21071.352128    317.265524  9 11  7 414  P   P
PG17 -15497.278076  -1205.621267 -21201.767461   -189.215921  8 11  6 414  P   P
PG18  19714.211100   7412.143633  16419.041138   -277.621616  9 11 11 671  P   P
PG19 -17368.164023  10372.656711 -16943.724623    704.628452  7 12 10 414  P   P
PG20 -10639.907344  23775.690559   5289.818402    262.346500 12  9 10 415  P   P
PG21 -12489.728814   8680.596253  21777.817813    381.723247 10  9  8 414  P   P
PG22 -18721.703930  -3429.943669 -18074.758000     59.614572  9 11 11 414  P   P
PG23  20621.142458  15885.243516  -5930.951227    679.954311  8 10 11 414  P   P
PG24  -3008.062287  17107.387829 -20576.201186    164.267766 11  5  7 425  P   P
PG25  17184.495375  20310.348963  -2587.663656    397.166247  7  6 10 414  P   P
PG26  17208.278975  -4434.406078  19602.284876   -389.187318  7  8  6 414  P   P
PG27  12507.701169 -21438.263689   8463.014937      0.487620  3  7  8 414  P   P
PG28  26027.042955  -4418.436965  -3032.587365   -440.707811  7 13 12 415  P   P
PG29   7609.637913  16925.782221  18907.559194   -261.011495  8  9  7 414  P   P
PG30 -25584.242757    247.589937   7806.041387    332.627162  8 11 14 415  P   P
PG31  23951.338698  -9603.005669   6600.774352   -127.663536  8 10 11 414  P   P
PG32  15997.233979  -4824.891918 -20319.545439    220.768422  8 10  7 415  P   P
*  2026  8 17  1 15  0.00000000
PG01    364.886883 -15590.589919 -21500.872402    195.116986 13  5  7 419  P   P
PG02   8704.119440 -16903.642097 -17918.533655    158.515687 12  7 11 416  P   P
PG03  -8572.754573 -21107.041332 -13946.300664    318.943444 10  8  7 416  P   P
PG04   -801.294992 -24200.990461  10728.196653     64.074391  9  6  9 416  P   P
PG05  -3071.181296  15844.157124  20914.574358   -236.060345 10  7  6 416  P   P
PG06 -26011.677819   4763.399519  -3195.466768   -549.038037  8 13 14 416  P   P
PG07 -15949.692767  -9819.204120  19604.725720   -216.222793 11 11 10 268  P   P
PG08   5113.255965 -25784.321279    466.493009    371.830381  8  5  7 416  P   P
PG09  -9224.385503 -16907.694671  18144.046409    699.688506 10  9  7 416  P   P
PG10  21275.515839   8651.428780 -13363.801999   -550.067357  9  7  9 416  P   P
PG11 -22049.376279  11856.403563   8799.855034   -239.869859 12  8 14 416  P   P
PG12   5988.660234  21610.620990 -14510.386785   -604.049498 10  7  8 416  P   P
PG13   5929.147763  20277.182769 -16152.975231    430.026645 13  9 11 423  P   P
PG14 -22028.584383 -10787.929675 -10472.310522    750.201135  9  9 12 416  P   P
PG15  -1116.229012  26526.497241   -668.722650    437.142981 10  5  9 416  P   P
PG16  10469.411138 -10919.871770  21420.927350    317.271312 10 11  7 416  P   P
PG17 -14712.954614  -3599.095046 -21458.120209   -189.220859  9 11  6 416  P   P
PG18  17840.628694   7988.406830  18176.528857   -277.613766 10 10 11 671  P   P
PG19 -16803.802225   8396.389355 -18583.995231    704.628487  7 12  9 416  P   P
PG20 -10687.235844  22986.761389   8010.610320    262.355520 13 10 10 416  P   P
PG21 -14168.142483   6870.586338  21396.783286    381.716897 11  9  9 416  P   P
PG22 -19876.457828  -5120.165928 -16363.827471     59.622037  8 10 11 416  P   P
PG23  20889.550503  16354.965666  -3096.920958    679.957462  8  9 11 416  P   P
PG24  -5107.075439  17780.017617 -19504.294433    164.283581 12  5  8 427  P   P
PG25  16704.071257  20219.732211  -5353.362592    397.163020  7  6 10 416  P   P
PG26  18837.116868  -2917.344539  18403.758874   -389.189194  7  8  6 416  P   P
PG27  12501.308243 -20226.227481  11008.783816      0.487298  3  8  8 416  P   P
PG28  25607.378368  -4043.742651  -5830.603091   -440.698318  8 13 12 416  P   P
PG29   6771.233910  18841.094679  17337.679611   -261.005134  8  9  8 416  P   P
PG30 -24683.426673   -281.105146  10337.244630    332.638415  9 12 14 416  P   P
PG31  24618.921679  -9508.953809   3856.462521   -127.661220  8 11 12 416  P   P
PG32  15450.326269  -2452.969129 -21155.103968    220.785645  8 10  7 417  P   P
*  2026  8 17  1 30  0.00000000
PG01   2731.418525 -16133.145365 -20914.167787    195.108362 12  7  9 420  P   P
PG02  10647.873169 -17537.525603 -16156.096544    158.521848 12  6 11 418  P   P
PG03  -7268.039604 -20049.188956 -16105.370756    318.925267 10  8  7 417  P   P
PG04   -337.394408 -25197.654486   8120.558553     64.074600  8  4  9 418  P   P
PG05  -5017.441520  14329.918454  21614.810870   -236.060806 10  8  7 418  P   P
PG06 -25552.184938   4447.580959  -6027.405427   -549.029610  7 13 14 418  P   P
PG07 -13911.944767 -10588.696699  20727.285800   -216.226061 12 11 10 269  P   P
PG08   5422.621020 -25494.124064   3299.643559    371.821300  7  6  7 418  P   P
PG09  -8725.738817 -18847.532326  16398.880919    699.681094 10  9  8 418  P   P
PG10  22239.543160   9692.224872 -10937.151166   -550.061886  8  7  9 418  P   P
PG11 -22930.491940  11858.643942   6108.737443   -239.859151 11  8 14 418  P   P
PG12   4651.087670  20498.572404 -16515.790615   -604.049078 11  7  7 418  P   P
PG13   4328.276967  19171.769646 -17924.196294    430.030836 13 10 11 424  P   P
PG14 -22639.208714 -11694.132909  -7944.303182    750.200903  9  9 12 418  P   P
PG15  -1416.207646  26373.098533   2154.408985    437.145531 10  6 10 418  P   P
PG16  12221.706628  -9087.345105  21387.615657    317.277098 10 11  8 418  P   P
PG17 -14047.540368  -6039.201918 -21332.720794   -189.225801  9 11  6 418  P   P
PG18  15826.856080   8718.918573  19625.839794   -277.605916 10 10 10 671  P   P
PG19 -16289.452073   6238.402508 -19899.537354    704.628521  8 12  8 418  P   P
PG20 -10719.718442  21906.971656  10593.925120    262.364538 13 10 10 418  P   P
PG21 -15892.645035   5195.498781  20647.829876    381.710547 10  9  9 418  P   P
PG22 -20969.909511  -6593.285256 -14361.221509     59.629501  8 10 11 418  P   P
PG23  20940.647161  16596.935463   -210.468274    679.960613  7  9 11 418  P   P
PG24  -7051.647672  18499.401595 -18108.648558    164.299393 12  5  8 429  P   P
PG25  15990.862112  19954.156648  -8029.074638    397.159794  8  5 10 418  P   P
PG26  20408.213675  -1572.481684  16886.226336   -389.191071  7  9  7 418  P   P
PG27  12501.833186 -18737.870666  13357.229949      0.486980  4  8  7 418  P   P
PG28  24914.689154  -3543.747516  -8528.400923   -440.688826  9 13 12 418  P   P
PG29   6086.452567  20610.160966  15466.894362   -260.998772  8  8  8 418  P   P
PG30 -23551.042632   -939.911512  12694.529671    332.649668 10 12 13 418  P   P
PG31  24989.298910  -9362.185833   1046.570028   -127.658903  7 11 12 418  P   P
PG32  15014.288635     16.478960 -21616.243221    220.802867  8 10  7 418  P   P
*  2026  8 17  1 45  0.00000000
PG01   4985.049602 -16770.639532 -19967.365926    195.099741 12  9 10 422  P   P
PG02  12361.246049 -18169.342629 -14101.197702    158.528010 12  6 12 420  P   P
PG03  -5728.256570 -18925.394630 -17992.346748    318.907086 10  8  7 419  P   P
PG04     18.055480 -25918.212444   5371.828753     64.074808  8  3 10 420  P   P
PG05  -7091.529691  12890.590861  21936.958560   -236.061267 10  8  7 419  P   P
PG06 -24816.040266   3996.254554  -8756.377747   -549.021182  7 14 14 420  P   P
PG07 -11819.497388 -11503.736141  21514.617119   -216.229331 12 11  9 270  P   P
PG08   5716.921733 -24899.386613   6074.104566    371.812217  6  7  7 419  P   P
PG09  -8355.121381 -20597.264133  14368.396189    699.673681 10  8  9 419  P   P
PG10  23039.246766  10492.773646  -8323.312402   -550.056416  8  7 10 420  P   P
PG11 -23517.173789  11803.281823   3312.108314   -239.848442 11  8 14 420  P   P
PG12   3104.211836  19317.840641 -18242.415156   -604.048658 11  7  6 419  P   P
PG13   2524.993740  18043.732018 -19388.358855    430.035027 12 11 11 426  P   P
PG14 -23067.679789 -12383.788806  -5281.541333    750.200669  9  9 12 420  P   P
PG15  -1737.762398  25916.370999   4940.148066    437.148083 10  6 10 420  P   P
PG16  14042.204919  -7366.653230  20973.392964    317.282884 10 11  8 420  P   P
PG17 -13512.359769  -8476.375412 -20826.989461   -189.230746 10 11  7 419  P   P
PG18  13718.633863   9609.595059  20741.850218   -277.598067 11  9 10 671  P   P
PG19 -15854.565022   3936.149994 -20868.872350    704.628554  8 13  7 420  P   P
PG20 -10774.323701  20550.944347  12995.539504    262.373555 13 11 10 420  P   P
PG21 -17621.664349   3680.316171  19543.932415    381.704199 10  9  9 419  P   P
PG22 -21958.425593  -7840.373716 -12102.835713     59.636963  7 10 12 420  P   P
PG23  20746.086975  16638.850384   2679.551133    679.963764  8  8 11 420  P   P
PG24  -8813.160322  19232.726956 -16410.706974    164.315205 12  5  9 430  P   P
PG25  15034.195483  19549.528641 -10570.317559    397.156567  9  5 10 419  P   P
PG26  21879.487712   -407.134624  15077.259669   -389.192948  7  9  7 419  P   P
PG27  12543.724947 -16996.126396  15465.883349      0.486665  5  9  7 420  P   P
PG28  23976.167497  -2890.799244 -11079.598140   -440.679335  9 12 13 420  P   P
PG29   5542.121223  22190.216501  13327.442140   -260.992410  9  8  9 420  P   P
PG30 -22220.122522  -1748.847054  14838.451586    332.660921 11 12 13 420  P   P
PG31  25068.690495  -9126.519883  -1781.073010   -127.656582  7 11 12 420  P   P
PG32  14704.834524   2534.714465 -21695.155554    220.820089  8 10  6 420  P   P
*  2026  8 17  2  0  0.00000000
PG01   7085.786595 -17477.139602 -18676.512182    195.091122 11 10 11 424  P   P
PG02  13823.394348 -18758.552963 -11790.912011    158.534174 12  6 12 421  P   P
PG03  -3967.199904 -17780.194556 -19575.695326    318.888902 11  8  6 421  P   P
PG04    298.132826 -26340.782272   2529.690577     64.075016  8  3 10 421  P   P
PG05  -9254.009297  11559.384869  21875.358142   -236.061729 10  8  8 421  P   P
PG06 -23831.894346   3380.639828 -11335.599867   -549.012753  8 14 13 421  P   P
PG07  -9715.790580 -12557.636475  21953.730972   -216.232602 12 11  8 272  P   P
PG08   6031.562141 -24007.833682   8740.387583    371.803133  5  8  7 421  P   P
PG09  -8089.958617 -22118.742576  12088.022484    699.666266 10  8  9 421  P   P
PG10  23635.417635  11067.737645  -5567.615285   -550.050946  7  6 10 421  P   P
PG11 -23811.512602  11652.291220    458.224123   -239.837731 11  9 14 421  P   P
PG12   1361.381031  18110.634860 -19661.769781   -604.048234 11  7  4 421  P   P
PG13    542.140501  16932.872619 -20520.596527    430.039218 12 11 11 428  P   P
PG14 -23282.054232 -12874.617134  -2529.368784    750.200438  9  9 12 421  P   P
PG15  -2115.835789  25164.427518   7639.647579    437.150635 10  7 10 421  P   P
PG16  15890.651591  -5787.945762  20187.204053    317.288670 10 11  9 421  P   P
PG17 -13110.585183 -10860.043320 -19949.378171   -189.235692 10 11  7 421  P   P
PG18  11563.200062  10658.123326  21504.942204   -277.590216 11  9  9 671  P   P
PG19 -15522.267545   1532.105690 -21476.774114    704.628587  9 13  7 421  P   P
PG20 -10885.265824  18941.490646  15174.387770    262.382570 13 12 10 421  P   P
PG21 -19310.802755   2342.290105  18104.150227    381.697852 10  9 10 421  P   P
PG22 -22799.467194  -8861.348157  -9629.190692     59.644427  6 10 12 421  P   P
PG23  20284.534605  16514.120535   5524.322497    679.966916  8  8 11 421  P   P
PG24 -10369.394848  19943.344734 -14437.099294    164.331015 12  5 10 432  P   P
PG25  13831.089104  19044.188861 -12935.112014    397.153341 10  5 10 421  P   P
PG26  23209.949388    579.357513  13009.214158   -389.194824  7  9  8 421  P   P
PG27  12657.490984 -15031.983052  17296.657841      0.486354  6  9  6 421  P   P
PG28  22825.417422  -2063.216606 -13440.321549   -440.669839 10 12 13 421  P   P
PG29   5117.949221  23543.182472  10956.325243   -260.986048  9  7  9 421  P   P
PG30 -20728.198068  -2721.425025  16733.130938    332.672174 11 12 13 421  P   P
PG31  24871.500827  -8768.184511  -4578.692322   -127.654265  8 11 13 421  P   P
PG32  14529.546839   5050.917087 -21390.978902    220.837311  8 10  7 422  P   P
*  2026  8 17  2 15  0.00000000
PG01   8999.350879 -18220.924896 -17063.613638    195.082504 10 10 12 425  P   P
PG02  15022.562695 -19263.364748  -9267.171166    158.540337 12  6 12 423  P   P
PG03  -2007.071391 -16655.884770 -20828.964974    318.870716 11  8  5 422  P   P
PG04    539.210918 -26452.021653   -356.461617     64.075224  8  4 10 423  P   P
PG05 -11460.403048  10362.626375  21431.168081   -236.062192 10  8  9 423  P   P
PG06 -22634.935667   2578.272684 -13720.727143   -549.004323  9 14 13 423  P   P
PG07  -7642.916977 -13736.208857  22036.903353   -216.235874 12 10  7 273  P   P
PG08   6400.123885 -22836.038463  11250.883454    371.794048  5  9  7 423  P   P
PG09  -7901.723805 -23380.265380   9597.543096    699.658849 10  7 10 423  P   P
PG10  23993.904537  11439.542203  -2717.400914   -550.045477  6  6 10 423  P   P
PG11 -23824.283044  11369.755897  -2403.582241   -239.827023 10  9 14 423  P   P
PG12   -556.313505  16917.034099 -20750.530613   -604.047809 12  7  4 423  P   P
PG13  -1590.192805  15875.241996 -21301.720994    430.043408 12 11 10 429  P   P
PG14 -23255.752943 -13190.677251    265.553834    750.200206  9  8 12 423  P   P
PG15  -2582.925219  24133.916025  10204.959407    437.153187 10  8  9 423  P   P
PG16  17723.367445  -4373.749472  19044.675945    317.294456 10 11 10 423  P   P
PG17 -12837.162632 -13140.478019 -18715.245401   -189.240640 10 11  8 423  P   P
PG18   9407.639957  11853.881537  21901.367334   -277.582365 12  9  9 671  P   P
PG19 -15308.492760   -927.730118 -21714.427110    704.628620 10 13  6 423  P   P
PG20 -11082.536950  17108.850393  17093.250376    262.391582 14 12  9 423  P   P
PG21 -20914.454646   1190.457416  16353.295653    381.691506  9  9 10 423  P   P
PG22 -23453.322907  -9664.732718  -6984.615957     59.651888  5 10 12 423  P   P
PG23  19542.578718  16260.452840   8275.851443    679.970068  8  7 11 423  P   P
PG24 -11705.251838  20592.126524 -12219.356389    164.346824 11  6 10 434  P   P
PG25  12386.477437  18477.382847 -15084.587153    397.150115 10  5  9 423  P   P
PG26  24361.205396   1395.342131  10718.590767   -389.196702  7  9  8 423  P   P
PG27  12868.295974 -12883.395752  18816.636617      0.486049  6  9  6 423  P   P
PG28  21501.169776  -1046.329054 -15569.960665   -440.660343 10 12 13 423  P   P
PG29   4787.493332  24637.063258   8394.660552   -260.979686  9  7  9 423  P   P
PG30 -19115.947746  -3863.970522  18346.803643    332.683428 12 12 12 423  P   P
PG31  24419.650463  -8257.253354  -7299.330177   -127.651949  8 11 13 423  P   P
PG32  14487.617676   7514.011483 -20709.775244    220.854533  8 10  7 423  P   P
*  2026  8 17  2 30  0.00000000
PG01  10698.312336 -18965.726498 -15156.275517    195.073885  9 11 13 427  P   P
PG02  15956.355910 -19642.548985  -6575.883175    158.546504 12  7 13 424  P   P
PG03    122.177191 -15590.941902 -21731.187674    318.852527 11  8  5 424  P   P
PG04    779.329244 -26247.648603  -3236.406775     64.075432  9  5 10 424  P   P
PG05 -13662.777187   9318.831913  20612.337726   -236.062657 10  8  9 424  P   P
PG06 -21265.565217   1574.081067 -15870.614608   -548.995894 10 14 12 424  P   P
PG07  -5640.262690 -15018.138847  21761.815164   -216.239152 12  9  5 274  P   P
PG08   6852.797253 -21408.846737  13560.805914    371.784963  6  9  7 424  P   P
PG09  -7757.231431 -24357.691382   6940.372324    699.651429 10  7 10 424  P   P
PG10  24086.919294  11637.276954    178.783680   -550.040008  6  6 10 424  P   P
PG11 -23574.441233  10923.452075  -5223.766420   -239.816316 10 10 14 424  P   P
PG12  -2620.662392  15773.521477 -21490.868473   -604.047382 12  7  5 424  P   P
PG13  -3835.631456  14901.790004 -21718.531310    430.047598 12 12 10 431  P   P
PG14 -22968.623921 -13361.259789   3056.004956    750.199974  9  8 12 424  P   P
PG15  -3167.549011  22849.517031  12589.956370    437.155739 10  9  9 424  P   P
PG16  19494.899527  -3138.314569  17567.698473    317.300243 10 11 10 424  P   P
PG17 -12679.096025 -15270.624615 -17146.575189   -189.245591 10 11  8 424  P   P
PG18   7297.239743  13178.182047  21923.523447   -277.574513 12  9  8 671  P   P
PG19 -15221.419059  -3395.437727 -21579.462893    704.628652 10 13  6 424  P   P
PG20 -11390.612451  15089.659556  18719.375217    262.400593 14 13  9 424  P   P
PG21 -22387.481414    225.478821  14321.505479    381.685161  9  9 10 424  P   P
PG22 -23884.728354 -10267.067209  -4216.361022     59.659349  5 10 12 424  P   P
PG23  18515.359419  15918.287913  10887.726616    679.973220  9  6 11 424  P   P
PG24 -12813.223842  21138.956400  -9793.534718    164.362632 11  7 11 435  P   P
PG25  10713.156743  17887.726304 -16983.529119    397.146889 11  5  9 424  P   P
PG26  25298.854993   2056.268962   8245.349870   -389.198579  7  9  8 424  P   P
PG27  13194.796878 -10593.908441  19998.740112      0.485748  7  9  5 424  P   P
PG28  20045.812267    166.754872 -17431.865472   -440.650847 10 11 12 424  P   P
PG29   4519.375025  25447.118097   5686.950439   -260.973324  9  6 10 424  P   P
PG30 -17425.742732  -5175.204826  19652.311292    332.694683 13 12 11 424  P   P
PG31  23741.651245  -7568.925658  -9897.573006   -127.649632  8 11 13 424  P   P
PG32  14569.945597   9874.496910 -19664.366755    220.871755  8 10  8 425  P   P
*  2026  8 17  2 45  0.00000000
PG01  12162.961445 -19672.160069 -12987.237452    195.065262  9 11 13 428  P   P
PG02  16631.611178 -19857.237004  -3765.960842    158.552673 11  8 13 426  P   P
PG03   2383.786431 -14618.600716 -22267.199318    318.834335 11  8  6 425  P   P
PG04   1056.494982 -25732.616837  -6060.000753     64.075641  9  6 10 426  P   P
PG05 -15811.470072   8438.108703  19433.449373   -236.063125 10  8 10 426  P   P
PG06 -19767.878725    361.181171 -17748.031534   -548.987464 11 14 12 426  P   P
PG07  -3743.236388 -16375.616668  21131.644017   -216.242435 12  9  4 276  P   P
PG08   7414.956899 -19758.466595  15629.076136    371.775876  7 10  7 425  P   P
PG09  -7620.118799 -25035.266668   4162.769660    699.644005 10  6 10 426  P   P
PG10  23894.099812  11695.368172   3071.984304   -550.034540  7  6 10 426  P   P
PG11 -23088.312219  10286.296406  -7953.446476   -239.805614 10 10 14 426  P   P
PG12  -4797.222136  14711.670120 -21870.695467   -604.046954 12  8  7 426  P   P
PG13  -6152.718712  14037.226961 -21764.024097    430.051786 12 12 10 432  P   P
PG14 -22407.772897 -13419.596433   5794.956420    750.199741 10  9 12 426  P   P
PG15  -3892.845642  21343.115912  14751.260043    437.158288 10  9  9 426  P   P
PG16  21159.728591  -2087.315197  15783.890598    317.306030 10 11 11 426  P   P
PG17 -12616.078611 -17207.826648 -15271.546238   -189.250544  9 10  9 426  P   P
PG18   5273.904882  14604.832532  21570.137253   -277.566660 12  9  8 671  P   P
PG19 -15261.229683  -5822.834111 -21075.882689    704.628685 10 13  7 426  P   P
PG20 -11827.378546  12925.684250  20025.022302    262.409599 14 13  9 426  P   P
PG21 -23686.879697   -560.194969  12043.722647    381.678816  8  9 10 426  P   P
PG22 -24064.303388 -10691.991674  -1373.658486     59.666808  6 10 12 426  P   P
PG23  17206.887117  15529.146861  13315.856353    679.976372  9  6 10 426  P   P
PG24 -13693.596136  21544.308557  -7199.745014    164.378440 11  8 11 436  P   P
PG25   8831.454446  17311.717589 -18600.870596    397.143663 11  5  8 426  P   P
PG26  25993.728401   2583.843074   5632.191050   -389.200457  7 10  9 426  P   P
PG27  13648.267564  -8211.048017  20822.257007      0.485453  7  9  5 426  P   P
PG28  18503.791037   1574.680899 -18993.976819   -440.641351 10 11 12 426  P   P
PG29   4278.700553  25956.759481   2880.287623   -260.966964  9  6 10 426  P   P
PG30 -15700.142985  -6646.112506  20627.527136    332.705939 13 12 10 426  P   P
PG31  22871.462263  -6684.609327 -12330.238818   -127.647310 10 11 13 426  P   P
PG32  14759.582572  12086.203160 -18274.036971    220.888977  9 10  9 426  P   P
*  2026  8 17  3  0  0.00000000
PG01  13381.885570 -20299.296559 -10593.816667    195.056635  9 11 14 430  P   P
PG02  17063.880247 -19872.617823   -888.290279    158.558840 11  9 13 427  P   P
PG03   4735.383014 -13765.638623 -22427.876008    318.816142 11  8  6 427  P   P
PG04   1406.984265 -24920.937977  -8778.080726     64.075850  9  7 10 427  P   P
PG05 -17856.894800   7721.902559  17915.433446   -236.063596  9  8 10 427  P   P
PG06 -18188.013141  -1058.639049 -19320.317497   -548.979032 11 14 11 427  P   P
PG07  -1982.127021 -17775.205262  20155.103749   -216.245722 11  8  4 277  P   P
PG08   8105.945902 -17923.263073  17419.124392    371.766788  7 10  6 427  P   P
PG09  -7452.455103 -25406.129567   1313.006454    699.636580 10  6 10 427  P   P
PG10  23403.297248  11652.075488   5913.620648   -550.029072  8  6 10 427  P   P
PG11 -22398.498725   9437.600497 -10545.269065   -239.794915 11 11 13 427  P   P
PG12  -7046.426068  13757.025553 -21883.829839   -604.046525 12  8  8 427  P   P
PG13  -8496.313530  13299.136651 -21437.502268    430.055974 12 12 10 434  P   P
PG14 -21568.133511 -13401.436205   8436.317027    750.199509 10  9 12 427  P   P
PG15  -4775.372048  19652.673996  16649.149595    437.160836 10 10  8 427  P   P
PG16  22673.961145  -1217.905668  13725.972995    317.311818  9 11 11 427  P   P
PG17 -12621.443675 -18915.373532 -13123.962305   -189.255498  9 10  9 427  P   P
PG18   3374.702851  16100.998659  20846.346371   -277.558809 12  8  8 671  P   P
PG19 -15420.194070  -8163.114726 -20213.875491    704.628718 10 13  8 427  P   P
PG20 -12403.322907  10662.369324  20987.923812    262.418603 13 14  8 427  P   P
PG21 -24773.379212  -1181.837125   9559.097005    381.672471  8  9 10 427  P   P
PG22 -23969.747745 -10969.051828   1493.235602     59.674268  7 10 12 427  P   P
PG23  15630.041331  15133.948048  15519.170690    679.979522 10  6 10 427  P   P
PG24 -14354.357852  21770.854552  -4481.582583    164.394248 11 10 12 438  P   P
PG25   6768.636848  16782.347025 -19910.120207    397.140436 12  6  8 427  P   P
PG26  26422.925080   3004.953580   2923.812912   -389.202334  7 10  9 427  P   P
PG27  14232.051812  -5784.562886  21273.224512      0.485163  7 10  6 427  P   P
PG28  16919.945187   3167.703124 -20229.378716   -440.631855 10 10 12 427  P   P
PG29   4028.626213  26158.141807     23.509751   -260.960605  9  5 10 427  P   P
PG30 -13980.396073  -8260.096904  21255.713187    332.717198 13 12  9 427  P   P
PG31  21847.170322  -5592.771003 -14557.018726   -127.644988 11 11 13 427  P   P
PG32  15032.507411  14107.901441 -16564.107918    220.906199  9 10  9 427  P   P
*  2026  8 17  3 15  0.00000000
PG01  14352.226570 -20806.309613  -8017.267062    195.048008 10 11 14 431  P   P
PG02  17276.550900 -19659.458623   2005.327928    158.565007 11 10 13 428  P   P
PG03   7130.382867 -13051.410155 -22210.283859    318.797947 11  7  7 428  P   P
PG04   1863.712781 -23835.157316 -11343.351794     64.076059 10  8 10 428  P   P
PG05 -19751.342876   7163.101885  16085.164061   -236.064071  9  8 10 428  P   P
PG06 -16572.419699  -2674.770786 -20559.967692   -548.970600 11 14 10 428  P   P
PG07   -381.128357 -19178.924284  18846.426221   -216.249013 11  7  6 279  P   P
PG08   8938.121844 -15946.310927  18899.588007    371.757700  8 10  6 428  P   P
PG09  -7216.412383 -25472.476357  -1559.497962    699.629153 10  5 11 428  P   P
PG10  22611.064271  11547.870661   8656.240496   -550.023604  9  7 10 428  P   P
PG11 -21542.553920   8364.080749 -12954.251167   -239.784218 11 11 13 429  P   P
PG12  -9324.882837  12928.222321 -21530.078966   -604.046095 12  8  9 428  P   P
PG13 -10819.131105  12697.373782 -20744.581230    430.060161 11 12 10 435  P   P
PG14 -20452.757844 -13343.540569  10935.656725    750.199276 11  9 12 428  P   P
PG15  -5824.160974  17820.837854  18248.424647    437.163382 10 10  8 428  P   P
PG16  23996.938194   -519.118501  11431.068223    317.317607  9 11 11 428  P   P
PG17 -12663.391132 -20363.802474 -10742.560030   -189.260453  8 10  9 428  P   P
PG18   1630.586622  17628.340114  19763.675437   -277.550959 12  7  9 671  P   P
PG19 -15683.059653 -10372.420829 -19009.542153    704.628749 10 12  8 428  P   P
PG20 -13121.018910   8347.256209  21591.652900    262.427605 13 14  8 429  P   P
PG21 -25612.909125  -1661.658257   6910.315193    381.666127  7  9 10 428  P   P
PG22 -23586.748319 -11132.281583   4333.999438     59.681725  9 10 12 428  P   P
PG23  13806.248860  14771.354790  17460.280261    679.982674 10  5 10 428  P   P
PG24 -14810.815843  21785.038712  -1685.459501    164.410054 10 11 12 439  P   P
PG25   4558.076921  16327.848762 -20889.730818    397.137210 12  7  7 428  P   P
PG26  26570.618324   3350.423154    166.165428   -389.204211  7 10  9 428  P   P
PG27  14941.367014  -3364.585235  21344.650029      0.484878  7 10  6 428  P   P
PG28  15337.838268   4927.865497 -21116.763073   -440.622360 10 10 11 429  P   P
PG29   3732.004942  26052.416489  -2833.679231   -260.954246  9  5 10 429  P   P
PG30 -12304.991426  -9993.420105  21525.803948    332.728459 13 12  8 429  P   P
PG31  20709.543156  -4289.526157 -16541.068036   -127.642667 11 11 13 428  P   P
PG32  15358.688774  15904.706669 -14565.407065    220.923422  9 10 10 429  P   P
*  2026  8 17  3 30  0.00000000
PG01  15079.609302 -21154.135052  -5302.065061    195.039380 11 11 14 432  P   P
PG02  17299.654375 -19195.382099   4863.232633    158.571179 11 11 13 430  P   P
PG03   9519.554701 -12487.166023 -21617.740276    318.779751 11  7  8 429  P   P
PG04   2454.742443 -22505.504261 -13711.237516     64.076269 10  9 10 430  P   P
PG05 -21450.716357   6746.490965  13974.944995   -236.064549  9  9 10 430  P   P
PG06 -14966.129445  -4467.978876 -21445.136019   -548.962165 12 14  8 430  P   P
PG07   1042.434416 -20545.521347  17225.278755   -216.252303 11  6  7 280  P   P
PG08   9916.205810 -13873.769766  20044.888665    371.748612  8 10  5 430  P   P
PG09  -6875.930813 -25245.383459  -4405.053435    699.621723 10  6 11 430  P   P
PG10  21522.832076  11423.758210  11254.239568   -550.018137 10  7 10 430  P   P
PG11 -20561.470698   7060.581926 -15138.580908   -239.773521 11 12 12 430  P   P
PG12 -11586.817306  12236.364728 -20815.240535   -604.045666 12  8 10 430  P   P
PG13 -13073.369046  12233.767891 -19697.092841    430.064348 11 12 11 436  P   P
PG14 -19072.817780 -13282.151934  13250.903319    750.199043 11  9 11 430  P   P
PG15  -7040.087677  15893.340735  19519.194121    437.165925 10 11  7 430  P   P
PG16  25092.699522     27.423255   8939.949518    317.323398  8 11 11 430  P   P
PG17 -12706.433746 -21531.899743  -8170.214485   -189.265408  8  9  9 430  P   P
PG18     65.349590  19144.380691  18339.902315   -277.543112 12  6  9 670  P   P
PG19 -16027.731825 -12411.277277 -17484.536533    704.628780 10 12  9 430  P   P
PG20 -13974.923078   6028.329398  21825.895981    262.436606 13 14  7 430  P   P
PG21 -26177.876894  -2027.750785   4142.870890    381.659784  6 10 10 430  P   P
PG22 -22909.565402 -11218.627244   7099.178213     59.689183 10 10 12 430  P   P
PG23  11764.851677  14476.213966  19106.083907    679.985825 10  5  9 430  P   P
PG24 -15084.915126  21558.557142   1140.157145    164.425862 10 12 12 440  P   P
PG25   2238.210718  15970.635934 -21523.405778    397.133984 12  7  7 430  P   P
PG26  26428.602014   3653.628037  -2594.294191   -389.206087  8 10  9 430  P   P
PG27  15763.463549   -999.798614  21036.572367      0.484598  6 10  6 430  P   P
PG28  13798.150797   6829.504756 -21640.798914   -440.612866 10 10 11 430  P   P
PG29   3353.047005  25649.643533  -5641.602963   -260.947889  9  6 10 430  P   P
PG30 -10708.321158 -11815.914077  21432.612402    332.739720 13 12  6 430  P   P
PG31  19500.506558  -2778.951020 -18249.543159   -127.640346 12 11 13 430  P   P
PG32  15703.389266  17449.218093 -12313.640208    220.940646 10 10 10 430  P   P
*  2026  8 17  3 45  0.00000000
PG01  15577.743576 -21307.076813  -2495.134775    195.030751 12 10 14 434  P   P
PG02  17168.419552 -18465.848439   7634.920886    158.577355 10 12 12 431  P   P
PG03  11852.689361 -12075.681814 -20659.785017    318.761554 11  7  9 431  P   P
PG04   3201.985106 -20968.752038 -15840.677117     64.076480 10 10 10 431  P   P
PG05 -22916.119533   6449.531171  11621.898456   -236.065032  8  9 10 431  P   P
PG06 -13411.078141  -6410.935887 -21960.045403   -548.953729 12 14  7 431  P   P
PG07   2278.644951 -21831.894999  15316.609509   -216.255592 11  5  8 282  P   P
PG08  11036.960617 -11753.153241  20835.676724    371.739523  9 11  5 431  P   P
PG09  -6398.311720 -24744.295754  -7174.572409    699.614292 10  6 11 431  P   P
PG10  20152.774391  11319.597872  13664.540886   -550.012670 10  8  9 431  P   P
PG11 -19498.047528   5530.484358 -17060.361782   -239.762823 11 12 12 431  P   P
PG12 -13785.604216  11684.692880 -19751.022028   -604.045236 12  8 11 431  P   P
PG13 -15212.358804  11902.144347 -18312.888687    430.068533 11 12 11 437  P   P
PG14 -17447.317401 -13251.490676  15343.004057    750.198810 12  9 11 431  P   P
PG15  -8415.583131  13917.262562  20437.563594    437.168465 10 11  6 431  P   P
PG16  25931.251283    446.518338   6296.258027    317.329191  8 10 11 431  P   P
PG17 -12712.996983 -22407.361051  -5453.065815   -189.270364  7  9 10 431  P   P
PG18  -1305.145022  20604.063124  16598.812174   -277.535267 12  5 10 670  P   P
PG19 -16426.210406 -14245.852524 -15665.634672    704.628811 10 12  9 431  P   P
PG20 -14951.493532   3752.353326  21686.624595    262.445606 12 14  7 431  P   P
PG21 -26448.210675  -2312.805533   1304.287674    381.653441  6 10 10 431  P   P
PG22 -21941.280290 -11266.282747   9741.071485     59.696640 11 10 12 431  P   P
PG23   9542.185574  14278.142644  20428.316969    679.988976 11  6  8 431  P   P
PG24 -15204.282430  21069.675079   3945.592298    164.441668 10 13 12 442  P   P
PG25   -148.683015  15726.454136 -21800.341856    397.130759 12  7  7 431  P   P
PG26  25996.564941   3949.041001  -5311.332709   -389.207963  8 10 10 431  P   P
PG27  16678.127687   1264.309724  20355.966588      0.484322  6 10  7 431  P   P
PG28  12337.195528   8840.056485 -21792.399655   -440.603374 10 10 10 431  P   P
PG29   2858.926995  24968.363779  -8351.503615   -260.941533  9  7 10 431  P   P
PG30  -9219.495569 -13691.940420  20976.953903    332.750982 13 11  6 431  P   P
PG31  18261.598154  -1073.107280 -19654.081206   -127.638023 12 11 12 431  P   P
PG32  16028.653261  18722.357618  -9848.687751    220.957871 10 10 11 431  P   P
*  2026  8 17  4  0  0.00000000
PG01  15867.715038 -21234.295433    354.973558    195.022122 12  9 14 435  P   P
PG02  16921.644868 -17464.805927  10272.004914    158.583531 10 12 12 432  P   P
PG03  14080.316384 -11811.211069 -19352.059797    318.743356 11  7 10 432  P   P
PG04   4120.155958 -19266.833144 -17694.853493     64.076689 10 10 10 432  P   P
PG05 -24115.247778   6243.435373   9067.270983   -236.065518  7  9 11 432  P   P
PG06 -11944.555943  -8469.078494 -22095.296081   -548.945292 12 14  6 432  P   P
PG07   3325.277047 -22994.627224  13150.412650   -216.258879 12  4  9 283  P   P
PG08  12289.208819  -9631.567483  21259.135117    371.730433  9 11  5 432  P   P
PG09  -5755.675351 -23996.203851  -9820.423235    699.606859 10  7 11 432  P   P
PG10  18523.366785  11272.487292  15847.228655   -550.007203 11  8  9 432  P   P
PG11 -18395.195986   3785.777412 -18686.285753   -239.752125 11 13 11 432  P   P
PG12 -15875.341871  11268.545988 -18354.878638   -604.044807 11  8 12 432  P   P
PG13 -17192.181087  11688.661320 -16615.545518    430.072715 11 12 11 439  P   P
PG14 -15602.526266 -13282.334679  17176.544692    750.198577 12 10 10 432  P   P
PG15  -9934.714807  11939.224404  20986.195811    437.171003 10 11  5 432  P   P
PG16  26489.595004    768.171857   3545.706434    317.334985  7 10 11 432  P   P
PG17 -12645.100397 -22987.087512  -2639.592169   -189.275319  7  8  9 432  P   P
PG18  -2473.427056  21961.430831  14569.839359   -277.527424 12  5 11 670  P   P
PG19 -16845.743248 -15849.000427 -13584.242558    704.628842  9 11 10 432  P   P
PG20 -16029.625294   1563.261723  21176.164361    262.454606 12 14  7 432  P   P
PG21 -26412.125348  -2552.650688  -1556.692511    381.647099  6 10  9 432  P   P
PG22 -20693.701719 -11313.006592  12214.557906     59.704096 11 10 11 432  P   P
PG23   7180.400650  14200.315171  21404.032410    679.992126 11  6  8 432  P   P
PG24 -15201.022631  20304.319946   6680.881612    164.457472  9 13 12 443  P   P
PG25  -2557.840292  15603.781696 -21715.407084    397.127534 12  8  8 432  P   P
PG26  25282.087649   4270.750577  -7939.651176   -389.209839  8 10 10 432  P   P
PG27  17658.500048   3387.038522  19316.501789      0.484050  6 10  7 432  P   P
PG28  10985.612475  10921.134281 -21568.883720   -440.593882 10 11 10 432  P   P
PG29   2221.271826  24034.849982 -10916.411881   -260.935178  9  7 10 432  P   P
PG30  -7861.356888 -15581.567423  20165.683834    332.762244 13 11  8 432  P   P
PG31  17032.450625    808.220481 -20731.219367   -127.635699 12 12 12 432  P   P
PG32  16294.915090  19713.878826  -7213.842541    220.975098 10  9 11 432  P   P
*  2026  8 17  4 15  0.00000000
PG01  15976.993124 -20911.119692   3198.936639    195.013497 13  9 14 436  P   P
PG02  16599.964157 -16194.991040  12729.085396    158.589708  9 13 12 433  P   P
PG03  16155.406871 -11679.766493 -17716.095665    318.725157 10  7 10 433  P   P
PG04   5216.018571 -17445.266820 -19241.838042     64.076897 10 11  9 433  P   P
PG05 -25023.520300   6094.489223   6355.672198   -236.066010  6 10 11 433  P   P
PG06 -10597.843126 -10601.755966 -21848.064130   -548.936855 13 14  7 433  P   P
PG07   4187.797876 -23991.576865  10761.405239   -216.262162 12  3 10 285  P   P
PG08  13654.185339  -7553.993698  21309.140352    371.721343  9 11  5 433  P   P
PG09  -4926.226591 -23034.545197 -12297.248071    699.599424 11  8 11 433  P   P
PG10  16664.659074  11315.260250  17766.132494   -550.001735 11  8  8 433  P   P
PG11 -17294.257464   1846.795415 -19988.222238   -239.741426 11 13 10 434  P   P
PG12 -17812.411476  10975.625267 -16649.769932   -604.044379 11  9 12 433  P   P
PG13 -18973.185155  11572.449922 -14633.976939    430.076895 10 12 11 440  P   P
PG14 -13571.152795 -13400.732650  18720.318868    750.198343 12 10 10 433  P   P
PG15 -11573.637993  10003.598856  21154.722790    437.173537 10 11  4 433  P   P
PG16  26752.487232   1026.205881    735.284633    317.340781  6 10 11 433  P   P
PG17 -12466.046340 -23277.111051    220.345275   -189.280272  7  8 10 433  P   P
PG18  -3440.552779  23171.372189  12287.599365   -277.519582 13  7 11 670  P   P
PG19 -17250.151628 -17201.052110 -11275.852363    704.628872  9 11 10 433  P   P
PG20 -17181.386430   -499.340528  20303.159861    262.463605 11 14  6 434  P   P
PG21 -26066.582778  -2784.670016  -4390.941610    381.640758  7 10  9 433  P   P
PG22 -19186.942850 -11394.489100  14477.843525     59.711553 12 10 11 433  P   P
PG23   4726.064016  14258.496673  22016.007053    679.995277 11  6  7 433  P   P
PG24 -15110.311078  19256.893543   9296.742970    164.473273  9 14 12 444  P   P
PG25  -4943.462409  15603.498034 -21269.251186    397.124309 12  8  9 433  P   P
PG26  24300.365937   4651.009180 -10435.567704   -389.211717  9 10 10 433  P   P
PG27  18672.167972   5333.840823  17938.165553      0.483781  6 10  8 433  P   P
PG28   9767.293768  13029.841467 -20974.025506   -440.584388 10 11 10 434  P   P
PG29   1417.469617  22882.068012 -13291.978808   -260.928824  9  8 10 433  P   P
PG30  -6649.728772 -17441.925071  19011.645184    332.773506 13 11  9 434  P   P
PG31  15849.355903   2838.065724 -21462.751215   -127.633377 12 12 12 433  P   P
PG32  16462.661302  20422.533860  -4455.007332    220.992326 11  9 12 434  P   P
*  2026  8 17  4 30  0.00000000
PG01  15938.195490 -20320.128706   5987.526706    195.004875 13 10 14 437  P   P
PG02  16244.083966 -14667.875843  14964.524429    158.595884  9 13 11 435  P   P
PG03  18035.001392 -11659.721704 -15779.008126    318.706957 10  8 11 434  P   P
PG04   6487.951366 -15551.462108 -20455.140566     64.077105 10 12  9 434  P   P
PG05 -25624.914705   5965.563574   3534.263053   -236.066506  5 10 10 434  P   P
PG06  -9395.086430 -12763.628614 -21222.184343   -548.928418 13 14  8 435  P   P
PG07   4879.082182 -24783.479797   8188.608653   -216.265444 12  3 10 287  P   P
PG08  15106.204664  -5561.685710  20986.282768    371.712250  9 11  6 434  P   P
PG09  -3895.280137 -21897.874224 -14562.731393    699.591988 11  8 10 434  P   P
PG10  14613.287293  11475.151227  19389.358352   -549.996267 11  8  7 435  P   P
PG11 -16233.396032   -258.374141 -20943.711836   -239.730727 11 13  9 435  P   P
PG12 -19556.967611  10786.548856 -14663.835776   -604.043954 11  9 13 434  P   P
PG13 -20521.355228  11526.533415 -12401.956762    430.081075 10 12 12 441  P   P
PG14 -11391.285757 -13626.898182  19947.840705    750.198109 13 10  9 435  P   P
PG15 -13301.401692   8150.818714  20939.993254    437.176069 10 11  4 435  P   P
PG16  26712.910435   1256.753288  -2087.519478    317.346579  6 10 11 435  P   P
PG17 -12142.043464 -23292.160129   3076.460065   -189.285224  8  8  9 434  P   P
PG18  -4215.899767  24191.358791   9791.315989   -277.511738 13  8 12 670  P   P
PG19 -17601.277815 -18290.335347  -8779.456157    704.628901  9 10 10 434  P   P
PG20 -18373.027816  -2401.507114  19082.435734    262.472605 11 14  7 435  P   P
PG21 -25417.428563  -3046.161894  -7149.784464    381.634417  7 10  8 434  P   P
PG22 -17448.693392 -11542.833755  16493.123502     59.719008 13  9 10 435  P   P
PG23   2228.593220  14460.360896  22253.065460    679.998426 11  7  6 435  P   P
PG24 -14968.836993  17930.756566  11745.577241    164.489070  8 14 12 445  P   P
PG25  -7260.212294  15718.833560 -20468.345574    397.121084 12  8 10 434  P   P
PG26  23073.673820   5118.860506 -12757.667081   -389.213595  9 10 10 434  P   P
PG27  19682.479301   7077.419860  16246.772071      0.483516  6 10  8 434  P   P
PG28   8698.579623  15120.265689 -20017.995530   -440.574896 11 11 10 435  P   P
PG29    431.747128  21548.391058 -15437.253452   -260.922472  9  8 10 435  P   P
PG30  -5592.931613 -19228.691548  17533.522771    332.784768 13 11 11 435  P   P
PG31  14743.959219   4983.081775 -21836.016902   -127.631056 12 12 11 435  P   P
PG32  16494.080618  20855.899301  -1619.869277    221.009557 11  9 12 435  P   P
*  2026  8 17  4 45  0.00000000
PG01  15787.658308 -19451.960999   8672.479212    194.996256 13 11 14 438  P   P
PG02  15893.066969 -12903.276170  16941.107055    158.602060  9 14 11 436  P   P
PG03  19681.703187 -11722.714497 -13573.100892    318.688756 10  8 11 435  P   P
PG04   7925.851804 -13632.964485 -21314.154900     64.077312 10 12  9 436  P   P
PG05 -25912.473961   5817.755527    651.910506   -236.067006  3 10 10 436  P   P
PG06  -8352.461613 -14906.263544 -20228.113645   -548.919980 13 14 10 436  P   P
PG07   5418.836099 -25335.497131   5474.829091   -216.268727 12  4 10 289  P   P
PG08  16613.609306  -3690.745942  20297.752401    371.703158  9 12  7 435  P   P
PG09  -2656.006677 -20628.355076 -16578.306797    699.584549 11  9 10 436  P   P
PG10  12411.259482  11772.671423  20689.762719   -549.990797 11  8  7 436  P   P
PG11 -15246.131165  -2494.787074 -21536.355763   -239.720028 11 14  9 436  P   P
PG12 -21074.306832  10675.681364 -12429.992543   -604.043529 10  9 13 436  P   P
PG13 -21809.472694  11518.990891  -9957.560685    430.085253  9 12 12 442  P   P
PG14  -9105.139856 -13974.325726  20837.793566    750.197875 13 10  8 436  P   P
PG15 -15081.074628   6415.862433  20346.145482    437.178597  9 11  5 436  P   P
PG16  26372.246807   1496.693302  -4875.473576    317.352379  7 10 11 436  P   P
PG17 -11643.697740 -23054.892389   5878.977638   -189.290175  9  8  9 436  P   P
PG18  -4816.628014  24983.107814   7124.151583   -277.503894 13  9 12 670  P   P
PG19 -17860.502625 -19113.408179  -6136.925159    704.628931  9 10 10 436  P   P
PG20 -19566.228961  -4116.061876  17534.755658    262.481606 10 14  7 436  P   P
PG21 -24479.199858  -3372.702983  -9785.830441    381.628078  7 11  8 436  P   P
PG22 -15513.222318 -11785.209087  18227.150551     59.726464 13  9 10 436  P   P
PG23   -261.424387  14805.120772  22110.314349    680.001574 11  7  6 436  P   P
PG24 -14813.163426  16338.352026  13982.470539    164.504866  8 14 12 446  P   P
PG25  -9464.707209  15935.606241 -19324.949387    397.117859 12  8 10 436  P   P
PG26  21630.586730   5698.893071 -14867.412472   -389.215474 10 10 10 436  P   P
PG27  20650.017478   8598.515632  14273.373093      0.483254  6  9  8 436  P   P
PG28   7787.756212  17145.099610 -18717.190406   -440.565402 11 11 10 436  P   P
PG29   -744.026746  20076.119377 -17315.392006   -260.916121  9  9  9 436  P   P
PG30  -4691.584967 -20897.658902  15755.601692    332.796030 13 10 12 436  P   P
PG31  13742.128072   7204.578930 -21844.123895   -127.628734 12 13 11 436  P   P
PG32  16354.637877  21029.875345   1242.932322    221.026790 11  8 12 436  P   P
*  2026  8 17  5  0  0.00000000
PG01  15563.869604 -18305.817964  11207.343063    194.987637 13 12 14 439  P   P
PG02  15582.729836 -10928.647719  18626.585474    158.608235  9 14 10 437  P   P
PG03  21064.980479 -11834.821454 -11135.380343    318.670556  9  8 11 436  P   P
PG04   9511.380758 -11735.715644 -21804.493506     64.077518 10 12  8 437  P   P
PG05 -25888.469864   5612.091537  -2241.674515   -236.067510  2 11 10 437  P   P
PG06  -7477.656794 -16979.866496 -18882.773567   -548.911542 13 14 11 437  P   P
PG07   5832.740212 -25618.650005   2666.034445   -216.272010 12  6 11 290  P   P
PG08  18139.955140  -1970.933450  19257.100212    371.694066  9 12  8 437  P   P
PG09  -1209.872957 -19270.136444 -18309.791423    699.577110 11  9 10 437  P   P
PG10  10104.556295  12220.734555  21645.366669   -549.985326 12  8  6 437  P   P
PG11 -14360.068162  -4821.808425 -21756.094227   -239.709330 11 14  9 437  P   P
PG12 -22336.064448  10612.210977  -9985.451316   -604.043107 10 10 13 437  P   P
PG13 -22818.030059  11514.321532  -7342.534276    430.089429  9 12 12 443  P   P
PG14  -6757.648499 -14449.162549  21374.407962    750.197641 13 10  6 437  P   P
PG15 -16871.140192   4826.986232  19384.502849    437.181123  9 11  6 437  P   P
PG16  25740.157092   1782.086239  -7582.320758    317.358181  7 10 11 437  P   P
PG17 -10947.311882 -22594.834329   8579.531129   -189.295124  9  8  9 437  P   P
PG18  -5266.825999  25514.100153   4332.451306   -277.496047 13 10 12 670  P   P
PG19 -17990.279759 -19675.002816  -3392.361775    704.628960  9  9 10 437  P   P
PG20 -20719.533355  -5623.450512  15686.482313    262.490608 10 14  7 437  P   P
PG21 -23274.611462  -3796.580222 -12253.783657    381.621738  8 11  7 437  P   P
PG22 -13420.155439 -12142.718535  19651.706532     59.733920 13  9  9 437  P   P
PG23  -2693.965999  15283.489292  21589.280922    680.004723 11  8  7 437  P   P
PG24 -14678.076569  14500.950466  15966.167309    164.520660  8 14 11 447  P   P
PG25 -11516.957277  16232.741104 -17856.997616    397.114634 12  8 11 437  P   P
PG26  20004.992893   6410.162112 -16729.714942   -389.217353 10 11  9 437  P   P
PG27  21534.173519   9886.360159  12053.591924      0.482995  6  9  9 437  P   P
PG28   7034.874653  19057.325834 -17093.955156   -440.555908 11 11 10 437  P   P
PG29  -2109.842350  18509.865397 -18894.285961   -260.909770  9  9  9 437  P   P
PG30  -3938.708526 -22406.321225  13707.428744    332.807293 13 10 12 437  P   P
PG31  12863.036089   9459.763585 -21486.094556   -127.626411 12 13 11 437  P   P
PG32  16014.513224  20967.884479   4084.630293    221.044023 12  8 12 437  P   P
*  2026  8 17  5 15  0.00000000
PG01  15305.828217 -16889.641271  13548.297354    194.979018 13 14 14 440  P   P
PG02  15344.215089  -8778.108389  19994.104789    158.614408  8 15  9 438  P   P
PG03  22162.227365 -11957.963185  -8506.984243    318.652358  9  8 11 437  P   P
PG04  11218.535812  -9902.394560 -21918.206862     64.077724 10 12  8 438  P   P
PG05 -25564.220935   5311.224811  -5096.799631   -236.068018  1 11 10 438  P   P
PG06  -6769.698457 -18935.082330 -17209.272797   -548.903104 13 14 12 438  P   P
PG07   6151.333533 -25611.078918   -189.371425   -216.275315 12  8 11 292  P   P
PG08  19645.380860   -424.745765  17883.887119    371.684972  9 12  9 438  P   P
PG09    433.239330 -17867.671637 -19727.939225    699.569668 11  9  9 438  P   P
PG10   7741.593159  12824.063098  22239.706112   -549.979854 12  8  5 438  P   P
PG11 -13595.875785  -7194.501884 -21599.369349   -239.698632 11 14 11 438  P   P
PG12 -23321.194358  10561.437922  -7371.160804   -604.042686  9 10 13 438  P   P
PG13 -23535.861591  11474.957702  -4601.596533    430.093605  8 12 12 444  P   P
PG14  -4394.952642 -15049.862322  21547.761661    750.197406 13 10  6 438  P   P
PG15 -18627.095417   3404.759898  18073.296572    437.183646  9 11  7 438  P   P
PG16  24834.176045   2146.662310 -10163.459784    317.363983  8 10 11 438  P   P
PG17 -10035.944582 -21947.078982  11131.998334   -189.300070 10  9  9 438  P   P
PG18  -5596.374037  25758.890725   1464.915081   -277.488199 13 10 12 670  P   P
PG19 -17955.634145 -19987.684912   -591.430834    704.628990  9  9 10 438  P   P
PG20 -21789.919450  -6912.300213  13569.142936    262.499609  9 14  7 438  P   P
PG21 -21833.739602  -4345.352204 -14511.218127    381.615399  8 11  7 438  P   P
PG22 -11213.078458 -12629.525513  20743.976344     59.741375 13  9  8 438  P   P
PG23  -5021.297947  15877.976597  20697.949306    680.007870 11  8  7 438  P   P
PG24 -14595.000856  12448.018479  17659.982194    164.536456  8 14 11 449  P   P
PG25 -13381.699586  16583.059777 -16087.907250    397.111408 12  7 12 438  P   P
PG26  18234.927086   7265.316398 -18313.456842   -389.219232 11 11  9 438  P   P
PG27  22294.749365  10938.794263   9626.900587      0.482738  6  8  9 438  P   P
PG28   6431.897833  20811.901560 -15176.202248   -440.546417 11 11 11 438  P   P
PG29  -3657.373942  16894.868647 -20147.099057   -260.903421  9 10  8 438  P   P
PG30  -3320.122316 -23715.426108  11423.377179    332.818554 13  9 13 438  P   P
PG31  12118.495481  11703.139302 -20766.936484   -127.624088 11 13 11 438  P   P
PG32  15449.854769  20699.806139   6857.132944    221.061258 12  9 12 438  P   P
*  2026  8 17  5 30  0.00000000
PG01  15051.393957 -15219.956933  15654.919256    194.970399 13 15 13 442  P   P
PG02  15202.785836  -6491.233633  21022.513009    158.620580  8 15  8 439  P   P
PG03  22959.540402 -12051.489939  -5732.529983    318.634160  8  9 11 439  P   P
PG04  13014.529188  -8170.903854 -21653.885970     64.077931  9 12  8 439  P   P
PG05 -24959.576062   4881.060744  -7864.638726   -236.068530  2 11  9 439  P   P
PG06  -6219.128274 -20724.793247 -15236.513464   -548.894665 14 13 12 439  P   P
PG07   6408.672712 -25299.067814  -3041.371413   -216.278609 13 10 11 294  P   P
PG08  21088.103145    933.196588  16203.235046    371.675878  9 12  9 439  P   P
PG09   2255.238531 -16464.048104 -20808.906027    699.562225 11 10  9 439  P   P
PG10   5371.595209  13578.897086  22462.114194   -549.974383 12  7  5 439  P   P
PG11 -12966.550472  -9565.188112 -21069.170632   -239.687934 11 14 12 439  P   P
PG12 -24016.693226  10486.229691  -4631.178987   -604.042267  8 10 13 439  P   P
PG13 -23960.466012  11362.869205  -1781.689467    430.097780  8 12 12 445  P   P
PG14  -2062.839022 -15767.136630  21353.995218    750.197172 13  9  6 439  P   P
PG15 -20303.179300   2161.447310  16437.227200    437.186168  8 11  8 439  P   P
PG16  23679.044633   2620.415337 -12576.581620    317.369788  9 11 10 439  P   P
PG17  -8900.192917 -21150.800398  13493.265919   -189.305014 11  9  8 439  P   P
PG18  -5839.569841  25700.155033  -1428.286416   -277.480351 13 10 12 670  P   P
PG19 -17725.573331 -20071.242003   2219.324116    704.629020  9  8 10 439  P   P
PG20 -22734.447919  -7979.665886  11218.906491    262.508612  8 13  8 439  P   P
PG21 -20192.934412  -5040.596109 -16519.304769    381.609060  9 11  6 439  P   P
PG22  -8938.020303 -13252.260012  21486.825389     59.748829 14  9  7 439  P   P
PG23  -7199.626010  16563.516706  19450.690319    680.011018 10  9  8 439  P   P
PG24 -14590.555519  10216.231566  19032.619157    164.552255  8 14 11 450  P   P
PG25 -15029.579306  16954.317806 -14046.297603    397.108182 11  7 12 439  P   P
PG26  16361.266270   8269.960026 -19591.965122   -389.221112 11 11  8 439  P   P
PG27  22893.528975  11762.052672   7035.859442      0.482482  7  8  9 439  P   P
PG28   5963.169120  22367.378229 -12996.933518   -440.536927 12 11 11 439  P   P
PG29  -5370.132927  15275.306913 -21052.705019   -260.897074 10 11  8 439  P   P
PG30  -2815.135407 -24790.429683   8942.117029    332.829817 12  9 14 439  P   P
PG31  11512.564443  13888.023702 -19697.631343   -127.621762 11 12 12 439  P   P
PG32  14643.801352  20260.692168   9513.795350    221.078495 12  9 12 439  P   P
*  2026  8 17  5 45  0.00000000
PG01  14835.694627 -13321.392109  17490.888866    194.961778 13 15 12 443  P   P
PG02  15176.880686  -4111.677391  21696.561065    158.626752  8 15  7 440  P   P
PG03  23452.177531 -12073.889264  -2859.389596    318.615965  7  9 11 440  P   P
PG04  14860.934275  -6573.058860 -21016.648688     64.078138  9 12  9 440  P   P
PG05 -24102.087857   4292.248209 -10498.050796   -236.069044  3 12  9 440  P   P
PG06  -5808.524526 -22305.843208 -12998.687467   -548.886224 14 13 13 440  P   P
PG07   6640.813374 -24677.778803  -5839.243842   -216.281880 13 11 11 295  P   P
PG08  22425.976393   2096.447366  14245.295220    371.666784  9 11 10 440  P   P
PG09   4230.342464 -15099.389329 -21534.621090    699.554782 11 10  8 440  P   P
PG10   3042.939527  14473.018387  22307.931390   -549.968909 12  7  6 440  P   P
PG11 -12476.994731 -11885.110905 -20174.963348   -239.677233 11 14 13 440  P   P
PG12 -24418.038354  10348.591210  -1811.979114   -604.041851  8 10 14 440  P   P
PG13 -24098.008006  11141.197100   1068.814590    430.101953  7 12 12 446  P   P
PG14    194.816003 -16584.210339  20795.436515    750.196937 12  9  7 440  P   P
PG15 -21854.150519   1100.754547  14506.882456    437.188688  8 11  8 440  P   P
PG16  22305.806403   3228.346964 -14782.259653    317.375594 10 11 10 440  P   P
PG17  -7538.674092 -20247.648420  15623.910599   -189.309954 11  9  8 440  P   P
PG18  -6033.572047  25329.426557  -4296.433237   -277.472503 12 10 12 670  P   P
PG19 -17274.364039 -19951.823054   4993.173982    704.629051  9  8 10 440  P   P
PG20 -23511.922576  -8830.953290   8675.980061    262.517615  8 13  8 440  P   P
PG21 -18393.502482  -5896.889272 -18243.477944    381.602722  9 11  6 440  P   P
PG22  -6641.873460 -14009.722078  21868.983530     59.756284 14  9  7 440  P   P
PG23  -9190.608191  17308.404739  17868.081208    680.014166 10  9  9 440  P   P
PG24 -14685.322864   7848.171636  20058.868735    164.568058  8 14 10 451  P   P
PG25 -16438.132513  17310.458139 -11765.621694    397.104957 11  7 12 440  P   P
PG26  14426.330903   9422.272024 -20543.430421   -389.222991 11 11  8 440  P   P
PG27  23295.757860  12370.236836   4325.336934      0.482227  8  8  9 440  P   P
PG28   5606.184421  23687.393794 -10593.672939   -440.527440 12 11 12 440  P   P
PG29  -7223.941939  13692.669235 -21596.020389   -260.890726 10 11  8 440  P   P
PG30  -2397.500946 -25602.797313   6305.995597    332.841079 12  8 14 440  P   P
PG31  11041.447423  15968.130090 -18295.037821   -127.619434 11 12 12 440  P   P
PG32  13587.241584  19689.314280  12010.149267    221.095733 12  9 12 440  P   P
*  2026  8 17  6  0  0.00000000
PG01  14689.653086 -11225.883673  19024.618294    194.953156 12 16 11 444  P   P
PG02  15277.454257  -1685.674238  22007.000664    158.632924  8 15  7 441  P   P
PG03  23644.677246 -11984.551150     63.099091    318.597772  7 10 11 441  P   P
PG04  16715.054644  -5133.527957 -20018.012792     64.078346  9 12 10 441  P   P
PG05 -23025.910859   3521.480833 -12952.357366   -236.069562  4 12  8 441  P   P
PG06  -5513.347714 -23640.619559 -10534.671811   -548.877781 14 12 13 441  P   P
PG07   6884.172148 -23751.652209  -8532.540286   -216.285139 13 12 11 296  P   P
PG08  23618.055740   3066.711233  12044.649195    371.657691  8 11 10 441  P   P
PG09   6325.891289 -13809.388460 -21893.061501    699.547340 11 11  8 441  P   P
PG10    801.521104  15486.093575  21778.638356   -549.963435 12  7  7 441  P   P
PG11 -12123.924619 -14106.146239 -18932.502467   -239.666531 11 14 14 441  P   P
PG12 -24529.318146  10111.292307   1038.302499   -604.041437  8 11 14 441  P   P
PG13 -23962.997444  10775.853851   3900.935320    430.106127  7 12 12 447  P   P
PG14   2337.539843 -17477.375945  19880.628491    750.196702 12  9  8 441  P   P
PG15 -23237.034087    217.949557  12318.033915    437.191206  7 11  9 441  P   P
PG16  20750.701601   3989.401046 -16744.491899    317.381401 10 11  9 441  P   P
PG17  -5958.195486 -19280.088969  17488.790564   -189.314890 12  9  7 441  P   P
PG18  -6216.725992  24647.492347  -7089.195023   -277.464656 12 10 12 670  P   P
PG19 -16582.630245 -19660.858630   7683.901455    704.629083 10  8  9 441  P   P
PG20 -24084.501319  -9479.521645   5983.933449    262.526621  8 13  8 441  P   P
PG21 -16480.209632  -6921.065500 -19654.030244    381.596386  9 11  6 441  P   P
PG22  -4370.807997 -14892.886713  21885.139491     59.763739 14  9  8 441  P   P
PG23 -10962.670434  18075.512990  15976.613754    680.017314 10  9  9 441  P   P
PG24 -14892.888756   5390.766781  20720.158711    164.583867  8 14 10 452  P   P
PG25 -17592.530439  17613.040156  -9283.706704    397.101732 10  7 13 441  P   P
PG26  12472.438814  10712.898763 -21151.267458   -389.224870 11 11  7 441  P   P
PG27  23471.478150  12784.505637   1541.725099      0.481972  8  9  9 441  P   P
PG28   5332.637203  24741.979939  -8007.819841   -440.517953 13 12 12 441  P   P
PG29  -9187.709622  12184.252976 -21768.229001   -260.884379 10 12  8 441  P   P
PG30  -2036.604048 -26131.096220   3560.335216    332.852340 12  7 14 441  P   P
PG31  10693.696752  17899.159096 -16581.704659   -127.617105 11 12 12 441  P   P
PG32  12279.285505  19026.599040  14304.584016    221.112972 13  9 11 441  P   P
*  2026  8 17  6 15  0.00000000
PG01  14638.692418  -8971.609765  20229.793957    194.944536 11 16  9 444  P   P
PG02  15507.617080    739.520681  21950.588994    158.639097  8 15  8 442  P   P
PG03  23550.628483 -11745.522082   2984.473582    318.579580  7 10 11 441  P   P
PG04  18531.461377  -3869.062364 -18675.660550     64.078554  9 12 10 442  P   P
PG05 -21770.469349   2552.560574 -15186.067405   -236.070082  5 12  8 442  P   P
PG06  -5303.076386 -24698.428206  -7887.334341   -548.869331 14 11 14 442  P   P
PG07   7173.837778 -22534.439559 -11072.109946   -216.288412 13 12 11 297  P   P
PG08  24626.104440   3853.509585   9639.657733    371.648598  8 11 11 442  P   P
PG09   8503.422327 -12624.027407 -21878.427210    699.539898 11 11  8 442  P   P
PG10  -1310.800642  16590.328279  20881.906297   -549.957960 12  7  8 442  P   P
PG11 -11896.108042 -16182.488011 -17363.536890   -239.655829 11 13 14 442  P   P
PG12 -24363.044866   9739.490869   3870.667363   -604.041024  8 11 13 442  P   P
PG13 -23577.657484  10237.027349   6665.922814    430.110301  6 12 12 448  P   P
PG14   4329.637975 -18416.830822  18624.255114    750.196467 12  8  9 442  P   P
PG15 -24412.760504   -499.661002   9910.838339    437.193723  7 11  9 442  P   P
PG16  19053.897693   4915.621178 -18431.194166    317.387210 11 12  9 442  P   P
PG17  -4173.614304 -18289.754002  19057.543521   -189.319824 12  9  6 442  P   P
PG18  -6426.841634  23664.428742  -9757.566217   -277.456812 12 11 12 670  P   P
PG19 -15638.234484 -19233.798039  10246.497051    704.629115 10  9  9 442  P   P
PG20 -24419.194899  -9945.980490   3188.962469    262.535628  8 13  9 442  P   P
PG21 -14499.660954  -8111.775799 -20726.625397    381.590048 10 11  7 442  P   P
PG22  -2168.734217 -15885.204512  21535.950278     59.771194 14  9  9 442  P   P
PG23 -12492.071913  18823.742471  13808.291266    680.020464 10  9 10 442  P   P
PG24 -15219.201965   2893.545179  21004.939407    164.599678  8 14 10 453  P   P
PG25 -18486.051618  17822.795328  -6642.203365    397.098507 10  7 13 442  P   P
PG26  10540.460619  12125.125790 -21404.411772   -389.226749 11 11  6 442  P   P
PG27  23396.674070  13032.022913  -1267.835830      0.481716  8  9  9 442  P   P
PG28   5109.695342  25508.633674  -5283.933715   -440.508465 13 12 12 442  P   P
PG29 -11224.474562  10781.841460 -21566.896751   -260.878032 10 12  8 442  P   P
PG30  -1698.838608 -26361.832967    752.658174    332.863602 12  8 14 442  P   P
PG31  10450.713985  19640.343380 -14585.590295   -127.614775 12 11 12 442  P   P
PG32  10727.435617  18314.008153  16358.972217    221.130213 13  9 11 442  P   P
*  2026  8 17  6 30  0.00000000
PG01  14701.669876  -6601.686303  21085.822970    194.935917 10 17  7 445  P   P
PG02  15862.577804   3117.198467  21530.009719    158.645270  8 15  9 443  P   P
PG03  23192.095305 -11323.178089   5854.026356    318.561391  7 11 11 442  P   P
PG04  20263.638774  -2788.041802 -17013.101340     64.078764  8 12 11 443  P   P
PG05 -20378.947095   1377.185582 -17161.540280   -236.070605  5 13  7 443  P   P
PG06  -5142.587085 -25456.607051  -5102.763556   -548.860883 14 10 14 443  P   P
PG07   7541.906641 -21048.852877 -13411.142651   -216.291677 13 13 11 297  P   P
PG08  25415.991016   4473.556471   7071.771812    371.639504  8 11 11 443  P   P
PG09  10719.966036 -11566.527800 -21491.215865    699.532457 11 11  8 443  P   P
PG10  -3257.619108  17751.415387  19631.559465   -549.952485 12  6  8 443  P   P
PG11 -11774.922547 -18072.245608 -15495.410676   -239.645126 12 13 15 443  P   P
PG12 -23939.651191   9202.288232   6636.092763   -604.040614  9 12 13 443  P   P
PG13 -22971.004799   9500.529537   9316.097808    430.114473  6 13 11 449  P   P
PG14   6141.395823 -19367.770247  17046.961953    750.196233 12  8 10 443  P   P
PG15 -25347.628944  -1071.928733   7328.971180    437.196239  7 11  9 443  P   P
PG16  17258.098838   6011.557288 -19814.643259    317.393021 11 12  8 443  P   P
PG17  -2207.399479 -17315.861953  20304.990440   -189.324754 12  9  5 443  P   P
PG18  -6699.496000  22399.274678 -12254.776394   -277.448970 12 12 12 670  P   P
PG19 -14436.910454 -18708.705725  12637.848057    704.629149 10  9  9 443  P   P
PG20 -24489.195095 -10257.207415    339.102705    262.544635  9 13  9 443  P   P
PG21 -12498.619888  -9459.371470 -21442.720462    381.583712 10 11  8 443  P   P
PG22    -75.865586 -16963.182874  20827.970359     59.778649 14 10 10 443  P   P
PG23 -13763.675088  19509.656046  11400.117446    680.023613  9  8 10 443  P   P
PG24 -15662.282363    406.784830  20908.891997    164.615492  8 14 10 453  P   P
PG25 -19120.256975  17901.253373  -3885.946427    397.095283  9  8 13 443  P   P
PG26   8668.426308  13635.326942 -21297.547375   -389.228628 11 11  6 443  P   P
PG27  23054.191596  13144.707334  -4056.212788      0.481457  9  9  9 443  P   P
PG28   4901.459545  25973.111741  -2468.963063   -440.498976 13 12 12 443  P   P
PG29 -13292.676975   9510.610949 -20995.977289   -260.871686 10 12  8 443  P   P
PG30  -1349.120036 -26289.997701  -2068.148540    332.874865 13 10 14 443  P   P
PG31  10287.538511  21155.888038 -12339.686788   -127.612444 12 11 13 443  P   P
PG32   8947.454468  17591.922299  18139.235448    221.147455 13  9 11 443  P   P
*  2026  8 17  6 45  0.00000000
PG01  14890.080912  -4162.679448  21578.176528    194.927299  9 17  9 446  P   P
PG02  16329.880593   5402.717257  20753.719481    158.651443  8 14 10 444  P   P
PG03  22598.714385 -10689.748252   8621.707242    318.543204  8 11 11 443  P   P
PG04  21865.675088  -1890.350090 -15059.240216     64.078974  8 12 12 444  P   P
PG05 -18896.656905     -4.564948 -18845.578850   -236.071131  6 13  6 444  P   P
PG06  -4993.722102 -25901.333071  -2229.438040   -548.852437 14  9 14 444  P   P
PG07   8015.921152 -19325.832384 -15506.198427   -216.294937 13 13 11 298  P   P
PG08  25958.927677   4949.875145   4384.818871    371.630411  8 11 11 444  P   P
PG09  12929.514751 -10652.571262 -20738.197842    699.525018 11 12  9 444  P   P
PG10  -5009.208759  18929.748983  18047.444565   -549.947007 12  5  9 444  P   P
PG11 -11735.208801 -19738.892416 -13360.569685   -239.634426 12 12 15 444  P   P
PG12 -23286.684447   8474.153891   9286.392996   -604.040206 10 12 13 444  P   P
PG13 -22177.676456   8548.935850  11805.679131    430.118646  6 13 11 450  P   P
PG14   7750.060041 -20291.698458  15175.069301    750.195998 12  7 11 444  P   P
PG15 -26014.537171  -1524.779261   4618.719838    437.198754  7 11 10 444  P   P
PG16  15407.079793   7273.939793 -20871.869159    317.398833 11 11  7 444  P   P
PG17    -88.918526 -16393.764173  21211.446191   -189.329680 12  9  5 444  P   P
PG18  -7066.431543  20879.355795 -14537.155121   -277.441127 12 13 12 670  P   P
PG19 -12982.622315 -18124.764231  14817.413983    704.629184 10  9  8 444  P   P
PG20 -24274.979994 -10445.124245  -2516.593300    262.553644 10 13  9 444  P   P
PG21 -10522.330469 -10946.115241 -21789.889951    381.577376 10 11  8 444  P   P
PG22   1872.570978 -18097.224065  19773.505234     59.786106 14 10 11 444  P   P
PG23 -14771.386488  20089.230526   8793.482837    680.026762  9  8 11 444  P   P
PG24 -16212.289461  -2020.354316  20434.955977    164.631310  8 14 10 454  P   P
PG25 -19504.853141  17812.377216  -1062.231216    397.092058  9  9 13 444  P   P
PG26   6890.232062  15213.679624 -20831.259463   -389.230507 11 11  6 444  P   P
PG27  22434.405322  13157.834806  -6777.006532      0.481199  9 10  8 444  P   P
PG28   4670.545852  26129.917033    388.568091   -440.489482 13 12 12 444  P   P
PG29 -15347.608583   8388.306291 -20065.710985   -260.865340 10 12  9 444  P   P
PG30   -952.473663 -25919.288289  -4852.713309    332.886122 13 10 14 444  P   P
PG31  10173.899942  22416.250871  -9881.547215   -127.610114 12 11 13 444  P   P
PG32   6962.936019  16898.085373  19615.845911    221.164697 13  9 10 444  P   P
*  2026  8 17  7  0  0.00000000
PG01  15207.563630  -1702.991847  21698.625267    194.918682  8 17 11 447  P   P
PG02  16889.921800   7554.928104  19635.728409    158.657615  8 14 11 445  P   P
PG03  21806.497124  -9824.624620  11239.031018    318.525020  8 11 11 444  P   P
PG04  23293.934044  -1167.582009 -12847.861492     64.079184  7 12 12 445  P   P
PG05 -17369.351143  -1584.064872 -20209.946169   -236.071660  6 13  5 444  P   P
PG06  -4816.980870 -26028.090836    682.647558   -548.843993 14  9 14 445  P   P
PG07   8617.488128 -17403.454625 -17318.188888   -216.298196 13 13 11 298  P   P
PG08  26232.508817   5310.693626   1624.275992    371.621318  8 11 11 444  P   P
PG09  15084.609834  -9889.816500 -19632.292945    699.517580 11 12  9 444  P   P
PG10  -6543.516409  20081.865597  16155.202424   -549.941528 12  3 10 445  P   P
PG11 -11746.384613 -21152.510572 -10995.983576   -239.623730 13 11 16 445  P   P
PG12 -22437.724906   7536.159811  11775.088138   -604.039800 10 13 13 444  P   P
PG13 -21236.548096   7372.469430  14091.583580    430.122817  7 13 10 451  P   P
PG14   9140.558160 -21147.910405  13040.177861    750.195762 11  7 11 445  P   P
PG15 -26393.934202  -1888.902408   1828.062953    437.201268  7 11 10 445  P   P
PG16  13544.191574   8691.632144 -21584.994642    317.404646 12 11  7 445  P   P
PG17   2146.519426 -15553.666085  21762.939832   -189.334605 12  9  6 444  P   P
PG18  -7554.117569  19139.287701 -16564.932068   -277.433285 11 13 12 670  P   P
PG19 -11287.634270 -17520.734861  16747.881303    704.629220 11  9  7 445  P   P
PG20 -23765.152301 -10545.278900  -5328.901444    262.562654 10 13 10 445  P   P
PG21  -8612.906816 -12546.713461 -21762.046079    381.571039 10 11  9 444  P   P
PG22   3647.435958 -19252.688900  18390.393671     59.793562 14  9 12 445  P   P
PG23 -15518.246827  20519.658682   6033.457469    680.029912  9  8 11 445  P   P
PG24 -16851.943922  -4341.629830  19593.179726    164.647127  8 14 11 455  P   P
PG25 -19657.241038  17524.141555   1779.985410    397.088832  8 10 13 444  P   P
PG26   5234.494307  16825.125971 -20012.106024   -389.232386 11 11  7 444  P   P
PG27  21535.615111  13108.546133  -9385.243038      0.480937  9 10  8 444  P   P
PG28   4379.729838  25982.458196   3239.401598   -440.479986 14 12 12 445  P   P
PG29 -17342.985042   7424.713920 -18792.421086   -260.858994 10 12 10 445  P   P
PG30   -475.633803 -25262.000252  -7552.087069    332.897380 13 11 14 445  P   P
PG31  10075.499844  23399.210370  -7252.717892   -127.607786 13 11 13 445  P   P
PG32   4804.597528  16266.163033  20764.260886    221.181941 13  9  9 445  P   P
*  2026  8 17  7 15  0.00000000
PG01  15649.722076    728.814954  21445.363677    194.910064  8 17 13 448  P   P
PG02  17516.722276   9537.461925  18195.322113    158.663786  8 14 12 445  P   P
PG03  20856.381183  -8715.401784  13659.971427    318.506838  9 12 10 445  P   P
PG04  24508.644318   -603.570341 -10417.037362     64.079394  6 12 13 445  P   P
PG05 -15841.535558  -3344.298493 -21231.800646   -236.072191  7 13  4 445  P   P
PG06  -4573.265895 -25841.784647   3582.882000   -548.835544 14 10 15 445  P   P
PG07   9361.147915 -15325.523014 -18813.275100   -216.301452 13 13 10 298  P   P
PG08  26221.516663   5588.163818  -1163.459755    371.612225  8 11 11 445  P   P
PG09  17137.988915  -9277.729775 -18192.351277    699.510143 10 12 10 445  P   P
PG10  -7846.874193  21162.064723  13985.938307   -549.936047 12  3 10 445  P   P
PG11 -11773.774506 -22290.785592  -8442.494308   -239.613035 13 11 16 446  P   P
PG12 -21431.066516   6376.970482  14058.262932   -604.039396 10 13 12 445  P   P
PG13 -20189.196512   5969.593641  16134.183602    430.126988  7 14 10 452  P   P
PG14  10305.924806 -21895.088625  10678.669438    750.195528 11  7 11 445  P   P
PG15 -26474.466147  -2198.279472   -994.240542    437.203780  6 11 10 445  P   P
PG16  11710.887101  10245.864778 -21941.520029    317.410461 12 11  7 445  P   P
PG17   4458.826221 -14819.563954  21951.348316   -189.339526 12  9  7 445  P   P
PG18  -8182.534464  17219.700449 -18302.955151   -277.425442 11 14 11 670  P   P
PG19  -9372.282951 -16933.429785  18395.789332    704.629257 11  9  7 445  P   P
PG20 -22956.976657 -10595.288036  -8049.279334    262.571665 11 13 10 446  P   P
PG21  -6807.851455 -14229.150008 -21359.550994    381.564703 10 11  9 445  P   P
PG22   5226.554213 -20391.148301  16701.722422     59.801020 14  9 12 445  P   P
PG23 -16016.163106  20761.128437   3168.001253    680.033061  8  8 11 445  P   P
PG24 -17557.276833  -6515.367397  18400.405265    164.662946  9 15 11 456  P   P
PG25 -19601.759562  17009.988939   4590.947861    397.085608  8 10 13 445  P   P
PG26   3723.594416  18430.550699 -18852.602175   -389.234265 11 10  8 445  P   P
PG27  20364.164405  13034.313623 -11838.024804      0.480675 10 10  8 445  P   P
PG28   3993.587646  25542.876366   6034.399444   -440.470487 14 12 12 446  P   P
PG29 -19232.581317   6621.449393 -17198.212334   -260.852648 10 12 10 446  P   P
PG30    111.413581 -24338.582386 -10118.657915    332.908638 13 12 14 446  P   P
PG31   9955.477992  24090.675223  -4498.079279   -127.605459 13 11 13 445  P   P
PG32   2509.317500  15724.465073  21565.287186    221.199187 13  9  9 446  P   P
*  2026  8 17  7 30  0.00000000
PG01  16204.274095   3085.697542  20823.022684    194.901445  8 17 15 449  P   P
PG02  18178.925117  11319.839086  16456.731379    158.669958  7 13 13 446  P   P
PG03  19792.587639  -7358.599598  15841.822036    318.488659  9 12 10 446  P   P
PG04  25475.347915   -175.210195  -7808.472249     64.079605  5 12 13 446  P   P
PG05 -14354.847765  -5260.334143 -21894.045587   -236.072722  7 13  4 446  P   P
PG06  -4225.612005 -25356.490915   6420.944076   -548.827096 14 12 15 446  P   P
PG07  10253.553999 -13139.901560 -19963.648252   -216.304708 13 14 10 297  P   P
PG08  25918.469909   5816.953121  -3931.794983    371.603134  9 11 11 446  P   P
PG09  19044.232894  -8807.734080 -16442.841759    699.502708 10 12 11 446  P   P
PG10  -8914.401483  22124.151902  11575.788843   -549.930565 12  3 10 446  P   P
PG11 -11780.101871 -23139.714455  -5744.103317   -239.602342 13 10 16 446  P   P
PG12 -20308.209456   4993.543357  16095.397076   -604.038993 11 14 12 446  P   P
PG13 -19078.266185   4347.287617  17898.008648    430.131160  7 14  9 453  P   P
PG14  11247.413624 -22492.953407   8131.107744    750.195292 10  8 12 446  P   P
PG15 -26253.300379  -2488.613769  -3799.532184    437.206291  6 11 10 446  P   P
PG16   9945.314907  11910.745485 -21934.549934    317.416276 12 11  8 446  P   P
PG17   6804.459320 -14208.429597  21774.447876   -189.344445 12  9  8 446  P   P
PG18  -8964.230406  15165.737936 -19721.312055   -277.417598 11 14 11 670  P   P
PG19  -7264.454764 -16396.250438  19732.118015    704.629295 11  9  6 446  P   P
PG20 -21856.593482 -10633.201419 -10630.712213    262.580678 11 13 10 446  P   P
PG21  -5138.759202 -15955.790875 -20589.218603    381.558365 11 11 10 446  P   P
PG22   6595.340280 -21471.779675  14735.476761     59.808480 13  9 13 446  P   P
PG23 -16285.290218  20778.505936    247.106537    680.036210  8  8 11 446  P   P
PG24 -18298.665782  -8505.892170  16879.804457    164.678766  9 15 12 457  P   P
PG25 -19368.647583  16250.099287   7321.012873    397.082382  8 11 13 446  P   P
PG26   2372.952294  19988.137813 -17371.111357   -389.236144 11 10  9 446  P   P
PG27  18934.281012  12971.419614 -14095.138703      0.480410 10  9  8 446  P   P
PG28   3480.069094  24831.545980   8725.395612   -440.460986 14 12 12 446  P   P
PG29 -20971.868678   5972.064811 -15310.578463   -260.846303 10 12 11 446  P   P
PG30    834.010612 -23176.872601 -12507.052211    332.919900 13 13 14 446  P   P
PG31   9776.009031  24485.197463  -1665.102457   -127.603131 13 11 14 446  P   P
PG32    118.953132  15294.875453  22005.373058    221.216432 13  9  8 447  P   P
*  2026  8 17  7 45  0.00000000
PG01  16851.516900   5323.743192  19842.571463    194.892823  9 17 16 450  P   P
PG02  18840.983208  12878.369243  14448.754494    158.676128  7 13 13 447  P   P
PG03  18660.849256  -5760.034998  17746.004268    318.470484 10 12  9 447  P   P
PG04  26166.154168    146.453020  -5066.794070     64.079816  5 12 13 447  P   P
PG05 -12946.558829  -7300.095862 -22185.590046   -236.073253  7 13  5 447  P   P
PG06  -3740.828900 -24594.862458   9147.698106   -548.818648 14 13 14 447  P   P
PG07  11293.007428 -10896.668017 -20748.163456   -216.307964 13 14 10 297  P   P
PG08  25323.900261   6032.760161  -6634.650226    371.594042  9 12 11 447  P   P
PG09  20761.352433  -8463.670786 -14413.452674    699.495274 10 12 11 447  P   P
PG10  -9750.073460  22923.240566   8965.385693   -549.925082 11  5 11 447  P   P
PG11 -11727.084948 -23694.002071  -2947.210280   -239.591652 13 10 16 447  P   P
PG12 -19112.223129   3391.505256  17850.147567   -604.038593 11 14 11 447  P   P
PG13 -17945.803490   2520.991855  19352.376846    430.135331  8 14  8 454  P   P
PG14  11974.286331 -22903.900459   5441.547420    750.195056 10  8 12 447  P   P
PG15 -25736.127112  -2795.730716  -6540.087991    437.208802  7 11 10 447  P   P
PG16   8281.027776  13654.033174 -21562.957840    317.422092 12 10  8 447  P   P
PG17   9137.861184 -13729.666442  21235.887500   -189.349362 12  9  9 447  P   P
PG18  -9903.688026  13025.394891 -20795.843453   -277.409753 11 14 10 670  P   P
PG19  -4998.780305 -15937.846550  20732.827365    704.629333 11  9  6 447  P   P
PG20 -20478.899380 -10695.852403 -13028.536174    262.589691 12 13 11 447  P   P
PG21  -3630.256300 -17684.717817 -19464.205387    381.552026 11 10 10 447  P   P
PG22   7747.151972 -22452.860852  12524.129724     59.815940 13  8 13 447  P   P
PG23 -16353.084628  20542.851866  -2678.110243    680.039359  8  9 11 447  P   P
PG24 -19042.104252 -10284.684037  15060.288501    164.694586 10 14 12 458  P   P
PG25 -18992.760797  15232.414019   9921.589933    397.079158  8 11 12 447  P   P
PG26   1190.560317  21454.860467 -15591.638268   -389.238022 10 10 10 447  P   P
PG27  17267.649583  12953.497911 -16119.617996      0.480142 10  9  7 447  P   P
PG28   2811.940780  23876.269355  11266.030317   -440.451486 14 12 12 447  P   P
PG29 -22519.592480   5462.469558 -13161.925977   -260.839957  9 12 12 447  P   P
PG30   1711.591392 -21811.042758 -14675.000723    332.931163 13 13 14 447  P   P
PG31   9499.967795  24586.161815   1196.968687   -127.600803 13 11 14 447  P   P
PG32  -2321.022402  14992.026980  22076.825037    221.233678 13  8  7 447  P   P
*  2026  8 17  8  0  0.00000000
PG01  17565.091163   7403.656950  18521.111427    194.884199  9 16 17 451  P   P
PG02  19464.496498  14196.815533  12204.335860    158.682296  7 13 13 448  P   P
PG03  17506.581919  -3934.823438  19338.803491    318.452311 10 12  9 448  P   P
PG04  26560.753685    394.914976  -2238.803987     64.080027  6 12 13 448  P   P
PG05 -11648.251552  -9425.404829 -22101.518760   -236.073784  8 13  7 448  P   P
PG06  -3090.991014 -23587.210434  11716.060719   -548.810200 15 14 14 448  P   P
PG07  12469.371669  -8646.173843 -21152.803051   -216.311215 12 14 10 297  P   P
PG08  24446.350832   6270.807326  -9227.150366    371.584952  9 12 10 448  P   P
PG09  22252.255739  -8222.556366 -12138.609585    699.487842  9 12 12 448  P   P
PG10 -10366.446035  23517.543678   6199.218730   -549.919599 11  6 11 448  P   P
PG11 -11577.074333 -23957.132882    -99.816793   -239.580961 14 11 16 448  P   P
PG12 -17886.045265   1585.183274  19291.063692   -604.038194 11 14 10 448  P   P
PG13 -16831.623892    514.223826  20471.944765    430.139504  8 14  7 454  P   P
PG14  12503.283605 -23094.559061   2656.762328    750.194820 10  8 12 448  P   P
PG15 -24936.850242  -3154.010944  -9169.893089    437.211312  7 11 10 448  P   P
PG16   6745.850904  15438.153898 -20831.483420    317.427909 13 10  9 448  P   P
PG17  11412.963687 -13384.851244  20345.088643   -189.354276 12  9 10 448  P   P
PG18 -10997.024865  10847.760119 -21508.539492   -277.401909 10 14  9 670  P   P
PG19  -2615.568293 -15580.947854  21379.337340    704.629372 11  9  6 448  P   P
PG20 -18847.097239 -10817.259811 -15201.223442    262.598706 12 13 11 448  P   P
PG21  -2299.215532 -19371.240427 -18003.791490    381.545686 11 10 11 448  P   P
PG22   8683.360491 -23293.311282  10104.172677     59.823400 13  7 13 448  P   P
PG23 -16253.067073  20032.706482  -5556.348715    680.042507  8  9 11 448  P   P
PG24 -19750.641935 -11831.215781  12975.815616    164.710407 10 14 13 459  P   P
PG25 -18512.092378  13953.364485  12346.089142    397.075932  7 12 12 448  P   P
PG26    176.800703  22788.051429 -13543.519688   -389.239900 10  9 10 448  P   P
PG27  15392.732743  13010.185949 -17878.256782      0.479870 11  8  7 448  P   P
PG28   1968.042272  22711.196660  13612.551793   -440.441986 14 11 11 448  P   P
PG29 -23839.232549   5071.646416 -10789.022468   -260.833613  9 12 12 448  P   P
PG30   2756.684411 -20280.294805 -16584.148651    332.942424 13 14 13 448  P   P
PG31   9092.596136  24405.636245   4037.996030   -127.598475 14 11 14 448  P   P
PG32  -4763.016690  14822.749881  21777.947167    221.250923 13  8  7 448  P   P
*  2026  8 17  8 15  0.00000000
PG01  18313.013101   9292.067464  16881.567022    194.875573 10 16 17 451  P   P
PG02  20009.655402  15266.803968   9760.103464    158.688464  8 12 14 449  P   P
PG03  16373.074662  -1907.006100  20592.015357    318.434140 11 12  8 449  P   P
PG04  26647.155708    606.733846    627.303673     64.080238  7 13 14 449  P   P
PG05 -10484.722682 -11593.252992 -21643.169671   -236.074313  8 13  8 449  P   P
PG06  -2254.715508 -22370.302363  14081.822467   -548.801754 15 14 14 449  P   P
PG07  13764.372949  -6437.103950 -21170.953506   -216.314462 12 14 10 296  P   P
PG08  23302.099207   6564.362443 -11666.289827    371.575862 10 11 10 449  P   P
PG09  23486.043519  -8055.606047  -9656.916913    699.480413  9 12 12 449  P   P
PG10 -10784.040257  23870.083553   3324.904717   -549.914116 11  7 11 449  P   P
PG11 -11294.668636 -23941.116997   2749.291413   -239.570268 14 12 16 449  P   P
PG12 -16670.787044   -402.716747  20392.216050   -604.037797 11 14  9 449  P   P
PG13 -15771.776471  -1642.123324  21237.164402    430.143676  8 14  7 455  P   P
PG14  12857.796047 -23037.205416   -174.592850    750.194583  9  9 12 449  P   P
PG15 -23876.990267  -3594.914772 -11645.348205    437.213823  7 11 10 449  P   P
PG16   5360.950611  17221.430044 -19750.756678    317.433724 13 10 10 449  P   P
PG17  13584.706963 -13167.766728  19117.074896   -189.359189 12  9 11 449  P   P
PG18 -12232.037050   8681.237408 -21847.814399   -277.394065 10 14  9 670  P   P
PG19   -159.511569 -15341.416274  21658.936181    704.629411 11  9  7 449  P   P
PG20 -16991.932194 -11027.144772 -17111.115050    262.607723 13 13 11 449  P   P
PG21  -1154.277466 -20969.528859 -16233.055225    381.539344 11  9 11 449  P   P
PG22   9413.133902 -23954.228435   7515.589743     59.830862 13  7 13 449  P   P
PG23 -16023.344303  19235.087908  -8337.075918    680.045656  9 10 11 449  P   P
PG24 -20385.928671 -13133.449993  10664.623132    164.726230 11 14 13 459  P   P
PG25 -17966.157147  12418.265954  14550.852386    397.072707  7 12 11 449  P   P
PG26   -675.440432  23946.996270 -11261.011151   -389.241777 10  9 11 449  P   P
PG27  13343.864847  13165.931395 -19342.075382      0.479594 11  8  7 449  P   P
PG28    934.305841  21375.513579  15724.571485   -440.432489 14 11 11 449  P   P
PG29 -24900.292602   4772.634420  -8232.378452   -260.827269  8 12 12 449  P   P
PG30   3974.197854 -18627.361630 -18200.789527    332.953685 13 14 13 449  P   P
PG31   8523.101477  23963.882611   6807.869719   -127.596145 14 11 14 449  P   P
PG32  -7158.898154  14785.814807  21113.099954    221.268169 13  8  7 449  P   P
*  2026  8 17  8 30  0.00000000
PG01  19058.933867  10962.603057  14952.279569    194.866949 10 16 18 452  P   P
PG02  20436.744219  16087.965872   7155.866828    158.694630  9 12 14 450  P   P
PG03  15299.773667    291.184747  21483.486590    318.415974 11 12  7 449  P   P
PG04  26422.122624    819.938273   3482.739521     64.080449  9 13 14 450  P   P
PG05  -9473.148327 -13757.263388 -20818.118167   -236.074841  9 13  8 449  P   P
PG06  -1218.178393 -20985.925828  16204.409352   -548.793307 15 15 13 450  P   P
PG07  15152.270170  -4314.628877 -20803.488744   -216.317703 11 14 10 296  P   P
PG08  21914.616481   6943.340112 -13911.567701    371.566774 10 11 10 449  P   P
PG09  24439.082948  -7929.486488  -7010.530456    699.472987  8 13 13 449  P   P
PG10 -11030.403436  23950.248526    392.370947   -549.908631 11  8 11 450  P   P
PG11 -10848.246181 -23665.922349   5551.370156   -239.559572 14 13 16 450  P   P
PG12 -15504.115247  -2541.775862  21133.722476   -604.037401 11 14  8 449  P   P
PG13 -14797.166506  -3910.773296  21634.638235    430.147850  8 14  7 456  P   P
PG14  13066.766710 -22710.970712  -3002.871042    750.194346  9 10 12 450  P   P
PG15 -22584.831129  -4145.649523 -13925.902722    437.216334  7 11  9 450  P   P
PG16   4140.139824  18959.485806 -18337.242390    317.439540 13 10 11 450  P   P
PG17  15610.522393 -13064.721584  17572.234799   -189.364100 12 10 11 450  P   P
PG18 -13588.581223   6571.815116 -21808.657244   -277.386221 10 14  9 670  P   P
PG19   2321.792563 -15227.560162  21565.104855    704.629450 11 10  7 450  P   P
PG20 -14950.642118 -11349.621804 -18725.087060    262.616743 13 13 11 450  P   P
PG21   -195.696151 -22434.304496 -14182.446054    381.533002 11  9 11 450  P   P
PG22   9952.939672 -24400.366828   4801.278748     59.838325 12  7 13 450  P   P
PG23 -15704.950784  18146.160215 -10971.467403    680.048804  9 11 11 450  P   P
PG24 -20909.793620 -14187.987387   8168.409958    164.742054 11 14 13 460  P   P
PG25 -17394.307285  10641.352657  16496.042376    397.069481  7 12 11 449  P   P
PG26  -1380.360125  24894.487871  -8782.769810   -389.243655 10  9 11 450  P   P
PG27  11160.148644  13438.991875 -20486.735093      0.479314 11  7  6 449  P   P
PG28   -295.500485  19911.947872  17565.759481   -440.422993 14 11 11 450  P   P
PG29 -25679.371643   4533.740296  -5535.572284   -260.820924  7 12 13 450  P   P
PG30   5361.019771 -16896.875300 -19496.504976    332.964943 14 14 12 450  P   P
PG31   7766.117764  23288.541121   9457.454835   -127.593815 14 11 13 450  P   P
PG32  -9461.605527  14871.981504  20092.676288    221.285414 13  8  7 450  P   P
*  2026  8 17  8 45  0.00000000
PG01  19763.577112  12396.698555  12766.511785    194.858327 10 15 18 453  P   P
PG02  20707.656686  16667.808479   4434.076499    158.700796 10 12 14 450  P   P
PG03  14320.732056   2620.394038  21997.536953    318.397808 11 13  7 450  P   P
PG04  25891.286469   1072.382173   6278.923507     64.080660 10 13 14 450  P   P
PG05  -8622.542757 -15869.285105 -19640.067878   -236.075365  9 12  9 450  P   P
PG06     24.170098 -19479.276162  18047.571133   -548.784861 15 15 13 450  P   P
PG07  16600.858864  -2318.735816 -20058.661673   -216.320939 11 14 11 296  P   P
PG08  20313.781533   7433.030238 -15925.588358    371.557686 11 11 10 450  P   P
PG09  25095.820157  -7807.751004  -4244.469158    699.465563  7 13 13 450  P   P
PG10 -11138.878637  23735.128586  -2547.032979   -549.903146 11  8 11 450  P   P
PG11 -10211.354264 -23158.616149   8258.537007   -239.548873 15 13 16 450  P   P
PG12 -14418.780193  -4794.848027  21502.156062   -604.037006 11 14  7 450  P   P
PG13 -13932.390751  -6249.312912  21657.365015    430.152026  9 14  8 457  P   P
PG14  13163.368847 -22102.791132  -5778.352305    750.194111  9 10 12 450  P   P
PG15 -21094.349846  -4828.023031 -15974.611987    437.218847  8 11  9 450  P   P
PG16   3089.450329  20606.784712 -16613.098098    317.445354 12 10 12 450  P   P
PG17  17451.730977 -13055.145655  15736.020336   -189.369008 11 10 12 450  P   P
PG18 -15039.275985   4561.451985 -21392.659939   -277.378376  9 15 10 670  P   P
PG19   4779.456504 -15239.743878  21097.745268    704.629489 11 10  8 450  P   P
PG20 -12765.662705 -11802.116645 -20015.137668    262.625766 13 13 11 450  P   P
PG21    584.484953 -23722.523304 -11887.262940    381.526658 11  8 11 450  P   P
PG22  10325.780894 -24601.507989   2006.421877     59.845788 12  8 13 450  P   P
PG23 -15340.079547  16771.541915 -13413.316584    680.051953  9 11 11 450  P   P
PG24 -21285.793670 -14999.874759   5531.493899    164.757878 11 14 13 461  P   P
PG25 -16834.052703   8645.445642  18146.464034    397.066257  6 12 10 450  P   P
PG26  -1958.536473  25598.279687  -6151.236764   -389.245531 10  9 11 450  P   P
PG27   8884.190626  13840.660778 -21292.900328      0.479031 11  7  6 450  P   P
PG28  -1719.335880  18365.152977  19104.468212   -440.413499 13 11 10 450  P   P
PG29 -26160.978288   4319.932205  -2744.528303   -260.814578  7 12 13 450  P   P
PG30   6905.951053 -15133.671372 -20448.695061    332.976200 14 14 11 450  P   P
PG31   6802.963463  22413.517246  11939.540022   -127.591484 14 11 13 450  P   P
PG32 -11626.731026  15064.354451  18732.991679    221.302660 13  8  8 451  P   P
*  2026  8 17  9  0  0.00000000
PG01  20386.299005  13584.103773  10361.871935    194.849709 10 14 19 454  P   P
PG02  20787.375026  17021.316153   1639.245833    158.706961 11 11 14 451  P   P
PG03  13463.290343   5035.502979  22125.252345    318.379645 11 13  7 451  P   P
PG04  25068.943789   1400.108292   8968.284018     64.080870 11 13 13 451  P   P
PG05  -7933.530663 -17881.065943 -18128.648467   -236.075886  9 12 10 451  P   P
PG06   1469.217341 -17897.232579  19579.985402   -548.776416 16 15 12 451  P   P
PG07  18072.756713   -482.813323 -18951.814260   -216.324166 11 14 12 295  P   P
PG08  18534.877195   8052.997128 -17674.623164    371.548599 11 11  9 451  P   P
PG09  25449.299952  -7652.403777  -1405.875476    699.458141  6 13 13 451  P   P
PG10 -11147.128003  23210.569061  -5441.478448   -549.897660 11  9 11 451  P   P
PG11  -9363.903240 -22452.249678  10824.573038   -239.538172 15 13 16 451  P   P
PG12 -13441.352633  -7119.328154  21490.823440   -604.036612 11 14  8 451  P   P
PG13 -13194.831681  -8611.644430  21304.871117    430.156200  9 14  9 458  P   P
PG14  13183.513052 -21208.057547  -8452.173854    750.193875  8 11 12 451  P   P
PG15 -19443.972763  -5657.517970 -17758.618879    437.221362  8 11  9 451  P   P
PG16   2206.994156  22118.248429 -14605.939200    317.451168 12  9 12 451  P   P
PG17  19074.811011 -13112.440036  13638.583183   -189.373916 11 10 12 451  P   P
PG18 -16550.491564   2686.640578 -20607.926197   -277.370530  9 15 11 670  P   P
PG19   7164.992439 -15370.315787  20263.300603    704.629529 11 10  9 451  P   P
PG20 -10483.137072 -12394.554499 -20958.883999    262.634791 13 12 11 451  P   P
PG21   1201.933954 -24794.986658  -9387.046769    381.520315 11  7 11 451  P   P
PG22  10560.189759 -24533.671971   -822.190043     59.853253 12  9 13 451  P   P
PG23 -14970.276347  15126.241065 -15619.891597    680.055102  9 12 11 451  P   P
PG24 -21480.670323 -15582.094661   2799.965665    164.773700 11 14 13 462  P   P
PG25 -16319.460644   6461.262458  19472.293846    397.063032  6 13  9 451  P   P
PG26  -2435.959518  26032.376631  -3411.925444   -389.247409 10  9 12 451  P   P
PG27   6560.715514  14374.745645 -21746.545540      0.478742 11  7  5 451  P   P
PG28  -3326.773074  16780.031365  20314.273858   -440.404003 13 11  9 451  P   P
PG29 -26338.058386   4094.363000     93.241239   -260.808231  8 12 13 451  P   P
PG30   8589.974322 -13381.100586 -21040.987217    332.987455 14 15 10 451  P   P
PG31   5622.638550  21377.614035  14209.764355   -127.589156 14 11 13 451  P   P
PG32 -13614.021289  15339.036550  17056.086386    221.319905 12  8  9 451  P   P
*  2026  8 17  9 15  0.00000000
PG01  20886.710599  14523.076032   7779.667621    194.841094 11 13 19 455  P   P
PG02  20645.363946  17170.292390  -1182.664038    158.713126 12 11 14 452  P   P
PG03  12747.042376   7487.223288  21864.642365    318.361482 11 13  8 452  P   P
PG04  23977.536833   1835.781974  11505.040241     64.081079 12 13 13 452  P   P
PG05  -7398.442066 -19745.942723 -16309.121668   -236.076403  9 11 10 452  P   P
PG06   3105.140585 -16286.590657  20775.768521   -548.767972 16 16 10 452  P   P
PG07  19526.905146   1167.451043 -17504.923863   -216.327393 10 14 12 295  P   P
PG08  16617.401608   8816.187289 -19129.128798    371.539512 11 10  9 452  P   P
PG09  25501.371926  -7425.534292   1456.765237    699.450721  6 13 13 452  P   P
PG10 -11095.467839  22371.891654  -8239.636055   -549.892175 11  9 11 452  P   P
PG11  -8293.120218 -21584.529578  13205.693742   -239.527470 16 13 15 452  P   P
PG12 -12591.223948  -9468.650836  21099.905078   -604.036219 11 14 10 452  P   P
PG13 -12594.046694 -10949.587776  20583.224456    430.160376  9 14 10 458  P   P
PG14  13164.246063 -20030.935306 -10977.249119    750.193639  8 12 11 452  P   P
PG15 -17675.205496  -6642.612622 -19249.561405    437.223879  9 11  8 452  P   P
PG16   1483.127367  23450.900448 -12348.505475    317.456981 12  9 13 452  P   P
PG17  20452.492785 -13205.054074  11314.350359   -189.378821 11 11 13 452  P   P
PG18 -18083.585640    977.201283 -19468.867475   -277.362682 10 15 11 670  P   P
PG19   9432.014067 -15603.865866  19074.757404    704.629569 11 10 10 452  P   P
PG20  -8151.287605 -13128.851598 -21539.959130    262.643818 13 12 11 452  P   P
PG21   1679.228186 -25617.816958  -6724.897214    381.513971 11  6 12 452  P   P
PG22  10689.010412 -24180.124849  -3636.874588     59.860718 11 10 13 452  P   P
PG23 -14634.672882  13234.219455 -17552.720438    680.058251 10 12 10 452  P   P
PG24 -21465.661804 -15954.770225     20.858265    164.789528 12 13 13 463  P   P
PG25 -15879.706539   4126.395067  20449.695248    397.059806  6 13  7 452  P   P
PG26  -2842.829468  26178.106708   -612.626297   -389.249286 10  8 12 452  P   P
PG27   4235.104219  15037.318587 -21839.203554      0.478450 11  7  5 452  P   P
PG28  -5099.212887  15200.062440  21174.426478   -440.394507 13 11  9 452  P   P
PG29 -26212.216625   3819.965609   2929.419503   -260.801883  8 12 13 452  P   P
PG30  10386.846875 -11679.418557 -21263.515491    332.998708 14 15  9 452  P   P
PG31   4222.513054  20222.965395  16227.498048   -127.586828 15 11 13 452  P   P
PG32 -15388.741641  15666.061536  15089.437538    221.337150 12  8  9 452  P   P
*  2026  8 17  9 30  0.00000000
PG01  21226.300290  15220.250992   5064.200206    194.832482 11 12 19 455  P   P
PG02  20256.832235  17142.460384  -3984.894634    158.719288 12 11 14 453  P   P
PG03  12183.129053   9923.860832  21220.659472    318.343322 11 13  9 452  P   P
PG04  22646.840284   2407.253919  13845.956681     64.081288 12 13 13 453  P   P
PG05  -7001.727806 -21420.487947 -14211.997668   -236.076917 10 11 10 452  P   P
PG06   4911.699411 -14692.319726  21614.886755   -548.759529 16 16  8 453  P   P
PG07  20920.213067   2614.819388 -15746.009286   -216.330620 10 14 13 295  P   P
PG08  14603.733910   9728.277894 -20264.217280    371.530426 12 10  8 452  P   P
PG09  25262.573481  -7090.959941   4294.434930    699.443304  7 13 13 453  P   P
PG10 -11025.083700  21224.245501 -10891.665897   -549.886688 11 10 10 453  P   P
PG11  -6994.226362 -20596.326641  15361.277428   -239.516769 16 13 15 453  P   P
PG12 -11879.912517 -11793.957703  20336.453305   -604.035826 11 14 11 452  P   P
PG13 -12131.476466 -13214.570371  19504.930318    430.164554 10 14 11 459  P   P
PG14  13142.108791 -18584.338843 -13309.154208    750.193403  8 12 11 453  P   P
PG15 -15831.185191  -7784.364780 -20423.909136    437.226397  9 11  8 453  P   P
PG16    900.919131  24565.474238  -9878.225017    317.462792 12  9 13 453  P   P
PG17  21564.642786 -13297.754178   8801.540758   -189.383727 10 11 13 453  P   P
PG18 -19596.334459   -544.650407 -17995.893814   -277.354832 10 15 12 670  P   P
PG19  11537.882408 -15917.810805  17551.521170    704.629608 11 10 11 453  P   P
PG20  -5818.713358 -13998.730946 -21748.301788    262.652846 13 11 11 453  P   P
PG21   2044.780299 -26163.740466  -3946.725943    381.507626 11  6 12 453  P   P
PG22  10748.011475 -23532.142066  -6389.809635     59.868185 11 10 13 453  P   P
PG23 -14368.332776  11127.604415 -19178.287323    680.061401 10 13 10 453  P   P
PG24 -21217.626080 -16144.127386  -2758.653154    164.805360 12 13 13 463  P   P
PG25 -15537.841628   1683.998656  21061.301701    397.056580  6 13  6 452  P   P
PG26  -3212.167996  26024.923799   2197.458290   -389.251165 10  8 12 453  P   P
PG27   1951.902516  15816.750445 -21568.151025      0.478154 11  7  5 453  P   P
PG28  -7010.419001  13665.699394  21670.201567   -440.385009 12 11  7 453  P   P
PG29 -25793.623903   3461.060493   5715.682329   -260.795534  9 12 13 453  P   P
PG30  12263.991602 -10064.319904 -21113.065740    333.009959 14 15  9 453  P   P
PG31   2608.673110  18993.336225  17956.653109   -127.584503 15 12 12 453  P   P
PG32 -16922.852452  16010.575543  12865.580205    221.354394 12  8 10 453  P   P
*  2026  8 17  9 45  0.00000000
PG01  21369.994303  15690.198276   2262.011617    194.823870 13 11 19 456  P   P
PG02  19603.816889  16970.347762  -6720.573563    158.725449 13 10 14 453  P   P
PG03  11773.887621  12293.175850  20205.080555    318.325162 11 12 10 453  P   P
PG04  21112.883348   3136.306151  15951.058976     64.081497 13 13 12 453  P   P
PG05  -6720.682061 -22866.052314 -11872.564972   -236.077427 10 10 11 453  P   P
PG06   6860.855075 -13155.911683  22083.463019   -548.751088 16 16  6 453  P   P
PG07  22209.265099   3850.877285 -13708.423901   -216.333850 10 14 13 295  P   P
PG08  12537.698325  10787.290760 -21060.072304    371.521340 12 10  8 453  P   P
PG09  24751.692252  -6615.813775   7058.410247    699.435887  8 14 13 453  P   P
PG10 -10976.201055  19782.566757 -13350.195117   -549.881201 11 10 10 453  P   P
PG11  -5470.812157 -19530.078765  17254.540212   -239.506067 16 13 14 453  P   P
PG12 -11310.705380 -14045.863608  19214.248007   -604.035432 11 14 12 453  P   P
PG13 -11800.483819 -15359.338646  18088.710822    430.168733 10 14 11 460  P   P
PG14  13151.523219 -16889.561049 -15406.960907    750.193168  9 13 11 453  P   P
PG15 -13955.203919  -9076.266868 -21263.231857    437.228918  9 10  7 453  P   P
PG16    436.917444  25427.923224  -7236.673738    317.468601 12  8 13 453  P   P
PG17  22398.905821 -13353.042921   6141.624207   -189.388634 10 12 13 453  P   P
PG18 -21044.501956  -1864.932190 -16215.008899   -277.346979 10 15 13 670  P   P
PG19  13445.227660 -16283.290427  15719.160037    704.629649 11 10 11 453  P   P
PG20  -3532.679234 -14989.870138 -21580.333286    262.661874 13 10 10 453  P   P
PG21   2331.535268 -26413.127167  -1100.459371    381.501281 11  6 12 453  P   P
PG22  10774.375808 -22589.494427  -9033.811987     59.875652 11 11 13 453  P   P
PG23 -14200.778637   8845.581859 -20468.625987    680.064550 10 13  9 453  P   P
PG24 -20719.940334 -16181.262956  -5492.009542    164.821180 12 13 13 464  P   P
PG25 -15309.832743   -818.751779  21296.553707    397.053354  6 13  6 453  P   P
PG26  -3578.298285  25570.902051   4968.631322   -389.253043 10  8 12 453  P   P
PG27   -246.650404  16694.032207 -20936.525908      0.477855 11  7  6 453  P   P
PG28  -9027.352703  12212.896508  21793.147460   -440.375511 11 11  6 453  P   P
PG29 -25100.613575   2984.914568   8404.497926   -260.789184 10 12 13 453  P   P
PG30  14183.647108  -8565.676046 -20593.086305    333.021210 14 15 10 453  P   P
PG31    795.905919  17732.362367  19366.401671   -127.582178 15 12 12 453  P   P
PG32 -18195.951512  16334.228442  10421.637654    221.371637 11  9 10 453  P   P
*  2026  8 17 10  0  0.00000000
PG01  21287.595656  15954.680118   -578.904109    194.815256 14 10 19 457  P   P
PG02  18676.048284  16689.988733  -9343.427148    158.731608 14 10 14 454  P   P
PG03  11512.868739  14544.263311  18836.255430    318.307003 11 12 10 454  P   P
PG04  19416.646583   4037.628824  17784.300586     64.081706 13 13 12 454  P   P
PG05  -6526.447124 -24050.145435  -9330.338101   -236.077931 10  9 11 454  P   P
PG06   8917.691113 -11713.883250  22173.976707   -548.742647 16 16  8 454  P   P
PG07  23352.017775   4876.030956 -11430.064966   -216.337083 10 14 13 294  P   P
PG08  10463.074587  11983.488785 -21502.305863    371.512254 12 10  7 454  P   P
PG09  23995.022457  -5972.015621   9701.093926    699.428472  9 14 13 454  P   P
PG10 -10986.290902  18071.142809 -15571.257012   -549.875713 10 10 10 454  P   P
PG11  -3734.896228 -18428.148430  18853.147617   -239.495367 17 13 13 454  P   P
PG12 -10878.649230 -16176.247467  17753.514139   -604.035038 11 14 12 454  P   P
PG13 -11586.721162 -17339.624317  16359.172093    430.172913 11 13 12 460  P   P
PG14  13223.276590 -14975.572542 -17233.996867    750.192932  9 13 10 454  P   P
PG15 -12089.251054 -10504.372222 -21754.403768    437.231444  9 10  6 454  P   P
PG16     62.190565  26010.770145  -4468.931711    317.474409 12  8 14 454  P   P
PG17  22951.080330 -13332.681339   3378.725038   -189.393541  9 12 13 454  P   P
PG18 -22383.485592  -2978.199943 -14157.319752   -277.339126 10 15 13 670  P   P
PG19  15123.281618 -16666.344913  13609.014697    704.629689 11 10 12 454  P   P
PG20  -1337.463523 -16080.375892 -21039.018473    262.670903 13 10 10 454  P   P
PG21   2575.489884 -26354.746888   1764.794769    381.494935 11  7 11 454  P   P
PG22  10805.121255 -21360.632165 -11523.132709     59.883120 10 12 12 454  P   P
PG23 -14154.759991   6433.017435 -21401.798763    680.067701 10 14  8 454  P   P
PG24 -19963.152513 -16100.770685  -8133.976237    164.837002 11 13 13 465  P   P
PG25 -15203.916472  -3332.369091  21151.881247    397.050128  6 13  7 454  P   P
PG26  -3975.257141  24822.894915   7651.650165   -389.254920  9  8 11 454  P   P
PG27  -2322.023562  17643.378384 -19953.371055      0.477554 11  6  7 454  P   P
PG28 -11111.275792  10871.823120  21541.224884   -440.366013 11 11  4 454  P   P
PG29 -24158.980958   2363.192559  10949.917220   -260.782834 10 13 12 454  P   P
PG30  16104.227550  -7206.526089 -19713.567435    333.032462 14 15 11 454  P   P
PG31  -1192.678227  16481.806827  20431.782367   -127.579854 15 12 11 454  P   P
PG32 -19195.943286  16596.726577   7798.762631    221.388880 11  9 10 454  P   P
*  2026  8 17 10 15  0.00000000
PG01  20955.046746  16041.642395  -3409.911757    194.806640 15  9 19 457  P   P
PG02  17471.559909  16339.484209 -11808.516607    158.737766 14 10 13 455  P   P
PG03  11385.217567  16629.376820  17138.730077    318.288846 10 12 11 454  P   P
PG04  17602.581104   5118.067370  19314.170324     64.081916 14 14 11 455  P   P
PG05  -6385.264961 -24947.601971  -6628.428872   -236.078432 10  8 11 455  P   P
PG06  11041.598571 -10396.486966  21885.355896   -548.734206 16 16 11 455  P   P
PG07  24309.412048   5699.143810  -8952.528260   -216.340319 11 14 14 294  P   P
PG08   8422.105392  13299.563088 -21582.248504    371.503170 12 10  6 455  P   P
PG09  23025.341546  -5137.568467  12176.836318    699.421058 10 14 13 455  P   P
PG10 -11088.389491  16122.795585 -17515.166268   -549.870227 10 11 10 455  P   P
PG11  -1806.665003 -17331.196525  20129.753754   -239.484666 17 13 12 455  P   P
PG12 -10570.889002 -18139.992863  15980.509227   -604.034642 12 13 13 455  P   P
PG13 -11468.811313 -19115.700321  14346.365477    430.177096 11 13 12 461  P   P
PG14  13383.166751 -12878.020497 -18758.515932    750.192697  9 13  9 455  P   P
PG15 -10272.620511 -12047.684826 -21889.746212    437.233971  9 10  6 455  P   P
PG16   -256.389337  26294.236184  -1622.841259    317.480215 12  8 14 455  P   P
PG17  23225.209988 -13199.262789    558.973072   -189.398448  9 12 14 455  P   P
PG18 -23569.976008  -3887.523010 -11858.472083   -277.331276 10 15 14 670  P   P
PG19  16548.961164 -17029.328680  11257.676917    704.629731 11 11 12 455  P   P
PG20    727.172061 -17241.566854 -20133.809691    262.679932 13  9 10 455  P   P
PG21   2814.093381 -25986.211989   4599.602004    381.488589 12  8 11 455  P   P
PG22  10875.510803 -19862.552437 -13814.257155     59.890588 10 12 12 455  P   P
PG23 -14245.310849   3938.863621 -21962.253633    680.070852 10 14  7 455  P   P
PG24 -18945.370323 -15939.278840 -10641.296228    164.852821 10 13 13 465  P   P
PG25 -15220.294521  -5806.850462  20630.728732    397.046902  6 13  9 455  P   P
PG26  -4435.207357  23796.346470  10198.684074   -389.256796 10  8 11 455  P   P
PG27  -4240.676562  18633.097927 -18633.597550      0.477251 11  6  7 455  P   P
PG28 -13219.079616   9665.813148  20918.836679   -440.356516 11 11  5 455  P   P
PG29 -23001.011404   1573.245371  13308.343055   -260.776481 11 13 12 455  P   P
PG30  17981.834650  -6002.358417 -18490.796093    333.043712 14 15 12 455  P   P
PG31  -3326.371756  15279.908218  21134.178735   -127.577529 14 12 10 455  P   P
PG32 -19919.404742  16757.490792   5041.493590    221.406120 11 10 10 455  P   P
*  2026  8 17 10 30  0.00000000
PG01  20355.467394  15983.977331  -6182.555294    194.798019 16  9 19 458  P   P
PG02  15997.012676  15957.467313 -14072.989944    158.743924 15  9 13 455  P   P
PG03  11368.399629  18505.622878  15142.755461    318.270688 10 12 12 455  P   P
PG04  15717.004439   6376.169833  20514.231253     64.082126 14 14 10 455  P   P
PG05  -6259.930321 -25541.487378  -3812.848530   -236.078928 10  7 11 455  P   P
PG06  13187.679789  -9226.677579  21222.962894   -548.725766 16 16 12 455  P   P
PG07  25046.838846   6336.843723  -6320.235440   -216.343557 11 14 14 294  P   P
PG08   6454.052929  14711.109849 -21297.166017    371.494085 12 10  5 455  P   P
PG09  21880.644510  -4097.627909  14442.732735    699.413646 11 14 12 455  P   P
PG10 -11309.606975  13977.716487 -19147.306332   -549.864740 10 11  9 455  P   P
PG11    286.097799 -16276.633620  21062.460045   -239.473966 17 12 10 455  P   P
PG12 -10367.336899 -19896.606360  13926.992650   -604.034245 12 13 13 455  P   P
PG13 -11419.313912 -20653.765704  12085.251318    430.181280 11 13 13 462  P   P
PG14  13650.865037 -10637.969600 -19954.264363    750.192461 10 14  9 455  P   P
PG15  -8540.625912 -13678.797749 -21667.111146    437.236501  9  9  6 455  P   P
PG16   -554.666024  26267.096201   1251.824064    317.486019 12  9 14 455  P   P
PG17  23233.383489 -12917.783365  -2270.194030   -189.403359  8 13 14 455  P   P
PG18 -24563.568351  -4604.135750  -9358.022716   -277.323425  9 15 14 670  P   P
PG19  17707.652483 -17332.504416   8706.343590    704.629773 11 11 13 455  P   P
PG20   2627.330623 -18439.033945 -18880.475060    262.688959 13  8 11 456  P   P
PG21   3084.592537 -25314.089267   7355.061360    381.482240 12  9 11 455  P   P
PG22  11017.513422 -18120.346912 -15866.695738     59.898056 10 13 11 455  P   P
PG23 -14479.132655   1414.418655 -22141.054881    680.074004 10 14  6 455  P   P
PG24 -17672.382563 -15733.952664 -12973.285970    164.868654 10 12 12 466  P   P
PG25 -15351.180526  -8193.484009  19743.425154    397.043676  6 12 10 455  P   P
PG26  -4986.920075  22514.758427  12564.255665   -389.258673  9  8 11 455  P   P
PG27  -5975.175220  19626.708827 -16997.861214      0.476945 11  5  8 455  P   P
PG28 -15304.789549   8610.589814  19936.747604   -440.347019 11 11  7 455  P   P
PG29 -21664.272251    599.185704  15439.266399   -260.770128 11 13 12 455  P   P
PG30  19771.859049  -4960.707463 -16946.995650    333.054963 13 15 13 455  P   P
PG31  -5567.912114  14159.892934  21461.657993   -127.575204 14 12  9 455  P   P
PG32 -20371.627906  16777.357519   2197.032181    221.423358 10 10 11 456  P   P
*  2026  8 17 10 45  0.00000000
PG01  19479.928699  15818.105665  -8849.374574    194.789397 16  8 19 459  P   P
PG02  14267.711944  15581.527501 -16096.839232    158.750083 15  9 12 456  P   P
PG03  11433.237943  20136.458798  12883.695192    318.252532 10 11 12 456  P   P
PG04  13806.432132   7802.053513  21363.582005     64.082337 14 14  9 456  P   P
PG05  -6111.391767 -25823.706231   -931.749690   -236.079421 11  7 11 456  P   P
PG06  15308.317103  -8219.370414  20198.475574   -548.717325 16 16 14 456  P   P
PG07  25535.404882   6812.544556  -3579.558630   -216.346795 11 14 14 293  P   P
PG08   4593.856494  16187.386041 -20650.394971    371.485002 12  9  5 456  P   P
PG09  20602.683076  -2845.300590  16459.382092    699.406235 11 14 12 456  P   P
PG10 -11669.891505  11682.002040 -20438.807599   -549.859254 10 11  9 456  P   P
PG11   2508.871449 -15297.206862  21635.186517   -239.463265 17 12  8 456  P   P
PG12 -10241.640271 -21411.647785  11629.591556   -604.033847 12 12 14 456  P   P
PG13 -11405.938181 -21927.105713   9615.075714    430.185465 12 12 13 463  P   P
PG14  14039.042992  -8300.438460 -20800.932059    750.192226 10 14  8 456  P   P
PG15  -6923.463250 -15364.759028 -21089.906659    437.239034  9  9  6 456  P   P
PG16   -869.579358  25927.215379   4104.265927    317.491821 12 10 14 456  P   P
PG17  22995.243874 -12457.152003  -5060.771478   -189.408270  8 13 13 456  P   P
PG18 -25328.266097  -5146.782922  -6698.760550   -277.315575  9 14 14 670  P   P
PG19  18593.657928 -17535.750813   6000.058004    704.629815 11 12 13 456  P   P
PG20   4336.094765 -19633.936484 -17300.814604    262.697986 13  8 11 456  P   P
PG21   3422.386783 -24353.676695   9983.655679    381.475892 12 10 11 456  P   P
PG22  11258.377458 -16166.438251 -17643.749655     59.905525 10 13 11 456  P   P
PG23 -14854.324159  -1088.491833 -21935.986281    680.077157  9 14  7 456  P   P
PG24 -16157.516065 -15521.012974 -15092.373201    164.884496 12 11 12 467  P   P
PG25 -15581.191767 -10446.587753  18506.907312    397.040450  7 12 10 456  P   P
PG26  -5654.394842  21008.832378  14706.141270   -389.260548  9  9 11 456  P   P
PG27  -7505.096533  20584.263126 -15072.345990      0.476637 12  4  8 456  P   P
PG28 -17321.187602   7713.794550  18611.895851   -440.337523 11 11  9 456  P   P
PG29 -20190.212931   -567.291410  17305.957861   -260.763774 12 13 11 456  P   P
PG30  21430.605856  -4081.076372 -15109.862306    333.066213 13 14 14 456  P   P
PG31  -7874.794739  13148.714461  21409.163241   -127.572879 14 13  8 456  P   P
PG32 -20566.331231  16620.256698   -685.549033    221.440595 10 10 11 456  P   P
*  2026  8 17 11  0  0.00000000
PG01  18327.932919  15582.432737 -11364.705342    194.780772 17  8 18 459  P   P
PG02  12307.305105  15246.651195 -17843.650336    158.756242 15  9 11 457  P   P
PG03  11545.215451  21492.936915  10401.347192    318.234374 10 11 13 457  P   P
PG04  11915.906999   9377.598459  21847.232364     64.082548 14 14  8 457  P   P
PG05  -5900.440277 -25795.286584   1965.381238   -236.079908 11  7 11 457  P   P
PG06  17354.847338  -7381.017115  18829.668220   -548.708885 15 16 15 457  P   P
PG07  25752.957876   7155.234250   -777.962997   -216.350032 11 14 14 293  P   P
PG08   2870.941477  17692.323262 -19651.389402    371.475919 12  9  5 457  P   P
PG09  19235.365160  -1382.137500  18191.592475    699.398824 12 15 11 457  P   P
PG10 -12181.103384   9285.953570 -21367.098646   -549.853770 10 12  8 457  P   P
PG11   4821.517172 -14419.775722  21837.949773   -239.452563 17 12  9 457  P   P
PG12 -10162.404197 -22657.915900   9129.080596   -604.033447 12 12 14 457  P   P
PG13 -11392.953015 -22916.982428   6978.672420    430.189651 12 11 13 463  P   P
PG14  14552.797157  -5912.792889 -21284.481327    750.191990 10 14  8 457  P   P
PG15  -5445.256408 -17068.137748 -20167.064734    437.241569  9  8  7 457  P   P
PG16  -1237.471814  25281.734669   6883.624919    317.497621 12 10 13 457  P   P
PG17  22537.218886 -11791.583231  -7764.963746   -189.413184  8 14 13 457  P   P
PG18 -25833.823127  -5540.787189  -3925.987455   -277.307727  8 14 15 670  P   P
PG19  19210.282160 -17600.310520   3186.854668    704.629855 11 12 13 457  P   P
PG20   5834.365211 -20784.482981 -15422.269873    262.707012 13  7 11 457  P   P
PG21   3859.458395 -23128.453789  12440.076659    381.469542 12 10 10 457  P   P
PG22  11619.376622 -14039.527018 -19113.234279     59.912993 10 14 10 457  P   P
PG23 -15360.465006  -3519.337832 -21351.528810    680.080310  9 14  9 457  P   P
PG24 -14421.239507 -15334.319270 -16964.577689    164.900335 13 11 11 467  P   P
PG25 -15888.063371 -12525.108130  16944.308589    397.037224  7 12 11 457  P   P
PG26  -6455.679483  19315.322321  16586.205787   -389.262422  9  9 10 457  P   P
PG27  -8817.684392  21463.839915 -12888.448797      0.476328 12  4  9 457  P   P
PG28 -19221.491321   6974.837358  16967.099676   -440.328026 11 11 10 457  P   P
PG29 -18622.624923  -1926.376361  18876.103050   -260.757419 12 13 10 457  P   P
PG30  22916.879845  -3355.182627 -13012.011795    333.077463 12 14 14 457  P   P
PG31 -10200.798899  12266.072009  20978.557113   -127.570555 14 13  7 457  P   P
PG32 -20525.044828  16254.798824  -3556.156812    221.457830  9 11 11 457  P   P
*  2026  8 17 11 15  0.00000000
PG01  16907.580645  15315.737693 -13685.449852    194.772147 17  8 18 460  P   P
PG02  10147.158763  14983.739616 -19281.329512    158.762404 15  9 10 457  P   P
PG03  11665.986725  22554.649239   7739.195804    318.216216 10 10 13 457  P   P
PG04  10087.388526  11076.963351  21956.385726     64.082760 14 14  7 457  P   P
PG05  -5589.420479 -25466.325724   4828.568737   -236.080392 12  7 11 457  P   P
PG06  19279.279614  -6709.512214  17140.096767   -548.700445 15 16 15 457  P   P
PG07  25684.842706   7398.087289   2036.816133   -216.353271 11 14 14 292  P   P
PG08   1308.226521  19185.768832 -18315.671265    371.466837 12  8  5 457  P   P
PG09  17823.076137    281.700412  19609.019662    699.391415 12 15 10 457  P   P
PG10 -12846.439230   6842.215009 -21916.317230   -549.848285  9 12  7 457  P   P
PG11   7179.615133 -13664.322916  21667.042885   -239.441860 17 11 11 457  P   P
PG12 -10094.614459 -23616.344549   6469.594292   -604.033045 12 11 14 457  P   P
PG13 -11342.737629 -23613.222137   4221.703428    430.193839 12 11 13 464  P   P
PG14  15189.392877  -3523.062529 -21397.349386    750.191755 11 14  9 457  P   P
PG15  -4123.316079 -18748.257673 -18912.950363    437.244107  9  8  8 457  P   P
PG16  -1692.393858  24346.887099   9539.979127    317.503420 12 11 13 457  P   P
PG17  21891.494282 -10901.817231 -10335.987138   -189.418100  8 14 13 457  P   P
PG18 -26056.876405  -5816.876367  -1086.770167   -277.299878  9 14 15 670  P   P
PG19  19569.550727 -17490.501473    316.828133    704.629896 10 13 14 457  P   P
PG20   7111.391953 -21847.538272 -13277.434724    262.716038 12  6 12 458  P   P
PG21   4422.939811 -21669.227224  14682.009824    381.463193 12 10 10 457  P   P
PG22  12114.784027 -11783.283240 -20248.141945     59.920463 10 14  9 457  P   P
PG23 -15979.045286  -5830.641296 -20398.717640    680.083464  9 14 10 457  P   P
PG24 -12490.531920 -15204.061579 -18559.936627    164.916168 13 10 10 468  P   P
PG25 -16243.648342 -14394.013621  15084.429393    397.033999  8 11 12 457  P   P
PG26  -7401.942959  17475.646418  18171.149548   -389.264296  9 10 10 457  P   P
PG27  -9908.224588  22223.155419 -10482.361906      0.476017 12  5  9 457  P   P
PG28 -20961.025022   6385.073485  15030.664214   -440.318527 10 12 11 457  P   P
PG29 -17006.018915  -3469.923822  20122.370755   -260.751063 12 13  9 457  P   P
PG30  24193.469006  -2767.510706 -10690.351004    333.088712 12 14 15 457  P   P
PG31 -12497.659794  11523.746987  20178.519714   -127.568231 14 13  8 457  P   P
PG32 -20276.188103  15655.704689  -6364.570810    221.475065  9 11 11 458  P   P
*  2026  8 17 11 30  0.00000000
PG01  15235.418184  15055.557421 -15771.805758    194.763524 18  7 17 461  P   P
PG02   7825.426951  14818.265285 -20382.788928    158.768567 16  8  8 458  P   P
PG03  11755.035559  23310.339775   4943.611475    318.198055 10  9 13 458  P   P
PG04   8358.263376  12867.407257  21688.622074     64.082971 14 14  8 458  P   P
PG05  -5143.897308 -24855.595508   7608.215984   -236.080872 12  7 10 458  P   P
PG06  21035.992920  -6194.431882  15158.694286   -548.692006 14 16 16 458  P   P
PG07  25324.372147   7576.961706   4817.549262   -216.356510 11 15 14 291  P   P
PG08    -78.629715  20624.913719 -16664.678047    371.457754 12  8  6 458  P   P
PG09  16408.987272   2127.614174  20686.725470    699.384006 12 15  9 458  P   P
PG10 -13660.229411   4403.829817 -22077.572626   -549.842802  9 12  7 458  P   P
PG11   9535.970526 -13043.238270  21125.113664   -239.431158 17 11 13 458  P   P
PG12 -10001.199216 -24276.577635   3697.791603   -604.032641 12 10 14 458  P   P
PG13 -11217.410649 -24014.477904   1391.852863    430.198027 12 10 13 464  P   P
PG14  15938.334114  -1178.249216 -21138.524189    750.191520 11 14 10 458  P   P
PG15  -2967.637153 -20362.560840 -17347.210090    437.246646  9  7  9 458  P   P
PG16  -2264.483798  23147.443728  12025.351719    317.509218 12 12 13 458  P   P
PG17  21094.762409  -9776.115778 -12728.886750   -189.423020  8 14 13 458  P   P
PG18 -25981.829610  -6009.815934   1770.826073   -277.292031 10 14 15 670  P   P
PG19  19691.571515 -17175.315392  -2558.850367    704.629936 10 13 14 458  P   P
PG20   8164.978773 -22780.293810 -10903.476751    262.725062 12  6 12 458  P   P
PG21   5133.874572 -20013.005135  16670.865527    381.456843 12 11 10 458  P   P
PG22  12751.122433  -9444.828889 -21027.225456     59.927933 10 14  7 458  P   P
PG23 -16684.219562  -7979.598756 -19094.885447    680.086618  9 14 11 458  P   P
PG24 -10398.039663 -15155.600664 -19852.876700    164.931998 14  9  9 469  P   P
PG25 -16615.155147 -16025.430366  12961.108044    397.030773  8 11 12 458  P   P
PG26  -8496.842553  15534.318321  19433.147614   -389.266170  9 10 10 458  P   P
PG27 -10780.116677  22821.231971  -7894.551143      0.475708 12  5  9 458  P   P
PG28 -22498.819689   5928.298779  12835.895145   -440.309028 10 12 12 458  P   P
PG29 -15383.980222  -5181.554092  21022.903478   -260.744706 13 13  8 458  P   P
PG30  25228.470832  -2296.144087  -8185.389699    333.099960 11 14 15 458  P   P
PG31 -14716.815064  10925.280669  19024.308042   -127.565910 13 13  9 458  P   P
PG32 -19853.871851  14805.015733  -9061.363239    221.492298  8 11 10 458  P   P
*  2026  8 17 11 45  0.00000000
PG01  13335.970059  14836.627132 -17587.941612    194.754901 18  6 17 461  P   P
PG02   5385.835133  14769.126677 -21126.571209    158.774732 16  8  6 459  P   P
PG03  11771.410600  23758.165782   2063.015199    318.179893 11  8 13 458  P   P
PG04   6760.034037  14710.389019  21047.976309     64.083181 14 13  9 459  P   P
PG05  -4534.211318 -23989.818859  10255.980326   -236.081349 13  8 10 459  P   P
PG06  22583.350997  -5817.594093  12919.283460   -548.683568 14 16 16 459  P   P
PG07  24673.007201   7728.840543   7518.233473   -216.359754 12 15 14 291  P   P
PG08  -1281.708015  21965.857909 -14725.502270    371.448671 12  7  7 459  P   P
PG09  15033.417877   4129.072799  21405.643908    699.376597 12 15  7 459  P   P
PG10 -14608.114463   2022.300666 -21849.056006   -549.837319  9 12  7 459  P   P
PG11  11842.233320 -12560.903316  20221.139041   -239.420457 17 10 14 459  P   P
PG12  -9844.663407 -24637.205459    861.992292   -604.032235 12 10 14 459  P   P
PG13 -10980.472723 -24128.158707  -1462.010505    430.202215 12  9 13 465  P   P
PG14  16781.752507   1077.305584 -20513.496341    750.191284 11 14 11 459  P   P
PG15  -1980.653511 -21868.059243 -15494.557170    437.249188  9  6 10 459  P   P
PG16  -2978.496801  21715.805860  14294.699294    317.515015 12 12 13 459  P   P
PG17  20186.788384  -8410.988735 -14901.353733   -189.427942  7 14 12 459  P   P
PG18 -25601.457325  -6156.898531   4598.511789   -277.284180 11 14 15 670  P   P
PG19  19603.566639 -16629.831980  -5388.942292    704.629975 10 14 14 459  P   P
PG20   9001.354894 -23541.935589  -8341.480425    262.734086 12  7 12 459  P   P
PG21   6006.220666 -18201.644119  18372.443210    381.450493 12 11  9 459  P   P
PG22  13526.728805  -7073.068318 -21435.484050     59.935403 10 14  7 459  P   P
PG23 -17443.851518  -9929.509902 -17463.300998    680.089771  8 14 12 459  P   P
PG24  -8181.050712 -15208.491063 -20822.534703    164.947822 14  9  8 469  P   P
PG25 -16966.565727 -17399.479777  10612.512449    397.027547  8 11 12 459  P   P
PG26  -9736.212798  13537.266665  20350.365748   -389.268045 10 10 10 459  P   P
PG27 -11444.631016  23220.062011  -5169.131098      0.475398 12  6  9 459  P   P
PG28 -23799.080548   5581.543857  10420.527421   -440.299526  9 13 12 459  P   P
PG29 -13797.564916  -7037.076193  21561.720689   -260.738348 13 13  6 459  P   P
PG30  25996.413345  -1913.838848  -5540.507497    333.111209  9 14 16 459  P   P
PG31 -16811.152250  10466.000625  17537.387955   -127.563593 13 13 11 459  P   P
PG32 -19296.469561  13693.030290 -11598.825094    221.509530  7 11 10 459  P   P
*  2026  8 17 12  0  0.00000000
PG01  11240.973287  14689.437402 -19102.608000    194.746279 18  5 16 462  P   P
PG02   2876.218211  14847.755776 -21497.391917    158.780897 16  8  7 459  P   P
PG03  11675.469653  23905.603478   -852.975442    318.161729 11  8 13 459  P   P
PG04   5317.236686  16562.905126  20044.908126     64.083390 13 13 10 459  P   P
PG05  -3736.858949 -22902.642337  12725.639881   -236.081823 13  8 10 459  P   P
PG06  23885.175299  -5553.917920  10460.013633   -548.675133 13 16 17 459  P   P
PG07  23740.252235   7890.275278  10094.753142   -216.363002 12 15 14 290  P   P
PG08  -2301.009295  23165.256283 -12530.519608    371.439588 12  6  8 459  P   P
PG09  13732.316282   6252.436407  21752.944676    699.369188 13 15  6 459  P   P
PG10 -15667.588782   -254.266193 -21236.000571   -549.831836  9 12  7 459  P   P
PG11  14050.571626 -12213.593317  18970.294646   -239.409758 16 10 15 459  P   P
PG12  -9588.728639 -24705.659416  -1988.695990   -604.031827 13  9 14 459  P   P
PG13 -10598.397591 -23970.029791  -4290.686452    430.206403 13  7 13 466  P   P
PG14  17695.095895   3203.431023 -19534.092694    750.191048 11 14 11 459  P   P
PG15  -1157.262308 -23222.829064 -13384.489935    437.251731 10  6 10 459  P   P
PG16  -3852.552759  20090.777946  16306.851647    317.520810 12 13 12 459  P   P
PG17  19208.845246  -6811.614237 -16814.526594   -189.432868  7 15 12 459  P   P
PG18 -24917.209272  -6296.346581   7348.545536   -277.276327 12 14 15 670  P   P
PG19  19338.618081 -15836.385910  -8123.149980    704.630012 10 14 14 459  P   P
PG20   9634.720687 -24095.244555  -5635.724389    262.743108 12  8 13 459  P   P
PG21   7046.135413 -16280.321592  19757.517555    381.444141 12 11  9 459  P   P
PG22  14431.658892  -4716.932409 -21464.534848     59.942873 10 14  8 459  P   P
PG23 -18220.804822 -11650.960733 -15532.713359    680.092925  8 14 13 459  P   P
PG24  -5880.319328 -15375.715932 -21453.028088    164.963643 15  8  6 470  P   P
PG25 -17260.171283 -18504.792521   8080.373411    397.024321  9 10 13 459  P   P
PG26 -11108.088332  11530.115866  20907.341738   -389.269919 10 10  9 459  P   P
PG27 -11920.351495  23386.199878  -2353.142083      0.475090 11  7 10 459  P   P
PG28 -24832.466367   5316.135738   7826.078643   -440.290025  9 13 13 459  P   P
PG29 -12283.798320  -9005.219768  21729.026167   -260.731989 13 13  4 459  P   P
PG30  26479.132001  -1589.292907  -2801.190829    333.122458  7 14 16 459  P   P
PG31 -18736.685710  10133.387947  15744.952738   -127.561275 13 13 12 459  P   P
PG32 -18645.013979  12318.921336 -13931.877774    221.526760  7 12 10 459  P   P
*  2026  8 17 12 15  0.00000000
PG01   8988.341317  14638.963222 -20289.674246    194.737656 19  5 14 463  P   P
PG02    346.863891  15057.525314 -21486.578626    158.787063 16  7 10 460  P   P
PG03  11430.564648  23769.007613  -3754.402708    318.143562 12  8 13 460  P   P
PG04   4046.631194  18379.017215  18696.161279     64.083600 13 13 11 460  P   P
PG05  -2735.639998 -21633.342437  14973.933961   -236.082293 13  8  9 460  P   P
PG06  24912.022125  -5372.548912   7822.730715   -548.666700 12 16 17 460  P   P
PG07  22543.278984   8095.884690  12505.478756   -216.366260 12 15 14 290  P   P
PG08  -3144.322405  24181.982108 -10116.904926    371.430504 12  6  8 460  P   P
PG09  12535.920512   8458.066552  21722.285363    699.361777 13 15  7 460  P   P
PG10 -16808.883506  -2382.855570 -20250.497732   -549.826354  9 12  8 460  P   P
PG11  16115.336119 -11989.701599  17393.720178   -239.399061 16 10 16 460  P   P
PG12  -9199.913062 -24497.775854  -4805.242232   -604.031417 13  9 13 460  P   P
PG13 -10042.109057 -23563.501717  -7045.496584    430.210593 13  5 13 466  P   P
PG14  18648.084815   5165.457935 -18218.199516    750.190813 11 14 12 460  P   P
PG15   -485.122303 -24387.499059 -11050.939699    437.254275 10  5 11 460  P   P
PG16  -4897.163422  18316.072254  18025.374131    317.526603 13 13 12 460  P   P
PG17  18202.077103  -4991.926324 -18433.758418   -189.437797  6 15 11 460  P   P
PG18 -23939.204714  -6465.686700   9974.494574   -277.268477 12 14 15 670  P   P
PG19  18934.183859 -14785.435681 -10713.096651    704.630049  9 15 13 460  P   P
PG20  10086.487043 -24408.067241  -2832.906386    262.752128 12  9 13 460  P   P
PG21   8251.569913 -14295.892752  20802.336687    381.437790 12 12  8 460  P   P
PG22  15447.943126  -2423.608254 -21112.855026     59.950342 10 14  9 460  P   P
PG23 -18974.427314 -13122.720435 -13336.813098    680.096078  8 13 13 460  P   P
PG24  -3538.777712 -15663.156807 -21733.675898    164.979460 15  7  3 471  P   P
PG25 -17458.160773 -19338.687771   5409.179973    397.021095  9 10 13 460  P   P
PG26 -12593.057227   9556.502104  21095.225535   -389.271793 10 10  9 460  P   P
PG27 -12232.317821  23292.213469    504.262399      0.474785 11  8 10 460  P   P
PG28 -25577.131674   5098.985333   5097.137965   -440.280528  8 13 13 460  P   P
PG29 -10874.334251 -11048.650738  21521.412044   -260.725630 12 13  5 460  P   P
PG30  26666.373829  -1288.558938    -14.253826    333.133708  5 14 16 460  P   P
PG31 -20454.096691   9907.762862  13679.344537   -127.558960 13 13 13 460  P   P
PG32 -17941.484069  10691.004188 -16018.947925    221.543988  7 12 10 460  P   P
*  2026  8 17 12 30  0.00000000
PG01   6620.895752  14703.614286 -21128.581637    194.729032 19  7 13 463  P   P
PG02  -2151.275500  15393.491474 -21092.386157    158.793228 16  7 11 460  P   P
PG03  11004.603153  23372.847268  -6591.812819    318.125394 12  8 13 460  P   P
PG04   2956.696315  20111.512236  17024.511867     64.083808 13 12 12 460  P   P
PG05  -1522.523002 -20225.314750  16961.359759   -236.082762 13  9  8 460  P   P
PG06  25642.217000  -5238.207984   5052.289000   -548.658268 12 16 17 461  P   P
PG07  21106.300919   8376.957430  14711.804240   -216.369521 13 15 13 290  P   P
PG08  -3826.777144  24978.741695  -7526.038767    371.421420 12  5  9 460  P   P
PG09  11467.652747  10701.681853  21313.945881    699.354364 13 15  9 460  P   P
PG10 -17996.146188  -4327.009902 -18911.179632   -549.820874  9 12  8 461  P   P
PG11  17994.652724 -11870.278918  15518.182697   -239.388363 16 10 16 461  P   P
PG12  -8648.990049 -24037.052692  -7539.532296   -604.031005 13  8 13 460  P   P
PG13  -9288.286213 -22938.637651  -9679.122475    430.214782 13  4 13 467  P   P
PG14  19605.895562   6935.322509 -16589.385002    750.190576 10 13 13 460  P   P
PG15     54.777439 -25326.682803  -8531.844752    437.256821 11  5 11 460  P   P
PG16  -6114.586332  16438.610620  19419.325813    317.532396 13 14 11 461  P   P
PG17  17205.854840  -2974.356414 -19729.330516   -189.442730  6 15 10 460  P   P
PG18 -22685.917637  -6700.155177  12431.974739   -277.260625 12 14 14 670  P   P
PG19  18430.451835 -13476.097892 -13113.252732    704.630084  9 15 13 460  P   P
PG20  10384.239930 -24454.599735     18.669921    262.761147 12 10 13 461  P   P
PG21   9612.188931 -12295.195642  21489.024317    381.431438 13 12  8 460  P   P
PG22  16550.189460   -236.829042 -20385.883085     59.957812  9 14 10 461  P   P
PG23 -19662.169499 -14332.322783 -10913.622446    680.099230  7 13 14 460  P   P
PG24  -1200.174097 -16069.315285 -21659.169507    164.995274 15  6  2 471  P   P
PG25 -17524.197716 -19907.020692   2645.356026    397.017868  9  9 13 460  P   P
PG26 -14164.926331   7656.495375  20911.876474   -389.273668 10 10  9 460  P   P
PG27 -12410.894966  22917.930373   3352.704542      0.474483 11  9 10 460  P   P
PG28 -26019.492109   4894.050475   2280.602519   -440.271033  8 14 14 461  P   P
PG29  -9594.327893 -13125.234324  20941.953706   -260.719271 12 13  7 461  P   P
PG30  26556.110892   -976.545170   2772.943981    333.144959  6 15 16 461  P   P
PG31 -21930.078172   9763.253643  11377.396264   -127.556645 13 13 13 461  P   P
PG32 -17227.053813   8826.637520 -17822.783301    221.561215  7 12  9 461  P   P
*  2026  8 17 12 45  0.00000000
PG01   4184.912790  14894.447480 -21604.705243    194.720408 19  9  9 464  P   P
PG02  -4568.430084  15842.493996 -20320.169861    158.799394 16  7 13 461  P   P
PG03  10371.428535  22748.651881  -9317.074409    318.107224 13  9 13 461  P   P
PG04   2047.451646  21713.632254  15058.407346     64.084016 13 12 13 461  P   P
PG05    -98.190119 -18724.404848  18652.907964   -236.083226 13  9  8 461  P   P
PG06  26062.608181  -5112.713152   2195.814589   -548.649836 10 16 17 461  P   P
PG07  19459.725578   8760.200637  16678.624841   -216.372791 13 14 13 290  P   P
PG08  -4370.093900  25523.572833  -4802.810454    371.412337 12  5  9 461  P   P
PG09  10543.292484  12935.906681  20534.841047    699.346950 13 15 11 461  P   P
PG10 -19188.863090  -6058.012548 -17242.781546   -549.815395  9 11  9 461  P   P
PG11  19651.882880 -11829.868479  13375.641704   -239.377664 16 10 17 461  P   P
PG12  -7912.271128 -23353.633562 -10145.170908   -604.030591 13  8 13 461  P   P
PG13  -8320.446483 -22130.919132 -12146.414120    430.218972 13  4 13 468  P   P
PG14  20530.520523   8492.404405 -14676.432202    750.190339 10 13 13 461  P   P
PG15    487.291019 -26010.303822  -5868.647736    437.259368 11  6 12 461  P   P
PG16  -7498.537203  14506.699383  20463.890279    317.538187 13 14 11 461  P   P
PG17  16256.192094   -789.229179 -20677.092323   -189.447666  7 15  9 461  P   P
PG18 -21183.564001  -7031.192643  14679.360534   -277.252773 13 14 14 670  P   P
PG19  17868.604866 -11916.326696 -15281.785737    704.630117  8 15 13 461  P   P
PG20  10560.472133 -24216.435688   2869.931535    262.770165 12 11 13 461  P   P
PG21  11109.619390 -10323.369461  21805.879484    381.425086 13 12  9 461  P   P
PG22  17706.512617   1804.702012 -19295.971533     59.965280  9 14 11 461  P   P
PG23 -20241.274598 -15276.315215  -8304.826655    680.102384  7 13 14 461  P   P
PG24   1092.321093 -16585.297169 -21229.691298    165.011085 14  5  3 472  P   P
PG25 -17424.924152 -20223.714056   -163.564486    397.014642 10  8 13 461  P   P
PG26 -15791.666498   5865.191963  20361.820416   -389.275541  9 10  9 461  P   P
PG27 -12490.410954  22251.419108   6141.530025      0.474183 10 10 10 461  P   P
PG28 -26154.683720   4663.917416   -575.125730   -440.261536  7 14 14 461  P   P
PG29  -8461.567446 -15189.498906  20000.191412   -260.712911 12 13  9 461  P   P
PG30  26154.556147   -618.546555   5513.271405    333.156210  8 15 16 461  P   P
PG31 -23138.436138   9669.003258   8879.712067   -127.554330 12 13 14 461  P   P
PG32 -16540.377303   6751.757212 -19311.188243    221.578441  7 12  9 461  P   P
*  2026  8 17 13  0  0.00000000
PG01   1728.538535  15214.672844 -21709.617718    194.711782 19 10  8 464  P   P
PG02  -6857.839291  16383.619474 -19182.402419    158.805560 16  6 14 462  P   P
PG03   9511.968992  21933.711324 -11884.159513    318.089051 13 10 13 461  P   P
PG04   1310.615377  23140.807120  12831.500150     64.084224 13 11 13 462  P   P
PG05   1527.764130 -17177.147105  20018.720779   -236.083689 13  9  7 462  P   P
PG06  26169.011127  -4956.617092   -698.069222   -548.641404  9 17 17 462  P   P
PG07  17639.117219   9266.670565  18374.758546   -216.376060 13 14 12 290  P   P
PG08  -4801.554877  25791.161828  -1994.827966    371.403253 12  6  9 462  P   P
PG09   9770.462153  15111.952358  19398.409844    699.339534 13 14 12 462  P   P
PG10 -20343.461288  -7555.746573 -15275.600001   -549.809918  9 11 10 462  P   P
PG11  21056.895082 -11837.605723  11002.721573   -239.366962 15 10 17 462  P   P
PG12  -6972.667012 -22483.063455 -12578.233686   -604.030175 13  9 12 462  P   P
PG13  -7129.765037 -21179.819482 -14405.155151    430.223163 13  6 12 468  P   P
PG14  21382.250896   9824.072422 -12512.794342    750.190103 10 13 14 462  P   P
PG15    842.053204 -26414.763382  -3105.715050    437.261916 11  7 12 462  P   P
PG16  -9034.274569  12568.160141  21140.860756    317.543976 13 14 11 462  P   P
PG17  15384.289249   1526.171491 -21259.007571   -189.452605  7 15  7 462  P   P
PG18 -19465.212471  -7485.082942  16678.456705   -277.244922 13 13 13 670  P   P
PG19  17289.073616 -10122.734894 -17181.314508    704.630149  7 16 12 462  P   P
PG20  10651.132950 -23683.338458   5671.881277    262.779181 13 12 13 462  P   P
PG21  12718.017949  -8422.250543  21747.569389    381.418733 12 12  9 462  P   P
PG22  18879.753472   3668.684416 -17862.187957     59.972747  8 14 12 462  P   P
PG23 -20670.476011 -15960.171194  -5555.058737    680.105536  7 12 14 462  P   P
PG24   3297.497929 -17195.062909 -20450.978148    165.026896 14  5  5 472  P   P
PG25 -17131.336213 -20310.001208  -2969.748601    397.011416 10  8 13 462  P   P
PG26 -17436.593980   4211.532419  19456.073790   -389.277415  9 10  9 462  P   P
PG27 -12507.616594  21289.655510   8820.793192      0.473886 10 10 10 462  P   P
PG28 -25986.698681   4371.439093  -3420.969081   -440.252042  8 14 14 462  P   P
PG29  -7485.900030 -17194.245579  18711.996539   -260.706551 12 13 10 462  P   P
PG30  25475.885419   -181.749208   8160.580369    333.167460 10 15 16 462  P   P
PG31 -24060.910446   9590.560268   6229.904200   -127.552014 12 13 14 462  P   P
PG32 -15915.983939   4500.059187 -20457.659195    221.595666  7 12  8 462  P   P
*  2026  8 17 13 15  0.00000000
PG01   -699.867452  15659.473167 -21441.249804    194.703158 19 11 12 465  P   P
PG02  -8977.476868  16989.016021 -17698.524622    158.811728 16  6 14 462  P   P
PG03   8415.115213  20969.581792 -14249.876881    318.070876 14 10 13 462  P   P
PG04    730.093578  24352.322068  10382.082169     64.084433 13 10 14 462  P   P
PG05   3336.991700 -15628.982295  21034.657165   -236.084149 13  9  7 462  P   P
PG06  25966.326895  -4730.899091  -3580.043589   -548.632972  8 17 17 462  P   P
PG07  15684.005909   9910.914655  19773.314395   -216.379332 14 14 12 291  P   P
PG08  -5152.735147  25763.919462    848.451187    371.394168 12  7 10 462  P   P
PG09   9148.446229  17181.364475  17924.382615    699.332118 13 14 13 462  P   P
PG10 -21415.022336  -8809.202753 -13044.863966   -549.804442  9 11 10 462  P   P
PG11  22187.098029 -11858.541380   8440.098779   -239.356257 14 11 17 462  P   P
PG12  -5820.490295 -21464.866920 -14797.959666   -604.029757 14  9 11 462  P   P
PG13  -5715.599669 -20127.241017 -16416.772420    430.227353 13  7 12 469  P   P
PG14  22121.223609  10925.922457 -10135.984943    750.189867 10 13 14 462  P   P
PG15   1152.212348 -26523.903200   -289.678944    437.264466 11  7 12 462  P   P
PG16 -10699.051935  10668.500765  21438.967073    317.549765 14 15 10 462  P   P
PG17  14615.270049   3928.835382 -21463.587896   -189.457547  8 15  5 462  P   P
PG18 -17569.649660  -8081.786489  18395.122660   -277.237071 13 13 13 670  P   P
PG19  16729.851987  -8120.069498 -18779.552851    704.630180  7 16 11 462  P   P
PG20  10694.053323 -22853.708425   8376.436808    262.788197 13 12 13 462  P   P
PG21  14404.935776  -6628.907072  21315.212678    381.412381 12 12  9 462  P   P
PG22  20028.937994   5330.328941 -16109.966465     59.980214  8 14 12 462  P   P
PG23 -20911.639080 -16397.873684  -2711.149587    680.108690  7 11 14 462  P   P
PG24   5377.434634 -17875.940974 -19334.325261    165.042706 14  6  7 473  P   P
PG25 -16619.982960 -20193.417045  -5725.848899    397.008189 11  7 13 462  P   P
PG26 -19059.735284   2717.388557  18211.844866   -389.279289  9 10  9 462  P   P
PG27 -12500.031233  20038.837163  11342.254730      0.473592 10 11 10 462  P   P
PG28 -25528.192403   3981.366307  -6208.015017   -440.242547  9 14 14 462  P   P
PG29  -6668.976044 -19092.241734  17099.322516   -260.700190 12 13 11 462  P   P
PG30  24541.679389    363.346720  10670.432419    333.178710 11 15 16 462  P   P
PG31 -24687.690811   9491.395309   3473.803317   -127.549700 11 13 15 462  P   P
PG32 -15382.853273   2111.863496 -21241.903356    221.612890  8 13  7 462  P   P
*  2026  8 17 13 30  0.00000000
PG01  -3053.397978  16216.145549 -20803.943818    194.694535 18 12 14 466  P   P
PG02 -10891.594324  17625.029476 -15894.626639    158.817897 16  7 15 463  P   P
PG03   7078.297070  19900.455011 -16374.548934    318.052698 14 11 12 463  P   P
PG04    282.783437  25312.853937   7752.428680     64.084641 13  9 14 463  P   P
PG05   5302.903960 -14122.526359  21682.752030   -236.084608 13  9  8 463  P   P
PG06  25468.329137  -4398.647666  -6400.911256   -548.624540  9 17 17 463  P   P
PG07  13636.581811  10700.347872  20852.010873   -216.382603 14 14 11 292  P   P
PG08  -5458.043935  25432.764953   3676.649973    371.385083 11  8 10 463  P   P
PG09   8668.351170  19097.766929  16138.430189    699.324699 13 14 14 463  P   P
PG10 -22359.037176  -9816.625857 -10590.037076   -549.798966  9 10 11 463  P   P
PG11  23028.194424 -11855.137183   5731.813151   -239.345548 13 11 17 463  P   P
PG12  -4453.973896 -20341.004752 -16767.376843   -604.029337 14  9 11 463  P   P
PG13  -4085.701758 -19015.876779 -18146.978946    430.231542 13  8 12 469  P   P
PG14  22708.973292  11801.704366  -7586.915199    750.189631 10 13 14 463  P   P
PG15   1452.999595 -26329.719738   2531.294384    437.267016 11  8 12 463  P   P
PG16 -12462.914612   8849.208154  21354.038309    317.555552 14 15 11 463  P   P
PG17  13967.168855   6371.511931 -21286.197225   -189.462490  9 15  6 463  P   P
PG18 -15540.039491  -8834.011952  19799.841251   -277.229220 14 13 12 670  P   P
PG19  16224.945074  -5940.369583 -20049.832201    704.630209  7 16 10 463  P   P
PG20  10727.308239 -21734.728362  10937.249277    262.797211 13 13 13 463  P   P
PG21  16132.447316  -4974.368078  20516.352353    381.406030 12 12 10 463  P   P
PG22  21110.913188   6773.152745 -14070.616741     59.987678  7 14 13 463  P   P
PG23 -20931.287054 -16611.189127    178.644949    680.111844  8 11 15 463  P   P
PG24   7298.726515 -18599.393365 -17896.524817    165.058516 14  7  8 473  P   P
PG25 -15873.948711 -19906.581053  -8385.751320    397.004963 12  7 13 463  P   P
PG26 -20619.316630   1396.950016  16652.125339   -389.281164  9 10 10 463  P   P
PG27 -12504.246242  18514.324241  13660.364556      0.473302 10 11  9 463  P   P
PG28 -24799.969454   3461.908125  -8888.354617   -440.233053  9 14 14 463  P   P
PG29  -6004.323641 -20837.932835  15189.842933   -260.693828 12 12 12 463  P   P
PG30  23380.108755   1041.636614  13000.788923    333.189960 12 15 15 463  P   P
PG31 -25017.615922   9334.481864    658.657837   -127.547386 10 14 15 463  P   P
PG32 -14963.231189   -367.293384 -21650.227001    221.630114  9 13  6 463  P   P
*  2026  8 17 13 45  0.00000000
PG01  -5288.210257  16864.560933 -19808.398007    194.685916 18 13 15 466  P   P
PG02 -12572.009759  18253.614052 -13802.963057    158.824066 16  8 16 463  P   P
PG03   5507.740926  18771.451953 -18222.625162    318.034517 14 11 12 463  P   P
PG04    -60.340157  25993.814070   4988.062683     64.084848 13  6 14 463  P   P
PG05   7391.520232 -12695.961110  21951.558438   -236.085068 13  9  9 463  P   P
PG06  24697.126452  -3926.670047  -9112.417125   -548.616107 10 17 17 463  P   P
PG07  11540.315358  11634.879628  21593.447008   -216.385875 14 14 10 292  P   P
PG08  -5753.136724  24797.578842   6439.441239    371.375998 11  9 10 463  P   P
PG09   8313.599444  20818.533176  14071.701659    699.317279 13 13 14 463  P   P
PG10 -23133.132899 -10585.303058  -7954.068693   -549.793492  8 10 11 463  P   P
PG11  23574.624873 -11788.876272   2924.514157   -239.334837 12 12 17 463  P   P
PG12  -2879.490276 -19154.267695 -18453.855202   -604.028915 14 10  9 463  P   P
PG13  -2256.105968 -17887.559870 -19566.340638    430.235731 13  9 11 470  P   P
PG14  23109.931345  12462.945744  -4909.190879    750.189395 10 13 14 463  P   P
PG15   1780.184085 -25832.793398   5308.304144    437.269567 11  9 12 463  P   P
PG16 -14289.801982   7146.236697  20889.001352    317.561339 14 15 12 463  P   P
PG17  13450.216682   8804.390358 -20729.213525   -189.467436  9 15  8 463  P   P
PG18 -13422.423753  -9746.562208  20868.223529   -277.221370 14 12 11 670  P   P
PG19  15803.011379  -3621.847137 -20971.497469    704.630238  8 16  9 463  P   P
PG20  10787.580265 -20342.182210  13310.488034    262.806223 13 14 13 463  P   P
PG21  17858.499717  -3482.594550  19364.819317    381.399680 12 12 11 463  P   P
PG22  22082.088613   7989.426391 -11780.702927     59.995142  5 14 13 463  P   P
PG23 -20701.956275 -16628.661912   3065.428976    680.114999  9 10 15 463  P   P
PG24   9033.573514 -19332.014605 -16159.732999    165.074324 14  9  9 474  P   P
PG25 -14883.588294 -19485.821749 -10905.278294    397.001737 12  7 12 463  P   P
PG26 -22073.315998    256.427319  14805.187063   -389.283039  8 10 10 463  P   P
PG27 -12554.262030  16740.202652  15733.201496      0.473016 10 12  9 463  P   P
PG28 -23830.168164   2786.160556 -11415.904114   -440.223557 10 14 14 463  P   P
PG29  -5477.751771 -22389.104991  13016.481750   -260.687466 12 12 12 463  P   P
PG30  22024.894032   1872.298844  15112.657888    333.201209 13 15 15 463  P   P
PG31 -25058.055959   9083.879980  -2167.663589   -127.545069  9 14 15 463  P   P
PG32 -14671.738162  -2888.278630 -21675.784033    221.647336  9 13  5 464  P   P
*  2026  8 17 14  0  0.00000000
PG01  -7365.022675  17577.925298 -18471.501391    194.677298 18 13 16 467  P   P
PG02 -13999.080216  18833.955201 -11461.312114    158.830239 15  9 16 464  P   P
PG03   3718.400669  17626.903647 -19763.225956    318.016334 14 11 11 464  P   P
PG04   -332.897148  26374.443089   2136.952802     64.085056 13  3 14 464  P   P
PG05   9562.619076 -11381.612799  21836.364672   -236.085529 13 10 10 464  P   P
PG06  23682.318817  -3286.966909 -11668.059786   -548.607674 11 17 17 464  P   P
PG07   9438.545155  12706.801114  21985.327800   -216.389149 15 14  8 293  P   P
PG08  -6073.266309  23867.300119   9087.532331    371.366911 11 10 10 464  P   P
PG09   8060.737031  22306.318064  11760.260078    699.309857 13 13 15 464  P   P
PG10 -23698.705721 -11131.012099  -5182.610891   -549.788018  8 10 11 464  P   P
PG11  23829.683224 -11621.925240     66.654875   -239.324126 12 12 17 464  P   P
PG12  -1111.467314 -17946.666266 -19829.583289   -604.028492 14 10  8 464  P   P
PG13   -250.703591 -16781.663284 -20650.758738    430.239919 13 10 10 470  P   P
PG14  23292.817328  12928.291302  -2148.380538    750.189159 11 12 14 464  P   P
PG15   2168.471662 -25042.404719   7992.571492    437.272118 11 10 12 464  P   P
PG16 -16138.902208   5588.755225  20053.721652    317.567127 14 15 12 464  P   P
PG17  13066.461401  11176.904296 -19802.038644   -189.472383 10 15  9 464  P   P
PG18 -11264.117007 -10815.981316  21581.441206   -277.213518 15 12 11 670  P   P
PG19  15486.250373  -1207.541960 -21530.174542    704.630265  8 16  7 464  P   P
PG20  10908.587516 -18699.955023  15455.578720    262.815233 13 14 12 464  P   P
PG21  19538.431224  -2169.731106  17880.489278    381.393331 11 12 11 464  P   P
PG22  22900.206933   8980.254496  -9281.309139     60.002605  5 13 14 464  P   P
PG23 -20203.332290 -16484.368587   5900.452868    680.118153 10  9 15 464  P   P
PG24  10560.686042 -20036.737485 -14151.258530    165.090132 14 10  9 475  P   P
PG25 -13646.994357 -18969.695192 -13242.841321    396.998511 13  7 12 464  P   P
PG26 -23381.015410   -705.925197  12703.999849   -389.284913  8 10 10 464  P   P
PG27 -12679.934424  14748.483804  17523.341650      0.472735 10 12  8 464  P   P
PG28 -22653.175303   1933.347543 -13747.195564   -440.214059 11 14 14 464  P   P
PG29  -5068.066839 -23708.432170  10616.843093   -260.681103 12 11 12 464  P   P
PG30  20514.078464   2867.898867  16970.691160    333.212458 14 15 14 464  P   P
PG31 -24824.490200   8706.263815  -4957.454339   -127.542756  9 14 15 464  P   P
PG32 -14514.806864  -5400.126696 -21318.679724    221.664559 10 13  5 464  P   P
*  2026  8 17 14 15  0.00000000
PG01  -9250.438773  18323.814379 -16816.060591    194.668681 17 13 17 467  P   P
PG02 -15162.310955  19324.230560  -8912.196379    158.836410 15 10 16 464  P   P
PG03   1733.566853  16508.681168 -20970.612034    317.998147 15 11 10 464  P   P
PG04   -571.586828  26442.612302   -751.340169     64.085263 13  5 14 464  P   P
PG05  11771.146503 -10204.776694  21339.281066   -236.085992 12 10 11 464  P   P
PG06  22459.878270  -2458.015174 -14023.881242   -548.599241 12 17 16 464  P   P
PG07   7373.075941  13900.936452  22020.644400   -216.392424 15 14  8 294  P   P
PG08  -6451.645158  22659.659106  11573.639115    371.357824 11 11 10 464  P   P
PG09   7880.520871  23530.389388   9244.427697    699.302432 13 12 15 464  P   P
PG10 -24022.400593 -11477.158987  -2323.217155   -549.782544  8 10 11 465  P   P
PG11  23805.297473 -11318.782026  -2792.352212   -239.313416 11 13 17 465  P   P
PG12    827.992754 -16757.874368 -20871.965748   -604.028066 14 10  6 464  P   P
PG13   1899.483808 -15733.610710 -21381.861416    430.244106 13 10 10 471  P   P
PG14  23231.872863  13222.586242    648.733740    750.188923 11 12 14 464  P   P
PG15   2649.910626 -23976.320783  10536.338990    437.274669 11 11 12 464  P   P
PG16 -17966.196021   4198.200960  18864.697704    317.572915 13 15 13 465  P   P
PG17  12809.742291  13439.583867 -18520.951844   -189.477333 10 14 10 464  P   P
PG18  -9112.053435 -12030.518973  21926.578824   -277.205665 15 12 10 670  P   P
PG19  15289.574196   1256.190980 -21717.911718    704.630292  9 16  6 464  P   P
PG20  11119.636535 -16839.233880  17335.883136    262.824241 13 15 12 465  P   P
PG21  21126.600449  -1043.665785  16088.937467    381.386983 11 12 11 464  P   P
PG22  23526.065871   9755.289080  -6617.212162     60.010067  6 13 14 464  P   P
PG23 -19423.126754 -16216.478968   8635.891009    680.121307 10  8 14 464  P   P
PG24  11865.972334 -20674.210636 -11903.265872    165.105938 14 11 10 475  P   P
PG25 -12170.185408 -18397.451637 -15360.038881    396.995284 13  6 11 464  P   P
PG26 -24504.493435  -1499.476097  10385.586517   -389.286788  8 10 10 464  P   P
PG27 -12905.602063  12577.973446  18998.629165      0.472458 10 12  7 464  P   P
PG28 -21308.312638    889.825573 -15842.123119   -440.204561 11 14 14 465  P   P
PG29  -4748.075023 -24764.845947   8032.550540   -260.674741 12 10 13 465  P   P
PG30  18888.658271   4033.741090  18543.726479    333.223709 14 15 14 465  P   P
PG31 -24339.801751   8172.338001  -7663.926467   -127.540444  9 14 16 465  P   P
PG32 -14490.471184  -7851.871603 -20585.929070    221.681782 10 13  7 465  P   P
*  2026  8 17 14 30  0.00000000
PG01 -10918.047249  19065.442909 -14870.421990    194.660063 17 13 18 468  P   P
PG02 -16060.573339  19683.427121  -6201.988242    158.842584 15 12 16 465  P   P
PG03   -415.830707  15454.634303 -21824.575444    317.979957 15 12  9 465  P   P
PG04   -814.545375  26195.298177  -3626.551354     64.085471 13  8 14 465  P   P
PG05  13968.824292  -9182.835357  20469.194716   -236.086457 12 10 12 465  P   P
PG06  21070.794550  -1425.808293 -16139.221944   -548.590807 13 17 16 465  P   P
PG07   5382.828875  15195.054662  21697.808020   -216.395703 15 13  8 295  P   P
PG08  -6917.891993  21200.554733  13853.423125    371.348736 11 11 10 465  P   P
PG09   7739.241218  24467.706634   6568.054322    699.295005 13 11 15 465  P   P
PG10 -24077.385765 -11653.645268    575.462962   -549.777071  8 10 11 465  P   P
PG11  23521.483627 -10847.843849  -5603.002308   -239.302710 11 14 17 465  P   P
PG12   2909.775015 -15623.781237 -21563.940249   -604.027640 14 11  6 465  P   P
PG13   4157.302686 -14773.554142 -21747.299481    430.248293 13 10 10 471  P   P
PG14  22907.894679  13375.740380   3434.912571    750.188687 12 12 14 465  P   P
PG15   3252.371800 -22660.248011  12893.794706    437.277219 11 11 12 465  P   P
PG16 -19726.119683   2987.673042  17344.625073    317.578703 13 15 13 465  P   P
PG17  12666.022587  15545.874569 -16908.808039   -189.482284 10 14 11 465  P   P
PG18  -7011.145829 -13370.417776  21896.897956   -277.197812 15 12  9 670  P   P
PG19  15220.089018   3721.298948 -21533.200494    704.630319  9 16  7 465  P   P
PG20  11444.355417 -14797.440693  18919.310458    262.833247 13 15 11 465  P   P
PG21  22578.064229   -103.913698  14020.997195    381.380636 10 12 11 465  P   P
PG22  23925.116956  10332.091984  -3835.984627     60.017527  8 13 14 465  P   P
PG23 -18357.664305 -15865.677420  11225.601437    680.124462 11  7 14 465  P   P
PG24  12942.975719 -21204.305019  -9452.386937    165.121744 14 11 10 476  P   P
PG25 -10467.012669 -17807.504217 -17222.196958    396.992056 14  6 11 465  P   P
PG26 -25410.002488  -2140.594366   7890.331038   -389.288664  8 11 10 465  P   P
PG27 -13248.958167  10272.858698  20132.826417      0.472187  9 12  6 465  P   P
PG28 -19838.345933   -350.187728 -17664.632180   -440.195062 12 14 14 465  P   P
PG29  -4485.830325 -25534.672445   5308.508142   -260.668378 12  9 13 465  P   P
PG30  17191.118766   5367.491151  19805.269310    333.234959 15 15 13 465  P   P
PG31 -23633.320272   7458.093493 -10241.933202   -127.538131  9 14 15 465  P   P
PG32 -14588.512644 -10194.370864 -19491.273630    221.699006 11 13  8 465  P   P
*  2026  8 17 14 45  0.00000000
PG01 -12349.255053  19763.119861 -12667.994626    194.651441 16 13 18 468  P   P
PG02 -16701.923178  19873.129910  -3379.928411    158.848761 14 13 17 466  P   P
PG03  -2692.201347  14497.194144 -22310.748851    317.961766 15 12  8 465  P   P
PG04  -1099.643159  25638.709650  -6438.616659     64.085679 13 10 14 466  P   P
PG05  16105.893138  -8324.705771  19241.593508   -236.086926 12 10 12 465  P   P
PG06  19559.535646   -184.611979 -17977.428255   -548.582374 14 17 15 466  P   P
PG07   3502.585643  16560.532945  21020.735008   -216.398989 15 13  9 296  P   P
PG08  -7496.632098  19523.101793  15886.366316    371.339648 11 12  9 465  P   P
PG09   7600.224358  25103.704965   3777.724035    699.287575 14 10 15 466  P   P
PG10 -23844.379940 -11695.513116   3464.480770   -549.771598  9 10 11 466  P   P
PG11  23005.493061 -10182.832076  -8316.572074   -239.292006 11 15 17 466  P   P
PG12   5098.668858 -14575.201572 -21894.213001   -604.027213 15 11  8 465  P   P
PG13   6480.700108 -13925.267509 -21740.942587    430.252478 13 10 10 472  P   P
PG14  22309.031113  13421.416691   6163.212638    750.188450 12 12 14 466  P   P
PG15   3998.170861 -21126.962099  15021.998943    437.279767 11 12 12 466  P   P
PG16 -21373.274538   1961.681419  15521.848851    317.584492 13 15 14 466  P   P
PG17  12614.066399  17453.843053 -14994.587299   -189.487237  9 13 12 466  P   P
PG18  -5002.717583 -14808.516978  21492.006329   -277.189959 15 12 10 670  P   P
PG19  15276.898218   6139.689303 -20980.883602    704.630345 10 16  9 466  P   P
PG20  11899.655385 -12616.937694  20178.850655    262.842249 13 15 11 466  P   P
PG21  23850.239956    658.172129  11712.229824    381.374290  9 12 12 466  P   P
PG22  24068.873274  10735.178736   -987.053565     60.024986 10 13 14 466  P   P
PG23 -17012.158671 -15473.502051  13625.858358    680.127617 12  7 14 466  P   P
PG24  13793.036943 -21587.698897  -6839.236672    165.137549 14 12 11 476  P   P
PG25  -8558.792651 -17235.951796 -18798.850406    396.988829 14  6 10 465  P   P
PG26 -26069.181929  -2651.768989   5261.254755   -389.290539  7 11 10 466  P   P
PG27 -13720.218078   7881.076456  20906.125094      0.471921  9 13  6 465  P   P
PG28 -18287.873660  -1784.190051 -19183.339634   -440.185563 12 14 13 466  P   P
PG29  -4246.078034 -26002.490319   2492.097445   -260.662017 12  8 13 466  P   P
PG30  15463.927713   6859.082294  20733.909726    333.246212 15 15 12 466  P   P
PG31 -22739.651179   6545.860584 -12648.650356   -127.535812 11 15 15 466  P   P
PG32 -14790.954171 -12382.045464 -18054.864693    221.716230 11 13  9 466  P   P
*  2026  8 17 15  0  0.00000000
PG01 -13533.820837  20375.833440 -10246.681117    194.642816 15 12 19 469  P   P
PG02 -17103.031948  19859.199682   -497.088773    158.854937 14 13 17 466  P   P
PG03  -5052.518138  13662.188876 -22420.830361    317.943573 15 12  8 466  P   P
PG04  -1462.791372  24788.062300  -9138.575907     64.085888 13 11 14 466  P   P
PG05  18132.919825  -7630.636374  17678.264109   -236.087398 12 11 13 466  P   P
PG06  17972.380688   1262.596387 -19506.499744   -548.573939 14 17 14 466  P   P
PG07   1761.866490  17963.255212  19998.878985   -216.402279 15 12 10 297  P   P
PG08  -8206.313886  17666.389521  17636.559938    371.330558 11 12  9 466  P   P
PG09   7425.454088  25432.754770    921.916658    699.280144 14  9 15 466  P   P
PG10 -23312.399774 -11641.422470   6295.366306   -549.766126  9 10 11 466  P   P
PG11  22290.686351  -9304.016159 -10885.983423   -239.281306 12 15 17 466  P   P
PG12   7354.506893 -13636.787700 -21857.412476   -604.026784 15 11 10 466  P   P
PG13   8824.144443 -13205.297256 -21362.973727    430.256662 13 11 10 473  P   P
PG14  21431.314954  13395.593323   8787.728076    750.188213 13 12 14 466  P   P
PG15   4902.898274 -19415.141191  16881.788466    437.282313 11 12 11 466  P   P
PG16 -22864.111678   1116.250465  13429.725234    317.590283 13 15 14 466  P   P
PG17  12626.429841  19127.694900 -12812.807530   -189.492190  9 13 12 466  P   P
PG18  -3123.067062 -16311.154595  20717.925582   -277.182106 15 12 10 670  P   P
PG19  15451.226500   8464.864720 -20071.959892    704.630372 10 16 10 466  P   P
PG20  12494.960199 -10343.554681  21093.022301    262.851249 13 16 10 466  P   P
PG21  24904.488893   1258.871892   9202.315100    381.367944  8 12 12 466  P   P
PG22  23936.068554  10994.790279   1879.260360     60.032444 11 12 14 466  P   P
PG23 -15400.668010 -15080.662080  15796.048839    680.130772 12  6 14 466  P   P
PG24  14425.165232 -21787.484345  -4107.830088    165.153355 13 13 11 477  P   P
PG25  -6473.680640 -16715.205157 -20064.164028    396.985601 14  6  9 466  P   P
PG26 -26460.065880  -3060.510121   2543.274457   -389.292414  7 11 10 466  P   P
PG27 -14321.619236   5452.536759  21305.505137      0.471660  9 13  6 466  P   P
PG28 -16701.657364  -3401.293256 -20372.074617   -440.176064 12 14 13 466  P   P
PG29  -3991.834956 -26161.674973   -367.673492   -260.655656 13  7 13 466  P   P
PG30  13748.038660   8490.910142  21313.669774    333.257468 15 15 10 466  P   P
PG31 -21697.335756   5425.124753 -14844.211152   -127.533494 12 15 15 466  P   P
PG32 -15072.876035 -14374.465476 -16302.824186    221.733454 12 13 10 466  P   P
*  2026  8 17 15 15  0.00000000
PG01 -14470.067524  20862.904022  -7648.225899    194.634191 14 12 19 469  P   P
PG02 -17288.262654  19613.264067   2394.687651    158.861113 13 14 17 467  P   P
PG03  -7449.745668  12967.914744 -22152.721535    317.925379 15 11  9 466  P   P
PG04  -1936.327345  23667.008118 -11679.455621     64.086098 13 12 14 467  P   P
PG05  20002.595307  -7092.360145  15806.871568   -236.087874 11 11 13 466  P   P
PG06  16355.688143   2904.024753 -20699.664153   -548.565504 15 17 13 467  P   P
PG07    183.980020  19364.723070  18647.204448   -216.405572 15 12 11 298  P   P
PG08  -9058.293789  15674.006436  19073.387177    371.321469 12 13  8 467  P   P
PG09   7177.245908  25458.280515  -1949.859001    699.272710 14  8 15 467  P   P
PG10 -22479.206160 -11532.018320   9020.878244   -549.760654 10 10 11 467  P   P
PG11  21415.177775  -8199.186619 -13266.640601   -239.270607 12 16 16 467  P   P
PG12   9633.485620 -12826.180537 -21454.161292   -604.026355 14 11 11 467  P   P
PG13  11140.181288 -12622.401071 -20619.881176    430.260845 13 11 10 473  P   P
PG14  20278.914783  13335.051806  11264.311330    750.187976 13 12 13 467  P   P
PG15   5974.515682 -17567.943736  18438.631031    437.284857 11 13 11 467  P   P
PG16 -24158.524568    439.361443  11105.913574    317.596075 12 15 15 467  P   P
PG17  12670.721091  20539.038600 -10402.817121   -189.497144  9 12 12 467  P   P
PG18  -1402.220026 -17839.338105  19587.052433   -277.174256 15 11 11 670  P   P
PG19  15726.852061  10653.476185 -18823.296679    704.630397 10 16 11 467  P   P
PG20  13231.732571  -8024.993462  21646.228326    262.860246 13 16  9 467  P   P
PG21  25707.559960   1721.273442   6534.372121    381.361599  7 12 12 467  P   P
PG22  23513.522598  11145.450128   4712.698473     60.039901 12 12 14 467  P   P
PG23 -13545.730368 -14725.394323  17699.325291    680.133926 13  5 13 467  P   P
PG24  14855.611932 -21770.733359  -1304.901531    165.169160 13 14 11 477  P   P
PG25  -4245.807749 -16272.761620 -20997.292436    396.982374 14  6  9 467  P   P
PG26 -26567.853462  -3398.077678   -217.545397   -389.294288  8 11 10 467  P   P
PG27 -15047.273551   3037.280975  21324.934440      0.471403  8 13  7 466  P   P
PG28 -15122.957812  -5182.449512 -21210.330546   -440.166568 13 14 12 467  P   P
PG29  -3686.041928 -26014.607043  -3221.051886   -260.649297 13  5 13 467  P   P
PG30  12081.456783  10238.310721  21534.276879    333.268724 15 15  9 467  P   P
PG31 -20547.390892   4093.079499 -16792.290035   -127.531177 12 15 15 467  P   P
PG32 -15403.515293 -16137.719077 -14266.697539    221.750679 12 13 11 467  P   P
*  2026  8 17 15 30  0.00000000
PG01 -15164.765349  21185.640106  -4917.491871    194.625565 13 12 19 470  P   P
PG02 -17288.439122  19113.957608   5243.837606    158.867294 13 15 16 467  P   P
PG03  -9834.421130  12424.495541 -21510.576636    317.907184 15 11 10 467  P   P
PG04  -2547.544665  22306.743897 -14017.113324     64.086308 14 13 14 467  P   P
PG05  21671.451407  -6693.594874  13660.430916   -236.088354 11 12 13 467  P   P
PG06  14754.165476   4719.307227 -21535.868670   -548.557067 15 17 12 467  P   P
PG07  -1214.720504  20723.349670  16986.095014   -216.408863 15 11 12 299  P   P
PG08 -10056.228535  13592.396844  20172.083201    371.312379 12 13  8 467  P   P
PG09   6819.906370  25192.536570  -4787.942837    699.265274 14  8 15 467  P   P
PG10 -21351.438416 -11408.248050  11595.718529   -549.755183 10 11 11 467  P   P
PG11  20420.304131  -6864.336957 -15417.224184   -239.259909 13 16 15 467  P   P
PG12  11889.621967 -12153.428072 -20691.066286   -604.025926 14 12 12 467  P   P
PG13  13381.066782 -12177.295243 -19524.348314    430.265027 13 11 11 474  P   P
PG14  18864.096597  13275.846215  13551.265487    750.187738 14 12 13 467  P   P
PG15   7212.767491 -15631.386784  19663.402162    437.287399 12 13 10 467  P   P
PG16 -25221.289588    -88.295411   8591.619806    317.601869 11 14 15 467  P   P
PG17  12711.071613  21667.842442  -7807.988309   -189.502099  9 12 13 467  P   P
PG18    137.080094 -19350.142989  18118.009541   -277.166407 15 10 12 670  P   P
PG19  16080.823181  12666.739517 -17257.260603    704.630422 10 16 12 467  P   P
PG20  14103.315552  -5709.169326  21829.014636    262.869243 12 16  8 467  P   P
PG21  26232.838807   2074.182646   3754.222297    381.355253  7 13 12 467  P   P
PG22  22796.682394  11224.372386   7463.991835     60.047357 13 12 14 467  P   P
PG23 -11477.691091 -14441.918511  19303.205570    680.137080 13  5 13 467  P   P
PG24  15107.152239 -21509.958690   1520.869108    165.184966 13 15 11 478  P   P
PG25  -1914.211000 -15930.168109 -21582.677707    396.979146 15  6  9 467  P   P
PG26 -26385.418611  -3698.087552  -2974.735541   -389.296162  8 12 10 467  P   P
PG27 -15883.374797    683.656377  20965.408344      0.471150  7 13  8 467  P   P
PG28 -13591.940822  -7100.997087 -21683.620658   -440.157071 13 14 11 467  P   P
PG29  -3293.221141 -25572.537069  -6018.434785   -260.642938 13  5 13 467  P   P
PG30  10497.918092  12070.307080  21391.358888    333.279981 15 15  9 467  P   P
PG31 -19331.779904   2554.899242 -18460.631851   -127.528860 12 15 15 467  P   P
PG32 -15747.598860 -17645.513494 -11982.814833    221.767906 12 13 12 467  P   P
*  2026  8 17 15 45  0.00000000
PG01 -15632.689726  21308.931765  -2101.678215    194.616939 13 12 19 470  P   P
PG02 -17139.371181  18347.860562   8000.089510    158.873477 12 15 16 468  P   P
PG03 -12156.333524  12033.554364 -20504.761467    317.888987 15 11 11 467  P   P
PG04  -3317.428086  20744.834560 -16111.026223     64.086518 14 13 13 468  P   P
PG05  23101.427986  -6410.867329  11276.683474   -236.088840 10 12 13 468  P   P
PG06  13209.207149   6680.082940 -22000.177095   -548.548630 15 17  9 468  P   P
PG07  -2425.343895  21995.899977  15041.188550   -216.412155 15 10 13 300  P   P
PG08 -11195.798998  11469.121438  20914.160945    371.303288 12 13  7 468  P   P
PG09   6321.311289  24656.051495  -7543.395125    699.257837 15  9 15 468  P   P
PG10 -19944.436002 -11309.688718  13977.205790   -549.749712 10 11 10 468  P   P
PG11  19348.978759  -5304.026055 -17300.426432   -239.249211 13 17 15 468  P   P
PG12  14076.295586 -11620.691339 -19580.626892   -604.025498 14 12 13 468  P   P
PG13  15500.417757 -11862.719645 -18095.043093    430.269206 13 11 12 474  P   P
PG14  17206.897244  13251.808321  15610.000438    750.187500 14 12 13 468  P   P
PG15   8608.942786 -13652.592620  20533.056885    437.289937 12 13  9 468  P   P
PG16 -26023.303588   -492.299426   5930.810858    317.607665 11 14 15 468  P   P
PG17  12709.751445  22503.046314  -5074.834979   -189.507053 10 11 13 468  P   P
PG18   1480.102272 -20798.288556  16335.384080   -277.158561 15  9 13 670  P   P
PG19  16484.426435  14471.668175 -15401.277957    704.630446 10 15 13 468  P   P
PG20  15095.095061  -3442.551496  21638.227896    262.878239 12 16  7 468  P   P
PG21  26461.354385   2350.812391    909.606680    381.348909  7 13 12 468  P   P
PG22  21789.823378  11269.790350  10085.741120     60.054812 13 12 14 468  P   P
PG23  -9233.744605 -14259.048019  20580.112710    680.140234 13  4 12 468  P   P
PG24  15208.093295 -20984.404366   4319.713923    165.200771 12 15 11 478  P   P
PG25    478.408253 -15702.206832 -21810.283524    396.975918 15  6  9 468  P   P
PG26 -25913.546210  -3995.048118  -5682.150645   -389.298037  9 12 10 468  P   P
PG27 -16808.746601  -1563.414062  20234.833727      0.470901  6 14  9 467  P   P
PG28 -12144.213987  -9123.505801 -21783.730872   -440.147577 13 15 11 468  P   P
PG29  -2781.070652 -24855.112508  -8711.258192   -260.636581 13  7 13 468  P   P
PG30   9025.729562  13950.600781  20886.556434    333.291239 15 15 11 468  P   P
PG31 -18091.867291    823.724476 -19821.523291   -127.526541 13 15 14 468  P   P
PG32 -16066.851839 -18879.969102  -9491.577864    221.785134 13 12 12 468  P   P
*  2026  8 17 16  0  0.00000000
PG01 -15895.871190  21202.718122    750.506462    194.608311 12 13 19 471  P   P
PG02 -16880.207672  17310.102742  10615.410313    158.879662 12 16 16 468  P   P
PG03 -14366.241938  11788.210896 -19151.720622    317.870790 14 11 12 468  P   P
PG04  -4259.644520  19023.799381 -17925.008662     64.086728 14 14 13 468  P   P
PG05  24261.229291  -6214.624858   8697.392399   -236.089330  9 12 14 468  P   P
PG06  11757.365946   8750.893885 -22084.063836   -548.540192 15 16  6 468  P   P
PG07  -3446.705831  23139.034376  12843.130977   -216.415443 15  9 13 301  P   P
PG08 -12464.774046   9351.097368  21287.695846    371.294198 12 13  8 468  P   P
PG09   5654.340540  23876.765349 -10168.845937    699.250399 15 10 15 468  P   P
PG10 -18281.757435 -11272.942322  16125.902664   -549.744241 10 11 10 468  P   P
PG11  18243.996373  -3531.405521 -18883.613677   -239.238511 13 17 14 468  P   P
PG12  16147.823837 -11222.248563 -18141.062000   -604.025071 14 12 13 468  P   P
PG13  17454.817411 -11663.817634 -16356.310138    430.273384 13 12 12 475  P   P
PG14  15334.520838  13293.142482  17405.645554    750.187262 14 12 12 468  P   P
PG15  10146.006304 -11677.980620  21031.171500    437.292472 12 13  9 468  P   P
PG16 -26542.578013   -803.257270   3169.417710    317.613463 10 14 15 468  P   P
PG17  12628.855980  23042.807194  -2252.080241   -189.512005 10 10 13 468  P   P
PG18   2620.546556 -22137.832155  14269.354269   -277.150717 15  9 14 670  P   P
PG19  16904.366230  16042.083042 -13287.334963    704.630471 10 15 13 468  P   P
PG20  16184.977759  -1268.564471  21077.070160    262.887235 11 16  7 468  P   P
PG21  26382.504446   2587.301402  -1950.629234    381.342565  8 13 12 468  P   P
PG22  20505.910282  11319.276302  12533.231769     60.062267 14 12 13 468  P   P
PG23  -6856.722959 -14199.007659  21507.846434    680.143388 13  4 11 468  P   P
PG24  15191.040268 -20181.103852   7041.703925    165.216573 12 16 11 479  P   P
PG25   2887.057188 -15596.331109 -21675.763951    396.972691 15  7 10 468  P   P
PG26 -25160.890770  -4322.880352  -8294.676175   -389.299911  9 12 10 468  P   P
PG27 -17795.701043  -3663.994618  19147.767688      0.470655  6 14 10 468  P   P
PG28 -10809.550449 -11210.890628 -21508.865489   -440.138082 13 15 11 468  P   P
PG29  -2121.931304 -23889.587110 -11252.862833   -260.630224 13  8 13 468  P   P
PG30   7686.813027  15838.775754  20027.548500    333.302497 15 15 12 468  P   P
PG31 -16866.910099  -1079.639635 -20852.203735   -127.524222 13 16 14 468  P   P
PG32 -16321.617161 -19832.081590  -6836.691283    221.802364 13 12 13 468  P   P
*  2026  8 17 16 15  0.00000000
PG01 -15982.567212  20843.270281   3589.700316    194.599690 13 14 19 471  P   P
PG02 -16551.693925  16004.615553  13044.866094    158.885847 11 16 16 469  P   P
PG03 -16417.571864  11673.406478 -17473.752483    317.852591 14 11 13 468  P   P
PG04  -5379.830524  17189.518546 -19427.844645     64.086937 14 14 12 469  P   P
PG05  25127.417667  -6070.586655   5967.573385   -236.089824  8 13 14 468  P   P
PG06  10429.018147  10890.369848 -21785.597221   -548.531753 15 16  6 469  P   P
PG07  -4285.293603  24110.906209  10427.240784   -216.418728 15  7 14 302  P   P
PG08 -13843.407150   7282.892334  21287.467709    371.285106 12 14  9 469  P   P
PG09   4798.113657  22888.896406 -12619.307148    699.242959 15 11 15 469  P   P
PG10 -16394.415415 -11330.153835  18006.192944   -549.738769 11 11 10 469  P   P
PG11  17146.356284  -1567.910026 -20139.402951   -239.227811 13 17 12 469  P   P
PG12  18061.014965 -10944.798436 -16396.055591   -604.024644 14 12 14 469  P   P
PG13  19205.316787 -11558.816442 -14337.769788    430.277560 12 12 12 475  P   P
PG14  13280.478594  13425.161014  18907.611683    750.187025 14 12 11 469  P   P
PG15  11799.098896  -9751.486174  21148.334447    437.295004 12 13  8 469  P   P
PG16 -26764.960400  -1055.394328    354.542402    317.619263  9 14 15 469  P   P
PG17  12431.989990  23294.374564    610.300410   -189.516956 11 10 13 469  P   P
PG18   3560.631198 -23323.916691  11955.206544   -277.142873 15  8 14 670  P   P
PG19  17304.109650  17359.368681 -10951.427774    704.630494 10 14 14 469  P   P
PG20  17344.166666    773.890144  20155.049409    262.896230 10 16  8 469  P   P
PG21  25994.472123   2821.120570  -4777.369528    381.336222  9 13 12 469  P   P
PG22  18966.131140  11408.120596  14765.171149     60.069720 15 11 13 469  P   P
PG23  -4393.672691 -14276.503518  22069.978768    680.146541 13  4 10 469  P   P
PG24  15091.465107 -19095.650384   9637.725925    165.232373 12 16 11 479  P   P
PG25   5265.911156 -15612.371601 -21180.564413    396.969464 15  7 11 469  P   P
PG26 -24143.663036  -4713.473956 -10768.906865   -389.301786 10 13  9 469  P   P
PG27 -18811.164571  -5584.470616  17725.025046      0.470411  6 14 11 468  P   P
PG28  -9610.848715 -13319.751518 -20863.682981   -440.128587 14 15 12 469  P   P
PG29  -1294.066901 -22709.745624 -13599.319474   -260.623869 14  9 12 469  P   P
PG30   6495.989392  17691.674171  18827.987413    333.313755 15 15 13 469  P   P
PG31 -15692.637140  -3127.301124 -21535.212621   -127.521904 13 16 13 469  P   P
PG32 -16472.520072 -20501.841345  -4064.355840    221.819595 13 12 13 469  P   P
*  2026  8 17 16 30  0.00000000
PG01 -15925.996741  20214.238106   6366.757719    194.591070 13 15 19 472  P   P
PG02 -16194.411060  14444.032291  15247.380518    158.892031 11 17 15 469  P   P
PG03 -18268.028373  11666.547808 -15498.692034    317.834392 14 11 13 469  P   P
PG04  -6675.204242  15289.524373 -20593.823986     64.087144 14 15 11 469  P   P
PG05  25685.204240  -5941.277869   3134.677198   -236.090325  7 13 14 469  P   P
PG06   9247.276044  13052.656781 -21109.506502   -548.523316 16 16  9 469  P   P
PG07  -4954.941054  24872.758379   7833.077210   -216.422012 15  5 14 303  P   P
PG08 -15305.143806   5305.142696  20914.962461    371.276013 12 14 10 469  P   P
PG09   3738.979008  21731.583775 -14852.933281    699.235517 16 12 14 469  P   P
PG10 -14319.855751 -11507.702083  19586.804949   -549.733297 11 11  9 469  P   P
PG11  16093.670711    557.377712 -21046.142011   -239.217112 14 18 11 469  P   P
PG12  19776.645091 -10768.053649 -14374.421750   -604.024220 13 12 15 469  P   P
PG13  20718.775882 -11519.982469 -12073.829640    430.281733 12 12 13 476  P   P
PG14  11083.501248  13667.206303  20090.095410    750.186786 15 12 10 469  P   P
PG15  13536.388978  -7912.888811  20882.370803    437.297532 11 14  9 469  P   P
PG16 -26684.565332  -1285.037214  -2466.318278    317.625065  9 14 15 469  P   P
PG17  12085.876914  23273.608889   3462.035416   -189.521906 11  9 13 469  P   P
PG18   4310.841134 -24314.502554   9432.748825   -277.135029 15  9 15 670  P   P
PG19  17645.346557  18412.954754  -8432.971063    704.630517 11 14 14 469  P   P
PG20  18538.205824   2651.736156  18887.826440    262.905227 10 16  8 469  P   P
PG21  25304.317511   3089.428779  -7522.066693    381.329880 10 13 11 469  P   P
PG22  17199.130614  11567.832940  16744.338043     60.077173 15 11 12 469  P   P
PG23  -1894.269493 -14498.081554  22256.166317    680.149694 13  5  9 469  P   P
PG24  14946.134708 -17732.634295  12060.485155    165.248169 11 16 11 480  P   P
PG25   7569.812503 -15742.525286 -20331.951808    396.966235 14  7 12 469  P   P
PG26 -22885.058470  -5195.329466 -13063.791337   -389.303664 10 13  9 469  P   P
PG27 -19818.017508  -7298.603917  15993.172022      0.470169  6 13 11 469  P   P
PG28  -8563.368434 -15403.888710 -19859.220941   -440.119092 14 15 12 469  P   P
PG29   -282.706494 -21354.588176 -15710.198006   -260.617515 14 10 12 469  P   P
PG30   5460.532130  19464.896956  17307.340084    333.325013 15 14 14 469  P   P
PG31 -14599.964495  -5285.116914 -21858.670276   -127.519587 13 16 13 469  P   P
PG32 -16482.111284 -20898.013032  -1222.440990    221.836829 13 11 13 469  P   P
*  2026  8 17 16 45  0.00000000
PG01 -15762.888099  19307.418836   9033.615494    194.582454 13 17 19 472  P   P
PG02 -15847.071092  12649.252133  17186.380743    158.898214 10 17 15 470  P   P
PG03 -19881.066766  11738.448741 -13259.502528    317.816193 13 12 14 469  P   P
PG04  -8134.516233  13371.245598 -21403.173102     64.087352 14 15 10 470  P   P
PG05  25928.908967  -5787.683296    247.741017   -236.090829  6 14 14 469  P   P
PG06   8227.192032  15189.034679 -20067.129039   -548.514878 16 16 11 470  P   P
PG07  -5476.213795  25390.459840   5103.906982   -216.425295 15  6 14 304  P   P
PG08 -16817.604801   3453.157897  20178.240637    371.266921 12 14 11 470  P   P
PG09   2471.219580  20447.360386 -16831.719061    699.228074 16 13 14 470  P   P
PG10 -12100.715311 -11825.107736  20841.277706   -549.727823 11 11  9 470  P   P
PG11  15118.721250   2808.662519 -21588.283999   -239.206412 14 18 10 470  P   P
PG12  21260.806289 -10665.605920 -12109.690142   -604.023797 13 13 15 469  P   P
PG13  21968.993996 -11514.815497  -9603.115450    430.285905 12 12 13 476  P   P
PG14   8786.261071  14031.799941  20932.518512    750.186548 15 12  9 470  P   P
PG15  15320.238130  -6196.327100  20238.391425    437.300057 11 14 10 470  P   P
PG16 -26303.907994  -1529.045860  -5246.022244    317.630869 10 14 15 470  P   P
PG17  11561.827050  23004.171701   6253.489873   -189.526853 12  9 13 470  P   P
PG18   4889.344440 -25072.014097   6745.628216   -277.127183 15 10 15 670  P   P
PG19  17889.512526  19200.510582  -5774.173206    704.630540 11 13 14 470  P   P
PG20  19728.255126   4338.800917  17296.959986    262.914224  9 15  9 470  P   P
PG21  24327.740577   3427.442199 -10137.571140    381.323539 11 14 11 470  P   P
PG22  15239.979432  11824.821210  18438.138184     60.084625 15 11 11 470  P   P
PG23    590.873298 -14861.801930  22062.372159    680.152845 13  6  9 470  P   P
PG24  14791.465133 -16105.715927  14265.505423    165.263962 11 16 10 480  P   P
PG25   9755.758865 -15971.631128 -19142.970123    396.963008 14  7 13 470  P   P
PG26 -21414.449416  -5792.332621 -15141.238173   -389.305541 11 13  9 470  P   P
PG27 -20776.586231  -8788.275202  13983.925492      0.469931  6 13 12 469  P   P
PG28  -7674.271407 -17415.935897 -18512.711109   -440.109596 14 15 13 470  P   P
PG29    919.192181 -19866.827982 -17549.266176   -260.611161 14 11 11 470  P   P
PG30   4580.010056  21114.375958  15490.633204    333.336272 15 14 15 470  P   P
PG31 -13613.891736  -7513.759662 -21816.488806   -127.517270 13 16 13 470  P   P
PG32 -16316.425659 -21037.591427   1640.347105    221.854064 13 11 13 470  P   P
*  2026  8 17 17  0  0.00000000
PG01 -15531.898260  18123.216505  11544.139459    194.573839 13 18 19 473  P   P
PG02 -15544.935121  10648.696647  18830.325615    158.904397 10 17 14 470  P   P
PG03 -21227.165176  11854.538545 -10793.778256    317.797994 13 12 14 470  P   P
PG04  -9738.339762  11480.274257 -21842.374028     64.087559 14 15 10 470  P   P
PG05  25862.076085  -5570.953771  -2643.474627   -236.091337  5 14 14 470  P   P
PG06   7375.287195  17249.662731 -18676.236521   -548.506440 16 16 13 470  P   P
PG07  -5875.515860  25635.920304   2286.067326   -216.428581 15  9 15 305  P   P
PG08 -18343.799685   1755.763290  19091.682764    371.257827 11 14 11 470  P   P
PG09    997.449857  19080.516546 -18522.123297    699.220630 16 13 13 470  P   P
PG10  -9783.400868 -12294.195735  21748.366519   -549.722349 11 11  9 470  P   P
PG11  14248.220313   5144.636119 -21756.650289   -239.195714 14 18 12 470  P   P
PG12  22486.076392 -10606.034183  -9639.613792   -604.023377 12 13 15 470  P   P
PG13  22937.586386 -11507.436770  -6967.829570    430.290076 11 12 13 477  P   P
PG14   6433.947438  14524.051861  21419.895617    750.186309 15 12  8 470  P   P
PG15  17108.627612  -4629.068707  19228.664971    437.302581 11 14 10 470  P   P
PG16 -25633.743769  -1823.252412  -7938.496934    317.636675 11 14 14 470  P   P
PG17  10837.006887  22516.429085   8936.554319   -189.531798 13  9 13 470  P   P
PG18   5321.097402 -25564.832821   3940.564441   -277.119334 15 10 15 670  P   P
PG19  17999.321361  19727.850149  -3019.385124    704.630564 11 13 14 470  P   P
PG20  20872.547655   5816.628555  15409.553377    262.923223  9 15 10 470  P   P
PG21  23088.524262   3866.880486 -12578.937403    381.317199 11 14 10 470  P   P
PG22  13128.925199  12199.293919  19819.062696     60.092077 16 11 11 470  P   P
PG23   3011.941504 -15357.245184  21490.990810    680.155996 13  7  8 470  P   P
PG24  14661.875388 -14237.319443  16212.095851    165.279756 11 17 10 481  P   P
PG25  11784.330385 -16277.727467 -17632.317585    396.959779 14  7 13 470  P   P
PG26 -19766.369804  -6522.702498 -16966.679257   -389.307419 11 13  8 470  P   P
PG27 -21646.223294 -10043.893097  11733.478034      0.469694  7 13 12 470  P   P
PG28  -6942.485361 -19309.048907 -16847.287224   -440.100101 14 14 14 470  P   P
PG29   2310.487417 -18291.263015 -19085.105825   -260.604808 14 12 11 470  P   P
PG30   3846.429404  22597.960624  13408.101372    333.347530 15 13 15 470  P   P
PG31 -12752.618023  -9769.981518 -21408.509302   -127.514952 13 16 13 470  P   P
PG32 -15946.398530 -20944.961230   4475.287682    221.871301 14 11 13 470  P   P
*  2026  8 17 17 15  0.00000000
PG01 -15271.966703  16670.773527  13854.935272    194.565223 13 18 18 473  P   P
PG02 -15318.412805   8477.298443  20153.115526    158.910578  9 18 13 470  P   P
PG03 -22284.849501  11976.294559  -8143.162187    317.779797 12 12 14 470  P   P
PG04 -11459.687422   9658.722924 -21904.367850     64.087766 14 15 10 470  P   P
PG05  25497.244775  -5254.097525  -5489.347199   -236.091850  5 14 13 470  P   P
PG06   6689.424510  19185.383691 -16960.741573   -548.498003 16 16 14 471  P   P
PG07  -6183.941181  25588.321255   -571.773159   -216.431885 15 11 15 306  P   P
PG08 -19843.516722    234.421460  17675.624383    371.248733 11 14 12 470  P   P
PG09   -671.309573  17675.417468 -19895.610506    699.213185 16 14 12 471  P   P
PG10  -7416.536230 -12918.541695  22292.384189   -549.716874 11 10  9 471  P   P
PG11  13501.825807   7519.893032 -21548.577451   -239.185015 14 18 14 471  P   P
PG12  23432.466157 -10554.218544  -7005.602048   -604.022958 12 13 15 470  P   P
PG13  23614.573562 -11460.118239  -4213.046332    430.294246 10 13 14 477  P   P
PG14   4072.745533  15141.353910  21543.123113    750.186071 15 12  7 471  P   P
PG15  18856.779342  -3230.590666  17872.318299    437.305101 11 14 11 470  P   P
PG16 -24692.626705  -2200.961346 -10499.413861    317.642483 11 14 14 471  P   P
PG17   9895.462504  21846.120783  11465.472555   -189.536740 13 10 12 471  P   P
PG18   5636.672321 -25768.574532   1066.513093   -277.111485 15 11 15 670  P   P
PG19  17940.254623  20008.553825   -214.429177    704.630587 12 12 14 471  P   P
PG20  21927.974777   7074.997545  13257.807520    262.932222  8 15 11 471  P   P
PG21  21617.678881   4434.550451 -14804.193435    381.310859 12 14 10 471  P   P
PG22  10909.975912  12704.422088  20865.048868     60.099528 16 11 10 471  P   P
PG23   5321.638454 -15965.854445  20550.870601    680.159146 12  7  9 471  P   P
PG24  14588.217377 -12157.951631  17864.252107    165.295551 10 17  9 481  P   P
PG25  13621.005728 -16632.876959 -15824.141293    396.956550 14  7 14 470  P   P
PG26 -17979.327406  -7398.149102 -18509.586436   -389.309296 11 13  8 470  P   P
PG27 -22386.910056 -11064.464951   9281.768862      0.469457  8 13 13 470  P   P
PG28  -6358.895490 -21038.585189 -14891.590345   -440.090608 14 14 14 471  P   P
PG29   3881.723022 -16673.086518 -20291.636694   -260.598457 14 12 10 471  P   P
PG30   3244.674332  23876.959769  11094.738717    333.358790 15 12 16 471  P   P
PG31 -12026.910872 -12008.033824 -20640.561248   -127.512632 13 16 13 471  P   P
PG32 -15349.088962 -20650.798584   7234.444895    221.888540 14 11 13 471  P   P
*  2026  8 17 17 30  0.00000000
PG01 -15020.669542  14967.768995  15926.108402    194.556607 13 19 18 474  P   P
PG02 -15191.890442   6175.269693  21134.387157    158.916757  9 18 12 471  P   P
PG03 -23041.428959  12062.847795  -5352.683978    317.761601 11 12 14 471  P   P
PG04 -13264.928142   7943.735531 -21588.641203     64.087973 14 15 12 471  P   P
PG05  24855.388164  -4803.590685  -8241.236681   -236.092367  6 15 13 471  P   P
PG06   6159.032851  20949.516280 -14950.288796   -548.489565 16 15 14 471  P   P
PG07  -6435.905885  25235.104044  -3419.449443   -216.435183 15 13 15 307  P   P
PG08 -21274.830402  -1097.340914  15955.895078    371.239640 11 14 13 471  P   P
PG09  -2515.880742  16274.838959 -20929.103506    699.205739 16 14 10 471  P   P
PG10  -5049.329426 -13693.223194  22463.473824   -549.711398 11 10  9 471  P   P
PG11  12891.446872   9886.507359 -20967.946658   -239.174316 14 18 15 471  P   P
PG12  24088.106095 -10472.814339  -4252.082944   -604.022542 11 13 16 471  P   P
PG13  23998.660107 -11334.894650  -1385.955048    430.298415 10 13 14 477  P   P
PG14   1748.272016  15873.372768  21299.182599    750.185832 15 12  9 471  P   P
PG15  20518.895676  -2012.008512  16194.877626    437.307620 10 14 12 471  P   P
PG16 -23506.208024  -2691.560982 -12886.819059    317.648292 12 14 14 471  P   P
PG17   8728.862134  21032.854536  13797.595087   -189.541679 14 10 12 471  P   P
PG18   5870.854601 -25667.095858  -1826.224646   -277.103635 15 12 15 670  P   P
PG19  17681.957515  20063.321751   2594.086127    704.630612 12 11 14 471  P   P
PG20  22851.739064   8112.122825  10878.486458    262.941222  8 15 11 471  P   P
PG21  19952.320304   5151.122492 -16775.060012    381.304520 12 14  9 471  P   P
PG22   8629.371355  13345.785405  21559.744815     60.106979 16 12 10 471  P   P
PG23   7476.820403 -16661.605458  19257.228830    680.162296 12  8  9 471  P   P
PG24  14596.357211  -9905.169386  19191.460797    165.311350  9 17  9 482  P   P
PG25  15237.318683 -17004.235519 -13747.745536    396.953321 14  7 14 471  P   P
PG26 -16094.483782  -8423.269544 -19743.937538   -389.311175 12 13  7 471  P   P
PG27 -22960.818648 -11857.337876   6671.719724      0.469220  9 13 13 471  P   P
PG28  -5906.856055 -22563.709579 -12679.278048   -440.081117 15 14 15 471  P   P
PG29   5615.326072 -15056.202814 -21148.540119   -260.592106 14 13 10 471  P   P
PG30   2753.233595  24917.578851   8589.756590    333.370048 15 11 16 471  P   P
PG31 -11439.752807 -14181.195904 -19524.439808   -127.510311 14 16 14 471  P   P
PG32 -14508.667854 -20190.760148   9871.433872    221.905780 14 10 13 471  P   P
*  2026  8 17 17 45  0.00000000
PG01 -14812.639463  13039.891584  17721.959196    194.547989 13 19 17 474  P   P
PG02 -15182.823398   3786.703638  21759.699196    158.922936  9 18 10 471  P   P
PG03 -23493.410329  12072.702246  -2470.025884    317.743408 10 12 14 471  P   P
PG04 -15114.967032   6366.208100 -20901.196870     64.088181 14 16 13 471  P   P
PG05  23965.046251  -4190.845470 -10852.299382   -236.092887  8 15 13 471  P   P
PG06   5765.673674  22499.564252 -12679.736899   -548.481125 16 15 15 471  P   P
PG07  -6667.609984  24572.661962  -6206.219074   -216.438453 15 14 15 308  P   P
PG08 -22595.665194  -2234.186891  13963.276851    371.230545 10 14 13 471  P   P
PG09  -4509.489239  14918.383850 -21605.341904    699.198294 16 14  8 471  P   P
PG10  -2729.914804 -14604.887556  22257.808678   -549.705922 12 10  9 471  P   P
PG11  12420.866612  12195.708711 -20025.096212   -239.163615 14 18 16 472  P   P
PG12  24449.643532 -10323.833602  -1425.800821   -604.022128 10 14 16 471  P   P
PG13  24097.191419 -11095.196490   1464.937591    430.302584  9 13 14 478  P   P
PG14   -495.975929  16702.346707  20691.252500    750.185593 14 11 10 471  P   P
PG15  22049.937663   -975.874646  14227.668783    437.310137 10 14 12 471  P   P
PG16 -22106.303000  -3319.291241 -15061.716894    317.654104 13 14 13 471  P   P
PG17   7336.935808  20118.489563  15894.048436   -189.546615 14 10 11 471  P   P
PG18   6061.066178 -25253.186324  -4686.927078   -277.095787 15 12 15 670  P   P
PG19  17199.493779  19919.081890   5359.460173    704.630638 13 11 14 471  P   P
PG20  23603.012119   8934.534460   8312.303285    262.950223  9 15 12 472  P   P
PG21  18134.324605   6030.147743 -18457.608052    381.298182 13 14  9 471  P   P
PG22   6333.999217  14121.116490  21892.681095     60.114429 16 12 10 471  P   P
PG23   9439.986099 -17411.983552  17631.456560    680.165447 12  8 10 471  P   P
PG24  14705.977098  -7522.238661  20169.378395    165.327153  8 17  8 482  P   P
PG25  16611.810624 -17355.332396 -11437.210815    396.950092 13  8 15 471  P   P
PG26 -14154.246195  -9595.204567 -20648.627588   -389.313053 12 13  7 471  P   P
PG27 -23333.774734 -12437.631038   3948.453192      0.468982 10 12 13 471  P   P
PG28  -5563.001844 -23848.864440 -10248.445692   -440.071628 15 14 15 471  P   P
PG29   7486.123478 -13481.613694 -21641.577230   -260.585756 14 13  9 472  P   P
PG30   2345.189608  25692.195242   5935.952227    333.381307 15  9 17 472  P   P
PG31 -10986.282613 -16243.361277 -18077.796695   -127.507987 14 15 14 471  P   P
PG32 -13417.138452 -19604.011643  12342.144206    221.923021 14 10 13 472  P   P
EOF
