size_mib,pattern,compression,path,warps,requested_compression,effective_compression,allocation_bytes,table_bytes,groups,entries,bytes_per_code,threads,samples,base_addresses,repetitions,hot_glookups_s,hot_glookups_s_min,hot_glookups_s_max,hot_glookups_s_relative_range,cold_glookups_s,cold_glookups_s_min,cold_glookups_s_max,cold_glookups_s_relative_range,hot_net_cycles_per_lookup,cold_net_cycles_per_lookup,validation
36,blockmix6_0_21_42_63_g1,generic_compressible,global_cg,1104,1,1,37748736,37748736,3145728,50331648,0.75,35328,10,"[8707375104, 13002342400]",4,38.091502500000004,38.019035,38.26612,0.006486617323640579,34.803314,33.956986,35.787648,0.05260022077207925,2520.6635745000003,2748.332031,True
36,blockmix6_0_21_42_63_g1,non_compressible,global_cg,1104,0,0,37748736,37748736,3145728,50331648,0.75,35328,10,"[8669626368, 12964593664]",4,38.3309955,38.282967,38.530879,0.006467664008361053,31.358362,29.782813,32.979258,0.10193277952464484,2496.257812,3050.1386715,True
36,blockmix6_0_21_42_63_g1024,generic_compressible,global_cg,1104,1,1,37748736,37748736,3145728,50331648,0.75,35328,10,"[8707375104, 13002342400]",4,38.494798,38.48497,38.595337,0.0028670627132529347,37.4144935,37.101937,37.76881,0.017823921630798035,2496.2348635,2566.1782224999997,True
36,blockmix6_0_21_42_63_g1024,non_compressible,global_cg,1104,0,0,37748736,37748736,3145728,50331648,0.75,35328,10,"[8669626368, 12964593664]",4,38.332944499999996,38.328395,38.481041,0.003982109957663106,31.358363,29.836263,32.970602,0.09995225197182649,2495.791504,3075.2485355,True
36,blockmix6_0_21_42_63_g128,generic_compressible,global_cg,1104,1,1,37748736,37748736,3145728,50331648,0.75,35328,10,"[8707375104, 13002342400]",4,38.495455,38.486281,38.65208,0.004306975979372105,37.6368795,37.39773,37.938653,0.014372153249314928,2497.155273,2547.087891,True
36,blockmix6_0_21_42_63_g128,non_compressible,global_cg,1104,0,0,37748736,37748736,3145728,50331648,0.75,35328,10,"[8669626368, 12964593664]",4,38.351802,38.321898,38.475802,0.004012953550396518,31.349984499999998,29.83705,32.949461,0.09927950682080874,2495.8793944999998,3035.713867,True
36,blockmix6_0_21_42_63_g16,generic_compressible,global_cg,1104,1,1,37748736,37748736,3145728,50331648,0.75,35328,10,"[8707375104, 13002342400]",4,38.452953,38.345295,38.634906,0.007531567211496103,36.964718500000004,36.491155,37.457208,0.026134461161932077,2493.7700194999998,2590.6953125,True
36,blockmix6_0_21_42_63_g16,non_compressible,global_cg,1104,0,0,37748736,37748736,3145728,50331648,0.75,35328,10,"[8669626368, 12964593664]",4,38.340097,38.182113,38.419575,0.006193568054874789,31.347790500000002,29.678822,32.966755,0.10488563779319626,2492.3447265,3062.1845705,True
36,blockmix6_0_21_42_63_g2,generic_compressible,global_cg,1104,1,1,37748736,37748736,3145728,50331648,0.75,35328,10,"[8707375104, 13002342400]",4,37.086749499999996,37.035086,37.206951,0.0046341348949979246,35.032411999999994,34.5,35.635355,0.032408701975758826,2591.369629,2742.3481444999998,True
36,blockmix6_0_21_42_63_g2,non_compressible,global_cg,1104,0,0,37748736,37748736,3145728,50331648,0.75,35328,10,"[8669626368, 12964593664]",4,38.407929499999995,38.337493,38.481041,0.00373745739144818,31.354958500000002,29.829177,32.976374,0.10037318339936563,2495.9233400000003,3078.8183595,True
36,blockmix6_0_21_42_63_g256,generic_compressible,global_cg,1104,1,1,37748736,37748736,3145728,50331648,0.75,35328,10,"[8707375104, 13002342400]",4,38.4987315,38.487591,38.574265,0.0022513469047673695,37.630483,37.270736,37.929743,0.017512584146209407,2496.6435545,2552.4985349999997,True
36,blockmix6_0_21_42_63_g256,non_compressible,global_cg,1104,0,0,37748736,37748736,3145728,50331648,0.75,35328,10,"[8669626368, 12964593664]",4,38.340747,38.328395,38.477112,0.003878823748530454,31.352458,29.834689,32.908218,0.09803151638062946,2495.1010745000003,3072.59668,True
36,blockmix6_0_21_42_63_g32,generic_compressible,global_cg,1104,1,1,37748736,37748736,3145728,50331648,0.75,35328,10,"[8707375104, 13002342400]",4,29.9309745,19.686135,38.650758,0.6336119460460602,29.2794745,19.539823,37.941199,0.6284735745513466,3516.9575194999998,3563.2558595,True
36,blockmix6_0_21_42_63_g32,non_compressible,global_cg,1104,0,0,37748736,37748736,3145728,50331648,0.75,35328,10,"[8669626368, 12964593664]",4,29.8273685,19.651231,38.48235,0.6313369213244541,25.027073,17.951504,32.973487,0.6002293196651481,3516.540039,4004.874512,True
36,blockmix6_0_21_42_63_g4,generic_compressible,global_cg,1104,1,1,37748736,37748736,3145728,50331648,0.75,35328,10,"[8707375104, 13002342400]",4,38.501354500000005,38.490212,38.654721,0.004272810713711447,36.301332,35.753693,36.990249,0.03406365364224101,2498.3881835,2651.8964845,True
36,blockmix6_0_21_42_63_g4,non_compressible,global_cg,1104,0,0,37748736,37748736,3145728,50331648,0.75,35328,10,"[8669626368, 12964593664]",4,38.3446445,38.320599,38.492832,0.004491709396340825,31.3594035,29.835475,32.972525,0.10003538492050713,2497.1313474999997,3079.692871,True
36,blockmix6_0_21_42_63_g512,generic_compressible,global_cg,1104,1,1,37748736,37748736,3145728,50331648,0.75,35328,10,"[8707375104, 13002342400]",4,38.4954545,38.48366,38.601926,0.0030722068757494062,37.3125785,36.956391,37.719663,0.0204561579682839,2495.368164,2568.138672,True
36,blockmix6_0_21_42_63_g512,non_compressible,global_cg,1104,0,0,37748736,37748736,3145728,50331648,0.75,35328,10,"[8669626368, 12964593664]",4,38.3329485,38.316703,38.48235,0.004321269468744359,31.351839,29.733463,32.954263,0.10273081588611109,2494.408203,3043.0771485,True
36,blockmix6_0_21_42_63_g64,generic_compressible,global_cg,1104,1,1,37748736,37748736,3145728,50331648,0.75,35328,10,"[8707375104, 13002342400]",4,38.448367000000005,25.464489,38.634907,0.342548176363381,37.5914435,25.163514,37.938655,0.3398417248861433,2498.726074,2547.9448245000003,True
36,blockmix6_0_21_42_63_g64,non_compressible,global_cg,1104,0,0,37748736,37748736,3145728,50331648,0.75,35328,10,"[8669626368, 12964593664]",4,38.3270955,25.115993,38.432637,0.34744725177518343,31.346333,22.047704,32.888113,0.34582702225488376,2499.489746,3048.630371,True
36,blockmix6_0_21_42_63_g8,generic_compressible,global_cg,1104,1,1,37748736,37748736,3145728,50331648,0.75,35328,10,"[8707375104, 13002342400]",4,38.490867,38.48497,38.640189,0.004032618958674078,36.2988595,35.753693,36.984199,0.03389930198771117,2497.521973,2645.020508,True
36,blockmix6_0_21_42_63_g8,non_compressible,global_cg,1104,0,0,37748736,37748736,3145728,50331648,0.75,35328,10,"[8669626368, 12964593664]",4,38.362869,38.312807,38.478422,0.004317065024516349,31.359064500000002,29.835475,32.923551,0.09847474882421968,2496.1933595,3055.6499025000003,True
36,blockmix6_0_21_42_63_hash,generic_compressible,global_cg,1104,1,1,37748736,37748736,3145728,50331648,0.75,35328,10,"[8707375104, 13002342400]",4,37.1538125,37.041154,37.381655,0.009164631489702525,34.8599545,34.352183,35.57368,0.03504012031914747,2573.5278319999998,2726.9301754999997,True
36,blockmix6_0_21_42_63_hash,non_compressible,global_cg,1104,0,0,37748736,37748736,3145728,50331648,0.75,35328,10,"[8669626368, 12964593664]",4,38.316056,38.26612,38.389568,0.0032218347316330317,31.2975815,29.733463,32.868033,0.10015374510647082,2495.1860349999997,3021.6713870000003,True
40,blockmix6_0_21_42_63_g1,generic_compressible,global_cg,1104,1,1,41943040,41943036,3495253,55924048,0.75,35328,10,"[8711569408, 13006536704]",4,37.8320075,37.820615,38.079224,0.006835719727535129,34.208243499999995,33.322409,35.343463,0.05908090545485037,2517.5756835,2786.0947265,True
40,blockmix6_0_21_42_63_g1,non_compressible,global_cg,1104,0,0,41943040,41943036,3495253,55924048,0.75,35328,10,"[8669626368, 12964593664]",4,20.227216,16.801106,23.660444,0.3391142903699648,18.5340755,15.385922,21.705662,0.3409795109553751,4885.3466795,5333.2412110000005,True
40,blockmix6_0_21_42_63_g1024,generic_compressible,global_cg,1104,1,1,41943040,41943036,3495253,55924048,0.75,35328,10,"[8711569408, 13006536704]",4,38.5059455,38.488902,38.625666,0.00355176319459548,37.296072499999994,36.867205,37.673153,0.02160946035269534,2496.245117,2574.3276370000003,True
40,blockmix6_0_21_42_63_g1024,non_compressible,global_cg,1104,0,0,41943040,41943036,3495253,55924048,0.75,35328,10,"[8669626368, 12964593664]",4,20.234116999999998,16.796114,23.645597,0.33851158417241534,18.5422875,15.388854,21.667804,0.33862866164705946,4910.5356445,5362.482910000001,True
40,blockmix6_0_21_42_63_g128,generic_compressible,global_cg,1104,1,1,41943040,41943036,3495253,55924048,0.75,35328,10,"[8711569408, 13006536704]",4,38.492179,21.365184,38.511191,0.4454413193911417,37.248647500000004,21.294757,37.801645,0.4431540232433942,2494.8725590000004,2575.1523435,True
40,blockmix6_0_21_42_63_g128,non_compressible,global_cg,1104,0,0,41943040,41943036,3495253,55924048,0.75,35328,10,"[8669626368, 12964593664]",4,19.0132385,16.807101,23.647575,0.3597742699119879,17.6340115,15.403112,21.709413,0.35762146349966945,5147.2270505,5564.572266,True
40,blockmix6_0_21_42_63_g16,generic_compressible,global_cg,1104,1,1,41943040,41943036,3495253,55924048,0.75,35328,10,"[8711569408, 13006536704]",4,38.4961095,38.48497,38.513816,0.0007493224737424825,36.8385745,36.364385,37.306405,0.025571564936639972,2496.5615235,2606.7128905,True
40,blockmix6_0_21_42_63_g16,non_compressible,global_cg,1104,0,0,41943040,41943036,3495253,55924048,0.75,35328,10,"[8669626368, 12964593664]",4,20.230224,16.806851,23.653018,0.33841281243351523,18.544462000000003,15.411932,21.674451,0.33770292176715616,4911.581055000001,5361.5234375,True
40,blockmix6_0_21_42_63_g2,generic_compressible,global_cg,1104,1,1,41943040,41943036,3495253,55924048,0.75,35328,10,"[8711569408, 13006536704]",4,37.0520795,36.891268,37.178807,0.007760401140238363,34.7882915,34.227377,35.373321,0.032940508159189134,2592.615234,2752.9814455,True
40,blockmix6_0_21_42_63_g2,non_compressible,global_cg,1104,0,0,41943040,41943036,3495253,55924048,0.75,35328,10,"[8669626368, 12964593664]",4,20.232597499999997,16.81285,23.647082,0.337783223335511,18.536552,15.388645,21.682349,0.33952937957393575,4727.28125,5165.3901365,True
40,blockmix6_0_21_42_63_g256,generic_compressible,global_cg,1104,1,1,41943040,41943036,3495253,55924048,0.75,35328,10,"[8711569408, 13006536704]",4,38.4947995,27.505985,38.624346,0.28882761163621606,37.2412825,27.205468,37.799118,0.2844598598343116,2498.0112305000002,2581.1313474999997,True
40,blockmix6_0_21_42_63_g256,non_compressible,global_cg,1104,0,0,41943040,41943036,3495253,55924048,0.75,35328,10,"[8669626368, 12964593664]",4,19.5742765,16.805352,23.634722,0.3488951430720824,18.068997,15.389483,21.667804,0.3474637247435483,4920.873047,5369.6010745,True
40,blockmix6_0_21_42_63_g32,generic_compressible,global_cg,1104,1,1,41943040,41943036,3495253,55924048,0.75,35328,10,"[8711569408, 13006536704]",4,38.4980805,38.481039,38.586115,0.0027293828324764617,37.4554035,37.118991,37.79659,0.018090820994626333,2493.8486325,2561.7856444999998,True
40,blockmix6_0_21_42_63_g32,non_compressible,global_cg,1104,0,0,41943040,41943036,3495253,55924048,0.75,35328,10,"[8669626368, 12964593664]",4,20.22262,16.810099,23.650544,0.33825711010739457,18.5466595,15.393254,21.687757,0.3393874244577575,4906.5244139999995,5355.3891605,True
40,blockmix6_0_21_42_63_g4,generic_compressible,global_cg,1104,1,1,41943040,41943036,3495253,55924048,0.75,35328,10,"[8711569408, 13006536704]",4,38.498079000000004,38.48235,38.567686,0.002216630081724472,36.073453,35.46654,36.696076,0.034084233632970924,2496.3886715,2664.303711,True
40,blockmix6_0_21_42_63_g4,non_compressible,global_cg,1104,0,0,41943040,41943036,3495253,55924048,0.75,35328,10,"[8669626368, 12964593664]",4,20.2262215,16.802104,23.64906,0.3385187885933118,18.546523999999998,15.386131,21.710247,0.34098659134186,4803.487305,5247.1049805,True
40,blockmix6_0_21_42_63_g512,generic_compressible,global_cg,1104,1,1,41943040,41943036,3495253,55924048,0.75,35328,10,"[8711569408, 13006536704]",4,38.5013535,38.48366,38.50201,0.00047660662111523143,37.2102565,36.850381,37.621751,0.02073003716058782,2496.273926,2578.7753905,True
40,blockmix6_0_21_42_63_g512,non_compressible,global_cg,1104,0,0,41943040,41943036,3495253,55924048,0.75,35328,10,"[8669626368, 12964593664]",4,20.234477499999997,16.80935,23.654007,0.33826704939625957,18.537077,15.389693,21.715669,0.341260706852542,4906.463867,5357.2231445,True
40,blockmix6_0_21_42_63_g64,generic_compressible,global_cg,1104,1,1,41943040,41943036,3495253,55924048,0.75,35328,10,"[8711569408, 13006536704]",4,38.490867,38.48497,38.640189,0.004032618958674078,37.5272295,37.251087,37.933561,0.018186101374736422,2494.915039,2552.708008,True
40,blockmix6_0_21_42_63_g64,non_compressible,global_cg,1104,0,0,41943040,41943036,3495253,55924048,0.75,35328,10,"[8669626368, 12964593664]",4,20.242256,16.809599,23.647576,0.3378070606359292,18.52847,15.395141,21.674035,0.3388781696491939,4907.824219,5360.104492500001,True
40,blockmix6_0_21_42_63_g8,generic_compressible,global_cg,1104,1,1,41943040,41943036,3495253,55924048,0.75,35328,10,"[8711569408, 13006536704]",4,38.494144,38.47973,38.512503,0.0008513762508915338,36.0681,35.467653,36.727072,0.03491780825715802,2497.2075194999998,2657.724121,True
40,blockmix6_0_21_42_63_g8,non_compressible,global_cg,1104,0,0,41943040,41943036,3495253,55924048,0.75,35328,10,"[8669626368, 12964593664]",4,20.2233825,16.797112,23.648565,0.33878867691890824,18.523249,15.386341,21.676528,0.33958335279086305,4784.6469725,5148.2133785000005,True
40,blockmix6_0_21_42_63_hash,generic_compressible,global_cg,1104,1,1,41943040,41943036,3495253,55924048,0.75,35328,10,"[8711569408, 13006536704]",4,37.105613,37.072736,37.348309,0.007426720049066469,34.9633725,34.710798,35.357835,0.0185061381020954,2579.7329105,2729.503906,True
40,blockmix6_0_21_42_63_hash,non_compressible,global_cg,1104,0,0,41943040,41943036,3495253,55924048,0.75,35328,10,"[8669626368, 12964593664]",4,21.981218,20.37407,23.627806,0.14802346257609567,20.161316,18.659052,21.664067,0.1490485541717614,4402.1083985000005,4804.6191405,True
48,blockmix6_0_21_42_63_g1,generic_compressible,global_cg,1104,1,1,50331648,50331648,4194304,67108864,0.75,35328,10,"[8719958016, 13014925312]",4,30.615795000000002,25.558906,35.691607,0.33096318419952825,27.7824615,23.182053,32.379447,0.3310503642738783,3192.1450194999998,3539.4384765000004,True
48,blockmix6_0_21_42_63_g1,non_compressible,global_cg,1104,0,0,50331648,50331648,4194304,67108864,0.75,35328,10,"[8669626368, 12964593664]",4,10.7814155,8.950028,12.610528,0.3395194258119447,10.5799405,8.784304,12.387776,0.3405947320781247,9289.187988,9457.008301,True
48,blockmix6_0_21_42_63_g1024,generic_compressible,global_cg,1104,1,1,50331648,50331648,4194304,67108864,0.75,35328,10,"[8719958016, 13014925312]",4,38.4895565,38.488901,38.511191,0.0005791181303946213,36.63961449999999,36.537151,37.453486,0.025009406144270344,2494.25,2605.693848,True
48,blockmix6_0_21_42_63_g1024,non_compressible,global_cg,1104,0,0,50331648,50331648,4194304,67108864,0.75,35328,10,"[8669626368, 12964593664]",4,9.387615499999999,8.953147,12.61095,0.38964133117723043,9.2108715,8.785259,12.373945,0.3896141640885991,10019.308594,10214.4228515,True
48,blockmix6_0_21_42_63_g128,generic_compressible,global_cg,1104,1,1,50331648,50331648,4194304,67108864,0.75,35328,10,"[8719958016, 13014925312]",4,38.5020105,38.488901,38.516439,0.0007152353771240035,37.333341000000004,36.99267,37.771333,0.020857040359714966,2496.336426,2566.4477534999996,True
48,blockmix6_0_21_42_63_g128,non_compressible,global_cg,1104,0,0,50331648,50331648,4194304,67108864,0.75,35328,10,"[8669626368, 12964593664]",4,10.783864999999999,8.952722,12.609965,0.33914028040966776,10.579366499999999,8.784372,12.374216,0.33932504370653965,9286.3027345,9457.158203,True
48,blockmix6_0_21_42_63_g16,generic_compressible,global_cg,1104,1,1,50331648,50331648,4194304,67108864,0.75,35328,10,"[8719958016, 13014925312]",4,38.4921775,38.486281,38.620388,0.0034840065880918326,36.7968245,35.94239,37.01932,0.029266927639367286,2494.3901370000003,2604.8442385,True
48,blockmix6_0_21_42_63_g16,non_compressible,global_cg,1104,0,0,50331648,50331648,4194304,67108864,0.75,35328,10,"[8669626368, 12964593664]",4,11.746265000000001,8.955133,12.609824,0.31113643358122767,11.523383500000001,8.787582,12.373404,0.31117787583829004,8323.897461,8477.125,True
48,blockmix6_0_21_42_63_g2,generic_compressible,global_cg,1104,1,1,50331648,50331648,4194304,67108864,0.75,35328,10,"[8719958016, 13014925312]",4,37.0320535,36.97573,37.055723,0.0021601016535580924,34.6713865,33.712938,34.990125,0.03683691738142626,2591.2753905,2761.3833004999997,True
48,blockmix6_0_21_42_63_g2,non_compressible,global_cg,1104,0,0,50331648,50331648,4194304,67108864,0.75,35328,10,"[8669626368, 12964593664]",4,11.747019000000002,8.953573,12.624328,0.3124839586962445,11.524704499999999,8.785874,12.375571,0.3114784418116752,8325.6762695,8474.666015499999,True
48,blockmix6_0_21_42_63_g256,generic_compressible,global_cg,1104,1,1,50331648,50331648,4194304,67108864,0.75,35328,10,"[8719958016, 13014925312]",4,38.489556500000006,38.486281,38.532193,0.0011928430508156486,37.304227,36.970895,37.651824,0.018253400613287042,2494.394531,2569.4057615,True
48,blockmix6_0_21_42_63_g256,non_compressible,global_cg,1104,0,0,50331648,50331648,4194304,67108864,0.75,35328,10,"[8669626368, 12964593664]",4,10.7829355,8.954211,12.623906,0.3403243022273479,10.5763655,8.787172,12.375164,0.33924621837246455,9289.812012,9457.1811525,True
48,blockmix6_0_21_42_63_g32,generic_compressible,global_cg,1104,1,1,50331648,50331648,4194304,67108864,0.75,35328,10,"[8719958016, 13014925312]",4,38.5020095,38.490212,38.538761,0.0012609471721210107,37.2391715,36.829972,37.636781,0.021665600159767283,2494.6997069999998,2574.7539065,True
48,blockmix6_0_21_42_63_g32,non_compressible,global_cg,1104,0,0,50331648,50331648,4194304,67108864,0.75,35328,10,"[8669626368, 12964593664]",4,10.7793645,8.953998,12.610528,0.3392157302037611,10.5807645,8.786147,12.379094,0.3395734778899956,9288.600097499999,9453.744140499999,True
48,blockmix6_0_21_42_63_g4,generic_compressible,global_cg,1104,1,1,50331648,50331648,4194304,67108864,0.75,35328,10,"[8719958016, 13014925312]",4,38.497421,38.490212,38.525627,0.0009199317533504495,35.950775,34.81127,36.329327,0.042225988174107484,2493.4458004999997,2668.1674805000002,True
48,blockmix6_0_21_42_63_g4,non_compressible,global_cg,1104,0,0,50331648,50331648,4194304,67108864,0.75,35328,10,"[8669626368, 12964593664]",4,11.739726000000001,8.961806,12.609684,0.3107293986248061,11.5176845,8.789563,12.375841,0.31137143928538763,8351.253418,8496.6245115,True
48,blockmix6_0_21_42_63_g512,generic_compressible,global_cg,1104,1,1,50331648,50331648,4194304,67108864,0.75,35328,10,"[8719958016, 13014925312]",4,38.5033265,38.486281,38.521689,0.0009196088550947379,37.0613075,36.518267,37.296558,0.02100009558486289,2493.9038085,2586.005859,True
48,blockmix6_0_21_42_63_g512,non_compressible,global_cg,1104,0,0,50331648,50331648,4194304,67108864,0.75,35328,10,"[8669626368, 12964593664]",4,10.881298000000001,8.952864,12.611794,0.33625859709016326,10.6786065,8.782666,12.3753,0.3364328482372675,8941.687988,9101.146972499999,True
48,blockmix6_0_21_42_63_g64,generic_compressible,global_cg,1104,1,1,50331648,50331648,4194304,67108864,0.75,35328,10,"[8719958016, 13014925312]",4,38.4967655,38.488901,38.523002,0.0008858146796774319,37.5451215,37.001145,37.772595,0.020547276694789802,2495.0327145,2549.824219,True
48,blockmix6_0_21_42_63_g64,non_compressible,global_cg,1104,0,0,50331648,50331648,4194304,67108864,0.75,35328,10,"[8669626368, 12964593664]",4,11.7405015,8.958184,12.61841,0.3117606177214833,11.5231885,8.783962,12.379094,0.31199107781669977,8331.461914,8478.163086,True
48,blockmix6_0_21_42_63_g8,generic_compressible,global_cg,1104,1,1,50331648,50331648,4194304,67108864,0.75,35328,10,"[8719958016, 13014925312]",4,38.4947985,38.490212,38.512503,0.0005790652469580462,35.953665,34.854201,36.318823,0.04073637555448098,2495.147949,2667.3950194999998,True
48,blockmix6_0_21_42_63_g8,non_compressible,global_cg,1104,0,0,50331648,50331648,4194304,67108864,0.75,35328,10,"[8669626368, 12964593664]",4,11.7459495,8.954637,12.609965,0.311199022267208,11.522834,8.784509,12.373133,0.3114358846096368,8323.787109500001,8478.0810545,True
48,blockmix6_0_21_42_63_hash,generic_compressible,global_cg,1104,1,1,50331648,50331648,4194304,67108864,0.75,35328,10,"[8719958016, 13014925312]",4,36.961298,36.892472,37.077599,0.005008671502824424,34.189085500000004,34.132302,34.287586,0.004541917332067704,2581.8325194999998,2792.9492185,True
48,blockmix6_0_21_42_63_hash,non_compressible,global_cg,1104,0,0,50331648,50331648,4194304,67108864,0.75,35328,10,"[8669626368, 12964593664]",4,10.877582,10.863886,10.884806,0.001923221539492738,10.674976000000001,10.652896,10.676942,0.002252557757506924,8919.315429499999,9083.2841795,True
64,blockmix6_0_21_42_63_g1,generic_compressible,global_cg,1104,1,1,67108864,67108860,5592405,89478480,0.75,35328,10,"[8736735232, 13031702528]",4,12.150604000000001,10.9807,13.314834,0.19210024456397382,11.9309245,10.786764,13.080962,0.19229004424594254,8063.482910000001,8203.451659999999,True
64,blockmix6_0_21_42_63_g1,non_compressible,global_cg,1104,0,0,67108864,67108860,5592405,89478480,0.75,35328,10,"[8669626368, 12964593664]",4,7.3495785,6.641421,8.06305,0.19343000418323314,7.314247,6.611861,8.02664,0.19342784021376366,13398.418457,13450.208984500001,True
64,blockmix6_0_21_42_63_g1024,generic_compressible,global_cg,1104,1,1,67108864,67108860,5592405,89478480,0.75,35328,10,"[8736735232, 13031702528]",4,38.500698,38.499387,38.630947,0.003417080905909819,36.675242,36.067381,36.680596,0.016720135070956148,2494.2211915,2614.6884765,True
64,blockmix6_0_21_42_63_g1024,non_compressible,global_cg,1104,0,0,67108864,67108860,5592405,89478480,0.75,35328,10,"[8669626368, 12964593664]",4,8.0624745,6.641811,8.063107,0.1762853327474091,8.021856,6.613834,8.025386,0.17596326835086537,12099.744141,12144.595215,True
64,blockmix6_0_21_42_63_g128,generic_compressible,global_cg,1104,1,1,67108864,67108860,5592405,89478480,0.75,35328,10,"[8736735232, 13031702528]",4,38.497422,38.490212,38.504632,0.0003745705361777526,36.760408,36.441751,37.131183,0.018754742874453504,2494.4370120000003,2607.338867,True
64,blockmix6_0_21_42_63_g128,non_compressible,global_cg,1104,0,0,67108864,67108860,5592405,89478480,0.75,35328,10,"[8669626368, 12964593664]",4,7.3526945,6.642279,8.062302,0.19312960711205945,7.3149999999999995,6.610856,8.023336,0.19309364319890643,13388.036132500001,13441.1640625,True
64,blockmix6_0_21_42_63_g16,generic_compressible,global_cg,1104,1,1,67108864,67108860,5592405,89478480,0.75,35328,10,"[8736735232, 13031702528]",4,38.4797305,38.394784,38.495454,0.0026161825639605487,35.933823000000004,35.098762,35.953821,0.023795380747547987,2495.5136715,2670.5717775000003,True
64,blockmix6_0_21_42_63_g16,non_compressible,global_cg,1104,0,0,67108864,67108860,5592405,89478480,0.75,35328,10,"[8669626368, 12964593664]",4,8.061095,6.645637,8.063222,0.1758551412680287,8.0233365,6.610315,8.027039,0.1765754184683642,12126.353515499999,12165.2836915,True
64,blockmix6_0_21_42_63_g2,generic_compressible,global_cg,1104,1,1,67108864,67108860,5592405,89478480,0.75,35328,10,"[8736735232, 13031702528]",4,36.597477,36.584447,36.75573,0.004680186013915728,32.742215,32.197772,33.456526,0.03844437525072742,2595.975586,2921.076172,True
64,blockmix6_0_21_42_63_g2,non_compressible,global_cg,1104,0,0,67108864,67108860,5592405,89478480,0.75,35328,10,"[8669626368, 12964593664]",4,7.35409,6.640719,8.063222,0.19343018646766627,7.3167405,6.609928,8.024645,0.19335344748115635,13389.119629,13444.0546875,True
64,blockmix6_0_21_42_63_g256,generic_compressible,global_cg,1104,1,1,67108864,67108860,5592405,89478480,0.75,35328,10,"[8736735232, 13031702528]",4,38.4934875,38.490212,38.508568,0.00047685988441543915,37.0496695,37.01932,37.126305,0.00288761010405239,2494.3774415,2586.6464845,True
64,blockmix6_0_21_42_63_g256,non_compressible,global_cg,1104,0,0,67108864,67108860,5592405,89478480,0.75,35328,10,"[8669626368, 12964593664]",4,8.062704499999999,8.055638,8.06305,0.0009192945121578521,8.023024,8.019124,8.026526,0.0009225947722455769,12099.901366999999,12143.0234375,True
64,blockmix6_0_21_42_63_g32,generic_compressible,global_cg,1104,1,1,67108864,67108860,5592405,89478480,0.75,35328,10,"[8736735232, 13031702528]",4,38.484971,38.47842,38.507256,0.0007492795044589823,36.901514500000005,36.324658,36.981779,0.017807426304955683,2494.371094,2597.6728515,True
64,blockmix6_0_21_42_63_g32,non_compressible,global_cg,1104,0,0,67108864,67108860,5592405,89478480,0.75,35328,10,"[8669626368, 12964593664]",4,8.0631645,6.641031,8.063395,0.1764027014455677,8.0228815,6.609696,8.028463,0.17684007921592768,12118.5092775,12160.7700195,True
64,blockmix6_0_21_42_63_g4,generic_compressible,global_cg,1104,1,1,67108864,67108860,5592405,89478480,0.75,35328,10,"[8736735232, 13031702528]",4,38.436591,38.328395,38.499387,0.004448677563522693,34.6030215,33.444647,34.668222,0.035360351407462985,2493.6845705,2773.680664,True
64,blockmix6_0_21_42_63_g4,non_compressible,global_cg,1104,0,0,67108864,67108860,5592405,89478480,0.75,35328,10,"[8669626368, 12964593664]",4,8.059085,6.645286,8.063222,0.17594255427260044,8.022170500000001,6.60958,8.02778,0.17678507331650448,12133.390625,12170.068359500001,True
64,blockmix6_0_21_42_63_g512,generic_compressible,global_cg,1104,1,1,67108864,67108860,5592405,89478480,0.75,35328,10,"[8736735232, 13031702528]",4,38.5006985,38.488901,38.512502,0.0006130018654076968,35.996817,35.941247,36.691311,0.020836953445078264,2496.12207,2669.234375,True
64,blockmix6_0_21_42_63_g512,non_compressible,global_cg,1104,0,0,67108864,67108860,5592405,89478480,0.75,35328,10,"[8669626368, 12964593664]",4,6.643646,6.641499,8.063625,0.2140580639004547,6.6117455,6.608769,8.022994,0.2138958615391353,14681.4243165,14745.857422000001,True
64,blockmix6_0_21_42_63_g64,generic_compressible,global_cg,1104,1,1,67108864,67108860,5592405,89478480,0.75,35328,10,"[8736735232, 13031702528]",4,38.499387,38.492832,38.504632,0.0003064983865847246,36.907661000000004,36.586815,37.281799,0.018830345277095668,2494.8378905,2585.4638675,True
64,blockmix6_0_21_42_63_g64,non_compressible,global_cg,1104,0,0,67108864,67108860,5592405,89478480,0.75,35328,10,"[8669626368, 12964593664]",4,7.3545255,6.645442,8.063107,0.19276090619306444,7.320074,6.609271,8.026925,0.19366662140300775,12516.35791,12562.7719725,True
64,blockmix6_0_21_42_63_g8,generic_compressible,global_cg,1104,1,1,67108864,67108860,5592405,89478480,0.75,35328,10,"[8736735232, 13031702528]",4,38.366783,38.325795,38.491522,0.004319543809550151,33.478819,33.380459,34.653342,0.03802054666265259,2495.521484,2870.3125,True
64,blockmix6_0_21_42_63_g8,non_compressible,global_cg,1104,0,0,67108864,67108860,5592405,89478480,0.75,35328,10,"[8669626368, 12964593664]",4,6.64146,6.641304,8.061957,0.21390673135123897,6.6115325,6.610083,8.023051,0.2137126301655479,14697.165039,14752.859375,True
64,blockmix6_0_21_42_63_hash,generic_compressible,global_cg,1104,1,1,67108864,67108860,5592405,89478480,0.75,35328,10,"[8736735232, 13031702528]",4,36.577345,35.861438,36.754535,0.024416671029567547,32.633231,30.750082,32.728155,0.06061529733295492,2583.8134765,2917.7861325,True
64,blockmix6_0_21_42_63_hash,non_compressible,global_cg,1104,0,0,67108864,67108860,5592405,89478480,0.75,35328,10,"[8669626368, 12964593664]",4,8.0594285,6.641382,8.062704,0.17635518448981838,8.020347000000001,6.609155,8.025728,0.17662240798309603,12121.368164,12162.9467775,True
72,blockmix6_0_21_42_63_g1,generic_compressible,global_cg,1104,1,1,75497472,75497472,6291456,100663296,0.75,35328,10,"[8745123840, 13040091136]",4,11.42042,9.420564,11.433356,0.17624500675106514,11.2798635,9.302503,11.290959,0.1762836935039153,8524.346679499999,8615.1875,True
72,blockmix6_0_21_42_63_g1,non_compressible,global_cg,1104,0,0,75497472,75497472,6291456,100663296,0.75,35328,10,"[8669626368, 12964593664]",4,7.585185,6.251395,7.585338,0.1758616302700594,7.560708,6.231203,7.562099,0.17602795928635256,12887.4106445,12911.376465000001,True
72,blockmix6_0_21_42_63_g1024,generic_compressible,global_cg,1104,1,1,75497472,75497472,6291456,100663296,0.75,35328,10,"[8745123840, 13040091136]",4,38.505944,38.48497,38.508568,0.0006128404487369479,36.278145,35.743519,36.51355,0.02122575451418486,2496.03125,2634.51123,True
72,blockmix6_0_21_42_63_g1024,non_compressible,global_cg,1104,0,0,75497472,75497472,6291456,100663296,0.75,35328,10,"[8669626368, 12964593664]",4,7.219501,6.251153,7.585236,0.1847888101961617,7.1955115,6.230653,7.560127,0.18476434927523905,13042.056152500001,13061.744629,True
72,blockmix6_0_21_42_63_g128,generic_compressible,global_cg,1104,1,1,75497472,75497472,6291456,100663296,0.75,35328,10,"[8745123840, 13040091136]",4,38.507912000000005,38.490212,38.50988,0.0005107521799676624,36.567982,36.247788,36.896083,0.01772848717766262,2496.512695,2626.5219724999997,True
72,blockmix6_0_21_42_63_g128,non_compressible,global_cg,1104,0,0,75497472,75497472,6291456,100663296,0.75,35328,10,"[8669626368, 12964593664]",4,6.553042,6.25098,7.584982,0.20356988403248447,6.8941425,6.230825,7.560279,0.19283819561316004,14393.4213865,14309.8632815,True
72,blockmix6_0_21_42_63_g16,generic_compressible,global_cg,1104,1,1,75497472,75497472,6291456,100663296,0.75,35328,10,"[8745123840, 13040091136]",4,38.3342445,38.323197,38.428717,0.002752630223350261,34.731249500000004,34.510532,35.498838,0.028455814697942304,2495.4746095,2765.3247069999998,True
72,blockmix6_0_21_42_63_g16,non_compressible,global_cg,1104,0,0,75497472,75497472,6291456,100663296,0.75,35328,10,"[8669626368, 12964593664]",4,6.251983,6.250876,7.585338,0.2134461977903651,6.2333675,6.231169,7.557246,0.21273845958865728,15609.443359500001,15648.6362305,True
72,blockmix6_0_21_42_63_g2,generic_compressible,global_cg,1104,1,1,75497472,75497472,6291456,100663296,0.75,35328,10,"[8745123840, 13040091136]",4,35.023581500000006,33.667758,36.414753,0.07843272681864354,30.785615999999997,29.184635,32.323898,0.1019717455060831,2659.3461915,3049.603027,True
72,blockmix6_0_21_42_63_g2,non_compressible,global_cg,1104,0,0,75497472,75497472,6291456,100663296,0.75,35328,10,"[8669626368, 12964593664]",4,6.9186505,6.249252,7.585541,0.19314301249933058,6.8962889999999994,6.232989,7.566198,0.19332266962709949,13294.9072265,13325.3510745,True
72,blockmix6_0_21_42_63_g256,generic_compressible,global_cg,1104,1,1,75497472,75497472,6291456,100663296,0.75,35328,10,"[8745123840, 13040091136]",4,38.500699999999995,38.48497,38.50988,0.0006470012233545246,36.3919755,36.194404,36.841975,0.01779433490770511,2495.4047849999997,2627.9545900000003,True
72,blockmix6_0_21_42_63_g256,non_compressible,global_cg,1104,0,0,75497472,75497472,6291456,100663296,0.75,35328,10,"[8669626368, 12964593664]",4,6.5515185,6.251222,7.584676,0.20353357774995212,6.531142,6.230757,7.561239,0.20371353126298586,14409.6245115,14441.759765499999,True
72,blockmix6_0_21_42_63_g32,generic_compressible,global_cg,1104,1,1,75497472,75497472,6291456,100663296,0.75,35328,10,"[8745123840, 13040091136]",4,38.503322,38.481041,38.517752,0.0009534501984011649,36.379571999999996,36.048979,36.7223,0.01850821664421985,2493.4521485,2632.335449,True
72,blockmix6_0_21_42_63_g32,non_compressible,global_cg,1104,0,0,75497472,75497472,6291456,100663296,0.75,35328,10,"[8669626368, 12964593664]",4,6.915151,6.25098,7.585389,0.19296888817033786,6.892588,6.228491,7.558459,0.19295625968068889,14253.814941,14284.4599605,True
72,blockmix6_0_21_42_63_g4,generic_compressible,global_cg,1104,1,1,75497472,75497472,6291456,100663296,0.75,35328,10,"[8745123840, 13040091136]",4,36.129183499999996,33.920307,38.158915,0.11731812317319598,31.5150645,29.359719,33.606706,0.134760536504693,2637.1645504999997,3033.0874025000003,True
72,blockmix6_0_21_42_63_g4,non_compressible,global_cg,1104,0,0,75497472,75497472,6291456,100663296,0.75,35328,10,"[8669626368, 12964593664]",4,6.916866,6.250842,7.585796,0.19299983547462113,6.895605,6.228868,7.560531,0.1931176452247482,14228.260254,14262.131836,True
72,blockmix6_0_21_42_63_g512,generic_compressible,global_cg,1104,1,1,75497472,75497472,6291456,100663296,0.75,35328,10,"[8745123840, 13040091136]",4,38.4928325,38.486281,38.505944,0.0005108223719312243,36.0010585,35.606172,36.53597,0.025826962837773176,2495.046875,2666.96582,True
72,blockmix6_0_21_42_63_g512,non_compressible,global_cg,1104,0,0,75497472,75497472,6291456,100663296,0.75,35328,10,"[8669626368, 12964593664]",4,6.9179770000000005,6.246939,7.585389,0.193474190503958,6.896031499999999,6.229589,7.561896,0.1931990884902426,14240.35791,14265.253418,True
72,blockmix6_0_21_42_63_g64,generic_compressible,global_cg,1104,1,1,75497472,75497472,6291456,100663296,0.75,35328,10,"[8745123840, 13040091136]",4,38.497422,38.490212,38.511191,0.0005449455810312954,36.9805695,36.357368,37.022958,0.01799837073899042,2494.799805,2590.3955075,True
72,blockmix6_0_21_42_63_g64,non_compressible,global_cg,1104,0,0,75497472,75497472,6291456,100663296,0.75,35328,10,"[8669626368, 12964593664]",4,7.5850835,6.251049,7.591043,0.1766617335194794,7.5613655,6.231169,7.563111,0.17615098754318909,12857.7529295,12883.553711,True
72,blockmix6_0_21_42_63_g8,generic_compressible,global_cg,1104,1,1,75497472,75497472,6291456,100663296,0.75,35328,10,"[8745123840, 13040091136]",4,38.0914985,33.924379,38.153763,0.11103222940940473,33.590230500000004,29.383375,33.599716,0.1255228361710706,2506.6674805000002,2853.5654295,True
72,blockmix6_0_21_42_63_g8,non_compressible,global_cg,1104,0,0,75497472,75497472,6291456,100663296,0.75,35328,10,"[8669626368, 12964593664]",4,7.580785499999999,6.248942,7.585032,0.17624690739501858,7.558358,6.227187,7.562302,0.17664087887871943,12901.089843500002,12919.541016,True
72,blockmix6_0_21_42_63_hash,generic_compressible,global_cg,1104,1,1,75497472,75497472,6291456,100663296,0.75,35328,10,"[8745123840, 13040091136]",4,22.835512,20.730114,25.09258,0.1910386769519335,21.187147000000003,19.237901,23.314965,0.1924310054581676,4219.759277499999,4551.5336915,True
72,blockmix6_0_21_42_63_hash,non_compressible,global_cg,1104,0,0,75497472,75497472,6291456,100663296,0.75,35328,10,"[8669626368, 12964593664]",4,6.9169525,6.246869,7.585134,0.1934761009273954,6.895624,6.228971,7.56301,0.19346167946512174,14231.0678715,14240.884765499999,True
80,blockmix6_0_21_42_63_g1,generic_compressible,global_cg,1104,1,1,83886080,83886072,6990506,111848096,0.75,35328,10,"[8753512448, 13048479744]",4,8.4767395,8.473149,10.276302,0.2127177554530253,8.3954065,8.392072,10.182447,0.2132564992534905,11478.424804499999,11571.0512695,True
80,blockmix6_0_21_42_63_g1,non_compressible,global_cg,1104,0,0,83886080,83886072,6990506,111848096,0.75,35328,10,"[8669626368, 12964593664]",4,5.9981695,5.992208,7.276153,0.21405613829352438,5.984976,5.977886,7.260732,0.21434438500672354,16264.8793945,16294.941406499998,True
80,blockmix6_0_21_42_63_g1024,generic_compressible,global_cg,1104,1,1,83886080,83886072,6990506,111848096,0.75,35328,10,"[8753512448, 13048479744]",4,38.4921775,38.48366,38.505944,0.0005789228213966093,36.217014500000005,35.492152,36.235008,0.02051124341019338,2494.3203125,2647.8320315,True
80,blockmix6_0_21_42_63_g1024,non_compressible,global_cg,1104,0,0,83886080,83886072,6990506,111848096,0.75,35328,10,"[8669626368, 12964593664]",4,7.2727129999999995,5.998917,7.278637,0.1759618453251215,7.255631,5.983993,7.259893,0.1758496263109301,13446.96875,13449.9711915,True
80,blockmix6_0_21_42_63_g128,generic_compressible,global_cg,1104,1,1,83886080,83886072,6990506,111848096,0.75,35328,10,"[8753512448, 13048479744]",4,38.509224,38.495454,38.513814,0.0004767688904871535,36.728265,36.015672,36.816779,0.021811730012294202,2494.8041995000003,2610.790039,True
80,blockmix6_0_21_42_63_g128,non_compressible,global_cg,1104,0,0,83886080,83886072,6990506,111848096,0.75,35328,10,"[8669626368, 12964593664]",4,7.2754294999999995,6.000287,7.279012,0.17575938300274915,7.25775,5.986465,7.262038,0.17575322930660336,13443.529297000001,13453.714843500002,True
80,blockmix6_0_21_42_63_g16,generic_compressible,global_cg,1104,1,1,83886080,83886072,6990506,111848096,0.75,35328,10,"[8753512448, 13048479744]",4,37.677549,37.528084,38.338794,0.021517057810740297,33.4659465,33.340098,35.07807,0.05193255179559912,2518.0722655,2843.5771485,True
80,blockmix6_0_21_42_63_g16,non_compressible,global_cg,1104,0,0,83886080,83886072,6990506,111848096,0.75,35328,10,"[8669626368, 12964593664]",4,5.9981855,5.996499,7.277418,0.2135510814062019,5.9862745,5.984722,7.261525,0.21328841502340062,16289.2856445,16308.068847999999,True
80,blockmix6_0_21_42_63_g2,generic_compressible,global_cg,1104,1,1,83886080,83886072,6990506,111848096,0.75,35328,10,"[8753512448, 13048479744]",4,25.1571415,23.152143,25.210089,0.08180365006890791,23.340315500000003,21.242338,23.406199,0.0927091581088525,3807.1582035,4114.0585935,True
80,blockmix6_0_21_42_63_g2,non_compressible,global_cg,1104,0,0,83886080,83886072,6990506,111848096,0.75,35328,10,"[8669626368, 12964593664]",4,7.278683,5.998376,7.279105,0.17595614481356037,7.259916499999999,5.985165,7.261991,0.17587337264829422,13428.616211,13439.1411135,True
80,blockmix6_0_21_42_63_g256,generic_compressible,global_cg,1104,1,1,83886080,83886072,6990506,111848096,0.75,35328,10,"[8753512448, 13048479744]",4,38.511191999999994,38.492832,38.515127,0.0005789226155347187,36.671673999999996,36.006497,36.7223,0.019519234382373546,2495.2089845,2615.2958985,True
80,blockmix6_0_21_42_63_g256,non_compressible,global_cg,1104,0,0,83886080,83886072,6990506,111848096,0.75,35328,10,"[8669626368, 12964593664]",4,7.2771375,6.000191,7.279058,0.17573764409426096,7.261362,5.984342,7.262178,0.17597745436737622,13437.446777000001,13447.2392575,True
80,blockmix6_0_21_42_63_g32,generic_compressible,global_cg,1104,1,1,83886080,83886072,6990506,111848096,0.75,35328,10,"[8753512448, 13048479744]",4,38.492833,38.454861,38.495454,0.0010545599488611611,36.5271175,36.504117,36.541875,0.0010336977726204818,2494.7773435,2626.1171875,True
80,blockmix6_0_21_42_63_g32,non_compressible,global_cg,1104,0,0,83886080,83886072,6990506,111848096,0.75,35328,10,"[8669626368, 12964593664]",4,7.2729705,7.271333,7.277934,0.0009076071462134842,7.258448,7.251836,7.260033,0.0011293047769991617,13464.541991999999,13471.161621,True
80,blockmix6_0_21_42_63_g4,generic_compressible,global_cg,1104,1,1,83886080,83886072,6990506,111848096,0.75,35328,10,"[8753512448, 13048479744]",4,23.961317,20.834027,25.197165,0.18209090927681476,23.318090499999997,19.321085,23.351083,0.1728271017731919,3840.689453,4123.8535155,True
80,blockmix6_0_21_42_63_g4,non_compressible,global_cg,1104,0,0,83886080,83886072,6990506,111848096,0.75,35328,10,"[8669626368, 12964593664]",4,7.275264,6.000573,7.275919,0.17529893073296032,7.2560025,5.98618,7.258681,0.17537218323725773,13438.165527500001,13449.5908205,True
80,blockmix6_0_21_42_63_g512,generic_compressible,global_cg,1104,1,1,83886080,83886072,6990506,111848096,0.75,35328,10,"[8753512448, 13048479744]",4,38.4908675,38.48366,38.50988,0.0006812005471168486,36.096759500000005,36.07544,36.151578,0.0021092752107013998,2494.3784180000002,2652.664551,True
80,blockmix6_0_21_42_63_g512,non_compressible,global_cg,1104,0,0,83886080,83886072,6990506,111848096,0.75,35328,10,"[8669626368, 12964593664]",4,7.273368,7.272783,7.278777,0.0008241023965787774,7.260522,7.258448,7.261339,0.000398180736867248,13419.8393555,13431.5498045,True
80,blockmix6_0_21_42_63_g64,generic_compressible,global_cg,1104,1,1,83886080,83886072,6990506,111848096,0.75,35328,10,"[8753512448, 13048479744]",4,38.498731500000005,38.491522,38.50332,0.0003064516554265915,36.349699,36.165456,36.825174,0.018149201180455387,2494.7705075,2629.3901365,True
80,blockmix6_0_21_42_63_g64,non_compressible,global_cg,1104,0,0,83886080,83886072,6990506,111848096,0.75,35328,10,"[8669626368, 12964593664]",4,6.6366465,5.998504,7.27606,0.19250023336334104,6.274445,5.986338,7.261478,0.20322753645940006,14859.0029295,15022.449707,True
80,blockmix6_0_21_42_63_g8,generic_compressible,global_cg,1104,1,1,83886080,83886072,6990506,111848096,0.75,35328,10,"[8753512448, 13048479744]",4,20.7989685,20.717577,25.127159,0.21200964845924933,19.2761425,19.249366,23.304871,0.21038986405085977,4414.890137,4764.154297,True
80,blockmix6_0_21_42_63_g8,non_compressible,global_cg,1104,0,0,83886080,83886072,6990506,111848096,0.75,35328,10,"[8669626368, 12964593664]",4,5.9997295,5.998535,7.273205,0.21245457816056532,5.9919115000000005,5.983455,7.260685,0.21315902279264293,15266.573242,15278.963379,True
80,blockmix6_0_21_42_63_hash,generic_compressible,global_cg,1104,1,1,83886080,83886072,6990506,111848096,0.75,35328,10,"[8753512448, 13048479744]",4,17.842003,14.81122,17.863288,0.17106083885312656,17.118482999999998,14.199535,17.143794,0.1719929855934081,5428.155762,5647.7285155,True
80,blockmix6_0_21_42_63_hash,non_compressible,global_cg,1104,0,0,83886080,83886072,6990506,111848096,0.75,35328,10,"[8669626368, 12964593664]",4,7.274445,5.996499,7.278918,0.17629097477539524,7.2568405,5.981492,7.258914,0.17603005054334592,13448.972168,13469.0893555,True
88,blockmix6_0_21_42_63_g1,generic_compressible,global_cg,1104,1,1,92274688,92274684,7689557,123032912,0.75,35328,10,"[8761901056, 13056868352]",4,9.5238965,7.862351,9.525341,0.17461235535266464,9.457882999999999,7.812203,9.463306,0.17457426783562446,10239.170410499999,10291.6362305,True
88,blockmix6_0_21_42_63_g1,non_compressible,global_cg,1104,0,0,92274688,92274684,7689557,123032912,0.75,35328,10,"[8669626368, 12964593664]",4,7.063018,5.822497,7.063393,0.1756892025476927,7.049364,5.812378,7.051013,0.17570875897456856,13848.129883000001,13855.077148,True
88,blockmix6_0_21_42_63_g1024,generic_compressible,global_cg,1104,1,1,92274688,92274684,7689557,123032912,0.75,35328,10,"[8761901056, 13056868352]",4,38.490213999999995,38.474492,38.50332,0.0007489695952328117,35.292316,35.076982,36.067381,0.028062737509207288,2495.5307620000003,2676.5878905,True
88,blockmix6_0_21_42_63_g1024,non_compressible,global_cg,1104,0,0,92274688,92274684,7689557,123032912,0.75,35328,10,"[8669626368, 12964593664]",4,6.1016935,5.822347,7.060261,0.202880397056981,6.4279720000000005,5.812588,7.050529,0.19258655762657337,14453.875,14313.640625,True
88,blockmix6_0_21_42_63_g128,generic_compressible,global_cg,1104,1,1,92274688,92274684,7689557,123032912,0.75,35328,10,"[8761901056, 13056868352]",4,38.497420500000004,38.486281,38.504632,0.00047668128829573577,36.5489825,35.791046,36.643739,0.023330143322047203,2498.081055,2623.8847655,True
88,blockmix6_0_21_42_63_g128,non_compressible,global_cg,1104,0,0,92274688,92274684,7689557,123032912,0.75,35328,10,"[8669626368, 12964593664]",4,7.058101000000001,5.822527,7.05885,0.17516368779647662,7.0493425,5.812289,7.050134,0.17559722768470962,13852.607422000001,13854.874511999999,True
88,blockmix6_0_21_42_63_g16,generic_compressible,global_cg,1104,1,1,92274688,92274684,7689557,123032912,0.75,35328,10,"[8761901056, 13056868352]",4,29.9505665,26.13501,31.735003,0.18697452684242208,27.8901855,24.259571,29.521491,0.18866565086130388,3107.3266599999997,3358.1079105,True
88,blockmix6_0_21_42_63_g16,non_compressible,global_cg,1104,0,0,92274688,92274684,7689557,123032912,0.75,35328,10,"[8669626368, 12964593664]",4,6.438579000000001,5.822287,7.061407,0.19245240292927984,6.429740000000001,5.810437,7.046486,0.19223934404812626,14291.907715000001,14300.045409999999,True
88,blockmix6_0_21_42_63_g2,generic_compressible,global_cg,1104,1,1,92274688,92274684,7689557,123032912,0.75,35328,10,"[8761901056, 13056868352]",4,18.0781085,14.981792,18.116633,0.1734053648367029,17.296187,14.3413,17.329327,0.1727564000088574,5363.900879,5595.612793,True
88,blockmix6_0_21_42_63_g2,non_compressible,global_cg,1104,0,0,92274688,92274684,7689557,123032912,0.75,35328,10,"[8669626368, 12964593664]",4,6.720924,5.820159,7.063172,0.18494674244196177,6.70884,5.80966,7.049079,0.18474415845362235,14021.668945500001,14024.570801,True
88,blockmix6_0_21_42_63_g256,generic_compressible,global_cg,1104,1,1,92274688,92274684,7689557,123032912,0.75,35328,10,"[8761901056, 13056868352]",4,38.487591,38.47973,38.50988,0.0007833693722217899,36.5029425,36.448801,36.527708,0.0021616613509991374,2498.2407224999997,2630.328125,True
88,blockmix6_0_21_42_63_g256,non_compressible,global_cg,1104,0,0,92274688,92274684,7689557,123032912,0.75,35328,10,"[8669626368, 12964593664]",4,7.0560965,6.381215,7.060305,0.09624159760286718,7.038962,6.368489,7.050749,0.096926222928892,13888.2109375,13900.426757500001,True
88,blockmix6_0_21_42_63_g32,generic_compressible,global_cg,1104,1,1,92274688,92274684,7689557,123032912,0.75,35328,10,"[8761901056, 13056868352]",4,38.416312,38.388264,38.500698,0.0029267255013963956,35.9400355,35.502184,36.369065,0.024120204333131483,2496.9360355,2670.7827150000003,True
88,blockmix6_0_21_42_63_g32,non_compressible,global_cg,1104,0,0,92274688,92274684,7689557,123032912,0.75,35328,10,"[8669626368, 12964593664]",4,6.437837,5.822047,7.057748,0.1919435052487349,6.148783,5.812707,7.048288,0.2009472443571355,15350.7666015,15485.998047,True
88,blockmix6_0_21_42_63_g4,generic_compressible,global_cg,1104,1,1,92274688,92274684,7689557,123032912,0.75,35328,10,"[8761901056, 13056868352]",4,16.5220255,14.932516,18.102998,0.1918942686536829,15.8205505,14.294876,17.329062,0.19178763722539238,5900.277832,6156.9575195,True
88,blockmix6_0_21_42_63_g4,non_compressible,global_cg,1104,0,0,92274688,92274684,7689557,123032912,0.75,35328,10,"[8669626368, 12964593664]",4,6.440758499999999,5.822587,7.062687,0.19253943460230655,6.4311035,5.812707,7.051805,0.1926726882874767,15291.0981445,15301.1450195,True
88,blockmix6_0_21_42_63_g512,generic_compressible,global_cg,1104,1,1,92274688,92274684,7689557,123032912,0.75,35328,10,"[8761901056, 13056868352]",4,38.498076,38.48497,38.507256,0.0005788860721247768,35.9309665,34.978218,35.93325,0.026579635702257073,2496.7846675,2675.680176,True
88,blockmix6_0_21_42_63_g512,non_compressible,global_cg,1104,0,0,92274688,92274684,7689557,123032912,0.75,35328,10,"[8669626368, 12964593664]",4,7.059775500000001,5.818901,7.062554,0.17616041756568604,7.0489035,5.810019,7.050354,0.17596141016826233,13874.508789,13879.5390625,True
88,blockmix6_0_21_42_63_g64,generic_compressible,global_cg,1104,1,1,92274688,92274684,7689557,123032912,0.75,35328,10,"[8761901056, 13056868352]",4,38.500043000000005,38.48366,38.504633,0.0005447526383281678,36.663363000000004,35.993886,36.693693,0.019087365226152325,2496.839844,2617.4003905,True
88,blockmix6_0_21_42_63_g64,non_compressible,global_cg,1104,0,0,92274688,92274684,7689557,123032912,0.75,35328,10,"[8669626368, 12964593664]",4,7.057902,5.822467,7.063349,0.17581456925868338,7.046772,5.812707,7.047497,0.17522774967034555,13847.7675785,13855.106445000001,True
88,blockmix6_0_21_42_63_g8,generic_compressible,global_cg,1104,1,1,92274688,92274684,7689557,123032912,0.75,35328,10,"[8761901056, 13056868352]",4,16.4871585,14.90515,18.078102,0.19244989972044002,15.784785499999998,14.273939,17.320565,0.1930102882931161,5915.9414065,6176.354004,True
88,blockmix6_0_21_42_63_g8,non_compressible,global_cg,1104,0,0,92274688,92274684,7689557,123032912,0.75,35328,10,"[8669626368, 12964593664]",4,6.4417185,5.822227,7.063702,0.1927241930860531,6.4301425000000005,5.810317,7.051761,0.19306632784576694,15293.984375,15307.585449,True
88,blockmix6_0_21_42_63_hash,generic_compressible,global_cg,1104,1,1,92274688,92274684,7689557,123032912,0.75,35328,10,"[8761901056, 13056868352]",4,14.2512675,14.236192,14.262774,0.0018652376007958196,13.8949025,13.888839,13.933518,0.0032154957546480503,6806.205078,6966.9375,True
88,blockmix6_0_21_42_63_hash,non_compressible,global_cg,1104,0,0,92274688,92274684,7689557,123032912,0.75,35328,10,"[8669626368, 12964593664]",4,7.0593129999999995,7.055634,7.062157,0.0009240275930532635,7.0485515,7.047057,7.051981,0.0006985832479197929,13838.915039,13843.694336,True
96,blockmix6_0_21_42_63_g1,generic_compressible,global_cg,1104,1,1,100663296,100663296,8388608,134217728,0.75,35328,10,"[8770289664, 13065256960]",4,8.205141,7.411291,8.990671,0.19248663734114996,8.157439499999999,7.371037,8.942241,0.19260994825643502,11983.371094,12036.699218500002,True
96,blockmix6_0_21_42_63_g1,non_compressible,global_cg,1104,0,0,100663296,100663296,8388608,134217728,0.75,35328,10,"[8669626368, 12964593664]",4,6.296730999999999,5.691323,6.900716,0.19206680418776037,6.288167,5.684169,6.892302,0.1921280080506768,15656.009765499999,15656.025879,True
96,blockmix6_0_21_42_63_g1024,generic_compressible,global_cg,1104,1,1,100663296,100663296,8388608,134217728,0.75,35328,10,"[8770289664, 13065256960]",4,38.479075,38.473182,38.498076,0.0006469490235925941,35.704572999999996,34.706535,35.729963,0.02866377928675959,2497.665039,2691.0463865,True
96,blockmix6_0_21_42_63_g1024,non_compressible,global_cg,1104,0,0,100663296,100663296,8388608,134217728,0.75,35328,10,"[8669626368, 12964593664]",4,6.8965274999999995,5.693129,6.897895,0.1746916836045387,6.8875995,5.685484,6.891377,0.17508175380987243,14203.603515499999,14204.789551,True
96,blockmix6_0_21_42_63_g128,generic_compressible,global_cg,1104,1,1,100663296,100663296,8388608,134217728,0.75,35328,10,"[8770289664, 13065256960]",4,38.50201,38.47711,38.509879,0.0008510984231730947,35.801701,35.543481,36.378427,0.023321405873983535,2497.0214845,2668.9799805000002,True
96,blockmix6_0_21_42_63_g128,non_compressible,global_cg,1104,0,0,100663296,100663296,8388608,134217728,0.75,35328,10,"[8669626368, 12964593664]",4,5.967357,5.691123,6.897222,0.20211611271120533,5.963408,5.682426,6.886466,0.20190468269150794,14782.6015625,14789.567871,True
96,blockmix6_0_21_42_63_g16,generic_compressible,global_cg,1104,1,1,100663296,100663296,8388608,134217728,0.75,35328,10,"[8770289664, 13065256960]",4,24.5032895,20.330102,24.543986,0.17197217540934656,23.3530145,19.360129,23.443087,0.1748364434921238,3921.7299805000002,4113.802246,True
96,blockmix6_0_21_42_63_g16,non_compressible,global_cg,1104,0,0,100663296,100663296,8388608,134217728,0.75,35328,10,"[8669626368, 12964593664]",4,6.902633,5.69333,6.902949,0.17524023079309012,6.892742999999999,5.689089,6.893016,0.17466587685047888,14171.0371095,14168.739746,True
96,blockmix6_0_21_42_63_g2,generic_compressible,global_cg,1104,1,1,100663296,100663296,8388608,134217728,0.75,35328,10,"[8770289664, 13065256960]",4,13.301744,12.010327,14.587422,0.1937411365005972,12.926163,11.679402,14.181723,0.1935857531736216,7348.885742,7546.699707,True
96,blockmix6_0_21_42_63_g2,non_compressible,global_cg,1104,0,0,100663296,100663296,8388608,134217728,0.75,35328,10,"[8669626368, 12964593664]",4,6.2975285,5.690893,6.903582,0.1925658613533865,6.2888459999999995,5.683426,6.893521,0.19241924512064693,15648.9970705,15653.6606445,True
96,blockmix6_0_21_42_63_g256,generic_compressible,global_cg,1104,1,1,100663296,100663296,8388608,134217728,0.75,35328,10,"[8770289664, 13065256960]",4,38.500044,38.48497,38.512502,0.0007151160658413994,35.6499625,35.554662,36.371405,0.022910066174683982,2497.4877930000002,2698.1528319999998,True
96,blockmix6_0_21_42_63_g256,non_compressible,global_cg,1104,0,0,100663296,100663296,8388608,134217728,0.75,35328,10,"[8669626368, 12964593664]",4,5.6929865,5.691151,6.903371,0.2129321754056505,5.6841124999999995,5.682426,6.89226,0.21284483725471653,17191.4223635,17203.103026999997,True
96,blockmix6_0_21_42_63_g32,generic_compressible,global_cg,1104,1,1,100663296,100663296,8388608,134217728,0.75,35328,10,"[8770289664, 13065256960]",4,38.475147,38.471873,38.500698,0.0007491849218925052,35.2492505,35.224528,36.101935,0.024891507976885864,2497.5024415,2718.262695,True
96,blockmix6_0_21_42_63_g32,non_compressible,global_cg,1104,0,0,100663296,100663296,8388608,134217728,0.75,35328,10,"[8669626368, 12964593664]",4,5.692828,5.691839,6.898358,0.21193666838344669,5.685598499999999,5.682569,6.89289,0.21287486269035716,17185.283691,17188.791504,True
96,blockmix6_0_21_42_63_g4,generic_compressible,global_cg,1104,1,1,100663296,100663296,8388608,134217728,0.75,35328,10,"[8770289664, 13065256960]",4,13.267806,11.99338,14.538271,0.19180948229119418,12.9049945,11.675904,14.138269,0.1908071328507734,7393.8212889999995,7115.585449,True
96,blockmix6_0_21_42_63_g4,non_compressible,global_cg,1104,0,0,100663296,100663296,8388608,134217728,0.75,35328,10,"[8669626368, 12964593664]",4,6.296647,5.692814,6.901095,0.19189276451419296,6.289182,5.685599,6.892806,0.19194976389616333,14618.013672000001,14628.725586,True
96,blockmix6_0_21_42_63_g512,generic_compressible,global_cg,1104,1,1,100663296,100663296,8388608,134217728,0.75,35328,10,"[8770289664, 13065256960]",4,38.4947985,38.47842,38.505944,0.0007150056909636677,35.184479499999995,34.648033,35.726575,0.030653913751942784,2495.8359375,2726.511719,True
96,blockmix6_0_21_42_63_g512,non_compressible,global_cg,1104,0,0,100663296,100663296,8388608,134217728,0.75,35328,10,"[8669626368, 12964593664]",4,6.2955945,5.691667,6.901221,0.19212705011417108,6.288511,5.684312,6.892722,0.1921615466682017,15644.745117,15651.8041995,True
96,blockmix6_0_21_42_63_g64,generic_compressible,global_cg,1104,1,1,100663296,100663296,8388608,134217728,0.75,35328,10,"[8770289664, 13065256960]",4,38.491521500000005,38.487591,38.499388,0.00030648307835795443,36.5288895,36.519447,36.548963,0.000808017993539086,2496.59668,2626.6567379999997,True
96,blockmix6_0_21_42_63_g64,non_compressible,global_cg,1104,0,0,100663296,100663296,8388608,134217728,0.75,35328,10,"[8669626368, 12964593664]",4,6.9008210000000005,6.895118,6.903076,0.0011531961197081264,6.892386,6.890411,6.893184,0.0004023280181927522,14191.5581055,14189.5981445,True
96,blockmix6_0_21_42_63_g8,generic_compressible,global_cg,1104,1,1,100663296,100663296,8388608,134217728,0.75,35328,10,"[8770289664, 13065256960]",4,14.523332,13.162597,14.539954,0.09483753452720078,14.12998,12.8,14.145877,0.09524974557642685,6690.128418,6862.2739255,True
96,blockmix6_0_21_42_63_g8,non_compressible,global_cg,1104,0,0,100663296,100663296,8388608,134217728,0.75,35328,10,"[8669626368, 12964593664]",4,6.9018955,6.23488,6.902991,0.09680108891825437,6.892701,6.231169,6.892806,0.09599096203360626,14171.9033205,14173.1450195,True
96,blockmix6_0_21_42_63_hash,generic_compressible,global_cg,1104,1,1,100663296,100663296,8388608,134217728,0.75,35328,10,"[8770289664, 13065256960]",4,12.268402,10.135978,12.29388,0.17589104106631,12.059203,9.955843,12.068794,0.17521481311824677,7937.812988,8067.053222500001,True
96,blockmix6_0_21_42_63_hash,non_compressible,global_cg,1104,0,0,100663296,100663296,8388608,134217728,0.75,35328,10,"[8669626368, 12964593664]",4,6.898,5.691237,6.898863,0.1750690055088432,6.890244,5.682598,6.892722,0.17562861344242678,14199.5615235,14196.543457,True
112,blockmix6_0_21_42_63_g1,generic_compressible,global_cg,1104,1,1,117440512,117440508,9786709,156587344,0.75,35328,10,"[8787066880, 13082034176]",4,8.274020499999999,6.826749,8.274929,0.17502736426625967,8.244393500000001,6.798708,8.244815,0.1754048978860602,11806.317383,11835.5776365,True
112,blockmix6_0_21_42_63_g1,non_compressible,global_cg,1104,0,0,117440512,117440508,9786709,156587344,0.75,35328,10,"[8669626368, 12964593664]",4,6.678557,5.509911,6.683196,0.1756794169758527,6.673589,5.503741,6.674279,0.1753985748897633,14655.232422000001,14651.710449499999,True
112,blockmix6_0_21_42_63_g1024,generic_compressible,global_cg,1104,1,1,117440512,117440508,9786709,156587344,0.75,35328,10,"[8787066880, 13082034176]",4,38.3491985,38.337494,38.48366,0.003811448627798594,34.523833499999995,33.841106,35.203688,0.03946786500404123,2496.765625,2776.510254,True
112,blockmix6_0_21_42_63_g1024,non_compressible,global_cg,1104,0,0,117440512,117440508,9786709,156587344,0.75,35328,10,"[8669626368, 12964593664]",4,6.0945564999999995,5.506905,6.67909,0.19233310906216078,6.08922,5.503688,6.676683,0.19263468884356277,16193.9658205,16193.261718500002,True
112,blockmix6_0_21_42_63_g128,generic_compressible,global_cg,1104,1,1,117440512,117440508,9786709,156587344,0.75,35328,10,"[8787066880, 13082034176]",4,38.422931,38.362211,38.48366,0.003160846839091957,36.0025875,35.042186,36.069683,0.02853953205446683,2496.466797,2664.3896485,True
112,blockmix6_0_21_42_63_g128,non_compressible,global_cg,1104,0,0,117440512,117440508,9786709,156587344,0.75,35328,10,"[8669626368, 12964593664]",4,6.675815500000001,5.510153,6.677472,0.1748578881486464,6.671994,5.504626,6.673648,0.17521328706230851,14656.425293,14649.465332,True
112,blockmix6_0_21_42_63_g16,generic_compressible,global_cg,1104,1,1,117440512,117440508,9786709,156587344,0.75,35328,10,"[8787066880, 13082034176]",4,17.9335645,17.90431,17.937832,0.0018692324105451198,17.481130999999998,17.476131,17.486404,0.0005876622056090955,5401.6865235000005,5528.6962889999995,True
112,blockmix6_0_21_42_63_g16,non_compressible,global_cg,1104,0,0,117440512,117440508,9786709,156587344,0.75,35328,10,"[8669626368, 12964593664]",4,6.678537,6.670773,6.678971,0.0012275143493253311,6.6736875,6.664796,6.674318,0.0014267974039840006,14647.142089500001,14635.4521485,True
112,blockmix6_0_21_42_63_g2,generic_compressible,global_cg,1104,1,1,117440512,117440508,9786709,156587344,0.75,35328,10,"[8787066880, 13082034176]",4,11.2167405,9.264614,11.218466,0.17419071075059633,11.068702,9.135912,11.076019,0.1752786370073023,8686.775390499999,8789.880859500001,True
112,blockmix6_0_21_42_63_g2,non_compressible,global_cg,1104,0,0,117440512,117440508,9786709,156587344,0.75,35328,10,"[8669626368, 12964593664]",4,6.6786555,5.511738,6.678971,0.17477065556083848,6.673294,5.505752,6.675106,0.17522890494559362,14649.9765625,14642.0,True
112,blockmix6_0_21_42_63_g256,generic_compressible,global_cg,1104,1,1,117440512,117440508,9786709,156587344,0.75,35328,10,"[8787066880, 13082034176]",4,38.424229,38.341394,38.481039,0.003634295433748367,35.004228499999996,34.976053,35.94239,0.02760629333681795,2496.3808595,2742.0756835,True
112,blockmix6_0_21_42_63_g256,non_compressible,global_cg,1104,0,0,117440512,117440508,9786709,156587344,0.75,35328,10,"[8669626368, 12964593664]",4,5.5096825,5.508703,6.038168,0.09609718890335334,5.505832,5.505162,6.667626,0.21113321292767379,17759.7890625,17755.463379,True
112,blockmix6_0_21_42_63_g32,generic_compressible,global_cg,1104,1,1,117440512,117440508,9786709,156587344,0.75,35328,10,"[8787066880, 13082034176]",4,38.3426945,38.321898,38.371325,0.0012890851997895308,35.079233,34.400267,35.649965,0.035625009246924015,2498.227539,2733.1049805000002,True
112,blockmix6_0_21_42_63_g32,non_compressible,global_cg,1104,0,0,117440512,117440508,9786709,156587344,0.75,35328,10,"[8669626368, 12964593664]",4,6.090633,5.508112,6.674476,0.19150127745342735,6.0878499999999995,5.50543,6.67416,0.19197746330806445,16213.840332,16187.197754,True
112,blockmix6_0_21_42_63_g4,generic_compressible,global_cg,1104,1,1,117440512,117440508,9786709,156587344,0.75,35328,10,"[8787066880, 13082034176]",4,10.229153,9.251649,11.209789,0.19142738406591436,10.0868345,9.122568,11.053277,0.19140881115874364,9619.3427735,9740.197754,True
112,blockmix6_0_21_42_63_g4,non_compressible,global_cg,1104,0,0,117440512,117440508,9786709,156587344,0.75,35328,10,"[8669626368, 12964593664]",4,6.093274,5.509589,6.678892,0.19190061041075787,6.089864,5.50484,6.674082,0.19199804790386132,16212.921387,16199.8305665,True
112,blockmix6_0_21_42_63_g512,generic_compressible,global_cg,1104,1,1,117440512,117440508,9786709,156587344,0.75,35328,10,"[8787066880, 13082034176]",4,38.387627499999994,38.342694,38.415658,0.0019007165785382004,33.739103,33.703894,34.94362,0.036744486064137646,2496.3754885,2797.1279295,True
112,blockmix6_0_21_42_63_g512,non_compressible,global_cg,1104,0,0,117440512,117440508,9786709,156587344,0.75,35328,10,"[8669626368, 12964593664]",4,5.5102465,5.508247,6.670773,0.21097531662149774,5.507013000000001,5.504599,6.666014,0.21089745021484418,16635.2861325,16633.714843499998,True
112,blockmix6_0_21_42_63_g64,generic_compressible,global_cg,1104,1,1,117440512,117440508,9786709,156587344,0.75,35328,10,"[8787066880, 13082034176]",4,38.47973,38.370023,38.499387,0.00336187390088224,36.084077,35.255287,36.098478,0.023367398312557568,2496.1225585,2656.196289,True
112,blockmix6_0_21_42_63_g64,non_compressible,global_cg,1104,0,0,117440512,117440508,9786709,156587344,0.75,35328,10,"[8669626368, 12964593664]",4,6.3553185,5.509884,6.674042,0.18317854565432093,6.3509305000000005,5.505162,6.668767,0.1832180339558116,14829.502929999999,14833.618652000001,True
112,blockmix6_0_21_42_63_g8,generic_compressible,global_cg,1104,1,1,117440512,117440508,9786709,156587344,0.75,35328,10,"[8787066880, 13082034176]",4,11.2094025,9.264234,11.216128,0.17413006625464644,11.057062,9.1399,11.064853,0.17409262966961736,8693.8154295,8802.778320000001,True
112,blockmix6_0_21_42_63_g8,non_compressible,global_cg,1104,0,0,117440512,117440508,9786709,156587344,0.75,35328,10,"[8669626368, 12964593664]",4,6.676328,5.510206,6.679089,0.17507872591041065,6.6716595,5.50543,6.67357,0.1750898708184973,14649.479004,14638.759765499999,True
112,blockmix6_0_21_42_63_hash,generic_compressible,global_cg,1104,1,1,117440512,117440508,9786709,156587344,0.75,35328,10,"[8787066880, 13082034176]",4,9.304421000000001,8.415311,10.195211,0.19129615910544023,9.2099695,8.327963,10.095156,0.1918782684350908,10580.208007500001,10673.3950195,True
112,blockmix6_0_21_42_63_hash,non_compressible,global_cg,1104,0,0,117440512,117440508,9786709,156587344,0.75,35328,10,"[8669626368, 12964593664]",4,6.091635500000001,5.50712,6.678813,0.19234456821981555,6.0881799999999995,5.504653,6.671955,0.1917325046237134,16207.291992,16203.020996000001,True
128,blockmix6_0_21_42_63_g1,generic_compressible,global_cg,1104,1,1,134217728,134217720,11184810,178956960,0.75,35328,10,"[8803844096, 13098811392]",4,7.820146,6.45603,7.821499,0.17460914412595366,7.798299,6.435998,7.800613,0.174988802045164,12493.460937,12512.704590000001,True
128,blockmix6_0_21_42_63_g1,non_compressible,global_cg,1104,0,0,134217728,134217720,11184810,178956960,0.75,35328,10,"[8669626368, 12964593664]",4,6.5284885,5.387393,6.528546,0.1747958964774159,6.525945,5.385315,6.529036,0.17525752975239592,14983.867676,14973.665039,True
128,blockmix6_0_21_42_63_g1024,generic_compressible,global_cg,1104,1,1,134217728,134217720,11184810,178956960,0.75,35328,10,"[8803844096, 13098811392]",4,36.319326000000004,30.30333,36.892471,0.18142244710157895,32.7570405,27.276359,33.231313,0.18179157546299093,2582.9453125,2872.9389645,True
128,blockmix6_0_21_42_63_g1024,non_compressible,global_cg,1104,0,0,134217728,134217720,11184810,178956960,0.75,35328,10,"[8669626368, 12964593664]",4,6.5237455,5.387522,6.528395,0.1748800593156186,6.523517,5.385392,6.526812,0.17497003533523392,15005.7924805,14990.3154295,True
128,blockmix6_0_21_42_63_g128,generic_compressible,global_cg,1104,1,1,134217728,134217720,11184810,178956960,0.75,35328,10,"[8803844096, 13098811392]",4,38.342695,38.338794,38.48759,0.0038806870513404773,34.3767305,34.368893,35.537897,0.03400567718329121,2497.395996,2789.051758,True
128,blockmix6_0_21_42_63_g128,non_compressible,global_cg,1104,0,0,134217728,134217720,11184810,178956960,0.75,35328,10,"[8669626368, 12964593664]",4,5.387945500000001,5.386136,6.523497,0.21109363485580918,5.3862255,5.38452,6.526284,0.21197849960050877,18162.96582,18149.249512,True
128,blockmix6_0_21_42_63_g16,generic_compressible,global_cg,1104,1,1,134217728,134217720,11184810,178956960,0.75,35328,10,"[8803844096, 13098811392]",4,12.410010499999999,12.346646,14.960577,0.21063084515520766,12.215905,12.159663,14.747459,0.21183825512722956,7818.847656,7922.6352535000005,True
128,blockmix6_0_21_42_63_g16,non_compressible,global_cg,1104,0,0,134217728,134217720,11184810,178956960,0.75,35328,10,"[8669626368, 12964593664]",4,5.387586000000001,5.387265,6.526209,0.21140154421664906,5.385879,5.383237,6.528168,0.21258015636816194,18145.57959,18107.064453,True
128,blockmix6_0_21_42_63_g2,generic_compressible,global_cg,1104,1,1,134217728,134217720,11184810,178956960,0.75,35328,10,"[8803844096, 13098811392]",4,9.7179675,8.033712,9.722606,0.17379086727754556,9.636374,7.963427,9.638962,0.17387608658609546,10039.07666,10109.211426,True
128,blockmix6_0_21_42_63_g2,non_compressible,global_cg,1104,0,0,134217728,134217720,11184810,178956960,0.75,35328,10,"[8669626368, 12964593664]",4,6.5278105,5.386187,6.529639,0.17516623682626828,6.525173000000001,5.384571,6.526887,0.17506294469127484,14985.965332,14978.2700195,True
128,blockmix6_0_21_42_63_g256,generic_compressible,global_cg,1104,1,1,134217728,134217720,11184810,178956960,0.75,35328,10,"[8803844096, 13098811392]",4,38.396161500000005,38.334894,38.470565,0.0035334521655244647,34.920947999999996,34.26576,35.488808,0.03502333327262475,2497.6123045,2748.8344724999997,True
128,blockmix6_0_21_42_63_g256,non_compressible,global_cg,1104,0,0,134217728,134217720,11184810,178956960,0.75,35328,10,"[8669626368, 12964593664]",4,5.958175000000001,5.3867,6.53296,0.19238441301237372,5.9543565,5.384622,6.526925,0.1918432327657909,16590.1035155,16585.660156500002,True
128,blockmix6_0_21_42_63_g32,generic_compressible,global_cg,1104,1,1,134217728,134217720,11184810,178956960,0.75,35328,10,"[8803844096, 13098811392]",4,32.084463,19.65328,32.537877,0.40158368865329,29.135422,19.119469,29.580199,0.3590382181524607,2938.1684569999998,3249.7553715000004,True
128,blockmix6_0_21_42_63_g32,non_compressible,global_cg,1104,0,0,134217728,134217720,11184810,178956960,0.75,35328,10,"[8669626368, 12964593664]",4,5.3867905,5.381239,5.391556,0.0019152406242640562,5.385635,5.380137,5.386392,0.0011614229334144359,18146.489258,18137.683593499998,True
128,blockmix6_0_21_42_63_g4,generic_compressible,global_cg,1104,1,1,134217728,134217720,11184810,178956960,0.75,35328,10,"[8803844096, 13098811392]",4,9.235544,8.019579,9.701163,0.18207741742121514,9.1595,7.952447,9.623208,0.18240744582127844,10182.300293,10256.479004,True
128,blockmix6_0_21_42_63_g4,non_compressible,global_cg,1104,0,0,134217728,134217720,11184810,178956960,0.75,35328,10,"[8669626368, 12964593664]",4,5.9599335,5.387496,6.530431,0.19176975716255903,5.9579955,5.385315,6.526925,0.1916097452574444,15425.087890499999,15412.105957,True
128,blockmix6_0_21_42_63_g512,generic_compressible,global_cg,1104,1,1,134217728,134217720,11184810,178956960,0.75,35328,10,"[8803844096, 13098811392]",4,31.468226,29.545409,36.061629,0.2070730011917419,28.070504999999997,26.615562,32.390579,0.20573256519610184,3005.3017575,3382.7441405,True
128,blockmix6_0_21_42_63_g512,non_compressible,global_cg,1104,0,0,134217728,134217720,11184810,178956960,0.75,35328,10,"[8669626368, 12964593664]",4,5.390039,5.386341,6.526247,0.2114838130113715,5.386662,5.38493,6.526397,0.2119061860573395,18114.281738,18109.801758,True
128,blockmix6_0_21_42_63_g64,generic_compressible,global_cg,1104,1,1,134217728,134217720,11184810,178956960,0.75,35328,10,"[8803844096, 13098811392]",4,38.3583115,38.336194,38.490212,0.0040152445187792134,34.7834235,34.660779,35.798981,0.03272254095402656,2496.7192385,2723.5683595,True
128,blockmix6_0_21_42_63_g64,non_compressible,global_cg,1104,0,0,134217728,134217720,11184810,178956960,0.75,35328,10,"[8669626368, 12964593664]",4,5.389127,5.387676,6.528508,0.2116914297992978,5.387034,5.385263,6.526284,0.21180876155598802,17028.2958985,17017.4697265,True
128,blockmix6_0_21_42_63_g8,generic_compressible,global_cg,1104,1,1,134217728,134217720,11184810,178956960,0.75,35328,10,"[8803844096, 13098811392]",4,8.010119,8.004872,8.01975,0.0018574006203902218,7.9435065,7.938932,7.950154,0.0014127262311675662,12163.1674805,12251.3549805,True
128,blockmix6_0_21_42_63_g8,non_compressible,global_cg,1104,0,0,134217728,134217720,11184810,178956960,0.75,35328,10,"[8669626368, 12964593664]",4,5.3881125,5.382648,5.391093,0.0015673392120153459,5.383635,5.382084,5.386777,0.000871715857408703,18129.974121,18120.8637695,True
128,blockmix6_0_21_42_63_hash,generic_compressible,global_cg,1104,1,1,134217728,134217720,11184810,178956960,0.75,35328,10,"[8803844096, 13098811392]",4,8.31983,7.526003,9.120286,0.19162446828841453,8.267381499999999,7.474848,9.060059,0.19174281481990413,11833.630371,11896.577637,True
128,blockmix6_0_21_42_63_hash,non_compressible,global_cg,1104,0,0,134217728,134217720,11184810,178956960,0.75,35328,10,"[8669626368, 12964593664]",4,5.9574185,5.383981,6.528546,0.1921243236479022,5.954523,5.382468,6.525455,0.19195273911948946,16571.6708985,16556.015625,True
160,blockmix6_0_21_42_63_g1,generic_compressible,global_cg,1104,1,1,167772160,167772156,13981013,223696208,0.75,35328,10,"[8837398528, 13132365824]",4,6.302714,6.012765,7.284969,0.20185018707813815,6.005578,6.003346,7.272736,0.21136849775325547,14991.5815425,15246.311034999999,True
160,blockmix6_0_21_42_63_g1,non_compressible,global_cg,1104,0,0,167772160,167772156,13981013,223696208,0.75,35328,10,"[8669626368, 12964593664]",4,5.4902809999999995,5.240401,6.349746,0.202056142481596,5.489079,5.238118,6.345647,0.20176955004655597,17216.519043,17199.715332,True
160,blockmix6_0_21_42_63_g1024,generic_compressible,global_cg,1104,1,1,167772160,167772156,13981013,223696208,0.75,35328,10,"[8837398528, 13132365824]",4,18.8922405,17.106955,20.632501,0.18661344058159762,18.250061000000002,16.522405,19.938553,0.1871855661194776,5148.804199,5324.731445,True
160,blockmix6_0_21_42_63_g1024,non_compressible,global_cg,1104,0,0,167772160,167772156,13981013,223696208,0.75,35328,10,"[8669626368, 12964593664]",4,5.7933335,5.238628,6.347286,0.19136788862577997,5.7916365,5.238628,6.345504,0.19111627603009956,17009.6206055,16994.065918,True
160,blockmix6_0_21_42_63_g128,generic_compressible,global_cg,1104,1,1,167772160,167772156,13981013,223696208,0.75,35328,10,"[8837398528, 13132365824]",4,28.2802165,28.000595,33.790531,0.20473450052972544,25.81645,25.569312,30.9242,0.20742154711433985,3361.6918944999998,3688.6176754999997,True
160,blockmix6_0_21_42_63_g128,non_compressible,global_cg,1104,0,0,167772160,167772156,13981013,223696208,0.75,35328,10,"[8669626368, 12964593664]",4,5.2411175,5.239041,6.349211,0.21181933051491408,5.240717,5.238774,6.3475,0.21155998310918142,18634.074219000002,18618.428223,True
160,blockmix6_0_21_42_63_g16,generic_compressible,global_cg,1104,1,1,167772160,167772156,13981013,223696208,0.75,35328,10,"[8837398528, 13132365824]",4,10.127352,10.112495,12.243418,0.21041265278426197,10.039756,10.026127,12.145815,0.2111294338228937,9609.070801,9677.024902500001,True
160,blockmix6_0_21_42_63_g16,non_compressible,global_cg,1104,0,0,167772160,167772156,13981013,223696208,0.75,35328,10,"[8669626368, 12964593664]",4,5.2391265,5.237633,6.345112,0.2113861919539451,5.2387865,5.237852,6.345825,0.21149420767576604,18671.0190425,18655.5571285,True
160,blockmix6_0_21_42_63_g2,generic_compressible,global_cg,1104,1,1,167772160,167772156,13981013,223696208,0.75,35328,10,"[8837398528, 13132365824]",4,7.601818,6.873528,8.328822,0.19144025810667928,7.5679715000000005,6.845641,8.290465,0.19091298110728874,12955.832031,12980.845702999999,True
160,blockmix6_0_21_42_63_g2,non_compressible,global_cg,1104,0,0,167772160,167772156,13981013,223696208,0.75,35328,10,"[8669626368, 12964593664]",4,5.792697,5.238847,6.347856,0.1914495096152967,5.7917205,5.238434,6.344044,0.19089491628610192,17006.430175999998,16995.8481445,True
160,blockmix6_0_21_42_63_g256,generic_compressible,global_cg,1104,1,1,167772160,167772156,13981013,223696208,0.75,35328,10,"[8837398528, 13132365824]",4,28.207643,27.952132,33.666757,0.2025913685875845,25.801026,25.601159,30.83143,0.20271562068888274,3371.506836,3696.7255855,True
160,blockmix6_0_21_42_63_g256,non_compressible,global_cg,1104,0,0,167772160,167772156,13981013,223696208,0.75,35328,10,"[8669626368, 12964593664]",4,5.240061,5.238798,6.349139,0.21189467069181067,5.2389925,5.237536,6.346466,0.21166856031956524,18641.088867,18628.8876955,True
160,blockmix6_0_21_42_63_g32,generic_compressible,global_cg,1104,1,1,167772160,167772156,13981013,223696208,0.75,35328,10,"[8837398528, 13132365824]",4,21.64069,19.55977,23.582461,0.18588552398283043,20.8351265,18.840344,22.746856,0.18749643780660508,4480.2353515,4647.242676,True
160,blockmix6_0_21_42_63_g32,non_compressible,global_cg,1104,0,0,167772160,167772156,13981013,223696208,0.75,35328,10,"[8669626368, 12964593664]",4,5.793016,5.238701,6.349496,0.19174726947068685,5.7932595,5.238483,6.347606,0.19145059875187714,17044.4956055,17032.250488,True
160,blockmix6_0_21_42_63_g4,generic_compressible,global_cg,1104,1,1,167772160,167772156,13981013,223696208,0.75,35328,10,"[8837398528, 13132365824]",4,7.5926475,6.8686,8.317424,0.19081934200158784,7.5612645,6.838601,8.287365,0.1916034017855082,12983.5004885,13020.474121,True
160,blockmix6_0_21_42_63_g4,non_compressible,global_cg,1104,0,0,167772160,167772156,13981013,223696208,0.75,35328,10,"[8669626368, 12964593664]",4,5.793946,5.240255,6.348783,0.19132522118777076,5.793101500000001,5.238507,6.349353,0.19175324305987035,17036.129882999998,17019.095703,True
160,blockmix6_0_21_42_63_g512,generic_compressible,global_cg,1104,1,1,167772160,167772156,13981013,223696208,0.75,35328,10,"[8837398528, 13132365824]",4,17.050717499999998,16.971866,20.445924,0.20374849328188116,16.4421445,16.364789,19.702947,0.2030244899015456,5298.069824,5493.1259764999995,True
160,blockmix6_0_21_42_63_g512,non_compressible,global_cg,1104,0,0,167772160,167772156,13981013,223696208,0.75,35328,10,"[8669626368, 12964593664]",4,5.2402555,5.238968,6.337962,0.2097214534672976,5.2406805,5.238361,6.340308,0.21026792226696514,17489.6777345,17461.008789,True
160,blockmix6_0_21_42_63_g64,generic_compressible,global_cg,1104,1,1,167772160,167772156,13981013,223696208,0.75,35328,10,"[8837398528, 13132365824]",4,35.578159,33.53692,38.070248,0.12741884705164191,31.928697,29.939776,34.518963,0.14341916301814636,2556.1621095,2852.878906,True
160,blockmix6_0_21_42_63_g64,non_compressible,global_cg,1104,0,0,167772160,167772156,13981013,223696208,0.75,35328,10,"[8669626368, 12964593664]",4,6.040458,5.238798,6.345576,0.18322749698781124,6.0397525000000005,5.235814,6.348604,0.1842443047128172,15607.088379,15586.569336,True
160,blockmix6_0_21_42_63_g8,generic_compressible,global_cg,1104,1,1,167772160,167772156,13981013,223696208,0.75,35328,10,"[8837398528, 13132365824]",4,6.8661805000000005,6.864346,8.321282,0.21219016890103598,6.838105,6.833971,8.283478,0.21197495504968125,14224.199219,14272.645507500001,True
160,blockmix6_0_21_42_63_g8,non_compressible,global_cg,1104,0,0,167772160,167772156,13981013,223696208,0.75,35328,10,"[8669626368, 12964593664]",4,5.2406195,5.240304,6.345754,0.21093880217787234,5.2397935,5.238774,6.347927,0.21167876176799716,18666.510742500002,18655.814453,True
160,blockmix6_0_21_42_63_hash,generic_compressible,global_cg,1104,1,1,167772160,167772156,13981013,223696208,0.75,35328,10,"[8837398528, 13132365824]",4,6.633276,6.631214,6.633938,0.0004106568157272103,6.609735000000001,6.603943,6.610662,0.0010165309199233366,14681.0200195,14715.456543,True
160,blockmix6_0_21_42_63_hash,non_compressible,global_cg,1104,0,0,167772160,167772156,13981013,223696208,0.75,35328,10,"[8669626368, 12964593664]",4,5.2396484999999995,5.238895,5.740015,0.09564000333228448,5.2407655,5.238434,5.737335,0.09519620750060273,18629.125,18023.095703,True
192,blockmix6_0_21_42_63_g1,generic_compressible,global_cg,1104,1,1,201326592,201326592,16777216,268435456,0.75,35328,10,"[8870952960, 13165920256]",4,6.3659815,5.757907,6.974194,0.19106040443252928,6.3575444999999995,5.750439,6.967146,0.19138002101282967,15469.2617185,15473.877929999999,True
192,blockmix6_0_21_42_63_g1,non_compressible,global_cg,1104,0,0,201326592,201326592,16777216,268435456,0.75,35328,10,"[8669626368, 12964593664]",4,5.69465,5.150183,6.23808,0.1910384308078635,5.695081,5.150464,6.24018,0.1913433715868131,17305.6464845,17288.908203,True
192,blockmix6_0_21_42_63_g1024,generic_compressible,global_cg,1104,1,1,201326592,201326592,16777216,268435456,0.75,35328,10,"[8870952960, 13165920256]",4,14.7614515,13.364574,18.381451,0.3398633935151973,14.521982999999999,13.147595,18.075501,0.33934112166361846,6632.417969,6732.3115235000005,True
192,blockmix6_0_21_42_63_g1024,non_compressible,global_cg,1104,0,0,201326592,201326592,16777216,268435456,0.75,35328,10,"[8669626368, 12964593664]",4,5.6948325,5.151802,7.126891,0.34682126296076304,5.696841,5.153164,7.12761,0.34658611676190354,17337.8193355,17317.080078,True
192,blockmix6_0_21_42_63_g128,generic_compressible,global_cg,1104,1,1,201326592,201326592,16777216,268435456,0.75,35328,10,"[8870952960, 13165920256]",4,21.255551,19.221873,23.210135,0.18763390325661294,21.335068,18.525129,22.326375,0.17816891888978273,4268.935058499999,4337.4018555,True
192,blockmix6_0_21_42_63_g128,non_compressible,global_cg,1104,0,0,201326592,201326592,16777216,268435456,0.75,35328,10,"[8669626368, 12964593664]",4,5.9382975,5.151732,6.236634,0.18269579791177515,5.937035,5.151614,6.237598,0.18291689370199096,15879.734375,15843.763672,True
192,blockmix6_0_21_42_63_g16,generic_compressible,global_cg,1104,1,1,201326592,201326592,16777216,268435456,0.75,35328,10,"[8870952960, 13165920256]",4,9.1042755,9.10105,9.109924,0.000974706883595374,9.055595499999999,9.051644,9.057373,0.0006326475161131633,10704.669922000001,10105.1225585,True
192,blockmix6_0_21_42_63_g16,non_compressible,global_cg,1104,0,0,201326592,201326592,16777216,268435456,0.75,35328,10,"[8669626368, 12964593664]",4,5.1516965,5.150206,5.152507,0.0004466489825245157,5.151543500000001,5.150323,5.15495,0.0008981774103237521,18969.2094725,18952.47168,True
192,blockmix6_0_21_42_63_g2,generic_compressible,global_cg,1104,1,1,201326592,201326592,16777216,268435456,0.75,35328,10,"[8870952960, 13165920256]",4,6.335281,6.332495,7.670776,0.21124256366844663,6.316626,6.312869,7.646753,0.21117033048972667,14465.854492,14500.432129,True
192,blockmix6_0_21_42_63_g2,non_compressible,global_cg,1104,0,0,201326592,201326592,16777216,268435456,0.75,35328,10,"[8669626368, 12964593664]",4,5.153059,5.149291,6.237667,0.2112096911756687,5.153047,5.150206,6.240146,0.21151369277245102,17782.9560545,17763.532715,True
192,blockmix6_0_21_42_63_g256,generic_compressible,global_cg,1104,1,1,201326592,201326592,16777216,268435456,0.75,35328,10,"[8870952960, 13165920256]",4,18.899558499999998,18.879043,22.737248,0.20414259941574836,18.200052,18.177515,21.925409,0.2059276533935177,5084.3725589999995,5280.1831055,True
192,blockmix6_0_21_42_63_g256,non_compressible,global_cg,1104,0,0,201326592,201326592,16777216,268435456,0.75,35328,10,"[8669626368, 12964593664]",4,5.1517905,5.148728,6.231134,0.21010287588363694,5.1524125,5.15199,6.231546,0.2095243732911525,18963.38916,18946.569336,True
192,blockmix6_0_21_42_63_g32,generic_compressible,global_cg,1104,1,1,201326592,201326592,16777216,268435456,0.75,35328,10,"[8870952960, 13165920256]",4,18.787748,15.552076,18.809623,0.173386773124698,18.447440999999998,15.24278,18.473364,0.1751236933079228,5141.2421875,5230.65625,True
192,blockmix6_0_21_42_63_g32,non_compressible,global_cg,1104,0,0,201326592,201326592,16777216,268435456,0.75,35328,10,"[8669626368, 12964593664]",4,6.238011,5.150277,6.240559,0.17478039073672685,6.23808,5.153587,6.240318,0.17420921180876173,15682.877929999999,15663.465332,True
192,blockmix6_0_21_42_63_g4,generic_compressible,global_cg,1104,1,1,201326592,201326592,16777216,268435456,0.75,35328,10,"[8870952960, 13165920256]",4,6.330208,6.327533,7.658461,0.21025027929571985,6.3118645,6.30917,7.641998,0.2111623277083974,15441.5317385,15469.36084,True
192,blockmix6_0_21_42_63_g4,non_compressible,global_cg,1104,0,0,201326592,201326592,16777216,268435456,0.75,35328,10,"[8669626368, 12964593664]",4,5.151837499999999,5.15152,6.23746,0.2107869279650222,5.152941,5.150488,6.239491,0.21133620586767826,18986.7905275,18974.1850585,True
192,blockmix6_0_21_42_63_g512,generic_compressible,global_cg,1104,1,1,201326592,201326592,16777216,268435456,0.75,35328,10,"[8870952960, 13165920256]",4,14.716391,13.312169,16.131277,0.19156245576785777,14.491132,13.077785,15.869506,0.19265030502793012,6644.485839999999,6737.4858395,True
192,blockmix6_0_21_42_63_g512,non_compressible,global_cg,1104,0,0,201326592,201326592,16777216,268435456,0.75,35328,10,"[8669626368, 12964593664]",4,5.694696499999999,5.149948,6.241352,0.19165270704066495,5.695086,5.150159,6.242903,0.19187489003677902,17335.951172,17319.9853515,True
192,blockmix6_0_21_42_63_g64,generic_compressible,global_cg,1104,1,1,201326592,201326592,16777216,268435456,0.75,35328,10,"[8870952960, 13165920256]",4,23.746236,21.52055,25.891396,0.1840647924159433,22.631512999999998,20.477404,24.701117,0.18662972290009955,4071.5722655,4276.041016,True
192,blockmix6_0_21_42_63_g64,non_compressible,global_cg,1104,0,0,201326592,201326592,16777216,268435456,0.75,35328,10,"[8669626368, 12964593664]",4,5.695067,5.151661,6.237942,0.19074068838874073,5.6957465,5.152225,6.239732,0.19093318145391486,17329.3349605,17313.6577145,True
192,blockmix6_0_21_42_63_g8,generic_compressible,global_cg,1104,1,1,201326592,201326592,16777216,268435456,0.75,35328,10,"[8870952960, 13165920256]",4,6.9961145,6.327639,7.663548,0.19095013382070863,6.978019,6.311636,7.644426,0.19099833348117856,14092.256836,14110.7075195,True
192,blockmix6_0_21_42_63_g8,non_compressible,global_cg,1104,0,0,201326592,201326592,16777216,268435456,0.75,35328,10,"[8669626368, 12964593664]",4,5.6945025000000005,5.150441,6.238183,0.19101615988402856,5.6964665,5.153047,6.240249,0.19085550665487114,17340.3432615,17317.327637,True
192,blockmix6_0_21_42_63_hash,generic_compressible,global_cg,1104,1,1,201326592,201326592,16777216,268435456,0.75,35328,10,"[8870952960, 13165920256]",4,7.482962000000001,6.176899,8.545589,0.31654443788435643,7.4617735,6.164874,8.522205,0.3159210072511581,13026.0307615,13045.0356445,True
192,blockmix6_0_21_42_63_hash,non_compressible,global_cg,1104,0,0,201326592,201326592,16777216,268435456,0.75,35328,10,"[8669626368, 12964593664]",4,6.2353625,5.148799,7.130982,0.3178937872497389,6.2369785,5.149807,7.125903,0.3168354676867974,15660.2382815,15641.514648,True
224,blockmix6_0_21_42_63_g1,generic_compressible,global_cg,1104,1,1,234881024,234881016,19573418,313174688,0.75,35328,10,"[8904507392, 13199474688]",4,6.180543500000001,5.590012,6.770572,0.19101232763752893,6.174896,5.584572,6.765143,0.19118880706654823,14899.976563,14901.8725585,True
224,blockmix6_0_21_42_63_g1,non_compressible,global_cg,1104,0,0,234881024,234881016,19573418,313174688,0.75,35328,10,"[8669626368, 12964593664]",4,5.629500500000001,5.092026,6.167901,0.1911137586718395,5.631671,5.091292,6.166958,0.19100299005392893,17519.722168,17092.8339845,True
224,blockmix6_0_21_42_63_g1024,generic_compressible,global_cg,1104,1,1,234881024,234881016,19573418,313174688,0.75,35328,10,"[8904507392, 13199474688]",4,15.1760875,11.738096,16.16241,0.29153192481263707,15.036392499999998,11.617708,16.010877,0.29216908244447604,6419.9150389999995,6469.595703499999,True
224,blockmix6_0_21_42_63_g1024,non_compressible,global_cg,1104,0,0,234881024,234881016,19573418,313174688,0.75,35328,10,"[8669626368, 12964593664]",4,6.6008765,5.092485,7.040168,0.2950642994153883,6.6030940000000005,5.094,7.042272,0.2950544093420447,14881.706054999999,14855.200195000001,True
224,blockmix6_0_21_42_63_g128,generic_compressible,global_cg,1104,1,1,234881024,234881016,19573418,313174688,0.75,35328,10,"[8904507392, 13199474688]",4,19.012954999999998,15.701769,21.545979,0.3073804150906579,18.607538499999997,15.382572,21.09646,0.30707382386982573,5079.120117500001,5179.481933499999,True
224,blockmix6_0_21_42_63_g128,non_compressible,global_cg,1104,0,0,234881024,234881016,19573418,313174688,0.75,35328,10,"[8669626368, 12964593664]",4,6.1640835,5.092806,7.029792,0.3142374693658837,6.167479999999999,5.093426,7.038151,0.3153192227619709,15871.470215000001,15847.777832,True
224,blockmix6_0_21_42_63_g16,generic_compressible,global_cg,1104,1,1,234881024,234881016,19573418,313174688,0.75,35328,10,"[8904507392, 13199474688]",4,9.403184,8.517517,10.301492,0.18972031175822998,9.3747585,8.486443,10.264825,0.18969896664538083,9762.8925785,9788.7026365,True
224,blockmix6_0_21_42_63_g16,non_compressible,global_cg,1104,0,0,234881024,234881016,19573418,313174688,0.75,35328,10,"[8669626368, 12964593664]",4,5.6284805,5.09237,6.167766,0.19106328963918423,5.630556,5.094504,6.16642,0.1903748049038141,17516.2958985,17496.3452145,True
224,blockmix6_0_21_42_63_g2,generic_compressible,global_cg,1104,1,1,234881024,234881016,19573418,313174688,0.75,35328,10,"[8904507392, 13199474688]",4,6.019921,6.016861,7.287786,0.21111988014460656,6.006487,6.005259,7.274328,0.21128306778987452,16212.718261999999,16232.9370115,True
224,blockmix6_0_21_42_63_g2,non_compressible,global_cg,1104,0,0,234881024,234881016,19573418,313174688,0.75,35328,10,"[8669626368, 12964593664]",4,5.093357,5.092095,6.163663,0.21038540985837043,5.0939305,5.093403,6.16716,0.21079145072748826,19179.476074,19165.945801,True
224,blockmix6_0_21_42_63_g256,generic_compressible,global_cg,1104,1,1,234881024,234881016,19573418,313174688,0.75,35328,10,"[8904507392, 13199474688]",4,17.300747,15.662829,21.519731,0.3385346309035095,18.127886,15.387807,21.067367,0.3133051476603505,5266.796875,5109.0664065,True
224,blockmix6_0_21_42_63_g256,non_compressible,global_cg,1104,0,0,234881024,234881016,19573418,313174688,0.75,35328,10,"[8669626368, 12964593664]",4,5.629602500000001,5.095216,7.040255,0.345502013685691,5.6318135,5.094091,7.042141,0.3459010139451529,16332.5498045,16318.0043945,True
224,blockmix6_0_21_42_63_g32,generic_compressible,global_cg,1104,1,1,234881024,234881016,19573418,313174688,0.75,35328,10,"[8904507392, 13199474688]",4,16.5333075,16.500941,18.775261,0.1375598923566866,16.341870999999998,16.314486,18.562543,0.1375642360657481,5856.040527499999,5911.4291995,True
224,blockmix6_0_21_42_63_g32,non_compressible,global_cg,1104,0,0,234881024,234881016,19573418,313174688,0.75,35328,10,"[8669626368, 12964593664]",4,6.165159,6.164067,7.031366,0.14067747482262827,6.166942,6.166117,7.035567,0.14098559707550365,15862.500488000001,15841.270507500001,True
224,blockmix6_0_21_42_63_g4,generic_compressible,global_cg,1104,1,1,234881024,234881016,19573418,313174688,0.75,35328,10,"[8904507392, 13199474688]",4,6.6476655000000004,6.012925,7.758428,0.2625738313698245,6.6349005,6.002804,7.746731,0.2628414698909199,14813.755859500001,14831.724609500001,True
224,blockmix6_0_21_42_63_g4,non_compressible,global_cg,1104,0,0,234881024,234881016,19573418,313174688,0.75,35328,10,"[8669626368, 12964593664]",4,5.629598,5.092462,6.1678,0.1910150600451399,5.630429,5.093816,6.172649,0.19160760219159134,17514.9399415,17494.538574000002,True
224,blockmix6_0_21_42_63_g512,generic_compressible,global_cg,1104,1,1,234881024,234881016,19573418,313174688,0.75,35328,10,"[8904507392, 13199474688]",4,14.1289065,11.663135,16.075079,0.3122636560727469,13.981189,11.54899,15.90993,0.3119148164008082,6856.499512,6915.0610355,True
224,blockmix6_0_21_42_63_g512,non_compressible,global_cg,1104,0,0,234881024,234881016,19573418,313174688,0.75,35328,10,"[8669626368, 12964593664]",4,6.167043,5.093219,7.034516,0.31478570848297954,6.166387,5.093655,7.039685,0.315586744717774,15854.796875,15832.303711,True
224,blockmix6_0_21_42_63_g64,generic_compressible,global_cg,1104,1,1,234881024,234881016,19573418,313174688,0.75,35328,10,"[8904507392, 13199474688]",4,17.1356215,17.081881,20.61745,0.20632861200861624,16.6978735,16.689244,20.128122,0.2059470626604042,4947.9731445,5085.5615235000005,True
224,blockmix6_0_21_42_63_g64,non_compressible,global_cg,1104,0,0,234881024,234881016,19573418,313174688,0.75,35328,10,"[8669626368, 12964593664]",4,5.0929895,5.09221,6.164134,0.2104704908580707,5.095469,5.093196,6.166084,0.21055726175549294,16827.083007499998,16835.731934,True
224,blockmix6_0_21_42_63_g8,generic_compressible,global_cg,1104,1,1,234881024,234881016,19573418,313174688,0.75,35328,10,"[8904507392, 13199474688]",4,7.278824,6.013021,8.309416,0.31548983736933334,7.267383499999999,6.002325,8.299959,0.3161569772669902,13432.9213865,13432.697265499999,True
224,blockmix6_0_21_42_63_g8,non_compressible,global_cg,1104,0,0,234881024,234881016,19573418,313174688,0.75,35328,10,"[8669626368, 12964593664]",4,6.1657645,5.092324,7.037713,0.31551464542637014,6.1665715,5.09455,7.041483,0.3157237372501074,15869.4257815,15843.801757500001,True
224,blockmix6_0_21_42_63_hash,generic_compressible,global_cg,1104,1,1,234881024,234881016,19573418,313174688,0.75,35328,10,"[8904507392, 13199474688]",4,7.033586,5.904853,8.166318,0.3215237575825476,7.0228175,5.897399,8.147308,0.32037127548879074,14208.731445000001,14216.397461,True
224,blockmix6_0_21_42_63_hash,non_compressible,global_cg,1104,0,0,234881024,234881016,19573418,313174688,0.75,35328,10,"[8669626368, 12964593664]",4,6.0636695,5.090994,7.041132,0.3216102064929495,6.064904,5.092806,7.041351,0.3212820845968871,16521.876465,16480.4658205,True
240,blockmix6_0_21_42_63_g1,generic_compressible,global_cg,1104,1,1,251658240,251658240,20971520,335544320,0.75,35328,10,"[8921284608, 13216251904]",4,6.6928105,5.529287,7.640242,0.3154063603025963,6.688771,5.525639,7.63168,0.3148621772220936,14603.493164,14598.100097999999,True
240,blockmix6_0_21_42_63_g1,non_compressible,global_cg,1104,0,0,251658240,251658240,20971520,335544320,0.75,35328,10,"[8669626368, 12964593664]",4,6.1360135,5.067671,7.001449,0.3151521749422488,6.1371459999999995,5.070671,7.007656,0.3156165748704691,15943.822754,15908.386718999998,True
240,blockmix6_0_21_42_63_g1024,generic_compressible,global_cg,1104,1,1,251658240,251658240,20971520,335544320,0.75,35328,10,"[8921284608, 13216251904]",4,14.505954,11.216907,15.455547,0.292200016627655,14.379852,11.125725,15.316714,0.2914486880671651,6725.9526365,6764.2578125,True
240,blockmix6_0_21_42_63_g1024,non_compressible,global_cg,1104,0,0,251658240,251658240,20971520,335544320,0.75,35328,10,"[8669626368, 12964593664]",4,6.569578999999999,5.067557,7.001709,0.294410341971685,6.57011,5.070125,7.004659,0.2944446896627302,14949.775879,14930.426758000001,True
240,blockmix6_0_21_42_63_g128,generic_compressible,global_cg,1104,1,1,251658240,251658240,20971520,335544320,0.75,35328,10,"[8921284608, 13216251904]",4,18.967062,14.709083,20.23259,0.291215740213218,18.665259499999998,14.460169,19.888043,0.29080088599893295,5109.553222500001,5185.770995999999,True
240,blockmix6_0_21_42_63_g128,non_compressible,global_cg,1104,0,0,251658240,251658240,20971520,335544320,0.75,35328,10,"[8669626368, 12964593664]",4,6.568077000000001,5.069262,7.006873,0.29500430643550607,6.571185,5.068284,7.008611,0.2952780967207589,14955.251464500001,14935.746582,True
240,blockmix6_0_21_42_63_g16,generic_compressible,global_cg,1104,1,1,251658240,251658240,20971520,335544320,0.75,35328,10,"[8921284608, 13216251904]",4,10.760432,10.048496,11.476418,0.13270117779657922,10.7224105,10.021861,11.442499,0.13249240923950825,9093.1440425,9107.9179685,True
240,blockmix6_0_21_42_63_g16,non_compressible,global_cg,1104,0,0,251658240,251658240,20971520,335544320,0.75,35328,10,"[8669626368, 12964593664]",4,6.5678944999999995,6.135264,7.004269,0.1323110473226998,6.572027,6.136529,7.008351,0.13265648482576226,14952.331054999999,14930.357422000001,True
240,blockmix6_0_21_42_63_g2,generic_compressible,global_cg,1104,1,1,251658240,251658240,20971520,335544320,0.75,35328,10,"[8921284608, 13216251904]",4,7.028408000000001,5.900631,8.159009,0.3213214144654094,7.0208385,5.891283,8.147367,0.32134110476975075,14243.8149415,14242.326660499999,True
240,blockmix6_0_21_42_63_g2,non_compressible,global_cg,1104,0,0,251658240,251658240,20971520,335544320,0.75,35328,10,"[8669626368, 12964593664]",4,6.0380085,5.070353,7.005311,0.32046294734431063,6.038544,5.070648,7.008046,0.32083859950345645,15448.8125,15431.2543945,True
240,blockmix6_0_21_42_63_g256,generic_compressible,global_cg,1104,1,1,251658240,251658240,20971520,335544320,0.75,35328,10,"[8921284608, 13216251904]",4,17.931705,14.574069,19.920986,0.2981822977792686,18.4576885,14.3413,19.632461,0.2866643350276498,5205.6494145,5261.9409175,True
240,blockmix6_0_21_42_63_g256,non_compressible,global_cg,1104,0,0,251658240,251658240,20971520,335544320,0.75,35328,10,"[8669626368, 12964593664]",4,6.2772185,5.071854,7.004529,0.3078871637174968,6.278978499999999,5.071991,7.009654,0.30859525956331924,15133.302734500001,15096.098633000001,True
240,blockmix6_0_21_42_63_g32,generic_compressible,global_cg,1104,1,1,251658240,251658240,20971520,335544320,0.75,35328,10,"[8921284608, 13216251904]",4,16.8988515,13.067203,18.007837,0.2923650758159511,16.7195995,12.947922,17.835105,0.2923026355984184,5756.515625,5803.111328499999,True
240,blockmix6_0_21_42_63_g32,non_compressible,global_cg,1104,0,0,251658240,251658240,20971520,335544320,0.75,35328,10,"[8669626368, 12964593664]",4,6.5699559999999995,5.071763,7.00505,0.2942617880545928,6.5703945,5.071581,7.007786,0.29468626275028087,14951.392578,14928.088867,True
240,blockmix6_0_21_42_63_g4,generic_compressible,global_cg,1104,1,1,251658240,251658240,20971520,335544320,0.75,35328,10,"[8921284608, 13216251904]",4,7.6480635,5.900785,8.155066,0.29475186758059735,7.637365000000001,5.896292,8.145195,0.29446058948341464,12837.739258,12845.760254,True
240,blockmix6_0_21_42_63_g4,non_compressible,global_cg,1104,0,0,251658240,251658240,20971520,335544320,0.75,35328,10,"[8669626368, 12964593664]",4,6.5689335,5.071536,7.002056,0.2938863667899819,6.570233999999999,5.071991,7.008872,0.2947963497190512,14954.03418,14932.081543,True
240,blockmix6_0_21_42_63_g512,generic_compressible,global_cg,1104,1,1,251658240,251658240,20971520,335544320,0.75,35328,10,"[8921284608, 13216251904]",4,14.3851445,11.147886,15.295369,0.28831708989784577,14.275356500000001,11.057061,15.183818,0.28908258788493313,6770.381836,6809.3862305,True
240,blockmix6_0_21_42_63_g512,non_compressible,global_cg,1104,0,0,251658240,251658240,20971520,335544320,0.75,35328,10,"[8669626368, 12964593664]",4,6.567849000000001,5.068784,7.004529,0.2947304360986374,6.5719899999999996,5.069943,7.00809,0.29491021745316104,14956.980468999998,14924.450195500001,True
240,blockmix6_0_21_42_63_g64,generic_compressible,global_cg,1104,1,1,251658240,251658240,20971520,335544320,0.75,35328,10,"[8921284608, 13216251904]",4,20.3648095,19.017192,21.671958,0.13036046322947428,19.9893535,18.673538,21.240342,0.12840855508408502,4757.3051755,4841.219238,True
240,blockmix6_0_21_42_63_g64,non_compressible,global_cg,1104,0,0,251658240,251658240,20971520,335544320,0.75,35328,10,"[8669626368, 12964593664]",4,6.5700775,5.549046,7.003314,0.22134716066895707,6.570594,5.551144,7.006005,0.2214200116458269,14952.049804999999,14929.4506835,True
240,blockmix6_0_21_42_63_g8,generic_compressible,global_cg,1104,1,1,251658240,251658240,20971520,335544320,0.75,35328,10,"[8921284608, 13216251904]",4,7.646262500000001,5.903774,8.152302,0.2940688996748412,7.634069500000001,5.891007,8.138217,0.2943659341849061,12835.3007815,12840.662109500001,True
240,blockmix6_0_21_42_63_g8,non_compressible,global_cg,1104,0,0,251658240,251658240,20971520,335544320,0.75,35328,10,"[8669626368, 12964593664]",4,6.566745,5.070353,7.001666,0.2941050703202272,6.5691555,5.070535,7.007786,0.2949010721393337,14942.539550500001,14922.3583985,True
240,blockmix6_0_21_42_63_hash,generic_compressible,global_cg,1104,1,1,251658240,251658240,20971520,335544320,0.75,35328,10,"[8921284608, 13216251904]",4,7.525232000000001,5.807094,8.025728,0.29482599340458876,7.515802000000001,5.799765,8.013042,0.29448314364854217,13024.497559,13027.507324,True
240,blockmix6_0_21_42_63_hash,non_compressible,global_cg,1104,0,0,251658240,251658240,20971520,335544320,0.75,35328,10,"[8669626368, 12964593664]",4,6.5681104999999995,5.068898,7.004573,0.29470804426935265,6.569111,5.069898,7.006917,0.29486775303385787,14943.073242499999,14926.824707,True
248,blockmix6_0_21_42_63_g1,generic_compressible,global_cg,1104,1,1,260046848,260046840,21670570,346729120,0.75,35328,10,"[8929673216, 13224640512]",4,7.12727,5.499752,7.597062,0.2942655462750815,7.1228725,5.494219,7.594051,0.2948012897886352,13771.868164,13758.610840000001,True
248,blockmix6_0_21_42_63_g1,non_compressible,global_cg,1104,0,0,260046848,260046840,21670570,346729120,0.75,35328,10,"[8669626368, 12964593664]",4,6.5556470000000004,5.058736,6.987514,0.29421626881374185,6.5596440000000005,5.060457,6.991793,0.29442695365785093,14985.558594,14956.416016,True
248,blockmix6_0_21_42_63_g1024,generic_compressible,global_cg,1104,1,1,260046848,260046840,21670570,346729120,0.75,35328,10,"[8929673216, 13224640512]",4,13.102852500000001,11.015151,15.164876,0.3167039390850198,13.0110055,10.934605,15.076697,0.3183529512765174,7614.271973,7650.5444335,True
248,blockmix6_0_21_42_63_g1024,non_compressible,global_cg,1104,0,0,260046848,260046840,21670570,346729120,0.75,35328,10,"[8669626368, 12964593664]",4,6.0220210000000005,5.057605,6.988421,0.3206259161168651,6.0261755,5.060276,6.991749,0.32051389807681513,16667.6171875,16639.878418,True
248,blockmix6_0_21_42_63_g128,generic_compressible,global_cg,1104,1,1,260046848,260046840,21670570,346729120,0.75,35328,10,"[8929673216, 13224640512]",4,16.986033,14.301929,19.650889,0.3149034268330928,16.7542605,14.094554,19.382368,0.31561011003738415,5840.0712889999995,5912.6210935,True
248,blockmix6_0_21_42_63_g128,non_compressible,global_cg,1104,0,0,260046848,260046840,21670570,346729120,0.75,35328,10,"[8669626368, 12964593664]",4,6.025474,5.060344,6.991317,0.3204682320428235,6.0254069999999995,5.059053,6.99309,0.32098030888203904,16654.4091795,16631.9887695,True
248,blockmix6_0_21_42_63_g16,generic_compressible,global_cg,1104,1,1,260046848,260046840,21670570,346729120,0.75,35328,10,"[8929673216, 13224640512]",4,10.637193,8.224421,11.344552,0.29332277791706896,10.6055125,8.197049,11.31254,0.2937614754591068,9200.036621,9208.116211,True
248,blockmix6_0_21_42_63_g16,non_compressible,global_cg,1104,0,0,260046848,260046840,21670570,346729120,0.75,35328,10,"[8669626368, 12964593664]",4,6.556705,5.059823,6.990798,0.29450387046542437,6.5584875,5.060163,6.991231,0.29443800876345344,14972.862304999999,14950.974121,True
248,blockmix6_0_21_42_63_g2,generic_compressible,global_cg,1104,1,1,260046848,260046840,21670570,346729120,0.75,35328,10,"[8929673216, 13224640512]",4,6.9705555,5.857007,8.092312,0.32067817263631276,6.9607555,5.843987,8.077568,0.3208819789748396,14360.079590000001,14371.3994145,True
248,blockmix6_0_21_42_63_g2,non_compressible,global_cg,1104,0,0,260046848,260046840,21670570,346729120,0.75,35328,10,"[8669626368, 12964593664]",4,6.022835,5.06005,6.985917,0.3197608767299784,6.025980000000001,5.060842,6.991749,0.320430369831961,15472.396972999999,15453.359375,True
248,blockmix6_0_21_42_63_g256,generic_compressible,global_cg,1104,1,1,260046848,260046840,21670570,346729120,0.75,35328,10,"[8929673216, 13224640512]",4,17.0898725,14.277545,19.521939,0.30687145266882476,16.824406500000002,14.066319,19.2533,0.3083009792945742,5776.208007499999,5857.0410155,True
248,blockmix6_0_21_42_63_g256,non_compressible,global_cg,1104,0,0,260046848,260046840,21670570,346729120,0.75,35328,10,"[8669626368, 12964593664]",4,6.0226904999999995,5.05903,6.987601,0.3202175174035591,6.0260549999999995,5.059212,6.994215,0.32110609677475566,16666.3408205,16637.727539,True
248,blockmix6_0_21_42_63_g32,generic_compressible,global_cg,1104,1,1,260046848,260046840,21670570,346729120,0.75,35328,10,"[8929673216, 13224640512]",4,16.535986,12.82876,17.644977,0.2912567173194268,16.396182,12.699206,17.477753,0.291442666347568,5876.435546999999,5915.8422855,True
248,blockmix6_0_21_42_63_g32,non_compressible,global_cg,1104,0,0,260046848,260046840,21670570,346729120,0.75,35328,10,"[8669626368, 12964593664]",4,6.5546035,5.057129,6.990582,0.29497634753955754,6.559224,5.061341,6.994172,0.2946737296972935,14966.8271485,14946.902344,True
248,blockmix6_0_21_42_63_g4,generic_compressible,global_cg,1104,1,1,260046848,260046840,21670570,346729120,0.75,35328,10,"[8929673216, 13224640512]",4,7.5834465,5.851429,8.080975,0.2940016785244018,7.568107,5.843776,8.075087,0.29483079454347033,12945.3134765,12948.203125,True
248,blockmix6_0_21_42_63_g4,non_compressible,global_cg,1104,0,0,260046848,260046840,21670570,346729120,0.75,35328,10,"[8669626368, 12964593664]",4,6.5568825,5.057197,6.990496,0.29485033474368344,6.55755,5.061182,6.996596,0.2951428506073153,14978.524414,14957.9194335,True
248,blockmix6_0_21_42_63_g512,generic_compressible,global_cg,1104,1,1,260046848,260046840,21670570,346729120,0.75,35328,10,"[8929673216, 13224640512]",4,13.019839000000001,10.936403,15.084946,0.3186324347021495,12.924375000000001,10.847208,14.976433,0.3194912713380724,7637.1835935,7665.1396485,True
248,blockmix6_0_21_42_63_g512,non_compressible,global_cg,1104,0,0,260046848,260046840,21670570,346729120,0.75,35328,10,"[8669626368, 12964593664]",4,6.025475500000001,5.058895,6.991101,0.3206727834176738,6.0264050000000005,5.058917,6.993956,0.321093421368129,16657.8447265,16640.03125,True
248,blockmix6_0_21_42_63_g64,generic_compressible,global_cg,1104,1,1,260046848,260046840,21670570,346729120,0.75,35328,10,"[8929673216, 13224640512]",4,18.2241465,15.494738,20.978623,0.30091313192637026,17.911623,15.212423,20.625726,0.3022229197208986,5427.017578,5515.800293,True
248,blockmix6_0_21_42_63_g64,non_compressible,global_cg,1104,0,0,260046848,260046840,21670570,346729120,0.75,35328,10,"[8669626368, 12964593664]",4,6.02425,5.058215,6.990539,0.32075760468108067,6.0256799999999995,5.05971,6.992917,0.320828022729385,16666.5571285,16644.324218499998,True
248,blockmix6_0_21_42_63_g8,generic_compressible,global_cg,1104,1,1,260046848,260046840,21670570,346729120,0.75,35328,10,"[8929673216, 13224640512]",4,7.5846295,5.849309,8.084846,0.2947457090685841,7.5723085,5.842477,8.073184,0.29458744318195695,12937.143554499999,12915.131347999999,True
248,blockmix6_0_21_42_63_g8,non_compressible,global_cg,1104,0,0,260046848,260046840,21670570,346729120,0.75,35328,10,"[8669626368, 12964593664]",4,6.5553405,5.060095,6.992917,0.29484692671570617,6.558442,5.058442,6.992701,0.29492659994553583,14926.062011999999,14831.190918,True
248,blockmix6_0_21_42_63_hash,generic_compressible,global_cg,1104,1,1,260046848,260046840,21670570,346729120,0.75,35328,10,"[8929673216, 13224640512]",4,6.8603245,5.763779,7.960903,0.3202653168957241,6.853371,5.757731,7.947974,0.3195862299005848,14584.447266,14587.9653325,True
248,blockmix6_0_21_42_63_hash,non_compressible,global_cg,1104,0,0,260046848,260046840,21670570,346729120,0.75,35328,10,"[8669626368, 12964593664]",4,6.022831500000001,5.057446,6.987774,0.3205017440717045,6.022938,5.058419,6.986521,0.3201264897629695,15480.7055665,16313.666016,True
