time_s,flux,tmp,conductivity,supported,compatible,confidence
0.0,99.4962741535655,0.9874197801667645,0.18219331869436786,0,0,0.4
1.0,99.7207468276863,0.9794729548610921,0.2315455224653103,0,0,0.4
2.0,99.55192998587316,1.0059029024868245,0.19918959136506448,0,0,0.4
3.0,99.96836032089642,0.9993087540273274,0.21047394413524848,0,0,0.4
4.0,99.73814345565351,1.007454610335606,0.19271248773440705,0,0,0.4
5.0,99.8951711830545,1.0046765164038713,0.2054844731484347,0,0,0.4
6.0,99.17727674670338,1.0140685791368313,0.18134608762553822,0,0,0.4
7.0,99.44625872258788,1.0079596934408444,0.18533568490036995,0,0,0.4
8.0,99.44378518757097,1.0135404873945393,0.20053590800409404,0,0,0.4
9.0,97.76896239127728,1.0030621828814281,0.1893969861268197,0,0,0.4
10.0,99.31040615947293,0.9997532621869213,0.20969821972683642,0,0,0.4
11.0,96.52456395643391,1.0092965067576527,0.218721632895868,0,0,0.4
12.0,97.77637942597597,0.9946653891556484,0.1936787770405509,0,0,0.4
13.0,97.97102933388881,1.007050871911751,0.19497195351491434,0,0,0.4
14.0,97.5573085496305,1.009514160569192,0.18354798299424221,0,0,0.4
15.0,97.62238002341957,1.017833807237836,0.2117303774061175,0,0,0.4
16.0,96.62416375911374,1.0118822751886425,0.22391314218083702,0,0,0.4
17.0,96.29349877673936,1.0172475300138708,0.19286280107991455,0,0,0.4
18.0,97.54467294905096,1.0146015089583078,0.21771701408289293,0,0,0.4
19.0,97.42439900013599,1.0137277596983891,0.20783739589015937,0,0,0.4
20.0,96.45885831308978,1.0227423970729865,0.19847216722983937,1,1,0.98
21.0,95.71772336634363,1.0117126651636985,0.2214059565057781,1,1,0.98
22.0,96.70532765218024,1.0177771234715465,0.19040920490117744,1,1,0.98
23.0,95.1164899004691,1.0193429902686333,0.20330696651870386,1,1,0.98
24.0,95.01201740732981,1.0172494666435452,0.21599047822917697,1,1,0.98
25.0,95.875056984861,1.0178684238942788,0.20624993727838295,1,1,0.98
26.0,95.9021882521884,1.0248822407993363,0.1928375480475535,1,1,0.98
27.0,95.55858298547265,1.0078656247170283,0.17885826897038143,1,1,0.98
28.0,95.24067833662134,1.0177861623413387,0.1873395256747977,1,1,0.98
29.0,94.44511236453688,1.0291164492206002,0.20081415465115898,1,1,0.98
30.0,94.11776690991077,1.0059213356220529,0.21756709267155275,1,1,0.98
31.0,94.51636299364861,1.005545493102112,0.1799573946368218,1,1,0.98
32.0,94.91944886945343,1.0326206810806706,0.22398094815425887,1,1,0.98
33.0,95.00235883287775,1.020941254521594,0.19151797775162205,1,1,0.98
34.0,94.68806323569305,1.0339858478311397,0.20008669073508875,1,1,0.98
35.0,93.92959655355253,1.0212080196129472,0.2161079371891586,1,1,0.98
36.0,94.03793078253985,1.042757776120404,0.1941561988613099,1,1,0.98
37.0,92.38443727885253,1.0192226113555924,0.1824336103374627,1,1,0.98
38.0,93.66888926740432,1.0368231063236955,0.18454819083678078,1,1,0.98
39.0,94.01241853282036,1.0426601310571233,0.2111698295869297,1,1,0.98
40.0,93.95525585319594,1.0362735579982876,0.21628207430343643,1,1,0.98
41.0,93.07251842282066,1.0338703359275625,0.19143097572144396,1,1,0.98
42.0,92.63978593274763,1.031965224333377,0.19351789251436322,1,1,0.98
43.0,93.67552186334596,1.0165784226687358,0.20971534104666734,1,1,0.98
44.0,93.26105583937021,1.0310818654105547,0.19090162974052485,1,1,0.98
45.0,92.14162486716909,1.0304438394444124,0.20224566109746547,1,1,0.98
46.0,92.32737257544602,1.0384334970126767,0.18649466434681666,1,1,0.98
47.0,93.20094332253225,1.0292909541688862,0.2093120514545028,1,1,0.98
48.0,92.14354204727984,1.0562244191750338,0.16865910809830414,1,1,0.98
49.0,93.37385541939639,1.0411269593368324,0.21910984811105116,1,1,0.98
50.0,91.17567558726977,1.0316094189539537,0.1696014991048232,1,1,0.98
51.0,91.88221342779798,1.0344046121122201,0.19757605731566685,1,1,0.98
52.0,91.49740115553436,1.0271381157904456,0.200716698779783,1,1,0.98
53.0,92.78211415183527,1.04117300396187,0.18962616818911007,1,1,0.98
54.0,91.91464738891739,1.0438499577418883,0.18624677633043388,1,1,0.98
55.0,91.08479076028988,1.0470746459197142,0.20718324177537134,1,1,0.98
56.0,90.50929570772595,1.0368112742687845,0.18402747419401055,1,1,0.98
57.0,92.09957814975674,1.0378142153703467,0.18960576476708116,1,1,0.98
58.0,90.21792775196856,1.0562090465862788,0.20295642132578015,1,1,0.98
59.0,91.6256818115654,1.038372067378292,0.21871353625659862,1,1,0.98
60.0,90.89163319435478,1.0386210702400942,0.2019940666457554,1,1,0.98
61.0,90.8873224302306,1.0500494444265698,0.21293963355028073,1,1,0.98
62.0,88.97371417185782,1.045240872116198,0.18247610687687899,1,1,0.98
63.0,90.6392866491005,1.050196251957211,0.20177379784605254,1,1,0.98
64.0,90.1029087557471,1.0507874639635215,0.20369054079702179,1,1,0.98
65.0,89.49603801462408,1.0523577684208398,0.21400718340618644,1,1,0.98
66.0,90.25657991238577,1.0508059867495065,0.19504956404000465,1,1,0.98
67.0,89.72480928637381,1.0475561271551865,0.18389078996257519,1,1,0.98
68.0,90.66647445147116,1.0525676007807936,0.22385219380684782,1,1,0.98
69.0,89.39089074052347,1.0587920159738935,0.17019655304413633,1,1,0.98
70.0,89.42028097310457,1.0583124832197928,0.19916935376951236,1,1,0.98
71.0,88.74411317729242,1.0580269465814276,0.19674156105198554,1,1,0.98
72.0,89.5608722028372,1.0509541166001233,0.19737107623393613,1,1,0.98
73.0,89.20599487902699,1.0312157290961002,0.16918441597387282,1,1,0.98
74.0,90.77085396613525,1.042154522122663,0.20005791187899974,1,1,0.98
75.0,89.31491920517837,1.0691156087697757,0.2148745462163248,1,1,0.98
76.0,89.03232226223824,1.0535653448846984,0.1818934587984654,1,1,0.98
77.0,87.29207413778563,1.0508848635838084,0.19884759081468975,1,1,0.98
78.0,89.71569663150059,1.0575994125488022,0.1951171531063452,1,1,0.98
79.0,87.90351893171791,1.0614616948531956,0.1987837518431129,1,1,0.98
80.0,89.31097655501583,1.0723662292584788,0.21337949986991395,1,1,0.98
81.0,88.39585602942388,1.0611496624677788,0.21938869284642,1,1,0.98
82.0,87.57204299258017,1.0573424575815007,0.19504490570599453,1,1,0.98
83.0,87.72630561439216,1.0714687805728857,0.19724734511548553,1,1,0.98
84.0,88.0557055905498,1.0685992512072484,0.19735531031004144,1,1,0.98
85.0,88.55722512906014,1.0566344097838756,0.20945203191380857,1,1,0.98
86.0,87.34865816448882,1.0596378174703747,0.22638661493890688,1,1,0.98
87.0,87.43219598458045,1.061619495786479,0.22006837705738835,1,1,0.98
88.0,87.54257388738333,1.0650551545357005,0.18232026944859733,1,1,0.98
89.0,87.94429904584992,1.0783841894533472,0.21481824309602277,1,1,0.98
90.0,87.13669956516256,1.0667760531706085,0.1675429027992921,1,1,0.98
91.0,87.13601050764039,1.0540493081533038,0.20941065009119317,1,1,0.98
92.0,87.70633884502995,1.0624341111622542,0.19443438374625438,1,1,0.98
93.0,87.146055867661,1.052670970579809,0.19714344303582537,1,1,0.98
94.0,86.33211706098845,1.0616180751154471,0.2387991678389843,1,1,0.98
95.0,86.70816859226305,1.0593337046193827,0.1731518714516802,1,1,0.98
96.0,86.83917314189961,1.058670182956871,0.21495324062798504,1,1,0.98
97.0,87.89816637983856,1.0687088870969221,0.19664654358364578,1,1,0.98
98.0,85.72135630180729,1.0601141233952467,0.21922914070351057,1,1,0.98
99.0,86.26446010391767,1.062503454569507,0.18677273131728186,1,1,0.98
100.0,85.98342720335528,1.084892377121511,0.19426266241160497,1,1,0.98
101.0,85.45605710141744,1.0719127739594094,0.16762899060042852,1,1,0.98
102.0,85.16350600658791,1.0762025588135367,0.20663860540404055,1,1,0.98
103.0,85.89627302852442,1.0817956434100418,0.1698315593323676,1,1,0.98
104.0,85.93126905615894,1.0687803985625874,0.1955418363329247,1,1,0.98
105.0,84.86977448203434,1.074978350015966,0.23099350432278276,1,1,0.98
106.0,85.60376794467626,1.0737610884838356,0.19506890901260562,1,1,0.98
107.0,85.57343627227881,1.0635079420799822,0.2127984765732285,1,1,0.98
108.0,83.71366829765259,1.0713791944754865,0.19165879875508837,1,1,0.98
109.0,85.10599630600035,1.0720738390765905,0.19902040418895048,1,1,0.98
110.0,84.75690348842978,1.070367092679938,0.18394209750589624,1,1,0.98
111.0,84.91424387882324,1.0787236495816175,0.19665562661902233,1,1,0.98
112.0,84.63752299776336,1.0825408302880735,0.18528938324590705,1,1,0.98
113.0,84.57200084114993,1.0942976436474896,0.19601295906268898,1,1,0.98
114.0,85.45655482087187,1.0726341680892,0.2053872863483442,1,1,0.98
115.0,83.65816313087447,1.078790631932626,0.20864120833912914,1,1,0.98
116.0,84.75669090953684,1.0906410687666928,0.19807864505802766,1,1,0.98
117.0,84.09325002828503,1.0777350476666534,0.20568809500262805,1,1,0.98
118.0,83.55516681407876,1.078034764083861,0.18566952875061582,1,1,0.98
119.0,84.1101601503334,1.0725199471111495,0.20940216567352338,1,1,0.98
120.0,83.99772932134805,1.0774099784370694,0.2009785051016059,1,1,0.98
121.0,82.98059347106329,1.0821493641604285,0.19155614571678378,1,1,0.98
122.0,83.40533875394172,1.098483054740052,0.21158478873097783,1,1,0.98
123.0,83.51073046350363,1.0769637849189828,0.2095367375596204,1,1,0.98
124.0,82.80056760223734,1.0998856501348335,0.18421029284227045,1,1,0.98
125.0,83.4393528348675,1.0926491120180424,0.18786571237098312,1,1,0.98
126.0,84.21930767426664,1.079484625780068,0.19432338820161482,1,1,0.98
127.0,83.34529766510506,1.074780669224634,0.200364388008085,1,0,0.4
128.0,82.22354900510716,1.074641683174357,0.18740460931733136,1,1,0.98
129.0,83.67148979849031,1.0944765602758264,0.16725338852738864,1,1,0.98
130.0,83.18966950570274,1.0806603434619932,0.21005815802689112,1,1,0.98
131.0,81.9968900159955,1.082797443405125,0.21746924958531955,1,1,0.98
132.0,83.09014654972898,1.0734409867336567,0.20064921588928447,1,1,0.98
133.0,83.42795755103843,1.0854718924497733,0.19212074212707947,1,1,0.98
134.0,82.68064954522977,1.0745126881862548,0.16743559912206274,1,1,0.98
135.0,81.6873524088519,1.0865516616922894,0.211097981328465,1,1,0.98
136.0,83.27777117351272,1.0877944354874602,0.21597411526952365,1,1,0.98
137.0,82.32760264645252,1.0841837429309544,0.22566050372059748,1,1,0.98
138.0,82.55359296372835,1.0901705497687009,0.18710808142833868,1,1,0.98
139.0,80.96374908444999,1.0979704574098168,0.21071505902064055,1,1,0.98
140.0,82.61584443386124,1.0936175418559433,0.17954162548403224,1,1,0.98
141.0,81.42292783748995,1.0908617503625293,0.22173878342751638,1,1,0.98
142.0,81.25319758089864,1.0906890766949031,0.17303481258399614,1,1,0.98
143.0,81.70385465271596,1.0958125298580828,0.18485222934791548,1,1,0.98
144.0,81.84206650772369,1.086063776368501,0.18939735969142252,1,1,0.98
145.0,81.64319695450202,1.0921855350661078,0.20003525695641192,1,1,0.98
146.0,81.82828143686503,1.0891661665498955,0.18123829963160518,1,1,0.98
147.0,82.37353629638685,1.092611138951199,0.18479864519619033,1,1,0.98
148.0,81.86429801877853,1.0884388805895777,0.20750817856046688,1,1,0.98
149.0,80.81547851978645,1.1014422146794856,0.16443466870517787,1,1,0.98
150.0,80.2247512834908,1.1056729786700137,0.21978821612820404,1,1,0.98
151.0,80.88550956395808,1.0985020894982684,0.1927468120994403,1,1,0.98
152.0,81.8525591214508,1.1087040041469045,0.20108280374752274,1,1,0.98
153.0,80.47825349416007,1.10065368353857,0.1919502506206901,1,1,0.98
154.0,81.65469725344674,1.0851940958773507,0.18762074789500072,1,1,0.98
155.0,80.56859126163239,1.1017000697140993,0.16992783563210348,1,1,0.98
156.0,80.99865552209772,1.108666664634582,0.1849251552815084,1,1,0.98
157.0,79.61647383713955,1.1160878552277431,0.2024924809264059,1,1,0.98
158.0,79.55941765963757,1.0917765069129797,0.21067948201074854,1,1,0.98
159.0,80.81797537542771,1.090798958652047,0.17727728664316403,1,1,0.98
160.0,78.92509062688936,1.1131657798466836,0.16723792867161877,1,1,0.98
161.0,79.88603035387428,1.1071752275537692,0.19910901725430777,1,1,0.98
162.0,80.23208609002064,1.111192707944918,0.17682987813786916,1,1,0.98
163.0,79.77337480755325,1.098934479237897,0.1923570734857091,1,1,0.98
164.0,80.21507902207533,1.1132497614892543,0.20982710728797518,1,1,0.98
165.0,79.80020156673707,1.1105228755148333,0.21680129289108963,1,1,0.98
166.0,80.24025804652979,1.1195572727487078,0.19404864912622663,1,1,0.98
167.0,79.6913915476051,1.0950401385154789,0.20398318076638028,1,1,0.98
168.0,79.16796734912577,1.1049698256368006,0.2066783523952704,1,1,0.98
169.0,79.37385648834596,1.1142738025643617,0.20185696240326048,1,1,0.98
170.0,79.99547496432076,1.102374221604496,0.19208282714946506,1,1,0.98
171.0,78.80367323632662,1.1040480761799825,0.2125337944304646,1,1,0.98
172.0,79.57703359821768,1.1199463185018328,0.18588208353425947,1,1,0.98
173.0,80.63255164700071,1.1114974321820679,0.19045072546940875,1,1,0.98
174.0,79.38412732946641,1.1094590611000958,0.21456910708300936,1,1,0.98
175.0,78.68017354602875,1.1164888979120013,0.1840581625224609,1,1,0.98
176.0,78.36961237413954,1.1155678471715917,0.18304632394338846,1,1,0.98
177.0,78.52233758063495,1.1193266271366058,0.21189900310688076,1,1,0.98
178.0,77.52102521617122,1.115071455795232,0.20495376672809543,1,1,0.98
179.0,79.04466268165146,1.1206753720244103,0.20764174340946434,1,1,0.98
180.0,78.06499231995465,1.1181061223952198,0.22911990211076214,1,1,0.98
181.0,79.28269890147804,1.126351483855175,0.20749252162052073,1,1,0.98
182.0,78.58214872730174,1.12450360194296,0.18567510524786002,1,1,0.98
183.0,78.8178460972891,1.1204579689246816,0.20629644401844294,1,1,0.98
184.0,79.1286178836072,1.123380498184171,0.22217502627080962,1,1,0.98
185.0,78.34574219040901,1.1165631762609138,0.20708173998158055,1,1,0.98
186.0,78.67565023262775,1.1062215830903372,0.20728722205372094,1,1,0.98
187.0,78.43186189010132,1.1180802587496919,0.18711227558913418,1,1,0.98
188.0,77.94201602707936,1.1083940405676198,0.18813978999947312,1,1,0.98
189.0,77.7216453441088,1.1031309269778302,0.1943524892545469,1,1,0.98
190.0,78.44847146474604,1.1246338800836366,0.19746613208960243,1,1,0.98
191.0,77.74649244821907,1.1191857494171025,0.209815639492676,1,1,0.98
192.0,77.19184998097963,1.110166454655683,0.18948616342119734,1,1,0.98
193.0,77.09683415330795,1.1259304354653945,0.1733620010677756,1,1,0.98
194.0,77.44041024776918,1.1193550333349909,0.2103560902277013,1,1,0.98
195.0,78.56231900189105,1.1253667695371288,0.21951304758054252,1,1,0.98
196.0,77.84918588141602,1.1196009245470822,0.18637895641415625,1,1,0.98
197.0,77.49770144129612,1.1163424939746243,0.19570176440834783,1,1,0.98
198.0,77.6180315796919,1.1430062760207573,0.17403521205768058,1,1,0.98
199.0,78.21062604423732,1.120497444167798,0.20353455633643186,1,1,0.98
200.0,77.2292229497344,1.133014702785461,0.21605567954157015,1,1,0.98
201.0,76.93198726174728,1.1313188224502189,0.2093751655580462,1,1,0.98
202.0,76.18433124113622,1.1315917397062722,0.20789204213131798,1,1,0.98
203.0,77.27107250042208,1.131857095328597,0.20900559676884523,1,1,0.98
204.0,75.61430395879127,1.127063153317735,0.20530906920411238,1,1,0.98
205.0,76.93908161503424,1.1330204900409007,0.2110444493475068,1,1,0.98
206.0,78.1928452628608,1.114603334670847,0.1677378616579233,1,1,0.98
207.0,76.78859845038015,1.125825438003012,0.21335397001458264,1,1,0.98
208.0,76.55385673083924,1.1387536034879842,0.20515609759115952,1,1,0.98
209.0,77.65323090996982,1.1321265543630308,0.17699434675536607,1,1,0.98
210.0,75.97502597664318,1.124512989441964,0.1904101098728867,1,1,0.98
211.0,77.09389683952114,1.1235323153545382,0.21461721129390288,1,1,0.98
212.0,76.49637448188108,1.1412076551951873,0.21333604771031106,1,1,0.98
213.0,75.37915463595432,1.1298293405722732,0.21205473645286904,1,1,0.98
214.0,75.79647997966134,1.1388521904855637,0.20284901055247448,1,1,0.98
215.0,75.71391312361563,1.1284669074291662,0.19367987170246964,1,1,0.98
216.0,74.90429236527548,1.1302639708581224,0.19067014430683732,1,1,0.98
217.0,76.01416704649586,1.1279427414224956,0.19266590783275825,1,1,0.98
218.0,74.79001010719676,1.1293657198117477,0.19162952679931533,1,1,0.98
219.0,76.41691613307643,1.1263814983768368,0.19172829374074093,1,1,0.98
220.0,75.4921344445298,1.1407253546844112,0.2054539706719598,1,1,0.98
221.0,75.24143226244223,1.1359642091533648,0.20017991292035361,1,1,0.98
222.0,75.92736270092202,1.1338975660335184,0.1959456813889802,1,1,0.98
223.0,74.86388761932128,1.1298630080453638,0.18524222936600301,1,1,0.98
224.0,75.19184903413098,1.1450119191420107,0.2184553035088213,1,1,0.98
225.0,74.71533981958689,1.1480816618566998,0.22144731431722586,1,1,0.98
226.0,75.16660168778927,1.1387434411882504,0.17224960517427862,1,1,0.98
227.0,74.843127794069,1.13373463218588,0.19303249096949318,1,1,0.98
228.0,74.82606501634804,1.138119745920924,0.20455485808414256,1,1,0.98
229.0,75.12589367443066,1.1303051720330402,0.19526526600329097,1,1,0.98
230.0,74.18910040799318,1.1467510265672438,0.21109742201780365,1,1,0.98
231.0,76.9543616546174,1.144661470245055,0.21378558267370154,1,1,0.98
232.0,74.59117644431643,1.138738987336903,0.20578220596656238,1,1,0.98
233.0,74.72273481777056,1.1415327546652558,0.19450569071714943,1,1,0.98
234.0,73.29359250088373,1.14420995874216,0.1924059809649007,1,1,0.98
235.0,74.29165366458419,1.1474036418140297,0.1957989825350271,1,1,0.98
236.0,74.87822060612743,1.1520780320222215,0.19097532031593317,1,1,0.98
237.0,73.9761719326311,1.1342754362226788,0.19574395006183468,1,1,0.98
238.0,74.58591763469035,1.1527357356551424,0.2062393915983642,1,1,0.98
239.0,75.72958203896087,1.1424019635640659,0.19347990152986555,1,1,0.98
240.0,73.7908021870002,1.1474988060146587,0.18182330982280218,1,1,0.98
241.0,72.08596945925136,1.143699655633708,0.22183229097166046,1,1,0.98
242.0,73.9673617756015,1.154651047602598,0.18262965796797542,1,1,0.98
243.0,74.02014026856365,1.1369543349137758,0.1974342101064763,1,1,0.98
244.0,72.85279287488395,1.1426233413883735,0.208378610474771,1,1,0.98
245.0,73.67216716084106,1.1335791339437622,0.1949724213023913,1,1,0.98
246.0,74.4924756439467,1.145267689694091,0.2001114037806622,1,1,0.98
247.0,74.83908298620683,1.15339051547398,0.19584785812802538,1,1,0.98
248.0,73.4951461022494,1.161047730462898,0.20827804493841034,1,1,0.98
249.0,74.07373160159867,1.1456191979058463,0.20991059068817525,1,1,0.98
250.0,72.93192827718121,1.1487856154070095,0.21068850071394624,1,1,0.98
251.0,74.50632740039664,1.137233829435437,0.19822850552241475,1,1,0.98
252.0,74.7733048588648,1.1603665577998254,0.17880330292565197,1,1,0.98
253.0,73.84824454820468,1.1320081872394352,0.19027589469446288,1,1,0.98
254.0,74.16366216886247,1.1502225953925127,0.1987329883401427,1,0,0.4
255.0,73.36207314474947,1.157098415913034,0.20483457024221602,1,1,0.98
256.0,73.37267391143304,1.1466909561417695,0.2151861475092944,1,1,0.98
257.0,73.92052412857,1.157297576999365,0.20536819047237403,1,1,0.98
258.0,71.77356834707085,1.1643479865881285,0.19127383121853045,1,1,0.98
259.0,73.77430219743849,1.1534295987297674,0.1993621456213448,1,1,0.98
260.0,72.93007194078075,1.159764838661455,0.20041109674023927,1,1,0.98
261.0,73.50044459737839,1.1483634430061187,0.208772628945274,1,1,0.98
262.0,72.50561863814887,1.1574868101761102,0.20175054485152422,1,1,0.98
263.0,72.94958243559124,1.16194803474288,0.18447277193140849,1,1,0.98
264.0,72.9161691261489,1.165298416489572,0.2298965459311684,1,1,0.98
265.0,72.81891222924678,1.163014896324281,0.18680146570379272,1,1,0.98
266.0,72.4677627534779,1.1602599165412077,0.20441636029240143,1,1,0.98
267.0,72.25523995116215,1.1421839503729445,0.2088440151259106,1,1,0.98
268.0,72.72987844200587,1.157338927753533,0.19226997006056837,1,1,0.98
269.0,73.45903190287191,1.1592883363997228,0.1864522910837091,1,1,0.98
270.0,71.77823178600694,1.1558368041362705,0.22396576030462323,1,1,0.98
271.0,71.43865348610436,1.1717735453379245,0.1889521558816973,1,1,0.98
272.0,71.70498410328328,1.1506670978759195,0.2121836368444206,1,1,0.98
273.0,72.98975028968852,1.1527810950143158,0.2010301009299441,1,1,0.98
274.0,72.02754896816705,1.168566105836001,0.17182558761760364,1,1,0.98
275.0,72.67458579064638,1.171195325687984,0.19974121919919866,1,1,0.98
276.0,70.90508375383087,1.1590025698014745,0.17770223751425385,1,1,0.98
277.0,74.07100334297678,1.1594479075970596,0.19867312633168885,1,1,0.98
278.0,71.44040614113054,1.1732526410021797,0.2131953080677026,1,1,0.98
279.0,71.72380133114572,1.1573193045853767,0.21008512505402674,1,1,0.98
280.0,71.86567922408025,1.1654578826826458,0.2022457401490416,1,1,0.98
281.0,71.50935370364185,1.1642614873392372,0.1716377804296445,1,1,0.98
282.0,71.75925203332102,1.1648533292421086,0.19730000886841628,1,1,0.98
283.0,71.63724676566825,1.1710387859598164,0.20791189163009696,1,1,0.98
284.0,70.97839719222138,1.1684824877857398,0.2105928946029834,1,1,0.98
285.0,72.06940804959815,1.164263509791119,0.18769772406307422,1,1,0.98
286.0,71.27042969202796,1.1611715659166724,0.20563521300552434,1,1,0.98
287.0,70.44144276137118,1.1609568036193838,0.20218864062199757,1,1,0.98
288.0,71.226041014314,1.1740262375269235,0.21787423077197035,1,1,0.98
289.0,71.38024998988729,1.1679786352003063,0.18438311994620019,1,1,0.98
290.0,69.70738180323785,1.1708517213299408,0.1965533648110398,1,1,0.98
291.0,71.84908633062967,1.1798422918150875,0.18247487777981922,1,1,0.98
292.0,71.47947549446793,1.1773952194456614,0.18908483287581,1,1,0.98
293.0,70.88316429719684,1.1737884714214064,0.1731636890662786,1,1,0.98
294.0,71.86242240451388,1.173972106106998,0.21760034805335896,1,1,0.98
295.0,70.97317958895066,1.18314143249801,0.20100130266282176,1,1,0.98
296.0,71.0843311628069,1.1737398120910694,0.1985980098670763,1,1,0.98
297.0,70.63732391975431,1.1713992529007937,0.20340374978912232,1,1,0.98
298.0,70.37894706834227,1.1705228793281224,0.1796706525491354,1,1,0.98
299.0,71.26062989733425,1.1615778405789046,0.19265484612965603,1,1,0.98
300.0,70.8635778566588,1.1695213590373768,0.19823558913302258,1,1,0.98
301.0,71.03865383047082,1.1780036848281579,0.18061817603125457,1,1,0.98
302.0,70.68541182263938,1.1807558805958376,0.21314800904169406,1,1,0.98
303.0,70.96883738410791,1.175763644491832,0.21533563793366325,1,1,0.98
304.0,69.47916310707012,1.1736073205100164,0.18337165389809357,1,1,0.98
305.0,70.27889850402649,1.1745299465803465,0.22332092445403023,1,1,0.98
306.0,70.5839067468042,1.1818833088072096,0.18085523042444568,1,1,0.98
307.0,72.38515974453335,1.1848734117399913,0.22419031718819976,1,1,0.98
308.0,71.34027299683005,1.1654425384449898,0.22204246998186325,1,1,0.98
309.0,69.842359304154,1.1816476096524013,0.20779796590241215,1,1,0.98
310.0,70.26337910913378,1.1661360315275036,0.1877612723634827,1,1,0.98
311.0,70.0018504556711,1.184225406060464,0.18997216946553105,1,1,0.98
312.0,68.67881827112026,1.1736232036930048,0.1793343214337048,1,1,0.98
313.0,70.33799401601932,1.1707468163606367,0.2183227580992249,1,1,0.98
314.0,70.03194731320701,1.1792467465802958,0.16330172070758933,1,1,0.98
315.0,70.62060998771797,1.190802987571704,0.19917782998749536,1,1,0.98
316.0,70.0986837925611,1.1845337519525534,0.21899143275077557,1,1,0.98
317.0,69.33113416528619,1.1948809126021949,0.22909662162570316,1,1,0.98
318.0,70.249810899396,1.185185009143938,0.19947421636222684,1,1,0.98
319.0,69.56393326874878,1.1737887678344883,0.1932204908156679,1,1,0.98
320.0,69.51241006395537,1.1751251992220495,0.1829676131869197,1,1,0.98
321.0,69.44506400546109,1.1868185633276684,0.22254524216247726,1,1,0.98
322.0,68.91015032449992,1.1936131004958261,0.17758005806367994,1,1,0.98
323.0,68.96917247851628,1.1858560428669802,0.18781434283293824,1,1,0.98
324.0,69.96549878598778,1.1727679605471224,0.1920959131349248,1,1,0.98
325.0,68.93234785329047,1.2040554448777363,0.22146296839820265,1,1,0.98
326.0,69.1827679099288,1.1825247932166905,0.21867336010418312,1,1,0.98
327.0,68.83272754761157,1.1872790143770584,0.21284949401887615,1,1,0.98
328.0,69.7000408104709,1.186605617084754,0.19362099879297656,1,1,0.98
329.0,69.99605292260371,1.1831829804738987,0.2051901377865905,1,1,0.98
330.0,68.89096565572292,1.1846325920285743,0.21972070491185752,1,1,0.98
331.0,69.04781616513057,1.1880838912914693,0.16865186927379247,1,1,0.98
332.0,69.28227556737843,1.190686040526851,0.20162502970825077,1,1,0.98
333.0,69.28506716662154,1.196092405857543,0.20536452733417068,1,1,0.98
334.0,68.76290575534426,1.2023674048586104,0.21309143033575925,1,1,0.98
335.0,69.45782350325408,1.194196153241457,0.19987040102176462,1,1,0.98
336.0,69.38702910326938,1.1964964328471719,0.20454588915043698,1,1,0.98
337.0,68.2168426348946,1.1912216835021003,0.2252586214703784,1,1,0.98
338.0,68.34580344554567,1.1982020170089513,0.18479353075336427,1,1,0.98
339.0,68.52361698407991,1.1828972135276636,0.2096105015454883,1,1,0.98
340.0,70.42699828922682,1.1851039422643577,0.19565504317431054,1,1,0.98
341.0,68.69929921536537,1.1875174456743494,0.1853749811420436,1,1,0.98
342.0,67.08884569886703,1.1962829699978417,0.21947939621111986,1,1,0.98
343.0,69.21008020180629,1.1989420177610286,0.1719289748619274,1,1,0.98
344.0,68.77746191949751,1.184568036419049,0.18616590006201367,1,1,0.98
345.0,68.81279444050186,1.1951447523504515,0.20533348014002983,1,1,0.98
346.0,67.66612994196238,1.2057495393395812,0.20568005500351663,1,1,0.98
347.0,67.4962784812671,1.1966589256890021,0.20390393284109112,1,1,0.98
348.0,66.18177281565366,1.20154352757196,0.20588698375186737,1,1,0.98
349.0,68.54377092907872,1.2057213663550628,0.21209914793328377,1,1,0.98
350.0,67.4510250955732,1.1922756140062352,0.21681862190784068,1,1,0.98
351.0,68.18353233486005,1.2033709063567597,0.1851287865793738,1,1,0.98
352.0,68.62268811261379,1.1871060668639086,0.20346772339543945,1,1,0.98
353.0,67.92656468112318,1.2011212023417663,0.18336432526832994,1,1,0.98
354.0,68.39620811477596,1.1881107251671155,0.2435993476737371,1,1,0.98
355.0,67.07899024805175,1.2023866264362015,0.19159344762319255,1,1,0.98
356.0,66.96446115619494,1.1987251713522602,0.22048647411147126,1,1,0.98
357.0,67.53835762090965,1.188309480839098,0.19614067365974186,1,1,0.98
358.0,66.74598446120423,1.206536201873089,0.222903038320729,1,1,0.98
359.0,67.68301539896444,1.2023971377885478,0.18057865570244527,1,1,0.98
360.0,66.24693381576337,1.1949272132429842,0.21062006944406078,1,1,0.98
361.0,67.03660931114746,1.207495090222217,0.1999900036847553,1,1,0.98
362.0,67.4335348301486,1.197150397993071,0.19700380369445517,1,1,0.98
363.0,66.81939806817705,1.2029309018205698,0.21603087125629486,1,1,0.98
364.0,68.39717460425899,1.2094845499676512,0.18717629215886653,1,1,0.98
365.0,66.19142960440213,1.2055754988408356,0.18053746007674062,1,1,0.98
366.0,67.86774425091332,1.2114607368598098,0.20110754469127975,1,1,0.98
367.0,68.54430780633399,1.192005667517354,0.19643851739812215,1,1,0.98
368.0,66.68271190806632,1.1942741849521512,0.19144700196406278,1,1,0.98
369.0,66.85615132957558,1.2069288824344369,0.21239878603244722,1,1,0.98
370.0,66.60264624327081,1.198828451395013,0.2037659188603967,1,1,0.98
371.0,67.76378734234542,1.2032929777888146,0.1783955463926204,1,1,0.98
372.0,65.50180039603934,1.2148936167839959,0.19606256926103072,1,1,0.98
373.0,67.75582222983991,1.205437727520735,0.18431210366920522,1,1,0.98
374.0,65.89188544402299,1.2227558523387083,0.18127129701238925,1,1,0.98
375.0,67.32927694855894,1.208871946153301,0.2040251253188301,1,1,0.98
376.0,67.45931018705882,1.2154956489065745,0.2246419477307876,1,1,0.98
377.0,66.29846856761088,1.2104882179525018,0.18733516600586253,1,1,0.98
378.0,66.88596107996743,1.2004536155126684,0.19985839618099638,1,1,0.98
379.0,66.86959090151558,1.2084894921092124,0.18727661746088703,1,1,0.98
380.0,66.03578496582459,1.2031970319304026,0.20131039145477814,1,1,0.98
381.0,66.80052274866456,1.2155632199482553,0.21384687879528275,1,0,0.4
382.0,66.48566791926177,1.2142815857589475,0.19445397053607147,1,1,0.98
383.0,67.38579517108931,1.2016439894687863,0.23587172526380196,1,1,0.98
384.0,65.04111783626242,1.2021593655772025,0.20486562830932545,1,1,0.98
385.0,66.06295130511265,1.1979271997238077,0.22255157129543243,1,1,0.98
386.0,66.59586748768953,1.2004380021835737,0.19515724033194745,1,1,0.98
387.0,66.96888407393729,1.212293135595296,0.2041378921636794,1,1,0.98
388.0,65.65963120293475,1.2147303570688757,0.200725242586572,1,1,0.98
389.0,66.18341968518554,1.219907862007528,0.20140783062197673,1,1,0.98
390.0,66.31136224144166,1.2056377008893402,0.18518849779790494,1,1,0.98
391.0,65.04197967566195,1.2079876576142985,0.22433769270582485,1,1,0.98
392.0,65.15355422049075,1.210191312959499,0.19568615506038142,1,1,0.98
393.0,67.32133816083383,1.20791571194297,0.2246026617467952,1,1,0.98
394.0,64.80152140076945,1.2079863383993947,0.1974158408093395,1,1,0.98
395.0,67.38698546163306,1.2218618923792746,0.1930172469750141,1,1,0.98
396.0,65.76030400428692,1.2030478247264837,0.18154514052822548,1,1,0.98
397.0,65.74700096028971,1.2077567554905329,0.1895641988182757,1,1,0.98
398.0,65.62907575279098,1.215540333780909,0.22059949961315048,1,1,0.98
399.0,67.42174656556857,1.198569822016185,0.19745416752095424,1,1,0.98
400.0,64.91581524892376,1.2119824347358625,0.17352222383733096,1,1,0.98
401.0,66.38651504105162,1.2054571406483587,0.2040097126167457,1,1,0.98
402.0,64.72336793766259,1.2210913885434413,0.19286158827471656,1,1,0.98
403.0,64.78024351937164,1.2169114985283407,0.20092137639262636,1,1,0.98
404.0,64.95776438229043,1.2231247140329207,0.20574007708223616,1,1,0.98
405.0,65.17811383671877,1.2316642746400068,0.18367642062229433,1,1,0.98
406.0,65.53237673388784,1.223926786488778,0.16817559902471124,1,1,0.98
407.0,66.46223175846642,1.2092805113741107,0.19241304168701065,1,1,0.98
408.0,64.31780796656098,1.2085722965700818,0.21018925596587132,1,1,0.98
409.0,65.5280948112365,1.2241147334741498,0.18464158230809627,1,1,0.98
410.0,66.32842152142211,1.226776570416785,0.20569197633262012,1,1,0.98
411.0,64.67785871226354,1.2134982956507168,0.21790213751822224,1,1,0.98
412.0,66.54662941762622,1.2277954602603647,0.17445982222440884,1,1,0.98
413.0,65.08660892081355,1.2399658371009274,0.20520571593926384,1,1,0.98
414.0,65.69218293421046,1.227751652137391,0.18439837493578284,1,1,0.98
415.0,64.44275098064824,1.2379498642345539,0.20601908781046194,1,1,0.98
416.0,65.03242536486856,1.245306907296037,0.17916495768300442,1,1,0.98
417.0,65.41187240102357,1.2322549735251946,0.20981759708243758,1,1,0.98
418.0,64.15421783425349,1.2425632172881873,0.1929903959962116,1,1,0.98
419.0,65.62259709978683,1.221138771082343,0.20921014095624263,1,1,0.98
420.0,63.733313164036964,1.2308370943439275,0.20555413273601875,1,1,0.98
421.0,65.06362998148796,1.2095320164512928,0.21592395941810652,1,1,0.98
422.0,65.58878011527713,1.2364338000762836,0.20453004155718568,1,1,0.98
423.0,64.33581006901056,1.243354084332061,0.1968522286924278,1,1,0.98
424.0,65.41465327123832,1.2328874194212787,0.17141823097466524,1,1,0.98
425.0,64.75749107745081,1.2208203781285534,0.20117179257968393,1,1,0.98
426.0,65.1450703804104,1.2429188927974024,0.17317482585432423,1,1,0.98
427.0,63.942303055104674,1.2202038201713747,0.17679151431612777,1,1,0.98
428.0,64.6543360448782,1.2242809133765558,0.20746365407414857,1,1,0.98
429.0,64.79077847125733,1.2102436209683136,0.2035930137383445,1,1,0.98
430.0,64.73075730348991,1.234732055245945,0.21633728055720933,1,1,0.98
431.0,64.77126707808605,1.2169895931900052,0.19264160522787266,1,1,0.98
432.0,64.14780646187455,1.2258108878183234,0.20501013496355014,1,1,0.98
433.0,64.26283476503663,1.2404190928694059,0.1838305088825128,1,1,0.98
434.0,64.87879043062996,1.2316642429001183,0.2037774863168316,1,1,0.98
435.0,64.55052313485601,1.2311688171021895,0.2079891260724431,1,1,0.98
436.0,65.17039863561531,1.2082762287488928,0.19887228352206782,1,1,0.98
437.0,63.948965941389304,1.231631097783818,0.19197300688397684,1,1,0.98
438.0,64.24054655904624,1.2180672231071312,0.20835313410790693,1,1,0.98
439.0,63.573867090799396,1.2395736029496942,0.19386499633566595,1,1,0.98
440.0,64.34212064463198,1.2408580926217925,0.18370737044421598,1,1,0.98
441.0,64.22342356204021,1.2203821170933418,0.19193352096448463,1,1,0.98
442.0,64.33118561686611,1.245596683283224,0.1855162112636092,1,1,0.98
443.0,63.17882764787373,1.2475855527804367,0.2203901070286258,1,1,0.98
444.0,63.80343746470948,1.2352199829329398,0.22060885918531306,1,1,0.98
445.0,63.4114280833893,1.2493718934898326,0.19874784778094953,1,1,0.98
446.0,64.39171151355578,1.245215582611224,0.21345555822260098,1,1,0.98
447.0,64.4354924424466,1.2293576133058242,0.19841120366241086,1,1,0.98
448.0,63.96001009882853,1.241536054467113,0.20366064657694724,1,1,0.98
449.0,64.04713117617031,1.2413799775575667,0.20272430807843486,1,1,0.98
450.0,64.8999198476196,1.2473362112040003,0.217774267773783,1,1,0.98
451.0,63.34034729399933,1.2499340890854622,0.18818395130475882,1,1,0.98
452.0,64.08278753950026,1.2380202849749304,0.2378675657853769,1,1,0.98
453.0,63.357898891585336,1.248435851509153,0.21874733228289073,1,1,0.98
454.0,63.2664719019147,1.2341943634286945,0.2175491082512375,1,1,0.98
455.0,63.23097707009608,1.2425044627667827,0.21816457972746867,1,1,0.98
456.0,63.63173350274449,1.244478625089494,0.2018046849956225,1,1,0.98
457.0,63.80814425753192,1.2483686011234012,0.20775819720138128,1,1,0.98
458.0,63.000651105805275,1.2392458418907386,0.18434335188924766,1,1,0.98
459.0,63.05984686180325,1.2471497564894245,0.19963984036259202,1,1,0.98
460.0,64.04031793168036,1.2399922044229015,0.18437738562710274,1,1,0.98
461.0,62.93926306445245,1.2464925107440477,0.19325092891883677,1,1,0.98
462.0,63.08598625147403,1.2357652079355992,0.16265473356874896,1,1,0.98
463.0,61.79756255629582,1.2437156992186098,0.19562598427225011,1,1,0.98
464.0,63.42309691346731,1.2521247784127079,0.18230269472250324,1,1,0.98
465.0,62.41399506335926,1.2480008565589047,0.19343578656969754,1,1,0.98
466.0,62.81198242396465,1.2361495273918017,0.1961393893371904,1,1,0.98
467.0,63.00042061195942,1.2328450858767248,0.21592662333176543,1,1,0.98
468.0,62.01276965348468,1.2534960053187831,0.2045111839968361,1,1,0.98
469.0,63.345182092309635,1.2506791212948676,0.1809455836118583,1,1,0.98
470.0,63.25845952655828,1.2516671910598827,0.20720093416109014,1,1,0.98
471.0,62.643591483873834,1.2486604229916816,0.16528934161540687,1,1,0.98
472.0,62.7562982165605,1.2445370509744818,0.23240946861326267,1,1,0.98
473.0,62.85011520750206,1.2418029538264643,0.199270190628465,1,1,0.98
474.0,63.30582596309429,1.2517422189869538,0.20962299333350318,1,1,0.98
475.0,62.17128141523731,1.2523853819480624,0.1997232357680062,1,1,0.98
476.0,61.72854974331088,1.2446133106704618,0.19807993834372792,1,1,0.98
477.0,63.994811131588335,1.2657463967789684,0.19881857286308685,1,1,0.98
478.0,62.85428829650011,1.2395814699945438,0.19931054839238774,1,1,0.98
479.0,62.37130784541736,1.2501077124538675,0.18135618919882104,1,1,0.98
480.0,63.08718255847217,1.2619041193814726,0.21391455249641939,1,1,0.98
481.0,62.215019563703265,1.263497013386278,0.2164734105179559,1,1,0.98
482.0,62.673236058585836,1.2560793301404272,0.20319277566865823,1,1,0.98
483.0,61.9617387943309,1.2595903759448521,0.2189747474007866,1,1,0.98
484.0,63.068315498647216,1.2502283954708513,0.22869269235801462,1,1,0.98
485.0,61.83119382314292,1.2511208017573,0.21565862616516007,1,1,0.98
486.0,61.66212249739524,1.2554863267142737,0.1770665275850421,1,1,0.98
487.0,63.057466382144675,1.24376766038493,0.19036451257817755,1,1,0.98
488.0,61.963201107783014,1.252038257494449,0.20053649154907416,1,1,0.98
489.0,63.12640582744167,1.2490952946255256,0.18560915240096001,1,1,0.98
490.0,62.01517473055438,1.2665451973644324,0.18281571122576618,1,1,0.98
491.0,61.825053568397905,1.2508280736959867,0.2013203457516544,1,1,0.98
492.0,60.76455168982026,1.2552424215985927,0.18661035779749682,1,1,0.98
493.0,61.65487684802081,1.2633839565680136,0.1886320330605794,1,1,0.98
494.0,62.59829741991489,1.2334542359310536,0.20103835324801367,1,1,0.98
495.0,61.69272138851485,1.2529232043728404,0.20373592648169064,1,1,0.98
496.0,61.401625856877935,1.2528448154308167,0.20674506549613167,1,1,0.98
497.0,61.65224453767669,1.247693693416269,0.18539089756029642,1,1,0.98
498.0,62.755171433524,1.2717357835986431,0.21228964054112875,1,1,0.98
499.0,62.46463433017246,1.2584743466654553,0.19244229310010905,1,1,0.98
500.0,63.171788763405054,1.2519299982951038,0.20698265157344015,1,1,0.98
501.0,61.351272852251526,1.2715898914227446,0.19549011971170066,1,1,0.98
502.0,61.44650264036259,1.264289196040209,0.20717050296664133,1,1,0.98
503.0,62.157989599183885,1.2729364456183307,0.2047178033807591,1,1,0.98
504.0,61.32009612907148,1.2534541555950787,0.18878862771023489,1,1,0.98
505.0,61.960542261079084,1.252570981480662,0.22242250172036873,1,1,0.98
506.0,61.96696985596742,1.247824324071083,0.2025715815760174,1,1,0.98
507.0,62.09390700657517,1.251395767713247,0.20032969960162697,1,1,0.98
508.0,61.32566518462898,1.270263848452204,0.1978878836079254,1,0,0.4
509.0,63.00528526308323,1.2628679766417257,0.20253181031577383,1,1,0.98
510.0,62.230757137512505,1.2558380102508944,0.204330725828352,1,1,0.98
511.0,60.74310140894007,1.2686614538072134,0.21832663785980877,1,1,0.98
512.0,61.98861311045737,1.268855576249401,0.2026220341929164,1,1,0.98
513.0,61.22992467566138,1.272455158302546,0.20023322725946374,1,1,0.98
514.0,61.81959007107392,1.2538396176720576,0.22129245485375684,1,1,0.98
515.0,61.75985447698902,1.267519095967821,0.2066553267062422,1,1,0.98
516.0,60.09499512860872,1.2723807447843052,0.18323660575579173,1,1,0.98
517.0,60.85906199142168,1.275017057721354,0.19408164904975203,1,1,0.98
518.0,60.202357732132675,1.2751115279923182,0.18829892345357185,1,1,0.98
519.0,62.03192315726483,1.2643882320478332,0.2080611494907532,1,1,0.98
520.0,60.106145748043666,1.2745083219525908,0.20933426487975854,1,1,0.98
521.0,62.40424541760789,1.266675418182643,0.2085386410998257,1,1,0.98
522.0,60.94740316318369,1.2741436667757875,0.20484606980125192,1,1,0.98
523.0,61.45751551605159,1.2580143002983892,0.19832955697026425,1,1,0.98
524.0,61.871933213618405,1.264463266998509,0.20359704931275419,1,1,0.98
525.0,61.350554746037034,1.2663419156420979,0.19232630445211876,1,1,0.98
526.0,61.25099488798321,1.2703805265028134,0.19013897578271863,1,1,0.98
527.0,60.97323597835683,1.2674508637271569,0.2035756390004467,1,1,0.98
528.0,60.6672888133286,1.2689624609846084,0.20768745384762552,1,1,0.98
529.0,61.18779113517919,1.259465994162201,0.17971424970904232,1,1,0.98
530.0,61.06022478669613,1.2760498072178217,0.1982036403535714,1,1,0.98
531.0,61.90005354072831,1.270799039417948,0.22185307937461252,1,1,0.98
532.0,60.52775636407968,1.266984189047481,0.19438527455353904,1,1,0.98
533.0,60.98393230875358,1.2799554816120688,0.20251407598983123,1,1,0.98
534.0,59.57132479346399,1.271331445917782,0.20266775319954924,1,1,0.98
535.0,61.15808710528019,1.2722562125557597,0.1981243291522032,1,1,0.98
536.0,61.24065629887431,1.2662386318786938,0.21366256615971774,1,1,0.98
537.0,60.48071700319747,1.2675399649251264,0.21136941412442387,1,1,0.98
538.0,61.63909696280927,1.2716294845804612,0.2053472925969245,1,1,0.98
539.0,60.77695495158119,1.271693134999247,0.20665960846581613,1,1,0.98
540.0,60.29141235967223,1.2783371877646004,0.17740029355785483,1,1,0.98
541.0,59.91052757555097,1.2676669104553266,0.20006748393923657,1,1,0.98
542.0,60.77479265227181,1.2735153765144616,0.1836209627298753,1,1,0.98
543.0,60.70313844480325,1.2743370195257888,0.22545862258995353,1,1,0.98
544.0,59.822350544055936,1.2806274609598889,0.20503398069175713,1,1,0.98
545.0,59.75383263310523,1.2789108685650785,0.1838684789408178,1,1,0.98
546.0,58.7364988653975,1.278447629568953,0.2181256095723153,1,1,0.98
547.0,61.285163661841565,1.2725815869837314,0.2043967410176224,1,1,0.98
548.0,59.71679539915002,1.2728332239865934,0.19010001352408715,1,1,0.98
549.0,60.29153263802934,1.2920815414066333,0.20373064713734876,1,1,0.98
550.0,59.46314296920894,1.274632824059206,0.2205265167311374,1,1,0.98
551.0,59.915321991268364,1.2697068914551575,0.189408207528099,1,1,0.98
552.0,60.284960215737875,1.2709842769492208,0.21199156534169608,1,1,0.98
553.0,59.980097919996055,1.2854542559541347,0.17497701930833875,1,1,0.98
554.0,59.32283036459946,1.286911455202143,0.19137088365794508,1,1,0.98
555.0,59.768135945513365,1.275899118515213,0.2150282009558336,1,1,0.98
556.0,61.29086160470882,1.2756860116143096,0.2005534134178251,1,1,0.98
557.0,60.83230296781512,1.2774182685398685,0.21506892454884843,1,1,0.98
558.0,60.60437011369277,1.2944677723169558,0.17447019325329358,1,1,0.98
559.0,60.873721389578144,1.279374401007243,0.22018290961317832,1,1,0.98
560.0,60.48313868076494,1.287317727843679,0.19038365585497075,1,1,0.98
561.0,58.8552053788172,1.279150236961998,0.19136428699536465,1,1,0.98
562.0,60.94436123393038,1.2955418323860164,0.19508545559635215,1,1,0.98
563.0,60.58787874774229,1.2886781284836393,0.20597583338376493,1,1,0.98
564.0,60.2824852310757,1.2937193950029995,0.19259264461577408,1,1,0.98
565.0,59.91642382189255,1.2839917016133384,0.19288771153387974,1,1,0.98
566.0,60.05263294461752,1.2774211622785565,0.22638254429621274,1,1,0.98
567.0,60.58216557098945,1.2886111031538976,0.1797391037096287,1,1,0.98
568.0,61.05166701848115,1.2771681349360797,0.2092708346630515,1,1,0.98
569.0,59.34951685614003,1.276841893500283,0.19872240749130093,1,1,0.98
570.0,59.980626952428445,1.2802140840361131,0.1954567762323969,1,1,0.98
571.0,60.45052679935312,1.2876845906150887,0.21885915000709524,1,1,0.98
572.0,59.29948095693734,1.295696355326942,0.19638188062405362,1,1,0.98
573.0,59.302745293167014,1.2858182292395237,0.1989354711096577,1,1,0.98
574.0,59.25353931540468,1.2788614236830502,0.1746845550830392,1,1,0.98
575.0,57.88042716654227,1.2975907686688806,0.18587044283360413,1,1,0.98
576.0,58.935318760403995,1.2847103779612725,0.18671344066492584,1,1,0.98
577.0,57.84402947332309,1.2944294454056031,0.21302157746573258,1,1,0.98
578.0,59.155013960681885,1.2872645741619824,0.2028374292703216,1,1,0.98
579.0,58.78383573188619,1.2761289268069838,0.1714061766594676,1,1,0.98
580.0,60.75565013540821,1.2934155410450054,0.23484811110284282,1,1,0.98
581.0,59.17364326391766,1.2972462673868197,0.20184961624111986,1,1,0.98
582.0,59.84676778506888,1.279690812813599,0.2108509601472365,1,1,0.98
583.0,57.22834793331997,1.2869222814928547,0.197075941010373,1,1,0.98
584.0,59.288134869593954,1.2890780985789942,0.17826020342905566,1,1,0.98
585.0,59.31053297205426,1.3078263754933235,0.18844315150073745,1,1,0.98
586.0,59.305419758251816,1.2965314161573496,0.19488734579484618,1,1,0.98
587.0,58.77856243458486,1.2837584482865187,0.20825524148117164,1,1,0.98
588.0,58.243032640695716,1.290597837418356,0.20798246039914334,1,1,0.98
589.0,59.56660592688325,1.293220710491766,0.19620533073609728,1,1,0.98
590.0,58.82887115144021,1.2980929101146255,0.16547839404088457,1,1,0.98
591.0,60.604933212807445,1.3062289787817345,0.18114712637366992,1,1,0.98
592.0,57.83356344052136,1.2968094632571745,0.21856059794071686,1,1,0.98
593.0,58.55736922191568,1.2836121733783463,0.19301945820354263,1,1,0.98
594.0,58.73370103376278,1.2784817683308778,0.21274252486045592,1,1,0.98
595.0,58.44420422300015,1.3104793885114843,0.21950387454384715,1,1,0.98
596.0,58.550577873832715,1.2990058756630902,0.17590934783210796,1,1,0.98
597.0,59.1345897095563,1.3044988937762492,0.20668950064578123,1,1,0.98
598.0,58.28469124617404,1.296920683778992,0.18435566044117857,1,1,0.98
599.0,58.998209664798246,1.2930249517770334,0.1684129947237814,1,1,0.98
600.0,58.31266613215139,1.2928728576940582,0.21537136512539135,1,1,0.98
601.0,59.34393240149091,1.3050020974486738,0.20124989533423046,1,1,0.98
602.0,58.05891582958295,1.3009323481252535,0.19981086071278412,1,1,0.98
603.0,58.18778939958131,1.293498816506967,0.183027740942708,1,1,0.98
604.0,58.11543469507641,1.3071289021050163,0.2011810675942505,1,1,0.98
605.0,57.380522440092655,1.2934366808834805,0.2044021290471098,1,1,0.98
606.0,58.63316682877473,1.3039142951157656,0.21518485656610215,1,1,0.98
607.0,57.575097683141855,1.3108723626540228,0.19820607122750156,1,1,0.98
608.0,58.06592467470477,1.2929855723900698,0.21064337425660065,1,1,0.98
609.0,57.887790093556944,1.2929399242379584,0.19446302517696482,1,1,0.98
610.0,58.65702969958032,1.2959008944498096,0.22423657555919405,1,1,0.98
611.0,57.253106181304986,1.3095843652296884,0.21505844077883202,1,1,0.98
612.0,58.373493242086674,1.30798747481677,0.1896577581780671,1,1,0.98
613.0,58.20799576868559,1.302134816467258,0.23550258100440663,1,1,0.98
614.0,58.02763395491309,1.297767500024398,0.2149175872856937,1,1,0.98
615.0,58.34642131665819,1.2895762201325145,0.19735660209355263,1,1,0.98
616.0,57.44803785407888,1.3010069638349555,0.16687263941507863,1,1,0.98
617.0,57.758452527898825,1.2924005284510238,0.22774276030308,1,1,0.98
618.0,59.28547734321966,1.288405604095621,0.1949173470897028,1,1,0.98
619.0,57.71962172100564,1.316899824832773,0.1773790416267664,1,1,0.98
620.0,58.09412908454549,1.3066051630889937,0.19994107692053664,1,1,0.98
621.0,57.18219531308685,1.2967399827507151,0.21193569840386703,1,1,0.98
622.0,57.5271048453716,1.3108449844870615,0.21770919628332128,1,1,0.98
623.0,57.9191000220959,1.3113610692603015,0.20975808494844406,1,1,0.98
624.0,57.21430147707265,1.2975248794482999,0.21056940456920248,1,1,0.98
625.0,57.70382634293774,1.309020737349463,0.20138255694426443,1,1,0.98
626.0,58.27859378080168,1.315500455481254,0.1789271986159818,1,1,0.98
627.0,58.413434348767595,1.3097656424527997,0.19911635326470709,1,1,0.98
628.0,57.4115797213768,1.2955738845565972,0.1878419846650986,1,1,0.98
629.0,56.682137886351676,1.3018432769601664,0.21248619597846852,1,1,0.98
630.0,57.870721749992384,1.3180374264454457,0.21860342647991107,1,1,0.98
631.0,56.53970298831436,1.30960208460017,0.1917906057408821,1,1,0.98
632.0,57.42523767243795,1.304438598153819,0.2111928903536811,1,1,0.98
633.0,57.93474283236919,1.3009281120059168,0.22587365525023814,1,1,0.98
634.0,57.16933132913671,1.3015056406604077,0.1908944377107648,1,1,0.98
635.0,57.6568317385819,1.3149509946759053,0.21556662210842517,1,0,0.4
636.0,56.883794553952775,1.3252830219260452,0.1939970924046406,1,1,0.98
637.0,56.32059671078342,1.3052101325366836,0.2054940098237538,1,1,0.98
638.0,57.608470506858055,1.3252714013057467,0.21133339436171245,1,1,0.98
639.0,57.8574383312915,1.3148430625380025,0.21143243765592568,1,1,0.98
640.0,56.681519962618616,1.3096793528940578,0.1990059722330471,1,1,0.98
641.0,57.67507117695049,1.3189370439327164,0.18426875382508462,1,1,0.98
642.0,57.77488030278984,1.3106130414006623,0.22963839351927556,1,1,0.98
643.0,56.51641903501895,1.3146883532281828,0.21315910029797455,1,1,0.98
644.0,58.028668988184144,1.2962019964211755,0.21414968964990158,1,1,0.98
645.0,57.09925625074206,1.30267298912247,0.2249079129347906,1,1,0.98
646.0,57.51109607054119,1.3260338365042184,0.19665380052027992,1,1,0.98
647.0,56.925064312534495,1.3086508728502657,0.23787574362849825,1,1,0.98
648.0,56.8991300068032,1.312039068775413,0.19221697437140353,1,1,0.98
649.0,57.4619714402869,1.3177369255380562,0.21855373015197313,1,1,0.98
650.0,57.07776574640291,1.304738330285281,0.1928667947783351,1,1,0.98
651.0,56.58265692452299,1.3034376405468748,0.20785231342707353,1,1,0.98
652.0,56.864431815537486,1.3182752212503366,0.17507443033835365,1,1,0.98
653.0,57.03767725486265,1.3210277503227665,0.19762400885775303,1,1,0.98
654.0,56.6476767805645,1.3145077123645306,0.193110190139029,1,1,0.98
655.0,56.82733186475038,1.3022304233012612,0.18398966594739832,1,1,0.98
656.0,57.022726423859126,1.3208487599376335,0.2016150497032791,1,1,0.98
657.0,57.86503135443137,1.3208400788537535,0.18245572986871536,1,1,0.98
658.0,56.021733229628495,1.3113180057138414,0.1942914381340901,1,1,0.98
659.0,56.537131377811065,1.3113409441485584,0.20544101609024326,1,1,0.98
660.0,56.174551208270046,1.3210439547883954,0.19823532076032632,1,1,0.98
661.0,56.30485636083278,1.3114936310914522,0.17498707446661987,1,1,0.98
662.0,57.2680965895928,1.3255506775281154,0.23403162593669752,1,1,0.98
663.0,56.87159459374622,1.316804026640218,0.19742694250820358,1,1,0.98
664.0,56.84605140177921,1.3208478091462301,0.22043564767317178,1,1,0.98
665.0,56.376885952905816,1.318638842742622,0.1713271795858746,1,1,0.98
666.0,56.699547801217435,1.3239279003495263,0.190620130462799,1,1,0.98
667.0,57.323377924038,1.3231488742018238,0.18772373567541198,1,1,0.98
668.0,56.67717000917482,1.320304956833431,0.20273128863294862,1,1,0.98
669.0,55.98895972312156,1.3304450368230336,0.20916569819246,1,1,0.98
670.0,57.72804447342234,1.3344707792607668,0.19263279977221925,1,1,0.98
671.0,56.55757805138763,1.306465364478047,0.19508125693515155,1,1,0.98
672.0,57.13183852550496,1.3256701137735798,0.19934443972752144,1,1,0.98
673.0,56.59774191681656,1.315754078161486,0.17781256785456537,1,1,0.98
674.0,56.926319342952965,1.3302391846856227,0.21096145187297569,1,1,0.98
675.0,57.22862741864388,1.3140981762274746,0.1874360322440789,1,1,0.98
676.0,56.68518990305517,1.309540066296827,0.21139057929443494,1,1,0.98
677.0,56.22008592197239,1.3106857656190907,0.20918693328665455,1,1,0.98
678.0,56.93079476762149,1.3087364333018505,0.20823559179731205,1,1,0.98
679.0,55.63574308312027,1.3307448364267787,0.18486217640290567,1,1,0.98
680.0,55.245920769808464,1.3258247963458782,0.20721461566815472,1,1,0.98
681.0,55.89300013558288,1.3018841794941245,0.21928634805315175,1,1,0.98
682.0,55.82478967252802,1.3337453708071203,0.19546917511342662,1,1,0.98
683.0,57.0039962365238,1.3264527129650394,0.19416279209809972,1,1,0.98
684.0,55.965259667964965,1.3320819250405798,0.2387469288555233,1,1,0.98
685.0,54.83302893001478,1.3311289460662603,0.197568344636229,1,1,0.98
686.0,55.762730393964205,1.3167377508852107,0.17755179994181322,1,1,0.98
687.0,56.895284101537975,1.3216602276530587,0.20137929979071292,1,1,0.98
688.0,55.73868031759056,1.3218441013530624,0.17541150263661087,1,1,0.98
689.0,56.34089969825319,1.3329501041482636,0.1770535955697607,1,1,0.98
690.0,55.15999609488558,1.3325760200812553,0.21008658993410495,1,1,0.98
691.0,55.98983732913149,1.3324160450560942,0.2049802628313476,1,1,0.98
692.0,56.772891410335575,1.3353368382690356,0.19672913005287873,1,1,0.98
693.0,56.17293191883966,1.3262999366508414,0.2129319973032339,1,1,0.98
694.0,55.8305753368634,1.3376711862756998,0.19943389216744167,1,1,0.98
695.0,55.65677411325781,1.331653203777996,0.2090339115437752,1,1,0.98
696.0,55.04324972231244,1.3431066468463158,0.19382243401681462,1,1,0.98
697.0,55.10166266269693,1.330879171918297,0.1980050149412651,1,1,0.98
698.0,56.322129250110386,1.334725350878917,0.1846334341283441,1,1,0.98
699.0,55.34723651740053,1.3317035022806583,0.17901482974026287,1,1,0.98
700.0,57.29260742584528,1.3372302832636103,0.18160038634892253,1,1,0.98
701.0,55.663923620167296,1.3364136786219276,0.19484536270615707,1,1,0.98
702.0,56.29504159726362,1.331229696880561,0.19395163105029317,1,1,0.98
703.0,56.089320335043965,1.3408656304578033,0.20091053106249362,1,1,0.98
704.0,54.11415729764831,1.3408137028931526,0.18813623343703129,1,1,0.98
705.0,54.095180006229995,1.324555022403774,0.1890345543553838,1,1,0.98
706.0,55.36880484517511,1.3468319056224196,0.19720998065130813,1,1,0.98
707.0,55.54424360864318,1.3352212610879333,0.21518866315571666,1,1,0.98
708.0,55.06510854317668,1.349951569269107,0.20101109469594924,1,1,0.98
709.0,54.36484857016477,1.3378221660019904,0.2011978138377008,1,1,0.98
710.0,54.91262898980368,1.340965317963573,0.19430656580765418,1,1,0.98
711.0,55.22507851791668,1.3338667118089889,0.1876479248541714,1,1,0.98
712.0,55.60104572511236,1.338271781821327,0.20307875785086021,1,1,0.98
713.0,55.370760364541205,1.336368796336125,0.20240142045200274,1,1,0.98
714.0,56.69059936171824,1.3525112949954754,0.1801679625800299,1,1,0.98
715.0,54.04851921812541,1.3399580190239044,0.19252549497317129,1,1,0.98
716.0,54.89961071564966,1.3367282180061324,0.2048852706617637,1,1,0.98
717.0,55.79419850652198,1.3385412428900108,0.19758355486073656,1,1,0.98
718.0,56.24325466418905,1.3424803878402676,0.21465832107877447,1,1,0.98
719.0,55.484510803027185,1.3361751556875439,0.2132612151509846,1,1,0.98
720.0,54.80030479417678,1.3408265530035999,0.19139031536660558,1,1,0.98
721.0,56.65663553661909,1.3294734885824757,0.18982098842667208,1,1,0.98
722.0,55.692766161463155,1.3461502604644353,0.2034085271049404,1,1,0.98
723.0,54.09820859196944,1.335877787483489,0.22052545108681187,1,1,0.98
724.0,55.15239671721756,1.3334343941416305,0.20235072924490938,1,1,0.98
725.0,55.00195923568366,1.3428392892166463,0.21349245956431423,1,1,0.98
726.0,54.59765407671319,1.3573233595003094,0.190010372618027,1,1,0.98
727.0,55.608634034895104,1.3393444647664847,0.18286299249449547,1,1,0.98
728.0,55.155471457190934,1.3397780539333441,0.2152705780294311,1,1,0.98
729.0,55.0595561412587,1.3501025092816084,0.1680416420462457,1,1,0.98
730.0,55.435315612153275,1.3327959332738304,0.20428314521975485,1,1,0.98
731.0,55.19916005350036,1.3284402414496046,0.19009146763432233,1,1,0.98
732.0,55.02705722320239,1.357608103301122,0.18141356640933237,1,1,0.98
733.0,54.35856817411354,1.3307027908636146,0.19730294125675304,1,1,0.98
734.0,54.961897810692555,1.3598882513106973,0.17322769062572368,1,1,0.98
735.0,55.57207517814186,1.3510619956274041,0.2036585728522417,1,1,0.98
736.0,54.26967735320812,1.3480905791507158,0.19901728734963592,1,1,0.98
737.0,54.282109489059984,1.3356088966959412,0.2144104182526202,1,1,0.98
738.0,54.684249741231234,1.3594293484050943,0.20114001833806636,1,1,0.98
739.0,53.27647139229026,1.3411722239959027,0.1945378751665553,1,1,0.98
740.0,55.00195778302516,1.3535867486872208,0.1998537988335799,1,1,0.98
741.0,55.16573472153182,1.3594540258134309,0.18869269429957014,1,1,0.98
742.0,55.585439581061046,1.3391278996965066,0.1947528641078916,1,1,0.98
743.0,54.3175805280559,1.3581701092125693,0.1988039743661696,1,1,0.98
744.0,55.40846549876058,1.345149309987125,0.18789651253966352,1,1,0.98
745.0,54.56946973892328,1.346498244027803,0.17952915964890512,1,1,0.98
746.0,54.21821772840068,1.343859119998258,0.1748043430217353,1,1,0.98
747.0,53.927395804967475,1.3451770603937945,0.21508471756376085,1,1,0.98
748.0,54.57644802487083,1.36628163905231,0.19188914842913413,1,1,0.98
749.0,53.624143007690314,1.3512212615178465,0.18826043717027452,1,1,0.98
750.0,53.796792746369256,1.349816829764898,0.2244300412037031,1,1,0.98
751.0,54.644809213579514,1.3580644226421534,0.19297831126416515,1,1,0.98
752.0,54.75120255843695,1.3509406304066953,0.22748416578814712,1,1,0.98
753.0,54.35780161009856,1.3593948009751742,0.21961050486554995,1,1,0.98
754.0,54.5554729810565,1.3540203323998727,0.21432593976280573,1,1,0.98
755.0,53.92949158653782,1.3425852621117051,0.21048016046046103,1,1,0.98
756.0,53.08599574000889,1.3595330346765633,0.2200503721820213,1,1,0.98
757.0,54.77185690464216,1.3503272309853116,0.19667093202253988,1,1,0.98
758.0,54.03962468306341,1.3635503747435056,0.1949168784311217,1,1,0.98
759.0,53.86022682978014,1.355962143677176,0.2050363082686073,1,1,0.98
760.0,54.48693935790797,1.3544105319597683,0.1977648140641636,1,1,0.98
761.0,53.55877669258339,1.3549700233842163,0.16960291218470522,1,1,0.98
762.0,53.86285271551711,1.3450728970314756,0.19100357901708642,1,0,0.4
763.0,53.45469032519806,1.3485246181860495,0.21317865520185666,1,1,0.98
764.0,54.03710016371118,1.3548147415116298,0.20256312754962383,1,1,0.98
765.0,53.673457911530974,1.3424815020341132,0.18071979449333442,1,1,0.98
766.0,54.57108372493072,1.3478429555775449,0.1960872735468877,1,1,0.98
767.0,55.076085482588866,1.350447118132213,0.20138429065527874,1,1,0.98
768.0,53.28246266738431,1.376522077599112,0.1944445400583148,1,1,0.98
769.0,53.47255539969539,1.3666883429603256,0.2045911453052906,1,1,0.98
770.0,53.22272481046733,1.3687237266573353,0.1872120924471073,1,1,0.98
771.0,53.24020631777259,1.3530485817061753,0.2149728505799713,1,1,0.98
772.0,54.499952519214496,1.3486515740169767,0.19501929532833376,1,1,0.98
773.0,53.142086382284525,1.3468907456339478,0.208402095057934,1,1,0.98
774.0,52.897780196325,1.373886922480623,0.19714156584879558,1,1,0.98
775.0,54.68675514535892,1.358585754511688,0.19739583647848177,1,1,0.98
776.0,53.20744177785872,1.3579334933647025,0.22366791940088507,1,1,0.98
777.0,52.905122882197624,1.3581633366496302,0.19692199310467898,1,1,0.98
778.0,53.69175411440768,1.3542898251136302,0.18289019562438244,1,1,0.98
779.0,53.17493019166586,1.3608592290114188,0.1681128589376424,1,1,0.98
780.0,52.53774253872585,1.3486337811618985,0.183413430284445,1,1,0.98
781.0,53.684872739352265,1.359500852547282,0.18134925171998104,1,1,0.98
782.0,54.22971852535882,1.3595014746584553,0.20233778424695203,1,1,0.98
783.0,52.95109969923186,1.3555676786882798,0.18501931917057107,1,1,0.98
784.0,52.79454852344021,1.3691894529071091,0.20397242148020098,1,1,0.98
785.0,51.965243170357496,1.3644485999625318,0.19619663226517012,1,1,0.98
786.0,53.56814988008286,1.3693451013740185,0.21323372479408362,1,1,0.98
787.0,53.59350640042992,1.3585222393897414,0.1804970323603477,1,1,0.98
788.0,53.66928890752641,1.3661546964302393,0.20977279495804166,1,1,0.98
789.0,54.828503980397294,1.3783156840020618,0.17391307559941627,1,1,0.98
790.0,54.19995660022103,1.3977790323464874,0.20752437819411076,1,1,0.98
791.0,53.393664944439195,1.362643785669056,0.2029514120342508,1,1,0.98
792.0,54.06711289833375,1.3695826540895635,0.1931114118511798,1,1,0.98
793.0,53.91163113277329,1.372462571660982,0.19532179082236412,1,1,0.98
794.0,52.601694681349024,1.3633258944285627,0.19705741441618746,1,1,0.98
795.0,52.72405420066049,1.370576398825455,0.21633082335814094,1,1,0.98
796.0,53.08726388813695,1.3657088794641676,0.19160334071696183,1,1,0.98
797.0,54.50438632020837,1.386697171843551,0.1918558779280535,1,1,0.98
798.0,53.543549364009785,1.3569257351209685,0.20898439341190544,1,1,0.98
799.0,52.45460803103954,1.3668055247149622,0.2218316296443652,1,1,0.98
800.0,52.26187257551068,1.3636933514399598,0.19856286571670265,1,1,0.98
801.0,54.77066412295964,1.3827788838875918,0.20819663891928275,1,1,0.98
802.0,52.53336492557555,1.3654869976254158,0.19212290708993401,1,1,0.98
803.0,53.32114972245388,1.3602874990234177,0.19248489086488285,1,1,0.98
804.0,53.421862650680794,1.3810267938125262,0.21034150291359288,1,1,0.98
805.0,52.095095967418835,1.3606599280073233,0.2092547435429445,1,1,0.98
806.0,53.18003377489101,1.3619491088682478,0.20757275744999215,1,1,0.98
807.0,53.955529622836856,1.3628417987077093,0.19499339305882069,1,1,0.98
808.0,52.934095061610016,1.3534545213199587,0.16656825928236857,1,1,0.98
809.0,53.48045088261981,1.3742453001640713,0.20840827973467096,1,1,0.98
810.0,52.55031901918089,1.364734522300939,0.2323216256568844,1,1,0.98
811.0,53.06470870508566,1.3748005581523508,0.22464828060831635,1,1,0.98
812.0,52.70351521452552,1.3773072926988215,0.19809249443957921,1,1,0.98
813.0,51.60629602722992,1.369928185501586,0.20345283377396162,1,1,0.98
814.0,53.07153137556755,1.3662259505522725,0.20168440979436533,1,1,0.98
815.0,52.13634876833407,1.3742551847351097,0.18992467900964277,1,1,0.98
816.0,51.6449812542237,1.3825539216531317,0.2096302320507762,1,1,0.98
817.0,52.56655346644343,1.3931931377160116,0.2034695058285594,1,1,0.98
818.0,51.70169043487439,1.3735056422194762,0.1890359924456139,1,1,0.98
819.0,52.47166873869794,1.3914641736554136,0.2090928355694312,1,1,0.98
820.0,54.22950029814614,1.369452612613622,0.21138467573280906,1,1,0.98
821.0,53.143581652954595,1.389052899653618,0.22128011100194162,1,1,0.98
822.0,52.15829195619407,1.37344717263146,0.20128906705859492,1,1,0.98
823.0,54.23220900747344,1.3766722043945097,0.22508457959445677,1,1,0.98
824.0,52.5474088744349,1.3849651744467566,0.20820659369388098,1,1,0.98
825.0,53.041595703884475,1.3897246626229793,0.18325406612702688,1,1,0.98
826.0,52.177097916966744,1.3594032674707999,0.18190847686931122,1,1,0.98
827.0,52.72512432643486,1.3834752072378724,0.18876249001156298,1,1,0.98
828.0,51.684753008132475,1.3809173902607106,0.19403059186586755,1,1,0.98
829.0,52.399704886253225,1.37920018547741,0.19695140723065596,1,1,0.98
830.0,53.24214939786679,1.3883506310800617,0.1836427841906074,1,1,0.98
831.0,53.5999762529122,1.376423756149945,0.18250979359901945,1,1,0.98
832.0,52.77293580484515,1.383974626740413,0.20059309946684162,1,1,0.98
833.0,52.13845338945254,1.3924248024019124,0.2177897738225547,1,1,0.98
834.0,51.562212765005434,1.374429885526033,0.18862298990921778,1,1,0.98
835.0,51.14054517478729,1.388178477061201,0.2151524411742395,1,1,0.98
836.0,51.78828207576304,1.3862372434881522,0.1794602672606111,1,1,0.98
837.0,53.17320419843576,1.3923215147288301,0.2121802581444495,1,1,0.98
838.0,52.372233230971446,1.382807363543701,0.19729581486005215,1,1,0.98
839.0,52.65607093202265,1.3846722312426871,0.21721447767229782,1,1,0.98
840.0,52.299374207453106,1.3814027619813838,0.2052422443138622,1,1,0.98
841.0,51.60796499479855,1.3776031337938113,0.1831942519009086,1,1,0.98
842.0,51.99801409745668,1.3822273216010459,0.18759109444223512,1,1,0.98
843.0,52.178505259657776,1.3909282957423639,0.17747151104990563,1,1,0.98
844.0,53.19428155716452,1.396286915267564,0.20080751397908222,1,1,0.98
845.0,52.39461964064626,1.3965736863323752,0.21046860685939484,1,1,0.98
846.0,52.050183826677895,1.399960039265291,0.21264455932182777,1,1,0.98
847.0,50.69733619677121,1.3907164225569641,0.20879606682790303,1,1,0.98
848.0,52.13572282874844,1.397315887468255,0.2136912483412224,1,1,0.98
849.0,51.7976526652125,1.3887386168622304,0.20644229249456952,1,1,0.98
850.0,52.34836383301065,1.4036252155197044,0.1862588600204445,1,1,0.98
851.0,52.37536522761989,1.3802736665130788,0.21269691550452383,1,1,0.98
852.0,52.02927273898901,1.3926290826778012,0.2031716192581776,1,1,0.98
853.0,51.535220936383034,1.391167333123395,0.17890938412835516,1,1,0.98
854.0,50.95363576230138,1.4055021921621635,0.21171264218999877,1,1,0.98
855.0,52.262042525253854,1.3987460108821732,0.19959456183177907,1,1,0.98
856.0,52.4838083924525,1.3935406230021157,0.20016389343590268,1,1,0.98
857.0,51.22969033225058,1.3885501968439022,0.1927638278112755,1,1,0.98
858.0,51.77317435926155,1.3862436414804056,0.20157589229571735,1,1,0.98
859.0,51.824093828629685,1.3765227878296558,0.1988017185388028,1,1,0.98
860.0,53.024840038249366,1.3849149275993908,0.22864640937375186,1,1,0.98
861.0,51.569761212244124,1.3925792198001716,0.19879269212920503,1,1,0.98
862.0,51.599376823480505,1.3931193111300675,0.2126903923121292,1,1,0.98
863.0,52.088322315941454,1.391174847056772,0.18559061125447743,1,1,0.98
864.0,51.416194083595805,1.387954911014318,0.20503762510704485,1,1,0.98
865.0,51.87481106230705,1.3972684903233983,0.20252621536552515,1,1,0.98
866.0,51.461941523142826,1.380012626088264,0.21619414301953266,1,1,0.98
867.0,51.18560778012459,1.38161072038061,0.20581740467194326,1,1,0.98
868.0,51.49652360189332,1.397402278904263,0.175827165355399,1,1,0.98
869.0,51.13705986529296,1.4026671113609182,0.20792364210522418,1,1,0.98
870.0,51.42118912222044,1.3996477836962495,0.2068086724500055,1,1,0.98
871.0,51.506389422747695,1.396163065655269,0.17802434117108407,1,1,0.98
872.0,51.90556080266979,1.3970995348633222,0.19791046701374532,1,1,0.98
873.0,51.638367293993596,1.3974458286246305,0.1862910734263131,1,1,0.98
874.0,51.30670444314267,1.4026162776096611,0.17924854906053986,1,1,0.98
875.0,50.78176411268189,1.4096737608560328,0.1976164525223241,1,1,0.98
876.0,51.443772566012306,1.4011976926165925,0.18409110207057658,1,1,0.98
877.0,51.498669181008786,1.3986073562338412,0.17670645214858702,1,1,0.98
878.0,51.66928610474278,1.3910677719291105,0.21270661456875095,1,1,0.98
879.0,51.21774157900373,1.3936667366969187,0.20285910661764447,1,1,0.98
880.0,51.07290211771058,1.3831510813285497,0.20548055549216526,1,1,0.98
881.0,52.10024045907935,1.3984394728631628,0.18288425884828655,1,1,0.98
882.0,52.18550927451897,1.4074407533892426,0.2098383519554382,1,1,0.98
883.0,52.5465403995907,1.401934369536215,0.19930192637883357,1,1,0.98
884.0,50.53152252979036,1.4120021526060405,0.20571832917750188,1,1,0.98
885.0,51.66407935812772,1.39928425467202,0.1792354818503636,1,1,0.98
886.0,51.472813108169326,1.401500344597397,0.1919727929464848,1,1,0.98
887.0,50.45418419122049,1.4047049403157763,0.21732681294721692,1,1,0.98
888.0,51.01137668926262,1.39670284772378,0.20053202575172427,1,1,0.98
889.0,52.127810581331815,1.3954313855408869,0.20381296075523497,1,0,0.4
890.0,50.28557120127149,1.3976628316357582,0.202738020201915,1,1,0.98
891.0,51.031570195434654,1.396229502467656,0.21491249964582118,1,1,0.98
892.0,51.45209119391791,1.3952219345443913,0.18687069108243132,1,1,0.98
893.0,51.892455379811295,1.3902696995421915,0.222025688199136,1,1,0.98
894.0,51.19608741054866,1.4019441329541775,0.19775603752574614,1,1,0.98
895.0,52.195962860146466,1.386764136788413,0.169939543229699,1,1,0.98
896.0,51.04752806582338,1.3989342532791436,0.20457012269205246,1,1,0.98
897.0,51.194980842593004,1.4094888768531442,0.20456088181701132,1,1,0.98
898.0,50.86721024700583,1.4062825361478022,0.17937710242742572,1,1,0.98
899.0,50.97947932034073,1.4071969760296454,0.16773980659819832,1,1,0.98
900.0,50.97082555373655,1.4000182742271763,0.19169540553163186,1,1,0.98
901.0,50.80418217557534,1.3946956862551123,0.22079698725155725,1,1,0.98
902.0,51.13261766055209,1.4013077987121545,0.1780320431229646,1,1,0.98
903.0,51.254624608657174,1.3933726970565685,0.20064072357991922,1,1,0.98
904.0,50.76126054626035,1.412715821673655,0.21579163954375025,1,1,0.98
905.0,51.73289491516323,1.4093014134932693,0.19594183439575544,1,1,0.98
906.0,51.07881583006523,1.4152378715172365,0.2039710044531115,1,1,0.98
907.0,50.13842706183643,1.3973062140817836,0.22097968197088047,1,1,0.98
908.0,51.07696850738668,1.4196132692687882,0.18573920795227997,1,1,0.98
909.0,51.8772008218359,1.4081694648985723,0.21111577116001162,1,1,0.98
910.0,50.79932551381639,1.3988617596991464,0.22282590036381267,1,1,0.98
911.0,50.32942240466651,1.412006975015742,0.20741624258404187,1,1,0.98
912.0,51.59204905680095,1.415090003496808,0.2073362435155987,1,1,0.98
913.0,51.27119136679397,1.3936127812591557,0.22522304674340587,1,1,0.98
914.0,51.39046810861082,1.4087357629567876,0.19553000784315666,1,1,0.98
915.0,50.0947184766386,1.4043654352705643,0.20747233372039736,1,1,0.98
916.0,50.848119031822506,1.410903363763357,0.21649292634176404,1,1,0.98
917.0,49.596934791987984,1.4140368555569447,0.19009724824553942,1,1,0.98
918.0,50.55523681399185,1.4078874429278416,0.1947158103653804,1,1,0.98
919.0,50.7862234284318,1.410744020810364,0.21336190786450293,1,1,0.98
920.0,50.46487758896973,1.4210125062787788,0.18849724294374906,1,1,0.98
921.0,50.355932495823026,1.4221884785574395,0.18916596079940326,1,1,0.98
922.0,49.94569342285234,1.4153458520524134,0.1978461494367228,1,1,0.98
923.0,50.530336052759516,1.405321738061242,0.201966681126204,1,1,0.98
924.0,50.94424990523672,1.4218998328201569,0.21484320071354557,1,1,0.98
925.0,50.60212399711333,1.4123688033868578,0.18231621782895113,1,1,0.98
926.0,50.336228870568945,1.4122441626266262,0.20847606366968746,1,1,0.98
927.0,50.21122810349477,1.410467090333029,0.2088028076262368,1,1,0.98
928.0,49.758369532368015,1.413968200844961,0.1850259942033855,1,1,0.98
929.0,51.39862418059335,1.4100198568623323,0.2217634798835765,1,1,0.98
930.0,50.37630432194125,1.411095286020556,0.20825795885146264,1,1,0.98
931.0,50.38621702650718,1.431427356662815,0.1807952000775934,1,1,0.98
932.0,49.79740670027778,1.4241034275038789,0.21946527329604903,1,1,0.98
933.0,50.86882911448216,1.4111620907990494,0.19378885925785858,1,1,0.98
934.0,50.388108505831426,1.4100721489603971,0.1768939983297912,1,1,0.98
935.0,50.280540123097296,1.4281380329208366,0.2133295064042662,1,1,0.98
936.0,50.170461708265236,1.415985130774454,0.19293399010976378,1,1,0.98
937.0,51.30549005817888,1.40743080531931,0.213792489560425,1,1,0.98
938.0,52.17769546210285,1.4172076612544764,0.18187180350681914,1,1,0.98
939.0,50.646977310089255,1.4147685501301956,0.19169054299090935,1,1,0.98
940.0,50.222207929724114,1.4084248147403722,0.2186058997111951,1,1,0.98
941.0,49.35165230956151,1.4158924877195838,0.22219590355935626,1,1,0.98
942.0,50.017514616730175,1.427487312177215,0.18428621889753488,1,1,0.98
943.0,49.42896101248021,1.4199943262919068,0.20226299457697672,1,1,0.98
944.0,49.986281200080946,1.4232527155702803,0.19251839256528816,1,1,0.98
945.0,49.94049811040228,1.4298052516387174,0.20287960406419378,1,1,0.98
946.0,50.069176884920914,1.4140647777428363,0.20203975429873372,1,1,0.98
947.0,49.305961763118425,1.4140521663023777,0.194608540108769,1,1,0.98
948.0,49.91697618800923,1.415175175345751,0.21706938917904256,1,1,0.98
949.0,50.519722830558855,1.4252828558895825,0.1894414177023866,1,1,0.98
950.0,50.17614589704129,1.428370895932515,0.20095823805326718,1,1,0.98
951.0,49.688944655664116,1.4319566292808315,0.17635630925053553,1,1,0.98
952.0,49.34614209404352,1.425736001941187,0.2224289952613444,1,1,0.98
953.0,49.51315978383979,1.4257469689232347,0.20078858639267916,1,1,0.98
954.0,49.215294966456995,1.4156969339172027,0.17780507036038623,1,1,0.98
955.0,49.46544603292277,1.4142062998959655,0.20648519579556854,1,1,0.98
956.0,48.79524421648175,1.4254457494011181,0.18725868146204486,1,1,0.98
957.0,49.940874319078304,1.4312682615006391,0.21025710231690528,1,1,0.98
958.0,49.90559666100583,1.4303442385355718,0.20337828054885898,1,1,0.98
959.0,49.61423331982027,1.4271200075867738,0.20027105060500267,1,1,0.98
960.0,49.948872279113765,1.4238577281437095,0.19476339129277276,1,1,0.98
961.0,48.53943962620334,1.4318923632533214,0.20510761518952408,1,1,0.98
962.0,51.14871820856439,1.4157716883914426,0.19677334926436363,1,1,0.98
963.0,48.64451702358449,1.422655853582796,0.23450314139448414,1,1,0.98
964.0,48.34686863421522,1.4283032264358453,0.20889330774865872,1,1,0.98
965.0,50.5591123483602,1.4351688843632076,0.2162424437931642,1,1,0.98
966.0,48.74120442357412,1.4437887740686899,0.1872000078523113,1,1,0.98
967.0,49.6429940315316,1.434122658922436,0.21579252462872073,1,1,0.98
968.0,50.158417328655055,1.429417740026879,0.19187270374518542,1,1,0.98
969.0,49.320320997871605,1.419499902650487,0.20335390143892143,1,1,0.98
970.0,49.02695533431849,1.4374402397084751,0.21486437720508983,1,1,0.98
971.0,50.55485910019071,1.4362537958641688,0.18408488024426448,1,1,0.98
972.0,49.17095413610466,1.4296464663769566,0.2152340316059765,1,1,0.98
973.0,48.577226306991165,1.4192991226128098,0.17741745699838643,1,1,0.98
974.0,50.22210945059626,1.43366226792415,0.20594472540342373,1,1,0.98
975.0,49.46163189163762,1.4426969035859674,0.21196033366351696,1,1,0.98
976.0,49.44221069743401,1.4284463991568739,0.20939506269785477,1,1,0.98
977.0,49.76247311614808,1.4219526846529977,0.18670770342555804,1,1,0.98
978.0,50.54973138837759,1.443533369013854,0.18580301870129096,1,1,0.98
979.0,49.859765226449035,1.4282029692609473,0.17920121620325463,1,1,0.98
980.0,49.59648523982792,1.430522243611901,0.20472310771421023,1,1,0.98
981.0,49.36237988449691,1.4214420853220888,0.17133418070421386,1,1,0.98
982.0,48.67301137710047,1.4334065098196034,0.1865502329169829,1,1,0.98
983.0,50.099644707973056,1.4258975901961912,0.19555547221275227,1,1,0.98
984.0,48.74861496846729,1.445495617709417,0.191189108113583,1,1,0.98
985.0,49.432672250764696,1.4290672334591346,0.202185138295305,1,1,0.98
986.0,49.00426006361597,1.4288884467167042,0.17970730861403847,1,1,0.98
987.0,50.00722443837007,1.4351138232084173,0.1833473224287604,1,1,0.98
988.0,48.59183763683988,1.4341035529200499,0.2265157820964518,1,1,0.98
989.0,49.52989130259402,1.4361159346805084,0.2074036454249031,1,1,0.98
990.0,48.717886904011024,1.4326987034356624,0.17034434333713872,1,1,0.98
991.0,48.97253758239759,1.4506473168557257,0.19709522886460012,1,1,0.98
992.0,48.47168445932733,1.4362178201105102,0.21305405270570998,1,1,0.98
993.0,49.02584632222462,1.4423783045427743,0.22014003906922805,1,1,0.98
994.0,48.62638254677007,1.4426118267528771,0.18593248495501846,1,1,0.98
995.0,48.765129121347435,1.4370257953501566,0.20967551368313572,1,1,0.98
996.0,47.561019488753544,1.4446761342306034,0.21608975387026605,1,1,0.98
997.0,50.1699555860218,1.4364464291520056,0.23079136783427642,1,1,0.98
998.0,48.53090604437315,1.4403117756198294,0.1930684785778268,1,1,0.98
999.0,48.92947876612964,1.4478349885513921,0.21536600375901985,1,1,0.98
1000.0,49.9667009650466,1.432903977832521,0.21391020613790993,1,1,0.98
1001.0,49.249573382387396,1.4333173496122402,0.19218113041597973,1,1,0.98
1002.0,48.730929317535285,1.4488646445699336,0.23139059979903345,1,1,0.98
1003.0,49.54985563661,1.4400614908854867,0.2121814875106839,1,1,0.98
1004.0,49.74161686536813,1.4397343414913082,0.2021915855299767,1,1,0.98
1005.0,48.82963873410188,1.4325500254640193,0.19817941260421776,1,1,0.98
1006.0,49.05371994198807,1.4518507650032115,0.20369741243089504,1,1,0.98
1007.0,48.24653612247944,1.434985395508194,0.20537866521947845,1,1,0.98
1008.0,48.46542437968773,1.4350381176240476,0.20451796209092662,1,1,0.98
1009.0,49.34538454049651,1.4446178967413754,0.20768390526031222,1,1,0.98
1010.0,48.80620849616097,1.453131300474841,0.21648475197532305,1,1,0.98
1011.0,48.50470163040647,1.449275731318493,0.19770467086873814,1,1,0.98
1012.0,47.70909110506124,1.4532139089662113,0.18960758639694564,1,1,0.98
1013.0,48.667609892439636,1.4486438670380617,0.20000509816616355,1,1,0.98
1014.0,47.327884540596244,1.444320792872489,0.21584962384984385,1,1,0.98
1015.0,48.82018129538039,1.4481110157534716,0.21123164904882105,1,1,0.98
1016.0,47.78394044475713,1.4464501782828547,0.20698896355492732,1,0,0.4
1017.0,47.370079760558795,1.4440793498211624,0.17421628970108632,1,1,0.98
1018.0,47.66552659591217,1.4438603811004385,0.1813727232377639,1,1,0.98
1019.0,50.309514641447684,1.442533905897068,0.19981360883977112,1,1,0.98
1020.0,49.408154333962315,1.4410267373386538,0.20169232815601004,1,1,0.98
1021.0,48.879817511576476,1.4660883423737041,0.19419533139149162,1,1,0.98
1022.0,49.880100802614024,1.4412834431442854,0.1955973334488492,1,1,0.98
1023.0,48.25617401858338,1.4496335147559973,0.21730382064978715,1,1,0.98
1024.0,48.15081292553703,1.4512288689422077,0.20110255668540813,1,1,0.98
1025.0,48.37183539482088,1.4537756786599487,0.19818899173574392,1,1,0.98
1026.0,48.54646034256542,1.448916459691855,0.20316474290153988,1,1,0.98
1027.0,47.85801158527139,1.4549778258748336,0.22365578138178469,1,1,0.98
1028.0,50.02172932041906,1.447941991232591,0.1871388845624822,1,1,0.98
1029.0,47.450139160010515,1.443547847076021,0.2047052009353287,1,1,0.98
1030.0,47.96994554151947,1.4585982434418767,0.1925545107826834,1,1,0.98
1031.0,47.80387102061082,1.447735848157771,0.197862123426974,1,1,0.98
1032.0,48.52926815800217,1.4556094608895742,0.1903492975885745,1,1,0.98
1033.0,47.68836173688251,1.4462007455438814,0.18565958390513512,1,1,0.98
1034.0,47.936068346760734,1.4455055536337078,0.23337854964302052,1,1,0.98
1035.0,46.99643901571515,1.440555872411232,0.2211764761158531,1,1,0.98
1036.0,48.788254035738625,1.4573629175917553,0.18753372221977646,1,1,0.98
1037.0,48.2208483619989,1.4474377883742269,0.1967241468607832,1,1,0.98
1038.0,47.64847328852895,1.4605474365517668,0.18526192767741798,1,1,0.98
1039.0,49.66748536801213,1.4464201274139392,0.19573248113731867,1,1,0.98
1040.0,49.41101859132043,1.4500347481974991,0.17805677032191203,1,1,0.98
1041.0,49.185020530143156,1.4764898555090025,0.19085169318972167,1,1,0.98
1042.0,47.48546605515849,1.4572709846377228,0.2124972107311877,1,1,0.98
1043.0,47.477784812731514,1.4584383835032477,0.20190292661762635,1,1,0.98
1044.0,46.751124977751104,1.4621372087930353,0.18810355148071978,1,1,0.98
1045.0,49.883125704335086,1.4500798119174232,0.22576250830353367,1,1,0.98
1046.0,46.95209588352608,1.4449473247499225,0.20213176184189752,1,1,0.98
1047.0,48.10766690502833,1.4370619944273013,0.18168626037765953,1,1,0.98
1048.0,48.83486864063399,1.449606458431084,0.19795182242775122,1,1,0.98
1049.0,48.09886517542691,1.4643771179263794,0.2023154402974597,1,1,0.98
1050.0,49.3258875246068,1.466168390655834,0.22587160669387701,1,1,0.98
1051.0,47.644329982198514,1.4605821631373506,0.18674866247107752,1,1,0.98
1052.0,47.20891860893307,1.4606070085647047,0.17337390568271627,1,1,0.98
1053.0,47.24277710230236,1.4593487627335902,0.22310137397556953,1,1,0.98
1054.0,48.0831639619904,1.4561668336264886,0.1928778240917711,1,1,0.98
1055.0,49.05188910248793,1.4608631145144564,0.20040555075641217,1,1,0.98
1056.0,48.26954830000445,1.4493708348814127,0.21047957534636347,1,1,0.98
1057.0,47.78670672743742,1.4598751487093111,0.20489411516159267,1,1,0.98
1058.0,47.55888512067368,1.476059743384835,0.20237797391559068,1,1,0.98
1059.0,47.47954160030842,1.460784478279375,0.2115037311959742,1,1,0.98
1060.0,47.140171789749274,1.468454683469131,0.1683088689788622,1,1,0.98
1061.0,47.60200056961271,1.4489076662208331,0.20500197433819461,1,1,0.98
1062.0,47.67639598800537,1.4700700993661138,0.18836451480696698,1,1,0.98
1063.0,46.57531245269353,1.4632209928776714,0.18576628814690269,1,1,0.98
1064.0,47.781323018750044,1.450206066933646,0.18201521445106925,1,1,0.98
1065.0,47.46987153188455,1.451692120418171,0.204012821913539,1,1,0.98
1066.0,47.5080685097355,1.474878665634024,0.19654620201455614,1,1,0.98
1067.0,47.14787921995863,1.4599263730857017,0.22493539525937367,1,1,0.98
1068.0,47.585509479420985,1.4648247340909617,0.198657579272416,1,1,0.98
1069.0,47.67067721646181,1.4574139093441307,0.21978571641272862,1,1,0.98
1070.0,47.43981113569433,1.4605239379233728,0.18554347516242742,1,1,0.98
1071.0,46.98989110728367,1.4521435854633586,0.21199539151374866,1,1,0.98
1072.0,48.077686986205926,1.4744110641457517,0.18966285562037122,1,1,0.98
1073.0,46.89565487103348,1.4593461219428696,0.20884067151079458,1,1,0.98
1074.0,47.657038284521995,1.4614426365438664,0.21670866622431648,1,1,0.98
1075.0,47.5110604595489,1.4608229576261813,0.19221475231249383,1,1,0.98
1076.0,47.54130397926428,1.4641491888642868,0.18935539663867226,1,1,0.98
1077.0,47.57702379025345,1.466728476687655,0.2206335411717047,1,1,0.98
1078.0,47.505545006858924,1.4681468083662643,0.20031981265287338,1,1,0.98
1079.0,47.27755700436959,1.4580374036497987,0.18542834409389797,1,1,0.98
1080.0,46.51748789739341,1.4694598599424988,0.23379012508056776,1,1,0.98
1081.0,47.99842178237316,1.4737670490611394,0.22721263051863544,1,1,0.98
1082.0,46.934249951081824,1.482894481550787,0.19344433800830693,1,1,0.98
1083.0,47.29533117750939,1.4759202057607452,0.18990997110786145,1,1,0.98
1084.0,48.00353351214502,1.4606581735157986,0.1864231792826735,1,1,0.98
1085.0,48.099848364411905,1.465915495070147,0.20498267743404525,1,1,0.98
1086.0,47.19275356376507,1.4739572874267033,0.2245151086193093,1,1,0.98
1087.0,46.816697964599676,1.4573910424132903,0.1704962107589034,1,1,0.98
1088.0,47.592310701863575,1.472887018783007,0.19743966280642702,1,1,0.98
1089.0,46.76623718740681,1.459703387595371,0.21303332143930248,1,1,0.98
1090.0,46.61787888987999,1.464804722870883,0.1973551135686268,1,1,0.98
1091.0,46.706239470296325,1.4786651465983205,0.20357206732147642,1,1,0.98
1092.0,46.89350836845376,1.4664788122376693,0.21800650328398907,1,1,0.98
1093.0,46.9605174918731,1.4713317377356678,0.21186979404232006,1,1,0.98
1094.0,46.77102117619387,1.4650028431998103,0.17202456667563484,1,1,0.98
1095.0,46.915351293484214,1.4868162077108653,0.1985741461570515,1,1,0.98
1096.0,47.82100440185682,1.4707345295817456,0.2004658858038282,1,1,0.98
1097.0,46.179160834425055,1.48378210103638,0.1985629733710285,1,1,0.98
1098.0,45.788114123714514,1.474721692039228,0.18240616566414902,1,1,0.98
1099.0,44.90928349138702,1.4807512161393594,0.16618036383067203,1,1,0.98
1100.0,60.21203909479151,1.2900413919399425,0.17935438616637933,1,1,0.98
1101.0,59.69406693014628,1.3000879534840604,0.19751664611912587,1,1,0.98
1102.0,59.36550767414326,1.2978262610053326,0.17446456317384168,1,1,0.98
1103.0,59.86285312378804,1.283786256734195,0.18340864466367757,1,1,0.98
1104.0,59.397084467199036,1.2787559465978802,0.20989165050969794,1,1,0.98
1105.0,58.427430762111875,1.2892115692597497,0.21127717157770384,1,1,0.98
1106.0,59.0355737620753,1.2940328365651077,0.18125118446505453,1,1,0.98
1107.0,59.407219494298886,1.282788081950859,0.1975200704261153,1,1,0.98
1108.0,59.95268047817606,1.2833624467275675,0.21058261562727984,1,1,0.98
1109.0,58.369848314908175,1.2912921425654411,0.21411021891865611,1,1,0.98
1110.0,58.703918611471686,1.2874935212012493,0.18382068284341677,1,1,0.98
1111.0,58.02864750593,1.282504280667989,0.19986455876738707,1,1,0.98
1112.0,59.29216550413887,1.2892564606649195,0.2201193424777947,1,1,0.98
1113.0,60.85737988976547,1.2928217464214231,0.19848061510553092,1,1,0.98
1114.0,60.25472722618537,1.294336685462426,0.19428197703943242,1,1,0.98
1115.0,60.51471486877873,1.2820691902444237,0.21338843121857248,1,1,0.98
1116.0,60.00240033813564,1.2909895579044897,0.2235953579453981,1,1,0.98
1117.0,58.85327814668439,1.2907036768704352,0.1904370617788125,1,1,0.98
1118.0,59.39096237158366,1.2939406213884102,0.18935482782287083,1,1,0.98
1119.0,58.835225792659664,1.2895549650419176,0.20539852639374107,1,1,0.98
1120.0,59.474023820028954,1.2938563386447273,0.1967585319301851,1,1,0.98
1121.0,59.26274055539768,1.2820450039712215,0.21491750838198975,1,1,0.98
1122.0,59.05235419322369,1.2977137352252501,0.19662014551226162,1,1,0.98
1123.0,58.313117084120364,1.2864269696079433,0.2068367069520218,1,1,0.98
1124.0,60.22492365260032,1.289396209076957,0.19776698699330483,1,1,0.98
1125.0,58.54841823932011,1.2910672699527435,0.2053235501688483,1,1,0.98
1126.0,58.27791043044599,1.3010429373720966,0.1780089996575973,1,1,0.98
1127.0,58.45004931531027,1.3009707091979108,0.20837802825544227,1,1,0.98
1128.0,59.18039981915494,1.2925192212309404,0.17328255487150607,1,1,0.98
1129.0,58.22902250232488,1.295437868174831,0.19580767746449607,1,1,0.98
1130.0,58.00834664955179,1.303804217004904,0.19947133524292676,1,1,0.98
1131.0,57.997007037586734,1.309135694874657,0.19297780878829254,1,1,0.98
1132.0,59.30586887045099,1.3021818765895667,0.1906204302351317,1,1,0.98
1133.0,57.99519732594509,1.291821914447073,0.21435682852868476,1,1,0.98
1134.0,59.11790571113185,1.3053306859155211,0.22087913232592207,1,1,0.98
1135.0,58.679310556095636,1.303403014912013,0.2115556589655818,1,1,0.98
1136.0,58.06313944358639,1.2975575883229542,0.2050818893490602,1,1,0.98
1137.0,59.28229614196996,1.3121133577142197,0.19279646217683363,1,1,0.98
1138.0,57.85312527215195,1.2834291380946123,0.19536476569157185,1,1,0.98
1139.0,59.76453530154139,1.2901543808230493,0.18774780203128386,1,1,0.98
1140.0,58.45853578621299,1.285769287727341,0.20908653617079498,1,1,0.98
1141.0,57.697728133992555,1.2987738750963738,0.17936685233464592,1,1,0.98
1142.0,58.73661695612256,1.2883691475270262,0.19152078909703765,1,1,0.98
1143.0,57.518043041095495,1.2892303855704117,0.20095542660993837,1,0,0.4
1144.0,59.26691208148681,1.3061614997527706,0.19747897430236244,1,1,0.98
1145.0,57.637910978102404,1.298785600396094,0.20465819633697968,1,1,0.98
1146.0,57.48853216539735,1.3079364247554335,0.20326383546417845,1,1,0.98
1147.0,57.9955966236776,1.3098826019621153,0.2106886872637777,1,1,0.98
1148.0,57.24998095029824,1.2894208547497692,0.20205426520007755,1,1,0.98
1149.0,58.06490159747772,1.2975167626545554,0.19979479384018453,1,1,0.98
1150.0,58.12330207965915,1.2924806074401016,0.2112348933442094,1,1,0.98
1151.0,58.98654065293125,1.29650722342358,0.17277656377487033,1,1,0.98
1152.0,58.29963519946597,1.286305324849178,0.18648082087006523,1,1,0.98
1153.0,59.00701878681912,1.2964897266729818,0.20727354250414795,1,1,0.98
1154.0,58.94465048656296,1.2941936084476104,0.18726677662675198,1,1,0.98
1155.0,58.189662278299274,1.3047773267956178,0.20597100740634267,1,1,0.98
1156.0,56.94091079782662,1.2869378394962159,0.19452247900543576,1,1,0.98
1157.0,57.68756980676394,1.3191958862501576,0.2181642358104624,1,1,0.98
1158.0,58.77803238142116,1.293820694131971,0.16329739835871301,1,1,0.98
1159.0,58.492190308216685,1.3018536937320777,0.19500654151122424,1,1,0.98
1160.0,45.84551343702813,1.4887319209566598,0.1997183578349289,1,1,0.98
1161.0,45.78910719733102,1.5040109656862866,0.19874887415382214,1,1,0.98
1162.0,47.248119056267576,1.502397250515391,0.21647015410635512,1,1,0.98
1163.0,46.339302007686086,1.4990164229120089,0.19224579694344623,1,1,0.98
1164.0,46.08185307811886,1.4865106870982236,0.1831154430413764,1,1,0.98
1165.0,45.50243407022513,1.4871779821755913,0.18401424953574028,1,1,0.98
1166.0,45.40685056657493,1.4988871791307037,0.20373905416750931,1,1,0.98
1167.0,46.54451563963728,1.4986046932575827,0.1960809270793772,1,1,0.98
1168.0,45.184034464683045,1.480487572883934,0.19732512864481916,1,1,0.98
1169.0,45.78190438764996,1.4950527767140074,0.22200564772477527,1,1,0.98
1170.0,45.37919184698859,1.518132914665107,0.16238025623470959,1,1,0.98
1171.0,46.1968999176536,1.4879835752186816,0.19740454650466097,1,1,0.98
1172.0,45.33759113167399,1.4935595769828445,0.1987274357053365,1,1,0.98
1173.0,46.74354379240665,1.4945686365810444,0.24172236116128393,1,1,0.98
1174.0,46.2887672021342,1.4946301569566403,0.18474865714323546,1,1,0.98
1175.0,45.815253103203226,1.508552283100309,0.18524461957818403,1,1,0.98
1176.0,45.78058417191104,1.5138693213607017,0.20052250558623536,1,1,0.98
1177.0,44.301241989335985,1.5011956634710306,0.21725600016828175,1,1,0.98
1178.0,46.53091859356543,1.4948200316190112,0.1734196429718983,1,1,0.98
1179.0,45.18746436600853,1.4982232213850915,0.1901333567308082,1,1,0.98
1180.0,46.63191328178923,1.5046299816366189,0.18804418833039002,1,1,0.98
1181.0,47.10227354221614,1.4933332821959198,0.1931294836353316,1,1,0.98
1182.0,46.35027616676988,1.5014861226946281,0.1964716533853556,1,1,0.98
1183.0,46.405494750361804,1.5057125136522262,0.18378437060280658,1,1,0.98
1184.0,46.030565332166844,1.5123769782735286,0.21993934775123553,1,1,0.98
1185.0,45.71348512144795,1.4991023577073872,0.16746311327848495,1,1,0.98
1186.0,46.378033041186285,1.5023933616839893,0.17354473167923853,1,1,0.98
1187.0,45.30951720879273,1.4903361054559248,0.18071800786495323,1,1,0.98
1188.0,45.44901503795994,1.5006016514518556,0.19495468895784182,1,1,0.98
1189.0,45.65616458358169,1.4977229264650977,0.19735275980552824,1,1,0.98
1190.0,45.17624816166369,1.5183602017355817,0.20442127169904645,1,1,0.98
1191.0,45.32181250081747,1.4941767919909759,0.18897098411296911,1,1,0.98
1192.0,45.331818895683334,1.519662757329966,0.1810008587694435,1,1,0.98
1193.0,45.27862202414065,1.5099444720757618,0.17157589467355747,1,1,0.98
1194.0,43.83056556474415,1.496880161070689,0.21841742120748633,1,1,0.98
1195.0,44.0111225250532,1.520491650793225,0.19657287066719903,1,1,0.98
1196.0,45.05791393904903,1.5088519834149487,0.16920434645260213,1,1,0.98
1197.0,44.88871547794827,1.5104111119424255,0.2049346111631435,1,1,0.98
1198.0,46.177755128919735,1.5065232132396682,0.20702554190850567,1,1,0.98
1199.0,46.11504832335005,1.5119021376436572,0.20965375277540227,1,1,0.98
1200.0,44.761531436889996,1.499927546285997,0.22681776570822157,1,1,0.98
1201.0,46.43546156561425,1.514416114236791,0.19872590944997032,1,1,0.98
1202.0,45.60166386380104,1.5125471263546995,0.18135687174659215,1,1,0.98
1203.0,45.19451814408323,1.5170981345106442,0.18904104328039406,1,1,0.98
1204.0,45.627772892818214,1.5122692566511857,0.18347228343620992,1,1,0.98
1205.0,45.475319405448914,1.501193112251437,0.22500091744729028,1,1,0.98
1206.0,45.50185276568436,1.5086409905539335,0.20832572495114715,1,1,0.98
1207.0,45.142062891472726,1.5153046653438664,0.19094704671142979,1,1,0.98
1208.0,45.53646567711398,1.5152818017977339,0.19975087930220398,1,1,0.98
1209.0,45.7395985695161,1.5027532706151219,0.23412019250528376,1,1,0.98
1210.0,45.27824318406778,1.5165377621940446,0.18036012858615094,1,1,0.98
1211.0,44.18548076170879,1.5094617142376245,0.19981745065795475,1,1,0.98
1212.0,44.85749404986395,1.5047726047222691,0.1904442750592645,1,1,0.98
1213.0,45.594219776346705,1.5111760230437525,0.1768069099924574,1,1,0.98
1214.0,44.64348950283557,1.5161718155590158,0.2100207905203277,1,1,0.98
1215.0,45.91360886050575,1.5070043540198552,0.18841358959605026,1,1,0.98
1216.0,45.954026821396766,1.5171238650191174,0.21221934254804942,1,1,0.98
1217.0,44.95328724263228,1.509353704929187,0.1799683611432075,1,1,0.98
1218.0,45.29845752983391,1.5125678763027466,0.20014301102443458,1,1,0.98
1219.0,44.263824033327964,1.504335210862818,0.22131012983411558,1,1,0.98
1220.0,44.640242750926404,1.5112695066735276,0.20854564338436707,1,1,0.98
1221.0,45.368062228527954,1.510411680313905,0.20296097058227563,1,1,0.98
1222.0,45.70605721363994,1.5203921673746705,0.21950208231865245,1,1,0.98
1223.0,46.04000004298028,1.5036039032334556,0.20810639877985668,1,1,0.98
1224.0,46.45525698049505,1.5207186431584616,0.22054697256152805,1,1,0.98
1225.0,45.600925530278275,1.5118076832278842,0.2244208659559482,1,1,0.98
1226.0,43.58780070974241,1.512317316892053,0.21504894345620712,1,1,0.98
1227.0,44.93287333222748,1.5331454887308726,0.17269616115496667,1,1,0.98
1228.0,43.27283116068874,1.5073337410572047,0.2137746831314357,1,1,0.98
1229.0,43.51488622206808,1.5092319371339957,0.2024012234092385,1,1,0.98
1230.0,45.268303545185645,1.5208399255433613,0.17777093932059246,1,1,0.98
1231.0,45.25624613408973,1.5221930934718186,0.1803936833860771,1,1,0.98
1232.0,45.09728099646031,1.5076773735064901,0.1975961962924775,1,1,0.98
1233.0,44.1857821300591,1.5236393833716608,0.1982642354173221,1,1,0.98
1234.0,44.44490491368045,1.5180254712689003,0.21220422603049766,1,1,0.98
1235.0,45.47053212852183,1.5086046063487875,0.18332806307660243,1,1,0.98
1236.0,44.09323801229846,1.5190689824845773,0.18427299526753754,1,1,0.98
1237.0,44.5510856925498,1.5118994434601352,0.22809497732902123,1,1,0.98
1238.0,44.04280496094078,1.5102987296346428,0.18401619673915282,1,1,0.98
1239.0,43.91532919365435,1.5142902413636958,0.19782897252760404,1,1,0.98
1240.0,44.02421241218159,1.5337337073149804,0.19395351815028383,1,1,0.98
1241.0,45.15765637729858,1.5304380069631718,0.2050022933857105,1,1,0.98
1242.0,44.585052912825894,1.5254023708400575,0.19314958941082094,1,1,0.98
1243.0,44.42011307964673,1.524507786728073,0.1718756163292989,1,1,0.98
1244.0,43.601565411077,1.5335725985020485,0.1997347857063428,1,1,0.98
1245.0,44.880288908254826,1.5352442590251405,0.2126695432099042,1,1,0.98
1246.0,43.2512629923312,1.5098581496998569,0.18495444396405727,1,1,0.98
1247.0,44.106640894537165,1.5309956561717324,0.20754806127472583,1,1,0.98
1248.0,45.1252573118363,1.5234573641625735,0.18490030586157238,1,1,0.98
1249.0,45.5396052294635,1.5062566480485164,0.19903079948103644,1,1,0.98
1250.0,45.1078373281713,1.5359028280544755,0.18795881664137276,1,1,0.98
1251.0,43.833151204061124,1.5233390030450995,0.2143733152998943,1,1,0.98
1252.0,45.061684541424,1.520661331036568,0.20353484121119064,1,1,0.98
1253.0,44.815473341548916,1.5255401078838238,0.18280295545215325,1,1,0.98
1254.0,45.53447265598392,1.5199342670283182,0.18536934308139055,1,1,0.98
1255.0,44.485046935322345,1.5101605872473778,0.2057436687563245,1,1,0.98
1256.0,43.382590952317535,1.517906800946949,0.20954727851541252,1,1,0.98
1257.0,44.721554387412716,1.5285673247901788,0.20744998067550047,1,1,0.98
1258.0,44.54043028234822,1.52901934677591,0.1875278554400332,1,1,0.98
1259.0,44.33363207133482,1.531693051862507,0.24506839883252204,1,1,0.98
1260.0,44.09292858027898,1.5238628372366843,0.19100044164480676,1,1,0.98
1261.0,44.35176795312406,1.5474802647286143,0.1962088444247052,1,1,0.98
1262.0,42.929090882600256,1.5409265733533348,0.21421489159275833,1,1,0.98
1263.0,44.73347195192958,1.5295354375815693,0.1858821438638226,1,1,0.98
1264.0,44.84524080562974,1.543257130556741,0.18389719650916714,1,1,0.98
1265.0,44.1198290926528,1.517744509167449,0.21589263391085775,1,1,0.98
1266.0,45.20041009774623,1.5303546486498958,0.19872571273321857,1,1,0.98
1267.0,44.42791229757611,1.520000594045177,0.17020328117193306,1,1,0.98
1268.0,44.243414534598706,1.5330000632233458,0.2084096649523955,1,1,0.98
1269.0,45.02980793437639,1.5175585290343763,0.19475004686550193,1,1,0.98
1270.0,43.399803502581726,1.5405962639327493,0.19505943276006688,1,0,0.4
1271.0,44.99474438274824,1.5250670647136932,0.20210139472972652,1,1,0.98
1272.0,45.35644777508665,1.527512812922208,0.21337948478628574,1,1,0.98
1273.0,43.40777400721554,1.5269934265513456,0.22084876958753732,1,1,0.98
1274.0,43.12685093488982,1.5521276287010788,0.18884244542205406,1,1,0.98
1275.0,44.23318498436403,1.5418262901124244,0.18510433397049114,1,1,0.98
1276.0,44.49613274306181,1.5436457907842316,0.1776055238975336,1,1,0.98
1277.0,44.80581991035798,1.5318001043915594,0.21890266387849508,1,1,0.98
1278.0,44.12362744942404,1.5326544195887815,0.1801439536314413,1,1,0.98
1279.0,44.78085674375787,1.5355324738738523,0.19864432955008185,1,1,0.98
1280.0,43.355390268721465,1.536194283751827,0.20027622085015157,1,1,0.98
1281.0,44.46157339952633,1.543274366955062,0.21260875130610848,1,1,0.98
1282.0,45.0108126658529,1.5404743867047457,0.22448889587310167,1,1,0.98
1283.0,44.20618053460065,1.5339447044577152,0.16421929146136538,1,1,0.98
1284.0,44.865431180551454,1.5289778057967152,0.19213202426571965,1,1,0.98
1285.0,43.577656510834956,1.53679694124297,0.21635690276112132,1,1,0.98
1286.0,44.348134615599406,1.519078998412932,0.1933929672001307,1,1,0.98
1287.0,43.10429454410893,1.5371000027105963,0.21290253732687767,1,1,0.98
1288.0,44.3333111506954,1.5498172160888777,0.190725803483104,1,1,0.98
1289.0,43.50343981146041,1.5381290176355522,0.19591999785750042,1,1,0.98
1290.0,44.59022948598371,1.5408986460311773,0.20377469577678087,1,1,0.98
1291.0,43.54004582161176,1.536825749463319,0.2057007945552091,1,1,0.98
1292.0,43.8662585775901,1.5510899277127315,0.19980910242807323,1,1,0.98
1293.0,45.586055539095355,1.5337855364966981,0.2140150872266575,1,1,0.98
1294.0,43.92132915940205,1.5414049253935758,0.1994366217840272,1,1,0.98
1295.0,43.57258280315517,1.5471962898835927,0.19289603072292283,1,1,0.98
1296.0,44.23869014403575,1.540319458319015,0.2168006017894376,1,1,0.98
1297.0,43.31049287556839,1.5480906061267876,0.2093606165360082,1,1,0.98
1298.0,43.912003931128076,1.5386019317024624,0.21890952237306288,1,1,0.98
1299.0,44.21912921260952,1.5383691593482287,0.18278388863393408,1,1,0.98
1300.0,42.524280492296235,1.5427404962580111,0.20348399210725487,1,1,0.98
1301.0,44.073462252151884,1.5416660306764864,0.214905461054356,1,1,0.98
1302.0,43.815363033751964,1.5404688659868602,0.1897788559255111,1,1,0.98
1303.0,42.982220419247774,1.5300384884258433,0.16689830556764657,1,1,0.98
1304.0,43.09260714003054,1.5461760324270102,0.20953198380950527,1,1,0.98
1305.0,43.81548977402474,1.5337132410818652,0.2161994582598578,1,1,0.98
1306.0,44.24146954632168,1.5550413616668397,0.17889373326381877,1,1,0.98
1307.0,44.03779618595423,1.5612335910921358,0.189714687649404,1,1,0.98
1308.0,43.871915898395166,1.5553440730390824,0.1774664740829757,1,1,0.98
1309.0,42.92953067641566,1.5449738164910432,0.21489688394846798,1,1,0.98
1310.0,43.94648405587302,1.5311894892265054,0.169128673313211,1,1,0.98
1311.0,43.74502256244378,1.5503482374412791,0.21893843216695294,1,1,0.98
1312.0,44.26597936960514,1.5359469641956773,0.20005049350797813,1,1,0.98
1313.0,43.17801930958437,1.5420069445541633,0.19174876287511775,1,1,0.98
1314.0,42.75771226696933,1.5440258844365355,0.20469092511208936,1,1,0.98
1315.0,44.92150960083479,1.543826648696138,0.22447073629921996,1,1,0.98
1316.0,43.06037754395091,1.5492622558942828,0.20432709724688014,1,1,0.98
1317.0,43.27168460510006,1.5296640897699105,0.219525942009392,1,1,0.98
1318.0,43.337823556308315,1.5423587071769107,0.20063424638758195,1,1,0.98
1319.0,42.56614313434998,1.5464548973153436,0.18180108663182493,1,1,0.98
1320.0,43.580816227495134,1.5456820424911182,0.1997287880546359,1,1,0.98
1321.0,43.964097896261386,1.5560456525636268,0.19938820582103234,1,1,0.98
1322.0,42.89517734995624,1.5427865270390033,0.1831671136844802,1,1,0.98
1323.0,43.97746209415214,1.531474777603391,0.19953005606308472,1,1,0.98
1324.0,44.71164259084732,1.5208877983568612,0.20942447767327346,1,1,0.98
1325.0,44.89162651377143,1.5608229748703555,0.20229212189877138,1,1,0.98
1326.0,44.87638995532358,1.5593662474957548,0.18828976616023774,1,1,0.98
1327.0,42.80392311253423,1.5503573039642289,0.1924833112518181,1,1,0.98
1328.0,43.275565983245734,1.554633761810976,0.17967424169275223,1,1,0.98
1329.0,43.80471680332113,1.5572776350347177,0.20117937159885682,1,1,0.98
1330.0,44.03989522281421,1.5575900985568076,0.21008365694097658,1,1,0.98
1331.0,42.62692150439061,1.5478517018952929,0.21313813976442525,1,1,0.98
1332.0,43.48652558862712,1.5535024639561692,0.20007325408078033,1,1,0.98
1333.0,43.48520124957903,1.5582242546116971,0.20288821191729195,1,1,0.98
1334.0,43.47770637489627,1.5404661095234176,0.2201812075062064,1,1,0.98
1335.0,44.5118185806781,1.5518013718636552,0.2181155169128429,1,1,0.98
1336.0,43.072545563297886,1.5486020558982394,0.20632491676975265,1,1,0.98
1337.0,43.48364088488316,1.5607308460550653,0.21931369453027044,1,1,0.98
1338.0,43.28262252880856,1.5471452149343468,0.20587222690267534,1,1,0.98
1339.0,43.975804303747275,1.556233593644558,0.17937333568908648,1,1,0.98
1340.0,43.94096651041979,1.538971945113541,0.20162427203510933,1,1,0.98
1341.0,42.69015706777729,1.547510449462617,0.20662113027498755,1,1,0.98
1342.0,43.39452948852105,1.5561030796366548,0.18433259441822883,1,1,0.98
1343.0,42.27198196838578,1.5650386362113848,0.2093423692198142,1,1,0.98
1344.0,43.72511193127458,1.5609537274854486,0.23231807830443513,1,1,0.98
1345.0,42.616022423132534,1.5629593207558001,0.19405649161752261,1,1,0.98
1346.0,42.792294593871766,1.557055380605086,0.16952717769556933,1,1,0.98
1347.0,42.8070406666874,1.5625545139127355,0.20745367507803408,1,1,0.98
1348.0,42.63436216059701,1.5617587550835705,0.18042064066129895,1,1,0.98
1349.0,43.49678487696902,1.559836672583914,0.20191293265376734,1,1,0.98
1350.0,42.62340344302481,1.5599974484709442,0.20212770984302053,1,1,0.98
1351.0,41.58055892636389,1.5647600186987514,0.2462964499708498,1,1,0.98
1352.0,43.10362125415802,1.5675074969479206,0.1952847572443016,1,1,0.98
1353.0,42.984454416175396,1.568175742878009,0.2081497424470677,1,1,0.98
1354.0,42.6370600245518,1.5555949090935066,0.20919411351202624,1,1,0.98
1355.0,42.11464419618788,1.5587019843523187,0.2251104094500575,1,1,0.98
1356.0,43.01660833442946,1.5517985723281151,0.22678963146512887,1,1,0.98
1357.0,42.894643536634945,1.5756078204571204,0.2475099711375638,1,1,0.98
1358.0,42.9327548435062,1.573474018741631,0.19637304305359596,1,1,0.98
1359.0,42.51902608922378,1.5775593221087545,0.24066473384766573,1,1,0.98
1360.0,42.513637018094585,1.5689786877651484,0.19561290967772668,1,1,0.98
1361.0,42.74460239362631,1.5689856890695248,0.2167454858154101,1,1,0.98
1362.0,42.966046549553646,1.57504620424461,0.22058390687569707,1,1,0.98
1363.0,43.801213352086755,1.5532342449128849,0.2586325937474272,1,1,0.98
1364.0,42.82525682103849,1.5642919452500583,0.22811360624162919,1,1,0.98
1365.0,42.04650812308308,1.5730943574630183,0.21102547905623045,1,1,0.98
1366.0,43.74320316454624,1.556509937525412,0.2092903800367176,1,1,0.98
1367.0,43.221875951013324,1.5524366882516167,0.20869357134122213,1,1,0.98
1368.0,42.62562128302166,1.5667004699713856,0.25041713165839036,1,1,0.98
1369.0,43.2315850331938,1.5747767538071091,0.2609999398802479,1,1,0.98
1370.0,42.88584143717639,1.5676101273530623,0.24666487066944337,1,1,0.98
1371.0,42.326769263824744,1.5591410857708108,0.27428848897428304,1,1,0.98
1372.0,43.18849419628185,1.5742427869789426,0.23627791577101026,1,1,0.98
1373.0,42.92663982121012,1.5475032378790134,0.2405924293262503,1,1,0.98
1374.0,42.433880805442946,1.5718915532061728,0.26263140468200513,1,1,0.98
1375.0,41.43534644439485,1.5754965871462767,0.2334067710475198,1,1,0.98
1376.0,42.27479968549695,1.5627524250691003,0.24736328797066712,1,1,0.98
1377.0,42.78029556811893,1.5743584043660872,0.24425411322469182,1,1,0.98
1378.0,43.00508744771479,1.5636033128329696,0.24356953093949288,1,1,0.98
1379.0,42.3419688054764,1.5765689748701905,0.2684235418994111,1,1,0.98
1380.0,43.350799235266194,1.5684490925203727,0.25529748710502587,1,1,0.98
1381.0,42.21410276453181,1.5781467042828319,0.23039310837764795,1,1,0.98
1382.0,41.957185766951625,1.582609788187435,0.2634475425701046,1,1,0.98
1383.0,43.63828338536286,1.575276508129512,0.24458830675441715,1,1,0.98
1384.0,43.10396713938044,1.5690658413402434,0.2643853874117267,1,1,0.98
1385.0,43.17895937672168,1.5641476867950055,0.27158140167665834,1,1,0.98
1386.0,42.50600942100458,1.577097590263967,0.25185558307675177,1,1,0.98
1387.0,41.63612138237797,1.575000946256014,0.29003773545002204,1,1,0.98
1388.0,41.81259999792666,1.5845533493046187,0.299251213467054,1,1,0.98
1389.0,42.608361061542894,1.5737039629950607,0.28050782285648074,1,1,0.98
1390.0,42.32747715525147,1.5806993845788022,0.30375042715372624,1,1,0.98
1391.0,42.02033163539399,1.5752311908673562,0.27219020276810435,1,1,0.98
1392.0,43.30972142761613,1.585084214333627,0.32474262341492954,1,1,0.98
1393.0,43.14686378754208,1.5776936856923351,0.3009700722848389,1,1,0.98
1394.0,41.86350534312643,1.5678753431817167,0.3093524474819603,1,1,0.98
1395.0,43.24445651671466,1.5742265966457414,0.30320505778875556,1,1,0.98
1396.0,42.665440360671084,1.5760297841669664,0.29700410895155477,1,1,0.98
1397.0,42.208191362596786,1.585034245714246,0.30338694579549574,1,0,0.4
1398.0,41.799133514930766,1.5751206730819698,0.34169039221725894,1,1,0.98
1399.0,41.68694898793022,1.5629321890818861,0.3449937214005194,1,1,0.98
1400.0,40.46230526646342,1.5816102449093155,0.332337457119469,1,1,0.98
1401.0,42.44562877665254,1.5892061438275933,0.35273575566502957,1,1,0.98
1402.0,42.775156244978916,1.5744299659015992,0.3689747703388868,1,1,0.98
1403.0,42.07723388122088,1.573110453723908,0.33800254870636554,1,1,0.98
1404.0,41.51613225337458,1.5743757012004949,0.3635534036114488,1,1,0.98
1405.0,43.41453140277453,1.5869183132215323,0.3489826991955166,1,1,0.98
1406.0,42.55662051293197,1.5728789880201146,0.36629247564913153,1,1,0.98
1407.0,43.18916823826808,1.56428872039452,0.38464997554090435,1,1,0.98
1408.0,42.087619940111345,1.5745617096647226,0.38112778820928633,1,1,0.98
1409.0,42.44921049362065,1.5639597124545612,0.39423470377047115,1,1,0.98
1410.0,41.238102084785496,1.5853990662394621,0.42566217355476427,1,1,0.98
1411.0,41.426587295787996,1.5902404047700813,0.4369964793947509,1,1,0.98
1412.0,41.60729447615193,1.5832330465823934,0.43837096709356477,1,1,0.98
1413.0,41.18225793718921,1.5716313942548952,0.4415820255257172,1,1,0.98
1414.0,42.27687930469639,1.5716100829219062,0.48037231273831554,1,1,0.98
1415.0,41.904977403578805,1.5963027085824704,0.460436369385249,1,1,0.98
1416.0,41.316445776372085,1.5826982069971938,0.4727163318547753,1,1,0.98
1417.0,42.20120334802572,1.5801099305064215,0.47311446276330904,1,1,0.98
1418.0,42.902938077601455,1.5686800510285595,0.5306513628590804,1,1,0.98
1419.0,43.01985659307372,1.580292322063456,0.5253214633945341,1,1,0.98
1420.0,41.48997842239215,1.5773886388997427,0.5283578033459075,1,1,0.98
1421.0,42.296416480000964,1.579961193465144,0.528050486640742,1,1,0.98
1422.0,41.76486824030707,1.600099417848115,0.5539703315512041,1,1,0.98
1423.0,42.13327091031389,1.579207162566299,0.5618882519799294,1,1,0.98
1424.0,41.40822552351342,1.5888667580168023,0.582775613149419,1,1,0.98
1425.0,41.562589146772474,1.5877691727121195,0.6036737937513519,1,1,0.98
1426.0,41.230971045779796,1.5813342006451956,0.6021638838496908,1,1,0.98
1427.0,42.05418557777017,1.5803572116338915,0.6547189302266536,1,1,0.98
1428.0,42.45822533979099,1.5985826462476884,0.6278658356677219,1,1,0.98
1429.0,42.328474847932924,1.5661830689194949,0.6703757673210075,1,1,0.98
1430.0,41.76832146325233,1.5772311987337269,0.695945689277961,1,1,0.98
1431.0,41.50421098782497,1.5834819745119284,0.7034254799512824,1,1,0.98
1432.0,42.683462046558176,1.597500764437452,0.7222165477466524,1,1,0.98
1433.0,41.60246767925314,1.5919448977802395,0.7145723224770175,1,1,0.98
1434.0,39.97984384500933,1.5864188301397637,0.7521790265501607,1,1,0.98
1435.0,40.80797206912126,1.5962510981256341,0.7813359542033032,1,1,0.98
1436.0,41.470022945754465,1.5819818377184462,0.8060216162274294,1,1,0.98
1437.0,41.87043835656234,1.596077561741304,0.8188762541231607,1,1,0.98
1438.0,41.34816862648942,1.5942999844166137,0.8419583339543765,1,1,0.98
1439.0,40.643757662418494,1.5925917373407623,0.8555450425198267,1,1,0.98
1440.0,41.19850309113106,1.5991551392111563,0.9010960716308036,1,1,0.98
1441.0,41.14191481252767,1.591628212949333,0.9188208384171045,1,1,0.98
1442.0,42.23597324078363,1.578718417852733,0.9071737668081566,1,1,0.98
1443.0,41.86223051281598,1.6167472631146866,0.9394303441887947,1,1,0.98
1444.0,40.895815567337145,1.5888568446743112,0.9593690074978687,1,1,0.98
1445.0,41.70728659252051,1.587559142487342,0.9649723236269336,1,1,0.98
1446.0,40.86243294649714,1.5847453541029997,1.004157298039405,1,1,0.98
1447.0,40.837871510674574,1.5893796962088629,1.0293934055439433,1,1,0.98
1448.0,41.2011044215128,1.588085812206927,1.0706002355273925,1,1,0.98
1449.0,41.841629008879515,1.595226620032609,1.0696681110317832,1,1,0.98
1450.0,41.06237300258567,1.5908686146737925,1.1170982589432947,1,1,0.98
1451.0,41.57623930025463,1.6082618619967228,1.1189190523460741,1,1,0.98
1452.0,42.00705370269752,1.5950846129527105,1.1286321338207335,1,1,0.98
1453.0,40.62103301460319,1.5995617861917841,1.1496013514337606,1,1,0.98
1454.0,41.7176145085177,1.5936171793885803,1.1856773294608818,1,1,0.98
1455.0,41.33914676246092,1.5941278325517176,1.2042420528830162,1,1,0.98
1456.0,41.930990408394415,1.5897031670665902,1.235488219707481,1,1,0.98
1457.0,41.19321873385921,1.5903348147166028,1.2711627308179934,1,1,0.98
1458.0,40.95663656139129,1.5984017159125476,1.259461775542317,1,1,0.98
1459.0,42.41557533668901,1.5949360409112503,1.2908413122738738,1,1,0.98
1460.0,41.57226234031378,1.5917895818215797,1.3022590160476537,1,1,0.98
1461.0,41.349698491584164,1.6099146996007336,1.3349646909536634,1,1,0.98
1462.0,41.70175938965518,1.5947910528506586,1.3607249389056353,1,1,0.98
1463.0,41.91165373412734,1.6025996871811785,1.381613124215469,1,1,0.98
1464.0,41.620545825649934,1.5927538262760976,1.3860117167469541,1,1,0.98
1465.0,40.97223939701659,1.5850907025485674,1.4194568956678575,1,1,0.98
1466.0,41.99339876541542,1.5905440034655,1.460105844105033,1,1,0.98
1467.0,41.5146438470668,1.603168540520824,1.4644008055790347,1,1,0.98
1468.0,41.38394189602124,1.6004713964997899,1.4927148908684869,1,1,0.98
1469.0,41.05362116475121,1.5989773375261247,1.4886432016984046,1,1,0.98
1470.0,41.845042771716315,1.6002537903402203,1.5011214575548142,1,1,0.98
1471.0,41.66871420966436,1.6082607872684742,1.543866360085235,1,1,0.98
1472.0,40.86621933802917,1.6056603512242835,1.5535010272292293,1,1,0.98
1473.0,42.09339257612316,1.5976503822497714,1.5628530654172514,1,1,0.98
1474.0,40.940791705973865,1.6117437786891715,1.6076706335020385,1,1,0.98
1475.0,41.121993463410526,1.6012704918056146,1.592909654906145,1,1,0.98
1476.0,40.39167077384344,1.6091525823889685,1.615112796051241,1,1,0.98
1477.0,39.57416340865619,1.5925964099182082,1.63284746099798,1,1,0.98
1478.0,40.78283428726576,1.5965076213303362,1.6404649245638012,1,1,0.98
1479.0,41.268952541289906,1.6010669498570906,1.657553678323678,1,1,0.98
1480.0,40.26438330179759,1.6136979390279615,1.685481439714623,1,1,0.98
1481.0,40.74986785338004,1.6074342771036294,1.6643075292760672,1,1,0.98
1482.0,40.70423712774917,1.5969906439665764,1.711617965673789,1,1,0.98
1483.0,42.0939814135191,1.59794416939072,1.7175845737692192,1,1,0.98
1484.0,40.71728213306591,1.610046829444611,1.712001872093332,1,1,0.98
1485.0,41.21642786428408,1.6058608227501354,1.717002426814406,1,1,0.98
1486.0,41.73871839846713,1.6017358373051767,1.7632290854798598,1,1,0.98
1487.0,40.60584917398442,1.6115569183165035,1.757791614328636,1,1,0.98
1488.0,40.47086458214112,1.6037602619624616,1.7590121513066135,1,1,0.98
1489.0,41.239904254316606,1.6162177016508064,1.7770704334478262,1,1,0.98
1490.0,41.008367637981344,1.6140528733984245,1.7802587345371703,1,1,0.98
1491.0,40.57367862570889,1.6023976570155354,1.795203866162685,1,1,0.98
1492.0,40.93343966605105,1.6046854039616003,1.8052354196615141,1,1,0.98
1493.0,41.07304284566422,1.6075395660000535,1.8176090556554845,1,1,0.98
1494.0,41.06686995525039,1.6088105426833927,1.8113953175330906,1,1,0.98
1495.0,40.9756575892952,1.6052003620767985,1.836796745268058,1,1,0.98
1496.0,40.20756142646047,1.5985851429082822,1.8410846301408696,1,1,0.98
1497.0,39.44506894094511,1.5960898187127104,1.834160218534206,1,1,0.98
1498.0,40.34565407565056,1.6078465701143545,1.8750633354293738,1,1,0.98
1499.0,41.11695482350477,1.6016326460455699,1.866180670320881,1,1,0.98
1500.0,40.66909138462688,1.6087221686639843,1.8468463880047599,1,1,0.98
1501.0,40.50157096919448,1.6041735199370613,1.8686322907063393,1,1,0.98
1502.0,41.158566619902544,1.6158208740880047,1.8454655507908602,1,1,0.98
1503.0,40.9013845985834,1.5990804958011693,1.882045144448323,1,1,0.98
1504.0,41.62456524301841,1.6179358755120905,1.89167003455456,1,1,0.98
1505.0,41.242804672375634,1.6187890987870108,1.8977002521066495,1,1,0.98
1506.0,40.984286993338486,1.6086887228133988,1.890787842821706,1,1,0.98
1507.0,41.208491714905165,1.6133251812698197,1.9123857998821756,1,1,0.98
1508.0,40.352871048610346,1.6105730810597156,1.9034604099087633,1,1,0.98
1509.0,40.68576423881732,1.6191967304038413,1.8852571961162634,1,1,0.98
1510.0,39.950813861613376,1.6078293224892057,1.8982454496387127,1,1,0.98
1511.0,40.00092010406815,1.5974311062258173,1.9202812432105623,1,1,0.98
1512.0,41.667843259306274,1.6211374173633804,1.9301753631334126,1,1,0.98
1513.0,41.5841934881262,1.612942449251701,1.9017683966237149,1,1,0.98
1514.0,39.37142695952287,1.6098008690793963,1.9354165384320672,1,1,0.98
1515.0,41.099531498234306,1.6108413743290178,1.943176006430595,1,1,0.98
1516.0,39.85521245737219,1.608651646509693,1.9538892798029712,1,1,0.98
1517.0,41.66704352067623,1.6059649706541135,1.9632098042595945,1,1,0.98
1518.0,40.517317043101684,1.5979548064964024,1.9631620549238025,1,1,0.98
1519.0,40.54551146827788,1.6173169117013442,1.962738697165191,1,1,0.98
1520.0,41.09553887961624,1.6232419027202107,1.9230932092868838,1,1,0.98
1521.0,42.07125907135462,1.608538807603848,1.9483096827092736,1,1,0.98
1522.0,40.26321292566186,1.6169234809275184,1.952965241472079,1,1,0.98
1523.0,40.112449646601526,1.6122314243504938,1.9680927821244263,1,1,0.98
1524.0,40.356052248228494,1.6154076644189115,1.918708806561053,1,0,0.4
1525.0,40.591074168992535,1.6167014499317705,1.9412886641240428,1,1,0.98
1526.0,41.90943703287468,1.6281832780058696,1.92250840181041,1,1,0.98
1527.0,40.02743489646463,1.641247029473893,1.9534781026735468,1,1,0.98
1528.0,40.19631512189377,1.608784557830874,1.966060998288171,1,1,0.98
1529.0,40.8493123126739,1.616290563455828,1.99024397893689,1,1,0.98
1530.0,40.73158743217479,1.6106625574142517,1.9704744066909476,1,1,0.98
1531.0,39.818155919571105,1.6132739764953608,1.958208595002142,1,1,0.98
1532.0,41.64357356173315,1.623702131157751,1.9671189577822796,1,1,0.98
1533.0,40.291875267081984,1.6078535191544676,1.9514352052702162,1,1,0.98
1534.0,39.07027366344678,1.6192675925849016,1.9770379885928973,1,1,0.98
1535.0,41.30361176315916,1.603220623581812,1.9767620186104615,1,1,0.98
1536.0,40.44900649173596,1.617348590765681,1.994660093955686,1,1,0.98
1537.0,40.74603087468407,1.631462251529616,1.9849524819508626,1,1,0.98
1538.0,40.91685256343834,1.6264148330826638,1.9694599825923875,1,1,0.98
1539.0,39.69385477464644,1.6241585003680452,1.9870494030876946,1,1,0.98
1540.0,40.620883091017696,1.6200586238316366,1.9853054764874452,1,1,0.98
1541.0,40.86748204710503,1.6327635550659751,1.9691097996830615,1,1,0.98
1542.0,40.434358962233645,1.6338940517955554,1.9821576842982347,1,1,0.98
1543.0,39.74399443120812,1.6208905668510294,1.962180600040376,1,1,0.98
1544.0,40.13749797202874,1.6323660897312662,1.9929893826525293,1,1,0.98
1545.0,40.16180490887435,1.6183356725804363,1.981644990674607,1,1,0.98
1546.0,40.31931738827233,1.6270813370629529,1.9811672118261503,1,1,0.98
1547.0,40.663154611448704,1.624488138450918,1.963462055014511,1,1,0.98
1548.0,38.464467991926576,1.6325105016115242,1.977205423095272,1,1,0.98
1549.0,39.841610239229354,1.611482715029991,1.9759439587931045,1,1,0.98
1550.0,40.02950488813792,1.6384665076508387,2.013586599698975,1,1,0.98
1551.0,40.394902084421155,1.621294147221681,1.9964973911791977,1,1,0.98
1552.0,41.007506507278634,1.628698753183156,1.9833481446780725,1,1,0.98
1553.0,40.34688238732829,1.6301164183675987,1.9840206965359481,1,1,0.98
1554.0,39.39415694254781,1.6307928929738746,1.9738881387728924,1,1,0.98
1555.0,39.89154065310587,1.6274899080220817,1.993096337775033,1,1,0.98
1556.0,39.707604875913276,1.6192039332373682,2.0117042399366456,1,1,0.98
1557.0,39.48479752625832,1.6233148796947436,1.9788938088980133,1,1,0.98
1558.0,40.669249691906906,1.6208124381434266,2.0096791669209813,1,1,0.98
1559.0,39.17343450583732,1.6128996582679715,1.9877024620515522,1,1,0.98
1560.0,39.53206122219928,1.635650362283489,2.0095154927480037,1,1,0.98
1561.0,39.83479950271537,1.6305922109343713,1.97022490314417,1,1,0.98
1562.0,40.19850307284481,1.6270544260468078,2.0114911132460884,1,1,0.98
1563.0,39.351584054003084,1.634774808601945,1.9824790549456548,1,1,0.98
1564.0,38.8541618678271,1.6317015748068322,1.9829102295809313,1,1,0.98
1565.0,40.69635027210831,1.6340776395993781,1.9948578231626533,1,1,0.98
1566.0,40.42799013102418,1.6220750285988041,1.9955068523724289,1,1,0.98
1567.0,39.488389809706895,1.6306476655366455,1.9701352487773778,1,1,0.98
1568.0,41.560768822464055,1.6371435939838197,2.0160040333989726,1,1,0.98
1569.0,40.357409042858905,1.628803016049873,1.9716028764839888,1,1,0.98
1570.0,40.4034298735209,1.6210759438132942,2.0057671333501603,1,1,0.98
1571.0,40.138958635514754,1.6477672115501607,1.990999157719421,1,1,0.98
1572.0,40.26943000917293,1.6377532404904567,1.9794533020706377,1,1,0.98
1573.0,40.00991640311901,1.629502217088223,2.015296008387103,1,1,0.98
1574.0,38.756146663575045,1.6282550137701128,2.0109002896113775,1,1,0.98
1575.0,39.07288193545015,1.6307222784890854,1.9933141505511225,1,1,0.98
1576.0,39.075984533929706,1.6391287594397723,1.9815196703798832,1,1,0.98
1577.0,39.71549275702019,1.6376260494290502,2.008311153736488,1,1,0.98
1578.0,39.21995340653107,1.6350744810134794,1.987139100494586,1,1,0.98
1579.0,40.22225423488676,1.6552760937062607,2.0020525373527875,1,1,0.98
1580.0,39.55048285600136,1.6421527575956614,1.9863386222032893,1,1,0.98
1581.0,39.41742969157356,1.6336651284851025,1.975002061771943,1,1,0.98
1582.0,39.99571371878959,1.641740367461875,2.0053624730480855,1,1,0.98
1583.0,38.49582389823518,1.6371478251325473,2.0095744796226427,1,1,0.98
1584.0,40.954909696988686,1.6428352482565207,2.011472373794561,1,1,0.98
1585.0,39.74001409589442,1.6335511522762844,2.003599489376293,1,1,0.98
1586.0,39.82263762825626,1.6254825050937163,1.9889182448607219,1,1,0.98
1587.0,39.44603224566683,1.6379450763376544,1.9744170647101917,1,1,0.98
1588.0,39.361996145308744,1.6429208369899002,1.998497673564487,1,1,0.98
1589.0,39.96453661584909,1.633415397618066,1.9799045144305418,1,1,0.98
1590.0,40.0899415664865,1.6308366957301756,1.992897156950749,1,1,0.98
1591.0,40.8136069611363,1.6251205598694745,1.9867402691852787,1,1,0.98
1592.0,39.97970292950441,1.6490356871224412,1.9877341377746403,1,1,0.98
1593.0,39.81853496996915,1.6353494785320914,2.0140772961722364,1,1,0.98
1594.0,40.64922036777699,1.6425397016338734,1.9908249832506382,1,1,0.98
1595.0,39.599522710724756,1.644006260373835,1.9659791731827556,1,1,0.98
1596.0,39.620015438224314,1.6357842459870329,1.985153760434053,1,1,0.98
1597.0,38.971421140426806,1.6485345685832287,2.0138524872382084,1,1,0.98
1598.0,37.763551950851095,1.6444124293346816,2.002957166525537,1,1,0.98
1599.0,39.8915897280522,1.6415809895571203,1.9939237744813596,1,1,0.98
1600.0,39.7911507367214,1.646901151385439,2.0235107908570997,1,1,0.98
1601.0,39.75195473682291,1.6486087495145751,2.0238657076391213,1,1,0.98
1602.0,39.22242099032741,1.6396152199052711,2.008289937392372,1,1,0.98
1603.0,38.50009427834408,1.6321653948750785,2.000554993688597,1,1,0.98
1604.0,38.902355698376006,1.6457891829353317,2.013113446244796,1,1,0.98
1605.0,40.40221011479207,1.6396601825250978,1.9821221678328718,1,1,0.98
1606.0,39.013838393431875,1.6401576726059517,1.987065578780812,1,1,0.98
1607.0,38.41564448443857,1.634287083696545,2.002135104534008,1,1,0.98
1608.0,39.68477310368495,1.642497719710185,2.0061716380067094,1,1,0.98
1609.0,38.79869114902581,1.652614514096481,2.006312293569861,1,1,0.98
1610.0,40.33896222828071,1.6489372180756012,2.003895164059983,1,1,0.98
1611.0,40.26609984430942,1.639685871371398,1.9769438013105067,1,1,0.98
1612.0,39.738318692135664,1.642578562579125,2.01321019750777,1,1,0.98
1613.0,39.684467920137934,1.6527105996914224,1.9957832539232734,1,1,0.98
1614.0,39.258113638843575,1.6520331785691311,1.9769233189192923,1,1,0.98
1615.0,38.77150412079864,1.632624994255816,1.9848032650979723,1,1,0.98
1616.0,39.502676027358504,1.647652627738967,2.00254335965434,1,1,0.98
1617.0,39.36542657590114,1.652433097504923,2.001105454619103,1,1,0.98
1618.0,39.662954618437794,1.6532342386726853,2.0044089922300596,1,1,0.98
1619.0,39.53716086023432,1.6287612973386132,1.9878932430870309,1,1,0.98
1620.0,39.06560973081122,1.6504159071058224,2.003836349990065,1,1,0.98
1621.0,38.91427402465988,1.643439815254539,2.0244348417616647,1,1,0.98
1622.0,38.88979884964766,1.6469593817540096,1.9941136683016507,1,1,0.98
1623.0,39.005048459994065,1.656544700836166,1.970653566988248,1,1,0.98
1624.0,38.95707956420292,1.643309107631245,1.9995495000174288,1,1,0.98
1625.0,38.66845340380208,1.6617902693165416,2.0155220620534022,1,1,0.98
1626.0,40.14027454741591,1.656701059636687,1.9933255760783726,1,1,0.98
1627.0,39.762889233439324,1.6513662939889142,1.984173980764375,1,1,0.98
1628.0,38.6650583551326,1.6447513204935258,2.004353171286793,1,1,0.98
1629.0,39.727952943394705,1.656794130092503,1.9947523867257868,1,1,0.98
1630.0,39.81381933491887,1.6431343066882116,2.005338904524786,1,1,0.98
1631.0,39.28762859817568,1.6592206511391,2.015579659338338,1,1,0.98
1632.0,39.57568335480038,1.6526817522574442,1.9838074530990775,1,1,0.98
1633.0,38.552466215267145,1.6396453822655805,1.98283105423043,1,1,0.98
1634.0,38.129125087704146,1.650746355359277,1.9936006093912777,1,1,0.98
1635.0,38.777772247754775,1.6576417918721262,2.0144175645686824,1,1,0.98
1636.0,39.41990906752616,1.649741576559604,2.0075203482886166,1,1,0.98
1637.0,40.04261243834253,1.6562437183702872,1.9939356473034702,1,1,0.98
1638.0,39.56468425282395,1.6491697090327957,2.0033355273239826,1,1,0.98
1639.0,38.46630998455307,1.6537309967848504,2.010382488356856,1,1,0.98
1640.0,37.762046015672716,1.6674564092916444,2.0137884378984205,1,1,0.98
1641.0,38.66738551805737,1.652819755203003,2.0095633800542085,1,1,0.98
1642.0,40.10860306760731,1.6548670110426928,1.993547742499948,1,1,0.98
1643.0,38.92539030078901,1.6579925974660499,1.9970264034980427,1,1,0.98
1644.0,40.47496818696837,1.649925675887643,2.0083465975540227,1,1,0.98
1645.0,38.27716455291764,1.6430394894755977,2.003777816701098,1,1,0.98
1646.0,38.37497615131408,1.6747581572021233,2.0313888654849546,1,1,0.98
1647.0,38.48628684892457,1.6569033355853608,2.000443820974423,1,1,0.98
1648.0,38.14305149281784,1.6617295402760262,2.0128923115737463,1,1,0.98
1649.0,38.573869976984604,1.6473017241482264,2.0143500246210455,1,1,0.98
1650.0,38.50107656353362,1.6655335598209342,1.9851810252935984,1,1,0.98
1651.0,39.5241957880151,1.6638554378115682,1.9834687508402329,1,0,0.4
1652.0,37.686466220971944,1.6623087888554597,2.006659983730869,1,1,0.98
1653.0,38.93620860881141,1.6462010076106266,1.9948084020400567,1,1,0.98
1654.0,38.588577084363095,1.6577033578263152,1.9836789838797442,1,1,0.98
1655.0,39.291355318719326,1.6728437857369236,1.9854176210212886,1,1,0.98
1656.0,39.04887198124317,1.6569287635054843,2.005476079964199,1,1,0.98
1657.0,38.305117460200385,1.6665753595672874,1.9693258710056127,1,1,0.98
1658.0,37.37083695646832,1.66764969510678,1.9961588520373594,1,1,0.98
1659.0,39.4036807482094,1.6538297046801196,1.984102378049978,1,1,0.98
1660.0,39.12102769907166,1.6558704388624346,2.0500061837107997,1,1,0.98
1661.0,39.76007011880404,1.661684179276605,2.0009361260392815,1,1,0.98
1662.0,38.81969641772288,1.669228483956129,1.978044868246629,1,1,0.98
1663.0,38.856487086840865,1.6610963265070646,1.9925429136685167,1,1,0.98
1664.0,38.4269212178133,1.651735584218154,2.010236450156927,1,1,0.98
1665.0,38.8106130184125,1.660227348257746,1.9900524559279944,1,1,0.98
1666.0,39.90522111564399,1.6595205952777545,1.9964722498714687,1,1,0.98
1667.0,38.23410177129923,1.6632526666680039,1.9708053689784166,1,1,0.98
1668.0,37.270799867817196,1.6580878742583172,1.9998275478961147,1,1,0.98
1669.0,38.24932734582395,1.663906673737489,1.9855596390789445,1,1,0.98
1670.0,38.0954088922829,1.673270501460549,2.010111690323057,1,1,0.98
1671.0,38.890649409232346,1.672909629725385,1.986037554958718,1,1,0.98
1672.0,37.88886158541623,1.6492986730247008,1.9851910848865555,1,1,0.98
1673.0,39.20614453252472,1.6636927758025215,2.001897517076324,1,1,0.98
1674.0,38.42171615736914,1.673201495220686,2.0257126181968337,1,1,0.98
1675.0,39.18962515517483,1.6558950292142054,2.0070601413135924,1,1,0.98
1676.0,38.69798915513097,1.6601567594614324,1.9920309703947827,1,1,0.98
1677.0,37.93373490542402,1.672657419352788,2.0098854130780595,1,1,0.98
1678.0,38.30455008216348,1.6678938594644361,1.9952504818030328,1,1,0.98
1679.0,38.21275472184296,1.6716678077085234,2.0002437327235856,1,1,0.98
1680.0,38.28978079549736,1.6694334103502126,1.9883746547091667,1,1,0.98
1681.0,39.16807450512667,1.672188795486392,1.990037863666203,1,1,0.98
1682.0,38.56470981168983,1.6531307830459263,1.9920547396805408,1,1,0.98
1683.0,37.58096718531727,1.6540908085115402,2.0201396596236325,1,1,0.98
1684.0,37.33174740039022,1.662494662695639,1.9914760433906435,1,1,0.98
1685.0,39.14747852059231,1.6609985945554762,1.9942114398068995,1,1,0.98
1686.0,38.09997539832937,1.668386401700514,2.0020093661095513,1,1,0.98
1687.0,39.35831144666068,1.684042903020249,1.9760888438707864,1,1,0.98
1688.0,38.458421946838165,1.680319953614888,2.034853498488887,1,1,0.98
1689.0,38.41111675659261,1.6791587105543309,1.9901320400321751,1,1,0.98
1690.0,37.86533416259259,1.6732280399047272,1.9742698506927319,1,1,0.98
1691.0,37.571002131469605,1.6690653648704996,1.9993181355875373,1,1,0.98
1692.0,38.89585895182757,1.6742077099859811,1.9895303971931833,1,1,0.98
1693.0,39.074034317813,1.676816595554118,2.003538590228727,1,1,0.98
1694.0,38.662986839079814,1.662138936172838,1.9775874618802793,1,1,0.98
1695.0,38.41964748883794,1.6651308047185136,2.0182300303966696,1,1,0.98
1696.0,37.65378323790221,1.676288133648461,1.9961183323413423,1,1,0.98
1697.0,37.76911552276822,1.660162504660298,2.0043418909611574,1,1,0.98
1698.0,39.39533040979985,1.664497495919342,1.9683541301606635,1,1,0.98
1699.0,38.664503627711944,1.6954021445331795,2.0029207717706257,1,1,0.98
1700.0,38.421486241603624,1.6818113217404442,2.0300480992344885,1,1,0.98
1701.0,37.88660005737675,1.6676494013977008,1.9969062898178145,1,1,0.98
1702.0,38.43704727965799,1.6907390885385511,2.0105757753086184,1,1,0.98
1703.0,39.65011846678065,1.6753921326783512,2.0008238438055472,1,1,0.98
1704.0,37.98936839021258,1.6831101795914112,1.9886232190792577,1,1,0.98
1705.0,38.59865699313161,1.6837247793880776,1.989653755791147,1,1,0.98
1706.0,38.59062920995961,1.6770637820351677,1.966325931319095,1,1,0.98
1707.0,37.88757765099682,1.6838330876711742,1.9910773790786447,1,1,0.98
1708.0,38.81820962228705,1.6726315266561218,1.9692217825411955,1,1,0.98
1709.0,37.70985368202883,1.6709165383469242,2.005010110721741,1,1,0.98
1710.0,37.45497950557012,1.6644013721831792,1.9999971767575828,1,1,0.98
1711.0,38.50326492854713,1.6831508018830357,1.973081765560215,1,1,0.98
1712.0,38.10512785208403,1.6790570842292916,1.988525239795983,1,1,0.98
1713.0,38.8040561035398,1.675411613577859,2.004072848911757,1,1,0.98
1714.0,38.895988593196996,1.6887135574474879,2.005492985420647,1,1,0.98
1715.0,38.48052701876195,1.6765647115251414,1.969405737836309,1,1,0.98
1716.0,37.9933998644227,1.6813765348735084,1.9654146956743994,1,1,0.98
1717.0,38.43304057636501,1.689542013637834,1.999488598249723,1,1,0.98
1718.0,37.69290220586485,1.6764547908788332,1.9903094526547482,1,1,0.98
1719.0,38.43029651066066,1.6777396092198988,1.991093775672945,1,1,0.98
1720.0,38.055400070262685,1.6885637830050801,1.9920702031854005,1,1,0.98
1721.0,37.93838907031004,1.6898076970432936,1.9770424532110704,1,1,0.98
1722.0,38.26763106715816,1.691646448352785,1.982017689001013,1,1,0.98
1723.0,38.002573630149186,1.6937028836173487,2.0002332584357485,1,1,0.98
1724.0,37.46280680565314,1.678765948585682,1.9987105763943127,1,1,0.98
1725.0,37.733768148803186,1.6855719740213522,1.9966047301603183,1,1,0.98
1726.0,38.31235383681962,1.679441780828202,1.9944346958884775,1,1,0.98
1727.0,37.49959390372539,1.6955589532941673,1.9922304807229652,1,1,0.98
1728.0,37.38553064132608,1.6918030935546737,1.9739471033107234,1,1,0.98
1729.0,37.25475748291969,1.6892786214008642,2.000028343740013,1,1,0.98
1730.0,37.76356846180557,1.6925975246573606,1.986159152722547,1,1,0.98
1731.0,37.16194368892121,1.6915715526718464,2.021007390195086,1,1,0.98
1732.0,38.603095477909314,1.687581116396416,2.0160200922296756,1,1,0.98
1733.0,37.6386891992865,1.689531497044665,1.9685417424928713,1,1,0.98
1734.0,39.08201341743518,1.6822386252970445,2.0298630720419526,1,1,0.98
1735.0,38.23942852045187,1.6824070100734327,2.0066284877286904,1,1,0.98
1736.0,36.126223883601384,1.6736033558563412,1.999592974868636,1,1,0.98
1737.0,37.10615392853764,1.6840067181082332,2.012890765276456,1,1,0.98
1738.0,37.12209655860515,1.69360846478621,1.991277786048134,1,1,0.98
1739.0,38.61278879397764,1.7086810240727361,2.005002603104699,1,1,0.98
1740.0,38.221753059827684,1.6930166853691029,2.0177474006249123,1,1,0.98
1741.0,38.42757075214625,1.6898707129505959,1.9975618235928332,1,1,0.98
1742.0,37.653424724444356,1.6916587976145518,2.011750290356349,1,1,0.98
1743.0,39.01728195515933,1.688785435416272,2.01582041083503,1,1,0.98
1744.0,39.00196381430163,1.680660822997604,1.9782931479341608,1,1,0.98
1745.0,38.24359151424393,1.69635286692522,1.9788844877486198,1,1,0.98
1746.0,37.3253609791295,1.6821147713860116,2.007627960332793,1,1,0.98
1747.0,37.70262099854452,1.69247063173049,1.9837279067633158,1,1,0.98
1748.0,37.93503807156092,1.6830284314301625,1.9846640405497888,1,1,0.98
1749.0,38.38629747132331,1.69809168747131,2.0077597662502447,1,1,0.98
1750.0,37.053227091213394,1.6856171433198963,1.9914918999455753,1,1,0.98
1751.0,38.48416538118159,1.6869857460055144,1.9924702719571825,1,1,0.98
1752.0,38.14067213262092,1.691560249309428,1.9784291971410106,1,1,0.98
1753.0,38.09277340541125,1.6913030513676035,1.9958567520193609,1,1,0.98
1754.0,36.603444841250926,1.6898240970053238,2.01434872899821,1,1,0.98
1755.0,37.95369383447454,1.680889496894223,2.0171539881336726,1,1,0.98
1756.0,37.308485905033216,1.6888661381831953,1.9879855722679263,1,1,0.98
1757.0,38.016310091569444,1.7010490239399791,1.9959260481175995,1,1,0.98
1758.0,38.39718873513162,1.699574068791088,1.9897282369894806,1,1,0.98
1759.0,37.66520466917408,1.7007050838755287,1.9862722585549688,1,1,0.98
1760.0,38.41130332490712,1.6826786920646768,2.019558044777621,1,1,0.98
1761.0,37.98772146052603,1.700927208464825,2.002906949255328,1,1,0.98
1762.0,37.115657319629975,1.7013447427869177,1.9981269826385408,1,1,0.98
1763.0,37.16527187223166,1.6936313132621403,1.9995706887540705,1,1,0.98
1764.0,37.18803406913492,1.7003451162227565,2.007425768715846,1,1,0.98
1765.0,35.63290684855895,1.6984331696838142,2.0031984289972695,1,1,0.98
1766.0,37.79657419554964,1.7077230491343385,2.004559928742022,1,1,0.98
1767.0,37.87079218885487,1.701101589657617,1.998492122605229,1,1,0.98
1768.0,36.80500707909741,1.7019035540872707,1.9938932606330333,1,1,0.98
1769.0,37.19557880646293,1.6974361687035364,2.023117005781636,1,1,0.98
1770.0,37.22677780820873,1.705957077784178,2.001776080566663,1,1,0.98
1771.0,37.96657534574116,1.706614692530285,2.0087109323698473,0,0,0.4
1772.0,37.78071460487232,1.6929792916076765,1.9900535601747371,0,0,0.4
1773.0,36.74966599522318,1.6979754271943024,2.0136242929899164,0,0,0.4
1774.0,37.510644094340016,1.6874954693692166,2.0024960773178333,0,0,0.4
1775.0,37.07460510145869,1.701882839072905,1.9983942534135706,0,0,0.4
1776.0,37.82748403159318,1.7015342544977008,2.0168711034226114,0,0,0.4
1777.0,37.59258642701716,1.6998178735575962,2.011272784727917,0,0,0.4
1778.0,37.61678556994087,1.6994319974048697,2.0123892593760764,0,0,0.4
1779.0,37.428730756407965,1.7023918089208905,1.9914051060572597,0,0,0.4
1780.0,37.259137414469265,1.717589691796317,2.0194822612889545,0,0,0.4
1781.0,37.71843392094233,1.7108059679259326,2.0022184679284583,0,0,0.4
1782.0,37.21243325549891,1.6907327112799255,2.010865844993041,0,0,0.4
1783.0,37.84726390278575,1.7075402287614272,2.0046831275030454,0,0,0.4
1784.0,37.54438666149473,1.7069958961112854,2.0188890419224967,0,0,0.4
1785.0,39.14851539611404,1.702027434169069,2.022735766217249,0,0,0.4
1786.0,37.04289101798624,1.7040117796485272,1.9877963989535161,0,0,0.4
1787.0,38.02986803158665,1.7002873922630046,1.995158768086993,0,0,0.4
1788.0,37.79113414640432,1.700480229878444,1.9887041826912153,0,0,0.4
1789.0,36.128167229745955,1.7005625208219826,2.023975338054737,0,0,0.4
1790.0,37.33721087197274,1.6989358108963375,2.00585987065728,0,0,0.4
1791.0,37.498732291462055,1.7100051815787114,2.000696709599087,0,0,0.4
1792.0,36.64841158660368,1.703480423541535,1.9717927604891354,0,0,0.4
1793.0,37.91998362619446,1.7089947671205348,2.0018549788760662,0,0,0.4
1794.0,37.495968887079435,1.7080006869845774,2.0132777683207195,0,0,0.4
1795.0,36.854804840974225,1.708651933218985,1.9798357177694486,0,0,0.4
1796.0,36.071014186003836,1.7102554953553213,1.9998283343928667,0,0,0.4
1797.0,37.08919010606465,1.7154029852901536,1.9973813227888055,0,0,0.4
1798.0,38.13073850321424,1.7107534805969506,2.0236636369965164,0,0,0.4
1799.0,37.484112734813195,1.6974232029899858,2.01090839046842,0,0,0.4
