path,pattern,compression,requested_compression,effective_compression,size_mib,allocation_bytes,table_bytes,groups,entries,bytes_per_code,base_address,warps,threads,samples,control_p50_cycles,cold_p50_cycles,hot_p50_cycles,cold_net_cycles_per_lookup,hot_net_cycles_per_lookup,cold_p50_us,hot_p50_us,cold_glookups_s,hot_glookups_s,validated_control,validated_cold,validated_hot,mismatches_control,mismatches_cold,mismatches_hot,validation
global_cg,uniform6_0,non_compressible,0,0,36,37748736,37748736,3145728,50331648,0.750000,8669626368,1104,35328,10,36.000000,1500708.000000,1280381.500000,2931.000000,2500.674805,548.400015,469.791993,32.983106,38.502010,353280,353280,353280,0,0,0,1
global_cg,uniform6_0,generic_compressible,1,1,36,37748736,37748736,3145728,50331648,0.750000,8707375104,1104,35328,10,36.000000,1279596.000000,1280668.000000,2499.140625,2501.234375,467.567995,467.631996,38.685146,38.679851,353280,353280,353280,0,0,0,1
global_cg,uniform6_1,non_compressible,0,0,36,37748736,37748736,3145728,50331648,0.750000,8669626368,1104,35328,10,37.000000,1500462.000000,1280339.500000,2930.517578,2500.590820,548.384011,469.904006,32.984069,38.492832,353280,353280,353280,0,0,0,1
global_cg,uniform6_1,generic_compressible,1,1,36,37748736,37748736,3145728,50331648,0.750000,8707375104,1104,35328,10,36.000000,1500132.500000,1280492.000000,2929.875977,2500.890625,548.271984,469.727993,32.990808,38.507256,353280,353280,353280,0,0,0,1
global_cg,uniform6_2,non_compressible,0,0,36,37748736,37748736,3145728,50331648,0.750000,8669626368,1104,35328,10,36.000000,1500447.000000,1280481.000000,2930.490234,2500.869141,548.144013,469.791993,32.998511,38.502010,353280,353280,353280,0,0,0,1
global_cg,uniform6_2,generic_compressible,1,1,36,37748736,37748736,3145728,50331648,0.750000,8707375104,1104,35328,10,36.000000,1499914.000000,1280653.000000,2929.449219,2501.205078,548.240006,468.784004,32.992733,38.584798,353280,353280,353280,0,0,0,1
global_cg,uniform6_3,non_compressible,0,0,36,37748736,37748736,3145728,50331648,0.750000,8669626368,1104,35328,10,38.000000,1500380.000000,1280180.500000,2930.355469,2500.278320,548.303992,469.664007,32.988883,38.512502,353280,353280,353280,0,0,0,1
global_cg,uniform6_3,generic_compressible,1,1,36,37748736,37748736,3145728,50331648,0.750000,8707375104,1104,35328,10,36.000000,1500018.000000,1280717.000000,2929.652344,2501.330078,547.680020,469.359994,33.026467,38.537447,353280,353280,353280,0,0,0,1
global_cg,uniform6_4,non_compressible,0,0,36,37748736,37748736,3145728,50331648,0.750000,8669626368,1104,35328,10,36.000000,1500398.500000,1280325.000000,2930.395508,2500.564453,548.303992,469.648004,32.988883,38.513814,353280,353280,353280,0,0,0,1
global_cg,uniform6_4,generic_compressible,1,1,36,37748736,37748736,3145728,50331648,0.750000,8707375104,1104,35328,10,36.000000,1500176.000000,1280714.500000,2929.960938,2501.325195,547.984004,468.656003,33.008146,38.595336,353280,353280,353280,0,0,0,1
global_cg,uniform6_5,non_compressible,0,0,36,37748736,37748736,3145728,50331648,0.750000,8669626368,1104,35328,10,36.000000,1501106.500000,1280396.500000,2931.778320,2500.704102,548.384011,469.840005,32.984069,38.498076,353280,353280,353280,0,0,0,1
global_cg,uniform6_5,generic_compressible,1,1,36,37748736,37748736,3145728,50331648,0.750000,8707375104,1104,35328,10,36.000000,1500788.000000,1280864.000000,2931.156250,2501.617188,548.048019,469.408005,33.004290,38.533506,353280,353280,353280,0,0,0,1
global_cg,uniform6_6,non_compressible,0,0,36,37748736,37748736,3145728,50331648,0.750000,8669626368,1104,35328,10,37.000000,1500702.500000,1280291.000000,2930.987305,2500.496094,548.272014,469.760001,32.990807,38.504632,353280,353280,353280,0,0,0,1
global_cg,uniform6_6,generic_compressible,1,1,36,37748736,37748736,3145728,50331648,0.750000,8707375104,1104,35328,10,36.000000,1500589.000000,1280766.500000,2930.767578,2501.426758,548.239976,469.488010,32.992735,38.526939,353280,353280,353280,0,0,0,1
global_cg,uniform6_7,non_compressible,0,0,36,37748736,37748736,3145728,50331648,0.750000,8669626368,1104,35328,10,36.000000,1500434.000000,1280130.000000,2930.464844,2500.183594,548.431993,469.951987,32.981183,38.488902,353280,353280,353280,0,0,0,1
global_cg,uniform6_7,generic_compressible,1,1,36,37748736,37748736,3145728,50331648,0.750000,8707375104,1104,35328,10,36.000000,1499896.000000,1280877.000000,2929.414062,2501.642578,547.488004,469.760001,33.038050,38.504632,353280,353280,353280,0,0,0,1
global_cg,uniform6_8,non_compressible,0,0,36,37748736,37748736,3145728,50331648,0.750000,8669626368,1104,35328,10,36.000000,2464376.000000,2337795.500000,4813.164062,4565.936523,894.607991,848.864019,20.218840,21.308402,353280,353280,353280,0,0,0,1
global_cg,uniform6_8,generic_compressible,1,1,36,37748736,37748736,3145728,50331648,0.750000,8707375104,1104,35328,10,36.000000,2463644.000000,2338396.000000,4811.734375,4567.109375,894.592017,848.751992,20.219201,21.311215,353280,353280,353280,0,0,0,1
global_cg,uniform6_9,non_compressible,0,0,36,37748736,37748736,3145728,50331648,0.750000,8669626368,1104,35328,10,38.000000,1504266.500000,1284419.500000,2937.946289,2508.557617,548.543990,470.095992,32.974449,38.477112,353280,353280,353280,0,0,0,1
global_cg,uniform6_9,generic_compressible,1,1,36,37748736,37748736,3145728,50331648,0.750000,8707375104,1104,35328,10,36.000000,1503165.000000,1282744.500000,2935.798828,2505.290039,548.399985,469.824001,32.983108,38.499387,353280,353280,353280,0,0,0,1
global_cg,uniform6_10,non_compressible,0,0,36,37748736,37748736,3145728,50331648,0.750000,8669626368,1104,35328,10,36.000000,1500515.500000,1280397.500000,2930.624023,2500.706055,548.319995,469.903991,32.987920,38.492833,353280,353280,353280,0,0,0,1
global_cg,uniform6_10,generic_compressible,1,1,36,37748736,37748736,3145728,50331648,0.750000,8707375104,1104,35328,10,36.000000,1500410.500000,1280889.500000,2930.418945,2501.666992,548.319995,469.727993,32.987920,38.507256,353280,353280,353280,0,0,0,1
global_cg,uniform6_11,non_compressible,0,0,36,37748736,37748736,3145728,50331648,0.750000,8669626368,1104,35328,10,36.000000,1500417.500000,1280573.500000,2930.432617,2501.049805,548.272014,469.760001,32.990807,38.504632,353280,353280,353280,0,0,0,1
global_cg,uniform6_11,generic_compressible,1,1,36,37748736,37748736,3145728,50331648,0.750000,8707375104,1104,35328,10,36.000000,1500516.000000,1280655.000000,2930.625000,2501.208984,548.303992,469.679996,32.988883,38.511191,353280,353280,353280,0,0,0,1
global_cg,uniform6_12,non_compressible,0,0,36,37748736,37748736,3145728,50331648,0.750000,8669626368,1104,35328,10,38.000000,1499894.500000,1280395.500000,2929.407227,2500.698242,548.207998,469.920009,32.994659,38.491521,353280,353280,353280,0,0,0,1
global_cg,uniform6_12,generic_compressible,1,1,36,37748736,37748736,3145728,50331648,0.750000,8707375104,1104,35328,10,36.000000,1500332.000000,1280875.500000,2930.265625,2501.639648,548.303992,469.343990,32.988883,38.538761,353280,353280,353280,0,0,0,1
global_cg,uniform6_13,non_compressible,0,0,36,37748736,37748736,3145728,50331648,0.750000,8669626368,1104,35328,10,36.000000,1500654.500000,1280383.500000,2930.895508,2500.678711,548.368007,469.760001,32.985032,38.504632,353280,353280,353280,0,0,0,1
global_cg,uniform6_13,generic_compressible,1,1,36,37748736,37748736,3145728,50331648,0.750000,8707375104,1104,35328,10,36.000000,1500619.500000,1280756.500000,2930.827148,2501.407227,548.207998,468.912005,32.994659,38.574265,353280,353280,353280,0,0,0,1
global_cg,uniform6_14,non_compressible,0,0,36,37748736,37748736,3145728,50331648,0.750000,8669626368,1104,35328,10,36.000000,1496452.000000,1277702.000000,2922.687500,2495.441406,548.431993,470.032007,32.981183,38.482350,353280,353280,353280,0,0,0,1
global_cg,uniform6_14,generic_compressible,1,1,36,37748736,37748736,3145728,50331648,0.750000,8707375104,1104,35328,10,36.000000,1496994.000000,1278171.500000,2923.746094,2496.358398,548.559994,469.760001,32.973487,38.504632,353280,353280,353280,0,0,0,1
global_cg,uniform6_15,non_compressible,0,0,36,37748736,37748736,3145728,50331648,0.750000,8669626368,1104,35328,10,37.000000,1501276.000000,1280210.000000,2932.107422,2500.337891,548.096001,469.967991,33.001401,38.487591,353280,353280,353280,0,0,0,1
global_cg,uniform6_15,generic_compressible,1,1,36,37748736,37748736,3145728,50331648,0.750000,8707375104,1104,35328,10,37.000000,1500471.500000,1280928.000000,2930.536133,2501.740234,548.368007,469.536006,32.985032,38.523001,353280,353280,353280,0,0,0,1
global_cg,uniform6_16,non_compressible,0,0,36,37748736,37748736,3145728,50331648,0.750000,8669626368,1104,35328,10,36.000000,1497029.500000,1277719.500000,2923.815430,2495.475586,549.024016,469.903991,32.945619,38.492833,353280,353280,353280,0,0,0,1
global_cg,uniform6_16,generic_compressible,1,1,36,37748736,37748736,3145728,50331648,0.750000,8707375104,1104,35328,10,36.000000,1496901.500000,1278176.500000,2923.565430,2496.368164,548.640013,469.743997,32.968678,38.505944,353280,353280,353280,0,0,0,1
global_cg,uniform6_17,non_compressible,0,0,36,37748736,37748736,3145728,50331648,0.750000,8669626368,1104,35328,10,36.000000,1497531.000000,1278190.500000,2924.794922,2496.395508,548.495978,469.983995,32.977336,38.486281,353280,353280,353280,0,0,0,1
global_cg,uniform6_17,generic_compressible,1,1,36,37748736,37748736,3145728,50331648,0.750000,8707375104,1104,35328,10,36.000000,1498551.000000,1278567.000000,2926.787109,2497.130859,548.384011,469.999999,32.984069,38.484970,353280,353280,353280,0,0,0,1
global_cg,uniform6_18,non_compressible,0,0,36,37748736,37748736,3145728,50331648,0.750000,8669626368,1104,35328,10,36.000000,1496336.500000,1277846.000000,2922.461914,2495.722656,548.271984,470.032007,32.990808,38.482350,353280,353280,353280,0,0,0,1
global_cg,uniform6_18,generic_compressible,1,1,36,37748736,37748736,3145728,50331648,0.750000,8707375104,1104,35328,10,36.000000,1496880.000000,1277998.000000,2923.523438,2496.019531,548.271984,469.888002,32.990808,38.494143,353280,353280,353280,0,0,0,1
global_cg,uniform6_19,non_compressible,0,0,36,37748736,37748736,3145728,50331648,0.750000,8669626368,1104,35328,10,36.000000,1496811.000000,1278027.000000,2923.388672,2496.076172,548.400015,469.871998,32.983106,38.495454,353280,353280,353280,0,0,0,1
global_cg,uniform6_19,generic_compressible,1,1,36,37748736,37748736,3145728,50331648,0.750000,8707375104,1104,35328,10,36.000000,1497133.500000,1277935.000000,2924.018555,2495.896484,548.287988,469.743997,32.989845,38.505944,353280,353280,353280,0,0,0,1
global_cg,uniform6_20,non_compressible,0,0,36,37748736,37748736,3145728,50331648,0.750000,8669626368,1104,35328,10,36.000000,1496983.500000,1277479.500000,2923.725586,2495.006836,548.464000,469.903991,32.979258,38.492833,353280,353280,353280,0,0,0,1
global_cg,uniform6_20,generic_compressible,1,1,36,37748736,37748736,3145728,50331648,0.750000,8707375104,1104,35328,10,36.000000,1496866.000000,1278099.500000,2923.496094,2496.217773,548.160017,469.776005,32.997547,38.503320,353280,353280,353280,0,0,0,1
global_cg,uniform6_21,non_compressible,0,0,36,37748736,37748736,3145728,50331648,0.750000,8669626368,1104,35328,10,36.000000,1497463.500000,1277792.500000,2924.663086,2495.618164,548.175991,469.791993,32.996586,38.502010,353280,353280,353280,0,0,0,1
global_cg,uniform6_21,generic_compressible,1,1,36,37748736,37748736,3145728,50331648,0.750000,8707375104,1104,35328,10,36.000000,1334845.500000,1279000.500000,2607.049805,2497.977539,488.767996,467.920005,37.007202,38.656043,353280,353280,353280,0,0,0,1
global_cg,uniform6_22,non_compressible,0,0,36,37748736,37748736,3145728,50331648,0.750000,8669626368,1104,35328,10,36.000000,2461732.000000,2334564.000000,4808.000000,4559.625000,895.216018,849.664003,20.205108,21.288340,353280,353280,353280,0,0,0,1
global_cg,uniform6_22,generic_compressible,1,1,36,37748736,37748736,3145728,50331648,0.750000,8707375104,1104,35328,10,36.000000,2458339.000000,2335222.000000,4801.373047,4560.910156,894.863993,849.408001,20.213056,21.294756,353280,353280,353280,0,0,0,1
global_cg,uniform6_23,non_compressible,0,0,36,37748736,37748736,3145728,50331648,0.750000,8669626368,1104,35328,10,36.000000,1497468.500000,1278199.000000,2924.672852,2496.412109,548.239976,469.904006,32.992735,38.492832,353280,353280,353280,0,0,0,1
global_cg,uniform6_23,generic_compressible,1,1,36,37748736,37748736,3145728,50331648,0.750000,8707375104,1104,35328,10,36.000000,1497330.000000,1278396.500000,2924.402344,2496.797852,548.416018,469.807997,32.982144,38.500698,353280,353280,353280,0,0,0,1
global_cg,uniform6_24,non_compressible,0,0,36,37748736,37748736,3145728,50331648,0.750000,8669626368,1104,35328,10,36.000000,1496311.000000,1277365.000000,2922.412109,2494.783203,548.527986,469.840005,32.975411,38.498076,353280,353280,353280,0,0,0,1
global_cg,uniform6_24,generic_compressible,1,1,36,37748736,37748736,3145728,50331648,0.750000,8707375104,1104,35328,10,36.000000,1497282.500000,1278314.500000,2924.309570,2496.637695,548.175991,469.983995,32.996586,38.486281,353280,353280,353280,0,0,0,1
global_cg,uniform6_25,non_compressible,0,0,36,37748736,37748736,3145728,50331648,0.750000,8669626368,1104,35328,10,36.000000,1497703.500000,1277782.000000,2925.131836,2495.597656,548.512012,470.016003,32.976372,38.483660,353280,353280,353280,0,0,0,1
global_cg,uniform6_25,generic_compressible,1,1,36,37748736,37748736,3145728,50331648,0.750000,8707375104,1104,35328,10,36.000000,1498051.500000,1278346.500000,2925.811523,2496.700195,548.304021,470.031992,32.988881,38.482351,353280,353280,353280,0,0,0,1
global_cg,uniform6_26,non_compressible,0,0,36,37748736,37748736,3145728,50331648,0.750000,8669626368,1104,35328,10,36.000000,1497491.000000,1278002.000000,2924.716797,2496.027344,548.352003,469.871998,32.985994,38.495454,353280,353280,353280,0,0,0,1
global_cg,uniform6_26,generic_compressible,1,1,36,37748736,37748736,3145728,50331648,0.750000,8707375104,1104,35328,10,36.000000,1496671.500000,1277377.000000,2923.116211,2494.806641,548.464000,469.999999,32.979258,38.484970,353280,353280,353280,0,0,0,1
global_cg,uniform6_27,non_compressible,0,0,36,37748736,37748736,3145728,50331648,0.750000,8669626368,1104,35328,10,37.000000,1498266.000000,1278762.000000,2926.228516,2497.509766,548.271984,469.904006,32.990808,38.492832,353280,353280,353280,0,0,0,1
global_cg,uniform6_27,generic_compressible,1,1,36,37748736,37748736,3145728,50331648,0.750000,8707375104,1104,35328,10,36.000000,1498923.000000,1279010.000000,2927.513672,2497.996094,548.384011,469.839990,32.984069,38.498077,353280,353280,353280,0,0,0,1
global_cg,uniform6_28,non_compressible,0,0,36,37748736,37748736,3145728,50331648,0.750000,8669626368,1104,35328,10,36.000000,1496369.000000,1277609.500000,2922.525391,2495.260742,548.543990,469.983995,32.974449,38.486281,353280,353280,353280,0,0,0,1
global_cg,uniform6_28,generic_compressible,1,1,36,37748736,37748736,3145728,50331648,0.750000,8707375104,1104,35328,10,36.000000,1495703.000000,1277043.500000,2921.224609,2494.155273,548.511982,469.919994,32.976374,38.491522,353280,353280,353280,0,0,0,1
global_cg,uniform6_29,non_compressible,0,0,36,37748736,37748736,3145728,50331648,0.750000,8669626368,1104,35328,10,36.000000,1495689.000000,1277121.500000,2921.197266,2494.307617,548.480004,469.888002,32.978296,38.494143,353280,353280,353280,0,0,0,1
global_cg,uniform6_29,generic_compressible,1,1,36,37748736,37748736,3145728,50331648,0.750000,8707375104,1104,35328,10,36.000000,1495442.500000,1277372.000000,2920.715820,2494.796875,548.608005,470.016003,32.970602,38.483660,353280,353280,353280,0,0,0,1
global_cg,uniform6_30,non_compressible,0,0,36,37748736,37748736,3145728,50331648,0.750000,8669626368,1104,35328,10,36.000000,1505234.500000,1284048.500000,2939.840820,2507.836914,549.695998,471.727997,32.905344,38.343995,353280,353280,353280,0,0,0,1
global_cg,uniform6_30,generic_compressible,1,1,36,37748736,37748736,3145728,50331648,0.750000,8707375104,1104,35328,10,36.000000,1504691.500000,1284815.500000,2938.780273,2509.334961,549.840003,470.752001,32.896726,38.423493,353280,353280,353280,0,0,0,1
global_cg,uniform6_31,non_compressible,0,0,36,37748736,37748736,3145728,50331648,0.750000,8669626368,1104,35328,10,36.000000,2441277.000000,2319177.000000,4768.048828,4529.572266,893.647999,848.527998,20.240560,21.316841,353280,353280,353280,0,0,0,1
global_cg,uniform6_31,generic_compressible,1,1,36,37748736,37748736,3145728,50331648,0.750000,8707375104,1104,35328,10,36.000000,2443735.000000,2325393.500000,4772.849609,4541.713867,894.127995,846.928000,20.229694,21.357112,353280,353280,353280,0,0,0,1
global_cg,uniform6_32,non_compressible,0,0,36,37748736,37748736,3145728,50331648,0.750000,8669626368,1104,35328,10,36.000000,1496717.500000,1277200.500000,2923.206055,2494.461914,548.384011,470.063999,32.984069,38.479730,353280,353280,353280,0,0,0,1
global_cg,uniform6_32,generic_compressible,1,1,36,37748736,37748736,3145728,50331648,0.750000,8707375104,1104,35328,10,36.000000,1497071.000000,1277692.000000,2923.896484,2495.421875,548.319995,469.951987,32.987920,38.488902,353280,353280,353280,0,0,0,1
global_cg,uniform6_33,non_compressible,0,0,36,37748736,37748736,3145728,50331648,0.750000,8669626368,1104,35328,10,36.000000,1498162.000000,1278374.500000,2926.027344,2496.754883,548.992008,469.999999,32.947540,38.484970,353280,353280,353280,0,0,0,1
global_cg,uniform6_33,generic_compressible,1,1,36,37748736,37748736,3145728,50331648,0.750000,8707375104,1104,35328,10,36.000000,1498637.500000,1279125.000000,2926.956055,2498.220703,548.207998,469.983995,32.994659,38.486281,353280,353280,353280,0,0,0,1
global_cg,uniform6_34,non_compressible,0,0,36,37748736,37748736,3145728,50331648,0.750000,8669626368,1104,35328,10,36.000000,1654032.000000,1277866.000000,3230.460938,2495.761719,605.264008,469.855994,29.884374,38.496765,353280,353280,353280,0,0,0,1
global_cg,uniform6_34,generic_compressible,1,1,36,37748736,37748736,3145728,50331648,0.750000,8707375104,1104,35328,10,36.000000,1655344.500000,1278788.000000,3233.024414,2497.562500,605.215997,469.855994,29.886745,38.496765,353280,353280,353280,0,0,0,1
global_cg,uniform6_35,non_compressible,0,0,36,37748736,37748736,3145728,50331648,0.750000,8669626368,1104,35328,10,36.000000,1655048.500000,1278700.500000,3232.446289,2497.391602,604.015976,469.871998,29.946122,38.495454,353280,353280,353280,0,0,0,1
global_cg,uniform6_35,generic_compressible,1,1,36,37748736,37748736,3145728,50331648,0.750000,8707375104,1104,35328,10,36.000000,1654887.500000,1278656.500000,3232.131836,2497.305664,604.703993,469.888002,29.912050,38.494143,353280,353280,353280,0,0,0,1
global_cg,uniform6_36,non_compressible,0,0,36,37748736,37748736,3145728,50331648,0.750000,8669626368,1104,35328,10,36.000000,1653136.000000,1277318.000000,3228.710938,2494.691406,605.839998,469.919994,29.855962,38.491522,353280,353280,353280,0,0,0,1
global_cg,uniform6_36,generic_compressible,1,1,36,37748736,37748736,3145728,50331648,0.750000,8707375104,1104,35328,10,36.000000,1653459.000000,1277739.000000,3229.341797,2495.513672,605.311990,470.048010,29.882005,38.481039,353280,353280,353280,0,0,0,1
global_cg,uniform6_37,non_compressible,0,0,36,37748736,37748736,3145728,50331648,0.750000,8669626368,1104,35328,10,36.000000,1654526.000000,1277925.500000,3231.425781,2495.877930,605.567992,470.080003,29.869373,38.478420,353280,353280,353280,0,0,0,1
global_cg,uniform6_37,generic_compressible,1,1,36,37748736,37748736,3145728,50331648,0.750000,8707375104,1104,35328,10,36.000000,1653727.500000,1277779.000000,3229.866211,2495.591797,605.248004,469.967991,29.885164,38.487591,353280,353280,353280,0,0,0,1
global_cg,uniform6_38,non_compressible,0,0,36,37748736,37748736,3145728,50331648,0.750000,8669626368,1104,35328,10,36.000000,1654149.500000,1277663.000000,3230.690430,2495.365234,605.247974,469.983995,29.885166,38.486281,353280,353280,353280,0,0,0,1
global_cg,uniform6_38,generic_compressible,1,1,36,37748736,37748736,3145728,50331648,0.750000,8707375104,1104,35328,10,36.000000,1654836.000000,1278607.000000,3232.031250,2497.208984,605.536014,469.535992,29.870950,38.523002,353280,353280,353280,0,0,0,1
global_cg,uniform6_39,non_compressible,0,0,36,37748736,37748736,3145728,50331648,0.750000,8669626368,1104,35328,10,36.000000,1654247.000000,1277325.000000,3230.880859,2494.705078,604.800016,469.760001,29.907301,38.504632,353280,353280,353280,0,0,0,1
global_cg,uniform6_39,generic_compressible,1,1,36,37748736,37748736,3145728,50331648,0.750000,8707375104,1104,35328,10,36.000000,1654035.500000,1277744.000000,3230.467773,2495.523438,604.256004,469.824001,29.934226,38.499387,353280,353280,353280,0,0,0,1
global_cg,uniform6_40,non_compressible,0,0,36,37748736,37748736,3145728,50331648,0.750000,8669626368,1104,35328,10,36.000000,1652909.500000,1276780.000000,3228.268555,2493.640625,605.167985,469.968006,29.889116,38.487590,353280,353280,353280,0,0,0,1
global_cg,uniform6_40,generic_compressible,1,1,36,37748736,37748736,3145728,50331648,0.750000,8707375104,1104,35328,10,36.000000,1652901.500000,1276935.500000,3228.252930,2493.944336,603.936017,469.679996,29.950087,38.511191,353280,353280,353280,0,0,0,1
global_cg,uniform6_41,non_compressible,0,0,36,37748736,37748736,3145728,50331648,0.750000,8669626368,1104,35328,10,44.000000,1652463.500000,1277210.000000,3227.381836,2494.464844,604.463995,469.967991,29.923926,38.487591,353280,353280,353280,0,0,0,1
global_cg,uniform6_41,generic_compressible,1,1,36,37748736,37748736,3145728,50331648,0.750000,8707375104,1104,35328,10,42.000000,1652976.000000,1277468.000000,3228.386719,2494.972656,605.536014,469.935998,29.870950,38.490212,353280,353280,353280,0,0,0,1
global_cg,uniform6_42,non_compressible,0,0,36,37748736,37748736,3145728,50331648,0.750000,8669626368,1104,35328,10,46.000000,1652955.500000,1277670.000000,3228.338867,2495.359375,604.272008,469.727993,29.933434,38.507256,353280,353280,353280,0,0,0,1
global_cg,uniform6_42,generic_compressible,1,1,36,37748736,37748736,3145728,50331648,0.750000,8707375104,1104,35328,10,45.000000,1373331.000000,1278042.500000,2682.199219,2496.088867,503.808022,468.032002,35.902437,38.646793,353280,353280,353280,0,0,0,1
global_cg,uniform6_43,non_compressible,0,0,36,37748736,37748736,3145728,50331648,0.750000,8669626368,1104,35328,10,48.000000,1658418.500000,1280395.500000,3239.004883,2500.678711,604.160011,469.648004,29.938983,38.513814,353280,353280,353280,0,0,0,1
global_cg,uniform6_43,generic_compressible,1,1,36,37748736,37748736,3145728,50331648,0.750000,8707375104,1104,35328,10,45.000000,1658582.500000,1280539.500000,3239.331055,2500.965820,604.319990,469.632000,29.931057,38.515127,353280,353280,353280,0,0,0,1
global_cg,uniform6_44,non_compressible,0,0,36,37748736,37748736,3145728,50331648,0.750000,8669626368,1104,35328,10,48.000000,1653456.500000,1278437.500000,3229.313477,2496.854492,605.935991,469.967991,29.851232,38.487591,353280,353280,353280,0,0,0,1
global_cg,uniform6_44,generic_compressible,1,1,36,37748736,37748736,3145728,50331648,0.750000,8707375104,1104,35328,10,48.000000,1651963.500000,1278775.500000,3226.397461,2497.514648,604.207993,468.736008,29.936605,38.588749,353280,353280,353280,0,0,0,1
global_cg,uniform6_45,non_compressible,0,0,36,37748736,37748736,3145728,50331648,0.750000,8669626368,1104,35328,10,48.000000,1654436.000000,1277960.500000,3231.226562,2495.922852,604.415983,469.935998,29.926303,38.490212,353280,353280,353280,0,0,0,1
global_cg,uniform6_45,generic_compressible,1,1,36,37748736,37748736,3145728,50331648,0.750000,8707375104,1104,35328,10,46.000000,1654644.500000,1277981.000000,3231.637695,2495.966797,605.776012,469.888002,29.859116,38.494143,353280,353280,353280,0,0,0,1
global_cg,uniform6_46,non_compressible,0,0,36,37748736,37748736,3145728,50331648,0.750000,8669626368,1104,35328,10,47.000000,1653480.000000,1277764.000000,3229.361328,2495.541016,604.319990,469.760001,29.931057,38.504632,353280,353280,353280,0,0,0,1
global_cg,uniform6_46,generic_compressible,1,1,36,37748736,37748736,3145728,50331648,0.750000,8707375104,1104,35328,10,48.000000,1653163.000000,1277198.500000,3228.740234,2494.434570,606.239974,469.711989,29.836264,38.508568,353280,353280,353280,0,0,0,1
global_cg,uniform6_47,non_compressible,0,0,36,37748736,37748736,3145728,50331648,0.750000,8669626368,1104,35328,10,48.000000,1653400.000000,1277851.500000,3229.203125,2495.709961,605.248004,469.807997,29.885164,38.500698,353280,353280,353280,0,0,0,1
global_cg,uniform6_47,generic_compressible,1,1,36,37748736,37748736,3145728,50331648,0.750000,8707375104,1104,35328,10,47.000000,1653750.500000,1278599.000000,3229.889648,2497.171875,605.103999,469.727993,29.892276,38.507256,353280,353280,353280,0,0,0,1
global_cg,uniform6_48,non_compressible,0,0,36,37748736,37748736,3145728,50331648,0.750000,8669626368,1104,35328,10,48.000000,1650835.000000,1274595.500000,3224.193359,2489.350586,606.048018,469.952002,29.845714,38.488901,353280,353280,353280,0,0,0,1
global_cg,uniform6_48,generic_compressible,1,1,36,37748736,37748736,3145728,50331648,0.750000,8707375104,1104,35328,10,47.000000,1652351.000000,1275173.000000,3227.156250,2490.480469,606.208026,469.712004,29.837837,38.508567,353280,353280,353280,0,0,0,1
global_cg,uniform6_49,non_compressible,0,0,36,37748736,37748736,3145728,50331648,0.750000,8669626368,1104,35328,10,46.000000,2454545.500000,2215830.500000,4793.944336,4327.704102,1013.424039,926.160008,17.848339,19.530034,353280,353280,353280,0,0,0,1
global_cg,uniform6_49,generic_compressible,1,1,36,37748736,37748736,3145728,50331648,0.750000,8707375104,1104,35328,10,45.000000,2453773.000000,2214449.000000,4792.437500,4325.007812,1012.656033,925.840020,17.861876,19.536783,353280,353280,353280,0,0,0,1
global_cg,uniform6_50,non_compressible,0,0,36,37748736,37748736,3145728,50331648,0.750000,8669626368,1104,35328,10,45.000000,2798719.000000,2558107.500000,5466.160156,4996.215820,1017.695963,932.512015,17.773418,19.397000,353280,353280,353280,0,0,0,1
global_cg,uniform6_50,generic_compressible,1,1,36,37748736,37748736,3145728,50331648,0.750000,8707375104,1104,35328,10,46.000000,2795223.000000,2558288.000000,5459.330078,4996.566406,1017.856002,931.520015,17.770624,19.417657,353280,353280,353280,0,0,0,1
global_cg,uniform6_51,non_compressible,0,0,36,37748736,37748736,3145728,50331648,0.750000,8669626368,1104,35328,10,46.000000,1662341.000000,1284429.000000,3246.669922,2508.560547,606.208026,470.063999,29.837837,38.479730,353280,353280,353280,0,0,0,1
global_cg,uniform6_51,generic_compressible,1,1,36,37748736,37748736,3145728,50331648,0.750000,8707375104,1104,35328,10,44.000000,1660773.000000,1283293.000000,3243.611328,2506.345703,605.567992,469.888002,29.869373,38.494143,353280,353280,353280,0,0,0,1
global_cg,uniform6_52,non_compressible,0,0,36,37748736,37748736,3145728,50331648,0.750000,8669626368,1104,35328,10,47.000000,1653152.000000,1277114.500000,3228.720703,2494.272461,606.176019,469.807997,29.839412,38.500698,353280,353280,353280,0,0,0,1
global_cg,uniform6_52,generic_compressible,1,1,36,37748736,37748736,3145728,50331648,0.750000,8707375104,1104,35328,10,46.000000,1653346.500000,1277899.000000,3229.102539,2495.806641,604.975998,469.840005,29.898601,38.498076,353280,353280,353280,0,0,0,1
global_cg,uniform6_53,non_compressible,0,0,36,37748736,37748736,3145728,50331648,0.750000,8669626368,1104,35328,10,47.000000,1652798.000000,1277335.000000,3228.029297,2494.703125,605.232000,469.904006,29.885954,38.492832,353280,353280,353280,0,0,0,1
global_cg,uniform6_53,generic_compressible,1,1,36,37748736,37748736,3145728,50331648,0.750000,8707375104,1104,35328,10,44.000000,1653020.500000,1277656.000000,3228.469727,2495.335938,604.319990,469.919994,29.931057,38.491522,353280,353280,353280,0,0,0,1
global_cg,uniform6_54,non_compressible,0,0,36,37748736,37748736,3145728,50331648,0.750000,8669626368,1104,35328,10,44.000000,1653857.000000,1277938.500000,3230.103516,2495.887695,604.192019,470.112011,29.937396,38.475801,353280,353280,353280,0,0,0,1
global_cg,uniform6_54,generic_compressible,1,1,36,37748736,37748736,3145728,50331648,0.750000,8707375104,1104,35328,10,46.000000,1654770.000000,1278756.000000,3231.882812,2497.480469,604.192019,469.520003,29.937396,38.524314,353280,353280,353280,0,0,0,1
global_cg,uniform6_55,non_compressible,0,0,36,37748736,37748736,3145728,50331648,0.750000,8669626368,1104,35328,10,46.000000,1653290.000000,1277546.500000,3228.992188,2495.118164,605.120003,469.935998,29.891486,38.490212,353280,353280,353280,0,0,0,1
global_cg,uniform6_55,generic_compressible,1,1,36,37748736,37748736,3145728,50331648,0.750000,8707375104,1104,35328,10,44.000000,1654514.500000,1277497.500000,3231.387695,2495.026367,605.936021,469.600007,29.851231,38.517751,353280,353280,353280,0,0,0,1
global_cg,uniform6_56,non_compressible,0,0,36,37748736,37748736,3145728,50331648,0.750000,8669626368,1104,35328,10,48.000000,1652127.000000,1275912.000000,3226.716797,2491.921875,604.416013,469.807997,29.926302,38.500698,353280,353280,353280,0,0,0,1
global_cg,uniform6_56,generic_compressible,1,1,36,37748736,37748736,3145728,50331648,0.750000,8707375104,1104,35328,10,46.000000,1653357.500000,1276336.500000,3229.124023,2492.754883,605.583996,469.712004,29.868583,38.508567,353280,353280,353280,0,0,0,1
global_cg,uniform6_57,non_compressible,0,0,36,37748736,37748736,3145728,50331648,0.750000,8669626368,1104,35328,10,46.000000,1654179.500000,1277651.500000,3230.729492,2495.323242,604.287982,470.079988,29.932642,38.478422,353280,353280,353280,0,0,0,1
global_cg,uniform6_57,generic_compressible,1,1,36,37748736,37748736,3145728,50331648,0.750000,8707375104,1104,35328,10,46.000000,1654589.000000,1277668.000000,3231.529297,2495.355469,605.423987,469.888002,29.876477,38.494143,353280,353280,353280,0,0,0,1
global_cg,uniform6_58,non_compressible,0,0,36,37748736,37748736,3145728,50331648,0.750000,8669626368,1104,35328,10,44.000000,1654156.500000,1278164.000000,3230.688477,2496.328125,605.088025,469.983995,29.893066,38.486281,353280,353280,353280,0,0,0,1
global_cg,uniform6_58,generic_compressible,1,1,36,37748736,37748736,3145728,50331648,0.750000,8707375104,1104,35328,10,46.000000,1654921.500000,1278097.500000,3232.178711,2496.194336,604.287982,469.983995,29.932642,38.486281,353280,353280,353280,0,0,0,1
global_cg,uniform6_59,non_compressible,0,0,36,37748736,37748736,3145728,50331648,0.750000,8669626368,1104,35328,10,45.000000,1651925.500000,1276136.000000,3226.329102,2492.365234,605.856001,469.951987,29.855173,38.488902,353280,353280,353280,0,0,0,1
global_cg,uniform6_59,generic_compressible,1,1,36,37748736,37748736,3145728,50331648,0.750000,8707375104,1104,35328,10,46.000000,1652542.000000,1276177.500000,3227.531250,2492.444336,606.112003,469.839990,29.842564,38.498077,353280,353280,353280,0,0,0,1
global_cg,uniform6_60,non_compressible,0,0,36,37748736,37748736,3145728,50331648,0.750000,8669626368,1104,35328,10,46.000000,1654404.000000,1277703.000000,3231.167969,2495.423828,605.311990,470.063999,29.882005,38.479730,353280,353280,353280,0,0,0,1
global_cg,uniform6_60,generic_compressible,1,1,36,37748736,37748736,3145728,50331648,0.750000,8707375104,1104,35328,10,46.000000,1654696.500000,1278006.500000,3231.739258,2496.016602,606.192023,469.775990,29.838624,38.503322,353280,353280,353280,0,0,0,1
global_cg,uniform6_61,non_compressible,0,0,36,37748736,37748736,3145728,50331648,0.750000,8669626368,1104,35328,10,48.000000,1652194.000000,1275769.500000,3226.847656,2491.643555,606.144011,469.839990,29.840988,38.498077,353280,353280,353280,0,0,0,1
global_cg,uniform6_61,generic_compressible,1,1,36,37748736,37748736,3145728,50331648,0.750000,8707375104,1104,35328,10,45.000000,1652778.500000,1275849.000000,3227.995117,2491.804688,605.135977,469.952002,29.890697,38.488901,353280,353280,353280,0,0,0,1
global_cg,uniform6_62,non_compressible,0,0,36,37748736,37748736,3145728,50331648,0.750000,8669626368,1104,35328,10,47.000000,1655284.000000,1278484.500000,3232.884766,2496.948242,604.255974,469.871998,29.934228,38.495454,353280,353280,353280,0,0,0,1
global_cg,uniform6_62,generic_compressible,1,1,36,37748736,37748736,3145728,50331648,0.750000,8707375104,1104,35328,10,46.000000,1653933.500000,1277754.000000,3230.249023,2495.523438,604.303986,469.807997,29.931850,38.500698,353280,353280,353280,0,0,0,1
global_cg,uniform6_63,non_compressible,0,0,36,37748736,37748736,3145728,50331648,0.750000,8669626368,1104,35328,10,46.000000,1656989.000000,1279350.000000,3236.216797,2498.640625,604.176015,469.727993,29.938189,38.507256,353280,353280,353280,0,0,0,1
global_cg,uniform6_63,generic_compressible,1,1,36,37748736,37748736,3145728,50331648,0.750000,8707375104,1104,35328,10,48.000000,1278253.000000,1278870.500000,2496.494141,2497.700195,469.024003,467.823997,38.565054,38.663976,353280,353280,353280,0,0,0,1
global_cg,uniform6_0,non_compressible,0,0,40,41943040,41943036,3495253,55924048,0.750000,8669626368,1104,35328,10,46.000000,3222518.500000,2955152.000000,6293.891602,5771.691406,1173.408031,1075.360000,15.414873,16.820354,353280,353280,353280,0,0,0,1
global_cg,uniform6_0,generic_compressible,1,1,40,41943040,41943036,3495253,55924048,0.750000,8711569408,1104,35328,10,46.000000,1278390.000000,1279007.000000,2496.765625,2497.970703,469.039991,467.887998,38.563739,38.658688,353280,353280,353280,0,0,0,1
global_cg,uniform6_1,non_compressible,0,0,40,41943040,41943036,3495253,55924048,0.750000,8669626368,1104,35328,10,47.000000,3224243.000000,2952629.000000,6297.257812,5766.761719,1173.536003,1074.416041,15.413192,16.835132,353280,353280,353280,0,0,0,1
global_cg,uniform6_1,generic_compressible,1,1,40,41943040,41943036,3495253,55924048,0.750000,8711569408,1104,35328,10,47.000000,3238746.000000,2971902.500000,6325.583984,5804.405273,1179.567993,1082.176030,15.334373,16.714412,353280,353280,353280,0,0,0,1
global_cg,uniform6_2,non_compressible,0,0,40,41943040,41943036,3495253,55924048,0.750000,8669626368,1104,35328,10,47.000000,3225230.500000,2955027.000000,6299.186523,5771.445312,1173.600018,1076.048017,15.412352,16.809599,353280,353280,353280,0,0,0,1
global_cg,uniform6_2,generic_compressible,1,1,40,41943040,41943036,3495253,55924048,0.750000,8711569408,1104,35328,10,44.000000,3238056.000000,2971688.000000,6324.242188,5803.992188,1178.207994,1081.120014,15.352074,16.730738,353280,353280,353280,0,0,0,1
global_cg,uniform6_3,non_compressible,0,0,40,41943040,41943036,3495253,55924048,0.750000,8669626368,1104,35328,10,46.000000,3221463.000000,2953971.500000,6291.830078,5769.385742,1173.615992,1076.176047,15.412142,16.807600,353280,353280,353280,0,0,0,1
global_cg,uniform6_3,generic_compressible,1,1,40,41943040,41943036,3495253,55924048,0.750000,8711569408,1104,35328,10,46.000000,3234522.000000,2968537.500000,6317.335938,5797.834961,1177.727997,1080.256045,15.358331,16.744119,353280,353280,353280,0,0,0,1
global_cg,uniform6_4,non_compressible,0,0,40,41943040,41943036,3495253,55924048,0.750000,8669626368,1104,35328,10,46.000000,3221043.500000,2952667.500000,6291.010742,5766.838867,1173.568010,1075.151980,15.412772,16.823609,353280,353280,353280,0,0,0,1
global_cg,uniform6_4,generic_compressible,1,1,40,41943040,41943036,3495253,55924048,0.750000,8711569408,1104,35328,10,47.000000,3233206.000000,2970081.000000,6314.763672,5800.847656,1177.680016,1082.000017,15.358956,16.717131,353280,353280,353280,0,0,0,1
global_cg,uniform6_5,non_compressible,0,0,40,41943040,41943036,3495253,55924048,0.750000,8669626368,1104,35328,10,46.000000,3225094.500000,2953303.000000,6298.922852,5768.080078,1173.648000,1075.824022,15.411721,16.813099,353280,353280,353280,0,0,0,1
global_cg,uniform6_5,generic_compressible,1,1,40,41943040,41943036,3495253,55924048,0.750000,8711569408,1104,35328,10,46.000000,3234222.500000,2970126.500000,6316.750977,5800.938477,1178.336024,1082.159996,15.350406,16.714660,353280,353280,353280,0,0,0,1
global_cg,uniform6_6,non_compressible,0,0,40,41943040,41943036,3495253,55924048,0.750000,8669626368,1104,35328,10,44.000000,3223029.000000,2951605.000000,6294.892578,5764.767578,1175.152004,1074.479997,15.391997,16.834130,353280,353280,353280,0,0,0,1
global_cg,uniform6_6,generic_compressible,1,1,40,41943040,41943036,3495253,55924048,0.750000,8711569408,1104,35328,10,46.500000,3233564.000000,2970360.000000,6315.463867,5801.393555,1179.632008,1081.951976,15.333541,16.717873,353280,353280,353280,0,0,0,1
global_cg,uniform6_7,non_compressible,0,0,40,41943040,41943036,3495253,55924048,0.750000,8669626368,1104,35328,10,44.000000,3225321.000000,2953131.000000,6299.369141,5767.748047,1173.471987,1076.175988,15.414033,16.807600,353280,353280,353280,0,0,0,1
global_cg,uniform6_7,generic_compressible,1,1,40,41943040,41943036,3495253,55924048,0.750000,8711569408,1104,35328,10,46.000000,3236556.000000,2969445.000000,6321.308594,5799.607422,1178.608000,1080.463946,15.346863,16.740897,353280,353280,353280,0,0,0,1
global_cg,uniform6_8,non_compressible,0,0,40,41943040,41943036,3495253,55924048,0.750000,8669626368,1104,35328,10,46.000000,3222987.000000,2952035.500000,6294.806641,5765.604492,1173.632026,1074.591994,15.411931,16.832376,353280,353280,353280,0,0,0,1
global_cg,uniform6_8,generic_compressible,1,1,40,41943040,41943036,3495253,55924048,0.750000,8711569408,1104,35328,10,48.000000,3236036.500000,2970341.500000,6320.290039,5801.354492,1177.872002,1082.080007,15.356453,16.715895,353280,353280,353280,0,0,0,1
global_cg,uniform6_9,non_compressible,0,0,40,41943040,41943036,3495253,55924048,0.750000,8669626368,1104,35328,10,47.000000,3221051.500000,2950750.500000,6291.024414,5763.092773,1173.583984,1074.671984,15.412562,16.831123,353280,353280,353280,0,0,0,1
global_cg,uniform6_9,generic_compressible,1,1,40,41943040,41943036,3495253,55924048,0.750000,8711569408,1104,35328,10,47.000000,3238559.000000,2969680.500000,6325.218750,5800.065430,1179.615974,1081.887960,15.333750,16.718862,353280,353280,353280,0,0,0,1
global_cg,uniform6_10,non_compressible,0,0,40,41943040,41943036,3495253,55924048,0.750000,8669626368,1104,35328,10,46.000000,3222642.000000,2952807.500000,6294.132812,5767.112305,1174.575984,1076.016009,15.399545,16.810099,353280,353280,353280,0,0,0,1
global_cg,uniform6_10,generic_compressible,1,1,40,41943040,41943036,3495253,55924048,0.750000,8711569408,1104,35328,10,48.000000,3235144.500000,2969067.500000,6318.547852,5798.866211,1177.792013,1080.672026,15.357496,16.737674,353280,353280,353280,0,0,0,1
global_cg,uniform6_11,non_compressible,0,0,40,41943040,41943036,3495253,55924048,0.750000,8669626368,1104,35328,10,46.000000,3220663.500000,2953203.500000,6290.268555,5767.885742,1173.680007,1075.536013,15.411301,16.817601,353280,353280,353280,0,0,0,1
global_cg,uniform6_11,generic_compressible,1,1,40,41943040,41943036,3495253,55924048,0.750000,8711569408,1104,35328,10,46.000000,3234708.000000,2971211.000000,6317.699219,5803.056641,1179.519951,1082.127988,15.334998,16.715154,353280,353280,353280,0,0,0,1
global_cg,uniform6_12,non_compressible,0,0,40,41943040,41943036,3495253,55924048,0.750000,8669626368,1104,35328,10,47.000000,3221180.500000,2952354.000000,6291.276367,5766.224609,1173.551977,1075.856030,15.412982,16.812599,353280,353280,353280,0,0,0,1
global_cg,uniform6_12,generic_compressible,1,1,40,41943040,41943036,3495253,55924048,0.750000,8711569408,1104,35328,10,47.000000,3235852.500000,2970534.000000,6319.932617,5801.732422,1177.775979,1082.207978,15.357705,16.713919,353280,353280,353280,0,0,0,1
global_cg,uniform6_13,non_compressible,0,0,40,41943040,41943036,3495253,55924048,0.750000,8669626368,1104,35328,10,44.000000,3222581.500000,2952460.000000,6294.018555,5766.437500,1174.463987,1075.007975,15.401014,16.825862,353280,353280,353280,0,0,0,1
global_cg,uniform6_13,generic_compressible,1,1,40,41943040,41943036,3495253,55924048,0.750000,8711569408,1104,35328,10,48.000000,3234534.000000,2970774.000000,6317.355469,5802.199219,1177.600026,1082.159996,15.360000,16.714660,353280,353280,353280,0,0,0,1
global_cg,uniform6_14,non_compressible,0,0,40,41943040,41943036,3495253,55924048,0.750000,8669626368,1104,35328,10,48.000000,3224223.000000,2956235.500000,6297.216797,5773.803711,1175.616026,1076.032043,15.385922,16.809849,353280,353280,353280,0,0,0,1
global_cg,uniform6_14,generic_compressible,1,1,40,41943040,41943036,3495253,55924048,0.750000,8711569408,1104,35328,10,47.000000,3231844.500000,2970428.500000,6312.104492,5801.526367,1178.719997,1082.032025,15.345405,16.716636,353280,353280,353280,0,0,0,1
global_cg,uniform6_15,non_compressible,0,0,40,41943040,41943036,3495253,55924048,0.750000,8669626368,1104,35328,10,48.000000,3214329.500000,2946458.500000,6277.893555,5754.708008,1173.583984,1075.967968,15.412562,16.810850,353280,353280,353280,0,0,0,1
global_cg,uniform6_15,generic_compressible,1,1,40,41943040,41943036,3495253,55924048,0.750000,8711569408,1104,35328,10,47.000000,3225859.500000,2959586.000000,6300.415039,5780.349609,1177.824020,1081.232011,15.357079,16.729005,353280,353280,353280,0,0,0,1
global_cg,uniform6_16,non_compressible,0,0,40,41943040,41943036,3495253,55924048,0.750000,8669626368,1104,35328,10,48.000000,3220337.000000,2941357.000000,6289.626953,5744.744141,1174.607992,1075.008035,15.399126,16.825861,353280,353280,353280,0,0,0,1
global_cg,uniform6_16,generic_compressible,1,1,40,41943040,41943036,3495253,55924048,0.750000,8711569408,1104,35328,10,46.000000,3216823.000000,2951788.000000,6282.767578,5765.121094,1177.743971,1082.096040,15.358122,16.715648,353280,353280,353280,0,0,0,1
global_cg,uniform6_17,non_compressible,0,0,40,41943040,41943036,3495253,55924048,0.750000,8669626368,1104,35328,10,47.000000,3221242.500000,2954222.500000,6291.397461,5769.874023,1174.528003,1075.919986,15.400174,16.811600,353280,353280,353280,0,0,0,1
global_cg,uniform6_17,generic_compressible,1,1,40,41943040,41943036,3495253,55924048,0.750000,8711569408,1104,35328,10,46.000000,3231668.000000,2967945.000000,6311.761719,5796.677734,1178.479970,1081.167996,15.348531,16.729996,353280,353280,353280,0,0,0,1
global_cg,uniform6_18,non_compressible,0,0,40,41943040,41943036,3495253,55924048,0.750000,8669626368,1104,35328,10,46.000000,3221452.500000,2951728.000000,6291.809570,5765.003906,1173.295975,1074.064016,15.416345,16.840650,353280,353280,353280,0,0,0,1
global_cg,uniform6_18,generic_compressible,1,1,40,41943040,41943036,3495253,55924048,0.750000,8711569408,1104,35328,10,48.000000,3235473.500000,2970326.000000,6319.190430,5801.324219,1179.648042,1082.127988,15.333333,16.715154,353280,353280,353280,0,0,0,1
global_cg,uniform6_19,non_compressible,0,0,40,41943040,41943036,3495253,55924048,0.750000,8669626368,1104,35328,10,44.000000,3221671.000000,2951172.000000,6292.240234,5763.921875,1175.391972,1075.919986,15.388854,16.811600,353280,353280,353280,0,0,0,1
global_cg,uniform6_19,generic_compressible,1,1,40,41943040,41943036,3495253,55924048,0.750000,8711569408,1104,35328,10,46.000000,3235422.500000,2969593.000000,6319.094727,5799.896484,1179.632008,1083.167970,15.333541,16.699105,353280,353280,353280,0,0,0,1
global_cg,uniform6_20,non_compressible,0,0,40,41943040,41943036,3495253,55924048,0.750000,8669626368,1104,35328,10,47.000000,3222928.000000,2952916.000000,6294.689453,5767.322266,1173.632026,1074.591994,15.411931,16.832376,353280,353280,353280,0,0,0,1
global_cg,uniform6_20,generic_compressible,1,1,40,41943040,41943036,3495253,55924048,0.750000,8711569408,1104,35328,10,46.000000,3236001.000000,2972153.000000,6320.224609,5804.896484,1179.679990,1081.120014,15.332918,16.730738,353280,353280,353280,0,0,0,1
global_cg,uniform6_21,non_compressible,0,0,40,41943040,41943036,3495253,55924048,0.750000,8669626368,1104,35328,10,48.000000,3224693.000000,2952856.500000,6298.134766,5767.204102,1173.503995,1075.392008,15.413613,16.819853,353280,353280,353280,0,0,0,1
global_cg,uniform6_21,generic_compressible,1,1,40,41943040,41943036,3495253,55924048,0.750000,8711569408,1104,35328,10,45.000000,1387321.000000,1277572.000000,2709.523438,2495.169922,508.192003,469.152004,35.592721,38.554532,353280,353280,353280,0,0,0,1
global_cg,uniform6_22,non_compressible,0,0,40,41943040,41943036,3495253,55924048,0.750000,8669626368,1104,35328,10,46.000000,3222762.000000,2952475.000000,6294.367188,5766.462891,1173.583984,1074.591994,15.412562,16.832376,353280,353280,353280,0,0,0,1
global_cg,uniform6_22,generic_compressible,1,1,40,41943040,41943036,3495253,55924048,0.750000,8711569408,1104,35328,10,44.000000,3236417.000000,2968978.500000,6321.041016,5798.700195,1178.672016,1081.968009,15.346030,16.717626,353280,353280,353280,0,0,0,1
global_cg,uniform6_23,non_compressible,0,0,40,41943040,41943036,3495253,55924048,0.750000,8669626368,1104,35328,10,47.000000,3211919.500000,2942914.000000,6273.188477,5747.787109,1173.583984,1075.567961,15.412562,16.817102,353280,353280,353280,0,0,0,1
global_cg,uniform6_23,generic_compressible,1,1,40,41943040,41943036,3495253,55924048,0.750000,8711569408,1104,35328,10,46.000000,3221760.500000,2952647.000000,6292.411133,5766.798828,1177.664042,1081.055999,15.359165,16.731729,353280,353280,353280,0,0,0,1
global_cg,uniform6_24,non_compressible,0,0,40,41943040,41943036,3495253,55924048,0.750000,8669626368,1104,35328,10,46.000000,3221061.500000,2953498.000000,6291.045898,5768.460938,1173.567951,1075.056016,15.412773,16.825110,353280,353280,353280,0,0,0,1
global_cg,uniform6_24,generic_compressible,1,1,40,41943040,41943036,3495253,55924048,0.750000,8711569408,1104,35328,10,46.000000,3237468.000000,2969398.000000,6323.089844,5799.515625,1178.736031,1082.975984,15.345196,16.702066,353280,353280,353280,0,0,0,1
global_cg,uniform6_25,non_compressible,0,0,40,41943040,41943036,3495253,55924048,0.750000,8669626368,1104,35328,10,46.000000,3221222.000000,2953071.000000,6291.359375,5767.626953,1173.519969,1075.536013,15.413403,16.817601,353280,353280,353280,0,0,0,1
global_cg,uniform6_25,generic_compressible,1,1,40,41943040,41943036,3495253,55924048,0.750000,8711569408,1104,35328,10,44.000000,3233973.500000,2967080.000000,6316.268555,5794.992188,1177.760005,1082.032025,15.357913,16.716636,353280,353280,353280,0,0,0,1
global_cg,uniform6_26,non_compressible,0,0,40,41943040,41943036,3495253,55924048,0.750000,8669626368,1104,35328,10,44.000000,3222209.000000,2952630.000000,6293.291016,5766.769531,1173.775971,1074.992001,15.410041,16.826112,353280,353280,353280,0,0,0,1
global_cg,uniform6_26,generic_compressible,1,1,40,41943040,41943036,3495253,55924048,0.750000,8711569408,1104,35328,10,44.000000,3234115.000000,2969647.000000,6316.544922,5800.005859,1179.664016,1081.824005,15.333125,16.719851,353280,353280,353280,0,0,0,1
global_cg,uniform6_27,non_compressible,0,0,40,41943040,41943036,3495253,55924048,0.750000,8669626368,1104,35328,10,47.000000,3222270.500000,2953384.000000,6293.405273,5768.236328,1173.680007,1075.824022,15.411301,16.813099,353280,353280,353280,0,0,0,1
global_cg,uniform6_27,generic_compressible,1,1,40,41943040,41943036,3495253,55924048,0.750000,8711569408,1104,35328,10,44.000000,3237571.500000,2967161.000000,6323.295898,5795.150391,1179.520011,1080.576003,15.334997,16.739161,353280,353280,353280,0,0,0,1
global_cg,uniform6_28,non_compressible,0,0,40,41943040,41943036,3495253,55924048,0.750000,8669626368,1104,35328,10,48.000000,3216521.000000,2949532.500000,6282.173828,5760.711914,1173.583984,1077.423990,15.412562,16.788132,353280,353280,353280,0,0,0,1
global_cg,uniform6_28,generic_compressible,1,1,40,41943040,41943036,3495253,55924048,0.750000,8711569408,1104,35328,10,46.000000,3226036.500000,2957864.500000,6300.762695,5776.989258,1178.672016,1080.671966,15.346030,16.737675,353280,353280,353280,0,0,0,1
global_cg,uniform6_29,non_compressible,0,0,40,41943040,41943036,3495253,55924048,0.750000,8669626368,1104,35328,10,47.000000,3224405.000000,2952439.500000,6297.574219,5766.391602,1174.480021,1075.488031,15.400803,16.818352,353280,353280,353280,0,0,0,1
global_cg,uniform6_29,generic_compressible,1,1,40,41943040,41943036,3495253,55924048,0.750000,8711569408,1104,35328,10,44.000000,3236268.000000,2968191.500000,6320.750000,5797.163086,1179.552019,1081.135988,15.334581,16.730491,353280,353280,353280,0,0,0,1
global_cg,uniform6_30,non_compressible,0,0,40,41943040,41943036,3495253,55924048,0.750000,8669626368,1104,35328,10,46.000000,3219987.000000,2953897.000000,6288.947266,5769.240234,1173.568010,1075.839996,15.412772,16.812850,353280,353280,353280,0,0,0,1
global_cg,uniform6_30,generic_compressible,1,1,40,41943040,41943036,3495253,55924048,0.750000,8711569408,1104,35328,10,47.000000,3231668.000000,2967528.500000,6311.759766,5795.862305,1177.951992,1080.272019,15.355410,16.743872,353280,353280,353280,0,0,0,1
global_cg,uniform6_31,non_compressible,0,0,40,41943040,41943036,3495253,55924048,0.750000,8669626368,1104,35328,10,47.000000,3221471.500000,2951250.500000,6291.844727,5764.069336,1173.583984,1074.992001,15.412562,16.826112,353280,353280,353280,0,0,0,1
global_cg,uniform6_31,generic_compressible,1,1,40,41943040,41943036,3495253,55924048,0.750000,8711569408,1104,35328,10,47.000000,3233021.000000,2969196.000000,6314.402344,5799.119141,1177.631974,1081.871986,15.359583,16.719109,353280,353280,353280,0,0,0,1
global_cg,uniform6_32,non_compressible,0,0,40,41943040,41943036,3495253,55924048,0.750000,8669626368,1104,35328,10,48.000000,3222223.500000,2952201.500000,6293.311523,5765.924805,1173.488021,1074.559987,15.413822,16.832877,353280,353280,353280,0,0,0,1
global_cg,uniform6_32,generic_compressible,1,1,40,41943040,41943036,3495253,55924048,0.750000,8711569408,1104,35328,10,47.000000,3235906.000000,2969632.500000,6320.037109,5799.971680,1179.503977,1082.095981,15.335206,16.715648,353280,353280,353280,0,0,0,1
global_cg,uniform6_33,non_compressible,0,0,40,41943040,41943036,3495253,55924048,0.750000,8669626368,1104,35328,10,46.000000,3221364.000000,2950556.000000,6291.636719,5762.714844,1174.655974,1075.648010,15.398497,16.815850,353280,353280,353280,0,0,0,1
global_cg,uniform6_33,generic_compressible,1,1,40,41943040,41943036,3495253,55924048,0.750000,8711569408,1104,35328,10,48.000000,3235885.000000,2970151.500000,6319.994141,5800.983398,1177.695990,1082.095981,15.358748,16.715648,353280,353280,353280,0,0,0,1
global_cg,uniform6_34,non_compressible,0,0,40,41943040,41943036,3495253,55924048,0.750000,8669626368,1104,35328,10,45.000000,3223525.000000,2953793.500000,6295.859375,5769.040039,1173.679948,1076.032043,15.411302,16.809849,353280,353280,353280,0,0,0,1
global_cg,uniform6_34,generic_compressible,1,1,40,41943040,41943036,3495253,55924048,0.750000,8711569408,1104,35328,10,48.000000,3235610.500000,2970734.500000,6319.458008,5802.122070,1179.696023,1082.256019,15.332709,16.713177,353280,353280,353280,0,0,0,1
global_cg,uniform6_35,non_compressible,0,0,40,41943040,41943036,3495253,55924048,0.750000,8669626368,1104,35328,10,44.000000,3220146.500000,2950695.000000,6289.262695,5762.990234,1174.463987,1074.608028,15.401014,16.832124,353280,353280,353280,0,0,0,1
global_cg,uniform6_35,generic_compressible,1,1,40,41943040,41943036,3495253,55924048,0.750000,8711569408,1104,35328,10,46.000000,3235338.000000,2969666.500000,6318.929688,5800.040039,1179.439962,1082.000017,15.336038,16.717131,353280,353280,353280,0,0,0,1
global_cg,uniform6_36,non_compressible,0,0,40,41943040,41943036,3495253,55924048,0.750000,8669626368,1104,35328,10,46.000000,3218809.000000,2951926.000000,6286.646484,5765.390625,1173.503995,1075.775981,15.413613,16.813850,353280,353280,353280,0,0,0,1
global_cg,uniform6_36,generic_compressible,1,1,40,41943040,41943036,3495253,55924048,0.750000,8711569408,1104,35328,10,47.000000,3233823.000000,2969192.500000,6315.968750,5799.112305,1179.648042,1080.960035,15.333333,16.733214,353280,353280,353280,0,0,0,1
global_cg,uniform6_37,non_compressible,0,0,40,41943040,41943036,3495253,55924048,0.750000,8669626368,1104,35328,10,48.000000,3220551.000000,2952067.500000,6290.044922,5765.663086,1173.536003,1075.376034,15.413192,16.820103,353280,353280,353280,0,0,0,1
global_cg,uniform6_37,generic_compressible,1,1,40,41943040,41943036,3495253,55924048,0.750000,8711569408,1104,35328,10,44.000000,3232208.000000,2966726.500000,6312.820312,5794.301758,1178.448021,1080.623984,15.348947,16.738418,353280,353280,353280,0,0,0,1
global_cg,uniform6_38,non_compressible,0,0,40,41943040,41943036,3495253,55924048,0.750000,8669626368,1104,35328,10,46.000000,3221732.000000,2951881.000000,6292.355469,5765.302734,1175.535977,1075.951993,15.386969,16.811099,353280,353280,353280,0,0,0,1
global_cg,uniform6_38,generic_compressible,1,1,40,41943040,41943036,3495253,55924048,0.750000,8711569408,1104,35328,10,46.000000,3233055.000000,2968753.500000,6314.470703,5798.256836,1178.799987,1081.503987,15.344364,16.724798,353280,353280,353280,0,0,0,1
global_cg,uniform6_39,non_compressible,0,0,40,41943040,41943036,3495253,55924048,0.750000,8669626368,1104,35328,10,48.000000,3221743.000000,2951573.000000,6292.373047,5764.697266,1174.784005,1074.959993,15.396818,16.826613,353280,353280,353280,0,0,0,1
global_cg,uniform6_39,generic_compressible,1,1,40,41943040,41943036,3495253,55924048,0.750000,8711569408,1104,35328,10,47.000000,3235582.500000,2968568.000000,6319.405273,5797.892578,1179.551959,1081.871986,15.334582,16.719109,353280,353280,353280,0,0,0,1
global_cg,uniform6_40,non_compressible,0,0,40,41943040,41943036,3495253,55924048,0.750000,8669626368,1104,35328,10,46.000000,3219988.000000,2953525.000000,6288.949219,5768.513672,1173.615992,1075.872004,15.412142,16.812349,353280,353280,353280,0,0,0,1
global_cg,uniform6_40,generic_compressible,1,1,40,41943040,41943036,3495253,55924048,0.750000,8711569408,1104,35328,10,47.000000,3230583.000000,2969172.500000,6309.640625,5799.073242,1177.983999,1080.992043,15.354993,16.732719,353280,353280,353280,0,0,0,1
global_cg,uniform6_41,non_compressible,0,0,40,41943040,41943036,3495253,55924048,0.750000,8669626368,1104,35328,10,44.000000,3222665.500000,2952178.500000,6294.182617,5765.887695,1174.495995,1076.911986,15.400594,16.796114,353280,353280,353280,0,0,0,1
global_cg,uniform6_41,generic_compressible,1,1,40,41943040,41943036,3495253,55924048,0.750000,8711569408,1104,35328,10,45.000000,3235283.500000,2969141.000000,6318.825195,5799.015625,1179.600000,1081.824005,15.333957,16.719851,353280,353280,353280,0,0,0,1
global_cg,uniform6_42,non_compressible,0,0,40,41943040,41943036,3495253,55924048,0.750000,8669626368,1104,35328,10,47.000000,3220617.500000,2955385.000000,6290.176758,5772.144531,1174.479961,1074.992001,15.400804,16.826112,353280,353280,353280,0,0,0,1
global_cg,uniform6_42,generic_compressible,1,1,40,41943040,41943036,3495253,55924048,0.750000,8711569408,1104,35328,10,46.000000,1387365.500000,1277263.500000,2709.608398,2494.565430,508.064002,468.032002,35.601688,38.646793,353280,353280,353280,0,0,0,1
global_cg,uniform6_43,non_compressible,0,0,40,41943040,41943036,3495253,55924048,0.750000,8669626368,1104,35328,10,46.000000,3222777.500000,2952927.500000,6294.397461,5767.346680,1174.367964,1075.344026,15.402273,16.820604,353280,353280,353280,0,0,0,1
global_cg,uniform6_43,generic_compressible,1,1,40,41943040,41943036,3495253,55924048,0.750000,8711569408,1104,35328,10,48.000000,3231867.500000,2968285.000000,6312.147461,5797.337891,1178.623974,1081.696033,15.346655,16.721829,353280,353280,353280,0,0,0,1
global_cg,uniform6_44,non_compressible,0,0,40,41943040,41943036,3495253,55924048,0.750000,8669626368,1104,35328,10,47.000000,3219049.500000,2956573.000000,6287.114258,5774.464844,1173.519969,1076.143980,15.413403,16.808100,353280,353280,353280,0,0,0,1
global_cg,uniform6_44,generic_compressible,1,1,40,41943040,41943036,3495253,55924048,0.750000,8711569408,1104,35328,10,46.000000,3231397.000000,2969802.500000,6311.232422,5800.305664,1177.712023,1082.175970,15.358539,16.714413,353280,353280,353280,0,0,0,1
global_cg,uniform6_45,non_compressible,0,0,40,41943040,41943036,3495253,55924048,0.750000,8669626368,1104,35328,10,46.000000,3219633.000000,2952014.000000,6288.255859,5765.562500,1173.536003,1075.695992,15.413192,16.815100,353280,353280,353280,0,0,0,1
global_cg,uniform6_45,generic_compressible,1,1,40,41943040,41943036,3495253,55924048,0.750000,8711569408,1104,35328,10,48.000000,3230647.500000,2967326.500000,6309.764648,5795.465820,1177.632034,1082.176030,15.359582,16.714412,353280,353280,353280,0,0,0,1
global_cg,uniform6_46,non_compressible,0,0,40,41943040,41943036,3495253,55924048,0.750000,8669626368,1104,35328,10,48.000000,3210434.000000,2945665.000000,6270.285156,5753.158203,1173.376024,1075.872004,15.415294,16.812349,353280,353280,353280,0,0,0,1
global_cg,uniform6_46,generic_compressible,1,1,40,41943040,41943036,3495253,55924048,0.750000,8711569408,1104,35328,10,45.000000,3225397.000000,2958537.000000,6299.515625,5778.304688,1177.744031,1081.520021,15.358122,16.724550,353280,353280,353280,0,0,0,1
global_cg,uniform6_47,non_compressible,0,0,40,41943040,41943036,3495253,55924048,0.750000,8669626368,1104,35328,10,46.000000,3180105.000000,2911634.500000,6211.052734,5686.696289,1173.648000,1075.967968,15.411721,16.810850,353280,353280,353280,0,0,0,1
global_cg,uniform6_47,generic_compressible,1,1,40,41943040,41943036,3495253,55924048,0.750000,8711569408,1104,35328,10,46.000000,3217037.000000,2953315.000000,6283.185547,5768.103516,1179.503977,1082.239985,15.335206,16.713424,353280,353280,353280,0,0,0,1
global_cg,uniform6_48,non_compressible,0,0,40,41943040,41943036,3495253,55924048,0.750000,8669626368,1104,35328,10,46.000000,3214592.000000,2947523.000000,6278.410156,5756.791016,1174.640000,1075.487971,15.398706,16.818353,353280,353280,353280,0,0,0,1
global_cg,uniform6_48,generic_compressible,1,1,40,41943040,41943036,3495253,55924048,0.750000,8711569408,1104,35328,10,46.000000,3220855.000000,2967402.500000,6290.642578,5795.618164,1179.664016,1083.455980,15.333125,16.694666,353280,353280,353280,0,0,0,1
global_cg,uniform6_49,non_compressible,0,0,40,41943040,41943036,3495253,55924048,0.750000,8669626368,1104,35328,10,46.000000,3221422.000000,2952958.000000,6291.750000,5767.406250,1173.599958,1075.775981,15.412352,16.813850,353280,353280,353280,0,0,0,1
global_cg,uniform6_49,generic_compressible,1,1,40,41943040,41943036,3495253,55924048,0.750000,8711569408,1104,35328,10,47.000000,3232157.000000,2968450.500000,6312.714844,5797.663086,1179.567993,1080.128014,15.334373,16.746104,353280,353280,353280,0,0,0,1
global_cg,uniform6_50,non_compressible,0,0,40,41943040,41943036,3495253,55924048,0.750000,8669626368,1104,35328,10,48.000000,3218956.500000,2950788.500000,6286.930664,5763.165039,1173.519969,1074.847996,15.413403,16.828366,353280,353280,353280,0,0,0,1
global_cg,uniform6_50,generic_compressible,1,1,40,41943040,41943036,3495253,55924048,0.750000,8711569408,1104,35328,10,46.000000,3232582.000000,2967964.500000,6313.546875,5796.715820,1177.712023,1082.031965,15.358539,16.716637,353280,353280,353280,0,0,0,1
global_cg,uniform6_51,non_compressible,0,0,40,41943040,41943036,3495253,55924048,0.750000,8669626368,1104,35328,10,46.000000,3220572.000000,2952039.500000,6290.089844,5765.612305,1174.080014,1075.407982,15.406051,16.819604,353280,353280,353280,0,0,0,1
global_cg,uniform6_51,generic_compressible,1,1,40,41943040,41943036,3495253,55924048,0.750000,8711569408,1104,35328,10,47.000000,3234831.500000,2968453.500000,6317.938477,5797.668945,1179.680049,1082.047999,15.332917,16.716390,353280,353280,353280,0,0,0,1
global_cg,uniform6_52,non_compressible,0,0,40,41943040,41943036,3495253,55924048,0.750000,8669626368,1104,35328,10,46.000000,3215038.000000,2946667.500000,6279.281250,5755.120117,1173.807979,1075.120032,15.409621,16.824108,353280,353280,353280,0,0,0,1
global_cg,uniform6_52,generic_compressible,1,1,40,41943040,41943036,3495253,55924048,0.750000,8711569408,1104,35328,10,44.000000,3222862.500000,2964703.000000,6294.567383,5790.349609,1179.648042,1081.855953,15.333333,16.719357,353280,353280,353280,0,0,0,1
global_cg,uniform6_53,non_compressible,0,0,40,41943040,41943036,3495253,55924048,0.750000,8669626368,1104,35328,10,47.000000,3219803.500000,2950765.500000,6288.586914,5763.122070,1173.567951,1076.016009,15.412773,16.810099,353280,353280,353280,0,0,0,1
global_cg,uniform6_53,generic_compressible,1,1,40,41943040,41943036,3495253,55924048,0.750000,8711569408,1104,35328,10,45.000000,3232134.000000,2967901.000000,6312.673828,5796.593750,1177.839994,1081.920028,15.356870,16.718367,353280,353280,353280,0,0,0,1
global_cg,uniform6_54,non_compressible,0,0,40,41943040,41943036,3495253,55924048,0.750000,8669626368,1104,35328,10,46.000000,3218380.000000,2950755.000000,6285.808594,5763.103516,1173.503995,1075.200021,15.413613,16.822857,353280,353280,353280,0,0,0,1
global_cg,uniform6_54,generic_compressible,1,1,40,41943040,41943036,3495253,55924048,0.750000,8711569408,1104,35328,10,44.000000,3230714.500000,2966862.500000,6309.903320,5794.567383,1179.600000,1082.287967,15.333957,16.712683,353280,353280,353280,0,0,0,1
global_cg,uniform6_55,non_compressible,0,0,40,41943040,41943036,3495253,55924048,0.750000,8669626368,1104,35328,10,46.000000,3221073.000000,2951906.500000,6291.068359,5765.352539,1173.663974,1075.856030,15.411512,16.812599,353280,353280,353280,0,0,0,1
global_cg,uniform6_55,generic_compressible,1,1,40,41943040,41943036,3495253,55924048,0.750000,8711569408,1104,35328,10,48.000000,3231952.500000,2968331.000000,6312.313477,5797.427734,1177.727997,1082.015991,15.358331,16.716884,353280,353280,353280,0,0,0,1
global_cg,uniform6_56,non_compressible,0,0,40,41943040,41943036,3495253,55924048,0.750000,8669626368,1104,35328,10,47.000000,3217458.000000,2947883.000000,6284.005859,5757.492188,1175.536036,1076.031983,15.386969,16.809850,353280,353280,353280,0,0,0,1
global_cg,uniform6_56,generic_compressible,1,1,40,41943040,41943036,3495253,55924048,0.750000,8711569408,1104,35328,10,47.000000,3214712.500000,2951769.500000,6278.643555,5765.083008,1177.712023,1081.951976,15.358539,16.717873,353280,353280,353280,0,0,0,1
global_cg,uniform6_57,non_compressible,0,0,40,41943040,41943036,3495253,55924048,0.750000,8669626368,1104,35328,10,47.000000,3221173.000000,2951995.500000,6291.261719,5765.524414,1173.487961,1075.904012,15.413823,16.811849,353280,353280,353280,0,0,0,1
global_cg,uniform6_57,generic_compressible,1,1,40,41943040,41943036,3495253,55924048,0.750000,8711569408,1104,35328,10,46.000000,3231293.000000,2968763.000000,6311.029297,5798.275391,1178.704023,1082.127988,15.345613,16.715154,353280,353280,353280,0,0,0,1
global_cg,uniform6_58,non_compressible,0,0,40,41943040,41943036,3495253,55924048,0.750000,8669626368,1104,35328,10,44.000000,3222917.000000,2951384.000000,6294.673828,5764.335938,1173.488021,1075.056016,15.413822,16.825110,353280,353280,353280,0,0,0,1
global_cg,uniform6_58,generic_compressible,1,1,40,41943040,41943036,3495253,55924048,0.750000,8711569408,1104,35328,10,46.000000,3232682.500000,2967819.000000,6313.743164,5796.431641,1177.743971,1081.568003,15.358122,16.723808,353280,353280,353280,0,0,0,1
global_cg,uniform6_59,non_compressible,0,0,40,41943040,41943036,3495253,55924048,0.750000,8669626368,1104,35328,10,46.000000,3219186.500000,2952894.000000,6287.383789,5767.281250,1173.583984,1075.919986,15.412562,16.811600,353280,353280,353280,0,0,0,1
global_cg,uniform6_59,generic_compressible,1,1,40,41943040,41943036,3495253,55924048,0.750000,8711569408,1104,35328,10,44.000000,3235228.000000,2968391.000000,6318.718750,5797.552734,1178.575993,1081.456006,15.347280,16.725540,353280,353280,353280,0,0,0,1
global_cg,uniform6_60,non_compressible,0,0,40,41943040,41943036,3495253,55924048,0.750000,8669626368,1104,35328,10,48.000000,3221358.500000,2951173.500000,6291.622070,5763.916992,1173.600018,1075.151980,15.412352,16.823609,353280,353280,353280,0,0,0,1
global_cg,uniform6_60,generic_compressible,1,1,40,41943040,41943036,3495253,55924048,0.750000,8711569408,1104,35328,10,46.000000,3234006.000000,2968874.500000,6316.328125,5798.493164,1177.967966,1083.104014,15.355202,16.700091,353280,353280,353280,0,0,0,1
global_cg,uniform6_61,non_compressible,0,0,40,41943040,41943036,3495253,55924048,0.750000,8669626368,1104,35328,10,46.000000,3221851.000000,2952702.500000,6292.587891,5766.907227,1174.543977,1075.872004,15.399965,16.812349,353280,353280,353280,0,0,0,1
global_cg,uniform6_61,generic_compressible,1,1,40,41943040,41943036,3495253,55924048,0.750000,8711569408,1104,35328,10,45.000000,3234940.500000,2966835.500000,6318.155273,5794.512695,1177.824020,1080.287993,15.357079,16.743624,353280,353280,353280,0,0,0,1
global_cg,uniform6_62,non_compressible,0,0,40,41943040,41943036,3495253,55924048,0.750000,8669626368,1104,35328,10,46.000000,3220992.500000,2952401.000000,6290.911133,5766.318359,1175.535977,1076.016009,15.386969,16.810099,353280,353280,353280,0,0,0,1
global_cg,uniform6_62,generic_compressible,1,1,40,41943040,41943036,3495253,55924048,0.750000,8711569408,1104,35328,10,46.000000,3232981.500000,2967880.500000,6314.327148,5796.551758,1179.679990,1081.919968,15.332918,16.718368,353280,353280,353280,0,0,0,1
global_cg,uniform6_63,non_compressible,0,0,40,41943040,41943036,3495253,55924048,0.750000,8669626368,1104,35328,10,47.000000,3222319.500000,2951881.000000,6293.500977,5765.300781,1173.712015,1075.039983,15.410881,16.825361,353280,353280,353280,0,0,0,1
global_cg,uniform6_63,generic_compressible,1,1,40,41943040,41943036,3495253,55924048,0.750000,8711569408,1104,35328,10,45.000000,1275925.500000,1276271.500000,2491.954102,2492.629883,469.087988,468.031988,38.559794,38.646794,353280,353280,353280,0,0,0,1
global_cg,uniform6_0,non_compressible,0,0,64,67108864,67108860,5592405,89478480,0.750000,8669626368,1104,35328,10,48.000000,7565129.500000,7531795.000000,14775.549805,14710.443359,2736.191988,2722.591996,6.610624,6.643645,353280,353280,353280,0,0,0,1
global_cg,uniform6_0,generic_compressible,1,1,64,67108864,67108860,5592405,89478480,0.750000,8736735232,1104,35328,10,47.000000,1276090.500000,1276624.500000,2492.272461,2493.315430,469.056010,469.632000,38.562422,38.515127,353280,353280,353280,0,0,0,1
global_cg,uniform6_1,non_compressible,0,0,64,67108864,67108860,5592405,89478480,0.750000,8669626368,1104,35328,10,36.000000,6226576.500000,6207046.000000,12161.211914,12123.066406,2253.167987,2243.216038,8.027780,8.063395,353280,353280,353280,0,0,0,1
global_cg,uniform6_1,generic_compressible,1,1,64,67108864,67108860,5592405,89478480,0.750000,8736735232,1104,35328,10,36.000000,6229104.500000,6204664.500000,12166.149414,12118.415039,2253.343940,2241.376042,8.027153,8.070014,353280,353280,353280,0,0,0,1
global_cg,uniform6_2,non_compressible,0,0,64,67108864,67108860,5592405,89478480,0.750000,8669626368,1104,35328,10,36.000000,6376810.500000,6347584.000000,12454.637695,12397.554688,2495.903969,2483.584046,7.247048,7.282997,353280,353280,353280,0,0,0,1
global_cg,uniform6_2,generic_compressible,1,1,64,67108864,67108860,5592405,89478480,0.750000,8736735232,1104,35328,10,36.000000,6387483.000000,6350173.500000,12475.482422,12402.612305,2493.264079,2481.455922,7.254721,7.289243,353280,353280,353280,0,0,0,1
global_cg,uniform6_3,non_compressible,0,0,64,67108864,67108860,5592405,89478480,0.750000,8669626368,1104,35328,10,36.000000,6235417.500000,6211619.000000,12178.479492,12131.998047,2253.968000,2243.279934,8.024930,8.063165,353280,353280,353280,0,0,0,1
global_cg,uniform6_3,generic_compressible,1,1,64,67108864,67108860,5592405,89478480,0.750000,8736735232,1104,35328,10,36.000000,6229103.500000,6204371.500000,12166.147461,12117.842773,2253.327966,2241.775990,8.027210,8.068574,353280,353280,353280,0,0,0,1
global_cg,uniform6_4,non_compressible,0,0,64,67108864,67108860,5592405,89478480,0.750000,8669626368,1104,35328,10,36.000000,6229265.000000,6208711.000000,12166.462891,12126.318359,2253.344059,2243.295908,8.027152,8.063107,353280,353280,353280,0,0,0,1
global_cg,uniform6_4,generic_compressible,1,1,64,67108864,67108860,5592405,89478480,0.750000,8736735232,1104,35328,10,36.000000,6229386.500000,6206696.000000,12166.700195,12122.382812,2253.503919,2242.239952,8.026583,8.066905,353280,353280,353280,0,0,0,1
global_cg,uniform6_5,non_compressible,0,0,64,67108864,67108860,5592405,89478480,0.750000,8669626368,1104,35328,10,36.000000,6229566.000000,6205940.000000,12167.050781,12120.906250,2253.488064,2241.407990,8.026639,8.069899,353280,353280,353280,0,0,0,1
global_cg,uniform6_5,generic_compressible,1,1,64,67108864,67108860,5592405,89478480,0.750000,8736735232,1104,35328,10,36.000000,6228352.000000,6206658.000000,12164.679688,12122.308594,2253.376007,2242.511988,8.027039,8.065926,353280,353280,353280,0,0,0,1
global_cg,uniform6_6,non_compressible,0,0,64,67108864,67108860,5592405,89478480,0.750000,8669626368,1104,35328,10,36.000000,6230371.500000,6207104.500000,12168.624023,12123.180664,2254.031897,2242.480040,8.024703,8.066041,353280,353280,353280,0,0,0,1
global_cg,uniform6_6,generic_compressible,1,1,64,67108864,67108860,5592405,89478480,0.750000,8736735232,1104,35328,10,36.000000,6228218.500000,6204398.000000,12164.418945,12117.894531,2252.496004,2241.407990,8.030175,8.069899,353280,353280,353280,0,0,0,1
global_cg,uniform6_7,non_compressible,0,0,64,67108864,67108860,5592405,89478480,0.750000,8669626368,1104,35328,10,36.000000,6229422.000000,6207057.500000,12166.769531,12123.088867,2253.439903,2243.328094,8.026811,8.062992,353280,353280,353280,0,0,0,1
global_cg,uniform6_7,generic_compressible,1,1,64,67108864,67108860,5592405,89478480,0.750000,8736735232,1104,35328,10,36.000000,6227939.000000,6206317.500000,12163.873047,12121.643555,2252.367973,2243.167996,8.030631,8.063567,353280,353280,353280,0,0,0,1
global_cg,uniform6_8,non_compressible,0,0,64,67108864,67108860,5592405,89478480,0.750000,8669626368,1104,35328,10,36.000000,6227102.000000,6207369.500000,12162.238281,12123.698242,2253.232002,2242.496014,8.027552,8.065984,353280,353280,353280,0,0,0,1
global_cg,uniform6_8,generic_compressible,1,1,64,67108864,67108860,5592405,89478480,0.750000,8736735232,1104,35328,10,36.000000,6227485.000000,6206713.000000,12162.986328,12122.416016,2252.864003,2243.215919,8.028863,8.063395,353280,353280,353280,0,0,0,1
global_cg,uniform6_9,non_compressible,0,0,64,67108864,67108860,5592405,89478480,0.750000,8669626368,1104,35328,10,36.000000,7571585.000000,7540948.500000,14788.181641,14728.344727,2735.919952,2723.248005,6.611281,6.642045,353280,353280,353280,0,0,0,1
global_cg,uniform6_9,generic_compressible,1,1,64,67108864,67108860,5592405,89478480,0.750000,8736735232,1104,35328,10,36.000000,7572709.000000,7539495.000000,14790.376953,14725.505859,2734.768033,2721.520066,6.614066,6.646262,353280,353280,353280,0,0,0,1
global_cg,uniform6_10,non_compressible,0,0,64,67108864,67108860,5592405,89478480,0.750000,8669626368,1104,35328,10,36.000000,6236183.500000,6211017.500000,12179.975586,12130.823242,2255.056024,2242.320061,8.021058,8.066616,353280,353280,353280,0,0,0,1
global_cg,uniform6_10,generic_compressible,1,1,64,67108864,67108860,5592405,89478480,0.750000,8736735232,1104,35328,10,36.000000,6227719.000000,6204429.000000,12163.443359,12117.955078,2252.448082,2242.256045,8.030345,8.066847,353280,353280,353280,0,0,0,1
global_cg,uniform6_11,non_compressible,0,0,64,67108864,67108860,5592405,89478480,0.750000,8669626368,1104,35328,10,36.000000,6228494.500000,6205822.500000,12164.958008,12120.676758,2253.184080,2242.976069,8.027722,8.064257,353280,353280,353280,0,0,0,1
global_cg,uniform6_11,generic_compressible,1,1,64,67108864,67108860,5592405,89478480,0.750000,8736735232,1104,35328,10,36.000000,6225386.000000,6205715.000000,12158.886719,12120.466797,2253.119946,2243.103981,8.027951,8.063797,353280,353280,353280,0,0,0,1
global_cg,uniform6_12,non_compressible,0,0,64,67108864,67108860,5592405,89478480,0.750000,8669626368,1104,35328,10,36.000000,6234851.000000,6211315.000000,12177.373047,12131.404297,2253.280044,2243.023992,8.027380,8.064085,353280,353280,353280,0,0,0,1
global_cg,uniform6_12,generic_compressible,1,1,64,67108864,67108860,5592405,89478480,0.750000,8736735232,1104,35328,10,36.000000,6229690.500000,6203859.000000,12167.293945,12116.841797,2253.584027,2241.232038,8.026298,8.070533,353280,353280,353280,0,0,0,1
global_cg,uniform6_13,non_compressible,0,0,64,67108864,67108860,5592405,89478480,0.750000,8669626368,1104,35328,10,36.000000,6226733.500000,6205402.500000,12161.518555,12119.856445,2253.391981,2243.232012,8.026982,8.063337,353280,353280,353280,0,0,0,1
global_cg,uniform6_13,generic_compressible,1,1,64,67108864,67108860,5592405,89478480,0.750000,8736735232,1104,35328,10,36.000000,6226655.000000,6205973.500000,12161.365234,12120.971680,2253.167987,2243.103981,8.027780,8.063797,353280,353280,353280,0,0,0,1
global_cg,uniform6_14,non_compressible,0,0,64,67108864,67108860,5592405,89478480,0.750000,8669626368,1104,35328,10,36.000000,6637467.000000,6613710.000000,12963.732422,12917.332031,2733.343959,2721.615911,6.617512,6.646028,353280,353280,353280,0,0,0,1
global_cg,uniform6_14,generic_compressible,1,1,64,67108864,67108860,5592405,89478480,0.750000,8736735232,1104,35328,10,36.000000,6647906.000000,6606652.000000,12984.121094,12903.546875,2733.664036,2720.448017,6.616737,6.648881,353280,353280,353280,0,0,0,1
global_cg,uniform6_15,non_compressible,0,0,64,67108864,67108860,5592405,89478480,0.750000,8669626368,1104,35328,10,36.000000,6228529.500000,6205443.000000,12165.026367,12119.935547,2253.344059,2241.583943,8.027152,8.069266,353280,353280,353280,0,0,0,1
global_cg,uniform6_15,generic_compressible,1,1,64,67108864,67108860,5592405,89478480,0.750000,8736735232,1104,35328,10,36.000000,6229289.500000,6204944.000000,12166.510742,12118.960938,2253.424048,2242.928028,8.026867,8.064430,353280,353280,353280,0,0,0,1
global_cg,uniform6_16,non_compressible,0,0,64,67108864,67108860,5592405,89478480,0.750000,8669626368,1104,35328,10,36.000000,6230049.000000,6208484.500000,12167.994141,12125.875977,2254.528046,2243.344069,8.022937,8.062934,353280,353280,353280,0,0,0,1
global_cg,uniform6_16,generic_compressible,1,1,64,67108864,67108860,5592405,89478480,0.750000,8736735232,1104,35328,10,36.000000,6227557.500000,6203767.000000,12163.127930,12116.662109,2252.688050,2241.424084,8.029490,8.069841,353280,353280,353280,0,0,0,1
global_cg,uniform6_17,non_compressible,0,0,64,67108864,67108860,5592405,89478480,0.750000,8669626368,1104,35328,10,36.000000,7563041.500000,7530578.500000,14771.495117,14708.090820,2735.967994,2721.423984,6.611165,6.646497,353280,353280,353280,0,0,0,1
global_cg,uniform6_17,generic_compressible,1,1,64,67108864,67108860,5592405,89478480,0.750000,8736735232,1104,35328,10,36.000000,7563242.000000,7541831.500000,14771.886719,14730.069336,2734.960079,2721.567988,6.613601,6.646145,353280,353280,353280,0,0,0,1
global_cg,uniform6_18,non_compressible,0,0,64,67108864,67108860,5592405,89478480,0.750000,8669626368,1104,35328,10,36.000000,6228174.500000,6207078.500000,12164.333008,12123.129883,2253.392100,2243.263960,8.026981,8.063222,353280,353280,353280,0,0,0,1
global_cg,uniform6_18,generic_compressible,1,1,64,67108864,67108860,5592405,89478480,0.750000,8736735232,1104,35328,10,36.000000,6229624.500000,6204685.000000,12167.165039,12118.455078,2253.376007,2242.239952,8.027039,8.066905,353280,353280,353280,0,0,0,1
global_cg,uniform6_19,non_compressible,0,0,64,67108864,67108860,5592405,89478480,0.750000,8669626368,1104,35328,10,36.000000,6228746.500000,6205187.500000,12165.450195,12119.436523,2253.360033,2242.912054,8.027095,8.064487,353280,353280,353280,0,0,0,1
global_cg,uniform6_19,generic_compressible,1,1,64,67108864,67108860,5592405,89478480,0.750000,8736735232,1104,35328,10,36.000000,6228755.500000,6205685.000000,12165.467773,12120.408203,2252.895951,2243.120074,8.028749,8.063740,353280,353280,353280,0,0,0,1
global_cg,uniform6_20,non_compressible,0,0,64,67108864,67108860,5592405,89478480,0.750000,8669626368,1104,35328,10,36.000000,7564726.000000,7532735.000000,14774.785156,14712.302734,2736.783981,2722.432017,6.609194,6.644036,353280,353280,353280,0,0,0,1
global_cg,uniform6_20,generic_compressible,1,1,64,67108864,67108860,5592405,89478480,0.750000,8736735232,1104,35328,10,36.000000,7569889.000000,7537778.500000,14784.869141,14722.153320,2735.407948,2721.583962,6.612519,6.646106,353280,353280,353280,0,0,0,1
global_cg,uniform6_21,non_compressible,0,0,64,67108864,67108860,5592405,89478480,0.750000,8669626368,1104,35328,10,36.000000,6234624.000000,6211921.500000,12176.929688,12132.588867,2253.728032,2242.304087,8.025785,8.066674,353280,353280,353280,0,0,0,1
global_cg,uniform6_21,generic_compressible,1,1,64,67108864,67108860,5592405,89478480,0.750000,8736735232,1104,35328,10,36.000000,1420368.000000,1276451.500000,2774.085938,2492.999023,521.952003,469.791993,34.654405,38.502010,353280,353280,353280,0,0,0,1
global_cg,uniform6_22,non_compressible,0,0,64,67108864,67108860,5592405,89478480,0.750000,8669626368,1104,35328,10,36.000000,7567057.000000,7539453.500000,14779.337891,14725.424805,2735.840082,2721.871972,6.611474,6.645403,353280,353280,353280,0,0,0,1
global_cg,uniform6_22,generic_compressible,1,1,64,67108864,67108860,5592405,89478480,0.750000,8736735232,1104,35328,10,36.000000,7566838.500000,7536450.000000,14778.911133,14719.558594,2735.087991,2721.520066,6.613292,6.646262,353280,353280,353280,0,0,0,1
global_cg,uniform6_23,non_compressible,0,0,64,67108864,67108860,5592405,89478480,0.750000,8669626368,1104,35328,10,36.000000,6226348.500000,6203762.500000,12160.766602,12116.653320,2253.360033,2241.440058,8.027095,8.069784,353280,353280,353280,0,0,0,1
global_cg,uniform6_23,generic_compressible,1,1,64,67108864,67108860,5592405,89478480,0.750000,8736735232,1104,35328,10,36.000000,6234404.500000,6210104.000000,12176.500977,12129.039062,2253.744006,2242.527962,8.025728,8.065869,353280,353280,353280,0,0,0,1
global_cg,uniform6_24,non_compressible,0,0,64,67108864,67108860,5592405,89478480,0.750000,8669626368,1104,35328,10,36.000000,6227101.000000,6204675.500000,12162.236328,12118.436523,2253.600001,2242.976069,8.026241,8.064257,353280,353280,353280,0,0,0,1
global_cg,uniform6_24,generic_compressible,1,1,64,67108864,67108860,5592405,89478480,0.750000,8736735232,1104,35328,10,36.000000,6225756.500000,6206948.000000,12159.610352,12122.875000,2253.360033,2243.167996,8.027095,8.063567,353280,353280,353280,0,0,0,1
global_cg,uniform6_25,non_compressible,0,0,64,67108864,67108860,5592405,89478480,0.750000,8669626368,1104,35328,10,36.000000,6226836.000000,6205957.500000,12161.718750,12120.940430,2253.232002,2242.287993,8.027552,8.066732,353280,353280,353280,0,0,0,1
global_cg,uniform6_25,generic_compressible,1,1,64,67108864,67108860,5592405,89478480,0.750000,8736735232,1104,35328,10,36.000000,6224481.000000,6205000.000000,12157.119141,12119.070312,2252.640009,2242.303967,8.029661,8.066674,353280,353280,353280,0,0,0,1
global_cg,uniform6_26,non_compressible,0,0,64,67108864,67108860,5592405,89478480,0.750000,8669626368,1104,35328,10,36.000000,6228911.500000,6206792.000000,12165.772461,12122.570312,2253.535986,2243.248105,8.026469,8.063279,353280,353280,353280,0,0,0,1
global_cg,uniform6_26,generic_compressible,1,1,64,67108864,67108860,5592405,89478480,0.750000,8736735232,1104,35328,10,36.000000,6230166.500000,6204325.500000,12168.223633,12117.752930,2253.664017,2241.520047,8.026013,8.069496,353280,353280,353280,0,0,0,1
global_cg,uniform6_27,non_compressible,0,0,64,67108864,67108860,5592405,89478480,0.750000,8669626368,1104,35328,10,36.000000,6226216.000000,6208234.500000,12160.507812,12125.387695,2252.976060,2243.184090,8.028463,8.063509,353280,353280,353280,0,0,0,1
global_cg,uniform6_27,generic_compressible,1,1,64,67108864,67108860,5592405,89478480,0.750000,8736735232,1104,35328,10,36.000000,6229026.000000,6205578.500000,12165.996094,12120.200195,2253.408074,2242.352009,8.026924,8.066502,353280,353280,353280,0,0,0,1
global_cg,uniform6_28,non_compressible,0,0,64,67108864,67108860,5592405,89478480,0.750000,8669626368,1104,35328,10,36.000000,6231991.000000,6206808.500000,12171.787109,12122.602539,2254.223943,2242.527962,8.024019,8.065869,353280,353280,353280,0,0,0,1
global_cg,uniform6_28,generic_compressible,1,1,64,67108864,67108860,5592405,89478480,0.750000,8736735232,1104,35328,10,36.000000,6226367.000000,6206861.500000,12160.802734,12122.706055,2253.023982,2243.071914,8.028293,8.063913,353280,353280,353280,0,0,0,1
global_cg,uniform6_29,non_compressible,0,0,64,67108864,67108860,5592405,89478480,0.750000,8669626368,1104,35328,10,36.000000,6229656.000000,6206461.500000,12167.226562,12121.924805,2253.520012,2242.992043,8.026526,8.064200,353280,353280,353280,0,0,0,1
global_cg,uniform6_29,generic_compressible,1,1,64,67108864,67108860,5592405,89478480,0.750000,8736735232,1104,35328,10,36.000000,6226523.000000,6205308.000000,12161.107422,12119.671875,2251.584053,2241.407990,8.033427,8.069899,353280,353280,353280,0,0,0,1
global_cg,uniform6_30,non_compressible,0,0,64,67108864,67108860,5592405,89478480,0.750000,8669626368,1104,35328,10,36.000000,6230713.000000,6206429.500000,12169.291016,12121.862305,2253.568053,2241.584063,8.026354,8.069265,353280,353280,353280,0,0,0,1
global_cg,uniform6_30,generic_compressible,1,1,64,67108864,67108860,5592405,89478480,0.750000,8736735232,1104,35328,10,36.000000,6226320.000000,6205543.500000,12160.710938,12120.131836,2253.008008,2241.359949,8.028350,8.070072,353280,353280,353280,0,0,0,1
global_cg,uniform6_31,non_compressible,0,0,64,67108864,67108860,5592405,89478480,0.750000,8669626368,1104,35328,10,36.000000,7562842.000000,7533892.000000,14771.105469,14714.562500,2735.008001,2723.248005,6.613486,6.642045,353280,353280,353280,0,0,0,1
global_cg,uniform6_31,generic_compressible,1,1,64,67108864,67108860,5592405,89478480,0.750000,8736735232,1104,35328,10,36.000000,7536861.500000,7505909.000000,14720.362305,14659.908203,2734.752059,2721.487999,6.614105,6.646341,353280,353280,353280,0,0,0,1
global_cg,uniform6_32,non_compressible,0,0,64,67108864,67108860,5592405,89478480,0.750000,8669626368,1104,35328,10,36.000000,7571982.500000,7541116.000000,14788.958008,14728.671875,2736.191988,2722.560048,6.610624,6.643723,353280,353280,353280,0,0,0,1
global_cg,uniform6_32,generic_compressible,1,1,64,67108864,67108860,5592405,89478480,0.750000,8736735232,1104,35328,10,36.000000,7570479.000000,7538088.000000,14786.021484,14722.757812,2734.704018,2721.552014,6.614221,6.646184,353280,353280,353280,0,0,0,1
global_cg,uniform6_33,non_compressible,0,0,64,67108864,67108860,5592405,89478480,0.750000,8669626368,1104,35328,10,36.000000,6230630.000000,6210071.000000,12169.128906,12128.974609,2252.543926,2243.263960,8.030004,8.063222,353280,353280,353280,0,0,0,1
global_cg,uniform6_33,generic_compressible,1,1,64,67108864,67108860,5592405,89478480,0.750000,8736735232,1104,35328,10,36.000000,6232616.500000,6210410.500000,12173.008789,12129.637695,2253.232002,2243.008018,8.027552,8.064142,353280,353280,353280,0,0,0,1
global_cg,uniform6_34,non_compressible,0,0,64,67108864,67108860,5592405,89478480,0.750000,8669626368,1104,35328,10,36.000000,6230622.000000,6212085.500000,12169.113281,12132.909180,2253.440022,2243.424058,8.026810,8.062647,353280,353280,353280,0,0,0,1
global_cg,uniform6_34,generic_compressible,1,1,64,67108864,67108860,5592405,89478480,0.750000,8736735232,1104,35328,10,36.000000,6228892.500000,6205734.500000,12165.735352,12120.504883,2252.416015,2242.319942,8.030460,8.066617,353280,353280,353280,0,0,0,1
global_cg,uniform6_35,non_compressible,0,0,64,67108864,67108860,5592405,89478480,0.750000,8669626368,1104,35328,10,36.000000,6230289.500000,6208261.500000,12168.463867,12125.440430,2253.263950,2243.263960,8.027438,8.063222,353280,353280,353280,0,0,0,1
global_cg,uniform6_35,generic_compressible,1,1,64,67108864,67108860,5592405,89478480,0.750000,8736735232,1104,35328,10,36.000000,6229117.000000,6205152.000000,12166.173828,12119.367188,2253.183961,2242.319942,8.027723,8.066617,353280,353280,353280,0,0,0,1
global_cg,uniform6_36,non_compressible,0,0,64,67108864,67108860,5592405,89478480,0.750000,8669626368,1104,35328,10,36.000000,7561535.500000,7530573.000000,14768.553711,14708.080078,2736.464024,2721.584082,6.609967,6.646106,353280,353280,353280,0,0,0,1
global_cg,uniform6_36,generic_compressible,1,1,64,67108864,67108860,5592405,89478480,0.750000,8736735232,1104,35328,10,36.000000,7570566.500000,7534447.500000,14786.192383,14715.647461,2736.063957,2721.600056,6.610933,6.646067,353280,353280,353280,0,0,0,1
global_cg,uniform6_37,non_compressible,0,0,64,67108864,67108860,5592405,89478480,0.750000,8669626368,1104,35328,10,36.000000,7571965.000000,7539846.500000,14788.923828,14726.192383,2735.840082,2721.519947,6.611474,6.646263,353280,353280,353280,0,0,0,1
global_cg,uniform6_37,generic_compressible,1,1,64,67108864,67108860,5592405,89478480,0.750000,8736735232,1104,35328,10,36.000000,7570029.000000,7536434.000000,14785.142578,14719.527344,2736.624002,2721.503973,6.609580,6.646302,353280,353280,353280,0,0,0,1
global_cg,uniform6_38,non_compressible,0,0,64,67108864,67108860,5592405,89478480,0.750000,8669626368,1104,35328,10,36.000000,6237950.000000,6216432.000000,12183.425781,12141.398438,2254.672050,2243.263960,8.022424,8.063222,353280,353280,353280,0,0,0,1
global_cg,uniform6_38,generic_compressible,1,1,64,67108864,67108860,5592405,89478480,0.750000,8736735232,1104,35328,10,36.000000,6236170.000000,6212663.000000,12179.949219,12134.037109,2254.799962,2243.216038,8.021969,8.063395,353280,353280,353280,0,0,0,1
global_cg,uniform6_39,non_compressible,0,0,64,67108864,67108860,5592405,89478480,0.750000,8669626368,1104,35328,10,36.000000,6228921.000000,6209217.500000,12165.791016,12127.307617,2252.992034,2243.263960,8.028407,8.063222,353280,353280,353280,0,0,0,1
global_cg,uniform6_39,generic_compressible,1,1,64,67108864,67108860,5592405,89478480,0.750000,8736735232,1104,35328,10,36.000000,6229004.000000,6206061.500000,12165.953125,12121.143555,2253.600001,2241.584063,8.026241,8.069265,353280,353280,353280,0,0,0,1
global_cg,uniform6_40,non_compressible,0,0,64,67108864,67108860,5592405,89478480,0.750000,8669626368,1104,35328,10,36.000000,6229471.500000,6205447.500000,12166.866211,12119.944336,2253.344059,2242.416024,8.027152,8.066271,353280,353280,353280,0,0,0,1
global_cg,uniform6_40,generic_compressible,1,1,64,67108864,67108860,5592405,89478480,0.750000,8736735232,1104,35328,10,36.000000,6227102.000000,6208433.500000,12162.238281,12125.776367,2251.647949,2243.279934,8.033199,8.063165,353280,353280,353280,0,0,0,1
global_cg,uniform6_41,non_compressible,0,0,64,67108864,67108860,5592405,89478480,0.750000,8669626368,1104,35328,10,36.000000,7562329.000000,7534086.500000,14770.103516,14714.942383,2734.751940,2723.520041,6.614105,6.641382,353280,353280,353280,0,0,0,1
global_cg,uniform6_41,generic_compressible,1,1,64,67108864,67108860,5592405,89478480,0.750000,8736735232,1104,35328,10,36.000000,7538719.000000,7530314.000000,14723.990234,14707.574219,2734.272003,2721.536040,6.615266,6.646223,353280,353280,353280,0,0,0,1
global_cg,uniform6_42,non_compressible,0,0,64,67108864,67108860,5592405,89478480,0.750000,8669626368,1104,35328,10,36.000000,6228339.000000,6206943.500000,12164.654297,12122.866211,2254.080057,2243.376017,8.024531,8.062820,353280,353280,353280,0,0,0,1
global_cg,uniform6_42,generic_compressible,1,1,64,67108864,67108860,5592405,89478480,0.750000,8736735232,1104,35328,10,36.000000,1421196.000000,1276994.500000,2775.703125,2494.059570,522.015989,470.671996,34.650157,38.430024,353280,353280,353280,0,0,0,1
global_cg,uniform6_43,non_compressible,0,0,64,67108864,67108860,5592405,89478480,0.750000,8669626368,1104,35328,10,36.000000,6381936.000000,6355994.500000,12464.648438,12413.981445,2494.992018,2482.303977,7.249697,7.286753,353280,353280,353280,0,0,0,1
global_cg,uniform6_43,generic_compressible,1,1,64,67108864,67108860,5592405,89478480,0.750000,8736735232,1104,35328,10,36.000000,6379961.500000,6357714.000000,12460.791992,12417.339844,2495.168090,2481.487989,7.249185,7.289149,353280,353280,353280,0,0,0,1
global_cg,uniform6_44,non_compressible,0,0,64,67108864,67108860,5592405,89478480,0.750000,8669626368,1104,35328,10,36.000000,6227876.000000,6204319.500000,12163.750000,12117.741211,2253.600001,2242.335916,8.026241,8.066559,353280,353280,353280,0,0,0,1
global_cg,uniform6_44,generic_compressible,1,1,64,67108864,67108860,5592405,89478480,0.750000,8736735232,1104,35328,10,36.000000,6222776.500000,6204955.500000,12153.790039,12118.983398,2251.775980,2241.631985,8.032742,8.069093,353280,353280,353280,0,0,0,1
global_cg,uniform6_45,non_compressible,0,0,64,67108864,67108860,5592405,89478480,0.750000,8669626368,1104,35328,10,36.000000,6227105.000000,6208616.500000,12162.244141,12126.133789,2253.423929,2243.312001,8.026868,8.063050,353280,353280,353280,0,0,0,1
global_cg,uniform6_45,generic_compressible,1,1,64,67108864,67108860,5592405,89478480,0.750000,8736735232,1104,35328,10,36.000000,6225250.000000,6208244.000000,12158.621094,12125.406250,2253.056049,2241.456032,8.028178,8.069726,353280,353280,353280,0,0,0,1
global_cg,uniform6_46,non_compressible,0,0,64,67108864,67108860,5592405,89478480,0.750000,8669626368,1104,35328,10,36.000000,6642863.000000,6609691.500000,12974.271484,12909.483398,2735.183954,2721.392035,6.613060,6.646575,353280,353280,353280,0,0,0,1
global_cg,uniform6_46,generic_compressible,1,1,64,67108864,67108860,5592405,89478480,0.750000,8736735232,1104,35328,10,36.000000,6642539.500000,6613685.500000,12973.639648,12917.284180,2734.336019,2720.559955,6.615111,6.648608,353280,353280,353280,0,0,0,1
global_cg,uniform6_47,non_compressible,0,0,64,67108864,67108860,5592405,89478480,0.750000,8669626368,1104,35328,10,36.000000,6229243.000000,6208575.000000,12166.419922,12126.052734,2253.551960,2243.312001,8.026412,8.063050,353280,353280,353280,0,0,0,1
global_cg,uniform6_47,generic_compressible,1,1,64,67108864,67108860,5592405,89478480,0.750000,8736735232,1104,35328,10,36.000000,6225702.000000,6207239.000000,12159.503906,12123.443359,2251.712084,2243.216038,8.032970,8.063395,353280,353280,353280,0,0,0,1
global_cg,uniform6_48,non_compressible,0,0,64,67108864,67108860,5592405,89478480,0.750000,8669626368,1104,35328,10,36.000000,6636066.000000,6587178.500000,12960.996094,12865.512695,2734.751940,2721.487999,6.614105,6.646341,353280,353280,353280,0,0,0,1
global_cg,uniform6_48,generic_compressible,1,1,64,67108864,67108860,5592405,89478480,0.750000,8736735232,1104,35328,10,36.000000,6626230.500000,6592827.000000,12941.786133,12876.544922,2734.256029,2721.456051,6.615304,6.646419,353280,353280,353280,0,0,0,1
global_cg,uniform6_49,non_compressible,0,0,64,67108864,67108860,5592405,89478480,0.750000,8669626368,1104,35328,10,36.000000,6228385.000000,6204956.500000,12164.744141,12118.985352,2253.455997,2242.464066,8.026754,8.066098,353280,353280,353280,0,0,0,1
global_cg,uniform6_49,generic_compressible,1,1,64,67108864,67108860,5592405,89478480,0.750000,8736735232,1104,35328,10,36.000000,6225404.000000,6205399.500000,12158.921875,12119.850586,2253.408074,2243.023992,8.026924,8.064085,353280,353280,353280,0,0,0,1
global_cg,uniform6_50,non_compressible,0,0,64,67108864,67108860,5592405,89478480,0.750000,8669626368,1104,35328,10,36.000000,6229387.500000,6208470.000000,12166.702148,12125.847656,2252.879977,2243.376017,8.028806,8.062820,353280,353280,353280,0,0,0,1
global_cg,uniform6_50,generic_compressible,1,1,64,67108864,67108860,5592405,89478480,0.750000,8736735232,1104,35328,10,36.000000,6225417.000000,6206522.500000,12158.947266,12122.043945,2253.152013,2242.272019,8.027837,8.066789,353280,353280,353280,0,0,0,1
global_cg,uniform6_51,non_compressible,0,0,64,67108864,67108860,5592405,89478480,0.750000,8669626368,1104,35328,10,36.000000,6229539.000000,6206254.000000,12166.998047,12121.519531,2253.632069,2243.199944,8.026126,8.063452,353280,353280,353280,0,0,0,1
global_cg,uniform6_51,generic_compressible,1,1,64,67108864,67108860,5592405,89478480,0.750000,8736735232,1104,35328,10,36.000000,6225639.500000,6204148.500000,12159.381836,12117.407227,2251.664042,2242.272019,8.033142,8.066789,353280,353280,353280,0,0,0,1
global_cg,uniform6_52,non_compressible,0,0,64,67108864,67108860,5592405,89478480,0.750000,8669626368,1104,35328,10,36.000000,6232723.500000,6210926.500000,12173.217773,12130.645508,2253.663898,2243.295908,8.026013,8.063107,353280,353280,353280,0,0,0,1
global_cg,uniform6_52,generic_compressible,1,1,64,67108864,67108860,5592405,89478480,0.750000,8736735232,1104,35328,10,36.000000,6228517.000000,6203916.000000,12165.001953,12116.953125,2253.087997,2242.399931,8.028065,8.066329,353280,353280,353280,0,0,0,1
global_cg,uniform6_53,non_compressible,0,0,64,67108864,67108860,5592405,89478480,0.750000,8669626368,1104,35328,10,36.000000,6388047.000000,6356361.500000,12476.583984,12414.698242,2496.240020,2483.456016,7.246072,7.283373,353280,353280,353280,0,0,0,1
global_cg,uniform6_53,generic_compressible,1,1,64,67108864,67108860,5592405,89478480,0.750000,8736735232,1104,35328,10,36.000000,6625891.000000,6586756.500000,12941.123047,12864.688477,2734.655976,2719.359994,6.614337,6.651542,353280,353280,353280,0,0,0,1
global_cg,uniform6_54,non_compressible,0,0,64,67108864,67108860,5592405,89478480,0.750000,8669626368,1104,35328,10,36.000000,6228192.500000,6205866.000000,12164.368164,12120.761719,2253.903985,2243.136048,8.025158,8.063682,353280,353280,353280,0,0,0,1
global_cg,uniform6_54,generic_compressible,1,1,64,67108864,67108860,5592405,89478480,0.750000,8736735232,1104,35328,10,36.000000,6223027.500000,6204473.000000,12154.280273,12118.041016,2252.383947,2241.360068,8.030574,8.070071,353280,353280,353280,0,0,0,1
global_cg,uniform6_55,non_compressible,0,0,64,67108864,67108860,5592405,89478480,0.750000,8669626368,1104,35328,10,36.000000,6228093.000000,6205222.500000,12164.173828,12119.504883,2253.424048,2242.944002,8.026867,8.064373,353280,353280,353280,0,0,0,1
global_cg,uniform6_55,generic_compressible,1,1,64,67108864,67108860,5592405,89478480,0.750000,8736735232,1104,35328,10,36.000000,6225143.500000,6204392.000000,12158.413086,12117.882812,2253.247976,2242.287993,8.027495,8.066732,353280,353280,353280,0,0,0,1
global_cg,uniform6_56,non_compressible,0,0,64,67108864,67108860,5592405,89478480,0.750000,8669626368,1104,35328,10,36.000000,6640776.000000,6609738.000000,12970.195312,12909.574219,2734.863997,2721.760035,6.613834,6.645676,353280,353280,353280,0,0,0,1
global_cg,uniform6_56,generic_compressible,1,1,64,67108864,67108860,5592405,89478480,0.750000,8736735232,1104,35328,10,36.000000,6626092.000000,6627294.500000,12941.515625,12943.864258,2734.400034,2720.448017,6.614956,6.648881,353280,353280,353280,0,0,0,1
global_cg,uniform6_57,non_compressible,0,0,64,67108864,67108860,5592405,89478480,0.750000,8669626368,1104,35328,10,36.000000,7573189.500000,7541153.000000,14791.315430,14728.744141,2735.839963,2723.456025,6.611474,6.641538,353280,353280,353280,0,0,0,1
global_cg,uniform6_57,generic_compressible,1,1,64,67108864,67108860,5592405,89478480,0.750000,8736735232,1104,35328,10,36.000000,7569792.000000,7536758.000000,14784.679688,14720.160156,2735.391974,2721.744061,6.612557,6.645715,353280,353280,353280,0,0,0,1
global_cg,uniform6_58,non_compressible,0,0,64,67108864,67108860,5592405,89478480,0.750000,8669626368,1104,35328,10,36.000000,7571386.500000,7538257.500000,14787.793945,14723.088867,2736.047983,2722.720027,6.610972,6.643333,353280,353280,353280,0,0,0,1
global_cg,uniform6_58,generic_compressible,1,1,64,67108864,67108860,5592405,89478480,0.750000,8736735232,1104,35328,10,36.000000,7567408.500000,7537634.000000,14780.024414,14721.871094,2734.799981,2722.559929,6.613989,6.643724,353280,353280,353280,0,0,0,1
global_cg,uniform6_59,non_compressible,0,0,64,67108864,67108860,5592405,89478480,0.750000,8669626368,1104,35328,10,36.000000,7573937.000000,7540137.500000,14792.775391,14726.760742,2736.672044,2722.591996,6.609464,6.643645,353280,353280,353280,0,0,0,1
global_cg,uniform6_59,generic_compressible,1,1,64,67108864,67108860,5592405,89478480,0.750000,8736735232,1104,35328,10,36.000000,7568204.500000,7538457.000000,14781.579102,14723.478516,2734.975934,2721.824050,6.613563,6.645520,353280,353280,353280,0,0,0,1
global_cg,uniform6_60,non_compressible,0,0,64,67108864,67108860,5592405,89478480,0.750000,8669626368,1104,35328,10,46.000000,7562439.000000,7530014.000000,14770.298828,14706.968750,2736.703992,2721.552014,6.609387,6.646184,353280,353280,353280,0,0,0,1
global_cg,uniform6_60,generic_compressible,1,1,64,67108864,67108860,5592405,89478480,0.750000,8736735232,1104,35328,10,47.000000,7559925.000000,7532649.000000,14765.386719,14712.113281,2736.799955,2721.535921,6.609155,6.646224,353280,353280,353280,0,0,0,1
global_cg,uniform6_61,non_compressible,0,0,64,67108864,67108860,5592405,89478480,0.750000,8669626368,1104,35328,10,36.000000,6226676.500000,6204895.500000,12161.407227,12118.866211,2252.976060,2241.631985,8.028463,8.069093,353280,353280,353280,0,0,0,1
global_cg,uniform6_61,generic_compressible,1,1,64,67108864,67108860,5592405,89478480,0.750000,8736735232,1104,35328,10,36.000000,6228678.000000,6203700.500000,12165.316406,12116.532227,2253.408074,2241.376042,8.026924,8.070014,353280,353280,353280,0,0,0,1
global_cg,uniform6_62,non_compressible,0,0,64,67108864,67108860,5592405,89478480,0.750000,8669626368,1104,35328,10,36.000000,6227462.500000,6207119.500000,12162.942383,12123.209961,2253.167987,2243.328094,8.027780,8.062992,353280,353280,353280,0,0,0,1
global_cg,uniform6_62,generic_compressible,1,1,64,67108864,67108860,5592405,89478480,0.750000,8736735232,1104,35328,10,36.000000,6227655.500000,6209179.000000,12163.319336,12127.232422,2253.360033,2242.175937,8.027095,8.067135,353280,353280,353280,0,0,0,1
global_cg,uniform6_63,non_compressible,0,0,64,67108864,67108860,5592405,89478480,0.750000,8669626368,1104,35328,10,36.000000,7572523.000000,7540616.500000,14790.013672,14727.696289,2735.648036,2723.407984,6.611938,6.641655,353280,353280,353280,0,0,0,1
global_cg,uniform6_63,generic_compressible,1,1,64,67108864,67108860,5592405,89478480,0.750000,8736735232,1104,35328,10,36.000000,1277429.000000,1277730.000000,2494.908203,2495.496094,469.360009,469.487995,38.537446,38.526940,353280,353280,353280,0,0,0,1
global_cg,uniform6_0,non_compressible,0,0,128,134217728,134217720,11184810,178956960,0.750000,8669626368,1104,35328,10,36.000000,9298095.500000,9309028.000000,18160.272461,18181.625000,3358.303905,3356.639981,5.386033,5.388703,353280,353280,353280,0,0,0,1
global_cg,uniform6_0,generic_compressible,1,1,128,134217728,134217720,11184810,178956960,0.750000,8803844096,1104,35328,10,36.000000,1277677.500000,1278194.000000,2495.393555,2496.402344,469.375998,469.712004,38.536133,38.508567,353280,353280,353280,0,0,0,1
global_cg,uniform6_1,non_compressible,0,0,128,134217728,134217720,11184810,178956960,0.750000,8669626368,1104,35328,10,36.000000,9299181.000000,9302201.500000,18162.392578,18168.291992,3358.351946,3356.464028,5.385956,5.388986,353280,353280,353280,0,0,0,1
global_cg,uniform6_1,generic_compressible,1,1,128,134217728,134217720,11184810,178956960,0.750000,8803844096,1104,35328,10,36.000000,9296433.500000,9300389.500000,18157.026367,18164.752930,3357.055902,3356.335998,5.388035,5.389191,353280,353280,353280,0,0,0,1
global_cg,uniform6_2,non_compressible,0,0,128,134217728,134217720,11184810,178956960,0.750000,8669626368,1104,35328,10,36.000000,9299821.000000,9300112.000000,18163.642578,18164.210938,3358.207941,3355.328083,5.386187,5.390810,353280,353280,353280,0,0,0,1
global_cg,uniform6_2,generic_compressible,1,1,128,134217728,134217720,11184810,178956960,0.750000,8803844096,1104,35328,10,36.000000,9301866.000000,9303656.000000,18167.636719,18171.132812,3358.384013,3356.367946,5.385905,5.389140,353280,353280,353280,0,0,0,1
global_cg,uniform6_3,non_compressible,0,0,128,134217728,134217720,11184810,178956960,0.750000,8669626368,1104,35328,10,48.000000,9298229.500000,9303529.500000,18160.510742,18170.862305,3358.736038,3357.439995,5.385340,5.387419,353280,353280,353280,0,0,0,1
global_cg,uniform6_3,generic_compressible,1,1,128,134217728,134217720,11184810,178956960,0.750000,8803844096,1104,35328,10,47.000000,9300996.500000,9303318.500000,18165.916992,18170.452148,3357.456088,3356.608033,5.387393,5.388754,353280,353280,353280,0,0,0,1
global_cg,uniform6_4,non_compressible,0,0,128,134217728,134217720,11184810,178956960,0.750000,8669626368,1104,35328,10,47.000000,9298432.000000,9303736.000000,18160.908203,18171.267578,3358.736038,3357.375979,5.385340,5.387522,353280,353280,353280,0,0,0,1
global_cg,uniform6_4,generic_compressible,1,1,128,134217728,134217720,11184810,178956960,0.750000,8803844096,1104,35328,10,45.000000,9296793.500000,9303383.000000,18157.711914,18170.582031,3357.759953,3357.375979,5.386906,5.387522,353280,353280,353280,0,0,0,1
global_cg,uniform6_5,non_compressible,0,0,128,134217728,134217720,11184810,178956960,0.750000,8669626368,1104,35328,10,45.000000,9300357.000000,9302142.000000,18164.671875,18168.158203,3358.991981,3355.455995,5.384930,5.390604,353280,353280,353280,0,0,0,1
global_cg,uniform6_5,generic_compressible,1,1,128,134217728,134217720,11184810,178956960,0.750000,8803844096,1104,35328,10,46.000000,9298551.000000,9300031.500000,18161.142578,18164.034180,3358.688116,3356.431961,5.385417,5.389037,353280,353280,353280,0,0,0,1
global_cg,uniform6_6,non_compressible,0,0,128,134217728,134217720,11184810,178956960,0.750000,8669626368,1104,35328,10,48.000000,9289687.000000,9297306.000000,18143.826172,18158.707031,3358.687997,3357.455969,5.385417,5.387393,353280,353280,353280,0,0,0,1
global_cg,uniform6_6,generic_compressible,1,1,128,134217728,134217720,11184810,178956960,0.750000,8803844096,1104,35328,10,47.000000,9297226.500000,9304184.500000,18158.553711,18172.143555,3357.327938,3357.264042,5.387599,5.387701,353280,353280,353280,0,0,0,1
global_cg,uniform6_7,non_compressible,0,0,128,134217728,134217720,11184810,178956960,0.750000,8669626368,1104,35328,10,47.000000,9300687.500000,9304040.000000,18165.313477,18171.861328,3358.400106,3357.376099,5.385879,5.387522,353280,353280,353280,0,0,0,1
global_cg,uniform6_7,generic_compressible,1,1,128,134217728,134217720,11184810,178956960,0.750000,8803844096,1104,35328,10,46.000000,9299732.500000,9303403.500000,18163.450195,18170.620117,3357.648015,3357.488036,5.387085,5.387342,353280,353280,353280,0,0,0,1
global_cg,uniform6_8,non_compressible,0,0,128,134217728,134217720,11184810,178956960,0.750000,8669626368,1104,35328,10,46.000000,9301106.500000,9303930.500000,18166.133789,18171.649414,3358.879924,3357.327938,5.385109,5.387599,353280,353280,353280,0,0,0,1
global_cg,uniform6_8,generic_compressible,1,1,128,134217728,134217720,11184810,178956960,0.750000,8803844096,1104,35328,10,47.000000,9299451.500000,9302104.500000,18162.899414,18168.081055,3358.752012,3355.584025,5.385315,5.390399,353280,353280,353280,0,0,0,1
global_cg,uniform6_9,non_compressible,0,0,128,134217728,134217720,11184810,178956960,0.750000,8669626368,1104,35328,10,47.000000,9297789.500000,9304920.000000,18159.653320,18173.580078,3359.264016,3357.247949,5.384494,5.387727,353280,353280,353280,0,0,0,1
global_cg,uniform6_9,generic_compressible,1,1,128,134217728,134217720,11184810,178956960,0.750000,8803844096,1104,35328,10,46.000000,9299378.000000,9302895.000000,18162.757812,18169.626953,3360.192060,3357.360005,5.383007,5.387547,353280,353280,353280,0,0,0,1
global_cg,uniform6_10,non_compressible,0,0,128,134217728,134217720,11184810,178956960,0.750000,8669626368,1104,35328,10,46.000000,9299922.500000,9301684.500000,18163.821289,18167.262695,3359.359980,3355.616093,5.384340,5.390347,353280,353280,353280,0,0,0,1
global_cg,uniform6_10,generic_compressible,1,1,128,134217728,134217720,11184810,178956960,0.750000,8803844096,1104,35328,10,46.000000,9302091.000000,9301853.000000,18168.056641,18167.591797,3359.616041,3356.495976,5.383930,5.388934,353280,353280,353280,0,0,0,1
global_cg,uniform6_11,non_compressible,0,0,128,134217728,134217720,11184810,178956960,0.750000,8669626368,1104,35328,10,48.000000,9297972.000000,9301017.000000,18160.007812,18165.955078,3357.728004,3357.376099,5.386957,5.387522,353280,353280,353280,0,0,0,1
global_cg,uniform6_11,generic_compressible,1,1,128,134217728,134217720,11184810,178956960,0.750000,8803844096,1104,35328,10,47.000000,9300782.500000,9302305.000000,18165.499023,18168.472656,3358.783960,3357.216001,5.385263,5.387778,353280,353280,353280,0,0,0,1
global_cg,uniform6_12,non_compressible,0,0,128,134217728,134217720,11184810,178956960,0.750000,8669626368,1104,35328,10,47.000000,9296680.500000,9307702.500000,18157.487305,18179.014648,3358.528018,3356.303930,5.385674,5.389243,353280,353280,353280,0,0,0,1
global_cg,uniform6_12,generic_compressible,1,1,128,134217728,134217720,11184810,178956960,0.750000,8803844096,1104,35328,10,48.000000,9299933.500000,9300146.500000,18163.838867,18164.254883,3358.479977,3357.375979,5.385751,5.387522,353280,353280,353280,0,0,0,1
global_cg,uniform6_13,non_compressible,0,0,128,134217728,134217720,11184810,178956960,0.750000,8669626368,1104,35328,10,48.000000,9296672.500000,9300099.000000,18157.469727,18164.162109,3358.720064,3355.360031,5.385366,5.390759,353280,353280,353280,0,0,0,1
global_cg,uniform6_13,generic_compressible,1,1,128,134217728,134217720,11184810,178956960,0.750000,8803844096,1104,35328,10,47.000000,9295219.000000,9301316.000000,18154.632812,18166.541016,3358.479977,3357.471943,5.385751,5.387368,353280,353280,353280,0,0,0,1
global_cg,uniform6_14,non_compressible,0,0,128,134217728,134217720,11184810,178956960,0.750000,8669626368,1104,35328,10,44.000000,9298233.500000,9301149.000000,18160.526367,18166.220703,3357.183933,3355.584025,5.387830,5.390399,353280,353280,353280,0,0,0,1
global_cg,uniform6_14,generic_compressible,1,1,128,134217728,134217720,11184810,178956960,0.750000,8803844096,1104,35328,10,47.000000,9297616.500000,9303486.000000,18159.315430,18170.779297,3358.448029,3357.247949,5.385802,5.387727,353280,353280,353280,0,0,0,1
global_cg,uniform6_15,non_compressible,0,0,128,134217728,134217720,11184810,178956960,0.750000,8669626368,1104,35328,10,46.000000,9294766.500000,9311199.500000,18153.750977,18185.846680,3356.927991,3357.439995,5.388241,5.387419,353280,353280,353280,0,0,0,1
global_cg,uniform6_15,generic_compressible,1,1,128,134217728,134217720,11184810,178956960,0.750000,8803844096,1104,35328,10,47.000000,9296409.000000,9301305.500000,18156.957031,18166.520508,3356.736064,3357.343912,5.388549,5.387573,353280,353280,353280,0,0,0,1
global_cg,uniform6_16,non_compressible,0,0,128,134217728,134217720,11184810,178956960,0.750000,8669626368,1104,35328,10,47.000000,9300075.000000,9303088.000000,18164.117188,18170.001953,3357.824087,3357.247949,5.386803,5.387727,353280,353280,353280,0,0,0,1
global_cg,uniform6_16,generic_compressible,1,1,128,134217728,134217720,11184810,178956960,0.750000,8803844096,1104,35328,10,47.000000,9298595.500000,9302270.000000,18161.227539,18168.404297,3357.743979,3356.256008,5.386931,5.389320,353280,353280,353280,0,0,0,1
global_cg,uniform6_17,non_compressible,0,0,128,134217728,134217720,11184810,178956960,0.750000,8669626368,1104,35328,10,46.000000,9299576.000000,9303758.000000,18163.144531,18171.312500,3358.704090,3357.263923,5.385391,5.387702,353280,353280,353280,0,0,0,1
global_cg,uniform6_17,generic_compressible,1,1,128,134217728,134217720,11184810,178956960,0.750000,8803844096,1104,35328,10,47.000000,9298144.000000,9304792.500000,18160.345703,18173.331055,3357.551932,3357.408047,5.387239,5.387470,353280,353280,353280,0,0,0,1
global_cg,uniform6_18,non_compressible,0,0,128,134217728,134217720,11184810,178956960,0.750000,8669626368,1104,35328,10,47.000000,9297855.000000,9302396.000000,18159.781250,18168.650391,3358.080029,3357.711911,5.386392,5.386983,353280,353280,353280,0,0,0,1
global_cg,uniform6_18,generic_compressible,1,1,128,134217728,134217720,11184810,178956960,0.750000,8803844096,1104,35328,10,48.000000,9296683.500000,9301186.000000,18157.491211,18166.285156,3357.424021,3357.183933,5.387445,5.387830,353280,353280,353280,0,0,0,1
global_cg,uniform6_19,non_compressible,0,0,128,134217728,134217720,11184810,178956960,0.750000,8669626368,1104,35328,10,48.000000,9287936.500000,9292409.000000,18140.407227,18149.142578,3358.752012,3357.295990,5.385315,5.387650,353280,353280,353280,0,0,0,1
global_cg,uniform6_19,generic_compressible,1,1,128,134217728,134217720,11184810,178956960,0.750000,8803844096,1104,35328,10,48.000000,9297166.000000,9303611.000000,18158.433594,18171.021484,3358.079910,3357.392073,5.386392,5.387496,353280,353280,353280,0,0,0,1
global_cg,uniform6_20,non_compressible,0,0,128,134217728,134217720,11184810,178956960,0.750000,8669626368,1104,35328,10,46.000000,9289126.500000,9296907.500000,18142.735352,18157.932617,3358.224034,3357.375979,5.386161,5.387522,353280,353280,353280,0,0,0,1
global_cg,uniform6_20,generic_compressible,1,1,128,134217728,134217720,11184810,178956960,0.750000,8803844096,1104,35328,10,46.000000,9294362.500000,9271218.000000,18152.961914,18107.757812,3356.656075,3356.368065,5.388677,5.389140,353280,353280,353280,0,0,0,1
global_cg,uniform6_21,non_compressible,0,0,128,134217728,134217720,11184810,178956960,0.750000,8669626368,1104,35328,10,36.000000,8144793.500000,9291528.000000,15907.729492,18147.445312,3356.544018,3358.879924,5.388857,5.385109,353280,353280,353280,0,0,0,1
global_cg,uniform6_21,generic_compressible,1,1,128,134217728,134217720,11184810,178956960,0.750000,8803844096,1104,35328,10,36.000000,6318306.500000,6275104.500000,12340.372070,12255.993164,2296.303988,2277.072072,7.876978,7.943506,353280,353280,353280,0,0,0,1
global_cg,uniform6_22,non_compressible,0,0,128,134217728,134217720,11184810,178956960,0.750000,8669626368,1104,35328,10,36.000000,7664827.000000,7670719.000000,14970.294922,14981.802734,2771.391988,2768.671989,6.526661,6.533073,353280,353280,353280,0,0,0,1
global_cg,uniform6_22,generic_compressible,1,1,128,134217728,134217720,11184810,178956960,0.750000,8803844096,1104,35328,10,36.000000,7666161.000000,7673396.500000,14972.900391,14987.032227,2770.128012,2770.287991,6.529639,6.529262,353280,353280,353280,0,0,0,1
global_cg,uniform6_23,non_compressible,0,0,128,134217728,134217720,11184810,178956960,0.750000,8669626368,1104,35328,10,36.000000,9255070.000000,9270112.500000,18076.238281,18105.618164,3357.663989,3355.535984,5.387060,5.390476,353280,353280,353280,0,0,0,1
global_cg,uniform6_23,generic_compressible,1,1,128,134217728,134217720,11184810,178956960,0.750000,8803844096,1104,35328,10,36.000000,9266803.000000,9267400.500000,18099.154297,18100.321289,3357.936025,3354.367971,5.386623,5.392353,353280,353280,353280,0,0,0,1
global_cg,uniform6_24,non_compressible,0,0,128,134217728,134217720,11184810,178956960,0.750000,8669626368,1104,35328,10,36.000000,7663304.500000,7672309.500000,14967.321289,14984.909180,2770.672083,2770.608068,6.528357,6.528508,353280,353280,353280,0,0,0,1
global_cg,uniform6_24,generic_compressible,1,1,128,134217728,134217720,11184810,178956960,0.750000,8803844096,1104,35328,10,36.000000,7671171.500000,7676581.500000,14982.686523,14993.252930,2770.368099,2770.607948,6.529073,6.528508,353280,353280,353280,0,0,0,1
global_cg,uniform6_25,non_compressible,0,0,128,134217728,134217720,11184810,178956960,0.750000,8669626368,1104,35328,10,36.000000,7665175.500000,7671260.500000,14970.975586,14982.860352,2771.712065,2770.751953,6.525907,6.528169,353280,353280,353280,0,0,0,1
global_cg,uniform6_25,generic_compressible,1,1,128,134217728,134217720,11184810,178956960,0.750000,8803844096,1104,35328,10,36.000000,7666435.500000,7671141.000000,14973.436523,14982.626953,2771.696091,2770.543933,6.525945,6.528659,353280,353280,353280,0,0,0,1
global_cg,uniform6_26,non_compressible,0,0,128,134217728,134217720,11184810,178956960,0.750000,8669626368,1104,35328,10,36.000000,7664191.000000,7671674.000000,14969.052734,14983.667969,2771.664023,2769.519925,6.526020,6.531073,353280,353280,353280,0,0,0,1
global_cg,uniform6_26,generic_compressible,1,1,128,134217728,134217720,11184810,178956960,0.750000,8803844096,1104,35328,10,36.000000,7664426.500000,7676085.000000,14969.512695,14992.283203,2771.551967,2771.727920,6.526284,6.525870,353280,353280,353280,0,0,0,1
global_cg,uniform6_27,non_compressible,0,0,128,134217728,134217720,11184810,178956960,0.750000,8669626368,1104,35328,10,36.000000,9285338.500000,9294297.000000,18135.356445,18152.853516,3357.328057,3356.256008,5.387599,5.389320,353280,353280,353280,0,0,0,1
global_cg,uniform6_27,generic_compressible,1,1,128,134217728,134217720,11184810,178956960,0.750000,8803844096,1104,35328,10,36.000000,9287544.500000,9302642.000000,18139.665039,18169.152344,3357.327938,3356.992006,5.387599,5.388138,353280,353280,353280,0,0,0,1
global_cg,uniform6_28,non_compressible,0,0,128,134217728,134217720,11184810,178956960,0.750000,8669626368,1104,35328,10,36.000000,7664173.500000,7670732.000000,14969.018555,14981.828125,2771.391988,2770.655990,6.526661,6.528395,353280,353280,353280,0,0,0,1
global_cg,uniform6_28,generic_compressible,1,1,128,134217728,134217720,11184810,178956960,0.750000,8803844096,1104,35328,10,36.000000,7662804.500000,7672458.000000,14966.344727,14985.199219,2771.504045,2770.383954,6.526397,6.529036,353280,353280,353280,0,0,0,1
global_cg,uniform6_29,non_compressible,0,0,128,134217728,134217720,11184810,178956960,0.750000,8669626368,1104,35328,10,36.000000,9263896.500000,9268832.000000,18093.477539,18103.117188,3357.280016,3356.383920,5.387676,5.389114,353280,353280,353280,0,0,0,1
global_cg,uniform6_29,generic_compressible,1,1,128,134217728,134217720,11184810,178956960,0.750000,8803844096,1104,35328,10,36.000000,9265198.000000,9266911.500000,18096.019531,18099.366211,3357.231975,3354.272008,5.387753,5.392507,353280,353280,353280,0,0,0,1
global_cg,uniform6_30,non_compressible,0,0,128,134217728,134217720,11184810,178956960,0.750000,8669626368,1104,35328,10,36.000000,9285413.500000,9293161.500000,18135.502930,18150.635742,3357.359886,3356.335998,5.387548,5.389191,353280,353280,353280,0,0,0,1
global_cg,uniform6_30,generic_compressible,1,1,128,134217728,134217720,11184810,178956960,0.750000,8803844096,1104,35328,10,36.000000,9259669.000000,9269112.500000,18085.220703,18103.665039,3356.607914,3356.320024,5.388754,5.389217,353280,353280,353280,0,0,0,1
global_cg,uniform6_31,non_compressible,0,0,128,134217728,134217720,11184810,178956960,0.750000,8669626368,1104,35328,10,36.000000,7664105.500000,7674323.500000,14968.885742,14988.842773,2770.911932,2770.640016,6.527792,6.528432,353280,353280,353280,0,0,0,1
global_cg,uniform6_31,generic_compressible,1,1,128,134217728,134217720,11184810,178956960,0.750000,8803844096,1104,35328,10,36.000000,7664441.500000,7672040.000000,14969.541992,14984.382812,2771.471977,2770.591974,6.526473,6.528546,353280,353280,353280,0,0,0,1
global_cg,uniform6_32,non_compressible,0,0,128,134217728,134217720,11184810,178956960,0.750000,8669626368,1104,35328,10,36.000000,9287513.000000,9294503.500000,18139.603516,18153.256836,3356.719971,3356.431961,5.388575,5.389037,353280,353280,353280,0,0,0,1
global_cg,uniform6_32,generic_compressible,1,1,128,134217728,134217720,11184810,178956960,0.750000,8803844096,1104,35328,10,36.000000,9286565.500000,9293258.500000,18137.752930,18150.825195,3357.360005,3356.575966,5.387547,5.388806,353280,353280,353280,0,0,0,1
global_cg,uniform6_33,non_compressible,0,0,128,134217728,134217720,11184810,178956960,0.750000,8669626368,1104,35328,10,36.000000,7665325.500000,7671015.500000,14971.268555,14982.381836,2771.664023,2770.607948,6.526020,6.528508,353280,353280,353280,0,0,0,1
global_cg,uniform6_33,generic_compressible,1,1,128,134217728,134217720,11184810,178956960,0.750000,8803844096,1104,35328,10,36.000000,7665449.500000,7671065.000000,14971.510742,14982.478516,2771.327972,2770.672083,6.526812,6.528357,353280,353280,353280,0,0,0,1
global_cg,uniform6_34,non_compressible,0,0,128,134217728,134217720,11184810,178956960,0.750000,8669626368,1104,35328,10,36.000000,9297459.500000,9303015.000000,18159.030273,18169.880859,3357.519984,3356.655955,5.387291,5.388677,353280,353280,353280,0,0,0,1
global_cg,uniform6_34,generic_compressible,1,1,128,134217728,134217720,11184810,178956960,0.750000,8803844096,1104,35328,10,36.000000,9297030.500000,9299785.000000,18158.192383,18163.572266,3358.656049,3356.544018,5.385468,5.388857,353280,353280,353280,0,0,0,1
global_cg,uniform6_35,non_compressible,0,0,128,134217728,134217720,11184810,178956960,0.750000,8669626368,1104,35328,10,36.000000,9298274.500000,9305045.000000,18160.622070,18173.845703,3357.455969,3357.632041,5.387393,5.387111,353280,353280,353280,0,0,0,1
global_cg,uniform6_35,generic_compressible,1,1,128,134217728,134217720,11184810,178956960,0.750000,8803844096,1104,35328,10,36.000000,9300489.000000,9300188.000000,18164.947266,18164.359375,3357.120037,3356.240034,5.387932,5.389345,353280,353280,353280,0,0,0,1
global_cg,uniform6_36,non_compressible,0,0,128,134217728,134217720,11184810,178956960,0.750000,8669626368,1104,35328,10,36.000000,7664367.500000,7670443.500000,14969.397461,14981.264648,2771.679997,2770.544052,6.525983,6.528659,353280,353280,353280,0,0,0,1
global_cg,uniform6_36,generic_compressible,1,1,128,134217728,134217720,11184810,178956960,0.750000,8803844096,1104,35328,10,36.000000,7662997.500000,7671086.500000,14966.721680,14982.520508,2771.152020,2770.400047,6.527226,6.528998,353280,353280,353280,0,0,0,1
global_cg,uniform6_37,non_compressible,0,0,128,134217728,134217720,11184810,178956960,0.750000,8669626368,1104,35328,10,36.000000,7668031.000000,7672174.000000,14976.552734,14984.644531,2771.295905,2770.367980,6.526887,6.529073,353280,353280,353280,0,0,0,1
global_cg,uniform6_37,generic_compressible,1,1,128,134217728,134217720,11184810,178956960,0.750000,8803844096,1104,35328,10,36.000000,7668289.000000,7671100.500000,14977.056641,14982.547852,2771.103978,2770.704031,6.527339,6.528282,353280,353280,353280,0,0,0,1
global_cg,uniform6_38,non_compressible,0,0,128,134217728,134217720,11184810,178956960,0.750000,8669626368,1104,35328,10,36.000000,7664933.500000,7673664.000000,14970.502930,14987.554688,2770.303965,2770.447969,6.529224,6.528885,353280,353280,353280,0,0,0,1
global_cg,uniform6_38,generic_compressible,1,1,128,134217728,134217720,11184810,178956960,0.750000,8803844096,1104,35328,10,36.000000,7667006.500000,7672576.500000,14974.551758,14985.430664,2771.184087,2769.727945,6.527151,6.530582,353280,353280,353280,0,0,0,1
global_cg,uniform6_39,non_compressible,0,0,128,134217728,134217720,11184810,178956960,0.750000,8669626368,1104,35328,10,36.000000,8143116.500000,8146857.000000,15904.454102,15911.759766,3357.903957,3356.256008,5.386675,5.389320,353280,353280,353280,0,0,0,1
global_cg,uniform6_39,generic_compressible,1,1,128,134217728,134217720,11184810,178956960,0.750000,8803844096,1104,35328,10,36.000000,9265034.500000,9266978.000000,18095.700195,18099.496094,3357.711911,3355.520010,5.386983,5.390502,353280,353280,353280,0,0,0,1
global_cg,uniform6_40,non_compressible,0,0,128,134217728,134217720,11184810,178956960,0.750000,8669626368,1104,35328,10,36.000000,7665020.500000,7673005.500000,14970.672852,14986.268555,2770.943999,2769.760013,6.527716,6.530507,353280,353280,353280,0,0,0,1
global_cg,uniform6_40,generic_compressible,1,1,128,134217728,134217720,11184810,178956960,0.750000,8803844096,1104,35328,10,36.000000,7666832.500000,7673693.500000,14974.211914,14987.612305,2771.056056,2770.464063,6.527452,6.528847,353280,353280,353280,0,0,0,1
global_cg,uniform6_41,non_compressible,0,0,128,134217728,134217720,11184810,178956960,0.750000,8669626368,1104,35328,10,36.000000,7666383.500000,7672296.500000,14973.334961,14984.883789,2770.687938,2770.576000,6.528319,6.528583,353280,353280,353280,0,0,0,1
global_cg,uniform6_41,generic_compressible,1,1,128,134217728,134217720,11184810,178956960,0.750000,8803844096,1104,35328,10,36.000000,7666988.500000,7673485.000000,14974.516602,14987.205078,2770.624042,2770.560026,6.528470,6.528621,353280,353280,353280,0,0,0,1
global_cg,uniform6_42,non_compressible,0,0,128,134217728,134217720,11184810,178956960,0.750000,8669626368,1104,35328,10,36.000000,7664992.000000,7673078.500000,14970.617188,14986.411133,2770.256042,2770.511985,6.529337,6.528734,353280,353280,353280,0,0,0,1
global_cg,uniform6_42,generic_compressible,1,1,128,134217728,134217720,11184810,178956960,0.750000,8803844096,1104,35328,10,36.000000,5230496.500000,5196439.000000,10215.743164,10149.224609,1895.744026,1880.688012,9.541339,9.617723,353280,353280,353280,0,0,0,1
global_cg,uniform6_43,non_compressible,0,0,128,134217728,134217720,11184810,178956960,0.750000,8669626368,1104,35328,10,36.000000,8144952.000000,8152591.000000,15908.039062,15922.958984,3356.271982,3355.632067,5.389294,5.390322,353280,353280,353280,0,0,0,1
global_cg,uniform6_43,generic_compressible,1,1,128,134217728,134217720,11184810,178956960,0.750000,8803844096,1104,35328,10,36.000000,8150472.500000,8154367.500000,15918.821289,15926.428711,3357.263923,3356.400013,5.387702,5.389088,353280,353280,353280,0,0,0,1
global_cg,uniform6_44,non_compressible,0,0,128,134217728,134217720,11184810,178956960,0.750000,8669626368,1104,35328,10,36.000000,7667049.000000,7671543.500000,14974.634766,14983.413086,2771.600008,2770.688057,6.526171,6.528319,353280,353280,353280,0,0,0,1
global_cg,uniform6_44,generic_compressible,1,1,128,134217728,134217720,11184810,178956960,0.750000,8803844096,1104,35328,10,36.000000,7664194.500000,7669736.500000,14969.059570,14979.883789,2770.511985,2768.783927,6.528734,6.532809,353280,353280,353280,0,0,0,1
global_cg,uniform6_45,non_compressible,0,0,128,134217728,134217720,11184810,178956960,0.750000,8669626368,1104,35328,10,36.000000,8144232.500000,9137907.500000,15906.633789,17847.405273,3357.824087,3355.216026,5.386803,5.390990,353280,353280,353280,0,0,0,1
global_cg,uniform6_45,generic_compressible,1,1,128,134217728,134217720,11184810,178956960,0.750000,8803844096,1104,35328,10,36.000000,9266759.500000,9267164.500000,18099.069336,18099.860352,3357.471943,3354.383945,5.387368,5.392327,353280,353280,353280,0,0,0,1
global_cg,uniform6_46,non_compressible,0,0,128,134217728,134217720,11184810,178956960,0.750000,8669626368,1104,35328,10,36.000000,7663606.500000,7671511.500000,14967.911133,14983.350586,2770.399928,2770.640016,6.528998,6.528432,353280,353280,353280,0,0,0,1
global_cg,uniform6_46,generic_compressible,1,1,128,134217728,134217720,11184810,178956960,0.750000,8803844096,1104,35328,10,36.000000,7664658.500000,7671088.000000,14969.965820,14982.523438,2771.232009,2770.768046,6.527038,6.528131,353280,353280,353280,0,0,0,1
global_cg,uniform6_47,non_compressible,0,0,128,134217728,134217720,11184810,178956960,0.750000,8669626368,1104,35328,10,36.000000,7665765.500000,7672363.000000,14972.127930,14985.013672,2770.319939,2769.584060,6.529187,6.530921,353280,353280,353280,0,0,0,1
global_cg,uniform6_47,generic_compressible,1,1,128,134217728,134217720,11184810,178956960,0.750000,8803844096,1104,35328,10,36.000000,7666754.000000,7672902.000000,14974.058594,14986.066406,2771.664023,2770.640016,6.526020,6.528432,353280,353280,353280,0,0,0,1
global_cg,uniform6_48,non_compressible,0,0,128,134217728,134217720,11184810,178956960,0.750000,8669626368,1104,35328,10,36.000000,7664396.500000,7672592.000000,14969.454102,14985.460938,2770.319939,2769.968033,6.529187,6.530016,353280,353280,353280,0,0,0,1
global_cg,uniform6_48,generic_compressible,1,1,128,134217728,134217720,11184810,178956960,0.750000,8803844096,1104,35328,10,36.000000,7666871.000000,7672461.000000,14974.287109,14985.205078,2771.551967,2769.983888,6.526284,6.529979,353280,353280,353280,0,0,0,1
global_cg,uniform6_49,non_compressible,0,0,128,134217728,134217720,11184810,178956960,0.750000,8669626368,1104,35328,10,36.000000,9285918.000000,9289909.500000,18136.488281,18144.284180,3358.031988,3354.864001,5.386469,5.391556,353280,353280,353280,0,0,0,1
global_cg,uniform6_49,generic_compressible,1,1,128,134217728,134217720,11184810,178956960,0.750000,8803844096,1104,35328,10,36.000000,9292587.000000,9291773.000000,18149.513672,18147.923828,3357.056022,3356.351972,5.388035,5.389165,353280,353280,353280,0,0,0,1
global_cg,uniform6_50,non_compressible,0,0,128,134217728,134217720,11184810,178956960,0.750000,8669626368,1104,35328,10,36.000000,7665401.000000,7672340.500000,14971.416016,14984.969727,2771.759987,2769.072056,6.525794,6.532129,353280,353280,353280,0,0,0,1
global_cg,uniform6_50,generic_compressible,1,1,128,134217728,134217720,11184810,178956960,0.750000,8803844096,1104,35328,10,36.000000,7664745.000000,7671414.500000,14970.134766,14983.161133,2770.479918,2770.896077,6.528810,6.527829,353280,353280,353280,0,0,0,1
global_cg,uniform6_51,non_compressible,0,0,128,134217728,134217720,11184810,178956960,0.750000,8669626368,1104,35328,10,36.000000,9284058.500000,9302536.000000,18132.856445,18168.945312,3357.648015,3356.639981,5.387085,5.388703,353280,353280,353280,0,0,0,1
global_cg,uniform6_51,generic_compressible,1,1,128,134217728,134217720,11184810,178956960,0.750000,8803844096,1104,35328,10,36.000000,9294055.500000,9298357.500000,18152.381836,18160.784180,3358.080029,3356.400013,5.386392,5.389088,353280,353280,353280,0,0,0,1
global_cg,uniform6_52,non_compressible,0,0,128,134217728,134217720,11184810,178956960,0.750000,8669626368,1104,35328,10,36.000000,7662389.000000,7670097.500000,14965.533203,14980.588867,2771.664023,2768.895984,6.526020,6.532544,353280,353280,353280,0,0,0,1
global_cg,uniform6_52,generic_compressible,1,1,128,134217728,134217720,11184810,178956960,0.750000,8803844096,1104,35328,10,36.000000,7662657.500000,7670403.500000,14966.057617,14981.186523,2770.544052,2770.352006,6.528659,6.529111,353280,353280,353280,0,0,0,1
global_cg,uniform6_53,non_compressible,0,0,128,134217728,134217720,11184810,178956960,0.750000,8669626368,1104,35328,10,36.000000,9287012.000000,9289076.500000,18138.625000,18142.657227,3358.096004,3356.543899,5.386367,5.388857,353280,353280,353280,0,0,0,1
global_cg,uniform6_53,generic_compressible,1,1,128,134217728,134217720,11184810,178956960,0.750000,8803844096,1104,35328,10,36.000000,9267423.500000,9266467.500000,18100.366211,18098.499023,3357.391953,3356.080055,5.387496,5.389602,353280,353280,353280,0,0,0,1
global_cg,uniform6_54,non_compressible,0,0,128,134217728,134217720,11184810,178956960,0.750000,8669626368,1104,35328,10,36.000000,8142787.500000,8151081.000000,15903.811523,15920.009766,3356.863976,3354.719996,5.388343,5.391787,353280,353280,353280,0,0,0,1
global_cg,uniform6_54,generic_compressible,1,1,128,134217728,134217720,11184810,178956960,0.750000,8803844096,1104,35328,10,36.000000,8786483.500000,9265865.500000,17161.030273,18097.323242,3355.567932,3356.351972,5.390425,5.389165,353280,353280,353280,0,0,0,1
global_cg,uniform6_55,non_compressible,0,0,128,134217728,134217720,11184810,178956960,0.750000,8669626368,1104,35328,10,36.000000,7658497.500000,7669312.000000,14957.932617,14979.054688,2770.848036,2768.880010,6.527942,6.532582,353280,353280,353280,0,0,0,1
global_cg,uniform6_55,generic_compressible,1,1,128,134217728,134217720,11184810,178956960,0.750000,8803844096,1104,35328,10,36.000000,7665360.000000,7671445.000000,14971.335938,14983.220703,2771.280050,2770.399928,6.526925,6.528998,353280,353280,353280,0,0,0,1
global_cg,uniform6_56,non_compressible,0,0,128,134217728,134217720,11184810,178956960,0.750000,8669626368,1104,35328,10,36.000000,7662176.500000,7672022.000000,14965.118164,14984.347656,2770.336032,2770.672083,6.529149,6.528357,353280,353280,353280,0,0,0,1
global_cg,uniform6_56,generic_compressible,1,1,128,134217728,134217720,11184810,178956960,0.750000,8803844096,1104,35328,10,36.000000,7662167.000000,7670014.000000,14965.099609,14980.425781,2771.088004,2770.496011,6.527377,6.528772,353280,353280,353280,0,0,0,1
global_cg,uniform6_57,non_compressible,0,0,128,134217728,134217720,11184810,178956960,0.750000,8669626368,1104,35328,10,36.000000,7664784.000000,7671418.500000,14970.210938,14983.168945,2770.367980,2770.496011,6.529073,6.528772,353280,353280,353280,0,0,0,1
global_cg,uniform6_57,generic_compressible,1,1,128,134217728,134217720,11184810,178956960,0.750000,8803844096,1104,35328,10,36.000000,7662637.500000,7669847.000000,14966.018555,14980.099609,2771.056056,2770.655990,6.527452,6.528395,353280,353280,353280,0,0,0,1
global_cg,uniform6_58,non_compressible,0,0,128,134217728,134217720,11184810,178956960,0.750000,8669626368,1104,35328,10,36.000000,7662645.500000,7671095.000000,14966.034180,14982.537109,2771.167994,2769.808054,6.527189,6.530393,353280,353280,353280,0,0,0,1
global_cg,uniform6_58,generic_compressible,1,1,128,134217728,134217720,11184810,178956960,0.750000,8803844096,1104,35328,10,36.000000,7668135.000000,7671221.000000,14976.755859,14982.783203,2771.903992,2771.679997,6.525455,6.525983,353280,353280,353280,0,0,0,1
global_cg,uniform6_59,non_compressible,0,0,128,134217728,134217720,11184810,178956960,0.750000,8669626368,1104,35328,10,36.000000,7663962.500000,7670618.500000,14968.606445,14981.606445,2770.143986,2768.928051,6.529601,6.532469,353280,353280,353280,0,0,0,1
global_cg,uniform6_59,generic_compressible,1,1,128,134217728,134217720,11184810,178956960,0.750000,8803844096,1104,35328,10,36.000000,7666582.000000,7670868.000000,14973.722656,14982.093750,2771.551967,2768.992066,6.526284,6.532318,353280,353280,353280,0,0,0,1
global_cg,uniform6_60,non_compressible,0,0,128,134217728,134217720,11184810,178956960,0.750000,8669626368,1104,35328,10,36.000000,9262702.500000,9268429.500000,18091.145508,18102.331055,3356.912017,3355.775952,5.388266,5.390090,353280,353280,353280,0,0,0,1
global_cg,uniform6_60,generic_compressible,1,1,128,134217728,134217720,11184810,178956960,0.750000,8803844096,1104,35328,10,36.000000,9262505.000000,9266361.500000,18090.759766,18098.291992,3356.848001,3356.287956,5.388369,5.389268,353280,353280,353280,0,0,0,1
global_cg,uniform6_61,non_compressible,0,0,128,134217728,134217720,11184810,178956960,0.750000,8669626368,1104,35328,10,36.000000,7663692.000000,7670512.500000,14968.078125,14981.399414,2771.232009,2769.055963,6.527038,6.532167,353280,353280,353280,0,0,0,1
global_cg,uniform6_61,generic_compressible,1,1,128,134217728,134217720,11184810,178956960,0.750000,8803844096,1104,35328,10,36.000000,7666783.000000,7671226.000000,14974.115234,14982.792969,2771.696091,2769.055963,6.525945,6.532167,353280,353280,353280,0,0,0,1
global_cg,uniform6_62,non_compressible,0,0,128,134217728,134217720,11184810,178956960,0.750000,8669626368,1104,35328,10,36.000000,7661779.500000,7670084.000000,14964.342773,14980.562500,2770.447969,2768.959999,6.528885,6.532393,353280,353280,353280,0,0,0,1
global_cg,uniform6_62,generic_compressible,1,1,128,134217728,134217720,11184810,178956960,0.750000,8803844096,1104,35328,10,36.000000,7665612.000000,7670239.000000,14971.828125,14980.865234,2771.504045,2768.928051,6.526397,6.532469,353280,353280,353280,0,0,0,1
global_cg,uniform6_63,non_compressible,0,0,128,134217728,134217720,11184810,178956960,0.750000,8669626368,1104,35328,10,36.000000,7680581.500000,7688436.000000,15001.065430,15016.406250,2772.063971,2770.928025,6.525079,6.527754,353280,353280,353280,0,0,0,1
global_cg,uniform6_63,generic_compressible,1,1,128,134217728,134217720,11184810,178956960,0.750000,8803844096,1104,35328,10,36.000000,1278006.000000,1279019.500000,2496.035156,2498.014648,470.111996,469.824001,38.475802,38.499387,353280,353280,353280,0,0,0,1
global_cg,uniform6_0,non_compressible,0,0,240,251658240,251658240,20971520,335544320,0.750000,8669626368,1104,35328,10,36.000000,8169125.000000,8183634.500000,15955.251953,15983.590820,2945.840001,2948.000073,6.140162,6.135663,353280,353280,353280,0,0,0,1
global_cg,uniform6_0,generic_compressible,1,1,240,251658240,251658240,20971520,335544320,0.750000,8921284608,1104,35328,10,36.000000,1277432.000000,1278752.500000,2494.914062,2497.493164,470.096007,469.871998,38.477110,38.495454,353280,353280,353280,0,0,0,1
global_cg,uniform6_1,non_compressible,0,0,240,251658240,251658240,20971520,335544320,0.750000,8669626368,1104,35328,10,36.000000,8668479.500000,8665575.000000,16930.553711,16924.880859,3567.407966,3567.039967,5.070330,5.070853,353280,353280,353280,0,0,0,1
global_cg,uniform6_1,generic_compressible,1,1,240,251658240,251658240,20971520,335544320,0.750000,8921284608,1104,35328,10,36.000000,8626546.500000,8639131.500000,16848.653320,16873.233398,3566.480041,3566.608071,5.071649,5.071467,353280,353280,353280,0,0,0,1
global_cg,uniform6_2,non_compressible,0,0,240,251658240,251658240,20971520,335544320,0.750000,8669626368,1104,35328,10,36.000000,8151371.500000,8165038.500000,15920.577148,15947.270508,2945.791960,2947.088003,6.140263,6.137562,353280,353280,353280,0,0,0,1
global_cg,uniform6_2,generic_compressible,1,1,240,251658240,251658240,20971520,335544320,0.750000,8921284608,1104,35328,10,36.000000,8153090.000000,8165154.000000,15923.933594,15947.496094,2946.655989,2946.864009,6.138462,6.138029,353280,353280,353280,0,0,0,1
global_cg,uniform6_3,non_compressible,0,0,240,251658240,251658240,20971520,335544320,0.750000,8669626368,1104,35328,10,36.000000,8153914.000000,8164599.000000,15925.542969,15946.412109,2946.400046,2947.119951,6.138995,6.137496,353280,353280,353280,0,0,0,1
global_cg,uniform6_3,generic_compressible,1,1,240,251658240,251658240,20971520,335544320,0.750000,8921284608,1104,35328,10,36.000000,8155332.000000,8164251.000000,15928.312500,15945.732422,2947.551966,2948.127985,6.136596,6.135397,353280,353280,353280,0,0,0,1
global_cg,uniform6_4,non_compressible,0,0,240,251658240,251658240,20971520,335544320,0.750000,8669626368,1104,35328,10,36.000000,9875884.500000,9887716.500000,19288.766602,19311.875977,3567.119956,3568.463922,5.070739,5.068830,353280,353280,353280,0,0,0,1
global_cg,uniform6_4,generic_compressible,1,1,240,251658240,251658240,20971520,335544320,0.750000,8921284608,1104,35328,10,36.000000,9877946.000000,9889640.500000,19292.792969,19315.633789,3568.287969,3568.320036,5.069080,5.069034,353280,353280,353280,0,0,0,1
global_cg,uniform6_5,non_compressible,0,0,240,251658240,251658240,20971520,335544320,0.750000,8669626368,1104,35328,10,36.000000,9879594.500000,9888617.000000,19296.012695,19313.634766,3567.535996,3568.192005,5.070148,5.069216,353280,353280,353280,0,0,0,1
global_cg,uniform6_5,generic_compressible,1,1,240,251658240,251658240,20971520,335544320,0.750000,8921284608,1104,35328,10,36.000000,9881191.000000,9886975.000000,19299.130859,19310.427734,3567.888021,3570.224047,5.069648,5.066331,353280,353280,353280,0,0,0,1
global_cg,uniform6_6,non_compressible,0,0,240,251658240,251658240,20971520,335544320,0.750000,8669626368,1104,35328,10,36.000000,9874833.500000,9889924.000000,19286.713867,19316.187500,3567.008018,3569.344044,5.070899,5.067580,353280,353280,353280,0,0,0,1
global_cg,uniform6_6,generic_compressible,1,1,240,251658240,251658240,20971520,335544320,0.750000,8921284608,1104,35328,10,36.000000,9875710.000000,9887954.000000,19288.425781,19312.339844,3565.951943,3568.592072,5.072400,5.068648,353280,353280,353280,0,0,0,1
global_cg,uniform6_7,non_compressible,0,0,240,251658240,251658240,20971520,335544320,0.750000,8669626368,1104,35328,10,36.000000,8149875.500000,8170029.000000,15917.655273,15957.017578,2945.792079,2946.959972,6.140262,6.137829,353280,353280,353280,0,0,0,1
global_cg,uniform6_7,generic_compressible,1,1,240,251658240,251658240,20971520,335544320,0.750000,8921284608,1104,35328,10,36.000000,8151121.000000,8163525.000000,15920.087891,15944.314453,2947.487950,2947.664022,6.136729,6.136363,353280,353280,353280,0,0,0,1
global_cg,uniform6_8,non_compressible,0,0,240,251658240,251658240,20971520,335544320,0.750000,8669626368,1104,35328,10,36.000000,8152690.000000,8165330.500000,15923.152344,15947.840820,2947.616100,2947.119951,6.136463,6.137496,353280,353280,353280,0,0,0,1
global_cg,uniform6_8,generic_compressible,1,1,240,251658240,251658240,20971520,335544320,0.750000,8921284608,1104,35328,10,36.000000,8152057.000000,8167525.500000,15921.916016,15952.127930,2946.480036,2948.511958,6.138829,6.134598,353280,353280,353280,0,0,0,1
global_cg,uniform6_9,non_compressible,0,0,240,251658240,251658240,20971520,335544320,0.750000,8669626368,1104,35328,10,36.000000,8150525.500000,8165279.500000,15918.924805,15947.741211,2946.496010,2947.919965,6.138795,6.135830,353280,353280,353280,0,0,0,1
global_cg,uniform6_9,generic_compressible,1,1,240,251658240,251658240,20971520,335544320,0.750000,8921284608,1104,35328,10,36.000000,8154642.500000,8164051.000000,15926.965820,15945.341797,2947.711945,2946.959972,6.136263,6.137829,353280,353280,353280,0,0,0,1
global_cg,uniform6_10,non_compressible,0,0,240,251658240,251658240,20971520,335544320,0.750000,8669626368,1104,35328,10,36.000000,8652211.000000,8666183.000000,16898.779297,16926.068359,3567.232013,3568.192005,5.070580,5.069216,353280,353280,353280,0,0,0,1
global_cg,uniform6_10,generic_compressible,1,1,240,251658240,251658240,20971520,335544320,0.750000,8921284608,1104,35328,10,36.000000,8664420.500000,8673193.500000,16922.625977,16939.760742,3566.208005,3569.392085,5.072036,5.067512,353280,353280,353280,0,0,0,1
global_cg,uniform6_11,non_compressible,0,0,240,251658240,251658240,20971520,335544320,0.750000,8669626368,1104,35328,10,36.000000,9840555.500000,9853527.500000,19219.764648,19245.100586,3566.208005,3566.576004,5.072036,5.071513,353280,353280,353280,0,0,0,1
global_cg,uniform6_11,generic_compressible,1,1,240,251658240,251658240,20971520,335544320,0.750000,8921284608,1104,35328,10,36.000000,9867586.500000,9880190.500000,19272.559570,19297.176758,3568.048000,3568.639994,5.069421,5.068580,353280,353280,353280,0,0,0,1
global_cg,uniform6_12,non_compressible,0,0,240,251658240,251658240,20971520,335544320,0.750000,8669626368,1104,35328,10,36.000000,9864228.500000,9878801.000000,19266.000977,19294.462891,3566.895962,3567.456007,5.071058,5.070262,353280,353280,353280,0,0,0,1
global_cg,uniform6_12,generic_compressible,1,1,240,251658240,251658240,20971520,335544320,0.750000,8921284608,1104,35328,10,36.000000,9878703.500000,9888936.000000,19294.272461,19314.257812,3567.663908,3568.543911,5.069966,5.068716,353280,353280,353280,0,0,0,1
global_cg,uniform6_13,non_compressible,0,0,240,251658240,251658240,20971520,335544320,0.750000,8669626368,1104,35328,10,36.000000,8658623.000000,8667311.500000,16911.302734,16928.272461,3565.648079,3566.399932,5.072833,5.071763,353280,353280,353280,0,0,0,1
global_cg,uniform6_13,generic_compressible,1,1,240,251658240,251658240,20971520,335544320,0.750000,8921284608,1104,35328,10,36.000000,9841908.000000,9852120.000000,19222.406250,19242.351562,3566.127896,3568.224072,5.072150,5.069170,353280,353280,353280,0,0,0,1
global_cg,uniform6_14,non_compressible,0,0,240,251658240,251658240,20971520,335544320,0.750000,8669626368,1104,35328,10,36.000000,8146028.500000,8163075.000000,15910.141602,15943.435547,2945.599914,2947.135925,6.140663,6.137462,353280,353280,353280,0,0,0,1
global_cg,uniform6_14,generic_compressible,1,1,240,251658240,251658240,20971520,335544320,0.750000,8921284608,1104,35328,10,36.000000,8146620.500000,8165108.000000,15911.297852,15947.406250,2946.384072,2947.839975,6.139029,6.135997,353280,353280,353280,0,0,0,1
global_cg,uniform6_15,non_compressible,0,0,240,251658240,251658240,20971520,335544320,0.750000,8669626368,1104,35328,10,36.000000,8657398.500000,8666580.500000,16908.911133,16926.844727,3566.447973,3568.256021,5.071695,5.069125,353280,353280,353280,0,0,0,1
global_cg,uniform6_15,generic_compressible,1,1,240,251658240,251658240,20971520,335544320,0.750000,8921284608,1104,35328,10,36.000000,8658105.500000,8662977.500000,16910.291992,16919.807617,3566.239953,3566.447973,5.071991,5.071695,353280,353280,353280,0,0,0,1
global_cg,uniform6_16,non_compressible,0,0,240,251658240,251658240,20971520,335544320,0.750000,8669626368,1104,35328,10,36.000000,8150572.500000,8163068.500000,15919.016602,15943.422852,2945.664048,2946.848035,6.140529,6.138062,353280,353280,353280,0,0,0,1
global_cg,uniform6_16,generic_compressible,1,1,240,251658240,251658240,20971520,335544320,0.750000,8921284608,1104,35328,10,36.000000,8151370.000000,8165016.000000,15920.574219,15947.226562,2945.840001,2947.071910,6.140162,6.137596,353280,353280,353280,0,0,0,1
global_cg,uniform6_17,non_compressible,0,0,240,251658240,251658240,20971520,335544320,0.750000,8669626368,1104,35328,10,36.000000,8148772.500000,8171102.500000,15915.500977,15959.114258,2947.776079,2946.943998,6.136130,6.137862,353280,353280,353280,0,0,0,1
global_cg,uniform6_17,generic_compressible,1,1,240,251658240,251658240,20971520,335544320,0.750000,8921284608,1104,35328,10,36.000000,8151002.000000,8163463.500000,15919.855469,15944.194336,2945.855975,2946.672082,6.140129,6.138429,353280,353280,353280,0,0,0,1
global_cg,uniform6_18,non_compressible,0,0,240,251658240,251658240,20971520,335544320,0.750000,8669626368,1104,35328,10,36.000000,9876948.000000,9890751.500000,19290.843750,19317.803711,3567.791939,3568.319917,5.069784,5.069034,353280,353280,353280,0,0,0,1
global_cg,uniform6_18,generic_compressible,1,1,240,251658240,251658240,20971520,335544320,0.750000,8921284608,1104,35328,10,36.000000,9877856.000000,9889463.000000,19292.617188,19315.287109,3567.952037,3568.464041,5.069557,5.068830,353280,353280,353280,0,0,0,1
global_cg,uniform6_19,non_compressible,0,0,240,251658240,251658240,20971520,335544320,0.750000,8669626368,1104,35328,10,36.000000,9874898.500000,9890684.500000,19286.840820,19317.672852,3567.408085,3569.360018,5.070330,5.067557,353280,353280,353280,0,0,0,1
global_cg,uniform6_19,generic_compressible,1,1,240,251658240,251658240,20971520,335544320,0.750000,8921284608,1104,35328,10,36.000000,9879087.000000,9889306.500000,19295.021484,19314.981445,3568.992019,3568.351984,5.068080,5.068989,353280,353280,353280,0,0,0,1
global_cg,uniform6_20,non_compressible,0,0,240,251658240,251658240,20971520,335544320,0.750000,8669626368,1104,35328,10,36.000000,9878044.000000,9884007.000000,19292.984375,19304.630859,3567.551970,3567.056060,5.070125,5.070830,353280,353280,353280,0,0,0,1
global_cg,uniform6_20,generic_compressible,1,1,240,251658240,251658240,20971520,335544320,0.750000,8921284608,1104,35328,10,36.000000,9876463.500000,9886347.000000,19289.897461,19309.201172,3568.144083,3568.448067,5.069284,5.068852,353280,353280,353280,0,0,0,1
global_cg,uniform6_21,non_compressible,0,0,240,251658240,251658240,20971520,335544320,0.750000,8669626368,1104,35328,10,36.000000,9878554.000000,9890465.500000,19293.980469,19317.245117,3567.600012,3568.448067,5.070057,5.068852,353280,353280,353280,0,0,0,1
global_cg,uniform6_21,generic_compressible,1,1,240,251658240,251658240,20971520,335544320,0.750000,8921284608,1104,35328,10,36.000000,8518962.000000,8515123.500000,16638.527344,16631.030273,3078.688025,3073.935986,5.875209,5.884292,353280,353280,353280,0,0,0,1
global_cg,uniform6_22,non_compressible,0,0,240,251658240,251658240,20971520,335544320,0.750000,8669626368,1104,35328,10,44.000000,9869369.500000,9877397.000000,19276.026367,19291.705078,3568.799973,3568.048000,5.068352,5.069421,353280,353280,353280,0,0,0,1
global_cg,uniform6_22,generic_compressible,1,1,240,251658240,251658240,20971520,335544320,0.750000,8921284608,1104,35328,10,44.000000,9847507.500000,9851049.500000,19233.327148,19240.245117,3567.647934,3568.143964,5.069989,5.069284,353280,353280,353280,0,0,0,1
global_cg,uniform6_23,non_compressible,0,0,240,251658240,251658240,20971520,335544320,0.750000,8669626368,1104,35328,10,36.000000,9864854.500000,9875403.000000,19267.223633,19287.826172,3567.103982,3568.143964,5.070762,5.069284,353280,353280,353280,0,0,0,1
global_cg,uniform6_23,generic_compressible,1,1,240,251658240,251658240,20971520,335544320,0.750000,8921284608,1104,35328,10,36.000000,9875109.500000,9889967.500000,19287.252930,19316.272461,3567.584038,3569.376111,5.070080,5.067534,353280,353280,353280,0,0,0,1
global_cg,uniform6_24,non_compressible,0,0,240,251658240,251658240,20971520,335544320,0.750000,8669626368,1104,35328,10,36.000000,9839281.500000,9848489.500000,19217.276367,19235.260742,3566.959977,3568.016052,5.070967,5.069466,353280,353280,353280,0,0,0,1
global_cg,uniform6_24,generic_compressible,1,1,240,251658240,251658240,20971520,335544320,0.750000,8921284608,1104,35328,10,36.000000,9842304.000000,9849824.500000,19223.179688,19237.868164,3567.231894,3567.104101,5.070580,5.070762,353280,353280,353280,0,0,0,1
global_cg,uniform6_25,non_compressible,0,0,240,251658240,251658240,20971520,335544320,0.750000,8669626368,1104,35328,10,36.000000,8148332.500000,8163437.500000,15914.641602,15944.143555,2946.671963,2947.791934,6.138429,6.136097,353280,353280,353280,0,0,0,1
global_cg,uniform6_25,generic_compressible,1,1,240,251658240,251658240,20971520,335544320,0.750000,8921284608,1104,35328,10,36.000000,8154975.000000,8168828.500000,15927.615234,15954.672852,2947.423935,2948.976040,6.136863,6.133633,353280,353280,353280,0,0,0,1
global_cg,uniform6_26,non_compressible,0,0,240,251658240,251658240,20971520,335544320,0.750000,8669626368,1104,35328,10,36.000000,9878299.000000,9887516.000000,19293.482422,19311.484375,3567.871928,3566.735983,5.069671,5.071285,353280,353280,353280,0,0,0,1
global_cg,uniform6_26,generic_compressible,1,1,240,251658240,251658240,20971520,335544320,0.750000,8921284608,1104,35328,10,36.000000,9877048.000000,9890383.500000,19291.039062,19317.084961,3567.216039,3569.679976,5.070603,5.067103,353280,353280,353280,0,0,0,1
global_cg,uniform6_27,non_compressible,0,0,240,251658240,251658240,20971520,335544320,0.750000,8669626368,1104,35328,10,36.000000,9878603.500000,9889635.500000,19294.077148,19315.624023,3567.008018,3568.384051,5.070899,5.068943,353280,353280,353280,0,0,0,1
global_cg,uniform6_27,generic_compressible,1,1,240,251658240,251658240,20971520,335544320,0.750000,8921284608,1104,35328,10,36.000000,9876709.500000,9888810.000000,19290.377930,19314.011719,3567.071915,3568.207979,5.070808,5.069193,353280,353280,353280,0,0,0,1
global_cg,uniform6_28,non_compressible,0,0,240,251658240,251658240,20971520,335544320,0.750000,8669626368,1104,35328,10,36.000000,9875294.500000,9889863.000000,19287.614258,19316.068359,3567.280054,3568.383932,5.070512,5.068943,353280,353280,353280,0,0,0,1
global_cg,uniform6_28,generic_compressible,1,1,240,251658240,251658240,20971520,335544320,0.750000,8921284608,1104,35328,10,36.000000,9881075.000000,9893965.500000,19298.904297,19324.081055,3568.095922,3568.432093,5.069353,5.068875,353280,353280,353280,0,0,0,1
global_cg,uniform6_29,non_compressible,0,0,240,251658240,251658240,20971520,335544320,0.750000,8669626368,1104,35328,10,36.000000,9875471.500000,9887985.000000,19287.959961,19312.400391,3568.048000,3567.423940,5.069421,5.070307,353280,353280,353280,0,0,0,1
global_cg,uniform6_29,generic_compressible,1,1,240,251658240,251658240,20971520,335544320,0.750000,8921284608,1104,35328,10,36.000000,9876758.500000,9895896.000000,19290.473633,19327.851562,3567.567945,3568.399906,5.070103,5.068921,353280,353280,353280,0,0,0,1
global_cg,uniform6_30,non_compressible,0,0,240,251658240,251658240,20971520,335544320,0.750000,8669626368,1104,35328,10,36.000000,8149729.000000,8164133.000000,15917.369141,15945.501953,2946.128011,2947.744012,6.139562,6.136196,353280,353280,353280,0,0,0,1
global_cg,uniform6_30,generic_compressible,1,1,240,251658240,251658240,20971520,335544320,0.750000,8921284608,1104,35328,10,36.000000,8152805.000000,8164548.000000,15923.376953,15946.312500,2945.871949,2947.712064,6.140096,6.136263,353280,353280,353280,0,0,0,1
global_cg,uniform6_31,non_compressible,0,0,240,251658240,251658240,20971520,335544320,0.750000,8669626368,1104,35328,10,36.000000,9873456.000000,9879149.500000,19284.023438,19295.143555,3567.391992,3568.304062,5.070353,5.069057,353280,353280,353280,0,0,0,1
global_cg,uniform6_31,generic_compressible,1,1,240,251658240,251658240,20971520,335544320,0.750000,8921284608,1104,35328,10,36.000000,9878425.000000,9877513.500000,19293.728516,19291.948242,3568.239927,3568.351984,5.069148,5.068989,353280,353280,353280,0,0,0,1
global_cg,uniform6_32,non_compressible,0,0,240,251658240,251658240,20971520,335544320,0.750000,8669626368,1104,35328,10,36.000000,8644583.000000,8661725.000000,16883.880859,16917.361328,3566.367984,3567.183971,5.071809,5.070648,353280,353280,353280,0,0,0,1
global_cg,uniform6_32,generic_compressible,1,1,240,251658240,251658240,20971520,335544320,0.750000,8921284608,1104,35328,10,36.000000,8671900.500000,8682263.000000,16937.235352,16957.474609,3567.055941,3568.143964,5.070830,5.069284,353280,353280,353280,0,0,0,1
global_cg,uniform6_33,non_compressible,0,0,240,251658240,251658240,20971520,335544320,0.750000,8669626368,1104,35328,10,36.000000,8153079.000000,8163179.000000,15923.912109,15943.638672,2947.520018,2946.975946,6.136663,6.137796,353280,353280,353280,0,0,0,1
global_cg,uniform6_33,generic_compressible,1,1,240,251658240,251658240,20971520,335544320,0.750000,8921284608,1104,35328,10,36.000000,8151554.500000,8163874.000000,15920.934570,15944.996094,2947.920084,2948.559999,6.135830,6.134498,353280,353280,353280,0,0,0,1
global_cg,uniform6_34,non_compressible,0,0,240,251658240,251658240,20971520,335544320,0.750000,8669626368,1104,35328,10,36.000000,8150274.000000,8162898.500000,15918.433594,15943.090820,2945.968032,2947.759986,6.139896,6.136163,353280,353280,353280,0,0,0,1
global_cg,uniform6_34,generic_compressible,1,1,240,251658240,251658240,20971520,335544320,0.750000,8921284608,1104,35328,10,36.000000,8150617.000000,8162950.500000,15919.103516,15943.192383,2947.472095,2948.383927,6.136762,6.134865,353280,353280,353280,0,0,0,1
global_cg,uniform6_35,non_compressible,0,0,240,251658240,251658240,20971520,335544320,0.750000,8669626368,1104,35328,10,36.000000,8149977.000000,8163463.500000,15917.853516,15944.194336,2946.431994,2946.735978,6.138929,6.138295,353280,353280,353280,0,0,0,1
global_cg,uniform6_35,generic_compressible,1,1,240,251658240,251658240,20971520,335544320,0.750000,8921284608,1104,35328,10,36.000000,8149853.500000,8163597.500000,15917.612305,15944.456055,2946.752071,2947.792053,6.138262,6.136096,353280,353280,353280,0,0,0,1
global_cg,uniform6_36,non_compressible,0,0,240,251658240,251658240,20971520,335544320,0.750000,8669626368,1104,35328,10,36.000000,8147244.500000,8163610.500000,15912.516602,15944.481445,2946.784019,2948.656082,6.138195,6.134298,353280,353280,353280,0,0,0,1
global_cg,uniform6_36,generic_compressible,1,1,240,251658240,251658240,20971520,335544320,0.750000,8921284608,1104,35328,10,36.000000,8148084.000000,8162329.000000,15914.156250,15941.978516,2946.208000,2947.071910,6.139395,6.137596,353280,353280,353280,0,0,0,1
global_cg,uniform6_37,non_compressible,0,0,240,251658240,251658240,20971520,335544320,0.750000,8669626368,1104,35328,10,36.000000,9864087.500000,9875221.500000,19265.725586,19287.471680,3567.199945,3568.400025,5.070626,5.068920,353280,353280,353280,0,0,0,1
global_cg,uniform6_37,generic_compressible,1,1,240,251658240,251658240,20971520,335544320,0.750000,8921284608,1104,35328,10,36.000000,9866230.500000,9876407.500000,19269.911133,19289.788086,3567.296028,3568.464041,5.070489,5.068830,353280,353280,353280,0,0,0,1
global_cg,uniform6_38,non_compressible,0,0,240,251658240,251658240,20971520,335544320,0.750000,8669626368,1104,35328,10,36.000000,9839042.000000,9851073.500000,19216.808594,19240.307617,3566.527963,3566.400051,5.071581,5.071763,353280,353280,353280,0,0,0,1
global_cg,uniform6_38,generic_compressible,1,1,240,251658240,251658240,20971520,335544320,0.750000,8921284608,1104,35328,10,36.000000,9844654.500000,9850139.000000,19227.770508,19238.482422,3567.295909,3568.575978,5.070489,5.068671,353280,353280,353280,0,0,0,1
global_cg,uniform6_39,non_compressible,0,0,240,251658240,251658240,20971520,335544320,0.750000,8669626368,1104,35328,10,36.000000,8655216.500000,8664396.000000,16904.649414,16922.578125,3566.079974,3567.216039,5.072218,5.070603,353280,353280,353280,0,0,0,1
global_cg,uniform6_39,generic_compressible,1,1,240,251658240,251658240,20971520,335544320,0.750000,8921284608,1104,35328,10,36.000000,8633869.000000,8685342.500000,16862.955078,16963.489258,3564.751983,3566.223979,5.074108,5.072013,353280,353280,353280,0,0,0,1
global_cg,uniform6_40,non_compressible,0,0,240,251658240,251658240,20971520,335544320,0.750000,8669626368,1104,35328,10,36.000000,8150401.500000,8160480.000000,15918.682617,15938.367188,2946.560025,2946.975946,6.138662,6.137796,353280,353280,353280,0,0,0,1
global_cg,uniform6_40,generic_compressible,1,1,240,251658240,251658240,20971520,335544320,0.750000,8921284608,1104,35328,10,36.000000,8151157.000000,8165029.000000,15920.158203,15947.251953,2946.864009,2947.103977,6.138029,6.137529,353280,353280,353280,0,0,0,1
global_cg,uniform6_41,non_compressible,0,0,240,251658240,251658240,20971520,335544320,0.750000,8669626368,1104,35328,10,36.000000,8656304.500000,8667538.000000,16906.774414,16928.714844,3565.952063,3567.376018,5.072400,5.070376,353280,353280,353280,0,0,0,1
global_cg,uniform6_41,generic_compressible,1,1,240,251658240,251658240,20971520,335544320,0.750000,8921284608,1104,35328,10,36.000000,9847955.000000,9852334.000000,19234.216797,19242.769531,3568.224072,3568.447948,5.069170,5.068852,353280,353280,353280,0,0,0,1
global_cg,uniform6_42,non_compressible,0,0,240,251658240,251658240,20971520,335544320,0.750000,8669626368,1104,35328,10,36.000000,9863088.000000,9878479.500000,19263.773438,19293.834961,3566.784024,3567.552090,5.071217,5.070125,353280,353280,353280,0,0,0,1
global_cg,uniform6_42,generic_compressible,1,1,240,251658240,251658240,20971520,335544320,0.750000,8921284608,1104,35328,10,36.000000,8505383.500000,8512937.500000,16612.006836,16626.760742,3078.815937,3074.047923,5.874965,5.884077,353280,353280,353280,0,0,0,1
global_cg,uniform6_43,non_compressible,0,0,240,251658240,251658240,20971520,335544320,0.750000,8669626368,1104,35328,10,36.000000,8149305.000000,8162729.000000,15916.541016,15942.759766,2946.511984,2948.015928,6.138762,6.135630,353280,353280,353280,0,0,0,1
global_cg,uniform6_43,generic_compressible,1,1,240,251658240,251658240,20971520,335544320,0.750000,8921284608,1104,35328,10,36.000000,8151589.500000,8161312.000000,15921.002930,15939.992188,2947.695971,2946.751952,6.136296,6.138262,353280,353280,353280,0,0,0,1
global_cg,uniform6_44,non_compressible,0,0,240,251658240,251658240,20971520,335544320,0.750000,8669626368,1104,35328,10,36.000000,8150372.000000,8162566.000000,15918.625000,15942.441406,2946.000099,2947.232008,6.139829,6.137262,353280,353280,353280,0,0,0,1
global_cg,uniform6_44,generic_compressible,1,1,240,251658240,251658240,20971520,335544320,0.750000,8921284608,1104,35328,10,36.000000,8150363.500000,8161123.000000,15918.608398,15939.623047,2946.240067,2947.072029,6.139329,6.137595,353280,353280,353280,0,0,0,1
global_cg,uniform6_45,non_compressible,0,0,240,251658240,251658240,20971520,335544320,0.750000,8669626368,1104,35328,10,36.000000,9867349.000000,9853269.000000,19272.095703,19244.595703,3567.072034,3568.256021,5.070808,5.069125,353280,353280,353280,0,0,0,1
global_cg,uniform6_45,generic_compressible,1,1,240,251658240,251658240,20971520,335544320,0.750000,8921284608,1104,35328,10,36.000000,9881347.000000,9889516.000000,19299.435547,19315.390625,3566.223979,3569.552064,5.072013,5.067285,353280,353280,353280,0,0,0,1
global_cg,uniform6_46,non_compressible,0,0,240,251658240,251658240,20971520,335544320,0.750000,8669626368,1104,35328,10,36.000000,8652840.000000,8664136.500000,16900.007812,16922.071289,3565.359950,3568.816066,5.073243,5.068330,353280,353280,353280,0,0,0,1
global_cg,uniform6_46,generic_compressible,1,1,240,251658240,251658240,20971520,335544320,0.750000,8921284608,1104,35328,10,36.000000,8650626.000000,8669504.000000,16895.683594,16932.554688,3564.687967,3567.247987,5.074199,5.070557,353280,353280,353280,0,0,0,1
global_cg,uniform6_47,non_compressible,0,0,240,251658240,251658240,20971520,335544320,0.750000,8669626368,1104,35328,10,36.000000,8152271.000000,8164813.000000,15922.333984,15946.830078,2945.840001,2946.959972,6.140162,6.137829,353280,353280,353280,0,0,0,1
global_cg,uniform6_47,generic_compressible,1,1,240,251658240,251658240,20971520,335544320,0.750000,8921284608,1104,35328,10,36.000000,8154720.000000,8167331.000000,15927.117188,15951.748047,2947.664022,2947.888017,6.136363,6.135897,353280,353280,353280,0,0,0,1
global_cg,uniform6_48,non_compressible,0,0,240,251658240,251658240,20971520,335544320,0.750000,8669626368,1104,35328,10,36.000000,9864425.000000,9879305.500000,19266.384766,19295.448242,3566.064000,3567.520022,5.072241,5.070171,353280,353280,353280,0,0,0,1
global_cg,uniform6_48,generic_compressible,1,1,240,251658240,251658240,20971520,335544320,0.750000,8921284608,1104,35328,10,36.000000,9866390.500000,9892278.000000,19270.223633,19320.785156,3567.919970,3569.535971,5.069603,5.067307,353280,353280,353280,0,0,0,1
global_cg,uniform6_49,non_compressible,0,0,240,251658240,251658240,20971520,335544320,0.750000,8669626368,1104,35328,10,36.000000,8148224.500000,8161465.500000,15914.430664,15940.291992,2945.904016,2947.856069,6.140029,6.135963,353280,353280,353280,0,0,0,1
global_cg,uniform6_49,generic_compressible,1,1,240,251658240,251658240,20971520,335544320,0.750000,8921284608,1104,35328,10,36.000000,8150215.500000,8163699.500000,15918.319336,15944.655273,2945.920110,2948.559999,6.139995,6.134498,353280,353280,353280,0,0,0,1
global_cg,uniform6_50,non_compressible,0,0,240,251658240,251658240,20971520,335544320,0.750000,8669626368,1104,35328,10,36.000000,8149974.500000,8163388.000000,15917.848633,15944.046875,2946.336031,2947.216034,6.139129,6.137296,353280,353280,353280,0,0,0,1
global_cg,uniform6_50,generic_compressible,1,1,240,251658240,251658240,20971520,335544320,0.750000,8921284608,1104,35328,10,36.000000,8150522.500000,8162925.500000,15918.918945,15943.143555,2945.999980,2948.688030,6.139829,6.134232,353280,353280,353280,0,0,0,1
global_cg,uniform6_51,non_compressible,0,0,240,251658240,251658240,20971520,335544320,0.750000,8669626368,1104,35328,10,36.000000,8149461.500000,8162049.000000,15916.846680,15941.431641,2946.480036,2947.055936,6.138829,6.137629,353280,353280,353280,0,0,0,1
global_cg,uniform6_51,generic_compressible,1,1,240,251658240,251658240,20971520,335544320,0.750000,8921284608,1104,35328,10,36.000000,8150882.000000,8162421.000000,15919.621094,15942.158203,2946.480036,2946.735978,6.138829,6.138295,353280,353280,353280,0,0,0,1
global_cg,uniform6_52,non_compressible,0,0,240,251658240,251658240,20971520,335544320,0.750000,8669626368,1104,35328,10,36.000000,8148088.000000,8163568.000000,15914.164062,15944.398438,2945.919991,2948.783994,6.139996,6.134032,353280,353280,353280,0,0,0,1
global_cg,uniform6_52,generic_compressible,1,1,240,251658240,251658240,20971520,335544320,0.750000,8921284608,1104,35328,10,36.000000,8149159.500000,8162476.500000,15916.256836,15942.266602,2946.592093,2946.736097,6.138595,6.138295,353280,353280,353280,0,0,0,1
global_cg,uniform6_53,non_compressible,0,0,240,251658240,251658240,20971520,335544320,0.750000,8669626368,1104,35328,10,36.000000,9864727.500000,9885526.000000,19266.975586,19307.597656,3568.511963,3566.703916,5.068761,5.071331,353280,353280,353280,0,0,0,1
global_cg,uniform6_53,generic_compressible,1,1,240,251658240,251658240,20971520,335544320,0.750000,8921284608,1104,35328,10,36.000000,9842360.000000,9850836.500000,19223.289062,19239.844727,3567.327976,3568.320036,5.070444,5.069034,353280,353280,353280,0,0,0,1
global_cg,uniform6_54,non_compressible,0,0,240,251658240,251658240,20971520,335544320,0.750000,8669626368,1104,35328,10,36.000000,8644138.500000,8661680.000000,16883.012695,16917.273438,3565.696001,3566.368103,5.072764,5.071808,353280,353280,353280,0,0,0,1
global_cg,uniform6_54,generic_compressible,1,1,240,251658240,251658240,20971520,335544320,0.750000,8921284608,1104,35328,10,36.000000,9841462.500000,9850394.000000,19221.536133,19238.980469,3566.847920,3567.680001,5.071126,5.069943,353280,353280,353280,0,0,0,1
global_cg,uniform6_55,non_compressible,0,0,240,251658240,251658240,20971520,335544320,0.750000,8669626368,1104,35328,10,36.000000,8149733.000000,8162404.000000,15917.376953,15942.125000,2947.679996,2946.928024,6.136330,6.137895,353280,353280,353280,0,0,0,1
global_cg,uniform6_55,generic_compressible,1,1,240,251658240,251658240,20971520,335544320,0.750000,8921284608,1104,35328,10,36.000000,8150855.000000,8161396.500000,15919.568359,15940.157227,2947.903991,2948.607922,6.135863,6.134398,353280,353280,353280,0,0,0,1
global_cg,uniform6_56,non_compressible,0,0,240,251658240,251658240,20971520,335544320,0.750000,8669626368,1104,35328,10,36.000000,8652237.000000,8665080.000000,16898.830078,16923.914062,3565.824032,3567.391992,5.072582,5.070353,353280,353280,353280,0,0,0,1
global_cg,uniform6_56,generic_compressible,1,1,240,251658240,251658240,20971520,335544320,0.750000,8921284608,1104,35328,10,36.000000,9554531.500000,8692000.000000,18661.124023,16976.492188,3565.183997,3566.447973,5.073493,5.071695,353280,353280,353280,0,0,0,1
global_cg,uniform6_57,non_compressible,0,0,240,251658240,251658240,20971520,335544320,0.750000,8669626368,1104,35328,10,36.000000,9862938.500000,9872382.500000,19263.481445,19281.926758,3567.072034,3566.720009,5.070808,5.071308,353280,353280,353280,0,0,0,1
global_cg,uniform6_57,generic_compressible,1,1,240,251658240,251658240,20971520,335544320,0.750000,8921284608,1104,35328,10,36.000000,9866072.000000,9874670.000000,19269.601562,19286.394531,3566.560030,3566.703916,5.071536,5.071331,353280,353280,353280,0,0,0,1
global_cg,uniform6_58,non_compressible,0,0,240,251658240,251658240,20971520,335544320,0.750000,8669626368,1104,35328,10,36.000000,8149589.500000,8162730.000000,15917.096680,15942.761719,2947.712064,2947.807908,6.136263,6.136063,353280,353280,353280,0,0,0,1
global_cg,uniform6_58,generic_compressible,1,1,240,251658240,251658240,20971520,335544320,0.750000,8921284608,1104,35328,10,36.000000,8149642.500000,8162423.500000,15917.200195,15942.163086,2946.143985,2947.935939,6.139529,6.135797,353280,353280,353280,0,0,0,1
global_cg,uniform6_59,non_compressible,0,0,240,251658240,251658240,20971520,335544320,0.750000,8669626368,1104,35328,10,36.000000,9877269.000000,9886734.500000,19291.470703,19309.958008,3566.687942,3567.600012,5.071354,5.070057,353280,353280,353280,0,0,0,1
global_cg,uniform6_59,generic_compressible,1,1,240,251658240,251658240,20971520,335544320,0.750000,8921284608,1104,35328,10,36.000000,9874127.500000,9886526.500000,19285.334961,19309.551758,3567.760110,3568.256021,5.069830,5.069125,353280,353280,353280,0,0,0,1
global_cg,uniform6_60,non_compressible,0,0,240,251658240,251658240,20971520,335544320,0.750000,8669626368,1104,35328,10,36.000000,9874046.000000,9890654.000000,19285.175781,19317.613281,3567.103982,3568.207979,5.070762,5.069193,353280,353280,353280,0,0,0,1
global_cg,uniform6_60,generic_compressible,1,1,240,251658240,251658240,20971520,335544320,0.750000,8921284608,1104,35328,10,36.000000,9872988.500000,9888234.000000,19283.110352,19312.886719,3566.735983,3568.383932,5.071285,5.068943,353280,353280,353280,0,0,0,1
global_cg,uniform6_61,non_compressible,0,0,240,251658240,251658240,20971520,335544320,0.750000,8669626368,1104,35328,10,36.000000,9873041.500000,9886411.000000,19283.213867,19309.326172,3567.279935,3567.391992,5.070512,5.070353,353280,353280,353280,0,0,0,1
global_cg,uniform6_61,generic_compressible,1,1,240,251658240,251658240,20971520,335544320,0.750000,8921284608,1104,35328,10,36.000000,9875461.500000,9885902.500000,19287.940430,19308.333008,3567.759991,3569.391966,5.069830,5.067512,353280,353280,353280,0,0,0,1
global_cg,uniform6_62,non_compressible,0,0,240,251658240,251658240,20971520,335544320,0.750000,8669626368,1104,35328,10,39.000000,9875207.500000,9888914.500000,19287.438477,19314.209961,3568.143964,3569.535971,5.069284,5.067307,353280,353280,353280,0,0,0,1
global_cg,uniform6_62,generic_compressible,1,1,240,251658240,251658240,20971520,335544320,0.750000,8921284608,1104,35328,10,38.000000,9877892.000000,9887146.500000,19292.683594,19310.758789,3569.024086,3568.656087,5.068034,5.068557,353280,353280,353280,0,0,0,1
global_cg,uniform6_63,non_compressible,0,0,240,251658240,251658240,20971520,335544320,0.750000,8669626368,1104,35328,10,48.000000,9869480.500000,9880422.000000,19276.235352,19297.605469,3567.568064,3568.495989,5.070103,5.068784,353280,353280,353280,0,0,0,1
global_cg,uniform6_63,generic_compressible,1,1,240,251658240,251658240,20971520,335544320,0.750000,8921284608,1104,35328,10,45.000000,1276484.000000,1277005.000000,2493.044922,2494.062500,471.072003,469.888002,38.397391,38.494143,353280,353280,353280,0,0,0,1
global_cg,uniform6_0,non_compressible,0,0,248,260046848,260046840,21670570,346729120,0.750000,8669626368,1104,35328,10,46.000000,9887507.500000,9898096.500000,19311.448242,19332.129883,3573.920012,3576.639891,5.061091,5.057243,353280,353280,353280,0,0,0,1
global_cg,uniform6_0,generic_compressible,1,1,248,260046848,260046840,21670570,346729120,0.750000,8929673216,1104,35328,10,46.000000,1718387.500000,1719387.000000,3356.135742,3358.087891,628.704011,627.743989,28.770193,28.814192,353280,353280,353280,0,0,0,1
global_cg,uniform6_1,non_compressible,0,0,248,260046848,260046840,21670570,346729120,0.750000,8669626368,1104,35328,10,47.000000,9891798.000000,9904108.000000,19319.826172,19343.869141,3573.551893,3574.656010,5.061613,5.060049,353280,353280,353280,0,0,0,1
global_cg,uniform6_1,generic_compressible,1,1,248,260046848,260046840,21670570,346729120,0.750000,8929673216,1104,35328,10,47.000000,9893763.500000,9905117.500000,19323.665039,19345.840820,3573.679924,3574.671984,5.061431,5.060027,353280,353280,353280,0,0,0,1
global_cg,uniform6_2,non_compressible,0,0,248,260046848,260046840,21670570,346729120,0.750000,8669626368,1104,35328,10,48.000000,9896219.000000,9905943.500000,19328.458984,19347.452148,3574.303985,3574.527979,5.060548,5.060231,353280,353280,353280,0,0,0,1
global_cg,uniform6_2,generic_compressible,1,1,248,260046848,260046840,21670570,346729120,0.750000,8929673216,1104,35328,10,47.000000,9898551.000000,9906856.000000,19333.015625,19349.236328,3574.944019,3574.656010,5.059642,5.060049,353280,353280,353280,0,0,0,1
global_cg,uniform6_3,non_compressible,0,0,248,260046848,260046840,21670570,346729120,0.750000,8669626368,1104,35328,10,48.000000,9882952.500000,9897737.000000,19302.547852,19331.423828,3573.727965,3574.671984,5.061363,5.060027,353280,353280,353280,0,0,0,1
global_cg,uniform6_3,generic_compressible,1,1,248,260046848,260046840,21670570,346729120,0.750000,8929673216,1104,35328,10,48.000000,9892792.500000,9903952.000000,19321.766602,19343.562500,3573.920012,3574.656010,5.061091,5.060049,353280,353280,353280,0,0,0,1
global_cg,uniform6_4,non_compressible,0,0,248,260046848,260046840,21670570,346729120,0.750000,8669626368,1104,35328,10,46.000000,9894366.000000,9906313.500000,19324.843750,19348.178711,3573.872089,3574.768066,5.061159,5.059891,353280,353280,353280,0,0,0,1
global_cg,uniform6_4,generic_compressible,1,1,248,260046848,260046840,21670570,346729120,0.750000,8929673216,1104,35328,10,44.000000,9895483.500000,9905511.000000,19327.030273,19346.615234,3574.319959,3575.392008,5.060525,5.059008,353280,353280,353280,0,0,0,1
global_cg,uniform6_5,non_compressible,0,0,248,260046848,260046840,21670570,346729120,0.750000,8669626368,1104,35328,10,44.000000,9857862.500000,9871357.000000,19253.551758,19279.908203,3573.792100,3574.639916,5.061273,5.060072,353280,353280,353280,0,0,0,1
global_cg,uniform6_5,generic_compressible,1,1,248,260046848,260046840,21670570,346729120,0.750000,8929673216,1104,35328,10,44.000000,9861352.000000,9873882.000000,19260.367188,19284.839844,3573.680043,3576.544046,5.061431,5.057378,353280,353280,353280,0,0,0,1
global_cg,uniform6_6,non_compressible,0,0,248,260046848,260046840,21670570,346729120,0.750000,8669626368,1104,35328,10,36.000000,8164768.500000,8177943.500000,15946.743164,15972.475586,2951.727986,2953.104019,6.127914,6.125059,353280,353280,353280,0,0,0,1
global_cg,uniform6_6,generic_compressible,1,1,248,260046848,260046840,21670570,346729120,0.750000,8929673216,1104,35328,10,36.000000,8165724.000000,8182235.000000,15948.609375,15980.857422,2952.623963,2955.072045,6.126055,6.120980,353280,353280,353280,0,0,0,1
global_cg,uniform6_7,non_compressible,0,0,248,260046848,260046840,21670570,346729120,0.750000,8669626368,1104,35328,10,36.000000,7182758.000000,7181711.000000,14028.753906,14026.708984,2950.432062,2951.888084,6.130606,6.127582,353280,353280,353280,0,0,0,1
global_cg,uniform6_7,generic_compressible,1,1,248,260046848,260046840,21670570,346729120,0.750000,8929673216,1104,35328,10,36.000000,7171007.500000,7183805.500000,14005.803711,14030.799805,2950.399995,2951.952100,6.130672,6.127449,353280,353280,353280,0,0,0,1
global_cg,uniform6_8,non_compressible,0,0,248,260046848,260046840,21670570,346729120,0.750000,8669626368,1104,35328,10,36.000000,9894191.000000,9905197.500000,19324.521484,19346.018555,3573.439956,3574.928045,5.061771,5.059664,353280,353280,353280,0,0,0,1
global_cg,uniform6_8,generic_compressible,1,1,248,260046848,260046840,21670570,346729120,0.750000,8929673216,1104,35328,10,36.000000,9895967.500000,9907796.000000,19327.991211,19351.093750,3573.952079,3575.775981,5.061046,5.058465,353280,353280,353280,0,0,0,1
global_cg,uniform6_9,non_compressible,0,0,248,260046848,260046840,21670570,346729120,0.750000,8669626368,1104,35328,10,36.000000,7147981.000000,7163405.500000,13960.830078,13990.956055,2587.296009,2589.343905,6.991058,6.985529,353280,353280,353280,0,0,0,1
global_cg,uniform6_9,generic_compressible,1,1,248,260046848,260046840,21670570,346729120,0.750000,8929673216,1104,35328,10,36.000000,7149210.500000,7163074.000000,13963.231445,13990.308594,2587.072015,2587.375998,6.991663,6.990842,353280,353280,353280,0,0,0,1
global_cg,uniform6_10,non_compressible,0,0,248,260046848,260046840,21670570,346729120,0.750000,8669626368,1104,35328,10,36.000000,9883062.500000,9894597.500000,19302.786133,19325.315430,3574.576020,3574.528098,5.060163,5.060230,353280,353280,353280,0,0,0,1
global_cg,uniform6_10,generic_compressible,1,1,248,260046848,260046840,21670570,346729120,0.750000,8929673216,1104,35328,10,36.000000,9884168.500000,9869939.000000,19304.946289,19277.154297,3573.472023,3574.191928,5.061726,5.060706,353280,353280,353280,0,0,0,1
global_cg,uniform6_11,non_compressible,0,0,248,260046848,260046840,21670570,346729120,0.750000,8669626368,1104,35328,10,36.000000,8667996.000000,8676017.000000,16929.609375,16945.275391,3573.471904,3574.767947,5.061726,5.059891,353280,353280,353280,0,0,0,1
global_cg,uniform6_11,generic_compressible,1,1,248,260046848,260046840,21670570,346729120,0.750000,8929673216,1104,35328,10,36.000000,8690498.000000,9869889.500000,16973.558594,19277.057617,3573.199987,3574.880004,5.062111,5.059732,353280,353280,353280,0,0,0,1
global_cg,uniform6_12,non_compressible,0,0,248,260046848,260046840,21670570,346729120,0.750000,8669626368,1104,35328,10,36.000000,7149482.500000,7162365.000000,13963.762695,13988.923828,2585.488081,2587.599993,6.995946,6.990237,353280,353280,353280,0,0,0,1
global_cg,uniform6_12,generic_compressible,1,1,248,260046848,260046840,21670570,346729120,0.750000,8929673216,1104,35328,10,36.000000,7151308.500000,7165558.000000,13967.329102,13995.160156,2587.423921,2588.479996,6.990712,6.987860,353280,353280,353280,0,0,0,1
global_cg,uniform6_13,non_compressible,0,0,248,260046848,260046840,21670570,346729120,0.750000,8669626368,1104,35328,10,36.000000,9855185.500000,9868489.000000,19248.338867,19274.322266,3573.104024,3574.368000,5.062247,5.060457,353280,353280,353280,0,0,0,1
global_cg,uniform6_13,generic_compressible,1,1,248,260046848,260046840,21670570,346729120,0.750000,8929673216,1104,35328,10,36.000000,9893609.000000,9905884.500000,19323.384766,19347.360352,3573.535919,3575.599909,5.061635,5.058714,353280,353280,353280,0,0,0,1
global_cg,uniform6_14,non_compressible,0,0,248,260046848,260046840,21670570,346729120,0.750000,8669626368,1104,35328,10,36.000000,8663526.500000,8674721.500000,16920.879883,16942.745117,3572.192073,3573.632002,5.063540,5.061499,353280,353280,353280,0,0,0,1
global_cg,uniform6_14,generic_compressible,1,1,248,260046848,260046840,21670570,346729120,0.750000,8929673216,1104,35328,10,36.000000,9876097.000000,9869072.000000,19289.181641,19275.460938,3574.223995,3574.496031,5.060661,5.060276,353280,353280,353280,0,0,0,1
global_cg,uniform6_15,non_compressible,0,0,248,260046848,260046840,21670570,346729120,0.750000,8669626368,1104,35328,10,36.000000,8644879.500000,8649820.000000,16884.459961,16894.109375,3574.272037,3574.287891,5.060593,5.060571,353280,353280,353280,0,0,0,1
global_cg,uniform6_15,generic_compressible,1,1,248,260046848,260046840,21670570,346729120,0.750000,8929673216,1104,35328,10,36.000000,8652455.000000,8657859.000000,16899.255859,16909.810547,3573.135972,3574.208021,5.062202,5.060684,353280,353280,353280,0,0,0,1
global_cg,uniform6_16,non_compressible,0,0,248,260046848,260046840,21670570,346729120,0.750000,8669626368,1104,35328,10,36.000000,7148581.000000,7165313.500000,13962.001953,13994.682617,2585.807920,2587.903976,6.995081,6.989415,353280,353280,353280,0,0,0,1
global_cg,uniform6_16,generic_compressible,1,1,248,260046848,260046840,21670570,346729120,0.750000,8929673216,1104,35328,10,36.000000,7149560.500000,7163225.500000,13963.915039,13990.604492,2586.912036,2587.359905,6.992095,6.990885,353280,353280,353280,0,0,0,1
global_cg,uniform6_17,non_compressible,0,0,248,260046848,260046840,21670570,346729120,0.750000,8669626368,1104,35328,10,36.000000,9881723.000000,9895386.000000,19300.169922,19326.855469,3573.232055,3574.720025,5.062066,5.059959,353280,353280,353280,0,0,0,1
global_cg,uniform6_17,generic_compressible,1,1,248,260046848,260046840,21670570,346729120,0.750000,8929673216,1104,35328,10,36.000000,9886660.000000,9894720.500000,19309.812500,19325.555664,3573.807955,3574.368000,5.061250,5.060457,353280,353280,353280,0,0,0,1
global_cg,uniform6_18,non_compressible,0,0,248,260046848,260046840,21670570,346729120,0.750000,8669626368,1104,35328,10,36.000000,7151052.500000,7163414.000000,13966.829102,13990.972656,2587.183952,2587.728024,6.991361,6.989891,353280,353280,353280,0,0,0,1
global_cg,uniform6_18,generic_compressible,1,1,248,260046848,260046840,21670570,346729120,0.750000,8929673216,1104,35328,10,36.000000,7149258.500000,7165303.000000,13963.325195,13994.662109,2587.056041,2587.808013,6.991706,6.989675,353280,353280,353280,0,0,0,1
global_cg,uniform6_19,non_compressible,0,0,248,260046848,260046840,21670570,346729120,0.750000,8669626368,1104,35328,10,36.000000,8674537.000000,8681697.000000,16942.384766,16956.369141,3572.736025,3572.896004,5.062769,5.062542,353280,353280,353280,0,0,0,1
global_cg,uniform6_19,generic_compressible,1,1,248,260046848,260046840,21670570,346729120,0.750000,8929673216,1104,35328,10,36.000000,9859610.500000,8820981.500000,19256.981445,17228.409180,3572.303891,3573.295951,5.063381,5.061975,353280,353280,353280,0,0,0,1
global_cg,uniform6_20,non_compressible,0,0,248,260046848,260046840,21670570,346729120,0.750000,8669626368,1104,35328,10,36.000000,8141802.500000,8152348.500000,15901.887695,15922.485352,2951.200008,2952.336073,6.129011,6.126652,353280,353280,353280,0,0,0,1
global_cg,uniform6_20,generic_compressible,1,1,248,260046848,260046840,21670570,346729120,0.750000,8929673216,1104,35328,10,36.000000,8136227.500000,8148926.000000,15890.999023,15915.800781,2951.856017,2952.191949,6.127648,6.126951,353280,353280,353280,0,0,0,1
global_cg,uniform6_21,non_compressible,0,0,248,260046848,260046840,21670570,346729120,0.750000,8669626368,1104,35328,10,36.000000,7152207.500000,7164203.000000,13969.084961,13992.513672,2587.375998,2587.360024,6.990842,6.990885,353280,353280,353280,0,0,0,1
global_cg,uniform6_21,generic_compressible,1,1,248,260046848,260046840,21670570,346729120,0.750000,8929673216,1104,35328,10,36.000000,6205394.500000,6210490.500000,12119.840820,12129.793945,2247.056007,2245.424032,8.049615,8.055466,353280,353280,353280,0,0,0,1
global_cg,uniform6_22,non_compressible,0,0,248,260046848,260046840,21670570,346729120,0.750000,8669626368,1104,35328,10,36.000000,9881461.500000,9895319.500000,19299.659180,19326.725586,3572.592020,3574.464083,5.062973,5.060321,353280,353280,353280,0,0,0,1
global_cg,uniform6_22,generic_compressible,1,1,248,260046848,260046840,21670570,346729120,0.750000,8929673216,1104,35328,10,36.000000,9888180.500000,9873727.500000,19312.782227,19284.553711,3573.632002,3574.543953,5.061499,5.060208,353280,353280,353280,0,0,0,1
global_cg,uniform6_23,non_compressible,0,0,248,260046848,260046840,21670570,346729120,0.750000,8669626368,1104,35328,10,36.000000,9884627.500000,9895952.000000,19305.842773,19327.960938,3573.328018,3574.656010,5.061930,5.060049,353280,353280,353280,0,0,0,1
global_cg,uniform6_23,generic_compressible,1,1,248,260046848,260046840,21670570,346729120,0.750000,8929673216,1104,35328,10,36.000000,9856836.000000,9908256.500000,19251.562500,19351.993164,3572.736025,3574.671984,5.062769,5.060027,353280,353280,353280,0,0,0,1
global_cg,uniform6_24,non_compressible,0,0,248,260046848,260046840,21670570,346729120,0.750000,8669626368,1104,35328,10,36.000000,8635715.500000,8649664.000000,16866.561523,16893.804688,3572.768092,3572.592020,5.062723,5.062973,353280,353280,353280,0,0,0,1
global_cg,uniform6_24,generic_compressible,1,1,248,260046848,260046840,21670570,346729120,0.750000,8929673216,1104,35328,10,36.000000,8646989.000000,8669101.500000,16888.580078,16931.768555,3572.000027,3573.744059,5.063812,5.061341,353280,353280,353280,0,0,0,1
global_cg,uniform6_25,non_compressible,0,0,248,260046848,260046840,21670570,346729120,0.750000,8669626368,1104,35328,10,36.000000,7148769.500000,7159221.500000,13962.370117,13982.784180,2587.007999,2587.296009,6.991836,6.991058,353280,353280,353280,0,0,0,1
global_cg,uniform6_25,generic_compressible,1,1,248,260046848,260046840,21670570,346729120,0.750000,8929673216,1104,35328,10,36.000000,7146872.500000,7164409.500000,13958.665039,13992.916992,2587.280035,2589.536071,6.991101,6.985010,353280,353280,353280,0,0,0,1
global_cg,uniform6_26,non_compressible,0,0,248,260046848,260046840,21670570,346729120,0.750000,8669626368,1104,35328,10,36.000000,9881802.500000,9895801.500000,19300.325195,19327.666992,3573.519945,3574.704051,5.061658,5.059981,353280,353280,353280,0,0,0,1
global_cg,uniform6_26,generic_compressible,1,1,248,260046848,260046840,21670570,346729120,0.750000,8929673216,1104,35328,10,36.000000,9880632.500000,9912138.000000,19298.040039,19359.574219,3573.808074,3574.688077,5.061250,5.060004,353280,353280,353280,0,0,0,1
global_cg,uniform6_27,non_compressible,0,0,248,260046848,260046840,21670570,346729120,0.750000,8669626368,1104,35328,10,36.000000,7163126.000000,7175869.500000,13990.410156,14015.299805,2768.911958,2771.119952,6.532507,6.527302,353280,353280,353280,0,0,0,1
global_cg,uniform6_27,generic_compressible,1,1,248,260046848,260046840,21670570,346729120,0.750000,8929673216,1104,35328,10,36.000000,7165027.500000,7185589.500000,13994.124023,14034.284180,2770.255923,2953.071952,6.529338,6.125125,353280,353280,353280,0,0,0,1
global_cg,uniform6_28,non_compressible,0,0,248,260046848,260046840,21670570,346729120,0.750000,8669626368,1104,35328,10,36.000000,9856126.000000,9148543.500000,19250.175781,17868.178711,3572.896004,3573.664069,5.062542,5.061454,353280,353280,353280,0,0,0,1
global_cg,uniform6_28,generic_compressible,1,1,248,260046848,260046840,21670570,346729120,0.750000,8929673216,1104,35328,10,36.000000,9858173.500000,9873390.500000,19254.174805,19283.895508,3573.647976,3574.303985,5.061477,5.060548,353280,353280,353280,0,0,0,1
global_cg,uniform6_29,non_compressible,0,0,248,260046848,260046840,21670570,346729120,0.750000,8669626368,1104,35328,10,36.000000,9880300.000000,9896779.000000,19297.390625,19329.576172,3574.720025,3574.943900,5.059959,5.059642,353280,353280,353280,0,0,0,1
global_cg,uniform6_29,generic_compressible,1,1,248,260046848,260046840,21670570,346729120,0.750000,8929673216,1104,35328,10,36.000000,9882157.500000,9896260.000000,19301.018555,19328.562500,3573.296070,3574.751973,5.061975,5.059914,353280,353280,353280,0,0,0,1
global_cg,uniform6_30,non_compressible,0,0,248,260046848,260046840,21670570,346729120,0.750000,8669626368,1104,35328,10,36.000000,8663324.500000,8694274.500000,16920.485352,16980.934570,3573.055983,3573.583961,5.062315,5.061567,353280,353280,353280,0,0,0,1
global_cg,uniform6_30,generic_compressible,1,1,248,260046848,260046840,21670570,346729120,0.750000,8929673216,1104,35328,10,36.000000,9858642.500000,9870621.000000,19255.090820,19278.486328,3573.487997,3574.592113,5.061703,5.060140,353280,353280,353280,0,0,0,1
global_cg,uniform6_31,non_compressible,0,0,248,260046848,260046840,21670570,346729120,0.750000,8669626368,1104,35328,10,36.000000,7145070.000000,7164130.000000,13955.144531,13992.371094,2586.896062,2587.423921,6.992139,6.990712,353280,353280,353280,0,0,0,1
global_cg,uniform6_31,generic_compressible,1,1,248,260046848,260046840,21670570,346729120,0.750000,8929673216,1104,35328,10,36.000000,7149532.000000,7163145.000000,13963.859375,13990.447266,2585.872054,2587.696075,6.994908,6.989977,353280,353280,353280,0,0,0,1
global_cg,uniform6_32,non_compressible,0,0,248,260046848,260046840,21670570,346729120,0.750000,8669626368,1104,35328,10,36.000000,9886345.500000,9895565.500000,19309.198242,19327.206055,3573.504090,3574.640036,5.061681,5.060072,353280,353280,353280,0,0,0,1
global_cg,uniform6_32,generic_compressible,1,1,248,260046848,260046840,21670570,346729120,0.750000,8929673216,1104,35328,10,36.000000,9899536.500000,9905998.500000,19334.961914,19347.583008,3574.208021,3574.463964,5.060684,5.060321,353280,353280,353280,0,0,0,1
global_cg,uniform6_33,non_compressible,0,0,248,260046848,260046840,21670570,346729120,0.750000,8669626368,1104,35328,10,36.000000,8662425.500000,9871193.500000,16918.729492,19279.604492,3572.831988,3574.479938,5.062633,5.060299,353280,353280,353280,0,0,0,1
global_cg,uniform6_33,generic_compressible,1,1,248,260046848,260046840,21670570,346729120,0.750000,8929673216,1104,35328,10,36.000000,9855573.000000,9866427.000000,19249.095703,19270.294922,3573.391914,3575.024009,5.061839,5.059529,353280,353280,353280,0,0,0,1
global_cg,uniform6_34,non_compressible,0,0,248,260046848,260046840,21670570,346729120,0.750000,8669626368,1104,35328,10,36.000000,7148340.000000,7162538.500000,13961.531250,13989.262695,2586.768031,2587.584019,6.992485,6.990280,353280,353280,353280,0,0,0,1
global_cg,uniform6_34,generic_compressible,1,1,248,260046848,260046840,21670570,346729120,0.750000,8929673216,1104,35328,10,36.000000,7148042.000000,7164239.500000,13960.949219,13992.584961,2586.944103,2587.888002,6.992009,6.989459,353280,353280,353280,0,0,0,1
global_cg,uniform6_35,non_compressible,0,0,248,260046848,260046840,21670570,346729120,0.750000,8669626368,1104,35328,10,36.000000,9881633.500000,9895997.500000,19299.995117,19328.049805,3572.816014,3574.671984,5.062655,5.060027,353280,353280,353280,0,0,0,1
global_cg,uniform6_35,generic_compressible,1,1,248,260046848,260046840,21670570,346729120,0.750000,8929673216,1104,35328,10,36.000000,9900949.500000,9906726.000000,19337.721680,19349.003906,3573.824048,3575.296044,5.061227,5.059144,353280,353280,353280,0,0,0,1
global_cg,uniform6_36,non_compressible,0,0,248,260046848,260046840,21670570,346729120,0.750000,8669626368,1104,35328,10,36.000000,8669803.500000,8680737.500000,16933.139648,16954.495117,3573.200107,3573.744059,5.062111,5.061341,353280,353280,353280,0,0,0,1
global_cg,uniform6_36,generic_compressible,1,1,248,260046848,260046840,21670570,346729120,0.750000,8929673216,1104,35328,10,36.000000,8644467.500000,8657668.000000,16883.655273,16909.437500,3573.024035,3573.855996,5.062361,5.061182,353280,353280,353280,0,0,0,1
global_cg,uniform6_37,non_compressible,0,0,248,260046848,260046840,21670570,346729120,0.750000,8669626368,1104,35328,10,36.000000,7149832.000000,7163053.500000,13964.445312,13990.268555,2588.208079,2587.520003,6.988594,6.990453,353280,353280,353280,0,0,0,1
global_cg,uniform6_37,generic_compressible,1,1,248,260046848,260046840,21670570,346729120,0.750000,8929673216,1104,35328,10,36.000000,7153656.000000,7164009.000000,13971.914062,13992.134766,2587.199926,2587.888002,6.991317,6.989459,353280,353280,353280,0,0,0,1
global_cg,uniform6_38,non_compressible,0,0,248,260046848,260046840,21670570,346729120,0.750000,8669626368,1104,35328,10,36.000000,9893318.000000,9896553.000000,19322.816406,19329.134766,3574.751973,3574.560046,5.059914,5.060185,353280,353280,353280,0,0,0,1
global_cg,uniform6_38,generic_compressible,1,1,248,260046848,260046840,21670570,346729120,0.750000,8929673216,1104,35328,10,36.000000,9857685.000000,9869579.500000,19253.220703,19276.452148,3573.664069,3572.864056,5.061454,5.062587,353280,353280,353280,0,0,0,1
global_cg,uniform6_39,non_compressible,0,0,248,260046848,260046840,21670570,346729120,0.750000,8669626368,1104,35328,10,36.000000,7160634.000000,7177231.500000,13985.542969,14017.959961,2769.999981,2770.447969,6.529941,6.528885,353280,353280,353280,0,0,0,1
global_cg,uniform6_39,generic_compressible,1,1,248,260046848,260046840,21670570,346729120,0.750000,8929673216,1104,35328,10,36.000000,7158108.000000,7183123.000000,13980.609375,14029.466797,2770.159960,2953.008056,6.529564,6.125258,353280,353280,353280,0,0,0,1
global_cg,uniform6_40,non_compressible,0,0,248,260046848,260046840,21670570,346729120,0.750000,8669626368,1104,35328,10,36.000000,8672800.500000,8685372.000000,16938.993164,16963.546875,3573.455930,3573.535919,5.061749,5.061635,353280,353280,353280,0,0,0,1
global_cg,uniform6_40,generic_compressible,1,1,248,260046848,260046840,21670570,346729120,0.750000,8929673216,1104,35328,10,36.000000,8642481.500000,8657850.000000,16879.776367,16909.792969,3571.087956,3573.343992,5.065105,5.061907,353280,353280,353280,0,0,0,1
global_cg,uniform6_41,non_compressible,0,0,248,260046848,260046840,21670570,346729120,0.750000,8669626368,1104,35328,10,36.000000,8156495.500000,8170668.000000,15930.584961,15958.265625,2951.856017,2952.895999,6.127648,6.125490,353280,353280,353280,0,0,0,1
global_cg,uniform6_41,generic_compressible,1,1,248,260046848,260046840,21670570,346729120,0.750000,8929673216,1104,35328,10,36.000000,8132737.500000,8169022.000000,15884.182617,15955.050781,2951.616049,2952.960014,6.128147,6.125358,353280,353280,353280,0,0,0,1
global_cg,uniform6_42,non_compressible,0,0,248,260046848,260046840,21670570,346729120,0.750000,8669626368,1104,35328,10,36.000000,7150188.000000,7164644.500000,13965.140625,13993.375977,2585.327983,2589.408040,6.996380,6.985356,353280,353280,353280,0,0,0,1
global_cg,uniform6_42,generic_compressible,1,1,248,260046848,260046840,21670570,346729120,0.750000,8929673216,1104,35328,10,36.000000,6208716.000000,6209215.500000,12126.328125,12127.303711,2248.463988,2244.240046,8.044574,8.059715,353280,353280,353280,0,0,0,1
global_cg,uniform6_43,non_compressible,0,0,248,260046848,260046840,21670570,346729120,0.750000,8669626368,1104,35328,10,36.000000,9879769.000000,9897276.000000,19296.353516,19330.546875,3573.264003,3575.135946,5.062021,5.059370,353280,353280,353280,0,0,0,1
global_cg,uniform6_43,generic_compressible,1,1,248,260046848,260046840,21670570,346729120,0.750000,8929673216,1104,35328,10,36.000000,9855490.500000,9867477.500000,19248.934570,19272.346680,3573.008060,3574.447989,5.062383,5.060344,353280,353280,353280,0,0,0,1
global_cg,uniform6_44,non_compressible,0,0,248,260046848,260046840,21670570,346729120,0.750000,8669626368,1104,35328,10,36.000000,7147799.000000,7163340.000000,13960.474609,13990.828125,2587.199926,2588.624001,6.991317,6.987471,353280,353280,353280,0,0,0,1
global_cg,uniform6_44,generic_compressible,1,1,248,260046848,260046840,21670570,346729120,0.750000,8929673216,1104,35328,10,36.000000,7144468.500000,7163469.500000,13953.969727,13991.081055,2586.367965,2589.200020,6.993566,6.985917,353280,353280,353280,0,0,0,1
global_cg,uniform6_45,non_compressible,0,0,248,260046848,260046840,21670570,346729120,0.750000,8669626368,1104,35328,10,36.000000,8154113.500000,8169234.500000,15925.932617,15955.465820,2951.727986,2952.848077,6.127914,6.125590,353280,353280,353280,0,0,0,1
global_cg,uniform6_45,generic_compressible,1,1,248,260046848,260046840,21670570,346729120,0.750000,8929673216,1104,35328,10,36.000000,8164072.000000,8178120.000000,15945.382812,15972.820312,2952.207923,2952.960014,6.126918,6.125358,353280,353280,353280,0,0,0,1
global_cg,uniform6_46,non_compressible,0,0,248,260046848,260046840,21670570,346729120,0.750000,8669626368,1104,35328,10,36.000000,7152459.000000,7167512.500000,13969.576172,13998.977539,2585.504055,2589.280009,6.995903,6.985701,353280,353280,353280,0,0,0,1
global_cg,uniform6_46,generic_compressible,1,1,248,260046848,260046840,21670570,346729120,0.750000,8929673216,1104,35328,10,36.000000,7146955.500000,7164250.000000,13958.827148,13992.605469,2587.296009,2587.904096,6.991058,6.989415,353280,353280,353280,0,0,0,1
global_cg,uniform6_47,non_compressible,0,0,248,260046848,260046840,21670570,346729120,0.750000,8669626368,1104,35328,10,36.000000,8153588.500000,8170325.000000,15924.907227,15957.595703,2951.327920,2953.008056,6.128745,6.125258,353280,353280,353280,0,0,0,1
global_cg,uniform6_47,generic_compressible,1,1,248,260046848,260046840,21670570,346729120,0.750000,8929673216,1104,35328,10,36.000000,8153088.000000,8183339.000000,15923.929688,15983.013672,2951.279998,2953.104019,6.128844,6.125059,353280,353280,353280,0,0,0,1
global_cg,uniform6_48,non_compressible,0,0,248,260046848,260046840,21670570,346729120,0.750000,8669626368,1104,35328,10,36.000000,7147781.000000,7156010.000000,13960.439453,13976.511719,2587.295890,2587.631941,6.991058,6.990150,353280,353280,353280,0,0,0,1
global_cg,uniform6_48,generic_compressible,1,1,248,260046848,260046840,21670570,346729120,0.750000,8929673216,1104,35328,10,36.000000,7149805.000000,7160963.000000,13964.392578,13986.185547,2587.359905,2587.407947,6.990885,6.990755,353280,353280,353280,0,0,0,1
global_cg,uniform6_49,non_compressible,0,0,248,260046848,260046840,21670570,346729120,0.750000,8669626368,1104,35328,10,36.000000,9883960.500000,9876746.000000,19304.540039,19290.449219,3573.503971,3574.544072,5.061681,5.060208,353280,353280,353280,0,0,0,1
global_cg,uniform6_49,generic_compressible,1,1,248,260046848,260046840,21670570,346729120,0.750000,8929673216,1104,35328,10,36.000000,9896429.000000,9904355.000000,19328.892578,19344.373047,3575.599909,3574.751973,5.058714,5.059914,353280,353280,353280,0,0,0,1
global_cg,uniform6_50,non_compressible,0,0,248,260046848,260046840,21670570,346729120,0.750000,8669626368,1104,35328,10,36.000000,8670163.500000,8675667.000000,16933.842773,16944.591797,3573.375940,3572.784066,5.061862,5.062701,353280,353280,353280,0,0,0,1
global_cg,uniform6_50,generic_compressible,1,1,248,260046848,260046840,21670570,346729120,0.750000,8929673216,1104,35328,10,36.000000,8672381.500000,8672223.000000,16938.174805,16937.865234,3572.687984,3574.607968,5.062837,5.060117,353280,353280,353280,0,0,0,1
global_cg,uniform6_51,non_compressible,0,0,248,260046848,260046840,21670570,346729120,0.750000,8669626368,1104,35328,10,36.000000,8159601.500000,8169874.000000,15936.651367,15956.714844,2951.519966,2954.112053,6.128346,6.122969,353280,353280,353280,0,0,0,1
global_cg,uniform6_51,generic_compressible,1,1,248,260046848,260046840,21670570,346729120,0.750000,8929673216,1104,35328,10,36.000000,8159992.500000,8169173.000000,15937.415039,15955.345703,2952.015996,2953.040004,6.127316,6.125192,353280,353280,353280,0,0,0,1
global_cg,uniform6_52,non_compressible,0,0,248,260046848,260046840,21670570,346729120,0.750000,8669626368,1104,35328,10,36.000000,8151910.000000,8158995.000000,15921.628906,15935.466797,2952.463984,2952.928066,6.126387,6.125424,353280,353280,353280,0,0,0,1
global_cg,uniform6_52,generic_compressible,1,1,248,260046848,260046840,21670570,346729120,0.750000,8929673216,1104,35328,10,36.000000,8146382.500000,8156934.000000,15910.833008,15931.441406,2951.856017,2953.135967,6.127648,6.124993,353280,353280,353280,0,0,0,1
global_cg,uniform6_53,non_compressible,0,0,248,260046848,260046840,21670570,346729120,0.750000,8669626368,1104,35328,10,36.000000,8165205.000000,8179984.000000,15947.595703,15976.460938,2951.568007,2952.928066,6.128246,6.125424,353280,353280,353280,0,0,0,1
global_cg,uniform6_53,generic_compressible,1,1,248,260046848,260046840,21670570,346729120,0.750000,8929673216,1104,35328,10,36.000000,8165860.000000,8178668.000000,15948.875000,15973.890625,2951.776028,2953.104019,6.127815,6.125059,353280,353280,353280,0,0,0,1
global_cg,uniform6_54,non_compressible,0,0,248,260046848,260046840,21670570,346729120,0.750000,8669626368,1104,35328,10,36.000000,8164322.500000,8179260.000000,15945.872070,15975.046875,2951.967955,2953.232050,6.127416,6.124793,353280,353280,353280,0,0,0,1
global_cg,uniform6_54,generic_compressible,1,1,248,260046848,260046840,21670570,346729120,0.750000,8929673216,1104,35328,10,36.000000,8165981.500000,8181863.500000,15949.112305,15980.131836,2952.416062,2954.335928,6.126486,6.122505,353280,353280,353280,0,0,0,1
global_cg,uniform6_55,non_compressible,0,0,248,260046848,260046840,21670570,346729120,0.750000,8669626368,1104,35328,10,36.000000,8165966.500000,8179392.500000,15949.083008,15975.305664,2951.679945,2953.088045,6.128014,6.125092,353280,353280,353280,0,0,0,1
global_cg,uniform6_55,generic_compressible,1,1,248,260046848,260046840,21670570,346729120,0.750000,8929673216,1104,35328,10,36.000000,8165766.000000,8178677.000000,15948.691406,15973.908203,2952.816010,2952.944040,6.125656,6.125391,353280,353280,353280,0,0,0,1
global_cg,uniform6_56,non_compressible,0,0,248,260046848,260046840,21670570,346729120,0.750000,8669626368,1104,35328,10,36.000000,8159099.000000,8169387.000000,15935.669922,15955.763672,2951.808095,2952.895999,6.127748,6.125490,353280,353280,353280,0,0,0,1
global_cg,uniform6_56,generic_compressible,1,1,248,260046848,260046840,21670570,346729120,0.750000,8929673216,1104,35328,10,36.000000,8158237.500000,8171732.500000,15933.987305,15960.344727,2951.743960,2952.975988,6.127881,6.125324,353280,353280,353280,0,0,0,1
global_cg,uniform6_57,non_compressible,0,0,248,260046848,260046840,21670570,346729120,0.750000,8669626368,1104,35328,10,36.000000,8162986.500000,8177552.000000,15943.262695,15971.710938,2952.656031,2954.048038,6.125988,6.123102,353280,353280,353280,0,0,0,1
global_cg,uniform6_57,generic_compressible,1,1,248,260046848,260046840,21670570,346729120,0.750000,8929673216,1104,35328,10,36.000000,8169030.000000,8179374.000000,15955.066406,15975.269531,2952.911973,2953.136086,6.125457,6.124992,353280,353280,353280,0,0,0,1
global_cg,uniform6_58,non_compressible,0,0,248,260046848,260046840,21670570,346729120,0.750000,8669626368,1104,35328,10,36.000000,9855856.000000,9867381.500000,19249.648438,19272.159180,3573.568106,3574.544072,5.061590,5.060208,353280,353280,353280,0,0,0,1
global_cg,uniform6_58,generic_compressible,1,1,248,260046848,260046840,21670570,346729120,0.750000,8929673216,1104,35328,10,36.000000,9859192.500000,9869359.000000,19256.165039,19276.021484,3572.031975,3574.735999,5.063767,5.059936,353280,353280,353280,0,0,0,1
global_cg,uniform6_59,non_compressible,0,0,248,260046848,260046840,21670570,346729120,0.750000,8669626368,1104,35328,10,36.000000,8166694.500000,8178967.500000,15950.504883,15974.475586,2951.856017,2952.928066,6.127648,6.125424,353280,353280,353280,0,0,0,1
global_cg,uniform6_59,generic_compressible,1,1,248,260046848,260046840,21670570,346729120,0.750000,8929673216,1104,35328,10,36.000000,8165886.000000,8179028.000000,15948.925781,15974.593750,2952.080011,2954.079986,6.127184,6.123035,353280,353280,353280,0,0,0,1
global_cg,uniform6_60,non_compressible,0,0,248,260046848,260046840,21670570,346729120,0.750000,8669626368,1104,35328,10,36.000000,8158674.500000,8169278.000000,15934.840820,15955.550781,2951.776028,2953.024030,6.127815,6.125225,353280,353280,353280,0,0,0,1
global_cg,uniform6_60,generic_compressible,1,1,248,260046848,260046840,21670570,346729120,0.750000,8929673216,1104,35328,10,36.000000,8157657.000000,8169433.500000,15932.853516,15955.854492,2951.679945,2955.008030,6.128014,6.121112,353280,353280,353280,0,0,0,1
global_cg,uniform6_61,non_compressible,0,0,248,260046848,260046840,21670570,346729120,0.750000,8669626368,1104,35328,10,36.000000,8166840.000000,8182312.500000,15950.789062,15981.008789,2951.696038,2952.927947,6.127981,6.125424,353280,353280,353280,0,0,0,1
global_cg,uniform6_61,generic_compressible,1,1,248,260046848,260046840,21670570,346729120,0.750000,8929673216,1104,35328,10,36.000000,8166710.000000,8181420.500000,15950.535156,15979.266602,2952.399969,2953.999996,6.126520,6.123201,353280,353280,353280,0,0,0,1
global_cg,uniform6_62,non_compressible,0,0,248,260046848,260046840,21670570,346729120,0.750000,8669626368,1104,35328,10,36.000000,8165936.500000,8179244.500000,15949.024414,15975.016602,2951.967955,2954.064012,6.127416,6.123068,353280,353280,353280,0,0,0,1
global_cg,uniform6_62,generic_compressible,1,1,248,260046848,260046840,21670570,346729120,0.750000,8929673216,1104,35328,10,36.000000,8165718.000000,8179612.000000,15948.597656,15975.734375,2951.984048,2954.928041,6.127383,6.121278,353280,353280,353280,0,0,0,1
global_cg,uniform6_63,non_compressible,0,0,248,260046848,260046840,21670570,346729120,0.750000,8669626368,1104,35328,10,36.000000,9900022.000000,9908219.000000,19335.910156,19351.919922,3574.096084,3574.576020,5.060842,5.060163,353280,353280,353280,0,0,0,1
global_cg,uniform6_63,generic_compressible,1,1,248,260046848,260046840,21670570,346729120,0.750000,8929673216,1104,35328,10,36.000000,1719530.500000,1719757.000000,3358.387695,3358.830078,628.304005,627.775997,28.788510,28.812723,353280,353280,353280,0,0,0,1
