path,bytes,sha256
.gitignore,430,cbf2967e815e81055756697f8ff18f9efd046d048e54a820c37a385a07c95fda
LICENSE,1085,1eeadcd7c9ec7add36b9a5c872b5bd5ceb471582051f5c1acefe7cf9b351ff69
NOTICE.md,880,e78ab4ea6746544812ab28a209c85dd3dfbfc98ceed3ed6ef40eef289ccb9501
README.md,9776,732d7bb2a1197339cddba4b1fb5cf791508de2de8b55378fac146a8a01a0b98a
benchmarks/PHYSICAL_GPU_REPORT_RTX_5070_TI_LAPTOP.md,69734,cf6906cdd93d5204960b447d77e4ef5193177048192bc1b1bf7165a7d4d55f30
benchmarks/YIELD_COMPRESSION_LIMITS_RTX_5070_TI_LAPTOP.md,29123,72b08fcc39698f6ec59b802cd856d844faa527165df74b3aa9f3d67a92420625
benchmarks/benchmark_summary.md,1954,c15be08265bc98442cd70f5cd31e44b60d4b61d8dae4b266369315ade7915a5b
benchmarks/bootstrap_compiler_results.json,11901,f826856951816d430eabb848ee1eb0a696923d4a6ad044ad99cc8e6c1f943c1d
benchmarks/bounded_compact/f1/pipeline_cache/G32_E16_COMPACT_append.vkcache,10980,c2daa10c9959a714412e5a9675ced0b2fc3fdbe722d2dcaf0a2fa8eec9a7887d
benchmarks/bounded_compact/f1/pipeline_cache/G32_E16_COMPACT_append_counts.vkcache,11652,918e7deb1619fd485980ecaae6784f2623d51c2d08e1aefbfb3ba44de2ffaab5
benchmarks/bounded_compact/f1/pipeline_cache/G32_E16_SUBGROUP_COMPACT_append.vkcache,14019,c376a0b1457123f27da59ac8b009d26b8290e0a14b252e1644312b8060ec1a3c
benchmarks/bounded_compact/f1/pipeline_cache/G32_E16_SUBGROUP_COMPACT_append_counts.vkcache,15954,93d64658fa0c1d48f6690ee3e58bf3f3da0dbceca0f609ec575b0dcfd4640564
benchmarks/bounded_compact/f1/pipeline_cache/G32_E16_evaluate.vkcache,10394,0e40531ff78de5a704de782729a71fc5a5dfa31188fb08b239c814b1b365dd27
benchmarks/bounded_compact/f1/pipeline_cache/G32_E16_evaluate_commit.vkcache,11460,c93459be1c2be04c753c65f1ec6e98fbf8ecf906f0563f15e2eade6ef9a1e36e
benchmarks/bounded_compact/f1/vulkan_benchmark_results.csv,12157,ec116d54f78fddcd47aaa61b1532efa318e6da8e90fce1d33d3a3952d65cb413
benchmarks/bounded_compact/f1/vulkan_benchmark_results.json,51568,48362611a2c01f1da1479664ce4627412bc9f84781d7ecff2741b68ec8b32d4c
benchmarks/bounded_compact/f2/pipeline_cache/G32_E16_COMPACT_append.vkcache,10980,c2daa10c9959a714412e5a9675ced0b2fc3fdbe722d2dcaf0a2fa8eec9a7887d
benchmarks/bounded_compact/f2/pipeline_cache/G32_E16_COMPACT_append_counts.vkcache,11652,918e7deb1619fd485980ecaae6784f2623d51c2d08e1aefbfb3ba44de2ffaab5
benchmarks/bounded_compact/f2/pipeline_cache/G32_E16_SUBGROUP_COMPACT_append.vkcache,14019,c376a0b1457123f27da59ac8b009d26b8290e0a14b252e1644312b8060ec1a3c
benchmarks/bounded_compact/f2/pipeline_cache/G32_E16_SUBGROUP_COMPACT_append_counts.vkcache,15954,93d64658fa0c1d48f6690ee3e58bf3f3da0dbceca0f609ec575b0dcfd4640564
benchmarks/bounded_compact/f2/pipeline_cache/G32_E16_evaluate.vkcache,10394,0e40531ff78de5a704de782729a71fc5a5dfa31188fb08b239c814b1b365dd27
benchmarks/bounded_compact/f2/pipeline_cache/G32_E16_evaluate_commit.vkcache,11460,c93459be1c2be04c753c65f1ec6e98fbf8ecf906f0563f15e2eade6ef9a1e36e
benchmarks/bounded_compact/f2/vulkan_benchmark_results.csv,12146,c7ddd685d999ce84b3ef710ed74458b913d7d9de28f686fb878d74a90e46176c
benchmarks/bounded_compact/f2/vulkan_benchmark_results.json,51557,42433fb6b333b7078b321100544074d2e25b55cec625b70faf33e7e11359dfa5
benchmarks/bounded_compact/overflow_check/pipeline_cache/G32_E16_COMPACT_append.vkcache,10980,c2daa10c9959a714412e5a9675ced0b2fc3fdbe722d2dcaf0a2fa8eec9a7887d
benchmarks/bounded_compact/overflow_check/pipeline_cache/G32_E16_COMPACT_append_counts.vkcache,11652,918e7deb1619fd485980ecaae6784f2623d51c2d08e1aefbfb3ba44de2ffaab5
benchmarks/bounded_compact/overflow_check/pipeline_cache/G32_E16_SUBGROUP_COMPACT_append.vkcache,14019,c376a0b1457123f27da59ac8b009d26b8290e0a14b252e1644312b8060ec1a3c
benchmarks/bounded_compact/overflow_check/pipeline_cache/G32_E16_SUBGROUP_COMPACT_append_counts.vkcache,15954,93d64658fa0c1d48f6690ee3e58bf3f3da0dbceca0f609ec575b0dcfd4640564
benchmarks/bounded_compact/overflow_check/pipeline_cache/G32_E16_evaluate.vkcache,10394,0e40531ff78de5a704de782729a71fc5a5dfa31188fb08b239c814b1b365dd27
benchmarks/bounded_compact/overflow_check/pipeline_cache/G32_E16_evaluate_commit.vkcache,11460,c93459be1c2be04c753c65f1ec6e98fbf8ecf906f0563f15e2eade6ef9a1e36e
benchmarks/bounded_compact/overflow_check/vulkan_benchmark_results.csv,2568,52a89a0b02eb8aede642badf7b73dd26ff69c153476d3f47e2e2cbc137844a56
benchmarks/bounded_compact/overflow_check/vulkan_benchmark_results.json,10611,873c909ebd32d67752c25093fedea36bcd71bfd8a244a0b720c63a5e180cc1ab
benchmarks/bounded_compact/r1/pipeline_cache/G32_E16_COMPACT_append.vkcache,10980,c2daa10c9959a714412e5a9675ced0b2fc3fdbe722d2dcaf0a2fa8eec9a7887d
benchmarks/bounded_compact/r1/pipeline_cache/G32_E16_COMPACT_append_counts.vkcache,11652,918e7deb1619fd485980ecaae6784f2623d51c2d08e1aefbfb3ba44de2ffaab5
benchmarks/bounded_compact/r1/pipeline_cache/G32_E16_SUBGROUP_COMPACT_append.vkcache,14019,c376a0b1457123f27da59ac8b009d26b8290e0a14b252e1644312b8060ec1a3c
benchmarks/bounded_compact/r1/pipeline_cache/G32_E16_SUBGROUP_COMPACT_append_counts.vkcache,15954,93d64658fa0c1d48f6690ee3e58bf3f3da0dbceca0f609ec575b0dcfd4640564
benchmarks/bounded_compact/r1/pipeline_cache/G32_E16_evaluate.vkcache,10394,0e40531ff78de5a704de782729a71fc5a5dfa31188fb08b239c814b1b365dd27
benchmarks/bounded_compact/r1/pipeline_cache/G32_E16_evaluate_commit.vkcache,11460,c93459be1c2be04c753c65f1ec6e98fbf8ecf906f0563f15e2eade6ef9a1e36e
benchmarks/bounded_compact/r1/vulkan_benchmark_results.csv,12160,8917fa85e8fc06f78635c2b4cd73167f8d5a786501392c39e6f2a4c07a70e728
benchmarks/bounded_compact/r1/vulkan_benchmark_results.json,51571,780e578e42bb8448cbdbbb9bd02fd9859d66a136455c7dbaeaa0c4db2a547880
benchmarks/bounded_compact/r2/pipeline_cache/G32_E16_COMPACT_append.vkcache,10980,c2daa10c9959a714412e5a9675ced0b2fc3fdbe722d2dcaf0a2fa8eec9a7887d
benchmarks/bounded_compact/r2/pipeline_cache/G32_E16_COMPACT_append_counts.vkcache,11652,918e7deb1619fd485980ecaae6784f2623d51c2d08e1aefbfb3ba44de2ffaab5
benchmarks/bounded_compact/r2/pipeline_cache/G32_E16_SUBGROUP_COMPACT_append.vkcache,14019,c376a0b1457123f27da59ac8b009d26b8290e0a14b252e1644312b8060ec1a3c
benchmarks/bounded_compact/r2/pipeline_cache/G32_E16_SUBGROUP_COMPACT_append_counts.vkcache,15954,93d64658fa0c1d48f6690ee3e58bf3f3da0dbceca0f609ec575b0dcfd4640564
benchmarks/bounded_compact/r2/pipeline_cache/G32_E16_evaluate.vkcache,10394,0e40531ff78de5a704de782729a71fc5a5dfa31188fb08b239c814b1b365dd27
benchmarks/bounded_compact/r2/pipeline_cache/G32_E16_evaluate_commit.vkcache,11460,c93459be1c2be04c753c65f1ec6e98fbf8ecf906f0563f15e2eade6ef9a1e36e
benchmarks/bounded_compact/r2/vulkan_benchmark_results.csv,12151,e19509d91ac950b71b3fbc9476bb19fb9703717d88d151faef5b9e1e6460ad4f
benchmarks/bounded_compact/r2/vulkan_benchmark_results.json,51561,02ccb8990b36f741bae6cff0ed54b2e38a46b15a9ced3cf91ac10a79805cf5e7
benchmarks/capacity_sweep/ratio_0_04/pipeline_cache/G32_E16_COMPACT_append.vkcache,10980,c2daa10c9959a714412e5a9675ced0b2fc3fdbe722d2dcaf0a2fa8eec9a7887d
benchmarks/capacity_sweep/ratio_0_04/pipeline_cache/G32_E16_COMPACT_append_counts.vkcache,11652,918e7deb1619fd485980ecaae6784f2623d51c2d08e1aefbfb3ba44de2ffaab5
benchmarks/capacity_sweep/ratio_0_04/pipeline_cache/G32_E16_SUBGROUP_COMPACT_append.vkcache,14019,c376a0b1457123f27da59ac8b009d26b8290e0a14b252e1644312b8060ec1a3c
benchmarks/capacity_sweep/ratio_0_04/pipeline_cache/G32_E16_SUBGROUP_COMPACT_append_counts.vkcache,15954,93d64658fa0c1d48f6690ee3e58bf3f3da0dbceca0f609ec575b0dcfd4640564
benchmarks/capacity_sweep/ratio_0_04/pipeline_cache/G32_E16_evaluate.vkcache,10394,0e40531ff78de5a704de782729a71fc5a5dfa31188fb08b239c814b1b365dd27
benchmarks/capacity_sweep/ratio_0_04/pipeline_cache/G32_E16_evaluate_commit.vkcache,11460,c93459be1c2be04c753c65f1ec6e98fbf8ecf906f0563f15e2eade6ef9a1e36e
benchmarks/capacity_sweep/ratio_0_04/vulkan_benchmark_results.csv,2682,5791d43831954618b8ed096a40ee48f40184562457c613f750deb6d5a1581b1d
benchmarks/capacity_sweep/ratio_0_04/vulkan_benchmark_results.json,10742,4d66aa2942b4c7d82ac7c90d1ee37286a36eea2948dd61177dfdd2b7d82e1ca9
benchmarks/capacity_sweep/ratio_0_0475/pipeline_cache/G32_E16_COMPACT_append.vkcache,10980,c2daa10c9959a714412e5a9675ced0b2fc3fdbe722d2dcaf0a2fa8eec9a7887d
benchmarks/capacity_sweep/ratio_0_0475/pipeline_cache/G32_E16_COMPACT_append_counts.vkcache,11652,918e7deb1619fd485980ecaae6784f2623d51c2d08e1aefbfb3ba44de2ffaab5
benchmarks/capacity_sweep/ratio_0_0475/pipeline_cache/G32_E16_SUBGROUP_COMPACT_append.vkcache,14019,c376a0b1457123f27da59ac8b009d26b8290e0a14b252e1644312b8060ec1a3c
benchmarks/capacity_sweep/ratio_0_0475/pipeline_cache/G32_E16_SUBGROUP_COMPACT_append_counts.vkcache,15954,93d64658fa0c1d48f6690ee3e58bf3f3da0dbceca0f609ec575b0dcfd4640564
benchmarks/capacity_sweep/ratio_0_0475/pipeline_cache/G32_E16_evaluate.vkcache,10394,0e40531ff78de5a704de782729a71fc5a5dfa31188fb08b239c814b1b365dd27
benchmarks/capacity_sweep/ratio_0_0475/pipeline_cache/G32_E16_evaluate_commit.vkcache,11460,c93459be1c2be04c753c65f1ec6e98fbf8ecf906f0563f15e2eade6ef9a1e36e
benchmarks/capacity_sweep/ratio_0_0475/vulkan_benchmark_results.csv,2666,c18a55bfc80818ae560ce86852117d38bd7212a4b3409befb840a9e83172d3e1
benchmarks/capacity_sweep/ratio_0_0475/vulkan_benchmark_results.json,10723,8d390ca772c003b076ab3dc0ad7a8e5edf9b825b987fac2ca9c44f544a801378
benchmarks/capacity_sweep/ratio_0_05/pipeline_cache/G32_E16_COMPACT_append.vkcache,10980,c2daa10c9959a714412e5a9675ced0b2fc3fdbe722d2dcaf0a2fa8eec9a7887d
benchmarks/capacity_sweep/ratio_0_05/pipeline_cache/G32_E16_COMPACT_append_counts.vkcache,11652,918e7deb1619fd485980ecaae6784f2623d51c2d08e1aefbfb3ba44de2ffaab5
benchmarks/capacity_sweep/ratio_0_05/pipeline_cache/G32_E16_SUBGROUP_COMPACT_append.vkcache,14019,c376a0b1457123f27da59ac8b009d26b8290e0a14b252e1644312b8060ec1a3c
benchmarks/capacity_sweep/ratio_0_05/pipeline_cache/G32_E16_SUBGROUP_COMPACT_append_counts.vkcache,15954,93d64658fa0c1d48f6690ee3e58bf3f3da0dbceca0f609ec575b0dcfd4640564
benchmarks/capacity_sweep/ratio_0_05/pipeline_cache/G32_E16_evaluate.vkcache,10394,0e40531ff78de5a704de782729a71fc5a5dfa31188fb08b239c814b1b365dd27
benchmarks/capacity_sweep/ratio_0_05/pipeline_cache/G32_E16_evaluate_commit.vkcache,11460,c93459be1c2be04c753c65f1ec6e98fbf8ecf906f0563f15e2eade6ef9a1e36e
benchmarks/capacity_sweep/ratio_0_05/vulkan_benchmark_results.csv,2666,d523bfeee6c7869c21d43e87d05499c26beda1a1fb362d5527a3c7b25f28f755
benchmarks/capacity_sweep/ratio_0_05/vulkan_benchmark_results.json,10723,c4a684e6ed65e327cbdb4f192d453a90ff68c34dde27f4e34155bc046ce4d432
benchmarks/charts/candidate_evaluation_rate.png,118173,3652c872b1d7de8d76e51c796f0a8bc1fade00f1e86c5922e8f517ae59c6ff2f
benchmarks/charts/compression_metrics.png,53823,9037021f205dad82ab74209afc3bebb646c8f1fe9b0ae3c4a245ef8180f93fb4
benchmarks/charts/device_latency.png,123088,fe07573425369f5a69666094456c8af0a498b32870625c2b33a351d370206c6c
benchmarks/charts/memory_footprint.png,91691,8966ad24d6f816c4d0e867f2ce79e6c6b9299191450e9c60bea92c1106f70788
benchmarks/charts/pipeline_compilation.png,83451,cefd4f354566c3dcc9f0965d22d6e89c583643a9b297566f300f498108a5e73a
benchmarks/cold_lineage_hot/f1/pipeline_cache/p_1c27fa3c26b85d18.vkcache,16517,a55e7680e63c2010a07612fa4f0f2ae52daf3be14bce1aed7719d8454a5da821
benchmarks/cold_lineage_hot/f1/pipeline_cache/p_654dde13dd36225a.vkcache,14641,ceb6b469b5c9bbfb3c2a9658c6ea843959b7dbf9407c7a7954528a5e879ba4ba
benchmarks/cold_lineage_hot/f1/pipeline_cache/p_702fafaf0b00926f.vkcache,16594,2214776dff29eb523929a1c71a1b2df24405c2f4368ba6692879ef7de538807a
benchmarks/cold_lineage_hot/f1/pipeline_cache/p_c437e987de9f0a53.vkcache,14584,74cf4c57f7a44ae434871c96607f11f7f5026ca8f7fda78282d86cfa0ed26a83
benchmarks/cold_lineage_hot/f1/pipeline_cache/p_ca51bcfef8addcae.vkcache,10392,f3f51072befeab7da4bc968d73e4114db8915820326167f7115ffaf03b7ab85e
benchmarks/cold_lineage_hot/f1/pipeline_cache/p_ebeff226f883d5ba.vkcache,11458,e84fdf2362b85e33f79a8628d23f1a5955357775bc1e207fc6ce312c229f43c3
benchmarks/cold_lineage_hot/f1/vulkan_benchmark_results.csv,25545,d38dfe57c880ccfdbb25356c686ec2e1dcbb2c6dbfd3b075c581f8b0ba85a0b5
benchmarks/cold_lineage_hot/f1/vulkan_benchmark_results.json,104499,ae2c6e4c79d4c029bdc0d01ffd0b786444351bbec13028ca0c8e14fe1048ddd4
benchmarks/cold_lineage_hot/f2/pipeline_cache/p_1c27fa3c26b85d18.vkcache,16517,dbe305ec13ff1e49c19681f4212c283b3928ab73a6ce5c72a522d58a2a362a14
benchmarks/cold_lineage_hot/f2/pipeline_cache/p_654dde13dd36225a.vkcache,14639,4a028fa1fe1109ea808e3cbc5610189e2855a7ed7afa696788e6ae648fa3fe37
benchmarks/cold_lineage_hot/f2/pipeline_cache/p_702fafaf0b00926f.vkcache,16594,a127752f1489303c126036a1e4e7eaaad179ffbda48bd526e4f3c85753ee5a04
benchmarks/cold_lineage_hot/f2/pipeline_cache/p_c437e987de9f0a53.vkcache,14582,cabc12fa8ed9fbf40e9bbcb12752d953595fe61deab4076bf85a4269937a3175
benchmarks/cold_lineage_hot/f2/pipeline_cache/p_ca51bcfef8addcae.vkcache,10393,6017cb3d0f48b7b512d2c59e5d87b9c371a3c85c9b435e7e0be884b17699fc05
benchmarks/cold_lineage_hot/f2/pipeline_cache/p_ebeff226f883d5ba.vkcache,11458,7395ad918d29968d036e9e6ae7f336183f923d17f1cdc3b8122931e4f4e74c7e
benchmarks/cold_lineage_hot/f2/vulkan_benchmark_results.csv,25542,71f59200794347800089aa5372bba970eabf1bae003a35cb23c333b2f65d9f0a
benchmarks/cold_lineage_hot/f2/vulkan_benchmark_results.json,104496,d5ddcd3abd4fe983750027c4afa688474f7a4cd440cf3473c8f1205a3c62b41e
benchmarks/cold_lineage_hot/f3/pipeline_cache/p_1c27fa3c26b85d18.vkcache,16517,00538e231d5e0bbc3f0ba812aaad2c51be53c1041dbf2c2bbf3a1af711c63599
benchmarks/cold_lineage_hot/f3/pipeline_cache/p_654dde13dd36225a.vkcache,14640,25a02ff998aed566a99f224a3b737f3532b886242ab31eab43a0f30e25c56700
benchmarks/cold_lineage_hot/f3/pipeline_cache/p_702fafaf0b00926f.vkcache,16594,9d77d77b83ec7f01dbe7ddd19ea9044b89ebabbd71c9178bd32845be5de4fd93
benchmarks/cold_lineage_hot/f3/pipeline_cache/p_c437e987de9f0a53.vkcache,14583,4394992690829beed7421bf307a4e6a9fa375dd217dd37dc5dc9d948b8bfdf35
benchmarks/cold_lineage_hot/f3/pipeline_cache/p_ca51bcfef8addcae.vkcache,10394,9add2007ef725078d4f00c1354fe0da09ddb8b7008a3526ae15cacd9529777d9
benchmarks/cold_lineage_hot/f3/pipeline_cache/p_ebeff226f883d5ba.vkcache,11459,09d9fa244c371f7f103d20d7daf45ee7eeb24a16bf2d5e612eba7f1624597192
benchmarks/cold_lineage_hot/f3/vulkan_benchmark_results.csv,25536,bfbc49d5c6d6f5818d8c136512f9e60a0a2b7c907a0bca3081d07967c6f119f0
benchmarks/cold_lineage_hot/f3/vulkan_benchmark_results.json,104484,d324877dd849d10f25fcf4c053c7e11a40a4f36d73bd6b76b296c83fe709e665
benchmarks/cold_lineage_hot/r1/pipeline_cache/p_1c27fa3c26b85d18.vkcache,16517,98edf6f68c1c876cea7fbfc2f1757bd6a8c2cfdc8dbda4915bc0ad6610414a3d
benchmarks/cold_lineage_hot/r1/pipeline_cache/p_654dde13dd36225a.vkcache,14639,6885cc3fcc931f6452e0de630e66cdcee9bcc77f8d9f4d045466c45b0d15355d
benchmarks/cold_lineage_hot/r1/pipeline_cache/p_702fafaf0b00926f.vkcache,16594,8abb925adbce63658efe9c923f0ca72cd09c891186ce5b6309f6bf33a3d27ed2
benchmarks/cold_lineage_hot/r1/pipeline_cache/p_c437e987de9f0a53.vkcache,14583,6a01128e2fd34adba9cd13b88a5b153f112bf0f329931c1b74e1cadc1d74502d
benchmarks/cold_lineage_hot/r1/pipeline_cache/p_ca51bcfef8addcae.vkcache,10394,4aa862d8bb42fa06cb15289272d10e3a095a1bc24be239713ce0f2afe03227d8
benchmarks/cold_lineage_hot/r1/pipeline_cache/p_ebeff226f883d5ba.vkcache,11457,ed6cade74497c6c274f42f9e898188d341d46385667722ed11ab3a34b9d1dc34
benchmarks/cold_lineage_hot/r1/vulkan_benchmark_results.csv,25544,68115da1fae30637e5775f54c7b17e892097bc1d8ddef82844f15ea7aade104a
benchmarks/cold_lineage_hot/r1/vulkan_benchmark_results.json,104497,d82a7686b813fa8e35eff32f937853cda13bed6604b30d11efcdb98204078ad6
benchmarks/cold_lineage_hot/r2/pipeline_cache/p_1c27fa3c26b85d18.vkcache,16517,00538e231d5e0bbc3f0ba812aaad2c51be53c1041dbf2c2bbf3a1af711c63599
benchmarks/cold_lineage_hot/r2/pipeline_cache/p_654dde13dd36225a.vkcache,14640,25a02ff998aed566a99f224a3b737f3532b886242ab31eab43a0f30e25c56700
benchmarks/cold_lineage_hot/r2/pipeline_cache/p_702fafaf0b00926f.vkcache,16594,9d77d77b83ec7f01dbe7ddd19ea9044b89ebabbd71c9178bd32845be5de4fd93
benchmarks/cold_lineage_hot/r2/pipeline_cache/p_c437e987de9f0a53.vkcache,14583,4394992690829beed7421bf307a4e6a9fa375dd217dd37dc5dc9d948b8bfdf35
benchmarks/cold_lineage_hot/r2/pipeline_cache/p_ca51bcfef8addcae.vkcache,10394,9add2007ef725078d4f00c1354fe0da09ddb8b7008a3526ae15cacd9529777d9
benchmarks/cold_lineage_hot/r2/pipeline_cache/p_ebeff226f883d5ba.vkcache,11459,09d9fa244c371f7f103d20d7daf45ee7eeb24a16bf2d5e612eba7f1624597192
benchmarks/cold_lineage_hot/r2/vulkan_benchmark_results.csv,25543,2c12584e3b988f9f4044d62c69613f83beaa6f8b4974adfed7f7924d55e848b0
benchmarks/cold_lineage_hot/r2/vulkan_benchmark_results.json,104490,fde694dcf18c172d08fe6c4a27a836274f2d4e6a0da5617122461f469bdce763
benchmarks/cold_lineage_hot/r3/pipeline_cache/p_1c27fa3c26b85d18.vkcache,16517,00538e231d5e0bbc3f0ba812aaad2c51be53c1041dbf2c2bbf3a1af711c63599
benchmarks/cold_lineage_hot/r3/pipeline_cache/p_654dde13dd36225a.vkcache,14640,25a02ff998aed566a99f224a3b737f3532b886242ab31eab43a0f30e25c56700
benchmarks/cold_lineage_hot/r3/pipeline_cache/p_702fafaf0b00926f.vkcache,16594,9d77d77b83ec7f01dbe7ddd19ea9044b89ebabbd71c9178bd32845be5de4fd93
benchmarks/cold_lineage_hot/r3/pipeline_cache/p_c437e987de9f0a53.vkcache,14583,4394992690829beed7421bf307a4e6a9fa375dd217dd37dc5dc9d948b8bfdf35
benchmarks/cold_lineage_hot/r3/pipeline_cache/p_ca51bcfef8addcae.vkcache,10394,9add2007ef725078d4f00c1354fe0da09ddb8b7008a3526ae15cacd9529777d9
benchmarks/cold_lineage_hot/r3/pipeline_cache/p_ebeff226f883d5ba.vkcache,11459,09d9fa244c371f7f103d20d7daf45ee7eeb24a16bf2d5e612eba7f1624597192
benchmarks/cold_lineage_hot/r3/vulkan_benchmark_results.csv,25546,a684ce55f9162bacd88fa6906c838bfff121e5e105a0266eccb77b21212c05fe
benchmarks/cold_lineage_hot/r3/vulkan_benchmark_results.json,104493,d60a4a0d87fa47b7da4b63ea7c53b5c54b9dc79cd0bf90424d0f305a1093aeaa
benchmarks/cold_lineage_isolated/PROTOCOL.md,1794,a36c3295a025a8d71f495a11697040ae9deb56969f89b1c59d3206bdc4053a09
benchmarks/cold_lineage_isolated/f1/pipeline_cache/p_1c27fa3c26b85d18.vkcache,16517,00538e231d5e0bbc3f0ba812aaad2c51be53c1041dbf2c2bbf3a1af711c63599
benchmarks/cold_lineage_isolated/f1/pipeline_cache/p_654dde13dd36225a.vkcache,14640,25a02ff998aed566a99f224a3b737f3532b886242ab31eab43a0f30e25c56700
benchmarks/cold_lineage_isolated/f1/pipeline_cache/p_702fafaf0b00926f.vkcache,16594,9d77d77b83ec7f01dbe7ddd19ea9044b89ebabbd71c9178bd32845be5de4fd93
benchmarks/cold_lineage_isolated/f1/pipeline_cache/p_c437e987de9f0a53.vkcache,14583,4394992690829beed7421bf307a4e6a9fa375dd217dd37dc5dc9d948b8bfdf35
benchmarks/cold_lineage_isolated/f1/pipeline_cache/p_ca51bcfef8addcae.vkcache,10394,9add2007ef725078d4f00c1354fe0da09ddb8b7008a3526ae15cacd9529777d9
benchmarks/cold_lineage_isolated/f1/pipeline_cache/p_ebeff226f883d5ba.vkcache,11459,09d9fa244c371f7f103d20d7daf45ee7eeb24a16bf2d5e612eba7f1624597192
benchmarks/cold_lineage_isolated/f1/vulkan_benchmark_results.csv,25532,f80216b5d5f3c49110074545fa7ffff1b18099feb8b4221e14e03c96948eed3d
benchmarks/cold_lineage_isolated/f1/vulkan_benchmark_results.json,108801,f6151a7e35ca89934eb35d54d476c38406e2de3e284ca8a00fc5d70001ed285b
benchmarks/cold_lineage_isolated/f2/pipeline_cache/p_1c27fa3c26b85d18.vkcache,16517,00538e231d5e0bbc3f0ba812aaad2c51be53c1041dbf2c2bbf3a1af711c63599
benchmarks/cold_lineage_isolated/f2/pipeline_cache/p_654dde13dd36225a.vkcache,14640,25a02ff998aed566a99f224a3b737f3532b886242ab31eab43a0f30e25c56700
benchmarks/cold_lineage_isolated/f2/pipeline_cache/p_702fafaf0b00926f.vkcache,16594,9d77d77b83ec7f01dbe7ddd19ea9044b89ebabbd71c9178bd32845be5de4fd93
benchmarks/cold_lineage_isolated/f2/pipeline_cache/p_c437e987de9f0a53.vkcache,14583,4394992690829beed7421bf307a4e6a9fa375dd217dd37dc5dc9d948b8bfdf35
benchmarks/cold_lineage_isolated/f2/pipeline_cache/p_ca51bcfef8addcae.vkcache,10394,9add2007ef725078d4f00c1354fe0da09ddb8b7008a3526ae15cacd9529777d9
benchmarks/cold_lineage_isolated/f2/pipeline_cache/p_ebeff226f883d5ba.vkcache,11459,09d9fa244c371f7f103d20d7daf45ee7eeb24a16bf2d5e612eba7f1624597192
benchmarks/cold_lineage_isolated/f2/vulkan_benchmark_results.csv,25529,8069ad39b669a7184575456c03761243249616dec192e1d58298adf8b35304e1
benchmarks/cold_lineage_isolated/f2/vulkan_benchmark_results.json,108798,3882628255cf0e39c0c38aca580653a3c43af0fec01c37df3e38b4e0747c9141
benchmarks/cold_lineage_isolated/f3/pipeline_cache/p_1c27fa3c26b85d18.vkcache,16517,00538e231d5e0bbc3f0ba812aaad2c51be53c1041dbf2c2bbf3a1af711c63599
benchmarks/cold_lineage_isolated/f3/pipeline_cache/p_654dde13dd36225a.vkcache,14640,25a02ff998aed566a99f224a3b737f3532b886242ab31eab43a0f30e25c56700
benchmarks/cold_lineage_isolated/f3/pipeline_cache/p_702fafaf0b00926f.vkcache,16594,9d77d77b83ec7f01dbe7ddd19ea9044b89ebabbd71c9178bd32845be5de4fd93
benchmarks/cold_lineage_isolated/f3/pipeline_cache/p_c437e987de9f0a53.vkcache,14583,4394992690829beed7421bf307a4e6a9fa375dd217dd37dc5dc9d948b8bfdf35
benchmarks/cold_lineage_isolated/f3/pipeline_cache/p_ca51bcfef8addcae.vkcache,10394,9add2007ef725078d4f00c1354fe0da09ddb8b7008a3526ae15cacd9529777d9
benchmarks/cold_lineage_isolated/f3/pipeline_cache/p_ebeff226f883d5ba.vkcache,11459,09d9fa244c371f7f103d20d7daf45ee7eeb24a16bf2d5e612eba7f1624597192
benchmarks/cold_lineage_isolated/f3/vulkan_benchmark_results.csv,25523,cbc0ccf959513087fae26679caefa9bdece77102833ce17bd59d71aeb6f311dd
benchmarks/cold_lineage_isolated/f3/vulkan_benchmark_results.json,108792,95069b554fd7b91df05dfc417f566ba812001f07857249fa59f4ade992512338
benchmarks/cold_lineage_isolated/r1/pipeline_cache/p_1c27fa3c26b85d18.vkcache,16517,00538e231d5e0bbc3f0ba812aaad2c51be53c1041dbf2c2bbf3a1af711c63599
benchmarks/cold_lineage_isolated/r1/pipeline_cache/p_654dde13dd36225a.vkcache,14640,25a02ff998aed566a99f224a3b737f3532b886242ab31eab43a0f30e25c56700
benchmarks/cold_lineage_isolated/r1/pipeline_cache/p_702fafaf0b00926f.vkcache,16594,9d77d77b83ec7f01dbe7ddd19ea9044b89ebabbd71c9178bd32845be5de4fd93
benchmarks/cold_lineage_isolated/r1/pipeline_cache/p_c437e987de9f0a53.vkcache,14583,4394992690829beed7421bf307a4e6a9fa375dd217dd37dc5dc9d948b8bfdf35
benchmarks/cold_lineage_isolated/r1/pipeline_cache/p_ca51bcfef8addcae.vkcache,10394,9add2007ef725078d4f00c1354fe0da09ddb8b7008a3526ae15cacd9529777d9
benchmarks/cold_lineage_isolated/r1/pipeline_cache/p_ebeff226f883d5ba.vkcache,11459,09d9fa244c371f7f103d20d7daf45ee7eeb24a16bf2d5e612eba7f1624597192
benchmarks/cold_lineage_isolated/r1/vulkan_benchmark_results.csv,25545,c6e95ecddc17b20edecbd52a834fab3e76ac75f2cbc61512395b28abfab7071a
benchmarks/cold_lineage_isolated/r1/vulkan_benchmark_results.json,108813,a7e71615f5d3de36c0dc9c91ba1f9b99f4ad3757d1f520b4a423dba759e388a5
benchmarks/cold_lineage_isolated/r2/pipeline_cache/p_1c27fa3c26b85d18.vkcache,16517,00538e231d5e0bbc3f0ba812aaad2c51be53c1041dbf2c2bbf3a1af711c63599
benchmarks/cold_lineage_isolated/r2/pipeline_cache/p_654dde13dd36225a.vkcache,14640,25a02ff998aed566a99f224a3b737f3532b886242ab31eab43a0f30e25c56700
benchmarks/cold_lineage_isolated/r2/pipeline_cache/p_702fafaf0b00926f.vkcache,16594,9d77d77b83ec7f01dbe7ddd19ea9044b89ebabbd71c9178bd32845be5de4fd93
benchmarks/cold_lineage_isolated/r2/pipeline_cache/p_c437e987de9f0a53.vkcache,14583,4394992690829beed7421bf307a4e6a9fa375dd217dd37dc5dc9d948b8bfdf35
benchmarks/cold_lineage_isolated/r2/pipeline_cache/p_ca51bcfef8addcae.vkcache,10394,9add2007ef725078d4f00c1354fe0da09ddb8b7008a3526ae15cacd9529777d9
benchmarks/cold_lineage_isolated/r2/pipeline_cache/p_ebeff226f883d5ba.vkcache,11459,09d9fa244c371f7f103d20d7daf45ee7eeb24a16bf2d5e612eba7f1624597192
benchmarks/cold_lineage_isolated/r2/vulkan_benchmark_results.csv,25555,2c1960982390d3dfd2e888547f5e032d0fd6a8dc94c931674c83d50f15f107d0
benchmarks/cold_lineage_isolated/r2/vulkan_benchmark_results.json,108823,5369ed91efaaba9733716d4003dc8ba1c3177814f306fd39df81aca0529ada0d
benchmarks/cold_lineage_isolated/r3/pipeline_cache/p_1c27fa3c26b85d18.vkcache,16517,00538e231d5e0bbc3f0ba812aaad2c51be53c1041dbf2c2bbf3a1af711c63599
benchmarks/cold_lineage_isolated/r3/pipeline_cache/p_654dde13dd36225a.vkcache,14640,25a02ff998aed566a99f224a3b737f3532b886242ab31eab43a0f30e25c56700
benchmarks/cold_lineage_isolated/r3/pipeline_cache/p_702fafaf0b00926f.vkcache,16594,9d77d77b83ec7f01dbe7ddd19ea9044b89ebabbd71c9178bd32845be5de4fd93
benchmarks/cold_lineage_isolated/r3/pipeline_cache/p_c437e987de9f0a53.vkcache,14583,4394992690829beed7421bf307a4e6a9fa375dd217dd37dc5dc9d948b8bfdf35
benchmarks/cold_lineage_isolated/r3/pipeline_cache/p_ca51bcfef8addcae.vkcache,10394,9add2007ef725078d4f00c1354fe0da09ddb8b7008a3526ae15cacd9529777d9
benchmarks/cold_lineage_isolated/r3/pipeline_cache/p_ebeff226f883d5ba.vkcache,11459,09d9fa244c371f7f103d20d7daf45ee7eeb24a16bf2d5e612eba7f1624597192
benchmarks/cold_lineage_isolated/r3/vulkan_benchmark_results.csv,25545,ee900d4cc54bf95893daa7f0ef8b4f2b99f2922e2dd0e2cbb7949ca7fe5c6825
benchmarks/cold_lineage_isolated/r3/vulkan_benchmark_results.json,108813,903ef273f644b43a3484b1c3263e08264c135ca236dcf737ffa6f24075eb8185
benchmarks/cuda_l2_clock_isolated/PROTOCOL.md,4818,e6df0881b0da21715b6297ae45ee037f552fbef5799f6d3e7c89bad1da1c6b69
benchmarks/cuda_l2_clock_isolated/aggregate/cuda_l2_clock_aggregate.csv,2261,1a1516a39791d8a0df70d968b3ce23535d2bb33d949ec487f2fef1b89fafb571
benchmarks/cuda_l2_clock_isolated/aggregate/cuda_l2_clock_aggregate.json,10654,eeb60e566189551f8a125b4e9a308733e280fca4bcc606e3200356621f020db4
benchmarks/cuda_l2_clock_isolated/f1/cuda_l2_clock_results.csv,1311,9881222b4bd85c12f0a38a60510aee75c80522f323373194f91447dc34231e40
benchmarks/cuda_l2_clock_isolated/f1/cuda_l2_clock_results.json,8689,0211fcacd628ec601e3aa5770c3d8e9521b3b93fea634bace1cf62118d2d0ba4
benchmarks/cuda_l2_clock_isolated/f2/cuda_l2_clock_results.csv,1311,fc3c7a93b37be7df3ea85e44d48338d841b4d215509eea42693bc3bfb5b540c4
benchmarks/cuda_l2_clock_isolated/f2/cuda_l2_clock_results.json,8691,4647bcbed10cafe2c312adc67aad7ed9f98fa7aa2e7839fb9562135e4e2bb3b0
benchmarks/cuda_l2_clock_isolated/r1/cuda_l2_clock_results.csv,1311,0b757438cad3b509f433ab51f8371f70b291a5539980428dd2b2ff607ca6b6fe
benchmarks/cuda_l2_clock_isolated/r1/cuda_l2_clock_results.json,8689,f95fccad9f1581e120260c078eb6c753808528e29e5cd600cb8d76c061b59903
benchmarks/cuda_l2_clock_isolated/r2/cuda_l2_clock_results.csv,1311,35bd73189b3b665613ad624719c0f24ade99e97fa737b1b5c40e890e3f133cf7
benchmarks/cuda_l2_clock_isolated/r2/cuda_l2_clock_results.json,8687,c376e00881c520a46fffa6dfa6ce4efdc62604530fb0f6a810cc41646af6bbe1
benchmarks/cuda_l2_mlp_isolated/PROTOCOL.md,5704,05f6a85cf65b5713682878caf389555030d7ddf60eed5b6b6ec49beba18b1153
benchmarks/cuda_l2_mlp_isolated/aggregate/cuda_l2_mlp_aggregate.csv,32388,dcaf02edaa267f7aea9a173d375207ca432e9eb8a0db59280bf68a34858b30bc
benchmarks/cuda_l2_mlp_isolated/aggregate/cuda_l2_mlp_aggregate.json,144654,5b331f8952530e2a71fb62676de0f4a5fcc73d6f38aefd14278fa37a56d9ba71
benchmarks/cuda_l2_mlp_isolated/f1/cuda_l2_mlp_results.csv,12970,08eff4ec404245c7d1b676b6bd85ccc33806d844db069b73951652a0ee76bb8d
benchmarks/cuda_l2_mlp_isolated/f1/cuda_l2_mlp_results.json,77184,e125b43a11906386fae5ece1df98a9eb0f2b4787a0156a863c5888bab0420f13
benchmarks/cuda_l2_mlp_isolated/f2/cuda_l2_mlp_results.csv,12968,5b0aee98803f88b84f57c0073bc55e000fb92af380cefdba1f190f86e04e9288
benchmarks/cuda_l2_mlp_isolated/f2/cuda_l2_mlp_results.json,77178,4e3dfef1a966b24059634aa76c4c89debdafc10f8e38264891e1b540ab01042a
benchmarks/cuda_l2_mlp_isolated/r1/cuda_l2_mlp_results.csv,12970,0fc6a4cc309943c31733757263115035e3ba76095274071bb6c518d387c76e2e
benchmarks/cuda_l2_mlp_isolated/r1/cuda_l2_mlp_results.json,77173,88048e245bf014ae473508ba79f4fff6a29aad180681725b31677678e1a31785
benchmarks/cuda_l2_mlp_isolated/r2/cuda_l2_mlp_results.csv,12966,2fab7b96dc0d327b1195b70f66013299cdfa8b7c740b78314c6d0acba1d133d9
benchmarks/cuda_l2_mlp_isolated/r2/cuda_l2_mlp_results.json,77166,965afa5e8f97c80f83582ca1403f5b46c01f909b8fa89650eee09e32264c6479
benchmarks/cuda_l2_stride_isolated/PROTOCOL.md,7896,b76003d1365a9a6c2d4227571fae1eb940970c34038796b89044e17a2406b409
benchmarks/cuda_l2_stride_isolated/aggregate/cuda_l2_stride_128_256_comparison.csv,2393,81581aab62a8efa76bf763d81557605f51f592b48ce411876a348d1bde5a97c2
benchmarks/cuda_l2_stride_isolated/aggregate/cuda_l2_stride_aggregate.csv,47088,a689af34d20c59498287b84ebc98d42832e98ddbd69702d305f29e607104e7b5
benchmarks/cuda_l2_stride_isolated/aggregate/cuda_l2_stride_aggregate.json,230955,5c9cf4bc2a8c30a310b6deaa86da86aed1e1ebe589d6329236dfaca54f3a1a0d
benchmarks/cuda_l2_stride_isolated/f1/cuda_l2_stride_results.csv,60989,a4ff134a2ec1dc8369412908cf3a9a983dc272c0a822933a4d5e01ade4acd2cd
benchmarks/cuda_l2_stride_isolated/f1/cuda_l2_stride_results.json,392356,89c033ccdc7292d62ca026b1d282136195a6167cdf5abfcb7b69b728fe4f7ecd
benchmarks/cuda_l2_stride_isolated/f2/cuda_l2_stride_results.csv,60982,cc4bc79e81f0035fbdb9f5905017da66fef2da9c59662d1fe56c68aee60da744
benchmarks/cuda_l2_stride_isolated/f2/cuda_l2_stride_results.json,392337,3cf52bf1f73f97eab725425a4aca78331b406a0f0318c564c20cf9046b4c8f17
benchmarks/cuda_l2_stride_isolated/r1/cuda_l2_stride_results.csv,60985,5d023bbf45517ed207576c1b5f1d48be582878d4b3a86b3385b4eeed9d0bf0fd
benchmarks/cuda_l2_stride_isolated/r1/cuda_l2_stride_results.json,392341,5b98b715dfe111df9191bf2547ebef44b4234664c75d22e13eab059b27615410
benchmarks/cuda_l2_stride_isolated/r2/cuda_l2_stride_results.csv,60980,bcffeb46875418d9b6cc5d222ab83313936a9bc34bbc010eeed04d00786ef4e9
benchmarks/cuda_l2_stride_isolated/r2/cuda_l2_stride_results.json,392335,63e0ed3d7d7a69521aecf70b258564b8cac675e622ee5d46f39d93f108377be5
benchmarks/cuda_l2_stride_isolated/s1/cuda_l2_stride_results.csv,2429,7fc3fdaf3dd3389d1367622cc64e4ada84abb04e70ab148ecdae997f471fed4c
benchmarks/cuda_l2_stride_isolated/s1/cuda_l2_stride_results.json,14453,a9cf29ce4801688ed57c03205d13d9abf8b72c48f6f30f7cd896332083085bca
benchmarks/cuda_l2_stride_isolated/s2/cuda_l2_stride_results.csv,2429,18883f0d9809b6e306b2717003b8863fdcd2e66ddf130ef30660b840974c7ee7
benchmarks/cuda_l2_stride_isolated/s2/cuda_l2_stride_results.json,14453,91c6b6eb78cb4bbc703294114d263fe38756e143df19a2dd48f5df2d7adde65d
benchmarks/cuda_l2_stride_isolated/sr1/cuda_l2_stride_results.csv,2429,841e4ce15d86269fe5b9fdbe31cd8dec0f10e3f5ffeac87068fdc2bac3b9bd41
benchmarks/cuda_l2_stride_isolated/sr1/cuda_l2_stride_results.json,14452,4aa6f5e792f4338ba4194a7148976f2ea43090e998c36959628e6443350e00a0
benchmarks/cuda_l2_stride_isolated/sr2/cuda_l2_stride_results.csv,2429,c61f494b442be3e9b90dc1c4a621d4bf1f84bca5ce9dfea409c7c80d473ac246
benchmarks/cuda_l2_stride_isolated/sr2/cuda_l2_stride_results.json,14452,2787d73ad34517635db6e2f69bd1a0f05df154d8eb65679b7f08c4f30ac89d77
benchmarks/cuda_packed_log_lut_isolated/PROTOCOL.md,7829,d619426f17776f1706b1f185b43bc03b73ad753d31c72cf79a178305e9e633f4
benchmarks/cuda_packed_log_lut_isolated/aggregate/cuda_packed_log_lut_aggregate.csv,41164,0e56ff4d7093461f87cc6bb302f9f4d3723790bfac759c72bfbab82a2f864051
benchmarks/cuda_packed_log_lut_isolated/aggregate/cuda_packed_log_lut_aggregate.json,271964,b392e73597ff102bc143131e3e35f9bbb5afa443ffdf0485098a3145017d3763
benchmarks/cuda_packed_log_lut_isolated/aggregate/cuda_packed_log_lut_packing_comparison.csv,12355,c38977924a2a223b15ed20a8547415dbbd4239af854d5cf3cfaf1b3356976e67
benchmarks/cuda_packed_log_lut_isolated/aggregate/cuda_packed_log_lut_texture_comparison.csv,7775,4594b4b43ba9ca9613742c961a880a462cdc170b7da9cbd3070c7ce52f56ed3d
benchmarks/cuda_packed_log_lut_isolated/f1/cuda_packed_log_lut_results.csv,42152,4dd5a74353a3095a0e42a9e48f096875e4347c9b95eb3721d4a5b760370e3778
benchmarks/cuda_packed_log_lut_isolated/f1/cuda_packed_log_lut_results.json,232290,65c929d112f659bfbc5515268475766339dced7b6635bb822d13ad5a20c90502
benchmarks/cuda_packed_log_lut_isolated/f2/cuda_packed_log_lut_results.csv,42152,93d3b5dbee8d25765c86761f312fdabbbbcc66f068482a3113dbcd6a403de12c
benchmarks/cuda_packed_log_lut_isolated/f2/cuda_packed_log_lut_results.json,232288,1d922ceb071e18591e5049635bdb6cc7913a2988c2ecd82d9e8cc97508a86d96
benchmarks/cuda_packed_log_lut_isolated/r1/cuda_packed_log_lut_results.csv,42152,fd2a6e3f45664862463d2566374001b0dc32b30dfdae6d25399cdd1143aabed7
benchmarks/cuda_packed_log_lut_isolated/r1/cuda_packed_log_lut_results.json,232282,66dc175762c397ddc7365f18711bccd5d6ffec549f950cfb6040e06889591b94
benchmarks/cuda_packed_log_lut_isolated/r2/cuda_packed_log_lut_results.csv,42151,647571e9fe8441f8b5f54ecd5cc9ceb0a58563553f319517387dbd4ee16b8997
benchmarks/cuda_packed_log_lut_isolated/r2/cuda_packed_log_lut_results.json,232306,951fbf857f95500cff3e02fe0d3672cd9470a240e856f06ead1773c66c42f177
benchmarks/cuda_texture_lut_isolated/PROTOCOL.md,5796,0fbac0ab75eee993b59034c501bf36c269741460994e4ad6e06786529f9a4929
benchmarks/cuda_texture_lut_isolated/aggregate/cuda_texture_lut_aggregate.csv,8753,92e65c6b45086542afc84079c2c8875f9cb0eb11fb68294c494185d15eb0ccb2
benchmarks/cuda_texture_lut_isolated/aggregate/cuda_texture_lut_aggregate.json,39091,53191b886c3fd377fbab8e95cea482cc53d5585bcec8d60f4b369cda71a677dd
benchmarks/cuda_texture_lut_isolated/f1/cuda_texture_lut_results.csv,12879,33636566594462e33a1505a18b35a4bfc9d582916014b34b86d648e240e68bb1
benchmarks/cuda_texture_lut_isolated/f1/cuda_texture_lut_results.json,77576,8dabd1520d126210c964a76f850ddf40be9600020487e2ae9a39927e5d6e85be
benchmarks/cuda_texture_lut_isolated/f2/cuda_texture_lut_results.csv,12879,8cd2a037935a5077c3c25c639a2e8b1045994e745531afe72df0ac2c44f6d9b9
benchmarks/cuda_texture_lut_isolated/f2/cuda_texture_lut_results.json,77576,8181c4379ee6319b8c02111e06737593d3f055822f9642f2793c8125fa0b0432
benchmarks/cuda_texture_lut_isolated/r1/cuda_texture_lut_results.csv,12879,47d5de95cebd255de0e1eacd9f5e52502e86854fbcd1072a41949e9a2b32d300
benchmarks/cuda_texture_lut_isolated/r1/cuda_texture_lut_results.json,77577,66fde4e9fd9cca6964ccd19600d196fc9d98c98921fe9712f3d2c0de224a10b5
benchmarks/cuda_texture_lut_isolated/r2/cuda_texture_lut_results.csv,12879,217b727eaa315acf3120b40d777ff50378fc6b86494ab6f6ab10c9a251b4622b
benchmarks/cuda_texture_lut_isolated/r2/cuda_texture_lut_results.json,77575,520ddbe096faf54030bd17eb4a6a408bc8f118fdaa412997912b5d35a8e6cc3e
benchmarks/derived_metrics.json,4714,61260e3fbcc879c45bdd7cb49280edb2465563f1e07bb817c9a0a1f3f9fd3680
benchmarks/gpu_telemetry/sg_large_100ms.csv,12500,314030737a5e22321661e20376598e2e8db0fa00f2327408e502a7745012f969
benchmarks/gpu_telemetry/sg_large_run/pipeline_cache/G32_E16_COMPACT_append.vkcache,10830,192efaf09bfa9b97d8fe7eb00ceea76e05293bf9417fda86be8cd088ad2353ef
benchmarks/gpu_telemetry/sg_large_run/pipeline_cache/G32_E16_COMPACT_append_counts.vkcache,11430,8d81a32bbe38d9ff018384ae46567c23fc5cb7294210cfcc985624d4c7ad62d0
benchmarks/gpu_telemetry/sg_large_run/pipeline_cache/G32_E16_SUBGROUP_COMPACT_append.vkcache,13785,f5e718630e5316b508f4e8f3bd6fba48b98eb47f160148c858812c1e72b33a34
benchmarks/gpu_telemetry/sg_large_run/pipeline_cache/G32_E16_SUBGROUP_COMPACT_append_counts.vkcache,15733,b84a34c504071fcb34e3f3675ff8387c761e5c959fa2d0076c4f99d61848cf5c
benchmarks/gpu_telemetry/sg_large_run/pipeline_cache/G32_E16_evaluate.vkcache,10394,0e40531ff78de5a704de782729a71fc5a5dfa31188fb08b239c814b1b365dd27
benchmarks/gpu_telemetry/sg_large_run/pipeline_cache/G32_E16_evaluate_commit.vkcache,11460,c93459be1c2be04c753c65f1ec6e98fbf8ecf906f0563f15e2eade6ef9a1e36e
benchmarks/gpu_telemetry/sg_large_run/vulkan_benchmark_results.csv,2506,1994e8763d08f1ce2dc932ba82243dc04498dcf527a827c3660ad45db2fa9719
benchmarks/gpu_telemetry/sg_large_run/vulkan_benchmark_results.json,9769,ea361d6af1dabf452a78ffeb82f4bfa77dba3403fc38b96ab7bdc035c2f58d3f
benchmarks/gpu_telemetry/sg_large_telemetry_summary.json,1461,b3e339e328cdefcda83414b118b0fb1e55ed525d562b6b60dac803b5fa732d0d
benchmarks/hashcheck/pipeline_cache/G32_E16_LUT_evaluate.vkcache,12090,5a359f007d11f4879456a132b607d916b0d2a7ab80c930ec31ccb2b826fe9ce2
benchmarks/hashcheck/pipeline_cache/G32_E16_LUT_evaluate_commit.vkcache,13085,c38abac030c90abedad2746e376bfce66461743c3aec266da21da160e3eaecc2
benchmarks/hashcheck/pipeline_cache/G32_E16_evaluate.vkcache,10001,817c8fa658cc3833f4040d46b232af9347b60a6c2fec0b3470176dc8b6c24e03
benchmarks/hashcheck/pipeline_cache/G32_E16_evaluate_commit.vkcache,11009,569e486e565b38c6eefb5e8d5cbfe19048a3856ddb572fe796a70be71c8e043e
benchmarks/hashcheck/pipeline_cache/G64_E32_evaluate.vkcache,10068,adf790ac1b2b8601f0e60516a0f5882469d3e9e54cb3b3964b7721d4d24073f4
benchmarks/hashcheck/pipeline_cache/G64_E32_evaluate_commit.vkcache,11015,b2af1828c9a27331e9f47a969f000b15ab9ca75527a400c7abdc8fa336a4d136
benchmarks/hashcheck/vulkan_benchmark_results.csv,2185,4ca17a1c7c4aa2f2d6bcec3a5b0e0973bf2e5c8196b65c2764d97aff3adee809
benchmarks/hashcheck/vulkan_benchmark_results.json,8767,26b295cd75e15113e77383eccacc3b6010db1c5b3bc4d8769ec8498e0d5c74ad
benchmarks/hot_log_control/f1/pipeline_cache/p_04409995a83cbf18.vkcache,15954,93d64658fa0c1d48f6690ee3e58bf3f3da0dbceca0f609ec575b0dcfd4640564
benchmarks/hot_log_control/f1/pipeline_cache/p_1c27fa3c26b85d18.vkcache,16514,9ae011af9387b9764f6d7df3eeb9e606a2ea2f82a5d5ee7a493d1b35faf7f736
benchmarks/hot_log_control/f1/pipeline_cache/p_9d76124724e64dfc.vkcache,16957,871c4a8724ddefdbdf5c9651f51b34e2efeedcf96ba700aa85ce21228a70258e
benchmarks/hot_log_control/f1/pipeline_cache/p_c437e987de9f0a53.vkcache,14579,5e0bec0e029be73b2c895ae1ab831c62d65858a5efb6acb37a32522a6765b821
benchmarks/hot_log_control/f1/pipeline_cache/p_ca51bcfef8addcae.vkcache,10394,0e40531ff78de5a704de782729a71fc5a5dfa31188fb08b239c814b1b365dd27
benchmarks/hot_log_control/f1/pipeline_cache/p_dfade9ca9725e7a7.vkcache,15065,b7f0d8b577edc4982050342bf6b3113289cd9617b64283fae587c44dc6e69b61
benchmarks/hot_log_control/f1/pipeline_cache/p_ebeff226f883d5ba.vkcache,11460,c93459be1c2be04c753c65f1ec6e98fbf8ecf906f0563f15e2eade6ef9a1e36e
benchmarks/hot_log_control/f1/pipeline_cache/p_f13a0d01dd9cd053.vkcache,14019,c376a0b1457123f27da59ac8b009d26b8290e0a14b252e1644312b8060ec1a3c
benchmarks/hot_log_control/f1/vulkan_benchmark_results.csv,21882,2a471245c286c5645de2ea22f748ec308f80a650f43cc05f0c3127dafab48994
benchmarks/hot_log_control/f1/vulkan_benchmark_results.json,91189,3ccb3940bf15ed467e30a9a0a442246092eee5669f0ea092847886478155137c
benchmarks/hot_log_control/f2/pipeline_cache/p_04409995a83cbf18.vkcache,15954,93d64658fa0c1d48f6690ee3e58bf3f3da0dbceca0f609ec575b0dcfd4640564
benchmarks/hot_log_control/f2/pipeline_cache/p_1c27fa3c26b85d18.vkcache,16514,9ae011af9387b9764f6d7df3eeb9e606a2ea2f82a5d5ee7a493d1b35faf7f736
benchmarks/hot_log_control/f2/pipeline_cache/p_9d76124724e64dfc.vkcache,16957,871c4a8724ddefdbdf5c9651f51b34e2efeedcf96ba700aa85ce21228a70258e
benchmarks/hot_log_control/f2/pipeline_cache/p_c437e987de9f0a53.vkcache,14579,5e0bec0e029be73b2c895ae1ab831c62d65858a5efb6acb37a32522a6765b821
benchmarks/hot_log_control/f2/pipeline_cache/p_ca51bcfef8addcae.vkcache,10394,0e40531ff78de5a704de782729a71fc5a5dfa31188fb08b239c814b1b365dd27
benchmarks/hot_log_control/f2/pipeline_cache/p_dfade9ca9725e7a7.vkcache,15065,b7f0d8b577edc4982050342bf6b3113289cd9617b64283fae587c44dc6e69b61
benchmarks/hot_log_control/f2/pipeline_cache/p_ebeff226f883d5ba.vkcache,11460,c93459be1c2be04c753c65f1ec6e98fbf8ecf906f0563f15e2eade6ef9a1e36e
benchmarks/hot_log_control/f2/pipeline_cache/p_f13a0d01dd9cd053.vkcache,14019,c376a0b1457123f27da59ac8b009d26b8290e0a14b252e1644312b8060ec1a3c
benchmarks/hot_log_control/f2/vulkan_benchmark_results.csv,21870,a8a56914b4e2d4eeab26890625bb6c44ed9fec7f6794f701dfcc2a21085f371b
benchmarks/hot_log_control/f2/vulkan_benchmark_results.json,91177,1dd62801b480f918fc6411e9661ff23640e8753dd6b62541cef8a3f32b9125bd
benchmarks/hot_log_control/f3/pipeline_cache/p_04409995a83cbf18.vkcache,15954,93d64658fa0c1d48f6690ee3e58bf3f3da0dbceca0f609ec575b0dcfd4640564
benchmarks/hot_log_control/f3/pipeline_cache/p_1c27fa3c26b85d18.vkcache,16514,9ae011af9387b9764f6d7df3eeb9e606a2ea2f82a5d5ee7a493d1b35faf7f736
benchmarks/hot_log_control/f3/pipeline_cache/p_9d76124724e64dfc.vkcache,16957,871c4a8724ddefdbdf5c9651f51b34e2efeedcf96ba700aa85ce21228a70258e
benchmarks/hot_log_control/f3/pipeline_cache/p_c437e987de9f0a53.vkcache,14579,5e0bec0e029be73b2c895ae1ab831c62d65858a5efb6acb37a32522a6765b821
benchmarks/hot_log_control/f3/pipeline_cache/p_ca51bcfef8addcae.vkcache,10394,0e40531ff78de5a704de782729a71fc5a5dfa31188fb08b239c814b1b365dd27
benchmarks/hot_log_control/f3/pipeline_cache/p_dfade9ca9725e7a7.vkcache,15065,b7f0d8b577edc4982050342bf6b3113289cd9617b64283fae587c44dc6e69b61
benchmarks/hot_log_control/f3/pipeline_cache/p_ebeff226f883d5ba.vkcache,11460,c93459be1c2be04c753c65f1ec6e98fbf8ecf906f0563f15e2eade6ef9a1e36e
benchmarks/hot_log_control/f3/pipeline_cache/p_f13a0d01dd9cd053.vkcache,14019,c376a0b1457123f27da59ac8b009d26b8290e0a14b252e1644312b8060ec1a3c
benchmarks/hot_log_control/f3/vulkan_benchmark_results.csv,21874,6b240a89eb0234afa05e8f9076eaea2fa8c698ef9d2e0a59f2f21c431fb0fdaf
benchmarks/hot_log_control/f3/vulkan_benchmark_results.json,91182,1b64b3309e2248b7e6ae44ebef2ae230b90d672b41a568f7dcc869d1126646bb
benchmarks/hot_log_control/r1/pipeline_cache/p_04409995a83cbf18.vkcache,15954,93d64658fa0c1d48f6690ee3e58bf3f3da0dbceca0f609ec575b0dcfd4640564
benchmarks/hot_log_control/r1/pipeline_cache/p_1c27fa3c26b85d18.vkcache,16514,9ae011af9387b9764f6d7df3eeb9e606a2ea2f82a5d5ee7a493d1b35faf7f736
benchmarks/hot_log_control/r1/pipeline_cache/p_9d76124724e64dfc.vkcache,16957,871c4a8724ddefdbdf5c9651f51b34e2efeedcf96ba700aa85ce21228a70258e
benchmarks/hot_log_control/r1/pipeline_cache/p_c437e987de9f0a53.vkcache,14579,5e0bec0e029be73b2c895ae1ab831c62d65858a5efb6acb37a32522a6765b821
benchmarks/hot_log_control/r1/pipeline_cache/p_ca51bcfef8addcae.vkcache,10394,0e40531ff78de5a704de782729a71fc5a5dfa31188fb08b239c814b1b365dd27
benchmarks/hot_log_control/r1/pipeline_cache/p_dfade9ca9725e7a7.vkcache,15065,b7f0d8b577edc4982050342bf6b3113289cd9617b64283fae587c44dc6e69b61
benchmarks/hot_log_control/r1/pipeline_cache/p_ebeff226f883d5ba.vkcache,11460,c93459be1c2be04c753c65f1ec6e98fbf8ecf906f0563f15e2eade6ef9a1e36e
benchmarks/hot_log_control/r1/pipeline_cache/p_f13a0d01dd9cd053.vkcache,14019,c376a0b1457123f27da59ac8b009d26b8290e0a14b252e1644312b8060ec1a3c
benchmarks/hot_log_control/r1/vulkan_benchmark_results.csv,21877,a50e63dd7ca824d4b0a422a8c2e26b249777972e7b156086544cec9c906b1bf9
benchmarks/hot_log_control/r1/vulkan_benchmark_results.json,91184,2cabf1eaea0fab37f46916a633d1b4e32230dfac5d184de17b7de4019cfe37da
benchmarks/hot_log_control/r2/pipeline_cache/p_04409995a83cbf18.vkcache,15954,93d64658fa0c1d48f6690ee3e58bf3f3da0dbceca0f609ec575b0dcfd4640564
benchmarks/hot_log_control/r2/pipeline_cache/p_1c27fa3c26b85d18.vkcache,16514,9ae011af9387b9764f6d7df3eeb9e606a2ea2f82a5d5ee7a493d1b35faf7f736
benchmarks/hot_log_control/r2/pipeline_cache/p_9d76124724e64dfc.vkcache,16957,871c4a8724ddefdbdf5c9651f51b34e2efeedcf96ba700aa85ce21228a70258e
benchmarks/hot_log_control/r2/pipeline_cache/p_c437e987de9f0a53.vkcache,14579,5e0bec0e029be73b2c895ae1ab831c62d65858a5efb6acb37a32522a6765b821
benchmarks/hot_log_control/r2/pipeline_cache/p_ca51bcfef8addcae.vkcache,10394,0e40531ff78de5a704de782729a71fc5a5dfa31188fb08b239c814b1b365dd27
benchmarks/hot_log_control/r2/pipeline_cache/p_dfade9ca9725e7a7.vkcache,15065,b7f0d8b577edc4982050342bf6b3113289cd9617b64283fae587c44dc6e69b61
benchmarks/hot_log_control/r2/pipeline_cache/p_ebeff226f883d5ba.vkcache,11460,c93459be1c2be04c753c65f1ec6e98fbf8ecf906f0563f15e2eade6ef9a1e36e
benchmarks/hot_log_control/r2/pipeline_cache/p_f13a0d01dd9cd053.vkcache,14019,c376a0b1457123f27da59ac8b009d26b8290e0a14b252e1644312b8060ec1a3c
benchmarks/hot_log_control/r2/vulkan_benchmark_results.csv,21874,3fedb39d05624763fda8544039725cffd383c70e25d4dd7cb0bf40ceef4e78fb
benchmarks/hot_log_control/r2/vulkan_benchmark_results.json,91180,29487cc96eeed0b8fd4f3007a1f914e53ae4c7fd458ad2b17b47505067592fe6
benchmarks/hot_log_control/r3/pipeline_cache/p_04409995a83cbf18.vkcache,15954,93d64658fa0c1d48f6690ee3e58bf3f3da0dbceca0f609ec575b0dcfd4640564
benchmarks/hot_log_control/r3/pipeline_cache/p_1c27fa3c26b85d18.vkcache,16514,9ae011af9387b9764f6d7df3eeb9e606a2ea2f82a5d5ee7a493d1b35faf7f736
benchmarks/hot_log_control/r3/pipeline_cache/p_9d76124724e64dfc.vkcache,16957,871c4a8724ddefdbdf5c9651f51b34e2efeedcf96ba700aa85ce21228a70258e
benchmarks/hot_log_control/r3/pipeline_cache/p_c437e987de9f0a53.vkcache,14579,5e0bec0e029be73b2c895ae1ab831c62d65858a5efb6acb37a32522a6765b821
benchmarks/hot_log_control/r3/pipeline_cache/p_ca51bcfef8addcae.vkcache,10394,0e40531ff78de5a704de782729a71fc5a5dfa31188fb08b239c814b1b365dd27
benchmarks/hot_log_control/r3/pipeline_cache/p_dfade9ca9725e7a7.vkcache,15065,b7f0d8b577edc4982050342bf6b3113289cd9617b64283fae587c44dc6e69b61
benchmarks/hot_log_control/r3/pipeline_cache/p_ebeff226f883d5ba.vkcache,11460,c93459be1c2be04c753c65f1ec6e98fbf8ecf906f0563f15e2eade6ef9a1e36e
benchmarks/hot_log_control/r3/pipeline_cache/p_f13a0d01dd9cd053.vkcache,14019,c376a0b1457123f27da59ac8b009d26b8290e0a14b252e1644312b8060ec1a3c
benchmarks/hot_log_control/r3/vulkan_benchmark_results.csv,21872,f9e41c37b930ed560db6e2092ae4e12baca25f2764a9bf64c5193c580caf9757
benchmarks/hot_log_control/r3/vulkan_benchmark_results.json,91178,fe2f3fd45db7f3397e5a5f0e3ba439610a51d10ce18a78799c4f9f0d76054056
benchmarks/hot_log_lut/f1/pipeline_cache/G24_E16_LOGTHRESH_SUBGROUP_COMPACT_append.vkcache,15065,b7f0d8b577edc4982050342bf6b3113289cd9617b64283fae587c44dc6e69b61
benchmarks/hot_log_lut/f1/pipeline_cache/G24_E16_LOGTHRESH_SUBGROUP_COMPACT_append_counts.vkcache,16957,871c4a8724ddefdbdf5c9651f51b34e2efeedcf96ba700aa85ce21228a70258e
benchmarks/hot_log_lut/f1/pipeline_cache/G32_E16_SUBGROUP_COMPACT_append.vkcache,14019,c376a0b1457123f27da59ac8b009d26b8290e0a14b252e1644312b8060ec1a3c
benchmarks/hot_log_lut/f1/pipeline_cache/G32_E16_SUBGROUP_COMPACT_append_counts.vkcache,15954,93d64658fa0c1d48f6690ee3e58bf3f3da0dbceca0f609ec575b0dcfd4640564
benchmarks/hot_log_lut/f1/pipeline_cache/G32_E16_evaluate.vkcache,10394,0e40531ff78de5a704de782729a71fc5a5dfa31188fb08b239c814b1b365dd27
benchmarks/hot_log_lut/f1/pipeline_cache/G32_E16_evaluate_commit.vkcache,11460,c93459be1c2be04c753c65f1ec6e98fbf8ecf906f0563f15e2eade6ef9a1e36e
benchmarks/hot_log_lut/f1/vulkan_benchmark_results.csv,16356,24ba64bbf86c30ee401cb584662daa55fc073809889dfc186d46927dfb71c69d
benchmarks/hot_log_lut/f1/vulkan_benchmark_results.json,68418,db5463d44250ee698a00ddd949e24a65421932e0d9e5089fb03861f5d841c925
benchmarks/hot_log_lut/f2/pipeline_cache/G24_E16_LOGTHRESH_SUBGROUP_COMPACT_append.vkcache,15065,b7f0d8b577edc4982050342bf6b3113289cd9617b64283fae587c44dc6e69b61
benchmarks/hot_log_lut/f2/pipeline_cache/G24_E16_LOGTHRESH_SUBGROUP_COMPACT_append_counts.vkcache,16957,871c4a8724ddefdbdf5c9651f51b34e2efeedcf96ba700aa85ce21228a70258e
benchmarks/hot_log_lut/f2/pipeline_cache/G32_E16_SUBGROUP_COMPACT_append.vkcache,14019,c376a0b1457123f27da59ac8b009d26b8290e0a14b252e1644312b8060ec1a3c
benchmarks/hot_log_lut/f2/pipeline_cache/G32_E16_SUBGROUP_COMPACT_append_counts.vkcache,15954,93d64658fa0c1d48f6690ee3e58bf3f3da0dbceca0f609ec575b0dcfd4640564
benchmarks/hot_log_lut/f2/pipeline_cache/G32_E16_evaluate.vkcache,10394,0e40531ff78de5a704de782729a71fc5a5dfa31188fb08b239c814b1b365dd27
benchmarks/hot_log_lut/f2/pipeline_cache/G32_E16_evaluate_commit.vkcache,11460,c93459be1c2be04c753c65f1ec6e98fbf8ecf906f0563f15e2eade6ef9a1e36e
benchmarks/hot_log_lut/f2/vulkan_benchmark_results.csv,16350,cc87494629268de1d8be9ab0c545904c5b4c25a32373a3a7f712c0b3199f618d
benchmarks/hot_log_lut/f2/vulkan_benchmark_results.json,68411,5ba469c5a3668873249435a0166fd39613a376a1ef95f037563ddc277fbb4ba7
benchmarks/hot_log_lut/r1/pipeline_cache/G24_E16_LOGTHRESH_SUBGROUP_COMPACT_append.vkcache,15065,b7f0d8b577edc4982050342bf6b3113289cd9617b64283fae587c44dc6e69b61
benchmarks/hot_log_lut/r1/pipeline_cache/G24_E16_LOGTHRESH_SUBGROUP_COMPACT_append_counts.vkcache,16957,871c4a8724ddefdbdf5c9651f51b34e2efeedcf96ba700aa85ce21228a70258e
benchmarks/hot_log_lut/r1/pipeline_cache/G32_E16_SUBGROUP_COMPACT_append.vkcache,14019,c376a0b1457123f27da59ac8b009d26b8290e0a14b252e1644312b8060ec1a3c
benchmarks/hot_log_lut/r1/pipeline_cache/G32_E16_SUBGROUP_COMPACT_append_counts.vkcache,15954,93d64658fa0c1d48f6690ee3e58bf3f3da0dbceca0f609ec575b0dcfd4640564
benchmarks/hot_log_lut/r1/pipeline_cache/G32_E16_evaluate.vkcache,10394,0e40531ff78de5a704de782729a71fc5a5dfa31188fb08b239c814b1b365dd27
benchmarks/hot_log_lut/r1/pipeline_cache/G32_E16_evaluate_commit.vkcache,11460,c93459be1c2be04c753c65f1ec6e98fbf8ecf906f0563f15e2eade6ef9a1e36e
benchmarks/hot_log_lut/r1/vulkan_benchmark_results.csv,16351,15c2ef26eecf7796e4a93220296f1dce52576ee212b11c1b42b0408250f8f84b
benchmarks/hot_log_lut/r1/vulkan_benchmark_results.json,68411,f240a14a62050c6da18bed9ff598a48bcacced2f0da2eb2fce69c1d74be45161
benchmarks/hot_log_lut/r2/pipeline_cache/G24_E16_LOGTHRESH_SUBGROUP_COMPACT_append.vkcache,15065,b7f0d8b577edc4982050342bf6b3113289cd9617b64283fae587c44dc6e69b61
benchmarks/hot_log_lut/r2/pipeline_cache/G24_E16_LOGTHRESH_SUBGROUP_COMPACT_append_counts.vkcache,16957,871c4a8724ddefdbdf5c9651f51b34e2efeedcf96ba700aa85ce21228a70258e
benchmarks/hot_log_lut/r2/pipeline_cache/G32_E16_SUBGROUP_COMPACT_append.vkcache,14019,c376a0b1457123f27da59ac8b009d26b8290e0a14b252e1644312b8060ec1a3c
benchmarks/hot_log_lut/r2/pipeline_cache/G32_E16_SUBGROUP_COMPACT_append_counts.vkcache,15954,93d64658fa0c1d48f6690ee3e58bf3f3da0dbceca0f609ec575b0dcfd4640564
benchmarks/hot_log_lut/r2/pipeline_cache/G32_E16_evaluate.vkcache,10394,0e40531ff78de5a704de782729a71fc5a5dfa31188fb08b239c814b1b365dd27
benchmarks/hot_log_lut/r2/pipeline_cache/G32_E16_evaluate_commit.vkcache,11460,c93459be1c2be04c753c65f1ec6e98fbf8ecf906f0563f15e2eade6ef9a1e36e
benchmarks/hot_log_lut/r2/vulkan_benchmark_results.csv,16342,ae228ad4d97e9db45fb4dc942412cbe67e1c9d5f6689fd2badf45ffe8bc41913
benchmarks/hot_log_lut/r2/vulkan_benchmark_results.json,68402,eb55418c2379e45a669dab7bf49de19ba869d50a1cec3a510ff273428f903f1f
benchmarks/l2_boundary_hot/f1/pipeline_cache/p_04409995a83cbf18.vkcache,15954,93d64658fa0c1d48f6690ee3e58bf3f3da0dbceca0f609ec575b0dcfd4640564
benchmarks/l2_boundary_hot/f1/pipeline_cache/p_1c27fa3c26b85d18.vkcache,16514,9ae011af9387b9764f6d7df3eeb9e606a2ea2f82a5d5ee7a493d1b35faf7f736
benchmarks/l2_boundary_hot/f1/pipeline_cache/p_9d76124724e64dfc.vkcache,16957,871c4a8724ddefdbdf5c9651f51b34e2efeedcf96ba700aa85ce21228a70258e
benchmarks/l2_boundary_hot/f1/pipeline_cache/p_c437e987de9f0a53.vkcache,14579,5e0bec0e029be73b2c895ae1ab831c62d65858a5efb6acb37a32522a6765b821
benchmarks/l2_boundary_hot/f1/pipeline_cache/p_ca51bcfef8addcae.vkcache,10394,0e40531ff78de5a704de782729a71fc5a5dfa31188fb08b239c814b1b365dd27
benchmarks/l2_boundary_hot/f1/pipeline_cache/p_dfade9ca9725e7a7.vkcache,15065,b7f0d8b577edc4982050342bf6b3113289cd9617b64283fae587c44dc6e69b61
benchmarks/l2_boundary_hot/f1/pipeline_cache/p_ebeff226f883d5ba.vkcache,11460,c93459be1c2be04c753c65f1ec6e98fbf8ecf906f0563f15e2eade6ef9a1e36e
benchmarks/l2_boundary_hot/f1/pipeline_cache/p_f13a0d01dd9cd053.vkcache,14019,c376a0b1457123f27da59ac8b009d26b8290e0a14b252e1644312b8060ec1a3c
benchmarks/l2_boundary_hot/f1/vulkan_benchmark_results.csv,27201,08572d14b2eb7dc055aaf710b9b66fa64c1b5faef4f6428ea8808a8c332f5386
benchmarks/l2_boundary_hot/f1/vulkan_benchmark_results.json,113298,f0914e7a67e2b464178dd93c13ab817c7e6f1558d2bd42a2c1ec7d6045344bde
benchmarks/l2_boundary_hot/f2/pipeline_cache/p_04409995a83cbf18.vkcache,15954,93d64658fa0c1d48f6690ee3e58bf3f3da0dbceca0f609ec575b0dcfd4640564
benchmarks/l2_boundary_hot/f2/pipeline_cache/p_1c27fa3c26b85d18.vkcache,16514,9ae011af9387b9764f6d7df3eeb9e606a2ea2f82a5d5ee7a493d1b35faf7f736
benchmarks/l2_boundary_hot/f2/pipeline_cache/p_9d76124724e64dfc.vkcache,16957,871c4a8724ddefdbdf5c9651f51b34e2efeedcf96ba700aa85ce21228a70258e
benchmarks/l2_boundary_hot/f2/pipeline_cache/p_c437e987de9f0a53.vkcache,14579,5e0bec0e029be73b2c895ae1ab831c62d65858a5efb6acb37a32522a6765b821
benchmarks/l2_boundary_hot/f2/pipeline_cache/p_ca51bcfef8addcae.vkcache,10394,0e40531ff78de5a704de782729a71fc5a5dfa31188fb08b239c814b1b365dd27
benchmarks/l2_boundary_hot/f2/pipeline_cache/p_dfade9ca9725e7a7.vkcache,15065,b7f0d8b577edc4982050342bf6b3113289cd9617b64283fae587c44dc6e69b61
benchmarks/l2_boundary_hot/f2/pipeline_cache/p_ebeff226f883d5ba.vkcache,11460,c93459be1c2be04c753c65f1ec6e98fbf8ecf906f0563f15e2eade6ef9a1e36e
benchmarks/l2_boundary_hot/f2/pipeline_cache/p_f13a0d01dd9cd053.vkcache,14019,c376a0b1457123f27da59ac8b009d26b8290e0a14b252e1644312b8060ec1a3c
benchmarks/l2_boundary_hot/f2/vulkan_benchmark_results.csv,27198,b520afddc41fb318d3108d4d2dd423244f3a35221cbe7f6cdbd3c8a7af52a487
benchmarks/l2_boundary_hot/f2/vulkan_benchmark_results.json,113293,662a13e34e0a7a377c3892a9a033b5dd1d58bf47f8eededa2aa005c1aa0591ae
benchmarks/l2_boundary_hot/r1/pipeline_cache/p_04409995a83cbf18.vkcache,15954,93d64658fa0c1d48f6690ee3e58bf3f3da0dbceca0f609ec575b0dcfd4640564
benchmarks/l2_boundary_hot/r1/pipeline_cache/p_1c27fa3c26b85d18.vkcache,16514,9ae011af9387b9764f6d7df3eeb9e606a2ea2f82a5d5ee7a493d1b35faf7f736
benchmarks/l2_boundary_hot/r1/pipeline_cache/p_9d76124724e64dfc.vkcache,16957,871c4a8724ddefdbdf5c9651f51b34e2efeedcf96ba700aa85ce21228a70258e
benchmarks/l2_boundary_hot/r1/pipeline_cache/p_c437e987de9f0a53.vkcache,14579,5e0bec0e029be73b2c895ae1ab831c62d65858a5efb6acb37a32522a6765b821
benchmarks/l2_boundary_hot/r1/pipeline_cache/p_ca51bcfef8addcae.vkcache,10394,0e40531ff78de5a704de782729a71fc5a5dfa31188fb08b239c814b1b365dd27
benchmarks/l2_boundary_hot/r1/pipeline_cache/p_dfade9ca9725e7a7.vkcache,15065,b7f0d8b577edc4982050342bf6b3113289cd9617b64283fae587c44dc6e69b61
benchmarks/l2_boundary_hot/r1/pipeline_cache/p_ebeff226f883d5ba.vkcache,11460,c93459be1c2be04c753c65f1ec6e98fbf8ecf906f0563f15e2eade6ef9a1e36e
benchmarks/l2_boundary_hot/r1/pipeline_cache/p_f13a0d01dd9cd053.vkcache,14019,c376a0b1457123f27da59ac8b009d26b8290e0a14b252e1644312b8060ec1a3c
benchmarks/l2_boundary_hot/r1/vulkan_benchmark_results.csv,27211,61299c86872689ba800ee670f74a01560842abb317700a84a8216303df33480d
benchmarks/l2_boundary_hot/r1/vulkan_benchmark_results.json,113306,4c3a056832ea29e969750e1888cc0b476e16c29448d8419d7e719ed9bbd642d3
benchmarks/l2_boundary_hot/r2/pipeline_cache/p_04409995a83cbf18.vkcache,15954,93d64658fa0c1d48f6690ee3e58bf3f3da0dbceca0f609ec575b0dcfd4640564
benchmarks/l2_boundary_hot/r2/pipeline_cache/p_1c27fa3c26b85d18.vkcache,16514,9ae011af9387b9764f6d7df3eeb9e606a2ea2f82a5d5ee7a493d1b35faf7f736
benchmarks/l2_boundary_hot/r2/pipeline_cache/p_9d76124724e64dfc.vkcache,16957,871c4a8724ddefdbdf5c9651f51b34e2efeedcf96ba700aa85ce21228a70258e
benchmarks/l2_boundary_hot/r2/pipeline_cache/p_c437e987de9f0a53.vkcache,14579,5e0bec0e029be73b2c895ae1ab831c62d65858a5efb6acb37a32522a6765b821
benchmarks/l2_boundary_hot/r2/pipeline_cache/p_ca51bcfef8addcae.vkcache,10394,0e40531ff78de5a704de782729a71fc5a5dfa31188fb08b239c814b1b365dd27
benchmarks/l2_boundary_hot/r2/pipeline_cache/p_dfade9ca9725e7a7.vkcache,15065,b7f0d8b577edc4982050342bf6b3113289cd9617b64283fae587c44dc6e69b61
benchmarks/l2_boundary_hot/r2/pipeline_cache/p_ebeff226f883d5ba.vkcache,11460,c93459be1c2be04c753c65f1ec6e98fbf8ecf906f0563f15e2eade6ef9a1e36e
benchmarks/l2_boundary_hot/r2/pipeline_cache/p_f13a0d01dd9cd053.vkcache,14019,c376a0b1457123f27da59ac8b009d26b8290e0a14b252e1644312b8060ec1a3c
benchmarks/l2_boundary_hot/r2/vulkan_benchmark_results.csv,27208,73f0e335e565e72b3d96758d6c4eb27f309546905aed6997fc604c1359cf92f5
benchmarks/l2_boundary_hot/r2/vulkan_benchmark_results.json,113302,dbe3e3ee4f88b5ba032f78d43e0f9d597d45fffc9dfdbcc272313435b9df4a58
benchmarks/l2_latency_isolated/PROTOCOL.md,4172,804bce5ec86fac9d7edcb3999cd117170e2c38ea5eeba2a25619862e8bb28cf3
benchmarks/l2_latency_isolated/aggregate/l2_latency_aggregate.csv,5165,0850fa65bf6e6eaa430f4e52abe4977b8022d022905fb2a1a2138b0aa6489ec2
benchmarks/l2_latency_isolated/aggregate/l2_latency_aggregate.json,21551,3e306bfb5e78093bef72784dbd61c230aeea1cb8622b7756110ba51600a91c70
benchmarks/l2_latency_isolated/f1/l2_latency_results.csv,10296,1b51a04996994f4147c6a7e39fab05f43ec956650c674afc2088318efe602168
benchmarks/l2_latency_isolated/f1/l2_latency_results.json,29994,365d31a6005713a44cb0d47cab8e62787693495a75d88d1cc26596db4b17291d
benchmarks/l2_latency_isolated/f2/l2_latency_results.csv,10305,cafa731d3282af840705f1015155509c0ff0f3c81b13f623f07ab55d9d09c7d6
benchmarks/l2_latency_isolated/f2/l2_latency_results.json,30002,e8c7a06fd525b990ee070d395e3534e1c73e3b96bdb2cd66d0f0a239ea0515c2
benchmarks/l2_latency_isolated/r1/l2_latency_results.csv,10303,b96b347c951808ff58a39dd30ad1b4b73a8048a6dc683e01e2ea3dbb5d25c262
benchmarks/l2_latency_isolated/r1/l2_latency_results.json,29999,b877256583a551dde343ac0d5101f6f0a6bb9b6f16749405db5b3ec014b07388
benchmarks/l2_latency_isolated/r2/l2_latency_results.csv,10306,852a9a8f5b8a055cd1b41013a68e5b56a135ed99f7c07cb4545bbb3e35a275fe
benchmarks/l2_latency_isolated/r2/l2_latency_results.json,30002,27ee3baa1cd5540e016d76f10ca91238b8f849461ea8334be483692caacbd44d
benchmarks/l2_latency_occupancy/i1024/l2_latency_results.csv,3563,6b8cadde31ea24cf2e4e721c6c4c8093a9924a78fb14d9e2dae3ecc4391f78b7
benchmarks/l2_latency_occupancy/i1024/l2_latency_results.json,10553,b01053cedaedd8f5071d56fdc21e01d32544a76a40376737d5552a887ee6f262
benchmarks/l2_latency_occupancy/i256/l2_latency_results.csv,3518,ef1230e5d488765ba6a1d95ee6227e9f9463c435b92cdea9d78836c1bb537484
benchmarks/l2_latency_occupancy/i256/l2_latency_results.json,10507,5c0a4f504f27e858dbb8594b4642974e4364d08b1911dabfea7b2bfa49f08951
benchmarks/l2_latency_occupancy/i32/l2_latency_results.csv,3506,05ebe621d05005f6fae51d51d7b4a29ce02cef1bffdd66b567933e19ece51278
benchmarks/l2_latency_occupancy/i32/l2_latency_results.json,10494,bb2fe9ea1871daade71427d6475e8915d45a4f66a002b143547e96a77515814e
benchmarks/l2_latency_occupancy/i4096/l2_latency_results.csv,3565,8772a46bc89d60dc8085daafaa9a885fbc53c7a884b8f97cd233d1e8c2c5acff
benchmarks/l2_latency_occupancy/i4096/l2_latency_results.json,10555,8e58623a18039d83b798c1a8e58b62c66f3d8092b9403bd03ffb1fca67a6486a
benchmarks/l2_latency_occupancy/i64/l2_latency_results.csv,3492,04e0373ead36f75d24300acbc0aa4c6fbec5de0ab583a62581de23aaee1d3d14
benchmarks/l2_latency_occupancy/i64/l2_latency_results.json,10480,4b619b2d88880b0f26f36581f138db82b4df9cd00a5a81ccdcf30c2a2dc0f80e
benchmarks/latest_run/benchmark_results.csv,2777,f3cae5780c667d74d28c88476f6c1224bb33798dc9ce34bcd438cd92d0ac6cb0
benchmarks/latest_run/benchmark_results.json,11901,f826856951816d430eabb848ee1eb0a696923d4a6ad044ad99cc8e6c1f943c1d
benchmarks/latest_run/device_report.txt,802,58f67bff437c27cdc1261ebd999365008054263701a6b2a49f71df758928d059
benchmarks/latest_run/native_cache/G32_E16_evaluate.anglebin,7180,387117c31f9acc041404ac057212dcbcd331011184994b9bfb8748f719e56f26
benchmarks/latest_run/native_cache/G32_E16_evaluate_commit.anglebin,7828,4c0f83a7d35a9b27592f54bbacf366aa39ca3311539a4d727251fc1ff08fe307
benchmarks/latest_run/native_cache/G32_E16_evaluate_commit_module.spv,6148,e4ffd662b3be0d199fc97ca50d9f5272e849fe4545efb7aab2575fa2c82d4049
benchmarks/latest_run/native_cache/G32_E16_evaluate_module.spv,5528,77b9b62ef8ffd8ae09d8a14765d1c00ab33a381935d513f858c57c238238a3e9
benchmarks/latest_run/native_cache/G64_E32_evaluate.anglebin,6990,92bcdda3bd043408a4b0899b72fcfc56d6e2c435827182e847a095222120d404
benchmarks/latest_run/native_cache/G64_E32_evaluate_commit.anglebin,7638,b5e4424fb5b17b2cf644bd4e4b11aba01717a358b97e4a5bb289a59a4bf9c813
benchmarks/latest_run/native_cache/G64_E32_evaluate_commit_module.spv,5508,c823685f4e2300a30274fec6f9a612765b36a005f3725e412d65c3fd2fde1878
benchmarks/latest_run/native_cache/G64_E32_evaluate_module.spv,4888,f0a670603a19ca680ea14bc9a1febec3193d5224a55ed2c4f2785ab8abb12519
benchmarks/lut_pair/f1/pipeline_cache/G32_E16_LUT_PAIR_evaluate.vkcache,11345,23032cd1e5c59f461acaf354aea8a09942e72d0edde152fbdeac51deab6fad40
benchmarks/lut_pair/f1/pipeline_cache/G32_E16_LUT_PAIR_evaluate_commit.vkcache,12458,578ee641a27fb6ce5f72b7b8b78c7ab1d4d821af93505cbd1ed2b32a1a8d1212
benchmarks/lut_pair/f1/pipeline_cache/G32_E16_LUT_evaluate.vkcache,12090,5a359f007d11f4879456a132b607d916b0d2a7ab80c930ec31ccb2b826fe9ce2
benchmarks/lut_pair/f1/pipeline_cache/G32_E16_LUT_evaluate_commit.vkcache,13085,c38abac030c90abedad2746e376bfce66461743c3aec266da21da160e3eaecc2
benchmarks/lut_pair/f1/pipeline_cache/G32_E16_evaluate.vkcache,10394,0e40531ff78de5a704de782729a71fc5a5dfa31188fb08b239c814b1b365dd27
benchmarks/lut_pair/f1/pipeline_cache/G32_E16_evaluate_commit.vkcache,11460,c93459be1c2be04c753c65f1ec6e98fbf8ecf906f0563f15e2eade6ef9a1e36e
benchmarks/lut_pair/f1/vulkan_benchmark_results.csv,11521,d16194d4012bd7b09835931d8469a9f8ecabe719e58c64d1bba375b25eefb451
benchmarks/lut_pair/f1/vulkan_benchmark_results.json,47060,0d93dcd80a4f56d13d82a088e4a96af5acc3e70ca8451821cf126806660f09a1
benchmarks/lut_pair/f2/pipeline_cache/G32_E16_LUT_PAIR_evaluate.vkcache,11345,23032cd1e5c59f461acaf354aea8a09942e72d0edde152fbdeac51deab6fad40
benchmarks/lut_pair/f2/pipeline_cache/G32_E16_LUT_PAIR_evaluate_commit.vkcache,12458,578ee641a27fb6ce5f72b7b8b78c7ab1d4d821af93505cbd1ed2b32a1a8d1212
benchmarks/lut_pair/f2/pipeline_cache/G32_E16_LUT_evaluate.vkcache,12090,5a359f007d11f4879456a132b607d916b0d2a7ab80c930ec31ccb2b826fe9ce2
benchmarks/lut_pair/f2/pipeline_cache/G32_E16_LUT_evaluate_commit.vkcache,13085,c38abac030c90abedad2746e376bfce66461743c3aec266da21da160e3eaecc2
benchmarks/lut_pair/f2/pipeline_cache/G32_E16_evaluate.vkcache,10394,0e40531ff78de5a704de782729a71fc5a5dfa31188fb08b239c814b1b365dd27
benchmarks/lut_pair/f2/pipeline_cache/G32_E16_evaluate_commit.vkcache,11460,c93459be1c2be04c753c65f1ec6e98fbf8ecf906f0563f15e2eade6ef9a1e36e
benchmarks/lut_pair/f2/vulkan_benchmark_results.csv,11521,0be100994d19610695e90756ad25a621f22b84f4de9ffa82cb551d4794408770
benchmarks/lut_pair/f2/vulkan_benchmark_results.json,47060,a82b80e7ffc823f15b14b8ab9860b4650f46b125541daf386e15dbd31b1b8e1d
benchmarks/lut_pair/r1/pipeline_cache/G32_E16_LUT_PAIR_evaluate.vkcache,11345,23032cd1e5c59f461acaf354aea8a09942e72d0edde152fbdeac51deab6fad40
benchmarks/lut_pair/r1/pipeline_cache/G32_E16_LUT_PAIR_evaluate_commit.vkcache,12458,578ee641a27fb6ce5f72b7b8b78c7ab1d4d821af93505cbd1ed2b32a1a8d1212
benchmarks/lut_pair/r1/pipeline_cache/G32_E16_LUT_evaluate.vkcache,12090,5a359f007d11f4879456a132b607d916b0d2a7ab80c930ec31ccb2b826fe9ce2
benchmarks/lut_pair/r1/pipeline_cache/G32_E16_LUT_evaluate_commit.vkcache,13085,c38abac030c90abedad2746e376bfce66461743c3aec266da21da160e3eaecc2
benchmarks/lut_pair/r1/pipeline_cache/G32_E16_evaluate.vkcache,10394,0e40531ff78de5a704de782729a71fc5a5dfa31188fb08b239c814b1b365dd27
benchmarks/lut_pair/r1/pipeline_cache/G32_E16_evaluate_commit.vkcache,11460,c93459be1c2be04c753c65f1ec6e98fbf8ecf906f0563f15e2eade6ef9a1e36e
benchmarks/lut_pair/r1/vulkan_benchmark_results.csv,11521,245f41085f57d49c2feb3d8388ea23825fe5a2f7824d5baf55a0d1319000e946
benchmarks/lut_pair/r1/vulkan_benchmark_results.json,47059,3688bb8d359ad13b614540f8466b1824b6b2050f37f9198f0ca87d0941db40b9
benchmarks/lut_pair/r2/pipeline_cache/G32_E16_LUT_PAIR_evaluate.vkcache,11345,23032cd1e5c59f461acaf354aea8a09942e72d0edde152fbdeac51deab6fad40
benchmarks/lut_pair/r2/pipeline_cache/G32_E16_LUT_PAIR_evaluate_commit.vkcache,12458,578ee641a27fb6ce5f72b7b8b78c7ab1d4d821af93505cbd1ed2b32a1a8d1212
benchmarks/lut_pair/r2/pipeline_cache/G32_E16_LUT_evaluate.vkcache,12090,5a359f007d11f4879456a132b607d916b0d2a7ab80c930ec31ccb2b826fe9ce2
benchmarks/lut_pair/r2/pipeline_cache/G32_E16_LUT_evaluate_commit.vkcache,13085,c38abac030c90abedad2746e376bfce66461743c3aec266da21da160e3eaecc2
benchmarks/lut_pair/r2/pipeline_cache/G32_E16_evaluate.vkcache,10394,0e40531ff78de5a704de782729a71fc5a5dfa31188fb08b239c814b1b365dd27
benchmarks/lut_pair/r2/pipeline_cache/G32_E16_evaluate_commit.vkcache,11460,c93459be1c2be04c753c65f1ec6e98fbf8ecf906f0563f15e2eade6ef9a1e36e
benchmarks/lut_pair/r2/vulkan_benchmark_results.csv,11518,4df15dc3c4080235e12d3cb2805c87e8ec8b18dbdf1b88e16d24db61c7b67eea
benchmarks/lut_pair/r2/vulkan_benchmark_results.json,47056,f6215e0c17486db9dfc0cf73fbd3bf689491a966b84e4ab2d365658f370e6ad5
benchmarks/lut_path_control/PROTOCOL.md,1836,511956fbe5b1e1740939e6985b8571ff041f11d5d48c44a06b797031a7d271a0
benchmarks/lut_path_control/f1/lut_cache_results.csv,5029,54280140234084b1d3e4a2390ce0f40bf23eccec928e8620225a6f927a494f1b
benchmarks/lut_path_control/f1/lut_cache_results.json,15998,767df32cb0e6c1e34cc518af7d876b9711ab109fe00ca2dc44cbe0a9ae3ce5ec
benchmarks/lut_path_control/f2/lut_cache_results.csv,5029,773963df055ae399f25317023b1952875a2cdbfebb9ea80b87f9d67591871969
benchmarks/lut_path_control/f2/lut_cache_results.json,15998,1c66fe78bc880829a2e130817024f57ebda2d252ac6801549fc9f5a6d186e7e0
benchmarks/lut_path_control/r1/lut_cache_results.csv,5032,aeffc8d1da62373410c18a85670048740d1a1d5dcceef528c48ff8ca8cd898f2
benchmarks/lut_path_control/r1/lut_cache_results.json,16000,e3f96e66114bcb86518c34c6335e1420742ab321b10de1b0ef1d16a66f57bba0
benchmarks/lut_path_control/r2/lut_cache_results.csv,5027,46c6eac4d8b7a3a5c0880fce91582876404278f7fdc10f4dcedb75cf4378f8b7
benchmarks/lut_path_control/r2/lut_cache_results.json,15995,93c9254ce2bb7751e1d02ecc58faebc4f0a818efc75418bc01d741d08abee9fc
benchmarks/memory_compression.csv,482,bd0b16fa83a7824da61a2208617429905527da5a0814643f6317b8b8e65f88dc
benchmarks/metric_dictionary.csv,1624,91a32eab32f10b157f776db54d4a9b261cdf08dd190d36273a576969b6a092c8
benchmarks/native_capability_probe/pipeline_cache/p_1c27fa3c26b85d18.vkcache,16517,00538e231d5e0bbc3f0ba812aaad2c51be53c1041dbf2c2bbf3a1af711c63599
benchmarks/native_capability_probe/pipeline_cache/p_654dde13dd36225a.vkcache,14640,25a02ff998aed566a99f224a3b737f3532b886242ab31eab43a0f30e25c56700
benchmarks/native_capability_probe/pipeline_cache/p_702fafaf0b00926f.vkcache,16594,9d77d77b83ec7f01dbe7ddd19ea9044b89ebabbd71c9178bd32845be5de4fd93
benchmarks/native_capability_probe/pipeline_cache/p_c437e987de9f0a53.vkcache,14583,4394992690829beed7421bf307a4e6a9fa375dd217dd37dc5dc9d948b8bfdf35
benchmarks/native_capability_probe/pipeline_cache/p_ca51bcfef8addcae.vkcache,10394,9add2007ef725078d4f00c1354fe0da09ddb8b7008a3526ae15cacd9529777d9
benchmarks/native_capability_probe/pipeline_cache/p_ebeff226f883d5ba.vkcache,11459,09d9fa244c371f7f103d20d7daf45ee7eeb24a16bf2d5e612eba7f1624597192
benchmarks/native_capability_probe/vulkan_benchmark_results.csv,2643,43f0e05d62f6f7a70bea5523d7074395e6832603bc73a7ac7b9af12b2079d6dc
benchmarks/native_capability_probe/vulkan_benchmark_results.json,15356,a76a9d7d57fa06f2a7f686de3864ab7fdce41098a67b79bc6ea91196069acb56
benchmarks/performance_summary.csv,2525,01eb2e69e9acde48259dc1beb193c504cc32fe29ff80533af4e095c35f4d30e6
benchmarks/prethreshold/f1/pipeline_cache/G32_E16_PRETHRESHOLD_SUBGROUP_COMPACT_append.vkcache,13984,f4cea6fc2d2e21150d8d812444b4c852cf46991f406873758e2e9e20e09b3af3
benchmarks/prethreshold/f1/pipeline_cache/G32_E16_PRETHRESHOLD_SUBGROUP_COMPACT_append_counts.vkcache,15991,aef756a21f085c29d5ce683034ad72401cf37330e7ca3cc9b013766db266ab74
benchmarks/prethreshold/f1/pipeline_cache/G32_E16_SUBGROUP_COMPACT_append.vkcache,14019,c376a0b1457123f27da59ac8b009d26b8290e0a14b252e1644312b8060ec1a3c
benchmarks/prethreshold/f1/pipeline_cache/G32_E16_SUBGROUP_COMPACT_append_counts.vkcache,15954,93d64658fa0c1d48f6690ee3e58bf3f3da0dbceca0f609ec575b0dcfd4640564
benchmarks/prethreshold/f1/pipeline_cache/G32_E16_evaluate.vkcache,10394,0e40531ff78de5a704de782729a71fc5a5dfa31188fb08b239c814b1b365dd27
benchmarks/prethreshold/f1/pipeline_cache/G32_E16_evaluate_commit.vkcache,11460,c93459be1c2be04c753c65f1ec6e98fbf8ecf906f0563f15e2eade6ef9a1e36e
benchmarks/prethreshold/f1/vulkan_benchmark_results.csv,12435,f728258898139326462a0360df711e761e974668e734dc27dfc9fd2f9143e1c9
benchmarks/prethreshold/f1/vulkan_benchmark_results.json,51920,d8cfe48fbb9cb6752ee2cb4b0902f834e40b32ec32cb45b3a35c8a4027bced75
benchmarks/prethreshold/f2/pipeline_cache/G32_E16_PRETHRESHOLD_SUBGROUP_COMPACT_append.vkcache,13984,f4cea6fc2d2e21150d8d812444b4c852cf46991f406873758e2e9e20e09b3af3
benchmarks/prethreshold/f2/pipeline_cache/G32_E16_PRETHRESHOLD_SUBGROUP_COMPACT_append_counts.vkcache,15991,aef756a21f085c29d5ce683034ad72401cf37330e7ca3cc9b013766db266ab74
benchmarks/prethreshold/f2/pipeline_cache/G32_E16_SUBGROUP_COMPACT_append.vkcache,14019,c376a0b1457123f27da59ac8b009d26b8290e0a14b252e1644312b8060ec1a3c
benchmarks/prethreshold/f2/pipeline_cache/G32_E16_SUBGROUP_COMPACT_append_counts.vkcache,15954,93d64658fa0c1d48f6690ee3e58bf3f3da0dbceca0f609ec575b0dcfd4640564
benchmarks/prethreshold/f2/pipeline_cache/G32_E16_evaluate.vkcache,10394,0e40531ff78de5a704de782729a71fc5a5dfa31188fb08b239c814b1b365dd27
benchmarks/prethreshold/f2/pipeline_cache/G32_E16_evaluate_commit.vkcache,11460,c93459be1c2be04c753c65f1ec6e98fbf8ecf906f0563f15e2eade6ef9a1e36e
benchmarks/prethreshold/f2/vulkan_benchmark_results.csv,12428,af2d8f4c29c33dab8557091cea266938422dfbbdcacc7c698d9efe9e83c85c77
benchmarks/prethreshold/f2/vulkan_benchmark_results.json,51912,791d4686718df7f4a88a8a60b0035a35406e8971b5405e4727bbc8a21c63b0ee
benchmarks/prethreshold/r1/pipeline_cache/G32_E16_PRETHRESHOLD_SUBGROUP_COMPACT_append.vkcache,13984,f4cea6fc2d2e21150d8d812444b4c852cf46991f406873758e2e9e20e09b3af3
benchmarks/prethreshold/r1/pipeline_cache/G32_E16_PRETHRESHOLD_SUBGROUP_COMPACT_append_counts.vkcache,15991,aef756a21f085c29d5ce683034ad72401cf37330e7ca3cc9b013766db266ab74
benchmarks/prethreshold/r1/pipeline_cache/G32_E16_SUBGROUP_COMPACT_append.vkcache,14019,c376a0b1457123f27da59ac8b009d26b8290e0a14b252e1644312b8060ec1a3c
benchmarks/prethreshold/r1/pipeline_cache/G32_E16_SUBGROUP_COMPACT_append_counts.vkcache,15954,93d64658fa0c1d48f6690ee3e58bf3f3da0dbceca0f609ec575b0dcfd4640564
benchmarks/prethreshold/r1/pipeline_cache/G32_E16_evaluate.vkcache,10394,0e40531ff78de5a704de782729a71fc5a5dfa31188fb08b239c814b1b365dd27
benchmarks/prethreshold/r1/pipeline_cache/G32_E16_evaluate_commit.vkcache,11460,c93459be1c2be04c753c65f1ec6e98fbf8ecf906f0563f15e2eade6ef9a1e36e
benchmarks/prethreshold/r1/vulkan_benchmark_results.csv,12434,42bce42ada1f3449a83acefcf43d6c63367e3ec821ce8d4ce0f28b96d9382a18
benchmarks/prethreshold/r1/vulkan_benchmark_results.json,51917,3f3e47a103fd7957095f854b908af66a2539ed81abe625845ff0d75ff1ee8f37
benchmarks/prethreshold/r2/pipeline_cache/G32_E16_PRETHRESHOLD_SUBGROUP_COMPACT_append.vkcache,13984,f4cea6fc2d2e21150d8d812444b4c852cf46991f406873758e2e9e20e09b3af3
benchmarks/prethreshold/r2/pipeline_cache/G32_E16_PRETHRESHOLD_SUBGROUP_COMPACT_append_counts.vkcache,15991,aef756a21f085c29d5ce683034ad72401cf37330e7ca3cc9b013766db266ab74
benchmarks/prethreshold/r2/pipeline_cache/G32_E16_SUBGROUP_COMPACT_append.vkcache,14019,c376a0b1457123f27da59ac8b009d26b8290e0a14b252e1644312b8060ec1a3c
benchmarks/prethreshold/r2/pipeline_cache/G32_E16_SUBGROUP_COMPACT_append_counts.vkcache,15954,93d64658fa0c1d48f6690ee3e58bf3f3da0dbceca0f609ec575b0dcfd4640564
benchmarks/prethreshold/r2/pipeline_cache/G32_E16_evaluate.vkcache,10394,0e40531ff78de5a704de782729a71fc5a5dfa31188fb08b239c814b1b365dd27
benchmarks/prethreshold/r2/pipeline_cache/G32_E16_evaluate_commit.vkcache,11460,c93459be1c2be04c753c65f1ec6e98fbf8ecf906f0563f15e2eade6ef9a1e36e
benchmarks/prethreshold/r2/vulkan_benchmark_results.csv,12431,fa92dede898ca6a2fe854c87c1f66e601bd33d15721b4846fda9a27bce564590
benchmarks/prethreshold/r2/vulkan_benchmark_results.json,51914,212e2e2c7eebb81950adc1a20fc807495a7a7d3b8f1ccd974b2b6cd87ff9ab68
benchmarks/sg_compact/r1/pipeline_cache/G32_E16_COMPACT_append.vkcache,10830,192efaf09bfa9b97d8fe7eb00ceea76e05293bf9417fda86be8cd088ad2353ef
benchmarks/sg_compact/r1/pipeline_cache/G32_E16_COMPACT_append_counts.vkcache,11430,8d81a32bbe38d9ff018384ae46567c23fc5cb7294210cfcc985624d4c7ad62d0
benchmarks/sg_compact/r1/pipeline_cache/G32_E16_SUBGROUP_COMPACT_append.vkcache,13785,f5e718630e5316b508f4e8f3bd6fba48b98eb47f160148c858812c1e72b33a34
benchmarks/sg_compact/r1/pipeline_cache/G32_E16_SUBGROUP_COMPACT_append_counts.vkcache,15733,b84a34c504071fcb34e3f3675ff8387c761e5c959fa2d0076c4f99d61848cf5c
benchmarks/sg_compact/r1/pipeline_cache/G32_E16_evaluate.vkcache,10394,0e40531ff78de5a704de782729a71fc5a5dfa31188fb08b239c814b1b365dd27
benchmarks/sg_compact/r1/pipeline_cache/G32_E16_evaluate_commit.vkcache,11460,c93459be1c2be04c753c65f1ec6e98fbf8ecf906f0563f15e2eade6ef9a1e36e
benchmarks/sg_compact/r1/vulkan_benchmark_results.csv,13457,1ccacecf48e5a424d1aa36e72e787568856607365a34538822ffd3e38572cccc
benchmarks/sg_compact/r1/vulkan_benchmark_results.json,54558,70c9e58bb5aad1f135e720d9c7620160f9e9d3fa2641848fd23b3967e6029a8d
benchmarks/sg_compact/r2/pipeline_cache/G32_E16_COMPACT_append.vkcache,10830,192efaf09bfa9b97d8fe7eb00ceea76e05293bf9417fda86be8cd088ad2353ef
benchmarks/sg_compact/r2/pipeline_cache/G32_E16_COMPACT_append_counts.vkcache,11430,8d81a32bbe38d9ff018384ae46567c23fc5cb7294210cfcc985624d4c7ad62d0
benchmarks/sg_compact/r2/pipeline_cache/G32_E16_SUBGROUP_COMPACT_append.vkcache,13785,f5e718630e5316b508f4e8f3bd6fba48b98eb47f160148c858812c1e72b33a34
benchmarks/sg_compact/r2/pipeline_cache/G32_E16_SUBGROUP_COMPACT_append_counts.vkcache,15733,b84a34c504071fcb34e3f3675ff8387c761e5c959fa2d0076c4f99d61848cf5c
benchmarks/sg_compact/r2/pipeline_cache/G32_E16_evaluate.vkcache,10394,0e40531ff78de5a704de782729a71fc5a5dfa31188fb08b239c814b1b365dd27
benchmarks/sg_compact/r2/pipeline_cache/G32_E16_evaluate_commit.vkcache,11460,c93459be1c2be04c753c65f1ec6e98fbf8ecf906f0563f15e2eade6ef9a1e36e
benchmarks/sg_compact/r2/vulkan_benchmark_results.csv,13462,806f97ed8a5ce933487be4063e417a7d7b1fe0903a0705e0aaec91da177d0e25
benchmarks/sg_compact/r2/vulkan_benchmark_results.json,54563,37c5b9b2e91e3f219d9023b2c35d2121a3c736fe3bff6c9f3f94c5aacc87a51c
benchmarks/sg_compact/r3/pipeline_cache/G32_E16_COMPACT_append.vkcache,10830,192efaf09bfa9b97d8fe7eb00ceea76e05293bf9417fda86be8cd088ad2353ef
benchmarks/sg_compact/r3/pipeline_cache/G32_E16_COMPACT_append_counts.vkcache,11430,8d81a32bbe38d9ff018384ae46567c23fc5cb7294210cfcc985624d4c7ad62d0
benchmarks/sg_compact/r3/pipeline_cache/G32_E16_SUBGROUP_COMPACT_append.vkcache,13785,f5e718630e5316b508f4e8f3bd6fba48b98eb47f160148c858812c1e72b33a34
benchmarks/sg_compact/r3/pipeline_cache/G32_E16_SUBGROUP_COMPACT_append_counts.vkcache,15733,b84a34c504071fcb34e3f3675ff8387c761e5c959fa2d0076c4f99d61848cf5c
benchmarks/sg_compact/r3/pipeline_cache/G32_E16_evaluate.vkcache,10394,0e40531ff78de5a704de782729a71fc5a5dfa31188fb08b239c814b1b365dd27
benchmarks/sg_compact/r3/pipeline_cache/G32_E16_evaluate_commit.vkcache,11460,c93459be1c2be04c753c65f1ec6e98fbf8ecf906f0563f15e2eade6ef9a1e36e
benchmarks/sg_compact/r3/vulkan_benchmark_results.csv,13464,530a5f3bdf34daf87037de8f2de44488c3a10ccee9bdf8e00ae6d9ce9dd9975d
benchmarks/sg_compact/r3/vulkan_benchmark_results.json,54565,148d5bd111ae74c569da372bae0a72d6b6ac8b247737dabbcd250c40a8f5aca6
benchmarks/sg_compact_reverse/r1/pipeline_cache/G32_E16_COMPACT_append.vkcache,10830,192efaf09bfa9b97d8fe7eb00ceea76e05293bf9417fda86be8cd088ad2353ef
benchmarks/sg_compact_reverse/r1/pipeline_cache/G32_E16_COMPACT_append_counts.vkcache,11430,8d81a32bbe38d9ff018384ae46567c23fc5cb7294210cfcc985624d4c7ad62d0
benchmarks/sg_compact_reverse/r1/pipeline_cache/G32_E16_SUBGROUP_COMPACT_append.vkcache,13785,f5e718630e5316b508f4e8f3bd6fba48b98eb47f160148c858812c1e72b33a34
benchmarks/sg_compact_reverse/r1/pipeline_cache/G32_E16_SUBGROUP_COMPACT_append_counts.vkcache,15733,b84a34c504071fcb34e3f3675ff8387c761e5c959fa2d0076c4f99d61848cf5c
benchmarks/sg_compact_reverse/r1/pipeline_cache/G32_E16_evaluate.vkcache,10394,0e40531ff78de5a704de782729a71fc5a5dfa31188fb08b239c814b1b365dd27
benchmarks/sg_compact_reverse/r1/pipeline_cache/G32_E16_evaluate_commit.vkcache,11460,c93459be1c2be04c753c65f1ec6e98fbf8ecf906f0563f15e2eade6ef9a1e36e
benchmarks/sg_compact_reverse/r1/vulkan_benchmark_results.csv,13463,319b62932b8c26762b3ce002b3ab42900b1239056204e8c4a6503fd152779282
benchmarks/sg_compact_reverse/r1/vulkan_benchmark_results.json,54589,3ea0f84b77d3580ee15f4a615e22e82dfa2b9675eaa912a433a76e31f8bf1895
benchmarks/sg_compact_reverse/r2/pipeline_cache/G32_E16_COMPACT_append.vkcache,10830,192efaf09bfa9b97d8fe7eb00ceea76e05293bf9417fda86be8cd088ad2353ef
benchmarks/sg_compact_reverse/r2/pipeline_cache/G32_E16_COMPACT_append_counts.vkcache,11430,8d81a32bbe38d9ff018384ae46567c23fc5cb7294210cfcc985624d4c7ad62d0
benchmarks/sg_compact_reverse/r2/pipeline_cache/G32_E16_SUBGROUP_COMPACT_append.vkcache,13785,f5e718630e5316b508f4e8f3bd6fba48b98eb47f160148c858812c1e72b33a34
benchmarks/sg_compact_reverse/r2/pipeline_cache/G32_E16_SUBGROUP_COMPACT_append_counts.vkcache,15733,b84a34c504071fcb34e3f3675ff8387c761e5c959fa2d0076c4f99d61848cf5c
benchmarks/sg_compact_reverse/r2/pipeline_cache/G32_E16_evaluate.vkcache,10394,0e40531ff78de5a704de782729a71fc5a5dfa31188fb08b239c814b1b365dd27
benchmarks/sg_compact_reverse/r2/pipeline_cache/G32_E16_evaluate_commit.vkcache,11460,c93459be1c2be04c753c65f1ec6e98fbf8ecf906f0563f15e2eade6ef9a1e36e
benchmarks/sg_compact_reverse/r2/vulkan_benchmark_results.csv,13454,9025dd9492518b91209d0f9e5ad03533e6b853205a918de812057eb7bf6b01f5
benchmarks/sg_compact_reverse/r2/vulkan_benchmark_results.json,54580,3a919a418f334f786e8b69a7294e2722d9cbc03618d6702c9d23bba72fbeed08
benchmarks/sg_compact_reverse/r3/pipeline_cache/G32_E16_COMPACT_append.vkcache,10830,192efaf09bfa9b97d8fe7eb00ceea76e05293bf9417fda86be8cd088ad2353ef
benchmarks/sg_compact_reverse/r3/pipeline_cache/G32_E16_COMPACT_append_counts.vkcache,11430,8d81a32bbe38d9ff018384ae46567c23fc5cb7294210cfcc985624d4c7ad62d0
benchmarks/sg_compact_reverse/r3/pipeline_cache/G32_E16_SUBGROUP_COMPACT_append.vkcache,13785,f5e718630e5316b508f4e8f3bd6fba48b98eb47f160148c858812c1e72b33a34
benchmarks/sg_compact_reverse/r3/pipeline_cache/G32_E16_SUBGROUP_COMPACT_append_counts.vkcache,15733,b84a34c504071fcb34e3f3675ff8387c761e5c959fa2d0076c4f99d61848cf5c
benchmarks/sg_compact_reverse/r3/pipeline_cache/G32_E16_evaluate.vkcache,10394,0e40531ff78de5a704de782729a71fc5a5dfa31188fb08b239c814b1b365dd27
benchmarks/sg_compact_reverse/r3/pipeline_cache/G32_E16_evaluate_commit.vkcache,11460,c93459be1c2be04c753c65f1ec6e98fbf8ecf906f0563f15e2eade6ef9a1e36e
benchmarks/sg_compact_reverse/r3/vulkan_benchmark_results.csv,13452,e4e7a2a7d8b66da97812ce19c58c1841bd1bb03825316b50d26996cffb6294e7
benchmarks/sg_compact_reverse/r3/vulkan_benchmark_results.json,54578,bf079ea72be880f1f21c833502579b2c20270c5a005f5f1a662c3162cc76f02e
benchmarks/vulkan_native_run/pipeline_cache/G32_E16_evaluate.vkcache,32,be108b6c0c2ce9f5cc96c2c9255f32c4669bccd0776fdeb973694bc4a94ddc15
benchmarks/vulkan_native_run/pipeline_cache/G32_E16_evaluate_commit.vkcache,32,be108b6c0c2ce9f5cc96c2c9255f32c4669bccd0776fdeb973694bc4a94ddc15
benchmarks/vulkan_native_run/pipeline_cache/G64_E32_evaluate.vkcache,32,be108b6c0c2ce9f5cc96c2c9255f32c4669bccd0776fdeb973694bc4a94ddc15
benchmarks/vulkan_native_run/pipeline_cache/G64_E32_evaluate_commit.vkcache,32,be108b6c0c2ce9f5cc96c2c9255f32c4669bccd0776fdeb973694bc4a94ddc15
benchmarks/vulkan_native_run/vulkan_benchmark_results.csv,2761,35595a96f44102d467bd822b1b5b46b4cbce31ab1136810bff84ea5683940524
benchmarks/vulkan_native_run/vulkan_benchmark_results.json,12299,cac7e1ac80a96ed5626c364e8602c39e815b83c9c79b32bb8064c69bfaac9d31
benchmarks/windows_compact_run/r1/pipeline_cache/G32_E16_COMPACT_append.vkcache,10830,192efaf09bfa9b97d8fe7eb00ceea76e05293bf9417fda86be8cd088ad2353ef
benchmarks/windows_compact_run/r1/pipeline_cache/G32_E16_COMPACT_append_counts.vkcache,11430,8d81a32bbe38d9ff018384ae46567c23fc5cb7294210cfcc985624d4c7ad62d0
benchmarks/windows_compact_run/r1/pipeline_cache/G32_E16_evaluate.vkcache,10394,0e40531ff78de5a704de782729a71fc5a5dfa31188fb08b239c814b1b365dd27
benchmarks/windows_compact_run/r1/pipeline_cache/G32_E16_evaluate_commit.vkcache,11460,c93459be1c2be04c753c65f1ec6e98fbf8ecf906f0563f15e2eade6ef9a1e36e
benchmarks/windows_compact_run/r1/vulkan_benchmark_results.csv,9031,26860c3c930224baf38ad39a4b5647fe4e456ac075b536e64de5308430d2c7cb
benchmarks/windows_compact_run/r1/vulkan_benchmark_results.json,36486,ff593a781bb3051465c54b234bdffd0b626b4b94c244bd7b13fca5e8245ac157
benchmarks/windows_compact_run/r2/pipeline_cache/G32_E16_COMPACT_append.vkcache,10830,192efaf09bfa9b97d8fe7eb00ceea76e05293bf9417fda86be8cd088ad2353ef
benchmarks/windows_compact_run/r2/pipeline_cache/G32_E16_COMPACT_append_counts.vkcache,11430,8d81a32bbe38d9ff018384ae46567c23fc5cb7294210cfcc985624d4c7ad62d0
benchmarks/windows_compact_run/r2/pipeline_cache/G32_E16_evaluate.vkcache,10394,0e40531ff78de5a704de782729a71fc5a5dfa31188fb08b239c814b1b365dd27
benchmarks/windows_compact_run/r2/pipeline_cache/G32_E16_evaluate_commit.vkcache,11460,c93459be1c2be04c753c65f1ec6e98fbf8ecf906f0563f15e2eade6ef9a1e36e
benchmarks/windows_compact_run/r2/vulkan_benchmark_results.csv,9036,2c5d1835db4f06dde94756a4a838615dc100a1c0fe9b0b562cf40a2621cc7cab
benchmarks/windows_compact_run/r2/vulkan_benchmark_results.json,36491,ff83d0653303856f272c9114c3ceb0704f164444afa05ddebde691673ce310f5
benchmarks/windows_compact_run/r3/pipeline_cache/G32_E16_COMPACT_append.vkcache,10830,192efaf09bfa9b97d8fe7eb00ceea76e05293bf9417fda86be8cd088ad2353ef
benchmarks/windows_compact_run/r3/pipeline_cache/G32_E16_COMPACT_append_counts.vkcache,11430,8d81a32bbe38d9ff018384ae46567c23fc5cb7294210cfcc985624d4c7ad62d0
benchmarks/windows_compact_run/r3/pipeline_cache/G32_E16_evaluate.vkcache,10394,0e40531ff78de5a704de782729a71fc5a5dfa31188fb08b239c814b1b365dd27
benchmarks/windows_compact_run/r3/pipeline_cache/G32_E16_evaluate_commit.vkcache,11460,c93459be1c2be04c753c65f1ec6e98fbf8ecf906f0563f15e2eade6ef9a1e36e
benchmarks/windows_compact_run/r3/vulkan_benchmark_results.csv,9030,7777b810195388e26d094948036151364a43504230f689d5d59099dec4da91b2
benchmarks/windows_compact_run/r3/vulkan_benchmark_results.json,36485,63b84f79006f68c708c38509e18deb022c36a24212a943d55f3a5b3451b5cdca
benchmarks/windows_integrated_lut_run/replicate_1/pipeline_cache/G32_E16_LUT_evaluate.vkcache,12090,5a359f007d11f4879456a132b607d916b0d2a7ab80c930ec31ccb2b826fe9ce2
benchmarks/windows_integrated_lut_run/replicate_1/pipeline_cache/G32_E16_LUT_evaluate_commit.vkcache,13085,c38abac030c90abedad2746e376bfce66461743c3aec266da21da160e3eaecc2
benchmarks/windows_integrated_lut_run/replicate_1/pipeline_cache/G32_E16_evaluate.vkcache,10001,817c8fa658cc3833f4040d46b232af9347b60a6c2fec0b3470176dc8b6c24e03
benchmarks/windows_integrated_lut_run/replicate_1/pipeline_cache/G32_E16_evaluate_commit.vkcache,11009,569e486e565b38c6eefb5e8d5cbfe19048a3856ddb572fe796a70be71c8e043e
benchmarks/windows_integrated_lut_run/replicate_1/pipeline_cache/G64_E32_evaluate.vkcache,10068,adf790ac1b2b8601f0e60516a0f5882469d3e9e54cb3b3964b7721d4d24073f4
benchmarks/windows_integrated_lut_run/replicate_1/pipeline_cache/G64_E32_evaluate_commit.vkcache,11015,b2af1828c9a27331e9f47a969f000b15ab9ca75527a400c7abdc8fa336a4d136
benchmarks/windows_integrated_lut_run/replicate_1/vulkan_benchmark_results.csv,10857,2115845fcc223167fc065c5029f19250b59374024d192d42c836056187e7fcd9
benchmarks/windows_integrated_lut_run/replicate_1/vulkan_benchmark_results.json,46414,e46320c1588c632ce70e4c648617297f38a521f88d188c0dd18d188b198c949e
benchmarks/windows_integrated_lut_run/replicate_2/pipeline_cache/G32_E16_LUT_evaluate.vkcache,12090,5a359f007d11f4879456a132b607d916b0d2a7ab80c930ec31ccb2b826fe9ce2
benchmarks/windows_integrated_lut_run/replicate_2/pipeline_cache/G32_E16_LUT_evaluate_commit.vkcache,13085,c38abac030c90abedad2746e376bfce66461743c3aec266da21da160e3eaecc2
benchmarks/windows_integrated_lut_run/replicate_2/pipeline_cache/G32_E16_evaluate.vkcache,10001,817c8fa658cc3833f4040d46b232af9347b60a6c2fec0b3470176dc8b6c24e03
benchmarks/windows_integrated_lut_run/replicate_2/pipeline_cache/G32_E16_evaluate_commit.vkcache,11009,569e486e565b38c6eefb5e8d5cbfe19048a3856ddb572fe796a70be71c8e043e
benchmarks/windows_integrated_lut_run/replicate_2/pipeline_cache/G64_E32_evaluate.vkcache,10068,adf790ac1b2b8601f0e60516a0f5882469d3e9e54cb3b3964b7721d4d24073f4
benchmarks/windows_integrated_lut_run/replicate_2/pipeline_cache/G64_E32_evaluate_commit.vkcache,11015,b2af1828c9a27331e9f47a969f000b15ab9ca75527a400c7abdc8fa336a4d136
benchmarks/windows_integrated_lut_run/replicate_2/vulkan_benchmark_results.csv,10855,431f7aaa34a7b8d8a21147466151301f980a8279c834c549f0bb9c9b54b5d2f9
benchmarks/windows_integrated_lut_run/replicate_2/vulkan_benchmark_results.json,46412,239a9376ea59e3fa4eb1508e4c684a2a7f9edcd77b8fd26394d9987931ba1ac2
benchmarks/windows_integrated_lut_run/replicate_3/pipeline_cache/G32_E16_LUT_evaluate.vkcache,12090,5a359f007d11f4879456a132b607d916b0d2a7ab80c930ec31ccb2b826fe9ce2
benchmarks/windows_integrated_lut_run/replicate_3/pipeline_cache/G32_E16_LUT_evaluate_commit.vkcache,13085,c38abac030c90abedad2746e376bfce66461743c3aec266da21da160e3eaecc2
benchmarks/windows_integrated_lut_run/replicate_3/pipeline_cache/G32_E16_evaluate.vkcache,10001,817c8fa658cc3833f4040d46b232af9347b60a6c2fec0b3470176dc8b6c24e03
benchmarks/windows_integrated_lut_run/replicate_3/pipeline_cache/G32_E16_evaluate_commit.vkcache,11009,569e486e565b38c6eefb5e8d5cbfe19048a3856ddb572fe796a70be71c8e043e
benchmarks/windows_integrated_lut_run/replicate_3/pipeline_cache/G64_E32_evaluate.vkcache,10068,adf790ac1b2b8601f0e60516a0f5882469d3e9e54cb3b3964b7721d4d24073f4
benchmarks/windows_integrated_lut_run/replicate_3/pipeline_cache/G64_E32_evaluate_commit.vkcache,11015,b2af1828c9a27331e9f47a969f000b15ab9ca75527a400c7abdc8fa336a4d136
benchmarks/windows_integrated_lut_run/replicate_3/vulkan_benchmark_results.csv,10856,7c732ed5b5db6c429b67b73501c3a34af527db9be98fade56031648b95c98be3
benchmarks/windows_integrated_lut_run/replicate_3/vulkan_benchmark_results.json,46413,a0abd90cfd4beee8c0425e473e1749a5958ad856f51072dd3d99f1e52dd1e912
benchmarks/windows_lut_cache_run/replicate_1/lut_cache_results.csv,2310,73c596e74265e93b7fa692fca569b1ffce2cd58df0bcad3d1be9b437dadfec16
benchmarks/windows_lut_cache_run/replicate_1/lut_cache_results.json,7628,ae4713864db054b7ebc3529e5d599daf437b41665b4832b478e15b53772f76ed
benchmarks/windows_lut_cache_run/replicate_2/lut_cache_results.csv,2318,0a958a27ad05ddbea34cef9811cfb24f68d02291e85f768a2191a32c49b1f8b5
benchmarks/windows_lut_cache_run/replicate_2/lut_cache_results.json,7636,47887c33a496ace48587e359478b8d98595ec016577c96dc8ce12aa142bd4473
benchmarks/windows_native_run/l2_boundary_sweep/pipeline_cache/G32_E16_evaluate.vkcache,10002,4ed4402979bb5a77f77c46c7b61d86e7cb4f6b1c096f85b822f5db5ed699be76
benchmarks/windows_native_run/l2_boundary_sweep/pipeline_cache/G32_E16_evaluate_commit.vkcache,11005,f6e982097e7ac102cc0b70abaf16e12ea7766599c3a6e6c5ddfe2aee3a425a36
benchmarks/windows_native_run/l2_boundary_sweep/pipeline_cache/G64_E32_evaluate.vkcache,10066,35aea87f17d21aeb7325b6778e8e98d14044ba4193b52fc2e59acd8e16d70630
benchmarks/windows_native_run/l2_boundary_sweep/pipeline_cache/G64_E32_evaluate_commit.vkcache,11014,5f4b53587674405311a76d7e52e9d9afeb9a70418c920c60aa4880ccaace59e2
benchmarks/windows_native_run/l2_boundary_sweep/vulkan_benchmark_results.csv,11008,72411080e094ef96e60dde2b0e101e31d664610eaa245cbc602c024dc5861770
benchmarks/windows_native_run/l2_boundary_sweep/vulkan_benchmark_results.json,46999,f99e9f04c5c3df77b9235c4b40ae6c319b21fec7d24f4de53e56fd3331fcb619
benchmarks/windows_native_run/nsight/profiled_run/pipeline_cache/G32_E16_evaluate.vkcache,10002,4ed4402979bb5a77f77c46c7b61d86e7cb4f6b1c096f85b822f5db5ed699be76
benchmarks/windows_native_run/nsight/profiled_run/pipeline_cache/G32_E16_evaluate_commit.vkcache,11005,f6e982097e7ac102cc0b70abaf16e12ea7766599c3a6e6c5ddfe2aee3a425a36
benchmarks/windows_native_run/nsight/profiled_run/pipeline_cache/G64_E32_evaluate.vkcache,10066,35aea87f17d21aeb7325b6778e8e98d14044ba4193b52fc2e59acd8e16d70630
benchmarks/windows_native_run/nsight/profiled_run/pipeline_cache/G64_E32_evaluate_commit.vkcache,11014,5f4b53587674405311a76d7e52e9d9afeb9a70418c920c60aa4880ccaace59e2
benchmarks/windows_native_run/nsight/profiled_run/vulkan_benchmark_results.csv,1373,6e58f263de2955aa5b354696e1b695e9f0c90f07f70ba4a7e4c116e614385cb5
benchmarks/windows_native_run/nsight/profiled_run/vulkan_benchmark_results.json,5470,b2b4f6fa1092b76751d92c17eb74b7029d68e2719bc738a4ae97e494f9a5df09
benchmarks/windows_native_run/nsight/ugts_vulkan_trace.nsys-rep,25775,29c6df1c6aee63bb051a8c1cfc53095751760a33200763e4d65c55294fa7f392
benchmarks/windows_native_run/nsight/ugts_vulkan_trace.sqlite,151552,1e9b3c525fc488d58dbb830a81ff0c35ecb46a4f7a68c9def21a09cc5f202889
benchmarks/windows_native_run/replicate_1/pipeline_cache/G32_E16_evaluate.vkcache,10002,4ed4402979bb5a77f77c46c7b61d86e7cb4f6b1c096f85b822f5db5ed699be76
benchmarks/windows_native_run/replicate_1/pipeline_cache/G32_E16_evaluate_commit.vkcache,11005,f6e982097e7ac102cc0b70abaf16e12ea7766599c3a6e6c5ddfe2aee3a425a36
benchmarks/windows_native_run/replicate_1/pipeline_cache/G64_E32_evaluate.vkcache,10066,35aea87f17d21aeb7325b6778e8e98d14044ba4193b52fc2e59acd8e16d70630
benchmarks/windows_native_run/replicate_1/pipeline_cache/G64_E32_evaluate_commit.vkcache,11014,5f4b53587674405311a76d7e52e9d9afeb9a70418c920c60aa4880ccaace59e2
benchmarks/windows_native_run/replicate_1/vulkan_benchmark_results.csv,9940,c618f558f930131a646ddd469464a4d93ef37462ef5672057bb867216c301712
benchmarks/windows_native_run/replicate_1/vulkan_benchmark_results.json,43005,5110f72b81a8ade353c5139fef93b7d9531933b75ad908a24f0e7b35ca43ff8f
benchmarks/windows_native_run/replicate_2/pipeline_cache/G32_E16_evaluate.vkcache,10002,4ed4402979bb5a77f77c46c7b61d86e7cb4f6b1c096f85b822f5db5ed699be76
benchmarks/windows_native_run/replicate_2/pipeline_cache/G32_E16_evaluate_commit.vkcache,11005,f6e982097e7ac102cc0b70abaf16e12ea7766599c3a6e6c5ddfe2aee3a425a36
benchmarks/windows_native_run/replicate_2/pipeline_cache/G64_E32_evaluate.vkcache,10066,35aea87f17d21aeb7325b6778e8e98d14044ba4193b52fc2e59acd8e16d70630
benchmarks/windows_native_run/replicate_2/pipeline_cache/G64_E32_evaluate_commit.vkcache,11014,5f4b53587674405311a76d7e52e9d9afeb9a70418c920c60aa4880ccaace59e2
benchmarks/windows_native_run/replicate_2/vulkan_benchmark_results.csv,9955,7e66b04c41290688b0fd939c24d99668e03c3ddfabdb719d03ab2674abd8719c
benchmarks/windows_native_run/replicate_2/vulkan_benchmark_results.json,43038,e6c2b3eb7e48067412713e3ddadd59574b2041f436663b362ce0787c43a4b0dc
benchmarks/windows_native_run/replicate_3/pipeline_cache/G32_E16_evaluate.vkcache,10002,4ed4402979bb5a77f77c46c7b61d86e7cb4f6b1c096f85b822f5db5ed699be76
benchmarks/windows_native_run/replicate_3/pipeline_cache/G32_E16_evaluate_commit.vkcache,11005,f6e982097e7ac102cc0b70abaf16e12ea7766599c3a6e6c5ddfe2aee3a425a36
benchmarks/windows_native_run/replicate_3/pipeline_cache/G64_E32_evaluate.vkcache,10066,35aea87f17d21aeb7325b6778e8e98d14044ba4193b52fc2e59acd8e16d70630
benchmarks/windows_native_run/replicate_3/pipeline_cache/G64_E32_evaluate_commit.vkcache,11014,5f4b53587674405311a76d7e52e9d9afeb9a70418c920c60aa4880ccaace59e2
benchmarks/windows_native_run/replicate_3/vulkan_benchmark_results.csv,6711,780f262fae1b4ba9d0f4ac50a2023b4dd0357538c1858076be3d3fcb1886a291
benchmarks/windows_native_run/replicate_3/vulkan_benchmark_results.json,28226,bb9260d83b9be85b20e8a68f8138d45339f3da38eed07142e66f72c5410dbc14
benchmarks/windows_native_run/replicate_4/pipeline_cache/G32_E16_evaluate.vkcache,10002,4ed4402979bb5a77f77c46c7b61d86e7cb4f6b1c096f85b822f5db5ed699be76
benchmarks/windows_native_run/replicate_4/pipeline_cache/G32_E16_evaluate_commit.vkcache,11005,f6e982097e7ac102cc0b70abaf16e12ea7766599c3a6e6c5ddfe2aee3a425a36
benchmarks/windows_native_run/replicate_4/pipeline_cache/G64_E32_evaluate.vkcache,10066,35aea87f17d21aeb7325b6778e8e98d14044ba4193b52fc2e59acd8e16d70630
benchmarks/windows_native_run/replicate_4/pipeline_cache/G64_E32_evaluate_commit.vkcache,11014,5f4b53587674405311a76d7e52e9d9afeb9a70418c920c60aa4880ccaace59e2
benchmarks/windows_native_run/replicate_4/vulkan_benchmark_results.csv,6711,087b33ebfd2747d1dbb69923defe1e184dfde0e5067678b2b561b6c3d7a32af3
benchmarks/windows_native_run/replicate_4/vulkan_benchmark_results.json,28226,341be5e0a7ea6c898981d8a9bc0a3290e55aa35a47dc7654531a90f6310721c8
benchmarks/windows_physical_gpu_aggregate/aggregate_metrics.json,917624,73cc85fc56a09166c9b9023c0e65b1c94bf2246cd7b7479a9c3776702a0a2fa3
benchmarks/windows_physical_gpu_aggregate/bounded_compaction_metrics.csv,2686,b4014ff46e42e45ab9d6cd91af9d5fc72d50e43fe86e2c98a15a3bd630b17b6b
benchmarks/windows_physical_gpu_aggregate/capacity_sweep_metrics.csv,676,6a7ed0a263acfd764035627889607fdbb7b194e21c6ee478fe52862c09313757
benchmarks/windows_physical_gpu_aggregate/cold_lineage_comparison.csv,4768,4701fb1098af83bef6805f0068d069e0ada245f6fa18a7d3f897cc0773c16122
benchmarks/windows_physical_gpu_aggregate/compaction_metrics.csv,4162,849fdd127710b76c90f2427f9d7ba5bbb69e8443a4d0d41e3d8d74a47fb88675
benchmarks/windows_physical_gpu_aggregate/core_metrics.csv,10837,02479ecf35523855ecd21bc1e2c333854093ad54b098618ef37bce629b7f57b2
benchmarks/windows_physical_gpu_aggregate/cuda_l2_clock_comparison.csv,2261,1a1516a39791d8a0df70d968b3ce23535d2bb33d949ec487f2fef1b89fafb571
benchmarks/windows_physical_gpu_aggregate/cuda_l2_mlp_comparison.csv,32388,dcaf02edaa267f7aea9a173d375207ca432e9eb8a0db59280bf68a34858b30bc
benchmarks/windows_physical_gpu_aggregate/cuda_l2_stride_comparison.csv,47088,a689af34d20c59498287b84ebc98d42832e98ddbd69702d305f29e607104e7b5
benchmarks/windows_physical_gpu_aggregate/cuda_packed_log_lut_comparison.csv,41164,0e56ff4d7093461f87cc6bb302f9f4d3723790bfac759c72bfbab82a2f864051
benchmarks/windows_physical_gpu_aggregate/cuda_packed_log_lut_full_occupancy.csv,1847,db4bd05726854bdb953ba2e5b56b0fef780daccc256dc71bdc99b704d3d5d4d0
benchmarks/windows_physical_gpu_aggregate/cuda_packed_log_lut_packing_comparison.csv,12355,c38977924a2a223b15ed20a8547415dbbd4239af854d5cf3cfaf1b3356976e67
benchmarks/windows_physical_gpu_aggregate/cuda_packed_log_lut_texture_comparison.csv,7775,4594b4b43ba9ca9613742c961a880a462cdc170b7da9cbd3070c7ce52f56ed3d
benchmarks/windows_physical_gpu_aggregate/cuda_texture_lut_comparison.csv,8753,92e65c6b45086542afc84079c2c8875f9cb0eb11fb68294c494185d15eb0ccb2
benchmarks/windows_physical_gpu_aggregate/environment.json,9710,71818e4112fe17b7fdef54d638cb54a67d3f7637149902b2c6c4c64ff2cbee8c
benchmarks/windows_physical_gpu_aggregate/hot_log_control_comparison.csv,5811,665358efff30bcbd35f466af08838c42eb79377de3c3b6686a283d205cbe0964
benchmarks/windows_physical_gpu_aggregate/hot_log_lut_comparison.csv,3051,563b82fc6ad8476c376e93900b1ce7bfb837f10100afe12dbe2fc112e306bfd8
benchmarks/windows_physical_gpu_aggregate/integrated_lut_comparison.csv,3099,9dadb929ed580d973af321ae0a3426ad6ea1f92df2803ad8bca0245da1a86aaf
benchmarks/windows_physical_gpu_aggregate/l2_boundary_comparison.csv,3768,47bade2cdd80fefa16588559c88743cf0af90db32ea82b9e91b75a70132e80b4
benchmarks/windows_physical_gpu_aggregate/l2_latency_comparison.csv,5165,0850fa65bf6e6eaa430f4e52abe4977b8022d022905fb2a1a2138b0aa6489ec2
benchmarks/windows_physical_gpu_aggregate/lut_metrics.csv,2764,802f68a8dabebf030f01dcbd42c01ad0c76891af47eca22d3be42a42086215d3
benchmarks/windows_physical_gpu_aggregate/lut_path_comparison.csv,2476,6505dbf4d2a8a9fe01fa881ab4539ec5c29b8ddaf7c946404d77680e5838c5c8
benchmarks/windows_physical_gpu_aggregate/paired_lut_comparison.csv,3903,6ba5af5cafc7da126d25e3a71fb97385bbe61f44d8b8f3f38a64782218e6ed2b
benchmarks/windows_physical_gpu_aggregate/pipeline_executable_statistics.csv,3167,5531729d844b340f9a02483fedef92bede1e531dd587e073b96bd5e8144f3ff8
benchmarks/windows_physical_gpu_aggregate/prethreshold_comparison.csv,1564,c5a9eaef58e14a89f97f0a5f7d305e8f7ef3a3063a6b0c904d3757d136960fe0
examples/README.md,280,5703b8903547ca32414d03287ef11de637faa5f30c35f3c6aefd5d3dd1369c7e
examples/custom_glyph_encoder.txt,219,079c43dce808be72d09b4c3d3e2a0a5e8abee1d5b332d27e039298d7644d62a3
examples/example_output.json,395,a50ba20ae1923a5d72b51021c37f848196b50cee85b40a38a685504dc559b75b
examples/example_query.json,883,7a6ff03ed4c4451aee0cf9567f123e6d6efe2bef7dfe68737cd804a6971d2b9b
gpu/CMakeLists.txt,1608,9a925aac9e1063cc95ed864fa555b93a6e63004ce343ce5ff68d7faeff87d890
gpu/include/ugts_abi.h,1516,fd0937bfa193c96bc351d42914a265058a17f8e8b62d599f387c99db13d7dacf
gpu/include/ugts_egl_gles_min.h,5369,8f0b69b264b6888b808c5ea846614d5e68bc93d85dfeab46d41331a8af04e17d
gpu/include/ugts_vulkan_min.h,32247,4d8cb89bcae4b1e45905af050fb412cba8451c6cebec2e0bb6fa4fcf753562a5
gpu/native_cache/G32_E16_evaluate.anglebin,7180,387117c31f9acc041404ac057212dcbcd331011184994b9bfb8748f719e56f26
gpu/native_cache/G32_E16_evaluate.vkcache,32,be108b6c0c2ce9f5cc96c2c9255f32c4669bccd0776fdeb973694bc4a94ddc15
gpu/native_cache/G32_E16_evaluate_commit.anglebin,7828,4c0f83a7d35a9b27592f54bbacf366aa39ca3311539a4d727251fc1ff08fe307
gpu/native_cache/G32_E16_evaluate_commit.vkcache,32,be108b6c0c2ce9f5cc96c2c9255f32c4669bccd0776fdeb973694bc4a94ddc15
gpu/native_cache/G32_E16_evaluate_commit_module.spv,6148,e4ffd662b3be0d199fc97ca50d9f5272e849fe4545efb7aab2575fa2c82d4049
gpu/native_cache/G32_E16_evaluate_module.spv,5528,77b9b62ef8ffd8ae09d8a14765d1c00ab33a381935d513f858c57c238238a3e9
gpu/native_cache/G64_E32_evaluate.anglebin,6990,92bcdda3bd043408a4b0899b72fcfc56d6e2c435827182e847a095222120d404
gpu/native_cache/G64_E32_evaluate.vkcache,32,be108b6c0c2ce9f5cc96c2c9255f32c4669bccd0776fdeb973694bc4a94ddc15
gpu/native_cache/G64_E32_evaluate_commit.anglebin,7638,b5e4424fb5b17b2cf644bd4e4b11aba01717a358b97e4a5bb289a59a4bf9c813
gpu/native_cache/G64_E32_evaluate_commit.vkcache,32,be108b6c0c2ce9f5cc96c2c9255f32c4669bccd0776fdeb973694bc4a94ddc15
gpu/native_cache/G64_E32_evaluate_commit_module.spv,5508,c823685f4e2300a30274fec6f9a612765b36a005f3725e412d65c3fd2fde1878
gpu/native_cache/G64_E32_evaluate_module.spv,4888,f0a670603a19ca680ea14bc9a1febec3193d5224a55ed2c4f2785ab8abb12519
gpu/scripts/build_swiftshader.sh,355,3bcf82911c530829feffb2e16a2133b74b385f3c84f313a96e8d96e444bab715
gpu/scripts/build_windows_cuda_l2_clock.ps1,1799,1ef81dc21c83cacd36978f7f0fa2247f783c0adbfc640e0fd23ad779d152e3d6
gpu/scripts/build_windows_cuda_l2_mlp.ps1,1793,43319574342b0057a42a7c685048ffab4d9ce3d535e35884ba476a0030f8ce40
gpu/scripts/build_windows_cuda_l2_stride.ps1,1740,3f412c86309efa857327c0e34a695534b55123b0bb924beac48dce1eb6c377d7
gpu/scripts/build_windows_cuda_packed_log_lut.ps1,1817,78ddb4c56f365a00ee23487293f7ed82f23a7fb2c994637608a1367dbe65879b
gpu/scripts/build_windows_cuda_texture_lut.ps1,1808,2506ff017123ce9d8b257c03a6658e8fc3ac63bb2c3fab70168df40f18544119
gpu/scripts/build_windows_vulkan.ps1,2665,93a767372baf163aa76291b52b9d90ba1c8164512507a840e9e63f23b7e938d4
gpu/scripts/capture_windows_gpu_environment.ps1,11272,49a3eb323fbc56599f34b7fb0aa3bcaefaa434de7336ac385998f7722e20815a
gpu/scripts/compile_spirv.sh,6776,23da3a9397aa65aa6001b558cf1703d263150a1818e0699515026ebd8818c87d
gpu/scripts/run_all_validation.sh,973,282be19ca8dd0597306a02de7c4c91221e41c8f1ec99682d43c3dceaa09f682b
gpu/scripts/run_benchmarks.sh,605,9c638fed7023af7ba58a201870f68f7d277256cc23ec636d48ade362f08512ea
gpu/scripts/run_vulkan_benchmarks.sh,894,0e6ab6440f6353997285b247fefdbb38a27569695e551c9f79832b65f68e9331
gpu/scripts/run_windows_cold_lineage_benchmarks.ps1,1366,948921d415925cf1ce155532ac03fb8eca8a96fa482d5fbbebeee71bfc9cbd83
gpu/scripts/run_windows_compact_benchmarks.ps1,1401,64f4643b4183b15b0e9055547fbb093461989d4b29ba72e5393cfa342ac64c9d
gpu/scripts/run_windows_cuda_l2_clock.ps1,1112,563eff82e6ea4876bae2413dc13c04f823f69aec750d161d541c0cd9babfc9a1
gpu/scripts/run_windows_cuda_l2_mlp.ps1,1180,b1fbb0af508179087a8c53c1cc47f3fd56051334dd2940113d3692d1b4db8f6e
gpu/scripts/run_windows_cuda_l2_stride.ps1,1289,0a5619a7d0f88f4fc1ce66abbee1b795839c3321b1134aade682b7c5fc31d7ce
gpu/scripts/run_windows_cuda_packed_log_lut.ps1,1386,9e62571e8bdf0f514d0abb063f2e87b2f91c0a832b80b3d45a116a5f55844c7e
gpu/scripts/run_windows_cuda_texture_lut.ps1,1324,320240e601cd9502465aeea594930ca19e9dd8441de7a46f83cc568a2f3675cb
gpu/scripts/run_windows_hot_log_lut_benchmarks.ps1,1334,69ab672eec43e902637207f763ba87b1e73a9b42441371fe46298e71c36d8792
gpu/scripts/run_windows_l2_latency.ps1,1585,3d4e147a39c3b20e8b0c3a456d8219600a7a9b21c8187dde5c7a36fb3aa2dfdb
gpu/scripts/run_windows_lut_benchmarks.ps1,1296,4c9296b2f4d7d9d7a8958130bddf640ab0f0b349e2bcf15c47a354e62f31eab2
gpu/scripts/run_windows_lut_pair_benchmarks.ps1,1153,ac527c1cca53c74a997b88cc03e9f856afc3d0bf3744add8dbe814c405d84bdb
gpu/scripts/run_windows_prethreshold_benchmarks.ps1,1316,87d61ad0e7c315d1e67033f7c07895c48da20b5dc006595d5aa7b4602bcdee78
gpu/scripts/run_windows_vulkan_benchmarks.ps1,980,8a198c7fc6d52ac440071c5c06948b043b4dbcf5ceec9dff2a43647a39a350c2
gpu/shaders/es/ugts_eval_g32.comp,2623,ac5ed39ae65498612bf2a23bd0887e58b26a63dc939a42fce2ea06544d259049
gpu/shaders/es/ugts_eval_g64.comp,3022,79b5ed26ed5e1ac85bc8da580f3708cf9db557683bef89594dba82a6b29dcb5d
gpu/shaders/vulkan/ugts_compact_g20_cold_lineage_subgroup.comp,5372,55123d84a5a40dcf210ca68dfd7be4b017116de60fb362ea314d5c54a1bf7297
gpu/shaders/vulkan/ugts_compact_g24_logthreshold_subgroup.comp,5712,3453172c564fa2016cfef2f5b8d85020b03b4e3c2d2b97d849da1606ae08be5b
gpu/shaders/vulkan/ugts_compact_g32.comp,2684,8cf7fafd99a30b5d32e0f54940077a6eaa6524987d60392b47e227f930cf2017
gpu/shaders/vulkan/ugts_compact_g32_prethreshold_subgroup.comp,5283,9f15454088d57f8075e83b715bc30d41c0aab83b161d2e080b7dad265659a37a
gpu/shaders/vulkan/ugts_compact_g32_subgroup.comp,5322,29ec108f94f22f0832464f7db84cdc1d7fcf7ea7e8ebf9d10e7c1c6c2acb452c
gpu/shaders/vulkan/ugts_eval_g32.comp,2576,b0b061f6e3bb73472c1e8fe7758a440a8ff6e02cd2e44966894a1e0422ee948d
gpu/shaders/vulkan/ugts_eval_g32_lut.comp,3476,0f3e4cbf97e3325c8311dcd0dbc7f8e3a3b52fb6e945a988c534e187dc8830ad
gpu/shaders/vulkan/ugts_eval_g32_lut_pair.comp,3253,82b78d927a8761852c7a4f1b6a95c3a9d86c20e245b8b6949e75941c17be979d
gpu/shaders/vulkan/ugts_eval_g64.comp,2975,813f5a42bf6c12ff9e6d582c8d191902aad5c3e9e771563653a223cc1a63f7aa
gpu/shaders/vulkan/ugts_l2_latency_probe.comp,1211,b00cb627337ca1f09b9d90de02dda5ce11d0b8f43ab259a2eaff65182ba7086d
gpu/shaders/vulkan/ugts_log_lut_probe.comp,1046,0172a0125744cc7795c65d7af925dba98a854734774b0b0590a00d5ad65f3289
gpu/shaders/vulkan/ugts_log_ssbo_probe.comp,964,b5fc69a3259ab8e6550b0717fb4d69bdebae2304aa0bf950cd8c002532c5de44
gpu/spirv/spirv_manifest.json,121998,76ed470d5e7f2cfdf96716963baa3976902120d2e4d39b8bd18846a2ea7f3666
gpu/spirv/ugts_g20_cold_lineage_subgroup_compact_append.opt.spv,5740,32e0abb1ccddba428ba9cd9ac0b4bc9c29a8e937944ea39cec3d28ef0d86ef2a
gpu/spirv/ugts_g20_cold_lineage_subgroup_compact_append.spv,9028,400342db201cb700d98e1a7d80d2ce6d9aebe1848c35eef4f4ff6374fb814522
gpu/spirv/ugts_g20_cold_lineage_subgroup_compact_append_counts.opt.spv,6832,f0c44ed0f6ee6ec562ca24d094e95d03ae075469041746fee05b04a61ff80e4f
gpu/spirv/ugts_g20_cold_lineage_subgroup_compact_append_counts.spv,10696,a5ec2477ebd45583c6cde035ea8165be97d7a4f6fc05b0071c9dbce1fdb96658
gpu/spirv/ugts_g24_logthreshold_direct_subgroup_compact_append.opt.spv,5456,e70dd23e46c2215a3924f0e96fade70cd0b71d558e44a2878f903a639dac9c3c
gpu/spirv/ugts_g24_logthreshold_direct_subgroup_compact_append.spv,8824,30e52d13d08995517f566365cdcdfa715ab3b3ce9276246c308d8419ef4db773
gpu/spirv/ugts_g24_logthreshold_direct_subgroup_compact_append_counts.opt.spv,6548,1e62e8e55b1d1eecb259230f433565177dab7ef1b6999d18e87e4233fdb93b25
gpu/spirv/ugts_g24_logthreshold_direct_subgroup_compact_append_counts.spv,10492,8c712eb91f7391c884c738f9b6737bae7b4c8094a621a289a3de8ed42cf75355
gpu/spirv/ugts_g24_logthreshold_subgroup_compact_append.opt.spv,5876,bc38625bf2542aba6cde8927d71e3c4a57d3b03b292653efa7e75ce5d00b3dc3
gpu/spirv/ugts_g24_logthreshold_subgroup_compact_append.spv,9364,41f1cbb304802a34bb30aebc832b26b03435d57859a973a1feba00f95c9b2b34
gpu/spirv/ugts_g24_logthreshold_subgroup_compact_append_counts.opt.spv,6968,fd1afe9dd8f9b2dd252cba385211f0fbba760882e62349ae06bba8c1d87ca61f
gpu/spirv/ugts_g24_logthreshold_subgroup_compact_append_counts.spv,11032,7ea835c2d2572fd135c3b0e35146c9d43ba31ed6945216de1ae0745a210575f5
gpu/spirv/ugts_g32_compact_append.opt.spv,3932,d622cf361a785b7b361014fb50f0a413cc62a8b165d8397ce248289f63036ebe
gpu/spirv/ugts_g32_compact_append.spv,6576,4c544fbdd71a185b6f28c3f04abf7ceaf06c17840f6a30c0976bbaf6ce834eb3
gpu/spirv/ugts_g32_compact_append_counts.opt.spv,4192,0ee76456d62e92c21f82b36061005b0821d5d87fe85a13a27836b86626014be4
gpu/spirv/ugts_g32_compact_append_counts.spv,6904,73407e270341df3304fcd6d7a23b1a3510f01a3e46164e1cfaf7eea489006204
gpu/spirv/ugts_g32_compact_subgroup_append.opt.spv,5488,77f77388734ef65c2c320303d34fb7a2730aa4deab49bb7de3f76cc3f75e1503
gpu/spirv/ugts_g32_compact_subgroup_append.spv,8668,67cdeaf445511c4ed27836a82578f2ea5e6e36b94b3aeffec2003bb4ef8320e5
gpu/spirv/ugts_g32_compact_subgroup_append_counts.opt.spv,6580,3ee32786d63c01bf783e6e3a95764975743c3d9b7b50542d1c02b64065b00845
gpu/spirv/ugts_g32_compact_subgroup_append_counts.spv,10336,3670f7f360d8ee84761fc31684b7609cbe30306e08343028666015f5a7174b77
gpu/spirv/ugts_g32_evaluate.opt.spv,3788,ce82ac5b6e00f757e305cce55f35976c0db75a01b6df229555c4137d1ca79aa0
gpu/spirv/ugts_g32_evaluate.spv,6440,e5e6584d2af31b892b872064ad83000fa0df5605eafeaed7c477783ab633ac72
gpu/spirv/ugts_g32_evaluate_commit.opt.spv,4184,1d752659c9d6c454b9a976091a292fd024443474eb92da092ddb99f85315f204
gpu/spirv/ugts_g32_evaluate_commit.spv,6920,3cabc708b533a1ba2edc07fab67d1d4df34484d59ed40bf0d79f9acdbbaf714f
gpu/spirv/ugts_g32_lut_evaluate.opt.spv,4924,e906262dcafa420df6f2c2e957828fb1e52eaa01ad9b326f045eb701664aa57a
gpu/spirv/ugts_g32_lut_evaluate.spv,8068,d4016dd0244f3e78b568b3108c0653c9bdb01bb500e94f63ccebe07a0ae9b2e1
gpu/spirv/ugts_g32_lut_evaluate_commit.opt.spv,5320,cef54b0a5df3bdf6a64d4be02b266301afdd48923829bb44b8809b9bad243781
gpu/spirv/ugts_g32_lut_evaluate_commit.spv,8548,005b06939e62accfbd13830b696978d6944b5fd8aae21d244909de132029d9e6
gpu/spirv/ugts_g32_lut_pair_evaluate.opt.spv,4408,4efc94ce135314cbc81bb7a6cf4bceb16dc4bea632869686ab1d29934fdc9e5e
gpu/spirv/ugts_g32_lut_pair_evaluate.spv,7456,cac8b54725bd13a8d6a6026ea5fae5fdb8acc968480cc0dc44057573a54667ed
gpu/spirv/ugts_g32_lut_pair_evaluate_commit.opt.spv,4804,9bdc0576f900153a365b8c537547d87157e799782e7222dc8f8b0449ac518dee
gpu/spirv/ugts_g32_lut_pair_evaluate_commit.spv,7936,600db91067f730d456f7730c5bcb2f5367801e87b412493d5ad8f7a14f0f7b16
gpu/spirv/ugts_g32_prethreshold_subgroup_compact_append.opt.spv,5444,0084dfbe6c7cdead4ba4f7c419ca00cf5957493c6f439e68354385633c45974f
gpu/spirv/ugts_g32_prethreshold_subgroup_compact_append.spv,8660,82eb4581e77d1d29bf075ff713c7ce3f0dc2c9b977f92ebdc144ab69cb51cce3
gpu/spirv/ugts_g32_prethreshold_subgroup_compact_append_counts.opt.spv,6536,1dbe9692668d980408a2c952c6e988302924beb5352c90e03137fccba2728c25
gpu/spirv/ugts_g32_prethreshold_subgroup_compact_append_counts.spv,10328,2a522a75f0021a39276a56229e1f5a03f9145ae182cbd80dafeb57a4f2f7e941
gpu/spirv/ugts_g64_evaluate.opt.spv,3956,68fc06c609980a80ca89ab7beb76412821528ea6b06ac37d013b808b3cb280ad
gpu/spirv/ugts_g64_evaluate.spv,5976,6c9b2e1ca6a3d61a24ddffeaeb4e800dbb2e404c4557452ef9fc0a977c6d1886
gpu/spirv/ugts_g64_evaluate_commit.opt.spv,4352,1b689a7868559b0a55fb064ccf998b6cb3fc1c3cad99d221a7a947d7181972d1
gpu/spirv/ugts_g64_evaluate_commit.spv,6440,f4311bf850279fe1040b7cda4284f1aa1037caedcf52630d2944bd3d14f76e9c
gpu/spirv/ugts_l2_latency_chase512.opt.spv,2248,a23d5adcfe2701ccafcbacac00dc256e83c283818b5427aab6f417bb6ca0b1c7
gpu/spirv/ugts_l2_latency_chase512.spv,3004,65603a3f61f2a0d62aedac6ed2e5cc9e2d7aacb116e219f6451b2df672bb1914
gpu/spirv/ugts_l2_latency_control.opt.spv,1992,f93bd97752a629b0607a9c4fc04324538ed32bf9065c0cfe705dd7ca1ed677e9
gpu/spirv/ugts_l2_latency_control.spv,2988,8100ba7178db26dd0165a0e191b85c415c8249a46d5695bf7d90a7c6a5050e57
gpu/spirv/ugts_log_lut_random.opt.spv,1820,d4c0e1b985767432894202dd572aef80b1a19e65461cbc7154cf4d35bb769d50
gpu/spirv/ugts_log_lut_random.spv,2456,b62cefb2e31c5a86125c22422c35bcdee846a680307e868aee0e122fe42f8397
gpu/spirv/ugts_log_lut_sequential.opt.spv,1660,0a80cc139cde6b2652c8f8a5527bf1f780bcdb72bf26e214c4a104c2be467c79
gpu/spirv/ugts_log_lut_sequential.spv,2392,3f6f16ea874d9993f39647e432e68bd88bd07b4cba76d5118b9bd2a3a4d55ea9
gpu/spirv/ugts_log_ssbo_random.opt.spv,1800,82a003d3337e97653987383abe04f8533f3f6e1ff1ce73c5c919fa3a7e6eeb6a
gpu/spirv/ugts_log_ssbo_random.spv,2436,6f9d1eb6e9096880ddb16ee18ce33692d109b33e3e08dab13bcd6024f81396ff
gpu/spirv/ugts_log_ssbo_sequential.opt.spv,1640,3df713609d352e5f3597c6d60a04bceb85100f67d2d8bcfcc98f1b8367b81477
gpu/spirv/ugts_log_ssbo_sequential.spv,2372,b5af3f97b43239742076d380f17f30c2eec591824f526b0292d888dc33867860
gpu/src/ugts_bench.cpp,39683,7697dd128bc39f116b41c4e863f56b12ee8ab6295b5db02d6bcfb0c03919b264
gpu/src/ugts_cuda_l2_clock_bench.cu,18846,4081ea761f1fe417ea1df743a2a64d48e01de9dc88a79ec2b7cbcb18cdc2d854
gpu/src/ugts_cuda_l2_mlp_bench.cu,23751,214162512ce96c83501882396a2169ea889c4782247a9b088b060993b3000060
gpu/src/ugts_cuda_l2_stride_bench.cu,23184,df73b381e5c66532d1abbd88fce4f1736aca443b2270e11feceb35369145d17b
gpu/src/ugts_cuda_packed_log_lut_bench.cu,32111,207f7975f162ea3ffe7c5998bae8955fc9f4166dcd92be28c662373f9592ab1b
gpu/src/ugts_cuda_texture_lut_bench.cu,28802,d9de5ff5d63b15786142846e1002b846ac7b187109b45ef023f2fd9038edc574
gpu/src/ugts_vulkan_bench.cpp,82870,11cc911060c9a92971ecc7ff3a8670309a4f7945c4641bb40638efc7cd182178
gpu/src/ugts_vulkan_lut_bench.cpp,56661,5ecd5ce6af251c4bae8e1c6fe8bc669ec416d1bb06500ff56147164ee099ed78
gpu/tools/aggregate_cuda_l2_clock.py,7817,7b94408638fd2e8964ad5398df7534f76488f2b6377e30d1af852bf7d4919cac
gpu/tools/aggregate_cuda_l2_mlp.py,11113,6bd437e43f2ecbc4fb7068d2ffd3515ccdb3bb3cd2747f0ea894894fcb90a6fb
gpu/tools/aggregate_cuda_l2_stride.py,10055,1a5c621aba6398673fda8ca3d15718b1539e0eba06dda512c26ef7916bdf3f4a
gpu/tools/aggregate_cuda_packed_log_lut.py,13372,7f2b0e3507013cdeb2ae4d80bd857a24ecaad9fccc294e97e3c65d6b9307a94a
gpu/tools/aggregate_cuda_texture_lut.py,12001,419b75584812ed61cebd5e23aa050a6ee740259c2115270a09aed4bedb9cf28a
gpu/tools/aggregate_l2_latency.py,8410,f27d97068947f88900a69f5ce453a23f710f5421808e710d73c917c1fa4de41a
gpu/tools/aggregate_windows_metrics.py,75917,dfbc52b7cd620b51efe2932ae031ebd13a2bb58387b42bbb6ae9edcb1e901c3a
gpu/tools/analyze_lineage_collisions.py,2273,8fd7b51012455879d038af21061ce6b79c6b9fe8d02d661357ae9f8d9e5367f1
gpu/tools/inspect_spirv.py,3329,6eb5f47e3c6bf1000ac056dfeb9c8d3ce192c9212a6af288a0f3f763c8ca5b57
gpu/tools/summarize_bench.py,14887,952321fc15b4d66aa2b8c49f0302ecaedfcab8787948ee46c1b7a9416ad596ca
gpu/tools/update_manifest.py,2421,4d5b5c68eda564c12687313d86405173fd8cf64d2a918419afedb7b8c3f8596a
gpu/windows/vulkan-1.def,1545,f0f58fbc046c74538b5e2a5e57b6a869b521f42e7200cc8e1e7bf3dc886a2464
hardware/HARDWARE_DEVICE_ARCHITECTURE.md,3665,bb78d554e059e7967130ee104e6f3779e1eb82e9dceceb2d432030b80079b0a8
hardware/MEASUREMENT_AND_ACCEPTANCE.md,1887,e28e79910762370e52e7056567dfb99e8273c1b583d6ac234589fe8471fff04c
hardware/register_map.csv,1255,e8a340865195c9df9009498db03823abd80cb9d47e771f74f91d236244022c44
hardware/register_map.md,1684,7796ff66233d2ea8f44b6eec5352f7de3bc602a6656fa3893292aff0f5bf00d3
hardware/rtl/README.md,336,73e3685ad4ca83d67ac96fdd330b8ff8d26e0d8cc28e940683c68922d3e8a49e
hardware/rtl/ugts_gate_q16_16.sv,2505,a40244c7c357942d87217efb6d991761e0ee62712d634d9625b2776cb3dfc3ea
reference/README.md,454,f3f9ce169374858eb07b0224425a550f7713a4552eaefd3a65d4cad9a4db41ff
reference/ugts_reference.py,11057,ecf5812c27590a06cb28c4b41b15e9336d3f729e4d6c039385064f7834884c32
report/Unified_Geometric_Topological_Substrate_GPU_Native_Addendum.docx,771157,cb95f7e9036e1b89e009c88ae1849ee71cddb3bdb6629c98593e32f3d65254f8
report/Unified_Geometric_Topological_Substrate_GPU_Native_Addendum.pdf,1836002,3a6b6c57118ca4e2d7d7e577508c3477a095d133791f3708cb56a054285225d2
report/figures/addendum_pipeline.png,71901,a5e6f469be24a1c6b2d653cafa95cc740a5d5b32087592049e796cccd7778a53
report/figures/canonical_architecture.png,99381,ece0afbc70dd96422a543a1b9d5c22d205ddbc75a9840704ea401c257cf625b6
report/figures/gpu_pipeline.png,57491,edf4470884f3062e17ade132dbfbf0489d22788e253e985633aeddd336547ed5
report/figures/hardware_pipeline.png,53841,8fe9cf830f7ee002784c3ba9ef0e5a0b0c99ca046c9222a21ec99d71ae3b53e7
sources/notes/S01.md,1317,e5241e6e22799b874fc4b94501ed2b2c706b3b6b92df8b735a68ac5960fd8cc4
sources/notes/S02.md,949,e65e3190a69a0867a33335e30bd5546a6f4a6e4d6aea074e24c21c06ad2fe92e
sources/notes/S03.md,874,e4aa33228dc48782ef3ce415f72570665121170daa12ae7ccadcb10a5e98df4e
sources/notes/S04.md,913,b5bca05b30e2f53bec371a92df4af47dd1910ddc85e2501f5ad9b28b230ebd2d
sources/notes/S05.md,899,4565cc87248b40167c0f8150ab9d257073108f5c0ab6c97d0c0f9c3d69de9832
sources/notes/S06.md,838,0a1755db8363771a12875ed269a71ab7dfa2c845d5a00d5d444e2ca10d749aa5
sources/notes/S07.md,375,48ccfd1e3d127a62981f0211e4a3af7c4345d128b2e92f3a4a71ffcd243b1d4e
sources/notes/S08.md,832,e7cf486ca4eb2b93dba363544b8123aa2b4500f2cc16241ad60c27244a3fd476
sources/notes/S09.md,819,dcbecbb9642ed8ed03b85e499111b6f51bee87e7d3a3828f0c7c64c36406135b
sources/notes/S10.md,296,ac0ac323667d928e37e4a8b53e19293c02165a6d7a1b4008e5552361ecc62a80
sources/source_manifest.csv,3130,18eb6b2c2f3603375fe8a428de0d09be8447cdbecd421123cd69abff14563d9a
sources/source_manifest.json,4906,6ccf4e821490832800207987046e77bc8a9422a912cb1ca60dd93ea4578d4a03
spec/UGTS_GN_1.1.md,25818,1045917de17d1da204114900d54dd2bdfb1e391d8c242eb2cd3701d2d5ddcdcd
spec/claims_ledger.csv,11312,0add1baa15bacd34a90a5db29ea866890f65093efc1985d3eedd705593bb9ade
spec/knowledge_catalog.csv,48670,6acad138ed237f19790cba1bc19fbb56c24dc42a6ed8e8527f48d121f5cbb919
spec/knowledge_catalog.json,113132,28d193033f9d5fb0f8321e73af17aa1ebc1e5ce5ac56f074d6e626819c3268c8
spec/knowledge_catalog.md,16119,f5b1d0b73c2404c27f1b7b78887a487fbdc4ec63b09c04cdc2c5fa7ea88dac7d
spec/metric_definitions.csv,1309,8ed93359608e6298af213525d35f490b8bdbc3c9d880b1f2de51315b5556ebb9
spec/schema.json,4876,64a9c7216ae09dca10e5ad3b1d709c9302952ecee4452943a619a7a3ba4d894d
spec/state_layout.csv,1540,fc83ceb7d9a6911a192896413b5b995beb4f756f8dae89273b525cd5f241cde3
tests/test_reference.py,4524,d29563cb0c9d1a6fb0c43d703468093599eca0789d6cd6e85476fc7e2e745b15
ugts_vulkan_bench.obj,1951676,3bec37dab96816a3135c4ad827385c4e29c520549f5390275ece748cc8a9e6eb
ugts_vulkan_lut_bench.obj,1267660,2def851110baf6d985e8a9edad5be2591373dc35292838cc2c72e1ec6f70171d
validation/lineage_collision_analysis.json,631,f7955af757d22eddc699e3d9f67242b18c1240b7900ab65c55a7a76b2309e71f
validation/native_validation_summary.json,4163,24d0964405af50900b36657337f2577a4da58cc37b02f5044c9b9f5575fe821b
validation/native_validation_summary.md,747,18c08376b0ac5b44c2d90abc340510315ad923065709d9797247f661f6a1158d
validation/reference_tests.txt,1645,c37f0838c162421c5419ed63bab5cd873af448ab566b9ce544114fc87c033d9f
