path,pattern,compression,requested_compression,effective_compression,size_mib,allocation_bytes,table_bytes,groups,entries,bytes_per_code,base_address,warps,threads,samples,control_p50_cycles,cold_p50_cycles,hot_p50_cycles,cold_net_cycles_per_lookup,hot_net_cycles_per_lookup,cold_p50_us,hot_p50_us,cold_glookups_s,hot_glookups_s,validated_control,validated_cold,validated_hot,mismatches_control,mismatches_cold,mismatches_hot,validation
global_cg,uniform6_63,non_compressible,0,0,248,260046848,260046840,21670570,346729120,0.750000,8669626368,1104,35328,10,36.000000,7150184.500000,7161333.000000,13965.133789,13986.908203,2586.272001,2587.327957,6.993826,6.990971,353280,353280,353280,0,0,0,1
global_cg,uniform6_63,generic_compressible,1,1,248,260046848,260046840,21670570,346729120,0.750000,8929673216,1104,35328,10,36.000000,1719710.500000,1719361.500000,3358.739258,3358.057617,628.303975,627.776027,28.788511,28.812722,353280,353280,353280,0,0,0,1
global_cg,uniform6_62,non_compressible,0,0,248,260046848,260046840,21670570,346729120,0.750000,8669626368,1104,35328,10,36.000000,7152397.000000,7165693.000000,13969.455078,13995.423828,2587.056041,2588.335991,6.991706,6.988249,353280,353280,353280,0,0,0,1
global_cg,uniform6_62,generic_compressible,1,1,248,260046848,260046840,21670570,346729120,0.750000,8929673216,1104,35328,10,36.000000,7152394.500000,7161982.000000,13969.450195,13988.175781,2588.000059,2587.408066,6.989156,6.990755,353280,353280,353280,0,0,0,1
global_cg,uniform6_61,non_compressible,0,0,248,260046848,260046840,21670570,346729120,0.750000,8669626368,1104,35328,10,36.000000,7150943.500000,7164955.000000,13966.616211,13993.982422,2587.200046,2587.919950,6.991317,6.989372,353280,353280,353280,0,0,0,1
global_cg,uniform6_61,generic_compressible,1,1,248,260046848,260046840,21670570,346729120,0.750000,8929673216,1104,35328,10,36.000000,7151820.500000,7162043.500000,13968.329102,13988.295898,2587.759972,2587.311983,6.989804,6.991015,353280,353280,353280,0,0,0,1
global_cg,uniform6_60,non_compressible,0,0,248,260046848,260046840,21670570,346729120,0.750000,8669626368,1104,35328,10,36.000000,7123328.000000,7134889.000000,13912.679688,13935.259766,2587.119937,2587.535977,6.991534,6.990409,353280,353280,353280,0,0,0,1
global_cg,uniform6_60,generic_compressible,1,1,248,260046848,260046840,21670570,346729120,0.750000,8929673216,1104,35328,10,36.000000,7125401.500000,7131784.500000,13916.729492,13929.196289,2587.520003,2588.415980,6.990453,6.988033,353280,353280,353280,0,0,0,1
global_cg,uniform6_59,non_compressible,0,0,248,260046848,260046840,21670570,346729120,0.750000,8669626368,1104,35328,10,36.000000,7123844.000000,7133194.500000,13913.687500,13931.950195,2585.920095,2587.407947,6.994778,6.990755,353280,353280,353280,0,0,0,1
global_cg,uniform6_59,generic_compressible,1,1,248,260046848,260046840,21670570,346729120,0.750000,8929673216,1104,35328,10,36.000000,7132001.500000,7138821.500000,13929.620117,13942.940430,2587.199926,2588.416100,6.991317,6.988033,353280,353280,353280,0,0,0,1
global_cg,uniform6_58,non_compressible,0,0,248,260046848,260046840,21670570,346729120,0.750000,8669626368,1104,35328,10,36.000000,7149886.000000,7159153.000000,13964.550781,13982.650391,2586.592078,2587.664008,6.992960,6.990064,353280,353280,353280,0,0,0,1
global_cg,uniform6_58,generic_compressible,1,1,248,260046848,260046840,21670570,346729120,0.750000,8929673216,1104,35328,10,37.000000,7147858.000000,7159576.500000,13960.587891,13983.475586,2587.231994,2588.575959,6.991231,6.987601,353280,353280,353280,0,0,0,1
global_cg,uniform6_57,non_compressible,0,0,248,260046848,260046840,21670570,346729120,0.750000,8669626368,1104,35328,10,36.000000,7121018.500000,7137465.500000,13908.168945,13940.291992,2585.855961,2587.984085,6.994951,6.989199,353280,353280,353280,0,0,0,1
global_cg,uniform6_57,generic_compressible,1,1,248,260046848,260046840,21670570,346729120,0.750000,8929673216,1104,35328,10,36.000000,7122972.000000,7134295.000000,13911.984375,13934.099609,2587.087989,2589.456081,6.991620,6.985226,353280,353280,353280,0,0,0,1
global_cg,uniform6_56,non_compressible,0,0,248,260046848,260046840,21670570,346729120,0.750000,8669626368,1104,35328,10,36.000000,7122701.000000,7132784.000000,13911.455078,13931.148438,2586.175919,2587.311983,6.994086,6.991015,353280,353280,353280,0,0,0,1
global_cg,uniform6_56,generic_compressible,1,1,248,260046848,260046840,21670570,346729120,0.750000,8929673216,1104,35328,10,36.000000,7123434.500000,7130286.500000,13912.887695,13926.270508,2587.888002,2588.495970,6.989459,6.987817,353280,353280,353280,0,0,0,1
global_cg,uniform6_55,non_compressible,0,0,248,260046848,260046840,21670570,346729120,0.750000,8669626368,1104,35328,10,36.000000,7119772.000000,7130504.000000,13905.734375,13926.695312,2586.239934,2588.080049,6.993913,6.988940,353280,353280,353280,0,0,0,1
global_cg,uniform6_55,generic_compressible,1,1,248,260046848,260046840,21670570,346729120,0.750000,8929673216,1104,35328,10,36.000000,7120733.500000,7130901.500000,13907.612305,13927.471680,2587.103963,2587.888002,6.991577,6.989459,353280,353280,353280,0,0,0,1
global_cg,uniform6_54,non_compressible,0,0,248,260046848,260046840,21670570,346729120,0.750000,8669626368,1104,35328,10,36.000000,7122111.000000,7134046.000000,13910.302734,13933.613281,2586.863995,2589.263916,6.992225,6.985744,353280,353280,353280,0,0,0,1
global_cg,uniform6_54,generic_compressible,1,1,248,260046848,260046840,21670570,346729120,0.750000,8929673216,1104,35328,10,37.000000,7122882.500000,7134023.000000,13911.807617,13933.566406,2587.743998,2589.280009,6.989848,6.985701,353280,353280,353280,0,0,0,1
global_cg,uniform6_53,non_compressible,0,0,248,260046848,260046840,21670570,346729120,0.750000,8669626368,1104,35328,10,36.000000,7119871.000000,7129043.000000,13905.927734,13923.841797,2587.407947,2587.471962,6.990755,6.990582,353280,353280,353280,0,0,0,1
global_cg,uniform6_53,generic_compressible,1,1,248,260046848,260046840,21670570,346729120,0.750000,8929673216,1104,35328,10,36.000000,7124528.500000,7130415.500000,13915.024414,13926.522461,2588.624001,2587.504029,6.987471,6.990496,353280,353280,353280,0,0,0,1
global_cg,uniform6_52,non_compressible,0,0,248,260046848,260046840,21670570,346729120,0.750000,8669626368,1104,35328,10,36.000000,7121391.500000,7132904.500000,13908.897461,13931.383789,2587.407947,2589.200020,6.990755,6.985917,353280,353280,353280,0,0,0,1
global_cg,uniform6_52,generic_compressible,1,1,248,260046848,260046840,21670570,346729120,0.750000,8929673216,1104,35328,10,38.000000,7128732.000000,7133231.500000,13923.230469,13932.018555,2588.592052,2588.400006,6.987558,6.988076,353280,353280,353280,0,0,0,1
global_cg,uniform6_51,non_compressible,0,0,248,260046848,260046840,21670570,346729120,0.750000,8669626368,1104,35328,10,36.000000,7124441.000000,7132106.000000,13914.853516,13929.824219,2587.135911,2587.440014,6.991490,6.990669,353280,353280,353280,0,0,0,1
global_cg,uniform6_51,generic_compressible,1,1,248,260046848,260046840,21670570,346729120,0.750000,8929673216,1104,35328,10,36.000000,7123789.500000,7133022.500000,13913.581055,13931.614258,2586.879969,2587.439895,6.992182,6.990669,353280,353280,353280,0,0,0,1
global_cg,uniform6_50,non_compressible,0,0,248,260046848,260046840,21670570,346729120,0.750000,8669626368,1104,35328,10,36.000000,7127456.500000,7132309.000000,13920.743164,13930.220703,2587.327957,2588.992000,6.990971,6.986478,353280,353280,353280,0,0,0,1
global_cg,uniform6_50,generic_compressible,1,1,248,260046848,260046840,21670570,346729120,0.750000,8929673216,1104,35328,10,36.000000,7123933.500000,7133049.000000,13913.862305,13931.666016,2587.504029,2589.359999,6.990496,6.985485,353280,353280,353280,0,0,0,1
global_cg,uniform6_49,non_compressible,0,0,248,260046848,260046840,21670570,346729120,0.750000,8669626368,1104,35328,10,36.000000,7126387.000000,7133634.500000,13918.654297,13932.809570,2589.200020,2588.319898,6.985917,6.988292,353280,353280,353280,0,0,0,1
global_cg,uniform6_49,generic_compressible,1,1,248,260046848,260046840,21670570,346729120,0.750000,8929673216,1104,35328,10,37.000000,7124281.000000,7130890.000000,13914.539062,13927.447266,2587.551951,2589.327931,6.990366,6.985572,353280,353280,353280,0,0,0,1
global_cg,uniform6_48,non_compressible,0,0,248,260046848,260046840,21670570,346729120,0.750000,8669626368,1104,35328,10,36.000000,7120873.000000,7128805.500000,13907.884766,13923.377930,2587.247968,2587.792039,6.991188,6.989718,353280,353280,353280,0,0,0,1
global_cg,uniform6_48,generic_compressible,1,1,248,260046848,260046840,21670570,346729120,0.750000,8929673216,1104,35328,10,36.000000,7119534.500000,7129166.500000,13905.270508,13924.083008,2586.912036,2588.271976,6.992095,6.988422,353280,353280,353280,0,0,0,1
global_cg,uniform6_47,non_compressible,0,0,248,260046848,260046840,21670570,346729120,0.750000,8669626368,1104,35328,10,36.000000,7125904.000000,7130534.500000,13917.710938,13926.754883,2587.919950,2587.440014,6.989372,6.990669,353280,353280,353280,0,0,0,1
global_cg,uniform6_47,generic_compressible,1,1,248,260046848,260046840,21670570,346729120,0.750000,8929673216,1104,35328,10,36.000000,7122554.500000,7130161.000000,13911.168945,13926.025391,2587.808013,2588.864088,6.989675,6.986823,353280,353280,353280,0,0,0,1
global_cg,uniform6_46,non_compressible,0,0,248,260046848,260046840,21670570,346729120,0.750000,8669626368,1104,35328,10,36.000000,7123492.500000,7130547.000000,13913.000977,13926.779297,2587.311983,2587.375998,6.991015,6.990842,353280,353280,353280,0,0,0,1
global_cg,uniform6_46,generic_compressible,1,1,248,260046848,260046840,21670570,346729120,0.750000,8929673216,1104,35328,10,36.000000,7123305.000000,7132634.500000,13912.634766,13930.856445,2587.631941,2588.656068,6.990150,6.987385,353280,353280,353280,0,0,0,1
global_cg,uniform6_45,non_compressible,0,0,248,260046848,260046840,21670570,346729120,0.750000,8669626368,1104,35328,10,36.000000,7122130.500000,7132336.000000,13910.340820,13930.273438,2586.655974,2587.712049,6.992788,6.989934,353280,353280,353280,0,0,0,1
global_cg,uniform6_45,generic_compressible,1,1,248,260046848,260046840,21670570,346729120,0.750000,8929673216,1104,35328,10,38.000000,7121046.000000,7135681.500000,13908.218750,13936.803711,2587.184072,2587.327957,6.991360,6.990971,353280,353280,353280,0,0,0,1
global_cg,uniform6_44,non_compressible,0,0,248,260046848,260046840,21670570,346729120,0.750000,8669626368,1104,35328,10,36.000000,7122087.000000,7129621.500000,13910.255859,13924.971680,2586.976051,2587.919950,6.991922,6.989372,353280,353280,353280,0,0,0,1
global_cg,uniform6_44,generic_compressible,1,1,248,260046848,260046840,21670570,346729120,0.750000,8929673216,1104,35328,10,36.000000,7125370.000000,7131929.500000,13916.667969,13929.479492,2587.248087,2588.624001,6.991187,6.987471,353280,353280,353280,0,0,0,1
global_cg,uniform6_43,non_compressible,0,0,248,260046848,260046840,21670570,346729120,0.750000,8669626368,1104,35328,10,36.000000,7122216.000000,7130064.500000,13910.507812,13925.836914,2586.895943,2587.488055,6.992139,6.990539,353280,353280,353280,0,0,0,1
global_cg,uniform6_43,generic_compressible,1,1,248,260046848,260046840,21670570,346729120,0.750000,8929673216,1104,35328,10,36.000000,7122978.000000,7130133.500000,13911.996094,13925.971680,2587.472081,2585.695982,6.990582,6.995384,353280,353280,353280,0,0,0,1
global_cg,uniform6_42,non_compressible,0,0,248,260046848,260046840,21670570,346729120,0.750000,8669626368,1104,35328,10,36.000000,7124645.500000,7131766.000000,13915.252930,13929.160156,2587.152004,2587.391973,6.991447,6.990799,353280,353280,353280,0,0,0,1
global_cg,uniform6_42,generic_compressible,1,1,248,260046848,260046840,21670570,346729120,0.750000,8929673216,1104,35328,10,36.000000,6184796.500000,6183493.000000,12079.610352,12077.064453,2248.495936,2245.440006,8.044460,8.055408,353280,353280,353280,0,0,0,1
global_cg,uniform6_41,non_compressible,0,0,248,260046848,260046840,21670570,346729120,0.750000,8669626368,1104,35328,10,36.000000,9849830.000000,9857384.500000,19237.878906,19252.633789,3573.392034,3574.527979,5.061839,5.060231,353280,353280,353280,0,0,0,1
global_cg,uniform6_41,generic_compressible,1,1,248,260046848,260046840,21670570,346729120,0.750000,8929673216,1104,35328,10,36.000000,9838312.500000,9845705.500000,19215.383789,19229.823242,3574.128032,3574.416041,5.060797,5.060389,353280,353280,353280,0,0,0,1
global_cg,uniform6_40,non_compressible,0,0,248,260046848,260046840,21670570,346729120,0.750000,8669626368,1104,35328,10,36.000000,7120910.000000,7138676.500000,13907.957031,13942.657227,2587.263942,2589.184046,6.991144,6.985960,353280,353280,353280,0,0,0,1
global_cg,uniform6_40,generic_compressible,1,1,248,260046848,260046840,21670570,346729120,0.750000,8929673216,1104,35328,10,36.000000,7120352.500000,7131717.500000,13906.868164,13929.065430,2587.087989,2587.375998,6.991620,6.990842,353280,353280,353280,0,0,0,1
global_cg,uniform6_39,non_compressible,0,0,248,260046848,260046840,21670570,346729120,0.750000,8669626368,1104,35328,10,36.000000,9843817.500000,9827463.500000,19226.135742,19194.194336,3573.359966,3574.512005,5.061885,5.060253,353280,353280,353280,0,0,0,1
global_cg,uniform6_39,generic_compressible,1,1,248,260046848,260046840,21670570,346729120,0.750000,8929673216,1104,35328,10,36.000000,9844260.500000,9850048.000000,19227.000977,19238.304688,3573.264003,3575.424075,5.062021,5.058962,353280,353280,353280,0,0,0,1
global_cg,uniform6_38,non_compressible,0,0,248,260046848,260046840,21670570,346729120,0.750000,8669626368,1104,35328,10,36.000000,9811662.500000,9818501.000000,19163.333008,19176.689453,3573.440075,3574.527979,5.061771,5.060231,353280,353280,353280,0,0,0,1
global_cg,uniform6_38,generic_compressible,1,1,248,260046848,260046840,21670570,346729120,0.750000,8929673216,1104,35328,10,36.000000,9814647.000000,9819120.000000,19169.162109,19177.898438,3574.047923,3573.632002,5.060910,5.061499,353280,353280,353280,0,0,0,1
global_cg,uniform6_37,non_compressible,0,0,248,260046848,260046840,21670570,346729120,0.750000,8669626368,1104,35328,10,36.000000,8134766.000000,8142037.500000,15888.144531,15902.346680,2951.903939,2953.808069,6.127549,6.123599,353280,353280,353280,0,0,0,1
global_cg,uniform6_37,generic_compressible,1,1,248,260046848,260046840,21670570,346729120,0.750000,8929673216,1104,35328,10,36.000000,8136753.000000,8145822.000000,15892.025391,15909.738281,2953.248024,2953.055978,6.124760,6.125159,353280,353280,353280,0,0,0,1
global_cg,uniform6_36,non_compressible,0,0,248,260046848,260046840,21670570,346729120,0.750000,8669626368,1104,35328,10,36.000000,9852741.500000,9857752.500000,19243.565430,19253.352539,3573.840022,3575.296044,5.061205,5.059144,353280,353280,353280,0,0,0,1
global_cg,uniform6_36,generic_compressible,1,1,248,260046848,260046840,21670570,346729120,0.750000,8929673216,1104,35328,10,36.000000,9851072.500000,9859401.500000,19240.305664,19256.573242,3574.864030,3575.439930,5.059755,5.058940,353280,353280,353280,0,0,0,1
global_cg,uniform6_35,non_compressible,0,0,248,260046848,260046840,21670570,346729120,0.750000,8669626368,1104,35328,10,36.000000,9850736.000000,9857120.000000,19239.648438,19252.117188,3573.456049,3574.560046,5.061749,5.060185,353280,353280,353280,0,0,0,1
global_cg,uniform6_35,generic_compressible,1,1,248,260046848,260046840,21670570,346729120,0.750000,8929673216,1104,35328,10,36.000000,9847601.500000,9858212.500000,19233.526367,19254.250977,3573.472023,3574.704051,5.061726,5.059981,353280,353280,353280,0,0,0,1
global_cg,uniform6_34,non_compressible,0,0,248,260046848,260046840,21670570,346729120,0.750000,8669626368,1104,35328,10,36.000000,9851597.500000,9856968.500000,19241.331055,19251.821289,3574.831963,3574.880004,5.059800,5.059732,353280,353280,353280,0,0,0,1
global_cg,uniform6_34,generic_compressible,1,1,248,260046848,260046840,21670570,346729120,0.750000,8929673216,1104,35328,10,36.000000,9850657.000000,9858091.000000,19239.494141,19254.013672,3573.408008,3574.704051,5.061817,5.059981,353280,353280,353280,0,0,0,1
global_cg,uniform6_33,non_compressible,0,0,248,260046848,260046840,21670570,346729120,0.750000,8669626368,1104,35328,10,36.000000,9848242.500000,9856458.000000,19234.778320,19250.824219,3574.463964,3574.720025,5.060321,5.059959,353280,353280,353280,0,0,0,1
global_cg,uniform6_33,generic_compressible,1,1,248,260046848,260046840,21670570,346729120,0.750000,8929673216,1104,35328,10,36.000000,9850356.500000,9861234.500000,19238.907227,19260.153320,3574.944019,3575.503945,5.059642,5.058849,353280,353280,353280,0,0,0,1
global_cg,uniform6_32,non_compressible,0,0,248,260046848,260046840,21670570,346729120,0.750000,8669626368,1104,35328,10,44.000000,9850259.000000,9858658.500000,19238.701172,19255.106445,3573.823929,3574.656010,5.061228,5.060049,353280,353280,353280,0,0,0,1
global_cg,uniform6_32,generic_compressible,1,1,248,260046848,260046840,21670570,346729120,0.750000,8929673216,1104,35328,10,46.000000,9852838.500000,9857733.000000,19243.735352,19253.294922,3574.032068,3574.576020,5.060933,5.060163,353280,353280,353280,0,0,0,1
global_cg,uniform6_31,non_compressible,0,0,248,260046848,260046840,21670570,346729120,0.750000,8669626368,1104,35328,10,47.000000,9875454.000000,9884749.500000,19287.904297,19306.059570,3574.288011,3574.512005,5.060570,5.060253,353280,353280,353280,0,0,0,1
global_cg,uniform6_31,generic_compressible,1,1,248,260046848,260046840,21670570,346729120,0.750000,8929673216,1104,35328,10,46.000000,9884248.500000,9897010.500000,19305.083008,19330.008789,3573.743939,3576.320052,5.061341,5.057695,353280,353280,353280,0,0,0,1
global_cg,uniform6_30,non_compressible,0,0,248,260046848,260046840,21670570,346729120,0.750000,8669626368,1104,35328,10,44.000000,9851819.500000,9868849.500000,19241.749023,19275.010742,3573.727965,3574.543953,5.061363,5.060208,353280,353280,353280,0,0,0,1
global_cg,uniform6_30,generic_compressible,1,1,248,260046848,260046840,21670570,346729120,0.750000,8929673216,1104,35328,10,46.000000,9856951.500000,9870642.500000,19251.768555,19278.508789,3572.960019,3574.496031,5.062451,5.060276,353280,353280,353280,0,0,0,1
global_cg,uniform6_29,non_compressible,0,0,248,260046848,260046840,21670570,346729120,0.750000,8669626368,1104,35328,10,36.000000,8663446.500000,8675071.500000,16920.723633,16943.428711,3570.384026,3572.816014,5.066104,5.062655,353280,353280,353280,0,0,0,1
global_cg,uniform6_29,generic_compressible,1,1,248,260046848,260046840,21670570,346729120,0.750000,8929673216,1104,35328,10,36.000000,8666940.000000,8683427.000000,16927.546875,16959.748047,3573.232055,3574.383974,5.062066,5.060435,353280,353280,353280,0,0,0,1
global_cg,uniform6_28,non_compressible,0,0,248,260046848,260046840,21670570,346729120,0.750000,8669626368,1104,35328,10,36.000000,8645642.500000,8638113.000000,16885.950195,16871.244141,3571.056008,3484.512091,5.065150,5.190952,353280,353280,353280,0,0,0,1
global_cg,uniform6_28,generic_compressible,1,1,248,260046848,260046840,21670570,346729120,0.750000,8929673216,1104,35328,10,36.000000,8346432.500000,8362462.000000,16301.555664,16332.863281,3264.991999,3265.599966,5.539963,5.538932,353280,353280,353280,0,0,0,1
global_cg,uniform6_27,non_compressible,0,0,248,260046848,260046840,21670570,346729120,0.750000,8669626368,1104,35328,10,36.000000,8635453.500000,8650416.500000,16866.049805,16895.274414,3571.344018,3572.432041,5.064742,5.063199,353280,353280,353280,0,0,0,1
global_cg,uniform6_27,generic_compressible,1,1,248,260046848,260046840,21670570,346729120,0.750000,8929673216,1104,35328,10,36.000000,8670898.500000,8676632.500000,16935.278320,16946.477539,3573.104024,3572.720051,5.062247,5.062791,353280,353280,353280,0,0,0,1
global_cg,uniform6_26,non_compressible,0,0,248,260046848,260046840,21670570,346729120,0.750000,8669626368,1104,35328,10,36.000000,9856305.500000,9866014.000000,19250.526367,19269.488281,3573.871970,3574.416041,5.061159,5.060389,353280,353280,353280,0,0,0,1
global_cg,uniform6_26,generic_compressible,1,1,248,260046848,260046840,21670570,346729120,0.750000,8929673216,1104,35328,10,36.000000,9883148.000000,9894789.500000,19302.953125,19325.690430,3574.336052,3575.456023,5.060502,5.058917,353280,353280,353280,0,0,0,1
global_cg,uniform6_25,non_compressible,0,0,248,260046848,260046840,21670570,346729120,0.750000,8669626368,1104,35328,10,36.000000,9813688.000000,9846177.500000,19167.289062,19230.745117,3573.472023,3574.336052,5.061726,5.060502,353280,353280,353280,0,0,0,1
global_cg,uniform6_25,generic_compressible,1,1,248,260046848,260046840,21670570,346729120,0.750000,8929673216,1104,35328,10,36.000000,9842628.000000,9844992.000000,19223.812500,19228.429688,3574.415922,3574.463964,5.060389,5.060321,353280,353280,353280,0,0,0,1
global_cg,uniform6_24,non_compressible,0,0,248,260046848,260046840,21670570,346729120,0.750000,8669626368,1104,35328,10,36.000000,8595735.000000,8614837.500000,16788.474609,16825.784180,3572.128057,3573.583961,5.063630,5.061567,353280,353280,353280,0,0,0,1
global_cg,uniform6_24,generic_compressible,1,1,248,260046848,260046840,21670570,346729120,0.750000,8929673216,1104,35328,10,36.000000,8610840.500000,8659284.000000,16817.977539,16912.593750,3572.095990,3574.784040,5.063676,5.059868,353280,353280,353280,0,0,0,1
global_cg,uniform6_23,non_compressible,0,0,248,260046848,260046840,21670570,346729120,0.750000,8669626368,1104,35328,10,36.000000,8130326.500000,8140294.000000,15879.473633,15898.941406,2951.663971,2952.991962,6.128047,6.125291,353280,353280,353280,0,0,0,1
global_cg,uniform6_23,generic_compressible,1,1,248,260046848,260046840,21670570,346729120,0.750000,8929673216,1104,35328,10,36.000000,8130534.000000,8139458.500000,15879.878906,15897.309570,2951.344013,2952.720046,6.128712,6.125855,353280,353280,353280,0,0,0,1
global_cg,uniform6_22,non_compressible,0,0,248,260046848,260046840,21670570,346729120,0.750000,8669626368,1104,35328,10,36.000000,8160453.000000,8175998.500000,15938.314453,15968.676758,2952.175975,2954.639912,6.126984,6.121875,353280,353280,353280,0,0,0,1
global_cg,uniform6_22,generic_compressible,1,1,248,260046848,260046840,21670570,346729120,0.750000,8929673216,1104,35328,10,36.000000,8160686.000000,8174533.000000,15938.769531,15965.814453,2951.663971,2953.824043,6.128047,6.123566,353280,353280,353280,0,0,0,1
global_cg,uniform6_21,non_compressible,0,0,248,260046848,260046840,21670570,346729120,0.750000,8669626368,1104,35328,10,36.000000,8631856.500000,8654530.500000,16859.024414,16903.309570,3572.304010,3575.375915,5.063381,5.059031,353280,353280,353280,0,0,0,1
global_cg,uniform6_21,generic_compressible,1,1,248,260046848,260046840,21670570,346729120,0.750000,8929673216,1104,35328,10,36.000000,7507141.500000,7496704.000000,14662.315430,14641.929688,3103.392005,3097.423911,5.828441,5.839671,353280,353280,353280,0,0,0,1
global_cg,uniform6_20,non_compressible,0,0,248,260046848,260046840,21670570,346729120,0.750000,8669626368,1104,35328,10,36.000000,8149643.500000,8165791.500000,15917.202148,15948.741211,2951.696038,2953.920007,6.127981,6.123367,353280,353280,353280,0,0,0,1
global_cg,uniform6_20,generic_compressible,1,1,248,260046848,260046840,21670570,346729120,0.750000,8929673216,1104,35328,10,36.000000,8154794.000000,8170510.500000,15927.261719,15957.958008,2951.888084,2953.951955,6.127582,6.123301,353280,353280,353280,0,0,0,1
global_cg,uniform6_19,non_compressible,0,0,248,260046848,260046840,21670570,346729120,0.750000,8669626368,1104,35328,10,36.000000,8349966.500000,8368992.000000,16308.458008,16345.617188,3263.471961,3264.000058,5.542544,5.541647,353280,353280,353280,0,0,0,1
global_cg,uniform6_19,generic_compressible,1,1,248,260046848,260046840,21670570,346729120,0.750000,8929673216,1104,35328,10,36.000000,8341700.000000,8375324.500000,16292.312500,16357.985352,3263.759971,3264.656067,5.542055,5.540533,353280,353280,353280,0,0,0,1
global_cg,uniform6_18,non_compressible,0,0,248,260046848,260046840,21670570,346729120,0.750000,8669626368,1104,35328,10,36.000000,9845599.000000,9851179.000000,19229.615234,19240.513672,3573.392034,3574.415922,5.061839,5.060389,353280,353280,353280,0,0,0,1
global_cg,uniform6_18,generic_compressible,1,1,248,260046848,260046840,21670570,346729120,0.750000,8929673216,1104,35328,10,36.000000,9865693.500000,9877722.500000,19268.862305,19292.356445,3574.752092,3574.416041,5.059913,5.060389,353280,353280,353280,0,0,0,1
global_cg,uniform6_17,non_compressible,0,0,248,260046848,260046840,21670570,346729120,0.750000,8669626368,1104,35328,10,36.000000,9879273.500000,9889651.000000,19295.385742,19315.654297,3574.239969,3574.464083,5.060638,5.060321,353280,353280,353280,0,0,0,1
global_cg,uniform6_17,generic_compressible,1,1,248,260046848,260046840,21670570,346729120,0.750000,8929673216,1104,35328,10,36.000000,9879873.500000,9891094.500000,19296.557617,19318.473633,3575.296044,3574.463964,5.059144,5.060321,353280,353280,353280,0,0,0,1
global_cg,uniform6_16,non_compressible,0,0,248,260046848,260046840,21670570,346729120,0.750000,8669626368,1104,35328,10,36.000000,9848737.500000,9863182.000000,19235.745117,19263.957031,3573.152065,3575.583935,5.062179,5.058736,353280,353280,353280,0,0,0,1
global_cg,uniform6_16,generic_compressible,1,1,248,260046848,260046840,21670570,346729120,0.750000,8929673216,1104,35328,10,36.000000,9849487.000000,9867422.500000,19237.208984,19272.239258,3573.360085,3575.520039,5.061884,5.058827,353280,353280,353280,0,0,0,1
global_cg,uniform6_15,non_compressible,0,0,248,260046848,260046840,21670570,346729120,0.750000,8669626368,1104,35328,10,36.000000,8158285.000000,8175778.500000,15934.080078,15968.247070,2952.015996,2953.135967,6.127316,6.124993,353280,353280,353280,0,0,0,1
global_cg,uniform6_15,generic_compressible,1,1,248,260046848,260046840,21670570,346729120,0.750000,8929673216,1104,35328,10,36.000000,8162870.000000,8176226.000000,15943.035156,15969.121094,2953.504086,2953.311920,6.124229,6.124628,353280,353280,353280,0,0,0,1
global_cg,uniform6_14,non_compressible,0,0,248,260046848,260046840,21670570,346729120,0.750000,8669626368,1104,35328,10,36.000000,8641404.500000,8646076.500000,16877.672852,16886.797852,3572.592020,3573.151946,5.062973,5.062179,353280,353280,353280,0,0,0,1
global_cg,uniform6_14,generic_compressible,1,1,248,260046848,260046840,21670570,346729120,0.750000,8929673216,1104,35328,10,36.000000,8670403.000000,8691403.000000,16934.310547,16975.326172,3573.296070,3572.592020,5.061975,5.062973,353280,353280,353280,0,0,0,1
global_cg,uniform6_13,non_compressible,0,0,248,260046848,260046840,21670570,346729120,0.750000,8669626368,1104,35328,10,36.000000,9879451.000000,9864221.500000,19295.732422,19265.987305,3574.831963,3574.400067,5.059800,5.060412,353280,353280,353280,0,0,0,1
global_cg,uniform6_13,generic_compressible,1,1,248,260046848,260046840,21670570,346729120,0.750000,8929673216,1104,35328,10,36.000000,9879857.500000,9891189.000000,19296.526367,19318.658203,3573.343992,3574.144006,5.061907,5.060774,353280,353280,353280,0,0,0,1
global_cg,uniform6_12,non_compressible,0,0,248,260046848,260046840,21670570,346729120,0.750000,8669626368,1104,35328,10,36.000000,9855701.000000,9866324.500000,19249.345703,19270.094727,3573.647976,3574.352026,5.061477,5.060480,353280,353280,353280,0,0,0,1
global_cg,uniform6_12,generic_compressible,1,1,248,260046848,260046840,21670570,346729120,0.750000,8929673216,1104,35328,10,36.000000,9854557.000000,9865728.500000,19247.111328,19268.930664,3573.343992,3574.480057,5.061907,5.060298,353280,353280,353280,0,0,0,1
global_cg,uniform6_11,non_compressible,0,0,248,260046848,260046840,21670570,346729120,0.750000,8669626368,1104,35328,10,36.000000,8603310.500000,8629990.500000,16803.270508,16855.379883,3572.896004,3573.567986,5.062542,5.061590,353280,353280,353280,0,0,0,1
global_cg,uniform6_11,generic_compressible,1,1,248,260046848,260046840,21670570,346729120,0.750000,8929673216,1104,35328,10,36.000000,8642234.000000,8642374.500000,16879.292969,16879.567383,3575.359941,3575.520039,5.059053,5.058827,353280,353280,353280,0,0,0,1
global_cg,uniform6_10,non_compressible,0,0,248,260046848,260046840,21670570,346729120,0.750000,8669626368,1104,35328,10,36.000000,8161310.500000,8175453.000000,15939.989258,15967.611328,2951.488018,2952.895999,6.128412,6.125490,353280,353280,353280,0,0,0,1
global_cg,uniform6_10,generic_compressible,1,1,248,260046848,260046840,21670570,346729120,0.750000,8929673216,1104,35328,10,36.000000,8162397.500000,8176267.000000,15942.112305,15969.201172,2951.951981,2952.976108,6.127449,6.125324,353280,353280,353280,0,0,0,1
global_cg,uniform6_9,non_compressible,0,0,248,260046848,260046840,21670570,346729120,0.750000,8669626368,1104,35328,10,36.000000,9852205.000000,8676601.000000,19242.517578,16946.416016,3573.487997,3573.440075,5.061703,5.061771,353280,353280,353280,0,0,0,1
global_cg,uniform6_9,generic_compressible,1,1,248,260046848,260046840,21670570,346729120,0.750000,8929673216,1104,35328,10,36.000000,8669975.500000,8680068.500000,16933.475586,16953.188477,3573.872089,3574.383974,5.061159,5.060435,353280,353280,353280,0,0,0,1
global_cg,uniform6_8,non_compressible,0,0,248,260046848,260046840,21670570,346729120,0.750000,8669626368,1104,35328,10,36.000000,9879135.000000,9891877.000000,19295.115234,19320.001953,3573.344111,3574.527979,5.061907,5.060231,353280,353280,353280,0,0,0,1
global_cg,uniform6_8,generic_compressible,1,1,248,260046848,260046840,21670570,346729120,0.750000,8929673216,1104,35328,10,36.000000,9879459.000000,9887336.500000,19295.748047,19311.133789,3573.472023,3574.383974,5.061726,5.060435,353280,353280,353280,0,0,0,1
global_cg,uniform6_7,non_compressible,0,0,248,260046848,260046840,21670570,346729120,0.750000,8669626368,1104,35328,10,36.000000,9854715.500000,9867793.000000,19247.420898,19272.962891,3573.472023,3574.543953,5.061726,5.060208,353280,353280,353280,0,0,0,1
global_cg,uniform6_7,generic_compressible,1,1,248,260046848,260046840,21670570,346729120,0.750000,8929673216,1104,35328,10,36.000000,9859339.000000,9895548.500000,19256.451172,19327.172852,3572.848082,3574.832082,5.062610,5.059800,353280,353280,353280,0,0,0,1
global_cg,uniform6_6,non_compressible,0,0,248,260046848,260046840,21670570,346729120,0.750000,8669626368,1104,35328,10,36.000000,8150936.500000,8162741.500000,15919.727539,15942.784180,2951.792002,2952.975988,6.127781,6.125324,353280,353280,353280,0,0,0,1
global_cg,uniform6_6,generic_compressible,1,1,248,260046848,260046840,21670570,346729120,0.750000,8929673216,1104,35328,10,36.000000,8156050.000000,8163051.000000,15929.714844,15943.388672,2953.552008,2953.072071,6.124130,6.125125,353280,353280,353280,0,0,0,1
global_cg,uniform6_5,non_compressible,0,0,248,260046848,260046840,21670570,346729120,0.750000,8669626368,1104,35328,10,36.000000,9888520.000000,9907746.500000,19313.445312,19350.997070,3573.647976,3575.568080,5.061477,5.058759,353280,353280,353280,0,0,0,1
global_cg,uniform6_5,generic_compressible,1,1,248,260046848,260046840,21670570,346729120,0.750000,8929673216,1104,35328,10,36.000000,9882392.000000,9894534.500000,19301.476562,19325.192383,3573.312044,3574.688077,5.061953,5.060004,353280,353280,353280,0,0,0,1
global_cg,uniform6_4,non_compressible,0,0,248,260046848,260046840,21670570,346729120,0.750000,8669626368,1104,35328,10,36.000000,9854533.000000,9868165.500000,19247.064453,19273.690430,3573.503971,3574.496031,5.061681,5.060276,353280,353280,353280,0,0,0,1
global_cg,uniform6_4,generic_compressible,1,1,248,260046848,260046840,21670570,346729120,0.750000,8929673216,1104,35328,10,36.000000,9852380.500000,9869171.500000,19242.860352,19275.655273,3573.472023,3574.368000,5.061726,5.060457,353280,353280,353280,0,0,0,1
global_cg,uniform6_3,non_compressible,0,0,248,260046848,260046840,21670570,346729120,0.750000,8669626368,1104,35328,10,36.000000,9860337.000000,9868965.500000,19258.400391,19275.252930,3574.928045,3574.560046,5.059664,5.060185,353280,353280,353280,0,0,0,1
global_cg,uniform6_3,generic_compressible,1,1,248,260046848,260046840,21670570,346729120,0.750000,8929673216,1104,35328,10,36.000000,8661667.500000,8686594.000000,16917.249023,16965.933594,3573.312044,3574.591994,5.061953,5.060140,353280,353280,353280,0,0,0,1
global_cg,uniform6_2,non_compressible,0,0,248,260046848,260046840,21670570,346729120,0.750000,8669626368,1104,35328,10,36.000000,9858764.000000,9869804.500000,19255.328125,19276.891602,3573.536038,3574.352026,5.061635,5.060480,353280,353280,353280,0,0,0,1
global_cg,uniform6_2,generic_compressible,1,1,248,260046848,260046840,21670570,346729120,0.750000,8929673216,1104,35328,10,36.000000,8671277.000000,8682986.000000,16936.017578,16958.886719,3572.799921,3574.351907,5.062678,5.060480,353280,353280,353280,0,0,0,1
global_cg,uniform6_1,non_compressible,0,0,248,260046848,260046840,21670570,346729120,0.750000,8669626368,1104,35328,10,36.000000,8150817.000000,8163620.500000,15919.494141,15944.500977,2951.344013,2953.104019,6.128712,6.125059,353280,353280,353280,0,0,0,1
global_cg,uniform6_1,generic_compressible,1,1,248,260046848,260046840,21670570,346729120,0.750000,8929673216,1104,35328,10,36.000000,8162775.000000,8173117.500000,15942.849609,15963.049805,2951.647997,2953.024030,6.128080,6.125225,353280,353280,353280,0,0,0,1
global_cg,uniform6_0,non_compressible,0,0,248,260046848,260046840,21670570,346729120,0.750000,8669626368,1104,35328,10,36.000000,9887050.000000,9907293.500000,19310.574219,19350.112305,3574.192047,3574.735999,5.060706,5.059936,353280,353280,353280,0,0,0,1
global_cg,uniform6_0,generic_compressible,1,1,248,260046848,260046840,21670570,346729120,0.750000,8929673216,1104,35328,10,36.000000,1718980.500000,1719259.500000,3357.313477,3357.858398,628.496021,627.647996,28.779714,28.818599,353280,353280,353280,0,0,0,1
global_cg,uniform6_63,non_compressible,0,0,240,251658240,251658240,20971520,335544320,0.750000,8669626368,1104,35328,10,36.000000,8150031.000000,8162642.000000,15917.958984,15942.589844,2946.496010,2947.936058,6.138795,6.135797,353280,353280,353280,0,0,0,1
global_cg,uniform6_63,generic_compressible,1,1,240,251658240,251658240,20971520,335544320,0.750000,8921284608,1104,35328,10,36.000000,1277175.500000,1278475.500000,2494.413086,2496.952148,470.111996,469.871998,38.475802,38.495454,353280,353280,353280,0,0,0,1
global_cg,uniform6_62,non_compressible,0,0,240,251658240,251658240,20971520,335544320,0.750000,8669626368,1104,35328,10,36.000000,8620260.500000,8635483.500000,16836.375977,16866.108398,3565.727949,3566.143990,5.072719,5.072127,353280,353280,353280,0,0,0,1
global_cg,uniform6_62,generic_compressible,1,1,240,251658240,251658240,20971520,335544320,0.750000,8921284608,1104,35328,10,36.000000,8616946.000000,8634387.500000,16829.902344,16863.967773,3565.760016,3565.456033,5.072673,5.073106,353280,353280,353280,0,0,0,1
global_cg,uniform6_61,non_compressible,0,0,240,251658240,251658240,20971520,335544320,0.750000,8669626368,1104,35328,10,36.000000,8147212.500000,8160154.000000,15912.454102,15937.730469,2947.615981,2946.799994,6.136463,6.138162,353280,353280,353280,0,0,0,1
global_cg,uniform6_61,generic_compressible,1,1,240,251658240,251658240,20971520,335544320,0.750000,8921284608,1104,35328,10,36.000000,8147306.500000,8161597.000000,15912.637695,15940.548828,2947.664022,2946.655989,6.136363,6.138462,353280,353280,353280,0,0,0,1
global_cg,uniform6_60,non_compressible,0,0,240,251658240,251658240,20971520,335544320,0.750000,8669626368,1104,35328,10,36.000000,9835368.500000,9836621.500000,19209.633789,19212.081055,3567.296028,3567.312002,5.070489,5.070466,353280,353280,353280,0,0,0,1
global_cg,uniform6_60,generic_compressible,1,1,240,251658240,251658240,20971520,335544320,0.750000,8921284608,1104,35328,10,36.000000,9821938.500000,9864916.000000,19183.403320,19267.343750,3568.928003,3568.415999,5.068171,5.068898,353280,353280,353280,0,0,0,1
global_cg,uniform6_59,non_compressible,0,0,240,251658240,251658240,20971520,335544320,0.750000,8669626368,1104,35328,10,36.000000,8147844.500000,8162398.500000,15913.688477,15942.114258,2946.111917,2948.640108,6.139596,6.134332,353280,353280,353280,0,0,0,1
global_cg,uniform6_59,generic_compressible,1,1,240,251658240,251658240,20971520,335544320,0.750000,8921284608,1104,35328,10,36.000000,8148162.500000,8158669.000000,15914.309570,15934.830078,2947.696090,2947.872043,6.136296,6.135930,353280,353280,353280,0,0,0,1
global_cg,uniform6_58,non_compressible,0,0,240,251658240,251658240,20971520,335544320,0.750000,8669626368,1104,35328,10,36.000000,9871769.500000,9884315.000000,19280.729492,19305.232422,3567.216039,3568.351984,5.070603,5.068989,353280,353280,353280,0,0,0,1
global_cg,uniform6_58,generic_compressible,1,1,240,251658240,251658240,20971520,335544320,0.750000,8921284608,1104,35328,10,36.000000,9871589.000000,9883559.000000,19280.376953,19303.755859,3567.088008,3568.320036,5.070785,5.069034,353280,353280,353280,0,0,0,1
global_cg,uniform6_57,non_compressible,0,0,240,251658240,251658240,20971520,335544320,0.750000,8669626368,1104,35328,10,36.000000,9873352.000000,9885099.500000,19283.820312,19306.764648,3567.440033,3569.200039,5.070285,5.067784,353280,353280,353280,0,0,0,1
global_cg,uniform6_57,generic_compressible,1,1,240,251658240,251658240,20971520,335544320,0.750000,8921284608,1104,35328,10,36.000000,9871302.500000,9883785.000000,19279.817383,19304.197266,3568.799973,3566.607952,5.068352,5.071467,353280,353280,353280,0,0,0,1
global_cg,uniform6_56,non_compressible,0,0,240,251658240,251658240,20971520,335544320,0.750000,8669626368,1104,35328,10,36.000000,9871022.500000,9884156.000000,19279.270508,19304.921875,3567.232013,3568.383932,5.070580,5.068943,353280,353280,353280,0,0,0,1
global_cg,uniform6_56,generic_compressible,1,1,240,251658240,251658240,20971520,335544320,0.750000,8921284608,1104,35328,10,36.000000,9872302.500000,9885620.000000,19281.770508,19307.781250,3567.487955,3568.560004,5.070216,5.068693,353280,353280,353280,0,0,0,1
global_cg,uniform6_55,non_compressible,0,0,240,251658240,251658240,20971520,335544320,0.750000,8669626368,1104,35328,10,44.000000,9869827.500000,9882575.000000,19276.920898,19301.818359,3567.391992,3566.480041,5.070353,5.071649,353280,353280,353280,0,0,0,1
global_cg,uniform6_55,generic_compressible,1,1,240,251658240,251658240,20971520,335544320,0.750000,8921284608,1104,35328,10,44.000000,9873601.500000,9881291.500000,19284.291992,19299.311523,3567.663908,3568.256021,5.069966,5.069125,353280,353280,353280,0,0,0,1
global_cg,uniform6_54,non_compressible,0,0,240,251658240,251658240,20971520,335544320,0.750000,8669626368,1104,35328,10,48.000000,9874278.500000,9885787.000000,19285.606445,19308.083984,3567.456007,3568.400025,5.070262,5.068920,353280,353280,353280,0,0,0,1
global_cg,uniform6_54,generic_compressible,1,1,240,251658240,251658240,20971520,335544320,0.750000,8921284608,1104,35328,10,48.000000,9875692.000000,9888011.500000,19288.367188,19312.428711,3569.151998,3570.415974,5.067853,5.066058,353280,353280,353280,0,0,0,1
global_cg,uniform6_53,non_compressible,0,0,240,251658240,251658240,20971520,335544320,0.750000,8669626368,1104,35328,10,36.000000,8145976.000000,8163478.500000,15910.039062,15944.223633,2945.888042,2948.879957,6.140062,6.133833,353280,353280,353280,0,0,0,1
global_cg,uniform6_53,generic_compressible,1,1,240,251658240,251658240,20971520,335544320,0.750000,8921284608,1104,35328,10,36.000000,8147671.000000,8162144.000000,15913.349609,15941.617188,2946.031928,2947.855949,6.139762,6.135963,353280,353280,353280,0,0,0,1
global_cg,uniform6_52,non_compressible,0,0,240,251658240,251658240,20971520,335544320,0.750000,8669626368,1104,35328,10,36.000000,9863158.500000,9874388.000000,19263.911133,19285.843750,3566.944003,3568.351984,5.070990,5.068989,353280,353280,353280,0,0,0,1
global_cg,uniform6_52,generic_compressible,1,1,240,251658240,251658240,20971520,335544320,0.750000,8921284608,1104,35328,10,36.000000,9862292.500000,9873743.000000,19262.219727,19284.583984,3567.648053,3568.448067,5.069989,5.068852,353280,353280,353280,0,0,0,1
global_cg,uniform6_51,non_compressible,0,0,240,251658240,251658240,20971520,335544320,0.750000,8669626368,1104,35328,10,36.000000,8149435.500000,8161369.500000,15916.795898,15940.104492,2947.712064,2947.008014,6.136263,6.137729,353280,353280,353280,0,0,0,1
global_cg,uniform6_51,generic_compressible,1,1,240,251658240,251658240,20971520,335544320,0.750000,8921284608,1104,35328,10,36.000000,8148949.000000,8161021.500000,15915.845703,15939.424805,2947.120070,2947.023988,6.137495,6.137696,353280,353280,353280,0,0,0,1
global_cg,uniform6_50,non_compressible,0,0,240,251658240,251658240,20971520,335544320,0.750000,8669626368,1104,35328,10,36.000000,8148898.500000,8166460.500000,15915.747070,15950.047852,2947.263956,2948.783994,6.137196,6.134032,353280,353280,353280,0,0,0,1
global_cg,uniform6_50,generic_compressible,1,1,240,251658240,251658240,20971520,335544320,0.750000,8921284608,1104,35328,10,36.000000,8149143.000000,8159857.500000,15916.224609,15937.151367,2945.871949,2945.935965,6.140096,6.139962,353280,353280,353280,0,0,0,1
global_cg,uniform6_49,non_compressible,0,0,240,251658240,251658240,20971520,335544320,0.750000,8669626368,1104,35328,10,36.000000,9793331.500000,9799697.000000,19127.530273,19139.962891,3567.055941,3567.247987,5.070830,5.070557,353280,353280,353280,0,0,0,1
global_cg,uniform6_49,generic_compressible,1,1,240,251658240,251658240,20971520,335544320,0.750000,8921284608,1104,35328,10,36.000000,9792290.000000,9800315.000000,19125.496094,19141.169922,3566.784024,3568.240047,5.071217,5.069148,353280,353280,353280,0,0,0,1
global_cg,uniform6_48,non_compressible,0,0,240,251658240,251658240,20971520,335544320,0.750000,8669626368,1104,35328,10,36.000000,9834505.000000,9850001.500000,19207.947266,19238.213867,3567.711949,3566.367984,5.069898,5.071809,353280,353280,353280,0,0,0,1
global_cg,uniform6_48,generic_compressible,1,1,240,251658240,251658240,20971520,335544320,0.750000,8921284608,1104,35328,10,36.000000,9825307.500000,9837565.000000,19189.983398,19213.923828,3567.359924,3568.143964,5.070398,5.069284,353280,353280,353280,0,0,0,1
global_cg,uniform6_47,non_compressible,0,0,240,251658240,251658240,20971520,335544320,0.750000,8669626368,1104,35328,10,36.000000,8647770.000000,9867593.000000,16890.105469,19272.572266,3565.984011,3567.535996,5.072355,5.070148,353280,353280,353280,0,0,0,1
global_cg,uniform6_47,generic_compressible,1,1,240,251658240,251658240,20971520,335544320,0.750000,8921284608,1104,35328,10,36.000000,8653700.500000,8664190.500000,16901.688477,16922.176758,3565.792084,3566.064000,5.072628,5.072241,353280,353280,353280,0,0,0,1
global_cg,uniform6_46,non_compressible,0,0,240,251658240,251658240,20971520,335544320,0.750000,8669626368,1104,35328,10,36.000000,9833347.000000,9846102.000000,19205.685547,19230.597656,3566.367984,3566.384077,5.071809,5.071786,353280,353280,353280,0,0,0,1
global_cg,uniform6_46,generic_compressible,1,1,240,251658240,251658240,20971520,335544320,0.750000,8921284608,1104,35328,10,36.000000,8669249.500000,8662601.500000,16932.057617,16919.073242,3566.128016,3566.400051,5.072150,5.071763,353280,353280,353280,0,0,0,1
global_cg,uniform6_45,non_compressible,0,0,240,251658240,251658240,20971520,335544320,0.750000,8669626368,1104,35328,10,36.000000,8148498.000000,8159951.500000,15914.964844,15937.334961,2947.088003,2946.815968,6.137562,6.138129,353280,353280,353280,0,0,0,1
global_cg,uniform6_45,generic_compressible,1,1,240,251658240,251658240,20971520,335544320,0.750000,8921284608,1104,35328,10,36.000000,8150340.500000,8162264.500000,15918.563477,15941.852539,2947.280049,2947.791934,6.137162,6.136097,353280,353280,353280,0,0,0,1
global_cg,uniform6_44,non_compressible,0,0,240,251658240,251658240,20971520,335544320,0.750000,8669626368,1104,35328,10,36.000000,8678917.500000,8643556.000000,16950.940430,16881.875000,3567.535996,3566.239953,5.070148,5.071991,353280,353280,353280,0,0,0,1
global_cg,uniform6_44,generic_compressible,1,1,240,251658240,251658240,20971520,335544320,0.750000,8921284608,1104,35328,10,36.000000,8658933.500000,8670100.500000,16911.909180,16933.719727,3566.208005,3568.176031,5.072036,5.069239,353280,353280,353280,0,0,0,1
global_cg,uniform6_43,non_compressible,0,0,240,251658240,251658240,20971520,335544320,0.750000,8669626368,1104,35328,10,36.000000,9836824.500000,9850303.500000,19212.477539,19238.803711,3567.343950,3568.351984,5.070421,5.068989,353280,353280,353280,0,0,0,1
global_cg,uniform6_43,generic_compressible,1,1,240,251658240,251658240,20971520,335544320,0.750000,8921284608,1104,35328,10,36.000000,9861688.000000,9879081.000000,19261.039062,19295.009766,3567.375898,3568.368077,5.070376,5.068966,353280,353280,353280,0,0,0,1
global_cg,uniform6_42,non_compressible,0,0,240,251658240,251658240,20971520,335544320,0.750000,8669626368,1104,35328,10,36.000000,9661349.500000,9814228.500000,18869.752930,19168.344727,3566.944003,3567.423940,5.070990,5.070307,353280,353280,353280,0,0,0,1
global_cg,uniform6_42,generic_compressible,1,1,240,251658240,251658240,20971520,335544320,0.750000,8921284608,1104,35328,10,36.000000,7456497.000000,7457294.000000,14563.400391,14564.957031,3078.639984,3072.720051,5.875301,5.886620,353280,353280,353280,0,0,0,1
global_cg,uniform6_41,non_compressible,0,0,240,251658240,251658240,20971520,335544320,0.750000,8669626368,1104,35328,10,36.000000,8130236.500000,8139167.000000,15879.297852,15896.740234,2947.200060,2948.815942,6.137329,6.133966,353280,353280,353280,0,0,0,1
global_cg,uniform6_41,generic_compressible,1,1,240,251658240,251658240,20971520,335544320,0.750000,8921284608,1104,35328,10,36.000000,8134941.000000,8144224.500000,15888.486328,15906.618164,2947.439909,2948.015928,6.136829,6.135630,353280,353280,353280,0,0,0,1
global_cg,uniform6_40,non_compressible,0,0,240,251658240,251658240,20971520,335544320,0.750000,8669626368,1104,35328,10,36.000000,9835626.000000,9847119.500000,19210.136719,19232.584961,3567.343950,3568.351984,5.070421,5.068989,353280,353280,353280,0,0,0,1
global_cg,uniform6_40,generic_compressible,1,1,240,251658240,251658240,20971520,335544320,0.750000,8921284608,1104,35328,10,36.000000,9863158.000000,9881212.000000,19263.910156,19299.171875,3567.327976,3570.239902,5.070444,5.066308,353280,353280,353280,0,0,0,1
global_cg,uniform6_39,non_compressible,0,0,240,251658240,251658240,20971520,335544320,0.750000,8669626368,1104,35328,10,36.000000,9874428.500000,9885291.000000,19285.922852,19307.138672,3567.824006,3568.528056,5.069739,5.068739,353280,353280,353280,0,0,0,1
global_cg,uniform6_39,generic_compressible,1,1,240,251658240,251658240,20971520,335544320,0.750000,8921284608,1104,35328,10,36.000000,9861537.000000,9851291.500000,19260.744141,19240.733398,3569.263935,3568.143964,5.067694,5.069284,353280,353280,353280,0,0,0,1
global_cg,uniform6_38,non_compressible,0,0,240,251658240,251658240,20971520,335544320,0.750000,8669626368,1104,35328,10,36.000000,9870888.500000,9874152.000000,19279.008789,19285.382812,3567.951918,3568.336010,5.069557,5.069011,353280,353280,353280,0,0,0,1
global_cg,uniform6_38,generic_compressible,1,1,240,251658240,251658240,20971520,335544320,0.750000,8921284608,1104,35328,10,36.000000,9867432.000000,9875916.500000,19272.257812,19288.829102,3568.928003,3568.560004,5.068171,5.068693,353280,353280,353280,0,0,0,1
global_cg,uniform6_37,non_compressible,0,0,240,251658240,251658240,20971520,335544320,0.750000,8669626368,1104,35328,10,36.000000,9865290.500000,9877268.000000,19268.075195,19291.468750,3567.839980,3566.399932,5.069716,5.071763,353280,353280,353280,0,0,0,1
global_cg,uniform6_37,generic_compressible,1,1,240,251658240,251658240,20971520,335544320,0.750000,8921284608,1104,35328,10,36.000000,9864894.500000,9877395.500000,19267.301758,19291.717773,3567.376018,3568.512082,5.070376,5.068761,353280,353280,353280,0,0,0,1
global_cg,uniform6_36,non_compressible,0,0,240,251658240,251658240,20971520,335544320,0.750000,8669626368,1104,35328,10,36.000000,9857281.500000,9878663.500000,19252.432617,19294.194336,3566.848040,3568.447948,5.071126,5.068852,353280,353280,353280,0,0,0,1
global_cg,uniform6_36,generic_compressible,1,1,240,251658240,251658240,20971520,335544320,0.750000,8921284608,1104,35328,10,36.000000,9855005.000000,9865933.500000,19247.986328,19269.331055,3567.456007,3568.400025,5.070262,5.068920,353280,353280,353280,0,0,0,1
global_cg,uniform6_35,non_compressible,0,0,240,251658240,251658240,20971520,335544320,0.750000,8669626368,1104,35328,10,36.000000,8151549.000000,8163304.500000,15920.923828,15943.883789,2947.248101,2946.879983,6.137229,6.137995,353280,353280,353280,0,0,0,1
global_cg,uniform6_35,generic_compressible,1,1,240,251658240,251658240,20971520,335544320,0.750000,8921284608,1104,35328,10,36.000000,8150931.500000,8161190.500000,15919.717773,15939.754883,2946.560025,2946.879983,6.138662,6.137995,353280,353280,353280,0,0,0,1
global_cg,uniform6_34,non_compressible,0,0,240,251658240,251658240,20971520,335544320,0.750000,8669626368,1104,35328,10,36.000000,8148923.500000,8153914.500000,15915.795898,15925.543945,2947.344065,2946.768045,6.137029,6.138229,353280,353280,353280,0,0,0,1
global_cg,uniform6_34,generic_compressible,1,1,240,251658240,251658240,20971520,335544320,0.750000,8921284608,1104,35328,10,36.000000,8141702.000000,8155202.500000,15901.691406,15928.059570,2946.704030,2946.912050,6.138362,6.137929,353280,353280,353280,0,0,0,1
global_cg,uniform6_33,non_compressible,0,0,240,251658240,251658240,20971520,335544320,0.750000,8669626368,1104,35328,10,36.000000,8150426.500000,8164486.500000,15918.731445,15946.192383,2946.831942,2947.824001,6.138096,6.136030,353280,353280,353280,0,0,0,1
global_cg,uniform6_33,generic_compressible,1,1,240,251658240,251658240,20971520,335544320,0.750000,8921284608,1104,35328,10,36.000000,8153357.500000,8162423.000000,15924.456055,15942.162109,2946.143985,2946.832061,6.139529,6.138095,353280,353280,353280,0,0,0,1
global_cg,uniform6_32,non_compressible,0,0,240,251658240,251658240,20971520,335544320,0.750000,8669626368,1104,35328,10,36.000000,8149659.500000,8161657.000000,15917.233398,15940.666016,2947.568059,2948.735952,6.136563,6.134132,353280,353280,353280,0,0,0,1
global_cg,uniform6_32,generic_compressible,1,1,240,251658240,251658240,20971520,335544320,0.750000,8921284608,1104,35328,10,36.000000,8150686.000000,8161687.500000,15919.238281,15940.725586,2947.424054,2946.832061,6.136862,6.138095,353280,353280,353280,0,0,0,1
global_cg,uniform6_31,non_compressible,0,0,240,251658240,251658240,20971520,335544320,0.750000,8669626368,1104,35328,10,36.000000,9868110.000000,9850333.000000,19273.582031,19238.861328,3567.327976,3568.207979,5.070444,5.069193,353280,353280,353280,0,0,0,1
global_cg,uniform6_31,generic_compressible,1,1,240,251658240,251658240,20971520,335544320,0.750000,8921284608,1104,35328,10,36.000000,9851454.500000,9859753.500000,19241.051758,19257.260742,3568.127990,3569.567919,5.069307,5.067262,353280,353280,353280,0,0,0,1
global_cg,uniform6_30,non_compressible,0,0,240,251658240,251658240,20971520,335544320,0.750000,8669626368,1104,35328,10,36.000000,9861133.000000,9885719.000000,19259.955078,19307.974609,3567.792058,3568.320036,5.069784,5.069034,353280,353280,353280,0,0,0,1
global_cg,uniform6_30,generic_compressible,1,1,240,251658240,251658240,20971520,335544320,0.750000,8921284608,1104,35328,10,36.000000,9865434.500000,9875636.000000,19268.356445,19288.281250,3567.327976,3568.287969,5.070444,5.069080,353280,353280,353280,0,0,0,1
global_cg,uniform6_29,non_compressible,0,0,240,251658240,251658240,20971520,335544320,0.750000,8669626368,1104,35328,10,36.000000,9831462.500000,9847329.500000,19202.004883,19232.995117,3566.240072,3566.976070,5.071991,5.070944,353280,353280,353280,0,0,0,1
global_cg,uniform6_29,generic_compressible,1,1,240,251658240,251658240,20971520,335544320,0.750000,8921284608,1104,35328,10,36.000000,9431432.500000,9855367.000000,18420.696289,19248.693359,3565.904021,3569.392085,5.072469,5.067512,353280,353280,353280,0,0,0,1
global_cg,uniform6_28,non_compressible,0,0,240,251658240,251658240,20971520,335544320,0.750000,8669626368,1104,35328,10,36.000000,8628453.000000,8642003.500000,16852.376953,16878.842773,3564.928055,3565.152049,5.073857,5.073538,353280,353280,353280,0,0,0,1
global_cg,uniform6_28,generic_compressible,1,1,240,251658240,251658240,20971520,335544320,0.750000,8921284608,1104,35328,10,36.000000,8659817.000000,8666367.000000,16913.634766,16926.427734,3567.167997,3566.352010,5.070671,5.071831,353280,353280,353280,0,0,0,1
global_cg,uniform6_27,non_compressible,0,0,240,251658240,251658240,20971520,335544320,0.750000,8669626368,1104,35328,10,36.000000,8149083.500000,8161934.000000,15916.108398,15941.207031,2945.680022,2947.103977,6.140496,6.137529,353280,353280,353280,0,0,0,1
global_cg,uniform6_27,generic_compressible,1,1,240,251658240,251658240,20971520,335544320,0.750000,8921284608,1104,35328,10,36.000000,8153386.500000,8162578.000000,15924.512695,15942.464844,2947.615981,2946.815968,6.136463,6.138129,353280,353280,353280,0,0,0,1
global_cg,uniform6_26,non_compressible,0,0,240,251658240,251658240,20971520,335544320,0.750000,8669626368,1104,35328,10,36.000000,9865216.500000,9878897.000000,19267.930664,19294.650391,3569.423914,3568.383932,5.067466,5.068943,353280,353280,353280,0,0,0,1
global_cg,uniform6_26,generic_compressible,1,1,240,251658240,251658240,20971520,335544320,0.750000,8921284608,1104,35328,10,36.000000,9863984.000000,9874597.000000,19265.523438,19286.251953,3568.688035,3568.368077,5.068511,5.068966,353280,353280,353280,0,0,0,1
global_cg,uniform6_25,non_compressible,0,0,240,251658240,251658240,20971520,335544320,0.750000,8669626368,1104,35328,10,36.000000,8656654.500000,9489726.000000,16907.458008,18534.550781,3565.407991,3567.327976,5.073174,5.070444,353280,353280,353280,0,0,0,1
global_cg,uniform6_25,generic_compressible,1,1,240,251658240,251658240,20971520,335544320,0.750000,8921284608,1104,35328,10,36.000000,8650221.000000,8660597.000000,16894.892578,16915.158203,3566.511989,3567.295909,5.071604,5.070489,353280,353280,353280,0,0,0,1
global_cg,uniform6_24,non_compressible,0,0,240,251658240,251658240,20971520,335544320,0.750000,8669626368,1104,35328,10,36.000000,8139171.500000,8150768.000000,15896.749023,15919.398438,2947.456002,2948.704004,6.136796,6.134199,353280,353280,353280,0,0,0,1
global_cg,uniform6_24,generic_compressible,1,1,240,251658240,251658240,20971520,335544320,0.750000,8921284608,1104,35328,10,36.000000,8141496.500000,8155269.500000,15901.290039,15928.190430,2947.695971,2947.008014,6.136296,6.137729,353280,353280,353280,0,0,0,1
global_cg,uniform6_23,non_compressible,0,0,240,251658240,251658240,20971520,335544320,0.750000,8669626368,1104,35328,10,36.000000,9837232.500000,9845285.000000,19213.274414,19229.001953,3567.808032,3568.383932,5.069762,5.068943,353280,353280,353280,0,0,0,1
global_cg,uniform6_23,generic_compressible,1,1,240,251658240,251658240,20971520,335544320,0.750000,8921284608,1104,35328,10,36.000000,9838255.000000,9854409.500000,19215.271484,19246.823242,3567.087889,3569.408059,5.070785,5.067489,353280,353280,353280,0,0,0,1
global_cg,uniform6_22,non_compressible,0,0,240,251658240,251658240,20971520,335544320,0.750000,8669626368,1104,35328,10,36.000000,9836368.500000,9848497.000000,19211.586914,19235.275391,3567.391992,3566.271901,5.070353,5.071945,353280,353280,353280,0,0,0,1
global_cg,uniform6_22,generic_compressible,1,1,240,251658240,251658240,20971520,335544320,0.750000,8921284608,1104,35328,10,36.000000,9865648.500000,9872544.500000,19268.774414,19282.243164,3567.407966,3567.600012,5.070330,5.070057,353280,353280,353280,0,0,0,1
global_cg,uniform6_21,non_compressible,0,0,240,251658240,251658240,20971520,335544320,0.750000,8669626368,1104,35328,10,36.000000,8135946.500000,8150013.500000,15890.450195,15917.924805,2947.072029,2948.751926,6.137595,6.134099,353280,353280,353280,0,0,0,1
global_cg,uniform6_21,generic_compressible,1,1,240,251658240,251658240,20971520,335544320,0.750000,8921284608,1104,35328,10,36.000000,7016421.000000,7015475.500000,13703.876953,13702.030273,2542.191982,2539.183974,7.115094,7.123523,353280,353280,353280,0,0,0,1
global_cg,uniform6_20,non_compressible,0,0,240,251658240,251658240,20971520,335544320,0.750000,8669626368,1104,35328,10,36.000000,9874157.000000,9886037.000000,19285.392578,19308.595703,3568.143964,3568.431973,5.069284,5.068875,353280,353280,353280,0,0,0,1
global_cg,uniform6_20,generic_compressible,1,1,240,251658240,251658240,20971520,335544320,0.750000,8921284608,1104,35328,10,36.000000,9875228.500000,9885895.500000,19287.485352,19308.319336,3568.576097,3568.368077,5.068670,5.068966,353280,353280,353280,0,0,0,1
global_cg,uniform6_19,non_compressible,0,0,240,251658240,251658240,20971520,335544320,0.750000,8669626368,1104,35328,10,36.000000,9847760.500000,9853488.500000,19233.836914,19245.024414,3567.423940,3567.871928,5.070307,5.069671,353280,353280,353280,0,0,0,1
global_cg,uniform6_19,generic_compressible,1,1,240,251658240,251658240,20971520,335544320,0.750000,8921284608,1104,35328,10,36.000000,9844455.500000,9854843.500000,19227.381836,19247.670898,3567.824006,3568.415999,5.069739,5.068898,353280,353280,353280,0,0,0,1
global_cg,uniform6_18,non_compressible,0,0,240,251658240,251658240,20971520,335544320,0.750000,8669626368,1104,35328,10,36.000000,9840654.000000,9847366.500000,19219.957031,19233.067383,3568.783998,3568.384051,5.068375,5.068943,353280,353280,353280,0,0,0,1
global_cg,uniform6_18,generic_compressible,1,1,240,251658240,251658240,20971520,335544320,0.750000,8921284608,1104,35328,10,36.000000,9842005.500000,9848641.000000,19222.596680,19235.556641,3568.655968,3568.511963,5.068557,5.068761,353280,353280,353280,0,0,0,1
global_cg,uniform6_17,non_compressible,0,0,240,251658240,251658240,20971520,335544320,0.750000,8669626368,1104,35328,10,36.000000,9858584.000000,9867238.000000,19254.976562,19271.878906,3568.527937,3568.704009,5.068739,5.068489,353280,353280,353280,0,0,0,1
global_cg,uniform6_17,generic_compressible,1,1,240,251658240,251658240,20971520,335544320,0.750000,8921284608,1104,35328,10,36.000000,9860268.000000,9862871.000000,19258.265625,19263.349609,3568.592072,3568.303943,5.068648,5.069057,353280,353280,353280,0,0,0,1
global_cg,uniform6_16,non_compressible,0,0,240,251658240,251658240,20971520,335544320,0.750000,8669626368,1104,35328,10,46.000000,9879580.000000,9884907.500000,19295.964844,19306.370117,3567.152023,3568.351984,5.070694,5.068989,353280,353280,353280,0,0,0,1
global_cg,uniform6_16,generic_compressible,1,1,240,251658240,251658240,20971520,335544320,0.750000,8921284608,1104,35328,10,46.000000,9877936.500000,9880227.000000,19292.754883,19297.228516,3569.648027,3568.288088,5.067148,5.069080,353280,353280,353280,0,0,0,1
global_cg,uniform6_15,non_compressible,0,0,240,251658240,251658240,20971520,335544320,0.750000,8669626368,1104,35328,10,48.000000,9868206.000000,9874485.000000,19273.746094,19286.009766,3568.544030,3568.336010,5.068716,5.069011,353280,353280,353280,0,0,0,1
global_cg,uniform6_15,generic_compressible,1,1,240,251658240,251658240,20971520,335544320,0.750000,8921284608,1104,35328,10,47.000000,9864372.000000,9875398.500000,19266.259766,19287.795898,3567.584038,3568.336010,5.070080,5.069011,353280,353280,353280,0,0,0,1
global_cg,uniform6_14,non_compressible,0,0,240,251658240,251658240,20971520,335544320,0.750000,8669626368,1104,35328,10,45.000000,9877458.000000,9885698.000000,19291.822266,19307.916016,3568.384051,3568.368077,5.068943,5.068966,353280,353280,353280,0,0,0,1
global_cg,uniform6_14,generic_compressible,1,1,240,251658240,251658240,20971520,335544320,0.750000,8921284608,1104,35328,10,46.000000,9879375.000000,9885346.000000,19295.564453,19307.226562,3569.167972,3568.336010,5.067830,5.069011,353280,353280,353280,0,0,0,1
global_cg,uniform6_13,non_compressible,0,0,240,251658240,251658240,20971520,335544320,0.750000,8669626368,1104,35328,10,36.000000,8144075.000000,8158972.500000,15906.326172,15935.422852,2947.263956,2946.751952,6.137196,6.138262,353280,353280,353280,0,0,0,1
global_cg,uniform6_13,generic_compressible,1,1,240,251658240,251658240,20971520,335544320,0.750000,8921284608,1104,35328,10,36.000000,8146417.500000,8163916.000000,15910.901367,15945.078125,2946.447968,2948.000073,6.138895,6.135663,353280,353280,353280,0,0,0,1
global_cg,uniform6_12,non_compressible,0,0,240,251658240,251658240,20971520,335544320,0.750000,8669626368,1104,35328,10,36.000000,9863456.500000,9848650.000000,19264.493164,19235.574219,3567.167997,3568.271995,5.070671,5.069102,353280,353280,353280,0,0,0,1
global_cg,uniform6_12,generic_compressible,1,1,240,251658240,251658240,20971520,335544320,0.750000,8921284608,1104,35328,10,36.000000,9863925.500000,9878022.500000,19265.409180,19292.942383,3567.232013,3568.543911,5.070580,5.068716,353280,353280,353280,0,0,0,1
global_cg,uniform6_11,non_compressible,0,0,240,251658240,251658240,20971520,335544320,0.750000,8669626368,1104,35328,10,36.000000,8118721.000000,8128256.000000,15856.806641,15875.429688,2947.872043,2948.655963,6.135930,6.134299,353280,353280,353280,0,0,0,1
global_cg,uniform6_11,generic_compressible,1,1,240,251658240,251658240,20971520,335544320,0.750000,8921284608,1104,35328,10,36.000000,8121251.500000,8129796.000000,15861.749023,15878.437500,2946.624041,2946.815968,6.138529,6.138129,353280,353280,353280,0,0,0,1
global_cg,uniform6_10,non_compressible,0,0,240,251658240,251658240,20971520,335544320,0.750000,8669626368,1104,35328,10,36.000000,8149947.500000,8162870.000000,15917.795898,15943.035156,2947.728038,2947.167993,6.136230,6.137396,353280,353280,353280,0,0,0,1
global_cg,uniform6_10,generic_compressible,1,1,240,251658240,251658240,20971520,335544320,0.750000,8921284608,1104,35328,10,36.000000,8149316.500000,8162558.500000,15916.563477,15942.426758,2948.480010,2947.808027,6.134665,6.136063,353280,353280,353280,0,0,0,1
global_cg,uniform6_9,non_compressible,0,0,240,251658240,251658240,20971520,335544320,0.750000,8669626368,1104,35328,10,36.000000,8629546.500000,8637192.500000,16854.512695,16869.446289,3567.695975,3566.591978,5.069921,5.071490,353280,353280,353280,0,0,0,1
global_cg,uniform6_9,generic_compressible,1,1,240,251658240,251658240,20971520,335544320,0.750000,8921284608,1104,35328,10,36.000000,8623633.000000,8650087.000000,16842.962891,16894.630859,3567.872047,3567.535996,5.069671,5.070148,353280,353280,353280,0,0,0,1
global_cg,uniform6_8,non_compressible,0,0,240,251658240,251658240,20971520,335544320,0.750000,8669626368,1104,35328,10,36.000000,8325108.000000,8317478.500000,16259.906250,16245.004883,3258.463979,3258.351922,5.551062,5.551253,353280,353280,353280,0,0,0,1
global_cg,uniform6_8,generic_compressible,1,1,240,251658240,251658240,20971520,335544320,0.750000,8921284608,1104,35328,10,36.000000,8338283.000000,8328763.500000,16285.638672,16267.045898,3257.375956,3258.831978,5.552916,5.550435,353280,353280,353280,0,0,0,1
global_cg,uniform6_7,non_compressible,0,0,240,251658240,251658240,20971520,335544320,0.750000,8669626368,1104,35328,10,36.000000,9836156.500000,9847586.500000,19211.172852,19233.497070,3567.023993,3568.415999,5.070876,5.068898,353280,353280,353280,0,0,0,1
global_cg,uniform6_7,generic_compressible,1,1,240,251658240,251658240,20971520,335544320,0.750000,8921284608,1104,35328,10,36.000000,9838041.500000,9850193.000000,19214.854492,19238.587891,3567.791939,3568.112016,5.069784,5.069330,353280,353280,353280,0,0,0,1
global_cg,uniform6_6,non_compressible,0,0,240,251658240,251658240,20971520,335544320,0.750000,8669626368,1104,35328,10,36.000000,9849518.500000,9857509.000000,19237.270508,19252.876953,3568.783998,3569.328070,5.068375,5.067603,353280,353280,353280,0,0,0,1
global_cg,uniform6_6,generic_compressible,1,1,240,251658240,251658240,20971520,335544320,0.750000,8921284608,1104,35328,10,36.000000,9822635.500000,9859860.000000,19184.764648,19257.468750,3568.800092,3567.440033,5.068352,5.070285,353280,353280,353280,0,0,0,1
global_cg,uniform6_5,non_compressible,0,0,240,251658240,251658240,20971520,335544320,0.750000,8669626368,1104,35328,10,36.000000,8132083.500000,8137382.000000,15882.905273,15893.253906,2946.544051,2946.959972,6.138695,6.137829,353280,353280,353280,0,0,0,1
global_cg,uniform6_5,generic_compressible,1,1,240,251658240,251658240,20971520,335544320,0.750000,8921284608,1104,35328,10,36.000000,8137542.500000,8145094.000000,15893.567383,15908.316406,2947.584033,2947.664022,6.136529,6.136363,353280,353280,353280,0,0,0,1
global_cg,uniform6_4,non_compressible,0,0,240,251658240,251658240,20971520,335544320,0.750000,8669626368,1104,35328,10,36.000000,9851336.500000,9856771.000000,19240.821289,19251.435547,3568.304062,3568.560004,5.069057,5.068693,353280,353280,353280,0,0,0,1
global_cg,uniform6_4,generic_compressible,1,1,240,251658240,251658240,20971520,335544320,0.750000,8921284608,1104,35328,10,36.000000,9849299.500000,9854496.000000,19236.842773,19246.992188,3567.711949,3568.608046,5.069898,5.068625,353280,353280,353280,0,0,0,1
global_cg,uniform6_3,non_compressible,0,0,240,251658240,251658240,20971520,335544320,0.750000,8669626368,1104,35328,10,36.000000,9873979.000000,9884624.500000,19285.044922,19305.836914,3567.519903,3568.336010,5.070171,5.069011,353280,353280,353280,0,0,0,1
global_cg,uniform6_3,generic_compressible,1,1,240,251658240,251658240,20971520,335544320,0.750000,8921284608,1104,35328,10,36.000000,9876924.500000,9886989.500000,19290.797852,19310.456055,3568.431973,3569.424033,5.068875,5.067466,353280,353280,353280,0,0,0,1
global_cg,uniform6_2,non_compressible,0,0,240,251658240,251658240,20971520,335544320,0.750000,8669626368,1104,35328,10,36.000000,9851097.000000,9856517.500000,19240.353516,19250.940430,3569.056034,3567.343950,5.067989,5.070421,353280,353280,353280,0,0,0,1
global_cg,uniform6_2,generic_compressible,1,1,240,251658240,251658240,20971520,335544320,0.750000,8921284608,1104,35328,10,36.000000,9859187.000000,9863342.500000,19256.154297,19264.270508,3568.608046,3568.303943,5.068625,5.069057,353280,353280,353280,0,0,0,1
global_cg,uniform6_1,non_compressible,0,0,240,251658240,251658240,20971520,335544320,0.750000,8669626368,1104,35328,10,41.000000,9880236.000000,9887100.000000,19297.255859,19310.662109,3569.087982,3568.495989,5.067943,5.068784,353280,353280,353280,0,0,0,1
global_cg,uniform6_1,generic_compressible,1,1,240,251658240,251658240,20971520,335544320,0.750000,8921284608,1104,35328,10,44.000000,9879363.000000,9885639.000000,19295.544922,19307.802734,3569.695950,3568.112016,5.067080,5.069330,353280,353280,353280,0,0,0,1
global_cg,uniform6_0,non_compressible,0,0,240,251658240,251658240,20971520,335544320,0.750000,8669626368,1104,35328,10,36.000000,8119627.500000,8151402.000000,15858.577148,15920.636719,2946.239948,2949.648023,6.139329,6.132235,353280,353280,353280,0,0,0,1
global_cg,uniform6_0,generic_compressible,1,1,240,251658240,251658240,20971520,335544320,0.750000,8921284608,1104,35328,10,36.000000,1276036.500000,1277663.500000,2492.188477,2495.366211,470.719993,469.999999,38.426105,38.484970,353280,353280,353280,0,0,0,1
global_cg,uniform6_63,non_compressible,0,0,128,134217728,134217720,11184810,178956960,0.750000,8669626368,1104,35328,10,36.000000,7829936.500000,7837983.000000,15292.774414,15308.490234,3064.175963,3061.455965,5.903034,5.908279,353280,353280,353280,0,0,0,1
global_cg,uniform6_63,generic_compressible,1,1,128,134217728,134217720,11184810,178956960,0.750000,8803844096,1104,35328,10,36.000000,1277500.500000,1278493.000000,2495.047852,2496.986328,470.063999,469.663993,38.479730,38.512503,353280,353280,353280,0,0,0,1
global_cg,uniform6_62,non_compressible,0,0,128,134217728,134217720,11184810,178956960,0.750000,8669626368,1104,35328,10,36.000000,9270551.000000,9267904.500000,18106.474609,18101.305664,3358.832002,3357.359886,5.385186,5.387548,353280,353280,353280,0,0,0,1
global_cg,uniform6_62,generic_compressible,1,1,128,134217728,134217720,11184810,178956960,0.750000,8803844096,1104,35328,10,36.000000,9271684.500000,9267797.500000,18108.688477,18101.096680,3358.976007,3356.512070,5.384955,5.388908,353280,353280,353280,0,0,0,1
global_cg,uniform6_61,non_compressible,0,0,128,134217728,134217720,11184810,178956960,0.750000,8669626368,1104,35328,10,36.000000,7656881.000000,7668527.000000,14954.775391,14977.521484,2770.927906,2770.672083,6.527754,6.528357,353280,353280,353280,0,0,0,1
global_cg,uniform6_61,generic_compressible,1,1,128,134217728,134217720,11184810,178956960,0.750000,8803844096,1104,35328,10,36.000000,7657265.500000,7666158.000000,14955.526367,14972.894531,2770.991921,2768.895984,6.527603,6.532544,353280,353280,353280,0,0,0,1
global_cg,uniform6_60,non_compressible,0,0,128,134217728,134217720,11184810,178956960,0.750000,8669626368,1104,35328,10,36.000000,9285415.500000,9260990.000000,18135.506836,18087.800781,3359.087944,3355.520010,5.384776,5.390502,353280,353280,353280,0,0,0,1
global_cg,uniform6_60,generic_compressible,1,1,128,134217728,134217720,11184810,178956960,0.750000,8803844096,1104,35328,10,36.000000,9280237.000000,9284949.500000,18125.392578,18134.596680,3358.000040,3355.728030,5.386520,5.390167,353280,353280,353280,0,0,0,1
global_cg,uniform6_59,non_compressible,0,0,128,134217728,134217720,11184810,178956960,0.750000,8669626368,1104,35328,10,36.000000,7660360.000000,7668483.500000,14961.570312,14977.436523,2769.727945,2769.775987,6.530582,6.530469,353280,353280,353280,0,0,0,1
global_cg,uniform6_59,generic_compressible,1,1,128,134217728,134217720,11184810,178956960,0.750000,8803844096,1104,35328,10,36.000000,7660765.000000,7666777.500000,14962.361328,14974.104492,2771.072030,2768.784046,6.527415,6.532809,353280,353280,353280,0,0,0,1
global_cg,uniform6_58,non_compressible,0,0,128,134217728,134217720,11184810,178956960,0.750000,8669626368,1104,35328,10,36.000000,9297369.000000,9297545.500000,18158.853516,18159.198242,3358.576059,3356.079936,5.385597,5.389602,353280,353280,353280,0,0,0,1
global_cg,uniform6_58,generic_compressible,1,1,128,134217728,134217720,11184810,178956960,0.750000,8803844096,1104,35328,10,36.000000,9295135.000000,9299299.000000,18154.490234,18162.623047,3358.640075,3356.496096,5.385494,5.388934,353280,353280,353280,0,0,0,1
global_cg,uniform6_57,non_compressible,0,0,128,134217728,134217720,11184810,178956960,0.750000,8669626368,1104,35328,10,36.000000,9292113.500000,9295073.000000,18148.588867,18154.369141,3358.271956,3356.432080,5.386084,5.389037,353280,353280,353280,0,0,0,1
global_cg,uniform6_57,generic_compressible,1,1,128,134217728,134217720,11184810,178956960,0.750000,8803844096,1104,35328,10,36.000000,9290181.000000,9296469.000000,18144.814453,18157.095703,3358.063936,3357.295990,5.386418,5.387650,353280,353280,353280,0,0,0,1
global_cg,uniform6_56,non_compressible,0,0,128,134217728,134217720,11184810,178956960,0.750000,8669626368,1104,35328,10,36.000000,9291385.500000,9296422.000000,18147.166992,18157.003906,3359.520078,3357.519984,5.384083,5.387291,353280,353280,353280,0,0,0,1
global_cg,uniform6_56,generic_compressible,1,1,128,134217728,134217720,11184810,178956960,0.750000,8803844096,1104,35328,10,36.000000,9292548.000000,9306960.000000,18149.437500,18177.585938,3358.384013,3357.407928,5.385905,5.387470,353280,353280,353280,0,0,0,1
global_cg,uniform6_55,non_compressible,0,0,128,134217728,134217720,11184810,178956960,0.750000,8669626368,1104,35328,10,36.000000,9293025.000000,9297778.000000,18150.369141,18159.652344,3358.335972,3357.823968,5.385982,5.386803,353280,353280,353280,0,0,0,1
global_cg,uniform6_55,generic_compressible,1,1,128,134217728,134217720,11184810,178956960,0.750000,8803844096,1104,35328,10,36.000000,9292136.000000,9296534.000000,18148.632812,18157.222656,3358.080029,3356.863976,5.386392,5.388343,353280,353280,353280,0,0,0,1
global_cg,uniform6_54,non_compressible,0,0,128,134217728,134217720,11184810,178956960,0.750000,8669626368,1104,35328,10,46.000000,9290532.000000,9296455.000000,18145.480469,18157.048828,3358.672023,3356.223941,5.385443,5.389371,353280,353280,353280,0,0,0,1
global_cg,uniform6_54,generic_compressible,1,1,128,134217728,134217720,11184810,178956960,0.750000,8803844096,1104,35328,10,46.000000,9290323.500000,9294309.000000,18145.073242,18152.857422,3358.096004,3357.344031,5.386367,5.387573,353280,353280,353280,0,0,0,1
global_cg,uniform6_53,non_compressible,0,0,128,134217728,134217720,11184810,178956960,0.750000,8669626368,1104,35328,10,47.000000,9290218.500000,9296573.000000,18144.866211,18157.277344,3357.648015,3356.591940,5.387085,5.388780,353280,353280,353280,0,0,0,1
global_cg,uniform6_53,generic_compressible,1,1,128,134217728,134217720,11184810,178956960,0.750000,8803844096,1104,35328,10,46.000000,9280796.000000,9295035.000000,18126.464844,18154.275391,3358.672023,3356.799960,5.385443,5.388446,353280,353280,353280,0,0,0,1
global_cg,uniform6_52,non_compressible,0,0,128,134217728,134217720,11184810,178956960,0.750000,8669626368,1104,35328,10,46.000000,9255786.500000,9258654.000000,18077.618164,18083.218750,3357.839942,3355.520010,5.386777,5.390502,353280,353280,353280,0,0,0,1
global_cg,uniform6_52,generic_compressible,1,1,128,134217728,134217720,11184810,178956960,0.750000,8803844096,1104,35328,10,46.000000,9257380.000000,9261655.500000,18080.730469,18089.081055,3358.080029,3357.215881,5.386392,5.387779,353280,353280,353280,0,0,0,1
global_cg,uniform6_51,non_compressible,0,0,128,134217728,134217720,11184810,178956960,0.750000,8669626368,1104,35328,10,36.000000,7645588.500000,7651205.000000,14932.719727,14943.689453,2771.504045,2769.855976,6.526397,6.530280,353280,353280,353280,0,0,0,1
global_cg,uniform6_51,generic_compressible,1,1,128,134217728,134217720,11184810,178956960,0.750000,8803844096,1104,35328,10,36.000000,7646937.500000,7651792.000000,14935.354492,14944.835938,2770.671964,2770.704031,6.528357,6.528282,353280,353280,353280,0,0,0,1
global_cg,uniform6_50,non_compressible,0,0,128,134217728,134217720,11184810,178956960,0.750000,8669626368,1104,35328,10,36.000000,7660474.500000,7670369.000000,14961.793945,14981.119141,2770.447969,2770.591974,6.528885,6.528546,353280,353280,353280,0,0,0,1
global_cg,uniform6_50,generic_compressible,1,1,128,134217728,134217720,11184810,178956960,0.750000,8803844096,1104,35328,10,36.000000,7658422.000000,7665808.500000,14957.785156,14972.211914,2771.488070,2770.272017,6.526435,6.529300,353280,353280,353280,0,0,0,1
global_cg,uniform6_49,non_compressible,0,0,128,134217728,134217720,11184810,178956960,0.750000,8669626368,1104,35328,10,36.000000,9258089.000000,9247822.000000,18082.134766,18062.082031,3357.504010,3356.271982,5.387316,5.389294,353280,353280,353280,0,0,0,1
global_cg,uniform6_49,generic_compressible,1,1,128,134217728,134217720,11184810,178956960,0.750000,8803844096,1104,35328,10,36.000000,8143198.500000,8147513.500000,15904.614258,15913.041992,3356.079936,3354.848027,5.389602,5.391581,353280,353280,353280,0,0,0,1
global_cg,uniform6_48,non_compressible,0,0,128,134217728,134217720,11184810,178956960,0.750000,8669626368,1104,35328,10,36.000000,9255353.500000,9262904.000000,18076.791992,18091.539062,3356.688023,3356.863976,5.388626,5.388343,353280,353280,353280,0,0,0,1
global_cg,uniform6_48,generic_compressible,1,1,128,134217728,134217720,11184810,178956960,0.750000,8803844096,1104,35328,10,36.000000,9276483.000000,9286009.500000,18118.060547,18136.666992,3357.375979,3357.439995,5.387522,5.387419,353280,353280,353280,0,0,0,1
global_cg,uniform6_47,non_compressible,0,0,128,134217728,134217720,11184810,178956960,0.750000,8669626368,1104,35328,10,36.000000,9292758.500000,9295939.000000,18149.848633,18156.060547,3358.832002,3357.487917,5.385186,5.387342,353280,353280,353280,0,0,0,1
global_cg,uniform6_47,generic_compressible,1,1,128,134217728,134217720,11184810,178956960,0.750000,8803844096,1104,35328,10,36.000000,9292921.000000,9298871.000000,18150.166016,18161.787109,3357.983947,3356.832027,5.386546,5.388395,353280,353280,353280,0,0,0,1
global_cg,uniform6_46,non_compressible,0,0,128,134217728,134217720,11184810,178956960,0.750000,8669626368,1104,35328,10,36.000000,8114903.000000,8118306.500000,15849.349609,15855.997070,3355.360031,3354.192019,5.390759,5.392636,353280,353280,353280,0,0,0,1
global_cg,uniform6_46,generic_compressible,1,1,128,134217728,134217720,11184810,178956960,0.750000,8803844096,1104,35328,10,36.000000,8115091.500000,8119085.500000,15849.717773,15857.518555,3355.999947,3355.535984,5.389731,5.390476,353280,353280,353280,0,0,0,1
global_cg,uniform6_45,non_compressible,0,0,128,134217728,134217720,11184810,178956960,0.750000,8669626368,1104,35328,10,36.000000,7660767.500000,7669251.000000,14962.366211,14978.935547,2770.959973,2770.655990,6.527679,6.528395,353280,353280,353280,0,0,0,1
global_cg,uniform6_45,generic_compressible,1,1,128,134217728,134217720,11184810,178956960,0.750000,8803844096,1104,35328,10,36.000000,7659026.500000,7668268.500000,14958.965820,14977.016602,2771.824002,2770.608068,6.525644,6.528508,353280,353280,353280,0,0,0,1
global_cg,uniform6_44,non_compressible,0,0,128,134217728,134217720,11184810,178956960,0.750000,8669626368,1104,35328,10,36.000000,7660990.500000,7666775.500000,14962.801758,14974.100586,2771.632075,2770.336032,6.526096,6.529149,353280,353280,353280,0,0,0,1
global_cg,uniform6_44,generic_compressible,1,1,128,134217728,134217720,11184810,178956960,0.750000,8803844096,1104,35328,10,36.000000,7657601.000000,7665449.000000,14956.181641,14971.509766,2771.456003,2769.775987,6.526510,6.530469,353280,353280,353280,0,0,0,1
global_cg,uniform6_43,non_compressible,0,0,128,134217728,134217720,11184810,178956960,0.750000,8669626368,1104,35328,10,36.000000,7660294.000000,7668023.000000,14961.441406,14976.537109,2770.672083,2770.128012,6.528357,6.529639,353280,353280,353280,0,0,0,1
global_cg,uniform6_43,generic_compressible,1,1,128,134217728,134217720,11184810,178956960,0.750000,8803844096,1104,35328,10,36.000000,7661803.500000,7669245.000000,14964.389648,14978.923828,2771.168113,2770.560026,6.527188,6.528621,353280,353280,353280,0,0,0,1
global_cg,uniform6_42,non_compressible,0,0,128,134217728,134217720,11184810,178956960,0.750000,8669626368,1104,35328,10,36.000000,9259731.000000,9262141.500000,18085.341797,18090.049805,3357.455969,3356.144071,5.387393,5.389499,353280,353280,353280,0,0,0,1
global_cg,uniform6_42,generic_compressible,1,1,128,134217728,134217720,11184810,178956960,0.750000,8803844096,1104,35328,10,36.000000,6342550.000000,6291053.000000,12387.722656,12287.142578,2298.079967,2280.096054,7.870891,7.932971,353280,353280,353280,0,0,0,1
global_cg,uniform6_41,non_compressible,0,0,128,134217728,134217720,11184810,178956960,0.750000,8669626368,1104,35328,10,36.000000,7655890.000000,7667148.500000,14952.839844,14974.829102,2770.128012,2770.655990,6.529639,6.528395,353280,353280,353280,0,0,0,1
global_cg,uniform6_41,generic_compressible,1,1,128,134217728,134217720,11184810,178956960,0.750000,8803844096,1104,35328,10,36.000000,7658352.500000,7664262.500000,14957.649414,14969.192383,2771.696091,2770.367980,6.525945,6.529073,353280,353280,353280,0,0,0,1
global_cg,uniform6_40,non_compressible,0,0,128,134217728,134217720,11184810,178956960,0.750000,8669626368,1104,35328,10,36.000000,7656439.500000,7662961.000000,14953.913086,14966.650391,2771.631956,2770.560026,6.526096,6.528621,353280,353280,353280,0,0,0,1
global_cg,uniform6_40,generic_compressible,1,1,128,134217728,134217720,11184810,178956960,0.750000,8803844096,1104,35328,10,36.000000,7655833.500000,7662799.000000,14952.729492,14966.333984,2771.216035,2768.848062,6.527075,6.532657,353280,353280,353280,0,0,0,1
global_cg,uniform6_39,non_compressible,0,0,128,134217728,134217720,11184810,178956960,0.750000,8669626368,1104,35328,10,36.000000,7660536.500000,7667999.500000,14961.915039,14976.491211,2771.839976,2770.448089,6.525606,6.528885,353280,353280,353280,0,0,0,1
global_cg,uniform6_39,generic_compressible,1,1,128,134217728,134217720,11184810,178956960,0.750000,8803844096,1104,35328,10,36.000000,7658744.000000,7667541.500000,14958.414062,14975.596680,2771.679997,2770.543933,6.525983,6.528659,353280,353280,353280,0,0,0,1
global_cg,uniform6_38,non_compressible,0,0,128,134217728,134217720,11184810,178956960,0.750000,8669626368,1104,35328,10,36.000000,9291377.500000,9300859.500000,18147.151367,18165.670898,3359.488010,3357.840061,5.384135,5.386777,353280,353280,353280,0,0,0,1
global_cg,uniform6_38,generic_compressible,1,1,128,134217728,134217720,11184810,178956960,0.750000,8803844096,1104,35328,10,36.000000,9281022.000000,9286428.000000,18126.925781,18137.484375,3357.488036,3356.607914,5.387342,5.388754,353280,353280,353280,0,0,0,1
global_cg,uniform6_37,non_compressible,0,0,128,134217728,134217720,11184810,178956960,0.750000,8669626368,1104,35328,10,36.000000,9278388.500000,9286922.000000,18121.782227,18138.449219,3358.592033,3356.495976,5.385571,5.388934,353280,353280,353280,0,0,0,1
global_cg,uniform6_37,generic_compressible,1,1,128,134217728,134217720,11184810,178956960,0.750000,8803844096,1104,35328,10,36.000000,9280407.500000,9287262.000000,18125.725586,18139.113281,3358.384013,3356.367946,5.385905,5.389140,353280,353280,353280,0,0,0,1
global_cg,uniform6_36,non_compressible,0,0,128,134217728,134217720,11184810,178956960,0.750000,8669626368,1104,35328,10,36.000000,8117160.000000,8139728.000000,15853.757812,15897.835938,3355.775952,3354.320049,5.390090,5.392430,353280,353280,353280,0,0,0,1
global_cg,uniform6_36,generic_compressible,1,1,128,134217728,134217720,11184810,178956960,0.750000,8803844096,1104,35328,10,36.000000,8141033.000000,8149165.500000,15900.384766,15916.268555,3356.624007,3354.719996,5.388729,5.391787,353280,353280,353280,0,0,0,1
global_cg,uniform6_35,non_compressible,0,0,128,134217728,134217720,11184810,178956960,0.750000,8669626368,1104,35328,10,36.000000,7662225.000000,7665100.000000,14965.212891,14970.828125,2771.535993,2770.608068,6.526322,6.528508,353280,353280,353280,0,0,0,1
global_cg,uniform6_35,generic_compressible,1,1,128,134217728,134217720,11184810,178956960,0.750000,8803844096,1104,35328,10,36.000000,7654368.000000,7659119.000000,14949.867188,14959.146484,2770.496011,2768.912077,6.528772,6.532506,353280,353280,353280,0,0,0,1
global_cg,uniform6_34,non_compressible,0,0,128,134217728,134217720,11184810,178956960,0.750000,8669626368,1104,35328,10,36.000000,8145393.000000,8143604.000000,15908.900391,15905.406250,3358.719945,3354.992032,5.385366,5.391350,353280,353280,353280,0,0,0,1
global_cg,uniform6_34,generic_compressible,1,1,128,134217728,134217720,11184810,178956960,0.750000,8803844096,1104,35328,10,36.000000,8141565.000000,8162940.000000,15901.423828,15943.171875,3357.056022,3356.783986,5.388035,5.388472,353280,353280,353280,0,0,0,1
global_cg,uniform6_33,non_compressible,0,0,128,134217728,134217720,11184810,178956960,0.750000,8669626368,1104,35328,10,36.000000,7648969.000000,7654952.500000,14939.322266,14951.008789,2770.304084,2769.727945,6.529224,6.530582,353280,353280,353280,0,0,0,1
global_cg,uniform6_33,generic_compressible,1,1,128,134217728,134217720,11184810,178956960,0.750000,8803844096,1104,35328,10,36.000000,7652450.000000,7656569.000000,14946.121094,14954.166016,2769.728065,2770.576000,6.530582,6.528583,353280,353280,353280,0,0,0,1
global_cg,uniform6_32,non_compressible,0,0,128,134217728,134217720,11184810,178956960,0.750000,8669626368,1104,35328,10,36.000000,9257047.500000,9262092.500000,18080.100586,18089.954102,3357.264042,3354.960084,5.387701,5.391401,353280,353280,353280,0,0,0,1
global_cg,uniform6_32,generic_compressible,1,1,128,134217728,134217720,11184810,178956960,0.750000,8803844096,1104,35328,10,36.000000,9282222.000000,9291052.000000,18129.269531,18146.515625,3357.823968,3357.872009,5.386803,5.386726,353280,353280,353280,0,0,0,1
global_cg,uniform6_31,non_compressible,0,0,128,134217728,134217720,11184810,178956960,0.750000,8669626368,1104,35328,10,36.000000,8112964.000000,8121954.000000,15845.562500,15863.121094,3354.671955,3353.392005,5.391864,5.393922,353280,353280,353280,0,0,0,1
global_cg,uniform6_31,generic_compressible,1,1,128,134217728,134217720,11184810,178956960,0.750000,8803844096,1104,35328,10,36.000000,8101873.000000,8124945.000000,15823.900391,15868.962891,3175.408006,3354.431987,5.696256,5.392250,353280,353280,353280,0,0,0,1
global_cg,uniform6_30,non_compressible,0,0,128,134217728,134217720,11184810,178956960,0.750000,8669626368,1104,35328,10,36.000000,7650405.000000,7658033.500000,14942.126953,14957.026367,2771.280050,2769.904017,6.526925,6.530167,353280,353280,353280,0,0,0,1
global_cg,uniform6_30,generic_compressible,1,1,128,134217728,134217720,11184810,178956960,0.750000,8803844096,1104,35328,10,36.000000,7652340.500000,7662366.000000,14945.907227,14965.488281,2770.847917,2770.687938,6.527943,6.528319,353280,353280,353280,0,0,0,1
global_cg,uniform6_29,non_compressible,0,0,128,134217728,134217720,11184810,178956960,0.750000,8669626368,1104,35328,10,36.000000,9291198.500000,9297454.500000,18146.801758,18159.020508,3357.936025,3356.719971,5.386623,5.388575,353280,353280,353280,0,0,0,1
global_cg,uniform6_29,generic_compressible,1,1,128,134217728,134217720,11184810,178956960,0.750000,8803844096,1104,35328,10,36.000000,9293363.000000,9286062.500000,18151.029297,18136.770508,3358.736038,3355.903983,5.385340,5.389885,353280,353280,353280,0,0,0,1
global_cg,uniform6_28,non_compressible,0,0,128,134217728,134217720,11184810,178956960,0.750000,8669626368,1104,35328,10,36.000000,8133657.500000,8148715.000000,15885.979492,15915.388672,3356.320024,3354.192019,5.389217,5.392636,353280,353280,353280,0,0,0,1
global_cg,uniform6_28,generic_compressible,1,1,128,134217728,134217720,11184810,178956960,0.750000,8803844096,1104,35328,10,36.000000,8160524.500000,8161930.500000,15938.454102,15941.200195,3357.696056,3354.831934,5.387008,5.391607,353280,353280,353280,0,0,0,1
global_cg,uniform6_27,non_compressible,0,0,128,134217728,134217720,11184810,178956960,0.750000,8669626368,1104,35328,10,36.000000,7660397.500000,7664236.000000,14961.643555,14969.140625,2770.032048,2770.672083,6.529865,6.528357,353280,353280,353280,0,0,0,1
global_cg,uniform6_27,generic_compressible,1,1,128,134217728,134217720,11184810,178956960,0.750000,8803844096,1104,35328,10,36.000000,7655095.500000,7662273.500000,14951.288086,14965.307617,2771.440029,2770.464063,6.526548,6.528847,353280,353280,353280,0,0,0,1
global_cg,uniform6_26,non_compressible,0,0,128,134217728,134217720,11184810,178956960,0.750000,8669626368,1104,35328,10,36.000000,9259917.000000,9261501.500000,18085.705078,18088.799805,3357.599974,3357.407928,5.387162,5.387470,353280,353280,353280,0,0,0,1
global_cg,uniform6_26,generic_compressible,1,1,128,134217728,134217720,11184810,178956960,0.750000,8803844096,1104,35328,10,36.000000,9259696.000000,9265658.500000,18085.273438,18096.918945,3357.280016,3356.495976,5.387676,5.388934,353280,353280,353280,0,0,0,1
global_cg,uniform6_25,non_compressible,0,0,128,134217728,134217720,11184810,178956960,0.750000,8669626368,1104,35328,10,36.000000,7667666.500000,7670058.500000,14975.840820,14980.512695,2771.919966,2770.672083,6.525418,6.528357,353280,353280,353280,0,0,0,1
global_cg,uniform6_25,generic_compressible,1,1,128,134217728,134217720,11184810,178956960,0.750000,8803844096,1104,35328,10,36.000000,7661620.500000,7668572.000000,14964.032227,14977.609375,2771.632075,2770.447969,6.526096,6.528885,353280,353280,353280,0,0,0,1
global_cg,uniform6_24,non_compressible,0,0,128,134217728,134217720,11184810,178956960,0.750000,8669626368,1104,35328,10,36.000000,7661381.500000,7668320.500000,14963.565430,14977.118164,2771.968007,2770.624042,6.525305,6.528470,353280,353280,353280,0,0,0,1
global_cg,uniform6_24,generic_compressible,1,1,128,134217728,134217720,11184810,178956960,0.750000,8803844096,1104,35328,10,36.000000,7658426.500000,7668343.500000,14957.793945,14977.163086,2771.567941,2770.640016,6.526247,6.528432,353280,353280,353280,0,0,0,1
global_cg,uniform6_23,non_compressible,0,0,128,134217728,134217720,11184810,178956960,0.750000,8669626368,1104,35328,10,36.000000,9260121.500000,9263757.500000,18086.104492,18093.206055,3356.832027,3356.352091,5.388395,5.389165,353280,353280,353280,0,0,0,1
global_cg,uniform6_23,generic_compressible,1,1,128,134217728,134217720,11184810,178956960,0.750000,8803844096,1104,35328,10,36.000000,9283556.500000,9289457.500000,18131.875977,18143.401367,3357.424021,3356.400013,5.387445,5.389088,353280,353280,353280,0,0,0,1
global_cg,uniform6_22,non_compressible,0,0,128,134217728,134217720,11184810,178956960,0.750000,8669626368,1104,35328,10,36.000000,7661232.000000,7668274.000000,14963.273438,14977.027344,2770.655990,2770.543933,6.528395,6.528659,353280,353280,353280,0,0,0,1
global_cg,uniform6_22,generic_compressible,1,1,128,134217728,134217720,11184810,178956960,0.750000,8803844096,1104,35328,10,36.000000,7659262.000000,7668738.500000,14959.425781,14977.934570,2771.295905,2770.576000,6.526887,6.528583,353280,353280,353280,0,0,0,1
global_cg,uniform6_21,non_compressible,0,0,128,134217728,134217720,11184810,178956960,0.750000,8669626368,1104,35328,10,36.000000,9260712.000000,9264099.500000,18087.257812,18093.874023,3358.703971,3356.448054,5.385392,5.389011,353280,353280,353280,0,0,0,1
global_cg,uniform6_21,generic_compressible,1,1,128,134217728,134217720,11184810,178956960,0.750000,8803844096,1104,35328,10,36.000000,6338803.500000,6295554.500000,12380.405273,12295.934570,2298.399925,2279.135942,7.869795,7.936313,353280,353280,353280,0,0,0,1
global_cg,uniform6_20,non_compressible,0,0,128,134217728,134217720,11184810,178956960,0.750000,8669626368,1104,35328,10,36.000000,9254884.500000,9264252.000000,18075.875977,18094.171875,3357.280016,3355.775952,5.387676,5.390090,353280,353280,353280,0,0,0,1
global_cg,uniform6_20,generic_compressible,1,1,128,134217728,134217720,11184810,178956960,0.750000,8803844096,1104,35328,10,36.000000,9257485.000000,9292327.000000,18080.955078,18149.005859,3357.488036,3356.384039,5.387342,5.389114,353280,353280,353280,0,0,0,1
global_cg,uniform6_19,non_compressible,0,0,128,134217728,134217720,11184810,178956960,0.750000,8669626368,1104,35328,10,36.000000,7662997.000000,7666635.000000,14966.720703,14973.826172,2770.799994,2768.687963,6.528055,6.533035,353280,353280,353280,0,0,0,1
global_cg,uniform6_19,generic_compressible,1,1,128,134217728,134217720,11184810,178956960,0.750000,8803844096,1104,35328,10,36.000000,7662482.000000,7667899.000000,14965.714844,14976.294922,2771.120071,2770.655990,6.527301,6.528395,353280,353280,353280,0,0,0,1
global_cg,uniform6_18,non_compressible,0,0,128,134217728,134217720,11184810,178956960,0.750000,8669626368,1104,35328,10,36.000000,9294178.000000,9289318.500000,18152.621094,18143.129883,3359.375954,3355.855942,5.384314,5.389962,353280,353280,353280,0,0,0,1
global_cg,uniform6_18,generic_compressible,1,1,128,134217728,134217720,11184810,178956960,0.750000,8803844096,1104,35328,10,36.000000,9280335.000000,9286935.000000,18125.583984,18138.474609,3357.375979,3356.159925,5.387522,5.389474,353280,353280,353280,0,0,0,1
global_cg,uniform6_17,non_compressible,0,0,128,134217728,134217720,11184810,178956960,0.750000,8669626368,1104,35328,10,36.000000,9256939.000000,9263720.500000,18079.888672,18093.133789,3357.136011,3356.912017,5.387907,5.388266,353280,353280,353280,0,0,0,1
global_cg,uniform6_17,generic_compressible,1,1,128,134217728,134217720,11184810,178956960,0.750000,8803844096,1104,35328,10,36.000000,8140598.000000,8147333.000000,15899.535156,15912.689453,3357.216001,3356.368065,5.387778,5.389140,353280,353280,353280,0,0,0,1
global_cg,uniform6_16,non_compressible,0,0,128,134217728,134217720,11184810,178956960,0.750000,8669626368,1104,35328,10,36.000000,7660113.000000,7669456.500000,14961.087891,14979.336914,2771.615982,2770.608068,6.526134,6.528508,353280,353280,353280,0,0,0,1
global_cg,uniform6_16,generic_compressible,1,1,128,134217728,134217720,11184810,178956960,0.750000,8803844096,1104,35328,10,36.000000,7658306.000000,7660802.000000,14957.558594,14962.433594,2771.343946,2768.783927,6.526774,6.532809,353280,353280,353280,0,0,0,1
global_cg,uniform6_15,non_compressible,0,0,128,134217728,134217720,11184810,178956960,0.750000,8669626368,1104,35328,10,36.000000,7662661.500000,7667535.500000,14966.065430,14975.584961,2771.440029,2770.591974,6.526548,6.528546,353280,353280,353280,0,0,0,1
global_cg,uniform6_15,generic_compressible,1,1,128,134217728,134217720,11184810,178956960,0.750000,8803844096,1104,35328,10,36.000000,7661708.500000,7668456.500000,14964.204102,14977.383789,2770.400047,2770.640016,6.528998,6.528432,353280,353280,353280,0,0,0,1
global_cg,uniform6_14,non_compressible,0,0,128,134217728,134217720,11184810,178956960,0.750000,8669626368,1104,35328,10,36.000000,7661046.500000,7671799.000000,14962.911133,14983.912109,2771.584034,2770.543933,6.526209,6.528659,353280,353280,353280,0,0,0,1
global_cg,uniform6_14,generic_compressible,1,1,128,134217728,134217720,11184810,178956960,0.750000,8803844096,1104,35328,10,36.000000,7655035.500000,7663040.000000,14951.170898,14966.804688,2770.047903,2770.527959,6.529828,6.528696,353280,353280,353280,0,0,0,1
global_cg,uniform6_13,non_compressible,0,0,128,134217728,134217720,11184810,178956960,0.750000,8669626368,1104,35328,10,36.000000,7660289.000000,7669421.500000,14961.431641,14979.268555,2771.632075,2770.528078,6.526096,6.528696,353280,353280,353280,0,0,0,1
global_cg,uniform6_13,generic_compressible,1,1,128,134217728,134217720,11184810,178956960,0.750000,8803844096,1104,35328,10,36.000000,7660316.000000,7668856.500000,14961.484375,14978.165039,2771.232009,2770.735979,6.527038,6.528206,353280,353280,353280,0,0,0,1
global_cg,uniform6_12,non_compressible,0,0,128,134217728,134217720,11184810,178956960,0.750000,8669626368,1104,35328,10,36.000000,7657823.500000,7666198.500000,14956.616211,14972.973633,2771.600008,2769.423962,6.526171,6.531299,353280,353280,353280,0,0,0,1
global_cg,uniform6_12,generic_compressible,1,1,128,134217728,134217720,11184810,178956960,0.750000,8803844096,1104,35328,10,36.000000,7662112.500000,7669869.500000,14964.993164,14980.143555,2771.008015,2770.752072,6.527565,6.528168,353280,353280,353280,0,0,0,1
global_cg,uniform6_11,non_compressible,0,0,128,134217728,134217720,11184810,178956960,0.750000,8669626368,1104,35328,10,36.000000,9260569.000000,9262770.000000,18086.978516,18091.277344,3357.071996,3355.504036,5.388010,5.390527,353280,353280,353280,0,0,0,1
global_cg,uniform6_11,generic_compressible,1,1,128,134217728,134217720,11184810,178956960,0.750000,8803844096,1104,35328,10,36.000000,9256420.000000,8147373.500000,18078.875000,15912.768555,3356.544018,3355.040073,5.388857,5.391273,353280,353280,353280,0,0,0,1
global_cg,uniform6_10,non_compressible,0,0,128,134217728,134217720,11184810,178956960,0.750000,8669626368,1104,35328,10,36.000000,9258469.000000,9262793.500000,18082.876953,18091.323242,3357.247949,3355.360031,5.387727,5.390759,353280,353280,353280,0,0,0,1
global_cg,uniform6_10,generic_compressible,1,1,128,134217728,134217720,11184810,178956960,0.750000,8803844096,1104,35328,10,36.000000,8137851.500000,8292936.500000,15894.170898,16197.071289,3357.535958,3354.431987,5.387265,5.392250,353280,353280,353280,0,0,0,1
global_cg,uniform6_9,non_compressible,0,0,128,134217728,134217720,11184810,178956960,0.750000,8669626368,1104,35328,10,36.000000,7661417.500000,7667614.000000,14963.635742,14975.738281,2770.895958,2769.695997,6.527829,6.530658,353280,353280,353280,0,0,0,1
global_cg,uniform6_9,generic_compressible,1,1,128,134217728,134217720,11184810,178956960,0.750000,8803844096,1104,35328,10,36.000000,7661600.000000,7668923.500000,14963.992188,14978.295898,2770.415902,2769.647956,6.528961,6.530771,353280,353280,353280,0,0,0,1
global_cg,uniform6_8,non_compressible,0,0,128,134217728,134217720,11184810,178956960,0.750000,8669626368,1104,35328,10,36.000000,9292295.500000,9298452.000000,18148.944336,18160.968750,3359.264016,3357.295990,5.384494,5.387650,353280,353280,353280,0,0,0,1
global_cg,uniform6_8,generic_compressible,1,1,128,134217728,134217720,11184810,178956960,0.750000,8803844096,1104,35328,10,36.000000,9294476.500000,9299341.000000,18153.204102,18162.705078,3358.080029,3357.408047,5.386392,5.387470,353280,353280,353280,0,0,0,1
global_cg,uniform6_7,non_compressible,0,0,128,134217728,134217720,11184810,178956960,0.750000,8669626368,1104,35328,10,36.000000,8113798.500000,8114432.500000,15847.192383,15848.430664,3355.343938,3353.824019,5.390784,5.393228,353280,353280,353280,0,0,0,1
global_cg,uniform6_7,generic_compressible,1,1,128,134217728,134217720,11184810,178956960,0.750000,8803844096,1104,35328,10,36.000000,7840043.000000,7852503.500000,15312.513672,15336.850586,3064.559937,3063.455939,5.902295,5.904422,353280,353280,353280,0,0,0,1
global_cg,uniform6_6,non_compressible,0,0,128,134217728,134217720,11184810,178956960,0.750000,8669626368,1104,35328,10,36.000000,7657838.000000,7666675.500000,14956.644531,14973.905273,2770.751953,2770.607948,6.528169,6.528508,353280,353280,353280,0,0,0,1
global_cg,uniform6_6,generic_compressible,1,1,128,134217728,134217720,11184810,178956960,0.750000,8803844096,1104,35328,10,36.000000,7656512.500000,7672075.000000,14954.055664,14984.451172,2770.560026,2770.287991,6.528621,6.529262,353280,353280,353280,0,0,0,1
global_cg,uniform6_5,non_compressible,0,0,128,134217728,134217720,11184810,178956960,0.750000,8669626368,1104,35328,10,36.000000,8150190.000000,9262713.000000,15918.269531,18091.166016,3356.495976,3356.335998,5.388934,5.389191,353280,353280,353280,0,0,0,1
global_cg,uniform6_5,generic_compressible,1,1,128,134217728,134217720,11184810,178956960,0.750000,8803844096,1104,35328,10,36.000000,8149198.000000,8144963.000000,15916.332031,15908.060547,3356.831908,3356.415987,5.388395,5.389063,353280,353280,353280,0,0,0,1
global_cg,uniform6_4,non_compressible,0,0,128,134217728,134217720,11184810,178956960,0.750000,8669626368,1104,35328,10,36.000000,7647961.500000,7657123.000000,14937.354492,14955.248047,2771.023989,2770.720005,6.527528,6.528244,353280,353280,353280,0,0,0,1
global_cg,uniform6_4,generic_compressible,1,1,128,134217728,134217720,11184810,178956960,0.750000,8803844096,1104,35328,10,36.000000,7650992.000000,7659140.000000,14943.273438,14959.187500,2771.679997,2770.655990,6.525983,6.528395,353280,353280,353280,0,0,0,1
global_cg,uniform6_3,non_compressible,0,0,128,134217728,134217720,11184810,178956960,0.750000,8669626368,1104,35328,10,36.000000,7659756.000000,7668952.000000,14960.390625,14978.351562,2770.927906,2770.720005,6.527754,6.528244,353280,353280,353280,0,0,0,1
global_cg,uniform6_3,generic_compressible,1,1,128,134217728,134217720,11184810,178956960,0.750000,8803844096,1104,35328,10,36.000000,7661507.500000,7668386.500000,14963.811523,14977.247070,2770.496011,2770.560026,6.528772,6.528621,353280,353280,353280,0,0,0,1
global_cg,uniform6_2,non_compressible,0,0,128,134217728,134217720,11184810,178956960,0.750000,8669626368,1104,35328,10,36.000000,7660233.500000,7668512.000000,14961.323242,14977.492188,2770.864010,2769.808054,6.527905,6.530393,353280,353280,353280,0,0,0,1
global_cg,uniform6_2,generic_compressible,1,1,128,134217728,134217720,11184810,178956960,0.750000,8803844096,1104,35328,10,36.000000,7662865.000000,7669434.000000,14966.462891,14979.292969,2771.695971,2770.640016,6.525945,6.528432,353280,353280,353280,0,0,0,1
global_cg,uniform6_1,non_compressible,0,0,128,134217728,134217720,11184810,178956960,0.750000,8669626368,1104,35328,10,36.000000,9296819.500000,9289756.000000,18157.780273,18143.984375,3359.200001,3356.848001,5.384596,5.388369,353280,353280,353280,0,0,0,1
global_cg,uniform6_1,generic_compressible,1,1,128,134217728,134217720,11184810,178956960,0.750000,8803844096,1104,35328,10,36.000000,9275299.000000,9279525.500000,18115.748047,18124.002930,3358.111978,3356.191993,5.386341,5.389422,353280,353280,353280,0,0,0,1
global_cg,uniform6_0,non_compressible,0,0,128,134217728,134217720,11184810,178956960,0.750000,8669626368,1104,35328,10,36.000000,7662292.000000,7668704.000000,14965.343750,14977.867188,2771.184087,2769.680023,6.527151,6.530695,353280,353280,353280,0,0,0,1
global_cg,uniform6_0,generic_compressible,1,1,128,134217728,134217720,11184810,178956960,0.750000,8803844096,1104,35328,10,36.000000,1277458.000000,1278565.000000,2494.964844,2497.126953,470.367998,469.679996,38.454861,38.511191,353280,353280,353280,0,0,0,1
global_cg,uniform6_63,non_compressible,0,0,64,67108864,67108860,5592405,89478480,0.750000,8669626368,1104,35328,10,36.000000,6224346.500000,6201880.500000,12156.856445,12112.977539,2253.551960,2243.167996,8.026412,8.063567,353280,353280,353280,0,0,0,1
global_cg,uniform6_63,generic_compressible,1,1,64,67108864,67108860,5592405,89478480,0.750000,8736735232,1104,35328,10,36.000000,1276956.500000,1278319.500000,2493.985352,2496.647461,470.528007,469.760001,38.441784,38.504632,353280,353280,353280,0,0,0,1
global_cg,uniform6_62,non_compressible,0,0,64,67108864,67108860,5592405,89478480,0.750000,8669626368,1104,35328,10,36.000000,6615470.500000,6582205.000000,12920.770508,12855.798828,2734.608054,2721.088052,6.614453,6.647317,353280,353280,353280,0,0,0,1
global_cg,uniform6_62,generic_compressible,1,1,64,67108864,67108860,5592405,89478480,0.750000,8736735232,1104,35328,10,36.000000,6621865.500000,6585943.500000,12933.260742,12863.100586,2734.608054,2719.552040,6.614453,6.651072,353280,353280,353280,0,0,0,1
global_cg,uniform6_61,non_compressible,0,0,64,67108864,67108860,5592405,89478480,0.750000,8669626368,1104,35328,10,36.000000,7561627.500000,7534738.000000,14768.733398,14716.214844,2735.743999,2722.399950,6.611706,6.644114,353280,353280,353280,0,0,0,1
global_cg,uniform6_61,generic_compressible,1,1,64,67108864,67108860,5592405,89478480,0.750000,8736735232,1104,35328,10,36.000000,7563983.500000,7533990.000000,14773.334961,14714.753906,2736.000061,2721.503973,6.611088,6.646302,353280,353280,353280,0,0,0,1
global_cg,uniform6_60,non_compressible,0,0,64,67108864,67108860,5592405,89478480,0.750000,8669626368,1104,35328,10,36.000000,7564367.000000,7533475.000000,14774.083984,14713.748047,2736.367941,2722.480059,6.610199,6.643919,353280,353280,353280,0,0,0,1
global_cg,uniform6_60,generic_compressible,1,1,64,67108864,67108860,5592405,89478480,0.750000,8736735232,1104,35328,10,36.000000,7559933.000000,7534747.000000,14765.423828,14716.232422,2735.711932,2723.327994,6.611784,6.641850,353280,353280,353280,0,0,0,1
global_cg,uniform6_59,non_compressible,0,0,64,67108864,67108860,5592405,89478480,0.750000,8669626368,1104,35328,10,36.000000,7562150.000000,7527939.500000,14769.753906,14702.936523,2736.544013,2722.496033,6.609773,6.643880,353280,353280,353280,0,0,0,1
global_cg,uniform6_59,generic_compressible,1,1,64,67108864,67108860,5592405,89478480,0.750000,8736735232,1104,35328,10,36.000000,7557857.000000,7526629.000000,14761.369141,14700.376953,2734.863997,2721.535921,6.613834,6.646224,353280,353280,353280,0,0,0,1
global_cg,uniform6_58,non_compressible,0,0,64,67108864,67108860,5592405,89478480,0.750000,8669626368,1104,35328,10,36.000000,6608523.500000,6586248.000000,12907.202148,12863.695312,2735.376000,2721.343994,6.612596,6.646692,353280,353280,353280,0,0,0,1
global_cg,uniform6_58,generic_compressible,1,1,64,67108864,67108860,5592405,89478480,0.750000,8736735232,1104,35328,10,36.000000,6640497.000000,6602713.500000,12969.650391,12895.854492,2734.048009,2721.472025,6.615808,6.646380,353280,353280,353280,0,0,0,1
global_cg,uniform6_57,non_compressible,0,0,64,67108864,67108860,5592405,89478480,0.750000,8669626368,1104,35328,10,36.000000,6222551.500000,6202836.500000,12153.350586,12114.844727,2253.600001,2242.992043,8.026241,8.064200,353280,353280,353280,0,0,0,1
global_cg,uniform6_57,generic_compressible,1,1,64,67108864,67108860,5592405,89478480,0.750000,8736735232,1104,35328,10,36.000000,6220763.500000,6201933.500000,12149.858398,12113.081055,2253.583908,2243.023992,8.026298,8.064085,353280,353280,353280,0,0,0,1
global_cg,uniform6_56,non_compressible,0,0,64,67108864,67108860,5592405,89478480,0.750000,8669626368,1104,35328,10,36.000000,6612896.500000,6587113.500000,12915.743164,12865.385742,2734.815955,2720.576048,6.613950,6.648568,353280,353280,353280,0,0,0,1
global_cg,uniform6_56,generic_compressible,1,1,64,67108864,67108860,5592405,89478480,0.750000,8736735232,1104,35328,10,36.000000,6615682.500000,6583697.500000,12921.184570,12858.713867,2734.256029,2720.479965,6.615304,6.648803,353280,353280,353280,0,0,0,1
global_cg,uniform6_55,non_compressible,0,0,64,67108864,67108860,5592405,89478480,0.750000,8669626368,1104,35328,10,36.000000,6224951.500000,6204326.500000,12158.038086,12117.754883,2253.471971,2243.232012,8.026697,8.063337,353280,353280,353280,0,0,0,1
global_cg,uniform6_55,generic_compressible,1,1,64,67108864,67108860,5592405,89478480,0.750000,8736735232,1104,35328,10,36.000000,6223199.500000,6201727.500000,12154.616211,12112.678711,2253.327966,2242.416024,8.027210,8.066271,353280,353280,353280,0,0,0,1
global_cg,uniform6_54,non_compressible,0,0,64,67108864,67108860,5592405,89478480,0.750000,8669626368,1104,35328,10,36.000000,6224750.500000,6203965.500000,12157.645508,12117.049805,2253.487945,2243.280053,8.026640,8.063164,353280,353280,353280,0,0,0,1
global_cg,uniform6_54,generic_compressible,1,1,64,67108864,67108860,5592405,89478480,0.750000,8736735232,1104,35328,10,36.000000,6225157.500000,6200614.500000,12158.440430,12110.504883,2253.376007,2243.119955,8.027039,8.063740,353280,353280,353280,0,0,0,1
global_cg,uniform6_53,non_compressible,0,0,64,67108864,67108860,5592405,89478480,0.750000,8669626368,1104,35328,10,36.000000,7535172.000000,7508285.000000,14717.062500,14664.548828,2736.783981,2722.527981,6.609194,6.643802,353280,353280,353280,0,0,0,1
global_cg,uniform6_53,generic_compressible,1,1,64,67108864,67108860,5592405,89478480,0.750000,8736735232,1104,35328,10,36.000000,7560411.500000,7527383.000000,14766.358398,14701.849609,2735.343933,2721.519947,6.612673,6.646263,353280,353280,353280,0,0,0,1
global_cg,uniform6_52,non_compressible,0,0,64,67108864,67108860,5592405,89478480,0.750000,8669626368,1104,35328,10,36.000000,7565054.000000,7534830.500000,14775.425781,14716.395508,2736.703992,2721.871972,6.609387,6.645403,353280,353280,353280,0,0,0,1
global_cg,uniform6_52,generic_compressible,1,1,64,67108864,67108860,5592405,89478480,0.750000,8736735232,1104,35328,10,36.000000,7563096.500000,7534324.500000,14771.602539,14715.407227,2736.511946,2721.439958,6.609851,6.646458,353280,353280,353280,0,0,0,1
global_cg,uniform6_51,non_compressible,0,0,64,67108864,67108860,5592405,89478480,0.750000,8669626368,1104,35328,10,36.000000,7562769.000000,7536529.500000,14770.962891,14719.713867,2736.608028,2722.591996,6.609619,6.643645,353280,353280,353280,0,0,0,1
global_cg,uniform6_51,generic_compressible,1,1,64,67108864,67108860,5592405,89478480,0.750000,8736735232,1104,35328,10,36.000000,7564128.500000,7522661.000000,14773.618164,14692.626953,2736.191988,2721.328020,6.610624,6.646731,353280,353280,353280,0,0,0,1
global_cg,uniform6_50,non_compressible,0,0,64,67108864,67108860,5592405,89478480,0.750000,8669626368,1104,35328,10,36.000000,6614177.000000,6576830.000000,12918.244141,12845.300781,2735.247970,2721.599936,6.612905,6.646067,353280,353280,353280,0,0,0,1
global_cg,uniform6_50,generic_compressible,1,1,64,67108864,67108860,5592405,89478480,0.750000,8736735232,1104,35328,10,36.000000,6374020.500000,6588707.000000,12449.188477,12868.498047,2493.968010,2720.127940,7.252674,6.649664,353280,353280,353280,0,0,0,1
global_cg,uniform6_49,non_compressible,0,0,64,67108864,67108860,5592405,89478480,0.750000,8669626368,1104,35328,10,36.000000,7565815.500000,7526418.000000,14776.913086,14699.964844,2736.816049,2721.360087,6.609116,6.646653,353280,353280,353280,0,0,0,1
global_cg,uniform6_49,generic_compressible,1,1,64,67108864,67108860,5592405,89478480,0.750000,8736735232,1104,35328,10,36.000000,7552872.000000,7525030.000000,14751.632812,14697.253906,2735.504031,2722.512007,6.612286,6.643841,353280,353280,353280,0,0,0,1
global_cg,uniform6_48,non_compressible,0,0,64,67108864,67108860,5592405,89478480,0.750000,8669626368,1104,35328,10,36.000000,6616341.000000,6582716.500000,12922.470703,12856.797852,2733.967900,2720.576048,6.616002,6.648568,353280,353280,353280,0,0,0,1
global_cg,uniform6_48,generic_compressible,1,1,64,67108864,67108860,5592405,89478480,0.750000,8736735232,1104,35328,10,36.000000,6617843.500000,6594508.000000,12925.405273,12879.828125,2734.480023,2720.512033,6.614763,6.648725,353280,353280,353280,0,0,0,1
global_cg,uniform6_47,non_compressible,0,0,64,67108864,67108860,5592405,89478480,0.750000,8669626368,1104,35328,10,36.000000,6224265.500000,6203656.500000,12156.698242,12116.446289,2254.591942,2242.480040,8.022709,8.066041,353280,353280,353280,0,0,0,1
global_cg,uniform6_47,generic_compressible,1,1,64,67108864,67108860,5592405,89478480,0.750000,8736735232,1104,35328,10,36.000000,6221485.500000,6201120.500000,12151.268555,12111.493164,2252.831936,2243.295908,8.028977,8.063107,353280,353280,353280,0,0,0,1
global_cg,uniform6_46,non_compressible,0,0,64,67108864,67108860,5592405,89478480,0.750000,8669626368,1104,35328,10,36.000000,6364093.000000,6350895.000000,12429.798828,12404.021484,2485.360026,2482.272029,7.277793,7.286847,353280,353280,353280,0,0,0,1
global_cg,uniform6_46,generic_compressible,1,1,64,67108864,67108860,5592405,89478480,0.750000,8736735232,1104,35328,10,36.000000,6381322.500000,6350531.000000,12463.450195,12403.310547,2494.207978,2482.224107,7.251976,7.286987,353280,353280,353280,0,0,0,1
global_cg,uniform6_45,non_compressible,0,0,64,67108864,67108860,5592405,89478480,0.750000,8669626368,1104,35328,10,36.000000,7538857.500000,7507325.000000,14724.260742,14662.673828,2735.471964,2721.584082,6.612364,6.646106,353280,353280,353280,0,0,0,1
global_cg,uniform6_45,generic_compressible,1,1,64,67108864,67108860,5592405,89478480,0.750000,8736735232,1104,35328,10,36.000000,7555217.500000,7525779.000000,14756.213867,14698.716797,2735.055923,2721.567988,6.613370,6.646145,353280,353280,353280,0,0,0,1
global_cg,uniform6_44,non_compressible,0,0,64,67108864,67108860,5592405,89478480,0.750000,8669626368,1104,35328,10,36.000000,6214227.000000,6187054.500000,12137.091797,12084.020508,2253.631949,2243.247986,8.026127,8.063280,353280,353280,353280,0,0,0,1
global_cg,uniform6_44,generic_compressible,1,1,64,67108864,67108860,5592405,89478480,0.750000,8736735232,1104,35328,10,36.000000,6213879.000000,6186409.000000,12136.412109,12082.759766,2253.504038,2242.479920,8.026582,8.066041,353280,353280,353280,0,0,0,1
global_cg,uniform6_43,non_compressible,0,0,64,67108864,67108860,5592405,89478480,0.750000,8669626368,1104,35328,10,36.000000,7562781.000000,7534180.500000,14770.986328,14715.125977,2736.320019,2721.664071,6.610315,6.645911,353280,353280,353280,0,0,0,1
global_cg,uniform6_43,generic_compressible,1,1,64,67108864,67108860,5592405,89478480,0.750000,8736735232,1104,35328,10,36.000000,7561642.000000,7533573.000000,14768.761719,14713.939453,2734.831929,2721.552014,6.613911,6.646184,353280,353280,353280,0,0,0,1
global_cg,uniform6_42,non_compressible,0,0,64,67108864,67108860,5592405,89478480,0.750000,8669626368,1104,35328,10,36.000000,6232646.000000,6213923.500000,12173.066406,12136.499023,2253.647923,2243.407965,8.026070,8.062705,353280,353280,353280,0,0,0,1
global_cg,uniform6_42,generic_compressible,1,1,64,67108864,67108860,5592405,89478480,0.750000,8736735232,1104,35328,10,36.000000,1421693.000000,1279681.000000,2776.673828,2499.306641,523.791999,471.760005,34.532670,38.341394,353280,353280,353280,0,0,0,1
global_cg,uniform6_41,non_compressible,0,0,64,67108864,67108860,5592405,89478480,0.750000,8669626368,1104,35328,10,36.000000,7572367.500000,7537137.000000,14789.709961,14720.900391,2736.400008,2722.527981,6.610121,6.643802,353280,353280,353280,0,0,0,1
global_cg,uniform6_41,generic_compressible,1,1,64,67108864,67108860,5592405,89478480,0.750000,8736735232,1104,35328,10,36.000000,7564913.500000,7533548.000000,14775.151367,14713.890625,2735.791922,2721.600056,6.611591,6.646067,353280,353280,353280,0,0,0,1
global_cg,uniform6_40,non_compressible,0,0,64,67108864,67108860,5592405,89478480,0.750000,8669626368,1104,35328,10,36.000000,6224721.000000,6204127.500000,12157.587891,12117.366211,2253.504038,2243.039966,8.026582,8.064028,353280,353280,353280,0,0,0,1
global_cg,uniform6_40,generic_compressible,1,1,64,67108864,67108860,5592405,89478480,0.750000,8736735232,1104,35328,10,36.000000,6219843.500000,6201287.500000,12148.061523,12111.819336,2253.183961,2241.280079,8.027723,8.070360,353280,353280,353280,0,0,0,1
global_cg,uniform6_39,non_compressible,0,0,64,67108864,67108860,5592405,89478480,0.750000,8669626368,1104,35328,10,36.000000,6224566.500000,6203188.000000,12157.286133,12115.531250,2253.600001,2243.280053,8.026241,8.063164,353280,353280,353280,0,0,0,1
global_cg,uniform6_39,generic_compressible,1,1,64,67108864,67108860,5592405,89478480,0.750000,8736735232,1104,35328,10,36.000000,6224839.000000,6206580.000000,12157.818359,12122.156250,2252.623916,2241.248012,8.029719,8.070475,353280,353280,353280,0,0,0,1
global_cg,uniform6_38,non_compressible,0,0,64,67108864,67108860,5592405,89478480,0.750000,8669626368,1104,35328,10,36.000000,7554762.000000,7526993.500000,14755.324219,14701.088867,2736.223936,2721.583962,6.610547,6.646106,353280,353280,353280,0,0,0,1
global_cg,uniform6_38,generic_compressible,1,1,64,67108864,67108860,5592405,89478480,0.750000,8736735232,1104,35328,10,36.000000,7552219.500000,7524887.000000,14750.358398,14696.974609,2735.103965,2721.663952,6.613254,6.645911,353280,353280,353280,0,0,0,1
global_cg,uniform6_37,non_compressible,0,0,64,67108864,67108860,5592405,89478480,0.750000,8669626368,1104,35328,10,36.000000,6219158.500000,6201553.000000,12146.723633,12112.337891,2253.424048,2241.328001,8.026867,8.070187,353280,353280,353280,0,0,0,1
global_cg,uniform6_37,generic_compressible,1,1,64,67108864,67108860,5592405,89478480,0.750000,8736735232,1104,35328,10,36.000000,6221828.500000,6204049.000000,12151.938477,12117.212891,2253.407955,2243.327975,8.026925,8.062992,353280,353280,353280,0,0,0,1
global_cg,uniform6_36,non_compressible,0,0,64,67108864,67108860,5592405,89478480,0.750000,8669626368,1104,35328,10,36.000000,7536390.500000,7507476.000000,14719.442383,14662.968750,2735.039949,2723.520041,6.613408,6.641382,353280,353280,353280,0,0,0,1
global_cg,uniform6_36,generic_compressible,1,1,64,67108864,67108860,5592405,89478480,0.750000,8736735232,1104,35328,10,36.000000,7533444.500000,7505415.500000,14713.688477,14658.944336,2734.448075,2721.376061,6.614840,6.646614,353280,353280,353280,0,0,0,1
global_cg,uniform6_35,non_compressible,0,0,64,67108864,67108860,5592405,89478480,0.750000,8669626368,1104,35328,10,36.000000,6225230.000000,6203293.000000,12158.582031,12115.736328,2253.504038,2243.088007,8.026582,8.063855,353280,353280,353280,0,0,0,1
global_cg,uniform6_35,generic_compressible,1,1,64,67108864,67108860,5592405,89478480,0.750000,8736735232,1104,35328,10,36.000000,6221918.500000,6201688.000000,12152.114258,12112.601562,2253.455997,2241.328001,8.026754,8.070187,353280,353280,353280,0,0,0,1
global_cg,uniform6_34,non_compressible,0,0,64,67108864,67108860,5592405,89478480,0.750000,8669626368,1104,35328,10,36.000000,7556553.500000,7528725.500000,14758.823242,14704.471680,2736.688018,2723.376036,6.609426,6.641733,353280,353280,353280,0,0,0,1
global_cg,uniform6_34,generic_compressible,1,1,64,67108864,67108860,5592405,89478480,0.750000,8736735232,1104,35328,10,36.000000,7560845.500000,7528333.500000,14767.206055,14703.706055,2734.879971,2721.423984,6.613795,6.646497,353280,353280,353280,0,0,0,1
global_cg,uniform6_33,non_compressible,0,0,64,67108864,67108860,5592405,89478480,0.750000,8669626368,1104,35328,10,36.000000,6217681.500000,6198025.000000,12143.838867,12105.447266,2253.535986,2242.240071,8.026469,8.066904,353280,353280,353280,0,0,0,1
global_cg,uniform6_33,generic_compressible,1,1,64,67108864,67108860,5592405,89478480,0.750000,8736735232,1104,35328,10,36.000000,6217244.500000,6198442.500000,12142.985352,12106.262695,2253.568053,2242.304087,8.026354,8.066674,353280,353280,353280,0,0,0,1
global_cg,uniform6_32,non_compressible,0,0,64,67108864,67108860,5592405,89478480,0.750000,8669626368,1104,35328,10,36.000000,6651036.500000,6608978.000000,12990.235352,12908.089844,2736.735940,2722.336054,6.609310,6.644270,353280,353280,353280,0,0,0,1
global_cg,uniform6_32,generic_compressible,1,1,64,67108864,67108860,5592405,89478480,0.750000,8736735232,1104,35328,10,36.000000,6641003.500000,6612673.000000,12970.639648,12915.306641,2734.784007,2721.503973,6.614027,6.646302,353280,353280,353280,0,0,0,1
global_cg,uniform6_31,non_compressible,0,0,64,67108864,67108860,5592405,89478480,0.750000,8669626368,1104,35328,10,36.000000,6215949.000000,6193288.000000,12140.455078,12096.195312,2253.696084,2242.128015,8.025898,8.067307,353280,353280,353280,0,0,0,1
global_cg,uniform6_31,generic_compressible,1,1,64,67108864,67108860,5592405,89478480,0.750000,8736735232,1104,35328,10,36.000000,6216845.000000,6191934.500000,12142.205078,12093.551758,2253.183961,2242.399931,8.027723,8.066329,353280,353280,353280,0,0,0,1
global_cg,uniform6_30,non_compressible,0,0,64,67108864,67108860,5592405,89478480,0.750000,8669626368,1104,35328,10,36.000000,6224442.000000,6204720.500000,12157.042969,12118.524414,2253.503919,2243.423939,8.026583,8.062647,353280,353280,353280,0,0,0,1
global_cg,uniform6_30,generic_compressible,1,1,64,67108864,67108860,5592405,89478480,0.750000,8736735232,1104,35328,10,36.000000,6226316.000000,6201915.000000,12160.703125,12113.044922,2253.391981,2243.088007,8.026982,8.063855,353280,353280,353280,0,0,0,1
global_cg,uniform6_29,non_compressible,0,0,64,67108864,67108860,5592405,89478480,0.750000,8669626368,1104,35328,10,36.000000,7570898.000000,7538315.000000,14786.839844,14723.201172,2736.320019,2721.696019,6.610315,6.645833,353280,353280,353280,0,0,0,1
global_cg,uniform6_29,generic_compressible,1,1,64,67108864,67108860,5592405,89478480,0.750000,8736735232,1104,35328,10,36.000000,7562248.000000,7527985.500000,14769.945312,14703.026367,2734.959960,2721.759915,6.613602,6.645677,353280,353280,353280,0,0,0,1
global_cg,uniform6_28,non_compressible,0,0,64,67108864,67108860,5592405,89478480,0.750000,8669626368,1104,35328,10,36.000000,6609574.000000,6584500.000000,12909.253906,12860.281250,2734.543920,2721.439958,6.614608,6.646458,353280,353280,353280,0,0,0,1
global_cg,uniform6_28,generic_compressible,1,1,64,67108864,67108860,5592405,89478480,0.750000,8736735232,1104,35328,10,36.000000,6372112.000000,6352269.500000,12445.460938,12406.706055,2495.455980,2483.536005,7.248349,7.283138,353280,353280,353280,0,0,0,1
global_cg,uniform6_27,non_compressible,0,0,64,67108864,67108860,5592405,89478480,0.750000,8669626368,1104,35328,10,36.000000,7565093.500000,7537205.500000,14775.502930,14721.034180,2736.880064,2721.967936,6.608962,6.645169,353280,353280,353280,0,0,0,1
global_cg,uniform6_27,generic_compressible,1,1,64,67108864,67108860,5592405,89478480,0.750000,8736735232,1104,35328,10,36.000000,7553820.500000,7526344.000000,14753.485352,14699.820312,2735.903978,2723.056078,6.611320,6.642513,353280,353280,353280,0,0,0,1
global_cg,uniform6_26,non_compressible,0,0,64,67108864,67108860,5592405,89478480,0.750000,8669626368,1104,35328,10,36.000000,6613480.500000,6579573.000000,12916.883789,12850.658203,2734.608054,2720.432043,6.614453,6.648920,353280,353280,353280,0,0,0,1
global_cg,uniform6_26,generic_compressible,1,1,64,67108864,67108860,5592405,89478480,0.750000,8736735232,1104,35328,10,36.000000,6642134.000000,6620632.000000,12972.847656,12930.851562,2733.968019,2721.439958,6.616001,6.646458,353280,353280,353280,0,0,0,1
global_cg,uniform6_25,non_compressible,0,0,64,67108864,67108860,5592405,89478480,0.750000,8669626368,1104,35328,10,36.000000,6224912.500000,6202310.000000,12157.961914,12113.816406,2253.567934,2242.848039,8.026355,8.064718,353280,353280,353280,0,0,0,1
global_cg,uniform6_25,generic_compressible,1,1,64,67108864,67108860,5592405,89478480,0.750000,8736735232,1104,35328,10,36.000000,6222882.500000,6201054.000000,12153.997070,12111.363281,2253.167987,2241.423965,8.027780,8.069841,353280,353280,353280,0,0,0,1
global_cg,uniform6_24,non_compressible,0,0,64,67108864,67108860,5592405,89478480,0.750000,8669626368,1104,35328,10,36.000000,6223837.500000,6205136.000000,12155.862305,12119.335938,2253.743887,2243.279934,8.025728,8.063165,353280,353280,353280,0,0,0,1
global_cg,uniform6_24,generic_compressible,1,1,64,67108864,67108860,5592405,89478480,0.750000,8736735232,1104,35328,10,36.000000,6219412.000000,6206680.000000,12147.218750,12122.351562,2253.183961,2241.583943,8.027723,8.069266,353280,353280,353280,0,0,0,1
global_cg,uniform6_23,non_compressible,0,0,64,67108864,67108860,5592405,89478480,0.750000,8669626368,1104,35328,10,36.000000,6638149.000000,6610801.500000,12965.064453,12911.651367,2735.679984,2721.727967,6.611861,6.645755,353280,353280,353280,0,0,0,1
global_cg,uniform6_23,generic_compressible,1,1,64,67108864,67108860,5592405,89478480,0.750000,8736735232,1104,35328,10,36.000000,6635015.500000,6609340.000000,12958.944336,12908.796875,2734.560013,2720.528007,6.614569,6.648686,353280,353280,353280,0,0,0,1
global_cg,uniform6_22,non_compressible,0,0,64,67108864,67108860,5592405,89478480,0.750000,8669626368,1104,35328,10,36.000000,6218061.000000,6199711.000000,12144.580078,12108.740234,2253.327966,2243.055940,8.027210,8.063970,353280,353280,353280,0,0,0,1
global_cg,uniform6_22,generic_compressible,1,1,64,67108864,67108860,5592405,89478480,0.750000,8736735232,1104,35328,10,36.000000,6217027.500000,6194211.500000,12142.561523,12097.999023,2253.087997,2241.280079,8.028065,8.070360,353280,353280,353280,0,0,0,1
global_cg,uniform6_21,non_compressible,0,0,64,67108864,67108860,5592405,89478480,0.750000,8669626368,1104,35328,10,36.000000,6615602.500000,6587820.000000,12921.028320,12866.765625,2735.072017,2720.384002,6.613331,6.649038,353280,353280,353280,0,0,0,1
global_cg,uniform6_21,generic_compressible,1,1,64,67108864,67108860,5592405,89478480,0.750000,8736735232,1104,35328,10,36.000000,1424021.500000,1278145.000000,2781.221680,2496.306641,532.559991,471.712008,33.964129,38.345295,353280,353280,353280,0,0,0,1
global_cg,uniform6_20,non_compressible,0,0,64,67108864,67108860,5592405,89478480,0.750000,8669626368,1104,35328,10,36.000000,7565805.500000,7538034.000000,14776.893555,14722.652344,2736.736059,2722.687960,6.609310,6.643411,353280,353280,353280,0,0,0,1
global_cg,uniform6_20,generic_compressible,1,1,64,67108864,67108860,5592405,89478480,0.750000,8736735232,1104,35328,10,36.000000,7553900.000000,7527734.000000,14753.640625,14702.535156,2735.615969,2722.591996,6.612016,6.643645,353280,353280,353280,0,0,0,1
global_cg,uniform6_19,non_compressible,0,0,64,67108864,67108860,5592405,89478480,0.750000,8669626368,1104,35328,10,36.000000,6618681.000000,6583568.000000,12927.041016,12858.460938,2735.616088,2721.216083,6.612016,6.647005,353280,353280,353280,0,0,0,1
global_cg,uniform6_19,generic_compressible,1,1,64,67108864,67108860,5592405,89478480,0.750000,8736735232,1104,35328,10,36.000000,6656150.500000,6623785.000000,13000.223633,12937.009766,2734.560013,2721.295953,6.614569,6.646810,353280,353280,353280,0,0,0,1
global_cg,uniform6_18,non_compressible,0,0,64,67108864,67108860,5592405,89478480,0.750000,8669626368,1104,35328,10,36.000000,6220744.000000,6204228.000000,12149.820312,12117.562500,2252.799988,2243.056059,8.029091,8.063970,353280,353280,353280,0,0,0,1
global_cg,uniform6_18,generic_compressible,1,1,64,67108864,67108860,5592405,89478480,0.750000,8736735232,1104,35328,10,36.000000,6222489.500000,6200375.000000,12153.229492,12110.037109,2253.584027,2243.200064,8.026298,8.063452,353280,353280,353280,0,0,0,1
global_cg,uniform6_17,non_compressible,0,0,64,67108864,67108860,5592405,89478480,0.750000,8669626368,1104,35328,10,36.000000,6217167.500000,6193410.500000,12142.834961,12096.434570,2253.919959,2243.232012,8.025101,8.063337,353280,353280,353280,0,0,0,1
global_cg,uniform6_17,generic_compressible,1,1,64,67108864,67108860,5592405,89478480,0.750000,8736735232,1104,35328,10,36.000000,6217639.500000,6192813.500000,12143.756836,12095.268555,2253.232002,2242.239952,8.027552,8.066905,353280,353280,353280,0,0,0,1
global_cg,uniform6_16,non_compressible,0,0,64,67108864,67108860,5592405,89478480,0.750000,8669626368,1104,35328,10,36.000000,6638166.000000,7519822.500000,12965.097656,14687.083008,2736.752033,2722.559929,6.609271,6.643724,353280,353280,353280,0,0,0,1
global_cg,uniform6_16,generic_compressible,1,1,64,67108864,67108860,5592405,89478480,0.750000,8736735232,1104,35328,10,36.000000,6640189.500000,6604271.500000,12969.049805,12898.897461,2734.912038,2721.328020,6.613718,6.646731,353280,353280,353280,0,0,0,1
global_cg,uniform6_15,non_compressible,0,0,64,67108864,67108860,5592405,89478480,0.750000,8669626368,1104,35328,10,36.000000,6223034.000000,6201748.500000,12154.292969,12112.719727,2255.375981,2242.896080,8.019920,8.064545,353280,353280,353280,0,0,0,1
global_cg,uniform6_15,generic_compressible,1,1,64,67108864,67108860,5592405,89478480,0.750000,8736735232,1104,35328,10,36.000000,6221334.000000,6206181.500000,12150.972656,12121.377930,2253.327966,2242.255926,8.027210,8.066847,353280,353280,353280,0,0,0,1
global_cg,uniform6_14,non_compressible,0,0,64,67108864,67108860,5592405,89478480,0.750000,8669626368,1104,35328,10,36.000000,6636108.000000,7516941.500000,12961.078125,14681.456055,2735.679984,2723.456025,6.611861,6.641538,353280,353280,353280,0,0,0,1
global_cg,uniform6_14,generic_compressible,1,1,64,67108864,67108860,5592405,89478480,0.750000,8736735232,1104,35328,10,36.000000,6638218.000000,6601541.500000,12965.199219,12893.565430,2734.511971,2721.199989,6.614685,6.647044,353280,353280,353280,0,0,0,1
global_cg,uniform6_13,non_compressible,0,0,64,67108864,67108860,5592405,89478480,0.750000,8669626368,1104,35328,10,36.000000,6220468.000000,6197518.500000,12149.281250,12104.458008,2253.664017,2243.312001,8.026013,8.063050,353280,353280,353280,0,0,0,1
global_cg,uniform6_13,generic_compressible,1,1,64,67108864,67108860,5592405,89478480,0.750000,8736735232,1104,35328,10,36.000000,6219113.000000,6195741.000000,12146.634766,12100.986328,2253.391981,2242.399931,8.026982,8.066329,353280,353280,353280,0,0,0,1
global_cg,uniform6_12,non_compressible,0,0,64,67108864,67108860,5592405,89478480,0.750000,8669626368,1104,35328,10,36.000000,6613329.000000,6595056.000000,12916.587891,12880.898438,2735.984087,2721.535921,6.611126,6.646224,353280,353280,353280,0,0,0,1
global_cg,uniform6_12,generic_compressible,1,1,64,67108864,67108860,5592405,89478480,0.750000,8736735232,1104,35328,10,36.000000,6653633.000000,6611465.000000,12995.306641,12912.947266,2734.880090,2719.632030,6.613795,6.650876,353280,353280,353280,0,0,0,1
global_cg,uniform6_11,non_compressible,0,0,64,67108864,67108860,5592405,89478480,0.750000,8669626368,1104,35328,10,36.000000,6221345.000000,6202113.500000,12150.994141,12113.432617,2253.120065,2242.496014,8.027950,8.065984,353280,353280,353280,0,0,0,1
global_cg,uniform6_11,generic_compressible,1,1,64,67108864,67108860,5592405,89478480,0.750000,8736735232,1104,35328,10,36.000000,6218742.500000,6199841.000000,12145.911133,12108.994141,2252.991915,2241.343975,8.028407,8.070129,353280,353280,353280,0,0,0,1
global_cg,uniform6_10,non_compressible,0,0,64,67108864,67108860,5592405,89478480,0.750000,8669626368,1104,35328,10,36.000000,6635396.000000,6607027.500000,12959.687500,12904.280273,2734.847903,2722.432017,6.613873,6.644036,353280,353280,353280,0,0,0,1
global_cg,uniform6_10,generic_compressible,1,1,64,67108864,67108860,5592405,89478480,0.750000,8736735232,1104,35328,10,36.000000,6639280.500000,6610527.500000,12967.274414,12911.116211,2734.447956,2721.487999,6.614840,6.646341,353280,353280,353280,0,0,0,1
global_cg,uniform6_9,non_compressible,0,0,64,67108864,67108860,5592405,89478480,0.750000,8669626368,1104,35328,10,36.000000,6219992.500000,6201911.500000,12148.352539,12113.038086,2253.343940,2242.240071,8.027153,8.066904,353280,353280,353280,0,0,0,1
global_cg,uniform6_9,generic_compressible,1,1,64,67108864,67108860,5592405,89478480,0.750000,8736735232,1104,35328,10,36.000000,6217358.000000,6200040.500000,12143.207031,12109.383789,2252.032042,2242.367983,8.031829,8.066444,353280,353280,353280,0,0,0,1
global_cg,uniform6_8,non_compressible,0,0,64,67108864,67108860,5592405,89478480,0.750000,8669626368,1104,35328,10,36.000000,7535563.500000,7508330.000000,14717.827148,14664.636719,2734.960079,2723.344088,6.613601,6.641811,353280,353280,353280,0,0,0,1
global_cg,uniform6_8,generic_compressible,1,1,64,67108864,67108860,5592405,89478480,0.750000,8736735232,1104,35328,10,36.000000,7534458.000000,7526842.000000,14715.667969,14700.792969,2734.575987,2721.168041,6.614530,6.647122,353280,353280,353280,0,0,0,1
global_cg,uniform6_7,non_compressible,0,0,64,67108864,67108860,5592405,89478480,0.750000,8669626368,1104,35328,10,36.000000,6222680.500000,6203803.000000,12153.602539,12116.732422,2253.232002,2243.631959,8.027552,8.061900,353280,353280,353280,0,0,0,1
global_cg,uniform6_7,generic_compressible,1,1,64,67108864,67108860,5592405,89478480,0.750000,8736735232,1104,35328,10,36.000000,6229231.500000,6206127.000000,12166.397461,12121.271484,2253.679991,2241.536021,8.025956,8.069438,353280,353280,353280,0,0,0,1
global_cg,uniform6_6,non_compressible,0,0,64,67108864,67108860,5592405,89478480,0.750000,8669626368,1104,35328,10,36.000000,7564603.500000,7532938.500000,14774.545898,14712.700195,2736.320019,2723.104000,6.610315,6.642396,353280,353280,353280,0,0,0,1
global_cg,uniform6_6,generic_compressible,1,1,64,67108864,67108860,5592405,89478480,0.750000,8736735232,1104,35328,10,36.000000,7552646.000000,7524768.500000,14751.191406,14696.743164,2734.799981,2721.456051,6.613989,6.646419,353280,353280,353280,0,0,0,1
global_cg,uniform6_5,non_compressible,0,0,64,67108864,67108860,5592405,89478480,0.750000,8669626368,1104,35328,10,36.000000,6221134.000000,6204189.000000,12150.582031,12117.486328,2253.488064,2243.023992,8.026639,8.064085,353280,353280,353280,0,0,0,1
global_cg,uniform6_5,generic_compressible,1,1,64,67108864,67108860,5592405,89478480,0.750000,8736735232,1104,35328,10,36.000000,6220716.500000,6200174.000000,12149.766602,12109.644531,2253.440022,2241.472006,8.026810,8.069668,353280,353280,353280,0,0,0,1
global_cg,uniform6_4,non_compressible,0,0,64,67108864,67108860,5592405,89478480,0.750000,8669626368,1104,35328,10,36.000000,7561166.500000,7532968.000000,14767.833008,14712.757812,2736.688018,2721.663952,6.609426,6.645911,353280,353280,353280,0,0,0,1
global_cg,uniform6_4,generic_compressible,1,1,64,67108864,67108860,5592405,89478480,0.750000,8736735232,1104,35328,10,36.000000,7560129.500000,7532601.500000,14765.807617,14712.041992,2735.440016,2721.472025,6.612441,6.646380,353280,353280,353280,0,0,0,1
global_cg,uniform6_3,non_compressible,0,0,64,67108864,67108860,5592405,89478480,0.750000,8669626368,1104,35328,10,36.000000,7534768.000000,7507121.500000,14716.273438,14662.276367,2735.391974,2721.567988,6.612557,6.646145,353280,353280,353280,0,0,0,1
global_cg,uniform6_3,generic_compressible,1,1,64,67108864,67108860,5592405,89478480,0.750000,8736735232,1104,35328,10,36.000000,6644163.500000,6887569.500000,12976.811523,13452.213867,2734.431982,2720.512033,6.614879,6.648725,353280,353280,353280,0,0,0,1
global_cg,uniform6_2,non_compressible,0,0,64,67108864,67108860,5592405,89478480,0.750000,8669626368,1104,35328,10,36.000000,6221574.000000,6201803.000000,12151.441406,12112.826172,2253.648043,2241.631985,8.026070,8.069093,353280,353280,353280,0,0,0,1
global_cg,uniform6_2,generic_compressible,1,1,64,67108864,67108860,5592405,89478480,0.750000,8736735232,1104,35328,10,36.000000,6220439.000000,6201993.000000,12149.224609,12113.197266,2253.152013,2243.391991,8.027837,8.062762,353280,353280,353280,0,0,0,1
global_cg,uniform6_1,non_compressible,0,0,64,67108864,67108860,5592405,89478480,0.750000,8669626368,1104,35328,10,36.000000,6610936.000000,6582863.500000,12911.914062,12857.084961,2734.432101,2721.312046,6.614878,6.646770,353280,353280,353280,0,0,0,1
global_cg,uniform6_1,generic_compressible,1,1,64,67108864,67108860,5592405,89478480,0.750000,8736735232,1104,35328,10,36.000000,6639228.000000,6607993.000000,12967.171875,12906.166016,2734.112024,2721.343994,6.615653,6.646692,353280,353280,353280,0,0,0,1
global_cg,uniform6_0,non_compressible,0,0,64,67108864,67108860,5592405,89478480,0.750000,8669626368,1104,35328,10,36.000000,6222496.500000,6203074.000000,12153.243164,12115.308594,2253.775954,2243.199944,8.025614,8.063452,353280,353280,353280,0,0,0,1
global_cg,uniform6_0,generic_compressible,1,1,64,67108864,67108860,5592405,89478480,0.750000,8736735232,1104,35328,10,36.000000,1276391.000000,1278224.000000,2492.880859,2496.460938,470.224008,469.711989,38.466637,38.508568,353280,353280,353280,0,0,0,1
global_cg,uniform6_63,non_compressible,0,0,40,41943040,41943036,3495253,55924048,0.750000,8669626368,1104,35328,10,36.000000,2644001.500000,2423119.500000,5163.995117,4732.584961,966.384023,885.504007,18.717131,20.426713,353280,353280,353280,0,0,0,1
global_cg,uniform6_63,generic_compressible,1,1,40,41943040,41943036,3495253,55924048,0.750000,8711569408,1104,35328,10,36.000000,1276570.000000,1278302.500000,2493.230469,2496.614258,469.839990,469.679996,38.498077,38.511191,353280,353280,353280,0,0,0,1
global_cg,uniform6_62,non_compressible,0,0,40,41943040,41943036,3495253,55924048,0.750000,8669626368,1104,35328,10,36.000000,3219693.500000,2951740.500000,6288.393555,5765.047852,1174.368024,1076.016009,15.402272,16.810099,353280,353280,353280,0,0,0,1
global_cg,uniform6_62,generic_compressible,1,1,40,41943040,41943036,3495253,55924048,0.750000,8711569408,1104,35328,10,36.000000,3229051.000000,2971764.000000,6306.669922,5804.156250,1178.576052,1081.968009,15.347279,16.717626,353280,353280,353280,0,0,0,1
global_cg,uniform6_61,non_compressible,0,0,40,41943040,41943036,3495253,55924048,0.750000,8669626368,1104,35328,10,36.000000,3215048.000000,2949420.000000,6279.320312,5760.515625,1174.112022,1075.743973,15.405631,16.814350,353280,353280,353280,0,0,0,1
global_cg,uniform6_61,generic_compressible,1,1,40,41943040,41943036,3495253,55924048,0.750000,8711569408,1104,35328,10,36.000000,3228318.000000,2967144.000000,6305.238281,5795.132812,1179.199994,1081.759989,15.339159,16.720840,353280,353280,353280,0,0,0,1
global_cg,uniform6_60,non_compressible,0,0,40,41943040,41943036,3495253,55924048,0.750000,8669626368,1104,35328,10,36.000000,3217138.500000,2950407.500000,6283.403320,5762.444336,1173.503995,1075.887978,15.413613,16.812100,353280,353280,353280,0,0,0,1
global_cg,uniform6_60,generic_compressible,1,1,40,41943040,41943036,3495253,55924048,0.750000,8711569408,1104,35328,10,36.000000,3232058.000000,2971918.000000,6312.542969,5804.457031,1180.143952,1082.255960,15.326890,16.713178,353280,353280,353280,0,0,0,1
global_cg,uniform6_59,non_compressible,0,0,40,41943040,41943036,3495253,55924048,0.750000,8669626368,1104,35328,10,36.000000,3216979.000000,2948960.000000,6283.091797,5759.617188,1173.423946,1074.320018,15.414664,16.836637,353280,353280,353280,0,0,0,1
global_cg,uniform6_59,generic_compressible,1,1,40,41943040,41943036,3495253,55924048,0.750000,8711569408,1104,35328,10,36.000000,3228995.500000,2967851.000000,6306.561523,5796.513672,1179.343998,1080.511987,15.337286,16.740153,353280,353280,353280,0,0,0,1
global_cg,uniform6_58,non_compressible,0,0,40,41943040,41943036,3495253,55924048,0.750000,8669626368,1104,35328,10,36.000000,3216740.000000,2954480.500000,6282.625000,5770.399414,1174.592018,1075.935960,15.399335,16.811350,353280,353280,353280,0,0,0,1
global_cg,uniform6_58,generic_compressible,1,1,40,41943040,41943036,3495253,55924048,0.750000,8711569408,1104,35328,10,36.000000,3228955.500000,2965731.000000,6306.483398,5792.373047,1177.568018,1081.215978,15.360417,16.729253,353280,353280,353280,0,0,0,1
global_cg,uniform6_57,non_compressible,0,0,40,41943040,41943036,3495253,55924048,0.750000,8669626368,1104,35328,10,36.000000,2653173.500000,2428976.500000,5181.909180,4744.024414,968.384027,885.855973,18.678474,20.418597,353280,353280,353280,0,0,0,1
global_cg,uniform6_57,generic_compressible,1,1,40,41943040,41943036,3495253,55924048,0.750000,8711569408,1104,35328,10,36.000000,2660647.500000,2443589.000000,5196.506836,4772.564453,970.928013,891.631991,18.629534,20.286325,353280,353280,353280,0,0,0,1
global_cg,uniform6_56,non_compressible,0,0,40,41943040,41943036,3495253,55924048,0.750000,8669626368,1104,35328,10,36.000000,3218881.000000,2950203.500000,6286.806641,5762.045898,1174.911976,1075.839996,15.395141,16.812850,353280,353280,353280,0,0,0,1
global_cg,uniform6_56,generic_compressible,1,1,40,41943040,41943036,3495253,55924048,0.750000,8711569408,1104,35328,10,36.000000,3231897.500000,2965800.500000,6312.229492,5792.508789,1179.296017,1081.759989,15.337910,16.720840,353280,353280,353280,0,0,0,1
global_cg,uniform6_55,non_compressible,0,0,40,41943040,41943036,3495253,55924048,0.750000,8669626368,1104,35328,10,36.000000,3218150.000000,2950353.000000,6285.378906,5762.337891,1175.104022,1075.903952,15.392625,16.811850,353280,353280,353280,0,0,0,1
global_cg,uniform6_55,generic_compressible,1,1,40,41943040,41943036,3495253,55924048,0.750000,8711569408,1104,35328,10,36.000000,3228976.500000,2966378.000000,6306.524414,5793.636719,1179.072022,1081.951976,15.340824,16.717873,353280,353280,353280,0,0,0,1
global_cg,uniform6_54,non_compressible,0,0,40,41943040,41943036,3495253,55924048,0.750000,8669626368,1104,35328,10,36.000000,3217321.500000,2952870.500000,6283.760742,5767.254883,1174.768031,1075.999975,15.397028,16.810350,353280,353280,353280,0,0,0,1
global_cg,uniform6_54,generic_compressible,1,1,40,41943040,41943036,3495253,55924048,0.750000,8711569408,1104,35328,10,36.000000,3229527.500000,2964493.500000,6307.600586,5789.956055,1178.592026,1080.752015,15.347071,16.736435,353280,353280,353280,0,0,0,1
global_cg,uniform6_53,non_compressible,0,0,40,41943040,41943036,3495253,55924048,0.750000,8669626368,1104,35328,10,36.000000,2643712.000000,2421648.000000,5163.429688,4729.710938,967.087984,885.360003,18.703506,20.430035,353280,353280,353280,0,0,0,1
global_cg,uniform6_53,generic_compressible,1,1,40,41943040,41943036,3495253,55924048,0.750000,8711569408,1104,35328,10,36.000000,2653592.000000,2438550.000000,5182.726562,4762.722656,970.943987,891.680002,18.629227,20.285232,353280,353280,353280,0,0,0,1
global_cg,uniform6_52,non_compressible,0,0,40,41943040,41943036,3495253,55924048,0.750000,8669626368,1104,35328,10,36.000000,3213338.000000,2953165.500000,6275.980469,5767.831055,1173.168004,1075.871944,15.418027,16.812350,353280,353280,353280,0,0,0,1
global_cg,uniform6_52,generic_compressible,1,1,40,41943040,41943036,3495253,55924048,0.750000,8711569408,1104,35328,10,36.000000,3229313.000000,2968229.500000,6307.181641,5797.252930,1179.343998,1082.495987,15.337286,16.709472,353280,353280,353280,0,0,0,1
global_cg,uniform6_51,non_compressible,0,0,40,41943040,41943036,3495253,55924048,0.750000,8669626368,1104,35328,10,36.000000,3216518.500000,2950365.500000,6282.192383,5762.362305,1173.344016,1076.079965,15.415714,16.809100,353280,353280,353280,0,0,0,1
global_cg,uniform6_51,generic_compressible,1,1,40,41943040,41943036,3495253,55924048,0.750000,8711569408,1104,35328,10,36.000000,3229551.500000,2965223.500000,6307.647461,5791.381836,1179.136038,1081.936002,15.339991,16.718120,353280,353280,353280,0,0,0,1
global_cg,uniform6_50,non_compressible,0,0,40,41943040,41943036,3495253,55924048,0.750000,8669626368,1104,35328,10,36.000000,3220473.500000,2950950.500000,6289.916992,5763.504883,1174.192011,1075.248003,15.404581,16.822106,353280,353280,353280,0,0,0,1
global_cg,uniform6_50,generic_compressible,1,1,40,41943040,41943036,3495253,55924048,0.750000,8711569408,1104,35328,10,36.000000,3229561.000000,2967044.500000,6307.666016,5794.938477,1177.583992,1080.416024,15.360209,16.741640,353280,353280,353280,0,0,0,1
global_cg,uniform6_49,non_compressible,0,0,40,41943040,41943036,3495253,55924048,0.750000,8669626368,1104,35328,10,36.000000,2656895.500000,2430451.500000,5189.178711,4746.905273,968.336016,886.496007,18.679400,20.403855,353280,353280,353280,0,0,0,1
global_cg,uniform6_49,generic_compressible,1,1,40,41943040,41943036,3495253,55924048,0.750000,8711569408,1104,35328,10,36.000000,2660019.000000,2444232.500000,5195.279297,4773.821289,970.032007,891.631991,18.646741,20.286325,353280,353280,353280,0,0,0,1
global_cg,uniform6_48,non_compressible,0,0,40,41943040,41943036,3495253,55924048,0.750000,8669626368,1104,35328,10,36.000000,3214398.500000,2947172.000000,6278.051758,5756.125000,1173.168004,1074.032009,15.418027,16.841152,353280,353280,353280,0,0,0,1
global_cg,uniform6_48,generic_compressible,1,1,40,41943040,41943036,3495253,55924048,0.750000,8711569408,1104,35328,10,36.000000,3227442.000000,2965464.500000,6303.527344,5791.852539,1178.048015,1081.232011,15.354159,16.729005,353280,353280,353280,0,0,0,1
global_cg,uniform6_47,non_compressible,0,0,40,41943040,41943036,3495253,55924048,0.750000,8669626368,1104,35328,10,36.000000,3214930.500000,2949114.000000,6279.090820,5759.917969,1174.463987,1073.920012,15.401014,16.842908,353280,353280,353280,0,0,0,1
global_cg,uniform6_47,generic_compressible,1,1,40,41943040,41943036,3495253,55924048,0.750000,8711569408,1104,35328,10,36.000000,3227957.000000,2965883.500000,6304.533203,5792.670898,1178.608000,1081.167996,15.346863,16.729996,353280,353280,353280,0,0,0,1
global_cg,uniform6_46,non_compressible,0,0,40,41943040,41943036,3495253,55924048,0.750000,8669626368,1104,35328,10,36.000000,3221923.000000,2954862.500000,6292.748047,5771.145508,1176.591992,1077.903986,15.373159,16.780656,353280,353280,353280,0,0,0,1
global_cg,uniform6_46,generic_compressible,1,1,40,41943040,41943036,3495253,55924048,0.750000,8711569408,1104,35328,10,36.000000,3236327.000000,2972334.500000,6320.880859,5805.270508,1182.832003,1084.048033,15.292058,16.685548,353280,353280,353280,0,0,0,1
global_cg,uniform6_45,non_compressible,0,0,40,41943040,41943036,3495253,55924048,0.750000,8669626368,1104,35328,10,36.000000,2553530.500000,2403103.500000,4987.293945,4693.491211,931.743979,876.959980,19.412989,20.625726,353280,353280,353280,0,0,0,1
global_cg,uniform6_45,generic_compressible,1,1,40,41943040,41943036,3495253,55924048,0.750000,8711569408,1104,35328,10,36.000000,2553099.500000,2402489.000000,4986.452148,4692.291016,932.128012,875.312001,19.404991,20.664558,353280,353280,353280,0,0,0,1
global_cg,uniform6_44,non_compressible,0,0,40,41943040,41943036,3495253,55924048,0.750000,8669626368,1104,35328,10,36.000000,3222359.500000,2956500.000000,6293.600586,5774.343750,1177.136004,1078.031957,15.366055,16.778664,353280,353280,353280,0,0,0,1
global_cg,uniform6_44,generic_compressible,1,1,40,41943040,41943036,3495253,55924048,0.750000,8711569408,1104,35328,10,36.000000,3235011.000000,2971300.000000,6318.310547,5803.250000,1181.919992,1083.999991,15.303858,16.686288,353280,353280,353280,0,0,0,1
global_cg,uniform6_43,non_compressible,0,0,40,41943040,41943036,3495253,55924048,0.750000,8669626368,1104,35328,10,36.000000,3222271.500000,2955863.500000,6293.428711,5773.100586,1177.024007,1079.343975,15.367517,16.758268,353280,353280,353280,0,0,0,1
global_cg,uniform6_43,generic_compressible,1,1,40,41943040,41943036,3495253,55924048,0.750000,8711569408,1104,35328,10,36.000000,3235474.500000,2971071.500000,6319.215820,5802.803711,1181.152046,1083.855987,15.313808,16.688505,353280,353280,353280,0,0,0,1
global_cg,uniform6_42,non_compressible,0,0,40,41943040,41943036,3495253,55924048,0.750000,8669626368,1104,35328,10,36.000000,2643235.500000,2425744.000000,5162.499023,4737.710938,967.552006,886.927992,18.694536,20.393917,353280,353280,353280,0,0,0,1
global_cg,uniform6_42,generic_compressible,1,1,40,41943040,41943036,3495253,55924048,0.750000,8711569408,1104,35328,10,36.000000,1358490.000000,1278348.500000,2653.230469,2496.704102,499.136001,469.743997,36.238492,38.505944,353280,353280,353280,0,0,0,1
global_cg,uniform6_41,non_compressible,0,0,40,41943040,41943036,3495253,55924048,0.750000,8669626368,1104,35328,10,36.000000,3215670.500000,2950488.500000,6280.536133,5762.602539,1173.280001,1075.856030,15.416555,16.812599,353280,353280,353280,0,0,0,1
global_cg,uniform6_41,generic_compressible,1,1,40,41943040,41943036,3495253,55924048,0.750000,8711569408,1104,35328,10,36.000000,3229385.500000,2966724.000000,6307.323242,5794.312500,1179.199994,1082.095981,15.339159,16.715648,353280,353280,353280,0,0,0,1
global_cg,uniform6_40,non_compressible,0,0,40,41943040,41943036,3495253,55924048,0.750000,8669626368,1104,35328,10,36.000000,3215993.000000,2951640.500000,6281.166016,5764.852539,1174.272001,1075.855970,15.403532,16.812600,353280,353280,353280,0,0,0,1
global_cg,uniform6_40,generic_compressible,1,1,40,41943040,41943036,3495253,55924048,0.750000,8711569408,1104,35328,10,36.000000,3228053.000000,2966316.000000,6304.720703,5793.515625,1177.327991,1080.320001,15.363549,16.743128,353280,353280,353280,0,0,0,1
global_cg,uniform6_39,non_compressible,0,0,40,41943040,41943036,3495253,55924048,0.750000,8669626368,1104,35328,10,36.000000,3218212.000000,2947422.500000,6285.500000,5756.614258,1174.592018,1073.903978,15.399335,16.843160,353280,353280,353280,0,0,0,1
global_cg,uniform6_39,generic_compressible,1,1,40,41943040,41943036,3495253,55924048,0.750000,8711569408,1104,35328,10,36.000000,3230798.000000,2967451.500000,6310.082031,5795.733398,1178.975999,1081.328034,15.342073,16.727520,353280,353280,353280,0,0,0,1
global_cg,uniform6_38,non_compressible,0,0,40,41943040,41943036,3495253,55924048,0.750000,8669626368,1104,35328,10,36.000000,2643798.500000,2421971.000000,5163.598633,4730.341797,966.591984,885.711998,18.713104,20.421916,353280,353280,353280,0,0,0,1
global_cg,uniform6_38,generic_compressible,1,1,40,41943040,41943036,3495253,55924048,0.750000,8711569408,1104,35328,10,36.000000,2654655.000000,2441433.000000,5184.802734,4768.353516,970.624000,891.535997,18.635369,20.288509,353280,353280,353280,0,0,0,1
global_cg,uniform6_37,non_compressible,0,0,40,41943040,41943036,3495253,55924048,0.750000,8669626368,1104,35328,10,36.000000,3216713.500000,2949621.000000,6282.573242,5760.908203,1174.064040,1074.912012,15.406260,16.827364,353280,353280,353280,0,0,0,1
global_cg,uniform6_37,generic_compressible,1,1,40,41943040,41943036,3495253,55924048,0.750000,8711569408,1104,35328,10,36.000000,3228845.500000,2965398.000000,6306.268555,5791.722656,1177.567959,1081.088006,15.360418,16.731234,353280,353280,353280,0,0,0,1
global_cg,uniform6_36,non_compressible,0,0,40,41943040,41943036,3495253,55924048,0.750000,8669626368,1104,35328,10,36.000000,3215416.000000,2951537.500000,6280.039062,5764.651367,1173.200011,1075.808048,15.417606,16.813349,353280,353280,353280,0,0,0,1
global_cg,uniform6_36,generic_compressible,1,1,40,41943040,41943036,3495253,55924048,0.750000,8711569408,1104,35328,10,36.000000,3230341.000000,2964176.000000,6309.189453,5789.335938,1179.936051,1082.032025,15.329590,16.716636,353280,353280,353280,0,0,0,1
global_cg,uniform6_35,non_compressible,0,0,40,41943040,41943036,3495253,55924048,0.750000,8669626368,1104,35328,10,36.000000,3215700.000000,2950929.500000,6280.593750,5763.463867,1173.487961,1075.807989,15.413823,16.813350,353280,353280,353280,0,0,0,1
global_cg,uniform6_35,generic_compressible,1,1,40,41943040,41943036,3495253,55924048,0.750000,8711569408,1104,35328,10,36.000000,3230137.000000,2964481.000000,6308.791016,5789.931641,1178.752005,1080.511987,15.344989,16.740153,353280,353280,353280,0,0,0,1
global_cg,uniform6_34,non_compressible,0,0,40,41943040,41943036,3495253,55924048,0.750000,8669626368,1104,35328,10,36.000000,3217002.000000,2948076.000000,6283.136719,5757.890625,1173.295975,1073.903978,15.416345,16.843160,353280,353280,353280,0,0,0,1
global_cg,uniform6_34,generic_compressible,1,1,40,41943040,41943036,3495253,55924048,0.750000,8711569408,1104,35328,10,36.000000,3231188.500000,2965230.500000,6310.844727,5791.395508,1178.447962,1081.871986,15.348948,16.719109,353280,353280,353280,0,0,0,1
global_cg,uniform6_33,non_compressible,0,0,40,41943040,41943036,3495253,55924048,0.750000,8669626368,1104,35328,10,36.000000,3217798.000000,2949958.500000,6284.691406,5761.567383,1172.976017,1075.936019,15.420551,16.811349,353280,353280,353280,0,0,0,1
global_cg,uniform6_33,generic_compressible,1,1,40,41943040,41943036,3495253,55924048,0.750000,8711569408,1104,35328,10,36.000000,3229332.000000,2963803.000000,6307.218750,5788.607422,1178.687990,1080.367982,15.345822,16.742384,353280,353280,353280,0,0,0,1
global_cg,uniform6_32,non_compressible,0,0,40,41943040,41943036,3495253,55924048,0.750000,8669626368,1104,35328,10,46.000000,3217781.000000,2949659.500000,6284.638672,5760.963867,1173.568010,1074.144006,15.412772,16.839396,353280,353280,353280,0,0,0,1
global_cg,uniform6_32,generic_compressible,1,1,40,41943040,41943036,3495253,55924048,0.750000,8711569408,1104,35328,10,47.000000,3228937.000000,2967465.000000,6306.425781,5795.738281,1177.823961,1082.144022,15.357079,16.714906,353280,353280,353280,0,0,0,1
global_cg,uniform6_31,non_compressible,0,0,40,41943040,41943036,3495253,55924048,0.750000,8669626368,1104,35328,10,46.000000,3202190.500000,2932731.000000,6254.188477,5727.900391,1175.503969,1076.095998,15.387388,16.808850,353280,353280,353280,0,0,0,1
global_cg,uniform6_31,generic_compressible,1,1,40,41943040,41943036,3495253,55924048,0.750000,8711569408,1104,35328,10,48.000000,3212811.000000,2959670.000000,6274.927734,5780.511719,1178.640008,1082.111955,15.346447,16.715402,353280,353280,353280,0,0,0,1
global_cg,uniform6_30,non_compressible,0,0,40,41943040,41943036,3495253,55924048,0.750000,8669626368,1104,35328,10,47.000000,3199747.000000,2932573.500000,6249.414062,5727.590820,1174.431980,1075.919986,15.401433,16.811600,353280,353280,353280,0,0,0,1
global_cg,uniform6_30,generic_compressible,1,1,40,41943040,41943036,3495253,55924048,0.750000,8711569408,1104,35328,10,46.000000,3231068.000000,2967590.500000,6310.589844,5795.985352,1179.503977,1081.552029,15.335206,16.724055,353280,353280,353280,0,0,0,1
global_cg,uniform6_29,non_compressible,0,0,40,41943040,41943036,3495253,55924048,0.750000,8669626368,1104,35328,10,48.000000,3203490.500000,2934661.500000,6256.723633,5731.666992,1173.551977,1076.031983,15.412982,16.809850,353280,353280,353280,0,0,0,1
global_cg,uniform6_29,generic_compressible,1,1,40,41943040,41943036,3495253,55924048,0.750000,8711569408,1104,35328,10,47.000000,3207954.500000,2949457.000000,6265.444336,5760.566406,1179.792047,1081.359982,15.331461,16.727025,353280,353280,353280,0,0,0,1
global_cg,uniform6_28,non_compressible,0,0,40,41943040,41943036,3495253,55924048,0.750000,8669626368,1104,35328,10,48.000000,3216930.500000,2948501.000000,6282.973633,5758.697266,1173.551977,1075.232029,15.412982,16.822356,353280,353280,353280,0,0,0,1
global_cg,uniform6_28,generic_compressible,1,1,40,41943040,41943036,3495253,55924048,0.750000,8711569408,1104,35328,10,46.000000,3229097.000000,2966601.000000,6306.740234,5794.052734,1179.519951,1081.104040,15.334998,16.730985,353280,353280,353280,0,0,0,1
global_cg,uniform6_27,non_compressible,0,0,40,41943040,41943036,3495253,55924048,0.750000,8669626368,1104,35328,10,47.000000,3200126.500000,2932797.000000,6250.155273,5728.027344,1173.488021,1075.855970,15.413822,16.812600,353280,353280,353280,0,0,0,1
global_cg,uniform6_27,generic_compressible,1,1,40,41943040,41943036,3495253,55924048,0.750000,8711569408,1104,35328,10,46.000000,3065506.000000,2811070.500000,5987.226562,5490.282227,1179.567993,1082.160056,15.334373,16.714659,353280,353280,353280,0,0,0,1
global_cg,uniform6_26,non_compressible,0,0,40,41943040,41943036,3495253,55924048,0.750000,8669626368,1104,35328,10,47.000000,3217945.500000,2949001.500000,6284.958008,5759.676758,1174.528003,1075.631976,15.400174,16.816101,353280,353280,353280,0,0,0,1
global_cg,uniform6_26,generic_compressible,1,1,40,41943040,41943036,3495253,55924048,0.750000,8711569408,1104,35328,10,48.000000,3230643.500000,2968524.000000,6309.756836,5797.804688,1178.767979,1083.696008,15.344781,16.690969,353280,353280,353280,0,0,0,1
global_cg,uniform6_25,non_compressible,0,0,40,41943040,41943036,3495253,55924048,0.750000,8669626368,1104,35328,10,46.000000,3202429.500000,2936160.500000,6254.655273,5734.598633,1173.568010,1075.439990,15.412772,16.819103,353280,353280,353280,0,0,0,1
global_cg,uniform6_25,generic_compressible,1,1,40,41943040,41943036,3495253,55924048,0.750000,8711569408,1104,35328,10,46.000000,3215748.500000,2942420.500000,6280.668945,5746.825195,1179.728031,1081.440032,15.332293,16.725787,353280,353280,353280,0,0,0,1
global_cg,uniform6_24,non_compressible,0,0,40,41943040,41943036,3495253,55924048,0.750000,8669626368,1104,35328,10,48.000000,3220637.500000,2949659.500000,6290.213867,5760.959961,1174.543977,1075.375974,15.399965,16.820104,353280,353280,353280,0,0,0,1
global_cg,uniform6_24,generic_compressible,1,1,40,41943040,41943036,3495253,55924048,0.750000,8711569408,1104,35328,10,46.000000,3233308.500000,2967759.000000,6314.965820,5796.314453,1179.472029,1082.159996,15.335621,16.714660,353280,353280,353280,0,0,0,1
global_cg,uniform6_23,non_compressible,0,0,40,41943040,41943036,3495253,55924048,0.750000,8669626368,1104,35328,10,46.000000,3206866.000000,2932114.500000,6263.320312,5726.696289,1175.552011,1074.576020,15.386759,16.832626,353280,353280,353280,0,0,0,1
global_cg,uniform6_23,generic_compressible,1,1,40,41943040,41943036,3495253,55924048,0.750000,8711569408,1104,35328,10,46.000000,3216642.000000,2957477.000000,6282.414062,5776.232422,1177.855968,1082.080007,15.356662,16.715895,353280,353280,353280,0,0,0,1
global_cg,uniform6_22,non_compressible,0,0,40,41943040,41943036,3495253,55924048,0.750000,8669626368,1104,35328,10,48.000000,3218809.500000,2944983.000000,6286.643555,5751.826172,1175.519943,1075.792015,15.387179,16.813599,353280,353280,353280,0,0,0,1
global_cg,uniform6_22,generic_compressible,1,1,40,41943040,41943036,3495253,55924048,0.750000,8711569408,1104,35328,10,47.000000,3228097.500000,2962257.500000,6304.786133,5785.567383,1179.488003,1082.239985,15.335413,16.713424,353280,353280,353280,0,0,0,1
global_cg,uniform6_21,non_compressible,0,0,40,41943040,41943036,3495253,55924048,0.750000,8669626368,1104,35328,10,47.000000,3217429.500000,2948187.500000,6283.950195,5758.086914,1175.535977,1075.935960,15.386969,16.811350,353280,353280,353280,0,0,0,1
global_cg,uniform6_21,generic_compressible,1,1,40,41943040,41943036,3495253,55924048,0.750000,8711569408,1104,35328,10,48.000000,1385794.500000,1278349.500000,2706.536133,2496.682617,509.792000,469.935998,35.481012,38.490212,353280,353280,353280,0,0,0,1
global_cg,uniform6_20,non_compressible,0,0,40,41943040,41943036,3495253,55924048,0.750000,8669626368,1104,35328,10,47.000000,3217982.500000,2950144.000000,6285.030273,5761.908203,1173.696041,1075.823963,15.411091,16.813100,353280,353280,353280,0,0,0,1
global_cg,uniform6_20,generic_compressible,1,1,40,41943040,41943036,3495253,55924048,0.750000,8711569408,1104,35328,10,44.000000,3231426.500000,2967239.000000,6311.293945,5795.302734,1179.455996,1080.592036,15.335829,16.738913,353280,353280,353280,0,0,0,1
global_cg,uniform6_19,non_compressible,0,0,40,41943040,41943036,3495253,55924048,0.750000,8669626368,1104,35328,10,47.000000,3218383.000000,2949192.000000,6285.812500,5760.048828,1175.360024,1075.088024,15.389273,16.824609,353280,353280,353280,0,0,0,1
global_cg,uniform6_19,generic_compressible,1,1,40,41943040,41943036,3495253,55924048,0.750000,8711569408,1104,35328,10,44.000000,3229314.000000,2965932.500000,6307.167969,5792.750977,1177.872002,1081.919968,15.356453,16.718368,353280,353280,353280,0,0,0,1
global_cg,uniform6_18,non_compressible,0,0,40,41943040,41943036,3495253,55924048,0.750000,8669626368,1104,35328,10,46.000000,3220348.500000,2948342.000000,6289.653320,5758.390625,1174.783945,1075.632036,15.396819,16.816100,353280,353280,353280,0,0,0,1
global_cg,uniform6_18,generic_compressible,1,1,40,41943040,41943036,3495253,55924048,0.750000,8711569408,1104,35328,10,47.000000,3229746.000000,2962704.000000,6308.005859,5786.439453,1177.696049,1080.175996,15.358747,16.745360,353280,353280,353280,0,0,0,1
global_cg,uniform6_17,non_compressible,0,0,40,41943040,41943036,3495253,55924048,0.750000,8669626368,1104,35328,10,44.000000,3220014.500000,2952076.500000,6289.004883,5765.688477,1173.519969,1074.911952,15.413403,16.827365,353280,353280,353280,0,0,0,1
global_cg,uniform6_17,generic_compressible,1,1,40,41943040,41943036,3495253,55924048,0.750000,8711569408,1104,35328,10,47.000000,3231710.500000,2967468.000000,6311.842773,5795.744141,1178.848028,1082.591951,15.343739,16.707990,353280,353280,353280,0,0,0,1
global_cg,uniform6_16,non_compressible,0,0,40,41943040,41943036,3495253,55924048,0.750000,8669626368,1104,35328,10,44.000000,3204537.500000,2933860.500000,6258.776367,5730.110352,1175.535977,1076.016009,15.386969,16.810099,353280,353280,353280,0,0,0,1
global_cg,uniform6_16,generic_compressible,1,1,40,41943040,41943036,3495253,55924048,0.750000,8711569408,1104,35328,10,48.000000,3213097.000000,2950075.000000,6275.486328,5761.771484,1178.031981,1082.095981,15.354368,16.715648,353280,353280,353280,0,0,0,1
global_cg,uniform6_15,non_compressible,0,0,40,41943040,41943036,3495253,55924048,0.750000,8669626368,1104,35328,10,47.000000,3201013.000000,2932031.000000,6251.886719,5726.531250,1175.264001,1076.143980,15.390530,16.808100,353280,353280,353280,0,0,0,1
global_cg,uniform6_15,generic_compressible,1,1,40,41943040,41943036,3495253,55924048,0.750000,8711569408,1104,35328,10,46.000000,3211106.500000,2948023.500000,6271.602539,5757.768555,1179.648042,1081.215978,15.333333,16.729253,353280,353280,353280,0,0,0,1
global_cg,uniform6_14,non_compressible,0,0,40,41943040,41943036,3495253,55924048,0.750000,8669626368,1104,35328,10,45.000000,3220859.000000,2948983.500000,6290.652344,5759.645508,1174.640000,1074.863970,15.398706,16.828116,353280,353280,353280,0,0,0,1
global_cg,uniform6_14,generic_compressible,1,1,40,41943040,41943036,3495253,55924048,0.750000,8711569408,1104,35328,10,46.000000,3228817.500000,2966693.500000,6306.194336,5794.233398,1178.608000,1081.279993,15.346863,16.728263,353280,353280,353280,0,0,0,1
global_cg,uniform6_13,non_compressible,0,0,40,41943040,41943036,3495253,55924048,0.750000,8669626368,1104,35328,10,47.000000,3203497.500000,2944406.500000,6256.739258,5750.702148,1174.559951,1075.327992,15.399755,16.820855,353280,353280,353280,0,0,0,1
global_cg,uniform6_13,generic_compressible,1,1,40,41943040,41943036,3495253,55924048,0.750000,8711569408,1104,35328,10,46.000000,3223600.500000,2964760.500000,6296.004883,5790.458008,1179.232001,1081.696033,15.338742,16.721829,353280,353280,353280,0,0,0,1
global_cg,uniform6_12,non_compressible,0,0,40,41943040,41943036,3495253,55924048,0.750000,8669626368,1104,35328,10,48.000000,3216467.000000,2946232.000000,6282.068359,5754.265625,1173.775971,1075.855970,15.410041,16.812600,353280,353280,353280,0,0,0,1
global_cg,uniform6_12,generic_compressible,1,1,40,41943040,41943036,3495253,55924048,0.750000,8711569408,1104,35328,10,44.000000,3229823.000000,2964728.000000,6308.162109,5790.398438,1178.831995,1081.936002,15.343947,16.718120,353280,353280,353280,0,0,0,1
global_cg,uniform6_11,non_compressible,0,0,40,41943040,41943036,3495253,55924048,0.750000,8669626368,1104,35328,10,44.000000,3200867.500000,2932919.500000,6251.608398,5728.272461,1174.368024,1075.536013,15.402272,16.817601,353280,353280,353280,0,0,0,1
global_cg,uniform6_11,generic_compressible,1,1,40,41943040,41943036,3495253,55924048,0.750000,8711569408,1104,35328,10,47.000000,3220551.000000,2959364.500000,6290.046875,5779.916992,1178.592026,1082.127988,15.347071,16.715154,353280,353280,353280,0,0,0,1
global_cg,uniform6_10,non_compressible,0,0,40,41943040,41943036,3495253,55924048,0.750000,8669626368,1104,35328,10,47.000000,3202132.000000,2935175.000000,6254.072266,5732.671875,1175.440013,1075.616002,15.388226,16.816351,353280,353280,353280,0,0,0,1
global_cg,uniform6_10,generic_compressible,1,1,40,41943040,41943036,3495253,55924048,0.750000,8711569408,1104,35328,10,44.000000,3228681.000000,2961200.000000,6305.931641,5783.507812,1181.168020,1082.032025,15.313601,16.716636,353280,353280,353280,0,0,0,1
global_cg,uniform6_9,non_compressible,0,0,40,41943040,41943036,3495253,55924048,0.750000,8669626368,1104,35328,10,47.000000,3216525.000000,2948225.000000,6282.183594,5758.160156,1175.328016,1075.551987,15.389692,16.817352,353280,353280,353280,0,0,0,1
global_cg,uniform6_9,generic_compressible,1,1,40,41943040,41943036,3495253,55924048,0.750000,8711569408,1104,35328,10,46.000000,3229973.000000,2963945.500000,6308.451172,5788.866211,1177.712023,1082.032025,15.358539,16.716636,353280,353280,353280,0,0,0,1
global_cg,uniform6_8,non_compressible,0,0,40,41943040,41943036,3495253,55924048,0.750000,8669626368,1104,35328,10,44.000000,3218075.500000,2949336.000000,6285.217773,5760.335938,1173.663974,1075.856030,15.411512,16.812599,353280,353280,353280,0,0,0,1
global_cg,uniform6_8,generic_compressible,1,1,40,41943040,41943036,3495253,55924048,0.750000,8711569408,1104,35328,10,47.000000,3228413.500000,2965898.000000,6305.403320,5792.677734,1178.591967,1081.920028,15.347072,16.718367,353280,353280,353280,0,0,0,1
global_cg,uniform6_7,non_compressible,0,0,40,41943040,41943036,3495253,55924048,0.750000,8669626368,1104,35328,10,47.000000,3202736.500000,2932299.500000,6255.252930,5727.055664,1173.696041,1075.904012,15.411091,16.811849,353280,353280,353280,0,0,0,1
global_cg,uniform6_7,generic_compressible,1,1,40,41943040,41943036,3495253,55924048,0.750000,8711569408,1104,35328,10,48.000000,3213172.000000,2956347.500000,6275.632812,5774.022461,1178.656042,1081.584036,15.346238,16.723560,353280,353280,353280,0,0,0,1
global_cg,uniform6_6,non_compressible,0,0,40,41943040,41943036,3495253,55924048,0.750000,8669626368,1104,35328,10,47.000000,3217271.000000,2948747.500000,6283.640625,5759.180664,1173.759997,1076.048017,15.410251,16.809599,353280,353280,353280,0,0,0,1
global_cg,uniform6_6,generic_compressible,1,1,40,41943040,41943036,3495253,55924048,0.750000,8711569408,1104,35328,10,47.000000,3228354.500000,2963724.000000,6305.288086,5788.431641,1177.919984,1081.936002,15.355827,16.718120,353280,353280,353280,0,0,0,1
global_cg,uniform6_5,non_compressible,0,0,40,41943040,41943036,3495253,55924048,0.750000,8669626368,1104,35328,10,44.000000,3217232.000000,2949256.500000,6283.570312,5760.180664,1174.640000,1075.199962,15.398706,16.822858,353280,353280,353280,0,0,0,1
global_cg,uniform6_5,generic_compressible,1,1,40,41943040,41943036,3495253,55924048,0.750000,8711569408,1104,35328,10,46.000000,3226705.000000,2965737.500000,6302.068359,5792.366211,1177.840054,1082.064033,15.356869,16.716142,353280,353280,353280,0,0,0,1
global_cg,uniform6_4,non_compressible,0,0,40,41943040,41943036,3495253,55924048,0.750000,8669626368,1104,35328,10,47.000000,3216580.500000,2949110.000000,6282.291992,5759.888672,1173.663974,1075.616002,15.411512,16.816351,353280,353280,353280,0,0,0,1
global_cg,uniform6_4,generic_compressible,1,1,40,41943040,41943036,3495253,55924048,0.750000,8711569408,1104,35328,10,48.000000,3228289.000000,2966151.000000,6305.158203,5793.169922,1177.680016,1081.055999,15.358956,16.731729,353280,353280,353280,0,0,0,1
global_cg,uniform6_3,non_compressible,0,0,40,41943040,41943036,3495253,55924048,0.750000,8669626368,1104,35328,10,47.000000,3221026.000000,2948982.000000,6290.974609,5759.638672,1174.448013,1074.959993,15.401223,16.826613,353280,353280,353280,0,0,0,1
global_cg,uniform6_3,generic_compressible,1,1,40,41943040,41943036,3495253,55924048,0.750000,8711569408,1104,35328,10,46.000000,3229593.000000,2965172.000000,6307.708984,5791.261719,1177.727997,1082.336009,15.358331,16.711941,353280,353280,353280,0,0,0,1
global_cg,uniform6_2,non_compressible,0,0,40,41943040,41943036,3495253,55924048,0.750000,8669626368,1104,35328,10,47.000000,3201231.500000,2930777.000000,6252.313477,5724.082031,1175.375998,1075.839996,15.389064,16.812850,353280,353280,353280,0,0,0,1
global_cg,uniform6_2,generic_compressible,1,1,40,41943040,41943036,3495253,55924048,0.750000,8711569408,1104,35328,10,47.000000,3213581.500000,2947552.000000,6276.434570,5756.845703,1179.648042,1082.047999,15.333333,16.716390,353280,353280,353280,0,0,0,1
global_cg,uniform6_1,non_compressible,0,0,40,41943040,41943036,3495253,55924048,0.750000,8669626368,1104,35328,10,48.000000,3216427.000000,2950090.000000,6281.990234,5761.800781,1175.343990,1074.735999,15.389483,16.830120,353280,353280,353280,0,0,0,1
global_cg,uniform6_1,generic_compressible,1,1,40,41943040,41943036,3495253,55924048,0.750000,8711569408,1104,35328,10,47.000000,3227777.000000,2965771.000000,6304.160156,5792.429688,1177.632034,1082.032025,15.359582,16.716636,353280,353280,353280,0,0,0,1
global_cg,uniform6_0,non_compressible,0,0,40,41943040,41943036,3495253,55924048,0.750000,8669626368,1104,35328,10,46.000000,3047450.500000,2790544.500000,5951.961914,5450.192383,1175.408006,1074.992001,15.388645,16.826112,353280,353280,353280,0,0,0,1
global_cg,uniform6_0,generic_compressible,1,1,40,41943040,41943036,3495253,55924048,0.750000,8711569408,1104,35328,10,46.000000,1276470.500000,1277059.000000,2493.016602,2494.166016,470.816001,469.648004,38.418269,38.513814,353280,353280,353280,0,0,0,1
global_cg,uniform6_63,non_compressible,0,0,36,37748736,37748736,3145728,50331648,0.750000,8669626368,1104,35328,10,47.000000,1653584.500000,1278425.000000,3229.565430,2496.832031,606.224000,470.032007,29.837050,38.482350,353280,353280,353280,0,0,0,1
global_cg,uniform6_63,generic_compressible,1,1,36,37748736,37748736,3145728,50331648,0.750000,8707375104,1104,35328,10,48.000000,1278144.000000,1278285.500000,2496.281250,2496.557617,469.328001,469.567999,38.540074,38.520376,353280,353280,353280,0,0,0,1
global_cg,uniform6_62,non_compressible,0,0,36,37748736,37748736,3145728,50331648,0.750000,8669626368,1104,35328,10,46.000000,2642453.500000,2394394.000000,5160.952148,4676.460938,966.527998,874.959975,18.714343,20.672872,353280,353280,353280,0,0,0,1
global_cg,uniform6_62,generic_compressible,1,1,36,37748736,37748736,3145728,50331648,0.750000,8707375104,1104,35328,10,46.000000,2641696.500000,2394414.000000,5159.473633,4676.500000,966.496021,873.567998,18.714962,20.705813,353280,353280,353280,0,0,0,1
global_cg,uniform6_61,non_compressible,0,0,36,37748736,37748736,3145728,50331648,0.750000,8669626368,1104,35328,10,45.000000,2624832.500000,2375185.500000,5126.538086,4638.946289,964.287996,873.008013,18.757815,20.719095,353280,353280,353280,0,0,0,1
global_cg,uniform6_61,generic_compressible,1,1,36,37748736,37748736,3145728,50331648,0.750000,8707375104,1104,35328,10,44.000000,2625997.500000,2377848.000000,5128.815430,4644.148438,964.527994,872.320026,18.753148,20.735436,353280,353280,353280,0,0,0,1
global_cg,uniform6_60,non_compressible,0,0,36,37748736,37748736,3145728,50331648,0.750000,8669626368,1104,35328,10,46.000000,1649148.500000,1275198.000000,3220.903320,2490.531250,606.272012,471.823990,29.834687,38.336194,353280,353280,353280,0,0,0,1
global_cg,uniform6_60,generic_compressible,1,1,36,37748736,37748736,3145728,50331648,0.750000,8707375104,1104,35328,10,47.000000,1649730.000000,1275918.500000,3222.037109,2491.936523,606.224000,471.759990,29.837050,38.341395,353280,353280,353280,0,0,0,1
global_cg,uniform6_59,non_compressible,0,0,36,37748736,37748736,3145728,50331648,0.750000,8669626368,1104,35328,10,45.000000,1644433.000000,1277417.500000,3211.695312,2494.868164,606.703997,471.791998,29.813445,38.338794,353280,353280,353280,0,0,0,1
global_cg,uniform6_59,generic_compressible,1,1,36,37748736,37748736,3145728,50331648,0.750000,8707375104,1104,35328,10,47.000000,1647017.500000,1278245.000000,3216.739258,2496.480469,606.287986,471.584007,29.833901,38.355703,353280,353280,353280,0,0,0,1
global_cg,uniform6_58,non_compressible,0,0,36,37748736,37748736,3145728,50331648,0.750000,8669626368,1104,35328,10,47.000000,1653331.000000,1278483.500000,3229.070312,2496.946289,606.208026,470.671996,29.837837,38.430024,353280,353280,353280,0,0,0,1
global_cg,uniform6_58,generic_compressible,1,1,36,37748736,37748736,3145728,50331648,0.750000,8707375104,1104,35328,10,46.000000,1653451.500000,1278559.500000,3229.307617,2497.096680,606.239974,471.471995,29.836264,38.364815,353280,353280,353280,0,0,0,1
global_cg,uniform6_57,non_compressible,0,0,36,37748736,37748736,3145728,50331648,0.750000,8669626368,1104,35328,10,44.000000,2749936.000000,2513303.500000,5370.882812,4908.709961,1006.736040,919.967979,17.966910,19.661484,353280,353280,353280,0,0,0,1
global_cg,uniform6_57,generic_compressible,1,1,36,37748736,37748736,3145728,50331648,0.750000,8707375104,1104,35328,10,46.000000,2441270.000000,2202421.000000,4768.015625,4301.513672,1007.488012,918.623984,17.953500,19.690250,353280,353280,353280,0,0,0,1
global_cg,uniform6_56,non_compressible,0,0,36,37748736,37748736,3145728,50331648,0.750000,8669626368,1104,35328,10,46.000000,2748856.500000,2511506.500000,5368.770508,4905.196289,1003.711998,917.504013,18.021042,19.714285,353280,353280,353280,0,0,0,1
global_cg,uniform6_56,generic_compressible,1,1,36,37748736,37748736,3145728,50331648,0.750000,8707375104,1104,35328,10,46.000000,2747764.500000,2511584.000000,5366.637695,4905.347656,1003.616035,916.064024,18.022765,19.745275,353280,353280,353280,0,0,0,1
global_cg,uniform6_55,non_compressible,0,0,36,37748736,37748736,3145728,50331648,0.750000,8669626368,1104,35328,10,45.000000,2752457.500000,2517212.500000,5375.805664,4916.342773,1005.568027,919.488013,17.987780,19.671747,353280,353280,353280,0,0,0,1
global_cg,uniform6_55,generic_compressible,1,1,36,37748736,37748736,3145728,50331648,0.750000,8707375104,1104,35328,10,45.000000,2754096.500000,2517965.500000,5379.006836,4917.813477,1005.648017,918.079972,17.986349,19.701918,353280,353280,353280,0,0,0,1
global_cg,uniform6_54,non_compressible,0,0,36,37748736,37748736,3145728,50331648,0.750000,8669626368,1104,35328,10,48.000000,1653870.000000,1278654.500000,3230.121094,2497.278320,606.240004,471.855998,29.836263,38.333593,353280,353280,353280,0,0,0,1
global_cg,uniform6_54,generic_compressible,1,1,36,37748736,37748736,3145728,50331648,0.750000,8707375104,1104,35328,10,48.000000,1654276.500000,1278735.500000,3230.915039,2497.436523,606.208026,470.032007,29.837837,38.482350,353280,353280,353280,0,0,0,1
global_cg,uniform6_53,non_compressible,0,0,36,37748736,37748736,3145728,50331648,0.750000,8669626368,1104,35328,10,46.000000,1653891.500000,1278509.000000,3230.166992,2496.998047,606.239974,471.680000,29.836264,38.347897,353280,353280,353280,0,0,0,1
global_cg,uniform6_53,generic_compressible,1,1,36,37748736,37748736,3145728,50331648,0.750000,8707375104,1104,35328,10,46.000000,1654178.500000,1278503.500000,3230.727539,2496.987305,606.208026,471.791998,29.837837,38.338794,353280,353280,353280,0,0,0,1
global_cg,uniform6_52,non_compressible,0,0,36,37748736,37748736,3145728,50331648,0.750000,8669626368,1104,35328,10,48.000000,1649473.000000,1278451.000000,3221.533203,2496.880859,606.224000,471.568003,29.837050,38.357004,353280,353280,353280,0,0,0,1
global_cg,uniform6_52,generic_compressible,1,1,36,37748736,37748736,3145728,50331648,0.750000,8707375104,1104,35328,10,46.000000,1645930.000000,1278093.500000,3214.617188,2496.186523,607.440025,471.775994,29.777320,38.340094,353280,353280,353280,0,0,0,1
global_cg,uniform6_51,non_compressible,0,0,36,37748736,37748736,3145728,50331648,0.750000,8669626368,1104,35328,10,46.000000,1647777.000000,1278139.000000,3218.224609,2496.275391,606.240004,471.808001,29.836263,38.337493,353280,353280,353280,0,0,0,1
global_cg,uniform6_51,generic_compressible,1,1,36,37748736,37748736,3145728,50331648,0.750000,8707375104,1104,35328,10,47.000000,1618909.000000,1277864.000000,3161.839844,2495.736328,607.264012,471.616000,29.785951,38.353101,353280,353280,353280,0,0,0,1
global_cg,uniform6_50,non_compressible,0,0,36,37748736,37748736,3145728,50331648,0.750000,8669626368,1104,35328,10,48.000000,1623801.500000,1276224.000000,3171.393555,2492.531250,606.384009,471.791998,29.829177,38.338794,353280,353280,353280,0,0,0,1
global_cg,uniform6_50,generic_compressible,1,1,36,37748736,37748736,3145728,50331648,0.750000,8707375104,1104,35328,10,48.000000,1625364.000000,1276740.000000,3174.445312,2493.539062,607.135981,472.112000,29.792232,38.312807,353280,353280,353280,0,0,0,1
global_cg,uniform6_49,non_compressible,0,0,36,37748736,37748736,3145728,50331648,0.750000,8669626368,1104,35328,10,46.000000,2747488.000000,2512177.000000,5366.097656,4906.505859,1005.744040,920.031995,17.984632,19.660116,353280,353280,353280,0,0,0,1
global_cg,uniform6_49,generic_compressible,1,1,36,37748736,37748736,3145728,50331648,0.750000,8707375104,1104,35328,10,46.000000,2753867.000000,2518409.000000,5378.556641,4918.677734,1005.840003,919.407994,17.982916,19.673460,353280,353280,353280,0,0,0,1
global_cg,uniform6_48,non_compressible,0,0,36,37748736,37748736,3145728,50331648,0.750000,8669626368,1104,35328,10,45.000000,2752802.000000,2514016.000000,5376.478516,4910.099609,1005.568027,917.439997,17.987780,19.715661,353280,353280,353280,0,0,0,1
global_cg,uniform6_48,generic_compressible,1,1,36,37748736,37748736,3145728,50331648,0.750000,8707375104,1104,35328,10,45.000000,2752540.000000,2515421.500000,5375.966797,4912.844727,1005.391955,918.063998,17.990930,19.702260,353280,353280,353280,0,0,0,1
global_cg,uniform6_47,non_compressible,0,0,36,37748736,37748736,3145728,50331648,0.750000,8669626368,1104,35328,10,48.000000,1653890.000000,1278444.500000,3230.160156,2496.868164,606.208026,471.440002,29.837837,38.367419,353280,353280,353280,0,0,0,1
global_cg,uniform6_47,generic_compressible,1,1,36,37748736,37748736,3145728,50331648,0.750000,8707375104,1104,35328,10,46.000000,1653211.000000,1278455.000000,3228.837891,2496.892578,606.176019,470.080003,29.839412,38.478420,353280,353280,353280,0,0,0,1
global_cg,uniform6_46,non_compressible,0,0,36,37748736,37748736,3145728,50331648,0.750000,8669626368,1104,35328,10,47.000000,1634931.000000,1277242.500000,3193.132812,2494.522461,607.023984,471.775994,29.797729,38.340094,353280,353280,353280,0,0,0,1
global_cg,uniform6_46,generic_compressible,1,1,36,37748736,37748736,3145728,50331648,0.750000,8707375104,1104,35328,10,47.000000,1636044.000000,1277485.500000,3195.306641,2494.997070,606.991976,471.711993,29.799300,38.345296,353280,353280,353280,0,0,0,1
global_cg,uniform6_45,non_compressible,0,0,36,37748736,37748736,3145728,50331648,0.750000,8669626368,1104,35328,10,46.000000,1652911.000000,1278375.500000,3228.251953,2496.737305,606.208026,471.744001,29.837837,38.342694,353280,353280,353280,0,0,0,1
global_cg,uniform6_45,generic_compressible,1,1,36,37748736,37748736,3145728,50331648,0.750000,8707375104,1104,35328,10,47.000000,1653990.000000,1278360.500000,3230.357422,2496.706055,606.224000,471.647993,29.837050,38.350499,353280,353280,353280,0,0,0,1
global_cg,uniform6_44,non_compressible,0,0,36,37748736,37748736,3145728,50331648,0.750000,8669626368,1104,35328,10,48.000000,1653077.000000,1278149.500000,3228.572266,2496.291992,606.240004,471.663997,29.836263,38.349198,353280,353280,353280,0,0,0,1
global_cg,uniform6_44,generic_compressible,1,1,36,37748736,37748736,3145728,50331648,0.750000,8707375104,1104,35328,10,46.000000,1653089.500000,1278439.500000,3228.600586,2496.862305,606.208026,471.680000,29.837837,38.347897,353280,353280,353280,0,0,0,1
global_cg,uniform6_43,non_compressible,0,0,36,37748736,37748736,3145728,50331648,0.750000,8669626368,1104,35328,10,46.000000,2756559.000000,2520731.500000,5383.814453,4923.213867,1007.616043,920.239985,17.951219,19.655673,353280,353280,353280,0,0,0,1
global_cg,uniform6_43,generic_compressible,1,1,36,37748736,37748736,3145728,50331648,0.750000,8707375104,1104,35328,10,46.000000,2756348.500000,2521640.000000,5383.403320,4924.988281,1005.632043,918.656021,17.986635,19.689563,353280,353280,353280,0,0,0,1
global_cg,uniform6_42,non_compressible,0,0,36,37748736,37748736,3145728,50331648,0.750000,8669626368,1104,35328,10,45.000000,2753896.500000,2518043.000000,5378.616211,4917.964844,1005.568027,918.208003,17.987780,19.699170,353280,353280,353280,0,0,0,1
global_cg,uniform6_42,generic_compressible,1,1,36,37748736,37748736,3145728,50331648,0.750000,8707375104,1104,35328,10,46.000000,2574632.000000,2517981.000000,5028.488281,4917.841797,940.016001,917.216003,19.242158,19.720476,353280,353280,353280,0,0,0,1
global_cg,uniform6_41,non_compressible,0,0,36,37748736,37748736,3145728,50331648,0.750000,8669626368,1104,35328,10,47.000000,1653537.500000,1278484.000000,3229.473633,2496.947266,606.335998,471.695989,29.831539,38.346597,353280,353280,353280,0,0,0,1
global_cg,uniform6_41,generic_compressible,1,1,36,37748736,37748736,3145728,50331648,0.750000,8707375104,1104,35328,10,47.000000,1653584.500000,1278479.000000,3229.565430,2496.937500,606.287986,471.760005,29.833901,38.341394,353280,353280,353280,0,0,0,1
global_cg,uniform6_40,non_compressible,0,0,36,37748736,37748736,3145728,50331648,0.750000,8669626368,1104,35328,10,46.000000,1653761.000000,1278065.500000,3229.912109,2496.131836,606.303990,471.760005,29.833114,38.341394,353280,353280,353280,0,0,0,1
global_cg,uniform6_40,generic_compressible,1,1,36,37748736,37748736,3145728,50331648,0.750000,8707375104,1104,35328,10,47.000000,1653526.500000,1278257.000000,3229.452148,2496.503906,606.224000,470.175996,29.837050,38.470565,353280,353280,353280,0,0,0,1
global_cg,uniform6_39,non_compressible,0,0,36,37748736,37748736,3145728,50331648,0.750000,8669626368,1104,35328,10,47.000000,1652764.000000,1277997.000000,3227.962891,2495.996094,606.208026,471.696004,29.837837,38.346596,353280,353280,353280,0,0,0,1
global_cg,uniform6_39,generic_compressible,1,1,36,37748736,37748736,3145728,50331648,0.750000,8707375104,1104,35328,10,48.000000,1654102.000000,1279034.500000,3230.574219,2498.020508,606.208026,471.680000,29.837837,38.347897,353280,353280,353280,0,0,0,1
global_cg,uniform6_38,non_compressible,0,0,36,37748736,37748736,3145728,50331648,0.750000,8669626368,1104,35328,10,47.500000,1652820.000000,1278340.000000,3228.071289,2496.665039,606.192023,471.872002,29.838624,38.332293,353280,353280,353280,0,0,0,1
global_cg,uniform6_38,generic_compressible,1,1,36,37748736,37748736,3145728,50331648,0.750000,8707375104,1104,35328,10,48.000000,1653707.500000,1278607.500000,3229.803711,2497.186523,606.144011,470.944002,29.840988,38.407827,353280,353280,353280,0,0,0,1
global_cg,uniform6_37,non_compressible,0,0,36,37748736,37748736,3145728,50331648,0.750000,8669626368,1104,35328,10,46.000000,1647888.000000,1276115.000000,3218.441406,2492.322266,607.183993,471.632004,29.789876,38.351799,353280,353280,353280,0,0,0,1
global_cg,uniform6_37,generic_compressible,1,1,36,37748736,37748736,3145728,50331648,0.750000,8707375104,1104,35328,10,46.000000,1650951.000000,1276204.000000,3224.423828,2492.496094,606.224000,471.807986,29.837050,38.337494,353280,353280,353280,0,0,0,1
global_cg,uniform6_36,non_compressible,0,0,36,37748736,37748736,3145728,50331648,0.750000,8669626368,1104,35328,10,48.000000,1653416.500000,1278500.500000,3229.235352,2496.977539,606.303990,471.680000,29.833114,38.347897,353280,353280,353280,0,0,0,1
global_cg,uniform6_36,generic_compressible,1,1,36,37748736,37748736,3145728,50331648,0.750000,8707375104,1104,35328,10,47.000000,1654025.500000,1278515.500000,3230.426758,2497.008789,606.240004,471.663997,29.836263,38.349198,353280,353280,353280,0,0,0,1
global_cg,uniform6_35,non_compressible,0,0,36,37748736,37748736,3145728,50331648,0.750000,8669626368,1104,35328,10,46.000000,1637932.500000,1276966.000000,3198.997070,2493.984375,607.183993,471.872002,29.789876,38.332293,353280,353280,353280,0,0,0,1
global_cg,uniform6_35,generic_compressible,1,1,36,37748736,37748736,3145728,50331648,0.750000,8707375104,1104,35328,10,47.500000,1648577.500000,1277301.500000,3219.785156,2494.636719,606.208026,471.791998,29.837837,38.338794,353280,353280,353280,0,0,0,1
global_cg,uniform6_34,non_compressible,0,0,36,37748736,37748736,3145728,50331648,0.750000,8669626368,1104,35328,10,46.000000,1653011.000000,1278019.500000,3228.447266,2496.041992,606.239974,470.223993,29.836264,38.466638,353280,353280,353280,0,0,0,1
global_cg,uniform6_34,generic_compressible,1,1,36,37748736,37748736,3145728,50331648,0.750000,8707375104,1104,35328,10,46.000000,1653434.000000,1278249.000000,3229.273438,2496.490234,606.208026,470.816001,29.837837,38.418269,353280,353280,353280,0,0,0,1
global_cg,uniform6_33,non_compressible,0,0,36,37748736,37748736,3145728,50331648,0.750000,8669626368,1104,35328,10,46.000000,1660192.500000,1283982.000000,3242.473633,2507.687500,608.271986,471.919999,29.736592,38.328395,353280,353280,353280,0,0,0,1
global_cg,uniform6_33,generic_compressible,1,1,36,37748736,37748736,3145728,50331648,0.750000,8707375104,1104,35328,10,46.000000,1659503.500000,1283910.500000,3241.127930,2507.547852,606.287986,471.872002,29.833901,38.332293,353280,353280,353280,0,0,0,1
global_cg,uniform6_32,non_compressible,0,0,36,37748736,37748736,3145728,50331648,0.750000,8669626368,1104,35328,10,45.000000,2753881.000000,2519768.000000,5378.585938,4921.333984,1005.568027,919.568002,17.987780,19.670036,353280,353280,353280,0,0,0,1
global_cg,uniform6_32,generic_compressible,1,1,36,37748736,37748736,3145728,50331648,0.750000,8707375104,1104,35328,10,46.000000,2755013.500000,2520422.000000,5380.795898,4922.609375,1007.535994,918.399990,17.952645,19.695052,353280,353280,353280,0,0,0,1
global_cg,uniform6_31,non_compressible,0,0,36,37748736,37748736,3145728,50331648,0.750000,8669626368,1104,35328,10,46.000000,1660201.000000,1284135.500000,3242.490234,2507.987305,606.384009,471.919999,29.829177,38.328395,353280,353280,353280,0,0,0,1
global_cg,uniform6_31,generic_compressible,1,1,36,37748736,37748736,3145728,50331648,0.750000,8707375104,1104,35328,10,44.000000,1661162.000000,1282569.500000,3244.371094,2504.932617,606.208026,471.664011,29.837837,38.349197,353280,353280,353280,0,0,0,1
global_cg,uniform6_30,non_compressible,0,0,36,37748736,37748736,3145728,50331648,0.750000,8669626368,1104,35328,10,46.000000,1654028.500000,1278665.000000,3230.434570,2497.302734,606.208026,471.967995,29.837837,38.324497,353280,353280,353280,0,0,0,1
global_cg,uniform6_30,generic_compressible,1,1,36,37748736,37748736,3145728,50331648,0.750000,8707375104,1104,35328,10,46.000000,1653508.000000,1278524.000000,3229.417969,2497.027344,606.192023,471.744001,29.838624,38.342694,353280,353280,353280,0,0,0,1
global_cg,uniform6_29,non_compressible,0,0,36,37748736,37748736,3145728,50331648,0.750000,8669626368,1104,35328,10,46.000000,1653622.500000,1278436.500000,3229.641602,2496.856445,606.192023,471.551999,29.838624,38.358306,353280,353280,353280,0,0,0,1
global_cg,uniform6_29,generic_compressible,1,1,36,37748736,37748736,3145728,50331648,0.750000,8707375104,1104,35328,10,48.000000,1651846.000000,1277423.000000,3226.167969,2494.873047,607.104003,470.944002,29.793801,38.407827,353280,353280,353280,0,0,0,1
global_cg,uniform6_28,non_compressible,0,0,36,37748736,37748736,3145728,50331648,0.750000,8669626368,1104,35328,10,47.000000,1650551.500000,1276208.500000,3223.641602,2492.502930,607.136011,471.648008,29.792231,38.350498,353280,353280,353280,0,0,0,1
global_cg,uniform6_28,generic_compressible,1,1,36,37748736,37748736,3145728,50331648,0.750000,8707375104,1104,35328,10,48.000000,1649856.500000,1274680.000000,3222.282227,2489.515625,606.240004,471.807986,29.836263,38.337494,353280,353280,353280,0,0,0,1
global_cg,uniform6_27,non_compressible,0,0,36,37748736,37748736,3145728,50331648,0.750000,8669626368,1104,35328,10,44.000000,1653017.000000,1277634.000000,3228.462891,2495.292969,606.256008,471.696004,29.835475,38.346596,353280,353280,353280,0,0,0,1
global_cg,uniform6_27,generic_compressible,1,1,36,37748736,37748736,3145728,50331648,0.750000,8707375104,1104,35328,10,46.000000,1651629.000000,1276801.000000,3225.748047,2493.662109,606.208026,471.903995,29.837837,38.329695,353280,353280,353280,0,0,0,1
global_cg,uniform6_26,non_compressible,0,0,36,37748736,37748736,3145728,50331648,0.750000,8669626368,1104,35328,10,47.000000,1654066.500000,1278307.000000,3230.506836,2496.601562,606.303990,470.592007,29.833114,38.436556,353280,353280,353280,0,0,0,1
global_cg,uniform6_26,generic_compressible,1,1,36,37748736,37748736,3145728,50331648,0.750000,8707375104,1104,35328,10,48.000000,1654271.500000,1279099.500000,3230.905273,2498.147461,606.208026,471.696004,29.837837,38.346596,353280,353280,353280,0,0,0,1
global_cg,uniform6_25,non_compressible,0,0,36,37748736,37748736,3145728,50331648,0.750000,8669626368,1104,35328,10,46.000000,1653782.000000,1278725.000000,3229.953125,2497.419922,606.255978,471.711993,29.835477,38.345296,353280,353280,353280,0,0,0,1
global_cg,uniform6_25,generic_compressible,1,1,36,37748736,37748736,3145728,50331648,0.750000,8707375104,1104,35328,10,48.000000,1655000.500000,1279289.000000,3232.329102,2498.517578,606.144011,471.423998,29.840988,38.368721,353280,353280,353280,0,0,0,1
global_cg,uniform6_24,non_compressible,0,0,36,37748736,37748736,3145728,50331648,0.750000,8669626368,1104,35328,10,45.000000,1653549.500000,1278588.000000,3229.500977,2497.154297,606.192023,471.663997,29.838624,38.349198,353280,353280,353280,0,0,0,1
global_cg,uniform6_24,generic_compressible,1,1,36,37748736,37748736,3145728,50331648,0.750000,8707375104,1104,35328,10,46.000000,1653109.500000,1278510.000000,3228.639648,2497.000000,606.208026,471.616000,29.837837,38.353101,353280,353280,353280,0,0,0,1
global_cg,uniform6_23,non_compressible,0,0,36,37748736,37748736,3145728,50331648,0.750000,8669626368,1104,35328,10,46.000000,1653290.500000,1278435.000000,3228.993164,2496.853516,606.208026,471.679986,29.837837,38.347898,353280,353280,353280,0,0,0,1
global_cg,uniform6_23,generic_compressible,1,1,36,37748736,37748736,3145728,50331648,0.750000,8707375104,1104,35328,10,46.000000,1653825.000000,1278372.500000,3230.037109,2496.731445,606.208026,470.032007,29.837837,38.482350,353280,353280,353280,0,0,0,1
global_cg,uniform6_22,non_compressible,0,0,36,37748736,37748736,3145728,50331648,0.750000,8669626368,1104,35328,10,47.000000,1638275.000000,1276679.000000,3199.664062,2493.421875,606.447995,471.696004,29.826030,38.346596,353280,353280,353280,0,0,0,1
global_cg,uniform6_22,generic_compressible,1,1,36,37748736,37748736,3145728,50331648,0.750000,8707375104,1104,35328,10,48.000000,1648575.000000,1277798.000000,3219.779297,2495.605469,606.208026,470.896006,29.837837,38.411742,353280,353280,353280,0,0,0,1
global_cg,uniform6_21,non_compressible,0,0,36,37748736,37748736,3145728,50331648,0.750000,8669626368,1104,35328,10,46.000000,1653471.500000,1278620.000000,3229.346680,2497.214844,606.208026,471.423998,29.837837,38.368721,353280,353280,353280,0,0,0,1
global_cg,uniform6_21,generic_compressible,1,1,36,37748736,37748736,3145728,50331648,0.750000,8707375104,1104,35328,10,46.000000,1374950.500000,1279366.000000,2685.360352,2498.671875,503.888011,469.792008,35.896738,38.502009,353280,353280,353280,0,0,0,1
global_cg,uniform6_20,non_compressible,0,0,36,37748736,37748736,3145728,50331648,0.750000,8669626368,1104,35328,10,48.000000,1649635.000000,1275662.000000,3221.849609,2491.433594,608.208001,471.872002,29.739721,38.332293,353280,353280,353280,0,0,0,1
global_cg,uniform6_20,generic_compressible,1,1,36,37748736,37748736,3145728,50331648,0.750000,8707375104,1104,35328,10,46.000000,1650438.500000,1276388.000000,3223.422852,2492.855469,607.183993,471.664011,29.789876,38.349197,353280,353280,353280,0,0,0,1
global_cg,uniform6_19,non_compressible,0,0,36,37748736,37748736,3145728,50331648,0.750000,8669626368,1104,35328,10,44.000000,1645979.000000,1274518.500000,3214.716797,2489.208008,607.807994,473.696008,29.759293,38.184692,353280,353280,353280,0,0,0,1
global_cg,uniform6_19,generic_compressible,1,1,36,37748736,37748736,3145728,50331648,0.750000,8707375104,1104,35328,10,48.000000,1646931.000000,1275250.000000,3216.568359,2490.628906,606.303990,471.967995,29.833114,38.324497,353280,353280,353280,0,0,0,1
global_cg,uniform6_18,non_compressible,0,0,36,37748736,37748736,3145728,50331648,0.750000,8669626368,1104,35328,10,46.000000,1647231.500000,1277670.500000,3217.159180,2495.360352,606.384009,471.903995,29.829177,38.329695,353280,353280,353280,0,0,0,1
global_cg,uniform6_18,generic_compressible,1,1,36,37748736,37748736,3145728,50331648,0.750000,8707375104,1104,35328,10,47.000000,1649319.000000,1278264.500000,3221.234375,2496.518555,606.208026,471.791998,29.837837,38.338794,353280,353280,353280,0,0,0,1
global_cg,uniform6_17,non_compressible,0,0,36,37748736,37748736,3145728,50331648,0.750000,8669626368,1104,35328,10,46.000000,1653311.500000,1278064.500000,3229.034180,2496.129883,606.192023,471.744001,29.838624,38.342694,353280,353280,353280,0,0,0,1
global_cg,uniform6_17,generic_compressible,1,1,36,37748736,37748736,3145728,50331648,0.750000,8707375104,1104,35328,10,48.000000,1654091.000000,1278544.000000,3230.552734,2497.062500,606.224000,471.280009,29.837050,38.380444,353280,353280,353280,0,0,0,1
global_cg,uniform6_16,non_compressible,0,0,36,37748736,37748736,3145728,50331648,0.750000,8669626368,1104,35328,10,47.000000,1654011.500000,1278497.000000,3230.399414,2496.972656,606.256008,471.744001,29.835475,38.342694,353280,353280,353280,0,0,0,1
global_cg,uniform6_16,generic_compressible,1,1,36,37748736,37748736,3145728,50331648,0.750000,8707375104,1104,35328,10,46.000000,1653889.500000,1278718.000000,3230.163086,2497.406250,606.144011,470.111996,29.840988,38.475802,353280,353280,353280,0,0,0,1
global_cg,uniform6_15,non_compressible,0,0,36,37748736,37748736,3145728,50331648,0.750000,8669626368,1104,35328,10,48.000000,1653598.500000,1278338.000000,3229.590820,2496.660156,606.208026,471.807986,29.837837,38.337494,353280,353280,353280,0,0,0,1
global_cg,uniform6_15,generic_compressible,1,1,36,37748736,37748736,3145728,50331648,0.750000,8707375104,1104,35328,10,45.000000,1653854.500000,1278345.500000,3230.096680,2496.680664,606.287986,471.168011,29.833901,38.389567,353280,353280,353280,0,0,0,1
global_cg,uniform6_14,non_compressible,0,0,36,37748736,37748736,3145728,50331648,0.750000,8669626368,1104,35328,10,47.000000,1653123.000000,1278221.000000,3228.664062,2496.433594,606.176019,471.696004,29.839412,38.346596,353280,353280,353280,0,0,0,1
global_cg,uniform6_14,generic_compressible,1,1,36,37748736,37748736,3145728,50331648,0.750000,8707375104,1104,35328,10,48.000000,1654233.000000,1278927.000000,3230.830078,2497.810547,606.224000,471.312001,29.837050,38.377839,353280,353280,353280,0,0,0,1
global_cg,uniform6_13,non_compressible,0,0,36,37748736,37748736,3145728,50331648,0.750000,8669626368,1104,35328,10,48.000000,1650056.000000,1276121.500000,3222.671875,2492.331055,608.160019,471.760005,29.742067,38.341394,353280,353280,353280,0,0,0,1
global_cg,uniform6_13,generic_compressible,1,1,36,37748736,37748736,3145728,50331648,0.750000,8707375104,1104,35328,10,47.000000,1649899.000000,1275535.500000,3222.367188,2491.188477,606.383979,471.711993,29.829179,38.345296,353280,353280,353280,0,0,0,1
global_cg,uniform6_12,non_compressible,0,0,36,37748736,37748736,3145728,50331648,0.750000,8669626368,1104,35328,10,48.000000,1653090.500000,1278296.500000,3228.598633,2496.579102,606.208026,471.696004,29.837837,38.346596,353280,353280,353280,0,0,0,1
global_cg,uniform6_12,generic_compressible,1,1,36,37748736,37748736,3145728,50331648,0.750000,8707375104,1104,35328,10,48.000000,1653562.500000,1278353.500000,3229.520508,2496.690430,606.255978,471.632004,29.835477,38.351799,353280,353280,353280,0,0,0,1
global_cg,uniform6_11,non_compressible,0,0,36,37748736,37748736,3145728,50331648,0.750000,8669626368,1104,35328,10,46.000000,1633230.500000,1277400.500000,3189.813477,2494.833008,606.304020,471.695989,29.833112,38.346597,353280,353280,353280,0,0,0,1
global_cg,uniform6_11,generic_compressible,1,1,36,37748736,37748736,3145728,50331648,0.750000,8707375104,1104,35328,10,46.000000,1633314.500000,1277590.000000,3189.977539,2495.203125,606.239974,471.919999,29.836264,38.328395,353280,353280,353280,0,0,0,1
global_cg,uniform6_10,non_compressible,0,0,36,37748736,37748736,3145728,50331648,0.750000,8669626368,1104,35328,10,48.000000,1652695.000000,1278115.000000,3227.826172,2496.224609,606.255978,471.807986,29.835477,38.337494,353280,353280,353280,0,0,0,1
global_cg,uniform6_10,generic_compressible,1,1,36,37748736,37748736,3145728,50331648,0.750000,8707375104,1104,35328,10,48.000000,1654265.500000,1278703.000000,3230.893555,2497.373047,606.239974,471.055999,29.836264,38.398696,353280,353280,353280,0,0,0,1
global_cg,uniform6_9,non_compressible,0,0,36,37748736,37748736,3145728,50331648,0.750000,8669626368,1104,35328,10,47.000000,1653931.500000,1278314.500000,3230.243164,2496.616211,606.287986,471.632004,29.833901,38.351799,353280,353280,353280,0,0,0,1
global_cg,uniform6_9,generic_compressible,1,1,36,37748736,37748736,3145728,50331648,0.750000,8707375104,1104,35328,10,48.000000,1653904.000000,1278429.000000,3230.187500,2496.837891,606.303990,471.680000,29.833114,38.347897,353280,353280,353280,0,0,0,1
global_cg,uniform6_8,non_compressible,0,0,36,37748736,37748736,3145728,50331648,0.750000,8669626368,1104,35328,10,47.000000,1654152.500000,1278457.500000,3230.674805,2496.895508,606.208026,471.551999,29.837837,38.358306,353280,353280,353280,0,0,0,1
global_cg,uniform6_8,generic_compressible,1,1,36,37748736,37748736,3145728,50331648,0.750000,8707375104,1104,35328,10,48.000000,1654502.500000,1278997.000000,3231.356445,2497.947266,606.144011,469.951987,29.840988,38.488902,353280,353280,353280,0,0,0,1
global_cg,uniform6_7,non_compressible,0,0,36,37748736,37748736,3145728,50331648,0.750000,8669626368,1104,35328,10,46.000000,1654150.500000,1278806.000000,3230.672852,2497.578125,606.191993,471.679986,29.838626,38.347898,353280,353280,353280,0,0,0,1
global_cg,uniform6_7,generic_compressible,1,1,36,37748736,37748736,3145728,50331648,0.750000,8707375104,1104,35328,10,48.000000,1654175.000000,1278669.500000,3230.716797,2497.307617,606.160015,470.735997,29.840200,38.424799,353280,353280,353280,0,0,0,1
global_cg,uniform6_6,non_compressible,0,0,36,37748736,37748736,3145728,50331648,0.750000,8669626368,1104,35328,10,48.000000,1649295.500000,1277851.500000,3221.186523,2495.709961,606.224000,471.008003,29.837050,38.402609,353280,353280,353280,0,0,0,1
global_cg,uniform6_6,generic_compressible,1,1,36,37748736,37748736,3145728,50331648,0.750000,8707375104,1104,35328,10,48.000000,1644359.000000,1277938.000000,3211.544922,2495.878906,606.208026,471.871987,29.837837,38.332295,353280,353280,353280,0,0,0,1
global_cg,uniform6_5,non_compressible,0,0,36,37748736,37748736,3145728,50331648,0.750000,8669626368,1104,35328,10,46.000000,1638985.500000,1278302.000000,3201.053711,2496.593750,606.303990,471.680000,29.833114,38.347897,353280,353280,353280,0,0,0,1
global_cg,uniform6_5,generic_compressible,1,1,36,37748736,37748736,3145728,50331648,0.750000,8707375104,1104,35328,10,47.000000,1638056.500000,1278613.000000,3199.237305,2497.199219,606.400013,471.663997,29.828390,38.349198,353280,353280,353280,0,0,0,1
global_cg,uniform6_4,non_compressible,0,0,36,37748736,37748736,3145728,50331648,0.750000,8669626368,1104,35328,10,47.000000,1653284.000000,1278464.000000,3228.978516,2496.908203,606.208026,470.784009,29.837837,38.420880,353280,353280,353280,0,0,0,1
global_cg,uniform6_4,generic_compressible,1,1,36,37748736,37748736,3145728,50331648,0.750000,8707375104,1104,35328,10,48.000000,1653481.000000,1278515.000000,3229.361328,2497.005859,606.208026,470.128000,29.837837,38.474492,353280,353280,353280,0,0,0,1
global_cg,uniform6_3,non_compressible,0,0,36,37748736,37748736,3145728,50331648,0.750000,8669626368,1104,35328,10,47.000000,1653687.000000,1278170.000000,3229.765625,2496.333984,606.224000,471.807986,29.837050,38.337494,353280,353280,353280,0,0,0,1
global_cg,uniform6_3,generic_compressible,1,1,36,37748736,37748736,3145728,50331648,0.750000,8707375104,1104,35328,10,48.000000,1654185.500000,1278658.500000,3230.737305,2497.286133,606.271982,470.847994,29.834689,38.415659,353280,353280,353280,0,0,0,1
global_cg,uniform6_2,non_compressible,0,0,36,37748736,37748736,3145728,50331648,0.750000,8669626368,1104,35328,10,46.000000,1653572.000000,1278024.500000,3229.542969,2496.051758,606.224000,471.663997,29.837050,38.349198,353280,353280,353280,0,0,0,1
global_cg,uniform6_2,generic_compressible,1,1,36,37748736,37748736,3145728,50331648,0.750000,8707375104,1104,35328,10,47.000000,1653847.000000,1278234.000000,3230.078125,2496.458984,606.240004,470.047995,29.836263,38.481041,353280,353280,353280,0,0,0,1
global_cg,uniform6_1,non_compressible,0,0,36,37748736,37748736,3145728,50331648,0.750000,8669626368,1104,35328,10,47.000000,1653424.000000,1278110.500000,3229.251953,2496.217773,606.208026,470.960006,29.837837,38.406522,353280,353280,353280,0,0,0,1
global_cg,uniform6_1,generic_compressible,1,1,36,37748736,37748736,3145728,50331648,0.750000,8707375104,1104,35328,10,47.000000,1653658.000000,1278306.000000,3229.708984,2496.599609,606.208026,470.144004,29.837837,38.473182,353280,353280,353280,0,0,0,1
global_cg,uniform6_0,non_compressible,0,0,36,37748736,37748736,3145728,50331648,0.750000,8669626368,1104,35328,10,48.000000,1652927.500000,1278174.500000,3228.280273,2496.340820,606.224000,469.919994,29.837050,38.491522,353280,353280,353280,0,0,0,1
global_cg,uniform6_0,generic_compressible,1,1,36,37748736,37748736,3145728,50331648,0.750000,8707375104,1104,35328,10,46.000000,1278315.500000,1278667.000000,2496.620117,2497.306641,470.128000,469.776005,38.474492,38.503320,353280,353280,353280,0,0,0,1
