epoch_utc,gps_id,norad_id,name,dx_km,dy_km,dz_km,position_error_km
2026-08-15T18:00:00Z,G22,26407,GPS BIIR-5  (PRN 22),-46.51804205999997,18.294031996998456,-0.4608947109991277,49.98812126633443
2026-08-15T18:00:00Z,G16,27663,GPS BIIR-8  (PRN 16),31.04538559499997,-14.900432656999783,-37.87557620299958,51.18982450465371
2026-08-15T18:00:00Z,G19,28190,GPS BIIR-11 (PRN 19),-14.506823834999523,-5.95783054000276,53.81599687800008,56.05448423182586
2026-08-15T18:00:00Z,G02,28474,GPS BIIR-13 (PRN 02),-2.604927737000253,-52.579802179000126,5.847385512999608,52.96803907107962
2026-08-15T18:00:00Z,G17,28874,GPS BIIRM-1 (PRN 17),-30.86636935399929,-19.18024680900271,36.0922372419991,51.21781149057925
2026-08-15T18:00:00Z,G31,29486,GPS BIIRM-2 (PRN 31),6.5437064159996225,-38.17810426399956,34.787326587997086,52.06290262741393
2026-08-15T18:00:00Z,G12,29601,GPS BIIRM-3 (PRN 12),2.644642487000965,6.940977983000266,59.957339418,60.41567560931353
2026-08-15T18:00:00Z,G15,32260,GPS BIIRM-4 (PRN 15),27.166016249000677,17.130339783999943,-43.96917614399899,54.44932902009234
2026-08-15T18:00:00Z,G29,32384,GPS BIIRM-5 (PRN 29),42.838242316000105,32.464659421999386,-3.1163670610003464,53.840327448573746
2026-08-15T18:00:00Z,G07,32711,GPS BIIRM-6 (PRN 07),-6.490480056999331,-20.439456050000445,-55.95775094500004,59.92635134740692
2026-08-15T18:00:00Z,G05,35752,GPS BIIRM-8 (PRN 05),-21.67540299599932,15.879839745000027,-48.44450438499916,55.39731410884522
2026-08-15T18:00:00Z,G25,36585,GPS BIIF-1  (PRN 25),24.9757592629976,-5.254903848999675,52.315099384999485,58.20886692667892
2026-08-15T18:00:00Z,G24,38833,GPS BIIF-3  (PRN 24),9.587150355000631,83.91944376100037,17.146373015999416,86.18807690561894
2026-08-15T18:00:00Z,G27,39166,GPS BIIF-4  (PRN 27),-2.5173808470026415,-8.911674200000562,-56.91330973999993,57.66177216264674
2026-08-15T18:00:00Z,G30,39533,GPS BIIF-5  (PRN 30),-9.652668966999954,10.589080814999761,-58.45656030899954,60.186976114877055
2026-08-15T18:00:00Z,G06,39741,GPS BIIF-6  (PRN 06),-5.758433582999714,25.88516703699861,49.46883070500007,56.12812700583457
2026-08-15T18:00:00Z,G09,40105,GPS BIIF-7  (PRN 09),-46.06316685999991,-27.70625206600016,-6.7274971320002805,54.172972618991516
2026-08-15T18:00:00Z,G03,40294,GPS BIIF-8  (PRN 03),-4.384479035001277,-4.158101359000284,61.57400143600012,61.86979162855351
2026-08-15T18:00:00Z,G26,40534,GPS BIIF-9  (PRN 26),38.35226589300146,-25.394960748999438,-11.174841593001474,47.33579422804038
2026-08-15T18:00:00Z,G08,40730,GPS BIIF-10 (PRN 08),-23.156128051999985,-18.95303825000019,-44.10037945300064,53.294159090516025
2026-08-15T18:00:00Z,G10,41019,GPS BIIF-11 (PRN 10),46.62171319699996,-21.10501152500001,-11.92486260700025,52.54719784241151
2026-08-15T18:00:00Z,G32,41328,GPS BIIF-12 (PRN 32),26.351414521999686,13.100180475001252,45.19876307099912,53.93458963351973
2026-08-15T18:00:00Z,G04,43873,GPS BIII-1  (PRN 04),-37.64004997700067,-29.32081359499989,20.92439014699994,52.099074609514005
2026-08-15T18:00:00Z,G18,44506,GPS BIII-2  (PRN 18),4.024631664000481,14.430236075997527,-56.083777216999806,58.0501459099455
2026-08-15T18:00:00Z,G23,45854,GPS BIII-3  (PRN 23),35.56915266099895,-15.29329985000004,-38.91235494799912,54.892813818591335
2026-08-15T18:00:00Z,G14,46826,GPS BIII-4  (PRN 14),-42.53130460699981,18.106931168997107,-18.97580311800266,49.968529415076866
2026-08-15T18:00:00Z,G11,48859,GPS BIII-5  (PRN 11),-7.014204044999133,44.398906562000775,25.811868306001998,51.833526869513214
2026-08-15T18:00:00Z,G28,55268,GPS BIII-6  (PRN 28),5.186025592000078,-20.641633475999697,51.98562749000121,56.173635804775536
2026-08-15T18:00:00Z,G01,62339,GPS BIII-7  (PRN 01),2.6305702419995214,-42.759405131000676,30.3393926189965,52.49538428704718
2026-08-15T18:00:00Z,G21,64202,GPS BIII-8  (PRN 21),-38.1198480109997,21.809942357000182,-26.920209613002953,51.51207706553294
2026-08-15T18:00:00Z,G20,67588,GPS BIII-9  (PRN 20),10.83299498300039,12.900575387999197,-54.406297018999794,56.95457647075244
2026-08-15T18:00:00Z,G13,68791,GPS BIII-10 (PRN 13),-4.630045369998697,1.3465111939985945,47.51517270300019,47.75920905458699
2026-08-15T18:15:00Z,G22,26407,GPS BIIR-5  (PRN 22),-45.07025680700008,20.41139017000023,-7.8860057320016494,50.10131718553996
2026-08-15T18:15:00Z,G16,27663,GPS BIIR-8  (PRN 16),33.76522679700065,-18.224876749999567,-32.42167519799841,50.23347186737217
2026-08-15T18:15:00Z,G19,28190,GPS BIIR-11 (PRN 19),-19.58973332900132,-8.65926080400095,51.16523844400035,55.467306357930376
2026-08-15T18:15:00Z,G02,28474,GPS BIIR-13 (PRN 02),-5.125647827999273,-52.46365777599999,-1.9080585279989464,52.74797001060977
2026-08-15T18:15:00Z,G17,28874,GPS BIIRM-1 (PRN 17),-34.8442071139998,-19.53643571900102,30.24727772999904,50.10677499182789
2026-08-15T18:15:00Z,G31,29486,GPS BIIRM-2 (PRN 31),4.470637806000013,-34.32807185099955,40.33606680899902,53.15450503033451
2026-08-15T18:15:00Z,G12,29601,GPS BIIRM-3 (PRN 12),-3.215962946000218,9.810841199998322,59.45578227900023,60.34554721874273
2026-08-15T18:15:00Z,G15,32260,GPS BIIRM-4 (PRN 15),22.940241786000115,13.88979403800002,-48.21784745399964,55.17374271078034
2026-08-15T18:15:00Z,G29,32384,GPS BIIRM-5 (PRN 29),44.173841861000255,30.316429235001124,4.784530998000264,53.789459220114075
2026-08-15T18:15:00Z,G07,32711,GPS BIIRM-6 (PRN 07),-7.4721058669993,-26.46531210300236,-52.62299819200052,59.37528988992188
2026-08-15T18:15:00Z,G05,35752,GPS BIIRM-8 (PRN 05),-25.177679323998746,19.821643419999873,-43.97736766900016,54.41343539151116
2026-08-15T18:15:00Z,G25,36585,GPS BIIF-1  (PRN 25),19.489382794999983,-3.2018131840013666,55.52623416999995,58.93428824120095
2026-08-15T18:15:00Z,G24,38833,GPS BIIF-3  (PRN 24),11.518976605000717,85.41267911899968,5.753831342997728,86.37777000730813
2026-08-15T18:15:00Z,G27,39166,GPS BIIF-4  (PRN 27),2.6435606309969444,-5.5792737920000945,-57.39470645300001,57.72580911240567
2026-08-15T18:15:00Z,G30,39533,GPS BIIF-5  (PRN 30),-9.273737370999925,4.270262293997803,-59.66324066700008,60.53048514405111
2026-08-15T18:15:00Z,G06,39741,GPS BIIF-6  (PRN 06),-4.128303479999886,20.372311475999595,53.00076046200047,56.93113887889893
2026-08-15T18:15:00Z,G09,40105,GPS BIIF-7  (PRN 09),-47.62287282399939,-25.615657233000093,1.2023675410018768,54.088312963088654
2026-08-15T18:15:00Z,G03,40294,GPS BIIF-8  (PRN 03),1.6554999859981763,-7.416454055000941,61.413127626999994,61.88147312309048
2026-08-15T18:15:00Z,G26,40534,GPS BIIF-9  (PRN 26),37.839313280999704,-27.813817449999988,-4.204012803002115,47.149716800500194
2026-08-15T18:15:00Z,G08,40730,GPS BIIF-10 (PRN 08),-19.444096637998882,-15.348354692000157,-48.114391805000196,54.11690664278912
2026-08-15T18:15:00Z,G10,41019,GPS BIIF-11 (PRN 10),43.965702970999985,-22.830466509998587,-19.440018487999623,53.21773724626152
2026-08-15T18:15:00Z,G32,41328,GPS BIIF-12 (PRN 32),31.14594123400093,13.994804131998535,40.3627241840004,52.86845658422925
2026-08-15T18:15:00Z,G04,43873,GPS BIII-1  (PRN 04),-36.767323522999504,-25.796072975999778,27.86449576599989,52.855497200588744
2026-08-15T18:15:00Z,G18,44506,GPS BIII-2  (PRN 18),4.6273415809992,20.49222308499884,-53.450670161000744,57.43098151462065
2026-08-15T18:15:00Z,G23,45854,GPS BIII-3  (PRN 23),30.6456952869994,-14.799266879999777,-44.40479932800008,55.94607352771981
2026-08-15T18:15:00Z,G14,46826,GPS BIII-4  (PRN 14),-39.43964785700018,18.971892538000247,-25.746084105998307,50.776760199433234
2026-08-15T18:15:00Z,G11,48859,GPS BIII-5  (PRN 11),-4.541129811001156,41.435045125001125,32.32199664699874,52.746528717251536
2026-08-15T18:15:00Z,G28,55268,GPS BIII-6  (PRN 28),4.224637246000384,-14.844452238001395,54.62076210699979,56.759430716455064
2026-08-15T18:15:00Z,G01,62339,GPS BIII-7  (PRN 01),0.7079015979998076,-45.89041975799955,23.628962590999436,51.62130977963167
2026-08-15T18:15:00Z,G21,64202,GPS BIII-8  (PRN 21),-39.29408900800081,25.16027446499993,-20.069348984998214,50.79216091883143
2026-08-15T18:15:00Z,G20,67588,GPS BIII-9  (PRN 20),5.954563375998987,9.333169326000643,-56.40703124900028,57.48319797116617
2026-08-15T18:15:00Z,G13,68791,GPS BIII-10 (PRN 13),-8.717128715001309,4.354215164001289,46.26283516100011,47.27787473927088
2026-08-15T18:30:00Z,G22,26407,GPS BIIR-5  (PRN 22),-42.81305476299997,22.041802903000644,-15.167533653999271,50.48616454534413
2026-08-15T18:30:00Z,G16,27663,GPS BIIR-8  (PRN 16),35.63920668599894,-21.62936075000016,-26.427382378999027,49.359789698365084
2026-08-15T18:30:00Z,G19,28190,GPS BIIR-11 (PRN 19),-24.745801382998252,-10.594153416001063,47.65217045499958,54.72951782869003
2026-08-15T18:30:00Z,G02,28474,GPS BIIR-13 (PRN 02),-7.535274950998428,-51.37732372399978,-9.590078757999436,52.805107444379345
2026-08-15T18:30:00Z,G17,28874,GPS BIIRM-1 (PRN 17),-38.37178421900035,-19.12573185400106,23.917010512999695,49.093898144062805
2026-08-15T18:30:00Z,G31,29486,GPS BIIRM-2 (PRN 31),2.9031955110003764,-29.774799695002002,45.2114589039993,54.21294363231535
2026-08-15T18:30:00Z,G12,29601,GPS BIIRM-3 (PRN 12),-8.639687717997731,13.305728490000547,57.92718949799928,60.06035212726655
2026-08-15T18:30:00Z,G15,32260,GPS BIIRM-4 (PRN 15),18.060526220997417,11.063318199999912,-51.592032923999795,55.770220352844795
2026-08-15T18:30:00Z,G29,32384,GPS BIIRM-5 (PRN 29),44.63287370699982,27.651944340999762,12.587506946998474,53.99230289887142
2026-08-15T18:30:00Z,G07,32711,GPS BIIRM-6 (PRN 07),-9.096247493000192,-32.002223460000096,-48.318927546999475,58.665175224573204
2026-08-15T18:30:00Z,G05,35752,GPS BIIRM-8 (PRN 05),-27.814989174999937,23.914555898000117,-38.77367806900111,53.37581584952565
2026-08-15T18:30:00Z,G25,36585,GPS BIIF-1  (PRN 25),14.045986296998308,-0.3639482809994661,57.79045796700029,59.47402139961896
2026-08-15T18:30:00Z,G24,38833,GPS BIIF-3  (PRN 24),13.352170979998846,85.48697051400018,-5.797271217998059,86.71742011335259
2026-08-15T18:30:00Z,G27,39166,GPS BIIF-4  (PRN 27),8.139537188999384,-2.8928123810001125,-56.91411152799992,57.565931940205616
2026-08-15T18:30:00Z,G30,39533,GPS BIIF-5  (PRN 30),-9.610084463000021,-2.141481141999975,-59.82951179500003,60.63423246397684
2026-08-15T18:30:00Z,G06,39741,GPS BIIF-6  (PRN 06),-3.1970455170003333,14.42139810200024,55.608922463000454,57.53737985649107
2026-08-15T18:30:00Z,G09,40105,GPS BIIF-7  (PRN 09),-48.2700033279998,-23.053579330999128,9.111570334000135,54.26307635222329
2026-08-15T18:30:00Z,G03,40294,GPS BIIF-8  (PRN 03),7.223411784001655,-11.354268221999519,60.186915147000036,61.67302359679266
2026-08-15T18:30:00Z,G26,40534,GPS BIIF-9  (PRN 26),36.577259643001526,-29.754738546000226,2.862366359000589,47.2380517179267
2026-08-15T18:30:00Z,G08,40730,GPS BIIF-10 (PRN 08),-15.059327686998586,-12.085565026999575,-51.30451601099958,54.8178583632118
2026-08-15T18:30:00Z,G10,41019,GPS BIIF-11 (PRN 10),40.57142851500021,-23.843310058000498,-26.660568106002756,54.086321172774646
2026-08-15T18:30:00Z,G32,41328,GPS BIIF-12 (PRN 32),35.60728962899884,14.091411031000462,34.86110735300099,51.78555537450061
2026-08-15T18:30:00Z,G04,43873,GPS BIII-1  (PRN 04),-34.95449761200143,-22.115284889000122,34.320014696000726,53.747243071275356
2026-08-15T18:30:00Z,G18,44506,GPS BIII-2  (PRN 18),5.940099667999675,26.15663922800013,-49.88106617199992,56.635459936553524
2026-08-15T18:30:00Z,G23,45854,GPS BIII-3  (PRN 23),25.431897559999925,-13.427235235998523,-49.13878215800105,56.935858398347285
2026-08-15T18:30:00Z,G14,46826,GPS BIII-4  (PRN 14),-35.7646996529993,19.13111544399726,-32.08880621700155,51.71851509694643
2026-08-15T18:30:00Z,G11,48859,GPS BIII-5  (PRN 11),-2.45169367500057,37.63486849600304,38.27186752899979,53.7320199950159
2026-08-15T18:30:00Z,G28,55268,GPS BIII-6  (PRN 28),3.984061041000132,-8.781666671999119,56.310747839000214,57.13047115247679
2026-08-15T18:30:00Z,G01,62339,GPS BIII-7  (PRN 01),-1.5834872229988832,-48.14824922200023,16.517865509998956,50.927411243216156
2026-08-15T18:30:00Z,G21,64202,GPS BIII-8  (PRN 21),-39.53511041499951,28.278860718000942,-12.873598013000446,50.283679706586994
2026-08-15T18:30:00Z,G20,67588,GPS BIII-9  (PRN 20),0.5508500249998178,6.314886227000898,-57.43954157799999,57.7882527898257
2026-08-15T18:30:00Z,G13,68791,GPS BIII-10 (PRN 13),-12.261147375000292,7.805793206000089,44.217779144000815,46.54544161305108
2026-08-15T18:45:00Z,G22,26407,GPS BIIR-5  (PRN 22),-39.848797514000125,23.063086868998653,-22.189194369999313,51.10961735357026
2026-08-15T18:45:00Z,G16,27663,GPS BIIR-8  (PRN 16),36.64684997100085,-24.95786197600046,-19.985955997999554,48.63460624251119
2026-08-15T18:45:00Z,G19,28190,GPS BIIR-11 (PRN 19),-29.81017521099966,-11.742805550002231,43.32909531000041,53.888315326040406
2026-08-15T18:45:00Z,G02,28474,GPS BIIR-13 (PRN 02),-9.676873763999538,-49.36627580200002,-17.077737490999425,53.12551355248251
2026-08-15T18:45:00Z,G17,28874,GPS BIIRM-1 (PRN 17),-41.31493828400005,-18.026546981000138,17.208956947000843,48.2496499538874
2026-08-15T18:45:00Z,G31,29486,GPS BIIRM-2 (PRN 31),1.9447836069994082,-24.646049158000096,49.323718556999665,55.1728115530351
2026-08-15T18:45:00Z,G12,29601,GPS BIIRM-3 (PRN 12),-13.4808824440006,17.31214237899985,55.39208617499935,59.57959110331557
2026-08-15T18:45:00Z,G15,32260,GPS BIIRM-4 (PRN 15),12.660252781002782,8.768084893999912,-54.04255191999982,56.19393856291936
2026-08-15T18:45:00Z,G29,32384,GPS BIIRM-5 (PRN 29),44.15416969100079,24.626518302000477,20.159911075999844,54.42865164022234
2026-08-15T18:45:00Z,G07,32711,GPS BIIRM-6 (PRN 07),-11.266592478000348,-36.882317538998905,-43.11967630199979,57.84935554958346
2026-08-15T18:45:00Z,G05,35752,GPS BIIRM-8 (PRN 05),-29.547950699998182,27.991375273000017,-32.92290182999932,52.34993739395695
2026-08-15T18:45:00Z,G25,36585,GPS BIIF-1  (PRN 25),8.814736876000097,3.204784101999394,59.06026136299988,59.80037374130199
2026-08-15T18:45:00Z,G24,38833,GPS BIIF-3  (PRN 24),14.881217940999704,84.16441639200002,-17.291095391003182,87.20138538942065
2026-08-15T18:45:00Z,G27,39166,GPS BIIF-4  (PRN 27),13.816615717001696,-0.9183131950012466,-55.486112960000355,57.187856231942554
2026-08-15T18:45:00Z,G30,39533,GPS BIIF-5  (PRN 30),-10.656669225999849,-8.463452936000976,-58.94697211499988,60.497439252573734
2026-08-15T18:45:00Z,G06,39741,GPS BIIF-6  (PRN 06),-3.022090983000453,8.210282258001826,57.247333920000074,57.91199365946214
2026-08-15T18:45:00Z,G09,40105,GPS BIIF-7  (PRN 09),-47.944858965000094,-20.177432562999456,16.866540211001848,54.68380440950943
2026-08-15T18:45:00Z,G03,40294,GPS BIIF-8  (PRN 03),12.165262919999805,-15.847396289000244,57.911413627,61.260635152851805
2026-08-15T18:45:00Z,G26,40534,GPS BIIF-9  (PRN 26),34.648784304999936,-31.095466631000818,9.907013033000112,47.59847903084855
2026-08-15T18:45:00Z,G08,40730,GPS BIIF-10 (PRN 08),-10.109301453001535,-9.288112499000817,-53.6233616669997,55.352795106765896
2026-08-15T18:45:00Z,G10,41019,GPS BIIF-11 (PRN 10),36.57635376300004,-24.03809567799908,-33.46158312099942,55.093894792293625
2026-08-15T18:45:00Z,G32,41328,GPS BIIF-12 (PRN 32),39.58189526700062,13.445787492000818,28.786111334000452,50.75584537707279
2026-08-15T18:45:00Z,G04,43873,GPS BIII-1  (PRN 04),-32.21677353599807,-18.4492605559999,40.18185410100159,54.70719432695427
2026-08-15T18:45:00Z,G18,44506,GPS BIII-2  (PRN 18),7.883156008000697,31.259408608999365,-45.439344905000326,55.713811937673405
2026-08-15T18:45:00Z,G23,45854,GPS BIII-3  (PRN 23),20.11116002200106,-11.169354721998388,-53.027245777000644,57.80226671187553
2026-08-15T18:45:00Z,G14,46826,GPS BIII-4  (PRN 14),-31.648249142000168,18.513727502999245,-37.89154008800142,52.72701954453754
2026-08-15T18:45:00Z,G11,48859,GPS BIII-5  (PRN 11),-0.8751645850006753,33.10779139300212,43.55885862000105,54.719886040183084
2026-08-15T18:45:00Z,G28,55268,GPS BIII-6  (PRN 28),4.491001931000028,-2.6285394260012254,57.02753059199995,57.26445287680464
2026-08-15T18:45:00Z,G01,62339,GPS BIII-7  (PRN 01),-4.093962097000258,-49.46630525799992,9.128130334000161,50.4677980986272
2026-08-15T18:45:00Z,G21,64202,GPS BIII-8  (PRN 21),-38.88024245499946,31.00457737599936,-5.456607350999548,50.02730889631039
2026-08-15T18:45:00Z,G20,67588,GPS BIII-9  (PRN 20),-5.230074084996886,3.943374935000975,-57.483337996000046,57.855319789756
2026-08-15T18:45:00Z,G13,68791,GPS BIII-10 (PRN 13),-15.166599287000281,11.579343039000378,41.41508101799991,45.59951595000522
2026-08-15T19:00:00Z,G22,26407,GPS BIIR-5  (PRN 22),-36.30206948900013,23.37487286200121,-28.839092374997563,51.92223203515579
2026-08-15T19:00:00Z,G16,27663,GPS BIIR-8  (PRN 16),36.79725727299956,-28.053715428000032,-13.197837226001866,48.11685774834602
2026-08-15T19:00:00Z,G19,28190,GPS BIIR-11 (PRN 19),-34.617143029001454,-12.116213248002168,38.26128631499887,53.00070985788518
2026-08-15T19:00:00Z,G02,28474,GPS BIIR-13 (PRN 02),-11.404550925999501,-46.50516777900066,-24.254817959998036,53.67579162200927
2026-08-15T19:00:00Z,G17,28874,GPS BIIRM-1 (PRN 17),-43.55871148699998,-16.34209754800031,10.234716412000125,47.63585748897701
2026-08-15T19:00:00Z,G31,29486,GPS BIIRM-2 (PRN 31),1.6730453799991665,-19.09067190699716,52.5951675310007,55.97771415767329
2026-08-15T19:00:00Z,G12,29601,GPS BIIRM-3 (PRN 12),-17.616867952001485,21.691648853000515,51.88879535600063,58.934953549630016
2026-08-15T19:00:00Z,G15,32260,GPS BIIRM-4 (PRN 15),6.890856686000916,7.094967223999902,-55.53815039500023,56.41195454045446
2026-08-15T19:00:00Z,G29,32384,GPS BIIRM-5 (PRN 29),42.70939294799973,21.405855811000038,27.373864875000436,55.06025233489905
2026-08-15T19:00:00Z,G07,32711,GPS BIIRM-6 (PRN 07),-13.859082013999796,-40.961301327999536,-37.11959416299942,56.98917995180953
2026-08-15T19:00:00Z,G05,35752,GPS BIIRM-8 (PRN 05),-30.370747233999282,31.88224758900003,-26.52450749599666,51.40437235083176
2026-08-15T19:00:00Z,G25,36585,GPS BIIF-1  (PRN 25),3.9545420190006553,7.418440826000733,59.30525689399997,59.89812319373827
2026-08-15T19:00:00Z,G24,38833,GPS BIIF-3  (PRN 24),15.911555503000272,81.5157240829999,-28.51320185900113,87.81226310460842
2026-08-15T19:00:00Z,G27,39166,GPS BIIF-4  (PRN 27),19.513119267001457,0.30818674500005727,-53.1396167310013,56.609854874533376
2026-08-15T19:00:00Z,G30,39533,GPS BIIF-5  (PRN 30),-12.375558107000074,-14.515922929000226,-57.02698316700025,60.13271377602827
2026-08-15T19:00:00Z,G06,39741,GPS BIIF-6  (PRN 06),-3.6273527710000053,1.9255914179993852,57.88811628100001,58.03360747874401
2026-08-15T19:00:00Z,G09,40105,GPS BIIF-7  (PRN 09),-46.62109985999996,-17.15418060400043,24.33640723500139,55.31775105206809
2026-08-15T19:00:00Z,G03,40294,GPS BIIF-8  (PRN 03),16.352282503001334,-20.745275147999564,54.62121853999997,60.673232144155705
2026-08-15T19:00:00Z,G26,40534,GPS BIIF-9  (PRN 26),32.159539880999546,-31.733429187999718,16.811073600998498,48.206417923400835
2026-08-15T19:00:00Z,G08,40730,GPS BIIF-10 (PRN 08),-4.722018794000178,-7.0575862260002395,-55.03779628700022,55.68901152792761
2026-08-15T19:00:00Z,G10,41019,GPS BIIF-11 (PRN 10),32.13834302400028,-23.33935847199973,-39.723021324,56.17399014953248
2026-08-15T19:00:00Z,G32,41328,GPS BIIF-12 (PRN 32),42.93125054200027,12.141997306000121,22.238259937003022,49.85038191132166
2026-08-15T19:00:00Z,G04,43873,GPS BIII-1  (PRN 04),-28.60303323900007,-14.96427815800007,45.35139948899996,55.66697914268572
2026-08-15T19:00:00Z,G18,44506,GPS BIII-2  (PRN 18),10.348405995999201,35.65698417300155,-40.20536051199997,54.72641995299529
2026-08-15T19:00:00Z,G23,45854,GPS BIII-3  (PRN 23),14.868147991001024,-8.054025878001994,-55.997934666999754,58.49528053181219
2026-08-15T19:00:00Z,G14,46826,GPS BIII-4  (PRN 14),-27.246170867998444,17.078817823999998,-43.050302108000324,53.734238217580085
2026-08-15T19:00:00Z,G11,48859,GPS BIII-5  (PRN 11),0.08170996499939065,27.988398203000543,48.09219005200066,55.64365062148471
2026-08-15T19:00:00Z,G28,55268,GPS BIII-6  (PRN 28),5.7396856140003365,3.4374412760007544,56.760026861999904,57.15295830355999
2026-08-15T19:00:00Z,G01,62339,GPS BIII-7  (PRN 01),-6.664517598001112,-49.81031613899995,1.5862679579986434,50.279216727349265
2026-08-15T19:00:00Z,G21,64202,GPS BIII-8  (PRN 21),-37.39884399500079,33.188556261000485,2.0538742919998185,50.04370288517167
2026-08-15T19:00:00Z,G20,67588,GPS BIII-9  (PRN 20),-11.223672976997477,2.287903082999037,-56.53491091599972,57.683632755676925
2026-08-15T19:00:00Z,G13,68791,GPS BIII-10 (PRN 13),-17.36316275599893,15.537887477000368,37.9025883230006,44.4917022569613
2026-08-15T19:15:00Z,G22,26407,GPS BIIR-5  (PRN 22),-32.31483448200015,22.90235623300032,-35.011126445002446,52.863460192937275
2026-08-15T19:15:00Z,G16,27663,GPS BIIR-8  (PRN 16),36.12871706200167,-30.76499428600073,-6.1696123920009995,47.85220148573481
2026-08-15T19:15:00Z,G19,28190,GPS BIIR-11 (PRN 19),-39.00573421499939,-11.756024058999174,32.52642008400289,52.13079135029478
2026-08-15T19:15:00Z,G02,28474,GPS BIIR-13 (PRN 02),-12.58872897800029,-42.89469270200061,-31.011009683999873,54.40692493517477
2026-08-15T19:15:00Z,G17,28874,GPS BIIRM-1 (PRN 17),-45.01098860299999,-14.196161419000418,3.1083184519993665,47.29885556387967
2026-08-15T19:15:00Z,G31,29486,GPS BIIRM-2 (PRN 31),2.135941738000838,-13.273022941997624,54.962118184000246,56.58241617675
2026-08-15T19:15:00Z,G12,29601,GPS BIIRM-3 (PRN 12),-20.952792230997147,26.28557218700007,47.47315896500004,58.169163906570724
2026-08-15T19:15:00Z,G15,32260,GPS BIIRM-4 (PRN 15),0.9157956660019408,6.105092348999733,-56.065254675999995,56.40410992273898
2026-08-15T19:15:00Z,G29,32384,GPS BIIRM-5 (PRN 29),40.30399327200212,18.159252708000167,34.10827102999974,55.834975465549576
2026-08-15T19:15:00Z,G07,32711,GPS BIIRM-6 (PRN 07),-16.726909180000803,-44.1246711900003,-30.431300218002434,56.150157001559954
2026-08-15T19:15:00Z,G05,35752,GPS BIIRM-8 (PRN 05),-30.31098090100204,35.42075292899972,-19.68640032499752,50.605727531517765
2026-08-15T19:15:00Z,G25,36585,GPS BIIF-1  (PRN 25),-0.39253808799912804,12.161444591998588,58.51323342200021,59.76498394722669
2026-08-15T19:15:00Z,G24,38833,GPS BIIF-3  (PRN 24),16.268413239999063,77.65664099400055,-39.255409041998064,88.52232655592061
2026-08-15T19:15:00Z,G27,39166,GPS BIIF-4  (PRN 27),25.06509220299995,0.7818611679995229,-49.91711370899975,55.86222690752782
2026-08-15T19:15:00Z,G30,39533,GPS BIIF-5  (PRN 30),-14.696784799999989,-20.129234280000674,-54.10066269299932,59.565621460523296
2026-08-15T19:15:00Z,G06,39741,GPS BIIF-6  (PRN 06),-5.001849248000326,-4.2447047200003,57.52191171200002,57.89478682111922
2026-08-15T19:15:00Z,G09,40105,GPS BIIF-7  (PRN 09),-44.3067018189995,-14.153592347000085,31.39504844300245,56.116459877127525
2026-08-15T19:15:00Z,G03,40294,GPS BIIF-8  (PRN 03),19.686060133000865,-25.87612176699986,50.36919307899916,59.95139908868038
2026-08-15T19:15:00Z,G26,40534,GPS BIIF-9  (PRN 26),29.2341242349994,-31.589957824999146,23.456045365001046,49.01780818577664
2026-08-15T19:15:00Z,G08,40730,GPS BIIF-10 (PRN 08),0.9585299889986345,-5.469804692999787,-55.52909875100001,55.80607808489755
2026-08-15T19:15:00Z,G10,41019,GPS BIIF-11 (PRN 10),27.429541715000596,-21.705283331000828,-45.332007973000145,57.25810012599203
2026-08-15T19:15:00Z,G32,41328,GPS BIIF-12 (PRN 32),45.536534311000196,10.289140405999206,15.324920301001839,49.13548157475738
2026-08-15T19:15:00Z,G04,43873,GPS BIII-1  (PRN 04),-24.19408402800036,-11.81531704200006,49.742050937000386,56.56171010653816
2026-08-15T19:15:00Z,G18,44506,GPS BIII-2  (PRN 18),13.203523381000196,39.231555382000806,-34.27279847200043,53.74079160624609
2026-08-15T19:15:00Z,G23,45854,GPS BIII-3  (PRN 23),9.881128380999144,-4.145472976997553,-57.99497274500027,58.97659288207592
2026-08-15T19:15:00Z,G14,46826,GPS BIII-4  (PRN 14),-22.722053710000182,14.817650367996976,-47.47165475900147,54.67552005044086
2026-08-15T19:15:00Z,G11,48859,GPS BIII-5  (PRN 11),0.33929903600073885,22.431098742999893,51.794541204999405,56.44416544949906
2026-08-15T19:15:00Z,G28,55268,GPS BIII-6  (PRN 28),7.691634431999773,9.243300914000429,55.514170861999446,56.80161105565188
2026-08-15T19:15:00Z,G01,62339,GPS BIII-7  (PRN 01),-9.133071976000792,-49.17928520399997,-5.978788524000265,50.37619486533196
2026-08-15T19:15:00Z,G21,64202,GPS BIII-8  (PRN 21),-35.18932470300024,34.69997152700125,9.528219097999681,50.330542975487226
2026-08-15T19:15:00Z,G20,67588,GPS BIII-9  (PRN 20),-17.254851915000472,1.3862257950004278,-54.608019708999564,57.286013590594735
2026-08-15T19:15:00Z,G13,68791,GPS BIII-10 (PRN 13),-18.808357932000945,19.534179670999947,33.740183513000375,43.286701040944585
2026-08-15T19:30:00Z,G22,26407,GPS BIIR-5  (PRN 22),-28.041449999999713,21.59918819000086,-40.606335231999765,53.867636940403294
2026-08-15T19:30:00Z,G16,27663,GPS BIIR-8  (PRN 16),34.70750343899999,-32.95028932999958,0.9871557330006908,47.86759695597927
2026-08-15T19:30:00Z,G19,28190,GPS BIIR-11 (PRN 19),-42.82575175399961,-10.73299376399882,26.213832829998864,51.34595602452412
2026-08-15T19:30:00Z,G02,28474,GPS BIIR-13 (PRN 02),-13.120728768000845,-38.65807064100045,-37.24299649000022,55.25975693614834
2026-08-15T19:30:00Z,G17,28874,GPS BIIRM-1 (PRN 17),-45.60574763099976,-11.728140774001076,-4.055327277998003,47.26393109263026
2026-08-15T19:30:00Z,G31,29486,GPS BIIRM-2 (PRN 31),3.3494917200005148,-7.366880862999096,56.37650619900023,56.95437190978306
2026-08-15T19:30:00Z,G12,29601,GPS BIIRM-3 (PRN 12),-23.425235079997947,30.921232943000177,42.21794689499984,57.33427705393583
2026-08-15T19:30:00Z,G15,32260,GPS BIIRM-4 (PRN 15),-5.095758696003031,5.828339833999962,-55.62737133399969,56.16351790476779
2026-08-15T19:30:00Z,G29,32384,GPS BIIRM-5 (PRN 29),36.9771503569973,15.05306513100004,40.2506654810004,56.69233184501685
2026-08-15T19:30:00Z,G07,32711,GPS BIIRM-6 (PRN 07),-19.707255810000788,-46.292787596999915,-23.18309474399939,55.39723817096852
2026-08-15T19:30:00Z,G05,35752,GPS BIIRM-8 (PRN 05),-29.428283960000044,38.45041334600046,-12.523281096000574,50.01290586156868
2026-08-15T19:30:00Z,G25,36585,GPS BIIF-1  (PRN 25),-4.106839121999656,17.29275661400243,56.69086617599987,59.41178222095545
2026-08-15T19:30:00Z,G24,38833,GPS BIIF-3  (PRN 24),15.80470086800051,72.74284182199972,-49.32039924399942,89.29620029684884
2026-08-15T19:30:00Z,G27,39166,GPS BIIF-4  (PRN 27),30.31210408300103,0.5286355149983137,-45.87384232399927,54.98647578281001
2026-08-15T19:30:00Z,G30,39533,GPS BIIF-5  (PRN 30),-17.52127241800008,-25.150475679998635,-50.21841131200017,58.83392090263235
2026-08-15T19:30:00Z,G06,39741,GPS BIIF-6  (PRN 06),-7.100418376000562,-10.11852121999982,56.15785684799994,57.50221994457507
2026-08-15T19:30:00Z,G09,40105,GPS BIIF-7  (PRN 09),-41.04395555899828,-11.341670400999647,37.92305811100232,57.021032189047546
2026-08-15T19:30:00Z,G03,40294,GPS BIIF-8  (PRN 03),22.10223046199826,-31.05366658299954,45.22585129700019,59.14572195164888
2026-08-15T19:30:00Z,G26,40534,GPS BIIF-9  (PRN 26),26.011575242000163,-30.61394173000008,29.725842108000506,49.974405087483056
2026-08-15T19:30:00Z,G08,40730,GPS BIIF-10 (PRN 08),6.777509249001014,-4.572527756999989,-55.092943260000084,55.696274909175195
2026-08-15T19:30:00Z,G10,41019,GPS BIIF-11 (PRN 10),22.629998878999686,-19.13009230500029,-50.18513460000031,58.280571511280726
2026-08-15T19:30:00Z,G32,41328,GPS BIIF-12 (PRN 32),47.302996270999984,8.016995369000142,8.15879496100024,48.66632928603154
2026-08-15T19:30:00Z,G04,43873,GPS BIII-1  (PRN 04),-19.099780746997567,-9.140260807999994,53.28056047100108,57.33379558624775
2026-08-15T19:30:00Z,G18,44506,GPS BIII-2  (PRN 18),16.297661192000305,41.89537540099991,-27.747319514000992,52.82754944659085
2026-08-15T19:30:00Z,G23,45854,GPS BIII-3  (PRN 23),5.315027354999984,0.4585069799977646,-58.98009275000004,59.22086697468817
2026-08-15T19:30:00Z,G14,46826,GPS BIII-4  (PRN 14),-18.240935380001247,11.754468406001251,-51.074640622000516,55.49340650664337
2026-08-15T19:30:00Z,G11,48859,GPS BIII-5  (PRN 11),-0.15184146100000362,16.60434974999953,54.60337048200017,57.072371200469284
2026-08-15T19:30:00Z,G28,55268,GPS BIII-6  (PRN 28),10.277392440999847,14.626974063998205,53.31263728000067,56.22997829809393
2026-08-15T19:30:00Z,G01,62339,GPS BIII-7  (PRN 01),-11.341056766999827,-47.60558705299991,-13.437797685000987,50.74924525425065
2026-08-15T19:30:00Z,G21,64202,GPS BIII-8  (PRN 21),-32.37528312500035,35.43148582700087,16.837215177998587,50.86296255904803
2026-08-15T19:30:00Z,G20,67588,GPS BIII-9  (PRN 20),-23.144598304999818,1.2433013079989905,-51.73365979600021,56.68853309736071
2026-08-15T19:30:00Z,G13,68791,GPS BIII-10 (PRN 13),-19.488907983999525,23.416542660999767,28.998879070997646,42.060515831092324
2026-08-15T19:45:00Z,G22,26407,GPS BIIR-5  (PRN 22),-23.64332864900007,19.449307577997388,-45.534164145999966,54.86932348173288
2026-08-15T19:45:00Z,G16,27663,GPS BIIR-8  (PRN 16),32.62577426600001,-34.48415001400099,8.157245970000076,48.167815089115216
2026-08-15T19:45:00Z,G19,28190,GPS BIIR-11 (PRN 19),-45.943529864000084,-9.144455462999758,19.423570702001598,50.711971968113296
2026-08-15T19:45:00Z,G02,28474,GPS BIIR-13 (PRN 02),-12.916523111998686,-33.93690811700071,-42.855472448,56.17064910240785
2026-08-15T19:45:00Z,G17,28874,GPS BIIRM-1 (PRN 17),-45.30534501299917,-9.08779356499872,-11.141889767997782,47.532136352463
2026-08-15T19:45:00Z,G31,29486,GPS BIIRM-2 (PRN 31),5.2968430210003135,-1.5488626830010617,56.807244432000005,57.074675133170125
2026-08-15T19:45:00Z,G12,29601,GPS BIIRM-3 (PRN 12),-25.004635624998627,35.41883300800009,36.21189680899988,56.48917599764758
2026-08-15T19:45:00Z,G15,32260,GPS BIIRM-4 (PRN 15),-10.975253226002678,6.263153302999854,-54.24419115700039,55.696638560589626
2026-08-15T19:45:00Z,G29,32384,GPS BIIRM-5 (PRN 29),32.80043843000021,12.244451258000481,45.69889949000026,57.56895658605365
2026-08-15T19:45:00Z,G07,32711,GPS BIIRM-6 (PRN 07),-22.628805768999882,-47.424380970998754,-15.515820553002413,54.78937349930663
2026-08-15T19:45:00Z,G05,35752,GPS BIIRM-8 (PRN 05),-27.81186381900079,40.83074704499995,-5.1549030850001145,49.67114553898633
2026-08-15T19:45:00Z,G25,36585,GPS BIIF-1  (PRN 25),-7.095814681000775,22.65120636100073,53.864066812999226,58.86225810509643
2026-08-15T19:45:00Z,G24,38833,GPS BIIF-3  (PRN 24),14.40744238499974,66.96318832999896,-58.5259156639986,90.09398310489703
2026-08-15T19:45:00Z,G27,39166,GPS BIIF-4  (PRN 27),35.102877791003266,-0.3962778730001446,-41.076877615998455,54.034053522222955
2026-08-15T19:45:00Z,G30,39533,GPS BIIF-5  (PRN 30),-20.724974124000028,-29.44940684899848,-45.448979577999125,57.986221301958366
2026-08-15T19:45:00Z,G06,39741,GPS BIIF-6  (PRN 06),-9.845835550999709,-15.526549474001513,53.82311504599966,56.87654990873533
2026-08-15T19:45:00Z,G09,40105,GPS BIIF-7  (PRN 09),-36.90818327300076,-8.874330861999624,43.80963795199932,57.96768167045247
2026-08-15T19:45:00Z,G03,40294,GPS BIIF-8  (PRN 03),23.572887868998805,-36.084546576999855,39.278384804998495,58.31438121974372
2026-08-15T19:45:00Z,G26,40534,GPS BIIF-9  (PRN 26),22.640283341999975,-28.784417374998156,35.5089626830013,51.00991613644269
2026-08-15T19:45:00Z,G08,40730,GPS BIIF-10 (PRN 08),12.574720966000314,-4.384200981000504,-53.73923491599999,55.36470170579451
2026-08-15T19:45:00Z,G10,41019,GPS BIIF-11 (PRN 10),17.920892644999185,-15.644982939000329,-54.190694704000634,59.18238992181204
2026-08-15T19:45:00Z,G32,41328,GPS BIIF-12 (PRN 32),48.16348165299996,5.471058794000783,0.8563811519998126,48.480788338720096
2026-08-15T19:45:00Z,G04,43873,GPS BIII-1  (PRN 04),-13.455044162001286,-7.0548788999999985,55.90815716099951,57.935581181464734
2026-08-15T19:45:00Z,G18,44506,GPS BIII-2  (PRN 18),19.467783848998806,43.593888799001434,-20.744532192002225,52.05532983735727
2026-08-15T19:45:00Z,G23,45854,GPS BIII-3  (PRN 23),1.315032111000619,5.630243457002507,-58.93349576699984,59.21643246732338
2026-08-15T19:45:00Z,G14,46826,GPS BIII-4  (PRN 14),-13.962977646999207,7.9459046499978285,-53.79248946000007,56.14030697975988
2026-08-15T19:45:00Z,G11,48859,GPS BIII-5  (PRN 11),-1.4092058639998868,10.684284827002557,56.47194638100018,57.491047402967084
2026-08-15T19:45:00Z,G28,55268,GPS BIII-6  (PRN 28),13.399430647999907,19.443220768000174,50.194273451999834,55.47115162765136
2026-08-15T19:45:00Z,G01,62339,GPS BIII-7  (PRN 01),-13.139739349997399,-45.1538499670005,-20.66332900600173,51.3662932538307
2026-08-15T19:45:00Z,G21,64202,GPS BIII-8  (PRN 21),-29.100722412999858,35.30367987900172,23.85438439599966,51.596836268027275
2026-08-15T19:45:00Z,G20,67588,GPS BIII-9  (PRN 20),-28.71684852099861,1.8312863150003977,-47.95968638600061,55.92979989941874
2026-08-15T19:45:00Z,G13,68791,GPS BIII-10 (PRN 13),-19.421058143001574,27.034868418000315,23.759719060999487,40.89725980588505
2026-08-15T20:00:00Z,G22,26407,GPS BIIR-5  (PRN 22),-19.282795302999148,16.467916517998674,-49.71366707999914,55.80741136876114
2026-08-15T20:00:00Z,G16,27663,GPS BIIR-8  (PRN 16),29.99825504799992,-35.261814704001154,15.223271021000983,48.73437044553888
2026-08-15T20:00:00Z,G19,28190,GPS BIIR-11 (PRN 19),-48.24678151500029,-7.110959928999364,12.265237376999721,50.28671519976384
2026-08-15T20:00:00Z,G02,28474,GPS BIIR-13 (PRN 02),-11.919926354999916,-28.88603134100049,-47.76210809499935,57.07632101511349
2026-08-15T20:00:00Z,G17,28874,GPS BIIRM-1 (PRN 17),-44.10147092099942,-6.429552934001549,-18.03898314000253,48.079972972664834
2026-08-15T20:00:00Z,G31,29486,GPS BIIRM-2 (PRN 31),7.928046383000037,4.008658359001856,56.241204772999936,56.93853155472756
2026-08-15T20:00:00Z,G12,29601,GPS BIIRM-3 (PRN 12),-25.696561193999514,39.59824114000003,29.558392281000124,55.69589314138018
2026-08-15T20:00:00Z,G15,32260,GPS BIIRM-4 (PRN 15),-16.560786844001996,7.376863581999714,-51.95047113599958,55.02298818177933
2026-08-15T20:00:00Z,G29,32384,GPS BIIRM-5 (PRN 29),27.875156956000865,9.874994312999661,50.36264844800098,58.4032212014063
2026-08-15T20:00:00Z,G07,32711,GPS BIIRM-6 (PRN 07),-25.3193334890002,-47.517997786000706,-7.579291527003079,54.373471674787105
2026-08-15T20:00:00Z,G05,35752,GPS BIIRM-8 (PRN 05),-25.576870626000527,42.44235905200003,2.2957413740004995,49.60645705323405
2026-08-15T20:00:00Z,G25,36585,GPS BIIF-1  (PRN 25),-9.29812941199998,28.061272851000467,50.07794056500097,58.152303271773896
2026-08-15T20:00:00Z,G24,38833,GPS BIIF-3  (PRN 24),12.002800764999847,60.53123049200076,-66.70842020800046,90.87414603575193
2026-08-15T20:00:00Z,G27,39166,GPS BIIF-4  (PRN 27),39.300223444999574,-1.9103061709993199,-35.604144277996966,53.06422450448396
2026-08-15T20:00:00Z,G30,39533,GPS BIIF-5  (PRN 30),-24.163510237000082,-32.92355007899823,-39.8780832479988,57.07974159289997
2026-08-15T20:00:00Z,G06,39741,GPS BIIF-6  (PRN 06),-13.131557783000062,-20.31876268799897,50.562087612999676,56.05189230315194
2026-08-15T20:00:00Z,G09,40105,GPS BIIF-7  (PRN 09),-32.00500859899694,-6.890985863999958,48.95438642299996,58.89259895481025
2026-08-15T20:00:00Z,G03,40294,GPS BIIF-8  (PRN 03),24.107770216000063,-40.77557332299966,32.629325802001404,57.51960419630803
2026-08-15T20:00:00Z,G26,40534,GPS BIIF-9  (PRN 26),19.271910605000016,-26.111965273998067,40.70069882200005,52.05562556954579
2026-08-15T20:00:00Z,G08,40730,GPS BIIF-10 (PRN 08),18.19008057800238,-4.893044053999802,-51.491825005001374,54.82908857435337
2026-08-15T20:00:00Z,G10,41019,GPS BIIF-11 (PRN 10),13.476986138999564,-11.317838805000065,-57.27079611799945,59.91382744071866
2026-08-15T20:00:00Z,G32,41328,GPS BIIF-12 (PRN 32),48.08059685699982,2.80708091499946,-6.46358284300004,48.59425275232679
2026-08-15T20:00:00Z,G04,43873,GPS BIII-1  (PRN 04),-7.4149281550016894,-5.647998557999983,57.58144175100006,58.33098217395983
2026-08-15T20:00:00Z,G18,44506,GPS BIII-2  (PRN 18),22.54503067099904,44.30733664699983,-13.387846473000536,51.484492052379174
2026-08-15T20:00:00Z,G23,45854,GPS BIII-3  (PRN 23),-1.9995349979999446,11.216689667999162,-57.854314107999926,58.965531696267654
2026-08-15T20:00:00Z,G14,46826,GPS BIII-4  (PRN 14),-10.036700036000184,3.479363035999995,-55.57405876999974,56.58018489648398
2026-08-15T20:00:00Z,G11,48859,GPS BIII-5  (PRN 11),-3.4172357490006107,4.847831944000063,57.370025403,57.67580766198581
2026-08-15T20:00:00Z,G28,55268,GPS BIII-6  (PRN 28),16.935470695000276,23.568958129999373,46.21326534699983,54.570796668429644
2026-08-15T20:00:00Z,G01,62339,GPS BIII-7  (PRN 01),-14.396231981998426,-41.91820295300022,-27.531899100999,52.17655318431853
2026-08-15T20:00:00Z,G21,64202,GPS BIII-8  (PRN 21),-25.52407416699998,34.26826485900165,30.458262518000993,52.473784827708656
2026-08-15T20:00:00Z,G20,67588,GPS BIII-9  (PRN 20),-33.80500383599792,3.090248970000175,-43.3500932930001,55.05959055024142
2026-08-15T20:00:00Z,G13,68791,GPS BIII-10 (PRN 13),-18.64990775499973,30.246104576000107,18.112523316998704,39.88369845188828
2026-08-15T20:15:00Z,G22,26407,GPS BIIR-5  (PRN 22),-15.11743132599986,12.701272234997305,-53.074630524000895,56.62839792491964
2026-08-15T20:15:00Z,G16,27663,GPS BIIR-8  (PRN 16),26.958286489000784,-35.20366735299831,22.067335260002437,49.52791829868229
2026-08-15T20:15:00Z,G19,28190,GPS BIIR-11 (PRN 19),-49.6492679559999,-4.771705335000661,4.8565980759995,50.113925462315905
2026-08-15T20:15:00Z,G02,28474,GPS BIIR-13 (PRN 02),-10.10466087399982,-23.668381354000303,-51.88646525200056,57.91806042715859
2026-08-15T20:15:00Z,G17,28874,GPS BIIRM-1 (PRN 17),-42.01553361799961,-3.9068315659988,-24.63746175900087,48.86279689105578
2026-08-15T20:15:00Z,G31,29486,GPS BIIRM-2 (PRN 31),11.161864472000161,9.1442764300009,54.683798908000426,56.555484905800235
2026-08-15T20:15:00Z,G12,29601,GPS BIIRM-3 (PRN 12),-25.54137235899907,43.28648336499998,22.37376029799998,55.01514785912896
2026-08-15T20:15:00Z,G15,32260,GPS BIIRM-4 (PRN 15),-21.702744889000314,9.107848804999776,-48.79476634900129,54.17463676505265
2026-08-15T20:15:00Z,G29,32384,GPS BIIRM-5 (PRN 29),22.32876079000198,8.065423384000496,54.164737143999446,59.13918635438659
2026-08-15T20:15:00Z,G07,32711,GPS BIIRM-6 (PRN 07),-27.61378327700004,-46.611801340000056,0.4715611709980294,54.17936342341751
2026-08-15T20:15:00Z,G05,35752,GPS BIIRM-8 (PRN 05),-22.859902797999894,43.19170760399902,9.70429743600107,49.8224061081932
2026-08-15T20:15:00Z,G25,36585,GPS BIIF-1  (PRN 25),-10.68603049200101,33.34012515100039,45.39630459199907,57.328698427313874
2026-08-15T20:15:00Z,G24,38833,GPS BIIF-3  (PRN 24),8.559148835996893,53.67628776899983,-73.72610401400016,91.59662281187227
2026-08-15T20:15:00Z,G27,39166,GPS BIIF-4  (PRN 27),42.78583126100057,-3.9068967069997598,-29.54337391700028,52.14117510158044
2026-08-15T20:15:00Z,G30,39533,GPS BIIF-5  (PRN 30),-27.678342325999893,-35.5020485060013,-33.60663692599701,56.17732752199496
2026-08-15T20:15:00Z,G06,39741,GPS BIIF-6  (PRN 06),-16.826319715999944,-24.369881014001294,46.435267523998846,55.074950802038586
2026-08-15T20:15:00Z,G09,40105,GPS BIIF-7  (PRN 09),-26.466748558999825,-5.509168470999612,53.26895779299957,59.736266881012455
2026-08-15T20:15:00Z,G03,40294,GPS BIIF-8  (PRN 03),23.75368411599993,-44.94166708600005,25.39484176699989,56.82331333108383
2026-08-15T20:15:00Z,G26,40534,GPS BIIF-9  (PRN 26),16.055507593000016,-22.638984760000312,45.20533250600056,53.045499733817934
2026-08-15T20:15:00Z,G08,40730,GPS BIIF-10 (PRN 08),23.46920576100092,-6.057903460999114,-48.38807855899904,54.11938617562885
2026-08-15T20:15:00Z,G10,41019,GPS BIIF-11 (PRN 10),9.459740656000577,-6.251249100001587,-59.363286530999176,60.43645089141626
2026-08-15T20:15:00Z,G32,41328,GPS BIIF-12 (PRN 32),47.04829504400004,0.18512452599861717,-13.68169664299785,48.99760362169178
2026-08-15T20:15:00Z,G04,43873,GPS BIII-1  (PRN 04),-1.148978615001397,-4.978368960000012,58.27305001800005,58.496603899371436
2026-08-15T20:15:00Z,G18,44506,GPS BIII-2  (PRN 18),25.36175757700039,44.05120454200005,-5.8062325329992746,51.16091970657801
2026-08-15T20:15:00Z,G23,45854,GPS BIII-3  (PRN 23),-4.5397370560003765,17.045433454997692,-55.76068340299935,58.48426991743938
2026-08-15T20:15:00Z,G14,46826,GPS BIII-4  (PRN 14),-6.593226670000149,-1.5301249799995276,-56.38496173500005,56.78975110205925
2026-08-15T20:15:00Z,G11,48859,GPS BIII-5  (PRN 11),-6.128097032000369,-0.7338424449990271,57.284214475,57.615738526773164
2026-08-15T20:15:00Z,G28,55268,GPS BIII-6  (PRN 28),20.743421939999962,26.90758088000075,41.43810554299853,53.585670226165306
2026-08-15T20:15:00Z,G01,62339,GPS BIII-7  (PRN 01),-14.99887539199699,-38.018836160999854,-33.92606554200029,53.11662723876303
2026-08-15T20:15:00Z,G21,64202,GPS BIII-8  (PRN 21),-21.81200848200001,32.31025321699781,36.534598879999976,53.4274563524023
2026-08-15T20:15:00Z,G20,67588,GPS BIII-9  (PRN 20),-38.258403487998294,4.93078979999882,-37.9839641210001,54.13686041735035
2026-08-15T20:15:00Z,G13,68791,GPS BIII-10 (PRN 13),-17.247468024001137,32.920057204000045,12.154445972999383,39.101609640322195
2026-08-15T20:30:00Z,G22,26407,GPS BIIR-5  (PRN 22),-11.294580894000319,8.225374156001635,-55.55862444200011,57.28861219705492
2026-08-15T20:30:00Z,G16,27663,GPS BIIR-8  (PRN 16),23.65319712499968,-34.2587969970009,28.57285254299859,50.49303722653007
2026-08-15T20:30:00Z,G19,28190,GPS BIIR-11 (PRN 19),-50.094575564000024,-2.2792477949988097,-2.6780411840009037,50.21785913429126
2026-08-15T20:30:00Z,G02,28474,GPS BIIR-13 (PRN 02),-7.475366893999308,-18.449659845000497,-55.16287861699948,58.644814228625044
2026-08-15T20:30:00Z,G17,28874,GPS BIIRM-1 (PRN 17),-39.098042342000554,-1.6665316040016478,-30.832665365996945,49.820552948914084
2026-08-15T20:30:00Z,G31,29486,GPS BIIRM-2 (PRN 31),14.888907737999943,13.713910798996949,52.15911830799996,55.94930335313798
2026-08-15T20:30:00Z,G12,29601,GPS BIIRM-3 (PRN 12),-24.612532832999932,46.32500788199991,14.785199244000978,54.50124076025848
2026-08-15T20:30:00Z,G15,32260,GPS BIIRM-4 (PRN 15),-26.268836311002815,11.368659404000027,-44.838046077999024,53.19538094488263
2026-08-15T20:30:00Z,G29,32384,GPS BIIRM-5 (PRN 29),16.310329101001116,6.9112306249999165,57.04226928799926,59.729493800462805
2026-08-15T20:30:00Z,G07,32711,GPS BIIRM-6 (PRN 07),-29.361838593000357,-44.78156426800069,8.48066382199977,54.21648939863459
2026-08-15T20:30:00Z,G05,35752,GPS BIIRM-8 (PRN 05),-19.813829239999905,43.01483928400012,16.946966613999393,50.29974060764375
2026-08-15T20:30:00Z,G25,36585,GPS BIIF-1  (PRN 25),-11.266376870000386,38.30509312200047,39.900764975998754,56.447165141678255
2026-08-15T20:30:00Z,G24,38833,GPS BIIF-3  (PRN 24),4.088163530999736,46.63414130199999,-79.4611887459996,92.22546683513438
2026-08-15T20:30:00Z,G27,39166,GPS BIIF-4  (PRN 27),45.464408482999715,-6.259614951000913,-22.990988880999794,51.33011579735727
2026-08-15T20:30:00Z,G30,39533,GPS BIIF-5  (PRN 30),-31.103499364000527,-37.14823892499771,-26.748653784001363,55.343561569268985
2026-08-15T20:30:00Z,G06,39741,GPS BIIF-6  (PRN 06),-20.779613572000017,-27.583811895001418,41.51783926400094,54.0036109534528
2026-08-15T20:30:00Z,G09,40105,GPS BIIF-7  (PRN 09),-20.447782464998454,-4.820046701999672,56.67858200700084,60.4467229572429
2026-08-15T20:30:00Z,G03,40294,GPS BIIF-8  (PRN 03),22.592493948999618,-48.41350617499995,17.702681693001068,56.28208686710238
2026-08-15T20:30:00Z,G26,40534,GPS BIIF-9  (PRN 26),13.131677956999965,-18.438635660997534,48.93823200799852,53.92007792162452
2026-08-15T20:30:00Z,G08,40730,GPS BIIF-10 (PRN 08),28.268800169000315,-7.81007217000024,-44.47834464200059,53.277062910675426
2026-08-15T20:30:00Z,G10,41019,GPS BIIF-11 (PRN 10),6.010884487999647,-0.5790147490006348,-60.42340379400002,60.72440791362573
2026-08-15T20:30:00Z,G32,41328,GPS BIIF-12 (PRN 32),45.09236027100087,-2.236419364999165,-20.679499644000316,49.65847593223226
2026-08-15T20:30:00Z,G04,43873,GPS BIII-1  (PRN 04),5.164970492998691,-5.072689263999905,57.97205120599983,58.422322939042004
2026-08-15T20:30:00Z,G18,44506,GPS BIII-2  (PRN 18),27.758374116001505,42.87537613299992,1.868082704997505,51.110810452416345
2026-08-15T20:30:00Z,G23,45854,GPS BIII-3  (PRN 23),-6.250283471999865,22.931500875001802,-52.68941118600014,57.80219569348521
2026-08-15T20:30:00Z,G14,46826,GPS BIII-4  (PRN 14),-3.741247343001305,-6.9442203780017735,-56.208352345000094,56.75912262957777
2026-08-15T20:30:00Z,G11,48859,GPS BIII-5  (PRN 11),-9.463728925000396,-5.9016088060016045,56.21799998299957,57.31365172237331
2026-08-15T20:30:00Z,G28,55268,GPS BIII-6  (PRN 28),24.666995748000005,29.392286762002186,35.95036910199997,52.58132975592813
2026-08-15T20:30:00Z,G01,62339,GPS BIII-7  (PRN 01),-14.8617024319974,-33.59757681999872,-39.73645158200088,54.11703014469339
2026-08-15T20:30:00Z,G21,64202,GPS BIII-8  (PRN 21),-18.133006116000047,29.44874713599711,41.97841247600081,54.389536978062736
2026-08-15T20:30:00Z,G20,67588,GPS BIII-9  (PRN 20),-41.94818026199937,7.237784638999074,-31.954096099001617,53.22686926053377
2026-08-15T20:30:00Z,G13,68791,GPS BIII-10 (PRN 13),-15.309761640000943,34.94467217500005,5.988356973997725,38.61838078091693
2026-08-15T20:45:00Z,G22,26407,GPS BIIR-5  (PRN 22),-7.945551306000198,3.143854278998333,-57.11998098799995,57.755587031501406
2026-08-15T20:45:00Z,G16,27663,GPS BIIR-8  (PRN 16),20.23859060299992,-32.40746931099784,34.62649482800043,51.56392887293058
2026-08-15T20:45:00Z,G19,28190,GPS BIIR-11 (PRN 19),-49.55849154799989,0.20641127500130096,-10.209708795999177,50.59965260579096
2026-08-15T20:45:00Z,G02,28474,GPS BIIR-13 (PRN 02),-4.0680127249979705,-13.392359960998874,-57.537302003999685,59.21524427675003
2026-08-15T20:45:00Z,G17,28874,GPS BIIRM-1 (PRN 17),-35.42671971200252,0.15656284000033338,-36.52562969200153,50.8841685190284
2026-08-15T20:45:00Z,G31,29486,GPS BIIRM-2 (PRN 31),18.975380992999817,17.59670231600103,48.70963976799976,55.1573931812931
2026-08-15T20:45:00Z,G12,29601,GPS BIIRM-3 (PRN 12),-23.01355252600115,48.5760114310001,6.928379983000923,54.196447628977616
2026-08-15T20:45:00Z,G15,32260,GPS BIIRM-4 (PRN 15),-30.148282879999897,14.049326833999658,-40.15226468000037,52.1393028725341
2026-08-15T20:45:00Z,G29,32384,GPS BIIRM-5 (PRN 29),9.985126425999624,6.478599975999714,58.94756457600033,60.137262797985315
2026-08-15T20:45:00Z,G07,32711,GPS BIIRM-6 (PRN 07),-30.434528566000154,-42.1366150949998,16.294735845000105,54.472683768630084
2026-08-15T20:45:00Z,G05,35752,GPS BIIRM-8 (PRN 05),-16.601734071000465,41.87977889600006,23.902449964996777,50.998633009829234
2026-08-15T20:45:00Z,G25,36585,GPS BIIF-1  (PRN 25),-11.080527199999779,42.78079898000033,33.689320453999244,55.569282495362344
2026-08-15T20:45:00Z,G24,38833,GPS BIIF-3  (PRN 24),-1.3555911170005857,39.63723489900076,-83.82150526500027,92.73075413586112
2026-08-15T20:45:00Z,G27,39166,GPS BIIF-4  (PRN 27),47.26673911299986,-8.826541208998606,-16.05093397300152,50.69205990582939
2026-08-15T20:45:00Z,G30,39533,GPS BIIF-5  (PRN 30),-34.27212918799978,-37.86069587499878,-19.428890060000413,54.639664166077
2026-08-15T20:45:00Z,G06,39741,GPS BIIF-6  (PRN 06),-24.827287049999995,-29.896943815001578,35.898064585999236,52.90456003749612
2026-08-15T20:45:00Z,G09,40105,GPS BIIF-7  (PRN 09),-14.118863127001532,-4.884325267000349,59.1233968610004,60.981759450644034
2026-08-15T20:45:00Z,G03,40294,GPS BIIF-8  (PRN 03),20.737739168998814,-51.044190714000024,9.689802851000422,55.94153654289351
2026-08-15T20:45:00Z,G26,40534,GPS BIIF-9  (PRN 26),10.62636203499983,-13.612516231001791,51.82779011799994,54.62911308774493
2026-08-15T20:45:00Z,G08,40730,GPS BIIF-10 (PRN 08),32.46149891800087,-10.055448938000154,-39.825288179999916,52.35374431660205
2026-08-15T20:45:00Z,G10,41019,GPS BIIF-11 (PRN 10),3.246069782999257,5.5384185390030325,-60.425112528,60.76516496291881
2026-08-15T20:45:00Z,G32,41328,GPS BIIF-12 (PRN 32),42.26943270999982,-4.306972864000272,-27.34109760299907,50.52514794647472
2026-08-15T20:45:00Z,G04,43873,GPS BIII-1  (PRN 04),11.347287630997016,-5.924183515999971,56.684105246999934,58.11148487661272
2026-08-15T20:45:00Z,G18,44506,GPS BIII-2  (PRN 18),29.58959658799904,40.86167592899983,9.501933498002472,51.33719437374417
2026-08-15T20:45:00Z,G23,45854,GPS BIII-3  (PRN 23),-7.111899064000681,28.684293747002812,-48.69526561099883,56.961361544353935
2026-08-15T20:45:00Z,G14,46826,GPS BIII-4  (PRN 14),-1.5622790700017504,-12.606245647999458,-55.04535183100052,56.49202513124222
2026-08-15T20:45:00Z,G11,48859,GPS BIII-5  (PRN 11),-13.318382646000828,-10.514364991999173,54.19145939000009,56.78596180666752
2026-08-15T20:45:00Z,G28,55268,GPS BIII-6  (PRN 28),28.54130285799988,30.98830691100011,29.84333964399775,51.62853915374148
2026-08-15T20:45:00Z,G01,62339,GPS BIII-7  (PRN 01),-13.928123095000046,-28.812193727000704,-44.86365528999886,55.10791854435744
2026-08-15T20:45:00Z,G21,64202,GPS BIII-8  (PRN 21),-14.650350881000008,25.73635081699831,46.69584797800053,55.294617755226085
2026-08-15T20:45:00Z,G20,67588,GPS BIII-9  (PRN 20),-44.77200864799852,9.874722806998761,-25.365338314000837,52.396977934564454
2026-08-15T20:45:00Z,G13,68791,GPS BIII-10 (PRN 13),-12.952973106999707,36.2302455730005,-0.2789189380018797,38.47711010931767
2026-08-15T21:00:00Z,G22,26407,GPS BIIR-5  (PRN 22),-5.180910324999786,-2.415320634998352,-57.72668754099999,58.00901705788318
2026-08-15T21:00:00Z,G16,27663,GPS BIIR-8  (PRN 16),16.872563704000186,-29.662681552999857,40.12025263100077,52.67060616734486
2026-08-15T21:00:00Z,G19,28190,GPS BIIR-11 (PRN 19),-48.05062154999996,2.5242889119999745,-17.606875710000168,51.237060201771534
2026-08-15T21:00:00Z,G02,28474,GPS BIIR-13 (PRN 02),0.05107182800202281,-8.650340710999444,-58.96809780600006,59.59922450507204
2026-08-15T21:00:00Z,G17,28874,GPS BIIRM-1 (PRN 17),-31.10406977599996,1.4447017990005406,-41.624278175000654,51.982024330610145
2026-08-15T21:00:00Z,G31,29486,GPS BIIRM-2 (PRN 31),23.268549054000687,20.69971834900207,44.39549659699878,54.22973200100273
2026-08-15T21:00:00Z,G12,29601,GPS BIIRM-3 (PRN 12),-20.87356605899913,49.92843502999949,-1.055247270000109,54.12640696891974
2026-08-15T21:00:00Z,G15,32260,GPS BIIRM-4 (PRN 15),-33.25522399200054,17.022017765999408,-34.81891859700045,51.06873900781839
2026-08-15T21:00:00Z,G29,32384,GPS BIIRM-5 (PRN 29),3.528706383000099,6.802060094999433,59.84887732799996,60.33745029163394
2026-08-15T21:00:00Z,G07,32711,GPS BIIRM-6 (PRN 07),-30.729972062999877,-38.81460051099998,23.76702578899858,54.916080620126166
2026-08-15T21:00:00Z,G05,35752,GPS BIIRM-8 (PRN 05),-13.390692527000283,39.788052153002354,30.453869627999666,51.8636473437985
2026-08-15T21:00:00Z,G25,36585,GPS BIIF-1  (PRN 25),-10.20235777400012,46.606588538000324,26.874523243001022,54.75858105208503
2026-08-15T21:00:00Z,G24,38833,GPS BIIF-3  (PRN 24),-7.67713797900069,32.905812842998785,-86.7413492869996,93.0902392441675
2026-08-15T21:00:00Z,G27,39166,GPS BIIF-4  (PRN 27),48.152206257000216,-11.45563710299939,-8.833428146997903,50.27818653929835
2026-08-15T21:00:00Z,G30,39533,GPS BIIF-5  (PRN 30),-37.02362554999945,-37.67286828499891,-11.780282383999293,54.118101470138555
2026-08-15T21:00:00Z,G06,39741,GPS BIIF-6  (PRN 06),-28.798247540000034,-31.280047543001274,29.67551919000107,51.84994575564819
2026-08-15T21:00:00Z,G09,40105,GPS BIIF-7  (PRN 09),-7.6609953440020035,-5.729857085999356,60.55958907200011,61.31056956558398
2026-08-15T21:00:00Z,G03,40294,GPS BIIF-8  (PRN 03),18.32978338800058,-52.71550145400033,1.4997145590023138,55.831480334630356
2026-08-15T21:00:00Z,G26,40534,GPS BIIF-9  (PRN 26),8.645709887000066,-8.287150554002437,53.81713641799979,55.13355907238778
2026-08-15T21:00:00Z,G08,40730,GPS BIIF-10 (PRN 08),35.94033411900091,-12.678244701999574,-34.50311435800177,51.40924436043141
2026-08-15T21:00:00Z,G10,41019,GPS BIIF-11 (PRN 10),1.250154115999976,11.920003557999735,-59.36205150099977,60.559908590946755
2026-08-15T21:00:00Z,G32,41328,GPS BIIF-12 (PRN 32),38.66533768299996,-5.889607359000365,-33.55481880099978,51.53272433853596
2026-08-15T21:00:00Z,G04,43873,GPS BIII-1  (PRN 04),17.22310616699906,-7.49311905400009,54.431353335000495,57.580851375060526
2026-08-15T21:00:00Z,G18,44506,GPS BIII-2  (PRN 18),30.73040088900052,38.12049082399972,16.96354193499792,51.81979461983387
2026-08-15T21:00:00Z,G23,45854,GPS BIII-3  (PRN 23),-7.1416691610011185,34.11518671500016,-43.84990987099991,56.014855160924355
2026-08-15T21:00:00Z,G14,46826,GPS BIII-4  (PRN 14),-0.10765922799873806,-18.347234723001748,-52.91511789000015,56.005734651041834
2026-08-15T21:00:00Z,G11,48859,GPS BIII-5  (PRN 11),-17.56286760399962,-14.454058966999582,51.24073540599966,56.062350147356355
2026-08-15T21:00:00Z,G28,55268,GPS BIII-6  (PRN 28),32.19937668400007,31.693866132998664,23.220515705001162,50.79855666159003
2026-08-15T21:00:00Z,G01,62339,GPS BIII-7  (PRN 01),-12.173285576998751,-23.830522201998974,-49.22000772000138,56.024029042154105
2026-08-15T21:00:00Z,G21,64202,GPS BIII-8  (PRN 21),-11.51582814699998,21.257351793999987,50.60582145199987,56.08420872257005
2026-08-15T21:00:00Z,G20,67588,GPS BIII-9  (PRN 20),-46.65807523100011,12.689428260999193,-18.33268019300158,51.711553224705824
2026-08-15T21:00:00Z,G13,68791,GPS BIII-10 (PRN 13),-10.308754468000188,36.713214069999594,-6.538496465997014,38.68956502814403
2026-08-15T21:15:00Z,G22,26407,GPS BIIR-5  (PRN 22),-3.086475235000762,-8.304080650999822,-57.3611828449998,58.041273092619896
2026-08-15T21:15:00Z,G16,27663,GPS BIIR-8  (PRN 16),13.709735332000037,-26.070447857000545,44.95353945199895,53.74426298313617
2026-08-15T21:15:00Z,G19,28190,GPS BIIR-11 (PRN 19),-45.6147226389985,4.518978547999723,-24.737776734000363,52.08725070774319
2026-08-15T21:15:00Z,G02,28474,GPS BIIR-13 (PRN 02),4.7872170509981515,-4.363647432001017,-59.426785396999996,59.778772893270975
2026-08-15T21:15:00Z,G17,28874,GPS BIIRM-1 (PRN 17),-26.25411196299683,2.101461869000559,-46.04461216500022,53.045271668431695
2026-08-15T21:15:00Z,G31,29486,GPS BIIRM-2 (PRN 31),27.603010222000194,22.961522148001677,39.29333918900011,53.22710002706169
2026-08-15T21:15:00Z,G12,29601,GPS BIIRM-3 (PRN 12),-18.34192961699955,50.30283159999999,-9.021355066000979,54.297201551090865
2026-08-15T21:15:00Z,G15,32260,GPS BIIRM-4 (PRN 15),-35.5312230970012,20.14611266100019,-28.9276243610002,50.051384808911294
2026-08-15T21:15:00Z,G29,32384,GPS BIIRM-5 (PRN 29),-2.8793642119999276,7.8833531409995885,59.73090691399989,60.31765277080976
2026-08-15T21:15:00Z,G07,32711,GPS BIIRM-6 (PRN 07),-30.17762309400132,-34.97516935600004,30.760699144000682,55.4992974632311
2026-08-15T21:15:00Z,G05,35752,GPS BIIRM-8 (PRN 05),-10.345495673000187,36.77492309800073,36.490653450000536,52.829840419898765
2026-08-15T21:15:00Z,G25,36585,GPS BIIF-1  (PRN 25),-8.734932958001082,49.643382870000096,19.581211147997237,54.0757648728212
2026-08-15T21:15:00Z,G24,38833,GPS BIIF-3  (PRN 24),-14.745158991998323,26.639886679000483,-88.18166033299985,93.29045232527204
2026-08-15T21:15:00Z,G27,39166,GPS BIIF-4  (PRN 27),48.11040408699955,-13.990380866000123,-1.4536405639992154,50.12439335372977
2026-08-15T21:15:00Z,G30,39533,GPS BIIF-5  (PRN 30),-39.21040844000163,-36.65135193599963,-3.941247332000785,53.81738714672292
2026-08-15T21:15:00Z,G06,39741,GPS BIIF-6  (PRN 06),-32.52129561399988,-31.738882803001616,22.95920624899736,50.91283238614641
2026-08-15T21:15:00Z,G09,40105,GPS BIIF-7  (PRN 09),-1.2588801479978429,-7.350552583000535,60.96028814900001,61.414755016295466
2026-08-15T21:15:00Z,G03,40294,GPS BIIF-8  (PRN 03),15.529943032001029,-53.34296826100035,-6.72038738700212,55.9626214548842
2026-08-15T21:15:00Z,G26,40534,GPS BIIF-9  (PRN 26),7.271742253999946,-2.6093585779999557,54.86555096400002,55.40681970823153
2026-08-15T21:15:00Z,G08,40730,GPS BIIF-10 (PRN 08),38.6225410549996,-15.545373515000392,-28.59666032899986,50.5086952636692
2026-08-15T21:15:00Z,G10,41019,GPS BIIF-11 (PRN 10),0.07372788800057606,18.371113534998585,-57.2480651650003,60.123574523255
2026-08-15T21:15:00Z,G32,41328,GPS BIIF-12 (PRN 32),34.392373103000864,-6.86633647599956,-39.21490521799933,52.60979657358818
2026-08-15T21:15:00Z,G04,43873,GPS BIII-1  (PRN 04),22.628722542001924,-9.708586115999879,51.252049196998996,56.86025215514171
2026-08-15T21:15:00Z,G18,44506,GPS BIII-2  (PRN 18),31.08103788399967,34.78640283699997,24.124792538001202,52.517905073282016
2026-08-15T21:15:00Z,G23,45854,GPS BIII-3  (PRN 23),-6.391925031999563,39.045044950000374,-38.24048338300054,55.02460186251049
2026-08-15T21:15:00Z,G14,46826,GPS BIII-4  (PRN 14),0.6032305420012563,-23.992529500999808,-49.85453088699978,55.33063897070017
2026-08-15T21:15:00Z,G11,48859,GPS BIII-5  (PRN 11),-22.0496368059994,-17.62976728600188,47.417243396999766,55.18505367584037
2026-08-15T21:15:00Z,G28,55268,GPS BIII-6  (PRN 28),35.47872401299992,31.539987529000427,16.19399393000276,50.15731362747696
2026-08-15T21:15:00Z,G01,62339,GPS BIII-7  (PRN 01),-9.60511662999852,-18.82425120699918,-52.731115361000775,56.80828483764719
2026-08-15T21:15:00Z,G21,64202,GPS BIII-8  (PRN 21),-8.86397549000003,16.124615379001625,53.641383759000746,56.70953477316179
2026-08-15T21:15:00Z,G20,67588,GPS BIII-9  (PRN 20),-47.56786968400047,15.520324631999756,-10.97913608700037,51.22620552191606
2026-08-15T21:15:00Z,G13,68791,GPS BIII-10 (PRN 13),-7.519028042999707,36.358880396999666,-12.68140503199902,39.23419427005418
2026-08-15T21:30:00Z,G22,26407,GPS BIIR-5  (PRN 22),-1.7194694130012067,-14.358989155996824,-56.02105237700016,57.857544487049196
2026-08-15T21:30:00Z,G16,27663,GPS BIIR-8  (PRN 16),10.894674118000012,-21.70875757400063,49.035313131000294,54.721348790023434
2026-08-15T21:30:00Z,G19,28190,GPS BIIR-11 (PRN 19),-42.32730595800058,6.047330015000625,-31.47291936900001,53.091578273583984
2026-08-15T21:30:00Z,G02,28474,GPS BIIR-13 (PRN 02),10.01994809199823,-0.653167864002171,-58.898711749000086,59.74850821331613
2026-08-15T21:30:00Z,G17,28874,GPS BIIRM-1 (PRN 17),-21.018038704998617,2.0558307179999247,-49.71189606000007,54.011637642513136
2026-08-15T21:30:00Z,G31,29486,GPS BIIRM-2 (PRN 31),31.80699533699999,24.35457394000332,33.49482949099911,52.218136952577424
2026-08-15T21:30:00Z,G12,29601,GPS BIIRM-3 (PRN 12),-15.581770938000773,49.65454662199954,-16.82575992800048,54.69434872960239
2026-08-15T21:30:00Z,G15,32260,GPS BIIRM-4 (PRN 15),-36.94667681599822,23.273071308,-22.57472592100021,49.15598667773185
2026-08-15T21:30:00Z,G29,32384,GPS BIIRM-5 (PRN 29),-9.062059273001069,9.690845236999849,58.595071093000115,60.07841339506732
2026-08-15T21:30:00Z,G07,32711,GPS BIIRM-6 (PRN 07),-28.74094747699928,-30.792398619999858,37.1517558480009,56.164640453207475
2026-08-15T21:30:00Z,G05,35752,GPS BIIRM-8 (PRN 05),-7.62198177099981,32.90816380799879,41.91034097500051,53.828603288329354
2026-08-15T21:30:00Z,G25,36585,GPS BIIF-1  (PRN 25),-6.806078044999595,51.77923362399997,11.943864698998368,53.57301220756001
2026-08-15T21:30:00Z,G24,38833,GPS BIIF-3  (PRN 24),-22.3969623410012,21.0117531169999,-88.12962340500007,93.32710331228071
2026-08-15T21:30:00Z,G27,39166,GPS BIIF-4  (PRN 27),47.161368848000166,-16.275426067999433,5.969719854001596,50.24660944230264
2026-08-15T21:30:00Z,G30,39533,GPS BIIF-5  (PRN 30),-40.703770105999865,-34.89263087099971,3.947087163996912,53.75753051454391
2026-08-15T21:30:00Z,G06,39741,GPS BIIF-6  (PRN 06),-35.83143065299919,-31.313463255999523,15.86560811900199,50.16115952319348
2026-08-15T21:30:00Z,G09,40105,GPS BIIF-7  (PRN 09),4.906035497999255,-9.705929558000207,60.31620995200001,61.28881982765075
2026-08-15T21:30:00Z,G03,40294,GPS BIIF-8  (PRN 03),12.513632148000397,-52.8791816920002,-14.822616744000698,56.325028300841254
2026-08-15T21:30:00Z,G26,40534,GPS BIIF-9  (PRN 26),6.5582930969999325,3.259220276999258,54.94954934599991,55.43542818891759
2026-08-15T21:30:00Z,G08,40730,GPS BIIF-10 (PRN 08),40.45235624099951,-18.5109992710004,-22.200359179998486,49.71826794228307
2026-08-15T21:30:00Z,G10,41019,GPS BIIF-11 (PRN 10),-0.2695369139983086,24.690964159999567,-54.11725903700062,59.48440204773195
2026-08-15T21:30:00Z,G32,41328,GPS BIIF-12 (PRN 32),29.585228442001608,-7.143158330000006,-44.22321766299865,53.68429410322748
2026-08-15T21:30:00Z,G04,43873,GPS BIII-1  (PRN 04),27.417547465000098,-12.470775248000336,47.19993820199852,55.991752165422994
2026-08-15T21:30:00Z,G18,44506,GPS BIII-2  (PRN 18),30.57095959900107,31.012516255,30.863437579002493,53.3751956854809
2026-08-15T21:30:00Z,G23,45854,GPS BIII-3  (PRN 23),-4.948100932000671,43.310968525000135,-31.96789328199884,54.05802344052254
2026-08-15T21:30:00Z,G14,46826,GPS BIII-4  (PRN 14),0.5839862860011635,-29.368289576999814,-45.917546189999484,54.509251698876675
2026-08-15T21:30:00Z,G11,48859,GPS BIII-5  (PRN 11),-26.61793871200007,-19.980979940002726,42.78668733400082,54.20751639446442
2026-08-15T21:30:00Z,G28,55268,GPS BIII-6  (PRN 28),38.227292409000256,30.589022340000156,8.882748805001029,49.75859120767975
2026-08-15T21:30:00Z,G01,62339,GPS BIII-7  (PRN 01),-6.264429080998525,-13.96202689600068,-55.33717084,57.41414236345304
2026-08-15T21:30:00Z,G21,64202,GPS BIII-8  (PRN 21),-6.806395135999992,10.47541880800054,55.75081130699982,57.133303557024206
2026-08-15T21:30:00Z,G20,67588,GPS BIII-9  (PRN 20),-47.49734003000049,18.202794764001737,-3.4334781279976596,50.98164198220075
2026-08-15T21:30:00Z,G13,68791,GPS BIII-10 (PRN 13),-4.730164683000112,35.16265702199962,-18.600618616001157,40.05957962426727
2026-08-15T21:45:00Z,G22,26407,GPS BIIR-5  (PRN 22),-1.1063056450002478,-20.406907913002215,-53.719588353999825,57.475733798474515
2026-08-15T21:45:00Z,G16,27663,GPS BIIR-8  (PRN 16),8.556084830999907,-16.68533126299735,52.286131388000285,55.54679470963605
2026-08-15T21:45:00Z,G19,28190,GPS BIIR-11 (PRN 19),-38.29527402599888,6.984697236001011,-37.68773675099874,54.181911276896884
2026-08-15T21:45:00Z,G02,28474,GPS BIIR-13 (PRN 02),15.60687122499803,2.383612166999228,-57.383649650000734,59.51587421478717
2026-08-15T21:45:00Z,G17,28874,GPS BIIRM-1 (PRN 17),-15.549582432002353,1.265043498000523,-52.56184823700005,54.82825675644717
2026-08-15T21:45:00Z,G31,29486,GPS BIIRM-2 (PRN 31),35.70956449799996,24.886011412003427,27.104807989999244,51.275307671528516
2026-08-15T21:45:00Z,G12,29601,GPS BIIRM-3 (PRN 12),-12.763052725000307,47.97581850499955,-24.327474068999436,55.28472366453173
2026-08-15T21:45:00Z,G15,32260,GPS BIIRM-4 (PRN 15),-37.501368747000015,26.252028783999776,-15.861967908000224,48.447122712178185
2026-08-15T21:45:00Z,G29,32384,GPS BIIRM-5 (PRN 29),-14.851245380999899,12.160875680000117,56.45954249500028,59.63326525871136
2026-08-15T21:45:00Z,G07,32711,GPS BIIRM-6 (PRN 07),-26.418545212000026,-26.447238670999923,42.831409051001174,56.850026963349
2026-08-15T21:45:00Z,G05,35752,GPS BIIRM-8 (PRN 05),-5.361080521000076,28.28584255900205,46.62027660900094,54.793067670327225
2026-08-15T21:45:00Z,G25,36585,GPS BIIF-1  (PRN 25),-4.562610416998723,52.934165213,4.103666947001329,53.28867931396307
2026-08-15T21:45:00Z,G24,38833,GPS BIIF-3  (PRN 24),-30.444863489003183,16.16038985800151,-86.59775304499999,93.20525063358525
2026-08-15T21:45:00Z,G27,39166,GPS BIIF-4  (PRN 27),45.355146581999975,-18.16256572400016,13.315905969000596,50.63873484723522
2026-08-15T21:45:00Z,G30,39533,GPS BIIF-5  (PRN 30),-41.39933783400011,-32.51880169499964,11.74366877599823,53.9378475014784
2026-08-15T21:45:00Z,G06,39741,GPS BIIF-6  (PRN 06),-38.576404303000345,-30.076020800999686,8.516692377001164,49.651183724209226
2026-08-15T21:45:00Z,G09,40105,GPS BIIF-7  (PRN 09),10.662214690997644,-12.722661787000106,58.63600184000006,60.9403778856335
2026-08-15T21:45:00Z,G03,40294,GPS BIIF-8  (PRN 03),9.462954150998485,-51.31595558900153,-22.661442573000386,56.88950499666587
2026-08-15T21:45:00Z,G26,40534,GPS BIIF-9  (PRN 26),6.528787525999633,9.148316080001678,54.06360744799986,55.21947486123615
2026-08-15T21:45:00Z,G08,40730,GPS BIIF-10 (PRN 08),41.40309301900015,-21.422121035999226,-15.417062415002874,49.09999179968439
2026-08-15T21:45:00Z,G10,41019,GPS BIIF-11 (PRN 10),0.19667218900031003,30.680683601000055,-50.023597310000696,58.68307519215151
2026-08-15T21:45:00Z,G32,41328,GPS BIIF-12 (PRN 32),24.396424048998597,-6.654005096999754,-48.49094437599888,54.68850863468187
2026-08-15T21:45:00Z,G04,43873,GPS BIII-1  (PRN 04),31.465433836001466,-15.655058024000027,42.343389962999936,55.02832944748802
2026-08-15T21:45:00Z,G18,44506,GPS BIII-2  (PRN 18),29.161707524999656,26.964510186000098,37.06516730600197,54.3260215989211
2026-08-15T21:45:00Z,G23,45854,GPS BIII-3  (PRN 23),-2.9247790579993307,46.7727745480006,-25.144828555999993,53.18373035587892
2026-08-15T21:45:00Z,G14,46826,GPS BIII-4  (PRN 14),-0.11975544000051741,-34.308326469999884,-41.174189891000424,53.594678091370845
2026-08-15T21:45:00Z,G11,48859,GPS BIII-5  (PRN 11),-31.100071747000584,-21.479430813000363,37.427899542002706,53.192368577130495
2026-08-15T21:45:00Z,G28,55268,GPS BIII-6  (PRN 28),40.3095853599998,28.93204890800007,1.4108045590000984,49.637853452921526
2026-08-15T21:45:00Z,G01,62339,GPS BIII-7  (PRN 01),-2.223431498001446,-9.403211928000019,-56.993971081999916,57.80723814441431
2026-08-15T21:45:00Z,G21,64202,GPS BIII-8  (PRN 21),-5.427608484000302,4.46636219499851,56.89840831299989,57.33093574733766
2026-08-15T21:45:00Z,G20,67588,GPS BIII-9  (PRN 20),-46.476991047999945,20.576031842001612,4.172131510997133,50.99892611206619
2026-08-15T21:45:00Z,G13,68791,GPS BIII-10 (PRN 13),-2.087129785999423,33.15047287000016,-24.193052093996812,41.09274548957597
2026-08-15T22:00:00Z,G22,26407,GPS BIIR-5  (PRN 22),-1.2414277049992961,-26.271159808999073,-50.4861790599989,56.925998072365665
2026-08-15T22:00:00Z,G16,27663,GPS BIIR-8  (PRN 16),6.801537188999987,-11.134088191000046,54.64009547299975,56.17623039397396
2026-08-15T22:00:00Z,G19,28190,GPS BIIR-11 (PRN 19),-33.65226798799995,7.2304486079992785,-43.265293718000976,55.2868896603343
2026-08-15T22:00:00Z,G02,28474,GPS BIIR-13 (PRN 02),21.388388963998295,4.676149826002074,-54.896291652999935,59.101035497880524
2026-08-15T22:00:00Z,G17,28874,GPS BIIRM-1 (PRN 17),-10.009875422001642,-0.28359205200104043,-54.54180482799984,55.453462509671816
2026-08-15T22:00:00Z,G31,29486,GPS BIIRM-2 (PRN 31),39.147750520000045,24.59703225499834,20.239173076999577,50.469639322768465
2026-08-15T22:00:00Z,G12,29601,GPS BIIRM-3 (PRN 12),-10.05549324399908,45.29625006900096,-31.391677433999575,56.0205375448492
2026-08-15T22:00:00Z,G15,32260,GPS BIIRM-4 (PRN 15),-37.2241179850007,28.935282129999905,-8.895217127999786,47.979270518195726
2026-08-15T22:00:00Z,G29,32384,GPS BIIRM-5 (PRN 29),-20.093735697002558,15.200301318000129,53.3590368619989,59.008424731212315
2026-08-15T22:00:00Z,G07,32711,GPS BIIRM-6 (PRN 07),-23.24360907499795,-22.120031178000318,47.70783166900037,57.49433315297002
2026-08-15T22:00:00Z,G05,35752,GPS BIIRM-8 (PRN 05),-3.6834727650002606,23.032950526001514,50.539165469999716,55.66230347324609
2026-08-15T22:00:00Z,G25,36585,GPS BIIF-1  (PRN 25),-2.1638707399997656,53.06360016200006,-3.794638572999247,53.24309608420357
2026-08-15T22:00:00Z,G24,38833,GPS BIIF-3  (PRN 24),-38.68339508099962,12.187254860000394,-83.62256604699996,92.93905416077882
2026-08-15T22:00:00Z,G27,39166,GPS BIIF-4  (PRN 27),42.770349987000145,-19.51643231200069,20.463735063996864,51.27336951058359
2026-08-15T22:00:00Z,G30,39533,GPS BIIF-5  (PRN 30),-41.22141889099839,-29.672407043999556,19.310252358998696,54.33730726986909
2026-08-15T22:00:00Z,G06,39741,GPS BIIF-6  (PRN 06),-40.622664154999256,-28.127894053999626,1.0379002340014267,49.421215119203914
2026-08-15T22:00:00Z,G09,40105,GPS BIIF-7  (PRN 09),15.854380045002472,-16.297424202999537,55.946283536999545,60.39001609427037
2026-08-15T22:00:00Z,G03,40294,GPS BIIF-8  (PRN 03),6.559155585000553,-48.68479847999879,-30.096682388000772,57.61113100600033
2026-08-15T22:00:00Z,G26,40534,GPS BIIF-9  (PRN 26),7.17529272999991,14.885667775000911,52.22047252700031,54.772672764911555
2026-08-15T22:00:00Z,G08,40730,GPS BIIF-10 (PRN 08),41.47824803799995,-24.124387039000794,-8.35672890600108,48.705913689384275
2026-08-15T22:00:00Z,G10,41019,GPS BIIF-11 (PRN 10),1.4124384139995527,36.1514026320001,-45.03999264899903,57.771271687199445
2026-08-15T22:00:00Z,G32,41328,GPS BIIF-12 (PRN 32),18.99103167499925,-5.363645944999007,-51.94029420100014,55.56277660080153
2026-08-15T22:00:00Z,G04,43873,GPS BIII-1  (PRN 04),34.67520253800103,-19.11695626999972,36.76429839299817,54.031854719321665
2026-08-15T22:00:00Z,G18,44506,GPS BIII-2  (PRN 18),26.848446159998275,22.81433803100026,42.62552697800129,55.30161508628285
2026-08-15T22:00:00Z,G23,45854,GPS BIII-3  (PRN 23),-0.46066350399996736,49.31854690199998,-17.89353449400005,52.46627351048156
2026-08-15T22:00:00Z,G14,46826,GPS BIII-4  (PRN 14),-1.4325186030000623,-38.66065922800044,-35.7092376699984,52.648345999318444
2026-08-15T22:00:00Z,G11,48859,GPS BIII-5  (PRN 11),-35.3278216460003,-22.129775916000654,31.431530547000875,52.20845790550664
2026-08-15T22:00:00Z,G28,55268,GPS BIII-6  (PRN 28),41.612119037999946,26.685303275999104,-6.094697905002249,49.80782272211831
2026-08-15T22:00:00Z,G01,62339,GPS BIII-7  (PRN 01),2.417018257001473,-5.292036168999402,-57.67363471600004,57.96633303412664
2026-08-15T22:00:00Z,G21,64202,GPS BIII-8  (PRN 21),-4.782018808999965,-1.7324774020016775,57.06501562300002,57.29123135254916
2026-08-15T22:00:00Z,G20,67588,GPS BIII-9  (PRN 20),-44.57066622299999,22.48962726500031,11.704566798001906,51.27693931983076
2026-08-15T22:00:00Z,G13,68791,GPS BIII-10 (PRN 13),0.2722078150000016,30.37791945200297,-29.361502703999577,42.24914115534069
2026-08-15T22:15:00Z,G22,26407,GPS BIIR-5  (PRN 22),-2.086737654000899,-31.77772514299795,-46.366496261000066,56.2497134643536
2026-08-15T22:15:00Z,G16,27663,GPS BIIR-8  (PRN 16),5.7122631550000165,-5.210458523997659,56.04660106399979,56.57738346026098
2026-08-15T22:15:00Z,G19,28190,GPS BIIR-11 (PRN 19),-28.553385613999126,6.7129290720004064,-48.098996111000815,56.337134055909445
2026-08-15T22:15:00Z,G02,28474,GPS BIIR-13 (PRN 02),27.192675081001653,6.184040145999461,-51.466617620999386,58.536284985762684
2026-08-15T22:15:00Z,G17,28874,GPS BIIRM-1 (PRN 17),-4.561611312001332,-2.571299717999864,-55.611858542999926,55.857843590745595
2026-08-15T22:15:00Z,G31,29486,GPS BIIRM-2 (PRN 31),41.972916590000295,23.560900652999408,13.022545166000782,49.86409980388857
2026-08-15T22:15:00Z,G12,29601,GPS BIIRM-3 (PRN 12),-7.621181288999651,41.68140618799953,-37.89249883699813,56.84420369888832
2026-08-15T22:15:00Z,G15,32260,GPS BIIRM-4 (PRN 15),-36.171290234999105,31.18324168899926,-1.7832321710011456,47.79055049353142
2026-08-15T22:15:00Z,G29,32384,GPS BIIRM-5 (PRN 29),-24.65690636799991,18.68950882299987,49.344354232000114,58.241961387460265
2026-08-15T22:15:00Z,G07,32711,GPS BIIRM-6 (PRN 07),-19.281981342002837,-17.9828035670007,51.70729719799965,58.04154212393862
2026-08-15T22:15:00Z,G05,35752,GPS BIIRM-8 (PRN 05),-2.6844082340003297,17.296826480000163,53.5984685630001,56.384236149343316
2026-08-15T22:15:00Z,G25,36585,GPS BIIF-1  (PRN 25),0.2252635669992742,52.15983259099994,-11.60598320400095,53.43592167940316
2026-08-15T22:15:00Z,G24,38833,GPS BIIF-3  (PRN 24),-46.896454316996824,9.153154456998891,-79.26296229499894,92.55093114495538
2026-08-15T22:15:00Z,G27,39166,GPS BIIF-4  (PRN 27),39.51127211799985,-20.21985025899994,27.29329326599691,52.10476778743693
2026-08-15T22:15:00Z,G30,39533,GPS BIIF-5  (PRN 30),-40.12590118599837,-26.510179091000282,26.514028967998456,54.916948873196475
2026-08-15T22:15:00Z,G06,39741,GPS BIIF-6  (PRN 06),-41.8602329130008,-25.595214901000872,-6.443864073000441,49.486538670131274
2026-08-15T22:15:00Z,G09,40105,GPS BIIF-7  (PRN 09),20.34944455599907,-20.3002839210003,52.291362665000634,59.6706630629619
2026-08-15T22:15:00Z,G03,40294,GPS BIIF-8  (PRN 03),3.9748691830009193,-45.05542446700019,-36.99634011300077,58.43389462187472
2026-08-15T22:15:00Z,G26,40534,GPS BIIF-9  (PRN 26),8.458250785000018,20.303701479002484,49.45109477999904,54.12202024158789
2026-08-15T22:15:00Z,G08,40730,GPS BIIF-10 (PRN 08),40.71129516899964,-26.46770128299977,-1.1349606060030055,48.571976500042695
2026-08-15T22:15:00Z,G10,41019,GPS BIIF-11 (PRN 10),3.283821226001237,40.931709058000706,-39.256927801998245,56.80928329687372
2026-08-15T22:15:00Z,G32,41328,GPS BIIF-12 (PRN 32),13.540395398002147,-3.269938876001106,-54.50612824400014,56.257913433919775
2026-08-15T22:15:00Z,G04,43873,GPS BIII-1  (PRN 04),36.980086908002704,-22.69730785000047,30.556764173001284,53.069863840842295
2026-08-15T22:15:00Z,G18,44506,GPS BIII-2  (PRN 18),23.660232460999396,18.73320478300002,47.45162732500103,56.235189137595405
2026-08-15T22:15:00Z,G23,45854,GPS BIII-3  (PRN 23),2.2871450960010407,50.86864932199933,-10.343426416999137,51.95995560601048
2026-08-15T22:15:00Z,G14,46826,GPS BIII-4  (PRN 14),-3.251963702001376,-42.29316386999926,-29.620588322999538,51.73650771606412
2026-08-15T22:15:00Z,G11,48859,GPS BIII-5  (PRN 11),-39.13842247799994,-21.96920328700071,24.898609370000486,51.32643330382357
2026-08-15T22:15:00Z,G28,55268,GPS BIII-6  (PRN 28),42.047775090999494,23.985451754999303,-13.505520931001229,50.256505863543566
2026-08-15T22:15:00Z,G01,62339,GPS BIII-7  (PRN 01),7.530857123001624,-1.751798694000172,-57.36501580699996,57.88374250347606
2026-08-15T22:15:00Z,G21,64202,GPS BIII-8  (PRN 21),-4.891383390000101,-7.943800134999037,56.24822968399985,57.01660227194165
2026-08-15T22:15:00Z,G20,67588,GPS BIII-9  (PRN 20),-41.87264639600001,23.8096247450012,19.032147916001122,51.79227163389121
2026-08-15T22:15:00Z,G13,68791,GPS BIII-10 (PRN 13),2.222852058999706,26.927909161997377,-34.01646488699953,43.44160731972809
2026-08-15T22:30:00Z,G22,26407,GPS BIIR-5  (PRN 22),-3.5728853690015967,-36.761802652999904,-41.422432223000214,55.49786964764668
2026-08-15T22:30:00Z,G16,27663,GPS BIIR-8  (PRN 16),5.339580597999998,0.9142822270005126,56.47185587499999,56.731098516774004
2026-08-15T22:30:00Z,G19,28190,GPS BIIR-11 (PRN 19),-23.169305385999905,5.392978720999963,-52.09518367700002,57.26961754626315
2026-08-15T22:30:00Z,G02,28474,GPS BIIR-13 (PRN 02),32.84167225299825,6.898692574999586,-47.14013241599969,57.865010842612776
2026-08-15T22:30:00Z,G17,28874,GPS BIIRM-1 (PRN 17),0.6366293749997567,-5.548108798000612,-55.745919920999995,56.02494440902292
2026-08-15T22:30:00Z,G31,29486,GPS BIIRM-2 (PRN 31),44.057040013000005,21.879532523000307,5.585741227001563,49.50694116169102
2026-08-15T22:30:00Z,G12,29601,GPS BIIRM-3 (PRN 12),-5.607869722000032,37.23021353399963,-43.71553287900133,57.69388890949526
2026-08-15T22:30:00Z,G15,32260,GPS BIIRM-4 (PRN 15),-34.42464411000037,32.86950514700038,5.363517215999309,47.89809816302928
2026-08-15T22:30:00Z,G29,32384,GPS BIIRM-5 (PRN 29),-28.433459599000344,22.4871147450001,44.4816617689994,57.38249025664927
2026-08-15T22:30:00Z,G07,32711,GPS BIIRM-6 (PRN 07),-14.628879665000568,-14.19277903800048,54.77469211799962,58.444041558538906
2026-08-15T22:30:00Z,G05,35752,GPS BIIRM-8 (PRN 05),-2.429994386000544,11.24192372899779,55.743609965999894,56.91779839282367
2026-08-15T22:30:00Z,G25,36585,GPS BIIF-1  (PRN 25),2.4415980459998536,50.252286580000145,-19.18817621100243,53.846446622234716
2026-08-15T22:30:00Z,G24,38833,GPS BIIF-3  (PRN 24),-54.86506996599928,7.077195602998472,-73.5984206159992,92.07057139578657
2026-08-15T22:30:00Z,G27,39166,GPS BIIF-4  (PRN 27),35.70445010399999,-20.178741562998766,33.687748447999184,53.074040394443216
2026-08-15T22:30:00Z,G30,39533,GPS BIIF-5  (PRN 30),-38.102131910000026,-23.196602259999963,33.23009620399898,55.624581852115575
2026-08-15T22:30:00Z,G06,39741,GPS BIIF-6  (PRN 06),-42.207084605001,-22.623829067999395,-13.802245282997319,49.837512050701214
2026-08-15T22:30:00Z,G09,40105,GPS BIIF-7  (PRN 09),24.041434984999796,-24.57985300799919,47.732616792000044,58.82654567323109
2026-08-15T22:30:00Z,G03,40294,GPS BIIF-8  (PRN 03),1.8670047400009935,-40.53300269799729,-43.23922155699984,59.29620810195506
2026-08-15T22:30:00Z,G26,40534,GPS BIIF-9  (PRN 26),10.308258377999664,25.2461399040003,45.80414135200044,53.30710211438991
2026-08-15T22:30:00Z,G08,40730,GPS BIIF-10 (PRN 08),39.16464639399965,-28.312180183998862,6.12859702300193,48.71353790691655
2026-08-15T22:30:00Z,G10,41019,GPS BIIF-11 (PRN 10),5.687123851999786,44.87469513200085,-32.78062273500109,55.86278607259466
2026-08-15T22:30:00Z,G32,41328,GPS BIIF-12 (PRN 32),8.215907792000507,-0.4044241259980481,-56.13749344400003,56.736962113735785
2026-08-15T22:30:00Z,G04,43873,GPS BIII-1  (PRN 04),38.34609180500047,-26.228621717999886,23.825587207000353,52.21132022561619
2026-08-15T22:30:00Z,G18,44506,GPS BIII-2  (PRN 18),19.658969301999605,14.885148026000024,51.46361286499996,57.06615594984022
2026-08-15T22:30:00Z,G23,45854,GPS BIII-3  (PRN 23),5.1498880500003,51.37880583299966,-2.6285564139980124,51.70311735837778
2026-08-15T22:30:00Z,G14,46826,GPS BIII-4  (PRN 14),-5.453464547999829,-45.098774039001,-23.017381753998052,50.92582407979712
2026-08-15T22:30:00Z,G11,48859,GPS BIII-5  (PRN 11),-42.380862100999934,-21.065651166998578,17.938998224002717,50.613306440050074
2026-08-15T22:30:00Z,G28,55268,GPS BIII-6  (PRN 28),41.559560941999734,20.984241940001084,-20.694447451998712,50.948951616611566
2026-08-15T22:30:00Z,G01,62339,GPS BIII-7  (PRN 01),12.971592796999175,1.119532132999666,-56.073789858000055,57.56548862753733
2026-08-15T22:30:00Z,G21,64202,GPS BIII-8  (PRN 21),-5.7442407140001706,-13.98964758999864,54.46236434099956,56.523054329048
2026-08-15T22:30:00Z,G20,67588,GPS BIII-9  (PRN 20),-38.50393334899991,24.42411578500105,26.02702730499732,52.502347238561065
2026-08-15T22:30:00Z,G13,68791,GPS BIII-10 (PRN 13),3.657592880001175,22.90756606300056,-38.07776694600034,44.5875644569255
2026-08-15T22:45:00Z,G22,26407,GPS BIIR-5  (PRN 22),-5.601766714000405,-41.074236923999706,-35.7317115299993,54.72867564695887
2026-08-15T22:45:00Z,G16,27663,GPS BIIR-8  (PRN 16),5.7025312900000245,7.059482839998964,55.900081547000354,56.63191925092208
2026-08-15T22:45:00Z,G19,28190,GPS BIIR-11 (PRN 19),-17.679639852998662,3.2660090160024993,-55.17551967199961,58.030806054194734
2026-08-15T22:45:00Z,G02,28474,GPS BIIR-13 (PRN 02),38.15748734199951,6.843923030000951,-41.97789825399923,57.139977813423606
2026-08-15T22:45:00Z,G17,28874,GPS BIIRM-1 (PRN 17),5.436044467001921,-9.134302839000156,-54.93266924799991,55.95162391309071
2026-08-15T22:45:00Z,G31,29486,GPS BIIRM-2 (PRN 31),45.29807196599995,19.679009417999623,-1.9368522100012342,49.4260066361224
2026-08-15T22:45:00Z,G12,29601,GPS BIIRM-3 (PRN 12),-4.143057835999571,32.07096871500107,-48.76000673899944,58.508548262098294
2026-08-15T22:45:00Z,G15,32260,GPS BIIRM-4 (PRN 15),-32.08845001200007,33.885419602000184,12.434016627001256,48.295911372048764
2026-08-15T22:45:00Z,G29,32384,GPS BIIRM-5 (PRN 29),-31.34530044299754,26.435483464,38.85153264600012,56.4872041685585
2026-08-15T22:45:00Z,G07,32711,GPS BIIRM-6 (PRN 07),-9.404489789001673,-10.886866341999848,56.8734883850002,58.664827350114635
2026-08-15T22:45:00Z,G05,35752,GPS BIIRM-8 (PRN 05),-2.9546310770001583,5.043891228997381,56.9349840509999,57.23428249239039
2026-08-15T22:45:00Z,G25,36585,GPS BIIF-1  (PRN 25),4.330558237001242,47.40615350100052,-26.404967880000186,54.43637986813896
2026-08-15T22:45:00Z,G24,38833,GPS BIIF-3  (PRN 24),-62.3750038970029,5.937243739001133,-66.72706641600053,91.53356415464647
2026-08-15T22:45:00Z,G27,39166,GPS BIIF-4  (PRN 27),31.494397878999735,-19.326212912998017,39.5352438989994,54.11501744869573
2026-08-15T22:45:00Z,G30,39533,GPS BIIF-5  (PRN 30),-35.173334154998884,-19.897375517999535,39.34369439999864,56.40031273959376
2026-08-15T22:45:00Z,G06,39741,GPS BIIF-6  (PRN 06),-41.61239717099852,-19.373645592000685,-20.913404185001127,50.441056852990265
2026-08-15T22:45:00Z,G09,40105,GPS BIIF-7  (PRN 09),26.85540742700323,-28.969289262000075,42.347543093999775,57.91154491562059
2026-08-15T22:45:00Z,G03,40294,GPS BIIF-8  (PRN 03),0.3704842120005196,-35.25395052500244,-48.71722185100043,60.13606231746684
2026-08-15T22:45:00Z,G26,40534,GPS BIIF-9  (PRN 26),12.62912402999973,29.574196212997776,41.34510875900014,52.378868579834354
2026-08-15T22:45:00Z,G08,40730,GPS BIIF-10 (PRN 08),36.92759397999998,-29.533743225001672,13.312002460002986,49.12329992505786
2026-08-15T22:45:00Z,G10,41019,GPS BIIF-11 (PRN 10),8.47440281300078,47.863985302999936,-25.73078804100078,54.998636758866105
2026-08-15T22:45:00Z,G32,41328,GPS BIIF-12 (PRN 32),3.1826665959997626,3.1684566520016233,-56.798993199999984,56.976259202851764
2026-08-15T22:45:00Z,G04,43873,GPS BIII-1  (PRN 04),38.773169244999735,-29.541689989000588,16.684577951000392,51.521308621876244
2026-08-15T22:45:00Z,G18,44506,GPS BIII-2  (PRN 18),14.937067681999906,11.42101323299994,54.59587015199941,57.743091117976924
2026-08-15T22:45:00Z,G23,45854,GPS BIII-3  (PRN 23),7.954179263999322,50.841740654999995,5.1149750830009,51.713775057462556
2026-08-15T22:45:00Z,G14,46826,GPS BIII-4  (PRN 14),-7.895487719999437,-46.99967538300007,-16.017866653000965,50.27802964076223
2026-08-15T22:45:00Z,G11,48859,GPS BIII-5  (PRN 11),-44.92173788199989,-19.51497865300007,10.669737876,50.126242952257066
2026-08-15T22:45:00Z,G28,55268,GPS BIII-6  (PRN 28),40.12318531499841,17.84266716000002,-27.53743812600078,51.83185574284958
2026-08-15T22:45:00Z,G01,62339,GPS BIII-7  (PRN 01),18.577868037998996,3.2527384029999666,-53.82224981499985,57.0311499367136
2026-08-15T22:45:00Z,G21,64202,GPS BIII-8  (PRN 21),-7.296630149000066,-19.697971184999915,51.738143357999434,55.83982770809097
2026-08-15T22:45:00Z,G20,67588,GPS BIII-9  (PRN 20),-34.60755182799994,24.24782406200029,32.5674688049985,53.35053551403184
2026-08-15T22:45:00Z,G13,68791,GPS BIII-10 (PRN 13),4.491110685999956,18.444143394001003,-41.475990312999784,45.61375092202378
2026-08-15T23:00:00Z,G22,26407,GPS BIIR-5  (PRN 22),-8.049743047000447,-44.58726575200126,-29.387168992001534,54.00396588887498
2026-08-15T23:00:00Z,G16,27663,GPS BIIR-8  (PRN 16),6.786155299000029,13.042106272998353,54.33435019099943,56.28827631449101
2026-08-15T23:00:00Z,G19,28190,GPS BIIR-11 (PRN 19),-12.265360240999144,0.3630410480000137,-57.27906680900014,58.57868516067868
2026-08-15T23:00:00Z,G02,28474,GPS BIIR-13 (PRN 02),42.96858695299852,6.075818239,-36.05636481699912,56.42053239581573
2026-08-15T23:00:00Z,G17,28874,GPS BIIRM-1 (PRN 17),9.703408219000266,-13.222404211999674,-53.176360982000006,55.64812190449954
2026-08-15T23:00:00Z,G31,29486,GPS BIIRM-2 (PRN 31),45.62383727699853,17.10401906200059,-9.409975505997863,49.624889269143964
2026-08-15T23:00:00Z,G12,29601,GPS BIIRM-3 (PRN 12),-3.328500460000214,26.355932698999823,-52.940539434999664,59.23187334041685
2026-08-15T23:00:00Z,G15,32260,GPS BIIRM-4 (PRN 15),-29.285573634000684,34.14385357699939,19.317858147998777,48.955359293812286
2026-08-15T23:00:00Z,G29,32384,GPS BIIRM-5 (PRN 29),-33.34636374200272,30.366315947999965,32.54773629600095,55.61877611977567
2026-08-15T23:00:00Z,G07,32711,GPS BIIRM-6 (PRN 07),-3.7489587729978666,-8.176587525999821,57.985211858999946,58.67875313761431
2026-08-15T23:00:00Z,G05,35752,GPS BIIRM-8 (PRN 05),-4.258966123999926,-1.1169507129998237,57.14874765700006,57.31810996625865
2026-08-15T23:00:00Z,G25,36585,GPS BIIF-1  (PRN 25),5.752820739000526,43.719128750999516,-33.12885527799881,55.154131461134774
2026-08-15T23:00:00Z,G24,38833,GPS BIIF-3  (PRN 24),-69.22359375800079,5.67130435800027,-58.763720801998716,90.97936309069796
2026-08-15T23:00:00Z,G27,39166,GPS BIIF-4  (PRN 27),27.03808188400035,-17.625890289997187,44.73088674899918,55.15960578025115
2026-08-15T23:00:00Z,G30,39533,GPS BIIF-5  (PRN 30),-31.395533417999104,-16.772439286999997,44.75219495500096,57.18175575764715
2026-08-15T23:00:00Z,G06,39741,GPS BIIF-6  (PRN 06),-40.05840487399837,-16.01218332500048,-27.657963343997835,51.24479244001802
2026-08-15T23:00:00Z,G09,40105,GPS BIIF-7  (PRN 09),28.750296240999887,-33.292372000999876,36.22847888299657,56.98652691271807
2026-08-15T23:00:00Z,G03,40294,GPS BIIF-8  (PRN 03),-0.4075102609986061,-29.380208051999944,-53.3372550160002,60.89520065188602
2026-08-15T23:00:00Z,G26,40534,GPS BIIF-9  (PRN 26),15.301491303000148,33.17193831300028,36.15506055900005,51.39748565408863
2026-08-15T23:00:00Z,G08,40730,GPS BIIF-10 (PRN 08),34.1128803900001,-30.0290492919994,20.292887955001788,49.77181643699615
2026-08-15T23:00:00Z,G10,41019,GPS BIIF-11 (PRN 10),11.479640542000197,49.81818061600097,-18.23802630800128,54.27945164123691
2026-08-15T23:00:00Z,G32,41328,GPS BIIF-12 (PRN 32),-1.4072068260029482,7.3529265860015585,-56.471935671999745,56.96600107935219
2026-08-15T23:00:00Z,G04,43873,GPS BIII-1  (PRN 04),38.29498008099836,-32.47186105000037,9.25472340199849,51.05464880598133
2026-08-15T23:00:00Z,G18,44506,GPS BIII-2  (PRN 18),9.614070057999925,8.472359244000472,56.79795234500034,58.22558376542446
2026-08-15T23:00:00Z,G23,45854,GPS BIII-3  (PRN 23),10.52908201199898,49.28695794399982,12.751610630999494,51.9872038589654
2026-08-15T23:00:00Z,G14,46826,GPS BIII-4  (PRN 14),-10.425351993000731,-47.949974937999286,-8.747099690997857,49.8437540092736
2026-08-15T23:00:00Z,G11,48859,GPS BIII-5  (PRN 11),-46.650074528999994,-17.437125424999977,3.2132854090014007,49.905991621929886
2026-08-15T23:00:00Z,G28,55268,GPS BIII-6  (PRN 28),37.74815872999898,14.724380839000332,-33.91582163900239,52.83951017984308
2026-08-15T23:00:00Z,G01,62339,GPS BIII-7  (PRN 01),24.1791285060026,4.6101680980009405,-50.64883280599861,56.313303666288434
2026-08-15T23:00:00Z,G21,64202,GPS BIII-8  (PRN 21),-9.473392518999844,-24.908888112997374,48.122152464000465,55.00853961534854
2026-08-15T23:00:00Z,G20,67588,GPS BIII-9  (PRN 20),-30.34257360599986,23.225708743000723,38.54000734700094,54.271884857236216
2026-08-15T23:00:00Z,G13,68791,GPS BIII-10 (PRN 13),4.663698612001099,13.679893290998734,-44.153647826999986,46.458951576929
2026-08-15T23:15:00Z,G22,26407,GPS BIIR-5  (PRN 22),-10.772559426999578,-47.199889818000884,-22.49560558599842,53.38473476678951
2026-08-15T23:15:00Z,G16,27663,GPS BIIR-8  (PRN 16),8.54193347699993,18.683971793998353,51.79702276699936,55.72241018701065
2026-08-15T23:15:00Z,G19,28190,GPS BIIR-11 (PRN 19),-7.101510237000184,-3.250271695000265,-58.363952273999985,58.88417986844417
2026-08-15T23:15:00Z,G02,28474,GPS BIIR-13 (PRN 02),47.11642557199957,4.6808646770005,-29.466918611000438,55.768874340742165
2026-08-15T23:15:00Z,G17,28874,GPS BIIRM-1 (PRN 17),13.326077613000962,-17.680899516000864,-50.49741204299971,55.13789237251581
2026-08-15T23:15:00Z,G31,29486,GPS BIIRM-2 (PRN 31),44.99508641600005,14.31163798200032,-16.70018398600223,50.08270089040199
2026-08-15T23:15:00Z,G12,29601,GPS BIIRM-3 (PRN 12),-3.236320620000697,20.255303943999024,-56.1884738180006,59.81551386568006
2026-08-15T23:15:00Z,G15,32260,GPS BIIRM-4 (PRN 15),-26.153250707000552,33.582592961000046,25.90642232100072,49.82896537157358
2026-08-15T23:15:00Z,G29,32384,GPS BIIRM-5 (PRN 29),-34.424188265998964,34.10730309199971,25.675810930999432,54.84140888914966
2026-08-15T23:15:00Z,G07,32711,GPS BIIRM-6 (PRN 07),2.183283174999815,-6.144856848000018,58.10854504099996,58.47331868370882
2026-08-15T23:15:00Z,G05,35752,GPS BIIRM-8 (PRN 05),-6.30978675499955,-7.062185867998778,56.377390302000094,57.16728098652046
2026-08-15T23:15:00Z,G25,36585,GPS BIIF-1  (PRN 25),6.590044339000087,39.317216638999525,-39.243545691999316,55.940397630943295
2026-08-15T23:15:00Z,G24,38833,GPS BIIF-3  (PRN 24),-75.22655175600084,6.180692223999358,-49.83792906600138,90.44918031167482
2026-08-15T23:15:00Z,G27,39166,GPS BIIF-4  (PRN 27),22.49928675299998,-15.074114947998169,49.17877412799862,56.14266355092079
2026-08-15T23:15:00Z,G30,39533,GPS BIIF-5  (PRN 30),-26.855338389999815,-13.9698138560002,49.36675120799919,57.90890280470855
2026-08-15T23:15:00Z,G06,39741,GPS BIIF-6  (PRN 06),-37.5613011969981,-12.708145280999815,-33.922880779999105,52.183427872348915
2026-08-15T23:15:00Z,G09,40105,GPS BIIF-7  (PRN 09),29.720282035999844,-37.37062764000001,29.481034741998883,56.115865706285355
2026-08-15T23:15:00Z,G03,40294,GPS BIIF-8  (PRN 03),-0.3916412220005441,-23.092849871998624,-57.02275916800136,61.52258253023291
2026-08-15T23:15:00Z,G26,40534,GPS BIIF-9  (PRN 26),18.188132059000054,35.95082328599892,30.32899411499966,50.42933399088701
2026-08-15T23:15:00Z,G08,40730,GPS BIIF-10 (PRN 08),30.85265202200003,-29.72001860599994,26.950445932001458,50.61118629972369
2026-08-15T23:15:00Z,G10,41019,GPS BIIF-11 (PRN 10),14.526140172998566,50.6940769619996,-10.440957430000708,53.75789969306677
2026-08-15T23:15:00Z,G32,41328,GPS BIIF-12 (PRN 32),-5.420417352001095,12.02529577399946,-55.15521345400066,56.71054781853565
2026-08-15T23:15:00Z,G04,43873,GPS BIII-1  (PRN 04),36.97749580100026,-34.865672611000264,1.66223240799809,50.8499099203592
2026-08-15T23:15:00Z,G18,44506,GPS BIII-2  (PRN 18),3.832144170999527,6.146740082999713,58.035233182999946,58.48551985919642
2026-08-15T23:15:00Z,G23,45854,GPS BIII-3  (PRN 23),12.713132966999183,46.77943247699932,20.148866609000834,52.49681779245337
2026-08-15T23:15:00Z,G14,46826,GPS BIII-4  (PRN 14),-12.885760004000986,-47.93742839599963,-1.3344980490001035,49.657031094751204
2026-08-15T23:15:00Z,G11,48859,GPS BIII-5  (PRN 11),-47.48181447799925,-14.971316883998952,-4.304333359999873,49.97189531164752
2026-08-15T23:15:00Z,G28,55268,GPS BIII-6  (PRN 28),34.4778590829992,11.789289776999794,-39.71845847199984,53.900520069709884
2026-08-15T23:15:00Z,G01,62339,GPS BIII-7  (PRN 01),29.602049829998577,5.186787049999111,-46.60739207900042,55.45658761991607
2026-08-15T23:15:00Z,G21,64202,GPS BIII-8  (PRN 21),-12.171373159999348,-29.480538146999606,43.676067644000796,54.08182077999949
2026-08-15T23:15:00Z,G20,67588,GPS BIII-9  (PRN 20),-25.877967615999296,21.335359059001348,43.84144312200078,55.19908413308004
2026-08-15T23:15:00Z,G13,68791,GPS BIII-10 (PRN 13),4.14348224800051,8.766669739001372,-46.06609673299954,47.07555853801725
2026-08-15T23:30:00Z,G22,26407,GPS BIIR-5  (PRN 22),-13.611156213999493,-48.84234359000038,-15.176226843999757,52.92594790899911
2026-08-15T23:30:00Z,G16,27663,GPS BIIR-8  (PRN 16),10.889680012000099,23.8189335499992,48.32971721799913,54.969885324555605
2026-08-15T23:30:00Z,G19,28190,GPS BIIR-11 (PRN 19),-2.350136946999555,-7.476224068999727,-58.40854149300003,58.93195049664528
2026-08-15T23:30:00Z,G02,28474,GPS BIIR-13 (PRN 02),50.46184135799922,2.772927181000341,-22.31511433200285,55.2453698154096
2026-08-15T23:30:00Z,G17,28874,GPS BIIRM-1 (PRN 17),16.21638423300101,-22.358992707999278,-46.932731514001716,54.45711119655594
2026-08-15T23:30:00Z,G31,29486,GPS BIIRM-2 (PRN 31),43.407121091999215,11.464793753999402,-23.67846355400252,50.75716002295097
2026-08-15T23:30:00Z,G12,29601,GPS BIIRM-3 (PRN 12),-3.9064846520013816,13.950582313002087,-58.452769581999746,60.221305540601854
2026-08-15T23:30:00Z,G15,32260,GPS BIIRM-4 (PRN 15),-22.838443566000024,32.166915857000276,32.09409172899905,50.85602918217376
2026-08-15T23:30:00Z,G29,32384,GPS BIIRM-5 (PRN 29),-34.600291340000695,37.488917573000435,18.351412248000997,54.215988722001825
2026-08-15T23:30:00Z,G07,32711,GPS BIIRM-6 (PRN 07),8.229471808997914,-4.84403013300016,57.25812107399997,58.048955745209966
2026-08-15T23:30:00Z,G05,35752,GPS BIIRM-8 (PRN 05),-9.041216335000172,-12.621849643001042,54.63005883799997,56.793468021156606
2026-08-15T23:30:00Z,G25,36585,GPS BIIF-1  (PRN 25),6.749469014001079,34.34946206500172,-44.6460098309999,56.73365024353441
2026-08-15T23:30:00Z,G24,38833,GPS BIIF-3  (PRN 24),-80.22400373299934,7.334302242001286,-40.09203792900007,89.98363334312356
2026-08-15T23:30:00Z,G27,39166,GPS BIIF-4  (PRN 27),18.04261394399873,-11.700858414998947,52.794040329999916,57.005760234784056
2026-08-15T23:30:00Z,G30,39533,GPS BIIF-5  (PRN 30),-21.66649982599847,-11.620108350999999,53.11362308599928,58.52795135762542
2026-08-15T23:30:00Z,G06,39741,GPS BIIF-6  (PRN 06),-34.17081857999801,-9.62509043999944,-39.60324485199999,53.185563936210826
2026-08-15T23:30:00Z,G09,40105,GPS BIIF-7  (PRN 09),29.794833528001618,-41.030514049999965,22.222226528003375,55.36300696340898
2026-08-15T23:30:00Z,G03,40294,GPS BIIF-8  (PRN 03),0.45890387799954624,-16.585041667996848,-59.71477058099936,61.976834587124735
2026-08-15T23:30:00Z,G26,40534,GPS BIIF-9  (PRN 26),21.139928843000234,37.853113921999466,23.973881064001034,49.54292884307356
2026-08-15T23:30:00Z,G08,40730,GPS BIIF-10 (PRN 08),27.293691966999972,-28.557402161997743,33.167511895000644,51.58056499047448
2026-08-15T23:30:00Z,G10,41019,GPS BIIF-11 (PRN 10),17.434220706001724,50.48824275399966,-2.4831570430033025,53.471307978322315
2026-08-15T23:30:00Z,G32,41328,GPS BIIF-12 (PRN 32),-8.747710907999135,17.03859365199969,-52.865821084000345,56.22838392354369
2026-08-15T23:30:00Z,G04,43873,GPS BIII-1  (PRN 04),34.91644620599982,-36.58698827900116,-5.963518259999546,50.92474326907889
2026-08-15T23:30:00Z,G18,44506,GPS BIII-2  (PRN 18),-2.2492024659986782,4.524009519999709,58.289252680000004,58.507799068696734
2026-08-15T23:30:00Z,G23,45854,GPS BIII-3  (PRN 23),14.360770680999849,43.41691752099996,27.179732149998017,53.197728347394815
2026-08-15T23:30:00Z,G14,46826,GPS BIII-4  (PRN 14),-15.12136038800054,-46.98382179500004,6.088682054996752,49.731349263969825
2026-08-15T23:30:00Z,G11,48859,GPS BIII-5  (PRN 11),-47.363309574000596,-12.270631587000025,-11.755479289000505,50.31940765411114
2026-08-15T23:30:00Z,G28,55268,GPS BIII-6  (PRN 28),30.3882025899984,9.187379583999245,-44.843818988998464,54.943779464006035
2026-08-15T23:30:00Z,G01,62339,GPS BIII-7  (PRN 01),34.677035617,5.010015238000051,-41.76626432200101,54.51621673670077
2026-08-15T23:30:00Z,G21,64202,GPS BIII-8  (PRN 21),-15.263644595000187,-33.29428113099857,38.475649059000716,53.121215845120005
2026-08-15T23:30:00Z,G20,67588,GPS BIII-9  (PRN 20),-21.386174342999766,18.588008843998978,48.38063017299828,56.06752983456822
2026-08-15T23:30:00Z,G13,68791,GPS BIII-10 (PRN 13),2.9274614559999463,3.86021312199955,-47.18217800899993,47.43025614095479
2026-08-15T23:45:00Z,G22,26407,GPS BIIR-5  (PRN 22),-16.39795164699899,-49.47910035299992,-7.558636808000301,52.67074311565018
2026-08-15T23:45:00Z,G16,27663,GPS BIIR-8  (PRN 16),13.720247415999893,28.299627862998022,43.9928056689987,54.078471474059896
2026-08-15T23:45:00Z,G19,28190,GPS BIIR-11 (PRN 19),1.8466835330000322,-12.188595395000448,-57.412055509999846,58.720662595524104
2026-08-15T23:45:00Z,G02,28474,GPS BIIR-13 (PRN 02),52.89057031199991,0.4892967600007978,-14.719528790999902,54.90279015748679
2026-08-15T23:45:00Z,G17,28874,GPS BIIRM-1 (PRN 17),18.315463644001284,-27.091695035000157,-42.53573615200003,53.65356463793199
2026-08-15T23:45:00Z,G31,29486,GPS BIIRM-2 (PRN 31),40.8896850000001,8.725288476998685,-30.222713109000324,51.58981862804927
2026-08-15T23:45:00Z,G12,29601,GPS BIIRM-3 (PRN 12),-5.345016471001145,7.627376032000029,-59.700468666000006,60.42261186963743
2026-08-15T23:45:00Z,G15,32260,GPS BIIRM-4 (PRN 15),-19.49236202999964,29.891200382000534,37.77952449499935,51.96853383398204
2026-08-15T23:45:00Z,G29,32384,GPS BIIRM-5 (PRN 29),-33.92917931000011,40.35069800800011,10.698480502000166,53.79428894812758
2026-08-15T23:45:00Z,G07,32711,GPS BIIRM-6 (PRN 07),14.224268635000044,-4.294484181999906,55.4631578769995,57.41893672194798
2026-08-15T23:45:00Z,G05,35752,GPS BIIRM-8 (PRN 05),-12.35652809200019,-17.64086067000244,51.93264384699978,56.22173288512328
2026-08-15T23:45:00Z,G25,36585,GPS BIIF-1  (PRN 25),6.167696870001237,28.981455376000667,-49.24808635499903,57.4746835573784
2026-08-15T23:45:00Z,G24,38833,GPS BIIF-3  (PRN 24),-84.08533079100016,8.973525964000146,-29.67932822199873,89.61991712877018
2026-08-15T23:45:00Z,G27,39166,GPS BIIF-4  (PRN 27),13.826718005000657,-7.56960029900074,55.50486082400039,57.69979683298802
2026-08-15T23:45:00Z,G30,39533,GPS BIIF-5  (PRN 30),-15.96539077000125,-9.831204610999976,55.93512461699993,58.99393572615324
2026-08-15T23:45:00Z,G06,39741,GPS BIIF-6  (PRN 06),-29.96838782499981,-6.914828626000599,-44.60396029200092,54.17963083564661
2026-08-15T23:45:00Z,G09,40105,GPS BIIF-7  (PRN 09),29.037364654999692,-44.10998867999979,14.578398801997537,54.784937337622445
2026-08-15T23:45:00Z,G03,40294,GPS BIIF-8  (PRN 03),2.148594177000632,-10.054352395000024,-61.37257624199992,62.227803862906626
2026-08-15T23:45:00Z,G26,40534,GPS BIIF-9  (PRN 26),24.001904700999148,38.85383583799921,17.206420130998595,48.803410560394966
2026-08-15T23:45:00Z,G08,40730,GPS BIIF-10 (PRN 08),23.591503065999973,-26.523292464000406,38.83270805400025,52.612006945669755
2026-08-15T23:45:00Z,G10,41019,GPS BIIF-11 (PRN 10),20.02876671500053,49.23657719199991,5.48998867499904,53.43717811935148
2026-08-15T23:45:00Z,G32,41328,GPS BIIF-12 (PRN 32),-11.308618044997274,22.227745954000056,-49.63899197499995,55.55166115047608
2026-08-15T23:45:00Z,G04,43873,GPS BIII-1  (PRN 04),32.233381572000326,-37.52225480500056,-13.492103723998298,51.273261609894554
2026-08-15T23:45:00Z,G18,44506,GPS BIII-2  (PRN 18),-8.458884591000242,3.6530079960002695,57.557805629000086,58.29063548091114
2026-08-15T23:45:00Z,G23,45854,GPS BIII-3  (PRN 23),15.348176747000252,39.325617206999596,33.72487800399904,54.03182483086463
2026-08-15T23:45:00Z,G14,46826,GPS BIII-4  (PRN 14),-16.985064570999384,-45.143625595,13.391883065996808,50.057785432396926
2026-08-15T23:45:00Z,G11,48859,GPS BIII-5  (PRN 11),-46.27336079300039,-9.49588986100025,-19.012935672999447,50.92040422303272
2026-08-15T23:45:00Z,G28,55268,GPS BIII-6  (PRN 28),25.584866706998582,7.052366292999977,-49.20193569000003,55.90305671775404
2026-08-15T23:45:00Z,G01,62339,GPS BIII-7  (PRN 01),39.2441786899999,4.138791228000628,-36.20713838399752,53.555504141400476
2026-08-15T23:45:00Z,G21,64202,GPS BIII-8  (PRN 21),-18.60409071199956,-36.258917973998905,32.60954057699928,52.193902522310516
2026-08-15T23:45:00Z,G20,67588,GPS BIII-9  (PRN 20),-17.03602917200078,15.028417673998774,52.08004104399879,56.819101566973224
2026-08-15T23:45:00Z,G13,68791,GPS BIII-10 (PRN 13),1.0420308430002478,-0.8859520149999298,-47.484595506999995,47.5042898032804
2026-08-16T00:00:00Z,G22,26407,GPS BIIR-5  (PRN 22),-18.96404692500073,-49.110820541000066,0.2195913070027018,52.64556952228796
2026-08-16T00:00:00Z,G16,27663,GPS BIIR-8  (PRN 16),16.900241736000226,32.00352704699981,38.86440239100011,53.10636202370548
2026-08-16T00:00:00Z,G19,28190,GPS BIIR-11 (PRN 19),5.372472610997647,-17.237976877999245,-55.39460510800018,58.262969233241414
2026-08-16T00:00:00Z,G02,28474,GPS BIIR-13 (PRN 02),54.318429767,-2.0147142039986647,-6.810203692999494,54.780742601907555
2026-08-16T00:00:00Z,G17,28874,GPS BIIRM-1 (PRN 17),19.595716307001567,-31.706238525000117,-37.376013821000015,52.784884845344436
2026-08-16T00:00:00Z,G31,29486,GPS BIIRM-2 (PRN 31),37.505763397999544,6.247201837999455,-36.22002400100246,52.51285516427973
2026-08-16T00:00:00Z,G12,29601,GPS BIIRM-3 (PRN 12),-7.5241707770001085,1.4684620010011713,-59.91677126100001,60.405206769556244
2026-08-16T00:00:00Z,G15,32260,GPS BIIRM-4 (PRN 15),-16.26517464000017,26.779789124000672,42.86701388700021,53.09702337404535
2026-08-16T00:00:00Z,G29,32384,GPS BIIRM-5 (PRN 29),-32.496129324999856,42.54775652399894,2.847236117999273,53.61358745545992
2026-08-16T00:00:00Z,G07,32711,GPS BIIRM-6 (PRN 07),20.005506905999937,-4.4850547369997,52.76599796899973,56.60906786217539
2026-08-16T00:00:00Z,G05,35752,GPS BIIRM-8 (PRN 05),-16.131860753999717,-21.984779221998906,48.327603121999346,55.48986098688617
2026-08-16T00:00:00Z,G25,36585,GPS BIIF-1  (PRN 25),4.8128772109994316,23.388763799001026,-52.977625017998434,58.11047075735381
2026-08-16T00:00:00Z,G24,38833,GPS BIIF-3  (PRN 24),-86.71342878300038,10.918411080001533,-18.762204530001327,89.38932123381394
2026-08-16T00:00:00Z,G27,39166,GPS BIIF-4  (PRN 27),9.998170114999084,-2.7756349759984005,57.25434813599986,58.18700830637985
2026-08-16T00:00:00Z,G30,39533,GPS BIIF-5  (PRN 30),-9.90577620899785,-8.684517150000147,57.790201526000146,59.272697195649066
2026-08-16T00:00:00Z,G06,39741,GPS BIIF-6  (PRN 06),-25.064301111997338,-4.711715604999881,-48.841287265000574,55.09891828228189
2026-08-16T00:00:00Z,G09,40105,GPS BIIF-7  (PRN 09),27.542479433999688,-46.46516335800061,6.682927994999773,54.42665804405347
2026-08-16T00:00:00Z,G03,40294,GPS BIIF-8  (PRN 03),4.645751272999405,-3.6953438239979732,-61.97395131100001,62.25760364779819
2026-08-16T00:00:00Z,G26,40534,GPS BIIF-9  (PRN 26),26.620005310000124,38.96150098599901,10.150565190000634,48.26652271981989
2026-08-16T00:00:00Z,G08,40730,GPS BIIF-10 (PRN 08),19.90439699500007,-23.632563040002424,43.84261505199902,53.636349150291984
2026-08-16T00:00:00Z,G10,41019,GPS BIIF-11 (PRN 10),22.14675468600035,47.012498243000095,13.334405909001362,53.65128251138062
2026-08-16T00:00:00Z,G32,41328,GPS BIIF-12 (PRN 32),-13.054625238997687,27.416151407000143,-45.527903487,54.725301223691936
2026-08-16T00:00:00Z,G04,43873,GPS BIII-1  (PRN 04),29.07095283400031,-37.58526167599848,-20.79421304599964,51.866863122155095
2026-08-16T00:00:00Z,G18,44506,GPS BIII-2  (PRN 18),-14.620452045997808,3.550114995000513,55.854759003000254,57.84561381634987
2026-08-16T00:00:00Z,G23,45854,GPS BIII-3  (PRN 23),15.578105658998538,34.65518714200152,39.674642306999885,54.933929533198835
2026-08-16T00:00:00Z,G14,46826,GPS BIII-4  (PRN 14),-18.344131095000193,-42.50170645600019,20.447723037999822,50.60643807601272
2026-08-16T00:00:00Z,G11,48859,GPS BIII-5  (PRN 11),-44.22445417699964,-6.809297354999217,-25.95201421699676,51.72693611303053
2026-08-16T00:00:00Z,G28,55268,GPS BIII-6  (PRN 28),20.19949294199978,5.496457877000466,-52.71614503800083,56.72056515916497
2026-08-16T00:00:00Z,G01,62339,GPS BIII-7  (PRN 01),43.159281517000636,2.660940980000305,-30.02376944200296,52.64248207929892
2026-08-16T00:00:00Z,G21,64202,GPS BIII-8  (PRN 21),-22.033347337000123,-38.313985295997554,26.177843913999823,51.36836941270907
2026-08-16T00:00:00Z,G20,67588,GPS BIII-9  (PRN 20),-12.98639160699895,10.733278556002915,54.8770710939998,57.405074404507076
2026-08-16T00:00:00Z,G13,68791,GPS BIII-10 (PRN 13),-1.4582323209997412,-5.326179359999514,-46.97003994100032,47.29354374685892
2026-08-16T00:15:00Z,G22,26407,GPS BIIR-5  (PRN 22),-21.146545339999648,-47.77483428200003,8.015719762999652,52.857004586035416
2026-08-16T00:15:00Z,G16,27663,GPS BIIR-8  (PRN 16),20.27783170299972,34.83799559399995,33.038855360002344,52.11950075626105
2026-08-16T00:15:00Z,G19,28190,GPS BIIR-11 (PRN 19),8.140821971999685,-22.45814543599954,-52.39663409899913,57.58514169218218
2026-08-16T00:15:00Z,G02,28474,GPS BIIR-13 (PRN 02),54.69548238099992,-4.57203143300103,1.273382388997561,54.901008797864826
2026-08-16T00:15:00Z,G17,28874,GPS BIIRM-1 (PRN 17),20.06212155100002,-36.02898145800009,-31.538568150001083,51.915869510008946
2026-08-16T00:15:00Z,G31,29486,GPS BIIRM-2 (PRN 31),33.349013593000564,4.170843447000152,-41.568695541000125,53.45567408298098
2026-08-16T00:15:00Z,G12,29601,GPS BIIRM-3 (PRN 12),-10.383971193001344,-4.3528695900022285,-59.10476642699996,60.167663622537894
2026-08-16T00:15:00Z,G15,32260,GPS BIIRM-4 (PRN 15),-13.300717419999955,22.88680743799705,47.26791468800002,54.17537076516132
2026-08-16T00:15:00Z,G29,32384,GPS BIIRM-5 (PRN 29),-30.41385870999875,43.95666409600017,-5.067962462999276,53.69241439539413
2026-08-16T00:15:00Z,G07,32711,GPS BIIRM-6 (PRN 07),25.41958410100051,-5.3744943639994744,49.2206493270005,55.657099867923904
2026-08-16T00:15:00Z,G05,35752,GPS BIIRM-8 (PRN 05),-20.221023765000155,-25.54484527800014,43.87350669300031,54.647172954530866
2026-08-16T00:15:00Z,G25,36585,GPS BIIF-1  (PRN 25),2.685477221999463,17.750187287998415,-55.77917638400049,58.596906528812056
2026-08-16T00:15:00Z,G24,38833,GPS BIIF-3  (PRN 24),-88.04794358100025,12.974370650999845,-7.510397297999589,89.31506440800639
2026-08-16T00:15:00Z,G27,39166,GPS BIIF-4  (PRN 27),6.685674520000248,2.557039614999667,58.00226450100001,58.44227393440492
2026-08-16T00:15:00Z,G30,39533,GPS BIIF-5  (PRN 30),-3.6530025060019398,-8.232394545000034,58.65465389600013,59.342102852131596
2026-08-16T00:15:00Z,G06,39741,GPS BIIF-6  (PRN 06),-19.59375744800127,-3.1276999249994333,-52.244210050999754,55.885197696750886
2026-08-16T00:15:00Z,G09,40105,GPS BIIF-7  (PRN 09),25.432061858000452,-47.97620418599945,-1.3262001530019916,54.31633957928033
2026-08-16T00:15:00Z,G03,40294,GPS BIIF-8  (PRN 03),7.884189249998599,2.3075531300019065,-61.51503482699991,62.061137206343446
2026-08-16T00:15:00Z,G26,40534,GPS BIIF-9  (PRN 26),28.847706110998843,38.21749018999981,2.934891230001085,47.97270360133176
2026-08-16T00:15:00Z,G08,40730,GPS BIIF-10 (PRN 08),16.38742359800017,-19.932982581001852,48.10392139599935,54.5880820365334
2026-08-16T00:15:00Z,G10,41019,GPS BIIF-11 (PRN 10),23.644016867001483,43.923618949,20.910329856997123,54.0884990539803
2026-08-16T00:15:00Z,G32,41328,GPS BIIF-12 (PRN 32),-13.971101390001422,32.42283637000037,-40.602927420000924,53.80548027291812
2026-08-16T00:15:00Z,G04,43873,GPS BIII-1  (PRN 04),25.587468151000394,-36.72082247299841,-27.743827095000597,52.657926956434714
2026-08-16T00:15:00Z,G18,44506,GPS BIII-2  (PRN 18),-20.55849805699836,4.198997331999635,53.20964321300016,57.19746106085933
2026-08-16T00:15:00Z,G23,45854,GPS BIII-3  (PRN 23),14.983503377003217,29.572955878998982,44.93073550400004,55.837586676004335
2026-08-16T00:15:00Z,G14,46826,GPS BIII-4  (PRN 14),-19.085492370999418,-39.16990432900002,27.13437333299953,51.33041632756438
2026-08-16T00:15:00Z,G11,48859,GPS BIII-5  (PRN 11),-41.26269200800016,-4.368128312000408,-32.45270024700221,52.67701633557995
2026-08-16T00:15:00Z,G28,55268,GPS BIII-6  (PRN 28),14.384806367001147,4.606042337999497,-55.32458124100049,57.34934672450614
2026-08-16T00:15:00Z,G01,62339,GPS BIII-7  (PRN 01),46.29930908000097,0.6895359480004117,-23.3205294090003,51.84542962523401
2026-08-16T00:15:00Z,G21,64202,GPS BIII-8  (PRN 21),-25.38520686999982,-39.431938433999676,19.29051370900197,50.709076265029914
2026-08-16T00:15:00Z,G20,67588,GPS BIII-9  (PRN 20),-9.38026524199995,5.808333741002571,56.72505989699994,57.788048393896915
2026-08-16T00:15:00Z,G13,68791,GPS BIII-10 (PRN 13),-4.492878559000019,-9.328001459998632,-45.649088603000564,46.80851267951434
2026-08-16T00:30:00Z,G22,26407,GPS BIIR-5  (PRN 22),-22.795614059999934,-45.54366531599999,15.684958699999697,53.290556388622775
2026-08-16T00:30:00Z,G16,27663,GPS BIIR-8  (PRN 16),23.688900205999744,36.74400288200195,26.624759717000416,51.1875333528623
2026-08-16T00:30:00Z,G19,28190,GPS BIIR-11 (PRN 19),10.098911834997125,-27.672637578998547,-48.47779377999905,56.72617897061075
2026-08-16T00:30:00Z,G02,28474,GPS BIIR-13 (PRN 02),54.008567244999995,-7.010706814999139,9.384793825000088,55.26436194367326
2026-08-16T00:30:00Z,G17,28874,GPS BIIRM-1 (PRN 17),19.752444546000334,-39.89202034699974,-25.122660127999552,51.11438549777585
2026-08-16T00:30:00Z,G31,29486,GPS BIIRM-2 (PRN 31),28.539733264999086,2.6169070089999877,-46.179953656999714,54.35027779959997
2026-08-16T00:30:00Z,G12,29601,GPS BIIRM-3 (PRN 12),-13.8343203680015,-9.67921974300043,-57.284854442000324,59.721271447608636
2026-08-16T00:30:00Z,G15,32260,GPS BIIRM-4 (PRN 15),-10.730691460000003,18.29494540000087,50.902166413001396,55.14420469945702
2026-08-16T00:30:00Z,G29,32384,GPS BIIRM-5 (PRN 29),-27.817915914998594,44.48023858899978,-12.910871715001122,54.02794350361203
2026-08-16T00:30:00Z,G07,32711,GPS BIIRM-6 (PRN 07),30.326154279999173,-6.893243844000608,44.89140268200026,54.61163318254331
2026-08-16T00:30:00Z,G05,35752,GPS BIIRM-8 (PRN 05),-24.460632087000022,-28.242186159000994,38.644299706998936,53.75244646506427
2026-08-16T00:30:00Z,G25,36585,GPS BIIF-1  (PRN 25),-0.18175115800113417,12.240677976002189,-57.614287631000025,58.9005379434112
2026-08-16T00:30:00Z,G24,38833,GPS BIIF-3  (PRN 24),-88.06698504899987,14.939188644999376,3.900820188002399,89.4102321388932
2026-08-16T00:30:00Z,G27,39166,GPS BIIF-4  (PRN 27),3.994263984999634,8.279792855999403,57.72647046300017,58.4538664814891
2026-08-16T00:30:00Z,G30,39533,GPS BIIF-5  (PRN 30),2.6221684610027296,-8.496000686999878,58.521018465,59.1926295858889
2026-08-16T00:30:00Z,G06,39741,GPS BIIF-6  (PRN 06),-13.711835611000424,-2.247608929999842,-54.75559213100041,56.49107054519138
2026-08-16T00:30:00Z,G09,40105,GPS BIIF-7  (PRN 09),22.850140603999535,-48.551925421001215,-9.308908902999974,54.4616761831048
2026-08-16T00:30:00Z,G03,40294,GPS BIIF-8  (PRN 03),11.765545509999356,7.786925281998265,-60.00988110699927,61.646168550620224
2026-08-16T00:30:00Z,G26,40534,GPS BIIF-9  (PRN 26),30.551916495000114,36.693799001001025,-4.31012209400069,47.9419611520901
2026-08-16T00:30:00Z,G08,40730,GPS BIIF-10 (PRN 08),13.185720732999926,-15.504069606002304,51.53550284300036,55.40891136701141
2026-08-16T00:30:00Z,G10,41019,GPS BIIF-11 (PRN 10),24.401078573999257,40.10666661899995,28.085085560000152,54.70584405504241
2026-08-16T00:30:00Z,G32,41328,GPS BIIF-12 (PRN 32),-14.078133654002158,37.069394345000546,-34.95043120799892,52.85703818707752
2026-08-16T00:30:00Z,G04,43873,GPS BIII-1  (PRN 04),21.95042165599989,-34.90714547300013,-34.22037344199998,53.58510776754415
2026-08-16T00:30:00Z,G18,44506,GPS BIII-2  (PRN 18),-26.104840642001363,5.55090537399974,49.66705856199951,56.383436943986254
2026-08-16T00:30:00Z,G23,45854,GPS BIII-3  (PRN 23),13.530200347999198,24.25710366599924,49.407655745999364,56.67971282597694
2026-08-16T00:30:00Z,G14,46826,GPS BIII-4  (PRN 14),-19.120292562998657,-35.28213240399964,33.33773824599848,52.1710575513544
2026-08-16T00:30:00Z,G11,48859,GPS BIII-5  (PRN 11),-37.4661272120029,-2.318210583000109,-38.40180117999989,53.70086705483776
2026-08-16T00:30:00Z,G28,55268,GPS BIII-6  (PRN 28),8.308767794998857,4.437749421999797,-56.98137730999997,57.754710650718785
2026-08-16T00:30:00Z,G01,62339,GPS BIII-7  (PRN 01),48.56671655700029,-1.6413994499998807,-16.21082213000045,51.227052456812096
2026-08-16T00:30:00Z,G21,64202,GPS BIII-8  (PRN 21),-28.49286267500065,-39.618931377999616,12.065561049999815,50.27007768446713
2026-08-16T00:30:00Z,G20,67588,GPS BIII-9  (PRN 20),-6.3389495049996185,0.3846022530015034,57.594021860999874,57.94308892219399
2026-08-16T00:30:00Z,G13,68791,GPS BIII-10 (PRN 13),-7.958245988000272,-12.777170340999874,-43.54588396299914,46.07422024568007
2026-08-16T00:45:00Z,G22,26407,GPS BIIR-5  (PRN 22),-23.78128064900011,-42.52232465899999,23.083770756999,53.91250203870701
2026-08-16T00:45:00Z,G16,27663,GPS BIIR-8  (PRN 16),26.96437875599986,37.698419361999186,19.742549761998816,50.37873375934702
2026-08-16T00:45:00Z,G19,28190,GPS BIIR-11 (PRN 19),11.229069924000214,-32.70224475500072,-43.71531960700122,55.73650501885029
2026-08-16T00:45:00Z,G02,28474,GPS BIIR-13 (PRN 02),52.28274396300003,-9.16144584599897,17.373552136999933,55.85031530928758
2026-08-16T00:45:00Z,G17,28874,GPS BIIRM-1 (PRN 17),18.73581181800182,-43.14030309200007,-18.24020496400044,50.44622357003499
2026-08-16T00:45:00Z,G31,29486,GPS BIIRM-2 (PRN 31),23.22009752699887,1.6819380010001623,-49.97930661800092,55.13558682573985
2026-08-16T00:45:00Z,G12,29601,GPS BIIRM-3 (PRN 12),-17.75885152400042,-14.374471651997737,-54.493938716999764,59.089691145052576
2026-08-16T00:45:00Z,G15,32260,GPS BIIRM-4 (PRN 15),-8.66968841199997,13.113276320997102,53.6998661409998,55.95352657869999
2026-08-16T00:45:00Z,G29,32384,GPS BIIRM-5 (PRN 29),-24.86131745700004,44.051763234001555,-20.54568691699751,54.596411975637636
2026-08-16T00:45:00Z,G07,32711,GPS BIIRM-6 (PRN 07),34.602426957000716,-8.946666808000373,39.851561538998794,53.53053105830871
2026-08-16T00:45:00Z,G05,35752,GPS BIIRM-8 (PRN 05),-28.676654960000064,-30.03076922999753,32.72826842300128,52.870948489773525
2026-08-16T00:45:00Z,G25,36585,GPS BIIF-1  (PRN 25),-3.725475868999638,7.0250579549974645,-58.46141971399993,58.99973054767311
2026-08-16T00:45:00Z,G24,38833,GPS BIIF-3  (PRN 24),-86.78808127599999,16.6105766820001,15.292477139002585,89.67687643046618
2026-08-16T00:45:00Z,G27,39166,GPS BIIF-4  (PRN 27),2.0009852710009,14.224925010999868,56.424017112,58.22389664629637
2026-08-16T00:45:00Z,G30,39533,GPS BIIF-5  (PRN 30),8.7497401239998,-9.465069939000045,57.398173415999736,58.82767896730988
2026-08-16T00:45:00Z,G06,39741,GPS BIIF-6  (PRN 06),-7.587861750998854,-2.1260379390005255,-56.33311140900014,56.88158862311391
2026-08-16T00:45:00Z,G09,40105,GPS BIIF-7  (PRN 09),19.956954737999695,-48.13367117400048,-17.125584176999837,54.84902894769315
2026-08-16T00:45:00Z,G03,40294,GPS BIIF-8  (PRN 03),16.163387429000068,12.598172230998898,-57.489746164999815,61.03310536797206
2026-08-16T00:45:00Z,G26,40534,GPS BIIF-9  (PRN 26),31.618624578999516,34.48976843299988,-11.454792589000135,48.171504233173785
2026-08-16T00:45:00Z,G08,40730,GPS BIIF-10 (PRN 08),10.428719900000033,-10.454595564002375,54.070359327000006,56.05051761500879
2026-08-16T00:45:00Z,G10,41019,GPS BIIF-11 (PRN 10),24.32791138900211,35.721667890999925,34.735553349997645,55.44766447738413
2026-08-16T00:45:00Z,G32,41328,GPS BIIF-12 (PRN 32),-13.429511241996806,41.187420682000266,-28.671151547998306,51.949882826848295
2026-08-16T00:45:00Z,G04,43873,GPS BIII-1  (PRN 04),18.32999933400015,-32.15714550499979,-40.11084110199954,54.57976233480712
2026-08-16T00:45:00Z,G18,44506,GPS BIII-2  (PRN 18),-31.104549316001794,7.526843609000025,45.28589589500007,55.452310410646696
2026-08-16T00:45:00Z,G23,45854,GPS BIII-3  (PRN 23),11.21807531200102,18.889994168999692,53.033815297998444,57.40437839113653
2026-08-16T00:45:00Z,G14,46826,GPS BIII-4  (PRN 14),-18.387385301000904,-30.989093148999928,38.95341327599999,53.064001340416375
2026-08-16T00:45:00Z,G11,48859,GPS BIII-5  (PRN 11),-32.94217680500151,-0.7880983640006889,-43.69505331499931,54.727194299397006
2026-08-16T00:45:00Z,G28,55268,GPS BIII-6  (PRN 28),2.148242053001013,5.016325526999935,-57.657515055999966,57.91517511105337
2026-08-16T00:45:00Z,G01,62339,GPS BIII-7  (PRN 01),49.89326162499947,-4.182356670000445,-8.815339429998858,50.83837007774575
2026-08-16T00:45:00Z,G21,64202,GPS BIII-8  (PRN 21),-31.195709616000386,-38.914466841999456,4.627092786002322,50.08910076746406
2026-08-16T00:45:00Z,G20,67588,GPS BIII-9  (PRN 20),-3.9576808250003523,-5.386594174000493,57.471060509999916,57.85846031871245
2026-08-16T00:45:00Z,G13,68791,GPS BIII-10 (PRN 13),-11.731621693999841,-15.581658903000061,-40.697629667,45.12999116167482
2026-08-16T01:00:00Z,G22,26407,GPS BIIR-5  (PRN 22),-23.999309255999833,-38.844174372,30.0732583550016,54.67392061572075
2026-08-16T01:00:00Z,G16,27663,GPS BIIR-8  (PRN 16),29.93772583899954,37.71478501399906,12.521729883999797,49.75405668235629
2026-08-16T01:00:00Z,G19,28190,GPS BIIR-11 (PRN 19),11.548809822001203,-37.37251111600017,-38.20196530699832,54.676043645616964
2026-08-16T01:00:00Z,G02,28474,GPS BIIR-13 (PRN 02),49.58112926800004,-10.86511713300024,25.088448798000172,56.61951441767955
2026-08-16T01:00:00Z,G17,28874,GPS BIIRM-1 (PRN 17),17.110022814998956,-45.638313007999955,-11.013766234998911,49.969105871780066
2026-08-16T01:00:00Z,G31,29486,GPS BIIRM-2 (PRN 31),17.548609780002153,1.434957363999274,-52.90754905099948,55.76039413805464
2026-08-16T01:00:00Z,G12,29601,GPS BIIRM-3 (PRN 12),-22.019702909000443,-18.328305442999408,-50.78441003199987,58.30823611558502
2026-08-16T01:00:00Z,G15,32260,GPS BIIRM-4 (PRN 15),-7.210724052000046,7.4740056059999915,55.60289212299995,56.56444920260942
2026-08-16T01:00:00Z,G29,32384,GPS BIIRM-5 (PRN 29),-21.70858289900025,42.637981895999474,-27.8394151279972,55.35605753948979
2026-08-16T01:00:00Z,G07,32711,GPS BIIRM-6 (PRN 07),38.14682157999778,-11.418906505999985,34.18230560699885,52.47858076452924
2026-08-16T01:00:00Z,G05,35752,GPS BIIRM-8 (PRN 05),-32.691409077,-30.89915466900129,26.22670197000116,52.07039353530838
2026-08-16T01:00:00Z,G25,36585,GPS BIIF-1  (PRN 25),-7.854634473998885,2.2523602430010214,-58.3155783709999,58.88527057022507
2026-08-16T01:00:00Z,G24,38833,GPS BIIF-3  (PRN 24),-84.26793031899979,17.793681412000296,26.483814159000758,90.10600196905897
2026-08-16T01:00:00Z,G27,39166,GPS BIIF-4  (PRN 27),0.7516821929984872,20.212199190998945,54.11181281300014,57.768385022995545
2026-08-16T01:00:00Z,G30,39533,GPS BIIF-5  (PRN 30),14.56651297999997,-11.09883120699999,55.310680436999974,58.26352825706589
2026-08-16T01:00:00Z,G06,39741,GPS BIIF-6  (PRN 06),-1.3992414500025916,-2.7854324330000964,-56.94992957799997,57.03517326539273
2026-08-16T01:00:00Z,G09,40105,GPS BIIF-7  (PRN 09),16.9224950480002,-46.69786487900092,-24.63961450700299,55.44521643893845
2026-08-16T01:00:00Z,G03,40294,GPS BIIF-8  (PRN 03),20.928324246000557,16.624347042001318,-54.0021616239992,60.25443660331714
2026-08-16T01:00:00Z,G26,40534,GPS BIIF-9  (PRN 26),31.957556206001755,31.727823405999516,-18.37285964699913,48.63642820304942
2026-08-16T01:00:00Z,G08,40730,GPS BIIF-10 (PRN 08),8.224945058999765,-4.918784704001155,55.657337936000204,56.47639710808408
2026-08-16T01:00:00Z,G10,41019,GPS BIIF-11 (PRN 10),23.367259354999987,30.945379464000325,40.75028275400109,56.251496553121555
2026-08-16T01:00:00Z,G32,41328,GPS BIIF-12 (PRN 32),-12.110339856000792,44.62553749200015,-21.87818077999691,51.15421509631419
2026-08-16T01:00:00Z,G04,43873,GPS BIII-1  (PRN 04),14.892556044999992,-28.5183529920032,-45.31181713100159,55.5719844403931
2026-08-16T01:00:00Z,G18,44506,GPS BIII-2  (PRN 18),-35.42147936800029,10.020793398000023,40.138402872998995,54.46272933060043
2026-08-16T01:00:00Z,G23,45854,GPS BIII-3  (PRN 23),8.080849949998083,13.651514743000007,55.7523635030002,57.965420958217834
2026-08-16T01:00:00Z,G14,46826,GPS BIII-4  (PRN 14),-16.855596258999867,-26.45247011900028,43.88836248000007,53.94471857206126
2026-08-16T01:00:00Z,G11,48859,GPS BIII-5  (PRN 11),-27.823841261997586,0.11601363699992362,-48.239122614000735,55.688352034383335
2026-08-16T01:00:00Z,G28,55268,GPS BIII-6  (PRN 28),-3.917667646001064,6.333809875000043,-57.34133681200001,57.82295543038594
2026-08-16T01:00:00Z,G01,62339,GPS BIII-7  (PRN 01),50.24277124500031,-6.774331374999747,-1.2601921669993317,50.71307240005778
2026-08-16T01:00:00Z,G21,64202,GPS BIII-8  (PRN 21),-33.34583343399936,-37.38983896099853,-2.896791341001517,50.1830256661626
2026-08-16T01:00:00Z,G20,67588,GPS BIII-9  (PRN 20),-2.3023456210012228,-11.339407113999187,56.3604783439996,57.535958045556235
2026-08-16T01:00:00Z,G13,68791,GPS BIII-10 (PRN 13),-15.676106842999616,-17.67483857299885,-37.15390933999879,44.02900434463124
2026-08-16T01:15:00Z,G22,26407,GPS BIIR-5  (PRN 22),-23.375990153999737,-34.66502819499965,36.52247421300126,55.51569343959738
2026-08-16T01:15:00Z,G16,27663,GPS BIIR-8  (PRN 16),32.45186871199985,36.84227440900031,5.097848714001884,49.36056146398463
2026-08-16T01:15:00Z,G19,28190,GPS BIIR-11 (PRN 19),11.109667341999739,-41.52043610799956,-32.043610390999675,53.61123287090636
2026-08-16T01:15:00Z,G02,28474,GPS BIIR-13 (PRN 02),46.00260542000069,-11.980133337998268,32.38112944900058,57.51783066682389
2026-08-16T01:15:00Z,G17,28874,GPS BIIRM-1 (PRN 17),14.99761281300016,-47.27563285699989,-3.574162493998301,49.72613487545577
2026-08-16T01:15:00Z,G31,29486,GPS BIIRM-2 (PRN 31),11.693777399999817,1.9146359099995607,-54.92138709400024,56.18513167091114
2026-08-16T01:15:00Z,G12,29601,GPS BIIRM-3 (PRN 12),-26.462401064000005,-21.459901615999115,-46.22297265400084,57.42254999921947
2026-08-16T01:15:00Z,G15,32260,GPS BIIRM-4 (PRN 15),-6.420738996999944,1.5282892860013817,56.566511265000145,56.950256839655175
2026-08-16T01:15:00Z,G29,32384,GPS BIIRM-5 (PRN 29),-18.528911925999637,40.240611956000066,-34.664233727002284,56.251546891041755
2026-08-16T01:15:00Z,G07,32711,GPS BIIRM-6 (PRN 07),40.8816988749968,-14.176762278999377,27.971704375999252,51.52387929222207
2026-08-16T01:15:00Z,G05,35752,GPS BIIRM-8 (PRN 05),-36.33030747700013,-30.87091242600036,19.2522519990016,51.41550041009244
2026-08-16T01:15:00Z,G25,36585,GPS BIIF-1  (PRN 25),-12.453689526002563,-1.9495478409990028,-57.187711739000406,58.5604772311276
2026-08-16T01:15:00Z,G24,38833,GPS BIIF-3  (PRN 24),-80.60051002700038,18.308515673998045,37.294347055998514,90.67806948281864
2026-08-16T01:15:00Z,G27,39166,GPS BIIF-4  (PRN 27),0.25847771700136946,26.055761495998013,50.82678797600056,57.116826713533676
2026-08-16T01:15:00Z,G30,39533,GPS BIIF-5  (PRN 30),19.921752402999118,-13.327345045000001,52.29796058099964,57.528871235986195
2026-08-16T01:15:00Z,G06,39741,GPS BIIF-6  (PRN 06),4.675140988998464,-4.214698470999792,-56.595107520000056,56.944067484408144
2026-08-16T01:15:00Z,G09,40105,GPS BIIF-7  (PRN 09),13.91936107500078,-44.25690283900076,-31.719854556002247,56.2011675562967
2026-08-16T01:15:00Z,G03,40294,GPS BIIF-8  (PRN 03),25.893282050999915,19.780169850000675,-49.60983162900084,59.35362304801049
2026-08-16T01:15:00Z,G26,40534,GPS BIIF-9  (PRN 26),31.50560819200109,28.54793083000004,-24.943934654002078,49.292875532326974
2026-08-16T01:15:00Z,G08,40730,GPS BIIF-10 (PRN 08),6.656945183000062,0.9485117250005715,56.262578999,56.66297194183029
2026-08-16T01:15:00Z,G10,41019,GPS BIIF-11 (PRN 10),21.49671189199944,25.963748262998706,46.03119590000097,57.05344724042767
2026-08-16T01:15:00Z,G32,41328,GPS BIIF-12 (PRN 32),-10.233491500999662,47.255294437999964,-14.694631777001632,50.53433885769922
2026-08-16T01:15:00Z,G04,43873,GPS BIII-1  (PRN 04),11.793645115000004,-24.07143730900134,-49.73139458700098,56.49544908032624
2026-08-16T01:15:00Z,G18,44506,GPS BIII-2  (PRN 18),-38.942957645002025,12.903345824000098,34.309123963001184,53.48052234882102
2026-08-16T01:15:00Z,G23,45854,GPS BIII-3  (PRN 23),4.185038096999051,8.71209471200018,57.52173655700017,58.32808341337065
2026-08-16T01:15:00Z,G14,46826,GPS BIII-4  (PRN 14),-14.524996987001941,-21.838276193000638,48.062293393999425,54.75280715036513
2026-08-16T01:15:00Z,G11,48859,GPS BIII-5  (PRN 11),-22.26457285200013,0.315016436001315,-51.95345440799974,56.524082164694015
2026-08-16T01:15:00Z,G28,55268,GPS BIII-6  (PRN 28),-9.71449407000182,8.34933556299984,-56.038686189000146,57.484059957251716
2026-08-16T01:15:00Z,G01,62339,GPS BIII-7  (PRN 01),49.61236243899998,-9.255068294998637,6.32511242399778,50.863049880045494
2026-08-16T01:15:00Z,G21,64202,GPS BIII-8  (PRN 21),-34.81374960699941,-35.145088627000405,-10.376217059998453,50.54542805016857
2026-08-16T01:15:00Z,G20,67588,GPS BIII-9  (PRN 20),-1.4067165439992095,-17.299499235003168,54.28357037800015,56.99085486462132
2026-08-16T01:15:00Z,G13,68791,GPS BIII-10 (PRN 13),-19.645405107999977,-19.017915746000654,-32.97584822799945,42.83724579773384
2026-08-16T01:30:00Z,G22,26407,GPS BIIR-5  (PRN 22),-21.871577673999127,-30.156642138999814,42.311532439000075,56.37423837521915
2026-08-16T01:30:00Z,G16,27663,GPS BIIR-8  (PRN 16),34.36612505499943,35.16323015299895,-2.390664377999201,49.22599498493523
2026-08-16T01:30:00Z,G19,28190,GPS BIIR-11 (PRN 19),9.99424057300348,-45.00105528899985,-25.356630082002084,52.611201382121884
2026-08-16T01:30:00Z,G02,28474,GPS BIIR-13 (PRN 02),41.67825158999949,-12.389142354000796,39.109822409001936,58.4820118731449
2026-08-16T01:30:00Z,G17,28874,GPS BIIRM-1 (PRN 17),12.540659716998562,-47.97199500700026,3.9422286130029534,49.74054299589408
2026-08-16T01:30:00Z,G31,29486,GPS BIIRM-2 (PRN 31),5.827802584000892,3.128281742001491,-55.99370961999989,56.383020020430756
2026-08-16T01:30:00Z,G12,29601,GPS BIIRM-3 (PRN 12),-30.921920163999857,-23.7202761869994,-40.889363493999554,56.48678337417289
2026-08-16T01:30:00Z,G15,32260,GPS BIIRM-4 (PRN 15),-6.337608848999935,-4.558851261001109,56.56092792000004,57.09717136526374
2026-08-16T01:30:00Z,G29,32384,GPS BIIRM-5 (PRN 29),-15.489457663999929,36.896781014002045,-40.89983233699968,57.21968221787633
2026-08-16T01:30:00Z,G07,32711,GPS BIIRM-6 (PRN 07),42.75557332900098,-17.07458085899998,21.313861275000818,50.73323412371902
2026-08-16T01:30:00Z,G05,35752,GPS BIIRM-8 (PRN 05),-39.4291204759993,-30.00359686899901,11.927007942002092,50.96199451588267
2026-08-16T01:30:00Z,G25,36585,GPS BIIF-1  (PRN 25),-17.387189443999887,-5.477940127999318,-55.103937763999966,58.04107288727757
2026-08-16T01:30:00Z,G24,38833,GPS BIIF-3  (PRN 24),-75.91437160900023,17.997106448001432,47.54606094200062,91.36473919620474
2026-08-16T01:30:00Z,G27,39166,GPS BIIF-4  (PRN 27),0.49934209499951976,31.571770091999497,46.625513078999575,56.31131750500846
2026-08-16T01:30:00Z,G30,39533,GPS BIIF-5  (PRN 30),24.68228291199921,-16.054549189,48.41331371200067,56.66403254258014
2026-08-16T01:30:00Z,G06,39741,GPS BIIF-6  (PRN 06),10.461424183999043,-6.369751709000411,-55.27376267699947,56.61452086934176
2026-08-16T01:30:00Z,G09,40105,GPS BIIF-7  (PRN 09),11.115784495001208,-40.858946271000605,-38.242989982001745,57.05734341939966
2026-08-16T01:30:00Z,G03,40294,GPS BIIF-8  (PRN 03),30.879994402000193,22.0145420000008,-44.38940415899924,58.383502081738314
2026-08-16T01:30:00Z,G26,40534,GPS BIIF-9  (PRN 26),30.229305803000898,25.10181971299994,-31.055709797998134,50.083624003188646
2026-08-16T01:30:00Z,G08,40730,GPS BIIF-10 (PRN 08),5.777913373999581,6.9777170270026545,55.87061294299974,56.6003375298492
2026-08-16T01:30:00Z,G10,41019,GPS BIIF-11 (PRN 10),18.729234073001862,20.96466075399985,50.49488017300064,57.79302841327221
2026-08-16T01:30:00Z,G32,41328,GPS BIIF-12 (PRN 32),-7.93459983700086,48.976575005000086,-7.251046843997756,50.14220232625989
2026-08-16T01:30:00Z,G04,43873,GPS BIII-1  (PRN 04),9.17196960199999,-18.927498941000522,-53.29093914400073,57.291355695176016
2026-08-16T01:30:00Z,G18,44506,GPS BIII-2  (PRN 18),-41.58379618900108,16.026820301000043,27.893704255999182,52.574992264099045
2026-08-16T01:30:00Z,G23,45854,GPS BIII-3  (PRN 23),-0.37265638499957277,4.2267098049997,58.315971453999964,58.47013318935318
2026-08-16T01:30:00Z,G14,46826,GPS BIII-4  (PRN 14),-11.42679092400067,-17.310635048999757,51.408716193000146,55.435419518868244
2026-08-16T01:30:00Z,G11,48859,GPS BIII-5  (PRN 11),-16.43261627999891,-0.239896172999579,-54.771889732999625,57.184336429684784
2026-08-16T01:30:00Z,G28,55268,GPS BIII-6  (PRN 28),-15.07897045199934,10.990932943999724,-53.7726955979997,56.918175908464455
2026-08-16T01:30:00Z,G01,62339,GPS BIII-7  (PRN 01),48.0328135499999,-11.46568457000103,13.809804401000292,51.276932413919816
2026-08-16T01:30:00Z,G21,64202,GPS BIII-8  (PRN 21),-35.49378859499848,-32.305072513000596,-17.68181204099892,51.14756314771883
2026-08-16T01:30:00Z,G20,67588,GPS BIII-9  (PRN 20),-1.2716066880002472,-23.090667596003186,51.2781284470002,56.25159882727894
2026-08-16T01:30:00Z,G13,68791,GPS BIII-10 (PRN 13),-23.489597980000326,-19.60106233999977,-28.235129421002057,41.631543227933896
2026-08-16T01:45:00Z,G22,26407,GPS BIIR-5  (PRN 22),-19.48210231900157,-25.49955163100003,47.334365628999876,57.18672585180872
2026-08-16T01:45:00Z,G16,27663,GPS BIIR-8  (PRN 16),35.56220550800026,32.789347046999865,-9.805688657001156,49.355478625983196
2026-08-16T01:45:00Z,G19,28190,GPS BIIR-11 (PRN 19),8.312073883000267,-47.69308062900018,-18.265151987001445,51.74298299507896
2026-08-16T01:45:00Z,G02,28474,GPS BIIR-13 (PRN 02),36.76621444000011,-12.004612656000972,45.143062388000544,59.445448362642544
2026-08-16T01:45:00Z,G17,28874,GPS BIIRM-1 (PRN 17),9.8947930860013,-47.681043970000246,11.396416613999463,50.012670353858525
2026-08-16T01:45:00Z,G31,29486,GPS BIIRM-2 (PRN 31),0.12027414700060035,5.052080853000007,-56.11352802299996,56.34062489894559
2026-08-16T01:45:00Z,G12,29601,GPS BIIRM-3 (PRN 12),-35.229023979999965,-25.093498957998236,-34.87495403499997,55.56104966144747
2026-08-16T01:45:00Z,G15,32260,GPS BIIRM-4 (PRN 15),-6.968196219999982,-10.61435839600017,55.57268784000007,57.004771699229295
2026-08-16T01:45:00Z,G29,32384,GPS BIIRM-5 (PRN 29),-12.748758007000106,32.67802048800149,-46.43564708700069,58.1949583222101
2026-08-16T01:45:00Z,G07,32711,GPS BIIRM-6 (PRN 07),43.74459137300073,-19.959364127998924,14.3081456660002,50.16660765075052
2026-08-16T01:45:00Z,G05,35752,GPS BIIRM-8 (PRN 05),-41.84082874899923,-28.38642170100138,4.380294458002027,50.75067356133282
2026-08-16T01:45:00Z,G25,36585,GPS BIIF-1  (PRN 25),-22.50493397900027,-8.258246153000073,-52.10464401200079,57.354726139526036
2026-08-16T01:45:00Z,G24,38833,GPS BIIF-3  (PRN 24),-70.36877591099983,16.72998015199846,57.06581801200082,92.13123490151193
2026-08-16T01:45:00Z,G27,39166,GPS BIIF-4  (PRN 27),1.419109140000728,36.586074868999276,41.583258900000146,55.40507346638659
2026-08-16T01:45:00Z,G30,39533,GPS BIIF-5  (PRN 30),28.736885648999305,-19.162151136000148,43.72285889399973,55.71970049118341
2026-08-16T01:45:00Z,G06,39741,GPS BIIF-6  (PRN 06),15.797085438000067,-9.175292926999646,-53.006961955000406,56.06667391892071
2026-08-16T01:45:00Z,G09,40105,GPS BIIF-7  (PRN 09),8.668970946999252,-36.58626830799767,-44.09572921700055,57.94945574519012
2026-08-16T01:45:00Z,G03,40294,GPS BIIF-8  (PRN 03),35.70579420299964,23.311836831999244,-38.43012822300079,57.40400884420008
2026-08-16T01:45:00Z,G26,40534,GPS BIIF-9  (PRN 26),28.125929787998757,21.54692856700001,-36.605877288000556,50.94436484180553
2026-08-16T01:45:00Z,G08,40730,GPS BIIF-10 (PRN 08),5.609547178999492,12.991174648999731,54.485028553999655,56.2925925397329
2026-08-16T01:45:00Z,G10,41019,GPS BIIF-11 (PRN 10),15.112248196001019,16.13090383599956,54.07347651999953,58.416838044032666
2026-08-16T01:45:00Z,G32,41328,GPS BIIF-12 (PRN 32),-5.366208897999968,49.72175358699997,0.3173602019996906,50.01149563051611
2026-08-16T01:45:00Z,G04,43873,GPS BIII-1  (PRN 04),7.144028697000003,-13.224097955000616,-55.92663941400042,57.91116394004386
2026-08-16T01:45:00Z,G18,44506,GPS BIII-2  (PRN 18),-43.289377193999826,19.230979365000167,20.997585570999945,51.814084426851736
2026-08-16T01:45:00Z,G23,45854,GPS BIII-3  (PRN 23),-5.469034003002889,0.3295483059991966,58.12477384199997,58.382431168936705
2026-08-16T01:45:00Z,G14,46826,GPS BIII-4  (PRN 14),-7.621970301999681,-13.025804056000197,53.87569029400038,55.94958451360405
2026-08-16T01:45:00Z,G11,48859,GPS BIII-5  (PRN 11),-10.504704335002316,-1.5652814969998872,-56.64400901599993,57.63109123325141
2026-08-16T01:45:00Z,G28,55268,GPS BIII-6  (PRN 28),-19.8650806020014,14.158549397000115,-50.583245974999954,56.158264945764245
2026-08-16T01:45:00Z,G01,62339,GPS BIII-7  (PRN 01),45.56767251000019,-13.257087194997439,21.064097131999006,51.92166529360052
2026-08-16T01:45:00Z,G21,64202,GPS BIII-8  (PRN 21),-35.308479266001086,-29.01465363499983,-24.687026591000176,51.94216125212145
2026-08-16T01:45:00Z,G20,67588,GPS BIII-9  (PRN 20),-1.8652724080002372,-28.5415047710012,47.39765380400058,55.35913946109551
2026-08-16T01:45:00Z,G13,68791,GPS BIII-10 (PRN 13),-27.061006212999928,-19.443525099002727,-23.012856432000262,40.49617619844404
2026-08-16T02:00:00Z,G22,26407,GPS BIIR-5  (PRN 22),-16.239726315001462,-20.875029879000067,51.501039103999574,57.895186432267316
2026-08-16T02:00:00Z,G16,27663,GPS BIIR-8  (PRN 16),35.94890140899952,29.856334091999997,-17.012499299999035,49.7307684473059
2026-08-16T02:00:00Z,G19,28190,GPS BIIR-11 (PRN 19),6.194710550998934,-49.503018825000254,-10.898285893999855,51.06560434408217
2026-08-16T02:00:00Z,G02,28474,GPS BIIR-13 (PRN 02),31.444780474001163,-10.773337429000094,50.36321781600054,60.343124937304445
2026-08-16T02:00:00Z,G17,28874,GPS BIIRM-1 (PRN 17),7.222386547000497,-46.39230250400033,18.64987614599886,50.51956531204585
2026-08-16T02:00:00Z,G31,29486,GPS BIIRM-2 (PRN 31),-5.268117739000445,7.6318432739990385,-55.28563304499994,56.05799958486964
2026-08-16T02:00:00Z,G12,29601,GPS BIIRM-3 (PRN 12),-39.21617225600016,-25.596863087997917,-28.28128659900176,54.70775756739499
2026-08-16T02:00:00Z,G15,32260,GPS BIIRM-4 (PRN 15),-8.286884869000005,-16.463498483000876,53.60586355199939,56.686046345528545
2026-08-16T02:00:00Z,G29,32384,GPS BIIRM-5 (PRN 29),-10.449938550000297,27.687753326001257,-51.17297378500007,59.11417889085985
2026-08-16T02:00:00Z,G07,32711,GPS BIIRM-6 (PRN 07),43.85298261999924,-22.67572195899993,7.058489341998211,49.870780250793445
2026-08-16T02:00:00Z,G05,35752,GPS BIIRM-8 (PRN 05),-43.44146926999929,-26.136522012999194,-3.2537525769985223,50.802223781096515
2026-08-16T02:00:00Z,G25,36585,GPS BIIF-1  (PRN 25),-27.64703203300087,-10.246426730998792,-48.24352913899929,56.54012508628696
2026-08-16T02:00:00Z,G24,38833,GPS BIIF-3  (PRN 24),-64.14820757300004,14.412050942999485,65.68794333300139,92.93871984556229
2026-08-16T02:00:00Z,G27,39166,GPS BIIF-4  (PRN 27),2.9315037579999625,40.94122169399998,35.79248552400168,54.45988769788542
2026-08-16T02:00:00Z,G30,39533,GPS BIIF-5  (PRN 30),31.999871297000936,-22.51363646100026,38.30441263299872,54.75475885146182
2026-08-16T02:00:00Z,G06,39741,GPS BIIF-6  (PRN 06),20.53693088900036,-12.527098887000193,-49.831389763001425,55.33408662457908
2026-08-16T02:00:00Z,G09,40105,GPS BIIF-7  (PRN 09),6.71841947699977,-31.552061592999962,-49.176815257998896,58.81350958714117
2026-08-16T02:00:00Z,G03,40294,GPS BIIF-8  (PRN 03),40.190000521,23.692118806000508,-31.83242399200026,56.47880888087227
2026-08-16T02:00:00Z,G26,40534,GPS BIIF-9  (PRN 26),25.22335264800131,18.03975913900001,-41.50372187100038,51.80935589006994
2026-08-16T02:00:00Z,G08,40730,GPS BIIF-10 (PRN 08),6.140569944999697,18.81009206699673,52.12869498799955,55.757752859761275
2026-08-16T02:00:00Z,G10,41019,GPS BIIF-11 (PRN 10),10.725674409997737,11.632961176999743,56.71518527999979,58.88105059048767
2026-08-16T02:00:00Z,G32,41328,GPS BIIF-12 (PRN 32),-2.691229255999133,49.45809613399979,7.873541428998578,50.153151872464285
2026-08-16T02:00:00Z,G04,43873,GPS BIII-1  (PRN 04),5.798985191000014,-7.120202089998202,-57.59081885900014,58.3183326570472
2026-08-16T02:00:00Z,G18,44506,GPS BIII-2  (PRN 18),-44.0374501210008,22.348829869000838,13.73456536699814,51.25822368648296
2026-08-16T02:00:00Z,G23,45854,GPS BIII-3  (PRN 23),-10.958563346997835,-2.8710429610000574,56.95341576999999,58.069136089531725
2026-08-16T02:00:00Z,G14,46826,GPS BIII-4  (PRN 14),-3.1991892689984525,-9.126019962999635,55.42627902799995,56.26358910728723
2026-08-16T02:00:00Z,G11,48859,GPS BIII-5  (PRN 11),-4.659096352999768,-3.644189668000763,-57.536156250999966,57.839403293104446
2026-08-16T02:00:00Z,G28,55268,GPS BIII-6  (PRN 28),-23.949491864001175,17.72750093600007,-46.52614009100034,55.24965304639596
2026-08-16T02:00:00Z,G01,62339,GPS BIII-7  (PRN 01),42.310700397999426,-14.496116261998395,27.961496064999665,52.7463554858877
2026-08-16T02:00:00Z,G21,64202,GPS BIII-8  (PRN 21),-34.211681740998756,-25.43269960800035,-31.270411023000634,52.86870513305171
2026-08-16T02:00:00Z,G20,67588,GPS BIII-9  (PRN 20),-3.12450278399956,-33.49158308500046,42.71031358900109,54.365609920771796
2026-08-16T02:00:00Z,G13,68791,GPS BIII-10 (PRN 13),-30.219494865000115,-18.592787927002064,-17.398288823998882,39.51721253830445
2026-08-16T02:15:00Z,G22,26407,GPS BIIR-5  (PRN 22),-12.211363685000833,-16.45761061200028,54.73952343300061,58.449856935458826
2026-08-16T02:15:00Z,G16,27663,GPS BIIR-8  (PRN 16),35.46577457200328,26.51790269399953,-23.882628570001543,50.313022933364245
2026-08-16T02:15:00Z,G19,28190,GPS BIIR-11 (PRN 19),3.7897456219998276,-50.36850547400002,-3.3874315890025173,50.62433415200647
2026-08-16T02:15:00Z,G02,28474,GPS BIIR-13 (PRN 02),25.904865403999793,-8.679126921000716,54.66963716899954,61.11594328733085
2026-08-16T02:15:00Z,G17,28874,GPS BIIRM-1 (PRN 17),4.685493401999338,-44.13197252700047,25.56766876600159,51.21806842972582
2026-08-16T02:15:00Z,G31,29486,GPS BIIRM-2 (PRN 31),-10.191203529000632,10.785538309999538,-53.52998499499972,55.5486071793963
2026-08-16T02:15:00Z,G12,29601,GPS BIIRM-3 (PRN 12),-42.723905987,-25.279716862001806,-21.218528520999826,53.987240900100424
2026-08-16T02:15:00Z,G15,32260,GPS BIIRM-4 (PRN 15),-10.236126926999987,-21.936579294000694,50.68293308699867,56.16717468316187
2026-08-16T02:15:00Z,G29,32384,GPS BIIRM-5 (PRN 29),-8.714994130999912,22.057683310998982,-55.02690761099984,59.920389492902984
2026-08-16T02:15:00Z,G07,32711,GPS BIIRM-6 (PRN 07),43.112963236000724,-25.071345739999742,-0.32731560400134185,49.873912135584234
2026-08-16T02:15:00Z,G05,35752,GPS BIIRM-8 (PRN 05),-44.13551015699886,-23.394127569001284,-10.838786478998372,51.11465302504335
2026-08-16T02:15:00Z,G25,36585,GPS BIIF-1  (PRN 25),-32.64973210000062,-11.429826307001349,-43.586584871000014,55.64563160147361
2026-08-16T02:15:00Z,G24,38833,GPS BIIF-3  (PRN 24),-57.45633042500049,10.987357830999827,73.25698841200028,93.74720416742684
2026-08-16T02:15:00Z,G27,39166,GPS BIIF-4  (PRN 27),4.923128510999959,44.50310252499912,29.360828693999792,53.54270809629268
2026-08-16T02:15:00Z,G30,39533,GPS BIIF-5  (PRN 30),34.41373769300117,-25.959529585000382,32.246342201000516,53.83334564766736
2026-08-16T02:15:00Z,G06,39741,GPS BIIF-6  (PRN 06),24.558310111002356,-16.296076752999852,-45.79878914700021,54.4628478908256
2026-08-16T02:15:00Z,G09,40105,GPS BIIF-7  (PRN 09),5.380421715999546,-25.896264171999064,-53.39880320900011,59.59024769256696
2026-08-16T02:15:00Z,G03,40294,GPS BIIF-8  (PRN 03),44.16076597600022,23.2098691459978,-24.7063611520025,55.671137573562994
2026-08-16T02:15:00Z,G26,40534,GPS BIIF-9  (PRN 26),21.578752759000054,14.729914106000024,-45.671353473000636,52.61639923312843
2026-08-16T02:15:00Z,G08,40730,GPS BIIF-10 (PRN 08),7.327390190999722,24.26175800599958,48.84347381000043,55.027343043082155
2026-08-16T02:15:00Z,G10,41019,GPS BIIF-11 (PRN 10),5.678602795000188,7.623035152999364,58.384445879000396,59.15319699936069
2026-08-16T02:15:00Z,G32,41328,GPS BIIF-12 (PRN 32),-0.07592074200147181,48.189079955000125,15.28144233799685,50.554086588504234
2026-08-16T02:15:00Z,G04,43873,GPS BIII-1  (PRN 04),5.195234079000045,-0.7902608949989371,-58.25295781800003,58.489503878588835
2026-08-16T02:15:00Z,G18,44506,GPS BIII-2  (PRN 18),-43.83899322399884,25.21321775099932,6.225236058999144,50.954069908530236
2026-08-16T02:15:00Z,G23,45854,GPS BIII-3  (PRN 23),-16.678731020001578,-5.296081002999927,54.822459164000065,57.54763740777161
2026-08-16T02:15:00Z,G14,46826,GPS BIII-4  (PRN 14),1.7286236830004782,-5.7345425370003795,56.038744508000036,56.35790986169555
2026-08-16T02:15:00Z,G11,48859,GPS BIII-5  (PRN 11),0.9311559369998577,-6.4268302580003365,-57.43209922400001,57.79807280368042
2026-08-16T02:15:00Z,G28,55268,GPS BIII-6  (PRN 28),-27.23593568599972,21.553540509999948,-41.672015534999446,54.24857767681432
2026-08-16T02:15:00Z,G01,62339,GPS BIII-7  (PRN 01),38.38251030600077,-15.071112064000772,34.38112992099923,53.68815149435258
2026-08-16T02:15:00Z,G21,64202,GPS BIII-8  (PRN 21),-32.190701791998436,-21.72589578399993,-37.31783090099998,53.859784000998616
2026-08-16T02:15:00Z,G20,67588,GPS BIII-9  (PRN 20),-4.957523242999741,-37.79746405000333,37.29766189899965,53.33236267453624
2026-08-16T02:15:00Z,G13,68791,GPS BIII-10 (PRN 13),-32.838051787999916,-17.122506515999703,-11.487433767000766,38.774721264930406
2026-08-16T02:30:00Z,G22,26407,GPS BIIR-5  (PRN 22),-7.495731587001501,-12.408083913000155,56.99688803300069,58.811493637407665
2026-08-16T02:30:00Z,G16,27663,GPS BIIR-8  (PRN 16),34.08537357100067,22.93922231999977,-30.296419862999755,51.04795459796811
2026-08-16T02:30:00Z,G19,28190,GPS BIIR-11 (PRN 19),1.25453135799944,-50.26028562300007,4.136267784997472,50.44580132204225
2026-08-16T02:30:00Z,G02,28474,GPS BIIR-13 (PRN 02),20.341916228999253,-5.7436437210017175,57.981272963000265,61.713945048678994
2026-08-16T02:30:00Z,G17,28874,GPS BIIRM-1 (PRN 17),2.4388951860000816,-40.9620908779998,32.02148621900051,52.050136200584994
2026-08-16T02:30:00Z,G31,29486,GPS BIIRM-2 (PRN 31),-14.522278399999777,14.406774162999682,-50.880927439000516,54.83904164702015
2026-08-16T02:30:00Z,G12,29601,GPS BIIRM-3 (PRN 12),-45.6068734559999,-24.22126976099935,-13.803859423001995,53.4528142405682
2026-08-16T02:30:00Z,G15,32260,GPS BIIRM-4 (PRN 15),-12.72833749099982,-26.875738915998227,46.84524774300007,55.486873706028405
2026-08-16T02:30:00Z,G29,32384,GPS BIIRM-5 (PRN 29),-7.639973594000367,15.943003714997758,-57.92803327599995,60.56571309906961
2026-08-16T02:30:00Z,G07,32711,GPS BIIRM-6 (PRN 07),41.58389013000033,-27.00236851000045,-7.738373798998509,50.181971389601955
2026-08-16T02:30:00Z,G05,35752,GPS BIIRM-8 (PRN 05),-43.860011124001176,-20.31686031800018,-18.238973850999173,51.66367733830093
2026-08-16T02:30:00Z,G25,36585,GPS BIIF-1  (PRN 25),-37.35129983000115,-11.827006170002278,-38.21105412500037,54.72734537029568
2026-08-16T02:30:00Z,G24,38833,GPS BIIF-3  (PRN 24),-50.50909037599922,6.442470050002157,79.63065006500074,94.51832658659713
2026-08-16T02:30:00Z,G27,39166,GPS BIIF-4  (PRN 27),7.258587431000706,47.16657191299964,22.408624081999733,52.72114405782586
2026-08-16T02:30:00Z,G30,39533,GPS BIIF-5  (PRN 30),35.950911164996796,-29.343016821000674,25.646385939999163,53.02091815061681
2026-08-16T02:30:00Z,G06,39741,GPS BIIF-6  (PRN 06),27.765517290998105,-20.333232989999942,-40.97520615900066,53.51010964327155
2026-08-16T02:30:00Z,G09,40105,GPS BIIF-7  (PRN 09),4.74358598300023,-19.78035161400112,-56.689576347000184,60.2284981080717
2026-08-16T02:30:00Z,G03,40294,GPS BIIF-8  (PRN 03),47.46154724400003,21.95158522699967,-17.170057717001328,55.038908444643354
2026-08-16T02:30:00Z,G26,40534,GPS BIIF-9  (PRN 26),17.276194643000053,11.754631084000039,-49.04460614799973,53.310520964216586
2026-08-16T02:30:00Z,G08,40730,GPS BIIF-10 (PRN 08),9.096133041999565,29.186542187999294,44.68942754300042,54.14553366004165
2026-08-16T02:30:00Z,G10,41019,GPS BIIF-11 (PRN 10),0.10496366799998214,4.22996092899848,59.06183022999994,59.21320272498177
2026-08-16T02:30:00Z,G32,41328,GPS BIIF-12 (PRN 32),2.3170738629996777,45.95418800999869,22.408749606998754,51.17917824559193
2026-08-16T02:30:00Z,G04,43873,GPS BIII-1  (PRN 04),5.358240432999992,5.582394372999261,-57.90038450699967,58.415138393501536
2026-08-16T02:30:00Z,G18,44506,GPS BIII-2  (PRN 18),-42.737945072,27.663408813001297,-1.4047203640002408,50.92906218882853
2026-08-16T02:30:00Z,G23,45854,GPS BIII-3  (PRN 23),-22.45596344200021,-6.898412945000018,51.76732903300035,56.84817279806902
2026-08-16T02:30:00Z,G14,46826,GPS BIII-4  (PRN 14),7.028491611999925,-2.9515141239990044,55.70651329700013,56.22567699612848
2026-08-16T02:30:00Z,G11,48859,GPS BIII-5  (PRN 11),6.104726003999531,-9.832580041000256,-56.333324905000154,57.50991918529268
2026-08-16T02:30:00Z,G28,55268,GPS BIII-6  (PRN 28),-29.658600404000026,25.478645465,-36.105015316999925,53.21997823840324
2026-08-16T02:30:00Z,G01,62339,GPS BIII-7  (PRN 01),33.926157883001,-14.896554957002081,40.21004301699941,54.678506725387415
2026-08-16T02:30:00Z,G21,64202,GPS BIII-8  (PRN 21),-29.267006545000186,-18.062334894999992,-42.72453474299982,54.84698244178997
2026-08-16T02:30:00Z,G20,67588,GPS BIII-9  (PRN 20),-7.247912894001274,-41.33803107900167,31.25316002100226,52.327096862962996
2026-08-16T02:30:00Z,G13,68791,GPS BIII-10 (PRN 13),-34.8078434869999,-15.129564717999529,-5.381502538999484,38.333409271142
2026-08-16T02:45:00Z,G22,26407,GPS BIIR-5  (PRN 22),-2.2193355079980392,-8.866637074001119,58.239911695000046,58.95277785940638
2026-08-16T02:45:00Z,G16,27663,GPS BIIR-8  (PRN 16),31.81386551900141,19.28964253999993,-36.145198703999995,51.87183954646032
2026-08-16T02:45:00Z,G19,28190,GPS BIIR-11 (PRN 19),-1.2503202150001016,-49.18248585800029,11.544252182000491,50.53464132903349
2026-08-16T02:45:00Z,G02,28474,GPS BIIR-13 (PRN 02),14.947131337001338,-2.0258378479993553,60.23862425800053,62.09841066153403
2026-08-16T02:45:00Z,G17,28874,GPS BIIRM-1 (PRN 17),0.6231463840013021,-36.97780381799748,37.89252229700105,52.94893325315369
2026-08-16T02:45:00Z,G31,29486,GPS BIIRM-2 (PRN 31),-18.158412202999898,18.368423955999788,-47.38626924699929,53.96837449386921
2026-08-16T02:45:00Z,G12,29601,GPS BIIRM-3 (PRN 12),-47.738909159000286,-22.527361528000256,-6.159787970998877,53.145352129345895
2026-08-16T02:45:00Z,G15,32260,GPS BIIRM-4 (PRN 15),-15.648519714000031,-31.14142441000149,42.153028776998326,54.69499354235023
2026-08-16T02:45:00Z,G29,32384,GPS BIIRM-5 (PRN 29),-7.290559793000284,9.516522157002328,-59.82386249399997,61.01320332322378
2026-08-16T02:45:00Z,G07,32711,GPS BIIRM-6 (PRN 07),39.35026497200033,-28.33836496299955,-15.061535242999526,50.77751594966924
2026-08-16T02:45:00Z,G05,35752,GPS BIIRM-8 (PRN 05),-42.587179853000634,-17.073026981999647,-25.32174264999776,52.405598832497155
2026-08-16T02:45:00Z,G25,36585,GPS BIIF-1  (PRN 25),-41.59731225900032,-11.48687217800034,-32.2043673320004,53.84613166106653
2026-08-16T02:45:00Z,G24,38833,GPS BIIF-3  (PRN 24),-43.526593210999636,0.8087511279991304,84.68277206699986,95.21759438199608
2026-08-16T02:45:00Z,G27,39166,GPS BIIF-4  (PRN 27),9.786250271001336,48.859445833999416,15.066088347000914,52.057690686889224
2026-08-16T02:45:00Z,G30,39533,GPS BIIF-5  (PRN 30),36.61438679599996,-32.505322162000084,18.610452300999896,52.37898647501976
2026-08-16T02:45:00Z,G06,39741,GPS BIIF-6  (PRN 06),30.093277951000346,-24.47482008899999,-35.440044840001065,52.541592804999425
2026-08-16T02:45:00Z,G09,40105,GPS BIIF-7  (PRN 09),4.864899150999918,-13.381081694999011,-58.99356749100025,60.687408878554365
2026-08-16T02:45:00Z,G03,40294,GPS BIIF-8  (PRN 03),49.956601214999864,20.032331315000192,-9.347992671999236,54.62912474005249
2026-08-16T02:45:00Z,G26,40534,GPS BIIF-9  (PRN 26),12.423284057000274,9.233312531000138,-51.573600380000244,53.84633973829607
2026-08-16T02:45:00Z,G08,40730,GPS BIIF-10 (PRN 08),11.345421732999966,33.44421892399987,39.743547566000416,53.167508375576496
2026-08-16T02:45:00Z,G10,41019,GPS BIIF-11 (PRN 10),-5.841293011999369,1.5544845590011391,58.74371135199999,59.053880056295185
2026-08-16T02:45:00Z,G32,41328,GPS BIIF-12 (PRN 32),4.335651874998803,42.826867747000506,29.129464515997824,51.97561140755373
2026-08-16T02:45:00Z,G04,43873,GPS BIII-1  (PRN 04),6.279016409000064,11.812534445998608,-56.53861010399942,58.09971126945865
2026-08-16T02:45:00Z,G18,44506,GPS BIII-2  (PRN 18),-40.80943430500065,29.551271029000418,-9.026383888001874,51.18752928025715
2026-08-16T02:45:00Z,G23,45854,GPS BIII-3  (PRN 23),-28.11149283299892,-7.664551830999699,47.83776859400132,56.01297606914892
2026-08-16T02:45:00Z,G14,46826,GPS BIII-4  (PRN 14),12.55194773599942,-0.8501015790006932,54.437955745999716,55.87275803524741
2026-08-16T02:45:00Z,G11,48859,GPS BIII-5  (PRN 11),10.718350628001645,-13.752599065999675,-54.258960705999925,56.99168218389559
2026-08-16T02:45:00Z,G28,55268,GPS BIII-6  (PRN 28),-31.18435472499914,29.336765949999972,-29.921281852999527,52.23402075033371
2026-08-16T02:45:00Z,G01,62339,GPS BIII-7  (PRN 01),29.10134878200006,-13.916897680002876,45.3453886899988,55.648655126735605
2026-08-16T02:45:00Z,G21,64202,GPS BIII-8  (PRN 21),-25.495562477997737,-14.604523529999994,-47.397043887998734,55.76554117847945
2026-08-16T02:45:00Z,G20,67588,GPS BIII-9  (PRN 20),-9.85898493500099,-44.01868386199931,24.680519957000797,51.41956999274818
2026-08-16T02:45:00Z,G13,68791,GPS BIII-10 (PRN 13),-36.042202753999845,-12.73021829100071,0.8147451570002886,38.233004678782684
2026-08-16T03:00:00Z,G22,26407,GPS BIIR-5  (PRN 22),3.4688593589999073,-5.947637751000002,58.455137619000084,58.85924306449991
2026-08-16T03:00:00Z,G16,27663,GPS BIIR-8  (PRN 16),28.690432659997896,15.735856325999976,-41.33300476600016,52.7178848543507
2026-08-16T03:00:00Z,G19,28190,GPS BIIR-11 (PRN 19),-3.567430207000143,-47.17202341400025,18.712644645998807,50.873268234901445
2026-08-16T03:00:00Z,G02,28474,GPS BIIR-13 (PRN 02),9.899426201998722,2.3807623200009402,61.404944200000045,62.24334374500035
2026-08-16T03:00:00Z,G17,28874,GPS BIIRM-1 (PRN 17),-0.6414459979987441,-32.30353588000071,43.07406249899941,53.84519238972546
2026-08-16T03:00:00Z,G31,29486,GPS BIIRM-2 (PRN 31),-21.023604510999576,22.52755474300011,-43.10627344199929,52.98710672786543
2026-08-16T03:00:00Z,G12,29601,GPS BIIRM-3 (PRN 12),-49.01792429299985,-20.32626856800016,1.5875964110018685,53.088930656559306
2026-08-16T03:00:00Z,G15,32260,GPS BIIRM-4 (PRN 15),-18.85889196500011,-34.618345643000794,36.68481550600154,53.85037929221287
2026-08-16T03:00:00Z,G29,32384,GPS BIIRM-5 (PRN 29),-7.6994993769994835,2.962179438000021,-60.679934299000024,61.23815170471987
2026-08-16T03:00:00Z,G07,32711,GPS BIIRM-6 (PRN 07),36.519250161999935,-28.967344552002032,-22.18240584399973,51.621912128640176
2026-08-16T03:00:00Z,G05,35752,GPS BIIRM-8 (PRN 05),-40.32578176100287,-13.834691593999196,-31.960494352999376,53.28264788301356
2026-08-16T03:00:00Z,G25,36585,GPS BIIF-1  (PRN 25),-45.24619164199976,-10.486433358000795,-25.663042439999117,53.06387556477152
2026-08-16T03:00:00Z,G24,38833,GPS BIIF-3  (PRN 24),-36.725070198999674,-5.8372704979992704,88.30635212200013,95.81657650471
2026-08-16T03:00:00Z,G27,39166,GPS BIIF-4  (PRN 27),12.345112598999549,49.545317936000174,7.470268265999039,51.603732834237
2026-08-16T03:00:00Z,G30,39533,GPS BIIF-5  (PRN 30),36.43742157699853,-35.29174206500011,11.251364183000987,51.959464442399074
2026-08-16T03:00:00Z,G06,39741,GPS BIIF-6  (PRN 06),31.509021590001794,-28.548714181000037,-29.284950901997945,51.62805315213873
2026-08-16T03:00:00Z,G09,40105,GPS BIIF-7  (PRN 09),5.7676384329997745,-6.883888660999219,-60.27267495800015,60.93807449192654
2026-08-16T03:00:00Z,G03,40294,GPS BIIF-8  (PRN 03),51.53622710399941,17.591163832999882,-1.369232885997917,54.47298915802716
2026-08-16T03:00:00Z,G26,40534,GPS BIIF-9  (PRN 26),7.147045521000109,7.2634638610002185,-53.22300725600007,54.18972843917508
2026-08-16T03:00:00Z,G08,40730,GPS BIIF-10 (PRN 08),13.950997353000275,36.91957999200167,34.098019830998965,52.1570768958962
2026-08-16T03:00:00Z,G10,41019,GPS BIIF-11 (PRN 10),-11.991876780000894,-0.33372477400007483,57.441759866999746,58.681106478572545
2026-08-16T03:00:00Z,G32,41328,GPS BIIF-12 (PRN 32),5.844524821999585,38.91149612599838,35.326261917998636,52.87918099079823
2026-08-16T03:00:00Z,G04,43873,GPS BIII-1  (PRN 04),7.914683773999968,17.72011104000194,-54.191288025000176,57.56162134895911
2026-08-16T03:00:00Z,G18,44506,GPS BIII-2  (PRN 18),-38.1571289489998,30.74740576699878,-16.509588335000444,51.710114658761405
2026-08-16T03:00:00Z,G23,45854,GPS BIII-3  (PRN 23),-33.46785162099877,-7.614780412000982,43.09716590100106,55.094897055413334
2026-08-16T03:00:00Z,G14,46826,GPS BIII-4  (PRN 14),18.140421324998897,0.5257083659998898,52.25602096300008,55.3176552469468
2026-08-16T03:00:00Z,G11,48859,GPS BIII-5  (PRN 11),14.652101064999442,-18.05419450699992,-51.245349146998706,56.273651153211524
2026-08-16T03:00:00Z,G28,55268,GPS BIII-6  (PRN 28),-31.81365172599908,32.96048110799984,-23.227293874999305,51.361551103617956
2026-08-16T03:00:00Z,G01,62339,GPS BIII-7  (PRN 01),24.07838897199872,-12.10904831299922,49.696458882001025,56.53437796548077
2026-08-16T03:00:00Z,G21,64202,GPS BIII-8  (PRN 21),-20.962934195002163,-11.503119248999951,-51.25481347299865,56.55813174666034
2026-08-16T03:00:00Z,G20,67588,GPS BIII-9  (PRN 20),-12.63943564299916,-45.77478408499883,17.691921853001986,50.67632869747481
2026-08-16T03:00:00Z,G13,68791,GPS BIII-10 (PRN 13),-36.48024008300035,-10.055477072999565,6.99477065499741,38.48177948321749
2026-08-16T03:15:00Z,G22,26407,GPS BIIR-5  (PRN 22),9.403595525996934,-3.7356803189995844,57.648430147,58.52968831862894
2026-08-16T03:15:00Z,G16,27663,GPS BIIR-8  (PRN 16),24.78528858199934,12.435486495999953,-45.77787883699966,53.52164090627459
2026-08-16T03:15:00Z,G19,28190,GPS BIIR-11 (PRN 19),-5.5486909709998145,-44.296819502998915,25.52407300699997,51.42445422597682
2026-08-16T03:15:00Z,G02,28474,GPS BIIR-13 (PRN 02),5.358097444001032,7.3524152809986845,61.46666986599985,62.136291513892964
2026-08-16T03:15:00Z,G17,28874,GPS BIIRM-1 (PRN 17),-1.2597921659998974,-27.087902839997696,47.47372168399852,54.672623927340645
2026-08-16T03:15:00Z,G31,29486,GPS BIIRM-2 (PRN 31),-23.071036957000615,26.73083256800055,-38.112572543999704,51.95554197553334
2026-08-16T03:15:00Z,G12,29601,GPS BIIRM-3 (PRN 12),-49.36989656900005,-17.76382195500082,9.310446027997386,53.28812684757256
2026-08-16T03:15:00Z,G15,32260,GPS BIIRM-4 (PRN 15),-22.20459811100045,-37.22057089300142,30.53632700700109,53.01775496897708
2026-08-16T03:15:00Z,G29,32384,GPS BIIRM-5 (PRN 29),-8.8653959330004,-3.5319092409990844,-60.48056954599997,61.22882426230356
2026-08-16T03:15:00Z,G07,32711,GPS BIIRM-6 (PRN 07),33.21747049999999,-28.800217152002006,-28.986547958997107,52.65997357576321
2026-08-16T03:15:00Z,G05,35752,GPS BIIRM-8 (PRN 05),-37.120959192001465,-10.770718108999972,-38.03717568099819,54.22915003671824
2026-08-16T03:15:00Z,G25,36585,GPS BIIF-1  (PRN 25),-48.17429757799982,-8.927729467999598,-18.691534289999254,52.43892404218155
2026-08-16T03:15:00Z,G24,38833,GPS BIIF-3  (PRN 24),-30.30872779299898,-13.375338398000167,90.41646066700014,96.29462610778604
2026-08-16T03:15:00Z,G27,39166,GPS BIIF-4  (PRN 27),14.77189123899916,49.224809596999876,-0.2381377270030498,51.39404012348838
2026-08-16T03:15:00Z,G30,39533,GPS BIIF-5  (PRN 30),35.4822863069985,-37.557512757999575,3.687542470997869,51.79920246118204
2026-08-16T03:15:00Z,G06,39741,GPS BIIF-6  (PRN 06),32.01401057200201,-32.381104755999786,-22.612513781001326,50.84052121702986
2026-08-16T03:15:00Z,G09,40105,GPS BIIF-7  (PRN 09),7.440677466000125,-0.4759546580025926,-60.50684430900003,60.96448492543085
2026-08-16T03:15:00Z,G03,40294,GPS BIIF-8  (PRN 03),52.121046010999635,14.785815041001115,6.634424110001419,54.58240876856575
2026-08-16T03:15:00Z,G26,40534,GPS BIIF-9  (PRN 26),1.5891627639975923,5.917580229000123,-53.97206282999991,54.318751460085934
2026-08-16T03:15:00Z,G08,40730,GPS BIIF-10 (PRN 08),16.77125554399936,39.526977993999026,27.85809798000264,51.183304161842074
2026-08-16T03:15:00Z,G10,41019,GPS BIIF-11 (PRN 10),-18.170229454997752,-1.3979039229998307,55.182319088999975,58.113679231876354
2026-08-16T03:15:00Z,G32,41328,GPS BIIF-12 (PRN 32),6.730594597000163,34.33916039199903,40.89258209599939,53.82083342474968
2026-08-16T03:15:00Z,G04,43873,GPS BIII-1  (PRN 04),10.190420679999988,23.137157641998783,-50.89979066699925,56.832749602059714
2026-08-16T03:15:00Z,G18,44506,GPS BIII-2  (PRN 18),-34.90954674500017,31.14656264199948,-23.72505878100128,52.456298311216315
2026-08-16T03:15:00Z,G23,45854,GPS BIII-3  (PRN 23),-38.3553182630003,-6.802119662001132,37.62175783099883,54.15529460031169
2026-08-16T03:15:00Z,G14,46826,GPS BIII-4  (PRN 14),23.630938452999544,1.1622759159999987,49.19774016299925,54.59111442918486
2026-08-16T03:15:00Z,G11,48859,GPS BIII-5  (PRN 11),17.813735200001247,-22.586111934000655,-47.345287919999464,55.398898024226234
2026-08-16T03:15:00Z,G28,55268,GPS BIII-6  (PRN 28),-31.580207950999466,36.18764851600008,-16.138068742999167,50.66845865131186
2026-08-16T03:15:00Z,G01,62339,GPS BIII-7  (PRN 01),19.031738629000756,-9.483463612999913,53.18647146100011,57.27952429807245
2026-08-16T03:15:00Z,G21,64202,GPS BIII-8  (PRN 21),-15.78409792200182,-8.891219607000039,-54.23162049499933,57.177444808463385
2026-08-16T03:15:00Z,G20,67588,GPS BIII-9  (PRN 20),-15.429414524000094,-46.57397807599955,10.406119057999604,50.15465661557633
2026-08-16T03:15:00Z,G13,68791,GPS BIII-10 (PRN 13),-36.089427113000056,-7.246023752999463,13.052104402999248,39.055205017005974
2026-08-16T03:30:00Z,G22,26407,GPS BIIR-5  (PRN 22),15.409702017997915,-2.2823734440007684,55.84410733099958,57.97613706015234
2026-08-16T03:30:00Z,G16,27663,GPS BIIR-8  (PRN 16),20.19651480399989,9.530692220000006,-49.412721934999354,54.2249978648789
2026-08-16T03:30:00Z,G19,28190,GPS BIIR-11 (PRN 19),-7.061001919000773,-40.65255844999956,31.869235671998467,52.135750104397104
2026-08-16T03:30:00Z,G02,28474,GPS BIIR-13 (PRN 02),1.4561006389994873,12.740364033001242,60.433081317999495,61.77859194213013
2026-08-16T03:30:00Z,G17,28874,GPS BIIRM-1 (PRN 17),-1.1663112050009659,-21.497326041000633,51.015241909000906,55.37192624222023
2026-08-16T03:30:00Z,G31,29486,GPS BIIRM-2 (PRN 31),-24.28443602400148,30.819647114999952,-32.48704881099911,50.94107205139272
2026-08-16T03:30:00Z,G12,29601,GPS BIIRM-3 (PRN 12),-48.75152465999963,-14.997737357000005,16.88101290099803,53.72719868993513
2026-08-16T03:30:00Z,G15,32260,GPS BIIRM-4 (PRN 15),-25.51984734600046,-38.895318988001236,23.81873771300161,52.263186986465925
2026-08-16T03:30:00Z,G29,32384,GPS BIIRM-5 (PRN 29),-10.752237143999992,-9.780725233998965,-59.22923745400021,60.986685096717125
2026-08-16T03:30:00Z,G07,32711,GPS BIIRM-6 (PRN 07),29.586608229000035,-27.774625175999972,-35.360894399000244,53.825551951288624
2026-08-16T03:30:00Z,G05,35752,GPS BIIRM-8 (PRN 05),-33.05235572800302,-8.03952267600016,-43.44463967500087,55.17724948308891
2026-08-16T03:30:00Z,G25,36585,GPS BIIF-1  (PRN 25),-50.280022563999864,-6.934116652000739,-11.401024048998806,52.020630447407484
2026-08-16T03:30:00Z,G24,38833,GPS BIIF-3  (PRN 24),-24.46120093100035,-21.644324064000102,90.95295008400001,96.63987916050404
2026-08-16T03:30:00Z,G27,39166,GPS BIIF-4  (PRN 27),16.90796559699993,47.93481814400002,-7.917932686999848,51.442392529542666
2026-08-16T03:30:00Z,G30,39533,GPS BIIF-5  (PRN 30),33.837826893000965,-39.173045165000076,-3.958415164001053,51.915267956068845
2026-08-16T03:30:00Z,G06,39741,GPS BIIF-6  (PRN 06),31.6432073019987,-35.8028574179998,-15.534796006999386,50.24407482111668
2026-08-16T03:30:00Z,G09,40105,GPS BIIF-7  (PRN 09),9.838518077999652,5.660949188000814,-59.6943000680003,60.76390576887495
2026-08-16T03:30:00Z,G03,40294,GPS BIIF-8  (PRN 03),51.66485281399946,11.786594458000764,14.530374526999367,54.94827212119117
2026-08-16T03:30:00Z,G26,40534,GPS BIIF-9  (PRN 26),-4.099088864000805,5.240341322999939,-53.81435798200005,54.22406137234068
2026-08-16T03:30:00Z,G08,40730,GPS BIIF-10 (PRN 08),19.653024359000483,41.2133533110009,21.139686929000163,50.31568563628042
2026-08-16T03:30:00Z,G10,41019,GPS BIIF-11 (PRN 10),-24.197461020998162,-1.635477012998308,52.00568288899922,57.38277579268815
2026-08-16T03:30:00Z,G32,41328,GPS BIIF-12 (PRN 32),6.9076953750009125,29.26205901800131,45.73440387200026,54.73225786402414
2026-08-16T03:30:00Z,G04,43873,GPS BIII-1  (PRN 04),13.002036107000094,27.914175971000077,-46.72241607499927,55.957468911245826
2026-08-16T03:30:00Z,G18,44506,GPS BIII-2  (PRN 18),-31.21496157300004,30.67212977300005,-30.546651394000946,53.3690105042453
2026-08-16T03:30:00Z,G23,45854,GPS BIII-3  (PRN 23),-42.61775657399994,-5.310547605000465,31.499705430000176,53.260741014770666
2026-08-16T03:30:00Z,G14,46826,GPS BIII-4  (PRN 14),28.861621840002044,1.0769561269989936,45.31363417800094,53.73526302301365
2026-08-16T03:30:00Z,G11,48859,GPS BIII-5  (PRN 11),20.142173072999867,-27.18395480199979,-42.62699621399952,54.42182779922205
2026-08-16T03:30:00Z,G28,55268,GPS BIII-6  (PRN 28),-30.54937849000089,38.8674065160003,-8.775265309999668,50.209014097731846
2026-08-16T03:30:00Z,G01,62339,GPS BIII-7  (PRN 01),14.132839686000807,-6.084227158000431,55.75407691200053,57.838326998709256
2026-08-16T03:30:00Z,G21,64202,GPS BIII-8  (PRN 21),-10.098197641000297,-6.878722074000052,-56.27666429600049,57.58778826498528
2026-08-16T03:30:00Z,G20,67588,GPS BIII-9  (PRN 20),-18.066614096000194,-46.41699710099965,2.946485087999463,49.896111463137146
2026-08-16T03:30:00Z,G13,68791,GPS BIII-10 (PRN 13),-34.86676199499925,-4.4465473359996395,18.882231590003357,39.899894048051436
2026-08-16T03:45:00Z,G22,26407,GPS BIIR-5  (PRN 22),21.30897226000161,-1.6052060999991227,53.08374196799923,57.22353228110019
2026-08-16T03:45:00Z,G16,27663,GPS BIIR-8  (PRN 16),15.0459954930011,7.14313544700002,-52.185739685000044,54.779172966193876
2026-08-16T03:45:00Z,G19,28190,GPS BIIR-11 (PRN 19),-7.991156750998925,-36.35896184199919,37.64821006999955,52.94544752782626
2026-08-16T03:45:00Z,G02,28474,GPS BIIR-13 (PRN 02),-1.7047318770019046,18.377401146997727,58.33524253199994,61.18525561732495
2026-08-16T03:45:00Z,G17,28874,GPS BIIRM-1 (PRN 17),-0.3274340560001292,-15.709283075000712,53.63983843400001,55.893837361708826
2026-08-16T03:45:00Z,G31,29486,GPS BIIRM-2 (PRN 31),-24.67819981499997,34.63599802800013,-26.32070394999755,50.01445153081367
2026-08-16T03:45:00Z,G12,29601,GPS BIIRM-3 (PRN 12),-47.1521851610014,-12.19161312200049,24.173571351002465,54.37210266152949
2026-08-16T03:45:00Z,G15,32260,GPS BIIRM-4 (PRN 15),-28.635269278000123,-39.62542276700151,16.656386165002914,51.64869771993172
2026-08-16T03:45:00Z,G29,32384,GPS BIIRM-5 (PRN 29),-13.291017617999842,-15.609365470998455,-56.94852360200002,60.526339557061725
2026-08-16T03:45:00Z,G07,32711,GPS BIIRM-6 (PRN 07),25.778752293000025,-25.858125157003087,-41.19540277000124,55.047687651723535
2026-08-16T03:45:00Z,G05,35752,GPS BIIRM-8 (PRN 05),-28.231023013002414,-5.782717299999604,-48.088712333999865,56.06206144688739
2026-08-16T03:45:00Z,G25,36585,GPS BIIF-1  (PRN 25),-51.48764784000002,-4.645579848000125,-3.908115595997515,51.84431173939608
2026-08-16T03:45:00Z,G24,38833,GPS BIIF-3  (PRN 24),-19.338147808999565,-30.447241082998517,89.88283201600007,96.84999711649678
2026-08-16T03:45:00Z,G27,39166,GPS BIIF-4  (PRN 27),18.60622593899825,45.74657401799993,-15.430457906000811,51.740117020221945
2026-08-16T03:45:00Z,G30,39533,GPS BIIF-5  (PRN 30),31.616262777000884,-40.02914586500083,-11.561270948001038,52.302806584340935
2026-08-16T03:45:00Z,G06,39741,GPS BIIF-6  (PRN 06),30.46386101600001,-38.65631945699988,-8.171669246999954,49.89122207609428
2026-08-16T03:45:00Z,G09,40105,GPS BIIF-7  (PRN 09),12.883328306999829,11.357165115998214,-57.85144930600018,60.34695961307991
2026-08-16T03:45:00Z,G03,40294,GPS BIIF-8  (PRN 03),50.15668227199967,8.769852248999086,22.187194415000704,55.54164816615221
2026-08-16T03:45:00Z,G26,40534,GPS BIIF-9  (PRN 26),-9.762211189998197,5.247520779999832,-52.75748698999996,53.90908712967297
2026-08-16T03:45:00Z,G08,40730,GPS BIIF-10 (PRN 08),22.43830785799946,41.9600157040004,14.066690069001197,49.61846780088697
2026-08-16T03:45:00Z,G10,41019,GPS BIIF-11 (PRN 10),-29.898592026002007,-1.0775122909999482,47.965329708000354,56.53105068784542
2026-08-16T03:45:00Z,G32,41328,GPS BIIF-12 (PRN 32),6.3198689769997145,23.847553789000813,49.77170862300045,55.550603460795884
2026-08-16T03:45:00Z,G04,43873,GPS BIII-1  (PRN 04),16.220434462999947,31.92577693900239,-41.73323861599965,54.99109866794242
2026-08-16T03:45:00Z,G18,44506,GPS BIII-2  (PRN 18),-27.235862875000066,29.279724266998528,-36.85367939700154,54.380954062927636
2026-08-16T03:45:00Z,G23,45854,GPS BIII-3  (PRN 23),-46.11843944000066,-3.2516447409998364,24.83002226499957,52.47869715973382
2026-08-16T03:45:00Z,G14,46826,GPS BIII-4  (PRN 14),33.67749456399906,0.3170410160000756,40.66701447500054,52.80227477508821
2026-08-16T03:45:00Z,G11,48859,GPS BIII-5  (PRN 11),21.60944475499855,-31.676730287999817,-37.17281651400117,53.40600745179906
2026-08-16T03:45:00Z,G28,55268,GPS BIII-6  (PRN 28),-28.815357157000108,40.86628348400154,-1.265186440999969,50.019782392676845
2026-08-16T03:45:00Z,G01,62339,GPS BIII-7  (PRN 01),9.543554173000302,-1.987412806996872,57.35454653900024,58.1770852192919
2026-08-16T03:45:00Z,G21,64202,GPS BIII-8  (PRN 21),-4.063358677998622,-5.548229717999675,-57.355361456999844,57.766177168070115
2026-08-16T03:45:00Z,G20,67588,GPS BIII-9  (PRN 20),-20.392787179000152,-45.337523490999956,-4.560972886996751,49.92153121550745
2026-08-16T03:45:00Z,G13,68791,GPS BIII-10 (PRN 13),-32.83914979800102,-1.8000539610002306,24.384487944000284,40.942071344878954
2026-08-16T04:00:00Z,G22,26407,GPS BIIR-5  (PRN 22),26.926974821999465,-1.6877999379994435,49.42470633099947,56.30907775484201
2026-08-16T04:00:00Z,G16,27663,GPS BIIR-8  (PRN 16),9.47457568399841,5.369976670000028,-54.06054275600036,55.146591163022045
2026-08-16T04:00:00Z,G19,28190,GPS BIIR-11 (PRN 19),-8.249796947002324,-31.555321189998722,42.77153327100132,53.78848857723299
2026-08-16T04:00:00Z,G02,28474,GPS BIIR-13 (PRN 02),-4.057002563000424,24.085131120998994,55.224384327000735,60.38448008559973
2026-08-16T04:00:00Z,G17,28874,GPS BIIRM-1 (PRN 17),1.2573984159989777,-9.90522063699973,55.30703342000015,56.20108888949765
2026-08-16T04:00:00Z,G31,29486,GPS BIIRM-2 (PRN 31),-24.29656255399823,38.028279794000014,-19.71249722200082,49.24485316008658
2026-08-16T04:00:00Z,G12,29601,GPS BIIRM-3 (PRN 12),-44.59467331199994,-9.508799110000837,31.066337177002424,55.17444566022893
2026-08-16T04:00:00Z,G15,32260,GPS BIIRM-4 (PRN 15),-31.385482706999028,-39.430240945999685,9.183986654999899,51.22634123856731
2026-08-16T04:00:00Z,G29,32384,GPS BIIRM-5 (PRN 29),-16.382720188999883,-20.859690825000143,-53.67968597000072,59.87511092218161
2026-08-16T04:00:00Z,G07,32711,GPS BIIRM-6 (PRN 07),21.951249041999745,-23.05038651200084,-46.38493361200017,56.25601940278203
2026-08-16T04:00:00Z,G05,35752,GPS BIIRM-8 (PRN 05),-22.795043647998682,-4.119582649000222,-51.889918924000085,56.82559865109572
2026-08-16T04:00:00Z,G25,36585,GPS BIIF-1  (PRN 25),-51.750352597000074,-2.2135635779995937,3.666582848996768,51.92728268854664
2026-08-16T04:00:00Z,G24,38833,GPS BIIF-3  (PRN 24),-15.060741498000425,-39.557946216002165,87.20219387599991,96.93234578862304
2026-08-16T04:00:00Z,G27,39166,GPS BIIF-4  (PRN 27),19.737180832999,42.76233008000008,-22.642410708998796,52.25755394027132
2026-08-16T04:00:00Z,G30,39533,GPS BIIF-5  (PRN 30),28.949210095000126,-40.041538626001056,-18.99483760899966,52.935672626823774
2026-08-16T04:00:00Z,G06,39741,GPS BIIF-6  (PRN 06),28.572952034999616,-40.80171272500047,-0.6489813299995149,49.815805986198214
2026-08-16T04:00:00Z,G09,40105,GPS BIIF-7  (PRN 09),16.468250748000173,16.46134727000026,-55.01244362000034,59.73732660310695
2026-08-16T04:00:00Z,G03,40294,GPS BIIF-8  (PRN 03),47.621569253000416,5.91131254299944,29.476659158000984,56.31723456648329
2026-08-16T04:00:00Z,G26,40534,GPS BIIF-9  (PRN 26),-15.24588884699915,5.925942808999935,-50.82255064899982,53.389938934042085
2026-08-16T04:00:00Z,G08,40730,GPS BIIF-10 (PRN 08),24.97105362200091,41.7829871899994,6.768253366000863,49.14448891929675
2026-08-16T04:00:00Z,G10,41019,GPS BIIF-11 (PRN 10),-35.10860370299997,0.21288933499999985,43.127099879000525,55.61120498439633
2026-08-16T04:00:00Z,G32,41328,GPS BIIF-12 (PRN 32),4.943284870001662,18.271755856003438,52.93959626800006,56.221828326604864
2026-08-16T04:00:00Z,G04,43873,GPS BIII-1  (PRN 04),19.697015440000087,35.075375403997896,-36.020647468998504,53.997605697483024
2026-08-16T04:00:00Z,G18,44506,GPS BIII-2  (PRN 18),-23.142834969999967,26.959477637999953,-42.53326192699933,55.420958265923225
2026-08-16T04:00:00Z,G23,45854,GPS BIII-3  (PRN 23),-48.745244366000406,-0.7603034250005294,17.721344749003038,51.872179145589975
2026-08-16T04:00:00Z,G14,46826,GPS BIII-4  (PRN 14),37.936072590999174,-1.0422860359994957,35.33318164400043,51.85234506652836
2026-08-16T04:00:00Z,G11,48859,GPS BIII-5  (PRN 11),22.221397279001394,-35.89360346699959,-31.077714017003018,52.42104134219428
2026-08-16T04:00:00Z,G28,55268,GPS BIII-6  (PRN 28),-26.497402393999437,42.0735789950013,6.263281490999361,50.11513821305531
2026-08-16T04:00:00Z,G01,62339,GPS BIII-7  (PRN 01),5.410060355001406,2.7018460180006514,57.96056313099996,58.27517141469749
2026-08-16T04:00:00Z,G21,64202,GPS BIII-8  (PRN 21),2.1492120410002826,-4.9520884520002255,-57.44982855000001,57.702903677874055
2026-08-16T04:00:00Z,G20,67588,GPS BIII-9  (PRN 20),-22.259988552999857,-43.400879186999646,-11.98962078200202,50.22842234313595
2026-08-16T04:00:00Z,G13,68791,GPS BIII-10 (PRN 13),-30.062570193000283,0.557653305999338,29.46390832600082,42.09739894176054
2026-08-16T04:15:00Z,G22,26407,GPS BIIR-5  (PRN 22),32.09925582899814,-2.4809195159996307,44.93854233800084,55.28100735229626
2026-08-16T04:15:00Z,G16,27663,GPS BIIR-8  (PRN 16),3.636721161998139,4.2802587629998925,-55.0159540730001,55.30191279197148
2026-08-16T04:15:00Z,G19,28190,GPS BIIR-11 (PRN 19),-7.77479085700179,-26.395071164999536,47.161070324998946,54.601407572287044
2026-08-16T04:15:00Z,G02,28474,GPS BIIR-13 (PRN 02),-5.56989230399995,29.68101948000185,51.16982545300016,59.416644591738006
2026-08-16T04:15:00Z,G17,28874,GPS BIIRM-1 (PRN 17),3.5555950839989237,-4.2631148289983685,55.995016282999984,56.26951441926628
2026-08-16T04:15:00Z,G31,29486,GPS BIIRM-2 (PRN 31),-23.21180003900008,40.85639695000009,-12.768165493998822,48.69351992687161
2026-08-16T04:15:00Z,G12,29601,GPS BIIRM-3 (PRN 12),-41.134436985998036,-7.105905019001511,37.44339348599897,56.07622943851935
2026-08-16T04:15:00Z,G15,32260,GPS BIIRM-4 (PRN 15),-33.61620228799984,-38.36468727799911,1.5434516290006286,51.03215191560569
2026-08-16T04:15:00Z,G29,32384,GPS BIIRM-5 (PRN 29),-19.901865188999864,-25.396352062001824,-49.481823374999294,59.0720727634717
2026-08-16T04:15:00Z,G07,32711,GPS BIIRM-6 (PRN 07),18.260543374000008,-19.38438269999824,-50.83132954600114,57.3848917432794
2026-08-16T04:15:00Z,G05,35752,GPS BIIRM-8 (PRN 05),-16.903927121002198,-3.1419487610000942,-54.78481041299983,57.41942220292049
2026-08-16T04:15:00Z,G25,36585,GPS BIIF-1  (PRN 25),-51.05188148399975,0.204644236000604,11.199994503000198,52.26639799323194
2026-08-16T04:15:00Z,G24,38833,GPS BIIF-3  (PRN 24),-11.709881343000234,-48.72894080500191,82.93754019900007,96.90338780097049
2026-08-16T04:15:00Z,G27,39166,GPS BIIF-4  (PRN 27),20.194212577000144,39.110435014999894,-29.42836224400162,52.94771810977108
2026-08-16T04:15:00Z,G30,39533,GPS BIIF-5  (PRN 30),25.982619686999897,-39.15433543999825,-26.133802174001175,53.769267482615064
2026-08-16T04:15:00Z,G06,39741,GPS BIIF-6  (PRN 06),26.093321468000795,-42.12258904800001,6.903486966002674,50.02831264023293
2026-08-16T04:15:00Z,G09,40105,GPS BIIF-7  (PRN 09),20.46118099600062,20.846083606997126,-51.228420385999925,58.970926605792314
2026-08-16T04:15:00Z,G03,40294,GPS BIIF-8  (PRN 03),44.1196863490004,3.3790925270004664,36.27576533699903,57.21797043434189
2026-08-16T04:15:00Z,G26,40534,GPS BIIF-9  (PRN 26),-20.40218062799977,7.2337590239994825,-48.043591208999715,52.69499881632314
2026-08-16T04:15:00Z,G08,40730,GPS BIIF-10 (PRN 08),27.10341622099986,40.731610986000305,-0.6240001510013826,48.92901675439706
2026-08-16T04:15:00Z,G10,41019,GPS BIIF-11 (PRN 10),-39.67783093400067,2.1427411309996387,37.56834587299818,54.68365586548541
2026-08-16T04:15:00Z,G32,41328,GPS BIIF-12 (PRN 32),2.78734071800136,12.712492718001158,55.189081279000675,56.70283442477637
2026-08-16T04:15:00Z,G04,43873,GPS BIII-1  (PRN 04),23.26929327400012,37.29862284599949,-29.685610575998,53.04604368800133
2026-08-16T04:15:00Z,G18,44506,GPS BIII-2  (PRN 18),-19.10751250600015,23.73700680500042,-47.48263231099918,56.419348608514895
2026-08-16T04:15:00Z,G23,45854,GPS BIII-3  (PRN 23),-50.41468096199969,2.0101787370003876,10.290520978000131,51.49345295329847
2026-08-16T04:15:00Z,G14,46826,GPS BIII-4  (PRN 14),41.512225774999024,-2.900534089998473,29.3985138930002,50.950472087299275
2026-08-16T04:15:00Z,G11,48859,GPS BIII-5  (PRN 11),22.017230123001355,-39.67014351900025,-24.447587927003042,51.53797885594487
2026-08-16T04:15:00Z,G28,55268,GPS BIII-6  (PRN 28),-23.73490967899852,42.40558233499905,13.680802966999181,50.48508413841117
2026-08-16T04:15:00Z,G01,62339,GPS BIII-7  (PRN 01),1.8568334789997607,7.853095593000035,57.56265481199989,58.12553801873136
2026-08-16T04:15:00Z,G21,64202,GPS BIII-8  (PRN 21),8.361548185999709,-5.109920433000298,-56.559070433000215,57.40170052484045
2026-08-16T04:15:00Z,G20,67588,GPS BIII-9  (PRN 20),-23.536321808998764,-40.701172149,-19.214182011997764,50.79102921766267
2026-08-16T04:15:00Z,G13,68791,GPS BIII-10 (PRN 13),-26.61980418500025,2.5036010639996675,34.032968046998576,43.27961306693306
2026-08-16T04:30:00Z,G22,26407,GPS BIIR-5  (PRN 22),36.67728374299986,-3.9053197789999103,39.70922034099931,54.19683427499067
2026-08-16T04:30:00Z,G16,27663,GPS BIIR-8  (PRN 16),-2.305131215998699,3.913078197999994,-55.04558827400001,55.232622600573315
2026-08-16T04:30:00Z,G19,28190,GPS BIIR-11 (PRN 19),-6.533303298001556,-21.040400786001555,50.750709938,55.32645909897239
2026-08-16T04:30:00Z,G02,28474,GPS BIIR-13 (PRN 02),-6.249146230000406,34.985791167999196,46.256579393999345,58.332911375038904
2026-08-16T04:30:00Z,G17,28874,GPS BIIRM-1 (PRN 17),6.5032279639999615,1.049330194000504,55.70051980500011,56.08868847062661
2026-08-16T04:30:00Z,G31,29486,GPS BIIRM-2 (PRN 31),-21.52141926799959,42.99705089700001,-5.598986025997874,48.40729818599209
2026-08-16T04:30:00Z,G12,29601,GPS BIIRM-3 (PRN 12),-36.8579329460008,-5.126781524000762,43.19656124899848,57.01520861651919
2026-08-16T04:30:00Z,G15,32260,GPS BIIRM-4 (PRN 15),-35.19132739700035,-36.51677229300003,-6.119566145000135,51.08182918088108
2026-08-16T04:30:00Z,G29,32384,GPS BIIRM-5 (PRN 29),-23.701819427000032,-29.11178567800016,-44.430654698999206,58.16661745789961
2026-08-16T04:30:00Z,G07,32711,GPS BIIRM-6 (PRN 07),14.856333101000018,-14.926358640001126,-54.44565542999953,58.37667522786856
2026-08-16T04:30:00Z,G05,35752,GPS BIIRM-8 (PRN 05),-10.732392354002513,-2.910792657999991,-56.72688508400006,57.8065433222872
2026-08-16T04:30:00Z,G25,36585,GPS BIIF-1  (PRN 25),-49.40760397199938,2.451872137000464,18.568243072997575,52.83845813465842
2026-08-16T04:30:00Z,G24,38833,GPS BIIF-3  (PRN 24),-9.322573541001475,-57.7007523329994,77.14645163800014,96.78771718330695
2026-08-16T04:30:00Z,G27,39166,GPS BIIF-4  (PRN 27),19.89780306100147,34.93986842600043,-35.67293926799903,53.751981994145744
2026-08-16T04:30:00Z,G30,39533,GPS BIIF-5  (PRN 30),22.871387543999845,-37.34285077399909,-32.855709383999056,54.74565289813246
2026-08-16T04:30:00Z,G06,39741,GPS BIIF-6  (PRN 06),23.168879290000405,-42.53086843100027,14.354205560000992,50.5145024157264
2026-08-16T04:30:00Z,G09,40105,GPS BIIF-7  (PRN 09),24.710179747999973,24.412355865999416,-46.566461042999435,58.09467614313594
2026-08-16T04:30:00Z,G03,40294,GPS BIIF-8  (PRN 03),39.74451674900047,1.3271769290004158,42.468736101000104,58.18059432687878
2026-08-16T04:30:00Z,G26,40534,GPS BIIF-9  (PRN 26),-25.094509796999773,9.102399783999317,-44.466962975999195,51.86423526948365
2026-08-16T04:30:00Z,G08,40730,GPS BIIF-10 (PRN 08),28.701938531999986,38.88605011099935,-7.978669121999701,48.98556246169079
2026-08-16T04:30:00Z,G10,41019,GPS BIIF-11 (PRN 10),-43.47715174399855,4.592876829001398,31.377030070001638,53.81333716980244
2026-08-16T04:30:00Z,G32,41328,GPS BIIF-12 (PRN 32),-0.10600123800031724,7.342746010002884,56.487551657999575,56.96288833569661
2026-08-16T04:30:00Z,G04,43873,GPS BIII-1  (PRN 04),26.767648457000178,38.565595166001,-22.839716473998124,52.20598416884836
2026-08-16T04:30:00Z,G18,44506,GPS BIII-2  (PRN 18),-15.295883890000368,19.6729485859978,-51.61133306999909,57.31246523493879
2026-08-16T04:30:00Z,G23,45854,GPS BIII-3  (PRN 23),-51.07533295999974,4.894091190999461,2.6610179170020274,51.37823256900981
2026-08-16T04:30:00Z,G14,46826,GPS BIII-4  (PRN 14),44.302827023000646,-5.135915564998868,22.959410569001193,50.16226315265967
2026-08-16T04:30:00Z,G11,48859,GPS BIII-5  (PRN 11),21.067552741998952,-42.854870896999955,-17.397436638999352,50.82373992282975
2026-08-16T04:30:00Z,G28,55268,GPS BIII-6  (PRN 28),-20.681882359000156,41.809164045000216,20.85975910400157,51.09673185175581
2026-08-16T04:30:00Z,G01,62339,GPS BIII-7  (PRN 01),-1.0178861479998886,13.315630314998998,56.16923475299973,57.73495505873026
2026-08-16T04:30:00Z,G21,64202,GPS BIII-8  (PRN 21),14.395513376999588,-6.008132482999827,-54.69888799099954,56.879669555761005
2026-08-16T04:30:00Z,G20,67588,GPS BIII-9  (PRN 20),-24.111264849998406,-37.35776229499993,-26.112693376999232,51.56382696966612
2026-08-16T04:30:00Z,G13,68791,GPS BIII-10 (PRN 13),-22.6174048339999,3.9324415619994397,38.013183559000026,44.40735549831596
2026-08-16T04:45:00Z,G22,26407,GPS BIIR-5  (PRN 22),40.53368417800084,-5.855600115000925,33.831337964998966,53.120871926679584
2026-08-16T04:45:00Z,G16,27663,GPS BIIR-8  (PRN 16),-8.186325307000516,4.276897185999815,-54.15727151499959,54.93921941128247
2026-08-16T04:45:00Z,G19,28190,GPS BIIR-11 (PRN 19),-4.5227340560013545,-15.656701349998912,53.48691045299984,55.91455097120602
2026-08-16T04:45:00Z,G02,28474,GPS BIIR-13 (PRN 02),-6.13558132199978,39.83041672500076,40.58278712899846,57.19326940998998
2026-08-16T04:45:00Z,G17,28874,GPS BIIRM-1 (PRN 17),10.008154465000189,5.880882934998226,54.43827653199969,55.662140559494524
2026-08-16T04:45:00Z,G31,29486,GPS BIIRM-2 (PRN 31),-19.344578805999845,44.34845449800014,1.6795258530000865,48.4130039620929
2026-08-16T04:45:00Z,G12,29601,GPS BIIRM-3 (PRN 12),-31.879794730000867,-3.697036723000565,48.227208905000225,57.92972528266243
2026-08-16T04:45:00Z,G15,32260,GPS BIIRM-4 (PRN 15),-35.999098550999406,-34.00368036099917,-13.659247331001097,51.36886617618719
2026-08-16T04:45:00Z,G29,32384,GPS BIIRM-5 (PRN 29),-27.62090353900004,-31.930101542999182,-38.61697076600103,57.21639736997744
2026-08-16T04:45:00Z,G07,32711,GPS BIIRM-6 (PRN 07),11.875730332000785,-9.774457253999572,-57.15052521800044,59.18408162861
2026-08-16T04:45:00Z,G05,35752,GPS BIIRM-8 (PRN 05),-4.463624967000214,-3.4542089179994946,-57.687100224000005,57.96254859259586
2026-08-16T04:45:00Z,G25,36585,GPS BIIF-1  (PRN 25),-46.86447303299974,4.377005472999372,25.648444830996596,53.602982489970664
2026-08-16T04:45:00Z,G24,38833,GPS BIIF-3  (PRN 24),-7.890101596000022,-66.21213831799832,69.91745360900131,96.61651661596889
2026-08-16T04:45:00Z,G27,39166,GPS BIIF-4  (PRN 27),18.798449806999997,30.41417832300067,-41.27262952199999,54.60617095045071
2026-08-16T04:45:00Z,G30,39533,GPS BIIF-5  (PRN 30),19.773632971000552,-34.61523654700068,-39.0430666559987,55.799392613015144
2026-08-16T04:45:00Z,G06,39741,GPS BIIF-6  (PRN 06),19.959028056000534,-41.97076904200003,21.57225047999964,51.237391089798564
2026-08-16T04:45:00Z,G09,40105,GPS BIIF-7  (PRN 09),29.049578495999867,27.09291205000045,-41.10827917500137,57.1646263949496
2026-08-16T04:45:00Z,G03,40294,GPS BIIF-8  (PRN 03),34.61975797099876,-0.11052206699969247,47.94895867299965,59.1408699202409
2026-08-16T04:45:00Z,G26,40534,GPS BIIF-9  (PRN 26),-29.202272690999962,11.439385391999167,-40.15064790499855,50.948079410880354
2026-08-16T04:45:00Z,G08,40730,GPS BIIF-10 (PRN 08),29.652924050000365,36.3536630360004,-15.16711280600066,49.30442203007861
2026-08-16T04:45:00Z,G10,41019,GPS BIIF-11 (PRN 10),-46.402527390000614,7.42245726299916,24.650755420996575,53.06549879937621
2026-08-16T04:45:00Z,G32,41328,GPS BIIF-12 (PRN 32),-3.6641879830021935,2.324423484998988,56.81893507199999,56.9843890976164
2026-08-16T04:45:00Z,G04,43873,GPS BIII-1  (PRN 04),30.022249724000176,38.881656200999714,-15.60304500300117,51.541960389459845
2026-08-16T04:45:00Z,G18,44506,GPS BIII-2  (PRN 18),-11.861816655999974,14.860991596997337,-54.843218695999894,58.04593355751854
2026-08-16T04:45:00Z,G23,45854,GPS BIII-3  (PRN 23),-50.71018992200004,7.719717736999883,-5.0388864779997675,51.541321100670615
2026-08-16T04:45:00Z,G14,46826,GPS BIII-4  (PRN 14),46.23069821400168,-7.610069047001161,16.121077796000463,49.54876141296493
2026-08-16T04:45:00Z,G11,48859,GPS BIII-5  (PRN 11),19.471322293999037,-45.31527947199993,-10.04938870299884,50.33485034055632
2026-08-16T04:45:00Z,G28,55268,GPS BIII-6  (PRN 28),-17.50096227100039,40.26413498200054,27.67642746400088,51.89864047766416
2026-08-16T04:45:00Z,G01,62339,GPS BIII-7  (PRN 01),-3.1455521959996986,18.924355235001713,53.806265590000294,57.12389987054407
2026-08-16T04:45:00Z,G21,64202,GPS BIII-8  (PRN 21),20.07938003899835,-7.600716471000396,-51.90151575600066,56.16689177258652
2026-08-16T04:45:00Z,G20,67588,GPS BIII-9  (PRN 20),-23.900100407001446,-33.510842326999864,-32.56841047499984,52.48707187296578
2026-08-16T04:45:00Z,G13,68791,GPS BIII-10 (PRN 13),-18.181728763000137,4.760454571000082,41.33651043499958,45.4086366617265
2026-08-16T05:00:00Z,G22,26407,GPS BIIR-5  (PRN 22),43.56628738499967,-8.204450379998889,27.408297137000773,52.120525270764205
2026-08-16T05:00:00Z,G16,27663,GPS BIIR-8  (PRN 16),-13.8456164479976,5.3492579619999105,-52.37235375799992,54.435090646770945
2026-08-16T05:00:00Z,G19,28190,GPS BIIR-11 (PRN 19),-1.7711017510009697,-10.406527125996945,55.32911485400018,56.32711211098659
2026-08-16T05:00:00Z,G02,28474,GPS BIIR-13 (PRN 02),-5.302614763000747,44.06198227299865,34.25710885800072,56.063584548793806
2026-08-16T05:00:00Z,G17,28874,GPS BIIRM-1 (PRN 17),13.953602858000522,10.102483890001167,52.24009504900005,55.007188113873745
2026-08-16T05:00:00Z,G31,29486,GPS BIIRM-2 (PRN 31),-16.81762688999879,44.83400382900072,8.94902867500059,48.71350518876716
2026-08-16T05:00:00Z,G12,29601,GPS BIIRM-3 (PRN 12),-26.338664718001382,-2.918673594000211,52.44792676100042,58.76247898279028
2026-08-16T05:00:00Z,G15,32260,GPS BIIRM-4 (PRN 15),-35.95689186299933,-30.966187066999737,-20.933153414000117,51.86520727587921
2026-08-16T05:00:00Z,G29,32384,GPS BIIRM-5 (PRN 29),-31.488506069000096,-33.809690244001104,-32.14478197299832,56.284173414418696
2026-08-16T05:00:00Z,G07,32711,GPS BIIRM-6 (PRN 07),9.437018411999816,-4.056115201998182,-58.882434158999786,59.771652474473626
2026-08-16T05:00:00Z,G05,35752,GPS BIIRM-8 (PRN 05),1.7178309390001232,-4.766045985999881,-57.65399051199984,57.876150178060556
2026-08-16T05:00:00Z,G25,36585,GPS BIIF-1  (PRN 25),-43.49944603299991,5.840997657000116,32.32062332499845,54.50634596928496
2026-08-16T05:00:00Z,G24,38833,GPS BIIF-3  (PRN 24),-7.3577446790004615,-74.01028953999958,61.36907118199997,96.42521590485192
2026-08-16T05:00:00Z,G27,39166,GPS BIIF-4  (PRN 27),16.878489720998914,25.70452910700078,-46.137213697000334,55.445908050975156
2026-08-16T05:00:00Z,G30,39533,GPS BIIF-5  (PRN 30),16.844225526999253,-31.012765385999955,-44.58552257200063,56.86289100555711
2026-08-16T05:00:00Z,G06,39741,GPS BIIF-6  (PRN 06),16.632108148000043,-40.42126061799718,28.42973921199882,52.14168584786152
2026-08-16T05:00:00Z,G09,40105,GPS BIIF-7  (PRN 09),33.30600281299985,28.854504401999293,-34.94869175799977,56.243073380285956
2026-08-16T05:00:00Z,G03,40294,GPS BIIF-8  (PRN 03),28.89478136999969,-0.825879095998971,52.62083632100075,60.03784541289637
2026-08-16T05:00:00Z,G26,40534,GPS BIIF-9  (PRN 26),-32.624759352002,14.131319952999547,-35.16353639499903,50.005433886653826
2026-08-16T05:00:00Z,G08,40730,GPS BIIF-10 (PRN 08),29.866742053000053,33.26399656000012,-22.065770659999544,49.85392645342831
2026-08-16T05:00:00Z,G10,41019,GPS BIIF-11 (PRN 10),-48.37844241300081,10.473827615000118,17.495719799000653,52.50023777567029
2026-08-16T05:00:00Z,G32,41328,GPS BIIF-12 (PRN 32),-7.786630923001212,-2.1977712389998487,56.18357577000006,56.763157116683985
2026-08-16T05:00:00Z,G04,43873,GPS BIII-1  (PRN 04),32.869534843999645,38.28675906799981,-8.101929090997146,51.106980890945984
2026-08-16T05:00:00Z,G18,44506,GPS BIII-2  (PRN 18),-8.940381751000132,9.424627170003077,-57.11818630900052,58.576797713573164
2026-08-16T05:00:00Z,G23,45854,GPS BIII-3  (PRN 23),-49.33736600400016,10.316016168000715,-12.678083892998984,51.97431755193177
2026-08-16T05:00:00Z,G14,46826,GPS BIII-4  (PRN 14),47.247325459999956,-10.17311395499928,8.996145820998208,49.16027512430361
2026-08-16T05:00:00Z,G11,48859,GPS BIII-5  (PRN 11),17.35171610799989,-46.942716505000135,-2.5306227849978313,50.110924322360944
2026-08-16T05:00:00Z,G28,55268,GPS BIII-6  (PRN 28),-14.356740817000173,37.78412720199776,34.013138417001755,52.82660182405628
2026-08-16T05:00:00Z,G01,62339,GPS BIII-7  (PRN 01),-4.490119993999542,24.505830382000568,50.51661241900001,56.32605995951929
2026-08-16T05:00:00Z,G21,64202,GPS BIII-8  (PRN 21),25.25406616300097,-9.810623009999745,-48.2150221360007,55.30555615111925
2026-08-16T05:00:00Z,G20,67588,GPS BIII-9  (PRN 20),-22.847455078001076,-29.315805963999992,-38.47165567900083,53.492905824452755
2026-08-16T05:00:00Z,G13,68791,GPS BIII-10 (PRN 13),-13.453894491998653,4.929238954000539,43.94651534100012,46.223380277563294
2026-08-16T05:15:00Z,G22,26407,GPS BIIR-5  (PRN 22),45.701499224000145,-10.808120023999436,20.550489714998548,51.261731508999226
2026-08-16T05:15:00Z,G16,27663,GPS BIIR-8  (PRN 16),-19.130568182001298,7.0782348119998915,-49.724965006000275,53.746183044640105
2026-08-16T05:15:00Z,G19,28190,GPS BIIR-11 (PRN 19),1.6640547509996395,-5.444178024001303,56.25006204700003,56.53740030159413
2026-08-16T05:15:00Z,G02,28474,GPS BIIR-13 (PRN 02),-3.8521926249995886,47.54913561399917,27.39615706600307,55.01189969128221
2026-08-16T05:15:00Z,G17,28874,GPS BIIRM-1 (PRN 17),18.20327458599968,13.611560893001297,49.15362510900013,54.15452572918825
2026-08-16T05:15:00Z,G31,29486,GPS BIIRM-2 (PRN 31),-14.089060368998616,44.40557830800026,16.089872090000426,49.28733093627413
2026-08-16T05:15:00Z,G12,29601,GPS BIIRM-3 (PRN 12),-20.39237511600004,-2.8660097620013403,55.78408794900042,59.4636648982331
2026-08-16T05:15:00Z,G15,32260,GPS BIIRM-4 (PRN 15),-35.01492213399979,-27.56233261999978,-27.80560839499958,52.52503031623726
2026-08-16T05:15:00Z,G29,32384,GPS BIIRM-5 (PRN 29),-35.13214462399992,-34.74439875199823,-25.129237467001076,55.43391927504706
2026-08-16T05:15:00Z,G07,32711,GPS BIIRM-6 (PRN 07),7.6345277739992525,2.0759698459987703,-59.59399203399994,60.11688241818525
2026-08-16T05:15:00Z,G05,35752,GPS BIIRM-8 (PRN 05),7.63294526000027,-6.806571558000542,-56.633436789999905,57.5494346832639
2026-08-16T05:15:00Z,G25,36585,GPS BIIF-1  (PRN 25),-39.417189259000224,6.722441470999911,38.469695472998865,55.4871471441462
2026-08-16T05:15:00Z,G24,38833,GPS BIIF-3  (PRN 24),-7.627092560000165,-80.86132751199875,51.64802417000101,96.25094923472986
2026-08-16T05:15:00Z,G27,39166,GPS BIIF-4  (PRN 27),14.152514557998074,20.983158078000997,-50.19083146699995,56.211263591824
2026-08-16T05:15:00Z,G30,39533,GPS BIIF-5  (PRN 30),14.228753368999605,-26.609010120002495,-49.38209612399987,57.87130774055634
2026-08-16T05:15:00Z,G06,39741,GPS BIIF-6  (PRN 06),13.358675063999726,-37.89743475499927,34.8043348459978,53.1602434583147
2026-08-16T05:15:00Z,G09,40105,GPS BIIF-7  (PRN 09),37.305265348,29.698669113000506,-28.193897506000212,55.39485198416026
2026-08-16T05:15:00Z,G03,40294,GPS BIIF-8  (PRN 03),22.739389147998736,-0.7409360050005489,56.40151193800011,60.817426399675924
2026-08-16T05:15:00Z,G26,40534,GPS BIIF-9  (PRN 26),-35.28456137900139,17.048254623000503,-29.584646023999085,49.10086086581883
2026-08-16T05:15:00Z,G08,40730,GPS BIIF-10 (PRN 08),29.28130505900117,29.763381503999994,-28.558232924999174,50.58484330616675
2026-08-16T05:15:00Z,G10,41019,GPS BIIF-11 (PRN 10),-49.360750596999424,13.57845152399932,10.025556421001966,52.16675020393231
2026-08-16T05:15:00Z,G32,41328,GPS BIIF-12 (PRN 32),-12.3488232159998,-6.1012764900006005,54.59784508499979,56.30846914588502
2026-08-16T05:15:00Z,G04,43873,GPS BIII-1  (PRN 04),35.158873743001095,36.85354286000074,-0.46664889299790957,50.93670371548929
2026-08-16T05:15:00Z,G18,44506,GPS BIII-2  (PRN 18),-6.642519473999528,3.5125328739995894,-58.393556918000286,58.87502392092193
2026-08-16T05:15:00Z,G23,45854,GPS BIII-3  (PRN 23),-47.0098942249997,12.519522525999491,-20.124809872002515,52.64671472854615
2026-08-16T05:15:00Z,G14,46826,GPS BIII-4  (PRN 14),47.33495132200005,-12.669580113999473,1.7030967760001658,49.03077008929788
2026-08-16T05:15:00Z,G11,48859,GPS BIII-5  (PRN 11),14.851014730000315,-47.65682920499967,5.028789250001864,50.16985877701999
2026-08-16T05:15:00Z,G28,55268,GPS BIII-6  (PRN 28),-11.409326967000197,34.416416828000365,39.76037856599942,53.81031678804884
2026-08-16T05:15:00Z,G01,62339,GPS BIII-7  (PRN 01),-5.048964138999509,29.884982719999243,46.35909156600064,55.387449858938155
2026-08-16T05:15:00Z,G21,64202,GPS BIII-8  (PRN 21),29.778950485000678,-12.533040520999748,-43.70248664799874,54.34860012831657
2026-08-16T05:15:00Z,G20,67588,GPS BIII-9  (PRN 20),-20.929753514999902,-24.937493486000676,-43.7215824699997,54.511557831747595
2026-08-16T05:15:00Z,G13,68791,GPS BIII-10 (PRN 13),-8.584482403999573,4.407909585999732,45.7992941779994,46.804896669748736
2026-08-16T05:30:00Z,G22,26407,GPS BIIR-5  (PRN 22),46.89660626099976,-13.512247128999661,13.373490512996796,50.603584356996066
2026-08-16T05:30:00Z,G16,27663,GPS BIIR-8  (PRN 16),-23.902565748998313,9.384837123000125,-46.26123925700085,52.910396660806704
2026-08-16T05:30:00Z,G19,28190,GPS BIIR-11 (PRN 19),5.697800632999133,-0.9106006069996511,56.23600439200004,56.53125078658636
2026-08-16T05:30:00Z,G02,28474,GPS BIIR-13 (PRN 02),-1.9098714170013409,50.186511314999734,20.12207278799906,54.10389394568202
2026-08-16T05:30:00Z,G17,28874,GPS BIIRM-1 (PRN 17),22.607069690999197,16.335217664000083,45.24088041899995,53.14749474086439
2026-08-16T05:30:00Z,G31,29486,GPS BIIRM-2 (PRN 31),-11.314085144000273,43.045857891000196,22.982761479997862,50.091533510807444
2026-08-16T05:30:00Z,G12,29601,GPS BIIRM-3 (PRN 12),-14.212378127002012,-3.5826728850006475,58.17520356100067,59.99317916554905
2026-08-16T05:30:00Z,G15,32260,GPS BIIRM-4 (PRN 15),-33.15831283599982,-23.960498434999863,-34.15076554999905,53.29028038052215
2026-08-16T05:30:00Z,G29,32384,GPS BIIRM-5 (PRN 29),-38.3844695480002,-34.76333653799884,-17.694359837001684,54.72611296060426
2026-08-16T05:30:00Z,G07,32711,GPS BIIRM-6 (PRN 07),6.534339387000728,8.449147670002276,-59.25594914999965,60.210905965957345
2026-08-16T05:30:00Z,G05,35752,GPS BIIRM-8 (PRN 05),13.11473043099977,-9.504454674000044,-54.64813115600009,56.99779865724027
2026-08-16T05:30:00Z,G25,36585,GPS BIIF-1  (PRN 25),-34.74670901600075,6.922495940998488,43.987513222000416,56.48146649080059
2026-08-16T05:30:00Z,G24,38833,GPS BIIF-3  (PRN 24),-8.56034430299951,-86.56018831300025,40.926556467999035,96.12974939994525
2026-08-16T05:30:00Z,G27,39166,GPS BIIF-4  (PRN 27),10.66644941299819,16.41703932099881,-53.37270860599983,56.85013937615491
2026-08-16T05:30:00Z,G30,39533,GPS BIIF-5  (PRN 30),12.057802031999927,-21.507679124999413,-53.34334818299976,58.766347908982574
2026-08-16T05:30:00Z,G06,39741,GPS BIIF-6  (PRN 06),10.304737600000408,-34.45036190799874,40.58170651799992,54.22075208358908
2026-08-16T05:30:00Z,G09,40105,GPS BIIF-7  (PRN 09),40.87919105999981,29.66125234699939,-20.95960928799832,54.6827520706291
2026-08-16T05:30:00Z,G03,40294,GPS BIIF-8  (PRN 03),16.337761816001148,0.18889348000084283,59.22241961200052,61.43495036705927
2026-08-16T05:30:00Z,G26,40534,GPS BIIF-9  (PRN 26),-37.130250637001154,20.048562119000053,-23.502270524000778,48.30069435514612
2026-08-16T05:30:00Z,G08,40730,GPS BIIF-10 (PRN 08),27.86430154000118,26.009103751999987,-34.53702474399688,51.43635734052194
2026-08-16T05:30:00Z,G10,41019,GPS BIIF-11 (PRN 10),-49.338512540999545,16.56317867799953,2.3600270460010506,52.09795999207228
2026-08-16T05:30:00Z,G32,41328,GPS BIIF-12 (PRN 32),-17.20729930500056,-9.289716605002468,52.09352749299978,55.642839527086096
2026-08-16T05:30:00Z,G04,43873,GPS BIII-1  (PRN 04),36.7585933270002,34.684238660998744,7.17088418700223,51.04519737346798
2026-08-16T05:30:00Z,G18,44506,GPS BIII-2  (PRN 18),-5.05070631199942,-2.707147294000606,-58.64506936700002,58.924379010573624
2026-08-16T05:30:00Z,G23,45854,GPS BIII-3  (PRN 23),-43.81418454300001,14.180953124001462,-27.24895750200085,53.50969896774823
2026-08-16T05:30:00Z,G14,46826,GPS BIII-4  (PRN 14),46.507569433999834,-14.944503822000115,-5.635489268999663,49.17368146117496
2026-08-16T05:30:00Z,G11,48859,GPS BIII-5  (PRN 11),12.124884189001023,-47.408895557000506,12.49811658100225,50.50563446392484
2026-08-16T05:30:00Z,G28,55268,GPS BIII-6  (PRN 28),-8.80818425399957,30.240396001998306,44.81876595199901,54.77944360497053
2026-08-16T05:30:00Z,G01,62339,GPS BIII-7  (PRN 01),-4.852506794999499,34.89184244799981,41.40724556200075,54.36494713179981
2026-08-16T05:30:00Z,G21,64202,GPS BIII-8  (PRN 21),33.53701174299931,-15.639682547999655,-38.44096510499912,53.35764823393211
2026-08-16T05:30:00Z,G20,67588,GPS BIII-9  (PRN 20),-18.156411865002156,-20.544132170999546,-48.22784919699916,55.476500400075544
2026-08-16T05:30:00Z,G13,68791,GPS BIII-10 (PRN 13),-3.7278995090018725,3.1941588720001164,46.86412087400004,47.12054446779748
2026-08-16T05:45:00Z,G22,26407,GPS BIIR-5  (PRN 22),47.14066540099975,-16.157653968000886,5.996302676998312,50.19230779704044
2026-08-16T05:45:00Z,G16,27663,GPS BIIR-8  (PRN 16),-28.041248910998547,12.165612025000428,-42.0385417890011,51.97646344430336
2026-08-16T05:45:00Z,G19,28190,GPS BIIR-11 (PRN 19),10.220326776998263,3.0717139770022186,55.2868363689995,56.30741320534681
2026-08-16T05:45:00Z,G02,28474,GPS BIIR-13 (PRN 02),0.3805173159998958,51.89765918400008,12.560283167000307,53.39730831644639
2026-08-16T05:45:00Z,G17,28874,GPS BIIRM-1 (PRN 17),27.006631418000325,18.232447424001293,40.57658726400041,52.04075050967015
2026-08-16T05:45:00Z,G31,29486,GPS BIIRM-2 (PRN 31),-8.648557966000226,40.7692855639998,29.510549609996815,51.06666954652821
2026-08-16T05:45:00Z,G12,29601,GPS BIIRM-3 (PRN 12),-7.977329397999711,-5.07912031700107,59.5761130789997,60.32203989522007
2026-08-16T05:45:00Z,G15,32260,GPS BIIRM-4 (PRN 15),-30.40748044599968,-20.331688418000113,-39.85527826300131,54.09653987476239
2026-08-16T05:45:00Z,G29,32384,GPS BIIRM-5 (PRN 29),-41.08957258800001,-33.92922064099912,-9.970671246002894,54.212169057011465
2026-08-16T05:45:00Z,G07,32711,GPS BIIRM-6 (PRN 07),6.1703370690001975,14.877081888000248,-57.85887860300045,60.05872508007547
2026-08-16T05:45:00Z,G05,35752,GPS BIIRM-8 (PRN 05),18.01433083399752,-12.759265124000194,-51.73677457500162,56.24952271198197
2026-08-16T05:45:00Z,G25,36585,GPS BIIF-1  (PRN 25),-29.63656603600066,6.369418079997558,48.774907326000175,57.42723324124133
2026-08-16T05:45:00Z,G24,38833,GPS BIIF-3  (PRN 24),-9.98615087700091,-90.93904329199904,29.39899373099979,96.09335896198897
2026-08-16T05:45:00Z,G27,39166,GPS BIIF-4  (PRN 27),6.495772256999771,12.161380290001034,-55.637569763999636,57.320444843151385
2026-08-16T05:45:00Z,G30,39533,GPS BIIF-5  (PRN 30),10.441096644000027,-15.839097099000355,-56.393464284999936,59.49887654489346
2026-08-16T05:45:00Z,G06,39741,GPS BIIF-6  (PRN 06),7.624648005999916,-30.165300821998244,45.657902082000874,55.25146743233727
2026-08-16T05:45:00Z,G09,40105,GPS BIIF-7  (PRN 09),43.87171037899998,28.810650466999505,-13.369079385996884,54.161913145120344
2026-08-16T05:45:00Z,G03,40294,GPS BIIF-8  (PRN 03),9.881497369999124,1.9722813900007168,61.03066118100014,61.85689523686652
2026-08-16T05:45:00Z,G26,40534,GPS BIIF-9  (PRN 26),-38.138047823000306,22.98376998599997,-17.013027547000092,47.66767752716505
2026-08-16T05:45:00Z,G08,40730,GPS BIIF-10 (PRN 08),25.61423819099946,22.16282959199998,-39.90510861899929,52.34212364361439
2026-08-16T05:45:00Z,G10,41019,GPS BIIF-11 (PRN 10),-48.33441943300022,19.25656269299907,-5.376434863002942,52.30618854887733
2026-08-16T05:45:00Z,G32,41328,GPS BIIF-12 (PRN 32),-22.204680648999783,-11.696328299996821,48.71699394299867,54.80143645259256
2026-08-16T05:45:00Z,G04,43873,GPS BIII-1  (PRN 04),37.56097160399986,31.90620538300027,14.679411152999819,51.42292914233391
2026-08-16T05:45:00Z,G18,44506,GPS BIII-2  (PRN 18),-4.215133161000267,-9.05321494799864,-57.86742760399966,58.72279988184974
2026-08-16T05:45:00Z,G23,45854,GPS BIII-3  (PRN 23),-39.866753385000266,15.171497025999997,-33.92449277199921,54.50140876443272
2026-08-16T05:45:00Z,G14,46826,GPS BIII-4  (PRN 14),44.81038972800002,-16.84947508500045,-12.894872230997862,49.57976974602706
2026-08-16T05:45:00Z,G11,48859,GPS BIII-5  (PRN 11),9.335972457000025,-46.18358966699998,19.748226382998837,51.088910553288
2026-08-16T05:45:00Z,G28,55268,GPS BIII-6  (PRN 28),-6.685846760999993,25.364598308002314,49.1008779849999,55.66829989442587
2026-08-16T05:45:00Z,G01,62339,GPS BIII-7  (PRN 01),-3.963003449000098,39.36764272000073,35.747930408000684,53.323833490491594
2026-08-16T05:45:00Z,G21,64202,GPS BIII-8  (PRN 21),36.43897187699986,-18.983419257000605,-32.520256148000044,52.39977040094148
2026-08-16T05:45:00Z,G20,67588,GPS BIII-9  (PRN 20),-14.569966670002032,-16.300589588001458,-51.91216803199859,56.328201990334186
2026-08-16T05:45:00Z,G13,68791,GPS BIII-10 (PRN 13),0.9636675649999233,1.3148257579996425,47.123851296,47.15203901123739
2026-08-16T06:00:00Z,G22,26407,GPS BIIR-5  (PRN 22),46.45458637899992,-18.586558752998826,-1.4603686699992977,50.05618282065621
2026-08-16T06:00:00Z,G16,27663,GPS BIIR-8  (PRN 16),-31.448364403000596,15.296691939000084,-37.124680253000406,51.002257712655265
2026-08-16T06:00:00Z,G19,28190,GPS BIIR-11 (PRN 19),15.100817561997246,6.402749675999075,53.41613930099993,55.877668457784274
2026-08-16T06:00:00Z,G02,28474,GPS BIIR-13 (PRN 02),2.862959377000152,52.63725183299994,4.837464326999907,52.936545769817705
2026-08-16T06:00:00Z,G17,28874,GPS BIIRM-1 (PRN 17),31.241637394999998,19.294790291001846,35.24641933100065,50.89831937452491
2026-08-16T06:00:00Z,G31,29486,GPS BIIRM-2 (PRN 31),-6.243007798999315,37.62223341199933,35.560165431001224,52.14338844729502
2026-08-16T06:00:00Z,G12,29601,GPS BIIRM-3 (PRN 12),-1.8666398329987715,-7.331958861001112,59.95793864199999,60.43340443168319
2026-08-16T06:00:00Z,G15,32260,GPS BIIRM-4 (PRN 15),-26.81707762899896,-16.842302821000033,-44.820479333999174,54.878904732178
2026-08-16T06:00:00Z,G29,32384,GPS BIIRM-5 (PRN 29),-43.10928927700115,-32.33545937499912,-2.092764483000792,53.92932799638518
2026-08-16T06:00:00Z,G07,32711,GPS BIIRM-6 (PRN 07),6.542252628999449,21.167075608998857,-55.414419748,59.679176228448874
2026-08-16T06:00:00Z,G05,35752,GPS BIIRM-8 (PRN 05),22.206179594002606,-16.445727501999954,-47.95308868199936,55.34505469664684
2026-08-16T06:00:00Z,G25,36585,GPS BIIF-1  (PRN 25),-24.24965633299871,5.021858923999389,52.74367600000005,58.26800371828503
2026-08-16T06:00:00Z,G24,38833,GPS BIIF-3  (PRN 24),-11.70748518399887,-93.8745460759992,17.277584413001023,96.1665770081104
2026-08-16T06:00:00Z,G27,39166,GPS BIIF-4  (PRN 27),1.742435497999395,8.3542976610006,-56.95579014499981,57.59160009857814
2026-08-16T06:00:00Z,G30,39533,GPS BIIF-5  (PRN 30),9.462967364000178,-9.755640987001243,-58.47212028300055,60.03090148239551
2026-08-16T06:00:00Z,G06,39741,GPS BIIF-6  (PRN 06),5.454863435999869,-25.158666605999315,49.9415433209997,56.18604621950652
2026-08-16T06:00:00Z,G09,40105,GPS BIIF-7  (PRN 09),46.144983385999694,27.244792566001706,-5.551045805998001,53.87441250908392
2026-08-16T06:00:00Z,G03,40294,GPS BIIF-8  (PRN 03),3.562602741003502,4.581351089000236,61.79014460899998,62.06208896655041
2026-08-16T06:00:00Z,G26,40534,GPS BIIF-9  (PRN 26),-38.31274964600016,25.704240756998843,-10.220786485002463,47.2550447540033
2026-08-16T06:00:00Z,G08,40730,GPS BIIF-10 (PRN 08),22.560359067003446,18.384494278000147,-44.577108840998335,53.236059806414644
2026-08-16T06:00:00Z,G10,41019,GPS BIIF-11 (PRN 10),-46.4043614159998,21.49552872300046,-13.056361725000897,52.78154123367503
2026-08-16T06:00:00Z,G32,41328,GPS BIIF-12 (PRN 32),-27.17572560500048,-13.285826406001433,44.528199041000335,53.831159705914075
2026-08-16T06:00:00Z,G04,43873,GPS BIII-1  (PRN 04),37.48659807700096,28.666775443000006,21.930546547999256,52.03823518894509
2026-08-16T06:00:00Z,G18,44506,GPS BIII-2  (PRN 18),-4.151907319000202,-15.338503885999671,-56.0744054730003,58.28247579673362
2026-08-16T06:00:00Z,G23,45854,GPS BIII-3  (PRN 23),-35.31010479500037,15.388326010001038,-40.03190939599881,55.55319835899136
2026-08-16T06:00:00Z,G14,46826,GPS BIII-4  (PRN 14),42.31846838299998,-18.248713742999826,-19.95022735100065,50.21832226303
2026-08-16T06:00:00Z,G11,48859,GPS BIII-5  (PRN 11),6.6473684619995765,-43.99984913600019,26.653851491999376,51.871013396866665
2026-08-16T06:00:00Z,G28,55268,GPS BIII-6  (PRN 28),-5.152795945000435,19.92276414600201,52.53285505799977,56.41957725659461
2026-08-16T06:00:00Z,G01,62339,GPS BIII-7  (PRN 01),-2.4716035419987747,43.1708670349999,29.47969544499938,52.33435800840954
2026-08-16T06:00:00Z,G21,64202,GPS BIII-8  (PRN 21),38.42651899300108,-22.404266454000208,-26.041470249998383,51.543250674000596
2026-08-16T06:00:00Z,G20,67588,GPS BIII-9  (PRN 20),-10.244813132998388,-12.362253678998968,-54.709713201999875,57.016964412348884
2026-08-16T06:00:00Z,G13,68791,GPS BIII-10 (PRN 13),5.345869494998624,-1.1752549590000854,46.57507630700002,46.8955997709709
2026-08-16T06:15:00Z,G22,26407,GPS BIIR-5  (PRN 22),44.89015578699991,-20.648530234000646,-8.875788810000813,50.20226602858975
2026-08-16T06:15:00Z,G16,27663,GPS BIIR-8  (PRN 16),-34.05091962499864,18.638436809000268,-31.59712366399981,50.05231940509161
2026-08-16T06:15:00Z,G19,28190,GPS BIIR-11 (PRN 19),20.192059154000162,9.008254031999968,50.65113236600155,55.2666726295504
2026-08-16T06:15:00Z,G02,28474,GPS BIIR-13 (PRN 02),5.375435018999269,52.39217345499999,-2.9202701120011625,52.74811009419519
2026-08-16T06:15:00Z,G17,28874,GPS BIIRM-1 (PRN 17),35.15597321699988,19.54581850300019,29.345184174999304,49.79077533089103
2026-08-16T06:15:00Z,G31,29486,GPS BIIRM-2 (PRN 31),-4.236840804000167,33.6819612060026,41.02463235400137,53.24890412451772
2026-08-16T06:15:00Z,G12,29601,GPS BIIRM-3 (PRN 12),3.946068760000344,-10.284609111999089,59.30882315300005,60.32313939972869
2026-08-16T06:15:00Z,G15,32260,GPS BIIRM-4 (PRN 15),-22.473414950996812,-13.647413283000049,-48.96403320100035,55.57681905421862
2026-08-16T06:15:00Z,G29,32384,GPS BIIRM-5 (PRN 29),-44.32867295300093,-30.102162307999606,5.803129120002268,53.896639310579346
2026-08-16T06:15:00Z,G07,32711,GPS BIIRM-6 (PRN 07),7.615190777999487,27.127935493001132,-51.95596096600093,59.104465944616834
2026-08-16T06:15:00Z,G05,35752,GPS BIIRM-8 (PRN 05),25.59222005400079,-20.41882551000026,-43.36464639699989,54.335832740808094
2026-08-16T06:15:00Z,G25,36585,GPS BIIF-1  (PRN 25),-18.757347777998802,2.8709836899979564,55.81847130699953,58.95576631732778
2026-08-16T06:15:00Z,G24,38833,GPS BIIF-3  (PRN 24),-13.510667163998733,-95.29317236900033,4.787761888001114,96.36518817114694
2026-08-16T06:15:00Z,G27,39166,GPS BIIF-4  (PRN 27),-3.469152444999054,5.112278972999775,-57.31330531699996,57.64534136722649
2026-08-16T06:15:00Z,G30,39533,GPS BIIF-5  (PRN 30),9.17882087099997,-3.426147530997696,-59.536091080999995,60.33684927713075
2026-08-16T06:15:00Z,G06,39741,GPS BIIF-6  (PRN 06),3.908511429999635,-19.573674913001014,53.35574272700069,56.96701232422296
2026-08-16T06:15:00Z,G09,40105,GPS BIIF-7  (PRN 09),47.58475677500064,25.087142630000017,2.3623556429993187,53.844726082114526
2026-08-16T06:15:00Z,G03,40294,GPS BIIF-8  (PRN 03),-2.433574310001859,7.952485967998655,61.48247894499991,62.04240109969853
2026-08-16T06:15:00Z,G26,40534,GPS BIIF-9  (PRN 26),-37.68775065199952,28.064892929000052,-3.235441869997885,47.100667175929296
2026-08-16T06:15:00Z,G08,40730,GPS BIIF-10 (PRN 08),18.761376946000382,14.826496743999996,-48.4802639669997,54.05691690172245
2026-08-16T06:15:00Z,G10,41019,GPS BIIF-11 (PRN 10),-43.63586413500002,23.131758228000763,-20.551076357001875,53.49311747279442
2026-08-16T06:15:00Z,G32,41328,GPS BIIF-12 (PRN 32),-31.95356046300003,-14.055151921998913,39.59953993399904,52.78921182208968
2026-08-16T06:15:00Z,G04,43873,GPS BIII-1  (PRN 04),36.487547296997946,25.127486395000233,28.800897143999464,52.84149275503882
2026-08-16T06:15:00Z,G18,44506,GPS BIII-2  (PRN 18),-4.842670515999998,-21.377224904001196,-53.29850324099971,57.629572704069574
2026-08-16T06:15:00Z,G23,45854,GPS BIII-3  (PRN 23),-30.307537287999367,14.759051763998286,-45.460660766999354,56.59547775934087
2026-08-16T06:15:00Z,G14,46826,GPS BIII-4  (PRN 14),39.13421709400018,-19.024649082002725,-26.678840246997424,51.04101034637238
2026-08-16T06:15:00Z,G11,48859,GPS BIII-5  (PRN 11),4.216178156000751,-40.9103740999999,33.09580797699891,52.78984156914534
2026-08-16T06:15:00Z,G28,55268,GPS BIII-6  (PRN 28),-4.293285375999403,14.068871270999807,55.0557453069996,56.98684523176329
2026-08-16T06:15:00Z,G01,62339,GPS BIII-7  (PRN 01),-0.49438764000115043,46.18259637399933,22.71104247599942,51.46715532578979
2026-08-16T06:15:00Z,G21,64202,GPS BIII-8  (PRN 21),39.47440804099824,-25.735819824999453,-19.11541201399814,50.85233808505727
2026-08-16T06:15:00Z,G20,67588,GPS BIII-9  (PRN 20),-5.284654950002732,-8.869310387999576,-56.57035465399986,57.504758675944274
2026-08-16T06:15:00Z,G13,68791,GPS BIII-10 (PRN 13),9.287471522002306,-4.1954898969997885,45.228050357999564,46.36200817408124
2026-08-16T06:30:00Z,G22,26407,GPS BIIR-5  (PRN 22),42.52764163099994,-22.205980689999706,-16.130809066002257,50.615302846305475
2026-08-16T06:30:00Z,G16,27663,GPS BIIR-8  (PRN 16),-35.80344260199854,22.04001695399984,-25.542180194999673,49.19402218360517
2026-08-16T06:30:00Z,G19,28190,GPS BIIR-11 (PRN 19),25.335119021998253,10.842631387000438,47.032520130000194,54.511364512659725
2026-08-16T06:30:00Z,G02,28474,GPS BIIR-13 (PRN 02),7.756039050000254,51.1811128129998,-10.588982488996407,52.83738260620424
2026-08-16T06:30:00Z,G17,28874,GPS BIIRM-1 (PRN 17),38.60308630899999,19.039639007001824,22.975010846999794,48.790954587062615
2026-08-16T06:30:00Z,G31,29486,GPS BIIRM-2 (PRN 31),-2.752368800000113,29.05408444799832,45.80514581399984,54.31230744651178
2026-08-16T06:30:00Z,G12,29601,GPS BIIRM-3 (PRN 12),9.299620532998233,-13.848599524999372,57.63442026800021,59.99994208738912
2026-08-16T06:30:00Z,G15,32260,GPS BIIRM-4 (PRN 15),-17.490605133996723,-10.884146707000014,-52.221049862000655,56.13754506729387
2026-08-16T06:30:00Z,G29,32384,GPS BIIRM-5 (PRN 29),-44.660218594999606,-27.370958101000724,13.581512888998986,54.11249360983036
2026-08-16T06:30:00Z,G07,32711,GPS BIIRM-6 (PRN 07),9.320121241000379,32.57778947100087,-47.538729783000235,58.379001842656706
2026-08-16T06:30:00Z,G05,35752,GPS BIIRM-8 (PRN 05),28.105168548998336,-24.518988343000046,-38.051588467998954,53.28231107478098
2026-08-16T06:30:00Z,G25,36585,GPS BIIF-1  (PRN 25),-13.332704943997669,-0.05818684499899973,57.93852544800029,59.45281438183737
2026-08-16T06:30:00Z,G24,38833,GPS BIIF-3  (PRN 24),-15.175052056998538,-95.17397491700001,-7.837000719999196,96.6942929376891
2026-08-16T06:30:00Z,G27,39166,GPS BIIF-4  (PRN 27),-8.996527850002167,2.5259411269998964,-56.711327039000025,57.47601679359269
2026-08-16T06:30:00Z,G30,39533,GPS BIIF-5  (PRN 30),9.612075869999899,2.9705003589988337,-59.560508145000085,60.40422175149737
2026-08-16T06:30:00Z,G06,39741,GPS BIIF-6  (PRN 06),3.070298454999829,-13.574726767001266,55.839698716000385,57.54799642120662
2026-08-16T06:30:00Z,G09,40105,GPS BIIF-7  (PRN 09),48.10447682999984,22.48162319599942,10.237707119998959,54.07656349741326
2026-08-16T06:30:00Z,G03,40294,GPS BIIF-8  (PRN 03),-7.935560195997823,11.987926846999471,60.10759810299987,61.80296801469222
2026-08-16T06:30:00Z,G26,40534,GPS BIIF-9  (PRN 26),-36.32380670800012,29.930534644001455,3.828484290999768,47.22195601415043
2026-08-16T06:30:00Z,G08,40730,GPS BIIF-10 (PRN 08),14.303245601000526,11.627718366000408,-51.55515094899965,54.7514406979004
2026-08-16T06:30:00Z,G10,41019,GPS BIIF-11 (PRN 10),-40.14494201200023,24.037653690997104,-27.732690452998213,54.39234582068497
2026-08-16T06:30:00Z,G32,41328,GPS BIIF-12 (PRN 32),-36.37541492499986,-14.03338453899778,34.0145759549996,51.74068099652073
2026-08-16T06:30:00Z,G04,43873,GPS BIII-1  (PRN 04),34.54920501700326,21.4574129560001,35.174054151000746,53.77064462593671
2026-08-16T06:30:00Z,G18,44506,GPS BIII-2  (PRN 18),-6.235017126000457,-26.9920446670003,-49.59018375400046,56.803452699834985
2026-08-16T06:30:00Z,G23,45854,GPS BIII-3  (PRN 23),-25.03656281700023,13.245278490998317,-50.11148081400097,57.56237824626158
2026-08-16T06:30:00Z,G14,46826,GPS BIII-4  (PRN 14),35.38335259999985,-19.082908225998835,-32.96236264500112,51.98707895927964
2026-08-16T06:30:00Z,G11,48859,GPS BIII-5  (PRN 11),2.186991691000003,-36.99949741299861,38.96312448499884,53.776117478900524
2026-08-16T06:30:00Z,G28,55268,GPS BIII-6  (PRN 28),-4.161564371999702,7.971237967998604,56.62655141699997,57.336075712825874
2026-08-16T06:30:00Z,G01,62339,GPS BIII-7  (PRN 01),1.832216287000847,48.31061747399963,15.558560596000461,50.78721871751679
2026-08-16T06:30:00Z,G21,64202,GPS BIII-8  (PRN 21),39.59116156500022,-28.81151432600018,-11.860781554998539,50.38096437066938
2026-08-16T06:30:00Z,G20,67588,GPS BIII-9  (PRN 20),0.18093884399786475,-5.940930123999351,-57.459677289999945,57.766269603242044
2026-08-16T06:30:00Z,G13,68791,GPS BIII-10 (PRN 13),12.675384849000693,-7.642121119999501,43.106434057001024,45.57666127958032
2026-08-16T06:45:00Z,G22,26407,GPS BIIR-5  (PRN 22),39.47280947099989,-23.139338272001623,-23.109425555001508,51.25989867998311
2026-08-16T06:45:00Z,G16,27663,GPS BIIR-8  (PRN 16),-36.689456000000064,25.344995403000212,-19.054135670001415,48.49273202949966
2026-08-16T06:45:00Z,G19,28190,GPS BIIR-11 (PRN 19),30.365023603000736,11.890426668000146,42.614228734999415,53.659942186296945
2026-08-16T06:45:00Z,G02,28474,GPS BIIR-13 (PRN 02),9.849031797999487,49.053537969999525,-18.048337510001147,53.18830230047867
2026-08-16T06:45:00Z,G17,28874,GPS BIIRM-1 (PRN 17),41.451407212999925,17.858132964000106,16.243572942003084,47.968591128154095
2026-08-16T06:45:00Z,G31,29486,GPS BIIRM-2 (PRN 31),-1.8897813160001533,23.869182864000322,49.813153278000755,55.26897324462421
2026-08-16T06:45:00Z,G12,29601,GPS BIIRM-3 (PRN 12),14.051248605999717,-17.906791391000297,54.958131491999666,59.48518288112038
2026-08-16T06:45:00Z,G15,32260,GPS BIIRM-4 (PRN 15),-12.005682766000973,-8.666608762999886,-54.54467191299955,56.51873813369794
2026-08-16T06:45:00Z,G29,32384,GPS BIIRM-5 (PRN 29),-44.047354979999,-24.29921560799994,21.109913075000804,54.555016175712026
2026-08-16T06:45:00Z,G07,32711,GPS BIIRM-6 (PRN 07),11.556646379000085,37.35189053499926,-42.23918348600091,57.5575227371008
2026-08-16T06:45:00Z,G05,35752,GPS BIIRM-8 (PRN 05),29.71050461699997,-28.57841089699997,-32.105226612999104,52.25117443528489
2026-08-16T06:45:00Z,G25,36585,GPS BIIF-1  (PRN 25),-8.143976956998813,-3.707168056997034,59.05916224099997,59.733174202345076
2026-08-16T06:45:00Z,G24,38833,GPS BIIF-3  (PRN 24),-16.483272037999996,-93.54937408399996,-20.360570191998704,97.14801319188253
2026-08-16T06:45:00Z,G27,39166,GPS BIIF-4  (PRN 27),-14.684446807998029,0.6573954699997557,-55.165899303000515,57.09064365348925
2026-08-16T06:45:00Z,G30,39533,GPS BIIF-5  (PRN 30),10.753073066999832,9.252215215001343,-58.53971738099972,60.23396531705563
2026-08-16T06:45:00Z,G06,39741,GPS BIIF-6  (PRN 06),2.9931979469993166,-7.340963566999562,57.34993344900022,57.895283457693594
2026-08-16T06:45:00Z,G09,40105,GPS BIIF-7  (PRN 09),47.64876629399987,19.58690758299963,17.942397450002318,54.55255726598925
2026-08-16T06:45:00Z,G03,40294,GPS BIIF-8  (PRN 03),-12.792159302000073,16.559357014999478,57.684075536999444,61.36207472793124
2026-08-16T06:45:00Z,G26,40534,GPS BIIF-9  (PRN 26),-34.30704933800007,31.18135576699933,10.853430748000392,47.613522666883135
2026-08-16T06:45:00Z,G08,40730,GPS BIIF-10 (PRN 08),9.29593612700046,8.908724066000104,-53.7561841200004,55.276641758565475
2026-08-16T06:45:00Z,G10,41019,GPS BIIF-11 (PRN 10),-36.072190783000224,24.1117776209976,-34.47625098299977,55.41834217813088
2026-08-16T06:45:00Z,G32,41328,GPS BIIF-12 (PRN 32),-40.288675712999975,-13.280143013998895,27.866672444997675,50.755206849507864
2026-08-16T06:45:00Z,G04,43873,GPS BIII-1  (PRN 04),31.691015768999932,17.826648132000173,40.942444209000314,54.757589445667264
2026-08-16T06:45:00Z,G18,44506,GPS BIII-2  (PRN 18),-8.24499402299989,-32.02094296499854,-45.01673216800009,55.85541056954507
2026-08-16T06:45:00Z,G23,45854,GPS BIII-3  (PRN 23),-19.68212232299993,10.844584924998344,-53.898523431000285,58.395563096652474
2026-08-16T06:45:00Z,G14,46826,GPS BIII-4  (PRN 14),31.21029823200024,-18.356484173000354,-38.68907919999947,52.989509115180915
2026-08-16T06:45:00Z,G11,48859,GPS BIII-5  (PRN 11),0.6861577290001151,-32.38014706099784,44.15503555400028,54.75958273120735
2026-08-16T06:45:00Z,G28,55268,GPS BIII-6  (PRN 28),-4.779913822999333,1.8062130120015354,57.21894261299997,57.44664807758419
2026-08-16T06:45:00Z,G01,62339,GPS BIII-7  (PRN 01),4.3571474040018074,49.4928994790007,8.144977452000603,50.34751721815352
2026-08-16T06:45:00Z,G21,64202,GPS BIII-8  (PRN 21),38.818636772999525,-31.471434572000362,-4.4022073930027545,50.16689331486233
2026-08-16T06:45:00Z,G20,67588,GPS BIII-9  (PRN 20),6.0012430579990905,-3.670859464999012,-57.35976812199988,57.78955897445964
2026-08-16T06:45:00Z,G13,68791,GPS BIII-10 (PRN 13),15.418693717998394,-11.392338327999823,40.246851658001106,44.579485830706965
2026-08-16T07:00:00Z,G22,26407,GPS BIIR-5  (PRN 22),35.85314307699991,-23.35144275899802,-29.70026870500078,52.084966243397304
2026-08-16T07:00:00Z,G16,27663,GPS BIIR-8  (PRN 16),-36.72209000899966,28.397049186000004,-12.234305891000986,48.00606771790164
2026-08-16T07:00:00Z,G19,28190,GPS BIIR-11 (PRN 19),35.11670047900043,12.166829002999293,37.46299407200058,52.77016491691877
2026-08-16T07:00:00Z,G02,28474,GPS BIIR-13 (PRN 02),11.5104084850027,46.087721093000255,-25.18287991500256,53.76564869739081
2026-08-16T07:00:00Z,G17,28874,GPS BIIRM-1 (PRN 17),43.5890699659999,16.107378278999022,9.262380169999233,47.384030452645106
2026-08-16T07:00:00Z,G31,29486,GPS BIIRM-2 (PRN 31),-1.7229560790001415,18.278305134997936,52.97235908499988,56.06367668364629
2026-08-16T07:00:00Z,G12,29601,GPS BIIRM-3 (PRN 12),18.081937487000687,-22.317760832000204,51.32106618200123,58.8123349808143
2026-08-16T07:00:00Z,G15,32260,GPS BIIRM-4 (PRN 15),-6.172926549999829,-7.082021260999909,-55.906172032000086,56.690035443669785
2026-08-16T07:00:00Z,G29,32384,GPS BIIRM-5 (PRN 29),-42.46668569800022,-21.053852940999604,28.2610385400003,55.184874895149996
2026-08-16T07:00:00Z,G07,32711,GPS BIIRM-6 (PRN 07),14.197279580999748,41.309899445001065,-36.15368805699836,56.70237825506015
2026-08-16T07:00:00Z,G05,35752,GPS BIIRM-8 (PRN 05),30.40731490300095,-32.42757110399998,-25.626559017000545,51.31152594073821
2026-08-16T07:00:00Z,G25,36585,GPS BIIF-1  (PRN 25),-3.3481730980020075,-7.9858090939997055,59.15305152500002,59.78350035502522
2026-08-16T07:00:00Z,G24,38833,GPS BIIF-3  (PRN 24),-17.231161168001563,-90.50359493199994,-32.54957463100072,97.71022679060906
2026-08-16T07:00:00Z,G27,39166,GPS BIIF-4  (PRN 27),-20.370532652999827,-0.46134619299846236,-52.707304708001175,56.50868438088795
2026-08-16T07:00:00Z,G30,39533,GPS BIIF-5  (PRN 30),12.559392908000063,15.240880150999146,-56.48767544600014,59.84045667679425
2026-08-16T07:00:00Z,G06,39741,GPS BIIF-6  (PRN 06),3.696514565999678,-1.0593203130010806,57.861075826000004,57.988709894291546
2026-08-16T07:00:00Z,G09,40105,GPS BIIF-7  (PRN 09),46.195715964000556,16.570301829000528,25.34669638199921,55.23652861659615
2026-08-16T07:00:00Z,G03,40294,GPS BIIF-8  (PRN 03),-16.87816117699913,21.512750437999784,54.24913011700119,60.75062859407914
2026-08-16T07:00:00Z,G26,40534,GPS BIIF-9  (PRN 26),-31.74610813000072,31.717878438001208,17.720554749001167,48.24787305801021
2026-08-16T07:00:00Z,G08,40730,GPS BIIF-10 (PRN 08),3.869395998000982,6.767784283000765,-55.051930470000116,55.60117065282264
2026-08-16T07:00:00Z,G10,41019,GPS BIIF-11 (PRN 10),-31.577929136999956,23.283323605999612,-40.662017509999714,56.50379133037546
2026-08-16T07:00:00Z,G32,41328,GPS BIIF-12 (PRN 32),-43.556506031000026,-11.882992358001502,21.25755571600166,49.90248891616308
2026-08-16T07:00:00Z,G04,43873,GPS BIII-1  (PRN 04),27.965883369997755,14.399903613999868,46.00901462799993,55.73398679258748
2026-08-16T07:00:00Z,G18,44506,GPS BIII-2  (PRN 18),-10.760838990000593,-36.3233966120024,-39.66078283999923,54.84671815781799
2026-08-16T07:00:00Z,G23,45854,GPS BIII-3  (PRN 23),-14.429449586999908,7.59097006400043,-56.75124815399977,59.046896691809174
2026-08-16T07:00:00Z,G14,46826,GPS BIII-4  (PRN 14),26.772824911000498,-16.80876402099966,-43.75611128800119,53.98070003877948
2026-08-16T07:00:00Z,G11,48859,GPS BIII-5  (PRN 11),-0.18308759200044733,-27.189668259001337,48.582776384999306,55.6740311310016
2026-08-16T07:00:00Z,G28,55268,GPS BIII-6  (PRN 28),-6.137980299000446,-4.248434914999962,56.82363804800025,57.31186476104271
2026-08-16T07:00:00Z,G01,62339,GPS BIII-7  (PRN 01),6.920840598999348,49.69994455400001,0.5971355670008052,50.18305584709654
2026-08-16T07:00:00Z,G21,64202,GPS BIII-8  (PRN 21),37.23039822700048,-33.56878133200007,3.1318667699997604,50.22722590111568
2026-08-16T07:00:00Z,G20,67588,GPS BIII-9  (PRN 20),12.009965711000405,-2.1239893839992874,-56.269718200999705,57.57631278314603
2026-08-16T07:00:00Z,G13,68791,GPS BIII-10 (PRN 13),17.451849062999827,-15.309102989999701,36.69828489499923,43.42464489561975
2026-08-16T07:15:00Z,G22,26407,GPS BIIR-5  (PRN 22),31.812888749000194,-22.771198041002208,-35.798020400001406,53.029101589011695
2026-08-16T07:15:00Z,G16,27663,GPS BIIR-8  (PRN 16),-35.9435594960014,31.045353987001363,-5.189987840003596,47.77749938203337
2026-08-16T07:15:00Z,G19,28190,GPS BIIR-11 (PRN 19),39.4305560089997,11.717484731001605,31.65780028199879,51.906497804177086
2026-08-16T07:15:00Z,G02,28474,GPS BIIR-13 (PRN 02),12.613098303998413,42.38748924199899,-31.883180550998077,54.51904891975327
2026-08-16T07:15:00Z,G17,28874,GPS BIIRM-1 (PRN 17),44.92744093200008,13.913333394999427,2.145155276000878,47.081392141874026
2026-08-16T07:15:00Z,G31,29486,GPS BIIRM-2 (PRN 31),-2.295648589999473,12.447291837001103,55.22058618099982,56.6526099548597
2026-08-16T07:15:00Z,G12,29601,GPS BIIRM-3 (PRN 12),21.301147903999663,-26.920632543000465,46.78170238100029,58.02574459847812
2026-08-16T07:15:00Z,G15,32260,GPS BIIRM-4 (PRN 15),-0.1577212390002387,-6.187433829999918,-56.29462379200004,56.63385808218151
2026-08-16T07:15:00Z,G29,32384,GPS BIIRM-5 (PRN 29),-39.928738375998364,-17.804475530000673,34.914795602002414,55.94949909630044
2026-08-16T07:15:00Z,G07,32711,GPS BIIRM-6 (PRN 07),17.092605922000075,44.34190904500065,-29.396511844999623,55.87948625043993
2026-08-16T07:15:00Z,G05,35752,GPS BIIRM-8 (PRN 05),30.227951978999045,-35.90129871099998,-18.724698075999186,50.529661071676
2026-08-16T07:15:00Z,G25,36585,GPS BIIF-1  (PRN 25),0.9154824409997673,-12.774888349998946,58.21116390399993,59.603485498023204
2026-08-16T07:15:00Z,G24,38833,GPS BIIF-3  (PRN 24),-17.23706513200159,-86.16842145300052,-44.17866624999806,98.35582251039082
2026-08-16T07:15:00Z,G27,39166,GPS BIIF-4  (PRN 27),-25.890751884002384,-0.8294805660007114,-49.37936527700003,55.76146327247647
2026-08-16T07:15:00Z,G30,39533,GPS BIIF-5  (PRN 30),14.956898626999994,20.769356400000106,-53.437886048999644,59.251013891700204
2026-08-16T07:15:00Z,G06,39741,GPS BIIF-6  (PRN 06),5.164695783000752,5.082892823000293,57.36622705200034,57.8220882376511
2026-08-16T07:15:00Z,G09,40105,GPS BIIF-7  (PRN 09),43.75766916499924,13.600998140000229,32.32575956399887,56.07740625730901
2026-08-16T07:15:00Z,G03,40294,GPS BIIF-8  (PRN 03),-20.09934992900162,26.673706019999372,49.85829037300027,60.01099548689573
2026-08-16T07:15:00Z,G26,40534,GPS BIIF-9  (PRN 26),-28.767942820000826,31.465073481998843,24.31167948499933,49.078540551892544
2026-08-16T07:15:00Z,G08,40730,GPS BIIF-10 (PRN 08),-1.8310161100016558,5.277073801999904,-55.425250217999974,55.706000481409056
2026-08-16T07:15:00Z,G10,41019,GPS BIIF-11 (PRN 10),-26.835947348000445,21.515646711002773,-46.17779488999986,57.58020375407014
2026-08-16T07:15:00Z,G32,41328,GPS BIIF-12 (PRN 32),-46.0624465840001,-9.954083966000326,14.29581859300015,49.24635217099857
2026-08-16T07:15:00Z,G04,43873,GPS BIII-1  (PRN 04),23.4582813800007,11.32979636899995,50.288739535000786,56.635788818426846
2026-08-16T07:15:00Z,G18,44506,GPS BIII-2  (PRN 18),-13.647286220999376,-39.78547452899875,-33.61859364200063,53.84554060608411
2026-08-16T07:15:00Z,G23,45854,GPS BIII-3  (PRN 23),-9.456354628000554,3.554182497999136,-58.615982119000364,59.48014976321564
2026-08-16T07:15:00Z,G14,46826,GPS BIII-4  (PRN 14),22.235576696999487,-14.435577666001336,-48.07150456400086,54.89696097823684
2026-08-16T07:15:00Z,G11,48859,GPS BIII-5  (PRN 11),-0.3450896800004557,-21.58440395600337,52.171146314,56.46090761526928
2026-08-16T07:15:00Z,G28,55268,GPS BIII-6  (PRN 28),-8.192711279999457,-10.020270452001569,55.4484458070001,56.93905935700478
2026-08-16T07:15:00Z,G01,62339,GPS BIII-7  (PRN 01),9.361541992000639,48.935544136,-6.95606887699978,50.306190897104905
2026-08-16T07:15:00Z,G21,64202,GPS BIII-8  (PRN 21),34.92858460000025,-34.975593158000265,10.611406615000305,50.55591052747643
2026-08-16T07:15:00Z,G20,67588,GPS BIII-9  (PRN 20),18.031232233999617,-1.3333913839996967,-54.20584236400009,57.141723940131335
2026-08-16T07:15:00Z,G13,68791,GPS BIII-10 (PRN 13),18.737147110998194,-19.24595762899935,32.52131684500091,42.17965879721369
2026-08-16T07:30:00Z,G22,26407,GPS BIIR-5  (PRN 22),27.50798118700004,-21.356329489000927,-41.30475171999933,54.026515276092965
2026-08-16T07:30:00Z,G16,27663,GPS BIIR-8  (PRN 16),-34.42382557899873,33.15034277199993,1.9667323009998654,47.83108852345106
2026-08-16T07:30:00Z,G19,28190,GPS BIIR-11 (PRN 19),43.15847966199999,10.616813330001605,25.289132375997724,51.13620349957653
2026-08-16T07:30:00Z,G02,28474,GPS BIIR-13 (PRN 02),13.051452604999213,38.07863387600082,-38.046901357000024,55.38853198842111
2026-08-16T07:30:00Z,G17,28874,GPS BIIRM-1 (PRN 17),45.40424905399959,11.416858645001412,-4.99369324700092,47.08319727591478
2026-08-16T07:30:00Z,G31,29486,GPS BIIRM-2 (PRN 31),-3.619385329000579,6.55062990100123,56.51141480199976,57.00483054253696
2026-08-16T07:30:00Z,G12,29601,GPS BIIRM-3 (PRN 12),23.650214082001185,-31.5414158880003,41.41522978099965,57.17879677080732
2026-08-16T07:30:00Z,G15,32260,GPS BIIRM-4 (PRN 15),5.869822669999849,-6.008404887999859,-55.71621484800016,56.345828101678464
2026-08-16T07:30:00Z,G29,32384,GPS BIIRM-5 (PRN 29),-36.477712734002125,-14.716826190000575,40.96013075799965,56.78856232661201
2026-08-16T07:30:00Z,G07,32711,GPS BIIRM-6 (PRN 07),20.078149577999284,46.37332310000056,-22.09720312799982,55.15345475936792
2026-08-16T07:30:00Z,G05,35752,GPS BIIRM-8 (PRN 05),29.23645737300103,-38.84520873600013,-11.51522361500247,49.96319701910835
2026-08-16T07:30:00Z,G25,36585,GPS BIIF-1  (PRN 25),4.530984444998467,-17.930479960999946,56.24339028000031,59.206003765336774
2026-08-16T07:30:00Z,G24,38833,GPS BIIF-3  (PRN 24),-16.3500346380024,-80.71732524800063,-55.03543920499942,99.05306555752117
2026-08-16T07:30:00Z,G27,39166,GPS BIIF-4  (PRN 27),-31.085232086999895,-0.47683516000142845,-45.23863996399996,54.891288666462145
2026-08-16T07:30:00Z,G30,39533,GPS BIIF-5  (PRN 30),17.842839227000013,25.688049561998923,-49.44287473600161,58.505048193640775
2026-08-16T07:30:00Z,G06,39741,GPS BIIF-6  (PRN 06),7.348238974000196,10.905160327998601,55.87688510800035,57.40335728135631
2026-08-16T07:30:00Z,G09,40105,GPS BIIF-7  (PRN 09),40.381066437999834,10.84354825399896,38.761589819998335,57.01468153713356
2026-08-16T07:30:00Z,G03,40294,GPS BIIF-8  (PRN 03),-22.396031938002125,31.854322956000033,44.584701003999726,59.19523377071177
2026-08-16T07:30:00Z,G26,40534,GPS BIIF-9  (PRN 26),-25.513244249999843,30.375894805001735,30.51136680700074,50.04562040574607
2026-08-16T07:30:00Z,G08,40730,GPS BIIF-10 (PRN 08),-7.6496901430000435,4.480509949000407,-54.873297138,55.58481328098748
2026-08-16T07:30:00Z,G10,41019,GPS BIIF-11 (PRN 10),-22.027057077999416,18.80845955100085,-50.92128102999959,58.58264466491143
2026-08-16T07:30:00Z,G32,41328,GPS BIIF-12 (PRN 32),-47.71474909299991,-7.625688502999765,7.095375438999326,48.83843526130903
2026-08-16T07:30:00Z,G04,43873,GPS BIII-1  (PRN 04),18.281264171000657,8.751162023000006,53.70993751700007,57.40683621767325
2026-08-16T07:30:00Z,G18,44506,GPS BIII-2  (PRN 18),-16.751396431000103,-42.32398723000006,-26.998088831998757,52.92283040441268
2026-08-16T07:30:00Z,G23,45854,GPS BIII-3  (PRN 23),-4.9262792829995306,-1.1627979740005685,-59.45711250499994,59.672175711420735
2026-08-16T07:30:00Z,G14,46826,GPS BIII-4  (PRN 14),17.76373899900136,-11.265817373998289,-51.55614423499901,55.68217913039095
2026-08-16T07:30:00Z,G11,48859,GPS BIII-5  (PRN 11),0.24533926399999473,-15.733862719000172,54.85978036400047,57.07197323556612
2026-08-16T07:30:00Z,G28,55268,GPS BIII-6  (PRN 28),-10.87025481899991,-15.348569411999051,53.117980384000475,56.349453084302446
2026-08-16T07:30:00Z,G01,62339,GPS BIII-7  (PRN 01),11.521875026999624,47.23668532700003,-14.385785290000058,50.705116736181566
2026-08-16T07:30:00Z,G21,64202,GPS BIII-8  (PRN 21),32.03990398799942,-35.588079655999536,17.907085159000417,51.12465706538952
2026-08-16T07:30:00Z,G20,67588,GPS BIII-9  (PRN 20),23.886248973001784,-1.299241823999182,-51.201567410998905,56.514081649271475
2026-08-16T07:30:00Z,G13,68791,GPS BIII-10 (PRN 13),19.26590108000164,-23.052829113999906,27.78721552099887,40.923553376926236
2026-08-16T07:45:00Z,G22,26407,GPS BIIR-5  (PRN 22),23.10062887500044,-19.095068491998973,-46.13119769500008,55.01225405225473
2026-08-16T07:45:00Z,G16,27663,GPS BIIR-8  (PRN 16),-32.258368352000616,34.58910289800042,9.120320694000839,48.168336255088114
2026-08-16T07:45:00Z,G19,28190,GPS BIIR-11 (PRN 19),46.169542776000526,8.965351015000124,18.45802865800215,50.52428149817407
2026-08-16T07:45:00Z,G02,28474,GPS BIIR-13 (PRN 02),12.74489198900119,33.30469142500078,-43.57977748399935,56.31013894744644
2026-08-16T07:45:00Z,G17,28874,GPS BIIRM-1 (PRN 17),44.985741577000226,8.768426823000482,-12.040514147000067,47.387511383349405
2026-08-16T07:45:00Z,G31,29486,GPS BIIRM-2 (PRN 31),-5.672696306999569,0.7648265749994607,56.815521708999995,57.10313432857361
2026-08-16T07:45:00Z,G12,29601,GPS BIIRM-3 (PRN 12),25.10459426399757,-35.999960354999985,35.31254688400077,56.33128585569712
2026-08-16T07:45:00Z,G15,32260,GPS BIIRM-4 (PRN 15),11.741203679001046,-6.5389990680000665,-54.19325736000064,55.8347876859074
2026-08-16T07:45:00Z,G29,32384,GPS BIIRM-5 (PRN 29),-32.189931131000776,-11.94655122200038,46.29669336799998,57.63935781329512
2026-08-16T07:45:00Z,G07,32711,GPS BIIRM-6 (PRN 07),22.98195405900151,47.368131052000535,-14.397413192000386,54.582007643093704
2026-08-16T07:45:00Z,G05,35752,GPS BIIRM-8 (PRN 05),27.525943787999495,-41.12166415499996,-4.118451816000743,49.65511544299778
2026-08-16T07:45:00Z,G25,36585,GPS BIIF-1  (PRN 25),7.410116716997436,-23.289422658999683,53.278782921999664,58.616855487126024
2026-08-16T07:45:00Z,G24,38833,GPS BIIF-3  (PRN 24),-14.456424758998764,-74.35791762199915,-64.92484722799963,99.76634661784351
2026-08-16T07:45:00Z,G27,39166,GPS BIIF-4  (PRN 27),-35.80387988200164,0.5376948089997313,-40.353528474000996,53.95010834664223
2026-08-16T07:45:00Z,G30,39533,GPS BIIF-5  (PRN 30),21.09013403599988,29.87068458000067,-44.573232266999185,57.65261993753786
2026-08-16T07:45:00Z,G06,39741,GPS BIIF-6  (PRN 06),10.165969043999667,16.240580289999343,53.4224473560007,56.75439415819837
2026-08-16T07:45:00Z,G09,40105,GPS BIIF-7  (PRN 09),36.14501854300033,8.451608568000665,44.54488860600031,57.98395600320417
2026-08-16T07:45:00Z,G03,40294,GPS BIIF-8  (PRN 03),-23.745270371000515,36.86066231099994,38.51807428199754,58.362559380059466
2026-08-16T07:45:00Z,G26,40534,GPS BIIF-9  (PRN 26),-22.131264286000032,28.433711410001706,36.20909118800046,51.08196441117916
2026-08-16T07:45:00Z,G08,40730,GPS BIIF-10 (PRN 08),-13.426253913999972,4.392610609999792,-53.4073747450002,55.244067548354614
2026-08-16T07:45:00Z,G10,41019,GPS BIIF-11 (PRN 10),-17.332249865999984,15.198558711999794,-54.80233819299974,59.45333753255135
2026-08-16T07:45:00Z,G32,41328,GPS BIIF-12 (PRN 32),-48.44982433000018,-5.04514131599899,-0.22611031500127865,48.71231932869577
2026-08-16T07:45:00Z,G04,43873,GPS BIII-1  (PRN 04),12.572388900996884,6.776139517000004,56.21538014900034,58.00129304358981
2026-08-16T07:45:00Z,G18,44506,GPS BIII-2  (PRN 18),-19.908969094001804,-43.88941823599998,-19.9167578710003,52.14715071384533
2026-08-16T07:45:00Z,G23,45854,GPS BIII-3  (PRN 23),-0.9819504170009168,-6.427688368003146,-59.25787388800018,59.613547303475784
2026-08-16T07:45:00Z,G14,46826,GPS BIII-4  (PRN 14),13.51669200499964,-7.360645818997,-54.14542101799998,56.290378279482304
2026-08-16T07:45:00Z,G11,48859,GPS BIII-5  (PRN 11),1.6013183440009016,-9.814342140001827,56.604141594999874,57.47098726998384
2026-08-16T07:45:00Z,G28,55268,GPS BIII-6  (PRN 28),-14.069031869000355,-20.09020438999869,49.87308578500051,55.57768127477873
2026-08-16T07:45:00Z,G01,62339,GPS BIII-7  (PRN 01),13.255110088000947,44.67223986699992,-21.5653220230015,51.3455944764062
2026-08-16T07:45:00Z,G21,64202,GPS BIII-8  (PRN 21),28.71074650499986,-35.33092834800118,24.892600602997845,51.88663631019382
2026-08-16T07:45:00Z,G20,67588,GPS BIII-9  (PRN 20),29.400145276998956,-1.9890071689987963,-47.30699622700013,55.7339805132235
2026-08-16T07:45:00Z,G13,68791,GPS BIII-10 (PRN 13),19.058581258999766,-26.58196749600029,22.57685599999968,39.74348930842679
2026-08-16T08:00:00Z,G22,26407,GPS BIIR-5  (PRN 22),18.753143096000713,-16.00698329899751,-50.19793355899856,55.92616940133749
2026-08-16T08:00:00Z,G16,27663,GPS BIIR-8  (PRN 16),-29.56473093599925,35.26004557200031,16.15330509100022,48.76754447806967
2026-08-16T08:00:00Z,G19,28190,GPS BIIR-11 (PRN 19),48.354784584999834,6.88627039200037,11.27490236399899,50.127131730143795
2026-08-16T08:00:00Z,G02,28474,GPS BIIR-13 (PRN 02),11.641005229001166,28.22174782700131,-48.39657215199986,57.22069773444059
2026-08-16T08:00:00Z,G17,28874,GPS BIIRM-1 (PRN 17),43.6675224089995,6.122431570000117,-18.883757384999626,47.968041179991246
2026-08-16T08:00:00Z,G31,29486,GPS BIIRM-2 (PRN 31),-8.401063821998832,-4.738677690998884,56.12166650900008,56.94448517062815
2026-08-16T08:00:00Z,G12,29601,GPS BIIRM-3 (PRN 12),25.674917352000193,-40.11676548500009,28.57889529900058,55.54556247371857
2026-08-16T08:00:00Z,G15,32260,GPS BIIRM-4 (PRN 15),17.29552625799988,-7.742295122000087,-51.76300503300081,55.12247320597813
2026-08-16T08:00:00Z,G29,32384,GPS BIIRM-5 (PRN 29),-27.17096857800061,-9.632873989999098,50.83630547699977,58.44128463102719
2026-08-16T08:00:00Z,G07,32711,GPS BIIRM-6 (PRN 07),25.632207654000013,47.33011740300026,-6.447317782000027,54.20994363750675
2026-08-16T08:00:00Z,G05,35752,GPS BIIRM-8 (PRN 05),25.2148263149993,-42.61476165000022,3.3423650750009983,49.62838684539824
2026-08-16T08:00:00Z,G25,36585,GPS BIIF-1  (PRN 25),9.496354475999397,-28.675208418000693,49.36540999300087,57.87393221413836
2026-08-16T08:00:00Z,G24,38833,GPS BIIF-3  (PRN 24),-11.484923661999346,-67.32265586799986,-73.67299735000051,100.45871790529814
2026-08-16T08:00:00Z,G27,39166,GPS BIIF-4  (PRN 27),-39.91131571599908,2.1281932789988787,-34.803298865001125,52.99728238977467
2026-08-16T08:00:00Z,G30,39533,GPS BIIF-5  (PRN 30),24.552137906000098,33.219224447999295,-38.91620826000144,56.75205383083158
2026-08-16T08:00:00Z,G06,39741,GPS BIIF-6  (PRN 06),13.507948872999805,20.94225471199752,50.049384849999115,55.910496680329
2026-08-16T08:00:00Z,G09,40105,GPS BIIF-7  (PRN 09),31.158444017000875,6.56160720600019,49.576826368000184,58.92168561242329
2026-08-16T08:00:00Z,G03,40294,GPS BIIF-8  (PRN 03),-24.161849347998213,41.500065270999585,31.76327079299881,57.57565243123137
2026-08-16T08:00:00Z,G26,40534,GPS BIIF-9  (PRN 26),-18.77367348499996,25.653537113998027,41.30145253400042,52.11875635506813
2026-08-16T08:00:00Z,G08,40730,GPS BIIF-10 (PRN 08),-19.001040155999362,4.997709919999579,-51.05267108299995,54.7027591275188
2026-08-16T08:00:00Z,G10,41019,GPS BIIF-11 (PRN 10),-12.925127071999668,10.759298036999098,-57.745126809000794,60.144169079503406
2026-08-16T08:00:00Z,G32,41328,GPS BIIF-12 (PRN 32),-48.234329317000174,-2.3692749889996776,-7.54884350499924,48.8789221126785
2026-08-16T08:00:00Z,G04,43873,GPS BIII-1  (PRN 04),6.488717161999375,5.489478805000033,57.76318091100029,58.38512564785588
2026-08-16T08:00:00Z,G18,44506,GPS BIII-2  (PRN 18),-22.950959024999975,-44.467296634999,-12.499445949000801,51.578320438186175
2026-08-16T08:00:00Z,G23,45854,GPS BIII-3  (PRN 23),2.2606538319996616,-12.083647038998606,-58.02071863999936,59.30875882205935
2026-08-16T08:00:00Z,G14,46826,GPS BIII-4  (PRN 14),9.641256478000287,-2.8116819150018273,-55.79062540999985,56.68732896604541
2026-08-16T08:00:00Z,G11,48859,GPS BIII-5  (PRN 11),3.7029632400008268,-4.002069621998089,57.37616635500001,57.634650719968384
2026-08-16T08:00:00Z,G28,55268,GPS BIII-6  (PRN 28),-17.663220521000312,-24.124908853002125,45.76999614600027,54.670770376354
2026-08-16T08:00:00Z,G01,62339,GPS BIII-7  (PRN 01),14.431080008002027,41.340053891000025,-28.372230613000283,52.17508596893169
2026-08-16T08:00:00Z,G21,64202,GPS BIII-8  (PRN 21),25.101116932999957,-34.160372463000385,31.44696333700267,52.7817072593701
2026-08-16T08:00:00Z,G20,67588,GPS BIII-9  (PRN 20),34.4084265959973,-3.338361971998893,-42.58814732300016,54.852846543035376
2026-08-16T08:00:00Z,G13,68791,GPS BIII-10 (PRN 13),18.16399587700289,-29.693343656000025,16.979473272000178,38.72890285416904
2026-08-16T08:15:00Z,G22,26407,GPS BIIR-5  (PRN 22),14.622253528999863,-12.142612958999962,-53.43648932100041,56.716062439945645
2026-08-16T08:15:00Z,G16,27663,GPS BIIR-8  (PRN 16),-26.478462206000586,35.08725975999914,22.947960856999998,49.58662789255447
2026-08-16T08:15:00Z,G19,28190,GPS BIIR-11 (PRN 19),49.63177629699999,4.52070968299995,3.8581371109976317,49.98635070097313
2026-08-16T08:15:00Z,G02,28474,GPS BIIR-13 (PRN 02),9.717493825999554,22.993302618999223,-52.421981790001155,58.06191373334528
2026-08-16T08:15:00Z,G17,28874,GPS BIIRM-1 (PRN 17),41.47479355699943,3.631519150998429,-25.41526801999862,48.77788720791578
2026-08-16T08:15:00Z,G31,29486,GPS BIIRM-2 (PRN 31),-11.718907616999786,-9.800223379999807,54.43726299300033,56.54018726713552
2026-08-16T08:15:00Z,G12,29601,GPS BIIRM-3 (PRN 12),25.40643671699945,-43.720461717000006,21.332127601999673,54.88192295674922
2026-08-16T08:15:00Z,G15,32260,GPS BIIRM-4 (PRN 15),22.385054247999506,-9.55271404899986,-48.476310907999505,54.242950865867094
2026-08-16T08:15:00Z,G29,32384,GPS BIIRM-5 (PRN 29),-21.551901738002925,-7.893419683000502,54.50424006300091,59.13968826145219
2026-08-16T08:15:00Z,G07,32711,GPS BIIRM-6 (PRN 07),27.865276964999794,46.30242896400068,1.5982418780004082,54.06424849568402
2026-08-16T08:15:00Z,G05,35752,GPS BIIRM-8 (PRN 05),22.44221841000035,-43.23495412500051,10.7428943240011,49.88310539460943
2026-08-16T08:15:00Z,G25,36585,GPS BIIF-1  (PRN 25),10.767012999000144,-33.90508361499997,44.56978538900148,57.025862847329435
2026-08-16T08:15:00Z,G24,38833,GPS BIIF-3  (PRN 24),-7.409495587999118,-59.85916296399955,-81.13020228599999,101.09465731969475
2026-08-16T08:15:00Z,G27,39166,GPS BIIF-4  (PRN 27),-43.29163034599878,4.185200158000953,-28.677037385001313,52.096579845109765
2026-08-16T08:15:00Z,G30,39533,GPS BIIF-5  (PRN 30),28.068897966999884,35.66755039100099,-32.573935583001,55.8667921339855
2026-08-16T08:15:00Z,G06,39741,GPS BIIF-6  (PRN 06),17.24019364500009,24.88862623499881,45.82007577100012,54.91946227379475
2026-08-16T08:15:00Z,G09,40105,GPS BIIF-7  (PRN 09),25.55635779899967,5.2874814529996,53.77068363900071,59.769317405101795
2026-08-16T08:15:00Z,G03,40294,GPS BIIF-8  (PRN 03),-23.697485718999815,45.58905400000003,24.43852334500116,56.896169443129345
2026-08-16T08:15:00Z,G26,40534,GPS BIIF-9  (PRN 26),-15.588670247000039,22.082129853999504,45.694356559999505,53.090501225652126
2026-08-16T08:15:00Z,G08,40730,GPS BIIF-10 (PRN 08),-24.220663724001497,6.250913291999495,-47.847869297000216,53.991972222526506
2026-08-16T08:15:00Z,G10,41019,GPS BIIF-11 (PRN 10),-8.965028634000191,5.5983497820016055,-59.69002021699953,60.61857613137983
2026-08-16T08:15:00Z,G32,41328,GPS BIIF-12 (PRN 32),-47.066616203000194,0.2415793459986162,-14.752529803998186,49.32506317278051
2026-08-16T08:15:00Z,G04,43873,GPS BIII-1  (PRN 04),0.2011229470008402,4.945532483999955,58.32746502899998,58.53709865289981
2026-08-16T08:15:00Z,G18,44506,GPS BIII-2  (PRN 18),-25.710500303999652,-44.07840415099963,-4.876068874000339,51.26120936970589
2026-08-16T08:15:00Z,G23,45854,GPS BIII-3  (PRN 23),4.716663687000619,-17.955449253997358,-55.767264985999645,58.77612541047468
2026-08-16T08:15:00Z,G14,46826,GPS BIII-4  (PRN 14),6.266008687000067,2.262320401001489,-56.460015225999996,56.85168667491316
2026-08-16T08:15:00Z,G11,48859,GPS BIII-5  (PRN 11),6.498326020000604,1.5333121000003302,57.16459831799989,57.55319789478688
2026-08-16T08:15:00Z,G28,55268,GPS BIII-6  (PRN 28),-21.507837493000125,-27.35951739200027,40.87927441799911,53.686547127660795
2026-08-16T08:15:00Z,G01,62339,GPS BIII-7  (PRN 01),14.941462267001043,37.36335979099931,-34.69036667800174,53.128989166010804
2026-08-16T08:15:00Z,G21,64202,GPS BIII-8  (PRN 21),21.37839203700014,-32.06619250499716,37.456695967001,53.74272435055331
2026-08-16T08:15:00Z,G20,67588,GPS BIII-9  (PRN 20),38.763333320999664,-5.253986691999671,-37.12586676700084,53.93079240578364
2026-08-16T08:15:00Z,G13,68791,GPS BIII-10 (PRN 13),16.657203001001108,-32.260335708999946,11.09125010200296,37.963238806760394
2026-08-16T08:30:00Z,G22,26407,GPS BIIR-5  (PRN 22),10.853639269998894,-7.581988456997351,-55.79037761499967,57.339813993328924
2026-08-16T08:30:00Z,G16,27663,GPS BIIR-8  (PRN 16),-23.148390908999318,34.02396252399922,29.388143861997378,50.56818196419365
2026-08-16T08:30:00Z,G19,28190,GPS BIIR-11 (PRN 19),49.94828729000005,2.0224038749984175,-3.667573414000799,50.12357344987561
2026-08-16T08:30:00Z,G02,28474,GPS BIIR-13 (PRN 02),6.983079364999867,17.784916364998935,-55.591516637000495,58.78335963118982
2026-08-16T08:30:00Z,G17,28874,GPS BIIRM-1 (PRN 17),38.46162408199962,1.4411258880008972,-31.531510777997028,49.75549761376186
2026-08-16T08:30:00Z,G31,29486,GPS BIIRM-2 (PRN 31),-15.512908370999867,-14.278240629999345,51.78851372399913,55.915727978414516
2026-08-16T08:30:00Z,G12,29601,GPS BIIRM-3 (PRN 12),24.37714250300087,-46.655021299000055,13.700610640997184,54.39340788145164
2026-08-16T08:30:00Z,G15,32260,GPS BIIRM-4 (PRN 15),26.880124475999764,-11.879283751999992,-44.39620687800016,53.24172855439576
2026-08-16T08:30:00Z,G29,32384,GPS BIIRM-5 (PRN 29),-15.4846140510017,-6.8199625209999795,57.24028547299986,59.68865421608064
2026-08-16T08:30:00Z,G07,32711,GPS BIIRM-6 (PRN 07),29.533190197000295,44.36535155399997,9.583719409001787,54.15109804457043
2026-08-16T08:30:00Z,G05,35752,GPS BIIRM-8 (PRN 05),19.36267662699902,-42.922653235000325,17.959624530001747,50.39658242532383
2026-08-16T08:30:00Z,G25,36585,GPS BIIF-1  (PRN 25),11.234053116000723,-38.79751153600046,38.97586065699943,56.12992575046799
2026-08-16T08:30:00Z,G24,38833,GPS BIIF-3  (PRN 24),-2.25021679099882,-52.22024820600018,-87.17327268000008,101.64249735245788
2026-08-16T08:30:00Z,G27,39166,GPS BIIF-4  (PRN 27),-45.852493350999794,6.579912711998986,-22.072512460003054,51.31220326684478
2026-08-16T08:30:00Z,G30,39533,GPS BIIF-5  (PRN 30),31.473926675000257,37.18383665700094,-25.661337713998364,55.0613296438589
2026-08-16T08:30:00Z,G06,39741,GPS BIIF-6  (PRN 06),21.210247392999918,27.987766295002075,40.811386053001115,53.84012340460419
2026-08-16T08:30:00Z,G09,40105,GPS BIIF-7  (PRN 09),19.495154293999803,4.716315034999752,57.05334151699935,60.47634617527407
2026-08-16T08:30:00Z,G03,40294,GPS BIIF-8  (PRN 03),-22.43860319399937,48.960919372000035,16.673320761001378,56.37962543551071
2026-08-16T08:30:00Z,G26,40534,GPS BIIF-9  (PRN 26),-12.715162768000027,17.796739618002903,49.30509395199988,53.93877635674787
2026-08-16T08:30:00Z,G08,40730,GPS BIIF-10 (PRN 08),-28.9433917139977,8.08003632999953,-43.844628573999216,53.15410017859367
2026-08-16T08:30:00Z,G10,41019,GPS BIIF-11 (PRN 10),-5.590661149999505,-0.14603907600030652,-60.59521089100008,60.852743590002646
2026-08-16T08:30:00Z,G32,41328,GPS BIIF-12 (PRN 32),-44.97709177800061,2.6296342549994733,-21.718054039996787,50.015273991111734
2026-08-16T08:30:00Z,G04,43873,GPS BIII-1  (PRN 04),-6.111939229998825,5.1664346479999494,57.898778526000115,58.44926349344417
2026-08-16T08:30:00Z,G18,44506,GPS BIII-2  (PRN 18),-28.029700368000704,-42.77769102599996,2.8206922760000452,51.22061359600939
2026-08-16T08:30:00Z,G23,45854,GPS BIII-3  (PRN 23),6.335394002000612,-23.856436358000792,-52.53784004699992,58.04732043486655
2026-08-16T08:30:00Z,G14,46826,GPS BIII-4  (PRN 14),3.496337284999754,7.719976379001309,-56.13953400900027,56.77560821735436
2026-08-16T08:30:00Z,G11,48859,GPS BIII-5  (PRN 11),9.905594318999647,6.634938291001163,55.97499500199956,57.23061480022618
2026-08-16T08:30:00Z,G28,55268,GPS BIII-6  (PRN 28),-25.444481870999994,-29.731179544000042,35.284543328001746,52.69121077207134
2026-08-16T08:30:00Z,G01,62339,GPS BIII-7  (PRN 01),14.704094282002188,32.886251820000325,-40.4118627150001,54.13718311399753
2026-08-16T08:30:00Z,G21,64202,GPS BIII-8  (PRN 21),17.71086461599998,-29.072330323000642,42.817882688999816,54.701427712856756
2026-08-16T08:30:00Z,G20,67588,GPS BIII-9  (PRN 20),42.339575149000666,-7.617471141000351,-31.014434978998906,53.033580564095416
2026-08-16T08:30:00Z,G13,68791,GPS BIII-10 (PRN 13),14.636520946000019,-34.17487786599986,5.013729825997871,37.513830907104186
2026-08-16T08:45:00Z,G22,26407,GPS BIIR-5  (PRN 22),7.576170079999429,-2.432376352000574,-57.21604590100014,57.766692101454154
2026-08-16T08:45:00Z,G16,27663,GPS BIIR-8  (PRN 16),-19.730826729,32.05482413799837,35.361266028998216,51.64529416221198
2026-08-16T08:45:00Z,G19,28190,GPS BIIR-11 (PRN 19),49.28451672099982,-0.44828514300024835,-11.173130449999007,50.53714863389743
2026-08-16T08:45:00Z,G02,28474,GPS BIIR-13 (PRN 02),3.477809129999514,12.758242872001574,-57.85236172399982,59.34444939984031
2026-08-16T08:45:00Z,G17,28874,GPS BIIRM-1 (PRN 17),34.70893436199913,-0.3160640059995785,-37.134769472999324,50.8311039110332
2026-08-16T08:45:00Z,G31,29486,GPS BIIRM-2 (PRN 31),-19.64593308500025,-18.055081844002416,48.22008864700001,55.11012263004386
2026-08-16T08:45:00Z,G12,29601,GPS BIIRM-3 (PRN 12),22.69451547100107,-48.785991789000036,5.820801019999635,54.12019726326129
2026-08-16T08:45:00Z,G15,32260,GPS BIIRM-4 (PRN 15),30.673195700001088,-14.609075213999859,-39.5964481989995,52.17421511661599
2026-08-16T08:45:00Z,G29,32384,GPS BIIRM-5 (PRN 29),-9.136242013999436,-6.474513432999629,58.99960548099989,60.05284080912487
2026-08-16T08:45:00Z,G07,32711,GPS BIIRM-6 (PRN 07),30.510121066001375,41.6320512719999,17.35676350399808,54.4550495354674
2026-08-16T08:45:00Z,G05,35752,GPS BIIRM-8 (PRN 05),16.14008868699966,-41.65046449299916,24.8717898649993,51.12601672725424
2026-08-16T08:45:00Z,G25,36585,GPS BIIF-1  (PRN 25),10.943726417001017,-43.17926540799999,32.68357237199962,55.24880100111139
2026-08-16T08:45:00Z,G24,38833,GPS BIIF-3  (PRN 24),3.927491678001388,-44.653509424999356,-91.70700680899972,102.07612939720627
2026-08-16T08:45:00Z,G27,39166,GPS BIIF-4  (PRN 27),-47.52813675200014,9.16867655399983,-15.094970820999151,50.70351621885319
2026-08-16T08:45:00Z,G30,39533,GPS BIIF-5  (PRN 30),34.6007679989998,37.77141655299965,-18.303779493999173,54.39596858505021
2026-08-16T08:45:00Z,G06,39741,GPS BIIF-6  (PRN 06),25.252856301999998,30.18050618200141,35.113038623003376,52.739882310750495
2026-08-16T08:45:00Z,G09,40105,GPS BIIF-7  (PRN 09),13.14685960299903,4.904381323000052,59.36661823599934,61.00236253098112
2026-08-16T08:45:00Z,G03,40294,GPS BIIF-8  (PRN 03),-20.502733956000156,51.47226474800004,8.605988491999597,56.069770606657194
2026-08-16T08:45:00Z,G26,40534,GPS BIIF-9  (PRN 26),-10.276607460999912,12.90261110999927,52.0642451650001,54.61475678756239
2026-08-16T08:45:00Z,G08,40730,GPS BIIF-10 (PRN 08),-33.04395505499997,10.387865295000665,-39.10695013500117,52.241403694056736
2026-08-16T08:45:00Z,G10,41019,GPS BIIF-11 (PRN 10),-2.913869859999977,-6.30984740599888,-60.43798110899979,60.83629157320343
2026-08-16T08:45:00Z,G32,41328,GPS BIIF-12 (PRN 32),-42.02707058499982,4.64581722299954,-28.32917763899968,50.89597808597528
2026-08-16T08:45:00Z,G04,43873,GPS BIII-1  (PRN 04),-12.270942322000337,6.140809608999916,56.484264009999606,58.12708188852406
2026-08-16T08:45:00Z,G18,44506,GPS BIII-2  (PRN 18),-29.765790942999956,-40.651595885999996,10.457705870998325,51.45792621769112
2026-08-16T08:45:00Z,G23,45854,GPS BIII-3  (PRN 23),7.102491300000111,-29.595511350999004,-48.390644524999516,57.16637256585862
2026-08-16T08:45:00Z,G14,46826,GPS BIII-4  (PRN 14),1.409845405998567,13.402366861999326,-54.83317000700026,56.46492393149065
2026-08-16T08:45:00Z,G11,48859,GPS BIII-5  (PRN 11),13.815757120999479,11.164625049001188,53.829428856999584,56.68449001607064
2026-08-16T08:45:00Z,G28,55268,GPS BIII-6  (PRN 28),-29.30703309699993,-31.209452868999506,29.081079305000458,51.755592073462715
2026-08-16T08:45:00Z,G01,62339,GPS BIII-7  (PRN 01),13.666520439001033,28.067918582999482,-45.43899013900045,55.12969852396892
2026-08-16T08:45:00Z,G21,64202,GPS BIII-8  (PRN 21),14.260747049999964,-25.23612453000169,47.43803521100017,55.593147710827886
2026-08-16T08:45:00Z,G20,67588,GPS BIII-9  (PRN 20),45.038919501001146,-10.289777789999789,-24.359905191999133,52.22823736015242
2026-08-16T08:45:00Z,G13,68791,GPS BIII-10 (PRN 13),12.219591811999635,-35.351516015000016,-1.1479124779980339,37.421461912488596
2026-08-16T09:00:00Z,G22,26407,GPS BIIR-5  (PRN 22),4.8972871099995245,3.1751662899987423,-57.683738158999994,57.97826101223616
2026-08-16T09:00:00Z,G16,27663,GPS BIIR-8  (PRN 16),-16.38373713699957,29.197359988000244,40.76035775800119,52.74769603881694
2026-08-16T09:00:00Z,G19,28190,GPS BIIR-11 (PRN 19),47.65455140100039,-2.7308703269991383,-18.527171576999535,51.2022461286324
2026-08-16T09:00:00Z,G02,28474,GPS BIIR-13 (PRN 02),-0.7280280479972134,8.06564327399974,-59.16419282200013,59.71588012029045
2026-08-16T09:00:00Z,G17,28874,GPS BIIRM-1 (PRN 17),30.321959395001613,-1.524972244998935,-42.13432218199887,51.933109551004414
2026-08-16T09:00:00Z,G31,29486,GPS BIIRM-2 (PRN 31),-23.962656994999634,-21.04161942599967,43.79436343500129,54.1747630083011
2026-08-16T09:00:00Z,G12,29601,GPS BIIRM-3 (PRN 12),20.490943612998308,-50.00637275700046,-2.165457910999976,54.08516704631194
2026-08-16T09:00:00Z,G15,32260,GPS BIIRM-4 (PRN 15),33.682096253000054,-17.61194395700022,-34.160067740998784,51.10356549215037
2026-08-16T09:00:00Z,G29,32384,GPS BIIRM-5 (PRN 29),-2.6832039569999324,-6.887150126000051,59.753383868000014,60.20879756322565
2026-08-16T09:00:00Z,G07,32711,GPS BIIRM-6 (PRN 07),30.69795108999824,38.243191894999995,24.771909949002293,54.94136374320532
2026-08-16T09:00:00Z,G05,35752,GPS BIIRM-8 (PRN 05),12.941440729000533,-39.42455790999884,31.36327548400004,52.013764559262235
2026-08-16T09:00:00Z,G25,36585,GPS BIIF-1  (PRN 25),9.974375068999507,-46.89275886500036,25.806957946002512,54.44646976999419
2026-08-16T09:00:00Z,G24,38833,GPS BIIF-3  (PRN 24),11.015763891999086,-37.39200767700095,-94.66493353700025,102.37655460995863
2026-08-16T09:00:00Z,G27,39166,GPS BIIF-4  (PRN 27),-48.281798327000615,11.798439397998663,-7.855838997002138,50.31947364852127
2026-08-16T09:00:00Z,G30,39533,GPS BIIF-5  (PRN 30),37.29010275000019,37.46823000599943,-10.634513834000245,53.921358545325894
2026-08-16T09:00:00Z,G06,39741,GPS BIIF-6  (PRN 06),29.19669882800008,31.442171544000303,28.825835820000066,51.691258299415416
2026-08-16T09:00:00Z,G09,40105,GPS BIIF-7  (PRN 09),6.692982222000865,5.874895324000136,60.66838998999992,61.31854491155756
2026-08-16T09:00:00Z,G03,40294,GPS BIIF-8  (PRN 03),-18.033496717000162,53.00911499599988,0.38100637400202686,55.99391433324005
2026-08-16T09:00:00Z,G26,40534,GPS BIIF-9  (PRN 26),-8.375972723999894,7.52930139199816,53.917347339000116,55.081100593571286
2026-08-16T09:00:00Z,G08,40730,GPS BIIF-10 (PRN 08),-36.4179871180022,13.055971032000343,-33.71039598900097,51.313925625025604
2026-08-16T09:00:00Z,G10,41019,GPS BIIF-11 (PRN 10),-1.015071378000357,-12.709526124999684,-59.215540931999385,60.57262345394807
2026-08-16T09:00:00Z,G32,41328,GPS BIIF-12 (PRN 32),-38.3069256660001,6.155576121000195,-34.47426731200176,51.90170303623223
2026-08-16T09:00:00Z,G04,43873,GPS BIII-1  (PRN 04),-18.1018363760013,7.824450488999901,54.107562256000165,57.589294134632944
2026-08-16T09:00:00Z,G18,44506,GPS BIII-2  (PRN 18),-30.796956713998952,-37.814483343999655,17.90366999300022,51.95121839414172
2026-08-16T09:00:00Z,G23,45854,GPS BIII-3  (PRN 23),7.04003679500056,-34.984755879999284,-43.400554154999554,56.18810695351068
2026-08-16T09:00:00Z,G14,46826,GPS BIII-4  (PRN 14),0.05351413900098123,19.13920759499888,-52.5629429340006,55.93903021156641
2026-08-16T09:00:00Z,G11,48859,GPS BIII-5  (PRN 11),18.0969743200003,15.007773041998007,50.76594000100158,55.94563785858701
2026-08-16T09:00:00Z,G28,55268,GPS BIII-6  (PRN 28),-32.928237550000176,-31.797104068999033,22.374251297998853,50.95028730507807
2026-08-16T09:00:00Z,G01,62339,GPS BIII-7  (PRN 01),11.8082026459997,23.076737213001252,-49.68586994399993,56.041548178284536
2026-08-16T09:00:00Z,G21,64202,GPS BIII-8  (PRN 21),11.17790810800011,-20.64630930400017,51.23770937700101,56.36061195329018
2026-08-16T09:00:00Z,G20,67588,GPS BIII-9  (PRN 20),46.793998003000524,-13.11706185300136,-17.27819802399972,51.577821665099705
2026-08-16T09:00:00Z,G13,68791,GPS BIII-10 (PRN 13),9.53864847099976,-35.731042462000005,-7.2867264060005255,37.693362702078716
2026-08-16T09:15:00Z,G22,26407,GPS BIIR-5  (PRN 22),2.8990886279989354,9.090157476999593,-57.17826008400016,57.968863229006054
2026-08-16T09:15:00Z,G16,27663,GPS BIIR-8  (PRN 16),-13.260747171000048,25.502044168002612,45.486191168000005,53.80701868020364
2026-08-16T09:15:00Z,G19,28190,GPS BIIR-11 (PRN 19),45.10652303900133,-4.671284332000141,-25.598422158000176,52.07397176092431
2026-08-16T09:15:00Z,G02,28474,GPS BIIR-13 (PRN 02),-5.53603434100296,3.8450409569995827,-59.499955286000045,59.88052016492319
2026-08-16T09:15:00Z,G17,28874,GPS BIIRM-1 (PRN 17),25.42689139900176,-2.092325311001332,-46.447608059999766,52.9932535887262
2026-08-16T09:15:00Z,G31,29486,GPS BIIRM-2 (PRN 31),-28.29598284199983,-23.180684105998807,38.59022528300011,53.17153606968258
2026-08-16T09:15:00Z,G12,29601,GPS BIIRM-3 (PRN 12),17.91818880699975,-50.241306026999155,-10.113844841001992,54.291253244788294
2026-08-16T09:15:00Z,G15,32260,GPS BIIRM-4 (PRN 15),35.852371209999546,-20.745667653000055,-28.177959757998906,50.097631319971036
2026-08-16T09:15:00Z,G29,32384,GPS BIIRM-5 (PRN 29),3.695113982001203,-8.055075399000089,59.48924850399999,60.14572964553861
2026-08-16T09:15:00Z,G07,32711,GPS BIIRM-6 (PRN 07),30.030322956001328,34.36050237099994,31.69389437100108,55.56048380305383
2026-08-16T09:15:00Z,G05,35752,GPS BIIRM-8 (PRN 05),9.930542860999594,-36.28474908999851,37.324494325999694,52.99355219958256
2026-08-16T09:15:00Z,G25,36585,GPS BIIF-1  (PRN 25),8.432906019001166,-49.80276002100072,18.47186318599779,53.783255193386296
2026-08-16T09:15:00Z,G24,38833,GPS BIIF-3  (PRN 24),18.868842615000176,-30.645881728998575,-96.00934817400002,102.53291288836856
2026-08-16T09:15:00Z,G27,39166,GPS BIIF-4  (PRN 27),-48.107218752000335,14.312453290998747,-0.47134914599882904,50.193355987394064
2026-08-16T09:15:00Z,G30,39533,GPS BIIF-5  (PRN 30),39.39646208200065,36.34494807900046,-2.791991923000751,53.6733797551622
2026-08-16T09:15:00Z,G06,39741,GPS BIIF-6  (PRN 06),32.87122237599988,31.783026910001354,22.059765281999717,50.76722667579179
2026-08-16T09:15:00Z,G09,40105,GPS BIIF-7  (PRN 09),0.3179402579989983,7.617086278999523,60.93349613599992,61.40856650944798
2026-08-16T09:15:00Z,G03,40294,GPS BIIF-8  (PRN 03),-15.194590110999343,53.49178356900029,-7.853863363001437,56.15985797488047
2026-08-16T09:15:00Z,G26,40534,GPS BIIF-9  (PRN 26),-7.091536405999705,1.8258981610015326,54.82625426599998,55.31312637640408
2026-08-16T09:15:00Z,G08,40730,GPS BIIF-10 (PRN 08),-38.985774929999025,15.949200570999892,-27.74117312599992,50.43649801634947
2026-08-16T09:15:00Z,G10,41019,GPS BIIF-11 (PRN 10),0.0600082070013741,-19.149167855000996,-56.94542663100037,60.078913478112746
2026-08-16T09:15:00Z,G32,41328,GPS BIIF-12 (PRN 32),-33.93318512699989,7.044138535000457,-40.048049208999146,52.96156328895458
2026-08-16T09:15:00Z,G04,43873,GPS BIII-1  (PRN 04),-23.4424290930001,10.142223225999942,50.80846192399986,56.86749490551605
2026-08-16T09:15:00Z,G18,44506,GPS BIII-2  (PRN 18),-31.02719907500068,-34.40412222299983,25.031335886000306,52.658318285078195
2026-08-16T09:15:00Z,G23,45854,GPS BIII-3  (PRN 23),6.205204445999698,-39.84687792499972,-37.65761133900014,55.17584556982952
2026-08-16T09:15:00Z,G14,46826,GPS BIII-4  (PRN 14),-0.5578931189993455,24.755512841999007,-49.36852265400012,55.23040548322207
2026-08-16T09:15:00Z,G11,48859,GPS BIII-5  (PRN 11),22.599747782000122,18.077327159997367,46.83774275700125,55.05735648967013
2026-08-16T09:15:00Z,G28,55268,GPS BIII-6  (PRN 28),-36.14628902700042,-31.529746070998954,15.2778525979993,50.339764378980945
2026-08-16T09:15:00Z,G01,62339,GPS BIII-7  (PRN 01),9.141399365002144,18.084057111998845,-53.07997846699982,56.81621615382058
2026-08-16T09:15:00Z,G21,64202,GPS BIII-8  (PRN 21),8.594197237999879,-15.419734549999703,54.15186859500045,56.95659147182436
2026-08-16T09:15:00Z,G20,67588,GPS BIII-9  (PRN 20),47.57093007899857,-15.936989773999812,-9.892984697999054,51.13562532982645
2026-08-16T09:15:00Z,G13,68791,GPS BIII-10 (PRN 13),6.735304144000111,-35.28305174399975,-13.295929147003335,38.30195548746932
2026-08-16T09:30:00Z,G22,26407,GPS BIIR-5  (PRN 22),1.6346245160002582,15.147528543999215,-55.69963647900022,57.74572817267397
2026-08-16T09:30:00Z,G16,27663,GPS BIIR-8  (PRN 16),-10.504584941000076,21.05107819100158,49.449386285999935,54.76071586318413
2026-08-16T09:30:00Z,G19,28190,GPS BIIR-11 (PRN 19),41.72102282299966,-6.12853274400004,-32.25822802300172,53.09233404339568
2026-08-16T09:30:00Z,G02,28474,GPS BIIR-13 (PRN 02),-10.822357823999482,0.21463129399853642,-58.8465713999999,59.83384043330607
2026-08-16T09:30:00Z,G17,28874,GPS BIIRM-1 (PRN 17),20.166465899001196,-1.9506411800011847,-50.00139790399953,53.95026543236635
2026-08-16T09:30:00Z,G31,29486,GPS BIIRM-2 (PRN 31),-32.47343707600021,-24.44931121799891,32.701502033,52.16973423142785
2026-08-16T09:30:00Z,G12,29601,GPS BIIRM-3 (PRN 12),15.140833732000829,-49.45108769699982,-17.880585947998043,54.720839488810896
2026-08-16T09:30:00Z,G15,32260,GPS BIIRM-4 (PRN 15),37.15853598099966,-23.860852599999816,-21.747518955999112,49.22450267693626
2026-08-16T09:30:00Z,G29,32384,GPS BIIRM-5 (PRN 29),9.822890040999482,-9.942222662999939,58.21146665099968,59.86578162772691
2026-08-16T09:30:00Z,G07,32711,GPS BIIRM-6 (PRN 07),28.475119951002853,30.159134339000047,38.00050316099987,56.25339172699735
2026-08-16T09:30:00Z,G05,35752,GPS BIIRM-8 (PRN 05),7.261406685000111,-32.3031224869992,42.65418614999908,53.996290109356686
2026-08-16T09:30:00Z,G25,36585,GPS BIIF-1  (PRN 25),6.450199639000857,-51.80177869599993,10.81329159300003,53.310004938356215
2026-08-16T09:30:00Z,G24,38833,GPS BIIF-3  (PRN 24),27.308554917002766,-24.594634477,-95.73074413200015,102.54281344286724
2026-08-16T09:30:00Z,G27,39166,GPS BIIF-4  (PRN 27),-47.028739180999764,16.555985899000007,6.938941191001504,50.338373860252645
2026-08-16T09:30:00Z,G30,39533,GPS BIIF-5  (PRN 30),40.79398340800071,34.50155466100114,5.082899011998961,53.66881979962357
2026-08-16T09:30:00Z,G06,39741,GPS BIIF-6  (PRN 06),36.11292519299968,31.24737456799994,14.93203575699954,50.0350624586039
2026-08-16T09:30:00Z,G09,40105,GPS BIIF-7  (PRN 09),-5.797864238000329,10.08589470700008,60.15437814300003,61.26899469988075
2026-08-16T09:30:00Z,G03,40294,GPS BIIF-8  (PRN 03),-12.162826542000403,52.8780020840004,-15.950572404999548,56.55473644119892
2026-08-16T09:30:00Z,G26,40534,GPS BIIF-9  (PRN 26),-6.472975907999626,-4.044560880000063,54.770164556000054,55.29944679026089
2026-08-16T09:30:00Z,G08,40730,GPS BIIF-10 (PRN 08),-40.69499303700104,18.920308378999835,-21.29507523099892,49.67434706699141
2026-08-16T09:30:00Z,G10,41019,GPS BIIF-11 (PRN 10),0.30276064300051075,-25.428006701000413,-53.665428304999296,59.38563280754101
2026-08-16T09:30:00Z,G32,41328,GPS BIIF-12 (PRN 32),-29.04425647899916,7.221445553999729,-44.95335833600075,54.00483807949205
2026-08-16T09:30:00Z,G04,43873,GPS BIII-1  (PRN 04),-28.148288977001357,12.990494709999894,46.64228451100098,56.00519466574929
2026-08-16T09:30:00Z,G18,44506,GPS BIII-2  (PRN 18),-30.39010342000256,-30.575914545000018,31.719639633000043,53.52177570474453
2026-08-16T09:30:00Z,G23,45854,GPS BIII-3  (PRN 23),4.687884588998713,-44.02185327100051,-31.26522149200173,54.1979141875146
2026-08-16T09:30:00Z,G14,46826,GPS BIII-4  (PRN 14),-0.4426416030000837,30.078121048001776,-45.30649848599933,54.38352785935106
2026-08-16T09:30:00Z,G11,48859,GPS BIII-5  (PRN 11),27.162154442999963,20.31691234200116,42.11221922600089,54.07401010870842
2026-08-16T09:30:00Z,G28,55268,GPS BIII-6  (PRN 28),-38.81078584199986,-30.474172108999483,7.9123128870014625,49.9755636148739
2026-08-16T09:30:00Z,G01,62339,GPS BIII-7  (PRN 01),5.711132753000129,13.257344066998485,-55.56343071599986,57.40791793790197
2026-08-16T09:30:00Z,G21,64202,GPS BIII-8  (PRN 21),6.617864935999933,-9.697047706999001,56.13094408300003,57.3455469430001
2026-08-16T09:30:00Z,G20,67588,GPS BIII-9  (PRN 20),47.37030929499997,-18.585135707999143,-2.3334315749998495,50.93916346882732
2026-08-16T09:30:00Z,G13,68791,GPS BIII-10 (PRN 13),3.9547581679998984,-34.00701568800105,-19.070882666001125,39.18948575615267
2026-08-16T09:45:00Z,G22,26407,GPS BIIR-5  (PRN 22),1.1258290540008602,21.173386221998953,-53.26362940999934,57.32882340577481
2026-08-16T09:45:00Z,G16,27663,GPS BIIR-8  (PRN 16),-8.241321417999984,15.955960663999576,52.57245492600032,55.55515346367268
2026-08-16T09:45:00Z,G19,28190,GPS BIIR-11 (PRN 19),37.608567975999904,-6.980855815998439,-38.38319826099905,54.18862096300593
2026-08-16T09:45:00Z,G02,28474,GPS BIIR-13 (PRN 02),-16.441703893000522,-2.731298135000543,-57.20557586199993,59.584121426017475
2026-08-16T09:45:00Z,G17,28874,GPS BIIRM-1 (PRN 17),14.695272651999403,-1.0609563819998584,-52.73296773400034,54.75255750004952
2026-08-16T09:45:00Z,G31,29486,GPS BIIRM-2 (PRN 31),-36.32443270500016,-24.8593306929979,26.235049660001096,51.241863398071665
2026-08-16T09:45:00Z,G12,29601,GPS BIIRM-3 (PRN 12),12.32929663700088,-47.63305254199986,-25.32549347099848,55.338050829259124
2026-08-16T09:45:00Z,G15,32260,GPS BIIRM-4 (PRN 15),37.604483519000496,-26.80653568699927,-14.971324832000391,48.54717400111377
2026-08-16T09:45:00Z,G29,32384,GPS BIIRM-5 (PRN 29),15.534151659998315,-12.480785071000355,55.94092174499929,59.384060062145196
2026-08-16T09:45:00Z,G07,32711,GPS BIIRM-6 (PRN 07),26.035390506000113,25.820106904000113,43.58486022299985,56.95752382251487
2026-08-16T09:45:00Z,G05,35752,GPS BIIRM-8 (PRN 05),5.072350186999756,-27.581673447999492,47.26110996500029,54.955345160734694
2026-08-16T09:45:00Z,G25,36585,GPS BIIF-1  (PRN 25),4.175220707000335,-52.81470719000001,2.9724791449989425,53.06280614314566
2026-08-16T09:45:00Z,G24,38833,GPS BIIF-3  (PRN 24),36.1312073529989,-19.38140221300091,-93.84673691999978,102.41246470551897
2026-08-16T09:45:00Z,G27,39166,GPS BIIF-4  (PRN 27),-45.10071837099997,18.382308105999982,14.253703676000441,50.74595666028374
2026-08-16T09:45:00Z,G30,39533,GPS BIIF-5  (PRN 30),41.3817523609996,32.062958079000964,12.849606429001142,53.903572187964464
2026-08-16T09:45:00Z,G06,39741,GPS BIIF-6  (PRN 06),38.771840701000656,29.911372452999785,7.565076797000074,49.54973481574199
2026-08-16T09:45:00Z,G09,40105,GPS BIIF-7  (PRN 09),-11.484675825999147,13.203672579999875,58.341439531000105,60.90942714373097
2026-08-16T09:45:00Z,G03,40294,GPS BIIF-8  (PRN 03),-9.120676096001262,51.1648628310013,-23.763810439002555,57.1467287562831
2026-08-16T09:45:00Z,G26,40534,GPS BIIF-9  (PRN 26),-6.53933127099981,-9.911361208000017,53.746266045000084,55.04233868802499
2026-08-16T09:45:00Z,G08,40730,GPS BIIF-10 (PRN 08),-41.52268630300023,21.815630140001304,-14.47626784699969,49.08785518843508
2026-08-16T09:45:00Z,G10,41019,GPS BIIF-11 (PRN 10),-0.25811196099857625,-31.348511788997712,-49.43302447099995,58.53562779640976
2026-08-16T09:45:00Z,G32,41328,GPS BIIF-12 (PRN 32),-23.7956755089981,6.62597600999834,-49.102881900000284,54.96572333645743
2026-08-16T09:45:00Z,G04,43873,GPS BIII-1  (PRN 04),-32.09802503500032,16.241337381999983,41.679019395998694,55.05637936620508
2026-08-16T09:45:00Z,G18,44506,GPS BIII-2  (PRN 18),-28.851549245999195,-26.496890728999915,37.85571062600138,54.47524152492059
2026-08-16T09:45:00Z,G23,45854,GPS BIII-3  (PRN 23),2.606543904999853,-47.37324855800034,-24.33811011600119,53.3231877712255
2026-08-16T09:45:00Z,G14,46826,GPS BIII-4  (PRN 14),0.34911755100074515,34.942510734999814,-40.449310485999376,53.453228698767795
2026-08-16T09:45:00Z,G11,48859,GPS BIII-5  (PRN 11),31.61613356700036,21.70252857500236,36.66975692900087,53.05893630207082
2026-08-16T09:45:00Z,G28,55268,GPS BIII-6  (PRN 28),-40.78878667400022,-28.725581310000052,0.4028246060006495,49.89034383122371
2026-08-16T09:45:00Z,G01,62339,GPS BIII-7  (PRN 01),1.5935498969993205,8.753999499000201,-57.093982701000186,57.783170293475855
2026-08-16T09:45:00Z,G21,64202,GPS BIII-8  (PRN 21),5.329542908999883,-3.6374562889977824,57.14160409499982,57.50476531925803
2026-08-16T09:45:00Z,G20,67588,GPS BIII-9  (PRN 20),46.22713902800024,-20.901811996000106,5.268176488003519,51.00576252678662
2026-08-16T09:45:00Z,G13,68791,GPS BIII-10 (PRN 13),1.3399886659990443,-31.932533690000128,-24.511060189001,40.27746701416102
2026-08-16T10:00:00Z,G22,26407,GPS BIIR-5  (PRN 22),1.3625327429999743,26.99122243799866,-49.902075274998424,56.75032776050618
2026-08-16T10:00:00Z,G16,27663,GPS BIIR-8  (PRN 16),-6.575178846,10.353783575999842,54.791712375000316,56.14771194073978
2026-08-16T10:00:00Z,G19,28190,GPS BIIR-11 (PRN 19),32.90576415599935,-7.131137659001979,-43.857912768999086,55.291581198723385
2026-08-16T10:00:00Z,G02,28474,GPS BIIR-13 (PRN 02),-22.232177843998215,-4.9258189580032194,-54.59363011200003,59.152327704833944
2026-08-16T10:00:00Z,G17,28874,GPS BIIRM-1 (PRN 17),9.174590837999858,0.5854622890001338,-54.59124767299954,55.359915151952045
2026-08-16T10:00:00Z,G31,29486,GPS BIIRM-2 (PRN 31),-39.68741383700001,-24.456563013998675,19.308551992999128,50.45824483266673
2026-08-16T10:00:00Z,G12,29601,GPS BIIRM-3 (PRN 12),9.652732369999285,-44.82183549900037,-32.31491752000147,56.09301270239262
2026-08-16T10:00:00Z,G15,32260,GPS BIIRM-4 (PRN 15),37.22300450699913,-29.435656465000648,-7.955892924997897,48.11762845660251
2026-08-16T10:00:00Z,G29,32384,GPS BIIRM-5 (PRN 29),20.67873941200014,-15.573930748999828,52.71483580499989,58.7282853197005
2026-08-16T10:00:00Z,G07,32711,GPS BIIRM-6 (PRN 07),22.748622183997213,21.522858894999445,48.35709677699924,57.6119959295317
2026-08-16T10:00:00Z,G05,35752,GPS BIIRM-8 (PRN 05),3.4807606209997175,-22.24879236000197,51.065602312999545,55.81057422718932
2026-08-16T10:00:00Z,G25,36585,GPS BIIF-1  (PRN 25),1.7684691279991966,-52.8020366830001,-4.906225744001858,53.05896354039231
2026-08-16T10:00:00Z,G24,38833,GPS BIIF-3  (PRN 24),45.115311057001236,-15.108754353999757,-90.40056999100034,102.15639385078761
2026-08-16T10:00:00Z,G27,39166,GPS BIIF-4  (PRN 27),-42.40591472999995,19.658372993999365,21.35151356500137,51.38677227045563
2026-08-16T10:00:00Z,G30,39533,GPS BIIF-5  (PRN 30),41.08798856199974,29.173729888000707,20.370633280999755,54.35339934096139
2026-08-16T10:00:00Z,G06,39741,GPS BIIF-6  (PRN 06),40.717396333999204,27.879778852999152,0.08452009400207317,49.34770082545286
2026-08-16T10:00:00Z,G09,40105,GPS BIIF-7  (PRN 09),-16.58967054599998,16.863176192000537,55.52307958900019,60.35226795368773
2026-08-16T10:00:00Z,G03,40294,GPS BIIF-8  (PRN 03),-6.248724962999404,48.389080699998885,-31.153977702000702,57.8888592158368
2026-08-16T10:00:00Z,G26,40534,GPS BIIF-9  (PRN 26),-7.2782409989999906,-15.602782482001203,51.76998651899976,54.55777779013351
2026-08-16T10:00:00Z,G08,40730,GPS BIIF-10 (PRN 08),-41.476272429001256,24.480948850999994,-7.395915803001117,48.72676473782237
2026-08-16T10:00:00Z,G10,41019,GPS BIIF-11 (PRN 10),-1.5579764319991227,-36.72440468000059,-44.32433873000082,57.58260321933148
2026-08-16T10:00:00Z,G32,41328,GPS BIIF-12 (PRN 32),-18.354656977997365,5.227458681998542,-52.42085160299939,55.7867855305863
2026-08-16T10:00:00Z,G04,43873,GPS BIII-1  (PRN 04),-35.1977240519991,19.74761614299996,36.00221445400166,54.08333909221836
2026-08-16T10:00:00Z,G18,44506,GPS BIII-2  (PRN 18),-26.41108628800066,-22.339387484000326,43.33671440100079,55.44965759268885
2026-08-16T10:00:00Z,G23,45854,GPS BIII-3  (PRN 23),0.10303406499951961,-49.79355975099952,-17.000079411001934,52.61570021082378
2026-08-16T10:00:00Z,G14,46826,GPS BIII-4  (PRN 14),1.7377483079999365,39.19927885300058,-34.88386584000182,52.50226021535169
2026-08-16T10:00:00Z,G11,48859,GPS BIII-5  (PRN 11),35.79395583199948,22.243076754999493,30.602409278999403,52.08137086628305
2026-08-16T10:00:00Z,G28,55268,GPS BIII-6  (PRN 28),-41.97016489700036,-26.403825611001594,-7.122635668998555,50.09379889019075
2026-08-16T10:00:00Z,G01,62339,GPS BIII-7  (PRN 01),-3.1069545930004097,4.715595808998842,-57.64574917599998,57.92169203967643
2026-08-16T10:00:00Z,G21,64202,GPS BIII-8  (PRN 21),4.779365670000061,2.587218007000047,57.16721702799987,57.424966137994005
2026-08-16T10:00:00Z,G20,67588,GPS BIII-9  (PRN 20),44.20944891299996,-22.73860348800008,12.778855505999672,51.33048421570617
2026-08-16T10:00:00Z,G13,68791,GPS BIII-10 (PRN 13),-0.973844841000755,-29.11833168299927,-29.52193447099853,41.477345969642684
2026-08-16T10:15:00Z,G22,26407,GPS BIIR-5  (PRN 22),2.3020758659986313,32.42812590700123,-45.66303067700028,56.053503670527206
2026-08-16T10:15:00Z,G16,27663,GPS BIIR-8  (PRN 16),-5.5834570800000165,4.402383701999497,56.0589936260003,56.50811217501232
2026-08-16T10:15:00Z,G19,28190,GPS BIIR-11 (PRN 19),27.769892864998837,-6.511730860998796,-48.57758605199888,56.33250797877682
2026-08-16T10:15:00Z,G02,28474,GPS BIIR-13 (PRN 02),-28.020385969000927,-6.332474164999439,-51.04290883499925,58.571501613329104
2026-08-16T10:15:00Z,G17,28874,GPS BIIRM-1 (PRN 17),3.766539169999305,2.965842503001113,-55.53795134200004,55.74448024995938
2026-08-16T10:15:00Z,G31,29486,GPS BIIRM-2 (PRN 31),-42.416176778000136,-23.31860474200039,12.048100890002388,49.88031790828801
2026-08-16T10:15:00Z,G12,29601,GPS BIIRM-3 (PRN 12),7.271675899000911,-41.08776043100079,-38.72449607299859,56.926864692543084
2026-08-16T10:15:00Z,G15,32260,GPS BIIRM-4 (PRN 15),36.07417355000143,-31.609982701000263,-0.8104701969969028,47.97076052777753
2026-08-16T10:15:00Z,G29,32384,GPS BIIRM-5 (PRN 29),25.127779047998047,-19.09895591999998,48.58627544800038,57.93791124150125
2026-08-16T10:15:00Z,G07,32711,GPS BIIRM-6 (PRN 07),18.684655768000084,17.437620925000374,52.245418287000575,58.16159142145548
2026-08-16T10:15:00Z,G05,35752,GPS BIIRM-8 (PRN 05),2.578011892000177,-16.45457087899922,54.00096476300041,56.51108956180296
2026-08-16T10:15:00Z,G25,36585,GPS BIIF-1  (PRN 25),-0.6050290780003706,-51.76111338499959,-12.678560964999633,53.294697927497644
2026-08-16T10:15:00Z,G24,38833,GPS BIIF-3  (PRN 24),54.02920471500329,-11.835647449001044,-85.45935433700106,101.79655571958159
2026-08-16T10:15:00Z,G27,39166,GPS BIIF-4  (PRN 27),-39.05242925700031,20.27013358000113,28.112606419999793,52.21387924632604
2026-08-16T10:15:00Z,G30,39533,GPS BIIF-5  (PRN 30),39.87279092599783,25.99177372899976,27.514147213001706,54.976722844005415
2026-08-16T10:15:00Z,G06,39741,GPS BIIF-6  (PRN 06),41.843169278999994,25.281518554000286,-7.382818441001291,49.4420064706126
2026-08-16T10:15:00Z,G09,40105,GPS BIIF-7  (PRN 09),-20.982820741999603,20.931097650999618,51.745415494000554,59.63201857905972
2026-08-16T10:15:00Z,G03,40294,GPS BIIF-8  (PRN 03),-3.717950831000053,44.62531247399966,-37.99000329499904,58.723777314967414
2026-08-16T10:15:00Z,G26,40534,GPS BIIF-9  (PRN 26),-8.645870248999927,-20.952761847001966,48.87483858700034,53.87503269869134
2026-08-16T10:15:00Z,G08,40730,GPS BIIF-10 (PRN 08),-40.59320034099983,26.767144193001513,-0.17066816800070228,48.62424343675747
2026-08-16T10:15:00Z,G10,41019,GPS BIIF-11 (PRN 10),-3.4987021010001627,-41.387992148000194,-38.432632400999864,56.58863882180639
2026-08-16T10:15:00Z,G32,41328,GPS BIIF-12 (PRN 32),-12.89368155199918,3.0289209880029375,-54.84464658900015,56.421242859301266
2026-08-16T10:15:00Z,G04,43873,GPS BIII-1  (PRN 04),-37.38429962599912,23.34825472800003,29.707641103999777,53.15327644966123
2026-08-16T10:15:00Z,G18,44506,GPS BIII-2  (PRN 18),-23.10204436099957,-18.274057133000042,48.07150405600078,56.378321365253875
2026-08-16T10:15:00Z,G23,45854,GPS BIII-3  (PRN 23),-2.6632441540004947,-51.20802046599965,-9.38160281400269,52.12838670848888
2026-08-16T10:15:00Z,G14,46826,GPS BIII-4  (PRN 14),3.61728259100164,42.71967538900026,-28.709870893999323,51.59759767115934
2026-08-16T10:15:00Z,G11,48859,GPS BIII-5  (PRN 11),39.534164146999956,21.979826687998866,24.012449887999537,51.21191917571624
2026-08-16T10:15:00Z,G28,55268,GPS BIII-6  (PRN 28),-42.271833279999555,-23.6485206870002,-14.53536622500178,50.57111122795777
2026-08-16T10:15:00Z,G01,62339,GPS BIII-7  (PRN 01),-8.261305059000733,1.2621838920003938,-57.209606196000095,57.81679090503475
2026-08-16T10:15:00Z,G21,64202,GPS BIII-8  (PRN 21),4.984614192000208,8.798879126999964,56.208024684000065,57.11049545759349
2026-08-16T10:15:00Z,G20,67588,GPS BIII-9  (PRN 20),41.415249195,-23.96435133200066,20.067347904001508,51.886524768457406
2026-08-16T10:15:00Z,G13,68791,GPS BIII-10 (PRN 13),-2.8650730589997693,-25.649793382999633,-34.01674441100113,42.69964220631543
2026-08-16T10:30:00Z,G22,26407,GPS BIIR-5  (PRN 22),3.870785617000365,37.32133051200071,-40.61064935600007,55.290953451670205
2026-08-16T10:30:00Z,G16,27663,GPS BIIR-8  (PRN 16),-5.313116079999986,-1.7254498049987887,56.34310363299994,56.61935805453905
2026-08-16T10:30:00Z,G19,28190,GPS BIIR-11 (PRN 19),22.37292670199895,-5.087802854999609,-52.45062599599987,57.249469468953315
2026-08-16T10:30:00Z,G02,28474,GPS BIIR-13 (PRN 02),-33.627558910000516,-6.946810904000813,-46.601311317999716,57.88569008432592
2026-08-16T10:30:00Z,G17,28874,GPS BIIRM-1 (PRN 17),-1.371582406998641,6.026310364999517,-55.54864275800014,55.89140691707814
2026-08-16T10:30:00Z,G31,29486,GPS BIIRM-2 (PRN 31),-44.386049809000724,-21.551227134999863,4.585608744000638,49.55405751524796
2026-08-16T10:30:00Z,G12,29601,GPS BIIRM-3 (PRN 12),5.331417154000519,-36.53404261399919,-44.44163623200075,57.777325219924826
2026-08-16T10:30:00Z,G15,32260,GPS BIIRM-4 (PRN 15),34.24309379500119,-33.205136657001276,6.354143985998235,48.12011761060208
2026-08-16T10:30:00Z,G29,32384,GPS BIIRM-5 (PRN 29),28.778293287999986,-22.912123321999957,43.62340422499983,57.06274577927715
2026-08-16T10:30:00Z,G07,32711,GPS BIIRM-6 (PRN 07),13.94226974999765,13.719041906000712,55.19657030200051,58.55988703629804
2026-08-16T10:30:00Z,G05,35752,GPS BIIRM-8 (PRN 05),2.4259153610000794,-10.36545312599992,56.01466969300054,57.01728601627748
2026-08-16T10:30:00Z,G25,36585,GPS BIIF-1  (PRN 25),-2.782932804000666,-49.72618942100053,-20.203504866000003,53.74588577924168
2026-08-16T10:30:00Z,G24,38833,GPS BIIF-3  (PRN 24),62.63929281200035,-9.576557430998946,-79.11211125000045,101.36132202496763
2026-08-16T10:30:00Z,G27,39166,GPS BIIF-4  (PRN 27),-35.170093497999915,20.127356041000894,34.420736916999886,53.16797031830903
2026-08-16T10:30:00Z,G30,39533,GPS BIIF-5  (PRN 30),37.72983333400043,22.681861892000597,34.156415042001754,55.719546577666286
2026-08-16T10:30:00Z,G06,39741,GPS BIIF-6  (PRN 06),42.07112750899978,22.264508895999825,-14.7109365360011,49.82067623010376
2026-08-16T10:30:00Z,G09,40105,GPS BIIF-7  (PRN 09),-24.561711448997812,25.253337174999615,47.07165291799902,58.79412569475468
2026-08-16T10:30:00Z,G03,40294,GPS BIIF-8  (PRN 03),-1.6826983779992588,39.98322389900204,-44.15193092800109,59.58928319639387
2026-08-16T10:30:00Z,G26,40534,GPS BIIF-9  (PRN 26),-10.568882773999576,-25.80744817100276,45.11186983799962,53.03589788501896
2026-08-16T10:30:00Z,G08,40730,GPS BIIF-10 (PRN 08),-38.93976669700078,28.53615442299997,7.079015095998329,48.792724810155086
2026-08-16T10:30:00Z,G10,41019,GPS BIIF-11 (PRN 10),-5.95313482200072,-45.19701402600003,-31.86637015100132,55.620818383731006
2026-08-16T10:30:00Z,G32,41328,GPS BIIF-12 (PRN 32),-7.5841868839997915,0.06703390600159764,-56.32626897199998,56.83461058670215
2026-08-16T10:30:00Z,G04,43873,GPS BIII-1  (PRN 04),-38.62773783099874,26.874684051999793,22.901754541002447,52.33393864302121
2026-08-16T10:30:00Z,G18,44506,GPS BIII-2  (PRN 18),-18.990339014999336,-14.463508060000095,51.982044325999595,57.20103996971104
2026-08-16T10:30:00Z,G23,45854,GPS BIII-3  (PRN 23),-5.522161603999848,-51.577450264999925,-1.6173271579973516,51.89743145624094
2026-08-16T10:30:00Z,G14,46826,GPS BIII-4  (PRN 14),5.860154075000537,45.400661175001005,-22.037906057001237,50.805814079563774
2026-08-16T10:30:00Z,G11,48859,GPS BIII-5  (PRN 11),42.68785709500003,20.984483282998553,17.01079082599972,50.517013832406064
2026-08-16T10:30:00Z,G28,55268,GPS BIII-6  (PRN 28),-41.6413342370015,-20.613574310998956,-21.70806100200207,51.28508628616503
2026-08-16T10:30:00Z,G01,62339,GPS BIII-7  (PRN 01),-13.72064383000179,-1.5119925839990174,-55.79330356799983,57.475515758580336
2026-08-16T10:30:00Z,G21,64202,GPS BIII-8  (PRN 21),5.9293276479997985,14.819748558002175,54.28103644700059,56.579261142580755
2026-08-16T10:30:00Z,G20,67588,GPS BIII-9  (PRN 20),37.96867327400014,-24.470623627999885,27.006505512999865,52.62872705048728
2026-08-16T10:30:00Z,G13,68791,GPS BIII-10 (PRN 13),-4.230291316000148,-21.63574852199963,-37.918088065998745,43.860943689189725
2026-08-16T10:45:00Z,G22,26407,GPS BIIR-5  (PRN 22),5.96666079500028,41.524575376999564,-34.82475341100144,54.522058393092315
2026-08-16T10:45:00Z,G16,27663,GPS BIIR-8  (PRN 16),-5.778585260999989,-7.84853317300076,55.630962467000245,56.47827463362465
2026-08-16T10:45:00Z,G19,28190,GPS BIIR-11 (PRN 19),16.894815510000626,-2.8592449520001537,-55.400958676999835,57.99031208006333
2026-08-16T10:45:00Z,G02,28474,GPS BIIR-13 (PRN 02),-38.876044573999025,-6.796856642000421,-41.332458541999586,57.14819534383898
2026-08-16T10:45:00Z,G17,28874,GPS BIIRM-1 (PRN 17),-6.092923423002503,9.683460164998905,-54.61369015299988,55.79917802919295
2026-08-16T10:45:00Z,G31,29486,GPS BIIRM-2 (PRN 31),-45.499100369999724,-19.283708173001287,-2.9438799989984545,49.50450449029148
2026-08-16T10:45:00Z,G12,29601,GPS BIIRM-3 (PRN 12),3.956187391999265,-31.292623787001503,-49.36762618400098,58.58363455094508
2026-08-16T10:45:00Z,G15,32260,GPS BIIRM-4 (PRN 15),31.836921353000434,-34.1150813029999,13.426751543000137,48.55621474687751
2026-08-16T10:45:00Z,G29,32384,GPS BIIRM-5 (PRN 29),31.55690671100092,-26.854255129999984,37.90850044599938,56.160874154684244
2026-08-16T10:45:00Z,G07,32711,GPS BIIRM-6 (PRN 07),8.644700061002368,10.500810628999716,57.17576588199972,58.771303092615284
2026-08-16T10:45:00Z,G05,35752,GPS BIIRM-8 (PRN 05),3.054298774999552,-4.158227785002964,57.0693461809999,57.30209309306024
2026-08-16T10:45:00Z,G25,36585,GPS BIIF-1  (PRN 25),-4.612453400999584,-46.76686764600163,-27.346284143997764,54.37125980036963
2026-08-16T10:45:00Z,G24,38833,GPS BIIF-3  (PRN 24),70.71804103799877,-8.302189974998328,-71.46773527200094,100.88411605174447
2026-08-16T10:45:00Z,G27,39166,GPS BIIF-4  (PRN 27),-30.906038909000017,19.16757044500264,40.165109788000336,54.18316197944599
2026-08-16T10:45:00Z,G30,39533,GPS BIIF-5  (PRN 30),34.68661601500207,19.409095371999683,40.18401143600022,56.521049962117424
2026-08-16T10:45:00Z,G06,39741,GPS BIIF-6  (PRN 06),41.354725967001286,18.989934033999816,-21.776616489001754,50.44850820520363
2026-08-16T10:45:00Z,G09,40105,GPS BIIF-7  (PRN 09),-27.255349621002097,29.661107872999764,41.581118243000674,57.893218925494125
2026-08-16T10:45:00Z,G03,40294,GPS BIIF-8  (PRN 03),-0.2745354930011672,34.60311672000171,-49.533187387,60.423403654466824
2026-08-16T10:45:00Z,G26,40534,GPS BIIF-9  (PRN 26),-12.947663686999476,-30.031293367002945,40.54870900300011,52.09336213047323
2026-08-16T10:45:00Z,G08,40730,GPS BIIF-10 (PRN 08),-36.60890238199954,29.666536295000697,14.230668187999981,49.22222086044391
2026-08-16T10:45:00Z,G10,41019,GPS BIIF-11 (PRN 10),-8.7707517559993,-48.04042819099959,-24.746902243998193,54.74685377091506
2026-08-16T10:45:00Z,G32,41328,GPS BIIF-12 (PRN 32),-2.5901756129969726,-3.5889130879986624,-56.833617697,57.005696271408915
2026-08-16T10:45:00Z,G04,43873,GPS BIII-1  (PRN 04),-38.93214245600029,30.15750420799941,15.699967618998926,51.68825552780261
2026-08-16T10:45:00Z,G18,44506,GPS BIII-2  (PRN 18),-14.172008762998303,-11.0563566790006,55.00456713099993,57.86701357993568
2026-08-16T10:45:00Z,G23,45854,GPS BIII-3  (PRN 23),-8.299903203000213,-50.899675129,6.156473864997679,51.93811213229947
2026-08-16T10:45:00Z,G14,46826,GPS BIII-4  (PRN 14),8.322703658999671,47.16892382199876,-14.987289503002103,50.187584295001145
2026-08-16T10:45:00Z,G11,48859,GPS BIII-5  (PRN 11),45.12446740900009,19.356233254999097,9.715302167998743,50.05265648278186
2026-08-16T10:45:00Z,G28,55268,GPS BIII-6  (PRN 28),-40.059225600998616,-17.461252078000143,-28.516978187999484,52.180982406026104
2026-08-16T10:45:00Z,G01,62339,GPS BIII-7  (PRN 01),-19.321984651000093,-3.5417745079994347,-53.421247993999714,56.91847674310527
2026-08-16T10:45:00Z,G21,64202,GPS BIII-8  (PRN 21),7.565208070000153,20.478936676998273,51.41966185400088,55.86233834832456
2026-08-16T10:45:00Z,G20,67588,GPS BIII-9  (PRN 20),34.015171719000136,-24.176167280998925,33.475571465998655,53.49890518923816
2026-08-16T10:45:00Z,G13,68791,GPS BIII-10 (PRN 13),-4.988305606000722,-17.204324022000947,-41.159294122000574,44.888299705983606
2026-08-16T11:00:00Z,G22,26407,GPS BIIR-5  (PRN 22),8.462763284000175,44.91375341300045,-28.400055285001145,53.80916974118772
2026-08-16T11:00:00Z,G16,27663,GPS BIIR-8  (PRN 16),-6.960247870999865,-13.784330207003222,53.92837431499993,56.095653717023424
2026-08-16T11:00:00Z,G19,28190,GPS BIIR-11 (PRN 19),11.51589158600109,0.13848465999762993,-57.37004089500033,58.514583902780984
2026-08-16T11:00:00Z,G02,28474,GPS BIIR-13 (PRN 02),-43.59556902000077,-5.942801432998749,-35.31544868999845,56.418715363127646
2026-08-16T11:00:00Z,G17,28874,GPS BIIRM-1 (PRN 17),-10.266833396002767,13.826469512998301,-52.739080037999884,55.47963311369053
2026-08-16T11:00:00Z,G31,29486,GPS BIIRM-2 (PRN 31),-45.68785225299871,-16.663121239000247,-10.404910073000792,49.73229942949244
2026-08-16T11:00:00Z,G12,29601,GPS BIIRM-3 (PRN 12),3.243809342999157,-25.51861826000095,-53.41935193000063,59.29038149290865
2026-08-16T11:00:00Z,G15,32260,GPS BIIRM-4 (PRN 15),28.980864448999455,-34.25582087899966,20.29691407899736,49.24750236748652
2026-08-16T11:00:00Z,G29,32384,GPS BIIRM-5 (PRN 29),33.4224865569995,-30.75639247900017,31.53674392800167,55.2954293188457
2026-08-16T11:00:00Z,G07,32711,GPS BIIRM-6 (PRN 07),2.9345518720001564,7.89072909800052,58.166160525999885,58.7722505160716
2026-08-16T11:00:00Z,G05,35752,GPS BIIRM-8 (PRN 05),4.459144319000188,1.9865567089982505,57.143549484000005,57.351683700185255
2026-08-16T11:00:00Z,G25,36585,GPS BIIF-1  (PRN 25),-5.956897944999582,-42.9846668809987,-33.98111897199851,55.11699072506303
2026-08-16T11:00:00Z,G24,38833,GPS BIIF-3  (PRN 24),78.05121484700067,-7.941173250999782,-62.652914618996874,100.40140478076174
2026-08-16T11:00:00Z,G27,39166,GPS BIIF-4  (PRN 27),-26.419022938000126,17.359248952998314,45.242380095000044,55.19222095432658
2026-08-16T11:00:00Z,G30,39533,GPS BIIF-5  (PRN 30),30.80322414300099,16.33196428700012,45.49575993399958,57.318721610377246
2026-08-16T11:00:00Z,G06,39741,GPS BIIF-6  (PRN 06),39.68059891599842,15.62574939499973,-28.46133782600009,51.27145136753369
2026-08-16T11:00:00Z,G09,40105,GPS BIIF-7  (PRN 09),-29.02687886000058,33.97710176700002,35.367961501000536,56.990313576734074
2026-08-16T11:00:00Z,G03,40294,GPS BIIF-8  (PRN 03),0.40335113299988734,28.65007983599935,-54.04247719799969,61.1684486352396
2026-08-16T11:00:00Z,G26,40534,GPS BIIF-9  (PRN 26),-15.66009204799957,-33.51227058999939,35.26824486900114,51.10929327616439
2026-08-16T11:00:00Z,G08,40730,GPS BIIF-10 (PRN 08),-33.716572211999846,30.058343589000287,21.161761323000974,49.88117283437765
2026-08-16T11:00:00Z,G10,41019,GPS BIIF-11 (PRN 10),-11.783945813998798,-49.84258290900107,-17.205828477002797,54.029482540257085
2026-08-16T11:00:00Z,G32,41328,GPS BIIF-12 (PRN 32),1.9384231379990524,-7.8388259900002595,-56.35152665099986,56.92713968804142
2026-08-16T11:00:00Z,G04,43873,GPS BIII-1  (PRN 04),-38.33534682500067,33.032807993999086,8.224777179999364,51.268042480888006
2026-08-16T11:00:00Z,G18,44506,GPS BIII-2  (PRN 18),-8.769726867998543,-8.181242417999783,57.09048376300052,58.33664519952103
2026-08-16T11:00:00Z,G23,45854,GPS BIII-3  (PRN 23),-10.82604075600102,-49.20910575000016,13.804437257000245,52.242719446328124
2026-08-16T11:00:00Z,G14,46826,GPS BIII-4  (PRN 14),10.85101168500114,47.983356437999646,-7.683752673001436,49.79143505447508
2026-08-16T11:00:00Z,G11,48859,GPS BIII-5  (PRN 11),46.7364840350001,17.21777651999946,2.249026730998594,49.85788693359568
2026-08-16T11:00:00Z,G28,55268,GPS BIII-6  (PRN 28),-37.539985139002965,-14.355528317999415,-34.844112773000234,53.192517072075134
2026-08-16T11:00:00Z,G01,62339,GPS BIII-7  (PRN 01),-24.893982249002875,-4.793774247998954,-50.13402887899974,56.179279769278175
2026-08-16T11:00:00Z,G21,64202,GPS BIII-8  (PRN 21),9.813100182999733,25.6186472469999,47.673097766000865,55.003056938450996
2026-08-16T11:00:00Z,G20,67588,GPS BIII-9  (PRN 20),29.715431137999985,-23.030341063000378,39.36233038099999,54.431576407617804
2026-08-16T11:00:00Z,G13,68791,GPS BIII-10 (PRN 13),-5.08369830599986,-12.49775844100077,-43.68555635299981,45.72161183059007
2026-08-16T11:15:00Z,G22,26407,GPS BIIR-5  (PRN 22),11.212293951999527,47.39215185300054,-21.44497699099884,53.21295548142743
2026-08-16T11:15:00Z,G16,27663,GPS BIIR-8  (PRN 16),-8.805084321999857,-19.356189562997315,51.26037816000098,55.49610755199431
2026-08-16T11:15:00Z,G19,28190,GPS BIIR-11 (PRN 19),6.409619934998773,3.8355092919991876,-58.318468035999786,58.794881352938155
2026-08-16T11:15:00Z,G02,28474,GPS BIIR-13 (PRN 02),-47.62989617899984,-4.474967243999345,-28.64430510499733,55.75956022786897
2026-08-16T11:15:00Z,G17,28874,GPS BIIRM-1 (PRN 17),-13.783804384001996,18.320953481999823,-49.9470125429998,54.95775342712449
2026-08-16T11:15:00Z,G31,29486,GPS BIIRM-2 (PRN 31),-44.918119247000504,-13.848008059001586,-17.664318118000665,50.21387157413633
2026-08-16T11:15:00Z,G12,29601,GPS BIIRM-3 (PRN 12),3.261988685999313,-19.384180033997836,-56.530570553999496,59.85058406514295
2026-08-16T11:15:00Z,G15,32260,GPS BIIRM-4 (PRN 15),25.813890798000102,-33.56870120899839,26.85614503599936,50.1444631558133
2026-08-16T11:15:00Z,G29,32384,GPS BIIRM-5 (PRN 29),34.36754013099926,-34.446486155,24.614777959002822,54.530500795916616
2026-08-16T11:15:00Z,G07,32711,GPS BIIRM-6 (PRN 07),-3.031918097000016,5.967647200999636,58.1679480979999,58.551819155292904
2026-08-16T11:15:00Z,G05,35752,GPS BIIRM-8 (PRN 05),6.602659036000659,7.89119175399901,56.23229025799992,57.16586814965741
2026-08-16T11:15:00Z,G25,36585,GPS BIIF-1  (PRN 25),-6.701261680000243,-38.50869350499852,-39.993629446998966,55.92241750773671
2026-08-16T11:15:00Z,G24,38833,GPS BIIF-3  (PRN 24),84.44499617700058,-8.383608000000095,-52.810053048000555,99.95070767815474
2026-08-16T11:15:00Z,G27,39166,GPS BIIF-4  (PRN 27),-21.873685869000838,14.703792516000249,49.558681739999884,56.13129771932865
2026-08-16T11:15:00Z,G30,39533,GPS BIIF-5  (PRN 30),26.169973273001233,13.596253075999812,50.00435364199984,58.05308761789003
2026-08-16T11:15:00Z,G06,39741,GPS BIIF-6  (PRN 06),37.069292528001824,12.340244871999857,-34.65313796400005,52.22311808748605
2026-08-16T11:15:00Z,G09,40105,GPS BIIF-7  (PRN 09),-29.874795469000674,38.022669697,28.539543532999232,56.14919732528457
2026-08-16T11:15:00Z,G03,40294,GPS BIIF-8  (PRN 03),0.28010004999850935,22.30748495199805,-57.60526829899936,61.77434157254393
2026-08-16T11:15:00Z,G26,40534,GPS BIIF-9  (PRN 26),-18.566941611000402,-36.166239865000534,29.366955473000417,50.15123428702669
2026-08-16T11:15:00Z,G08,40730,GPS BIIF-10 (PRN 08),-30.397580036000136,29.637537451002572,27.75173261799864,50.720362395250135
2026-08-16T11:15:00Z,G10,41019,GPS BIIF-11 (PRN 10),-14.815468253998915,-50.56614271500075,-9.382135486997868,53.52062550975519
2026-08-16T11:15:00Z,G32,41328,GPS BIIF-12 (PRN 32),5.871516988998337,-12.555443377001211,-54.88250378399971,56.60568073741294
2026-08-16T11:15:00Z,G04,43873,GPS BIII-1  (PRN 04),-36.90736818000005,35.34880464699927,0.603743272000429,51.10828036516473
2026-08-16T11:15:00Z,G18,44506,GPS BIII-2  (PRN 18),-2.928201717000775,-5.9422337590003735,58.20700755600001,58.582763983669224
2026-08-16T11:15:00Z,G23,45854,GPS BIII-3  (PRN 23),-12.940507661000083,-46.57525036199968,21.194573952998326,52.781821206325084
2026-08-16T11:15:00Z,G14,46826,GPS BIII-4  (PRN 14),13.287478305999684,47.836586864999845,-0.2570068410022941,49.64838542330868
2026-08-16T11:15:00Z,G11,48859,GPS BIII-5  (PRN 11),47.44382739100001,14.710421101000975,-5.261702273000992,49.94996253537616
2026-08-16T11:15:00Z,G28,55268,GPS BIII-6  (PRN 28),-34.131864104998385,-11.455675743999564,-40.57933620100084,54.248494730707456
2026-08-16T11:15:00Z,G01,62339,GPS BIII-7  (PRN 01),-30.26341238399982,-5.267270988999371,-45.98766280400014,55.30355687449051
2026-08-16T11:15:00Z,G21,64202,GPS BIII-8  (PRN 21),12.566362925999783,30.099944184999913,43.10548535599992,54.055554616564386
2026-08-16T11:15:00Z,G20,67588,GPS BIII-9  (PRN 20),25.239173342999493,-21.01533405599912,44.565078600999186,55.35979016611649
2026-08-16T11:15:00Z,G13,68791,GPS BIII-10 (PRN 13),-4.4888641239995195,-7.667010264001874,-45.454795262000516,46.314915090307835
2026-08-16T11:30:00Z,G22,26407,GPS BIIR-5  (PRN 22),14.054527080001208,48.89475397199931,-14.08004123000137,52.78706525715715
2026-08-16T11:30:00Z,G16,27663,GPS BIIR-8  (PRN 16),-11.228766910999639,-24.40047457500259,47.671147515000484,54.71751704183812
2026-08-16T11:30:00Z,G19,28190,GPS BIIR-11 (PRN 19),1.735595275000378,8.130295537001075,-58.22708468199994,58.817577194596986
2026-08-16T11:30:00Z,G02,28474,GPS BIIR-13 (PRN 02),-50.843193061999045,-2.510588580998956,-21.427091785000812,55.230911617730875
2026-08-16T11:30:00Z,G17,28874,GPS BIIRM-1 (PRN 17),-16.559772163996968,23.013841463000063,-46.276229709999825,54.271100865748615
2026-08-16T11:30:00Z,G31,29486,GPS BIIRM-2 (PRN 31),-43.190392078000514,-11.001786324000932,-24.59383098500257,50.9048700291952
2026-08-16T11:30:00Z,G12,29601,GPS BIIRM-3 (PRN 12),4.045970918999956,-13.071789429999626,-58.65274492399931,60.22778467368171
2026-08-16T11:30:00Z,G15,32260,GPS BIIRM-4 (PRN 15),22.48403003600015,-32.02286662100232,32.999134992998734,51.18533484868899
2026-08-16T11:30:00Z,G29,32384,GPS BIIRM-5 (PRN 29),34.41840789999878,-37.75617423299991,17.259056079998118,53.92615795563286
2026-08-16T11:30:00Z,G07,32711,GPS BIIRM-6 (PRN 07),-9.090776355998969,4.77964569300002,57.19718865799996,58.11200924150053
2026-08-16T11:30:00Z,G05,35752,GPS BIIRM-8 (PRN 05),9.414663157000177,13.387352892001218,54.34731005699996,56.758146642102744
2026-08-16T11:30:00Z,G25,36585,GPS BIIF-1  (PRN 25),-6.756678466001176,-33.49027068699979,-45.282828903000336,56.725528010234015
2026-08-16T11:30:00Z,G24,38833,GPS BIIF-3  (PRN 24),89.73230092300037,-9.48575485999936,-42.095251636998,99.56844673179388
2026-08-16T11:30:00Z,G27,39166,GPS BIIF-4  (PRN 27),-17.434466196998983,11.236217729998316,53.03163835600026,56.94354982938653
2026-08-16T11:30:00Z,G30,39533,GPS BIIF-5  (PRN 30),20.90384573100164,11.329640348999874,53.6376379430003,58.67135349459382
2026-08-16T11:30:00Z,G06,39741,GPS BIIF-6  (PRN 06),33.57468768900071,9.295733720000499,-40.248373389000335,53.23158723227667
2026-08-16T11:30:00Z,G09,40105,GPS BIIF-7  (PRN 09),-29.83284540600289,41.625028550000025,21.214544673999626,55.43192737522222
2026-08-16T11:30:00Z,G03,40294,GPS BIIF-8  (PRN 03),-0.6803429089995916,15.76988115399945,-60.16483728499952,62.200961918732105
2026-08-16T11:30:00Z,G26,40534,GPS BIIF-9  (PRN 26),-21.517941696999515,-37.94017112600159,22.952911132000736,49.28807694949437
2026-08-16T11:30:00Z,G08,40730,GPS BIIF-10 (PRN 08),-26.800650850999972,28.359407281997846,33.88411454600282,51.67846830150907
2026-08-16T11:30:00Z,G10,41019,GPS BIIF-11 (PRN 10),-17.686105330998544,-50.2133936500004,-1.419165477000206,53.25595980057241
2026-08-16T11:30:00Z,G32,41328,GPS BIIF-12 (PRN 32),9.10391004900157,-17.589155271998607,-52.44711004200144,56.06209872204747
2026-08-16T11:30:00Z,G04,43873,GPS BIII-1  (PRN 04),-34.74769910699979,36.97193571899879,-7.032614144001855,51.222888299458354
2026-08-16T11:30:00Z,G18,44506,GPS BIII-2  (PRN 18),3.1911786000018765,-4.415263772000799,58.33749585600003,58.591309916934556
2026-08-16T11:30:00Z,G23,45854,GPS BIII-3  (PRN 23),-14.499937691998639,-43.09988636700018,28.200605464997352,53.50815401892135
2026-08-16T11:30:00Z,G14,46826,GPS BIII-4  (PRN 14),15.477374919000795,46.75516665299983,7.161770233000425,49.76832020475871
2026-08-16T11:30:00Z,G11,48859,GPS BIII-5  (PRN 11),47.197184426000604,11.988575364001008,-12.689233748998959,50.322130421286616
2026-08-16T11:30:00Z,G28,55268,GPS BIII-6  (PRN 28),-29.915371851999225,-8.910117306999382,-45.622439341001154,55.27862728841236
2026-08-16T11:30:00Z,G01,62339,GPS BIII-7  (PRN 01),-35.261711868999555,-4.993891074000203,-41.052621466000346,54.34744705339926
2026-08-16T11:30:00Z,G21,64202,GPS BIII-8  (PRN 21),15.69523440499961,33.80782379500306,37.79485702100101,53.08258236012795
2026-08-16T11:30:00Z,G20,67588,GPS BIII-9  (PRN 20),20.758701641000698,-18.14700364100281,48.99439409399929,56.21999722167164
2026-08-16T11:30:00Z,G13,68791,GPS BIII-10 (PRN 13),-3.20488344000114,-2.8660527009997168,-46.4382621550003,46.6368709062415
2026-08-16T11:45:00Z,G22,26407,GPS BIIR-5  (PRN 22),16.821181471999807,49.39106572399942,-6.435835151001811,52.57232630916431
2026-08-16T11:45:00Z,G16,27663,GPS BIIR-8  (PRN 16),-14.118556321000142,-28.7732114069986,43.22340435899969,53.80979475562679
2026-08-16T11:45:00Z,G19,28190,GPS BIIR-11 (PRN 19),-2.3673263220007357,12.893339435999223,-57.097559609999735,58.58305001571874
2026-08-16T11:45:00Z,G02,28474,GPS BIIR-13 (PRN 02),-53.125447755000096,-0.18969383200055745,-13.784636819000298,54.885019769978065
2026-08-16T11:45:00Z,G17,28874,GPS BIIRM-1 (PRN 17),-18.539846305000538,27.73857951500031,-41.78203122400009,53.468615352619295
2026-08-16T11:45:00Z,G31,29486,GPS BIIRM-2 (PRN 31),-40.53949713000111,-8.285749630998907,-31.0725160089969,51.74558653286611
2026-08-16T11:45:00Z,G12,29601,GPS BIIRM-3 (PRN 12),5.596953027999916,-6.767032692001521,-59.75545371299995,60.397291852356545
2026-08-16T11:45:00Z,G15,32260,GPS BIIRM-4 (PRN 15),19.142852834999758,-29.616760082997644,38.62504459000047,52.30196327152381
2026-08-16T11:45:00Z,G29,32384,GPS BIIRM-5 (PRN 29),33.63410010999905,-40.52703956900041,9.594004561000474,53.532593342311195
2026-08-16T11:45:00Z,G07,32711,GPS BIIRM-6 (PRN 07),-15.076189154999156,4.342773912000666,55.284470269999474,57.467589280589486
2026-08-16T11:45:00Z,G05,35752,GPS BIIRM-8 (PRN 05),12.79457679799998,18.322477063997212,51.5171120039995,56.15538434053544
2026-08-16T11:45:00Z,G25,36585,GPS BIIF-1  (PRN 25),-6.06403448799756,-28.096379937000165,-49.762678347000474,57.467410208768925
2026-08-16T11:45:00Z,G24,38833,GPS BIIF-3  (PRN 24),93.77782618499987,-11.075413679000121,-30.676326684999367,99.28737327087384
2026-08-16T11:45:00Z,G27,39166,GPS BIIF-4  (PRN 27),-13.25881892399957,7.024798860998999,55.592316758999914,57.581679038821754
2026-08-16T11:45:00Z,G30,39533,GPS BIIF-5  (PRN 30),15.143873409997468,9.636500166000133,56.33953787200062,59.12987878338616
2026-08-16T11:45:00Z,G06,39741,GPS BIIF-6  (PRN 06),29.282009858998208,6.6419965600007345,-45.153371189999234,54.22526301925499
2026-08-16T11:45:00Z,G09,40105,GPS BIIF-7  (PRN 09),-28.968507289999252,44.62383034200002,13.520823566999752,54.89329029063823
2026-08-16T11:45:00Z,G03,40294,GPS BIIF-8  (PRN 03),-2.477588970999932,9.235259230998054,-61.682883014000254,62.4196004239998
2026-08-16T11:45:00Z,G26,40534,GPS BIIF-9  (PRN 26),-24.357840992999627,-38.81388826800139,16.14352911899914,48.58431714799666
2026-08-16T11:45:00Z,G08,40730,GPS BIIF-10 (PRN 08),-23.082404292999968,26.210903687999235,39.44870092699966,52.68784361610313
2026-08-16T11:45:00Z,G10,41019,GPS BIIF-11 (PRN 10),-20.222179841999605,-48.82554163399982,6.538448588002211,53.25055289246838
2026-08-16T11:45:00Z,G32,41328,GPS BIIF-12 (PRN 32),11.559837561999302,-22.77330894499937,-49.08395912200103,55.33071920601129
2026-08-16T11:45:00Z,G04,43873,GPS BIII-1  (PRN 04),-31.98120836399994,37.79206760499983,-14.553005697998742,51.602597193633976
2026-08-16T11:45:00Z,G18,44506,GPS BIII-2  (PRN 18),9.416150898003252,-3.6449582029999874,57.48153204599976,58.36159819942289
2026-08-16T11:45:00Z,G23,45854,GPS BIII-3  (PRN 23),-15.383416996999586,-38.91260813699955,34.704121129998384,54.361904068316626
2026-08-16T11:45:00Z,G14,46826,GPS BIII-4  (PRN 14),17.275123767001787,44.79802555100002,14.442446963999828,50.138580641470384
2026-08-16T11:45:00Z,G11,48859,GPS BIII-5  (PRN 11),45.97989234600027,9.213566667998748,-19.906646436997107,50.94423307169362
2026-08-16T11:45:00Z,G28,55268,GPS BIII-6  (PRN 28),-25.000308734997816,-6.850135998000042,-49.88504006699986,56.2179421761637
2026-08-16T11:45:00Z,G01,62339,GPS BIII-7  (PRN 01),-39.73093510199942,-4.036516312999083,-35.41264641100133,53.375052167234486
2026-08-16T11:45:00Z,G21,64202,GPS BIII-8  (PRN 21),19.051532653000322,36.655278897000244,31.831871877002413,52.15207028142896
2026-08-16T11:45:00Z,G20,67588,GPS BIII-9  (PRN 20),16.441824186000304,-14.474569501999213,52.57465544899969,56.955606751333825
2026-08-16T11:45:00Z,G13,68791,GPS BIII-10 (PRN 13),-1.2618782530007593,1.7541594360009185,-46.62086930800001,46.670921001046516
2026-08-16T12:00:00Z,G22,26407,GPS BIIR-5  (PRN 22),19.343675856000118,48.886852755999826,1.3494533599987335,52.592044953392154
2026-08-16T12:00:00Z,G16,27663,GPS BIIR-8  (PRN 16),-17.33818138400011,-32.355993224002304,37.99734464300127,52.83295402620592
2026-08-16T12:00:00Z,G19,28190,GPS BIIR-11 (PRN 19),-5.786508818000584,17.972629579000568,-54.95237272800023,58.10561390022334
2026-08-16T12:00:00Z,G02,28474,GPS BIIR-13 (PRN 02),-54.397505076000016,2.330480571999942,-5.848839042999316,54.76064842878351
2026-08-16T12:00:00Z,G17,28874,GPS BIIRM-1 (PRN 17),-19.70064491299854,32.32165926300058,-36.53589699499935,52.608714456169416
2026-08-16T12:00:00Z,G31,29486,GPS BIIRM-2 (PRN 31),-37.03317908999816,-5.852514010999585,-36.98900109100032,52.66777454450535
2026-08-16T12:00:00Z,G12,29601,GPS BIIRM-3 (PRN 12),7.882454127000528,-0.65168003099825,-59.82641640100019,60.34697895763245
2026-08-16T12:00:00Z,G15,32260,GPS BIIRM-4 (PRN 15),15.94015712700002,-26.378844112998195,43.63887582899952,53.42549494005785
2026-08-16T12:00:00Z,G29,32384,GPS BIIRM-5 (PRN 29),32.10391783200066,-42.61704734900013,1.7500122689998534,53.384799408187526
2026-08-16T12:00:00Z,G07,32711,GPS BIIRM-6 (PRN 07),-20.826171895001607,4.641606389999652,52.47348079400035,56.645742402392116
2026-08-16T12:00:00Z,G05,35752,GPS BIIRM-8 (PRN 05),16.615302745000008,22.565427949997684,47.78671868700076,55.39708752944588
2026-08-16T12:00:00Z,G25,36585,GPS BIIF-1  (PRN 25),-4.595969999998488,-22.50306196800011,-53.363181959999565,58.09595448112168
2026-08-16T12:00:00Z,G24,38833,GPS BIIF-3  (PRN 24),96.48246927000037,-12.958573440999317,-18.730874893000873,99.13443991025312
2026-08-16T12:00:00Z,G27,39166,GPS BIIF-4  (PRN 27),-9.4910999370004,2.1691236789993127,57.18705000199998,58.00986781126268
2026-08-16T12:00:00Z,G30,39533,GPS BIIF-5  (PRN 30),9.045845027998439,8.594285571,58.07062312399967,59.396012717656966
2026-08-16T12:00:00Z,G06,39741,GPS BIIF-6  (PRN 06),24.304867785998795,4.510652937000486,-49.28594082899872,55.13779603332469
2026-08-16T12:00:00Z,G09,40105,GPS BIIF-7  (PRN 09),-27.380083894000563,46.8777801669994,5.59308640600284,54.5754329618469
2026-08-16T12:00:00Z,G03,40294,GPS BIIF-8  (PRN 03),-5.075196934001724,2.8976483380029094,-62.139734104,62.41394511105232
2026-08-16T12:00:00Z,G26,40534,GPS BIIF-9  (PRN 26),-26.933185502000924,-38.80059255099877,9.063094454002567,48.0938888495824
2026-08-16T12:00:00Z,G08,40730,GPS BIIF-10 (PRN 08),-19.401353170999755,23.21187006800028,44.34371485799966,53.68024277448053
2026-08-16T12:00:00Z,G10,41019,GPS BIIF-11 (PRN 10),-22.262972280001122,-46.480691664999995,14.347821666000527,53.497239358272054
2026-08-16T12:00:00Z,G32,41328,GPS BIIF-12 (PRN 32),13.195901127997786,-27.930863859000965,-44.849296108999624,54.45846420863031
2026-08-16T12:00:00Z,G04,43873,GPS BIII-1  (PRN 04),-28.753283746000307,37.72715040100047,-21.82759918100055,52.216216729710816
2026-08-16T12:00:00Z,G18,44506,GPS BIII-2  (PRN 18),15.569820083001105,-3.6433347780002805,55.654745265999736,57.90633692735995
2026-08-16T12:00:00Z,G23,45854,GPS BIII-3  (PRN 23),-15.4971853499992,-34.165757156000836,40.59652069499862,55.27693197306181
2026-08-16T12:00:00Z,G14,46826,GPS BIII-4  (PRN 14),18.550298901001952,42.05402613200022,21.458394438999676,50.725904576726506
2026-08-16T12:00:00Z,G11,48859,GPS BIII-5  (PRN 11),43.808981614000004,6.547263810000004,-26.78985736100003,51.76668804237194
2026-08-16T12:00:00Z,G28,55268,GPS BIII-6  (PRN 28),-19.521812667997438,-5.384760453000126,-53.292279366,57.01020834029963
2026-08-16T12:00:00Z,G01,62339,GPS BIII-7  (PRN 01),-43.52973841199855,-2.4864896349990886,-29.16338530899884,52.45496925557301
2026-08-16T12:00:00Z,G21,64202,GPS BIII-8  (PRN 21),22.474679353999818,38.586419208000734,25.318362310998054,51.332664351966386
2026-08-16T12:00:00Z,G20,67588,GPS BIII-9  (PRN 20),12.445544330999837,-10.078854150000552,55.24530512699948,57.51972368889771
2026-08-16T12:00:00Z,G13,68791,GPS BIII-10 (PRN 13),1.2823493410014635,6.051269458999741,-46.00127789899989,46.415297588605476
2026-08-16T12:15:00Z,G22,26407,GPS BIIR-5  (PRN 22),21.460446091999984,47.42441414299992,9.132873138998548,52.8491738350511
2026-08-16T12:15:00Z,G16,27663,GPS BIIR-8  (PRN 16),-20.733770638999886,-35.060864451999805,32.089063604998955,51.85423284629545
2026-08-16T12:15:00Z,G19,28190,GPS BIIR-11 (PRN 19),-8.439855320997594,23.200126180998268,-51.834218109001085,57.41309240604541
2026-08-16T12:15:00Z,G02,28474,GPS BIIR-13 (PRN 02),-54.61501902300006,4.881866469999295,2.239464655998745,54.878485083491775
2026-08-16T12:15:00Z,G17,28874,GPS BIIRM-1 (PRN 17),-20.05147156699968,36.58958661900033,-30.62470728900007,51.756468750180964
2026-08-16T12:15:00Z,G31,29486,GPS BIIRM-2 (PRN 31),-32.769322307998664,-3.8400576669992006,-42.24343820800095,53.60114363560327
2026-08-16T12:15:00Z,G12,29601,GPS BIIRM-3 (PRN 12),10.838036246001138,5.10292596400177,-58.871158777000346,60.07758499482567
2026-08-16T12:15:00Z,G15,32260,GPS BIIRM-4 (PRN 15),13.018683687999896,-22.367285866999737,47.9529183249997,54.49095317489292
2026-08-16T12:15:00Z,G29,32384,GPS BIIRM-5 (PRN 29),29.943981958000222,-43.90632144200026,-6.138720226001169,53.49851403620862
2026-08-16T12:15:00Z,G07,32711,GPS BIIRM-6 (PRN 07),-26.18797317999997,5.630835294999997,48.81957606499964,55.685431241592276
2026-08-16T12:15:00Z,G05,35752,GPS BIIRM-8 (PRN 05),20.728173727000012,26.01140625300104,43.21715202499945,54.534142245636076
2026-08-16T12:15:00Z,G25,36585,GPS BIIF-1  (PRN 25),-2.357482376999542,-16.888681237000128,-56.03103833899968,58.5684431620759
2026-08-16T12:15:00Z,G24,38833,GPS BIIF-3  (PRN 24),97.78662882900016,-14.926632889999382,-6.44434671199997,99.12900055845374
2026-08-16T12:15:00Z,G27,39166,GPS BIIF-4  (PRN 27),-6.256863782000437,-3.203228563997982,57.77904085800003,58.20503912970215
2026-08-16T12:15:00Z,G30,39533,GPS BIIF-5  (PRN 30),2.776445531999343,8.251081484999986,58.80832365100002,59.44920458765649
2026-08-16T12:15:00Z,G06,39741,GPS BIIF-6  (PRN 06),18.78118487699976,3.010311596000065,-52.576712924001185,55.91158755733815
2026-08-16T12:15:00Z,G09,40105,GPS BIIF-7  (PRN 09),-25.192641768000613,48.27045262699994,-2.429594959001406,54.50329098073858
2026-08-16T12:15:00Z,G03,40294,GPS BIIF-8  (PRN 03),-8.402509588999237,-3.0599864440009696,-61.53417635699998,62.18054795806378
2026-08-16T12:15:00Z,G26,40534,GPS BIIF-9  (PRN 26),-29.09886548599934,-37.946051022001484,1.8401557580000372,47.85428856383014
2026-08-16T12:15:00Z,G08,40730,GPS BIIF-10 (PRN 08),-15.911796747000153,19.414920876002725,48.47794430000067,54.59153333524585
2026-08-16T12:15:00Z,G10,41019,GPS BIIF-11 (PRN 10),-23.667352764001407,-43.29036118499994,21.870711404000758,53.96783278676774
2026-08-16T12:15:00Z,G32,41328,GPS BIIF-12 (PRN 32),14.002728010000283,-32.88154313099949,-39.816148146999694,53.50325152419854
2026-08-16T12:15:00Z,G04,43873,GPS BIII-1  (PRN 04),-25.224254658000064,36.7267529439996,-28.730253246001666,53.014572114095294
2026-08-16T12:15:00Z,G18,44506,GPS BIII-2  (PRN 18),21.477087053001014,-4.389693684999656,52.88841098699959,57.25136413798442
2026-08-16T12:15:00Z,G23,45854,GPS BIII-3  (PRN 23),-14.77812719800204,-29.028581798000232,45.78069171599964,56.18650495162442
2026-08-16T12:15:00Z,G14,46826,GPS BIII-4  (PRN 14),19.19284366500142,38.638378900000134,28.08881762799865,51.480785228161864
2026-08-16T12:15:00Z,G11,48859,GPS BIII-5  (PRN 11),40.73494290400049,4.145769552000274,-33.21975941600249,52.72642026752393
2026-08-16T12:15:00Z,G28,55268,GPS BIII-6  (PRN 28),-13.6353493409988,-4.596572752000611,-55.78426431000025,57.61020202467163
2026-08-16T12:15:00Z,G01,62339,GPS BIII-7  (PRN 01),-46.538736079000955,-0.459830748000968,-22.41087023200089,51.65571124961204
2026-08-16T12:15:00Z,G21,64202,GPS BIII-8  (PRN 21),25.798145368000405,39.57845655799974,18.36569378999775,50.6882356797898
2026-08-16T12:15:00Z,G20,67588,GPS BIII-9  (PRN 20),8.910249663000286,-5.06924296699799,56.961830396000096,57.876937508632366
2026-08-16T12:15:00Z,G13,68791,GPS BIII-10 (PRN 13),4.344755707999866,9.896695899999031,-44.591758891999234,45.88296473617903
2026-08-16T12:30:00Z,G22,26407,GPS BIIR-5  (PRN 22),23.023954984999364,45.080893300999946,16.769827606000035,53.32557136967573
2026-08-16T12:30:00Z,G16,27663,GPS BIIR-8  (PRN 16),-24.140094417,-36.833812381002645,25.608533227001317,50.94380106567441
2026-08-16T12:30:00Z,G19,28190,GPS BIIR-11 (PRN 19),-10.279146201999538,28.398420817000442,-47.80485356799909,56.54586789677351
2026-08-16T12:30:00Z,G02,28474,GPS BIIR-13 (PRN 02),-53.77072063399987,7.292556101998343,10.333074311998644,55.23806836537407
2026-08-16T12:30:00Z,G17,28874,GPS BIIRM-1 (PRN 17),-19.634352977998788,40.37556041700009,-24.149520561997633,50.9793393368904
2026-08-16T12:30:00Z,G31,29486,GPS BIIRM-2 (PRN 31),-27.871765523999784,-2.3659822839999833,-46.749135391999516,54.47857235182037
2026-08-16T12:30:00Z,G12,29601,GPS BIIRM-3 (PRN 12),14.369583272000455,10.34217172499848,-56.912405834999845,59.60257861307712
2026-08-16T12:30:00Z,G15,32260,GPS BIIRM-4 (PRN 15),10.508328423000009,-17.66859973100145,51.48827429300036,55.440479546728454
2026-08-16T12:30:00Z,G29,32384,GPS BIIRM-5 (PRN 29),27.29249435299971,-44.30181639500006,-13.936431228001311,53.86794315061257
2026-08-16T12:30:00Z,G07,32711,GPS BIIRM-6 (PRN 07),-31.022747520997655,7.237159784001051,44.3884207889987,54.636244798045375
2026-08-16T12:30:00Z,G05,35752,GPS BIIRM-8 (PRN 05),24.968198797000014,28.586000996998337,37.884641888998885,53.62663979054246
2026-08-16T12:30:00Z,G25,36585,GPS BIIF-1  (PRN 25),0.6142853860001196,-11.42687953800123,-57.729903383999954,58.853144922233454
2026-08-16T12:30:00Z,G24,38833,GPS BIIF-3  (PRN 24),97.67192595400002,-16.76393498300058,5.991895676997956,99.28110318425134
2026-08-16T12:30:00Z,G27,39166,GPS BIIF-4  (PRN 27),-3.6572000449996267,-8.940971379000985,57.34970009400013,58.15758060855883
2026-08-16T12:30:00Z,G30,39533,GPS BIIF-5  (PRN 30),-3.4929404340000474,8.62362535200009,58.5468302029999,59.28152219626308
2026-08-16T12:30:00Z,G06,39741,GPS BIIF-6  (PRN 06),12.868093010001758,2.221968347999791,-54.97027736099972,56.50005623181987
2026-08-16T12:30:00Z,G09,40105,GPS BIIF-7  (PRN 09),-22.55272814700038,48.7147828899997,-10.40636120599811,54.681331114394176
2026-08-16T12:30:00Z,G03,40294,GPS BIIF-8  (PRN 03),-12.357142158998613,-8.47256389100221,-59.882962632999806,61.72886290002487
2026-08-16T12:30:00Z,G26,40534,GPS BIIF-9  (PRN 26),-30.723960797000473,-36.32616175000021,-5.395156678001513,47.88172417658939
2026-08-16T12:30:00Z,G08,40730,GPS BIIF-10 (PRN 08),-12.757176516999607,14.904069250002067,51.77276430100028,55.365114975602395
2026-08-16T12:30:00Z,G10,41019,GPS BIIF-11 (PRN 10),-24.319468763998884,-39.39428635299964,28.9761970139989,54.61653917651072
2026-08-16T12:30:00Z,G32,41328,GPS BIIF-12 (PRN 32),14.005553712999244,-37.44874219899975,-34.07305038299819,52.53129152702401
2026-08-16T12:30:00Z,G04,43873,GPS BIII-1  (PRN 04),-21.562814849000006,34.7742630779976,-35.14073195799938,53.93584521794389
2026-08-16T12:30:00Z,G18,44506,GPS BIII-2  (PRN 18),26.970810789000097,-5.831061781999779,49.22885876200053,56.434975424204254
2026-08-16T12:30:00Z,G23,45854,GPS BIII-3  (PRN 23),-13.19632073899993,-23.680388062999555,50.17241615999956,57.02784410437585
2026-08-16T12:30:00Z,G14,46826,GPS BIII-4  (PRN 14),19.117468045998976,34.68763165600012,34.2209032690007,52.34290395973877
2026-08-16T12:30:00Z,G11,48859,GPS BIII-5  (PRN 11),36.839877639002225,2.1529322839996894,-39.08434498099996,53.75311827670987
2026-08-16T12:30:00Z,G28,55268,GPS BIII-6  (PRN 28),-7.510769154003356,-4.537940490999972,-57.31721810800036,57.985067464172786
2026-08-16T12:30:00Z,G01,62339,GPS BIII-7  (PRN 01),-48.66470121800012,1.907186978000027,-15.269847199000651,51.03977606031499
2026-08-16T12:30:00Z,G21,64202,GPS BIII-8  (PRN 21),28.855712942999162,39.64229112999965,11.09294920100001,50.27143261794301
2026-08-16T12:30:00Z,G20,67588,GPS BIII-9  (PRN 20),5.953973120000228,0.4202112099992519,57.696441026,58.00435915033792
2026-08-16T12:30:00Z,G13,68791,GPS BIII-10 (PRN 13),7.8198118170003,13.180521192996821,-42.41784274099882,45.10154075608108
2026-08-16T12:45:00Z,G22,26407,GPS BIIR-5  (PRN 22),23.90739965999819,41.96537024200006,24.117398884998693,53.98430315405731
2026-08-16T12:45:00Z,G16,27663,GPS BIIR-8  (PRN 16),-27.387940157999765,-37.65683837600045,18.67715690499972,50.169442219625836
2026-08-16T12:45:00Z,G19,28190,GPS BIIR-11 (PRN 19),-11.29141716400045,33.388265431000036,-42.94343706299878,55.55547818933911
2026-08-16T12:45:00Z,G02,28474,GPS BIIR-13 (PRN 02),-51.89558587300007,9.394360816000699,18.28140790699763,55.817700806331764
2026-08-16T12:45:00Z,G17,28874,GPS BIIRM-1 (PRN 17),-18.522444600999734,43.52658476300007,-17.223902746998647,50.34190462195289
2026-08-16T12:45:00Z,G31,29486,GPS BIIRM-2 (PRN 31),-22.485400618999847,-1.5231468479996693,-50.433848954000496,55.240260115539165
2026-08-16T12:45:00Z,G12,29601,GPS BIIRM-3 (PRN 12),18.357297651999943,14.933446707000257,-53.98922269899958,58.947725785454274
2026-08-16T12:45:00Z,G15,32260,GPS BIIRM-4 (PRN 15),8.521211230999995,-12.395316219997767,54.176444548999825,56.2258130133119
2026-08-16T12:45:00Z,G29,32384,GPS BIIRM-5 (PRN 29),24.30427510700065,-43.7413581109995,-21.508131606999086,54.46653948155203
2026-08-16T12:45:00Z,G07,32711,GPS BIIRM-6 (PRN 07),-35.20982257299693,9.362626670999816,39.254711708001196,53.55672483526907
2026-08-16T12:45:00Z,G05,35752,GPS BIIRM-8 (PRN 05),29.16068234399995,30.247951769000792,31.879527989000053,52.74076493367257
2026-08-16T12:45:00Z,G25,36585,GPS BIIF-1  (PRN 25),4.2519023019995075,-6.280365833998076,-58.44027860799997,58.93036426134882
2026-08-16T12:45:00Z,G24,38833,GPS BIIF-3  (PRN 24),96.162075754,-18.255830778001837,18.382595450002555,99.5908629653922
2026-08-16T12:45:00Z,G27,39166,GPS BIIF-4  (PRN 27),-1.7645918910002365,-14.874810924000485,55.899616742000035,57.871762859524495
2026-08-16T12:45:00Z,G30,39533,GPS BIIF-5  (PRN 30),-9.592415940998762,9.697211666000044,57.296704098999726,58.89790028760504
2026-08-16T12:45:00Z,G06,39741,GPS BIIF-6  (PRN 06),6.736234350002633,2.196037838999473,-56.42610291600022,56.869187841005086
2026-08-16T12:45:00Z,G09,40105,GPS BIIF-7  (PRN 09),-19.622331031001522,48.15681363399926,-18.197165559002315,55.09311580271788
2026-08-16T12:45:00Z,G03,40294,GPS BIIF-8  (PRN 03),-16.809264924999297,-13.198590330001025,-57.22004307899988,61.08099134739555
2026-08-16T12:45:00Z,G26,40534,GPS BIIF-9  (PRN 26),-31.697272076000445,-34.04354939099994,-12.513793633002933,48.16923648229059
2026-08-16T12:45:00Z,G08,40730,GPS BIIF-10 (PRN 08),-10.064337425999838,9.792004499999166,54.164012186000036,55.95457493393677
2026-08-16T12:45:00Z,G10,41019,GPS BIIF-11 (PRN 10),-24.133336687002156,-34.95454310100013,35.543057246999524,55.3854397970384
2026-08-16T12:45:00Z,G32,41328,GPS BIIF-12 (PRN 32),13.262956359001691,-41.46684444699986,-27.72236966499986,51.61332172623044
2026-08-16T12:45:00Z,G04,43873,GPS BIII-1  (PRN 04),-17.939456528999926,31.887986477002414,-40.946853059000205,54.911861719930066
2026-08-16T12:45:00Z,G18,44506,GPS BIII-2  (PRN 18),31.897816448999947,-7.884502314999736,44.73669978900034,55.50683182258262
2026-08-16T12:45:00Z,G23,45854,GPS BIII-3  (PRN 23),-10.75605971800178,-18.303856680000536,53.70148458999938,57.74576553470533
2026-08-16T12:45:00Z,G14,46826,GPS BIII-4  (PRN 14),18.266995239999233,30.354292867999902,39.751727259999825,53.247216178574796
2026-08-16T12:45:00Z,G11,48859,GPS BIII-5  (PRN 11),32.23474973200064,0.6945965670001897,-44.28078806399935,54.7754483892595
2026-08-16T12:45:00Z,G28,55268,GPS BIII-6  (PRN 28),-1.3259166819989332,-5.2290601150007205,-57.86428036200002,58.115196519895164
2026-08-16T12:45:00Z,G01,62339,GPS BIII-7  (PRN 01),-49.84420212900022,4.46361795699886,-7.861978297998576,50.65746809603569
2026-08-16T12:45:00Z,G21,64202,GPS BIII-8  (PRN 21),31.4882397450001,38.82197485399956,3.6249655169995094,50.11781468502606
2026-08-16T12:45:00Z,G20,67588,GPS BIII-9  (PRN 20),3.668174213000384,6.235867170002166,57.43844718799983,57.8922858141521
2026-08-16T12:45:00Z,G13,68791,GPS BIII-10 (PRN 13),11.583744018000289,15.815341980000085,-39.517795750000005,44.113085908351835
2026-08-16T13:00:00Z,G22,26407,GPS BIIR-5  (PRN 22),24.010440522000863,38.21454454200011,31.03771325100024,54.77401128696316
2026-08-16T13:00:00Z,G16,27663,GPS BIIR-8  (PRN 16),-30.311574848999953,-37.548503907999475,11.424998966002022,49.590445823048675
2026-08-16T13:00:00Z,G19,28190,GPS BIIR-11 (PRN 19),-11.498805281000386,37.996082689000104,-37.34443673699934,54.50258505615529
2026-08-16T13:00:00Z,G02,28474,GPS BIIR-13 (PRN 02),-49.0583704010005,11.030307609000374,25.933829779998632,56.57698224020859
2026-08-16T13:00:00Z,G17,28874,GPS BIIRM-1 (PRN 17),-16.81716953599971,45.91012253200006,-9.971846733998973,49.899842378430236
2026-08-16T13:00:00Z,G31,29486,GPS BIIRM-2 (PRN 31),-16.770548509000946,-1.3764528140000039,-53.24070891999963,55.836538269721295
2026-08-16T13:00:00Z,G12,29601,GPS BIIRM-3 (PRN 12),22.660587848999967,18.77050753000003,-50.15597731199887,58.150290237605674
2026-08-16T13:00:00Z,G15,32260,GPS BIIRM-4 (PRN 15),7.147287228000096,-6.682604630997957,55.96093453200001,56.809920903558385
2026-08-16T13:00:00Z,G29,32384,GPS BIIRM-5 (PRN 29),21.14472796500013,-42.19647064700257,-28.72195712300163,55.25027128216433
2026-08-16T13:00:00Z,G07,32711,GPS BIIRM-6 (PRN 07),-38.65030487100012,11.888596296999822,33.50104585000008,52.51194970269245
2026-08-16T13:00:00Z,G05,35752,GPS BIIRM-8 (PRN 05),33.128258019999976,30.990708777997497,25.30487380699924,51.9446065380276
2026-08-16T13:00:00Z,G25,36585,GPS BIIF-1  (PRN 25),8.460645219998696,-1.595344033998117,-58.1591262740003,58.79295543754041
2026-08-16T13:00:00Z,G24,38833,GPS BIIF-3  (PRN 24),93.32246776900001,-19.19670171100006,30.530717965000804,100.04859362597549
2026-08-16T13:00:00Z,G27,39166,GPS BIIF-4  (PRN 27),-0.619922220999797,-20.82408082099937,53.4490884199995,57.3657711403632
2026-08-16T13:00:00Z,G30,39533,GPS BIIF-5  (PRN 30),-15.35960331699971,11.426775555999996,55.084244870000475,58.316058222079455
2026-08-16T13:00:00Z,G06,39741,GPS BIIF-6  (PRN 06),0.5635537509988353,2.950582186000247,-56.919209337,56.9984203256181
2026-08-16T13:00:00Z,G09,40105,GPS BIIF-7  (PRN 09),-16.57232855499933,46.578057466000246,-25.665365867997025,55.70339770767142
2026-08-16T13:00:00Z,G03,40294,GPS BIIF-8  (PRN 03),-21.60683385700031,-17.12488306400337,-53.59557978399971,60.27107981165497
2026-08-16T13:00:00Z,G26,40534,GPS BIIF-9  (PRN 26),-31.93184914399899,-31.22318745499979,-19.390360875000624,48.68795045458291
2026-08-16T13:00:00Z,G08,40730,GPS BIIF-10 (PRN 08),-7.93844049100062,4.21608882199871,55.603617274000044,56.32545158574067
2026-08-16T13:00:00Z,G10,41019,GPS BIIF-11 (PRN 10),-23.05600153799969,-30.148969996000233,41.46181129800061,56.21050964767156
2026-08-16T13:00:00Z,G32,41328,GPS BIIF-12 (PRN 32),11.86425360300018,-44.78810787800012,-20.878271616002166,50.819655120034426
2026-08-16T13:00:00Z,G04,43873,GPS BIII-1  (PRN 04),-14.519905196000082,28.12082911700054,-46.04654339000081,55.87390119989477
2026-08-16T13:00:00Z,G18,44506,GPS BIII-2  (PRN 18),36.12438752399976,-10.440474061999339,39.48589244200048,54.526237487695965
2026-08-16T13:00:00Z,G23,45854,GPS BIII-3  (PRN 23),-7.495493228998384,-13.078394197000307,56.31252678800047,58.29517550164304
2026-08-16T13:00:00Z,G14,46826,GPS BIII-4  (PRN 14),16.61446143699868,25.800986436999665,44.589884520999476,54.12937309409583
2026-08-16T13:00:00Z,G11,48859,GPS BIII-5  (PRN 11),27.05547183300223,-0.12638113899993186,-48.71740957199836,55.72612065902766
2026-08-16T13:00:00Z,G28,55268,GPS BIII-6  (PRN 28),4.740053511999577,-6.65732175300036,-57.41597040999977,57.99466956834534
2026-08-16T13:00:00Z,G01,62339,GPS BIII-7  (PRN 01),-50.046166505999736,7.049898756999028,-0.31391297000300256,50.54125439463213
2026-08-16T13:00:00Z,G21,64202,GPS BIII-8  (PRN 21),33.55008843500036,37.19297038200057,-3.9097734479983046,50.24153469239757
2026-08-16T13:00:00Z,G20,67588,GPS BIII-9  (PRN 20),2.1146026740007073,12.21034055400014,56.19432422000045,57.54447006842692
2026-08-16T13:00:00Z,G13,68791,GPS BIII-10 (PRN 13),15.499419494999529,17.739258722998784,-35.94192985399968,42.9736620077146
2026-08-16T13:15:00Z,G22,26407,GPS BIIR-5  (PRN 22),23.263814911002555,33.986680351999894,37.40123652500188,55.63409044067796
2026-08-16T13:15:00Z,G16,27663,GPS BIIR-8  (PRN 16),-32.75564184799987,-36.56266394600061,3.987768310998945,49.25101789612902
2026-08-16T13:15:00Z,G19,28190,GPS BIIR-11 (PRN 19),-10.9572048930022,42.0606418440002,-31.115211547999934,53.453852256626746
2026-08-16T13:15:00Z,G02,28474,GPS BIIR-13 (PRN 02),-45.36304194100012,12.061926247999509,33.143227717002446,57.461023158782986
2026-08-16T13:15:00Z,G17,28874,GPS BIIRM-1 (PRN 17),-14.64409978600088,47.419574502999694,-2.5252935829994385,49.69348863048586
2026-08-16T13:15:00Z,G31,29486,GPS BIIRM-2 (PRN 31),-10.8965831409987,-1.9602089020008862,-55.12877683500028,56.22952941659253
2026-08-16T13:15:00Z,G12,29601,GPS BIIRM-3 (PRN 12),27.123036659999343,21.777011104997655,-45.4811543550004,57.257599773219894
2026-08-16T13:15:00Z,G15,32260,GPS BIIRM-4 (PRN 15),6.449940380000044,-0.6839571299969975,56.798859343000004,57.16799761166319
2026-08-16T13:15:00Z,G29,32384,GPS BIIRM-5 (PRN 29),17.982977164999284,-39.67369951999717,-35.451521252998646,56.16226723051451
2026-08-16T13:15:00Z,G07,32711,GPS BIIRM-6 (PRN 07),-41.26973892499882,14.679707198998585,27.216905512002995,51.56980802790711
2026-08-16T13:15:00Z,G05,35752,GPS BIIRM-8 (PRN 05),36.69762844300021,30.84263736700086,18.27478961399902,51.30255499026089
2026-08-16T13:15:00Z,G25,36585,GPS BIIF-1  (PRN 25),13.121859741000662,2.5037420830012707,-56.89924187900033,58.44634850771834
2026-08-16T13:15:00Z,G24,38833,GPS BIIF-3  (PRN 24),89.2580177889995,-19.39785524999752,42.239719441997295,100.63530407595464
2026-08-16T13:15:00Z,G27,39166,GPS BIIF-4  (PRN 27),-0.23020398700100486,-26.60368957299943,50.038167468999745,56.67122282453251
2026-08-16T13:15:00Z,G30,39533,GPS BIIF-5  (PRN 30),-20.645288702999096,13.738368648999995,51.95066313300049,57.56598056773205
2026-08-16T13:15:00Z,G06,39741,GPS BIIF-6  (PRN 06),-5.47132154600331,4.470079632999841,-56.440587696999955,56.881076914628316
2026-08-16T13:15:00Z,G09,40105,GPS BIIF-7  (PRN 09),-13.57529065199924,43.99620191199938,-32.680231890997675,56.46195051020693
2026-08-16T13:15:00Z,G03,40294,GPS BIIF-8  (PRN 03),-26.580971560999387,-20.170432368002366,-49.07478740499937,59.344158515263324
2026-08-16T13:15:00Z,G26,40534,GPS BIIF-9  (PRN 26),-31.368290128000808,-28.00678079699992,-25.90551968699947,49.390741505054905
2026-08-16T13:15:00Z,G08,40730,GPS BIIF-10 (PRN 08),-6.4580380839997815,-1.6666313739988254,56.06094985299998,56.456301813453635
2026-08-16T13:15:00Z,G10,41019,GPS BIIF-11 (PRN 10),-21.06945161999829,-25.163637534998998,46.63637066099909,57.02702441816823
2026-08-16T13:15:00Z,G32,41328,GPS BIIF-12 (PRN 32),9.925774807999915,-47.28838060599992,-13.664385683001456,50.213816644135406
2026-08-16T13:15:00Z,G04,43873,GPS BIII-1  (PRN 04),-11.458162174999984,23.558575905000907,-50.34974059700107,56.757311046997174
2026-08-16T13:15:00Z,G18,44506,GPS BIII-2  (PRN 18),39.540877102001105,-13.366589120000754,33.562666842997714,53.559306122396094
2026-08-16T13:15:00Z,G23,45854,GPS BIII-3  (PRN 23),-3.4854268429990043,-8.173177744998611,57.96557044100018,58.64261582910326
2026-08-16T13:15:00Z,G14,46826,GPS BIII-4  (PRN 14),14.164227925997693,21.19376464800007,48.65681601399956,54.929834856065554
2026-08-16T13:15:00Z,G11,48859,GPS BIII-5  (PRN 11),21.457669075000013,-0.23474299299959966,-52.31547976600086,56.545522276762284
2026-08-16T13:15:00Z,G28,55268,GPS BIII-6  (PRN 28),10.513541649997933,-8.777281090000542,-55.98028857400004,57.63131032856568
2026-08-16T13:15:00Z,G01,62339,GPS BIII-7  (PRN 01),-49.272881822,9.504131550000238,7.244756817002781,50.70139939786669
2026-08-16T13:15:00Z,G21,64202,GPS BIII-8  (PRN 21),34.91477636199852,34.858952110000246,-11.381335171998217,50.63321973677978
2026-08-16T13:15:00Z,G20,67588,GPS BIII-9  (PRN 20),1.3226916730000084,18.168579873999988,53.987484984999355,56.97802508779391
2026-08-16T13:15:00Z,G13,68791,GPS BIII-10 (PRN 13),19.421153784000126,18.918139113000507,-31.751761052999427,41.75226379212741
2026-08-16T13:30:00Z,G22,26407,GPS BIIR-5  (PRN 22),21.63257514399811,29.45500080599959,43.08983083299972,56.50043275107453
2026-08-16T13:30:00Z,G16,27663,GPS BIIR-8  (PRN 16),-34.581983379999656,-34.785814638000375,-3.496320394002396,49.17510275354197
2026-08-16T13:30:00Z,G19,28190,GPS BIIR-11 (PRN 19),-9.753137649000564,45.43956602599974,-24.373356860996864,52.477979946879096
2026-08-16T13:30:00Z,G02,28474,GPS BIIR-13 (PRN 02),-40.944951011999365,12.375818393000372,39.769709132999196,58.406161137288535
2026-08-16T13:30:00Z,G17,28874,GPS BIIRM-1 (PRN 17),-12.14760946199931,47.979195931000504,4.97864178799864,49.74288423362478
2026-08-16T13:30:00Z,G31,29486,GPS BIIRM-2 (PRN 31),-5.0356320069986396,-3.277290299000015,-56.07325157900004,56.39421747001779
2026-08-16T13:30:00Z,G12,29601,GPS BIIRM-3 (PRN 12),31.578516755000237,23.908676893999655,-40.04606110600071,56.32507932859968
2026-08-16T13:30:00Z,G15,32260,GPS BIIRM-4 (PRN 15),6.463111025999979,5.433985284998926,56.66246061700008,57.28817018709074
2026-08-16T13:30:00Z,G29,32384,GPS BIIRM-5 (PRN 29),14.98514648299988,-36.21484249199784,-41.57821895100096,57.13858348764477
2026-08-16T13:30:00Z,G07,32711,GPS BIIRM-6 (PRN 07),-43.02023402299892,17.58884339299948,20.497767897999438,50.79632305686418
2026-08-16T13:30:00Z,G05,35752,GPS BIIRM-8 (PRN 05),39.70678391099955,29.8657958269996,10.912467763999302,50.869208777365145
2026-08-16T13:30:00Z,G25,36585,GPS BIIF-1  (PRN 25),18.097626396000123,5.918066293997981,-54.688475877999736,57.90834986155204
2026-08-16T13:30:00Z,G24,38833,GPS BIIF-3  (PRN 24),84.11013146699952,-18.69510610499856,53.31600274199809,101.32431769352235
2026-08-16T13:30:00Z,G27,39166,GPS BIIF-4  (PRN 27),-0.5683863229987764,-32.0317219009994,45.72617969999919,55.832228872862984
2026-08-16T13:30:00Z,G30,39533,GPS BIIF-5  (PRN 30),-25.318487241002003,16.532350666999946,47.95111263400031,56.68909610840535
2026-08-16T13:30:00Z,G06,39741,GPS BIIF-6  (PRN 06),-11.195587179998256,6.706129408000379,-54.997354173999156,56.524528393274466
2026-08-16T13:30:00Z,G09,40105,GPS BIIF-7  (PRN 09),-10.798485889001313,40.46468496399757,-39.11933430600038,57.30899007376722
2026-08-16T13:30:00Z,G03,40294,GPS BIIF-8  (PRN 03),-31.552520635000292,-22.28875422299825,-43.73663402999955,58.35446237872007
2026-08-16T13:30:00Z,G26,40534,GPS BIIF-9  (PRN 26),-29.97705375499936,-24.546943492000082,-31.948155568999937,50.218132491069284
2026-08-16T13:30:00Z,G08,40730,GPS BIIF-10 (PRN 08),-5.671891840999706,-7.685443719998148,55.523797278000075,56.33940420698205
2026-08-16T13:30:00Z,G10,41019,GPS BIIF-11 (PRN 10),-18.1909915599972,-20.18565319499976,50.9852925819996,57.774326724911276
2026-08-16T13:30:00Z,G32,41328,GPS BIIF-12 (PRN 32),7.585728155998368,-48.87229535899996,-6.211244203001115,49.84600364987499
2026-08-16T13:30:00Z,G04,43873,GPS BIII-1  (PRN 04),-8.890503134000028,18.31693917099983,-53.78012341000067,57.50524307021643
2026-08-16T13:30:00Z,G18,44506,GPS BIII-2  (PRN 18),42.06565752700044,-16.512848509999458,27.0643222409999,52.67514829079992
2026-08-16T13:30:00Z,G23,45854,GPS BIII-3  (PRN 23),1.1734264429978793,-3.741198940002505,58.63634524299994,58.76729092430656
2026-08-16T13:30:00Z,G14,46826,GPS BIII-4  (PRN 14),10.951714760998584,16.695930351999777,51.88783266000064,55.597134140864945
2026-08-16T13:30:00Z,G11,48859,GPS BIII-5  (PRN 11),15.610927745998197,0.4141061520003859,-55.01080857699981,57.184452513696556
2026-08-16T13:30:00Z,G28,55268,GPS BIII-6  (PRN 28),15.833000885999354,-11.512650092000058,-53.58245993199944,57.0465164717462
2026-08-16T13:30:00Z,G01,62339,GPS BIII-7  (PRN 01),-47.56013695399997,11.668703328999982,14.683643481999752,51.12469706873502
2026-08-16T13:30:00Z,G21,64202,GPS BIII-8  (PRN 21),35.48024166799951,31.947739166000247,-18.660613800999272,51.26133137237541
2026-08-16T13:30:00Z,G20,67588,GPS BIII-9  (PRN 20),1.2888790369997878,23.93449550999867,50.85774521100029,56.223051610857866
2026-08-16T13:30:00Z,G13,68791,GPS BIII-10 (PRN 13),23.20045183000002,19.346577866999723,-27.019033377000596,40.52874541492133
2026-08-16T13:45:00Z,G22,26407,GPS BIIR-5  (PRN 22),19.117681341998832,24.800459314999898,47.99946233099945,57.31053050002426
2026-08-16T13:45:00Z,G16,27663,GPS BIIR-8  (PRN 16),-35.675521915998615,-32.33311243499975,-10.889692018998176,49.36353326071651
2026-08-16T13:45:00Z,G19,28190,GPS BIIR-11 (PRN 19),-7.999487708999368,48.014887621000526,-17.24393793499985,51.64082331227755
2026-08-16T13:45:00Z,G02,28474,GPS BIIR-13 (PRN 02),-35.96549718999995,11.889031212998816,45.68424689399944,59.34573670938337
2026-08-16T13:45:00Z,G17,28874,GPS BIIRM-1 (PRN 17),-9.484759494000173,47.54767616499976,12.400684137999633,50.045170980236925
2026-08-16T13:45:00Z,G31,29486,GPS BIIRM-2 (PRN 31),0.6436964659988007,-5.299563464999665,-56.06536313000015,56.31895472182237
2026-08-16T13:45:00Z,G12,29601,GPS BIIRM-3 (PRN 12),35.857559615000355,25.154333435002627,-33.94344219600316,55.4135573683553
2026-08-16T13:45:00Z,G15,32260,GPS BIIRM-4 (PRN 15),7.189498765000053,11.497345398001926,55.54047984800036,57.17187022862753
2026-08-16T13:45:00Z,G29,32384,GPS BIIRM-5 (PRN 29),12.307822080999358,-31.895759291001013,-46.99343058799968,58.113720097375946
2026-08-16T13:45:00Z,G07,32711,GPS BIIRM-6 (PRN 07),-43.881839458001195,20.462306299001284,13.444301446997997,50.25008512121836
2026-08-16T13:45:00Z,G05,35752,GPS BIIRM-8 (PRN 05),42.01176014799967,28.15342464099922,3.3479646970008616,50.68345072468763
2026-08-16T13:45:00Z,G25,36585,GPS BIIF-1  (PRN 25),23.2359872299985,8.577281939000386,-51.568836332999126,57.20861603599065
2026-08-16T13:45:00Z,G24,38833,GPS BIIF-3  (PRN 24),78.05241582499912,-16.955615178998414,63.57156422499975,102.08337905962028
2026-08-16T13:45:00Z,G27,39166,GPS BIIF-4  (PRN 27),-1.5746236619997944,-36.93702184399808,40.59068154200031,54.90379267796539
2026-08-16T13:45:00Z,G30,39533,GPS BIIF-5  (PRN 30),-29.27078018699831,19.687418811000043,43.153609884000616,55.73694536136517
2026-08-16T13:45:00Z,G06,39741,GPS BIIF-6  (PRN 06),-16.448563296999055,9.579405788000258,-52.61265480399925,55.95008217430375
2026-08-16T13:45:00Z,G09,40105,GPS BIIF-7  (PRN 09),-8.39725512899895,36.07081155599735,-44.87075311800072,58.180768518354434
2026-08-16T13:45:00Z,G03,40294,GPS BIIF-8  (PRN 03),-36.33886445999997,-23.4689990400002,-37.672452024999075,57.363059783781026
2026-08-16T13:45:00Z,G26,40534,GPS BIIF-9  (PRN 26),-27.75944107900068,-21.00114746600002,-37.41725486699943,51.10465463819496
2026-08-16T13:45:00Z,G08,40730,GPS BIIF-10 (PRN 08),-5.597036721999757,-13.662677750999137,53.99892972499947,55.98106818238191
2026-08-16T13:45:00Z,G10,41019,GPS BIIF-11 (PRN 10),-14.472175025999604,-15.396189301998675,54.442653232999874,58.39939200072906
2026-08-16T13:45:00Z,G32,41328,GPS BIIF-12 (PRN 32),4.998261425000237,-49.47721636199958,1.3464359509998758,49.74726571355364
2026-08-16T13:45:00Z,G04,43873,GPS BIII-1  (PRN 04),-6.930232958999998,12.537375365001935,-56.276601495999785,58.07124749691996
2026-08-16T13:45:00Z,G18,44506,GPS BIII-2  (PRN 18),43.64809048900133,-19.717450807000205,20.097876628999074,51.94091176189526
2026-08-16T13:45:00Z,G23,45854,GPS BIII-3  (PRN 23),6.354279422001127,0.085997573001805,58.316362027000196,58.66159171570082
2026-08-16T13:45:00Z,G14,46826,GPS BIII-4  (PRN 14),7.041902075001417,12.462102945999504,54.232814408000195,56.090021869163074
2026-08-16T13:45:00Z,G11,48859,GPS BIII-5  (PRN 11),9.692463568000676,1.8323068600002443,-56.755052434999925,57.60587795829359
2026-08-16T13:45:00Z,G28,55268,GPS BIII-6  (PRN 28),20.554903641001147,-14.75946439299969,-50.26437490900025,56.274801091177586
2026-08-16T13:45:00Z,G01,62339,GPS BIII-7  (PRN 01),-44.976123010000265,13.396656680997694,21.87378842599719,51.77629449221414
2026-08-16T13:45:00Z,G21,64202,GPS BIII-8  (PRN 21),35.17308296400006,28.60638614399977,-25.621624711999175,52.0762781532492
2026-08-16T13:45:00Z,G20,67588,GPS BIII-9  (PRN 20),1.9771782170009828,29.33760681199783,46.86052989200107,55.3219094836421
2026-08-16T13:45:00Z,G13,68791,GPS BIII-10 (PRN 13),26.691813749000175,19.047844348999206,-21.824598772000172,39.39018160803282
2026-08-16T14:00:00Z,G22,26407,GPS BIIR-5  (PRN 22),15.756145595001726,20.203695087999222,52.042442555999514,58.00742406290979
2026-08-16T14:00:00Z,G16,27663,GPS BIIR-8  (PRN 16),-35.94879422899976,-29.342905053000322,-18.058451560998947,49.79387066948404
2026-08-16T14:00:00Z,G19,28190,GPS BIIR-11 (PRN 19),-5.830420891999893,49.69703384700006,-9.856698648996826,50.99944596978357
2026-08-16T14:00:00Z,G02,28474,GPS BIIR-13 (PRN 02),-30.605047778999506,10.553352574002929,50.772119073000795,60.21503363171881
2026-08-16T14:00:00Z,G17,28874,GPS BIIRM-1 (PRN 17),-6.818391163000342,46.11987782599863,19.60253052600092,50.57462596756914
2026-08-16T14:00:00Z,G31,29486,GPS BIIRM-2 (PRN 31),5.98252312600016,-7.968794751999667,-55.11197980599991,56.005558571355806
2026-08-16T14:00:00Z,G12,29601,GPS BIIRM-3 (PRN 12),39.79325484700007,25.535911438000767,-27.276012758000434,54.585408089179985
2026-08-16T14:00:00Z,G15,32260,GPS BIIRM-4 (PRN 15),8.59924517599984,17.33141739200073,53.43931125400013,56.833837049020424
2026-08-16T14:00:00Z,G29,32384,GPS BIIRM-5 (PRN 29),10.091331130000071,-26.82368719200167,-51.60059239799921,59.02513273491316
2026-08-16T14:00:00Z,G07,32711,GPS BIIRM-6 (PRN 07),-43.86286207200101,23.144809253000858,6.161612358999264,49.975977542893055
2026-08-16T14:00:00Z,G05,35752,GPS BIIRM-8 (PRN 05),43.492370965999726,25.826037933999032,-4.284234644001117,50.76342417624477
2026-08-16T14:00:00Z,G25,36585,GPS BIIF-1  (PRN 25),28.376047308000125,10.441758467997715,-47.59551698799987,56.38761936883705
2026-08-16T14:00:00Z,G24,38833,GPS BIIF-3  (PRN 24),71.28471832800096,-14.084062972000538,72.82686167199972,102.87674021806045
2026-08-16T14:00:00Z,G27,39166,GPS BIIF-4  (PRN 27),-3.1585226700008207,-41.166051779000554,34.72589668799992,53.949124045844414
2026-08-16T14:00:00Z,G30,39533,GPS BIIF-5  (PRN 30),-32.41981645300257,23.064729827000065,37.637886257998616,54.768939580832885
2026-08-16T14:00:00Z,G06,39741,GPS BIIF-6  (PRN 06),-21.087650167999527,12.982106652999846,-49.32531498800017,55.1924884510857
2026-08-16T14:00:00Z,G09,40105,GPS BIIF-7  (PRN 09),-6.508401527000387,30.93233574199985,-49.83507551599905,59.01443413757172
2026-08-16T14:00:00Z,G03,40294,GPS BIIF-8  (PRN 03),-40.760295002999555,-23.735988021002413,-30.984455757999967,56.43434481487473
2026-08-16T14:00:00Z,G26,40534,GPS BIIF-9  (PRN 26),-24.747285882000142,-17.525096335,-42.22346780500084,51.98440529193746
2026-08-16T14:00:00Z,G08,40730,GPS BIIF-10 (PRN 08),-6.217536242999813,-19.42065408000053,51.51220365299923,55.4015043750269
2026-08-16T14:00:00Z,G10,41019,GPS BIIF-11 (PRN 10),-9.996718394002528,-10.963372365999021,56.95854410100037,58.85920198567207
2026-08-16T14:00:00Z,G32,41328,GPS BIIF-12 (PRN 32),2.3268866560010792,-49.07541696299995,8.872530238000763,49.9252716009279
2026-08-16T14:00:00Z,G04,43873,GPS BIII-1  (PRN 04),-5.6626872429999935,6.381837671997346,-57.79454266199991,58.420912697367946
2026-08-16T14:00:00Z,G18,44506,GPS BIII-2  (PRN 18),44.27021068600152,-22.812674875000084,12.778594993000297,51.41558303793273
2026-08-16T14:00:00Z,G23,45854,GPS BIII-3  (PRN 23),11.908556835998752,3.203287129999808,57.01279273599994,58.331237856842385
2026-08-16T14:00:00Z,G14,46826,GPS BIII-4  (PRN 14),2.5270807680026337,8.632146764000936,55.65664992799975,56.37874401023115
2026-08-16T14:00:00Z,G11,48859,GPS BIII-5  (PRN 11),3.8801373850001255,3.9984591310003452,-57.51671803499994,57.78594980673453
2026-08-16T14:00:00Z,G28,55268,GPS BIII-6  (PRN 28),24.55905201999849,-18.389674214000024,-46.083741066000584,55.362788445455294
2026-08-16T14:00:00Z,G01,62339,GPS BIII-7  (PRN 01),-41.61867229699965,14.557749838000746,28.68993955100086,52.603750774549724
2026-08-16T14:00:00Z,G21,64202,GPS BIII-8  (PRN 21),33.95154962000015,24.995109498000147,-32.143769934999,53.01589540930621
2026-08-16T14:00:00Z,G20,67588,GPS BIII-9  (PRN 20),3.3204182779991243,34.21917158699944,42.065805940001155,54.32779133209095
2026-08-16T14:00:00Z,G13,68791,GPS BIII-10 (PRN 13),29.757967132999966,18.072906976998638,-16.257167897998443,38.42475871819709
2026-08-16T14:15:00Z,G22,26407,GPS BIIR-5  (PRN 22),11.619443739997223,15.837598310999965,55.14912899299998,58.542868240069176
2026-08-16T14:15:00Z,G16,27663,GPS BIIR-8  (PRN 16),-35.345485645000736,-25.97064639599921,-24.875194107000425,50.42373559711665
2026-08-16T14:15:00Z,G19,28190,GPS BIIR-11 (PRN 19),-3.39534274899961,50.42800635399999,-2.3433580580021953,50.59647719170032
2026-08-16T14:15:00Z,G02,28474,GPS BIIR-13 (PRN 02),-25.055333247000817,8.357732538999699,54.935945689998334,60.95555385825122
2026-08-16T14:15:00Z,G17,28874,GPS BIIRM-1 (PRN 17),-4.310024098000213,43.727388433999295,26.4499944709969,51.2860898733659
2026-08-16T14:15:00Z,G31,29486,GPS BIIRM-2 (PRN 31),10.837229773998843,-11.199322386999484,-53.23497089900047,55.4692031466094
2026-08-16T14:15:00Z,G12,29601,GPS BIIRM-3 (PRN 12),43.22761835299997,25.107123662997765,-20.154927912000858,53.90005349013703
2026-08-16T14:15:00Z,G15,32260,GPS BIIRM-4 (PRN 15),10.63065236500006,22.767389243999787,50.38382993400046,56.301821475966115
2026-08-16T14:15:00Z,G29,32384,GPS BIIRM-5 (PRN 29),8.454132933000437,-21.133467409999867,-55.31708075299866,59.817014564855576
2026-08-16T14:15:00Z,G07,32711,GPS BIIRM-6 (PRN 07),-42.999633983999956,25.484968044998823,-1.2415097920020344,49.99993465571942
2026-08-16T14:15:00Z,G05,35752,GPS BIIRM-8 (PRN 05),44.05742732900035,23.026457869000296,-11.847829620000994,51.1042633402299
2026-08-16T14:15:00Z,G25,36585,GPS BIIF-1  (PRN 25),33.35382309600027,11.503276936000475,-42.83589983299862,55.4951998815059
2026-08-16T14:15:00Z,G24,38833,GPS BIIF-3  (PRN 24),64.02653819700026,-10.027571260001423,80.91386985499958,103.66775831365386
2026-08-16T14:15:00Z,G27,39166,GPS BIIF-4  (PRN 27),-5.203310568000234,-44.589348641999095,28.240658538998105,53.03601840165885
2026-08-16T14:15:00Z,G30,39533,GPS BIIF-5  (PRN 30),-34.71186626399867,26.513269691000005,31.49420179400113,53.84934424743436
2026-08-16T14:15:00Z,G06,39741,GPS BIIF-6  (PRN 06),-24.993485033999605,16.782172425000226,-45.189260679000654,54.299032092311506
2026-08-16T14:15:00Z,G09,40105,GPS BIIF-7  (PRN 09),-5.244790189000014,25.193088037998677,-53.92714023299959,59.7522883471971
2026-08-16T14:15:00Z,G03,40294,GPS BIIF-8  (PRN 03),-44.646819716999744,-23.148748280997097,-23.784186724999017,55.63174090381194
2026-08-16T14:15:00Z,G26,40534,GPS BIIF-9  (PRN 26),-21.001538037999126,-14.266811795999956,-46.29032698999981,52.79584161300124
2026-08-16T14:15:00Z,G08,40730,GPS BIIF-10 (PRN 08),-7.4853565990006246,-24.788835838000523,48.10818527599986,54.63437046555465
2026-08-16T14:15:00Z,G10,41019,GPS BIIF-11 (PRN 10),-4.877052055999229,-7.036398610998731,58.499249317999784,59.12240449219982
2026-08-16T14:15:00Z,G32,41328,GPS BIIF-12 (PRN 32),-0.2625215539992496,-47.67519705799987,16.232266823997634,50.36347702781141
2026-08-16T14:15:00Z,G04,43873,GPS BIII-1  (PRN 04),-5.141987593000067,0.026715403000707738,-58.30669114,58.53299054221199
2026-08-16T14:15:00Z,G18,44506,GPS BIII-2  (PRN 18),43.94743971900061,-25.63152676000027,5.228379290998419,51.14380286910961
2026-08-16T14:15:00Z,G23,45854,GPS BIII-3  (PRN 23),17.671354475001863,5.535379207000005,54.748180022999804,57.79515903410295
2026-08-16T14:15:00Z,G14,46826,GPS BIII-4  (PRN 14),-2.476643054997112,5.326311337001243,56.13940567899999,56.44586985131746
2026-08-16T14:15:00Z,G11,48859,GPS BIII-5  (PRN 11),-1.654256951998832,6.858456195999679,-57.28180003899979,57.71463941812024
2026-08-16T14:15:00Z,G28,55268,GPS BIII-6  (PRN 28),27.75282763300129,-22.25633253800015,-41.11298891000115,54.367652485489955
2026-08-16T14:15:00Z,G01,62339,GPS BIII-7  (PRN 01),-37.611741278999034,15.043904838003073,35.01284476100045,53.54308034724159
2026-08-16T14:15:00Z,G21,64202,GPS BIII-8  (PRN 21),31.807486715999403,21.28106013599995,-38.11402829199869,54.01184022363802
2026-08-16T14:15:00Z,G20,67588,GPS BIII-9  (PRN 20),5.223295444999167,38.438128882000456,36.55680183499862,53.3026484112974
2026-08-16T14:15:00Z,G13,68791,GPS BIII-10 (PRN 13),32.27533560899997,16.498241766999854,-10.411913021001965,37.713355762022424
2026-08-16T14:30:00Z,G22,26407,GPS BIIR-5  (PRN 22),6.810387189001631,11.860398007000185,57.26905080799952,58.879492142831886
2026-08-16T14:30:00Z,G16,27663,GPS BIIR-8  (PRN 16),-33.842463019002025,-22.38231088900011,-31.22151073799978,51.19631702268639
2026-08-16T14:30:00Z,G19,28190,GPS BIIR-11 (PRN 19),-0.8525507330014079,50.18319518999988,5.164947614000994,50.455491337270146
2026-08-16T14:30:00Z,G02,28474,GPS BIIR-13 (PRN 02),-19.511335504999806,5.328867426000215,58.09818113299934,61.51818992944569
2026-08-16T14:30:00Z,G17,28874,GPS BIIRM-1 (PRN 17),-2.1129153950005275,40.43741053700069,32.816054997998435,52.12045709734348
2026-08-16T14:30:00Z,G31,29486,GPS BIIRM-2 (PRN 31),15.0842597439987,-14.881651650000094,-50.470403610001085,54.73810453799785
2026-08-16T14:30:00Z,G12,29601,GPS BIIRM-3 (PRN 12),46.017552309000166,23.951117280999824,-12.69816199699926,53.40893612141896
2026-08-16T14:30:00Z,G15,32260,GPS BIIRM-4 (PRN 15),13.192252554999868,27.649106452001433,46.41781779000121,55.61584687348346
2026-08-16T14:30:00Z,G29,32384,GPS BIIRM-5 (PRN 29),7.48814209000011,-14.982636008000554,-58.075859474000026,60.443007100508034
2026-08-16T14:30:00Z,G07,32711,GPS BIIRM-6 (PRN 07),-41.35552118199939,27.340647253000498,-8.653387442998792,50.32565189529544
2026-08-16T14:30:00Z,G05,35752,GPS BIIRM-8 (PRN 05),43.64872132200071,19.914014370000586,-19.207407772002625,51.67884823304653
2026-08-16T14:30:00Z,G25,36585,GPS BIIF-1  (PRN 25),38.008117968998704,11.784724048997305,-37.36851306199969,54.588483409242826
2026-08-16T14:30:00Z,G24,38833,GPS BIIF-3  (PRN 24),56.509562944998834,-4.779177514999901,87.67928615600067,104.42139849082906
2026-08-16T14:30:00Z,G27,39166,GPS BIIF-4  (PRN 27),-7.571102266001617,-47.10691447300087,21.25592789000075,52.232149593461926
2026-08-16T14:30:00Z,G30,39533,GPS BIIF-5  (PRN 30),-36.12344353500157,29.875546913000107,24.82210426399979,53.04326852928836
2026-08-16T14:30:00Z,G06,39741,GPS BIIF-6  (PRN 06),-28.074258328000724,20.82839835599998,-40.27270509200025,53.328012659115316
2026-08-16T14:30:00Z,G09,40105,GPS BIIF-7  (PRN 09),-4.691035871999702,19.017569929001183,-57.0774910199998,60.344956414724464
2026-08-16T14:30:00Z,G03,40294,GPS BIIF-8  (PRN 03),-47.844534204,-21.797941500999514,-16.1908964739996,55.012678861426984
2026-08-16T14:30:00Z,G26,40534,GPS BIIF-9  (PRN 26),-16.609713891000865,-11.361250139000049,-49.55512124899906,53.4852376106233
2026-08-16T14:30:00Z,G08,40730,GPS BIIF-10 (PRN 08),-9.322614029999386,-29.61073926699828,43.84927617500034,53.725841392778094
2026-08-16T14:30:00Z,G10,41019,GPS BIIF-11 (PRN 10),0.7501222380014951,-3.740568100998644,59.04714590199998,59.17026256712256
2026-08-16T14:30:00Z,G32,41328,GPS BIIF-12 (PRN 32),-2.60863887800042,-45.32049672099856,23.294905137998285,51.02357323063718
2026-08-16T14:30:00Z,G04,43873,GPS BIII-1  (PRN 04),-5.389077923000059,-6.343859636999696,-57.80373928000017,58.399991358769526
2026-08-16T14:30:00Z,G18,44506,GPS BIII-2  (PRN 18),42.728163294000296,-28.014334143999804,-2.4259921430020768,51.15060404226264
2026-08-16T14:30:00Z,G23,45854,GPS BIII-3  (PRN 23),23.46744583799955,7.039164027000879,51.56000207299985,57.085065105736845
2026-08-16T14:30:00Z,G14,46826,GPS BIII-4  (PRN 14),-7.8336862759970245,2.641203488999963,55.67628719300001,56.28669071937403
2026-08-16T14:30:00Z,G11,48859,GPS BIII-5  (PRN 11),-6.751470499999414,10.327674644999206,-56.05406601699997,57.396006259351466
2026-08-16T14:30:00Z,G28,55268,GPS BIII-6  (PRN 28),30.07444269199914,-26.199466884,-35.43793204599933,53.35476732155262
2026-08-16T14:30:00Z,G01,62339,GPS BIII-7  (PRN 01),-33.10086613299973,14.773694135998085,40.73148628000126,54.52507085512795
2026-08-16T14:30:00Z,G21,64202,GPS BIII-8  (PRN 21),28.76688315499996,17.63190949799997,-43.429009863999454,54.99542432572408
2026-08-16T14:30:00Z,G20,67588,GPS BIII-9  (PRN 20),7.56641164499888,41.87634456599881,30.42851354600134,52.314178345941926
2026-08-16T14:30:00Z,G13,68791,GPS BIII-10 (PRN 13),34.1389747610001,14.422801386001083,-4.388941196000815,37.319560586563576
2026-08-16T14:45:00Z,G22,26407,GPS BIIR-5  (PRN 22),1.4589533939979447,8.408931975000087,58.371448815999884,58.992073356044465
2026-08-16T14:45:00Z,G16,27663,GPS BIIR-8  (PRN 16),-31.450255586998537,-18.74711688699972,-36.99010529100087,52.04652589272115
2026-08-16T14:45:00Z,G19,28190,GPS BIIR-11 (PRN 19),1.6373053070001333,48.971473789999436,12.540003075999266,50.57803565757575
2026-08-16T14:45:00Z,G02,28474,GPS BIIR-13 (PRN 02),-14.162554111000645,1.5303770680002344,60.202935454,61.865284531761205
2026-08-16T14:45:00Z,G17,28874,GPS BIIRM-1 (PRN 17),-0.3651640480002243,36.34977249000076,38.58368813599918,53.010756408797
2026-08-16T14:45:00Z,G31,29486,GPS BIIRM-2 (PRN 31),18.62429333899854,-18.886170767000294,-46.86762110299969,53.85281474975755
2026-08-16T14:45:00Z,G12,29601,GPS BIIRM-3 (PRN 12),48.039861089000624,22.177122707000308,-5.028833521999331,53.15018524524453
2026-08-16T14:45:00Z,G15,32260,GPS BIIRM-4 (PRN 15),16.165598528000373,31.8394903399967,41.603918017999604,54.82668798429888
2026-08-16T14:45:00Z,G29,32384,GPS BIIRM-5 (PRN 29),7.254471450999517,-8.545455775998562,-59.82686080199983,60.86793444725045
2026-08-16T14:45:00Z,G07,32711,GPS BIIRM-6 (PRN 07),-39.0187699979997,28.58392641499995,-15.960364153001137,50.9336675034435
2026-08-16T14:45:00Z,G05,35752,GPS BIIRM-8 (PRN 05),42.24339604600027,16.657769076999102,-26.231190028000128,52.441025070138664
2026-08-16T14:45:00Z,G25,36585,GPS BIIF-1  (PRN 25),42.185792713999035,11.339075011001114,-31.281980101000954,53.72874470944788
2026-08-16T14:45:00Z,G24,38833,GPS BIIF-3  (PRN 24),48.96894638199956,1.61994668600164,92.98783351800012,105.10622778598774
2026-08-16T14:45:00Z,G27,39166,GPS BIIF-4  (PRN 27),-10.108751490999566,-48.65197058500053,13.901984168998752,51.599091681401084
2026-08-16T14:45:00Z,G30,39533,GPS BIIF-5  (PRN 30),-36.661802817001444,32.99302318199989,17.729167899997265,52.411360971710806
2026-08-16T14:45:00Z,G06,39741,GPS BIIF-6  (PRN 06),-30.269077548000496,24.955706429999964,-34.65714968099928,52.34617811300456
2026-08-16T14:45:00Z,G09,40105,GPS BIIF-7  (PRN 09),-4.899734145999901,12.584580177001044,-59.233529995000026,60.75351947501817
2026-08-16T14:45:00Z,G03,40294,GPS BIIF-8  (PRN 03),-50.22101538200013,-19.80225640000026,-8.329855722000502,54.62294610216287
2026-08-16T14:45:00Z,G26,40534,GPS BIIF-9  (PRN 26),-11.682447243001661,-8.924916628000119,-51.969461857999704,54.008875902136275
2026-08-16T14:45:00Z,G08,40730,GPS BIIF-10 (PRN 08),-11.624528583000028,-33.75007870199988,38.81437195699982,52.73284505490392
2026-08-16T14:45:00Z,G10,41019,GPS BIIF-11 (PRN 10),6.728726291999919,-1.172680831999969,58.60036727900024,58.9970675803477
2026-08-16T14:45:00Z,G32,41328,GPS BIIF-12 (PRN 32),-4.561520563000158,-42.088688509998974,29.936236959998496,51.850202060007184
2026-08-16T14:45:00Z,G04,43873,GPS BIII-1  (PRN 04),-6.390418478000015,-12.545013245999144,-56.294555275000675,58.02837029657446
2026-08-16T14:45:00Z,G18,44506,GPS BIII-2  (PRN 18),40.69178863200068,-29.814918227000817,-10.054765389999375,51.437819918831075
2026-08-16T14:45:00Z,G23,45854,GPS BIII-3  (PRN 23),29.117216196998925,7.7054108809988975,47.50009382399912,56.24450683574808
2026-08-16T14:45:00Z,G14,46826,GPS BIII-4  (PRN 14),-13.393607835001603,0.6460666810016846,54.2774122310002,55.90924441886196
2026-08-16T14:45:00Z,G11,48859,GPS BIII-5  (PRN 11),-11.271069024998724,14.29375234300096,-53.85495887900015,56.84808658933147
2026-08-16T14:45:00Z,G28,55268,GPS BIII-6  (PRN 28),31.495005329998094,-30.051894891999837,-29.15626870899723,52.3940812722932
2026-08-16T14:45:00Z,G01,62339,GPS BIII-7  (PRN 01),-28.247277800999655,13.696014032000676,45.74522511000032,55.48076354824446
2026-08-16T14:45:00Z,G21,64202,GPS BIII-8  (PRN 21),24.889051225000003,14.208884485999988,-47.99682989400026,55.902173026553825
2026-08-16T14:45:00Z,G20,67588,GPS BIII-9  (PRN 20),10.210770172001503,44.44269769299899,23.78604708000057,51.43140326132214
2026-08-16T14:45:00Z,G13,68791,GPS BIII-10 (PRN 13),35.266421104000074,11.964086134001263,1.70834996800113,37.27973007036977
2026-08-16T15:00:00Z,G22,26407,GPS BIIR-5  (PRN 22),-4.283159683000122,5.593588777999685,58.44528689100002,58.868372255895956
2026-08-16T15:00:00Z,G16,27663,GPS BIIR-8  (PRN 16),-28.21227587300018,-15.230720181000152,-42.086500711000554,52.9072857862057
2026-08-16T15:00:00Z,G19,28190,GPS BIIR-11 (PRN 19),3.9176922790011304,46.83440259999952,19.658602658000746,50.94379489355834
2026-08-16T15:00:00Z,G02,28474,GPS BIIR-13 (PRN 02),-9.185079296999902,-2.9401307240004826,61.21704498100007,61.97206343645638
2026-08-16T15:00:00Z,G17,28874,GPS BIIRM-1 (PRN 17),0.8161869659998047,31.59286757999871,43.64839889799987,53.88838622049948
2026-08-16T15:00:00Z,G31,29486,GPS BIIRM-2 (PRN 31),21.385259056001814,-23.068145168999763,-42.488240591999784,52.86510394422783
2026-08-16T15:00:00Z,G12,29601,GPS BIIRM-3 (PRN 12),49.19603754699983,19.91613847299959,2.7265575060009724,53.14448981630214
2026-08-16T15:00:00Z,G15,32260,GPS BIIRM-4 (PRN 15),19.410045798000283,35.226391221000085,36.02303070299968,53.99358533534033
2026-08-16T15:00:00Z,G29,32384,GPS BIIRM-5 (PRN 29),7.781036790000144,-2.0063771690001886,-60.538041142,61.06901430498207
2026-08-16T15:00:00Z,G07,32711,GPS BIIRM-6 (PRN 07),-36.099872968,29.106028334997973,-23.047842151001532,51.783827026987154
2026-08-16T15:00:00Z,G05,35752,GPS BIIRM-8 (PRN 05),39.85515626400229,13.429569607999838,-32.7937147019984,53.331177979116674
2026-08-16T15:00:00Z,G25,36585,GPS BIIF-1  (PRN 25),45.74725864999982,10.24702745399918,-24.673923618000117,52.977502322588784
2026-08-16T15:00:00Z,G24,38833,GPS BIIF-3  (PRN 24),41.63469229799921,9.080314402999647,96.72556785000052,105.69642940190293
2026-08-16T15:00:00Z,G27,39166,GPS BIIF-4  (PRN 27),-12.654755961999399,-49.19353799200053,6.315413394000643,51.18624302452058
2026-08-16T15:00:00Z,G30,39533,GPS BIIF-5  (PRN 30),-36.36447335699995,35.712159851999786,10.329672947998915,52.00418662991822
2026-08-16T15:00:00Z,G06,39741,GPS BIIF-6  (PRN 06),-31.55009285399865,28.99160911799993,-28.4361812749994,51.42507329942719
2026-08-16T15:00:00Z,G09,40105,GPS BIIF-7  (PRN 09),-5.889571704000446,6.080507299997407,-60.360329185999944,60.95103742615183
2026-08-16T15:00:00Z,G03,40294,GPS BIIF-8  (PRN 03),-51.67043163299968,-17.30369593600153,-0.3305909820010129,54.49184056887297
2026-08-16T15:00:00Z,G26,40534,GPS BIIF-9  (PRN 26),-6.3492649140025605,-7.051914837999902,-53.49953861699987,54.334549782458375
2026-08-16T15:00:00Z,G08,40730,GPS BIIF-10 (PRN 08),-14.264195809999364,-37.096207189999404,33.09709447599744,51.72053298973694
2026-08-16T15:00:00Z,G10,41019,GPS BIIF-11 (PRN 10),12.889053684997634,0.6018229199999041,57.17230913499952,58.61026213513925
2026-08-16T15:00:00Z,G32,41328,GPS BIIF-12 (PRN 32),-5.988758786999824,-38.08742284799882,36.04088675100138,52.777481266252536
2026-08-16T15:00:00Z,G04,43873,GPS BIII-1  (PRN 04),-8.098769108999932,-18.398182961998828,-53.80602572099997,57.43841572739438
2026-08-16T15:00:00Z,G18,44506,GPS BIII-2  (PRN 18),37.945914483999786,-30.906673106001108,-17.527252345000306,51.983838289160175
2026-08-16T15:00:00Z,G23,45854,GPS BIII-3  (PRN 23),34.44318370899964,7.558725439999762,42.63395997000043,55.327405298032886
2026-08-16T15:00:00Z,G14,46826,GPS BIII-4  (PRN 14),-18.996558155999082,-0.6193015370008652,51.96745239300071,55.33415639898003
2026-08-16T15:00:00Z,G11,48859,GPS BIII-5  (PRN 11),-15.09661848199903,18.621120321999115,-50.72314412000014,56.10250761824919
2026-08-16T15:00:00Z,G28,55268,GPS BIII-6  (PRN 28),32.01927382099893,-33.64592170600008,-22.375910011000087,51.55543901753499
2026-08-16T15:00:00Z,G01,62339,GPS BIII-7  (PRN 01),-23.221810111001105,11.79237352799828,49.96577249499933,56.346170759664396
2026-08-16T15:00:00Z,G21,64202,GPS BIII-8  (PRN 21),20.2645582619989,11.160558422000122,-51.73874918599904,56.67546694273054
2026-08-16T15:00:00Z,G20,67588,GPS BIII-9  (PRN 20),13.003508281000904,46.076409808998505,16.74281446900204,50.71931195160535
2026-08-16T15:00:00Z,G13,68791,GPS BIII-10 (PRN 13),35.60113686800014,9.253492738000205,7.775036971997906,37.59679872093149
2026-08-16T15:15:00Z,G22,26407,GPS BIIR-5  (PRN 22),-10.248789423003473,3.49452908999956,57.49875239000039,58.50945175443449
2026-08-16T15:15:00Z,G16,27663,GPS BIIR-8  (PRN 16),-24.20269718200143,-11.98888014399995,-46.430285385999014,53.714757739527876
2026-08-16T15:15:00Z,G19,28190,GPS BIIR-11 (PRN 19),5.8421930499989685,43.8442670860004,26.40436423400024,51.513507224258625
2026-08-16T15:15:00Z,G02,28474,GPS BIIR-13 (PRN 02),-4.734422128000006,-7.955618844000128,61.130384595999885,61.827425507876086
2026-08-16T15:15:00Z,G17,28874,GPS BIIRM-1 (PRN 17),1.3399671259994648,26.318372822999663,47.92035958499946,54.68832711561779
2026-08-16T15:15:00Z,G31,29486,GPS BIIRM-2 (PRN 31),23.32444286700047,-27.273160123999332,-37.4050788200002,51.83623076319982
2026-08-16T15:15:00Z,G12,29601,GPS BIIRM-3 (PRN 12),49.41613090000101,17.315967126000032,10.439965132001817,53.392785866558434
2026-08-16T15:15:00Z,G15,32260,GPS BIIRM-4 (PRN 15),22.76860322199991,37.727562953001325,29.77313849499842,53.180993549349
2026-08-16T15:15:00Z,G29,32384,GPS BIIRM-5 (PRN 29),9.061541147999833,4.4469315280002775,-60.19608370500009,61.03650728384608
2026-08-16T15:15:00Z,G07,32711,GPS BIIRM-6 (PRN 07),-32.72822871899996,28.82168069799809,-29.801521419998608,52.82004271379535
2026-08-16T15:15:00Z,G05,35752,GPS BIIRM-8 (PRN 05),36.53389260399854,10.39710737600035,-38.77838925800097,54.2824891105191
2026-08-16T15:15:00Z,G25,36585,GPS BIIF-1  (PRN 25),48.5715184870005,8.613805048000359,-17.64981401299883,52.391850322654555
2026-08-16T15:15:00Z,G24,38833,GPS BIIF-3  (PRN 24),34.722932695000054,17.465886785001203,98.80307158900018,106.17337807355042
2026-08-16T15:15:00Z,G27,39166,GPS BIIF-4  (PRN 27),-15.046327170999575,-48.73744067400003,-1.3640127269973163,51.025391870203634
2026-08-16T15:15:00Z,G30,39533,GPS BIIF-5  (PRN 30),-35.29783765099819,37.890257213999575,2.743217323000863,51.85686237963578
2026-08-16T15:15:00Z,G06,39741,GPS BIIF-6  (PRN 06),-31.923448532001203,32.762952047,-21.714083771999867,50.63614348532853
2026-08-16T15:15:00Z,G09,40105,GPS BIIF-7  (PRN 09),-7.644849655000144,-0.3076275319981505,-60.44111662299997,60.923451474625786
2026-08-16T15:15:00Z,G03,40294,GPS BIIF-8  (PRN 03),-52.117667334000544,-14.46216639099839,7.674938716001634,54.62884027098554
2026-08-16T15:15:00Z,G26,40534,GPS BIIF-9  (PRN 26),-0.7537529159999394,-5.810951121000016,-54.12612793499994,54.4423825858587
2026-08-16T15:15:00Z,G08,40730,GPS BIIF-10 (PRN 08),-17.098217091999686,-39.5684298970009,26.803650943998946,50.758697542064255
2026-08-16T15:15:00Z,G10,41019,GPS BIIF-11 (PRN 10),19.053877802001807,1.5505583949998254,54.79099495999981,58.03023021957302
2026-08-16T15:15:00Z,G32,41328,GPS BIIF-12 (PRN 32),-6.7807098730008875,-33.450312851999115,41.50433356499889,53.735567001317875
2026-08-16T15:15:00Z,G04,43873,GPS BIII-1  (PRN 04),-10.435326368999995,-23.737932088999514,-50.38253007499952,56.66378731648398
2026-08-16T15:15:00Z,G18,44506,GPS BIII-2  (PRN 18),34.62247434699998,-31.187884145998396,-24.71399978900081,52.74638976255742
2026-08-16T15:15:00Z,G23,45854,GPS BIII-3  (PRN 23),39.27646523200019,6.656364599000881,37.039940963000845,54.395819116343304
2026-08-16T15:15:00Z,G14,46826,GPS BIII-4  (PRN 14),-24.479019976999552,-1.1455736850002722,48.785131227999955,54.59417356307617
2026-08-16T15:15:00Z,G11,48859,GPS BIII-5  (PRN 11),-18.139916128999175,23.15642687000036,-46.713718370001516,55.20369685541555
2026-08-16T15:15:00Z,G28,55268,GPS BIII-6  (PRN 28),31.685189898000317,-36.81998898799975,-15.21318220199828,50.902885582842565
2026-08-16T15:15:00Z,G01,62339,GPS BIII-7  (PRN 01),-18.19843639300052,9.077798942002119,53.31891944899871,57.06572256609316
2026-08-16T15:15:00Z,G21,64202,GPS BIII-8  (PRN 21),15.011898987002496,8.617232459000206,-54.590547427000274,57.269028932119845
2026-08-16T15:15:00Z,G20,67588,GPS BIII-9  (PRN 20),15.784028059000775,46.74924236199877,9.41863569799898,50.23283688584435
2026-08-16T15:15:00Z,G13,68791,GPS BIII-10 (PRN 13),35.114934412000366,6.4312255429995275,13.706504382000276,38.23986850288335
2026-08-16T15:30:00Z,G22,26407,GPS BIIR-5  (PRN 22),-16.261738209002942,2.1586646369996743,55.55836869599989,57.92958048142451
2026-08-16T15:30:00Z,G16,27663,GPS BIIR-8  (PRN 16),-19.523149574000854,-9.161155143000002,-49.95595814099943,54.41211158031098
2026-08-16T15:30:00Z,G19,28190,GPS BIIR-11 (PRN 19),7.280160661999616,40.10066518900021,32.66926428200168,52.23356120916982
2026-08-16T15:30:00Z,G02,28474,GPS BIIR-13 (PRN 02),-0.9390082360005181,-13.36495087900039,59.955409353000505,61.43414977967247
2026-08-16T15:30:00Z,G17,28874,GPS BIIRM-1 (PRN 17),1.1449791310005821,20.694721340001706,51.32611289799934,55.35297944798385
2026-08-16T15:30:00Z,G31,29486,GPS BIIRM-2 (PRN 31),24.429702719997294,-31.342269063999993,-31.70105205299842,50.83409196921422
2026-08-16T15:30:00Z,G12,29601,GPS BIIRM-3 (PRN 12),48.66126426899973,14.535473334999551,17.983675737999874,53.87588717023078
2026-08-16T15:30:00Z,G15,32260,GPS BIIRM-4 (PRN 15),26.074182477999784,39.29430837600012,22.967526562002604,52.45391252347645
2026-08-16T15:30:00Z,G29,32384,GPS BIIRM-5 (PRN 29),11.055188548999922,10.630832388000272,-58.80673368400039,60.77387364399805
2026-08-16T15:30:00Z,G07,32711,GPS BIIRM-6 (PRN 07),-29.04761510200001,27.672825661000388,-36.1088401900015,53.97589798275827
2026-08-16T15:30:00Z,G05,35752,GPS BIIRM-8 (PRN 05),32.363615307000146,7.716736709000543,-44.07980846300052,55.22663429279701
2026-08-16T15:30:00Z,G25,36585,GPS BIIF-1  (PRN 25),50.560178710999935,6.5653384380002535,-10.321748657999706,52.01897572475503
2026-08-16T15:30:00Z,G24,38833,GPS BIIF-3  (PRN 24),28.426886856999772,26.59739968699796,99.158414118,106.52652560225255
2026-08-16T15:30:00Z,G27,39166,GPS BIIF-4  (PRN 27),-17.1262806729992,-47.32534530499993,-8.996419107999827,51.12664036189557
2026-08-16T15:30:00Z,G30,39533,GPS BIIF-5  (PRN 30),-33.55452732500089,39.40063155499956,-4.906764391002071,51.98454008381593
2026-08-16T15:30:00Z,G06,39741,GPS BIIF-6  (PRN 06),-31.428940750000038,36.10227246900013,-14.604284971999732,50.04435566211553
2026-08-16T15:30:00Z,G09,40105,GPS BIIF-7  (PRN 09),-10.11571408600048,-6.399310521999723,-59.47740599000008,60.669932173408455
2026-08-16T15:30:00Z,G03,40294,GPS BIIF-8  (PRN 03),-51.52104407000115,-11.449291285000072,15.554247148997092,55.022166963541736
2026-08-16T15:30:00Z,G26,40534,GPS BIIF-9  (PRN 26),4.951577848998568,-5.242660076999982,-53.84439044999999,54.325150628504595
2026-08-16T15:30:00Z,G08,40730,GPS BIIF-10 (PRN 08),-19.972540983000727,-41.118815597999856,20.050406681999448,49.91671260823902
2026-08-16T15:30:00Z,G10,41019,GPS BIIF-11 (PRN 10),25.044416576001822,1.6753335520006658,51.498363086999234,57.289710636231874
2026-08-16T15:30:00Z,G32,41328,GPS BIIF-12 (PRN 32),-6.855084294000335,-28.331268481000734,46.23464461000003,54.65615534076103
2026-08-16T15:30:00Z,G04,43873,GPS BIII-1  (PRN 04),-13.292493404000197,-28.41819813099937,-46.085063459000594,55.75049273260495
2026-08-16T15:30:00Z,G18,44506,GPS BIII-2  (PRN 18),30.872483852000016,-30.586096274997544,-31.489053384997533,53.667308742088466
2026-08-16T15:30:00Z,G23,45854,GPS BIII-3  (PRN 23),43.462593399999605,5.086302339999747,30.80826839099973,53.516510515909474
2026-08-16T15:30:00Z,G14,46826,GPS BIII-4  (PRN 14),-29.67932681399907,-0.954391797999051,44.782632184998874,53.73320620671308
2026-08-16T15:30:00Z,G11,48859,GPS BIII-5  (PRN 11),-20.34433072400134,27.734078241000134,-41.89711412200086,54.207370903203056
2026-08-16T15:30:00Z,G28,55268,GPS BIII-6  (PRN 28),30.56209825699989,-39.42467077699985,-7.790911594001955,50.48806610686228
2026-08-16T15:30:00Z,G01,62339,GPS BIII-7  (PRN 01),-13.34713429400108,5.600720114998694,55.7459928090002,57.594529027762285
2026-08-16T15:30:00Z,G21,64202,GPS BIII-8  (PRN 21),9.2731089839981,6.685400883000057,-56.503603340000154,57.64843732140188
2026-08-16T15:30:00Z,G20,67588,GPS BIII-9  (PRN 20),18.390127038999708,46.466157789000135,1.937757922001765,50.01055386563007
2026-08-16T15:30:00Z,G13,68791,GPS BIII-10 (PRN 13),33.80896291799945,3.6406517930008704,19.40031936000014,39.1493641115477
2026-08-16T15:45:00Z,G22,26407,GPS BIIR-5  (PRN 22),-22.143661324000277,1.5987054889992578,52.66776238499915,57.15584651385468
2026-08-16T15:45:00Z,G16,27663,GPS BIIR-8  (PRN 16),-14.298545372999797,-6.8659731229999466,-52.61335165000037,54.95229529834116
2026-08-16T15:45:00Z,G19,28190,GPS BIIR-11 (PRN 19),8.121500108998589,35.726613319000535,38.354914219999046,53.04195611107622
2026-08-16T15:45:00Z,G02,28474,GPS BIIR-13 (PRN 02),2.1043729779994464,-18.999536125000304,57.72601185199983,60.808742816579844
2026-08-16T15:45:00Z,G17,28874,GPS BIIRM-1 (PRN 17),0.20228909800061956,14.90028592499948,53.80979463299991,55.83505565477242
2026-08-16T15:45:00Z,G31,29486,GPS BIIRM-2 (PRN 31),24.719468630999472,-35.11787314200001,-25.468067671998142,49.92934622405995
2026-08-16T15:45:00Z,G12,29601,GPS BIIRM-3 (PRN 12),46.92543091799962,11.738536648999798,25.232242617999873,54.55690036130604
2026-08-16T15:45:00Z,G15,32260,GPS BIIRM-4 (PRN 15),29.15703651900003,39.91377167999963,15.732454920998862,51.8724598041649
2026-08-16T15:45:00Z,G29,32384,GPS BIIRM-5 (PRN 29),13.688488948999748,16.372677150997333,-56.394728676999875,60.297634359484704
2026-08-16T15:45:00Z,G07,32711,GPS BIIRM-6 (PRN 07),-25.211433583000144,25.631649228998867,-41.860636800000066,55.18070984329565
2026-08-16T15:45:00Z,G05,35752,GPS BIIRM-8 (PRN 05),27.45919838699774,5.527198399000554,-48.60580283700074,56.09885531477271
2026-08-16T15:45:00Z,G25,36585,GPS BIIF-1  (PRN 25),51.64122209300001,4.243485725999562,-2.807128830001602,51.891260946652096
2026-08-16T15:45:00Z,G24,38833,GPS BIIF-3  (PRN 24),22.909013364000202,36.25796655799786,97.75974168899984,106.75406375090742
2026-08-16T15:45:00Z,G27,39166,GPS BIIF-4  (PRN 27),-18.749779275000037,-45.032636789000094,-16.44478864499979,51.47740934244788
2026-08-16T15:45:00Z,G30,39533,GPS BIIF-5  (PRN 30),-31.25004588000047,40.137737249000565,-12.494587563000096,52.38051199961125
2026-08-16T15:45:00Z,G06,39741,GPS BIIF-6  (PRN 06),-30.138393926999925,38.85455250199993,-7.227621722002368,49.70148442839565
2026-08-16T15:45:00Z,G09,40105,GPS BIIF-7  (PRN 09),-13.220392287000323,-12.027160675999767,-57.48879853499966,60.2029345061042
2026-08-16T15:45:00Z,G03,40294,GPS BIIF-8  (PRN 03),-49.87422653899921,-8.441832077000072,23.17627323600027,55.640296932973165
2026-08-16T15:45:00Z,G26,40534,GPS BIIF-9  (PRN 26),10.610689305998676,-5.358644971999638,-52.66350662900004,53.98839443757429
2026-08-16T15:45:00Z,G08,40730,GPS BIIF-10 (PRN 08),-22.7292080469997,-41.73374649499965,12.961273167999025,49.25766028840776
2026-08-16T15:45:00Z,G10,41019,GPS BIIF-11 (PRN 10),30.686563418999867,1.0114811659987026,47.34948948499914,56.43281335453261
2026-08-16T15:45:00Z,G32,41328,GPS BIIF-12 (PRN 32),-6.160060250998868,-22.898523478001152,50.15389251799934,55.47703718184251
2026-08-16T15:45:00Z,G04,43873,GPS BIII-1  (PRN 04),-16.538480401000015,-32.31776445200012,-40.99001407899959,54.7552781688287
2026-08-16T15:45:00Z,G18,44506,GPS BIII-2  (PRN 18),26.860362117000022,-29.061546329998237,-37.73229402000288,54.67886740011126
2026-08-16T15:45:00Z,G23,45854,GPS BIII-3  (PRN 23),46.86729467499936,2.963720331999866,24.039951695001946,52.75648041575138
2026-08-16T15:45:00Z,G14,46826,GPS BIII-4  (PRN 14),-34.443458903002465,-0.09718159200019727,40.02489969199996,52.804866260784166
2026-08-16T15:45:00Z,G11,48859,GPS BIII-5  (PRN 11),-21.686588109001605,32.18286548600008,-36.35775142000057,53.17829466067917
2026-08-16T15:45:00Z,G28,55268,GPS BIII-6  (PRN 28),28.74781747799898,-41.32873386400024,-0.23641099499945994,50.3443854139492
2026-08-16T15:45:00Z,G01,62339,GPS BIII-7  (PRN 01),-8.827380495000398,1.441147222998552,57.204981034999946,57.89999487855395
2026-08-16T15:45:00Z,G21,64202,GPS BIII-8  (PRN 21),3.2084761430014623,5.44379731700019,-57.445660422000174,57.79215474187258
2026-08-16T15:45:00Z,G20,67588,GPS BIII-9  (PRN 20),20.664526294000098,45.26505020700006,-5.573162164000678,50.07002649993213
2026-08-16T15:45:00Z,G13,68791,GPS BIII-10 (PRN 13),31.713910943999508,1.0226678569997603,24.758102436000627,40.24651081946325
2026-08-16T16:00:00Z,G22,26407,GPS BIIR-5  (PRN 22),-27.720861632999004,1.7935933989992918,48.88619402199947,56.22742313954453
2026-08-16T16:00:00Z,G16,27663,GPS BIIR-8  (PRN 16),-8.672141586997896,-5.196770496999989,-54.3677211600002,55.299742923769195
2026-08-16T16:00:00Z,G19,28190,GPS BIIR-11 (PRN 19),8.28048583599957,30.86397199000021,43.373588990001736,53.8741072738408
2026-08-16T16:00:00Z,G02,28474,GPS BIIR-13 (PRN 02),4.333633213998837,-24.68063115000041,54.49583877300029,59.98091675165265
2026-08-16T16:00:00Z,G17,28874,GPS BIIRM-1 (PRN 17),-1.4839894380002079,9.116273559000547,55.33386174899988,56.099419999783066
2026-08-16T16:00:00Z,G31,29486,GPS BIIRM-2 (PRN 31),24.241781919998175,-38.44949502399993,-18.805872709999676,49.19032940164211
2026-08-16T16:00:00Z,G12,29601,GPS BIIRM-3 (PRN 12),44.236065700000836,9.08791660099996,32.06442320100177,55.385440072048375
2026-08-16T16:00:00Z,G15,32260,GPS BIIRM-4 (PRN 15),31.852364993001174,39.60968229699938,8.204311681001855,51.48602545813394
2026-08-16T16:00:00Z,G29,32384,GPS BIIRM-5 (PRN 29),16.85840424099979,21.517358760000207,-53.0033343749983,59.63686759402604
2026-08-16T16:00:00Z,G07,32711,GPS BIIRM-6 (PRN 07),-21.377481921000253,22.70260697499907,-46.95303772800071,56.3648192459714
2026-08-16T16:00:00Z,G05,35752,GPS BIIRM-8 (PRN 05),21.96185385500212,3.9442396909998934,-52.27910736500053,56.84175506060472
2026-08-16T16:00:00Z,G25,36585,GPS BIIF-1  (PRN 25),51.77190215699966,1.8007954370004882,4.772791186001996,52.0226128992484
2026-08-16T16:00:00Z,G24,38833,GPS BIIF-3  (PRN 24),18.29419249499915,46.20052186600151,94.60733815700041,106.86306252811583
2026-08-16T16:00:00Z,G27,39166,GPS BIIF-4  (PRN 27),-19.790309017000254,-41.9649643329999,-23.57768673099781,52.04442212229266
2026-08-16T16:00:00Z,G30,39533,GPS BIIF-5  (PRN 30),-28.518656679999367,40.02154116299971,-19.894044266999117,53.01707775038788
2026-08-16T16:00:00Z,G06,39741,GPS BIIF-6  (PRN 06),-28.15289666800163,40.883509022,0.28956194600323215,49.64001155188932
2026-08-16T16:00:00Z,G09,40105,GPS BIIF-7  (PRN 09),-16.84867095700065,-17.04301769400263,-54.512451594000595,59.54787606559634
2026-08-16T16:00:00Z,G03,40294,GPS BIIF-8  (PRN 03),-47.20684462099962,-5.615018776999932,30.41337772800034,56.43569933794823
2026-08-16T16:00:00Z,G26,40534,GPS BIIF-9  (PRN 26),16.069439302998944,-6.141570525000134,-50.6061820140003,53.45027058921634
2026-08-16T16:00:00Z,G08,40730,GPS BIIF-10 (PRN 08),-25.213085370000044,-41.43405204900046,5.664987100000872,48.8320839399402
2026-08-16T16:00:00Z,G10,41019,GPS BIIF-11 (PRN 10),35.81690968299881,-0.3738959460006299,42.411767902000065,55.51350172698217
2026-08-16T16:00:00Z,G32,41328,GPS BIIF-12 (PRN 32),-4.6760360059997765,-17.328212473999884,53.199238448999495,56.14526900663134
2026-08-16T16:00:00Z,G04,43873,GPS BIII-1  (PRN 04),-20.02280841799984,-35.34475640800156,-35.18765310899835,53.743237656509805
2026-08-16T16:00:00Z,G18,44506,GPS BIII-2  (PRN 18),22.75771811000004,-26.6092749490017,-43.331771581000794,55.71005003797629
2026-08-16T16:00:00Z,G23,45854,GPS BIII-3  (PRN 23),49.38161522399969,0.42658206000123755,16.84551982999983,52.17755679147875
2026-08-16T16:00:00Z,G14,46826,GPS BIII-4  (PRN 14),-38.63061391800147,1.3470363140004338,34.58882874499977,51.87027966440751
2026-08-16T16:00:00Z,G11,48859,GPS BIII-5  (PRN 11),-22.17730051000035,36.33275473999993,-30.192447387998982,52.18702524751661
2026-08-16T16:00:00Z,G28,55268,GPS BIII-6  (PRN 28),26.364742427000238,-42.42443851400094,7.3206138530003955,50.48290813389274
2026-08-16T16:00:00Z,G01,62339,GPS BIII-7  (PRN 01),-4.7821644069990725,-3.2924286070010567,57.67127318,57.962789207818105
2026-08-16T16:00:00Z,G21,64202,GPS BIII-8  (PRN 21),-3.0094553840026492,4.940572728999996,-57.40128739600004,57.69206076503971
2026-08-16T16:00:00Z,G20,67588,GPS BIII-9  (PRN 20),22.461088768999616,43.215283650999936,-12.987092145001952,50.40561290281108
2026-08-16T16:00:00Z,G13,68791,GPS BIII-10 (PRN 13),28.889025657001184,-1.289725868999085,29.687340623000637,41.44366525168957
2026-08-16T16:15:00Z,G22,26407,GPS BIIR-5  (PRN 22),-32.83044662999964,2.6896886289996473,44.28691657199852,55.194235480721915
2026-08-16T16:15:00Z,G16,27663,GPS BIIR-8  (PRN 16),-2.8001220090009156,-4.218505090000008,-55.19954473499979,55.43127463274582
2026-08-16T16:15:00Z,G19,28190,GPS BIIR-11 (PRN 19),7.698998797997774,25.66791135099993,47.649046464001,54.66761275694128
2026-08-16T16:15:00Z,G02,28474,GPS BIIR-13 (PRN 02),5.723290932000964,-30.22635979000006,50.33617510300064,58.99253689448182
2026-08-16T16:15:00Z,G17,28874,GPS BIIRM-1 (PRN 17),-3.8767597570004,3.5193398899973545,55.87934812600001,56.12411751165024
2026-08-16T16:15:00Z,G31,29486,GPS BIIRM-2 (PRN 31),23.072384756000247,-41.19884936100016,-11.820884753000428,48.67662111674365
2026-08-16T16:15:00Z,G12,29601,GPS BIIRM-3 (PRN 12),40.65310761499859,6.738761840000734,38.365104316002544,56.302462637709404
2026-08-16T16:15:00Z,G15,32260,GPS BIIRM-4 (PRN 15),34.00742727099896,38.44119606000095,0.5263887850014726,51.32745609582352
2026-08-16T16:15:00Z,G29,32384,GPS BIIRM-5 (PRN 29),20.436053852000214,25.933212035997713,-48.693496204999974,58.8321371039011
2026-08-16T16:15:00Z,G07,32711,GPS BIIRM-6 (PRN 07),-17.701765279000483,18.92342332699991,-51.28952162300084,57.463583883377325
2026-08-16T16:15:00Z,G05,35752,GPS BIIRM-8 (PRN 05),16.033414851000998,3.0556318219996683,-55.0386636509993,57.407854637703956
2026-08-16T16:15:00Z,G25,36585,GPS BIIF-1  (PRN 25),50.94028573000014,-0.6051608399993711,12.294472872999904,52.406421296643174
2026-08-16T16:15:00Z,G24,38833,GPS BIIF-3  (PRN 24),14.66374352099956,56.15641963099915,89.73502890199961,106.86881795858523
2026-08-16T16:15:00Z,G27,39166,GPS BIIF-4  (PRN 27),-20.144780529000855,-38.25320757500049,-30.27170711999861,52.77780143485196
2026-08-16T16:15:00Z,G30,39533,GPS BIIF-5  (PRN 30),-25.50818589100072,39.000841901997774,-26.980255557999044,53.84855992957854
2026-08-16T16:15:00Z,G06,39741,GPS BIIF-6  (PRN 06),-25.598733883000023,42.07689658399977,7.817473816998245,49.868560230196316
2026-08-16T16:15:00Z,G09,40105,GPS BIIF-7  (PRN 09),-20.865819446000387,-21.323400814002525,-50.60224499600008,58.74229346955145
2026-08-16T16:15:00Z,G03,40294,GPS BIIF-8  (PRN 03),-43.5834922189988,-3.1355657299991435,37.14335646500331,57.34964250923433
2026-08-16T16:15:00Z,G26,40534,GPS BIIF-9  (PRN 26),21.180763862997992,-7.545574294999824,-47.708075211001415,52.74107402774437
2026-08-16T16:15:00Z,G08,40730,GPS BIIF-10 (PRN 08),-27.278060889999324,-40.27343131100042,-1.7076039780004066,48.67194044648377
2026-08-16T16:15:00Z,G10,41019,GPS BIIF-11 (PRN 10),40.28810417200293,-2.384194458998536,36.7640465350014,54.59313911674459
2026-08-16T16:15:00Z,G32,41328,GPS BIIF-12 (PRN 32),-2.416575595001632,-11.797371636999742,55.32369191299949,56.619154903904466
2026-08-16T16:15:00Z,G04,43873,GPS BIII-1  (PRN 04),-23.582000932000483,-37.43984788400121,-28.78037132299869,52.78411457080347
2026-08-16T16:15:00Z,G18,44506,GPS BIII-2  (PRN 18),18.73623121799983,-23.259902694997436,-48.18599996100056,56.6917985768369
2026-08-16T16:15:00Z,G23,45854,GPS BIII-3  (PRN 23),50.92584371900011,-2.3694076810006663,9.343562231999385,51.830085919609026
2026-08-16T16:15:00Z,G14,46826,GPS BIII-4  (PRN 14),-42.1180135249997,3.2743660830001318,28.562332002999028,50.9946599752082
2026-08-16T16:15:00Z,G11,48859,GPS BIII-5  (PRN 11),-21.860303689998545,40.02111903299965,-23.508667622998473,51.30516835057758
2026-08-16T16:15:00Z,G28,55268,GPS BIII-6  (PRN 28),23.554792806000478,-42.631664769000054,14.750220857997192,50.8906290044612
2026-08-16T16:15:00Z,G01,62339,GPS BIII-7  (PRN 01),-1.33209250300024,-8.466906335001113,57.138041838999925,57.777320797329615
2026-08-16T16:15:00Z,G21,64202,GPS BIII-8  (PRN 21),-9.202268355998967,5.191002910999941,-56.3720282219997,57.353585938280794
2026-08-16T16:15:00Z,G20,67588,GPS BIII-9  (PRN 20),23.65052425599788,40.41470670700002,-20.178651155001717,50.988957414636644
2026-08-16T16:15:00Z,G13,68791,GPS BIII-10 (PRN 13),25.419686542998534,-3.176941490999525,34.10308752899982,42.652948317697316
2026-08-16T16:30:00Z,G22,26407,GPS BIIR-5  (PRN 22),-37.326196665999305,4.203763409999738,38.955425886999365,54.115079140601935
2026-08-16T16:30:00Z,G16,27663,GPS BIIR-8  (PRN 16),3.1540913650023867,-3.965968162999843,-55.104091256999936,55.33658888175606
2026-08-16T16:30:00Z,G19,28190,GPS BIIR-11 (PRN 19),6.348437518001447,20.301477209999575,51.11716873300065,55.36621329932326
2026-08-16T16:30:00Z,G02,28474,GPS BIIR-13 (PRN 02),6.284225351999339,-35.459049755001615,45.33353447900117,57.896157438652004
2026-08-16T16:30:00Z,G17,28874,GPS BIIRM-1 (PRN 17),-6.907948441999906,-1.7251187390029372,55.44566321699995,55.90096024143028
2026-08-16T16:30:00Z,G31,29486,GPS BIIRM-2 (PRN 31),21.311805988998458,-43.245079541999985,-4.624954547998641,48.432635522730635
2026-08-16T16:30:00Z,G12,29601,GPS BIIRM-3 (PRN 12),36.267181695002364,4.83265027500056,44.02718169800028,57.2455736720972
2026-08-16T16:30:00Z,G15,32260,GPS BIIRM-4 (PRN 15),35.48858992500027,36.5002641480005,-7.154632183002832,51.40912428171386
2026-08-16T16:30:00Z,G29,32384,GPS BIIRM-5 (PRN 29),24.272143288000052,29.51686871199854,-43.542616577000445,57.93394459836339
2026-08-16T16:30:00Z,G07,32711,GPS BIIRM-6 (PRN 07),-14.332636282999374,14.364867593998497,-54.78314129300088,58.420599566786
2026-08-16T16:30:00Z,G05,35752,GPS BIIRM-8 (PRN 05),9.850023331000557,2.9179543340005694,-56.8404909410001,57.76139565081926
2026-08-16T16:30:00Z,G25,36585,GPS BIIF-1  (PRN 25),49.166160289999425,-2.8177809300013905,19.633801912001218,53.01638788668178
2026-08-16T16:30:00Z,G24,38833,GPS BIIF-3  (PRN 24),12.051761789000011,65.84569705299873,83.21080410100149,106.79390760595537
2026-08-16T16:30:00Z,G27,39166,GPS BIIF-4  (PRN 27),-19.737596939998184,-34.04795949399977,-36.413565689999814,53.61701264459636
2026-08-16T16:30:00Z,G30,39533,GPS BIIF-5  (PRN 30),-22.374547481000263,37.05587457400179,-33.63165362899963,54.81647873810112
2026-08-16T16:30:00Z,G06,39741,GPS BIIF-6  (PRN 06),-22.622428399001365,42.35135840099974,15.225077234001219,50.37077329026404
2026-08-16T16:30:00Z,G09,40105,GPS BIIF-7  (PRN 09),-25.118101798000225,-24.77378949800186,-45.82767061299819,57.83454917123041
2026-08-16T16:30:00Z,G03,40294,GPS BIIF-8  (PRN 03),-39.1017591680029,-1.15520474799996,43.2514398680014,58.31782848064253
2026-08-16T16:30:00Z,G26,40534,GPS BIIF-9  (PRN 26),25.8096356620008,-9.49835318500027,-44.017156698999315,51.902467090654646
2026-08-16T16:30:00Z,G08,40730,GPS BIIF-10 (PRN 08),-28.793120543999976,-38.33579334699971,-9.02616927499912,48.786766381736335
2026-08-16T16:30:00Z,G10,41019,GPS BIIF-11 (PRN 10),43.97396661399944,-4.8971433239985345,30.495716738998453,53.73714257317885
2026-08-16T16:30:00Z,G32,41328,GPS BIIF-12 (PRN 32),0.5724047449984937,-6.477425762001076,56.496560201999955,56.8695525422219
2026-08-16T16:30:00Z,G04,43873,GPS BIII-1  (PRN 04),-27.04635307100034,-38.578241422001156,-21.880704916002287,51.947581014678455
2026-08-16T16:30:00Z,G18,44506,GPS BIII-2  (PRN 18),14.960947067999768,-19.078969321999466,-52.20612169300148,57.561411985685055
2026-08-16T16:30:00Z,G23,45854,GPS BIII-3  (PRN 23),51.452832926000156,-5.256903917999807,1.6590977659980126,51.747286501913386
2026-08-16T16:30:00Z,G14,46826,GPS BIII-4  (PRN 14),-44.80548269099927,5.560159635999298,22.043274444000417,50.24293584738807
2026-08-16T16:30:00Z,G11,48859,GPS BIII-5  (PRN 11),-20.81051854999896,43.099229102,-16.422612419999496,50.599638637089654
2026-08-16T16:30:00Z,G28,55268,GPS BIII-6  (PRN 28),20.473795649999374,-41.90137240900003,21.924430866001785,51.53233923347294
2026-08-16T16:30:00Z,G01,62339,GPS BIII-7  (PRN 01),1.4289742019991536,-13.929763664000347,55.61622324899963,57.351936074446954
2026-08-16T16:30:00Z,G21,64202,GPS BIII-8  (PRN 21),-15.192290139999386,6.177163274000122,-54.37626157300019,56.79560589048167
2026-08-16T16:30:00Z,G20,67588,GPS BIII-9  (PRN 20),24.125622921001195,36.98595863399987,-27.026096178000444,51.77274082009584
2026-08-16T16:30:00Z,G13,68791,GPS BIII-10 (PRN 13),21.414274298000237,-4.537460986000951,37.92950887199913,43.79277724900003
2026-08-16T16:45:00Z,G22,26407,GPS BIIR-5  (PRN 22),-41.083694099999775,6.226984774000812,32.98765409299813,53.054976984608054
2026-08-16T16:45:00Z,G16,27663,GPS BIIR-8  (PRN 16),9.025615685997764,-4.443257014999972,-54.09083210599965,55.01838228566993
2026-08-16T16:45:00Z,G19,28190,GPS BIIR-11 (PRN 19),4.230499852998037,14.930020440002409,53.726446614999986,55.92256883602138
2026-08-16T16:45:00Z,G02,28474,GPS BIIR-13 (PRN 02),6.0619895170002565,-40.21210855100071,39.58710294900084,56.75297446756845
2026-08-16T16:45:00Z,G17,28874,GPS BIIRM-1 (PRN 17),-10.481781174999924,-6.46902458600016,54.04998235399944,55.43569795864852
2026-08-16T16:45:00Z,G31,29486,GPS BIIRM-2 (PRN 31),19.0816903190007,-44.489396690999456,2.6659532349985966,48.4822094175849
2026-08-16T16:45:00Z,G12,29601,GPS BIIRM-3 (PRN 12),31.196609748996707,3.492173835000358,48.95334401400032,58.15370691605238
2026-08-16T16:45:00Z,G15,32260,GPS BIIRM-4 (PRN 15),36.187382698000874,33.90754047599967,-14.692298801001016,51.72148114392147
2026-08-16T16:45:00Z,G29,32384,GPS BIIRM-5 (PRN 29),28.20317171099998,32.19698963200062,-37.64299917799872,57.00053002418589
2026-08-16T16:45:00Z,G07,32711,GPS BIIRM-6 (PRN 07),-11.405009709999831,9.129172351000307,-57.35880528300004,59.189936457074964
2026-08-16T16:45:00Z,G05,35752,GPS BIIRM-8 (PRN 05),3.5953498579983716,3.554736411000704,-57.658155001999944,57.87940505730648
2026-08-16T16:45:00Z,G25,36585,GPS BIIF-1  (PRN 25),46.50084219100063,-4.687360396999793,26.667929480998282,53.809647227678454
2026-08-16T16:45:00Z,G24,38833,GPS BIIF-3  (PRN 24),10.443425544001002,74.98816597399855,75.13655499800007,106.66673366239604
2026-08-16T16:45:00Z,G27,39166,GPS BIIF-4  (PRN 27),-18.523390681999444,-29.513437935000184,-41.90184610399956,54.49700659691645
2026-08-16T16:45:00Z,G30,39533,GPS BIIF-5  (PRN 30),-19.275971232999837,34.19975371300097,-39.732072505999895,55.855382969122985
2026-08-16T16:45:00Z,G06,39741,GPS BIIF-6  (PRN 06),-19.38505518600141,41.656140512001,22.382413907998853,51.10760079742417
2026-08-16T16:45:00Z,G09,40105,GPS BIIF-7  (PRN 09),-29.438947725000162,-27.331795186997624,-40.27246908900088,56.88189903496375
2026-08-16T16:45:00Z,G03,40294,GPS BIIF-8  (PRN 03),-33.8890047950008,0.1951899779996893,48.63224501199875,59.27561049900858
2026-08-16T16:45:00Z,G26,40534,GPS BIIF-9  (PRN 26),29.837613584000792,-11.904085928999848,-39.5930227179997,50.98625201111768
2026-08-16T16:45:00Z,G08,40730,GPS BIIF-10 (PRN 08),-29.64758621099827,-35.73151102599968,-16.163368128996808,49.162737084230585
2026-08-16T16:45:00Z,G10,41019,GPS BIIF-11 (PRN 10),46.77394547400036,-7.769410868000705,23.70573419900029,53.01063623796849
2026-08-16T16:45:00Z,G32,41328,GPS BIIF-12 (PRN 32),4.214732893000473,-1.5280348289998074,56.70357728800002,56.88052866363118
2026-08-16T16:45:00Z,G04,43873,GPS BIII-1  (PRN 04),-30.246825668999918,-38.77029700200001,-14.609227334000025,51.29752348769535
2026-08-16T16:45:00Z,G18,44506,GPS BIII-2  (PRN 18),11.583822288000192,-14.164766922000126,-55.31787355400047,58.265707712950196
2026-08-16T16:45:00Z,G23,45854,GPS BIII-3  (PRN 23),50.950178535000006,-8.063406413999473,-6.078270055997564,51.941164625173165
2026-08-16T16:45:00Z,G14,46826,GPS BIII-4  (PRN 14),-46.61929856399911,8.063849629999822,15.138237188999483,49.67444911264688
2026-08-16T16:45:00Z,G11,48859,GPS BIII-5  (PRN 11),-19.13070286099901,45.438149319999866,-9.057192060001398,50.126259920267266
2026-08-16T16:45:00Z,G28,55268,GPS BIII-6  (PRN 28),17.285435935999885,-40.21780327600209,28.71942689000207,52.35516666705335
2026-08-16T16:45:00Z,G01,62339,GPS BIII-7  (PRN 01),3.437213797998993,-19.51500035600111,53.13413452199893,56.708781762525604
2026-08-16T16:45:00Z,G21,64202,GPS BIII-8  (PRN 21),-20.809178023999266,7.8488961349999045,-51.448793909001324,56.05002636273601
2026-08-16T16:45:00Z,G20,67588,GPS BIII-9  (PRN 20),23.80557627500093,33.07193741900028,-33.41326217999813,52.69634328813007
2026-08-16T16:45:00Z,G13,68791,GPS BIII-10 (PRN 13),17.000118833999295,-5.291680873000587,41.10122841299926,44.791929003887695
2026-08-16T17:00:00Z,G22,26407,GPS BIIR-5  (PRN 22),-44.00425734500095,8.62927937799941,26.48814919099823,52.0812939032165
2026-08-16T17:00:00Z,G16,27663,GPS BIIR-8  (PRN 16),14.653730492002069,-5.623610958999961,-52.18274401000053,54.49216081202563
2026-08-16T17:00:00Z,G19,28190,GPS BIIR-11 (PRN 19),1.3774191720003728,9.715179102000548,55.43835891400022,56.30003221701431
2026-08-16T17:00:00Z,G02,28474,GPS BIIR-13 (PRN 02),5.134169973998723,-44.33576754999922,33.2061515480018,55.62974461741071
2026-08-16T17:00:00Z,G17,28874,GPS BIIRM-1 (PRN 17),-14.478508022000824,-10.587152047999552,51.72628331799933,54.7478161110061
2026-08-16T17:00:00Z,G31,29486,GPS BIIRM-2 (PRN 31),16.520251875001122,-44.85866487600106,9.933172127999569,48.8250596005301
2026-08-16T17:00:00Z,G12,29601,GPS BIIRM-3 (PRN 12),25.583100994001143,2.8156789609984116,53.05774656500034,58.97073490331011
2026-08-16T17:00:00Z,G15,32260,GPS BIIRM-4 (PRN 15),36.02517757000169,30.80664910899941,-21.943986665999546,52.23410379314201
2026-08-16T17:00:00Z,G29,32384,GPS BIIRM-5 (PRN 29),32.05762551199996,33.936705109001196,-31.10000045799825,56.09457492138103
2026-08-16T17:00:00Z,G07,32711,GPS BIIRM-6 (PRN 07),-9.034185977999186,3.347262105002301,-58.95556254100029,59.737584772155444
2026-08-16T17:00:00Z,G05,35752,GPS BIIRM-8 (PRN 05),-2.54654201700032,4.955287565000617,-57.48284765199992,57.752207968866706
2026-08-16T17:00:00Z,G25,36585,GPS BIIF-1  (PRN 25),43.02542428699962,-6.077078950000214,33.277205671001866,54.73107381470814
2026-08-16T17:00:00Z,G24,38833,GPS BIIF-3  (PRN 24),9.774997132000863,83.31446231399968,65.64685935299894,106.51929563470613
2026-08-16T17:00:00Z,G27,39166,GPS BIIF-4  (PRN 27),-16.488699317000282,-24.820556364000367,-46.64837031499883,55.35347935252335
2026-08-16T17:00:00Z,G30,39533,GPS BIIF-5  (PRN 30),-16.366512678999698,30.47853635300271,-45.17289990500103,56.89810894327164
2026-08-16T17:00:00Z,G06,39741,GPS BIIF-6  (PRN 06),-16.055595373999495,39.97531539800184,29.163006466998922,52.022004288354154
2026-08-16T17:00:00Z,G09,40105,GPS BIIF-7  (PRN 09),-33.65499626199994,-28.969181853997725,-34.03306768300172,55.94749294294604
2026-08-16T17:00:00Z,G03,40294,GPS BIIF-8  (PRN 03),-28.09768453399738,0.8112208550010109,53.1916407890003,60.162185841886306
2026-08-16T17:00:00Z,G26,40534,GPS BIIF-9  (PRN 26),33.1667006509997,-14.646552782000072,-34.50616179999997,50.05224013604901
2026-08-16T17:00:00Z,G08,40730,GPS BIIF-10 (PRN 08),-29.755296246999933,-32.59233141799996,-22.99710650199995,49.76449165290251
2026-08-16T17:00:00Z,G10,41019,GPS BIIF-11 (PRN 10),48.61645999299981,-10.84156419899955,16.501547591997223,52.47285745471585
2026-08-16T17:00:00Z,G32,41328,GPS BIIF-12 (PRN 32),8.406651362000048,2.9089370280016738,55.94678022800008,56.64958887437081
2026-08-16T17:00:00Z,G04,43873,GPS BIII-1  (PRN 04),-33.02147481800057,-38.060650171000816,-7.092330514999048,50.88547968457345
2026-08-16T17:00:00Z,G18,44506,GPS BIII-2  (PRN 18),8.737118854000073,-8.644910612998501,-57.46328382499996,58.76308971904183
2026-08-16T17:00:00Z,G23,45854,GPS BIII-3  (PRN 23),49.440775283999756,-10.618002920000436,-13.736384724001255,52.4005774011878
2026-08-16T17:00:00Z,G14,46826,GPS BIII-4  (PRN 14),-47.514792873999795,10.634101435000048,7.961105648999364,49.336790109851094
2026-08-16T17:00:00Z,G11,48859,GPS BIII-5  (PRN 11),-16.94715411099969,46.93346944299992,-1.5399160320012015,49.92322032686389
2026-08-16T17:00:00Z,G28,55268,GPS BIII-6  (PRN 28),14.154524735999985,-37.599210581996886,35.017736783000146,53.294400233935114
2026-08-16T17:00:00Z,G01,62339,GPS BIII-7  (PRN 01),4.661456503999943,-25.049217233998206,49.736784102000456,55.88327257403347
2026-08-16T17:00:00Z,G21,64202,GPS BIII-8  (PRN 21),-25.89610932299911,10.125360632000138,-47.64019781699972,55.16085436285087
2026-08-16T17:00:00Z,G20,67588,GPS BIII-9  (PRN 20),22.63937783500296,28.830040340999403,-39.231431045000136,53.69187868438091
2026-08-16T17:00:00Z,G13,68791,GPS BIII-10 (PRN 13),12.31842353400134,-5.385436942000524,43.5644328949993,45.591735028206585
2026-08-16T17:15:00Z,G22,26407,GPS BIIR-5  (PRN 22),-46.01817493300041,11.264878312000292,19.568259023999417,51.25901548780211
2026-08-16T17:15:00Z,G16,27663,GPS BIIR-8  (PRN 16),19.88724864499818,-7.451019355999961,-49.41555834800056,53.78585088065555
2026-08-16T17:15:00Z,G19,28190,GPS BIIR-11 (PRN 19),-2.1492842529987684,4.809513917000004,56.22763970999995,56.4738728464373
2026-08-16T17:15:00Z,G02,28474,GPS BIIR-13 (PRN 02),3.6061845750009525,-47.70238257600067,26.30750822399932,54.59493437647763
2026-08-16T17:15:00Z,G17,28874,GPS BIIRM-1 (PRN 17),-18.759597233998647,-13.981262584002252,48.524087313000564,53.87007742136977
2026-08-16T17:15:00Z,G31,29486,GPS BIIRM-2 (PRN 31),13.777166216001206,-44.30859353300002,17.056885457001044,49.436819389086814
2026-08-16T17:15:00Z,G12,29601,GPS BIIRM-3 (PRN 12),19.58682192299966,2.8733239129996946,56.26753242599989,59.64842653971071
2026-08-16T17:15:00Z,G15,32260,GPS BIIRM-4 (PRN 15),34.956714067000576,27.357729950000248,-28.774305472998094,52.899696613804736
2026-08-16T17:15:00Z,G29,32384,GPS BIIRM-5 (PRN 29),35.663076204999925,34.734626284000115,-24.029939113999717,55.27917547608066
2026-08-16T17:15:00Z,G07,32711,GPS BIIRM-6 (PRN 07),-7.31086183699972,-2.8254558080006973,-59.52877479599999,60.04254266797457
2026-08-16T17:15:00Z,G05,35752,GPS BIIRM-8 (PRN 05),-8.398035821999656,7.075552667000011,-56.32310358599989,57.38364269345711
2026-08-16T17:15:00Z,G25,36585,GPS BIIF-1  (PRN 25),38.848314499999105,-6.868506017002801,39.34720609800024,55.71867319054674
2026-08-16T17:15:00Z,G24,38833,GPS BIIF-3  (PRN 24),9.936603304999153,90.57731557900115,54.906808658000955,106.38488529742001
2026-08-16T17:15:00Z,G27,39166,GPS BIIF-4  (PRN 27),-13.65221319000193,-20.140424319000886,-50.57922239999971,56.12733162482693
2026-08-16T17:15:00Z,G30,39533,GPS BIIF-5  (PRN 30),-13.790062983999633,25.97019961299884,-49.855254167001476,57.88059668920147
2026-08-16T17:15:00Z,G06,39741,GPS BIIF-6  (PRN 06),-12.804205589000048,37.32892776600056,35.44628180499785,53.045597580986765
2026-08-16T17:15:00Z,G09,40105,GPS BIIF-7  (PRN 09),-37.59297509300001,-29.69244204899951,-27.216843211001105,55.096546584593945
2026-08-16T17:15:00Z,G03,40294,GPS BIIF-8  (PRN 03),-21.899987924000015,0.6192121180010872,56.84848481299923,60.92407668772856
2026-08-16T17:15:00Z,G26,40534,GPS BIIF-9  (PRN 26),35.72265388199958,-17.593599291999453,-28.837168019999808,49.16528242402644
2026-08-16T17:15:00Z,G08,40730,GPS BIIF-10 (PRN 08),-29.05791855300049,-29.065924014000075,-29.412539265002124,50.539964735204634
2026-08-16T17:15:00Z,G10,41019,GPS BIIF-11 (PRN 10),49.46162188499966,-13.944081401999938,8.99791249899863,52.17137026166663
2026-08-16T17:15:00Z,G32,41328,GPS BIIF-12 (PRN 32),13.02102399100113,6.7142437850015995,54.24411227100063,56.18764856663412
2026-08-16T17:15:00Z,G04,43873,GPS BIII-1  (PRN 04),-35.222023857999375,-36.52612108299945,0.5400301259978733,50.74485312384301
2026-08-16T17:15:00Z,G18,44506,GPS BIII-2  (PRN 18),6.528177227999549,-2.671544962999178,-58.60201689900009,59.02500008505032
2026-08-16T17:15:00Z,G23,45854,GPS BIII-3  (PRN 23),46.982431258999895,-12.758289719000459,-21.18274672500047,53.092669572890394
2026-08-16T17:15:00Z,G14,46826,GPS BIII-4  (PRN 14),-47.47831445100019,13.114806177998616,0.6314740550005808,49.26040239052725
2026-08-16T17:15:00Z,G11,48859,GPS BIII-5  (PRN 11),-14.404453962000844,47.50956156399934,5.9992842679967,50.006381049572845
2026-08-16T17:15:00Z,G28,55268,GPS BIII-6  (PRN 28),11.240542991999973,-34.097499528998014,40.710338592998596,54.280023482323685
2026-08-16T17:15:00Z,G01,62339,GPS BIII-7  (PRN 01),5.103902617000131,-30.358338234000257,45.48487604699949,54.92315059485108
2026-08-16T17:15:00Z,G21,64202,GPS BIII-8  (PRN 21),-30.31553244799943,12.898460546999559,-43.01592832500137,54.18276369612264
2026-08-16T17:15:00Z,G20,67588,GPS BIII-9  (PRN 20),20.608105707000504,24.42631735299983,-44.38110630600022,54.69023310614849
2026-08-16T17:15:00Z,G13,68791,GPS BIII-10 (PRN 13),7.518974147998961,-4.792025991000628,45.27774143100032,46.147289784224874
2026-08-16T17:30:00Z,G22,26407,GPS BIIR-5  (PRN 22),-47.08687155699954,13.978201343999899,12.34433084400007,50.645296818410536
2026-08-16T17:30:00Z,G16,27663,GPS BIIR-8  (PRN 16),24.589470738999808,-9.842746064000039,-45.836981626000124,52.93912169546062
2026-08-16T17:30:00Z,G19,28190,GPS BIIR-11 (PRN 19),-6.261053673999413,0.3514874350003083,56.082470834000105,56.43197561110311
2026-08-16T17:30:00Z,G02,28474,GPS BIIR-13 (PRN 02),1.6062835440006893,-50.21069387999978,19.01317457999903,53.714008734633616
2026-08-16T17:30:00Z,G17,28874,GPS BIIRM-1 (PRN 17),-23.173520272999667,-16.583108416998584,44.50697387699984,52.847727011679524
2026-08-16T17:30:00Z,G31,29486,GPS BIIRM-2 (PRN 31),11.008081691999905,-42.82592743399982,23.91780722399926,50.272253038076116
2026-08-16T17:30:00Z,G12,29601,GPS BIIRM-3 (PRN 12),13.380727266998292,3.704216013000405,58.52418007399956,60.148522274439024
2026-08-16T17:30:00Z,G15,32260,GPS BIIRM-4 (PRN 15),32.97196594199704,23.73042304899991,-35.05818376499883,53.659666091629255
2026-08-16T17:30:00Z,G29,32384,GPS BIIRM-5 (PRN 29),38.853195802999835,34.62448833900089,-16.557823954000924,54.613071246136116
2026-08-16T17:30:00Z,G07,32711,GPS BIIRM-6 (PRN 07),-6.296979525000097,-9.214515837997169,-59.052063186000396,60.0974660014077
2026-08-16T17:30:00Z,G05,35752,GPS BIIRM-8 (PRN 05),-13.794453847000113,9.840263486999902,-54.20421325299958,56.79097178960099
2026-08-16T17:30:00Z,G25,36585,GPS BIIF-1  (PRN 25),34.101711375999,-6.966430502001458,44.77077416599968,56.7087302990827
2026-08-16T17:30:00Z,G24,38833,GPS BIIF-3  (PRN 24),10.777117018998979,96.56204325699946,43.10886604499683,106.29557272480032
2026-08-16T17:30:00Z,G27,39166,GPS BIIF-4  (PRN 27),-10.06372750599985,-15.638095112999508,-53.63544594199993,56.76785790811059
2026-08-16T17:30:00Z,G30,39533,GPS BIIF-5  (PRN 30),-11.674702910999713,20.782281973002682,-53.69209346900061,58.74557713691641
2026-08-16T17:30:00Z,G06,39741,GPS BIIF-6  (PRN 06),-9.795483390999834,33.77263642199978,41.119965859999866,54.10539767974628
2026-08-16T17:30:00Z,G09,40105,GPS BIIF-7  (PRN 09),-41.08646320899993,-29.54212338800062,-19.940256518999377,54.3916201573354
2026-08-16T17:30:00Z,G03,40294,GPS BIIF-8  (PRN 03),-15.481669098000566,-0.42073463300039293,59.53618757099957,61.51761313787
2026-08-16T17:30:00Z,G26,40534,GPS BIIF-9  (PRN 26),37.45756520100258,-20.60208462999981,-22.67586232800022,48.39121629187939
2026-08-16T17:30:00Z,G08,40730,GPS BIIF-10 (PRN 08),-27.527044720001868,-25.31004248599993,-35.303805157996976,51.42659915154723
2026-08-16T17:30:00Z,G10,41019,GPS BIIF-11 (PRN 10),49.30294503999994,-16.903667947999566,1.3155607570006396,52.13679199777104
2026-08-16T17:30:00Z,G32,41328,GPS BIIF-12 (PRN 32),17.91235035200043,9.795185735001724,51.628803381998296,55.51874726047977
2026-08-16T17:30:00Z,G04,43873,GPS BIII-1  (PRN 04),-36.71977480500027,-34.27248521100046,8.156601202001184,50.886886792538846
2026-08-16T17:30:00Z,G18,44506,GPS BIII-2  (PRN 18),5.035236241999883,3.5845217170026444,-58.71232983200002,59.036768833109186
2026-08-16T17:30:00Z,G23,45854,GPS BIII-3  (PRN 23),43.66613723699993,-14.33695914999771,-28.286860852000245,53.966901298199794
2026-08-16T17:30:00Z,G14,46826,GPS BIII-4  (PRN 14),-46.52808386100014,15.351217109000572,-6.727143952000915,49.454796736564155
2026-08-16T17:30:00Z,G11,48859,GPS BIII-5  (PRN 11),-11.65965899799994,47.12268050000057,13.430274181999266,50.3673200603174
2026-08-16T17:30:00Z,G28,55268,GPS BIII-6  (PRN 28),8.69149314399965,-29.796525400000974,45.69864262199917,55.24256435465587
2026-08-16T17:30:00Z,G01,62339,GPS BIII-7  (PRN 01),4.799575683000512,-35.27430263300084,40.45356076000098,53.886945832404265
2026-08-16T17:30:00Z,G21,64202,GPS BIII-8  (PRN 21),-33.95418924299884,16.037268197999765,-37.65521899799933,53.17890988156152
2026-08-16T17:30:00Z,G20,67588,GPS BIII-9  (PRN 20),17.725925439001003,20.029348291000133,-48.77367349999986,55.62602315747371
2026-08-16T17:30:00Z,G13,68791,GPS BIII-10 (PRN 13),2.754527881003014,-3.5131060359999537,46.21280554999976,46.427930544764656
2026-08-16T17:45:00Z,G22,26407,GPS BIIR-5  (PRN 22),-47.20364974499989,16.60969137199936,4.935959176000324,50.28349719051809
2026-08-16T17:45:00Z,G16,27663,GPS BIIR-8  (PRN 16),28.64254879999862,-12.692046260999632,-41.50591028800045,52.002156002296665
2026-08-16T17:45:00Z,G19,28190,GPS BIIR-11 (PRN 19),-10.844933160002256,-3.539539588997286,55.00460068600023,56.1751458598314
2026-08-16T17:45:00Z,G02,28474,GPS BIIR-13 (PRN 02),-0.7198531909998565,-51.78859375200045,11.448135827002261,53.04372201627471
2026-08-16T17:45:00Z,G17,28874,GPS BIIRM-1 (PRN 17),-27.561322933000156,-18.356455135999568,39.75093515399931,51.73705454115593
2026-08-16T17:45:00Z,G31,29486,GPS BIIRM-2 (PRN 31),8.368524053999863,-40.42927852200046,30.39899516600053,51.27043654733579
2026-08-16T17:45:00Z,G12,29601,GPS BIIRM-3 (PRN 12),7.1440998789985315,5.314092758000697,59.784651654999834,60.444042869677546
2026-08-16T17:45:00Z,G15,32260,GPS BIIRM-4 (PRN 15),30.096309756001574,20.096098223000126,-40.68353452200063,54.44989445279469
2026-08-16T17:45:00Z,G29,32384,GPS BIIRM-5 (PRN 29),41.474048369999764,33.67333215599865,-8.814951699998346,54.145113908446035
2026-08-16T17:45:00Z,G07,32711,GPS BIIRM-6 (PRN 07),-6.021964452999782,-15.632779673000186,-57.51892118400065,59.90888206559224
2026-08-16T17:45:00Z,G05,35752,GPS BIIRM-8 (PRN 05),-18.590053492000152,13.145597331999852,-51.16737375400044,56.00443692183755
2026-08-16T17:45:00Z,G25,36585,GPS BIIF-1  (PRN 25),28.936671129999013,-6.3032692020024115,49.45007257799989,57.640019228727596
2026-08-16T17:45:00Z,G24,38833,GPS BIIF-3  (PRN 24),12.110702756001047,101.09541242500018,30.46887431900177,106.27936693870649
2026-08-16T17:45:00Z,G27,39166,GPS BIIF-4  (PRN 27),-5.802243740003178,-11.466150068001298,-55.77343716299947,57.234735281779564
2026-08-16T17:45:00Z,G30,39533,GPS BIIF-5  (PRN 30),-10.12695533599981,15.048208430998784,-56.610218755999995,59.44510634999564
2026-08-16T17:45:00Z,G06,39741,GPS BIIF-6  (PRN 06),-7.181427747999805,29.395729921001475,46.08236708200093,55.129541971328635
2026-08-16T17:45:00Z,G09,40105,GPS BIIF-7  (PRN 09),-43.98189513899979,-28.590887848999046,-12.326892689001397,53.88690241030905
2026-08-16T17:45:00Z,G03,40294,GPS BIIF-8  (PRN 03),-9.03499359000125,-2.312376691999816,61.20407824299991,61.91055958972042
2026-08-16T17:45:00Z,G26,40534,GPS BIIF-9  (PRN 26),38.35141502099941,-23.522791262999817,-16.120333729999402,47.79139987991727
2026-08-16T17:45:00Z,G08,40730,GPS BIIF-10 (PRN 08),-25.165085594999255,-21.48596329199995,-40.57548149899958,52.35740492484769
2026-08-16T17:45:00Z,G10,41019,GPS BIIF-11 (PRN 10),48.16761329100018,-19.549619967998296,-6.420296618001885,52.378686693230684
2026-08-16T17:45:00Z,G32,41328,GPS BIIF-12 (PRN 32),22.921869059999153,12.088899772999866,48.14856786500059,54.67941263744472
2026-08-16T17:45:00Z,G04,43873,GPS BIII-1  (PRN 04),-37.41047719400012,-31.42989562799994,15.627060810002149,51.29899777412106
2026-08-16T17:45:00Z,G18,44506,GPS BIII-2  (PRN 18),4.303777766999701,9.940353138998034,-57.79157606300032,58.79795393924231
2026-08-16T17:45:00Z,G23,45854,GPS BIII-3  (PRN 23),39.612617303999286,-15.228035998999985,-34.922683574000985,54.960407186171224
2026-08-16T17:45:00Z,G14,46826,GPS BIII-4  (PRN 14),-44.71349729199999,17.196019263999915,-13.98927949499921,49.9069119401186
2026-08-16T17:45:00Z,G11,48859,GPS BIII-5  (PRN 11),-8.875843163999889,45.76251888400111,20.624941857000522,50.974277366973375
2026-08-16T17:45:00Z,G28,55268,GPS BIII-6  (PRN 28),6.637664027000028,-24.80895452599725,49.896309743999154,56.11759558710115
2026-08-16T17:45:00Z,G01,62339,GPS BIII-7  (PRN 01),3.8149234270003944,-39.64109518400073,34.73098093799854,52.841376827789986
2026-08-16T17:45:00Z,G21,64202,GPS BIII-8  (PRN 21),-36.72712230199977,19.392764571000043,-31.649785810997855,52.21752361204354
2026-08-16T17:45:00Z,G20,67588,GPS BIII-9  (PRN 20),14.040030992997345,15.803460215000086,-52.332931625998754,56.44118671345312
2026-08-16T17:45:00Z,G13,68791,GPS BIII-10 (PRN 13),-1.8251473950003856,-1.5791122440004983,46.35466638799994,46.41745204592127
2026-08-16T18:00:00Z,G22,26407,GPS BIIR-5  (PRN 22),-46.39363148400025,19.002025952999247,-2.535734039996896,50.19836630522228
2026-08-16T18:00:00Z,G16,27663,GPS BIIR-8  (PRN 16),31.951247748998867,-15.872324547000062,-36.491651706000994,51.03384723372608
2026-08-16T18:00:00Z,G19,28190,GPS BIIR-11 (PRN 19),-15.767534980001074,-6.767205911997735,53.009375829999954,55.717180125048664
2026-08-16T18:00:00Z,G02,28474,GPS BIIR-13 (PRN 02),-3.2152238369999395,-52.395175971999834,3.7383762980025494,52.62668132045102
2026-08-16T18:00:00Z,G17,28874,GPS BIIRM-1 (PRN 17),-31.762913210999614,-19.29755837600169,34.34262466000291,50.60330308845982
2026-08-16T18:00:00Z,G31,29486,GPS BIIRM-2 (PRN 31),6.007917189999716,-37.16915275300198,36.387803493998945,52.361371529551924
2026-08-16T18:00:00Z,G12,29601,GPS BIIRM-3 (PRN 12),1.056070203998388,7.674827290000394,60.02232899499995,60.52022997470449
2026-08-16T18:00:00Z,G15,32260,GPS BIIRM-4 (PRN 15),26.389240456999687,16.62061326899999,-45.55340656899898,55.206427591137675
2026-08-16T18:00:00Z,G29,32384,GPS BIIRM-5 (PRN 29),43.39033030700011,31.978434448999906,-0.9364456929979497,53.90934950911104
2026-08-16T18:00:00Z,G07,32711,GPS BIIRM-6 (PRN 07),-6.480977588000314,-21.88778553800148,-54.94386752800074,59.497115940087404
2026-08-16T18:00:00Z,G05,35752,GPS BIIRM-8 (PRN 05),-22.663069335998443,16.863576789000035,-47.26863641899945,55.066495464650146
2026-08-16T18:00:00Z,G25,36585,GPS BIIF-1  (PRN 25),23.517784006999136,-4.842214691001573,53.298555216999375,58.45741352414719
2026-08-16T18:00:00Z,G24,38833,GPS BIIF-3  (PRN 24),13.725460161000228,104.0531201190006,17.221286021002015,106.35794636672678
2026-08-16T18:00:00Z,G27,39166,GPS BIIF-4  (PRN 27),-0.972784880999825,-7.7594875159993535,-56.96509420999996,57.499373173016615
2026-08-16T18:00:00Z,G30,39533,GPS BIIF-5  (PRN 30),-9.227404018000016,8.922602444999939,-58.55206925499988,59.942494387080885
2026-08-16T18:00:00Z,G06,39741,GPS BIIF-6  (PRN 06),-5.095326066999405,24.31794618999993,50.24447713199879,56.052050247040256
2026-08-16T18:00:00Z,G09,40105,GPS BIIF-7  (PRN 09),-46.14457878399935,-26.940342517998943,-4.505441839999548,53.62278631620557
2026-08-16T18:00:00Z,G03,40294,GPS BIIF-8  (PRN 03),-2.7516724900015106,-5.02288567100004,61.81852620699999,62.08326074202058
2026-08-16T18:00:00Z,G26,40534,GPS BIIF-9  (PRN 26),38.412878826999076,-26.206154075000086,-9.275820316001045,47.41679674667085
2026-08-16T18:00:00Z,G08,40730,GPS BIIF-10 (PRN 08),-22.00505959200018,-17.752428824000162,-45.143774079999275,53.26660975681374
2026-08-16T18:00:00Z,G10,41019,GPS BIIF-11 (PRN 10),46.11590301199999,-21.720489029999953,-14.081644290999975,52.88429691555699
2026-08-16T18:00:00Z,G32,41328,GPS BIIF-12 (PRN 32),27.883619766000265,13.564093804001459,43.86461230100031,53.717642393311515
2026-08-16T18:00:00Z,G04,43873,GPS BIII-1  (PRN 04),-37.21855121099725,-28.147653641000034,22.824182604999805,51.94664831657287
2026-08-16T18:00:00Z,G18,44506,GPS BIII-2  (PRN 18),4.344935576999887,16.20806985099989,-55.85626406600022,58.32239903222362
2026-08-16T18:00:00Z,G23,45854,GPS BIII-3  (PRN 23),34.96803178099981,-15.332302604998404,-40.971102894998694,56.00423218151307
2026-08-16T18:00:00Z,G14,46826,GPS BIII-4  (PRN 14),-42.113615823000146,18.515396322000015,-21.029625880000822,50.5828202387014
2026-08-16T18:00:00Z,G11,48859,GPS BIII-5  (PRN 11),-6.215549410000676,43.45284561199878,27.4594121859991,51.77646341581238
2026-08-16T18:00:00Z,G28,55268,GPS BIII-6  (PRN 28),5.186586607999743,-19.272163178000483,53.23084302999996,56.84927091780734
2026-08-16T18:00:00Z,G01,62339,GPS BIII-7  (PRN 01),2.244716384999265,-43.320683811998606,28.41664250100075,51.85774743100518
2026-08-16T18:00:00Z,G21,64202,GPS BIII-8  (PRN 21),-38.580720985999506,22.80391316100031,-25.102341910998803,51.36748053652888
2026-08-16T18:00:00Z,G20,67588,GPS BIII-9  (PRN 20),9.629177967999567,11.902624457001366,-54.996455436999895,57.08768385508148
2026-08-16T18:00:00Z,G13,68791,GPS BIII-10 (PRN 13),-6.0787967889991705,0.9520403599999554,45.70188012999961,46.11420603963456
2026-08-16T18:15:00Z,G22,26407,GPS BIIR-5  (PRN 22),-44.71263220699984,21.006049221001376,-9.949773775999347,50.393169983115136
2026-08-16T18:15:00Z,G16,27663,GPS BIIR-8  (PRN 16),34.44599085799928,-19.241854736000278,-30.873128019000433,50.09915461909807
2026-08-16T18:15:00Z,G19,28190,GPS BIIR-11 (PRN 19),-20.879730544000267,-9.261318263997964,50.12569919499947,55.08467013030659
2026-08-16T18:15:00Z,G02,28474,GPS BIIR-13 (PRN 02),-5.7176693170004,-52.02166235499999,-3.9908852119988296,52.48687703961383
2026-08-16T18:15:00Z,G17,28874,GPS BIIRM-1 (PRN 17),-35.62319158599985,-19.434488894003152,28.377564557002188,49.51764642560073
2026-08-16T18:15:00Z,G31,29486,GPS BIIRM-2 (PRN 31),4.063797577999139,-33.12674477499968,41.777914245998545,53.47232731880041
2026-08-16T18:15:00Z,G12,29601,GPS BIIRM-3 (PRN 12),-4.710922501999448,10.725260937999337,59.22771396900043,60.37504546583587
2026-08-16T18:15:00Z,G15,32260,GPS BIIRM-4 (PRN 15),21.9415668440015,13.457622710999999,-49.58758308200049,55.87010256403428
2026-08-16T18:15:00Z,G29,32384,GPS BIIRM-5 (PRN 29),44.49074247899989,29.663185195999176,6.941201169000124,53.92134082136088
2026-08-16T18:15:00Z,G07,32711,GPS BIIRM-6 (PRN 07),-7.63465608200022,-27.789615477999178,-51.363054903000375,58.895790264450184
2026-08-16T18:15:00Z,G05,35752,GPS BIIRM-8 (PRN 05),-25.919796998001402,20.847269852999943,-42.577683877998425,54.0305811661893
2026-08-16T18:15:00Z,G25,36585,GPS BIIF-1  (PRN 25),18.01721745600298,-2.5791799219987297,56.2428245330002,59.11452956234017
2026-08-16T18:15:00Z,G24,38833,GPS BIIF-3  (PRN 24),15.393224260998977,105.36511647800035,3.6138124780009093,106.54491430471067
2026-08-16T18:15:00Z,G27,39166,GPS BIIF-4  (PRN 27),4.297696724999696,-4.630903505001697,-57.19773400099996,57.545601389349095
2026-08-16T18:15:00Z,G30,39533,GPS BIIF-5  (PRN 30),-9.027330271999972,2.5756035989979864,-59.47723136800005,60.21351573311051
2026-08-16T18:15:00Z,G06,39741,GPS BIIF-6  (PRN 06),-3.646464224999363,18.68499915099892,53.53181570699962,56.81620532475926
2026-08-16T18:15:00Z,G09,40105,GPS BIIF-7  (PRN 09),-47.46391623099953,-24.71691353999995,3.3923556329973508,53.62142515513647
2026-08-16T18:15:00Z,G03,40294,GPS BIIF-8  (PRN 03),3.1842416990002675,-8.483868022000024,61.36379879299966,62.02927707236409
2026-08-16T18:15:00Z,G26,40534,GPS BIIF-9  (PRN 26),37.6792076010006,-28.50798656400002,-2.2534595530014485,47.30228391240237
2026-08-16T18:15:00Z,G08,40730,GPS BIIF-10 (PRN 08),-18.10920282799998,-14.259902837000027,-48.937449351000396,54.09401080496853
2026-08-16T18:15:00Z,G10,41019,GPS BIIF-11 (PRN 10),43.239446356000144,-23.27043502700326,-21.539524738000182,53.620089457761225
2026-08-16T18:15:00Z,G32,41328,GPS BIIF-12 (PRN 32),32.63069095699939,14.22168092100037,38.85051189499973,52.69137002444957
2026-08-16T18:15:00Z,G04,43873,GPS BIII-1  (PRN 04),-36.10011474500061,-24.588404081000135,29.62590074199761,52.77785420635675
2026-08-16T18:15:00Z,G18,44506,GPS BIII-2  (PRN 18),5.13532277899958,22.202237048000825,-52.94166272499933,57.6379260736168
2026-08-16T18:15:00Z,G23,45854,GPS BIII-3  (PRN 23),29.898623611999938,-14.581615701001283,-46.322373492001134,57.029058349898925
2026-08-16T18:15:00Z,G14,46826,GPS BIII-4  (PRN 14),-38.83450621400016,19.194546533999528,-27.725263928001368,51.43189428174335
2026-08-16T18:15:00Z,G11,48859,GPS BIII-5  (PRN 11),-3.8344121320005797,40.25079697699948,33.816192279999086,52.71019098807681
2026-08-16T18:15:00Z,G28,55268,GPS BIII-6  (PRN 28),4.418963715000245,-13.343141563997051,55.64490633399964,57.392702219280004
2026-08-16T18:15:00Z,G01,62339,GPS BIII-7  (PRN 01),0.20796734699979424,-46.19823325499965,21.619654049998644,51.00715094516059
2026-08-16T18:15:00Z,G21,64202,GPS BIII-8  (PRN 21),-39.49463211299917,26.10412218500005,-18.124934600000415,50.69284382479296
2026-08-16T18:15:00Z,G20,67588,GPS BIII-9  (PRN 20),4.600948879000498,8.464771798999209,-56.716765332999785,57.529232239226644
2026-08-16T18:15:00Z,G13,68791,GPS BIII-10 (PRN 13),-9.878837927997665,3.997311951001393,44.26641218899931,45.53114527142548
2026-08-16T18:30:00Z,G22,26407,GPS BIIR-5  (PRN 22),-42.244658818999994,22.486232212002506,-17.186958043999766,50.849123538484136
2026-08-16T18:30:00Z,G16,27663,GPS BIIR-8  (PRN 16),36.085019452999404,-22.64844544100015,-24.738055472997075,49.265120505306655
2026-08-16T18:30:00Z,G19,28190,GPS BIIR-11 (PRN 19),-26.021399854000265,-10.980602165000164,46.39587380300145,54.31633253646464
2026-08-16T18:30:00Z,G02,28474,GPS BIIR-13 (PRN 02),-8.065967491000265,-50.69086866099997,-11.616753536996839,52.62673236969925
2026-08-16T18:30:00Z,G17,28874,GPS BIIRM-1 (PRN 17),-38.99735694800029,-18.82548666599905,21.958359036998445,48.552675814409916
2026-08-16T18:30:00Z,G31,29486,GPS BIIRM-2 (PRN 31),2.655893912000465,-28.4112794749999,46.471442427999136,54.533013260017
2026-08-16T18:30:00Z,G12,29601,GPS BIIRM-3 (PRN 12),-9.997738943999138,14.372683169000084,57.40890535700055,60.01925707435791
2026-08-16T18:30:00Z,G15,32260,GPS BIIRM-4 (PRN 15),16.871359325999947,10.742044047999912,-52.72363792299984,56.3898596528823
2026-08-16T18:30:00Z,G29,32384,GPS BIIRM-5 (PRN 29),44.692089967000356,26.871766611000567,14.68256136099808,54.17612347274408
2026-08-16T18:30:00Z,G07,32711,GPS BIIRM-6 (PRN 07),-9.40980435200072,-33.15867677500137,-46.83430141699864,58.15061523862175
2026-08-16T18:30:00Z,G05,35752,GPS BIIRM-8 (PRN 05),-28.297685535999335,24.93605490599998,-37.17648906799877,52.95901415616027
2026-08-16T18:30:00Z,G25,36585,GPS BIIF-1  (PRN 25),12.607903957999952,0.4560380470029486,58.22434197600069,59.57550848673254
2026-08-16T18:30:00Z,G24,38833,GPS BIIF-3  (PRN 24),16.880018812000344,105.01814388800005,-10.098341711000103,106.8443825668261
2026-08-16T18:30:00Z,G27,39166,GPS BIIF-4  (PRN 27),9.864763854999183,-2.1669791949989303,-56.473808265000116,57.36985606307943
2026-08-16T18:30:00Z,G30,39533,GPS BIIF-5  (PRN 30),-9.545836726999823,-3.81357174599907,-59.36363999699984,60.24705869977239
2026-08-16T18:30:00Z,G06,39741,GPS BIIF-6  (PRN 06),-2.91521696899963,12.662887901999056,55.88595295499999,57.37671093469379
2026-08-16T18:30:00Z,G09,40105,GPS BIIF-7  (PRN 09),-47.85737791000065,-22.066688573000647,11.233770686001662,53.88380989521886
2026-08-16T18:30:00Z,G03,40294,GPS BIIF-8  (PRN 03),8.603542183998798,-12.59317353500046,59.84262248200048,61.75555378520795
2026-08-16T18:30:00Z,G26,40534,GPS BIIF-9  (PRN 26),36.21487177400013,-30.294829660000687,4.831174241000554,47.461920381318706
2026-08-16T18:30:00Z,G08,40730,GPS BIIF-10 (PRN 08),-13.566629054999794,-11.144677769000737,-51.8985372140005,54.78791318752539
2026-08-16T18:30:00Z,G10,41019,GPS BIIF-11 (PRN 10),39.65793113999962,-24.07514660399829,-28.666072220999922,54.535381935845514
2026-08-16T18:30:00Z,G32,41328,GPS BIIF-12 (PRN 32),37.00095891500132,14.094557961001556,33.1909653449984,51.665924024239935
2026-08-16T18:30:00Z,G04,43873,GPS BIII-1  (PRN 04),-34.04467472599936,-20.921459307000077,35.9172781519992,53.72893267673981
2026-08-16T18:30:00Z,G18,44506,GPS BIII-2  (PRN 18),6.61767264899936,27.746945369999594,-49.10096366000107,56.78548406939754
2026-08-16T18:30:00Z,G23,45854,GPS BIII-3  (PRN 23),24.58401334500013,-12.942312736999156,-50.87844394700005,57.969761338110246
2026-08-16T18:30:00Z,G14,46826,GPS BIII-4  (PRN 14),-35.005063283999334,19.14261153300322,-33.95797083100115,52.39215413379556
2026-08-16T18:30:00Z,G11,48859,GPS BIII-5  (PRN 11),-1.8746923199996672,36.24457679099942,39.586216783000054,53.70523603191773
2026-08-16T18:30:00Z,G28,55268,GPS BIII-6  (PRN 28),4.385024608999629,-7.192478074000974,57.097352994000175,57.71540436129663
2026-08-16T18:30:00Z,G01,62339,GPS BIII-7  (PRN 01),-2.1567737620007392,-48.18604588800008,14.456856568001967,50.354219219532
2026-08-16T18:30:00Z,G21,64202,GPS BIII-8  (PRN 21),-39.48225220899985,29.127526477001084,-10.837127415998111,50.24643637905131
2026-08-16T18:30:00Z,G20,67588,GPS BIII-9  (PRN 20),-0.9118652569995902,5.6060825969998405,-57.46229966299995,57.74232020703456
2026-08-16T18:30:00Z,G13,68791,GPS BIII-10 (PRN 13),-13.11625134499991,7.451210056000491,42.0733764659999,44.69592361607051
2026-08-16T18:45:00Z,G22,26407,GPS BIIR-5  (PRN 22),-39.098776688000044,23.32576879300177,-24.131405950000044,51.527959220275434
2026-08-16T18:45:00Z,G16,27663,GPS BIIR-8  (PRN 16),36.85574078799982,-25.93506909699954,-18.182071989001997,48.59589673945348
2026-08-16T18:45:00Z,G19,28190,GPS BIIR-11 (PRN 19),-31.027146741998877,-11.914034864999849,41.87534476100154,53.4618795083628
2026-08-16T18:45:00Z,G02,28474,GPS BIIR-13 (PRN 02),-10.105821224000465,-48.45603257099992,-19.020038472001033,53.02713059000707
2026-08-16T18:45:00Z,G17,28874,GPS BIIRM-1 (PRN 17),-41.75623509400003,-17.55606392700065,15.192945192997286,47.776815857398375
2026-08-16T18:45:00Z,G31,29486,GPS BIIRM-2 (PRN 31),1.8811707719996775,-23.15645693800252,50.38100902199949,55.47978344829569
2026-08-16T18:45:00Z,G12,29601,GPS BIIRM-3 (PRN 12),-14.66444213000068,18.49622077999993,54.591775289,59.47619671205709
2026-08-16T18:45:00Z,G15,32260,GPS BIIRM-4 (PRN 15),11.318902759001503,8.58508352900003,-54.91742031299964,56.725164369107866
2026-08-16T18:45:00Z,G29,32384,GPS BIIRM-5 (PRN 29),43.94260105600006,23.763278039999932,22.155565042998205,54.64901310314436
2026-08-16T18:45:00Z,G07,32711,GPS BIIRM-6 (PRN 07),-11.702371254999889,-37.83340061000126,-41.43637510000008,57.31740465281552
2026-08-16T18:45:00Z,G05,35752,GPS BIIRM-8 (PRN 05),-29.76714568600073,28.961977418999993,-31.157870257000468,51.92005371012564
2026-08-16T18:45:00Z,G25,36585,GPS BIIF-1  (PRN 25),7.45702290600093,4.200346225999965,59.20087495500002,59.81633300760289
2026-08-16T18:45:00Z,G24,38833,GPS BIIF-3  (PRN 24),17.95697939599995,103.0560908550001,-23.658415038000385,107.25078821832818
2026-08-16T18:45:00Z,G27,39166,GPS BIIF-4  (PRN 27),15.571823498998128,-0.42557006499919225,-54.81050107600004,56.98117079497731
2026-08-16T18:45:00Z,G30,39533,GPS BIIF-5  (PRN 30),-10.76894826399996,-10.063481769997452,-58.20834752600058,60.045446403165634
2026-08-16T18:45:00Z,G06,39741,GPS BIIF-6  (PRN 06),-2.9499088799993842,6.431413792000967,57.26568766199989,57.70116141955867
2026-08-16T18:45:00Z,G09,40105,GPS BIIF-7  (PRN 09),-47.27383727900087,-19.14963845300008,18.88713921100134,54.38978186698138
2026-08-16T18:45:00Z,G03,40294,GPS BIIF-8  (PRN 03),13.358218319001026,-17.218666081000265,57.276439354000104,61.282256513117524
2026-08-16T18:45:00Z,G26,40534,GPS BIIF-9  (PRN 26),34.109419774000344,-31.449389396999322,11.859683457998472,47.88704107049194
2026-08-16T18:45:00Z,G08,40730,GPS BIIF-10 (PRN 08),-8.490029006999976,-8.524174535999919,-53.98283919299956,55.30722440510951
2026-08-16T18:45:00Z,G10,41019,GPS BIIF-11 (PRN 10),35.51504153299993,-24.037173721000727,-35.336701779997384,55.5678539109866
2026-08-16T18:45:00Z,G32,41328,GPS BIIF-12 (PRN 32),40.843119076999756,13.245898440000019,26.980440792998706,50.71053526443282
2026-08-16T18:45:00Z,G04,43873,GPS BIII-1  (PRN 04),-31.07572737100054,-17.31629731499993,41.5923084850001,54.730933752765786
2026-08-16T18:45:00Z,G18,44506,GPS BIII-2  (PRN 18),8.70356098799948,32.6826439280012,-44.40409315100078,55.81783475341098
2026-08-16T18:45:00Z,G23,45854,GPS BIII-3  (PRN 23),19.210304268999607,-10.416997333999461,-54.55508965899935,58.76910269236339
2026-08-16T18:45:00Z,G14,46826,GPS BIII-4  (PRN 14),-30.772255484000198,18.2967119620007,-39.61649636100083,53.39633096116428
2026-08-16T18:45:00Z,G11,48859,GPS BIII-5  (PRN 11),-0.45968623800035857,31.550274796998565,44.67077165200135,54.69103209109129
2026-08-16T18:45:00Z,G28,55268,GPS BIII-6  (PRN 28),5.1027190979993975,-0.9979677419978543,57.563903308,57.79824085437142
2026-08-16T18:45:00Z,G01,62339,GPS BIII-7  (PRN 01),-4.697190691000287,-49.22686735999923,7.050882635998278,49.9506057662287
2026-08-16T18:45:00Z,G21,64202,GPS BIII-8  (PRN 21),-38.590106112000285,31.715754664999622,-3.3640117079994525,50.06397865209521
2026-08-16T18:45:00Z,G20,67588,GPS BIII-9  (PRN 20),-6.75610477599912,3.4166949419995944,-57.21809821700026,57.71680448224115
2026-08-16T18:45:00Z,G13,68791,GPS BIII-10 (PRN 13),-15.704450045999693,11.189997202000086,39.16054977899876,43.650824134505285
2026-08-16T19:00:00Z,G22,26407,GPS BIIR-5  (PRN 22),-35.40523770200025,23.43088988100135,-30.672072612000193,52.376650290626294
2026-08-16T19:00:00Z,G16,27663,GPS BIIR-8  (PRN 16),36.77522033199966,-28.945618173000184,-11.307773655000346,48.14697692396647
2026-08-16T19:00:00Z,G19,28190,GPS BIIR-11 (PRN 19),-35.73226771600093,-12.081220297000982,36.632288395001524,52.58018061063687
2026-08-16T19:00:00Z,G02,28474,GPS BIIR-13 (PRN 02),-11.695359909001127,-45.39873820299999,-26.086487102998944,53.65008558427966
2026-08-16T19:00:00Z,G17,28874,GPS BIIRM-1 (PRN 17),-43.79090592500006,-15.735335571998803,8.19290962499872,47.247941705634254
2026-08-16T19:00:00Z,G31,29486,GPS BIIRM-2 (PRN 31),1.8097429190002003,-17.515843336001126,53.43175443099972,56.25861995089166
2026-08-16T19:00:00Z,G12,29601,GPS BIIRM-3 (PRN 12),-18.595537411001715,22.951381929999116,50.81990264699925,58.78114025051858
2026-08-16T19:00:00Z,G15,32260,GPS BIIRM-4 (PRN 15),5.440881505001016,7.070528912999862,-56.14307774600002,56.847521928879466
2026-08-16T19:00:00Z,G29,32384,GPS BIIRM-5 (PRN 29),42.2239631429984,20.50546770299934,29.233699824002542,55.29870228694271
2026-08-16T19:00:00Z,G07,32711,GPS BIIRM-6 (PRN 07),-14.381894003001435,-41.677393858997675,-35.26761964199977,56.45926876257214
2026-08-16T19:00:00Z,G05,35752,GPS BIIRM-8 (PRN 05),-30.33220382699801,32.75626511199994,-24.623972465000406,50.98387502973146
2026-08-16T19:00:00Z,G25,36585,GPS BIIF-1  (PRN 25),2.719608370996866,8.55933957799789,59.14771640899994,59.825671079416715
2026-08-16T19:00:00Z,G24,38833,GPS BIIF-3  (PRN 24),18.410847265000484,99.5778194909999,-36.81401111699961,107.74958397191104
2026-08-16T19:00:00Z,G27,39166,GPS BIIF-4  (PRN 27),21.255779944000096,0.5656576540004608,-52.23915290500008,56.40086210193302
2026-08-16T19:00:00Z,G30,39533,GPS BIIF-5  (PRN 30),-12.650117238999997,-15.997580161001679,-56.027863537000485,59.624403809923905
2026-08-16T19:00:00Z,G06,39741,GPS BIIF-6  (PRN 06),-3.765079300999787,0.17724329700286034,57.64780000799999,57.7708930439154
2026-08-16T19:00:00Z,G09,40105,GPS BIIF-7  (PRN 09),-45.695713746001275,-16.133484592999594,26.223882629998116,55.10063157588089
2026-08-16T19:00:00Z,G03,40294,GPS BIIF-8  (PRN 03),17.327042564000294,-22.203257884999402,53.705323678999775,60.64217060914459
2026-08-16T19:00:00Z,G26,40534,GPS BIIF-9  (PRN 26),31.474468797000554,-31.87542037700041,18.712677603001794,48.54738832664163
2026-08-16T19:00:00Z,G08,40730,GPS BIIF-10 (PRN 08),-3.0115470239979913,-6.493076843000381,-55.160230747000014,55.62266191426966
2026-08-16T19:00:00Z,G10,41019,GPS BIIF-11 (PRN 10),30.973448708000433,-23.090274182999565,-41.43240688700098,56.649445073744864
2026-08-16T19:00:00Z,G32,41328,GPS BIIF-12 (PRN 32),44.02228432499942,11.76645405599993,20.321742656000424,49.8937288927151
2026-08-16T19:00:00Z,G04,43873,GPS BIII-1  (PRN 04),-27.25002287499956,-13.936205094000115,46.5555904849989,55.71538893803896
2026-08-16T19:00:00Z,G18,44506,GPS BIII-2  (PRN 18),11.277337131000422,36.87222077899787,-38.93615947699982,54.79747724813402
2026-08-16T19:00:00Z,G23,45854,GPS BIII-3  (PRN 23),13.962901615999726,-7.044782077999116,-57.28377546400043,59.380320877161004
2026-08-16T19:00:00Z,G14,46826,GPS BIII-4  (PRN 14),-26.29566588200032,16.624834592999832,-44.59880888599946,54.377393496491756
2026-08-16T19:00:00Z,G11,48859,GPS BIII-5  (PRN 11),0.3110285160000785,26.307586627001,48.98319804099992,55.601614573668144
2026-08-16T19:00:00Z,G28,55268,GPS BIII-6  (PRN 28),6.557219342999815,5.06204815700039,57.03749098699973,57.635898840462936
2026-08-16T19:00:00Z,G01,62339,GPS BIII-7  (PRN 01),-7.25336690199947,-49.296041005999996,-0.4718576880004548,49.82904414052089
2026-08-16T19:00:00Z,G21,64202,GPS BIII-8  (PRN 21),-36.89600888000132,33.72433632600041,4.165881691998948,50.159753808945865
2026-08-16T19:00:00Z,G20,67588,GPS BIII-9  (PRN 20),-12.763954181998997,1.9574277119991166,-55.986249710000266,57.45615899273442
2026-08-16T19:00:00Z,G13,68791,GPS BIII-10 (PRN 13),-17.58232808399771,15.076535412999874,35.57776644799924,42.452534039102474
2026-08-16T19:15:00Z,G22,26407,GPS BIIR-5  (PRN 22),-31.31042850600079,22.734406956002204,-36.70417626500057,53.33284867849025
2026-08-16T19:15:00Z,G16,27663,GPS BIIR-8  (PRN 16),35.88952952899854,-31.53030519300046,-4.223632516001089,47.95891519839488
2026-08-16T19:15:00Z,G19,28190,GPS BIIR-11 (PRN 19),-39.97833016599907,-11.53203790799671,30.747044570998696,51.7362110230744
2026-08-16T19:15:00Z,G02,28474,GPS BIIR-13 (PRN 02),-12.710251376000087,-41.62557769799969,-32.70788924699809,54.443045724198925
2026-08-16T19:15:00Z,G17,28874,GPS BIIRM-1 (PRN 17),-45.01612431400008,-13.491609145999973,1.0718913820019225,47.0066369434865
2026-08-16T19:15:00Z,G31,29486,GPS BIIRM-2 (PRN 31),2.4811936570004036,-11.65707488100088,55.563197382,56.827041274871
2026-08-16T19:15:00Z,G12,29601,GPS BIIRM-3 (PRN 12),-21.704561930000636,27.575012965000496,46.15418136500011,57.97997763078649
2026-08-16T19:15:00Z,G15,32260,GPS BIIRM-4 (PRN 15),-0.5958377729984932,6.251616311999896,-56.39262557900008,56.74121913439549
2026-08-16T19:15:00Z,G29,32384,GPS BIIRM-5 (PRN 29),39.551877070000046,17.26782399500007,35.79801668499931,56.0716213771475
2026-08-16T19:15:00Z,G07,32711,GPS BIIRM-6 (PRN 07),-17.296793846000583,-44.5852881589999,-28.443898560999514,55.64245108656277
2026-08-16T19:15:00Z,G05,35752,GPS BIIRM-8 (PRN 05),-30.02995648399883,36.155347291,-17.68467370000144,50.2170798438062
2026-08-16T19:15:00Z,G25,36585,GPS BIIF-1  (PRN 25),-1.4679211000002397,13.410079032000795,58.05858697400072,59.605239144037824
2026-08-16T19:15:00Z,G24,38833,GPS BIIF-3  (PRN 24),18.053711012998974,94.73218381799961,-49.32275631399898,108.31831526883288
2026-08-16T19:15:00Z,G27,39166,GPS BIIF-4  (PRN 27),26.75251939000009,0.8102134649998334,-48.80459713399978,55.66185804465403
2026-08-16T19:15:00Z,G30,39533,GPS BIIF-5  (PRN 30),-15.111436271000002,-21.45114419699894,-52.85804950699821,59.012545201992516
2026-08-16T19:15:00Z,G06,39741,GPS BIIF-6  (PRN 06),-5.340470766999715,-5.913475517001643,57.027388012999836,57.58135813167829
2026-08-16T19:15:00Z,G09,40105,GPS BIIF-7  (PRN 09),-43.13961302900134,-13.186952527999892,33.12049752900202,55.96328515943586
2026-08-16T19:15:00Z,G03,40294,GPS BIIF-8  (PRN 03),20.420431696999003,-27.370391129999916,49.18757264599844,59.879459283683865
2026-08-16T19:15:00Z,G26,40534,GPS BIIF-9  (PRN 26),28.439412706999974,-31.501747075999447,25.271755257999757,49.39455311853271
2026-08-16T19:15:00Z,G08,40730,GPS BIIF-10 (PRN 08),2.7218324929999653,-5.119639763000123,-55.41482373400004,55.71733817128324
2026-08-16T19:15:00Z,G10,41019,GPS BIIF-11 (PRN 10),26.208453036999344,-21.202787293001165,-46.84211798499928,57.71156917729273
2026-08-16T19:15:00Z,G32,41328,GPS BIIF-12 (PRN 32),46.42455006099999,9.771094892999827,13.324510211998131,49.27733471043198
2026-08-16T19:15:00Z,G04,43873,GPS BIII-1  (PRN 04),-22.655546112000593,-10.931634673999952,50.72381278799912,56.61872119741638
2026-08-16T19:15:00Z,G18,44506,GPS BIII-2  (PRN 18),14.200612620000356,40.20596250899689,-32.79565074800121,53.79341528517268
2026-08-16T19:15:00Z,G23,45854,GPS BIII-3  (PRN 23),9.018759385999147,-2.900397592002264,-59.013183993999974,59.76877288487639
2026-08-16T19:15:00Z,G14,46826,GPS BIII-4  (PRN 14),-21.740914554999108,14.127706167000724,-48.814200499000435,55.27282892692843
2026-08-16T19:15:00Z,G11,48859,GPS BIII-5  (PRN 11),0.3658895330008818,20.674335237999912,52.45039244899999,56.37912451198298
2026-08-16T19:15:00Z,G28,55268,GPS BIII-6  (PRN 28),8.701024082999993,10.815454182000394,55.52827875899948,57.23697765599655
2026-08-16T19:15:00Z,G01,62339,GPS BIII-7  (PRN 01),-9.664105330000893,-48.402076686999976,-7.983210857997619,49.998876137837634
2026-08-16T19:15:00Z,G21,64202,GPS BIII-8  (PRN 21),-34.505777565000244,35.028325324001344,11.62279277199923,50.52446508564129
2026-08-16T19:15:00Z,G20,67588,GPS BIII-9  (PRN 20),-18.758981743998447,1.2569990989995858,-53.78601913500006,56.97732265732697
2026-08-16T19:15:00Z,G13,68791,GPS BIII-10 (PRN 13),-18.7165691400005,18.965098534999925,31.38614396000048,41.1712879989508
2026-08-16T19:30:00Z,G22,26407,GPS BIIR-5  (PRN 22),-26.9717214960001,21.198339704998943,-42.13056273300026,54.330725035707
2026-08-16T19:30:00Z,G16,27663,GPS BIIR-8  (PRN 16),34.2722849820002,-33.551407537999694,2.957222790002561,48.052384251960795
2026-08-16T19:30:00Z,G19,28190,GPS BIIR-11 (PRN 19),-43.61915558700002,-10.344816370001354,24.311357343001873,50.99694163095562
2026-08-16T19:30:00Z,G02,28474,GPS BIIR-13 (PRN 02),-13.048093892000907,-37.264484106000964,-38.78311553399908,55.344598475591006
2026-08-16T19:30:00Z,G17,28874,GPS BIIRM-1 (PRN 17),-45.373329873999865,-10.967350476999854,-6.055922236999322,47.071180508680044
2026-08-16T19:30:00Z,G31,29486,GPS BIIRM-2 (PRN 31),3.902626028000668,-5.755628336999507,56.730855064000025,57.15546923751634
2026-08-16T19:30:00Z,G12,29601,GPS BIIRM-3 (PRN 12),-23.937333491998288,32.19174845100042,40.67211705199952,57.127276396929524
2026-08-16T19:30:00Z,G15,32260,GPS BIIRM-4 (PRN 15),-6.620618285000091,6.149899501000164,-55.67517242399981,56.40371153381831
2026-08-16T19:30:00Z,G29,32384,GPS BIIRM-5 (PRN 29),35.975571628998296,14.215024961999916,41.738961685001414,56.907377476435194
2026-08-16T19:30:00Z,G07,32711,GPS BIIRM-6 (PRN 07),-20.281349027000033,-46.487409037999896,-21.09590974800085,54.93131825759424
2026-08-16T19:30:00Z,G05,35752,GPS BIIRM-8 (PRN 05),-28.928813171,39.007222713000374,-10.455933952001942,49.67661633075327
2026-08-16T19:30:00Z,G25,36585,GPS BIIF-1  (PRN 25),-4.993077097999048,18.60562340300021,55.946191091999935,59.16989385509665
2026-08-16T19:30:00Z,G24,38833,GPS BIIF-3  (PRN 24),16.731482864997815,88.71135359499931,-60.957529629999044,108.9287252937026
2026-08-16T19:30:00Z,G27,39166,GPS BIIF-4  (PRN 27),31.902713180999854,0.3420831300009013,-44.56439340600082,54.80771194660275
2026-08-16T19:30:00Z,G30,39533,GPS BIIF-5  (PRN 30),-18.046902521999982,-26.277717750999727,-48.75355182800013,58.2504760211045
2026-08-16T19:30:00Z,G06,39741,GPS BIIF-6  (PRN 06),-7.622121425999467,-11.66220811599851,55.417784946999745,57.14223238206093
2026-08-16T19:30:00Z,G09,40105,GPS BIIF-7  (PRN 09),-39.656044694998855,-10.473274720001427,39.460479248999036,56.91590978604358
2026-08-16T19:30:00Z,G03,40294,GPS BIIF-8  (PRN 03),22.58378435600025,-32.53102072300044,43.798933168000076,59.04778718778158
2026-08-16T19:30:00Z,G26,40534,GPS BIIF-9  (PRN 26),25.14670370299973,-30.28565362899826,31.421626075996755,50.367609712213614
2026-08-16T19:30:00Z,G08,40730,GPS BIIF-10 (PRN 08),8.553481622002437,-4.443651730000056,-54.74497043099973,55.587047736379205
2026-08-16T19:30:00Z,G10,41019,GPS BIIF-11 (PRN 10),21.401437489999807,-18.379646461999073,-51.46506587699878,58.689743025764464
2026-08-16T19:30:00Z,G32,41328,GPS BIIF-12 (PRN 32),47.961286142999995,7.394245157000114,6.103652440000587,48.91026889152081
2026-08-16T19:30:00Z,G04,43873,GPS BIII-1  (PRN 04),-17.408403833000193,-8.43460192400002,54.0270590680002,57.38569634644458
2026-08-16T19:30:00Z,G18,44506,GPS BIII-2  (PRN 18),17.31823262600119,42.605535123000664,-26.09242646200073,52.87690916723907
2026-08-16T19:30:00Z,G23,45854,GPS BIII-3  (PRN 23),4.539471017000324,1.9085384690006322,-59.71036475900007,59.91307850423544
2026-08-16T19:30:00Z,G14,46826,GPS BIII-4  (PRN 14),-17.273282084999664,10.839207285000157,-52.185198365999895,56.02811452345982
2026-08-16T19:30:00Z,G11,48859,GPS BIII-5  (PRN 11),-0.335910244999468,14.820621823000693,55.01402299000074,56.976366964360146
2026-08-16T19:30:00Z,G28,55268,GPS BIII-6  (PRN 28),11.456043640000189,16.10272063500088,53.06333218999862,56.623809222239856
2026-08-16T19:30:00Z,G01,62339,GPS BIII-7  (PRN 01),-11.773455601998648,-46.58637549699961,-15.355348633998801,50.444934041302176
2026-08-16T19:30:00Z,G21,64202,GPS BIII-8  (PRN 21),-31.54908268700001,35.52752305300055,18.877992867001012,51.12658924042548
2026-08-16T19:30:00Z,G20,67588,GPS BIII-9  (PRN 20),-24.56284465799763,1.3111391670008743,-50.65366882800117,56.31027072697293
2026-08-16T19:30:00Z,G13,68791,GPS BIII-10 (PRN 13),-19.102661368000554,22.707158121999782,26.657152847998077,39.88897716512086
2026-08-16T19:45:00Z,G22,26407,GPS BIIR-5  (PRN 22),-22.55200688900004,18.81546122399959,-46.86297856099918,55.305997463222795
2026-08-16T19:45:00Z,G16,27663,GPS BIIR-8  (PRN 16),32.02228435100005,-34.888623798999106,10.118394009998156,48.42545470086942
2026-08-16T19:45:00Z,G19,28190,GPS BIIR-11 (PRN 19),-46.52646603099947,-8.623534853999445,17.427411517997825,50.42610501446185
2026-08-16T19:45:00Z,G02,28474,GPS BIIR-13 (PRN 02),-12.631961249000597,-32.46047390199965,-44.2190770039997,56.29010198981974
2026-08-16T19:45:00Z,G17,28874,GPS BIIRM-1 (PRN 17),-44.83268055699955,-8.313861369000733,-13.07721980199858,47.43525286681533
2026-08-16T19:45:00Z,G31,29486,GPS BIIRM-2 (PRN 31),6.048061720000987,0.01186540499838884,56.907566470999996,57.22805529640213
2026-08-16T19:45:00Z,G12,29601,GPS BIIRM-3 (PRN 12),-25.274026500999753,36.62103213499995,34.46675763700114,56.283512614385685
2026-08-16T19:45:00Z,G15,32260,GPS BIIRM-4 (PRN 15),-12.465392029000213,6.755421273000138,-54.0158532079995,55.84562751729552
2026-08-16T19:45:00Z,G29,32384,GPS BIIRM-5 (PRN 29),31.57604762199844,11.50074307900013,46.95800552500077,57.74398806526863
2026-08-16T19:45:00Z,G07,32711,GPS BIIRM-6 (PRN 07),-23.16330817600101,-47.352822468999875,-13.36599302399918,54.3827032332396
2026-08-16T19:45:00Z,G05,35752,GPS BIIRM-8 (PRN 05),-27.125714584999514,41.17730639000001,-3.058081798000785,49.403712588894116
2026-08-16T19:45:00Z,G25,36585,GPS BIIF-1  (PRN 25),-7.771739077001257,23.98063852800078,52.84239937300117,58.547332338778496
2026-08-16T19:45:00Z,G24,38833,GPS BIIF-3  (PRN 24),14.330598073000147,81.74241670599986,-71.51107129699994,109.54917639175481
2026-08-16T19:45:00Z,G27,39166,GPS BIIF-4  (PRN 27),36.557425568000326,-0.7759500489992206,-39.58796118399914,53.89113223290311
2026-08-16T19:45:00Z,G30,39533,GPS BIIF-5  (PRN 30),-21.326824917000067,-30.35475960199983,-43.78681477099963,57.38928505675434
2026-08-16T19:45:00Z,G06,39741,GPS BIIF-6  (PRN 06),-10.52479588899996,-16.904788362000545,52.85006350100048,56.47718486370334
2026-08-16T19:45:00Z,G09,40105,GPS BIIF-7  (PRN 09),-35.327843895000115,-8.144004013000085,45.13616753399947,57.89347955763694
2026-08-16T19:45:00Z,G03,40294,GPS BIIF-8  (PRN 03),23.79949477399714,-37.49114213399935,37.63147697600289,58.20764339332674
2026-08-16T19:45:00Z,G26,40534,GPS BIIF-9  (PRN 26),21.746591672000022,-28.21515876400008,37.05231334199925,51.399254444205
2026-08-16T19:45:00Z,G08,40730,GPS BIIF-10 (PRN 08),14.322634852000192,-4.475414059999821,-53.16314211199915,55.24026501866906
2026-08-16T19:45:00Z,G10,41019,GPS BIIF-11 (PRN 10),16.73297816900049,-14.662889224000537,-55.21304539599987,59.52708006193736
2026-08-16T19:45:00Z,G32,41328,GPS BIIF-12 (PRN 32),48.57250102299986,4.784753564999846,-1.2222687590001442,48.82290101198748
2026-08-16T19:45:00Z,G04,43873,GPS BIII-1  (PRN 04),-11.648640534000151,-6.553875919999996,56.40990003800016,57.97172533366829
2026-08-16T19:45:00Z,G18,44506,GPS BIII-2  (PRN 18),20.464777470000627,44.02670328599925,-18.9455483740021,52.11613495187182
2026-08-16T19:45:00Z,G23,45854,GPS BIII-3  (PRN 23),0.6649837590011884,7.245676952999929,-59.36146507100011,59.805731943372585
2026-08-16T19:45:00Z,G14,46826,GPS BIII-4  (PRN 14),-13.051325400998394,6.825366330998804,-54.649217826000495,56.59911420922352
2026-08-16T19:45:00Z,G11,48859,GPS BIII-5  (PRN 11),-1.8030009390004125,8.922457237000344,56.631490794,57.3584065772668
2026-08-16T19:45:00Z,G28,55268,GPS BIII-6  (PRN 28),14.716838354000174,20.78274065399819,49.68601532100001,55.8319600113391
2026-08-16T19:45:00Z,G01,62339,GPS BIII-7  (PRN 01),-13.436910967000586,-43.92174443000022,-22.462830450000183,51.12972679307813
2026-08-16T19:45:00Z,G21,64202,GPS BIII-8  (PRN 21),-28.17445253599999,35.15064374100257,25.806063772000925,51.916475790588656
2026-08-16T19:45:00Z,G20,67588,GPS BIII-9  (PRN 20),-30.002111487003276,2.082973980999668,-46.64194941599999,55.497179384260576
2026-08-16T19:45:00Z,G13,68791,GPS BIII-10 (PRN 13),-18.764886602999468,26.157253393000246,21.471529454996926,38.69559989747997
2026-08-16T20:00:00Z,G22,26407,GPS BIIR-5  (PRN 22),-18.21347711999988,15.609968272001424,-50.823276778000945,56.19970925820649
2026-08-16T20:00:00Z,G16,27663,GPS BIIR-8  (PRN 16),29.25993365300019,-35.443682665998494,17.141773510997155,49.053427580631904
2026-08-16T20:00:00Z,G19,28190,GPS BIIR-11 (PRN 19),-48.594592696999825,-6.4942150129991205,10.20663701599915,50.077786564491205
2026-08-16T20:00:00Z,G02,28474,GPS BIIR-13 (PRN 02),-11.413398947002861,-27.37040654900011,-48.93166898799973,57.21637056063735
2026-08-16T20:00:00Z,G17,28874,GPS BIIRM-1 (PRN 17),-43.3937625159997,-5.6855625820007845,-19.880908774997806,48.068646547293305
2026-08-16T20:00:00Z,G31,29486,GPS BIIRM-2 (PRN 31),8.85857406300056,5.474729503999697,56.08443857099974,57.04306484925117
2026-08-16T20:00:00Z,G12,29601,GPS BIIRM-3 (PRN 12),-25.730016520999925,40.683951836999995,27.645278944000893,55.5110721850865
2026-08-16T20:00:00Z,G15,32260,GPS BIIRM-4 (PRN 15),-17.970600348002336,8.027392528999826,-51.45457461799924,55.09042345817934
2026-08-16T20:00:00Z,G29,32384,GPS BIIRM-5 (PRN 29),26.463013420001516,9.261390125000617,51.36906096600069,58.522174009885646
2026-08-16T20:00:00Z,G07,32711,GPS BIIRM-6 (PRN 07),-25.7715223590003,-47.19031199100027,-5.404539052000473,54.03985522624015
2026-08-16T20:00:00Z,G05,35752,GPS BIIRM-8 (PRN 05),-24.74221659700015,42.55329541100036,4.385958839997329,49.418588278246936
2026-08-16T20:00:00Z,G25,36585,GPS BIIF-1  (PRN 25),-9.751876195998193,29.357394565000504,48.79803041299965,57.77718820758965
2026-08-16T20:00:00Z,G24,38833,GPS BIIF-3  (PRN 24),10.783023082,74.0772628550003,-80.79987468800027,110.14687561829568
2026-08-16T20:00:00Z,G27,39166,GPS BIIF-4  (PRN 27),40.58301150800071,-2.45445933100018,-33.955645652000385,52.971606217956655
2026-08-16T20:00:00Z,G30,39533,GPS BIIF-5  (PRN 30),-24.802690742000323,-33.58840921299998,-38.04664790500101,56.48807058406552
2026-08-16T20:00:00Z,G06,39741,GPS BIIF-6  (PRN 06),-13.935048527999697,-21.49769647300127,49.37220615499973,55.62329792213683
2026-08-16T20:00:00Z,G09,40105,GPS BIIF-7  (PRN 09),-30.267198121000547,-6.332757105999917,50.05049936700016,58.83247046950837
2026-08-16T20:00:00Z,G03,40294,GPS BIIF-8  (PRN 03),24.087695461003023,-42.05911639600072,30.792118830999243,57.422477539172235
2026-08-16T20:00:00Z,G26,40534,GPS BIIF-9  (PRN 26),18.390924546000008,-25.310067485999753,42.061378802000036,52.421228605669526
2026-08-16T20:00:00Z,G08,40730,GPS BIIF-10 (PRN 08),19.86985886199909,-5.195075515999633,-50.695680671000446,54.69782572926232
2026-08-16T20:00:00Z,G10,41019,GPS BIIF-11 (PRN 10),12.375251469999057,-10.13091414000155,-58.01254449099997,60.17671965617641
2026-08-16T20:00:00Z,G32,41328,GPS BIIF-12 (PRN 32),48.228847973000484,2.100251951998871,-8.532698769002309,49.02284960451811
2026-08-16T20:00:00Z,G04,43873,GPS BIII-1  (PRN 04),-5.535153419998096,-5.370400779000022,57.832270406000134,58.34424245992675
2026-08-16T20:00:00Z,G18,44506,GPS BIII-2  (PRN 18),23.471037980998517,44.46047476599961,-11.481024140000955,51.56973294120154
2026-08-16T20:00:00Z,G23,45854,GPS BIII-3  (PRN 23),-2.4923214979990007,12.95086613699823,-57.97202203300003,59.45327525664567
2026-08-16T20:00:00Z,G14,46826,GPS BIII-4  (PRN 14),-9.220151857000019,2.1823385530005908,-56.15992392299995,56.9535851098348
2026-08-16T20:00:00Z,G11,48859,GPS BIII-5  (PRN 11),-4.011050848001105,3.1549536300008185,57.27655088700004,57.50343939995077
2026-08-16T20:00:00Z,G28,55268,GPS BIII-6  (PRN 28),18.354269724000005,24.738017700001365,45.45510427699992,54.909154443133254
2026-08-16T20:00:00Z,G01,62339,GPS BIII-7  (PRN 01),-14.527239621998888,-40.50934950899955,-29.184653659001924,51.99800090266116
2026-08-16T20:00:00Z,G21,64202,GPS BIII-8  (PRN 21),-24.543137159999787,33.858233908998955,32.28714386599677,52.83185823075525
2026-08-16T20:00:00Z,G20,67588,GPS BIII-9  (PRN 20),-34.91466186999969,3.50412822600083,-41.81927575500049,54.590881590183514
2026-08-16T20:00:00Z,G13,68791,GPS BIII-10 (PRN 13),-17.755353083000955,29.178300882999906,15.91803150800115,37.68301384723125
2026-08-16T20:15:00Z,G22,26407,GPS BIIR-5  (PRN 22),-14.111945462000222,11.636946418999287,-53.94453091700052,56.9611968144662
2026-08-16T20:15:00Z,G16,27663,GPS BIIR-8  (PRN 16),26.123062019999452,-35.144597268001235,23.909273805998964,49.89198793755332
2026-08-16T20:15:00Z,G19,28190,GPS BIIR-11 (PRN 19),-49.744943175,-4.100127264000548,2.768274537000252,49.990336655969664
2026-08-16T20:15:00Z,G02,28474,GPS BIIR-13 (PRN 02),-9.374261068998749,-22.15784418700059,-52.84668257199883,58.06564120433654
2026-08-16T20:15:00Z,G17,28874,GPS BIIRM-1 (PRN 17),-41.08571271300025,-3.234338268999636,-26.359394022001652,48.92151251117081
2026-08-16T20:15:00Z,G31,29486,GPS BIIRM-2 (PRN 31),12.244465669999045,10.474937890998262,54.271387030999904,56.6130260066766
2026-08-16T20:15:00Z,G12,29601,GPS BIIRM-3 (PRN 12),-25.35514900000271,44.210712133,20.32719754199934,54.869532602627444
2026-08-16T20:15:00Z,G15,32260,GPS BIIRM-4 (PRN 15),-22.990674368997134,9.89667987599978,-48.04461982199973,54.173802472687576
2026-08-16T20:15:00Z,G29,32384,GPS BIIRM-5 (PRN 29),20.770974677001504,7.6110597590004545,54.89970692099996,59.189014518738226
2026-08-16T20:15:00Z,G07,32711,GPS BIIRM-6 (PRN 07),-27.943923523000194,-46.04771425600029,2.6338567120001244,53.92765571801619
2026-08-16T20:15:00Z,G05,35752,GPS BIIRM-8 (PRN 05),-21.919778994999433,43.049647451000055,11.752479808001226,49.717900584019944
2026-08-16T20:15:00Z,G25,36585,GPS BIIF-1  (PRN 25),-10.915517167999496,34.55293135000102,43.88221478499872,56.909598086434734
2026-08-16T20:15:00Z,G24,38833,GPS BIIF-3  (PRN 24),6.06901749300232,65.9821389280005,-88.66724920699926,110.6903641369945
2026-08-16T20:15:00Z,G27,39166,GPS BIIF-4  (PRN 27),43.86585281299995,-4.58096405499964,-27.757672078001633,52.1122503244184
2026-08-16T20:15:00Z,G30,39533,GPS BIIF-5  (PRN 30),-28.31349090699996,-35.91699335800149,-31.63643546000094,55.61068447550612
2026-08-16T20:15:00Z,G06,39741,GPS BIIF-6  (PRN 06),-17.71605330300008,-25.323280290002003,45.04794466699968,54.630068533746226
2026-08-16T20:15:00Z,G09,40105,GPS BIIF-7  (PRN 09),-24.61180304699883,-5.150050860000192,54.118647342998884,59.67488469465801
2026-08-16T20:15:00Z,G03,40294,GPS BIIF-8  (PRN 03),23.50522414900115,-46.05355267599998,23.400783651999518,56.7540478900279
2026-08-16T20:15:00Z,G26,40534,GPS BIIF-9  (PRN 26),15.227218941999922,-21.621860990999267,46.35610912800075,53.369110194088975
2026-08-16T20:15:00Z,G08,40730,GPS BIIF-10 (PRN 08),25.04261038199911,-6.55371258499963,-47.38243643200076,53.99239544254344
2026-08-16T20:15:00Z,G10,41019,GPS BIIF-11 (PRN 10),8.485199958000521,-4.896009617001255,-59.80662213699998,60.603643289285145
2026-08-16T20:15:00Z,G32,41328,GPS BIIF-12 (PRN 32),46.93296063700018,-0.4989070379997429,-15.706791977998364,49.49398970205259
2026-08-16T20:15:00Z,G04,43873,GPS BIII-1  (PRN 04),0.7600607459971798,-4.934424056000012,58.270111086999975,58.483605217132045
2026-08-16T20:15:00Z,G18,44506,GPS BIII-2  (PRN 18),26.171031338999455,43.93307417300093,-3.8294940980013052,51.28062901997128
2026-08-16T20:15:00Z,G23,45854,GPS BIII-3  (PRN 23),-4.8518488539994,18.846500578001724,-55.56682723199992,58.87616928749358
2026-08-16T20:15:00Z,G14,46826,GPS BIII-4  (PRN 14),-5.905793842999628,-2.967136595001648,-56.68823635499999,57.0722212773408
2026-08-16T20:15:00Z,G11,48859,GPS BIII-5  (PRN 11),-6.903860345999419,-2.3141302980002365,56.939658044000225,57.40333740193914
2026-08-16T20:15:00Z,G28,55268,GPS BIII-6  (PRN 28),22.22072081500005,27.878801681999903,40.44368815300004,53.91363397304593
2026-08-16T20:15:00Z,G01,62339,GPS BIII-7  (PRN 01),-14.9396381200022,-36.47499719299958,-35.40625522499977,52.98321542190294
2026-08-16T20:15:00Z,G21,64202,GPS BIII-8  (PRN 21),-20.82282776199986,31.644522951002727,38.209096713999315,53.804284778279545
2026-08-16T20:15:00Z,G20,67588,GPS BIII-9  (PRN 20),-39.155955063000874,5.477703009999459,-36.26857996900071,53.65262286346587
2026-08-16T20:15:00Z,G13,68791,GPS BIII-10 (PRN 13),-16.151795472998856,31.64716664699995,10.092023670000344,36.93606090990781
2026-08-16T20:30:00Z,G22,26407,GPS BIIR-5  (PRN 22),-10.391387026000302,6.980719021998084,-56.172054593999746,57.55007454121586
2026-08-16T20:30:00Z,G16,27663,GPS BIIR-8  (PRN 16),22.76209771700087,-33.948985384999105,30.304716151997127,50.8824382493832
2026-08-16T20:30:00Z,G19,28190,GPS BIIR-11 (PRN 19),-49.929540094000004,-1.59633317800035,-4.762319748002483,50.181539862739896
2026-08-16T20:30:00Z,G02,28474,GPS BIIR-13 (PRN 02),-6.527499877000082,-16.987697251999634,-55.90069803300048,58.78841852904819
2026-08-16T20:30:00Z,G17,28874,GPS BIIRM-1 (PRN 17),-37.96635880299982,-1.1041103180014034,-32.409803673999704,49.930540098617435
2026-08-16T20:30:00Z,G31,29486,GPS BIIRM-2 (PRN 31),16.08877734700036,14.873374685001181,51.497215997998865,55.964535972223835
2026-08-16T20:30:00Z,G12,29601,GPS BIIRM-3 (PRN 12),-24.23165388599955,47.04777784199996,12.642221778998646,54.41040545181084
2026-08-16T20:30:00Z,G15,32260,GPS BIIRM-4 (PRN 15),-27.39883325900155,12.269201003000035,-43.851182431999405,53.14278462680592
2026-08-16T20:30:00Z,G29,32384,GPS BIIRM-5 (PRN 29),14.654403710999759,6.637415312000485,57.49218364099943,59.70056959493221
2026-08-16T20:30:00Z,G07,32711,GPS BIIRM-6 (PRN 07),-29.534914595000373,-44.00950079099948,10.59431730599681,54.04985568146407
2026-08-16T20:30:00Z,G05,35752,GPS BIIRM-8 (PRN 05),-18.814436186999956,42.61102805500013,18.918850994999957,50.27529854620172
2026-08-16T20:30:00Z,G25,36585,GPS BIIF-1  (PRN 25),-11.279334907998418,39.386548393998964,38.18130232800104,56.00299490046788
2026-08-16T20:30:00Z,G24,38833,GPS BIIF-3  (PRN 24),0.2176819140004227,57.72699230000035,-94.98554306299957,111.15172700589463
2026-08-16T20:30:00Z,G27,39166,GPS BIIF-4  (PRN 27),46.316410800000085,-7.024220502999015,-21.093022375000146,51.37572555187297
2026-08-16T20:30:00Z,G30,39533,GPS BIIF-5  (PRN 30),-31.69252171900007,-37.31323547800275,-24.672036635998666,54.821554761920375
2026-08-16T20:30:00Z,G06,39741,GPS BIIF-6  (PRN 06),-21.71328212000003,-28.29390390000117,39.95534225600022,53.55782849518202
2026-08-16T20:30:00Z,G09,40105,GPS BIIF-7  (PRN 09),-18.52005202899818,-4.679080032000456,57.26949518499987,60.37119508380953
2026-08-16T20:30:00Z,G03,40294,GPS BIIF-8  (PRN 03),22.14319029499893,-49.31079587400001,15.588260444998014,56.2571713639152
2026-08-16T20:30:00Z,G26,40534,GPS BIIF-9  (PRN 26),12.392866028999833,-17.232249757002137,49.85557019999942,54.185897058805885
2026-08-16T20:30:00Z,G08,40730,GPS BIIF-10 (PRN 08),29.700580718999845,-8.475374433999605,-43.27627013599886,53.16758433224389
2026-08-16T20:30:00Z,G10,41019,GPS BIIF-11 (PRN 10),5.198235519001173,0.8996168060002674,-60.556474717000015,60.785833818903114
2026-08-16T20:30:00Z,G32,41328,GPS BIIF-12 (PRN 32),44.71966863099988,-2.8557126129999233,-22.62515365699801,50.198619851518345
2026-08-16T20:30:00Z,G04,43873,GPS BIII-1  (PRN 04),7.058182230997772,-5.263810456999977,57.71577498299985,58.383527803837495
2026-08-16T20:30:00Z,G18,44506,GPS BIII-2  (PRN 18),28.40873873000055,42.50461608799924,3.876093906001188,51.2710730235459
2026-08-16T20:30:00Z,G23,45854,GPS BIII-3  (PRN 23),-6.367671864998556,24.74458586900073,-52.18936636000035,58.108275967085625
2026-08-16T20:30:00Z,G14,46826,GPS BIII-4  (PRN 14),-3.2103692009986844,-8.47841714400056,-56.22298257900002,56.9492212216545
2026-08-16T20:30:00Z,G11,48859,GPS BIII-5  (PRN 11),-10.395698575999631,-7.330495974001678,55.627974008999445,57.063808254039735
2026-08-16T20:30:00Z,G28,55268,GPS BIII-6  (PRN 28),26.155969878999997,30.14617394599918,34.73785546699946,52.91167325212594
2026-08-16T20:30:00Z,G01,62339,GPS BIII-7  (PRN 01),-14.595921916999941,-31.96454474499842,-41.02143479900042,54.01417564242564
2026-08-16T20:30:00Z,G21,64202,GPS BIII-8  (PRN 21),-17.18121208599996,28.53787302099954,43.46953337400009,54.764994084361156
2026-08-16T20:30:00Z,G20,67588,GPS BIII-9  (PRN 20),-42.60462888799884,7.882325807999223,-30.085872517996904,52.74888802616333
2026-08-16T20:30:00Z,G13,68791,GPS BIII-10 (PRN 13),-14.05447973900118,33.4596697500001,4.093908955001098,36.521746823569444
2026-08-16T20:45:00Z,G22,26407,GPS BIIR-5  (PRN 22),-7.178235054998368,1.7524270520007121,-57.46434301599993,57.937455737526925
2026-08-16T20:45:00Z,G16,27663,GPS BIIR-8  (PRN 16),19.334186262999992,-31.846249127000192,36.21583379900039,51.95749185313084
2026-08-16T20:45:00Z,G19,28190,GPS BIIR-11 (PRN 19),-49.13310069099953,0.85636646400053,-12.255604787002085,50.6457776692959
2026-08-16T20:45:00Z,G02,28474,GPS BIIR-13 (PRN 02),-2.917368124002678,-12.020275343998946,-58.04197042499982,59.34533163554695
2026-08-16T20:45:00Z,G17,28874,GPS BIIRM-1 (PRN 17),-34.12008729300214,0.5746755960008159,-37.935196488000656,51.02538330582087
2026-08-16T20:45:00Z,G31,29486,GPS BIIRM-2 (PRN 31),20.25137839999934,18.555569304997334,47.80925080700035,55.13757287058601
2026-08-16T20:45:00Z,G12,29601,GPS BIIRM-3 (PRN 12),-22.470706665999387,49.06401393200031,4.72780110000167,54.17159979574248
2026-08-16T20:45:00Z,G15,32260,GPS BIIRM-4 (PRN 15),-31.091007194001577,15.029479591000381,-38.949881189000735,52.05409906771059
2026-08-16T20:45:00Z,G29,32384,GPS BIIRM-5 (PRN 29),8.282104634999996,6.397945602000618,59.10419695099972,60.02360420979244
2026-08-16T20:45:00Z,G07,32711,GPS BIIRM-6 (PRN 07),-30.421724243002245,-41.19233672300015,18.32553323400134,54.388556507125514
2026-08-16T20:45:00Z,G05,35752,GPS BIIRM-8 (PRN 05),-15.590644165000413,41.21440307100056,25.76538682300088,51.04459191841413
2026-08-16T20:45:00Z,G25,36585,GPS BIIF-1  (PRN 25),-10.894099119999737,43.68687180199959,31.79734984099923,55.120736754796916
2026-08-16T20:45:00Z,G24,38833,GPS BIIF-3  (PRN 24),-6.694186133998301,49.574510554999506,-99.6575245820004,111.5081451310907
2026-08-16T20:45:00Z,G27,39166,GPS BIIF-4  (PRN 27),47.87216697400072,-9.63881708900044,-14.068207815002097,50.818949583673
2026-08-16T20:45:00Z,G30,39533,GPS BIIF-5  (PRN 30),-34.773948762000146,-37.784929368999656,-17.279428939000354,54.18031989920756
2026-08-16T20:45:00Z,G06,39741,GPS BIIF-6  (PRN 06),-25.760240376000013,-30.354938479998964,34.18515382999976,52.47510854428574
2026-08-16T20:45:00Z,G09,40105,GPS BIIF-7  (PRN 09),-12.165193787001044,-4.97188025000014,59.44695183299973,60.882276693062494
2026-08-16T20:45:00Z,G03,40294,GPS BIIF-8  (PRN 03),20.123161043000437,-51.69135463299972,7.493746552998346,55.974047482361385
2026-08-16T20:45:00Z,G26,40534,GPS BIIF-9  (PRN 26),10.009011786999963,-12.250481925999338,52.49248266900031,54.824404795007474
2026-08-16T20:45:00Z,G08,40730,GPS BIIF-10 (PRN 08),33.72047134100285,-10.859475438000118,-38.442433805999826,52.276372398786435
2026-08-16T20:45:00Z,G10,41019,GPS BIIF-11 (PRN 10),2.6221277869990445,7.088848991003033,-60.24263134700004,60.714923748277485
2026-08-16T20:45:00Z,G32,41328,GPS BIIF-12 (PRN 32),41.65469258700068,-4.822680124001636,-29.171605603001808,51.08183856864449
2026-08-16T20:45:00Z,G04,43873,GPS BIII-1  (PRN 04),13.180073373998312,-6.342896046000078,56.17816941699948,58.051127322726806
2026-08-16T20:45:00Z,G18,44506,GPS BIII-2  (PRN 18),30.04416060999938,40.26621547200011,11.502793150000798,51.539634704261196
2026-08-16T20:45:00Z,G23,45854,GPS BIII-3  (PRN 23),-7.03047947900086,30.453819317001035,-47.9008778339994,57.19577650460682
2026-08-16T20:45:00Z,G14,46826,GPS BIII-4  (PRN 14),-1.2076304860001983,-14.190204490001634,-54.77117168699988,56.59241577124621
2026-08-16T20:45:00Z,G11,48859,GPS BIII-5  (PRN 11),-14.374104780999915,-11.759113843996602,53.36509085099988,56.50419956239278
2026-08-16T20:45:00Z,G28,55268,GPS BIII-6  (PRN 28),29.99297645699994,31.513993020998896,28.435227314999793,51.97376785777062
2026-08-16T20:45:00Z,G01,62339,GPS BIII-7  (PRN 01),-13.447923495001305,-27.138065601000562,-45.93418541199935,55.02063831286904
2026-08-16T20:45:00Z,G21,64202,GPS BIII-8  (PRN 21),-13.77899549,24.599860155998613,47.97764750699935,55.649514793158886
2026-08-16T20:45:00Z,G20,67588,GPS BIII-9  (PRN 20),-45.16692568200051,10.57674838999992,-23.37854584500019,51.94684964360687
2026-08-16T20:45:00Z,G13,68791,GPS BIII-10 (PRN 13),-11.582198371001141,34.534486231999836,-1.9725837529986165,36.47833802513489
2026-08-16T21:00:00Z,G22,26407,GPS BIIR-5  (PRN 22),-4.576836133999677,-3.9135799760006194,-57.79390635100003,58.106790898604956
2026-08-16T21:00:00Z,G16,27663,GPS BIIR-8  (PRN 16),15.997294980000333,-28.858787729997857,41.53638313200099,53.047282678857314
2026-08-16T21:00:00Z,G19,28190,GPS BIIR-11 (PRN 19),-47.3743380169999,3.097966784000164,-19.58003673300118,51.35467981800107
2026-08-16T21:00:00Z,G02,28474,GPS BIIR-13 (PRN 02),1.3817955289996462,-7.405928251002479,-59.231282287999875,59.70847455448588
2026-08-16T21:00:00Z,G17,28874,GPS BIIRM-1 (PRN 17),-29.65519685599793,1.6898256200001924,-42.84574216300098,52.134861970588915
2026-08-16T21:00:00Z,G31,29486,GPS BIIRM-2 (PRN 31),24.574752172000444,21.43617576899851,43.27250735100097,54.184296326122684
2026-08-16T21:00:00Z,G12,29601,GPS BIIRM-3 (PRN 12),-20.207697663001454,50.15642207499968,-3.2736102169983496,54.17318750136109
2026-08-16T21:00:00Z,G15,32260,GPS BIIRM-4 (PRN 15),-33.98893449800016,18.045462345000487,-33.42529906699929,50.97192361754183
2026-08-16T21:00:00Z,G29,32384,GPS BIIRM-5 (PRN 29),1.831185249997361,6.917976441000064,59.70950371000001,60.136814604304945
2026-08-16T21:00:00Z,G07,32711,GPS BIIRM-6 (PRN 07),-30.509811797997827,-37.73957912100002,25.68338144199879,54.9068350068976
2026-08-16T21:00:00Z,G05,35752,GPS BIIRM-8 (PRN 05),-12.415034498999376,38.87025215199901,32.177218142998754,51.96540148400142
2026-08-16T21:00:00Z,G25,36585,GPS BIIF-1  (PRN 25),-9.842261437999696,47.29910078800003,24.846167726002022,54.32685428253642
2026-08-16T21:00:00Z,G24,38833,GPS BIIF-3  (PRN 24),-14.545436926000548,41.77035026500016,-102.6169646809999,111.74333687952333
2026-08-16T21:00:00Z,G27,39166,GPS BIIF-4  (PRN 27),48.49998991800021,-12.270700147000753,-6.795938833998662,50.487660757646296
2026-08-16T21:00:00Z,G30,39533,GPS BIIF-5  (PRN 30),-37.39987377399848,-37.37423160700018,-9.592159309002454,53.73633097573738
2026-08-16T21:00:00Z,G06,39741,GPS BIIF-6  (PRN 06),-29.685242113000186,-31.486336852998647,27.839040957998805,51.45498235534704
2026-08-16T21:00:00Z,G09,40105,GPS BIIF-7  (PRN 09),-5.729128117000073,-6.047250964999876,60.61105767899994,61.18081779595424
2026-08-16T21:00:00Z,G03,40294,GPS BIIF-8  (PRN 03),17.59197322,-53.08583836700018,-0.7378364699980011,55.92967154880247
2026-08-16T21:00:00Z,G26,40534,GPS BIIF-9  (PRN 26),8.175620642000013,-6.809474910001882,54.214832764999755,55.24905259973906
2026-08-16T21:00:00Z,G08,40730,GPS BIIF-10 (PRN 08),37.00037344899829,-13.584701476000191,-32.95781655099927,51.37888108324957
2026-08-16T21:00:00Z,G10,41019,GPS BIIF-11 (PRN 10),0.8326101839993498,13.48609111100086,-58.86570422599925,60.39651502525243
2026-08-16T21:00:00Z,G32,41328,GPS BIIF-12 (PRN 32),37.83262002800075,-6.267641652000748,-35.2349710769995,52.07776547489311
2026-08-16T21:00:00Z,G04,43873,GPS BIII-1  (PRN 04),18.95282184199823,-8.123307393999994,53.6826661289997,57.50674935613725
2026-08-16T21:00:00Z,G18,44506,GPS BIII-2  (PRN 18),30.959003547000975,37.33621655600018,18.919913124998857,52.06165652375331
2026-08-16T21:00:00Z,G23,45854,GPS BIII-3  (PRN 23),-6.867445784000665,35.78720011800033,-42.77905905499938,56.19549267969021
2026-08-16T21:00:00Z,G14,46826,GPS BIII-4  (PRN 14),0.05969697399996221,-19.930826993000665,-52.357884003000436,56.0231152795458
2026-08-16T21:00:00Z,G11,48859,GPS BIII-5  (PRN 11),-18.704370489000212,-15.489036115999625,50.19050683000023,55.75706852987182
2026-08-16T21:00:00Z,G28,55268,GPS BIII-6  (PRN 28),33.564535823999904,31.989532199000678,21.643341262999456,51.16974160984331
2026-08-16T21:00:00Z,G01,62339,GPS BIII-7  (PRN 01),-11.479550050000398,-22.16392979199918,-50.060364932000084,55.938001307699196
2026-08-16T21:00:00Z,G21,64202,GPS BIII-8  (PRN 21),-10.763710692000132,19.923110789997736,51.65582483199978,56.4013479491922
2026-08-16T21:00:00Z,G20,67588,GPS BIII-9  (PRN 20),-46.78032374400027,13.405751680998947,-16.263438677000522,51.30898854320399
2026-08-16T21:00:00Z,G13,68791,GPS BIII-10 (PRN 13),-8.867498554998747,34.816616262000025,-8.002226302000054,36.80848984061545
2026-08-16T21:15:00Z,G22,26407,GPS BIIR-5  (PRN 22),-2.6656492260008235,-9.86424036599783,-57.14799453600017,58.05430391694456
2026-08-16T21:15:00Z,G16,27663,GPS BIIR-8  (PRN 16),12.904201435999994,-25.041913689998182,46.16826656000012,54.08442190791548
2026-08-16T21:15:00Z,G19,28190,GPS BIIR-11 (PRN 19),-44.70593538199864,4.975813203998769,-26.604451556999265,52.26065650247084
2026-08-16T21:15:00Z,G02,28474,GPS BIIR-13 (PRN 02),6.267807403000916,-3.2799413680004363,-59.44275430799996,59.86221232747652
2026-08-16T21:15:00Z,G17,28874,GPS BIIRM-1 (PRN 17),-24.700434572998347,2.1515071730009367,-47.059904485000516,53.1918702561568
2026-08-16T21:15:00Z,G31,29486,GPS BIIRM-2 (PRN 31),28.890529751999566,23.462259003001236,37.96843879500011,53.16712002172728
2026-08-16T21:15:00Z,G12,29601,GPS BIIRM-3 (PRN 12),-17.596563425000568,50.25466779300041,-11.21747141999731,54.41509298359561
2026-08-16T21:15:00Z,G15,32260,GPS BIIRM-4 (PRN 15),-36.042360814997664,21.173717814000156,-27.369558180998865,49.96469567813326
2026-08-16T21:15:00Z,G29,32384,GPS BIIRM-5 (PRN 29),-4.519258694999735,8.189918746999865,59.29828625900018,60.031535225155785
2026-08-16T21:15:00Z,G07,32711,GPS BIIRM-6 (PRN 07),-29.736759651001194,-33.81475850100003,32.534183355001005,55.55345042028614
2026-08-16T21:15:00Z,G05,35752,GPS BIIRM-8 (PRN 05),-9.45017695200022,35.622510668999894,38.046128119996865,52.96958538359861
2026-08-16T21:15:00Z,G25,36585,GPS BIIF-1  (PRN 25),-8.234259111999563,50.091606985,17.454977665001934,53.6809869390361
2026-08-16T21:15:00Z,G24,38833,GPS BIIF-3  (PRN 24),-23.175613630999578,34.53443822599911,-103.82849886999998,111.8485300232252
2026-08-16T21:15:00Z,G27,39166,GPS BIIF-4  (PRN 27),48.19754576899959,-14.762943309999173,0.6063094810015173,50.41146223346246
2026-08-16T21:15:00Z,G30,39533,GPS BIIF-5  (PRN 30),-39.42697445200065,-36.15561990400056,-1.748669886001153,53.523574352349456
2026-08-16T21:15:00Z,G06,39741,GPS BIIF-6  (PRN 06),-33.31824349499993,-31.70292726900152,21.02767209299782,50.5701882601434
2026-08-16T21:15:00Z,G09,40105,GPS BIIF-7  (PRN 09),0.6041933309970773,-7.889979389000473,60.73884875099998,61.252139325389486
2026-08-16T21:15:00Z,G03,40294,GPS BIIF-8  (PRN 03),14.715594938999857,-53.41963819800003,-8.958717231002083,56.12900403569438
2026-08-16T21:15:00Z,G26,40534,GPS BIIF-9  (PRN 26),6.9673942459999125,-1.0608853619996808,54.987170251000066,55.436981813072805
2026-08-16T21:15:00Z,G08,40730,GPS BIIF-10 (PRN 08),39.463468042002205,-16.513609104998977,-26.91002592499717,50.53923318431785
2026-08-16T21:15:00Z,G10,41019,GPS BIIF-11 (PRN 10),-0.12969144099952246,19.894575569000153,-56.44668151099995,59.85013626170612
2026-08-16T21:15:00Z,G32,41328,GPS BIIF-12 (PRN 32),33.37381207699946,-7.0789205099990795,-40.71087394800088,53.115889390537156
2026-08-16T21:15:00Z,G04,43873,GPS BIII-1  (PRN 04),24.216070701997523,-10.526003375000073,50.270726757999,56.783455302333024
2026-08-16T21:15:00Z,G18,44506,GPS BIII-2  (PRN 18),31.061367715003144,33.855529700000034,26.001202946001285,52.79268898468205
2026-08-16T21:15:00Z,G23,45854,GPS BIII-3  (PRN 23),-5.9406671289998485,40.56944901499992,-36.91645579499891,55.17242452332837
2026-08-16T21:15:00Z,G14,46826,GPS BIII-4  (PRN 14),0.5813161719997879,-25.524957126999652,-49.02580324000155,55.27558908012058
2026-08-16T21:15:00Z,G11,48859,GPS BIII-5  (PRN 11),-23.23481472200001,-18.437228295999375,46.15883496099923,54.86734955655534
2026-08-16T21:15:00Z,G28,55268,GPS BIII-6  (PRN 28),36.70987514799981,31.61293411599945,14.47791111100014,50.56285639619539
2026-08-16T21:15:00Z,G01,62339,GPS BIII-7  (PRN 01),-8.707512209002743,-17.21260512000117,-53.32918222999979,56.71063587377193
2026-08-16T21:15:00Z,G21,64202,GPS BIII-8  (PRN 21),-8.264134673999934,14.627885090998461,54.440983997999865,56.97448273407966
2026-08-16T21:15:00Z,G20,67588,GPS BIII-9  (PRN 20),-47.415950597998744,16.20652049199998,-8.864718455999537,50.887197907465996
2026-08-16T21:15:00Z,G13,68791,GPS BIII-10 (PRN 13),-6.051475255999321,34.27977358700082,-13.890199024997855,37.478805462608626
2026-08-16T21:30:00Z,G22,26407,GPS BIIR-5  (PRN 22),-1.4936696410004515,-15.932744591998926,-55.529214832000434,57.789074218997264
2026-08-16T21:30:00Z,G16,27663,GPS BIIR-8  (PRN 16),10.195939285999998,-20.48242283500076,50.023652408001,55.0077505752786
2026-08-16T21:30:00Z,G19,28190,GPS BIIR-11 (PRN 19),-41.21278155300024,6.351225647998945,-33.20062164299816,53.302089152758676
2026-08-16T21:30:00Z,G02,28474,GPS BIIR-13 (PRN 02),11.613427009000588,0.24268955300067319,-58.664597185000275,59.803557987722286
2026-08-16T21:30:00Z,G17,28874,GPS BIIRM-1 (PRN 17),-19.40049243500107,1.896144047999769,-50.50562188500044,54.136792581034335
2026-08-16T21:30:00Z,G31,29486,GPS BIIRM-2 (PRN 31),33.02597966999974,24.61535654399995,31.993286017001083,52.1555506261521
2026-08-16T21:30:00Z,G12,29601,GPS BIIRM-3 (PRN 12),-14.803149670000494,49.32389775499905,-18.960182548999,54.876849874873486
2026-08-16T21:30:00Z,G15,32260,GPS BIIRM-4 (PRN 15),-37.23012627299977,24.264365955000358,-20.880955145999906,49.10046889094796
2026-08-16T21:30:00Z,G29,32384,GPS BIIRM-5 (PRN 29),-10.594647303001693,10.17306194899993,57.87730368800021,59.71197554164653
2026-08-16T21:30:00Z,G07,32711,GPS BIIRM-6 (PRN 07),-28.07456914800059,-29.593903399999817,38.75747504799983,56.26830745091518
2026-08-16T21:30:00Z,G05,35752,GPS BIIRM-8 (PRN 05),-6.847998474999258,31.547056608000275,43.27232371299942,53.987089783248905
2026-08-16T21:30:00Z,G25,36585,GPS BIIF-1  (PRN 25),-6.203760864000287,51.96114992099979,9.759721711998282,53.23250809294982
2026-08-16T21:30:00Z,G24,38833,GPS BIIF-3  (PRN 24),-32.39092332799919,28.053051683999,-103.28688955200005,111.82274892056847
2026-08-16T21:30:00Z,G27,39166,GPS BIIF-4  (PRN 27),46.9932821729999,-16.96151036899937,8.017844439000328,50.59987384210431
2026-08-16T21:30:00Z,G30,39533,GPS BIIF-5  (PRN 30),-40.73217784799999,-34.23234183299974,6.110442807999789,53.556522020406454
2026-08-16T21:30:00Z,G06,39741,GPS BIIF-6  (PRN 06),-36.49710210000012,-31.05333721900024,13.868747032996907,49.88677538586794
2026-08-16T21:30:00Z,G09,40105,GPS BIIF-7  (PRN 09),6.655691205996845,-10.450703503999648,59.82496674699996,61.094533924384315
2026-08-16T21:30:00Z,G03,40294,GPS BIIF-8  (PRN 03),11.672060147000593,-52.655837074999,-17.02124880199699,56.55614093026082
2026-08-16T21:30:00Z,G26,40534,GPS BIIF-9  (PRN 26),6.430024998000135,4.830590161000146,54.79155570900002,55.37864570202951
2026-08-16T21:30:00Z,G08,40730,GPS BIIF-10 (PRN 08),41.06068468800004,-19.4973592690003,-20.396321142998204,49.8210473763865
2026-08-16T21:30:00Z,G10,41019,GPS BIIF-11 (PRN 10),-0.261445387999629,26.11393550599678,-53.02672084999904,59.108705834301496
2026-08-16T21:30:00Z,G32,41328,GPS BIIF-12 (PRN 32),28.4199437319985,-7.170192669998869,-45.503513585999826,54.12646869440253
2026-08-16T21:30:00Z,G04,43873,GPS BIII-1  (PRN 04),28.827855003000877,-13.44384126399973,45.99930045200017,55.92600230732613
2026-08-16T21:30:00Z,G18,44506,GPS BIII-2  (PRN 18),30.289330452997092,29.981736307999995,32.62691644500228,53.673678167631316
2026-08-16T21:30:00Z,G23,45854,GPS BIII-3  (PRN 23),-4.344559990999187,44.643530530000135,-30.41859566600033,54.19604212477198
2026-08-16T21:30:00Z,G14,46826,GPS BIII-4  (PRN 14),0.37996173600004113,-30.80015605600056,-44.83439605500098,54.39592864922429
2026-08-16T21:30:00Z,G11,48859,GPS BIII-5  (PRN 11),-27.802096615000664,-20.551597530000436,41.33881354799996,53.89083635258648
2026-08-16T21:30:00Z,G28,55268,GPS BIII-6  (PRN 28),39.28058974400028,30.455371965999802,7.06097807200058,50.203105716251656
2026-08-16T21:30:00Z,G01,62339,GPS BIII-7  (PRN 01),-5.181136421997508,-12.449840362000032,-55.68446722700082,57.29400134409852
2026-08-16T21:30:00Z,G21,64202,GPS BIII-8  (PRN 21),-6.384818620000033,8.857616699002392,56.28562501200031,57.334935819169274
2026-08-16T21:30:00Z,G20,67588,GPS BIII-9  (PRN 20),-47.079370336000466,18.815056507999543,-1.311619279000297,50.71680005448433
2026-08-16T21:30:00Z,G13,68791,GPS BIII-10 (PRN 13),-3.277997442000924,32.927306077999674,-19.534033686999464,38.42565841815686
2026-08-16T21:45:00Z,G22,26407,GPS BIIR-5  (PRN 22),-1.0785221670012106,-21.944365089999337,-52.955983984998966,57.33284058100873
2026-08-16T21:45:00Z,G16,27663,GPS BIIR-8  (PRN 16),7.996084752999991,-15.295965643003,53.0269957419996,55.76527785056872
2026-08-16T21:45:00Z,G19,28190,GPS BIIR-11 (PRN 19),-37.009249456999896,7.1055944050003745,-39.24593355599973,54.40971712755696
2026-08-16T21:45:00Z,G02,28474,GPS BIIR-13 (PRN 02),17.27048238200223,3.071367183998518,-56.899772757999926,59.54231266921048
2026-08-16T21:45:00Z,G17,28874,GPS BIIRM-1 (PRN 17),-13.91123637399869,0.8890125069992791,-53.121483300000364,54.919985694490876
2026-08-16T21:45:00Z,G31,29486,GPS BIIRM-2 (PRN 31),36.81130861999986,24.91188398899976,25.456086852002045,51.22193635557846
2026-08-16T21:45:00Z,G12,29601,GPS BIIRM-3 (PRN 12),-11.998168561000057,47.366429720999804,-26.362115157000517,55.520229006043735
2026-08-16T21:45:00Z,G15,32260,GPS BIIRM-4 (PRN 15),-37.56042292799975,27.166682824999953,-14.062673802000063,48.44143702147797
2026-08-16T21:45:00Z,G29,32384,GPS BIIRM-5 (PRN 29),-16.231147777001752,12.795280023000032,55.4698314770003,59.195198733619144
2026-08-16T21:45:00Z,G07,32711,GPS BIIRM-6 (PRN 07),-25.530423848998907,-25.257987730999957,44.24822608999966,56.98836721858772
2026-08-16T21:45:00Z,G05,35752,GPS BIIRM-8 (PRN 05),-4.743969207000191,26.749235839000903,47.766108040999825,54.95114138206708
2026-08-16T21:45:00Z,G25,36585,GPS BIIF-1  (PRN 25),-3.901655269000912,52.83733337900003,1.9021248429999105,53.01532600446847
2026-08-16T21:45:00Z,G24,38833,GPS BIIF-3  (PRN 24),-41.97167302000162,22.473006734999217,-101.01576255100008,111.67292264273055
2026-08-16T21:45:00Z,G27,39166,GPS BIIF-4  (PRN 27),44.945704691,-18.721256035001716,15.316408659000444,51.04110276931888
2026-08-16T21:45:00Z,G30,39533,GPS BIIF-5  (PRN 30),-41.21787114400104,-31.731905796999854,13.845179421001376,53.82857735769046
2026-08-16T21:45:00Z,G06,39741,GPS BIIF-6  (PRN 06),-39.07399811800042,-29.61766997599989,6.484997581999778,49.457445317882005
2026-08-16T21:45:00Z,G09,40105,GPS BIIF-7  (PRN 09),12.25774758100306,-13.647769774999688,57.88197452900022,60.719329467368226
2026-08-16T21:45:00Z,G03,40294,GPS BIIF-8  (PRN 03),8.643979510999998,-50.79693033200056,-24.78090906899888,57.17639344368178
2026-08-16T21:45:00Z,G26,40534,GPS BIIF-9  (PRN 26),6.578333659999771,10.693565500998375,53.62812459900033,55.07814961372915
2026-08-16T21:45:00Z,G08,40730,GPS BIIF-10 (PRN 08),41.772607366001466,-22.381460058999437,-13.52237470700129,49.282198593845784
2026-08-16T21:45:00Z,G10,41019,GPS BIIF-11 (PRN 10),0.4034380199991574,31.948312360000273,-48.66646113099887,58.21753914331274
2026-08-16T21:45:00Z,G32,41328,GPS BIIF-12 (PRN 32),23.12908487900131,-6.484158600000228,-49.527404634998675,55.04509687491605
2026-08-16T21:45:00Z,G04,43873,GPS BIII-1  (PRN 04),32.66980440599946,-16.74589508100007,40.939954287001456,54.9892805827817
2026-08-16T21:45:00Z,G18,44506,GPS BIII-2  (PRN 18),28.61345846200129,25.88301940999986,38.68575477500053,54.637426014103
2026-08-16T21:45:00Z,G23,45854,GPS BIII-3  (PRN 23),-2.2015261680007825,47.8768241329999,-23.401892197998677,53.33559379042616
2026-08-16T21:45:00Z,G14,46826,GPS BIII-4  (PRN 14),-0.4899478920015099,-35.5936431309965,-39.8587597730002,53.440323828690914
2026-08-16T21:45:00Z,G11,48859,GPS BIII-5  (PRN 11),-32.2375646140008,-21.812545876000513,35.81212509499892,52.89192786857325
2026-08-16T21:45:00Z,G28,55268,GPS BIII-6  (PRN 28),41.14663935799945,28.616081316000418,-0.4810330310028803,50.12142688629418
2026-08-16T21:45:00Z,G01,62339,GPS BIII-7  (PRN 01),-0.9805833359969256,-8.03054382099981,-57.08567588999995,57.656097418728876
2026-08-16T21:45:00Z,G21,64202,GPS BIII-8  (PRN 21),-5.20221071800006,2.7735666320004384,57.1585820329999,57.461806169313896
2026-08-16T21:45:00Z,G20,67588,GPS BIII-9  (PRN 20),-45.81031512199979,21.072981948000233,6.263901349000662,50.81232133909726
2026-08-16T21:45:00Z,G13,68791,GPS BIII-10 (PRN 13),-0.6879700410008809,30.792283822000172,-24.835531770997477,39.565662942760774
2026-08-16T22:00:00Z,G22,26407,GPS BIIR-5  (PRN 22),-1.4056482980013243,-27.72272863899707,-49.462823341998956,56.71945365825502
2026-08-16T22:00:00Z,G16,27663,GPS BIIR-8  (PRN 16),6.4056578020000075,-9.623140793002676,55.11691707999944,56.31617741823223
2026-08-16T22:00:00Z,G19,28190,GPS BIIR-11 (PRN 19),-32.235195123001176,7.145669583002018,-44.626098048998756,55.512674458057326
2026-08-16T22:00:00Z,G02,28474,GPS BIIR-13 (PRN 02),23.074841048000962,5.143251017998409,-54.166542114999174,59.10089343758376
2026-08-16T22:00:00Z,G17,28874,GPS BIIRM-1 (PRN 17),-8.394488068999635,-0.8741792870005156,-54.85789328100009,55.50333390523485
2026-08-16T22:00:00Z,G31,29486,GPS BIIRM-2 (PRN 31),40.08680540099999,24.402126892000524,18.47639357499793,50.4360276355024
2026-08-16T22:00:00Z,G12,29601,GPS BIIRM-3 (PRN 12),-9.350109515999065,44.42181062099917,-33.29054089299825,56.29371119190384
2026-08-16T22:00:00Z,G15,32260,GPS BIIRM-4 (PRN 15),-37.07016404100068,29.734551820998604,-7.021543483002461,48.03792987740048
2026-08-16T22:00:00Z,G29,32384,GPS BIIRM-5 (PRN 29),-21.281541905998893,15.955917252999825,52.11535784899934,58.51073273349618
2026-08-16T22:00:00Z,G07,32711,GPS BIIRM-6 (PRN 07),-22.145793314000912,-20.985533230999863,48.91846352899847,57.652795600333214
2026-08-16T22:00:00Z,G05,35752,GPS BIIRM-8 (PRN 05),-3.2519635379994725,21.360229427999002,51.44942670599994,55.80213415672641
2026-08-16T22:00:00Z,G25,36585,GPS BIIF-1  (PRN 25),-1.489442861000498,52.685600946999784,-5.973434190997068,53.04406567389855
2026-08-16T22:00:00Z,G24,38833,GPS BIIF-3  (PRN 24),-51.68048258899944,17.897475391000626,-97.0659474160002,111.41359905222102
2026-08-16T22:00:00Z,G27,39166,GPS BIIF-4  (PRN 27),42.14161018100003,-19.91159200399852,22.379928172998916,51.70346206792785
2026-08-16T22:00:00Z,G30,39533,GPS BIIF-5  (PRN 30),-40.81596915299997,-28.800742004000313,21.318825566999294,54.31315127513571
2026-08-16T22:00:00Z,G06,39741,GPS BIIF-6  (PRN 06),-40.92120096899998,-27.504104120998818,-0.9978387670016673,49.315475405281866
2026-08-16T22:00:00Z,G09,40105,GPS BIIF-7  (PRN 09),17.260412043000542,-17.370372548999512,54.940369374999136,60.15060975124473
2026-08-16T22:00:00Z,G03,40294,GPS BIIF-8  (PRN 03),5.810998454000583,-47.88487580800029,-32.09923615599837,57.94040037813478
2026-08-16T22:00:00Z,G26,40534,GPS BIIF-9  (PRN 26),7.3957070500000555,16.35665800499919,51.515246443999786,54.55325251575709
2026-08-16T22:00:00Z,G08,40730,GPS BIIF-10 (PRN 08),41.61037853600101,-25.01170970899875,-6.4008575700026995,48.969176040729714
2026-08-16T22:00:00Z,G10,41019,GPS BIIF-11 (PRN 10),1.7954349230003572,37.21430856199731,-43.44484774400007,57.232710435638324
2026-08-16T22:00:00Z,G32,41328,GPS BIIF-12 (PRN 32),17.670103827000275,-4.995090394997533,-52.70904592199986,55.81601042101322
2026-08-16T22:00:00Z,G04,43873,GPS BIII-1  (PRN 04),35.65148237700123,-20.282650969000315,35.177767343000596,54.0360013439762
2026-08-16T22:00:00Z,G18,44506,GPS BIII-2  (PRN 18),26.037992222998582,21.7318319420001,44.07662603599965,55.614732951598654
2026-08-16T22:00:00Z,G23,45854,GPS BIII-3  (PRN 23),0.343396299998858,50.16628169900014,-15.991382164000242,52.65451589405598
2026-08-16T22:00:00Z,G14,46826,GPS BIII-4  (PRN 14),-1.944898189000014,-39.758696572998815,-34.18816478699955,52.47253751870972
2026-08-16T22:00:00Z,G11,48859,GPS BIII-5  (PRN 11),-36.37374853199981,-22.233364505998907,29.672051211997314,51.940376420018
2026-08-16T22:00:00Z,G28,55268,GPS BIII-6  (PRN 28),42.201587124998696,26.218447892000768,-8.019346470999153,50.32584707241739
2026-08-16T22:00:00Z,G01,62339,GPS BIII-7  (PRN 01),3.7861728749994654,-4.093118848999438,-57.50860659599999,57.77827065225222
2026-08-16T22:00:00Z,G21,64202,GPS BIII-8  (PRN 21),-4.761939590000111,-3.4512203089980176,57.045462685000075,57.34781428464198
2026-08-16T22:00:00Z,G20,67588,GPS BIII-9  (PRN 20),-43.68113031200005,22.834019609999814,13.729568918999576,51.16575670881205
2026-08-16T22:00:00Z,G13,68791,GPS BIII-10 (PRN 13),1.586169535999943,27.936371067000437,-29.702616997001314,40.80688935290982
2026-08-16T22:15:00Z,G22,26407,GPS BIIR-5  (PRN 22),-2.4280969589999586,-33.09603547900042,-45.1004298379994,55.99367813282019
2026-08-16T22:15:00Z,G16,27663,GPS BIIR-8  (PRN 16),5.498175929000013,-3.6244909109991568,56.24785910500009,56.632045052303134
2026-08-16T22:15:00Z,G19,28190,GPS BIIR-11 (PRN 19),-27.05038874699858,6.40824163799698,-49.237825074000284,56.54336840224993
2026-08-16T22:15:00Z,G02,28474,GPS BIIR-13 (PRN 02),28.851624079998146,6.426248946001579,-50.49885969099887,58.5136541130419
2026-08-16T22:15:00Z,G17,28874,GPS BIIRM-1 (PRN 17),-3.0121312759983994,-3.3661622359995818,-55.678191758000025,55.86112262086701
2026-08-16T22:15:00Z,G31,29486,GPS BIIRM-2 (PRN 31),42.70910206899998,23.167832561999603,11.181775618999382,49.8582788627401
2026-08-16T22:15:00Z,G12,29601,GPS BIIRM-3 (PRN 12),-7.017911589000505,40.565005540996935,-39.62236177900013,57.137573544543436
2026-08-16T22:15:00Z,G15,32260,GPS BIIRM-4 (PRN 15),-35.82323720200111,31.831341393999537,0.13313490400105366,47.92239918320918
2026-08-16T22:15:00Z,G29,32384,GPS BIIRM-5 (PRN 29),-25.620582348001335,19.52908919200013,47.86905147300058,57.69961571314486
2026-08-16T22:15:00Z,G07,32711,GPS BIIRM-6 (PRN 07),-17.99421671699747,-16.945055025999864,52.6982802120001,58.20683346820127
2026-08-16T22:15:00Z,G05,35752,GPS BIIRM-8 (PRN 05),-2.4593081680004616,15.532272690001264,54.25725904899991,56.490263329993745
2026-08-16T22:15:00Z,G25,36585,GPS BIIF-1  (PRN 25),0.8678253359994414,51.508281020999675,-13.72309271999984,53.31209439098966
2026-08-16T22:15:00Z,G24,38833,GPS BIIF-3  (PRN 24),-61.27040479399875,14.383053727000515,-91.51356892200056,111.0660525767257
2026-08-16T22:15:00Z,G27,39166,GPS BIIF-4  (PRN 27),38.69285074199979,-20.421749160999752,29.088367211999866,52.53872518816589
2026-08-16T22:15:00Z,G30,39533,GPS BIIF-5  (PRN 30),-39.49051725199752,-25.597812512999553,28.400532752999425,54.966710097432454
2026-08-16T22:15:00Z,G06,39741,GPS BIIF-6  (PRN 06),-41.93572323499939,-24.84433483799876,-8.453021638000791,49.470187301015706
2026-08-16T22:15:00Z,G09,40105,GPS BIIF-7  (PRN 09),21.53716109600282,-21.482219530999828,51.04826302800029,59.424407630443824
2026-08-16T22:15:00Z,G03,40294,GPS BIIF-8  (PRN 03),3.342118170001413,-43.99920375200054,-38.84660391599755,58.789100354391444
2026-08-16T22:15:00Z,G26,40534,GPS BIIF-9  (PRN 26),8.834215999000662,21.65513566500158,48.48929382899951,53.83493186604468
2026-08-16T22:15:00Z,G08,40730,GPS BIIF-10 (PRN 08),40.61525025499941,-27.23988567500055,0.8501481150015024,48.91147796459202
2026-08-16T22:15:00Z,G10,41019,GPS BIIF-11 (PRN 10),3.8120792169993365,41.748182953999276,-37.45751785500033,56.218398872388235
2026-08-16T22:15:00Z,G32,41328,GPS BIIF-12 (PRN 32),12.216148305000388,-2.7106884169988916,-54.988476946000446,56.39427903559579
2026-08-16T22:15:00Z,G04,43873,GPS BIII-1  (PRN 04),37.71363103299882,-23.89138275700043,28.80999759000042,53.13315440354072
2026-08-16T22:15:00Z,G18,44506,GPS BIII-2  (PRN 18),22.600782510999124,17.697928543000216,48.71022317899951,56.53934813004628
2026-08-16T22:15:00Z,G23,45854,GPS BIII-3  (PRN 23),3.1284989359992323,51.44201482099925,-8.31832651899822,52.20405109292883
2026-08-16T22:15:00Z,G14,46826,GPS BIII-4  (PRN 14),-3.875608190001003,-43.17006016599953,-27.924326790998748,51.56008592224136
2026-08-16T22:15:00Z,G11,48859,GPS BIII-5  (PRN 11),-40.05031336500019,-21.859545661001903,23.0219949070015,51.10655130840021
2026-08-16T22:15:00Z,G28,55268,GPS BIII-6  (PRN 28),42.366677923999305,23.4049517250005,-15.424937026997213,50.80015596287401
2026-08-16T22:15:00Z,G01,62339,GPS BIII-7  (PRN 01),8.98703526600002,-0.7538720769989595,-56.94581902100026,57.6555411903602
2026-08-16T22:15:00Z,G21,64202,GPS BIII-8  (PRN 21),-5.076616874000138,-9.638317027001904,55.948794769000415,56.99944587539519
2026-08-16T22:15:00Z,G20,67588,GPS BIII-9  (PRN 20),-40.793551057,23.969890041000326,20.955175494000287,51.747355646468186
2026-08-16T22:15:00Z,G13,68791,GPS BIII-10 (PRN 13),3.4260088720002386,24.44724764199782,-34.05105309099963,42.05805119910179
2026-08-16T22:30:00Z,G22,26407,GPS BIIR-5  (PRN 22),-4.068190177000361,-37.90357809999841,-39.93549014100063,55.20937218354217
2026-08-16T22:30:00Z,G16,27663,GPS BIIR-8  (PRN 16),5.316390347000038,2.5254299270018237,56.39147541700004,56.6977980378779
2026-08-16T22:30:00Z,G19,28190,GPS BIIR-11 (PRN 19),-21.62839996200273,4.863316588998714,-52.99136105400066,57.441482219008314
2026-08-16T22:30:00Z,G02,28474,GPS BIIR-13 (PRN 02),34.42142463500022,6.920419652000419,-45.94657977499992,57.82572848726789
2026-08-16T22:30:00Z,G17,28874,GPS BIIRM-1 (PRN 17),2.0795470109987946,-6.528666105001321,-55.55971836399999,55.98062434064616
2026-08-16T22:30:00Z,G31,29486,GPS BIIRM-2 (PRN 31),44.55724061099954,21.31840891599859,3.705155843999819,49.53332645204197
2026-08-16T22:30:00Z,G12,29601,GPS BIIRM-3 (PRN 12),-5.144418313000642,35.903412948999176,-45.24654855799963,57.98939780319258
2026-08-16T22:30:00Z,G15,32260,GPS BIIRM-4 (PRN 15),-33.90812264299893,33.33487410199996,7.290736160000961,48.105399346888184
2026-08-16T22:30:00Z,G29,32384,GPS BIIRM-5 (PRN 29),-29.149466292001307,23.36863614599997,42.80099542300013,56.812936463734516
2026-08-16T22:30:00Z,G07,32711,GPS BIIRM-6 (PRN 07),-13.177765174001252,-13.288788674999523,55.53626802999952,58.60479900255493
2026-08-16T22:30:00Z,G05,35752,GPS BIIRM-8 (PRN 05),-2.4233534499999223,9.433225978002156,56.13881639200008,56.97740868265578
2026-08-16T22:30:00Z,G25,36585,GPS BIIF-1  (PRN 25),3.0087237779989664,49.34442130900061,-21.206637170002068,53.79261838907419
2026-08-16T22:30:00Z,G24,38833,GPS BIIF-3  (PRN 24),-70.49361666199911,11.939091234999069,-84.45793636899907,110.65728582120748
2026-08-16T22:30:00Z,G27,39166,GPS BIIF-4  (PRN 27),34.73254134000035,-20.16549471500184,35.325646635999874,53.487362201618524
2026-08-16T22:30:00Z,G30,39533,GPS BIIF-5  (PRN 30),-37.23923887699857,-22.288124931999846,34.967727396000555,55.73386209804236
2026-08-16T22:30:00Z,G06,39741,GPS BIIF-6  (PRN 06),-42.04342043499855,-21.788296648999676,-15.754803420997632,49.905840375382354
2026-08-16T22:30:00Z,G09,40105,GPS BIIF-7  (PRN 09),24.989585961000557,-25.826914203999877,46.27074059000006,58.58745888456066
2026-08-16T22:30:00Z,G03,40294,GPS BIIF-8  (PRN 03),1.3887685179997789,-39.25389620600254,-44.904771778001304,59.65932931053273
2026-08-16T22:30:00Z,G26,40534,GPS BIIF-9  (PRN 26),10.816779507999854,26.437399581001955,44.60400343299989,52.966554898174316
2026-08-16T22:30:00Z,G08,40730,GPS BIIF-10 (PRN 08),38.85726250300013,-28.929721601998608,8.108891550000408,49.11791692820322
2026-08-16T22:30:00Z,G10,41019,GPS BIIF-11 (PRN 10),6.322638489000383,45.412504772999455,-30.814782980000018,55.243300022036934
2026-08-16T22:30:00Z,G32,41328,GPS BIIF-12 (PRN 32),6.938277268000093,0.327782878997823,-56.320677694000096,56.74738645060978
2026-08-16T22:30:00Z,G04,43873,GPS BIII-1  (PRN 04),38.83029245199941,-27.402662661999784,21.944532069999696,52.34749297384169
2026-08-16T22:30:00Z,G18,44506,GPS BIII-2  (PRN 18),18.37194918900059,13.942076952999741,52.51038225500088,57.351985766256576
2026-08-16T22:30:00Z,G23,45854,GPS BIII-3  (PRN 23),5.982289417999709,51.669933378999986,-0.5177412880002521,52.01766871085543
2026-08-16T22:30:00Z,G14,46826,GPS BIII-4  (PRN 14),-6.151903402000244,-45.72882971599938,-21.179437311002403,50.769482442438694
2026-08-16T22:30:00Z,G11,48859,GPS BIII-5  (PRN 11),-43.120301835999996,-20.76671334400089,15.973873628998263,50.45573755535494
2026-08-16T22:30:00Z,G28,55268,GPS BIII-6  (PRN 28),41.59423654599959,20.331576997999946,-22.570673620997695,51.50620200301872
2026-08-16T22:30:00Z,G01,62339,GPS BIII-7  (PRN 01),14.47079733999999,1.8971447290005017,-55.40674734799995,57.29669087707619
2026-08-16T22:30:00Z,G21,64202,GPS BIII-8  (PRN 21),-6.125640447000023,-15.610537622000265,53.887883926999166,56.43683539908615
2026-08-16T22:30:00Z,G20,67588,GPS BIII-9  (PRN 20),-37.27472338000007,24.37565636599902,27.814924567999697,52.509500617053156
2026-08-16T22:30:00Z,G13,68791,GPS BIII-10 (PRN 13),4.731796703999862,20.435300706998532,-37.805992198998865,43.235222460214096
2026-08-16T22:45:00Z,G22,26407,GPS BIIR-5  (PRN 22),-6.220374430000447,-42.00204531599957,-34.050186488999316,54.426832249473385
2026-08-16T22:45:00Z,G16,27663,GPS BIIR-8  (PRN 16),5.8702878640000336,8.644709919000888,55.53768194699978,56.5121704169642
2026-08-16T22:45:00Z,G19,28190,GPS BIIR-11 (PRN 19),-16.14980563000063,2.515800274999492,-55.81278380599997,58.15679073922305
2026-08-16T22:45:00Z,G02,28474,GPS BIIR-13 (PRN 02),39.6068843209996,6.658291710000412,-40.57543523299864,57.09119090069651
2026-08-16T22:45:00Z,G17,28874,GPS BIIRM-1 (PRN 17),6.735484090000682,-10.274144860999513,-54.49475479100056,55.86235850984752
2026-08-16T22:45:00Z,G31,29486,GPS BIIRM-2 (PRN 31),45.53772153299997,18.986103681001623,-3.8179344390009646,49.484672766254626
2026-08-16T22:45:00Z,G12,29601,GPS BIIRM-3 (PRN 12),-3.85068610000053,30.57254811099847,-50.066219426000316,58.78890038989048
2026-08-16T22:45:00Z,G15,32260,GPS BIIRM-4 (PRN 15),-31.434822060999977,34.14183083499847,14.340438134997385,48.574281432421316
2026-08-16T22:45:00Z,G29,32384,GPS BIIRM-5 (PRN 29),-31.79938127299829,27.313815177000038,36.99517580899919,55.909643014488935
2026-08-16T22:45:00Z,G07,32711,GPS BIIRM-6 (PRN 07),-7.822459098002582,-10.147428699000557,57.399423948000276,58.8120314655385
2026-08-16T22:45:00Z,G05,35752,GPS BIIRM-8 (PRN 05),-3.1692212950001704,3.240508074999525,57.05854440400003,57.23829439897788
2026-08-16T22:45:00Z,G25,36585,GPS BIIF-1  (PRN 25),4.782262853001157,46.268035229000816,-28.290459692001605,54.442182464813285
2026-08-16T22:45:00Z,G24,38833,GPS BIIF-3  (PRN 24),-79.1098198740001,10.528668406001088,-76.01937604199884,110.21870073955279
2026-08-16T22:45:00Z,G27,39166,GPS BIIF-4  (PRN 27),30.410462460999952,-19.08494619400153,40.981632731998616,54.48417770050532
2026-08-16T22:45:00Z,G30,39533,GPS BIIF-5  (PRN 30),-34.0936429689973,-19.036196207999637,40.908300323999356,56.55300427356132
2026-08-16T22:45:00Z,G06,39741,GPS BIIF-6  (PRN 06),-41.20194967200041,-18.49837869000112,-22.78037754900288,50.58395271435257
2026-08-16T22:45:00Z,G09,40105,GPS BIIF-7  (PRN 09),27.55105381999965,-30.234153424000397,40.68886875200042,57.69530864962963
2026-08-16T22:45:00Z,G03,40294,GPS BIIF-8  (PRN 03),0.07879410399982589,-33.79286126999796,-50.16911019299914,60.488869214769124
2026-08-16T22:45:00Z,G26,40534,GPS BIIF-9  (PRN 26),13.240551807999509,30.570969889999105,39.929462566999064,52.00248448954079
2026-08-16T22:45:00Z,G08,40730,GPS BIIF-10 (PRN 08),36.43289701000049,-29.96244576099889,15.251857933999418,49.575430517152384
2026-08-16T22:45:00Z,G10,41019,GPS BIIF-11 (PRN 10),9.173930389999441,48.10169877399858,-23.639258261999203,54.375996128094506
2026-08-16T22:45:00Z,G32,41328,GPS BIIF-12 (PRN 32),1.9990576090021932,4.046737844000745,-56.67675858400003,56.8561982732859
2026-08-16T22:45:00Z,G04,43873,GPS BIII-1  (PRN 04),39.00974266599951,-30.64709029400001,14.698138374002156,51.74011439895941
2026-08-16T22:45:00Z,G18,44506,GPS BIII-2  (PRN 18),13.451281199999357,10.610219552000672,55.415190863000134,58.003078394563225
2026-08-16T22:45:00Z,G23,45854,GPS BIII-3  (PRN 23),8.730565628999102,50.85294147999991,7.274108965000778,52.107169320596
2026-08-16T22:45:00Z,G14,46826,GPS BIII-4  (PRN 14),-8.628317900000184,-47.36629094900127,-14.073987358999148,50.16064700769091
2026-08-16T22:45:00Z,G11,48859,GPS BIII-5  (PRN 11),-45.45585304699989,-19.057520124000803,8.64640814899758,50.04182274244411
2026-08-16T22:45:00Z,G28,55268,GPS BIII-6  (PRN 28),39.86984602400116,17.161782223000046,-29.333493502999772,52.388789183734445
2026-08-16T22:45:00Z,G01,62339,GPS BIII-7  (PRN 01),20.072891230000096,3.799271341000349,-52.91748880399973,56.724034115843686
2026-08-16T22:45:00Z,G21,64202,GPS BIII-8  (PRN 21),-7.8562644329999785,-21.198507463999704,50.89840427799936,55.69331349084139
2026-08-16T22:45:00Z,G20,67588,GPS BIII-9  (PRN 20),-33.272289423000075,23.974035842999,34.18967543200051,53.39226108898951
2026-08-16T22:45:00Z,G13,68791,GPS BIII-10 (PRN 13),5.4262369650004985,16.029428761001327,-40.90330084500056,44.2658633036901
2026-08-16T23:00:00Z,G22,26407,GPS BIIR-5  (PRN 22),-8.754785771998286,-45.271050887000456,-27.54134498499843,53.70884476424406
2026-08-16T23:00:00Z,G16,27663,GPS BIIR-8  (PRN 16),7.135776951000025,14.551154296997993,53.69533320099981,56.08782587724237
2026-08-16T23:00:00Z,G19,28190,GPS BIIR-11 (PRN 19),-10.794548080000823,-0.5938607400021283,-57.64597505999973,58.650945256219664
2026-08-16T23:00:00Z,G02,28474,GPS BIIR-13 (PRN 02),44.23900860399954,5.704377676998774,-34.466744244997244,56.37008307423928
2026-08-16T23:00:00Z,G17,28874,GPS BIIRM-1 (PRN 17),10.827527420999104,-14.488046995000332,-52.491310032,55.52005479695936
2026-08-16T23:00:00Z,G31,29486,GPS BIIRM-2 (PRN 31),45.58801997599949,16.320145423998838,-11.2521149230015,49.71141521052314
2026-08-16T23:00:00Z,G12,29601,GPS BIIRM-3 (PRN 12),-3.2307709739998245,24.730351546000747,-54.00030169599995,59.48160011242331
2026-08-16T23:00:00Z,G15,32260,GPS BIIRM-4 (PRN 15),-28.530770025000493,34.17136658799791,21.172360452001158,49.29458367630534
2026-08-16T23:00:00Z,G29,32384,GPS BIIRM-5 (PRN 29),-33.533975056998315,31.195020452000108,30.548244547997456,55.0531745595869
2026-08-16T23:00:00Z,G07,32711,GPS BIIRM-6 (PRN 07),-2.073111866997351,-7.625334460999511,58.27260447999993,58.80595166594704
2026-08-16T23:00:00Z,G05,35752,GPS BIIRM-8 (PRN 05),-4.688098250999246,-2.8655293510018964,56.99688557200011,57.261107992948844
2026-08-16T23:00:00Z,G25,36585,GPS BIIF-1  (PRN 25),6.054335771999831,42.38450484200075,-34.85025262599811,55.20544665553925
2026-08-16T23:00:00Z,G24,38833,GPS BIIF-3  (PRN 24),-86.8938640790002,10.070626935999826,-66.33701185999962,109.78415315507777
2026-08-16T23:00:00Z,G27,39166,GPS BIIF-4  (PRN 27),25.887229694999405,-17.153576954999153,45.954162174000885,55.463311159243915
2026-08-16T23:00:00Z,G30,39533,GPS BIIF-5  (PRN 30),-30.117645089998405,-15.999148214999877,46.12251814999945,57.36141534053765
2026-08-16T23:00:00Z,G06,39741,GPS BIIF-6  (PRN 06),-39.40230881300158,-15.14286907800033,-29.411783130999538,51.448045741831145
2026-08-16T23:00:00Z,G09,40105,GPS BIIF-7  (PRN 09),29.189259515998856,-34.52596015600011,34.398394424999424,56.80936837180878
2026-08-16T23:00:00Z,G03,40294,GPS BIIF-8  (PRN 03),-0.48899667200021213,-27.78394390899848,-54.550461255999835,61.22041718353396
2026-08-16T23:00:00Z,G26,40534,GPS BIIF-9  (PRN 26),15.98084624800049,33.94755812499716,34.550720330998956,51.0056509108863
2026-08-16T23:00:00Z,G08,40730,GPS BIIF-10 (PRN 08),33.46131681099996,-30.24159706199862,22.155796429000475,50.2503057800617
2026-08-16T23:00:00Z,G10,41019,GPS BIIF-11 (PRN 10),12.196720971000104,49.74593772499975,-16.063213339002687,53.679094118271976
2026-08-16T23:00:00Z,G32,41328,GPS BIIF-12 (PRN 32),-2.4540277120031533,8.342296781000186,-56.04489796300004,56.715489553354395
2026-08-16T23:00:00Z,G04,43873,GPS BIII-1  (PRN 04),38.29396137900039,-33.461650784000085,7.194557535000058,51.360210371562665
2026-08-16T23:00:00Z,G18,44506,GPS BIII-2  (PRN 18),7.9646525220014155,7.827604031000192,57.37786383999992,58.45448086762831
2026-08-16T23:00:00Z,G23,45854,GPS BIII-3  (PRN 23),11.203483018998668,49.03032281600008,14.92219083099917,52.4610557117842
2026-08-16T23:00:00Z,G14,46826,GPS BIII-4  (PRN 14),-11.150001160000102,-48.04618857100013,-6.734439220999775,49.78063311860795
2026-08-16T23:00:00Z,G11,48859,GPS BIII-5  (PRN 11),-46.95283513999948,-16.857544618000247,1.1633093230011582,49.90089004028706
2026-08-16T23:00:00Z,G28,55268,GPS BIII-6  (PRN 28),37.21302601299976,14.059807408999404,-35.596545738000714,53.3816593775421
2026-08-16T23:00:00Z,G01,62339,GPS BIII-7  (PRN 01),25.621227485997224,4.923770530998809,-49.52033030599887,55.97279631880456
2026-08-16T23:00:00Z,G21,64202,GPS BIII-8  (PRN 21),-10.185269426000104,-26.246824796999135,47.03173058900029,54.81440693285741
2026-08-16T23:00:00Z,G20,67588,GPS BIII-9  (PRN 20),-28.94823830199948,22.71867654699963,39.96905775099913,54.329221808702954
2026-08-16T23:00:00Z,G13,68791,GPS BIII-10 (PRN 13),5.457896519999849,11.371828592000384,-43.2906526859997,45.09088300231785
2026-08-16T23:15:00Z,G22,26407,GPS BIIR-5  (PRN 22),-11.52245674400001,-47.618239437999364,-20.519196551998903,53.11592194183918
2026-08-16T23:15:00Z,G16,27663,GPS BIIR-8  (PRN 16),9.055534722999937,20.069516049999947,50.89248798100016,55.45118138053426
2026-08-16T23:15:00Z,G19,28190,GPS BIIR-11 (PRN 19),-5.734689437998895,-4.391058406999946,-58.45414775500001,58.89868798748707
2026-08-16T23:15:00Z,G02,28474,GPS BIIR-13 (PRN 02),48.163839130998895,4.152952004000326,-27.716796595999767,55.72452982061217
2026-08-16T23:15:00Z,G17,28874,GPS BIIRM-1 (PRN 17),14.249303733002307,-19.03281528700063,-49.57370297200032,54.98038505667773
2026-08-16T23:15:00Z,G31,29486,GPS BIIRM-2 (PRN 31),44.67917900700013,13.480329169999095,-18.464869275001547,50.18864123099953
2026-08-16T23:15:00Z,G12,29601,GPS BIIRM-3 (PRN 12),-3.3481795709994913,18.550963597997907,-56.98476346699954,60.02176125576279
2026-08-16T23:15:00Z,G15,32260,GPS BIIRM-4 (PRN 15),-25.33647320700038,33.368309222998505,27.678724856999906,50.21446748378598
2026-08-16T23:15:00Z,G29,32384,GPS BIIRM-5 (PRN 29),-34.350571200997365,34.8404946669998,23.568056219999562,54.30722865756539
2026-08-16T23:15:00Z,G07,32711,GPS BIIRM-6 (PRN 07),3.9124335029991926,-5.797586814000169,58.15762307099999,58.576687086671
2026-08-16T23:15:00Z,G05,35752,GPS BIIRM-8 (PRN 05),-6.937483245000294,-8.708217207000416,55.950815574000444,57.047835051777106
2026-08-16T23:15:00Z,G25,36585,GPS BIIF-1  (PRN 25),6.713186028000564,37.82610740400014,-40.773360815999695,56.02096232855337
2026-08-16T23:15:00Z,G24,38833,GPS BIIF-3  (PRN 24),-93.64317238500007,10.443499140999847,-55.56657723199896,109.38809310850341
2026-08-16T23:15:00Z,G27,39166,GPS BIIF-4  (PRN 27),21.328426344000036,-14.377991329998622,50.151063168999826,56.36273185339726
2026-08-16T23:15:00Z,G30,39533,GPS BIIF-5  (PRN 30),-25.405068717001996,-13.320670120999694,50.52463286799866,58.09988206041505
2026-08-16T23:15:00Z,G06,39741,GPS BIIF-6  (PRN 06),-36.66942342399852,-11.889515857000333,-35.537744642999314,52.4303203869038
2026-08-16T23:15:00Z,G09,40105,GPS BIIF-7  (PRN 09),29.907280627001455,-38.52389788599999,27.508115475000523,55.993147436263435
2026-08-16T23:15:00Z,G03,40294,GPS BIIF-8  (PRN 03),-0.24857920599970385,-21.412338762002037,-57.97659253199981,61.80481635359761
2026-08-16T23:15:00Z,G26,40534,GPS BIIF-9  (PRN 26),18.896643234000294,36.48725621199992,28.566075630998967,50.044217131944116
2026-08-16T23:15:00Z,G08,40730,GPS BIIF-10 (PRN 08),30.080018854000173,-29.697325095999986,28.699838528998953,51.09226344276723
2026-08-16T23:15:00Z,G10,41019,GPS BIIF-11 (PRN 10),15.213208074999784,50.31379638100043,-8.225722851999308,53.20321722076508
2026-08-16T23:15:00Z,G32,41328,GPS BIIF-12 (PRN 32),-6.294250032999116,13.084107753998978,-54.43096659599996,56.33419551010762
2026-08-16T23:15:00Z,G04,43873,GPS BIII-1  (PRN 04),36.756949571001314,-35.69634955600122,-0.437558589001128,51.23957621710167
2026-08-16T23:15:00Z,G18,44506,GPS BIII-2  (PRN 18),2.0593449840016547,5.694337870000709,58.36735691900003,58.680616384380265
2026-08-16T23:15:00Z,G23,45854,GPS BIII-3  (PRN 23),13.24246419300107,46.276072493000356,22.29510792700239,53.04629657909235
2026-08-16T23:15:00Z,G14,46826,GPS BIII-4  (PRN 14),-13.55931157499981,-47.766043379000166,0.7092094629988424,49.65836091268878
2026-08-16T23:15:00Z,G11,48859,GPS BIII-5  (PRN 11),-47.53508974399938,-14.310270300000411,-6.348631930999545,50.04671538097636
2026-08-16T23:15:00Z,G28,55268,GPS BIII-6  (PRN 28),33.67686817700087,11.184247972999401,-41.251291234000746,54.414041215526176
2026-08-16T23:15:00Z,G01,62339,GPS BIII-7  (PRN 01),30.94272287000058,5.274560923000536,-45.272982922000665,55.09007237421154
2026-08-16T23:15:00Z,G21,64202,GPS BIII-8  (PRN 21),-13.002483481999661,-30.619746288000897,42.35405434899985,53.85628430591227
2026-08-16T23:15:00Z,G20,67588,GPS BIII-9  (PRN 20),-24.47266676700019,20.596199752999382,45.053409210999234,55.253276323561465
2026-08-16T23:15:00Z,G13,68791,GPS BIII-10 (PRN 13),4.803084184999534,6.612607711002056,-44.92834801800018,45.665661651336414
2026-08-16T23:30:00Z,G22,26407,GPS BIIR-5  (PRN 22),-14.361353627999051,-48.98341053600052,-13.105704085999605,52.70087727312132
2026-08-16T23:30:00Z,G16,27663,GPS BIIR-8  (PRN 16),11.541314188999877,25.038557597999898,47.176204155999585,54.641792964416176
2026-08-16T23:30:00Z,G19,28190,GPS BIIR-11 (PRN 19),-1.1274723719980102,-8.769994734997454,-58.22089611599995,58.888511155840575
2026-08-16T23:30:00Z,G02,28474,GPS BIIR-13 (PRN 02),51.24878568299937,2.124662949001504,-20.435874076996697,55.21392193930555
2026-08-16T23:30:00Z,G17,28874,GPS BIIRM-1 (PRN 17),16.92041386600249,-23.752891924999858,-45.782856179999726,54.282319406930945
2026-08-16T23:30:00Z,G31,29486,GPS BIIRM-2 (PRN 31),42.81695011800002,10.630377069001042,-25.329129036999802,50.87102231928735
2026-08-16T23:30:00Z,G12,29601,GPS BIIRM-3 (PRN 12),-4.233709494999857,12.217958421999356,-58.973396156000035,60.3743675599362
2026-08-16T23:30:00Z,G15,32260,GPS BIIRM-4 (PRN 15),-22.00077864099967,31.70550573500077,33.75507174000086,51.270637043975164
2026-08-16T23:30:00Z,G29,32384,GPS BIIRM-5 (PRN 29),-34.28018680800051,38.083101945000635,16.17199590599921,53.730692466488634
2026-08-16T23:30:00Z,G07,32711,GPS BIIRM-6 (PRN 07),9.969310784999834,-4.708319736000703,57.072085513000275,58.1272601888954
2026-08-16T23:30:00Z,G05,35752,GPS BIIRM-8 (PRN 05),-9.842745328999627,-14.1211069710007,53.93411056700006,56.614252448931765
2026-08-16T23:30:00Z,G25,36585,GPS BIIF-1  (PRN 25),6.673692737000238,32.74654503700003,-45.96071095099978,56.82659005896371
2026-08-16T23:30:00Z,G24,38833,GPS BIIF-3  (PRN 24),-99.18431002300167,11.490635578000365,-43.87826053800018,109.06357691074477
2026-08-16T23:30:00Z,G27,39166,GPS BIIF-4  (PRN 27),16.898449517999325,-10.798388523002359,53.492139805999614,57.127679909398466
2026-08-16T23:30:00Z,G30,39533,GPS BIIF-5  (PRN 30),-20.075966995998897,-11.125701353000295,54.044146202000775,58.71622791123272
2026-08-16T23:30:00Z,G06,39741,GPS BIIF-6  (PRN 06),-33.06141703499816,-8.899230404999798,-41.05542755299939,53.458411215850035
2026-08-16T23:30:00Z,G09,40105,GPS BIIF-7  (PRN 09),29.74331099600022,-42.056299639000144,20.137978554001165,55.30764023687471
2026-08-16T23:30:00Z,G03,40294,GPS BIIF-8  (PRN 03),0.8309995149993483,-14.873404234996997,-60.393202442000074,62.203276561061955
2026-08-16T23:30:00Z,G26,40534,GPS BIIF-9  (PRN 26),21.836722758000178,38.14157513400096,22.08504950200222,49.18710833153634
2026-08-16T23:30:00Z,G08,40730,GPS BIIF-10 (PRN 08),26.439771336000007,-28.28966436799965,34.76769923000029,52.039980093211014
2026-08-16T23:30:00Z,G10,41019,GPS BIIF-11 (PRN 10),18.044699117001073,49.8132866169999,-0.26968583399866475,52.981576234192396
2026-08-16T23:30:00Z,G32,41328,GPS BIIF-12 (PRN 32),-9.420545847999165,18.120335293999233,-51.858797519998916,55.735339915187154
2026-08-16T23:30:00Z,G04,43873,GPS BIII-1  (PRN 04),34.501877213000625,-37.22029237700008,-8.066816356000345,51.38874606343082
2026-08-16T23:30:00Z,G18,44506,GPS BIII-2  (PRN 18),-4.101368173000083,4.281974646999515,58.36870976499995,58.6690958460998
2026-08-16T23:30:00Z,G23,45854,GPS BIII-3  (PRN 23),14.706468919001054,42.695912903000135,29.267374828003085,53.812641972021275
2026-08-16T23:30:00Z,G14,46826,GPS BIII-4  (PRN 14),-15.702359300001262,-46.557138355000006,8.12591440899996,49.80122191648858
2026-08-16T23:30:00Z,G11,48859,GPS BIII-5  (PRN 11),-47.15762596499917,-11.57149300799938,-13.76153266700203,50.46900948536544
2026-08-16T23:30:00Z,G28,55268,GPS BIII-6  (PRN 28),29.34629520499948,8.681959016000292,-46.19947743699959,55.4163619345976
2026-08-16T23:30:00Z,G01,62339,GPS BIII-7  (PRN 01),35.869855011000254,4.887736994000079,-40.247589374999734,54.13321459077863
2026-08-16T23:30:00Z,G21,64202,GPS BIII-8  (PRN 21),-16.175288792000174,-34.206138738001755,36.94526407699959,52.88338522246158
2026-08-16T23:30:00Z,G20,67588,GPS BIII-9  (PRN 20),-20.01732101200014,17.626857995997852,49.35549847400034,56.101376925398064
2026-08-16T23:30:00Z,G13,68791,GPS BIII-10 (PRN 13),3.4665700779987674,1.9041243840001698,-45.78987991700001,45.96037315545536
2026-08-16T23:45:00Z,G22,26407,GPS BIIR-5  (PRN 22),-17.102826937998543,-49.3411325470006,-5.432483963002596,52.50300879283102
2026-08-16T23:45:00Z,G16,27663,GPS BIIR-8  (PRN 16),14.477014653999959,29.317585194999992,42.61187681699994,53.71104915029485
2026-08-16T23:45:00Z,G19,28190,GPS BIIR-11 (PRN 19),2.891438881000795,-13.597548996000114,-56.95067026699962,58.62279933065037
2026-08-16T23:45:00Z,G02,28474,GPS BIIR-13 (PRN 02),53.38797824199992,-0.23778264799875615,-12.746874974000093,54.88912080693893
2026-08-16T23:45:00Z,G17,28874,GPS BIIRM-1 (PRN 17),18.7900235829984,-28.48004004500035,-41.176283396000144,53.475826141558365
2026-08-16T23:45:00Z,G31,29486,GPS BIIRM-2 (PRN 31),40.04120198799865,7.9309360239985836,-31.725672350999957,51.698316113616976
2026-08-16T23:45:00Z,G12,29601,GPS BIIRM-3 (PRN 12),-5.884028472999489,5.91709838099996,-59.938179552000065,60.51627229373352
2026-08-16T23:45:00Z,G15,32260,GPS BIIRM-4 (PRN 15),-18.675315303999923,29.18520780000108,39.30154826800026,52.39423109746923
2026-08-16T23:45:00Z,G29,32384,GPS BIIRM-5 (PRN 29),-33.38618061299894,40.76653719800015,8.485124656002881,53.371761742213685
2026-08-16T23:45:00Z,G07,32711,GPS BIIRM-6 (PRN 07),15.931413171998429,-4.369575489000454,55.048059589999866,57.473402372185824
2026-08-16T23:45:00Z,G05,35752,GPS BIIRM-8 (PRN 05),-13.299293582000246,-18.954306951000035,50.97735018499952,55.98952753557608
2026-08-16T23:45:00Z,G25,36585,GPS BIIF-1  (PRN 25),5.880833972998516,27.31432563799899,-50.32831190399884,57.56383910392716
2026-08-16T23:45:00Z,G24,38833,GPS BIIF-3  (PRN 24),-103.37821339500078,13.026059177000207,-31.454602142999647,108.8399063689391
2026-08-16T23:45:00Z,G27,39166,GPS BIIF-4  (PRN 27),12.753693969998494,-6.487970974001655,55.911062987999685,57.713061274619044
2026-08-16T23:45:00Z,G30,39533,GPS BIIF-5  (PRN 30),-14.271896565998759,-9.515332439000076,56.62671968599989,59.16767669439169
2026-08-16T23:45:00Z,G06,39741,GPS BIIF-6  (PRN 06),-28.667490099000133,-6.31957190599951,-45.87207813399982,54.46108271034605
2026-08-16T23:45:00Z,G09,40105,GPS BIIF-7  (PRN 09),28.768977920999532,-44.96481861100028,12.416918342998542,54.805737514203834
2026-08-16T23:45:00Z,G03,40294,GPS BIIF-8  (PRN 03),2.744197879999774,-8.364907286999369,-61.76450458499994,62.38875157073724
2026-08-16T23:45:00Z,G26,40534,GPS BIIF-9  (PRN 26),24.645762702000866,38.89499173400145,15.22611214599965,48.49812874981813
2026-08-16T23:45:00Z,G08,40730,GPS BIIF-10 (PRN 08),22.6984528590001,-26.010677899001166,40.24988092800049,53.02667292670789
2026-08-16T23:45:00Z,G10,41019,GPS BIIF-11 (PRN 10),20.519052660998568,48.29090457400025,7.661175269000523,53.02581063201558
2026-08-16T23:45:00Z,G32,41328,GPS BIIF-12 (PRN 32),-11.761867668999912,23.283087452000473,-48.37007559700032,54.9555084192667
2026-08-16T23:45:00Z,G04,43873,GPS BIII-1  (PRN 04),31.65683545199954,-37.926824008998665,-15.561330872998951,51.79531087640544
2026-08-16T23:45:00Z,G18,44506,GPS BIII-2  (PRN 18),-10.344063438999001,3.630499305999365,57.38314813600027,58.42093686033329
2026-08-16T23:45:00Z,G23,45854,GPS BIII-3  (PRN 23),15.477624687999196,38.422729789001096,35.72152781499972,54.69817711641726
2026-08-16T23:45:00Z,G14,46826,GPS BIII-4  (PRN 14),-17.4352205819996,-44.482785038999964,15.386067437000747,50.193985224773655
2026-08-16T23:45:00Z,G11,48859,GPS BIII-5  (PRN 11),-45.80834276399946,-8.803056910001033,-20.948482875999616,51.13449924024707
2026-08-16T23:45:00Z,G28,55268,GPS BIII-6  (PRN 28),24.334925104998547,6.6818456579994745,-50.35496136199981,56.324575231702454
2026-08-16T23:45:00Z,G01,62339,GPS BIII-7  (PRN 01),40.2466058709997,3.8303023730004497,-34.5295102630007,53.1671663661594
2026-08-16T23:45:00Z,G21,64202,GPS BIII-8  (PRN 21),-19.553435309000633,-36.923395221001556,30.897644756001682,51.964780366105956
2026-08-16T23:45:00Z,G20,67588,GPS BIII-9  (PRN 20),-15.748554365998643,13.864045843001804,52.802013363001606,56.8179667617759
2026-08-16T23:45:00Z,G13,68791,GPS BIII-10 (PRN 13),1.4818005260003702,-2.6049871050017828,-45.862243887999966,45.960059889631026
2026-08-17T00:00:00Z,G22,26407,GPS BIIR-5  (PRN 22),-19.578888227999414,-48.70227585900011,2.361696697997104,52.54352623667324
2026-08-17T00:00:00Z,G16,27663,GPS BIIR-8  (PRN 16),17.723728490999747,32.792191668999294,37.282088113999635,52.720133537568884
2026-08-17T00:00:00Z,G19,28190,GPS BIIR-11 (PRN 19),6.213289618000999,-18.718894031999298,-54.66869574900011,58.1177103519669
2026-08-17T00:00:00Z,G02,28474,GPS BIIR-13 (PRN 02),54.50715523200006,-2.775345093999931,-4.78350214099919,54.786991198724216
2026-08-17T00:00:00Z,G17,28874,GPS BIIRM-1 (PRN 17),19.839054272000794,-33.03995864399985,-35.82767657399745,52.61985699615288
2026-08-17T00:00:00Z,G31,29486,GPS BIIRM-2 (PRN 31),36.42426206700111,5.5330780829990545,-37.54527543200129,52.602181774741815
2026-08-17T00:00:00Z,G12,29601,GPS BIIRM-3 (PRN 12),-8.262232942999617,-0.17056661899914616,-59.86926376799988,60.436928531306485
2026-08-17T00:00:00Z,G15,32260,GPS BIIRM-4 (PRN 15),-15.509180391999962,25.83966772599888,44.224268529000256,53.51643702215934
2026-08-17T00:00:00Z,G29,32384,GPS BIIRM-5 (PRN 29),-31.76172004,42.75168216200109,0.6381530099970405,53.26274896064104
2026-08-17T00:00:00Z,G07,32711,GPS BIIRM-6 (PRN 07),21.63714289299969,-4.7619902960004765,52.13067550300002,56.64317992971772
2026-08-17T00:00:00Z,G05,35752,GPS BIIRM-8 (PRN 05),-17.176624188999995,-23.080085746001714,47.12764503499966,55.215411826027875
2026-08-17T00:00:00Z,G25,36585,GPS BIIF-1  (PRN 25),4.311519828999735,21.706133973999385,-53.808295877999626,58.18142453246929
2026-08-17T00:00:00Z,G24,38833,GPS BIIF-3  (PRN 24),-106.12472536200039,14.841615770001226,-18.48843734700131,108.74076148049706
2026-08-17T00:00:00Z,G27,39166,GPS BIIF-4  (PRN 27),9.03646793200096,-1.5507783130015014,57.35711599499973,58.08529436377173
2026-08-17T00:00:00Z,G30,39533,GPS BIIF-5  (PRN 30),-8.150537284000166,-8.56331287199987,58.23472123900001,59.42259118505078
2026-08-17T00:00:00Z,G06,39741,GPS BIIF-6  (PRN 06),-23.604819631000282,-4.279193747000136,-49.90654249800173,55.37293556459937
2026-08-17T00:00:00Z,G09,40105,GPS BIIF-7  (PRN 09),27.086285256998963,-47.11099886699958,4.480496795000363,54.526946685102075
2026-08-17T00:00:00Z,G03,40294,GPS BIIF-8  (PRN 03),5.449584232999769,-2.0796300520014483,-62.07338771100001,62.346838663928054
2026-08-17T00:00:00Z,G26,40534,GPS BIIF-9  (PRN 26),27.17110442500052,38.765272144000846,8.11420373600049,48.02973602199012
2026-08-17T00:00:00Z,G08,40730,GPS BIIF-10 (PRN 08),19.01496486699989,-22.885462157999427,45.04587529499986,53.98559204242501
2026-08-17T00:00:00Z,G10,41019,GPS BIIF-11 (PRN 10),22.477992450001693,45.829404663,15.42527379799867,53.32479299622797
2026-08-17T00:00:00Z,G32,41328,GPS BIIF-12 (PRN 32),-13.279901729998528,28.395137874000284,-44.02380852799979,54.043828159669545
2026-08-17T00:00:00Z,G04,43873,GPS BIII-1  (PRN 04),28.36983299199983,-37.73807763200057,-22.79102235800019,52.4255722665545
2026-08-17T00:00:00Z,G18,44506,GPS BIII-2  (PRN 18),-16.49143840800025,3.7471777979999388,55.427920963999895,57.95052462753127
2026-08-17T00:00:00Z,G23,45854,GPS BIII-3  (PRN 23),15.46582073800164,33.611404876999586,41.55001395799991,55.63561636951262
2026-08-17T00:00:00Z,G14,46826,GPS BIII-4  (PRN 14),-18.62986435700077,-41.635713700999986,22.363907623999694,50.80107150018272
2026-08-17T00:00:00Z,G11,48859,GPS BIII-5  (PRN 11),-43.508904124000765,-6.166453027000898,-27.78565559600247,51.991273670735964
2026-08-17T00:00:00Z,G28,55268,GPS BIII-6  (PRN 28),18.780955698999605,5.289854616999946,-53.64532179299931,57.083512585607664
2026-08-17T00:00:00Z,G01,62339,GPS BIII-7  (PRN 01),43.93439380400014,2.197222957998747,-28.21592310699998,52.260855948140176
2026-08-17T00:00:00Z,G21,64202,GPS BIII-8  (PRN 21),-22.97514357199998,-38.720370073002414,24.314378097998997,51.16945634884864
2026-08-17T00:00:00Z,G20,67588,GPS BIII-9  (PRN 20),-11.821072598999308,9.392379707001965,55.33478525300052,57.357588974319675
2026-08-17T00:00:00Z,G13,68791,GPS BIII-10 (PRN 13),-1.0905926260002161,-6.775299836001068,-45.14599056800034,45.664587422964615
2026-08-17T00:15:00Z,G22,26407,GPS BIIR-5  (PRN 22),-21.629505423999944,-47.1140527120001,10.13376676199914,52.82293722070523
2026-08-17T00:15:00Z,G16,27663,GPS BIIR-8  (PRN 16),21.125785570000517,35.37895529099842,31.284977457999048,51.737018738806505
2026-08-17T00:15:00Z,G19,28190,GPS BIIR-11 (PRN 19),8.76035997299914,-23.964082239999698,-51.42029607299992,57.4026828005187
2026-08-17T00:15:00Z,G02,28474,GPS BIIR-13 (PRN 02),54.56743656000003,-5.319163865000519,3.3119944730024145,54.926022469696036
2026-08-17T00:15:00Z,G17,28874,GPS BIIRM-1 (PRN 17),20.081187174997467,-37.259317781999926,-29.826080227998318,51.77939649806987
2026-08-17T00:15:00Z,G31,29486,GPS BIIRM-2 (PRN 31),32.06794187700143,3.572439198998836,-42.690571249999266,53.51261619196495
2026-08-17T00:15:00Z,G12,29601,GPS BIIRM-3 (PRN 12),-11.299727888999769,-5.875265306000074,-58.77460501400037,60.13864637097417
2026-08-17T00:15:00Z,G15,32260,GPS BIIRM-4 (PRN 15),-12.64366789799999,21.730698106999625,48.43676342799881,54.57293861899316
2026-08-17T00:15:00Z,G29,32384,GPS BIIRM-5 (PRN 29),-29.526157382999372,43.922271814999476,-7.234711867997248,53.416298889096446
2026-08-17T00:15:00Z,G07,32711,GPS BIIRM-6 (PRN 07),26.934773356999358,-5.836514843000259,48.3767090450001,55.67632260961637
2026-08-17T00:15:00Z,G05,35752,GPS BIIRM-8 (PRN 05),-21.32340446699982,-26.397676059001242,42.448075393998806,54.344861615739184
2026-08-17T00:15:00Z,G25,36585,GPS BIIF-1  (PRN 25),1.9750186199999007,16.100112545002048,-56.349530369000604,58.63773439789433
2026-08-17T00:15:00Z,G24,38833,GPS BIIF-3  (PRN 24),-107.3659323490001,16.714707503999307,-5.1808295310001995,108.78265427329673
2026-08-17T00:15:00Z,G27,39166,GPS BIIF-4  (PRN 27),5.869375666999986,3.8818590699993365,57.796703033,58.22351141973918
2026-08-17T00:15:00Z,G30,39533,GPS BIIF-5  (PRN 30),-1.8797673389999545,-8.313728498000046,58.847438463,59.46152218404605
2026-08-17T00:15:00Z,G06,39741,GPS BIIF-6  (PRN 06),-18.014380179,-2.883085996999398,-53.090610700999605,56.13771479767176
2026-08-17T00:15:00Z,G09,40105,GPS BIIF-7  (PRN 09),24.823404990998824,-48.38201413800107,-3.53161051799907,54.493054605589165
2026-08-17T00:15:00Z,G03,40294,GPS BIIF-8  (PRN 03),8.871868635998908,3.801687203998881,-61.32119945500017,62.076182077278105
2026-08-17T00:15:00Z,G26,40534,GPS BIIF-9  (PRN 26),29.26925934999963,37.802478027999314,0.878127460997348,47.81723534242302
2026-08-17T00:15:00Z,G08,40730,GPS BIIF-10 (PRN 08),15.543067125000107,-18.971789957999135,49.06627241699971,54.854487863454914
2026-08-17T00:15:00Z,G10,41019,GPS BIIF-11 (PRN 10),23.783602474999498,42.54414200500014,22.885957381997287,53.846363024080055
2026-08-17T00:15:00Z,G32,41328,GPS BIIF-12 (PRN 32),-13.970493835000525,33.27710343599938,-38.89538633200027,53.06026186327714
2026-08-17T00:15:00Z,G04,43873,GPS BIII-1  (PRN 04),24.803100666999853,-36.608364996998716,-29.629903783999907,53.228727100128005
2026-08-17T00:15:00Z,G18,44506,GPS BIII-2  (PRN 18),-22.36875075699936,4.60660831199948,52.53592787499838,57.285299757057864
2026-08-17T00:15:00Z,G23,45854,GPS BIII-3  (PRN 23),14.612041580003279,28.432917009000448,46.65683652000007,56.55796073790553
2026-08-17T00:15:00Z,G14,46826,GPS BIII-4  (PRN 14),-19.179241377001745,-38.13435753199974,28.939805291000084,51.57116301244987
2026-08-17T00:15:00Z,G11,48859,GPS BIII-5  (PRN 11),-40.314319060000344,-3.8165084880001814,-34.15444694600228,52.974864836993866
2026-08-17T00:15:00Z,G28,55268,GPS BIII-6  (PRN 28),12.842057821999333,4.5849456799996915,-56.013211850000516,57.64911168218605
2026-08-17T00:15:00Z,G01,62339,GPS BIII-7  (PRN 01),46.817350111999986,0.10749601300085487,-21.414245844000106,51.482480048747384
2026-08-17T00:15:00Z,G21,64202,GPS BIII-8  (PRN 21),-26.273587128000145,-39.57917592999911,17.307876504997694,50.560608550359504
2026-08-17T00:15:00Z,G20,67588,GPS BIII-9  (PRN 20),-8.372222939000494,4.324488525999186,56.91171578300009,57.68655572416164
2026-08-17T00:15:00Z,G13,68791,GPS BIII-10 (PRN 13),-4.165340623001612,-10.481669647000672,-43.655075728000156,45.088591660329236
2026-08-17T00:30:00Z,G22,26407,GPS BIIR-5  (PRN 22),-23.109562523997738,-44.65812095600006,17.739478276998852,53.32062206043181
2026-08-17T00:30:00Z,G16,27663,GPS BIIR-8  (PRN 16),24.517084831999455,37.02871883099942,24.732169446997432,50.83201424771266
2026-08-17T00:30:00Z,G19,28190,GPS BIIR-11 (PRN 19),10.48910753599921,-29.154769142000077,-47.2696804010011,56.5194181307439
2026-08-17T00:30:00Z,G02,28474,GPS BIIR-13 (PRN 02),53.567351616999986,-7.697625222999704,11.391500344001543,55.303534004803524
2026-08-17T00:30:00Z,G17,28874,GPS BIIRM-1 (PRN 17),19.562723643000936,-40.972468353000295,-23.274614794998342,51.0210840057872
2026-08-17T00:30:00Z,G31,29486,GPS BIIRM-2 (PRN 31),27.09918506000031,2.1636172420003277,-47.077579322998645,54.36308991769374
2026-08-17T00:30:00Z,G12,29601,GPS BIIRM-3 (PRN 12),-14.898665697999604,-11.044727282001986,-56.67931801100076,59.63640943674178
2026-08-17T00:30:00Z,G15,32260,GPS BIIRM-4 (PRN 15),-10.206519921,16.948185011999158,51.86150660000021,55.50702559965349
2026-08-17T00:30:00Z,G29,32384,GPS BIIRM-5 (PRN 29),-26.820165522000025,44.18942604899894,-14.998025789998792,53.82348400805074
2026-08-17T00:30:00Z,G07,32711,GPS BIIRM-6 (PRN 07),31.68710105500213,-7.516403552999691,43.853230818000156,54.623022150172744
2026-08-17T00:30:00Z,G05,35752,GPS BIIRM-8 (PRN 05),-25.572855477999838,-28.837183806997928,37.01683718300046,53.439688830026085
2026-08-17T00:30:00Z,G25,36585,GPS BIIF-1  (PRN 25),-1.087391638000554,10.668857336000656,-57.917836297999656,58.90231488551375
2026-08-17T00:30:00Z,G24,38833,GPS BIIF-3  (PRN 24),-107.08784966799999,18.416360249000718,8.26101435900273,108.97345653679518
2026-08-17T00:30:00Z,G27,39166,GPS BIIF-4  (PRN 27),3.3497855969999364,9.655771194000408,57.21458473700022,58.12025195681911
2026-08-17T00:30:00Z,G30,39533,GPS BIIF-5  (PRN 30),4.368571502000123,-8.779166981000003,58.46095424299983,59.27766325396514
2026-08-17T00:30:00Z,G06,39741,GPS BIIF-6  (PRN 06),-12.055725763002556,-2.208094515999619,-55.3701632909997,56.710415162792465
2026-08-17T00:30:00Z,G09,40105,GPS BIIF-7  (PRN 09),22.129276867000954,-48.69505238799866,-11.478234302998317,54.70523635302972
2026-08-17T00:30:00Z,G03,40294,GPS BIIF-8  (PRN 03),12.904587053000796,9.117079175000981,-59.52719298400007,61.588442131995016
2026-08-17T00:30:00Z,G26,40534,GPS BIIF-9  (PRN 26),30.811666141000387,36.086362119000114,-6.352112868000404,47.8741437443626
2026-08-17T00:30:00Z,G08,40730,GPS BIIF-10 (PRN 08),12.42473221399996,-14.358492767998541,52.234751826999855,55.578859142542136
2026-08-17T00:30:00Z,G10,41019,GPS BIIF-11 (PRN 10),24.32385420299761,38.577763253000285,29.91409637400284,54.541240018598344
2026-08-17T00:30:00Z,G32,41328,GPS BIIF-12 (PRN 32),-13.86397879300057,37.75430899800085,-33.075234173000354,52.07272675295685
2026-08-17T00:30:00Z,G04,43873,GPS BIII-1  (PRN 04),21.126393462000124,-34.52620124400346,-35.958349153999734,54.14227504393975
2026-08-17T00:30:00Z,G18,44506,GPS BIII-2  (PRN 18),-27.80998316700061,6.1513169890004065,48.7551414260015,56.46501288335485
2026-08-17T00:30:00Z,G23,45854,GPS BIII-3  (PRN 23),12.890793905000464,23.067469355000867,50.9589395919993,57.40291137465185
2026-08-17T00:30:00Z,G14,46826,GPS BIII-4  (PRN 14),-19.001559464999445,-34.117736517000594,35.00235699900077,52.442770737546695
2026-08-17T00:30:00Z,G11,48859,GPS BIII-5  (PRN 11),-36.31093804899865,-1.8949251009998989,-39.9436028529999,54.01450149742011
2026-08-17T00:30:00Z,G28,55268,GPS BIII-6  (PRN 28),6.689364890000434,4.615479199999754,-57.4174153859999,57.98973909654758
2026-08-17T00:30:00Z,G01,62339,GPS BIII-7  (PRN 01),48.8063959709998,-2.3004038319995743,-14.240423240000382,50.8934750191284
2026-08-17T00:30:00Z,G21,64202,GPS BIII-8  (PRN 21),-29.283159856000566,-39.515564892999464,9.9979546809991,50.18906671545354
2026-08-17T00:30:00Z,G20,67588,GPS BIII-9  (PRN 20),-5.516374311999243,-1.2030013980001968,57.50741080800003,57.783906892436356
2026-08-17T00:30:00Z,G13,68791,GPS BIII-10 (PRN 13),-7.635384150000391,-13.617998547997558,-41.41648942199936,44.261434360105476
2026-08-17T00:45:00Z,G22,26407,GPS BIIR-5  (PRN 22),-23.895453631001146,-41.44747958699986,25.036704702997667,53.99743374208816
2026-08-17T00:45:00Z,G16,27663,GPS BIIR-8  (PRN 16),27.72849588200006,37.72844336400158,17.74630960599825,50.07231198158035
2026-08-17T00:45:00Z,G19,28190,GPS BIIR-11 (PRN 19),11.391320118000294,-34.11176369900022,-42.29823431600016,55.520403663324004
2026-08-17T00:45:00Z,G02,28474,GPS BIIR-13 (PRN 02),51.54373376300009,-9.743946479000442,19.304113000001962,55.89588322885242
2026-08-17T00:45:00Z,G17,28874,GPS BIIRM-1 (PRN 17),18.360823751998396,-44.02854585599994,-16.2887533480025,50.40789803867942
2026-08-17T00:45:00Z,G31,29486,GPS BIIRM-2 (PRN 31),21.665063900996756,1.3959531990003597,-50.6368807150011,55.09462194909157
2026-08-17T00:45:00Z,G12,29601,GPS BIIRM-3 (PRN 12),-18.936074279999957,-15.549361747998773,-53.62479390500084,58.95740904467919
2026-08-17T00:45:00Z,G15,32260,GPS BIIRM-4 (PRN 15),-8.307051441999988,11.607630774000427,54.43149753099988,56.27194788980386
2026-08-17T00:45:00Z,G29,32384,GPS BIIRM-5 (PRN 29),-23.80018499200014,43.495535966001626,-22.517433206001442,54.454983727937204
2026-08-17T00:45:00Z,G07,32711,GPS BIIRM-6 (PRN 07),35.775669110997114,-9.700674404999518,38.63635156899909,53.542219292952964
2026-08-17T00:45:00Z,G05,35752,GPS BIIRM-8 (PRN 05),-29.749445848999983,-30.3621916230004,30.926086668001517,52.56724308037391
2026-08-17T00:45:00Z,G25,36585,GPS BIIF-1  (PRN 25),-4.804439387000457,5.573274762999063,-58.495858957999985,58.95684476497594
2026-08-17T00:45:00Z,G24,38833,GPS BIIF-3  (PRN 24),-105.32116721700004,19.71980516199983,21.6259168889992,109.31193558284667
2026-08-17T00:45:00Z,G27,39166,GPS BIIF-4  (PRN 27),1.5458750920006423,15.599786328999471,55.61472960899937,57.781841548990265
2026-08-17T00:45:00Z,G30,39533,GPS BIIF-5  (PRN 30),10.424882319999597,-9.940768535000075,57.087751054000364,58.87706149983886
2026-08-17T00:45:00Z,G06,39741,GPS BIIF-6  (PRN 06),-5.901208161998511,-2.3000868399994943,-56.70610966899994,57.05872002626264
2026-08-17T00:45:00Z,G09,40105,GPS BIIF-7  (PRN 09),19.16745144000015,-48.000909311000214,-19.21935425799893,55.144012072772625
2026-08-17T00:45:00Z,G03,40294,GPS BIIF-8  (PRN 03),17.414528552000775,13.728927987998759,-56.72771781799929,60.90798992929138
2026-08-17T00:45:00Z,G26,40534,GPS BIIF-9  (PRN 26),31.69010494900067,33.72281968900006,-13.44795855999837,48.19065167526706
2026-08-17T00:45:00Z,G08,40730,GPS BIIF-10 (PRN 08),9.784455914999853,-9.162500737998926,54.48987533899981,56.11446793640786
2026-08-17T00:45:00Z,G10,41019,GPS BIIF-11 (PRN 10),24.01702196399856,34.094256160999976,36.39037961900249,55.34885162319256
2026-08-17T00:45:00Z,G32,41328,GPS BIIF-12 (PRN 32),-13.023686331001954,41.66401969599974,-26.667091114999494,51.153110280926875
2026-08-17T00:45:00Z,G04,43873,GPS BIII-1  (PRN 04),17.510350747999837,-31.515189230998658,-41.66527091699936,55.098224437549575
2026-08-17T00:45:00Z,G18,44506,GPS BIII-2  (PRN 18),-32.66382511399934,8.294210813000063,44.147840833999,55.54053703730754
2026-08-17T00:45:00Z,G23,45854,GPS BIII-3  (PRN 23),10.310970248996455,17.697796108999682,54.38731548599935,58.11633316344932
2026-08-17T00:45:00Z,G14,46826,GPS BIII-4  (PRN 14),-18.043480386000738,-29.740022010000757,40.450244580999424,53.35033627127383
2026-08-17T00:45:00Z,G11,48859,GPS BIII-5  (PRN 11),-31.613538044999586,-0.5245990660005191,-45.05129073399985,55.03916595209329
2026-08-17T00:45:00Z,G28,55268,GPS BIII-6  (PRN 28),0.5010692409996409,5.3974357019997115,-57.83359071000001,58.08706910279857
2026-08-17T00:45:00Z,G01,62339,GPS BIII-7  (PRN 01),49.842733652999414,-4.874199473999397,-6.817059157001495,50.542340805172785
2026-08-17T00:45:00Z,G21,64202,GPS BIII-8  (PRN 21),-31.846210330999384,-38.5781873220003,2.5098672690000967,50.08749427956638
2026-08-17T00:45:00Z,G20,67588,GPS BIII-9  (PRN 20),-3.340839925000182,-7.034654816001421,57.113512020000144,57.642005820785485
2026-08-17T00:45:00Z,G13,68791,GPS BIII-10 (PRN 13),-11.376175094001155,-16.100946730999567,-38.46971381000003,43.22703697950121
2026-08-17T01:00:00Z,G22,26407,GPS BIIR-5  (PRN 22),-23.890672402001655,-37.62198680699976,31.888788218002446,54.800300484015956
2026-08-17T01:00:00Z,G16,27663,GPS BIIR-8  (PRN 16),30.595310693999636,37.50153463999959,10.458273470001586,49.51579163045661
2026-08-17T01:00:00Z,G19,28190,GPS BIIR-11 (PRN 19),11.493766420000611,-38.662512881999646,-36.60239556500164,54.466796582552696
2026-08-17T01:00:00Z,G02,28474,GPS BIIR-13 (PRN 02),48.570956636999654,-11.303624422000212,26.899532130999432,56.661226447841834
2026-08-17T01:00:00Z,G17,28874,GPS BIIRM-1 (PRN 17),16.58045940900047,-46.29807787899995,-8.994149780999578,49.99318333319565
2026-08-17T01:00:00Z,G31,29486,GPS BIIRM-2 (PRN 31),15.927094269998634,1.3305057359993953,-53.314428403999955,55.658520043603275
2026-08-17T01:00:00Z,G12,29601,GPS BIIRM-3 (PRN 12),-23.268864824000048,-19.286505070002022,-49.66763018600068,58.140199830290626
2026-08-17T01:00:00Z,G15,32260,GPS BIIRM-4 (PRN 15),-7.031845368000063,5.846659853999881,56.09187231500027,56.83245921592811
2026-08-17T01:00:00Z,G29,32384,GPS BIIRM-5 (PRN 29),-20.632335068999964,41.816904577997775,-29.662015867001173,55.26465366017493
2026-08-17T01:00:00Z,G07,32711,GPS BIIRM-6 (PRN 07),39.10433317799834,-12.268164471001,32.81007276699893,52.499120066523
2026-08-17T01:00:00Z,G05,35752,GPS BIIRM-8 (PRN 05),-33.675975033999975,-30.971119654001086,24.28049757199915,51.79598545695311
2026-08-17T01:00:00Z,G25,36585,GPS BIIF-1  (PRN 25),-9.077969873000256,0.9570970669992676,-58.08266071299977,58.79558697140633
2026-08-17T01:00:00Z,G24,38833,GPS BIIF-3  (PRN 24),-102.14064399999961,20.40899553000054,34.70102480700007,109.78797465084358
2026-08-17T01:00:00Z,G27,39166,GPS BIIF-4  (PRN 27),0.49383480899996357,21.53245995600082,53.02074635200006,57.22840420891086
2026-08-17T01:00:00Z,G30,39533,GPS BIIF-5  (PRN 30),16.127826741998433,-11.749455018999981,54.75606965499992,58.278500776243604
2026-08-17T01:00:00Z,G06,39741,GPS BIIF-6  (PRN 06),0.27030513399949996,-3.1723379630002455,-57.07506771200002,57.16380102255575
2026-08-17T01:00:00Z,G09,40105,GPS BIIF-7  (PRN 09),16.109475401000964,-46.28618715800076,-26.61873059700156,55.771705531718105
2026-08-17T01:00:00Z,G03,40294,GPS BIIF-8  (PRN 03),22.24708900599944,17.528529404000437,-52.97516245999941,60.07120899375257
2026-08-17T01:00:00Z,G26,40534,GPS BIIF-9  (PRN 26),31.821096270999988,30.839393580000433,-20.28483254800085,48.73525208481901
2026-08-17T01:00:00Z,G08,40730,GPS BIIF-10 (PRN 08),7.724267889000657,-3.524638713002787,55.786630779000006,56.42903123526679
2026-08-17T01:00:00Z,G10,41019,GPS BIIF-11 (PRN 10),22.81466377799734,29.27234572999987,42.207276023000304,56.203498619938614
2026-08-17T01:00:00Z,G32,41328,GPS BIIF-12 (PRN 32),-11.543124068000907,44.862177214999974,-19.785947090000263,50.372039466033286
2026-08-17T01:00:00Z,G04,43873,GPS BIII-1  (PRN 04),14.119893637999894,-27.633471490000375,-46.650177962999805,56.02873590325455
2026-08-17T01:00:00Z,G18,44506,GPS BIII-2  (PRN 18),-36.79912043999866,10.922078123000574,38.78966725999999,54.572019770427865
2026-08-17T01:00:00Z,G23,45854,GPS BIII-3  (PRN 23),6.915347963000386,12.502536936999604,56.88783927499935,58.65459679077652
2026-08-17T01:00:00Z,G14,46826,GPS BIII-4  (PRN 14),-16.28205789600179,-25.164652064999245,45.19381901199995,54.229571266704966
2026-08-17T01:00:00Z,G11,48859,GPS BIII-5  (PRN 11),-26.361260974001198,0.1952626809998037,-49.38706049800021,55.98246111316581
2026-08-17T01:00:00Z,G28,55268,GPS BIII-6  (PRN 28),-5.544240087001526,6.9139475279998805,-57.25466785100025,57.93650195939182
2026-08-17T01:00:00Z,G01,62339,GPS BIII-7  (PRN 01),49.90022695799985,-7.453928741999334,0.7285619550020783,50.459136998892234
2026-08-17T01:00:00Z,G21,64202,GPS BIII-8  (PRN 21),-33.81939270200019,-36.84667402999912,-5.027781576001871,50.2663634787827
2026-08-17T01:00:00Z,G20,67588,GPS BIII-9  (PRN 20),-1.902903537000384,-13.002133206999133,55.73871044400039,57.2667473475122
2026-08-17T01:00:00Z,G13,68791,GPS BIII-10 (PRN 13),-15.2506085240002,-17.87279985999703,-34.866012256999966,42.0435113411462
2026-08-17T01:15:00Z,G22,26407,GPS BIIR-5  (PRN 22),-23.030261594001786,-33.34218616399994,38.16778114100089,55.667529534822414
2026-08-17T01:15:00Z,G16,27663,GPS BIIR-8  (PRN 16),32.96408957300082,36.40637348999917,3.0041525540000293,49.20447301453233
2026-08-17T01:15:00Z,G19,28190,GPS BIIR-11 (PRN 19),10.856652022997878,-42.64772776399877,-30.29120544699981,53.42520663519203
2026-08-17T01:15:00Z,G02,28474,GPS BIIR-13 (PRN 02),44.758065795998846,-12.241631838998728,34.03165987099783,57.54386046708921
2026-08-17T01:15:00Z,G17,28874,GPS BIIRM-1 (PRN 17),14.350135044000126,-47.67836871600002,-1.5241063200010103,49.81441678143544
2026-08-17T01:15:00Z,G31,29486,GPS BIIRM-2 (PRN 31),10.054867229999218,1.99758289500096,-55.0720062219998,56.01800212209729
2026-08-17T01:15:00Z,G12,29601,GPS BIIRM-3 (PRN 12),-27.738886956999522,-22.183816190998186,-44.878416584999286,57.23320562039078
2026-08-17T01:15:00Z,G15,32260,GPS BIIRM-4 (PRN 15),-6.4404494190000605,-0.17940344599992386,56.80149231000007,57.16573364313741
2026-08-17T01:15:00Z,G29,32384,GPS BIIRM-5 (PRN 29),-17.48551752200001,39.16488866099826,-36.306632546999026,56.19433595784693
2026-08-17T01:15:00Z,G07,32711,GPS BIIRM-6 (PRN 07),41.60185140300018,-15.08158773499963,26.465263314999902,51.561405053567725
2026-08-17T01:15:00Z,G05,35752,GPS BIIRM-8 (PRN 05),-37.180320150999705,-30.697233786999277,17.19553003999681,51.189673002090544
2026-08-17T01:15:00Z,G25,36585,GPS BIIF-1  (PRN 25),-13.786426956001378,-3.0582644649985014,-56.69309186399914,58.425381597819964
2026-08-17T01:15:00Z,G24,38833,GPS BIIF-3  (PRN 24),-97.66267926299952,20.28697896599988,47.27427504399748,110.38304904889138
2026-08-17T01:15:00Z,G27,39166,GPS BIIF-4  (PRN 27),0.1958403200005705,27.269052520001424,49.47582305400101,56.49333275387771
2026-08-17T01:15:00Z,G30,39533,GPS BIIF-5  (PRN 30),21.329955118002545,-14.12754977100002,51.5090751910011,57.5129504972601
2026-08-17T01:15:00Z,G06,39741,GPS BIIF-6  (PRN 06),6.280102235999948,-4.804467236999699,-56.46978633200024,57.02069236608563
2026-08-17T01:15:00Z,G09,40105,GPS BIIF-7  (PRN 09),13.12763057399934,-43.57379408799898,-33.546444249997876,56.536485012149036
2026-08-17T01:15:00Z,G03,40294,GPS BIIF-8  (PRN 03),27.231744348000575,20.43978307300131,-48.33676393499991,59.12525162749094
2026-08-17T01:15:00Z,G26,40534,GPS BIIF-9  (PRN 26),31.14904842299802,27.579584572000385,-26.744499668999197,49.4587198112476
2026-08-17T01:15:00Z,G08,40730,GPS BIIF-10 (PRN 08),6.318958305999331,2.3955358940002043,56.097657197000046,56.503229724366484
2026-08-17T01:15:00Z,G10,41019,GPS BIIF-11 (PRN 10),20.703366926001763,24.297984396000174,47.270620870998755,57.03974969537151
2026-08-17T01:15:00Z,G32,41328,GPS BIIF-12 (PRN 32),-9.542061692000061,47.228945965000094,-12.555716955001117,49.792271554458495
2026-08-17T01:15:00Z,G04,43873,GPS BIII-1  (PRN 04),11.107269739999992,-22.97177055499924,-50.8250706530016,56.87056787470347
2026-08-17T01:15:00Z,G18,44506,GPS BIII-2  (PRN 18),-40.109420802000386,13.899480174000018,32.76853264999954,53.62590715515633
2026-08-17T01:15:00Z,G23,45854,GPS BIII-3  (PRN 23),2.779250375002448,7.649316304999957,58.42184549800004,58.986000915243245
2026-08-17T01:15:00Z,G14,46826,GPS BIII-4  (PRN 14),-13.725703695999982,-20.55764961800014,49.156388211000376,55.02147218784159
2026-08-17T01:15:00Z,G11,48859,GPS BIII-5  (PRN 11),-20.712255938000453,0.19362764400102606,-52.87364571999933,56.78606738831066
2026-08-17T01:15:00Z,G28,55268,GPS BIII-6  (PRN 28),-11.274400375001278,9.115453548000005,-55.690910350000195,57.54720751533765
2026-08-17T01:15:00Z,G01,62339,GPS BIII-7  (PRN 01),48.986204740999995,-9.878262745000029,8.26656980000189,50.651401817173124
2026-08-17T01:15:00Z,G21,64202,GPS BIII-8  (PRN 21),-35.07922980100011,-34.428266291,-12.485212455001601,50.71231027356088
2026-08-17T01:15:00Z,G20,67588,GPS BIII-9  (PRN 20),-1.227385215999675,-18.93030295599965,53.408478581000054,56.67740668742286
2026-08-17T01:15:00Z,G13,68791,GPS BIII-10 (PRN 13),-19.11383519300034,-18.903567727000336,-30.667572422999,40.782147649607126
2026-08-17T01:30:00Z,G22,26407,GPS BIIR-5  (PRN 22),-21.283852912998555,-28.782607215999633,43.75746700400123,56.53456280523382
2026-08-17T01:30:00Z,G16,27663,GPS BIIR-8  (PRN 16),34.699382709999554,34.533479378000266,-4.477877018998697,49.159533571862355
2026-08-17T01:30:00Z,G19,28190,GPS BIIR-11 (PRN 19),9.570319135000318,-45.92779797500043,-23.483637796998664,52.46365293571189
2026-08-17T01:30:00Z,G02,28474,GPS BIIR-13 (PRN 02),40.24468080599945,-12.448812774000544,40.56226386799972,58.47994974994537
2026-08-17T01:30:00Z,G17,28874,GPS BIIRM-1 (PRN 17),11.816400121999322,-48.09827554000003,5.983297195001796,49.88858854576532
2026-08-17T01:30:00Z,G31,29486,GPS BIIRM-2 (PRN 31),4.219784258999425,3.3960781229998247,-55.88736777200006,56.14924578560969
2026-08-17T01:30:00Z,G12,29601,GPS BIIRM-3 (PRN 12),-32.17911168499995,-24.201294440998026,-39.3404108959985,56.29267990530901
2026-08-17T01:30:00Z,G15,32260,GPS BIIRM-4 (PRN 15),-6.562634260999857,-6.302800708999712,56.53446300399992,57.2620203308585
2026-08-17T01:30:00Z,G29,32384,GPS BIIRM-5 (PRN 29),-14.524714043000131,35.58593940100036,-42.33419765599865,57.17963529316847
2026-08-17T01:30:00Z,G07,32711,GPS BIIRM-6 (PRN 07),43.22393590499996,-17.99258669399933,19.698739534997003,50.79450905686835
2026-08-17T01:30:00Z,G05,35752,GPS BIIRM-8 (PRN 05),-40.10259807199964,-29.607197627999994,9.795426693999616,50.80113096797469
2026-08-17T01:30:00Z,G25,36585,GPS BIIF-1  (PRN 25),-18.789604278999832,-6.377465321998898,-54.35700456900031,57.86540623385468
2026-08-17T01:30:00Z,G24,38833,GPS BIIF-3  (PRN 24),-92.04192924200015,19.183891243999824,59.13706685500074,111.07173852093881
2026-08-17T01:30:00Z,G27,39166,GPS BIIF-4  (PRN 27),0.6200936380009807,32.6291181029992,45.04215102799935,55.62229079720164
2026-08-17T01:30:00Z,G30,39533,GPS BIIF-5  (PRN 30),25.902704783002264,-16.972114594999994,47.40387457399993,56.62269963123179
2026-08-17T01:30:00Z,G06,39741,GPS BIIF-6  (PRN 06),11.95615456899759,-7.143323938999856,-54.899303498000336,56.638416587514186
2026-08-17T01:30:00Z,G09,40105,GPS BIIF-7  (PRN 09),10.38794269400023,-39.92230459399798,-39.88130858299883,57.37785750446038
2026-08-17T01:30:00Z,G03,40294,GPS BIIF-8  (PRN 03),32.18864077699982,22.421333814003447,-42.89326760199947,58.12621792828472
2026-08-17T01:30:00Z,G26,40534,GPS BIIF-9  (PRN 26),29.648407199001667,24.096974472000056,-32.71719644000041,50.300170685949084
2026-08-17T01:30:00Z,G08,40730,GPS BIIF-10 (PRN 08),5.61308045900023,8.425865828001406,55.41410800899985,56.33138781908176
2026-08-17T01:30:00Z,G10,41019,GPS BIIF-11 (PRN 10),17.7049643499995,19.357211335998727,51.500834997999846,57.7970881518479
2026-08-17T01:30:00Z,G32,41328,GPS BIIF-12 (PRN 32),-7.161266556000555,48.673712233,-5.1067014319996815,49.46202988902269
2026-08-17T01:30:00Z,G04,43873,GPS BIII-1  (PRN 04),8.606101760000001,-17.650200711999787,-54.11612155399962,57.5686475846412
2026-08-17T01:30:00Z,G18,44506,GPS BIII-2  (PRN 18),-42.516826057999424,17.074093241999435,26.18337938300101,52.77096279202069
2026-08-17T01:30:00Z,G23,45854,GPS BIII-3  (PRN 23),-1.9923487510022824,3.288850133998494,58.966450322000014,59.09169359839349
2026-08-17T01:30:00Z,G14,46826,GPS BIII-4  (PRN 14),-10.413762100000895,-16.081468381000377,52.27519446199949,55.67545260170223
2026-08-17T01:30:00Z,G11,48859,GPS BIII-5  (PRN 11),-14.837829239000712,-0.5694535660004476,-55.44853928199973,57.402316698867146
2026-08-17T01:30:00Z,G28,55268,GPS BIII-6  (PRN 28),-16.530078078998486,11.921835385000122,-53.16964585200003,56.94194306723236
2026-08-17T01:30:00Z,G01,62339,GPS BIII-7  (PRN 01),47.14138663599988,-11.991102253999998,15.6666925669997,51.10324963463278
2026-08-17T01:30:00Z,G21,64202,GPS BIII-8  (PRN 21),-35.52725797400126,-31.453627572000187,-19.733715541999118,51.390040627361486
2026-08-17T01:30:00Z,G20,67588,GPS BIII-9  (PRN 20),-1.3061409310012095,-24.643857204002416,50.16449876099978,55.90619498736474
2026-08-17T01:30:00Z,G13,68791,GPS BIII-10 (PRN 13),-22.818986000000223,-19.191805570000724,-25.94649867899716,39.525337655788825
2026-08-17T01:45:00Z,G22,26407,GPS BIIR-5  (PRN 22),-18.657058905999293,-24.1245100240003,48.55600192699967,57.339019472387335
2026-08-17T01:45:00Z,G16,27663,GPS BIIR-8  (PRN 16),35.68947883600049,32.00137290099974,-11.850674132998392,49.37879346987616
2026-08-17T01:45:00Z,G19,28190,GPS BIIR-11 (PRN 19),7.750845248001497,-48.388221193999925,-16.30581611299931,51.64663775589732
2026-08-17T01:45:00Z,G02,28474,GPS BIIR-13 (PRN 02),35.19543009900008,-11.847057187002065,46.364564727999095,59.40323161463959
2026-08-17T01:45:00Z,G17,28874,GPS BIIRM-1 (PRN 17),9.137611730000572,-47.521600310001304,13.388277260000905,50.21000310836893
2026-08-17T01:45:00Z,G31,29486,GPS BIIRM-2 (PRN 31),-1.4111239909980213,5.494044209001004,-55.7540588249999,56.04186710085574
2026-08-17T01:45:00Z,G12,29601,GPS BIIRM-3 (PRN 12),-36.420021202000044,-25.332170295998367,-33.14811636599916,55.37990984891015
2026-08-17T01:45:00Z,G15,32260,GPS BIIRM-4 (PRN 15),-7.396731459999955,-12.349318657998083,55.281485385999986,57.12495018895564
2026-08-17T01:45:00Z,G29,32384,GPS BIIRM-5 (PRN 29),-11.904500824000024,31.16022792000149,-47.63786342799904,58.15533488752125
2026-08-17T01:45:00Z,G07,32711,GPS BIIRM-6 (PRN 07),43.95453142099905,-20.84695922300125,12.612414324001293,50.256039799862286
2026-08-17T01:45:00Z,G05,35752,GPS BIIRM-8 (PRN 05),-42.30184506700061,-27.798376562001067,2.2109671130019706,50.666401205632425
2026-08-17T01:45:00Z,G25,36585,GPS BIIF-1  (PRN 25),-23.93395096399945,-8.933969379999326,-51.118337419000454,57.14660303213725
2026-08-17T01:45:00Z,G24,38833,GPS BIIF-3  (PRN 24),-85.46659965100116,16.964149225001165,70.08716193300097,111.82366602224826
2026-08-17T01:45:00Z,G27,39166,GPS BIIF-4  (PRN 27),1.7023182470002212,37.4440094849997,39.79981226000018,54.6715354609515
2026-08-17T01:45:00Z,G30,39533,GPS BIIF-5  (PRN 30),29.740683708001598,-20.159103109999933,42.510420770000565,55.659981851070484
2026-08-17T01:45:00Z,G06,39741,GPS BIIF-6  (PRN 06),17.139410083000257,-10.10511845300016,-52.388832908998666,56.039830571740644
2026-08-17T01:45:00Z,G09,40105,GPS BIIF-7  (PRN 09),8.043585647001237,-35.42385762000049,-45.513076694998745,58.23219993257638
2026-08-17T01:45:00Z,G03,40294,GPS BIIF-8  (PRN 03),36.935419001999435,23.46749536399875,-36.73751158199957,57.13661936753098
2026-08-17T01:45:00Z,G26,40534,GPS BIIF-9  (PRN 26),27.324473657001363,20.549167480999984,-38.1034574819987,51.19344310433546
2026-08-17T01:45:00Z,G08,40730,GPS BIIF-10 (PRN 08),5.619220990999565,14.388358473999688,53.74609282700021,55.92175782547015
2026-08-17T01:45:00Z,G10,41019,GPS BIIF-11 (PRN 10),13.875321003000863,14.629256873000486,54.83376687499913,58.42329740175832
2026-08-17T01:45:00Z,G32,41328,GPS BIIF-12 (PRN 32),-4.5564759699991555,49.13880545599977,2.427082104000874,49.409254218692006
2026-08-17T01:45:00Z,G04,43873,GPS BIII-1  (PRN 04),6.7262527930000005,-11.813860274000035,-56.465104031999545,58.0785480582415
2026-08-17T01:45:00Z,G18,44506,GPS BIII-2  (PRN 18),-43.974852144998295,20.282612949000395,19.142793464001443,52.07320376949008
2026-08-17T01:45:00Z,G23,45854,GPS BIII-3  (PRN 23),-7.2687878659999114,-0.45025801800147747,58.514661652000086,58.96612279582008
2026-08-17T01:45:00Z,G14,46826,GPS BIII-4  (PRN 14),-6.414878337000118,-11.889118211000095,54.50209032800012,56.1513993239272
2026-08-17T01:45:00Z,G11,48859,GPS BIII-5  (PRN 11),-8.916031556000235,-2.1012296009994316,-57.065296020000005,57.795837171840816
2026-08-17T01:45:00Z,G28,55268,GPS BIII-6  (PRN 28),-21.170641771997907,15.225727164999626,-49.73468651300027,56.1565480001013
2026-08-17T01:45:00Z,G01,62339,GPS BIII-7  (PRN 01),44.43856726899958,-13.647887469000125,22.80050445699817,51.77754432938554
2026-08-17T01:45:00Z,G21,64202,GPS BIII-8  (PRN 21),-35.09413034700265,-28.07182648099979,-26.647909659001016,52.24688044262598
2026-08-17T01:45:00Z,G20,67588,GPS BIII-9  (PRN 20),-2.0987901230000716,-29.973916633000044,46.063848568999674,54.99744306138398
2026-08-17T01:45:00Z,G13,68791,GPS BIII-10 (PRN 13),-26.222928708999916,-18.764423106000322,-20.783678132000205,38.362831507500516
2026-08-17T02:00:00Z,G22,26407,GPS BIIR-5  (PRN 22),-15.191406083999027,-19.547835452000072,52.478092719000415,58.02453709502074
2026-08-17T02:00:00Z,G16,27663,GPS BIIR-8  (PRN 16),35.8507888919994,28.95098982700074,-18.98114323900154,49.83696093063161
2026-08-17T02:00:00Z,G19,28190,GPS BIIR-11 (PRN 19),5.534838970001147,-49.94346002200018,-8.888213076999818,51.02924625246902
2026-08-17T02:00:00Z,G02,28474,GPS BIIR-13 (PRN 02),29.792704839999715,-10.393342691000726,51.326555632000236,60.249831095371015
2026-08-17T02:00:00Z,G17,28874,GPS BIIRM-1 (PRN 17),6.476960386999053,-45.948619041999336,20.552534901999024,50.75069751855069
2026-08-17T02:00:00Z,G31,29486,GPS BIIRM-2 (PRN 31),-6.681312278000405,8.229743555999448,-54.680999328000325,55.69901525397415
2026-08-17T02:00:00Z,G12,29601,GPS BIIRM-3 (PRN 12),-40.29552380399991,-25.602740420999908,-26.40579169600096,54.557267075948914
2026-08-17T02:00:00Z,G15,32260,GPS BIIRM-4 (PRN 15),-8.908484762999706,-18.144737093000003,53.0509806959999,56.77146411494107
2026-08-17T02:00:00Z,G29,32384,GPS BIIRM-5 (PRN 29),-9.762407968999469,25.998791858000914,-52.1230485039996,59.05974917639876
2026-08-17T02:00:00Z,G07,32711,GPS BIIRM-6 (PRN 07),43.806018676999884,-23.48970155400093,5.31249147500057,49.9895580806397
2026-08-17T02:00:00Z,G05,35752,GPS BIIRM-8 (PRN 05),-43.661623644999054,-25.39473977600028,-5.4229779510023945,50.7999889514296
2026-08-17T02:00:00Z,G25,36585,GPS BIIF-1  (PRN 25),-29.057725992000996,-10.69215618799717,-47.03415669599963,56.310616582298074
2026-08-17T02:00:00Z,G24,38833,GPS BIIF-3  (PRN 24),-78.15199256800042,13.532887405002839,79.93182092799907,112.60536834774348
2026-08-17T02:00:00Z,G27,39166,GPS BIIF-4  (PRN 27),3.3482173859993054,41.56361804199878,33.845140138000716,53.70510604557058
2026-08-17T02:00:00Z,G30,39533,GPS BIIF-5  (PRN 30),32.765068433000124,-23.547605660000045,36.910341454000445,54.684666479635325
2026-08-17T02:00:00Z,G06,39741,GPS BIIF-6  (PRN 06),21.689711502000137,-13.578056519999791,-48.97938327199881,55.26108205243237
2026-08-17T02:00:00Z,G09,40105,GPS BIIF-7  (PRN 09),6.22833950400036,-30.200514946998737,-50.34443425799873,59.03749128137934
2026-08-17T02:00:00Z,G03,40294,GPS BIIF-8  (PRN 03),41.29355795900028,23.60807511999883,-29.972937286998786,56.221669393528195
2026-08-17T02:00:00Z,G26,40534,GPS BIIF-9  (PRN 26),24.212952394998865,17.091182812999932,-42.8156313340005,52.072582806683506
2026-08-17T02:00:00Z,G08,40730,GPS BIIF-10 (PRN 08),6.316981911999392,20.10613282600025,51.1226658380001,55.29636335309145
2026-08-17T02:00:00Z,G10,41019,GPS BIIF-11 (PRN 10),9.30212113699963,10.279537699001594,57.22118734800006,58.87667309272435
2026-08-17T02:00:00Z,G32,41328,GPS BIIF-12 (PRN 32),-1.8917778560007719,48.601467021000644,9.910618805999547,49.637705277013964
2026-08-17T02:00:00Z,G04,43873,GPS BIII-1  (PRN 04),5.548964875999957,-5.627404333001323,-57.8305364429998,58.36805321412812
2026-08-17T02:00:00Z,G18,44506,GPS BIII-2  (PRN 18),-44.46995891500046,23.35670615699928,11.763488837001205,51.58965630845479
2026-08-17T02:00:00Z,G23,45854,GPS BIII-3  (PRN 23),-12.898143088001234,-3.466389157998492,57.075278927,58.61710853930014
2026-08-17T02:00:00Z,G14,46826,GPS BIII-4  (PRN 14),-1.8246130670013372,-8.118164899000476,55.80393445399977,56.4208553171426
2026-08-17T02:00:00Z,G11,48859,GPS BIII-5  (PRN 11),-3.1246383290017548,-4.375353077999534,-57.694508309000014,57.94448522734065
2026-08-17T02:00:00Z,G28,55268,GPS BIII-6  (PRN 28),-25.07935568999892,18.896227888999874,-45.44548538399977,55.23887808460481
2026-08-17T02:00:00Z,G01,62339,GPS BIII-7  (PRN 01),40.97965617299997,-14.72156902700226,29.543703471998015,52.62021692767367
2026-08-17T02:00:00Z,G21,64202,GPS BIII-8  (PRN 21),-33.74246649300039,-24.44420213400008,-33.10797876199649,53.21852422515978
2026-08-17T02:00:00Z,G20,67588,GPS BIII-9  (PRN 20),-3.534129055999074,-34.76408573799927,41.17791956400106,54.00604396734464
2026-08-17T02:00:00Z,G13,68791,GPS BIII-10 (PRN 13),-29.191407473000027,-17.67556599800082,-15.267503924998891,37.38529897839873
2026-08-17T02:15:00Z,G22,26407,GPS BIIR-5  (PRN 22),-10.962561213997105,-15.223835798000437,55.456633400999635,58.543839239906205
2026-08-17T02:15:00Z,G16,27663,GPS BIIR-8  (PRN 16),35.131199316001585,25.539511878000667,-25.743007692999527,50.48930854576046
2026-08-17T02:15:00Z,G19,28190,GPS BIIR-11 (PRN 19),3.073332035999556,-50.539951914000085,-1.3629386699976749,50.651650625533584
2026-08-17T02:15:00Z,G02,28474,GPS BIIR-13 (PRN 02),24.228982618998998,-8.081910084998526,55.353923754999414,60.962428957908536
2026-08-17T02:15:00Z,G17,28874,GPS BIIRM-1 (PRN 17),3.995322364999083,-43.416378277999684,27.342439945001388,51.46409938709345
2026-08-17T02:15:00Z,G31,29486,GPS BIIRM-2 (PRN 31),-11.450134220001928,11.514440197001022,-52.691835763999734,55.137260204753495
2026-08-17T02:15:00Z,G12,29601,GPS BIIRM-3 (PRN 12),-43.649277950000055,-25.070882379000977,-19.22588932200233,53.88361002234303
2026-08-17T02:15:00Z,G15,32260,GPS BIIRM-4 (PRN 15),-11.03193623199968,-23.521555273997365,49.869895369000005,56.23142932248503
2026-08-17T02:15:00Z,G29,32384,GPS BIIRM-5 (PRN 29),-8.21342570500019,20.239615949001745,-55.709282470999824,59.83833695055613
2026-08-17T02:15:00Z,G07,32711,GPS BIIRM-6 (PRN 07),42.81884557600006,-25.770523723000224,-2.091338934002124,50.01946748972774
2026-08-17T02:15:00Z,G05,35752,GPS BIIRM-8 (PRN 05),-44.09508158199969,-22.54174619600053,-12.970053017001192,51.193054378029984
2026-08-17T02:15:00Z,G25,36585,GPS BIIF-1  (PRN 25),-33.99688404199878,-11.647885607002536,-42.173626730998876,55.408267932904664
2026-08-17T02:15:00Z,G24,38833,GPS BIIF-3  (PRN 24),-70.33339205199991,8.841043414999149,88.49115103500117,113.38268782184346
2026-08-17T02:15:00Z,G27,39166,GPS BIIF-4  (PRN 27),5.437829930999214,44.862663288000476,27.288620857998467,52.791072919410965
2026-08-17T02:15:00Z,G30,39533,GPS BIIF-5  (PRN 30),34.926064195002255,-26.985316492000038,30.69571694499973,53.761178419881865
2026-08-17T02:15:00Z,G06,39741,GPS BIIF-6  (PRN 06),25.490880305002065,-17.426729683999838,-44.72714971300047,54.35065600020207
2026-08-17T02:15:00Z,G09,40105,GPS BIIF-7  (PRN 09),5.051315091999641,-24.39968143399892,-54.29269889100033,59.73740361873893
2026-08-17T02:15:00Z,G03,40294,GPS BIIF-8  (PRN 03),45.09510906499986,22.906737252000312,-22.712035368000215,55.44478355691998
2026-08-17T02:15:00Z,G26,40534,GPS BIIF-9  (PRN 26),20.378392344999156,13.869597598999917,-46.77905269399889,52.87650123706021
2026-08-17T02:15:00Z,G08,40730,GPS BIIF-10 (PRN 08),7.654078452000249,25.41051595799945,47.59134939799878,54.49051087779888
2026-08-17T02:15:00Z,G10,41019,GPS BIIF-11 (PRN 10),4.101309015000879,6.453883949998271,58.63097886699961,59.12753196759635
2026-08-17T02:15:00Z,G32,41328,GPS BIIF-12 (PRN 32),0.6673812869994435,47.074761649999346,17.21058800800165,50.126668767908924
2026-08-17T02:15:00Z,G04,43873,GPS BIII-1  (PRN 04),5.123802792999982,0.7311684919986874,-58.18848701799999,58.41821619896656
2026-08-17T02:15:00Z,G18,44506,GPS BIII-2  (PRN 18),-44.022109992998594,26.129698394001025,4.1686436960007995,51.36229060956426
2026-08-17T02:15:00Z,G23,45854,GPS BIII-3  (PRN 23),-18.71281172700037,-5.688234936000299,54.67261683200013,58.065655689710425
2026-08-17T02:15:00Z,G14,46826,GPS BIII-4  (PRN 14),3.238148940999963,-4.885974252001688,56.16274651100002,56.467800104255595
2026-08-17T02:15:00Z,G11,48859,GPS BIII-5  (PRN 11),2.365572661998158,-7.332918307,-57.324429620000046,57.83993305817934
2026-08-17T02:15:00Z,G28,55268,GPS BIII-6  (PRN 28),-28.167508436999924,22.784191269000075,-40.37603680800021,54.24714049285758
2026-08-17T02:15:00Z,G01,62339,GPS BIII-7  (PRN 01),36.89196612100022,-15.107913797000947,35.77837424599784,53.566391396633406
2026-08-17T02:15:00Z,G21,64202,GPS BIII-8  (PRN 21),-31.468644218002737,-20.73810774499998,-39.00184585699935,54.23549264103354
2026-08-17T02:15:00Z,G20,67588,GPS BIII-9  (PRN 20),-5.51331343899983,-38.876294728001085,35.59112768200066,52.99520059903099
2026-08-17T02:15:00Z,G13,68791,GPS BIII-10 (PRN 13),-31.60441109600015,-16.00430361600047,-9.492481085999316,36.675383189902156
2026-08-17T02:30:00Z,G22,26407,GPS BIIR-5  (PRN 22),-6.077018183001201,-11.30824677199962,57.443752903999666,58.860779325020296
2026-08-17T02:30:00Z,G16,27663,GPS BIIR-8  (PRN 16),33.51192651999736,21.93374282600007,-32.01926321200153,51.27739765313999
2026-08-17T02:30:00Z,G19,28190,GPS BIIR-11 (PRN 19),0.5253745110003365,-50.157753905999925,6.138826033999067,50.534755172528186
2026-08-17T02:30:00Z,G02,28474,GPS BIIR-13 (PRN 02),18.698701744999198,-4.9445845859991095,58.37239040999975,61.49330309760541
2026-08-17T02:30:00Z,G17,28874,GPS BIIRM-1 (PRN 17),1.8443533320005372,-39.99733868399926,33.63208425300036,52.29059028368985
2026-08-17T02:30:00Z,G31,29486,GPS BIIRM-2 (PRN 31),-15.59749777899924,15.236082749000161,-49.82414092699946,54.386259051471534
2026-08-17T02:30:00Z,G12,29601,GPS BIIRM-3 (PRN 12),-46.34060170599969,-23.823562425001,-11.727417158002936,53.4092295983554
2026-08-17T02:30:00Z,G15,32260,GPS BIIRM-4 (PRN 15),-13.671655952000037,-28.325736415998108,45.78409310000097,55.54677939330071
2026-08-17T02:30:00Z,G29,32384,GPS BIIRM-5 (PRN 29),-7.345474374999867,14.042603313002473,-58.33181027400042,60.44626366817149
2026-08-17T02:30:00Z,G07,32711,GPS BIIRM-6 (PRN 07),41.060396585999115,-27.549179149998963,-9.486768401999143,50.34791171787997
2026-08-17T02:30:00Z,G05,35752,GPS BIIRM-8 (PRN 05),-43.54876581899953,-19.400437312000577,-20.29511371999979,51.81470460364171
2026-08-17T02:30:00Z,G25,36585,GPS BIIF-1  (PRN 25),-38.59095626099952,-11.828058980998321,-36.616957288002595,54.49739851981707
2026-08-17T02:30:00Z,G24,38833,GPS BIIF-3  (PRN 24),-62.25800821700068,2.8888765550000244,95.60161805200005,114.12306764654836
2026-08-17T02:30:00Z,G27,39166,GPS BIIF-4  (PRN 27),7.830922331000693,47.24588914099877,20.252378913999564,51.99669448103336
2026-08-17T02:30:00Z,G30,39533,GPS BIIF-5  (PRN 30),36.20439534399702,-30.31430679799996,23.96779830000014,52.9544218570762
2026-08-17T02:30:00Z,G06,39741,GPS BIIF-6  (PRN 06),28.454924640998797,-21.497375093000073,-39.70264388900068,53.367778705796475
2026-08-17T02:30:00Z,G09,40105,GPS BIIF-7  (PRN 09),4.5927987330005635,-18.188529320999805,-57.291230539000026,60.28433872686645
2026-08-17T02:30:00Z,G03,40294,GPS BIIF-8  (PRN 03),48.188985521000006,21.45826507000129,-15.07473432400002,54.8624013354936
2026-08-17T02:30:00Z,G26,40534,GPS BIIF-9  (PRN 26),15.911512005000986,11.017235811999853,-49.93288009800017,53.552294200190566
2026-08-17T02:30:00Z,G08,40730,GPS BIIF-10 (PRN 08),9.548779233999994,30.14784022100139,43.21717799900034,53.55180602975008
2026-08-17T02:30:00Z,G10,41019,GPS BIIF-11 (PRN 10),-1.5874517640004342,3.273696917000052,59.047055277,59.159038459837205
2026-08-17T02:30:00Z,G32,41328,GPS BIIF-12 (PRN 32),2.9610474630007957,44.606998762999865,24.197964112998307,50.83398083894639
2026-08-17T02:30:00Z,G04,43873,GPS BIII-1  (PRN 04),5.466903195999976,7.0772910170016985,-57.53304098600029,58.22392879040847
2026-08-17T02:30:00Z,G18,44506,GPS BIII-2  (PRN 18),-42.68417167200005,28.44316587100002,-3.513900362999266,51.413030370238616
2026-08-17T02:30:00Z,G23,45854,GPS BIII-3  (PRN 23),-24.535623277999548,-7.077019054999255,51.3460640659996,57.34543838366284
2026-08-17T02:30:00Z,G14,46826,GPS BIII-4  (PRN 14),8.635631880999426,-2.285792059999949,55.575637041999926,56.28899018413642
2026-08-17T02:30:00Z,G11,48859,GPS BIII-5  (PRN 11),7.397270086999924,-10.884839545999057,-55.96122138900046,57.48789121224478
2026-08-17T02:30:00Z,G28,55268,GPS BIII-6  (PRN 28),-30.377524179999455,26.728174959,-34.613539783000306,53.24740790174402
2026-08-17T02:30:00Z,G01,62339,GPS BIII-7  (PRN 01),32.323539297000025,-14.729825761998654,41.39518870900065,54.54668283147307
2026-08-17T02:30:00Z,G21,64202,GPS BIII-8  (PRN 21),-28.30319063999923,-17.120507790000005,-44.22721076000016,55.22887432313885
2026-08-17T02:30:00Z,G20,67588,GPS BIII-9  (PRN 20),-7.914019447998726,-42.19592950700098,29.399434209997708,52.03320961319878
2026-08-17T02:30:00Z,G13,68791,GPS BIII-10 (PRN 13),-33.36096780199978,-13.851501461000225,-3.557690569003171,36.29704433690065
2026-08-17T02:45:00Z,G22,26407,GPS BIIR-5  (PRN 22),-0.6677883330012264,-7.934689507999792,58.411291192000135,58.951540926108855
2026-08-17T02:45:00Z,G16,27663,GPS BIIR-8  (PRN 16),31.007815364002454,18.30281964300002,-37.704249809999965,52.135288186286424
2026-08-17T02:45:00Z,G19,28190,GPS BIIR-11 (PRN 19),-1.9485096570006135,-48.81045423799969,13.489156285999343,50.6775539081298
2026-08-17T02:45:00Z,G02,28474,GPS BIIR-13 (PRN 02),13.389606536002248,-1.0497258470022643,60.329391230000056,61.80630173150005
2026-08-17T02:45:00Z,G17,28874,GPS BIIRM-1 (PRN 17),0.15964990300017234,-35.796127935002005,39.30609716100116,53.163498166134836
2026-08-17T02:45:00Z,G31,29486,GPS BIIRM-2 (PRN 31),-19.02790936800011,19.263086605000353,-46.12851385400063,53.488013898884844
2026-08-17T02:45:00Z,G12,29601,GPS BIIRM-3 (PRN 12),-48.249397781999505,-21.973330403001455,-4.0342454639976495,53.17054421189304
2026-08-17T02:45:00Z,G15,32260,GPS BIIRM-4 (PRN 15),-16.705711466999674,-32.423053869002615,40.85825945899887,54.76981453163559
2026-08-17T02:45:00Z,G29,32384,GPS BIIRM-5 (PRN 29),-7.215301637999801,7.583530451000115,-59.942916873000286,60.85001064151091
2026-08-17T02:45:00Z,G07,32711,GPS BIIRM-6 (PRN 07),38.622670085999744,-28.70039631399959,-16.759819633000006,50.95404740826103
2026-08-17T02:45:00Z,G05,35752,GPS BIIRM-8 (PRN 05),-42.0048044769992,-16.14058291299989,-27.266950244000327,52.615668688434866
2026-08-17T02:45:00Z,G25,36585,GPS BIIF-1  (PRN 25),-42.6883110130002,-11.289471215000958,-30.454326972998388,53.63963169928804
2026-08-17T02:45:00Z,G24,38833,GPS BIIF-3  (PRN 24),-54.17567077899912,-4.271899272000155,101.11965536299977,114.79737422291706
2026-08-17T02:45:00Z,G27,39166,GPS BIIF-4  (PRN 27),10.372950431999925,48.65160170299896,12.867358136998519,51.38234477286689
2026-08-17T02:45:00Z,G30,39533,GPS BIIF-5  (PRN 30),36.61166736500127,-33.37650845200005,16.83568717199887,52.324428962439114
2026-08-17T02:45:00Z,G06,39741,GPS BIIF-6  (PRN 06),30.52526972799751,-25.623276530999988,-33.989641550997476,52.379768278567155
2026-08-17T02:45:00Z,G09,40105,GPS BIIF-7  (PRN 09),4.900667353999779,-11.747479598998325,-59.290497729999515,60.64142922552633
2026-08-17T02:45:00Z,G03,40294,GPS BIIF-8  (PRN 03),50.44623880900008,19.38480265399994,-7.186725220999506,54.51827769942241
2026-08-17T02:45:00Z,G26,40534,GPS BIIF-9  (PRN 26),10.925659069998801,8.647881788000177,-52.230621854000674,54.05731906771445
2026-08-17T02:45:00Z,G08,40730,GPS BIIF-10 (PRN 08),11.893052807999993,34.18543895500261,38.08129493500019,52.538309504270856
2026-08-17T02:45:00Z,G10,41019,GPS BIIF-11 (PRN 10),-7.605756313001621,0.8314793659992574,58.469058716999825,58.96753101733886
2026-08-17T02:45:00Z,G32,41328,GPS BIIF-12 (PRN 32),4.841505483000219,41.27936491100081,30.750448155002232,51.701220532314
2026-08-17T02:45:00Z,G04,43873,GPS BIII-1  (PRN 04),6.559891691000075,13.226859120000881,-55.876396358999955,57.7940624220695
2026-08-17T02:45:00Z,G18,44506,GPS BIII-2  (PRN 18),-40.539795241999855,30.1530857380003,-11.153584600000613,51.74056462018792
2026-08-17T02:45:00Z,G23,45854,GPS BIII-3  (PRN 23),-30.185860161000164,-7.628065225999308,47.14950301499994,56.50176251510253
2026-08-17T02:45:00Z,G14,46826,GPS BIII-4  (PRN 14),14.215843018999294,-0.3831503379988135,54.054569303999415,55.89394832683781
2026-08-17T02:45:00Z,G11,48859,GPS BIII-5  (PRN 11),11.832768282998586,-14.914831379999669,-53.628810952000094,56.90796046651405
2026-08-17T02:45:00Z,G28,55268,GPS BIII-6  (PRN 28),-31.684896244998527,30.56031031500015,-28.256891319000715,52.30981861581289
2026-08-17T02:45:00Z,G01,62339,GPS BIII-7  (PRN 01),27.43714769199869,-13.540844564999134,46.29548595699998,55.492554140179905
2026-08-17T02:45:00Z,G21,64202,GPS BIII-8  (PRN 21),-24.309812899999088,-13.751036525000018,-48.69342627600054,56.13472874470087
2026-08-17T02:45:00Z,G20,67588,GPS BIII-9  (PRN 20),-10.595036783000978,-44.635783417999846,22.708691087998886,51.18879385863564
2026-08-17T02:45:00Z,G13,68791,GPS BIII-10 (PRN 13),-34.38284293400011,-11.335808961001021,2.43484575399998,36.2851061300667
2026-08-17T03:00:00Z,G22,26407,GPS BIIR-5  (PRN 22),5.111160773001757,-5.209760064000875,58.35073811400002,58.80539263384392
2026-08-17T03:00:00Z,G16,27663,GPS BIIR-8  (PRN 16),27.66639598599795,14.811456780000071,-42.70529774200077,52.99576562361175
2026-08-17T03:00:00Z,G19,28190,GPS BIIR-11 (PRN 19),-4.192776580001009,-46.544207457000084,20.565476042000228,51.057628500393086
2026-08-17T03:00:00Z,G02,28474,GPS BIIR-13 (PRN 02),8.47494991900021,3.5009163880022243,61.19502925000006,61.878209384190384
2026-08-17T03:00:00Z,G17,28874,GPS BIIRM-1 (PRN 17),-0.9450289609994798,-30.94524687699959,44.26212755399865,54.015158239350065
2026-08-17T03:00:00Z,G31,29486,GPS BIIRM-2 (PRN 31),-21.67336140500265,23.449387562000084,-41.66759625699888,52.49568505564062
2026-08-17T03:00:00Z,G12,29601,GPS BIIRM-3 (PRN 12),-49.28082941899993,-19.653891574998852,3.7266683670022758,53.18612280834161
2026-08-17T03:00:00Z,G15,32260,GPS BIIRM-4 (PRN 15),-19.990594973000043,-35.70485426900268,35.17526380500203,53.960723582034554
2026-08-17T03:00:00Z,G29,32384,GPS BIIRM-5 (PRN 29),-7.846259307999844,1.0474664780012972,-60.512946338,61.02849863511782
2026-08-17T03:00:00Z,G07,32711,GPS BIIRM-6 (PRN 07),35.619500789000085,-29.118730655001855,-23.79594917600116,51.796684339858594
2026-08-17T03:00:00Z,G05,35752,GPS BIIRM-8 (PRN 05),-39.481923787003325,-12.933712029000162,-33.76094839799771,53.53414657491148
2026-08-17T03:00:00Z,G25,36585,GPS BIIF-1  (PRN 25),-46.151602836000166,-10.116303735998372,-23.784756298999127,52.89635788798366
2026-08-17T03:00:00Z,G24,38833,GPS BIIF-3  (PRN 24),-46.329613623000114,-12.538179952000064,104.92526920599994,115.38176273968418
2026-08-17T03:00:00Z,G27,39166,GPS BIIF-4  (PRN 27),12.90199189300074,49.0540145469995,5.2703120639998815,50.9954304544656
2026-08-17T03:00:00Z,G30,39533,GPS BIIF-5  (PRN 30),36.18973689499944,-36.0197699979999,9.414947953999217,51.920729311274236
2026-08-17T03:00:00Z,G06,39741,GPS BIIF-6  (PRN 06),31.678717311999208,-29.631325251999897,-27.68390129800173,51.45828366551752
2026-08-17T03:00:00Z,G09,40105,GPS BIIF-7  (PRN 09),5.9887112800006435,-5.26340695700128,-60.258807924000166,60.783978547079016
2026-08-17T03:00:00Z,G03,40294,GPS BIIF-8  (PRN 03),51.765036640999824,16.8310472510002,0.8222803079988807,54.43876665497096
2026-08-17T03:00:00Z,G26,40534,GPS BIIF-9  (PRN 26),5.5525001360001625,6.852442876000168,-53.64037376599981,54.36061008566118
2026-08-17T03:00:00Z,G08,40730,GPS BIIF-10 (PRN 08),14.557479279999825,37.416896775997884,32.279146723998565,51.51589735763837
2026-08-17T03:00:00Z,G10,41019,GPS BIIF-11 (PRN 10),-13.7822770879975,-0.8118975409997802,56.911891233999995,58.562562300313225
2026-08-17T03:00:00Z,G32,41328,GPS BIIF-12 (PRN 32),6.179309626999384,37.20263329900081,36.75469084500219,52.66048889782489
2026-08-17T03:00:00Z,G04,43873,GPS BIII-1  (PRN 04),8.350897122999868,19.003248228000302,-53.24859798199941,57.151326432747965
2026-08-17T03:00:00Z,G18,44506,GPS BIII-2  (PRN 18),-37.70040785299989,31.135848909998458,-18.61920505499802,52.320518312693075
2026-08-17T03:00:00Z,G23,45854,GPS BIII-3  (PRN 23),-35.48584829399988,-7.370603342000322,42.150579092000044,55.58994999602744
2026-08-17T03:00:00Z,G14,46826,GPS BIII-4  (PRN 14),19.818067621999944,0.7860840539997298,51.625983224001175,55.3047545537901
2026-08-17T03:00:00Z,G11,48859,GPS BIII-5  (PRN 11),15.55910812500224,-19.28410435099977,-50.368397288999404,56.133216295952984
2026-08-17T03:00:00Z,G28,55268,GPS BIII-6  (PRN 28),-32.09877813999992,34.11301900699982,-21.415012223002122,51.50371221925851
2026-08-17T03:00:00Z,G01,62339,GPS BIII-7  (PRN 01),22.404150225000194,-11.527236702000664,50.39317645299889,56.34088538806795
2026-08-17T03:00:00Z,G21,64202,GPS BIII-8  (PRN 21),-19.583178079999925,-10.77586324899994,-52.323141430999385,56.89755022566878
2026-08-17T03:00:00Z,G20,67588,GPS BIII-9  (PRN 20),-13.402070603000539,-46.13924874099939,15.632858210999984,50.52555815304621
2026-08-17T03:00:00Z,G13,68791,GPS BIII-10 (PRN 13),-34.617817330001344,-8.588962159999937,8.381903555000463,36.639048225691965
2026-08-17T03:15:00Z,G22,26407,GPS BIIR-5  (PRN 22),11.091224525000143,-3.209430564000286,57.27268222700059,58.42495901140276
2026-08-17T03:15:00Z,G16,27663,GPS BIIR-8  (PRN 16),23.565595588002907,11.613668698000026,-46.94392924600106,53.79541884861351
2026-08-17T03:15:00Z,G19,28190,GPS BIIR-11 (PRN 19),-6.062798082999507,-43.435592920999625,27.252348681999138,51.63427894024739
2026-08-17T03:15:00Z,G02,28474,GPS BIIR-13 (PRN 02),4.106520576002367,8.576918663999095,60.9622828009999,61.69948921440983
2026-08-17T03:15:00Z,G17,28874,GPS BIIRM-1 (PRN 17),-1.3824037409995071,-25.59960390299966,48.41291466800067,54.781941064047004
2026-08-17T03:15:00Z,G31,29486,GPS BIIRM-2 (PRN 31),-23.495309310001176,27.639914712000063,-36.51502196299771,51.471752192998736
2026-08-17T03:15:00Z,G12,29601,GPS BIIRM-3 (PRN 12),-49.36906408200048,-17.01503585899991,11.427113334000751,53.45460553370327
2026-08-17T03:15:00Z,G15,32260,GPS BIIRM-4 (PRN 15),-23.367205216999537,-38.092892660999496,28.83493017300134,53.18409488764157
2026-08-17T03:15:00Z,G29,32384,GPS BIIRM-5 (PRN 29),-9.22746783599996,-5.378212548999727,-60.03095918200006,60.97366147114334
2026-08-17T03:15:00Z,G07,32711,GPS BIIRM-6 (PRN 07),32.18305694200001,-28.72281915900021,-30.481302062002214,52.819118413389525
2026-08-17T03:15:00Z,G05,35752,GPS BIIRM-8 (PRN 05),-36.034888297999714,-9.946194762000232,-39.66161629099952,54.50214465236608
2026-08-17T03:15:00Z,G25,36585,GPS BIIF-1  (PRN 25),-48.86274518499977,-8.416819574998954,-16.714928566001618,52.32398642820365
2026-08-17T03:15:00Z,G24,38833,GPS BIIF-3  (PRN 24),-38.94719625899961,-21.75759878500321,106.92550835400016,115.85914525011637
2026-08-17T03:15:00Z,G27,39166,GPS BIIF-4  (PRN 27),15.25581511100063,48.46403468800008,-2.399292955000419,50.865107486612324
2026-08-17T03:15:00Z,G30,39533,GPS BIIF-5  (PRN 30),35.009135760999925,-38.103682147000654,1.826162036999449,51.777070674934464
2026-08-17T03:15:00Z,G06,39741,GPS BIIF-6  (PRN 06),31.9262102649991,-33.34880863799981,-20.89171113300108,50.67434788454239
2026-08-17T03:15:00Z,G09,40105,GPS BIIF-7  (PRN 09),7.836387248999927,1.0773541890011984,-60.1826805820001,60.700285824696905
2026-08-17T03:15:00Z,G03,40294,GPS BIIF-8  (PRN 03),52.074648234999586,13.958739689998765,8.820365797000704,54.62979274466445
2026-08-17T03:15:00Z,G26,40534,GPS BIIF-9  (PRN 26),-0.06286634500065702,5.696079587999975,-54.14480324899999,54.4436313421789
2026-08-17T03:15:00Z,G08,40730,GPS BIIF-10 (PRN 08),17.396975538000333,39.76617542300119,25.918317388001014,50.55455114891083
2026-08-17T03:15:00Z,G10,41019,GPS BIIF-11 (PRN 10),-19.93893682899943,-1.6287497350003832,54.405102368998996,57.9666213553227
2026-08-17T03:15:00Z,G32,41328,GPS BIIF-12 (PRN 32),6.868361871000161,32.51275046500086,42.10824455999864,53.64100667880011
2026-08-17T03:15:00Z,G04,43873,GPS BIII-1  (PRN 04),10.756907095000088,24.244027092001488,-49.69689829299932,56.33174593275877
2026-08-17T03:15:00Z,G18,44506,GPS BIII-2  (PRN 18),-34.30120092800007,31.293476653001562,-25.781106682999962,53.1085636026358
2026-08-17T03:15:00Z,G23,45854,GPS BIII-3  (PRN 23),-40.26744802699977,-6.366425219999655,36.42984001900186,54.672954781125966
2026-08-17T03:15:00Z,G14,46826,GPS BIII-4  (PRN 14),25.27862738999829,1.2165977910008223,48.33029614399857,54.55553719169158
2026-08-17T03:15:00Z,G11,48859,GPS BIII-5  (PRN 11),18.492154556999594,-23.836941995001325,-46.23759970699939,55.209376110383
2026-08-17T03:15:00Z,G28,55268,GPS BIII-6  (PRN 28),-31.66137867999896,37.22566596300021,-14.205044305002957,50.891810638002084
2026-08-17T03:15:00Z,G01,62339,GPS BIII-7  (PRN 01),17.398032549999698,-8.708717888999672,53.61640588499995,57.0372885392187
2026-08-17T03:15:00Z,G21,64202,GPS BIII-8  (PRN 21),-14.245428942002036,-8.32216045899986,-55.05368635100058,57.47259330569065
2026-08-17T03:15:00Z,G20,67588,GPS BIII-9  (PRN 20),-16.17391642199982,-46.68236625600002,8.292120295998757,50.09588955880991
2026-08-17T03:15:00Z,G13,68791,GPS BIII-10 (PRN 13),-34.04195297399929,-5.750690316001055,14.180864695998025,37.32320893118289
2026-08-17T03:30:00Z,G22,26407,GPS BIIR-5  (PRN 22),17.09561780399963,-1.9762019290010358,55.20586855300007,57.82606198640661
2026-08-17T03:30:00Z,G16,27663,GPS BIIR-8  (PRN 16),18.810320471002342,8.846559189,-50.3566439899987,54.47826502048099
2026-08-17T03:30:00Z,G19,28190,GPS BIIR-11 (PRN 19),-7.4304378159995395,-39.58804596600021,33.44299479300025,52.353210887855035
2026-08-17T03:30:00Z,G02,28474,GPS BIIR-13 (PRN 02),0.4083446860022377,14.024622765999084,59.64646200900006,61.27444181142945
2026-08-17T03:30:00Z,G17,28874,GPS BIIRM-1 (PRN 17),-1.0955968239995855,-19.929831510999065,51.687888697000744,55.40790877132169
2026-08-17T03:30:00Z,G31,29486,GPS BIIRM-2 (PRN 31),-24.485766304002027,31.675749823999922,-30.754347617999883,50.48500545523995
2026-08-17T03:30:00Z,G12,29601,GPS BIIRM-3 (PRN 12),-48.47964634099844,-14.216814929000975,18.939506743001402,53.9545999127224
2026-08-17T03:30:00Z,G15,32260,GPS BIIRM-4 (PRN 15),-26.667198098999506,-39.542817395000384,21.952226900000824,52.50403915752337
2026-08-17T03:30:00Z,G29,32384,GPS BIIRM-5 (PRN 29),-11.313698849000048,-11.511030435998691,-58.50503435999963,60.69054826584688
2026-08-17T03:30:00Z,G07,32711,GPS BIIRM-6 (PRN 07),28.45917970000005,-27.458947848997923,-36.70418345500002,53.95475705875414
2026-08-17T03:30:00Z,G05,35752,GPS BIIRM-8 (PRN 05),-31.752250994999486,-7.332109332000073,-44.86489749199973,55.451098253086855
2026-08-17T03:30:00Z,G25,36585,GPS BIIF-1  (PRN 25),-50.726836929,-6.319417548000274,-9.357942603000993,51.96843381061616
2026-08-17T03:30:00Z,G24,38833,GPS BIIF-3  (PRN 24),-32.23035835299925,-31.732380737001222,107.057659371,116.21997425915143
2026-08-17T03:30:00Z,G27,39166,GPS BIIF-4  (PRN 27),17.278714408999804,46.928089245000024,-10.00232672200218,50.9984908763793
2026-08-17T03:30:00Z,G30,39533,GPS BIIF-5  (PRN 30),33.1662877710005,-39.50469036400136,-5.806625256998814,51.90703326274442
2026-08-17T03:30:00Z,G06,39741,GPS BIIF-6  (PRN 06),31.312298025000928,-36.6097815359999,-13.728247909999482,50.09192452280628
2026-08-17T03:30:00Z,G09,40105,GPS BIIF-7  (PRN 09),10.389258700999562,7.096117029999732,-59.06687179399978,60.39194413817586
2026-08-17T03:30:00Z,G03,40294,GPS BIIF-8  (PRN 03),51.33800477100158,10.940429152000434,16.675295657001698,55.07584959985403
2026-08-17T03:30:00Z,G26,40534,GPS BIIF-9  (PRN 26),-5.767081374000554,5.215656508999928,-53.740945870999894,54.30056688013448
2026-08-17T03:30:00Z,G08,40730,GPS BIIF-10 (PRN 08),20.256703606000883,41.190193348998946,19.116100156003085,49.72314706737323
2026-08-17T03:30:00Z,G10,41019,GPS BIIF-11 (PRN 10),-25.896898558999965,-1.6255823690007674,50.992188154999894,57.21446605403612
2026-08-17T03:30:00Z,G32,41328,GPS BIIF-12 (PRN 32),6.830356537999251,27.365116001001297,46.72124207000161,54.57451607433761
2026-08-17T03:30:00Z,G04,43873,GPS BIII-1  (PRN 04),13.666718033000052,28.807048829999985,-45.284799397000825,55.38355622848842
2026-08-17T03:30:00Z,G18,44506,GPS BIII-2  (PRN 18),-30.495724092000003,30.557859354001266,-32.51347653300036,54.04533386386171
2026-08-17T03:30:00Z,G23,45854,GPS BIII-3  (PRN 23),-44.37785650200021,-4.707786868999392,30.079728832999535,53.81772469719274
2026-08-17T03:30:00Z,G14,46826,GPS BIII-4  (PRN 14),30.436385924000206,0.9339990770004079,44.22130923500117,53.69143444580444
2026-08-17T03:30:00Z,G11,48859,GPS BIII-5  (PRN 11),20.57976592400155,-28.40634938599942,-41.30930351400093,54.19322843066295
2026-08-17T03:30:00Z,G28,55268,GPS BIII-6  (PRN 28),-30.446024143000614,39.75052226099979,-6.75042644000132,50.52358521779986
2026-08-17T03:30:00Z,G01,62339,GPS BIII-7  (PRN 01),12.587304723998386,-5.13815041899943,55.90893678500015,57.53824851672319
2026-08-17T03:30:00Z,G21,64202,GPS BIII-8  (PRN 21),-8.441671045999101,-6.49267785699999,-56.83815353,57.82726322854549
2026-08-17T03:30:00Z,G20,67588,GPS BIII-9  (PRN 20),-18.74861383700045,-46.27435280999998,0.8109167389993672,49.9347958316734
2026-08-17T03:30:00Z,G13,68791,GPS BIII-10 (PRN 13),-32.66040170700035,-2.9630719229990063,19.731557450002583,38.27291463014345
2026-08-17T03:45:00Z,G22,26407,GPS BIIR-5  (PRN 22),22.946258494997892,-1.5183366780001961,52.19594510299976,57.037293154412474
2026-08-17T03:45:00Z,G16,27663,GPS BIIR-8  (PRN 16),13.528171816000395,6.625520697999946,-52.895311290999416,54.99839010166192
2026-08-17T03:45:00Z,G19,28190,GPS BIIR-11 (PRN 19),-8.18872384900169,-35.12783231499998,39.04054297000039,53.15245805057761
2026-08-17T03:45:00Z,G02,28474,GPS BIIR-13 (PRN 02),-2.527615603998129,19.67386085399994,57.284021600000415,60.62102582613924
2026-08-17T03:45:00Z,G17,28874,GPS BIIRM-1 (PRN 17),-0.06019699600074091,-14.115383651998854,54.03428523399998,55.847575238954754
2026-08-17T03:45:00Z,G31,29486,GPS BIIRM-2 (PRN 31),-24.667174406000413,35.400004869999975,-24.47795285599932,49.606451334403964
2026-08-17T03:45:00Z,G12,29601,GPS BIIRM-3 (PRN 12),-46.61114084700057,-11.42345508300059,26.138830861000315,54.647344453982754
2026-08-17T03:45:00Z,G15,32260,GPS BIIRM-4 (PRN 15),-29.720494297000187,-40.04628252200018,14.654890182999225,51.97863341187074
2026-08-17T03:45:00Z,G29,32384,GPS BIIRM-5 (PRN 29),-14.027352673999758,-17.180325008997897,-55.96217126600095,60.19713284917139
2026-08-17T03:45:00Z,G07,32711,GPS BIIRM-6 (PRN 07),24.60251558999971,-25.30392286099959,-42.35671750000074,55.13314613629868
2026-08-17T03:45:00Z,G05,35752,GPS BIIRM-8 (PRN 05),-26.752934000000096,-5.227074705999257,-49.28019207700163,56.31677475438941
2026-08-17T03:45:00Z,G25,36585,GPS BIIF-1  (PRN 25),-51.675813292999976,-3.967758202999903,-1.8319515210023383,51.86028182555287
2026-08-17T03:45:00Z,G24,38833,GPS BIIF-3  (PRN 24),-26.347368963000918,-42.22560539400001,105.29201247499986,116.46284168436658
2026-08-17T03:45:00Z,G27,39166,GPS BIIF-4  (PRN 27),18.828162368998164,44.52580917499995,-17.40290931799973,51.38004119901414
2026-08-17T03:45:00Z,G30,39533,GPS BIIF-5  (PRN 30),30.779974394999954,-40.12110923199907,-13.357547838000755,52.30233564581349
2026-08-17T03:45:00Z,G06,39741,GPS BIIF-6  (PRN 06),29.913306725999064,-39.26177241500045,-6.31576768100058,49.76124610428644
2026-08-17T03:45:00Z,G09,40105,GPS BIIF-7  (PRN 09),13.56144617300015,12.628390613997908,-56.934063232999506,59.87383926241975
2026-08-17T03:45:00Z,G03,40294,GPS BIIF-8  (PRN 03),49.553456337998796,7.952873611999166,24.256449593998695,55.74198220943156
2026-08-17T03:45:00Z,G26,40534,GPS BIIF-9  (PRN 26),-11.403941650001798,5.418916704999901,-52.439826492000066,53.93839027931261
2026-08-17T03:45:00Z,G08,40730,GPS BIIF-10 (PRN 08),22.97883041299974,41.68018884400044,11.996892307000962,49.083502465153394
2026-08-17T03:45:00Z,G10,41019,GPS BIIF-11 (PRN 10),-31.48282591699899,-0.8422763849994226,46.72981262800022,56.352046506553776
2026-08-17T03:45:00Z,G32,41328,GPS BIIF-12 (PRN 32),6.017716841000947,21.928575909001665,50.51775533,55.39962961028763
2026-08-17T03:45:00Z,G04,43873,GPS BIII-1  (PRN 04),16.945701435000046,32.57573250199857,-40.09076844900119,54.36547488983572
2026-08-17T03:45:00Z,G18,44506,GPS BIII-2  (PRN 18),-26.450102433999973,28.894037292000576,-38.69667625399961,55.06274659792652
2026-08-17T03:45:00Z,G23,45854,GPS BIII-3  (PRN 23),-47.68534670199915,-2.51372474100026,23.203429419001623,53.09058521965988
2026-08-17T03:45:00Z,G14,46826,GPS BIII-4  (PRN 14),35.13854067899956,-0.006507247000627103,39.36550271700071,52.767034098536946
2026-08-17T03:45:00Z,G11,48859,GPS BIII-5  (PRN 11),21.803403046000312,-32.82076108599995,-35.67024160800065,53.150323414103184
2026-08-17T03:45:00Z,G28,55268,GPS BIII-6  (PRN 28),-28.554091770000014,41.55875621300038,0.8211238910007523,50.42956096602024
2026-08-17T03:45:00Z,G01,62339,GPS BIII-7  (PRN 01),8.129090108999662,-0.8995561320007255,57.23121947199979,57.812661152095956
2026-08-17T03:45:00Z,G21,64202,GPS BIII-8  (PRN 21),-2.334549726001569,-5.361930351999945,-57.646177566000006,57.94205905465972
2026-08-17T03:45:00Z,G20,67588,GPS BIII-9  (PRN 20),-20.969970193000336,-44.95718418599972,-6.684061423002277,50.055616437475756
2026-08-17T03:45:00Z,G13,68791,GPS BIII-10 (PRN 13),-30.507466528000805,-0.3649685119999049,24.93808716499916,39.404909686750166
2026-08-17T04:00:00Z,G22,26407,GPS BIIR-5  (PRN 22),28.47052359599911,-1.81045935200018,48.303970638000465,56.099216182513615
2026-08-17T04:00:00Z,G16,27663,GPS BIIR-8  (PRN 16),7.864431802001491,5.040490388999956,-54.527214619000006,55.32154160032438
2026-08-17T04:00:00Z,G19,28190,GPS BIIR-11 (PRN 19),-8.255532576000405,-30.19934570499936,43.95901807900009,53.968042113766955
2026-08-17T04:00:00Z,G02,28474,GPS BIIR-13 (PRN 02),-4.644320011000673,25.34527610800069,53.930840210001406,59.770295758947654
2026-08-17T04:00:00Z,G17,28874,GPS BIIRM-1 (PRN 17),1.7151721169993834,-8.337410259002354,55.41775328599988,56.06765203293072
2026-08-17T04:00:00Z,G31,29486,GPS BIIRM-2 (PRN 31),-24.091328316000727,38.66356360000009,-17.7859170169977,48.90400898102443
2026-08-17T04:00:00Z,G12,29601,GPS BIIRM-3 (PRN 12),-43.79555308199997,-8.79719668100006,32.9045649159998,55.481091657552305
2026-08-17T04:00:00Z,G15,32260,GPS BIIRM-4 (PRN 15),-32.36290675999953,-39.63150047700037,7.080550339996989,51.65411655552862
2026-08-17T04:00:00Z,G29,32384,GPS BIIRM-5 (PRN 29),-17.26175289599996,-22.233708739000576,-52.44780720400013,59.52376330375324
2026-08-17T04:00:00Z,G07,32711,GPS BIIRM-6 (PRN 07),20.771207496999978,-22.266898967998713,-47.33671592800056,56.2851892186809
2026-08-17T04:00:00Z,G05,35752,GPS BIIRM-8 (PRN 05),-21.181547580999904,-3.742988566999884,-52.83203128400055,57.042891326899515
2026-08-17T04:00:00Z,G25,36585,GPS BIIF-1  (PRN 25),-51.671209825000005,-1.515445491000719,5.7412939999994705,52.01127720610023
2026-08-17T04:00:00Z,G24,38833,GPS BIIF-3  (PRN 24),-21.42571627399957,-52.96939470399957,101.63402082999983,116.59456369503197
2026-08-17T04:00:00Z,G27,39166,GPS BIIF-4  (PRN 27),19.78064795099999,41.36642095100024,-24.471079328002816,51.973921721707306
2026-08-17T04:00:00Z,G30,39533,GPS BIIF-5  (PRN 30),27.987065970000003,-39.87735448300009,-20.70068585699846,52.933898941246674
2026-08-17T04:00:00Z,G06,39741,GPS BIIF-6  (PRN 06),27.834371498998735,-41.17197580100037,1.2183647909987485,49.71285790282408
2026-08-17T04:00:00Z,G09,40105,GPS BIIF-7  (PRN 09),17.239277648000098,17.529817804999766,-53.824237950999304,59.1737762620159
2026-08-17T04:00:00Z,G03,40294,GPS BIIF-8  (PRN 03),46.75522185900081,5.17036809199999,31.436813677002647,56.57788199865509
2026-08-17T04:00:00Z,G26,40534,GPS BIIF-9  (PRN 26),-16.81983282299916,6.284707495000475,-50.26597640699947,53.37670567429562
2026-08-17T04:00:00Z,G08,40730,GPS BIIF-10 (PRN 08),25.409225758001412,41.26164684000105,4.689501114997256,48.684121377278764
2026-08-17T04:00:00Z,G10,41019,GPS BIIF-11 (PRN 10),-36.534895478998806,0.6498022790001414,41.68697645799875,55.43487022509301
2026-08-17T04:00:00Z,G32,41328,GPS BIIF-12 (PRN 32),4.415196648998972,16.379020142998343,53.436843417999626,56.064806222566105
2026-08-17T04:00:00Z,G04,43873,GPS BIII-1  (PRN 04),20.44141198699981,35.463329428999714,-34.206690302002244,53.344134819388636
2026-08-17T04:00:00Z,G18,44506,GPS BIII-2  (PRN 18),-22.336734827999862,26.30212678499811,-44.21959389699987,56.090142454856405
2026-08-17T04:00:00Z,G23,45854,GPS BIII-3  (PRN 23),-50.08429995699953,0.07451328599927365,15.913540100998944,52.55172131299407
2026-08-17T04:00:00Z,G14,46826,GPS BIII-4  (PRN 14),39.24614617900079,-1.5224274160009372,33.84123866200025,51.84406628842832
2026-08-17T04:00:00Z,G11,48859,GPS BIII-5  (PRN 11),22.178451962998224,-36.91085453000005,-29.419346146998578,52.15163316068602
2026-08-17T04:00:00Z,G28,55268,GPS BIII-6  (PRN 28),-26.110983774000488,42.54565892699975,8.379709413002274,50.61754732328571
2026-08-17T04:00:00Z,G01,62339,GPS BIII-7  (PRN 01),4.163253050999629,3.895124942999246,57.561083537,57.842743816677
2026-08-17T04:00:00Z,G21,64202,GPS BIII-8  (PRN 21),3.901847572000406,-4.973525391999829,-57.46436711699994,57.81101847794533
2026-08-17T04:00:00Z,G20,67588,GPS BIII-9  (PRN 20),-22.693738784000743,-42.80401321099998,-14.065912393998588,50.4483817227031
2026-08-17T04:00:00Z,G13,68791,GPS BIII-10 (PRN 13),-27.645469856997806,1.9133198250001442,29.71061133100011,40.62823183487887
2026-08-17T04:15:00Z,G22,26407,GPS BIIR-5  (PRN 22),33.50732323400007,-2.7949039279992576,43.60476990799907,55.062947224100235
2026-08-17T04:15:00Z,G16,27663,GPS BIIR-8  (PRN 16),1.9766052779996244,4.152608112999815,-55.23482853199994,55.42596328007843
2026-08-17T04:15:00Z,G19,28190,GPS BIIR-11 (PRN 19),-7.576683375998982,-24.959507290001056,48.12411953099945,54.73859713012088
2026-08-17T04:15:00Z,G02,28474,GPS BIIR-13 (PRN 02),-5.921315293999214,30.857341382999948,49.66009343400037,58.76531606238154
2026-08-17T04:15:00Z,G17,28874,GPS BIIRM-1 (PRN 17),4.189126892000786,-2.7713967169984244,55.822489488,56.04801295780381
2026-08-17T04:15:00Z,G31,29486,GPS BIIRM-2 (PRN 31),-22.837363308999556,41.330118072999994,-10.784854772999097,48.43590522855995
2026-08-17T04:15:00Z,G12,29601,GPS BIIRM-3 (PRN 12),-40.09722669499752,-6.4918198689993005,39.12261687899809,56.396014622510535
2026-08-17T04:15:00Z,G15,32260,GPS BIIRM-4 (PRN 15),-34.44325251999908,-38.36189140799979,-0.6265231350007525,51.55933366321061
2026-08-17T04:15:00Z,G29,32384,GPS BIIRM-5 (PRN 29),-20.884987138000042,-26.542870421999396,-48.02494214299986,58.71202369048406
2026-08-17T04:15:00Z,G07,32711,GPS BIIRM-6 (PRN 07),17.120663158000752,-18.390198589000647,-51.54970864200004,57.34709209879521
2026-08-17T04:15:00Z,G05,35752,GPS BIIRM-8 (PRN 05),-15.202541802998894,-2.963210672999594,-55.46134901200003,57.58349701950537
2026-08-17T04:15:00Z,G25,36585,GPS BIIF-1  (PRN 25),-50.70556018000025,0.8796966440004326,13.238048035000247,52.41253299669904
2026-08-17T04:15:00Z,G24,38833,GPS BIIF-3  (PRN 24),-17.545979869999428,-63.674361290999514,96.12572721500146,116.62950367736303
2026-08-17T04:15:00Z,G27,39166,GPS BIIF-4  (PRN 27),20.03663222600153,37.583593302000736,-31.085174435000226,52.728371737657795
2026-08-17T04:15:00Z,G30,39533,GPS BIIF-5  (PRN 30),24.93719527200028,-38.72707833799723,-27.71194297799957,53.755019191208056
2026-08-17T04:15:00Z,G06,39741,GPS BIIF-6  (PRN 06),25.20519027299997,-42.232419809999556,8.74379030399723,49.95330588245838
2026-08-17T04:15:00Z,G09,40105,GPS BIIF-7  (PRN 09),21.28535486799956,21.681456009999238,-49.7937586070002,58.331554606254166
2026-08-17T04:15:00Z,G03,40294,GPS BIIF-8  (PRN 03),43.01223973300148,2.7577986669984966,38.09498056600205,57.52291512659075
2026-08-17T04:15:00Z,G26,40534,GPS BIIF-9  (PRN 26),-21.868891300997348,7.763520759999665,-47.25684628900126,52.647223882253044
2026-08-17T04:15:00Z,G08,40730,GPS BIIF-10 (PRN 08),27.403594856999916,39.992540058000486,-2.6755490839968843,48.554287496350334
2026-08-17T04:15:00Z,G10,41019,GPS BIIF-11 (PRN 10),-40.90811146700071,2.7502174640012527,35.9441279040002,54.525385011707876
2026-08-17T04:15:00Z,G32,41328,GPS BIIF-12 (PRN 32),2.0406706590001704,10.892414510999515,55.43328937099977,56.53015656361597
2026-08-17T04:15:00Z,G04,43873,GPS BIII-1  (PRN 04),23.989353149000635,37.415900258001784,-27.73609676599881,52.390168165764216
2026-08-17T04:15:00Z,G18,44506,GPS BIII-2  (PRN 18),-18.32713757600004,22.81789809899783,-48.98192174699943,57.05934720459968
2026-08-17T04:15:00Z,G23,45854,GPS BIII-3  (PRN 23),-51.49901219399999,2.8986698879998585,8.330573559000186,52.24891386334523
2026-08-17T04:15:00Z,G14,46826,GPS BIII-4  (PRN 14),42.63887139399958,-3.506819448999522,27.73782026200206,50.9878202053103
2026-08-17T04:15:00Z,G11,48859,GPS BIII-5  (PRN 11),21.75336698799947,-40.51576650400011,-22.665920313000242,51.26870638466041
2026-08-17T04:15:00Z,G28,55268,GPS BIII-6  (PRN 28),-23.260957176000375,42.63465290400018,15.795406192002702,51.071328686050954
2026-08-17T04:15:00Z,G01,62339,GPS BIII-7  (PRN 01),0.8066513929989014,9.110028551000141,56.894077256999935,57.624468184924204
2026-08-17T04:15:00Z,G21,64202,GPS BIII-8  (PRN 21),10.088447517999157,-5.338033959999848,-56.296437488000265,57.4417988377963
2026-08-17T04:15:00Z,G20,67588,GPS BIII-9  (PRN 20),-23.793277295000735,-39.916044838999994,-21.209548200000427,51.080873278302484
2026-08-17T04:15:00Z,G13,68791,GPS BIII-10 (PRN 13),-24.162203728999884,3.7554619389993604,33.96699518100104,41.852984900041676
2026-08-17T04:30:00Z,G22,26407,GPS BIIR-5  (PRN 22),37.91289910400155,-4.384845366001173,38.18519790500068,53.98818506301181
2026-08-17T04:30:00Z,G16,27663,GPS BIIR-8  (PRN 16),-3.971301048000896,3.992673638999804,-55.01537683599963,55.30284227061446
2026-08-17T04:30:00Z,G19,28190,GPS BIIR-11 (PRN 19),-6.127688837997994,-19.57226331399943,51.47382316100084,55.409173721847175
2026-08-17T04:30:00Z,G02,28474,GPS BIIR-13 (PRN 02),-6.3742956740006775,36.03363791300035,44.55984395100131,57.65964272801548
2026-08-17T04:30:00Z,G17,28874,GPS BIIRM-1 (PRN 17),7.2897167570008605,2.419431798000005,55.25093024299986,55.78224550284175
2026-08-17T04:30:00Z,G31,29486,GPS BIIRM-2 (PRN 31),-21.00872843199977,43.281344669000646,-3.5866878630004067,48.24423070702797
2026-08-17T04:30:00Z,G12,29601,GPS BIIRM-3 (PRN 12),-35.61086755699944,-4.646723996998844,44.687192858000344,57.32949622658965
2026-08-17T04:30:00Z,G15,32260,GPS BIIRM-4 (PRN 15),-35.830333097999755,-36.33326309400036,-8.318955197002651,51.70226100028124
2026-08-17T04:30:00Z,G29,32384,GPS BIIRM-5 (PRN 29),-24.74545958899995,-30.008302919002745,-42.77289924299839,57.813120690732056
2026-08-17T04:30:00Z,G07,32711,GPS BIIRM-6 (PRN 07),13.797695219999696,-13.748871787000098,-54.91111259199988,58.263523364886346
2026-08-17T04:30:00Z,G05,35752,GPS BIIRM-8 (PRN 05),-8.993796889000805,-2.9395205860000715,-57.126353220000055,57.904657808956344
2026-08-17T04:30:00Z,G25,36585,GPS BIIF-1  (PRN 25),-48.80314989700037,3.061649210001633,20.53428896299738,53.03563103207189
2026-08-17T04:30:00Z,G24,38833,GPS BIIF-3  (PRN 24),-14.738187162000031,-74.04073429100026,88.84630287799882,116.58863593962212
2026-08-17T04:30:00Z,G27,39166,GPS BIIF-4  (PRN 27),19.52444312499938,33.32983705100014,-37.133867962000295,53.58176991297347
2026-08-17T04:30:00Z,G30,39533,GPS BIIF-5  (PRN 30),21.787189848999333,-36.65557193100176,-34.27102786699834,54.70663530291148
2026-08-17T04:30:00Z,G06,39741,GPS BIIF-6  (PRN 06),22.174905562000276,-42.36462809000113,16.1293955000001,50.46429974826924
2026-08-17T04:30:00Z,G09,40105,GPS BIIF-7  (PRN 09),25.544166701999984,24.993838880000112,-44.91420734900021,57.39758232058171
2026-08-17T04:30:00Z,G03,40294,GPS BIIF-8  (PRN 03),38.42605477800316,0.8642334349988232,44.11714216400105,58.51180067260748
2026-08-17T04:30:00Z,G26,40534,GPS BIIF-9  (PRN 26),-26.417939672999637,9.77969831199971,-43.46216943299987,51.79295519144246
2026-08-17T04:30:00Z,G08,40730,GPS BIIF-10 (PRN 08),28.833459329000107,37.960525268999845,-9.968603671000892,48.700543269300105
2026-08-17T04:30:00Z,G10,41019,GPS BIIF-11 (PRN 10),-44.47935974699976,5.333421688999806,29.592225197000516,53.68946472563969
2026-08-17T04:30:00Z,G32,41328,GPS BIIF-12 (PRN 32),-1.055816602998675,5.638359689997742,56.478033633999985,56.76860163731526
2026-08-17T04:30:00Z,G04,43873,GPS BIII-1  (PRN 04),27.41976403299941,38.41405118900002,-20.792206400001305,51.57323564947944
2026-08-17T04:30:00Z,G18,44506,GPS BIII-2  (PRN 18),-14.58522659099981,18.511922719000722,-52.896312054999726,57.90889350078252
2026-08-17T04:30:00Z,G23,45854,GPS BIII-3  (PRN 23),-51.88686438100012,5.789686744999926,0.5812747749987466,52.21211591442715
2026-08-17T04:30:00Z,G14,46826,GPS BIII-4  (PRN 14),45.21951968800022,-5.832527169999594,21.154421581999486,50.262639071891044
2026-08-17T04:30:00Z,G11,48859,GPS BIII-5  (PRN 11),20.607333410000138,-43.48951297799999,-15.52766567100116,50.56785867055205
2026-08-17T04:30:00Z,G28,55268,GPS BIII-6  (PRN 28),-20.161426577000384,41.780621415000496,22.940461059999507,51.75295354942295
2026-08-17T04:30:00Z,G01,62339,GPS BIII-7  (PRN 01),-1.85106723699937,14.590645694999694,55.243424870000126,57.16773026000118
2026-08-17T04:30:00Z,G21,64202,GPS BIII-8  (PRN 21),16.04786004500056,-6.432846869000059,-54.16303281099954,56.85551384122161
2026-08-17T04:30:00Z,G20,67588,GPS BIII-9  (PRN 20),-24.164699891000055,-36.418741841000156,-27.993698059999588,51.90283816110578
2026-08-17T04:30:00Z,G13,68791,GPS BIII-10 (PRN 13),-20.167698735000158,5.0636121179995826,37.63431499199942,42.99671969888298
2026-08-17T04:45:00Z,G22,26407,GPS BIIR-5  (PRN 22),41.56584623500021,-6.468393223000021,32.14234177900289,52.94043652216393
2026-08-17T04:45:00Z,G16,27663,GPS BIIR-8  (PRN 16),-9.814553419000731,4.560755032000088,-53.88022446299965,54.95638755831354
2026-08-17T04:45:00Z,G19,28190,GPS BIIR-11 (PRN 19),-3.914383633000398,-14.202999442000873,53.95881180900051,55.9338981675237
2026-08-17T04:45:00Z,G02,28474,GPS BIIR-13 (PRN 02),-6.053237957999954,40.70965052899919,38.730486660999304,56.515200901768544
2026-08-17T04:45:00Z,G17,28874,GPS BIIRM-1 (PRN 17),10.917865912999332,7.090042023999558,53.723045340999306,55.277790229959265
2026-08-17T04:45:00Z,G31,29486,GPS BIIRM-2 (PRN 31),-18.729427254998882,44.42146242200033,3.6926617300014186,48.34970030581058
2026-08-17T04:45:00Z,G12,29601,GPS BIIRM-3 (PRN 12),-30.458397142003378,-3.3815998760001094,49.502583838000646,58.22074356120545
2026-08-17T04:45:00Z,G15,32260,GPS BIIRM-4 (PRN 15),-36.418912380999245,-33.66956409900013,-15.849902557998576,52.06914764742773
2026-08-17T04:45:00Z,G29,32384,GPS BIIRM-5 (PRN 29),-28.678175278000026,-32.56289792800089,-36.78574104400104,56.88559398390246
2026-08-17T04:45:00Z,G07,32711,GPS BIIRM-6 (PRN 07),10.934782450000057,-8.448936609998782,-57.348462164999546,58.989830562216326
2026-08-17T04:45:00Z,G05,35752,GPS BIIRM-8 (PRN 05),-2.7397553939990757,-3.6904649990001417,-57.80295799800001,57.98540975837237
2026-08-17T04:45:00Z,G25,36585,GPS BIIF-1  (PRN 25),-46.01965603499957,4.882125308000468,27.507573054001114,53.83595884187351
2026-08-17T04:45:00Z,G24,38833,GPS BIIF-3  (PRN 24),-12.98029694700017,-83.77032915699965,79.91159599000093,116.4981516144076
2026-08-17T04:45:00Z,G27,39166,GPS BIIF-4  (PRN 27),18.202840115998697,28.77038029999858,-42.51783106699986,54.46874451955999
2026-08-17T04:45:00Z,G30,39533,GPS BIIF-5  (PRN 30),18.69524211099997,-33.680981262001296,-40.26352496400068,55.72317308702812
2026-08-17T04:45:00Z,G06,39741,GPS BIIF-6  (PRN 06),18.906290631999582,-41.52311775599992,23.245647165000264,51.20524627184167
2026-08-17T04:45:00Z,G09,40105,GPS BIIF-7  (PRN 09),29.848311249999824,27.409917942000902,-39.2709825239981,56.430801469270776
2026-08-17T04:45:00Z,G03,40294,GPS BIIF-8  (PRN 03),33.12745724600245,-0.38285865299985744,49.399035305001235,59.47974187400829
2026-08-17T04:45:00Z,G26,40534,GPS BIIF-9  (PRN 26),-30.350990420000016,12.234484693999548,-38.94325535600001,50.86690842704385
2026-08-17T04:45:00Z,G08,40730,GPS BIIF-10 (PRN 08),29.591262713001925,35.279065575000004,-17.06331487100033,49.10613007743483
2026-08-17T04:45:00Z,G10,41019,GPS BIIF-11 (PRN 10),-47.15176648299894,8.253481154000838,22.731713172001037,52.991884448100485
2026-08-17T04:45:00Z,G32,41328,GPS BIIF-12 (PRN 32),-4.794280378999247,0.7740200629996252,56.558316874999946,56.7664288038563
2026-08-17T04:45:00Z,G04,43873,GPS BIII-1  (PRN 04),30.5644952319999,38.473352749000696,-13.495837997998024,50.956107423980015
2026-08-17T04:45:00Z,G18,44506,GPS BIII-2  (PRN 18),-11.260915632999968,13.487197620001098,-55.89031791999969,58.58703233423881
2026-08-17T04:45:00Z,G23,45854,GPS BIII-3  (PRN 23),-51.24032621099997,8.574280835000536,-7.203268853998452,52.44975123134648
2026-08-17T04:45:00Z,G14,46826,GPS BIII-4  (PRN 14),46.917786923000676,-8.357105422001041,14.198833694001223,49.726520278986314
2026-08-17T04:45:00Z,G11,48859,GPS BIII-5  (PRN 11),18.846837424000114,-45.706776252000054,-8.12860169600026,50.103760754750795
2026-08-17T04:45:00Z,G28,55268,GPS BIII-6  (PRN 28),-16.976849480000055,39.97197238999797,29.69149365800331,52.60757351044229
2026-08-17T04:45:00Z,G01,62339,GPS BIII-7  (PRN 01),-3.7505788910002593,20.169842619998235,52.639619473000494,56.49618510656633
2026-08-17T04:45:00Z,G21,64202,GPS BIII-8  (PRN 21),21.610949271998834,-8.203323791999992,-51.10125987799984,56.08624083313283
2026-08-17T04:45:00Z,G20,67588,GPS BIII-9  (PRN 20),-23.7310871410009,-32.45718859000044,-34.302871609997965,52.85187403255099
2026-08-17T04:45:00Z,G13,68791,GPS BIII-10 (PRN 13),-15.790093809999235,5.76210147600068,40.6501512169998,43.98822194534869
2026-08-17T05:00:00Z,G22,26407,GPS BIIR-5  (PRN 22),44.370942943000045,-8.913057992000176,25.581715821001126,51.986992265048215
2026-08-17T05:00:00Z,G16,27663,GPS BIIR-8  (PRN 16),-15.393301648000488,5.826165406999962,-51.854187413000545,54.40362755587757
2026-08-17T05:00:00Z,G19,28190,GPS BIIR-11 (PRN 19),-0.9730025169992587,-9.012535999998363,55.54280508800002,56.27766640589244
2026-08-17T05:00:00Z,G02,28474,GPS BIIR-13 (PRN 02),-5.039610695999727,44.73840633800137,32.282175104999624,55.39911106814994
2026-08-17T05:00:00Z,G17,28874,GPS BIIRM-1 (PRN 17),14.95120630800011,11.118940321000991,51.275306368999736,54.55571873929578
2026-08-17T05:00:00Z,G31,29486,GPS BIIRM-2 (PRN 31),-16.139393368999663,44.68072907500027,10.934696602998883,48.74848878470512
2026-08-17T05:00:00Z,G12,29601,GPS BIIRM-3 (PRN 12),-24.784500645000662,-2.791262111000833,53.48482724899986,59.01431489265723
2026-08-17T05:00:00Z,G15,32260,GPS BIIRM-4 (PRN 15),-36.13426434900248,-30.51700538700061,-23.076670262002153,52.62609037554462
2026-08-17T05:00:00Z,G29,32384,GPS BIIRM-5 (PRN 29),-32.51100964900024,-34.174238055002206,-30.170400603998132,55.991940202524496
2026-08-17T05:00:00Z,G07,32711,GPS BIIRM-6 (PRN 07),8.643982450000294,-2.6244216679988313,-58.803611609999734,59.49345140489893
2026-08-17T05:00:00Z,G05,35752,GPS BIIRM-8 (PRN 05),3.375736154997867,-5.200383615000646,-57.48482403099979,57.81820282753812
2026-08-17T05:00:00Z,G25,36585,GPS BIIF-1  (PRN 25),-42.440244248000454,6.206528548998904,34.03898828000092,54.75717351713394
2026-08-17T05:00:00Z,G24,38833,GPS BIIF-3  (PRN 24),-12.1985612389999,-92.57840018699972,69.47262727099951,116.38733185970509
2026-08-17T05:00:00Z,G27,39166,GPS BIIF-4  (PRN 27),16.062517782000214,24.076237450000917,-47.15105308400052,55.325324166932226
2026-08-17T05:00:00Z,G30,39533,GPS BIIF-5  (PRN 30),15.814402894000068,-29.85414760799904,-45.58299588200134,56.73777385369031
2026-08-17T05:00:00Z,G06,39741,GPS BIIF-6  (PRN 06),15.569034968000778,-39.69739205299993,29.96698230399852,52.11811406845583
2026-08-17T05:00:00Z,G09,40105,GPS BIIF-7  (PRN 09),34.02455705600005,28.906848471000558,-32.961735001001216,55.49551644645375
2026-08-17T05:00:00Z,G03,40294,GPS BIIF-8  (PRN 03),27.271694253999158,-0.8831235289999313,53.84780434200002,60.366474529372674
2026-08-17T05:00:00Z,G26,40534,GPS BIIF-9  (PRN 26),-33.57303913400028,15.00924491600017,-33.7722376189995,49.929855031191074
2026-08-17T05:00:00Z,G08,40730,GPS BIIF-10 (PRN 08),29.59440846200232,32.082249034999904,-23.838849862000643,49.73319292085111
2026-08-17T05:00:00Z,G10,41019,GPS BIIF-11 (PRN 10),-48.857916852000926,11.349145969001256,15.47142550600256,52.490610212975426
2026-08-17T05:00:00Z,G32,41328,GPS BIIF-12 (PRN 32),-9.067566924000857,-3.5618039170003613,55.67755728999964,56.523425257547736
2026-08-17T05:00:00Z,G04,43873,GPS BIII-1  (PRN 04),33.26338331700026,37.64325003900012,-5.973240934999922,50.58800797086136
2026-08-17T05:00:00Z,G18,44506,GPS BIII-2  (PRN 18),-8.483581800000138,7.875526707000972,-57.90806203899956,59.053693620150476
2026-08-17T05:00:00Z,G23,45854,GPS BIII-3  (PRN 23),-49.58732916600002,11.081755167000665,-14.889689496001665,52.94725077552114
2026-08-17T05:00:00Z,G14,46826,GPS BIII-4  (PRN 14),47.692771891999655,-10.928050426999107,6.986032663997321,49.42496767080162
2026-08-17T05:00:00Z,G11,48859,GPS BIII-5  (PRN 11),16.601207965999492,-47.067471741999725,-0.5969091779988958,49.91295726242923
2026-08-17T05:00:00Z,G28,55268,GPS BIII-6  (PRN 28),-13.87195774599968,37.231205112999305,35.93165657899954,53.56937362322045
2026-08-17T05:00:00Z,G01,62339,GPS BIII-7  (PRN 01),-4.865330008999081,25.673976748003042,49.129713962000096,55.646682849397365
2026-08-17T05:00:00Z,G21,64202,GPS BIII-8  (PRN 21),26.62299307899957,-10.564505907999774,-47.163975105000645,55.180006281892915
2026-08-17T05:00:00Z,G20,67588,GPS BIII-9  (PRN 20),-22.445764803000202,-28.190240968999206,-40.029239391000374,53.85946573912389
2026-08-17T05:00:00Z,G13,68791,GPS BIII-10 (PRN 13),-11.170507740000176,5.800785600000381,42.963642231999984,44.769452873425514
2026-08-17T05:15:00Z,G22,26407,GPS BIIR-5  (PRN 22),46.26226055599909,-11.571360332998665,18.61545094500252,51.192071120370194
2026-08-17T05:15:00Z,G16,27663,GPS BIIR-8  (PRN 16),-20.5579138840003,7.729205196999828,-48.97477159299888,53.67398521468022
2026-08-17T05:15:00Z,G19,28190,GPS BIIR-11 (PRN 19),2.631210021998413,-4.151807160000317,56.20278070400002,56.41731407764475
2026-08-17T05:15:00Z,G02,28474,GPS BIIR-13 (PRN 02),-3.4420545239991043,47.9956488530006,25.33231024899942,54.3797387886176
2026-08-17T05:15:00Z,G17,28874,GPS BIIRM-1 (PRN 17),19.249356993999754,14.41211395999926,47.959385756999836,53.65025121718604
2026-08-17T05:15:00Z,G31,29486,GPS BIIRM-2 (PRN 31),-13.389314940999611,44.01852482399954,18.019884396002453,49.412756611179184
2026-08-17T05:15:00Z,G12,29601,GPS BIIRM-3 (PRN 12),-18.751561772998684,-2.941845214998466,56.563209672000085,59.66298861601084
2026-08-17T05:15:00Z,G15,32260,GPS BIIRM-4 (PRN 15),-34.93554286699873,-27.037502327999846,-29.86412443199879,53.323396512585454
2026-08-17T05:15:00Z,G29,32384,GPS BIIRM-5 (PRN 29),-36.07182579099981,-34.845443066998996,-23.044558601999597,55.19450334582875
2026-08-17T05:15:00Z,G07,32711,GPS BIIRM-6 (PRN 07),7.012071643999661,3.5669895610008098,-59.234843075000015,59.754993074961945
2026-08-17T05:15:00Z,G05,35752,GPS BIIRM-8 (PRN 05),9.17628574199989,-7.420468764999896,-56.183027298000525,57.40905967771151
2026-08-17T05:15:00Z,G25,36585,GPS BIIF-1  (PRN 25),-38.176950531998955,6.919395315002475,40.015182274000836,55.73663423520911
2026-08-17T05:15:00Z,G24,38833,GPS BIIF-3  (PRN 24),-12.270807695998883,-100.20561092800017,57.7130246630004,116.28641536618981
2026-08-17T05:15:00Z,G27,39166,GPS BIIF-4  (PRN 27),13.12620132200027,19.41774378000082,-50.961797153999214,56.09323224611686
2026-08-17T05:15:00Z,G30,39533,GPS BIIF-5  (PRN 30),13.286632090999774,-25.25736480699925,-50.13309295899853,57.68705295775663
2026-08-17T05:15:00Z,G06,39741,GPS BIIF-6  (PRN 06),12.332971617000112,-36.912843245998374,36.17419985500237,53.134103178269896
2026-08-17T05:15:00Z,G09,40105,GPS BIIF-7  (PRN 09),37.90068742300002,29.496343245999014,-26.094635184002982,54.65735410178533
2026-08-17T05:15:00Z,G03,40294,GPS BIIF-8  (PRN 03),21.03301486500277,-0.5674343689988746,57.38374117500098,61.119583173595444
2026-08-17T05:15:00Z,G26,40534,GPS BIIF-9  (PRN 26),-36.013291188999574,17.97002257999975,-28.03125639100108,49.04722406668306
2026-08-17T05:15:00Z,G08,40730,GPS BIIF-10 (PRN 08),28.788417149997258,28.519275590000007,-30.18185288099994,50.527876321006715
2026-08-17T05:15:00Z,G10,41019,GPS BIIF-11 (PRN 10),-49.562432140000055,14.44993437300036,7.927354024999659,52.23100826955005
2026-08-17T05:15:00Z,G32,41328,GPS BIIF-12 (PRN 32),-13.745656953000434,-7.253401539001061,53.85498003500015,56.052776858295054
2026-08-17T05:15:00Z,G04,43873,GPS BIII-1  (PRN 04),35.370725086000675,36.00480538500051,1.6461243869998725,50.4989497853042
2026-08-17T05:15:00Z,G18,44506,GPS BIII-2  (PRN 18),-6.356959106000431,1.8325639340000635,-58.9115453930001,59.28186400779812
2026-08-17T05:15:00Z,G23,45854,GPS BIII-3  (PRN 23),-46.99068038000041,13.15092783,-22.34458583599917,53.668905909731
2026-08-17T05:15:00Z,G14,46826,GPS BIII-4  (PRN 14),47.53482163300032,-13.38886141599869,-0.363455343998794,49.38575682810839
2026-08-17T05:15:00Z,G11,48859,GPS BIII-5  (PRN 11),14.017237607000425,-47.500810614999864,6.93727378100084,50.00935639183684
2026-08-17T05:15:00Z,G28,55268,GPS BIII-6  (PRN 28),-11.005297349000102,33.61439894400246,41.5527379189989,54.568071384936005
2026-08-17T05:15:00Z,G01,62339,GPS BIII-7  (PRN 01),-5.202072754000255,30.929635699001665,44.776301399999284,54.66828232599272
2026-08-17T05:15:00Z,G21,64202,GPS BIII-8  (PRN 21),30.94934190100321,-13.404707366000366,-42.418841398999575,54.19322881418653
2026-08-17T05:15:00Z,G20,67588,GPS BIII-9  (PRN 20),-20.29442978499719,-23.784615305999978,-45.07443938799952,54.856876430353125
2026-08-17T05:15:00Z,G13,68791,GPS BIII-10 (PRN 13),-6.457732340997609,5.156902519000141,44.53629725199971,45.29655310834273
2026-08-17T05:30:00Z,G22,26407,GPS BIIR-5  (PRN 22),47.20522082400021,-14.286769607999304,11.36051427699931,50.61132228575519
2026-08-17T05:30:00Z,G16,27663,GPS BIIR-8  (PRN 16),-25.173888454999542,10.18379538299996,-45.2913950509992,52.80856761940476
2026-08-17T05:30:00Z,G19,28190,GPS BIIR-11 (PRN 19),6.806385743999272,0.24308409600052983,55.92911893600012,56.34227827955746
2026-08-17T05:30:00Z,G02,28474,GPS BIIR-13 (PRN 02),-1.3913001289984095,50.38394649200018,18.00317963100315,53.52188577566989
2026-08-17T05:30:00Z,G17,28874,GPS BIIRM-1 (PRN 17),23.65974767300031,16.905825537000055,43.84064632400077,52.607916392342034
2026-08-17T05:30:00Z,G31,29486,GPS BIIRM-2 (PRN 31),-10.635105110999575,42.42542155999945,24.82934798000133,50.294317535658756
2026-08-17T05:30:00Z,G12,29601,GPS BIIRM-3 (PRN 12),-12.533894751999469,-3.8681011980006588,58.68157880099989,60.12976313864984
2026-08-17T05:30:00Z,G15,32260,GPS BIIRM-4 (PRN 15),-32.81747108199852,-23.401594146000207,-36.08779349700126,54.10129255640873
2026-08-17T05:30:00Z,G29,32384,GPS BIIRM-5 (PRN 29),-39.195494214000064,-34.6146561000005,-15.53433964299984,54.55068186324613
2026-08-17T05:30:00Z,G07,32711,GPS BIIRM-6 (PRN 07),6.096555666000313,9.949499027003185,-58.61872575999996,59.768850847268766
2026-08-17T05:30:00Z,G05,35752,GPS BIIRM-8 (PRN 05),14.499377527001343,-10.271115088000442,-53.925404388999596,56.77743383016354
2026-08-17T05:30:00Z,G25,36585,GPS BIIF-1  (PRN 25),-33.36500453100052,6.9291227079993405,45.33041707100165,56.7105191361105
2026-08-17T05:30:00Z,G24,38833,GPS BIIF-3  (PRN 24),-13.031944578000548,-106.42909027499991,44.84541030699984,116.22432474250529
2026-08-17T05:30:00Z,G27,39166,GPS BIIF-4  (PRN 27),9.447452803997294,14.958371001999694,-53.89324659399972,56.722916497293085
2026-08-17T05:30:00Z,G30,39533,GPS BIIF-5  (PRN 30),11.237234241000351,-20.0018226400025,-53.82958727699952,58.514723008156984
2026-08-17T05:30:00Z,G06,39741,GPS BIIF-6  (PRN 06),9.361378808999689,-33.23015712999768,41.7567998630002,54.180338600719146
2026-08-17T05:30:00Z,G09,40105,GPS BIIF-7  (PRN 09),41.312206567999965,29.22380010100096,-18.786538369000482,53.978356104556305
2026-08-17T05:30:00Z,G03,40294,GPS BIIF-8  (PRN 03),14.598429708003096,0.599207959998239,59.94185821300016,61.69683594923039
2026-08-17T05:30:00Z,G26,40534,GPS BIIF-9  (PRN 26),-37.627630954999404,20.972570255999017,-21.81154932299978,48.28489410051653
2026-08-17T05:30:00Z,G08,40730,GPS BIIF-10 (PRN 08),27.148855586998252,24.74859415399999,-35.988127242999326,51.42663293218212
2026-08-17T05:30:00Z,G10,41019,GPS BIIF-11 (PRN 10),-49.263514651999685,17.38250849799988,0.22129030999712995,52.24073551312352
2026-08-17T05:30:00Z,G32,41328,GPS BIIF-12 (PRN 32),-18.68076549000034,-10.211954361002427,51.12502814599975,55.3807142793667
2026-08-17T05:30:00Z,G04,43873,GPS BIII-1  (PRN 04),36.761070047999965,33.66732566900009,9.231804470000498,50.69606791999547
2026-08-17T05:30:00Z,G18,44506,GPS BIII-2  (PRN 18),-4.9551070109992,-4.468206249999639,-58.88155148200008,59.25837542078263
2026-08-17T05:30:00Z,G23,45854,GPS BIII-3  (PRN 23),-43.54614619200038,14.636708309000824,-29.43690107099974,54.56217758632502
2026-08-17T05:30:00Z,G14,46826,GPS BIII-4  (PRN 14),46.466251992000025,-15.585205268998834,-7.7253782719999435,49.6154478656231
2026-08-17T05:30:00Z,G11,48859,GPS BIII-5  (PRN 11),11.253282278999905,-46.968193777000124,14.34407291000025,50.382536819537876
2026-08-17T05:30:00Z,G28,55268,GPS BIII-6  (PRN 28),-8.523117854999327,29.209357531999558,46.45712866699978,55.53462802058334
2026-08-17T05:30:00Z,G01,62339,GPS BIII-7  (PRN 01),-4.800145982000686,35.77030388699859,39.656242875000316,53.620645656106724
2026-08-17T05:30:00Z,G21,64202,GPS BIII-8  (PRN 21),34.48032291900017,-16.59007968700007,-36.947165575002145,53.190379361743275
2026-08-17T05:30:00Z,G20,67588,GPS BIII-9  (PRN 20),-17.29598473200167,-19.408724122999956,-49.3512420549996,55.77987766483104
2026-08-17T05:30:00Z,G13,68791,GPS BIII-10 (PRN 13),-1.8026528209993558,3.8357904619988403,45.34252175400002,45.54017045064042
2026-08-17T05:45:00Z,G22,26407,GPS BIIR-5  (PRN 22),47.19721050999942,-16.89955887099859,3.9369435739972687,50.28589558379552
2026-08-17T05:45:00Z,G16,27663,GPS BIIR-8  (PRN 16),-29.12615457299762,13.080324225000368,-40.864588706001086,51.85886975389951
2026-08-17T05:45:00Z,G19,28190,GPS BIIR-11 (PRN 19),11.436769810999976,4.055769545000658,54.7256836079996,56.054878616181405
2026-08-17T05:45:00Z,G02,28474,GPS BIIR-13 (PRN 02),0.9652908549996937,51.835319275000074,10.419786965998355,52.88103697160949
2026-08-17T05:45:00Z,G17,28874,GPS BIIRM-1 (PRN 17),28.023195522000606,18.568437826001173,38.99650609799937,51.48605498980912
2026-08-17T05:45:00Z,G31,29486,GPS BIIRM-2 (PRN 31),-8.031779070999619,39.923889704999965,31.246685189002164,51.33012545789224
2026-08-17T05:45:00Z,G12,29601,GPS BIIRM-3 (PRN 12),-6.311205828998936,-5.57124900800045,59.79945414200006,60.38911201703751
2026-08-17T05:45:00Z,G15,32260,GPS BIIRM-4 (PRN 15),-29.810313988000416,-19.780628106999984,-41.636531995998666,54.895617903658135
2026-08-17T05:45:00Z,G29,32384,GPS BIIRM-5 (PRN 29),-41.73015242299971,-33.55305615999896,-7.771884931000386,54.107443058266426
2026-08-17T05:45:00Z,G07,32711,GPS BIIRM-6 (PRN 07),5.922107554999457,16.335684095000033,-56.95164288700016,59.54339224694051
2026-08-17T05:45:00Z,G05,35752,GPS BIIRM-8 (PRN 05),19.20229666799787,-13.644749926000259,-50.7556470870004,55.9557245426151
2026-08-17T05:45:00Z,G25,36585,GPS BIIF-1  (PRN 25),-28.157769333000033,6.172251653002604,49.88862082899868,57.617975949334
2026-08-17T05:45:00Z,G24,38833,GPS BIIF-3  (PRN 24),-14.281253641000148,-111.07165417800024,31.10686223200173,116.22608762802177
2026-08-17T05:45:00Z,G27,39166,GPS BIIF-4  (PRN 27),5.108661188998667,10.848408669999117,-55.903867950999484,57.17542165737022
2026-08-17T05:45:00Z,G30,39533,GPS BIIF-5  (PRN 30),9.76923234600008,-14.223772590001317,-56.60227838500032,59.17407815670035
2026-08-17T05:45:00Z,G06,39741,GPS BIIF-6  (PRN 06),6.803999081999791,-28.74313204400096,46.61519432500063,55.18549071236297
2026-08-17T05:45:00Z,G09,40105,GPS BIIF-7  (PRN 09),44.10825192399989,28.166178872999808,-11.161057209999854,53.51112704981787
2026-08-17T05:45:00Z,G03,40294,GPS BIIF-8  (PRN 03),8.160607873000117,2.6154696169996896,61.47326110499989,62.06768912290688
2026-08-17T05:45:00Z,G26,40534,GPS BIIF-9  (PRN 26),-38.40006244700089,23.8673195650008,-15.212443252999947,47.70358654102626
2026-08-17T05:45:00Z,G08,40730,GPS BIIF-10 (PRN 08),24.682078082998487,20.931340960999933,-41.16404290299943,52.362242513483366
2026-08-17T05:45:00Z,G10,41019,GPS BIIF-11 (PRN 10),-47.99304403199994,19.977064512999277,-7.520706154002255,52.52595932554557
2026-08-17T05:45:00Z,G32,41328,GPS BIIF-12 (PRN 32),-23.712493564999022,-12.378707854997629,47.53656845399928,54.545761518300026
2026-08-17T05:45:00Z,G04,43873,GPS BIII-1  (PRN 04),37.33395003700025,30.76367962200038,16.65453005100062,51.162497793501004
2026-08-17T05:45:00Z,G18,44506,GPS BIII-2  (PRN 18),-4.318944548000218,-10.84211085899733,-57.81811624900001,58.98422854009679
2026-08-17T05:45:00Z,G23,45854,GPS BIII-3  (PRN 23),-39.378810322999925,15.416276859999925,-36.040397666998615,55.563140288093635
2026-08-17T05:45:00Z,G14,46826,GPS BIII-4  (PRN 14),44.540516352,-17.37100365399965,-14.973764777001634,50.09813366231344
2026-08-17T05:45:00Z,G11,48859,GPS BIII-5  (PRN 11),8.472754247000921,-45.46452864700041,21.496092374,50.99895015562118
2026-08-17T05:45:00Z,G28,55268,GPS BIII-6  (PRN 28),-6.553183113000159,24.13232178099861,50.55962177299989,56.40557168651847
2026-08-17T05:45:00Z,G01,62339,GPS BIII-7  (PRN 01),-3.729914040000949,40.042344122999566,33.85918435399799,52.57134149637554
2026-08-17T05:45:00Z,G21,64202,GPS BIII-8  (PRN 21),37.13509447799879,-19.96946147699964,-30.842557736003073,52.24038668759977
2026-08-17T05:45:00Z,G20,67588,GPS BIII-9  (PRN 20),-13.502291898999829,-15.225873167000827,-52.785095342000204,56.57212556098139
2026-08-17T05:45:00Z,G13,68791,GPS BIII-10 (PRN 13),2.6476614979983424,1.8711411189997307,45.36992015200008,45.48561239660358
2026-08-17T06:00:00Z,G22,26407,GPS BIIR-5  (PRN 22),46.26738806999947,-19.25302373699924,-3.533873342003062,50.23781825114129
2026-08-17T06:00:00Z,G16,27663,GPS BIIR-8  (PRN 16),-32.322746117999486,16.28989140900012,-35.76520812200033,50.88487585457652
2026-08-17T06:00:00Z,G19,28190,GPS BIIR-11 (PRN 19),16.38678452699969,7.193390574997466,52.60983001600016,55.57036790782666
2026-08-17T06:00:00Z,G02,28474,GPS BIIR-13 (PRN 02),3.4698541890011256,52.313126422000096,2.7078940290011815,52.4979597147298
2026-08-17T06:00:00Z,G17,28874,GPS BIIRM-1 (PRN 17),32.180167609999444,19.400713270999404,33.514703009001096,50.35063237549988
2026-08-17T06:00:00Z,G31,29486,GPS BIIRM-2 (PRN 31),-5.72746856699996,36.56817977600076,37.159920054000395,52.448978319273145
2026-08-17T06:00:00Z,G12,29601,GPS BIIRM-3 (PRN 12),-0.26207502800025395,-8.018667329999516,59.89290639400019,60.42787391088629
2026-08-17T06:00:00Z,G15,32260,GPS BIIRM-4 (PRN 15),-25.978387266000937,-16.33953538099999,-46.4146684389998,55.64331467221874
2026-08-17T06:00:00Z,G29,32384,GPS BIIRM-5 (PRN 29),-43.54336752400013,-31.761638742000287,0.10713852700064308,53.896549328982566
2026-08-17T06:00:00Z,G07,32711,GPS BIIRM-6 (PRN 07),6.4790349280001465,22.53385464800158,-54.25087451000036,59.10084503622021
2026-08-17T06:00:00Z,G05,35752,GPS BIIRM-8 (PRN 05),23.16702665399862,-17.41036669999994,-46.732171202000245,54.98843349167723
2026-08-17T06:00:00Z,G25,36585,GPS BIIF-1  (PRN 25),-22.721298047003074,4.6164561309997225,53.6053477330006,58.404643289092206
2026-08-17T06:00:00Z,G24,38833,GPS BIIF-3  (PRN 24),-15.791795179000474,-114.00943591000032,16.753566542000044,116.31085187276894
2026-08-17T06:00:00Z,G27,39166,GPS BIIF-4  (PRN 27),0.21775640399937402,7.219854676999603,-56.967522508,57.423621795459425
2026-08-17T06:00:00Z,G30,39533,GPS BIIF-5  (PRN 30),8.959144280999908,-8.079703896000865,-58.39668715500011,59.629866274994946
2026-08-17T06:00:00Z,G06,39741,GPS BIIF-6  (PRN 06),4.791042417000426,-23.575299142001313,50.66273791599997,56.08441699992651
2026-08-17T06:00:00Z,G09,40105,GPS BIIF-7  (PRN 09),46.157494621000296,26.428695668999353,-3.3465822830003162,53.29343184135497
2026-08-17T06:00:00Z,G03,40294,GPS BIIF-8  (PRN 03),1.9107810450004763,5.443430841998634,61.946278979,62.21433518794244
2026-08-17T06:00:00Z,G26,40534,GPS BIIF-9  (PRN 26),-38.343355334998705,26.505130868001288,-8.340208510002412,47.35286621384354
2026-08-17T06:00:00Z,G08,40730,GPS BIIF-10 (PRN 08),21.424872580999363,17.22531723100019,-45.62767507600074,53.269329371240914
2026-08-17T06:00:00Z,G10,41019,GPS BIIF-11 (PRN 10),-45.81582619400001,22.073992003999592,-15.170011433998297,53.07052194711387
2026-08-17T06:00:00Z,G32,41328,GPS BIIF-12 (PRN 32),-28.673943542000416,-13.726595921001717,43.15193781400012,53.597613854831465
2026-08-17T06:00:00Z,G04,43873,GPS BIII-1  (PRN 04),37.01793733199884,27.44498562300032,23.7883456510026,51.859814008286435
2026-08-17T06:00:00Z,G18,44506,GPS BIII-2  (PRN 18),-4.454838259000098,-17.100544783999794,-55.74053461699987,58.47462197579728
2026-08-17T06:00:00Z,G23,45854,GPS BIII-3  (PRN 23),-34.63860389600086,15.39440401200045,-42.03616551900086,56.60264805015379
2026-08-17T06:00:00Z,G14,46826,GPS BIII-4  (PRN 14),41.84052953199989,-18.614469631000247,-21.983089237997774,50.797486193780884
2026-08-17T06:00:00Z,G11,48859,GPS BIII-5  (PRN 11),5.837575479999941,-43.0186490770011,28.270585290996678,51.80644215336913
2026-08-17T06:00:00Z,G28,55268,GPS BIII-6  (PRN 28),-5.1998138630006,18.523750552998536,53.78899048600033,57.126376537135634
2026-08-17T06:00:00Z,G01,62339,GPS BIII-7  (PRN 01),-2.0895260440011043,43.61084677300096,27.485896836999018,51.59211761772218
2026-08-17T06:00:00Z,G21,64202,GPS BIII-8  (PRN 21),38.86451697099983,-23.38053279900032,-24.20941209299781,51.41201831520381
2026-08-17T06:00:00Z,G20,67588,GPS BIII-9  (PRN 20),-8.996519500000431,-11.388171307999073,-55.3154750220001,57.18766987527765
2026-08-17T06:00:00Z,G13,68791,GPS BIII-10 (PRN 13),6.75538376500117,-0.6764355479990627,44.61934389299995,45.13289957785595
2026-08-17T06:15:00Z,G22,26407,GPS BIIR-5  (PRN 22),44.475446032000036,-21.19938956399892,-10.930883826000354,50.467451281484884
2026-08-17T06:15:00Z,G16,27663,GPS BIIR-8  (PRN 16),-34.6977665609993,19.669115507999777,-30.073614429998997,49.9522911794132
2026-08-17T06:15:00Z,G19,28190,GPS BIIR-11 (PRN 19),21.505783612001323,9.589635214000737,49.61233694600014,54.9166988223735
2026-08-17T06:15:00Z,G02,28474,GPS BIIR-13 (PRN 02),5.960188861999995,51.812846078999996,-5.007717034000962,52.39438996657445
2026-08-17T06:15:00Z,G17,28874,GPS BIIRM-1 (PRN 17),35.97686647399951,19.43497440200008,27.49153619700155,49.273093202735254
2026-08-17T06:15:00Z,G31,29486,GPS BIIRM-2 (PRN 31),-3.857671255000241,32.44299313600277,42.46354187900033,53.57781089260733
2026-08-17T06:15:00Z,G12,29601,GPS BIIRM-3 (PRN 12),5.442577174999315,-11.144914391999919,58.95520075200011,60.24571734836813
2026-08-17T06:15:00Z,G15,32260,GPS BIIRM-4 (PRN 15),-21.417049129999214,-13.230180519000044,-50.34359466299975,56.28681189758881
2026-08-17T06:15:00Z,G29,32384,GPS BIIRM-5 (PRN 29),-44.527425637001215,-29.366946459000246,7.96602261299995,53.93112917838163
2026-08-17T06:15:00Z,G07,32711,GPS BIIRM-6 (PRN 07),7.723236281000027,28.355913939998572,-50.55512797299889,58.47672356067032
2026-08-17T06:15:00Z,G05,35752,GPS BIIRM-8 (PRN 05),26.304179996997846,-21.41885005799986,-41.92683727599979,53.930851162295845
2026-08-17T06:15:00Z,G25,36585,GPS BIIF-1  (PRN 25),-17.228303645999404,2.262297157998546,56.409619044000465,59.0252281286494
2026-08-17T06:15:00Z,G24,38833,GPS BIIF-3  (PRN 24),-17.321000775998982,-115.17715565300023,2.054875436999282,116.49041490723253
2026-08-17T06:15:00Z,G27,39166,GPS BIIF-4  (PRN 27),-5.095943202999479,4.182125391998852,-57.07337748300006,57.45284350873868
2026-08-17T06:15:00Z,G30,39533,GPS BIIF-5  (PRN 30),8.853809390999913,-1.740587937001692,-59.17548283200006,59.85948008042609
2026-08-17T06:15:00Z,G06,39741,GPS BIIF-6  (PRN 06),3.4280526899992765,-17.875323878997733,53.82748150799944,56.821444143197375
2026-08-17T06:15:00Z,G09,40105,GPS BIIF-7  (PRN 09),47.35322076100056,24.140585991999615,4.5257368680031504,53.34395657125168
2026-08-17T06:15:00Z,G03,40294,GPS BIIF-8  (PRN 03),-3.968356108001899,9.009784490999664,61.34732291199998,62.13226291745193
2026-08-17T06:15:00Z,G26,40534,GPS BIIF-9  (PRN 26),-37.49879694599986,28.743033639000714,-1.306757442001981,47.265519886935365
2026-08-17T06:15:00Z,G08,40730,GPS BIIF-10 (PRN 08),17.44293196900253,13.779311770000277,-49.3096979460006,54.088553503083574
2026-08-17T06:15:00Z,G10,41019,GPS BIIF-11 (PRN 10),-42.82768835700017,23.530190588997357,-22.597326426999643,53.83790412717832
2026-08-17T06:15:00Z,G32,41328,GPS BIIF-12 (PRN 32),-33.39798886299832,-14.260735429998022,38.04582646900053,52.59542895353799
2026-08-17T06:15:00Z,G04,43873,GPS BIII-1  (PRN 04),35.77350956800001,23.87478358599992,30.51262752600087,52.73300405467704
2026-08-17T06:15:00Z,G18,44506,GPS BIII-2  (PRN 18),-5.334655683999699,-23.05839849900076,-52.68690137700105,57.75861727322933
2026-08-17T06:15:00Z,G23,45854,GPS BIII-3  (PRN 23),-29.494801606000692,14.507630598000105,-47.31508940300046,57.61191155099174
2026-08-17T06:15:00Z,G14,46826,GPS BIII-4  (PRN 14),38.47586273700017,-19.203576431998954,-28.63053084800049,51.66117166474655
2026-08-17T06:15:00Z,G11,48859,GPS BIII-5  (PRN 11),3.501839664999352,-39.69239494500107,34.55155451599785,52.740487454907736
2026-08-17T06:15:00Z,G28,55268,GPS BIII-6  (PRN 28),-4.539929820999532,12.543105015000037,56.089304152000295,57.65371181851623
2026-08-17T06:15:00Z,G01,62339,GPS BIII-7  (PRN 01),-0.0007031599998299498,46.36473114399996,20.64648609899814,50.753972088753386
2026-08-17T06:15:00Z,G21,64202,GPS BIII-8  (PRN 21),39.652882742000656,-26.6563204590002,-17.161215022999386,50.76827583471184
2026-08-17T06:15:00Z,G20,67588,GPS BIII-9  (PRN 20),-3.8902142330007337,-8.030901341000572,-56.897036427999865,57.59255071115248
2026-08-17T06:15:00Z,G13,68791,GPS BIII-10 (PRN 13),10.396952199000225,-3.7218865329996333,43.10473739900044,44.49682506235256
2026-08-17T06:30:00Z,G22,26407,GPS BIIR-5  (PRN 22),41.908959294999995,-22.60522434900122,-18.135001620998082,50.95326604695961
2026-08-17T06:30:00Z,G16,27663,GPS BIIR-8  (PRN 16),-36.21341842300171,23.064870635999796,-23.87882823199834,49.12838659133929
2026-08-17T06:30:00Z,G19,28190,GPS BIIR-11 (PRN 19),26.6328437580014,11.207336899999063,45.7772512520005,54.133811053878105
2026-08-17T06:30:00Z,G02,28474,GPS BIIR-13 (PRN 02),8.275813287998972,50.361392131999764,-12.604776552001567,52.57032713400932
2026-08-17T06:30:00Z,G17,28874,GPS BIIRM-1 (PRN 17),39.27046215600012,18.733310001000063,21.030108440998447,48.325682225702316
2026-08-17T06:30:00Z,G31,29486,GPS BIIRM-2 (PRN 31),-2.539368331001242,27.660679844997503,47.06060838400117,54.64670587034743
2026-08-17T06:30:00Z,G12,29601,GPS BIIRM-3 (PRN 12),10.646052297001006,-14.853391525000916,56.99719127800017,59.855170895139786
2026-08-17T06:30:00Z,G15,32260,GPS BIIRM-4 (PRN 15),-16.24844974000007,-10.584899852000035,-53.362784378999095,56.77709908501603
2026-08-17T06:30:00Z,G29,32384,GPS BIIRM-5 (PRN 29),-44.60328852499879,-26.515624212999683,15.669457560998126,54.203907376730925
2026-08-17T06:30:00Z,G07,32711,GPS BIIRM-6 (PRN 07),9.57712506900043,33.625054372001614,-45.92448045099991,57.71848500092162
2026-08-17T06:30:00Z,G05,35752,GPS BIIRM-8 (PRN 05),28.55589776099805,-25.508308366000165,-36.42356223399838,52.84684454577663
2026-08-17T06:30:00Z,G25,36585,GPS BIIF-1  (PRN 25),-11.851281620998634,-0.8558070750004845,58.245577386999685,59.445206425369655
2026-08-17T06:30:00Z,G24,38833,GPS BIIF-3  (PRN 24),-18.621869794000304,-114.57035784599998,-12.713025007000397,116.76798335337392
2026-08-17T06:30:00Z,G27,39166,GPS BIIF-4  (PRN 27),-10.686247286001162,1.81807043399931,-56.225630963000185,57.261006263844465
2026-08-17T06:30:00Z,G30,39533,GPS BIIF-5  (PRN 30),9.467711730000019,4.614585204999457,-58.919566225999915,59.853548318178845
2026-08-17T06:30:00Z,G06,39741,GPS BIIF-6  (PRN 06),2.791159976000017,-11.81119919699995,56.05362185899958,57.35245002608478
2026-08-17T06:30:00Z,G09,40105,GPS BIIF-7  (PRN 09),47.61716359800084,21.449863067999104,12.324014723999426,53.65978227380394
2026-08-17T06:30:00Z,G03,40294,GPS BIIF-8  (PRN 03),-9.309815024000272,13.207839862001492,59.68143953699928,61.83036401971023
2026-08-17T06:30:00Z,G26,40534,GPS BIIF-9  (PRN 26),-35.9346555810007,30.44954569699985,5.771828499997355,47.45301159159667
2026-08-17T06:30:00Z,G08,40730,GPS BIIF-10 (PRN 08),12.828413250001176,10.727284880999832,-52.154045909999695,54.76940142281354
2026-08-17T06:30:00Z,G10,41019,GPS BIIF-11 (PRN 10),-39.15200434600001,24.224922051998874,-29.67474352899808,54.77514670219002
2026-08-17T06:30:00Z,G32,41328,GPS BIIF-12 (PRN 32),-37.72301440499905,-14.018090840003424,32.30404348000229,51.605076414595416
2026-08-17T06:30:00Z,G04,43873,GPS BIII-1  (PRN 04),33.594568250999146,20.222331176000353,36.713999813000555,53.71643581281134
2026-08-17T06:30:00Z,G18,44506,GPS BIII-2  (PRN 18),-6.89660264899976,-28.54115049900065,-48.71323303999998,56.87828648187409
2026-08-17T06:30:00Z,G23,45854,GPS BIII-3  (PRN 23),-24.129178581000815,12.727496223000344,-51.78019468099956,58.52687400077448
2026-08-17T06:30:00Z,G14,46826,GPS BIII-4  (PRN 14),34.578400637000414,-19.05089014999976,-34.79830195500108,52.6262674438507
2026-08-17T06:30:00Z,G11,48859,GPS BIII-5  (PRN 11),1.6054381329995522,-35.57813109599738,40.23174135199952,53.73056724153443
2026-08-17T06:30:00Z,G28,55268,GPS BIII-6  (PRN 28),-4.619539817999794,6.362752639000973,57.420933872000205,57.956780586984124
2026-08-17T06:30:00Z,G01,62339,GPS BIII-7  (PRN 01),2.3960652360001404,48.220540629000425,13.458494521997636,50.12078153786999
2026-08-17T06:30:00Z,G21,64202,GPS BIII-8  (PRN 21),39.518223325998406,-29.631497348000266,-9.81870096000057,50.35992949230516
2026-08-17T06:30:00Z,G20,67588,GPS BIII-9  (PRN 20),1.6804865810008778,-5.266884541999389,-57.50053267999999,57.765693680690994
2026-08-17T06:30:00Z,G13,68791,GPS BIII-10 (PRN 13),13.467807490000268,-7.158497100001114,40.85280574399985,43.60708264118822
2026-08-17T06:45:00Z,G22,26407,GPS BIIR-5  (PRN 22),38.6801545830001,-23.35647923900251,-25.03068455600078,51.65476406246335
2026-08-17T06:45:00Z,G16,27663,GPS BIIR-8  (PRN 16),-36.86123610300092,26.3199537950004,-17.277630523996777,48.47687295335663
2026-08-17T06:45:00Z,G19,28190,GPS BIIR-11 (PRN 19),31.602503940999668,12.039670329999353,41.16161884199937,53.27242046960138
2026-08-17T06:45:00Z,G02,28474,GPS BIIR-13 (PRN 02),10.263911689000452,48.0158178949996,-19.96488090600178,53.004368884802304
2026-08-17T06:45:00Z,G17,28874,GPS BIIRM-1 (PRN 17),41.934346932,17.384580496000126,14.2386125180019,47.57574148736986
2026-08-17T06:45:00Z,G31,29486,GPS BIIRM-2 (PRN 31),-1.8661466279991146,22.357575721998728,50.8648233010008,55.59293070925595
2026-08-17T06:45:00Z,G12,29601,GPS BIIRM-3 (PRN 12),15.211678229999961,-19.019895511999493,54.04744880900034,59.281348690983286
2026-08-17T06:45:00Z,G15,32260,GPS BIIRM-4 (PRN 15),-10.616315503000806,-8.511655909000183,-55.430246707999686,57.075972977095915
2026-08-17T06:45:00Z,G29,32384,GPS BIIRM-5 (PRN 29),-43.72377324500121,-23.368446425000002,23.085864123000647,54.688296347610134
2026-08-17T06:45:00Z,G07,32711,GPS BIIRM-6 (PRN 07),11.932803745000456,38.18336051000006,-40.43963485000131,56.88343249009125
2026-08-17T06:45:00Z,G05,35752,GPS BIIRM-8 (PRN 05),29.897462433000328,-29.510457189999997,-30.316826676997152,51.80574604480255
2026-08-17T06:45:00Z,G25,36585,GPS BIIF-1  (PRN 25),-6.755988891000015,-4.670386564001092,59.07390079599986,59.64211307296339
2026-08-17T06:45:00Z,G24,38833,GPS BIIF-3  (PRN 24),-19.45454415600034,-112.24529979099998,-27.27358260300025,117.13810192030562
2026-08-17T06:45:00Z,G27,39166,GPS BIIF-4  (PRN 27),-16.395436004997464,0.18158326699995087,-54.44310424200012,56.858551632820486
2026-08-17T06:45:00Z,G30,39533,GPS BIIF-5  (PRN 30),10.782284939999954,10.80566579600054,-57.628770789000555,59.61623356497263
2026-08-17T06:45:00Z,G06,39741,GPS BIIF-6  (PRN 06),2.9241512079997847,-5.563715620999574,57.302605699000196,57.64628532432676
2026-08-17T06:45:00Z,G09,40105,GPS BIIF-7  (PRN 09),46.9026727269993,18.517498492999948,19.917653124000935,54.21689188197977
2026-08-17T06:45:00Z,G03,40294,GPS BIIF-8  (PRN 03),-13.9686033149992,17.901489728999877,56.9725403350003,61.33070654502955
2026-08-17T06:45:00Z,G26,40534,GPS BIIF-9  (PRN 26),-33.74389520800014,31.510055000999273,12.776961391999066,47.90391186935707
2026-08-17T06:45:00Z,G08,40730,GPS BIIF-10 (PRN 08),7.696543526999449,8.183772327999577,-54.11838251200061,55.27214703170795
2026-08-17T06:45:00Z,G10,41019,GPS BIIF-11 (PRN 10),-34.93549669299955,24.065039297998737,-36.27796297600071,55.81850627962812
2026-08-17T06:45:00Z,G32,41328,GPS BIIF-12 (PRN 32),-41.4989486759996,-13.065642234003462,26.022174800000357,50.6954369694354
2026-08-17T06:45:00Z,G04,43873,GPS BIII-1  (PRN 04),30.508880287001375,16.656139840999913,42.28811604099974,54.740328178287214
2026-08-17T06:45:00Z,G18,44506,GPS BIII-2  (PRN 18),-9.048146081000596,-33.39162836899777,-43.89218761600023,55.88733243190756
2026-08-17T06:45:00Z,G23,45854,GPS BIII-3  (PRN 23),-18.72902441699989,10.062119583999447,-55.34878862900041,59.2917448624431
2026-08-17T06:45:00Z,G14,46826,GPS BIII-4  (PRN 14),30.297460088000662,-18.09749511300106,-40.375961678999374,53.62530837816335
2026-08-17T06:45:00Z,G11,48859,GPS BIII-5  (PRN 11),0.26856897300058336,-30.795401969000523,45.21445952300019,54.706272599059446
2026-08-17T06:45:00Z,G28,55268,GPS BIII-6  (PRN 28),-5.45207139500053,0.16151068099861732,57.761244062,58.01820820902857
2026-08-17T06:45:00Z,G01,62339,GPS BIII-7  (PRN 01),4.947358408000582,49.125582408999435,6.044932221000636,49.742742262536154
2026-08-17T06:45:00Z,G21,64202,GPS BIII-8  (PRN 21),38.51150091400086,-32.149123052000505,-2.307866674000252,50.21979753291246
2026-08-17T06:45:00Z,G20,67588,GPS BIII-9  (PRN 20),7.5598572560011235,-3.1823174449982616,-57.11346317100015,57.6994476701211
2026-08-17T06:45:00Z,G13,68791,GPS BIII-10 (PRN 13),15.88608572800149,-10.86211637300039,37.90251550999892,42.50828123840959
2026-08-17T07:00:00Z,G22,26407,GPS BIIR-5  (PRN 22),34.921913843999846,-23.362698553999508,-31.507447317002516,52.517377949460574
2026-08-17T07:00:00Z,G16,27663,GPS BIIR-8  (PRN 16),-36.66243308599951,29.278866336000647,-10.373563408997143,48.052022137546594
2026-08-17T07:00:00Z,G19,28190,GPS BIIR-11 (PRN 19),36.25074290500015,12.110368877001747,35.83508580200214,52.392086901919896
2026-08-17T07:00:00Z,G02,28474,GPS BIIR-13 (PRN 02),11.784753561001708,44.861120489000314,-26.97469030299908,53.65663486433769
2026-08-17T07:00:00Z,G17,28874,GPS BIIRM-1 (PRN 17),43.86266693100015,15.500646507000056,7.22867863799911,47.07926706403033
2026-08-17T07:00:00Z,G31,29486,GPS BIIRM-2 (PRN 31),-1.9042158249994827,16.68927701999928,53.80255588899945,56.3637563115462
2026-08-17T07:00:00Z,G12,29601,GPS BIIRM-3 (PRN 12),19.027932685999986,-23.49730923700008,50.15212234900173,58.56125971827616
2026-08-17T07:00:00Z,G15,32260,GPS BIIRM-4 (PRN 15),-4.6799811529999715,-7.090459948999978,-56.52248369200015,57.15739679685588
2026-08-17T07:00:00Z,G29,32384,GPS BIIRM-5 (PRN 29),-41.875417250998,-20.093986347000282,30.08958006699686,55.34168127069171
2026-08-17T07:00:00Z,G07,32711,GPS BIIRM-6 (PRN 07),14.656686366999566,41.89879151299829,-34.200486822999665,56.035707227092814
2026-08-17T07:00:00Z,G05,35752,GPS BIIRM-8 (PRN 05),30.337749295998947,-33.257129891999966,-23.71013926100204,50.878152725667555
2026-08-17T07:00:00Z,G25,36585,GPS BIIF-1  (PRN 25),-2.0950860859993554,-9.083108151997294,58.87293946799991,59.60633557778409
2026-08-17T07:00:00Z,G24,38833,GPS BIIF-3  (PRN 24),-19.59734921600102,-108.31614131400056,-41.3562460189969,117.58733626642042
2026-08-17T07:00:00Z,G27,39166,GPS BIIF-4  (PRN 27),-22.059949677997793,-0.70372504199986,-51.75869197499924,56.268097565968795
2026-08-17T07:00:00Z,G30,39533,GPS BIIF-5  (PRN 30),12.74661884599999,16.658371789002558,-55.3221247599995,59.16515131922497
2026-08-17T07:00:00Z,G06,39741,GPS BIIF-6  (PRN 06),3.8369203620004555,0.6804854180008988,57.55380555199997,57.68557490210068
2026-08-17T07:00:00Z,G09,40105,GPS BIIF-7  (PRN 09),45.19668842499959,15.511283032001302,27.179337093002687,54.97323813184389
2026-08-17T07:00:00Z,G03,40294,GPS BIIF-8  (PRN 03),-17.827221704003023,22.93041815200013,53.26328454900067,60.66787775468224
2026-08-17T07:00:00Z,G26,40534,GPS BIIF-9  (PRN 26),-31.041024666999874,31.831619029999274,19.589380393001193,48.5853991095062
2026-08-17T07:00:00Z,G08,40730,GPS BIIF-10 (PRN 08),2.181435511996824,6.24012733499967,-55.17439686900002,55.56898343417783
2026-08-17T07:00:00Z,G10,41019,GPS BIIF-11 (PRN 10),-30.343097969000155,22.989194365000003,-42.28862739899887,56.899337950449365
2026-08-17T07:00:00Z,G32,41328,GPS BIIF-12 (PRN 32),-44.59282738999991,-11.497570969000662,19.30414450399985,49.933599788647726
2026-08-17T07:00:00Z,G04,43873,GPS BIII-1  (PRN 04),26.57718676500008,13.337676325000075,47.141279576999295,55.73634995448638
2026-08-17T07:00:00Z,G18,44506,GPS BIII-2  (PRN 18),-11.6701337530003,-37.47602442900097,-38.31145712000216,54.84899429774222
2026-08-17T07:00:00Z,G23,45854,GPS BIII-3  (PRN 23),-13.479891953998958,6.5561969299997145,-57.95431985100004,59.86146001116612
2026-08-17T07:00:00Z,G14,46826,GPS BIII-4  (PRN 14),25.794209740999577,-16.315721205002774,-45.26264800699937,54.59167811312983
2026-08-17T07:00:00Z,G11,48859,GPS BIII-5  (PRN 11),-0.4128565869996237,-25.486547961001634,49.4152518940009,55.60217349418478
2026-08-17T07:00:00Z,G28,55268,GPS BIII-6  (PRN 28),-7.018036911999843,-5.882053130000713,57.10493345600025,57.83446045513488
2026-08-17T07:00:00Z,G01,62339,GPS BIII-7  (PRN 01),7.4930346379987895,49.05990263300009,-1.4677406089977012,49.65051738845226
2026-08-17T07:00:00Z,G21,64202,GPS BIII-8  (PRN 21),36.71461510300105,-34.0669960590003,5.242139343998133,50.35874509504132
2026-08-17T07:00:00Z,G20,67588,GPS BIII-9  (PRN 20),13.578405680997093,-1.833641148001334,-55.74044148699977,57.39975747216205
2026-08-17T07:00:00Z,G13,68791,GPS BIII-10 (PRN 13),17.59547969399864,-14.696044756999981,34.304449207998914,41.259785174257054
2026-08-17T07:15:00Z,G22,26407,GPS BIIR-5  (PRN 22),30.782625229999212,-22.560461749999376,-37.46129861699956,53.47797064676054
2026-08-17T07:15:00Z,G16,27663,GPS BIIR-8  (PRN 16),-35.667102333,31.793208761000642,-3.2758332020021044,47.89239391929163
2026-08-17T07:15:00Z,G19,28190,GPS BIIR-11 (PRN 19),40.42054029299834,11.473230366998905,29.87932882899986,51.558019588650126
2026-08-17T07:15:00Z,G02,28474,GPS BIIR-13 (PRN 02),12.716724998001155,41.00680266299969,-33.527018563996535,54.47324052328404
2026-08-17T07:15:00Z,G17,28874,GPS BIIRM-1 (PRN 17),44.97363357099948,13.211897316999966,0.11379209799997625,46.87424555056913
2026-08-17T07:15:00Z,G31,29486,GPS BIIRM-2 (PRN 31),-2.688844906999293,10.824763829001313,55.81469824799933,56.91823907503438
2026-08-17T07:15:00Z,G12,29601,GPS BIIRM-3 (PRN 12),22.01285760099927,-28.120678788999612,45.37448772500102,57.74238141627198
2026-08-17T07:15:00Z,G15,32260,GPS BIIRM-4 (PRN 15),1.391921127000387,-6.370406543999707,-56.63399647599999,57.00814924906091
2026-08-17T07:15:00Z,G29,32384,GPS BIIRM-5 (PRN 29),-39.0788375939992,-16.861656562999997,36.56287720199907,56.10984761194054
2026-08-17T07:15:00Z,G07,32711,GPS BIIRM-6 (PRN 07),17.594944704000227,44.670834251001,-27.324035189001734,55.241908102698936
2026-08-17T07:15:00Z,G05,35752,GPS BIIRM-8 (PRN 05),29.918496611999217,-36.5862587040001,-16.714428153998597,50.13025906569218
2026-08-17T07:15:00Z,G25,36585,GPS BIIF-1  (PRN 25),1.998252004999813,-13.967749502997322,57.63952704800067,59.341436750142556
2026-08-17T07:15:00Z,G24,38833,GPS BIIF-3  (PRN 24),-18.856924264000554,-102.94921605800027,-54.70248947300206,118.09524560370319
2026-08-17T07:15:00Z,G27,39166,GPS BIIF-4  (PRN 27),-27.515875433000474,-0.8453918119994341,-48.21872030200029,55.52371633565903
2026-08-17T07:15:00Z,G30,39533,GPS BIIF-5  (PRN 30),15.278865330000002,22.011116909998236,-52.037690503000704,58.53079724627007
2026-08-17T07:15:00Z,G06,39741,GPS BIIF-6  (PRN 06),5.50466709399916,6.736259837001853,56.80480931300008,57.467076813543095
2026-08-17T07:15:00Z,G09,40105,GPS BIIF-7  (PRN 09),42.520224269999744,12.599083434999557,33.986985287003336,55.87326323271388
2026-08-17T07:15:00Z,G03,40294,GPS BIIF-8  (PRN 03),-20.80040270900281,28.115735696999764,48.614599073000136,59.887649725705415
2026-08-17T07:15:00Z,G26,40534,GPS BIIF-9  (PRN 26),-27.957673187999717,31.34687202100031,26.091149099000177,49.447001293245556
2026-08-17T07:15:00Z,G08,40730,GPS BIIF-10 (PRN 08),-3.568572692998714,4.960956666000129,-55.307939196999996,55.64453198946143
2026-08-17T07:15:00Z,G10,41019,GPS BIIF-11 (PRN 10),-25.551480168000126,20.971044085999893,-47.59671383299974,57.94920186277913
2026-08-17T07:15:00Z,G32,41328,GPS BIIF-12 (PRN 32),-46.8933147380003,-9.431674413999644,12.260700193997764,49.37878308156195
2026-08-17T07:15:00Z,G04,43873,GPS BIII-1  (PRN 04),21.891054109000834,10.414791727999955,51.19190543499826,56.641833646224974
2026-08-17T07:15:00Z,G18,44506,GPS BIII-2  (PRN 18),-14.621438348000083,-40.688715634998516,-32.071882364001794,53.83273797384366
2026-08-17T07:15:00Z,G23,45854,GPS BIII-3  (PRN 23),-8.557828813000015,2.2898722770005406,-59.547877655999855,60.203236477547584
2026-08-17T07:15:00Z,G14,46826,GPS BIII-4  (PRN 14),21.235009054998955,-13.710858168000414,-49.36918236400015,55.46376662794202
2026-08-17T07:15:00Z,G11,48859,GPS BIII-5  (PRN 11),-0.37136309100060316,-19.811146656000346,52.76331076399947,56.361213659300255
2026-08-17T07:15:00Z,G28,55268,GPS BIII-6  (PRN 28),-9.26531359899991,-11.596414723000635,55.46404754800005,57.415881434690604
2026-08-17T07:15:00Z,G01,62339,GPS BIII-7  (PRN 01),9.872542617000363,48.03666883400001,-8.951660255999741,49.85098666757481
2026-08-17T07:15:00Z,G21,64202,GPS BIII-8  (PRN 21),34.23694786899978,-35.26319733799937,12.701217764999456,50.76398938812071
2026-08-17T07:15:00Z,G20,67588,GPS BIII-9  (PRN 20),19.55899115899956,-1.2449346609992062,-53.403257755000595,56.88595552783667
2026-08-17T07:15:00Z,G13,68791,GPS BIII-10 (PRN 13),18.56736211599855,-18.51582577099998,30.120022447001247,39.93492822250347
2026-08-17T07:30:00Z,G22,26407,GPS BIIR-5  (PRN 22),26.420950761999848,-20.91588681399662,-42.796109442999295,54.470615416397784
2026-08-17T07:30:00Z,G16,27663,GPS BIIR-8  (PRN 16),-33.95260571200015,33.727398144999825,3.9019454669978586,48.01605979975146
2026-08-17T07:30:00Z,G19,28190,GPS BIIR-11 (PRN 19),43.96783635100019,10.210159502999886,23.38729836100174,50.836834235537786
2026-08-17T07:30:00Z,G02,28474,GPS BIIR-13 (PRN 02),12.960628209999413,36.58312580299935,-39.52183683300245,55.392044228123396
2026-08-17T07:30:00Z,G17,28874,GPS BIIRM-1 (PRN 17),45.212426130000495,10.66216451100081,-6.992192039997462,46.97590848663387
2026-08-17T07:30:00Z,G31,29486,GPS BIIRM-2 (PRN 31),-4.222558749999735,4.940100937998068,56.858298002999845,57.22849510054187
2026-08-17T07:30:00Z,G12,29601,GPS BIIRM-3 (PRN 12),24.11713674299972,-32.71374198799913,39.79419427600078,56.88060387877415
2026-08-17T07:30:00Z,G15,32260,GPS BIIRM-4 (PRN 15),7.427944249000575,-6.3687173640000765,-55.77643374399986,56.62813327161317
2026-08-17T07:30:00Z,G29,32384,GPS BIIRM-5 (PRN 29),-35.38805356800003,-13.835166083999866,42.3977836869999,56.93240041903323
2026-08-17T07:30:00Z,G07,32711,GPS BIIRM-6 (PRN 07),20.580572921000567,46.434957654000755,-19.941694102999463,54.5658907907043
2026-08-17T07:30:00Z,G05,35752,GPS BIIRM-8 (PRN 05),28.712361676,-39.3481594040004,-9.4463852580011,49.617653672242895
2026-08-17T07:30:00Z,G25,36585,GPS BIIF-1  (PRN 25),5.415528258999984,-19.174890162999873,55.389453464000326,58.86421590514728
2026-08-17T07:30:00Z,G24,38833,GPS BIIF-3  (PRN 24),-17.07693755099899,-96.35552999500032,-67.07131236699934,118.63629671972117
2026-08-17T07:30:00Z,G27,39166,GPS BIIF-4  (PRN 27),-32.60474928199983,-0.2812844029995176,-43.88218923899876,54.66987588301932
2026-08-17T07:30:00Z,G30,39533,GPS BIIF-5  (PRN 30),18.26965285299991,26.721293511000113,-47.831964924000204,57.75555913296079
2026-08-17T07:30:00Z,G06,39741,GPS BIIF-6  (PRN 06),7.869151873000192,12.426981311997224,55.0712827060006,57.00175080305263
2026-08-17T07:30:00Z,G09,40105,GPS BIIF-7  (PRN 09),38.92791601499994,9.94240786500086,40.22565262200078,56.853647625203415
2026-08-17T07:30:00Z,G03,40294,GPS BIIF-8  (PRN 03),-22.838291878000746,33.26708946799954,43.1048365860006,59.04501464715253
2026-08-17T07:30:00Z,G26,40534,GPS BIIF-9  (PRN 26),-24.637764289000188,30.017273379999097,32.16777802300203,50.42640254139758
2026-08-17T07:30:00Z,G08,40730,GPS BIIF-10 (PRN 08),-9.396133160000318,4.382203396000477,-54.519035867000184,55.496092626703266
2026-08-17T07:30:00Z,G10,41019,GPS BIIF-11 (PRN 10),-20.742441972999586,18.02105972299978,-52.102908091001154,58.904333661306225
2026-08-17T07:30:00Z,G32,41328,GPS BIIF-12 (PRN 32),-48.314924049,-7.004713109001386,5.007832151997718,49.07622922008817
2026-08-17T07:30:00Z,G04,43873,GPS BIII-1  (PRN 04),16.569649244000175,8.016228898999998,54.371801414999936,57.40301377926552
2026-08-17T07:30:00Z,G18,44506,GPS BIII-2  (PRN 18),-17.74504259599962,-42.9560753679998,-25.285356149001018,52.909925187406415
2026-08-17T07:30:00Z,G23,45854,GPS BIII-3  (PRN 23),-4.122492077000061,-2.624257450002915,-60.099295919000014,60.29765366951152
2026-08-17T07:30:00Z,G14,46826,GPS BIII-4  (PRN 14),16.78496910099966,-10.321378267999535,-52.619948870999906,56.188299994387535
2026-08-17T07:30:00Z,G11,48859,GPS BIII-5  (PRN 11),0.42953272300110257,-13.940126622997923,55.20264202500039,56.9371874539451
2026-08-17T07:30:00Z,G28,55268,GPS BIII-6  (PRN 28),-12.11139207899987,-16.823444809000648,52.867654747000415,56.78646873843088
2026-08-17T07:30:00Z,G01,62339,GPS BIII-7  (PRN 01),11.931426211998769,46.101704127000176,-16.2796187189997,50.32645467844761
2026-08-17T07:30:00Z,G21,64202,GPS BIII-8  (PRN 21),31.21109062800042,-35.64119308199952,19.9405877470017,51.4009130482475
2026-08-17T07:30:00Z,G20,67588,GPS BIII-9  (PRN 20),25.32355768799971,-1.4072164919998613,-50.140625389998604,56.19025846828771
2026-08-17T07:30:00Z,G13,68791,GPS BIII-10 (PRN 13),18.80161578499974,-22.17497595900022,25.420557655001176,38.61910235104162
2026-08-17T07:45:00Z,G22,26407,GPS BIIR-5  (PRN 22),22.00030140400031,-18.426027746998443,-47.424885866001205,55.43150331538245
2026-08-17T07:45:00Z,G16,27663,GPS BIIR-8  (PRN 16),-31.621070213001076,34.963955662000444,11.043154052000318,48.41819418737225
2026-08-17T07:45:00Z,G19,28190,GPS BIIR-11 (PRN 19),46.76711948400043,8.428241651999997,16.46224747999804,50.291195196256595
2026-08-17T07:45:00Z,G02,28474,GPS BIIR-13 (PRN 02),12.443119677998766,31.73679295400143,-44.86722517900125,56.34823111322448
2026-08-17T07:45:00Z,G17,28874,GPS BIIRM-1 (PRN 17),44.553100518000065,8.003381264999916,-13.976467356002104,47.374829996458686
2026-08-17T07:45:00Z,G31,29486,GPS BIIRM-2 (PRN 31),-6.474701578001259,-0.788286369999696,56.90788383899985,57.280453899723945
2026-08-17T07:45:00Z,G12,29601,GPS BIIRM-3 (PRN 12),25.325962818002154,-37.096000059999824,33.50615829299932,56.037311290477355
2026-08-17T07:45:00Z,G15,32260,GPS BIIRM-4 (PRN 15),13.26016762299696,-7.071089361999839,-53.97744972500004,56.03032597594156
2026-08-17T07:45:00Z,G29,32384,GPS BIIRM-5 (PRN 29),-30.888535841000703,-11.166357387999597,47.49768942500123,57.74789766243609
2026-08-17T07:45:00Z,G07,32711,GPS BIIRM-6 (PRN 07),23.441050729999915,47.16543375999936,-12.196092129001045,54.062978685181584
2026-08-17T07:45:00Z,G05,35752,GPS BIIRM-8 (PRN 05),26.81999743199958,-41.41128326800026,-2.02676493999752,49.37929141124876
2026-08-17T07:45:00Z,G25,36585,GPS BIIF-1  (PRN 25),8.077186253998661,-24.537654884999938,52.157545079000556,58.20435510943422
2026-08-17T07:45:00Z,G24,38833,GPS BIIF-3  (PRN 24),-14.144861461998516,-88.78154584599906,-78.24402491300134,119.18207676983457
2026-08-17T07:45:00Z,G27,39166,GPS BIIF-4  (PRN 27),-37.179147163999005,0.9221920210002281,-38.81992711499879,53.75989363065844
2026-08-17T07:45:00Z,G30,39533,GPS BIIF-5  (PRN 30),21.58662420299993,30.6707514990012,-42.77886946200124,56.892082177065454
2026-08-17T07:45:00Z,G06,39741,GPS BIIF-6  (PRN 06),10.841313549000006,17.59119931299938,52.38644537899927,56.31450996132591
2026-08-17T07:45:00Z,G09,40105,GPS BIIF-7  (PRN 09),34.50630694500069,7.69028372700086,45.78934682799991,57.84885448925711
2026-08-17T07:45:00Z,G03,40294,GPS BIIF-8  (PRN 03),-23.92827433000275,38.19026388800012,36.82855905099859,58.20138598023113
2026-08-17T07:45:00Z,G26,40534,GPS BIIF-9  (PRN 26),-21.232190072999856,27.835221332999936,37.71041980300106,51.45562363504754
2026-08-17T07:45:00Z,G08,40730,GPS BIIF-10 (PRN 08),-15.140408707997267,4.510248497000248,-52.82176569400053,55.13359455342798
2026-08-17T07:45:00Z,G10,41019,GPS BIIF-11 (PRN 10),-16.095967436000137,14.186812302999897,-55.72090290400047,59.70900125993043
2026-08-17T07:45:00Z,G32,41328,GPS BIIF-12 (PRN 32),-48.80131296899981,-4.367179044000295,-2.3348778759973357,49.051932224902686
2026-08-17T07:45:00Z,G04,43873,GPS BIII-1  (PRN 04),10.755458528998133,6.246938830000005,56.62723747099972,57.97713477321689
2026-08-17T07:45:00Z,G18,44506,GPS BIII-2  (PRN 18),-20.874631200000294,-44.23899401000017,-18.072595714998897,52.14841833297203
2026-08-17T07:45:00Z,G23,45854,GPS BIII-3  (PRN 23),-0.3109430499989685,-8.045521084000939,-59.5978019879999,60.13921430226946
2026-08-17T07:45:00Z,G14,46826,GPS BIII-4  (PRN 14),12.601570048000212,-6.217740210999182,-54.95452367500002,56.72265449846534
2026-08-17T07:45:00Z,G11,48859,GPS BIII-5  (PRN 11),1.9940652579989546,-8.049395211000956,56.692968285000006,57.29626263972249
2026-08-17T07:45:00Z,G28,55268,GPS BIII-6  (PRN 28),-15.446791537000081,-21.424219971999264,49.361223321999205,55.98330945952041
2026-08-17T07:45:00Z,G01,62339,GPS BIII-7  (PRN 01),13.52744273099961,43.331836272000146,-23.327104054998927,51.037177871985136
2026-08-17T07:45:00Z,G21,64202,GPS BIII-8  (PRN 21),27.787749910000002,-35.13387447000059,26.835063050002645,52.21751420004673
2026-08-17T07:45:00Z,G20,67588,GPS BIII-9  (PRN 20),30.699937738998415,-2.2790262149992486,-46.00760640699991,55.356842259728396
2026-08-17T07:45:00Z,G13,68791,GPS BIII-10 (PRN 13),18.32646911899792,-25.530782111000008,20.28621588000169,37.4060270584698
2026-08-17T08:00:00Z,G22,26407,GPS BIIR-5  (PRN 22),17.68258589600009,-15.119404272001702,-51.27095864600051,56.30258812869564
2026-08-17T08:00:00Z,G16,27663,GPS BIIR-8  (PRN 16),-28.79566973799956,35.40803946499909,18.029745058000117,49.071290601240115
2026-08-17T08:00:00Z,G19,28190,GPS BIIR-11 (PRN 19),48.71607784099979,6.256011266999849,9.216515549000178,49.97337367086738
2026-08-17T08:00:00Z,G02,28474,GPS BIIR-13 (PRN 02),11.119595439999102,26.625671189998684,-49.48028773599981,57.2788847962712
2026-08-17T08:00:00Z,G17,28874,GPS BIIRM-1 (PRN 17),42.99917713600007,5.389855831999739,-20.728616484000668,48.03806117656745
2026-08-17T08:00:00Z,G31,29486,GPS BIIRM-2 (PRN 31),-9.381743079000444,-6.190737060001993,55.95642357400038,57.074194411655085
2026-08-17T08:00:00Z,G12,29601,GPS BIIRM-3 (PRN 12),25.659682015000726,-41.089561054999876,26.619113901000674,55.27520722419737
2026-08-17T08:00:00Z,G15,32260,GPS BIIRM-4 (PRN 15),18.730105504000676,-8.432546830999854,-51.27937697000016,55.240376543606075
2026-08-17T08:00:00Z,G29,32384,GPS BIIRM-5 (PRN 29),-25.693951116998505,-8.989020788999369,51.77873366699896,58.49802457267923
2026-08-17T08:00:00Z,G07,32711,GPS BIIRM-6 (PRN 07),26.005976344999,46.87608635700053,-4.237491135001619,53.773921271605595
2026-08-17T08:00:00Z,G05,35752,GPS BIIRM-8 (PRN 05),24.3659970839999,-42.666955644001064,5.42136885400032,49.43239988181608
2026-08-17T08:00:00Z,G25,36585,GPS BIIF-1  (PRN 25),9.936138373002905,-29.87779534800029,47.99735867199888,57.40344885207644
2026-08-17T08:00:00Z,G24,38833,GPS BIIF-3  (PRN 24),-9.996911221001938,-80.49824473099943,-88.02821262900034,119.70326585932803
2026-08-17T08:00:00Z,G27,39166,GPS BIIF-4  (PRN 27),-41.107565018999594,2.672366160999445,-33.11364180899909,52.85344564495703
2026-08-17T08:00:00Z,G30,39533,GPS BIIF-5  (PRN 30),25.079405737999878,33.770374701001856,-36.968320039999526,56.000638265979774
2026-08-17T08:00:00Z,G06,39741,GPS BIIF-6  (PRN 06),14.30446038700029,22.08878572300091,48.80021562600086,55.443602758335324
2026-08-17T08:00:00Z,G09,40105,GPS BIIF-7  (PRN 09),29.370739630998287,5.973101758001576,50.58275475099981,58.79569175784165
2026-08-17T08:00:00Z,G03,40294,GPS BIIF-8  (PRN 03),-24.09550123599911,42.694539449999866,29.89496758700261,57.420605758643525
2026-08-17T08:00:00Z,G26,40534,GPS BIIF-9  (PRN 26),-17.89256423399999,24.824937133002095,42.61808546000066,52.466394642678104
2026-08-17T08:00:00Z,G08,40730,GPS BIIF-10 (PRN 08),-20.642535080001835,5.321377835999556,-50.24403357099982,54.57924721069658
2026-08-17T08:00:00Z,G10,41019,GPS BIIF-11 (PRN 10),-11.782646388999638,9.551985693997267,-58.37950627999999,60.31780781927583
2026-08-17T08:00:00Z,G32,41328,GPS BIIF-12 (PRN 32),-48.32717981299993,-1.677573486998881,-9.645951449998392,49.308974242606546
2026-08-17T08:00:00Z,G04,43873,GPS BIII-1  (PRN 04),4.609147056999063,5.183633301999976,57.91982376799979,58.33369760369044
2026-08-17T08:00:00Z,G18,44506,GPS BIII-2  (PRN 18),-23.841091557000254,-44.53379586600022,-10.560827432000224,51.606081975987436
2026-08-17T08:00:00Z,G23,45854,GPS BIII-3  (PRN 23),2.7681425680002576,-13.810315522001474,-58.05221837299996,59.73648371071471
2026-08-17T08:00:00Z,G14,46826,GPS BIII-4  (PRN 14),8.827960455999346,-1.5001748860013322,-56.32897824699967,57.03627968979252
2026-08-17T08:00:00Z,G11,48859,GPS BIII-5  (PRN 11),4.293610564000119,-2.313069676998566,57.210317198000006,57.41781759089872
2026-08-17T08:00:00Z,G28,55268,GPS BIII-6  (PRN 28),-19.138874537999982,-25.284144654000556,45.00571932699859,55.05541991127034
2026-08-17T08:00:00Z,G01,62339,GPS BIII-7  (PRN 01),14.53630961899762,39.83168442100032,-29.974321049001446,51.92617166229505
2026-08-17T08:00:00Z,G21,64202,GPS BIII-8  (PRN 21),24.129521415,-33.70632463799848,33.26530099699812,53.150074080286764
2026-08-17T08:00:00Z,G20,67588,GPS BIII-9  (PRN 20),35.528188227999635,-3.7877200990005804,-41.07473360499898,54.440175633755786
2026-08-17T08:00:00Z,G13,68791,GPS BIII-10 (PRN 13),17.19737844499832,-28.449501639000005,14.804766115001257,36.391002577668104
2026-08-17T08:15:00Z,G22,26407,GPS BIIR-5  (PRN 22),13.622523064999768,-11.055309102997853,-54.269095268000456,57.03444306054533
2026-08-17T08:15:00Z,G16,27663,GPS BIIR-8  (PRN 16),-25.61633263300064,34.991582090999145,24.743986546000087,49.92867097153998
2026-08-17T08:15:00Z,G19,28190,GPS BIIR-11 (PRN 19),49.739966056000014,3.838559512998472,1.7700657559980755,49.91925375210873
2026-08-17T08:15:00Z,G02,28474,GPS BIIR-13 (PRN 02),8.975927817999036,21.41361895999944,-53.28806567199899,58.12682943547888
2026-08-17T08:15:00Z,G17,28874,GPS BIIRM-1 (PRN 17),40.58363086799909,2.9726262760013924,-27.141880070998013,48.91369189905033
2026-08-17T08:15:00Z,G31,29486,GPS BIIRM-2 (PRN 31),-12.849643045999983,-11.1110455550006,54.01585771400005,56.6240368069428
2026-08-17T08:15:00Z,G12,29601,GPS BIIRM-3 (PRN 12),25.172853203999694,-44.52658394299999,19.253794151001784,54.653433609173106
2026-08-17T08:15:00Z,G15,32260,GPS BIIRM-4 (PRN 15),23.69410513600087,-10.38009150500011,-47.73777053499907,54.2959635101935
2026-08-17T08:15:00Z,G29,32384,GPS BIIRM-5 (PRN 29),-19.942077923999022,-7.41394308100007,55.17097916600051,59.131125188604514
2026-08-17T08:15:00Z,G07,32711,GPS BIIRM-6 (PRN 07),28.11498666999978,45.61941799399938,3.780028655000933,53.72031636353352
2026-08-17T08:15:00Z,G05,35752,GPS BIIRM-8 (PRN 05),21.49408612499974,-43.03371788699951,12.774448488999042,49.77030387414626
2026-08-17T08:15:00Z,G25,36585,GPS BIIF-1  (PRN 25),10.979505214003439,-35.012888727000245,42.98045155,56.513459699398396
2026-08-17T08:15:00Z,G24,38833,GPS BIIF-3  (PRN 24),-4.620589419999305,-71.78995208599918,-96.26081250000061,120.17192305300993
2026-08-17T08:15:00Z,G27,39166,GPS BIIF-4  (PRN 27),-44.279095085001245,4.853992250000374,-26.854881104001834,52.01330734936705
2026-08-17T08:15:00Z,G30,39533,GPS BIIF-5  (PRN 30),28.585992023000017,35.96339518199966,-30.504453016998013,55.14568330179558
2026-08-17T08:15:00Z,G06,39741,GPS BIIF-6  (PRN 06),18.119221510000443,25.806006295999396,44.378046530000574,54.43957350031794
2026-08-17T08:15:00Z,G09,40105,GPS BIIF-7  (PRN 09),23.661415975002456,4.897573903000193,54.52285085599942,59.637153700885214
2026-08-17T08:15:00Z,G03,40294,GPS BIIF-8  (PRN 03),-23.401646649001123,46.60053886300011,22.425994768000237,56.76418350986001
2026-08-17T08:15:00Z,G26,40534,GPS BIIF-9  (PRN 26),-14.765293106000058,21.04216862999965,46.79980405100105,53.39483495968059
2026-08-17T08:15:00Z,G08,40730,GPS BIIF-10 (PRN 08),-25.751161890999356,6.762969794000128,-46.82721201399909,53.86694611888664
2026-08-17T08:15:00Z,G10,41019,GPS BIIF-11 (PRN 10),-7.95687000199905,4.233662116999767,-60.02449889599984,60.69741463081864
2026-08-17T08:15:00Z,G32,41328,GPS BIIF-12 (PRN 32),-46.899485289999575,0.9037127049996343,-16.803777150002134,49.82715468122777
2026-08-17T08:15:00Z,G04,43873,GPS BIII-1  (PRN 04),-1.6962516769999638,4.8720558740000115,58.22714693099999,58.45523789974141
2026-08-17T08:15:00Z,G18,44506,GPS BIII-2  (PRN 18),-26.47951887599993,-43.8719710710011,-2.8814306570020563,51.32462769655817
2026-08-17T08:15:00Z,G23,45854,GPS BIII-3  (PRN 23),5.038524605999555,-19.738616516002367,-55.49071643199932,59.111921998084476
2026-08-17T08:15:00Z,G14,46826,GPS BIII-4  (PRN 14),5.5874028819998784,3.705033562000608,-56.716846102000005,57.11170612422014
2026-08-17T08:15:00Z,G11,48859,GPS BIII-5  (PRN 11),7.267940065999937,3.102915920000669,56.747321529000146,57.29493468645622
2026-08-17T08:15:00Z,G28,55268,GPS BIII-6  (PRN 28),-23.037222459999953,-28.31700824699874,39.87646485100049,54.06199241375773
2026-08-17T08:15:00Z,G01,62339,GPS BIII-7  (PRN 01),14.856732077998458,35.729822420000346,-36.10815217699928,52.925809883643026
2026-08-17T08:15:00Z,G21,64202,GPS BIII-8  (PRN 21),20.404570579999927,-31.357505194002442,39.1199583460002,54.129573927187714
2026-08-17T08:15:00Z,G20,67588,GPS BIII-9  (PRN 20),39.666752127999644,-5.832628858001044,-35.426824302998284,53.50262296350395
2026-08-17T08:15:00Z,G13,68791,GPS BIII-10 (PRN 13),15.494713306999984,-30.811805618000108,9.070210433001193,35.661214550355254
2026-08-17T08:30:00Z,G22,26407,GPS BIIR-5  (PRN 22),9.962209343999348,-6.3220027220013435,-56.366500874999474,57.588156371965724
2026-08-17T08:30:00Z,G16,27663,GPS BIIR-8  (PRN 16),-22.234820151999884,33.67647138399843,31.070356328000344,50.929942022526944
2026-08-17T08:30:00Z,G19,28190,GPS BIIR-11 (PRN 19),49.79502814599982,1.3319968639989384,-5.751245412000571,50.14375202849977
2026-08-17T08:30:00Z,G02,28474,GPS BIIR-13 (PRN 02),6.029139296999347,16.265151277999394,-56.228429685000265,58.843368119099416
2026-08-17T08:30:00Z,G17,28874,GPS BIIRM-1 (PRN 17),37.36790159700104,0.8940764779999881,-33.11439387000064,49.93718578263298
2026-08-17T08:30:00Z,G31,29486,GPS BIIRM-2 (PRN 31),-16.75754632099961,-15.41268548899825,51.11716716099909,55.95829707245162
2026-08-17T08:30:00Z,G12,29601,GPS BIIRM-3 (PRN 12),23.951982458998827,-47.25635331600006,11.540772472999379,54.222226270380645
2026-08-17T08:30:00Z,G15,32260,GPS BIIRM-4 (PRN 15),28.028035968996846,-12.816237250000086,-43.41990354900008,53.245795718837186
2026-08-17T08:30:00Z,G29,32384,GPS BIIRM-5 (PRN 29),-13.789838003001933,-6.524934641999607,57.619347498000025,59.6047280870124
2026-08-17T08:30:00Z,G07,32711,GPS BIIRM-6 (PRN 07),29.625045519000196,43.48398742399968,11.702466830000049,53.90220973393064
2026-08-17T08:30:00Z,G05,35752,GPS BIIRM-8 (PRN 05),18.36172986800011,-42.46062835700104,19.910225636998803,50.36343087134725
2026-08-17T08:30:00Z,G25,36585,GPS BIIF-1  (PRN 25),11.228984968998702,-39.76381090999894,37.195232746998954,55.594389110984686
2026-08-17T08:30:00Z,G24,38833,GPS BIIF-3  (PRN 24),1.9450852500012843,-62.94302490900009,-102.81026135899992,120.56350020644993
2026-08-17T08:30:00Z,G27,39166,GPS BIIF-4  (PRN 27),-46.607430028001545,7.333638226000403,-20.14388011600022,51.30117629813866
2026-08-17T08:30:00Z,G30,39533,GPS BIIF-5  (PRN 30),31.939565521000077,37.22740264499953,-23.503550999001163,54.39147233644097
2026-08-17T08:30:00Z,G06,39741,GPS BIIF-6  (PRN 06),22.129307891999815,28.659515655999712,39.19948840399957,53.36360179514418
2026-08-17T08:30:00Z,G09,40105,GPS BIIF-7  (PRN 09),17.538497036999615,4.542643448999115,57.540361854000366,60.325183216554585
2026-08-17T08:30:00Z,G03,40294,GPS BIIF-8  (PRN 03),-21.942244156000015,49.74764127899999,14.554063651001343,56.28597214389194
2026-08-17T08:30:00Z,G26,40534,GPS BIIF-9  (PRN 26),-11.985815401000082,16.572561901997688,50.17665070700059,54.184922764499156
2026-08-17T08:30:00Z,G08,40730,GPS BIIF-10 (PRN 08),-30.327774093002517,8.755669293999745,-42.62566214099934,53.04133010380404
2026-08-17T08:30:00Z,G10,41019,GPS BIIF-11 (PRN 10),-4.750637365999864,-1.6218966919986997,-60.62014785000002,60.827637054373675
2026-08-17T08:30:00Z,G32,41328,GPS BIIF-12 (PRN 32),-44.55753259999983,3.2204963990006945,-23.68840294599795,50.56565773910183
2026-08-17T08:30:00Z,G04,43873,GPS BIII-1  (PRN 04),-7.981629746998806,5.325456711000015,57.543179795000015,58.337676020892445
2026-08-17T08:30:00Z,G18,44506,GPS BIII-2  (PRN 18),-28.63588456600155,-42.318628607999926,4.832394449000276,51.32477226690757
2026-08-17T08:30:00Z,G23,45854,GPS BIII-3  (PRN 23),6.459076027000265,-25.641152587999386,-51.960142191999694,58.30132713563615
2026-08-17T08:30:00Z,G14,46826,GPS BIII-4  (PRN 14),2.9785429290004686,9.250397974999942,-56.10970746199973,56.94506872545655
2026-08-17T08:30:00Z,G11,48859,GPS BIII-5  (PRN 11),10.8276948670009,8.04681634499866,55.313211012000465,56.93453733790329
2026-08-17T08:30:00Z,G28,55268,GPS BIII-6  (PRN 28),-26.979634850999958,-30.46795593600109,34.06178067599831,53.06978366670819
2026-08-17T08:30:00Z,G01,62339,GPS BIII-7  (PRN 01),14.414450293999835,31.17408593899927,-41.62404742000035,53.96444510075816
2026-08-17T08:30:00Z,G21,64202,GPS BIII-8  (PRN 21),16.780172075999985,-28.120533041997987,44.297712775000036,55.08743877294235
2026-08-17T08:30:00Z,G20,67588,GPS BIII-9  (PRN 20),42.99793208899973,-8.28925702900051,-29.161516174997814,52.61110122063334
2026-08-17T08:30:00Z,G13,68791,GPS BIII-10 (PRN 13),13.320579477000138,-32.51763790199993,3.1812403020012425,35.28391846419183
2026-08-17T08:45:00Z,G22,26407,GPS BIIR-5  (PRN 22),6.825461022001036,-1.0341428739993717,-57.52374000100008,57.93649137934878
2026-08-17T08:45:00Z,G16,27663,GPS BIIR-8  (PRN 16),-18.808768383999904,31.456584229999862,36.89755084499848,52.006881447566904
2026-08-17T08:45:00Z,G19,28190,GPS BIIR-11 (PRN 19),48.87044378900009,-1.1026628820000042,-13.217642335999699,50.638347232977196
2026-08-17T08:45:00Z,G02,28474,GPS BIIR-13 (PRN 02),2.3274958150032035,11.33948570299981,-58.25097352699959,59.390042007230484
2026-08-17T08:45:00Z,G17,28874,GPS BIIRM-1 (PRN 17),33.43963931899998,-0.7175316920001933,-38.5503758699997,51.037788051913935
2026-08-17T08:45:00Z,G31,29486,GPS BIIRM-2 (PRN 31),-20.96206288800022,-18.984469209000963,47.30998135200025,55.11853125033896
2026-08-17T08:45:00Z,G12,29601,GPS BIIRM-3 (PRN 12),22.111898114000724,-49.15131563700015,3.617984985001385,54.01738315027543
2026-08-17T08:45:00Z,G15,32260,GPS BIIRM-4 (PRN 15),31.631072006002796,-15.622672925000188,-38.403249143999346,52.147887496873295
2026-08-17T08:45:00Z,G29,32384,GPS BIIRM-5 (PRN 29),-7.407548589002545,-6.37524078000024,59.08435157199983,59.88719455597407
2026-08-17T08:45:00Z,G07,32711,GPS BIIRM-6 (PRN 07),30.416657620997285,40.58982202199968,19.379704777998995,54.29806322414253
2026-08-17T08:45:00Z,G05,35752,GPS BIIRM-8 (PRN 05),15.133928495999498,-40.92919991999952,26.709631862002425,51.1628735707545
2026-08-17T08:45:00Z,G25,36585,GPS BIIF-1  (PRN 25),10.740066694001143,-43.961732928000856,30.74538571299854,54.710709529903944
2026-08-17T08:45:00Z,G24,38833,GPS BIIF-3  (PRN 24),9.611134906997904,-54.23435440600042,-107.57777036799962,120.85824667512858
2026-08-17T08:45:00Z,G27,39166,GPS BIIF-4  (PRN 27),-48.03371758399953,9.96437125400007,-13.088303186999838,50.772338923293646
2026-08-17T08:45:00Z,G30,39533,GPS BIIF-5  (PRN 30),34.97505763500067,37.57484884900077,-16.09171271500236,53.796534653256636
2026-08-17T08:45:00Z,G06,39741,GPS BIIF-6  (PRN 06),26.167304425,30.599182576999738,33.356563928999094,52.28477935690837
2026-08-17T08:45:00Z,G09,40105,GPS BIIF-7  (PRN 09),11.176219806002337,4.955803107000065,59.581062115999885,60.822453390652264
2026-08-17T08:45:00Z,G03,40294,GPS BIIF-8  (PRN 03),-19.84267175000059,52.00026965699999,6.419601855999645,56.02652010047152
2026-08-17T08:45:00Z,G26,40534,GPS BIIF-9  (PRN 26),-9.672553656000218,11.528800738000427,52.68358071000057,54.790795003466286
2026-08-17T08:45:00Z,G08,40730,GPS BIIF-10 (PRN 08),-34.25142364000203,11.19588482600011,-37.70611416199972,52.156101307533575
2026-08-17T08:45:00Z,G10,41019,GPS BIIF-11 (PRN 10),-2.2675769359993865,-7.844466581998859,-60.15031950999992,60.70204690347641
2026-08-17T08:45:00Z,G32,41328,GPS BIIF-12 (PRN 32),-41.37150923400077,5.1270065320004505,-30.18336749899754,51.46769516752938
2026-08-17T08:45:00Z,G04,43873,GPS BIII-1  (PRN 04),-14.068320395999763,6.523585671000092,55.87844202999986,57.990301710470824
2026-08-17T08:45:00Z,G18,44506,GPS BIII-2  (PRN 18),-30.172993875999964,-39.96937875799995,12.447924733001855,51.60340713460758
2026-08-17T08:45:00Z,G23,45854,GPS BIII-3  (PRN 23),7.025500503999865,-31.32652816800328,-47.5249590200001,57.35268741955423
2026-08-17T08:45:00Z,G14,46826,GPS BIII-4  (PRN 14),1.0711036289994809,14.972611837998556,-54.51739317299962,56.54619816234205
2026-08-17T08:45:00Z,G11,48859,GPS BIII-5  (PRN 11),14.85731874799967,12.386781365999923,52.933521044999,56.3571639031818
2026-08-17T08:45:00Z,G28,55268,GPS BIII-6  (PRN 28),-30.798020499999893,-31.715280959000665,27.661450822000916,52.149141647823306
2026-08-17T08:45:00Z,G01,62339,GPS BIII-7  (PRN 01),13.165497581001546,26.325669958998333,-46.42779098000028,54.97191101488159
2026-08-17T08:45:00Z,G21,64202,GPS BIII-8  (PRN 21),13.415747017999934,-24.061596997002198,48.70909327499976,55.95997217449045
2026-08-17T08:45:00Z,G20,67588,GPS BIII-9  (PRN 20),45.43215345700082,-11.01401559199985,-22.387550118000945,51.8323403628207
2026-08-17T08:45:00Z,G13,68791,GPS BIII-10 (PRN 13),10.794748858001185,-33.4899603799995,-2.7604280529994867,35.294815656085255
2026-08-17T09:00:00Z,G22,26407,GPS BIIR-5  (PRN 22),4.313350531998367,4.67097184999875,-57.715550962000066,58.06468628764473
2026-08-17T09:00:00Z,G16,27663,GPS BIIR-8  (PRN 16),-15.495761224000034,28.358818264001457,42.120590511000046,53.089408870670546
2026-08-17T09:00:00Z,G19,28190,GPS BIIR-11 (PRN 19),46.98945584100056,-3.3060672890005662,-20.49765885099987,51.372103904013066
2026-08-17T09:00:00Z,G02,28474,GPS BIIR-13 (PRN 02),-2.0508130390007864,6.785229676999734,-59.317886116999944,59.73990951851156
2026-08-17T09:00:00Z,G17,28874,GPS BIIRM-1 (PRN 17),28.909944691997225,-1.752759753000646,-43.3613049730011,52.14460506905472
2026-08-17T09:00:00Z,G31,29486,GPS BIIRM-2 (PRN 31),-25.303216974999486,-21.74493089599855,42.66169638400061,54.15824173028797
2026-08-17T09:00:00Z,G12,29601,GPS BIIRM-3 (PRN 12),19.790881553000872,-50.11266847299976,-4.3720035849983105,54.05620176702144
2026-08-17T09:00:00Z,G15,32260,GPS BIIRM-4 (PRN 15),34.42863909100197,-18.66517570399992,-32.774008977998164,51.06716790864324
2026-08-17T09:00:00Z,G29,32384,GPS BIIRM-5 (PRN 29),-0.9728327880002325,-6.985730586000045,59.542607735000004,59.958894013629596
2026-08-17T09:00:00Z,G07,32711,GPS BIIRM-6 (PRN 07),30.3991085580019,37.082774239,26.669070498999645,54.86781631942755
2026-08-17T09:00:00Z,G05,35752,GPS BIIRM-8 (PRN 05),11.97697296899969,-38.45446852999885,33.05862198599789,52.106300185658206
2026-08-17T09:00:00Z,G25,36585,GPS BIIF-1  (PRN 25),9.59941317599987,-47.45526033199985,23.747883609001292,53.92691760529347
2026-08-17T09:00:00Z,G24,38833,GPS BIIF-3  (PRN 24),18.242440161997365,-45.92118223600119,-110.49774689600008,121.04252835308993
2026-08-17T09:00:00Z,G27,39166,GPS BIIF-4  (PRN 27),-48.52882752000005,12.591364236999652,-5.801879664999433,50.47030177700389
2026-08-17T09:00:00Z,G30,39533,GPS BIIF-5  (PRN 30),37.53616944900023,37.05216453600042,-8.40233422899837,53.408109255081314
2026-08-17T09:00:00Z,G06,39741,GPS BIIF-6  (PRN 06),30.06146868199994,31.609503280000354,26.95197110600202,51.276323419547
2026-08-17T09:00:00Z,G09,40105,GPS BIIF-7  (PRN 09),4.756658702997811,6.151166276000367,60.606863847999875,61.103638140963454
2026-08-17T09:00:00Z,G03,40294,GPS BIIF-8  (PRN 03),-17.252789797001242,53.2536583709998,-1.8316940469994734,56.008624235527165
2026-08-17T09:00:00Z,G26,40534,GPS BIIF-9  (PRN 26),-7.922089623999909,6.046579360001488,54.270996233000005,55.17845284247995
2026-08-17T09:00:00Z,G08,40730,GPS BIIF-10 (PRN 08),-37.4230607540012,13.959803224999632,-32.14690530900043,51.27167934858595
2026-08-17T09:00:00Z,G10,41019,GPS BIIF-11 (PRN 10),-0.5787358529996709,-14.246464079998987,-58.61912711600053,60.32825820303515
2026-08-17T09:00:00Z,G32,41328,GPS BIIF-12 (PRN 32),-37.44029767000029,6.493640922999475,-36.17755734199818,52.46674105839479
2026-08-17T09:00:00Z,G04,43873,GPS BIII-1  (PRN 04),-19.78461577300186,8.413670098000011,53.25989681600004,57.4355070897286
2026-08-17T09:00:00Z,G18,44506,GPS BIII-2  (PRN 18),-30.976036400999874,-36.94639107800003,19.83513936899908,52.13428237342686
2026-08-17T09:00:00Z,G23,45854,GPS BIII-3  (PRN 23),6.769967957001427,-36.608831761001056,-42.265846463000344,56.32442459784232
2026-08-17T09:00:00Z,G14,46826,GPS BIII-4  (PRN 14),-0.09660912599974836,20.698932809002144,-51.96781279099923,55.93843686621173
2026-08-17T09:00:00Z,G11,48859,GPS BIII-5  (PRN 11),19.219641870000487,16.01553389399851,49.649552916000175,55.59649327322356
2026-08-17T09:00:00Z,G28,55268,GPS BIII-6  (PRN 28),-34.325115654,-32.07090600299853,20.78504233000058,51.36900389508793
2026-08-17T09:00:00Z,G01,62339,GPS BIII-7  (PRN 01),11.098099128998001,21.353195876999962,-50.43713893599852,55.88409221314964
2026-08-17T09:00:00Z,G21,64202,GPS BIII-8  (PRN 21),10.45672136600001,-19.27761676299997,52.27807745999962,56.69185931596334
2026-08-17T09:00:00Z,G20,67588,GPS BIII-9  (PRN 20),46.91143149299933,-13.85021654800039,-15.222832763996848,51.227390529964424
2026-08-17T09:00:00Z,G13,68791,GPS BIII-10 (PRN 13),8.049869688999024,-33.678056590999404,-8.651842864997889,35.69126339480067
2026-08-17T09:15:00Z,G22,26407,GPS BIIR-5  (PRN 22),2.5005161900007806,10.63802434399986,-56.931541500000094,57.970859582433505
2026-08-17T09:15:00Z,G16,27663,GPS BIIR-8  (PRN 16),-12.44731578699998,24.442834818000847,46.642930150999746,54.11054220124221
2026-08-17T09:15:00Z,G19,28190,GPS BIIR-11 (PRN 19),44.20916932199907,-5.1270694009999715,-27.46055554600025,52.29550270987763
2026-08-17T09:15:00Z,G02,28474,GPS BIIR-13 (PRN 02),-7.000033819000237,2.7353153910007677,-59.4047906830001,59.87830642099397
2026-08-17T09:15:00Z,G17,28874,GPS BIIRM-1 (PRN 17),23.90979946200241,-2.125009957000657,-47.46709196499978,53.191343254746535
2026-08-17T09:15:00Z,G31,29486,GPS BIIRM-2 (PRN 31),-29.611118402999637,-23.645476691999647,37.25615202799963,53.14082954755019
2026-08-17T09:15:00Z,G12,29601,GPS BIIRM-3 (PRN 12),17.144882713000698,-50.07472721999875,-12.284925152998767,54.33548283961978
2026-08-17T09:15:00Z,G15,32260,GPS BIIRM-4 (PRN 15),36.374458337999386,-21.798857302000215,-26.6256890500008,50.07213512966222
2026-08-17T09:15:00Z,G29,32384,GPS BIIRM-5 (PRN 29),5.335714708002342,-8.344333902000017,58.98712574000001,59.81286452578434
2026-08-17T09:15:00Z,G07,32711,GPS BIIRM-6 (PRN 07),29.514160184000502,33.12793491100001,33.43853125199894,55.557907584116265
2026-08-17T09:15:00Z,G05,35752,GPS BIIRM-8 (PRN 05),9.052222710999558,-35.08477729999868,38.84999794800024,53.1244451713113
2026-08-17T09:15:00Z,G25,36585,GPS BIIF-1  (PRN 25),7.920986688000994,-50.116875137000534,16.33062530100142,53.302275057739315
2026-08-17T09:15:00Z,G24,38833,GPS BIIF-3  (PRN 24),27.663295279999147,-38.23211497900047,-111.53749530500001,121.10972454938883
2026-08-17T09:15:00Z,G27,39166,GPS BIIF-4  (PRN 27),-48.094638589999704,15.057710970000699,1.597082940999826,50.42201498035556
2026-08-17T09:15:00Z,G30,39533,GPS BIIF-5  (PRN 30),39.48192962600115,35.73757966600169,-0.5734662210015813,53.25717069919275
2026-08-17T09:15:00Z,G06,39741,GPS BIIF-6  (PRN 06),33.6425591379998,31.709734335001485,20.097188371997618,50.41057446022354
2026-08-17T09:15:00Z,G09,40105,GPS BIIF-7  (PRN 09),-1.5368744389998028,8.108859249000488,60.596685944,61.15614383491751
2026-08-17T09:15:00Z,G03,40294,GPS BIIF-8  (PRN 03),-14.340665540999908,53.43832088199997,-10.051732754000113,56.23474155897095
2026-08-17T09:15:00Z,G26,40534,GPS BIIF-9  (PRN 26),-6.805219090000264,0.2795442560018273,54.90599553300001,55.32682439218597
2026-08-17T09:15:00Z,G08,40730,GPS BIIF-10 (PRN 08),-39.769164883000485,16.90808570400077,-26.03705211399938,50.45193673638539
2026-08-17T09:15:00Z,G10,41019,GPS BIIF-11 (PRN 10),0.28027151500100445,-20.63036858399937,-56.05110433899972,59.72785746747679
2026-08-17T09:15:00Z,G32,41328,GPS BIIF-12 (PRN 32),-32.88820375499927,7.212090455001089,-41.56706525200025,53.49270145193185
2026-08-17T09:15:00Z,G04,43873,GPS BIII-1  (PRN 04),-24.97206600299978,10.912593271000105,49.730604194999614,56.70821603574007
2026-08-17T09:15:00Z,G18,44506,GPS BIII-2  (PRN 18),-30.957110028997704,-33.39357678399995,26.86884461199952,52.87162228038919
2026-08-17T09:15:00Z,G23,45854,GPS BIII-3  (PRN 23),5.759322139001597,-41.31497372800004,-36.277997974000755,55.2828181503777
2026-08-17T09:15:00Z,G14,46826,GPS BIII-4  (PRN 14),-0.5189128700003494,26.253971807000198,-48.50640329899943,55.158058950751666
2026-08-17T09:15:00Z,G11,48859,GPS BIII-5  (PRN 11),23.76123610200011,18.85407221600326,45.51758933800011,54.698476389786954
2026-08-17T09:15:00Z,G28,55268,GPS BIII-6  (PRN 28),-37.40109961100006,-31.57965209699978,13.550096802999178,50.790961814580164
2026-08-17T09:15:00Z,G01,62339,GPS BIII-7  (PRN 01),8.233249170003546,16.42650752999907,-53.58326442799989,56.64611873985224
2026-08-17T09:15:00Z,G21,64202,GPS BIII-8  (PRN 21),8.029027889999952,-13.892665202001808,54.94341686000007,57.23854026375104
2026-08-17T09:15:00Z,G20,67588,GPS BIII-9  (PRN 20),47.41161110900066,-16.63450463100162,-7.792308074000175,50.84572427835066
2026-08-17T09:15:00Z,G13,68791,GPS BIII-10 (PRN 13),5.226269942000727,-33.059748718000264,-14.390678872001445,36.43284947957062
2026-08-17T09:30:00Z,G22,26407,GPS BIIR-5  (PRN 22),1.4317163100004109,16.69876045699857,-55.17676472200037,57.66605394492955
2026-08-17T09:30:00Z,G16,27663,GPS BIIR-8  (PRN 16),-9.80235450500004,19.79944652099948,50.37856478100002,55.01003568234645
2026-08-17T09:30:00Z,G19,28190,GPS BIIR-11 (PRN 19),40.618598771001416,-6.42932069500057,-33.978906989999814,53.34578569065994
2026-08-17T09:30:00Z,G02,28474,GPS BIIR-13 (PRN 02),-12.389741733000847,-0.6981716850023076,-58.50152901899992,59.80319424138723
2026-08-17T09:30:00Z,G17,28874,GPS BIIRM-1 (PRN 17),18.58548008499929,-1.774323377001565,-50.79723282899977,54.11956352854013
2026-08-17T09:30:00Z,G31,29486,GPS BIIRM-2 (PRN 31),-33.712561367000035,-24.672284069998568,31.19190672900004,52.13629676669687
2026-08-17T09:30:00Z,G12,29601,GPS BIIRM-3 (PRN 12),14.34079412400024,-49.00755426700016,-19.977824125999177,54.83167157901791
2026-08-17T09:30:00Z,G15,32260,GPS BIIRM-4 (PRN 15),37.451482373000545,-24.87313441600054,-20.057756939000683,49.230071714711436
2026-08-17T09:30:00Z,G29,32384,GPS BIIRM-5 (PRN 29),11.345001239998965,-10.406012559999908,57.42740134199994,59.45502985811705
2026-08-17T09:30:00Z,G07,32711,GPS BIIRM-6 (PRN 07),27.738163876998442,28.901910235000287,39.56939250600044,56.30686435767098
2026-08-17T09:30:00Z,G05,35752,GPS BIIRM-8 (PRN 05),6.509567805000188,-30.90013037499739,43.98517365999942,54.146911565665846
2026-08-17T09:30:00Z,G25,36585,GPS BIIF-1  (PRN 25),5.84114172199952,-51.847968490000085,8.629755458001455,52.884813060286326
2026-08-17T09:30:00Z,G24,38833,GPS BIIF-3  (PRN 24),37.66390692699861,-31.359038209000573,-110.69628600799979,121.06042664043466
2026-08-17T09:30:00Z,G27,39166,GPS BIIF-4  (PRN 27),-46.76388526200003,17.210240578000594,8.987290475000918,50.63422494353206
2026-08-17T09:30:00Z,G30,39533,GPS BIIF-5  (PRN 30),40.69227439899987,33.737447987999985,7.2549113419991045,53.35457179180405
2026-08-17T09:30:00Z,G06,39741,GPS BIIF-6  (PRN 06),36.75006169600056,30.95267346199944,12.910495645999617,49.75254693913053
2026-08-17T09:30:00Z,G09,40105,GPS BIIF-7  (PRN 09),-7.5267262989982555,10.775034891999894,59.54705228399962,60.98036094856467
2026-08-17T09:30:00Z,G03,40294,GPS BIIF-8  (PRN 03),-11.285413292000158,52.5227389720003,-18.093005667000398,56.68646678315946
2026-08-17T09:30:00Z,G26,40534,GPS BIIF-9  (PRN 26),-6.363374400999874,-5.606505343999743,54.57325923999997,55.22830850221506
2026-08-17T09:30:00Z,G08,40730,GPS BIIF-10 (PRN 08),-41.24431323400131,19.890683843999795,-19.475151626000297,49.759563993086516
2026-08-17T09:30:00Z,G10,41019,GPS BIIF-11 (PRN 10),0.31121687599988945,-26.796355562000826,-52.49086625899872,58.935834328268996
2026-08-17T09:30:00Z,G32,41328,GPS BIIF-12 (PRN 32),-27.860320109000895,7.200097853999978,-46.25701493899942,54.47706193206449
2026-08-17T09:30:00Z,G04,43873,GPS BIII-1  (PRN 04),-29.49125995600116,13.90959906199987,45.349096629001,55.854739502789684
2026-08-17T09:30:00Z,G18,44506,GPS BIII-2  (PRN 18),-30.05862569099918,-29.470599035000077,33.4306877529998,53.75544688263613
2026-08-17T09:30:00Z,G23,45854,GPS BIII-3  (PRN 23),4.092271939000057,-45.29108133199952,-29.669182269000885,54.29815019276181
2026-08-17T09:30:00Z,G14,46826,GPS BIII-4  (PRN 14),-0.22315300500122248,31.46623998799987,-44.195232100000794,54.25304227984809
2026-08-17T09:30:00Z,G11,48859,GPS BIII-5  (PRN 11),28.317788205999932,20.85454467999807,40.60789860600016,53.71974117477759
2026-08-17T09:30:00Z,G28,55268,GPS BIII-6  (PRN 28),-39.87951801199961,-30.317193656999734,6.080204203000903,50.46263044328561
2026-08-17T09:30:00Z,G01,62339,GPS BIII-7  (PRN 01),4.624378929001978,11.709900732001188,-55.81199455100068,57.214380984095676
2026-08-17T09:30:00Z,G21,64202,GPS BIII-8  (PRN 21),6.233739074999903,-8.05336969400014,56.65967129599994,57.56765252860482
2026-08-17T09:30:00Z,G20,67588,GPS BIII-9  (PRN 20),46.942976844999976,-19.203290280000147,-0.22569630699945264,50.7194279489738
2026-08-17T09:30:00Z,G13,68791,GPS BIII-10 (PRN 13),2.4662186879995716,-31.6421608189994,-19.877128619998985,37.448749219278895
2026-08-17T09:45:00Z,G22,26407,GPS BIIR-5  (PRN 22),1.1200814179992449,22.677902688003087,-52.472138817000086,57.17400812204801
2026-08-17T09:45:00Z,G16,27663,GPS BIIR-8  (PRN 16),-7.681565704999969,14.547812752000027,53.25401758600037,55.737202087990774
2026-08-17T09:45:00Z,G19,28190,GPS BIIR-11 (PRN 19),36.33574849499928,-7.09727568299968,-39.93128858599994,54.453335517218314
2026-08-17T09:45:00Z,G02,28474,GPS BIIR-13 (PRN 02),-18.069098592000955,-3.428011250001873,-56.61285258299995,59.52527750999633
2026-08-17T09:45:00Z,G17,28874,GPS BIIRM-1 (PRN 17),13.093735856000421,-0.6698535960003937,-53.291982857999756,54.881053738463564
2026-08-17T09:45:00Z,G31,29486,GPS BIIRM-2 (PRN 31),-37.43837987800009,-24.846509026003332,24.5801461580013,51.216841798547215
2026-08-17T09:45:00Z,G12,29601,GPS BIIRM-3 (PRN 12),11.549379306999981,-46.91843918900122,-27.31207199399796,55.503850090910746
2026-08-17T09:45:00Z,G15,32260,GPS BIIRM-4 (PRN 15),37.67200291100016,-27.73734425799921,-13.174356152001565,48.60147867949028
2026-08-17T09:45:00Z,G29,32384,GPS BIIRM-5 (PRN 29),16.89360177599883,-13.094650144000298,54.88927709299969,58.90412874452774
2026-08-17T09:45:00Z,G07,32711,GPS BIIRM-6 (PRN 07),25.08264362800037,24.585296888999892,44.95845434600051,57.05119150088758
2026-08-17T09:45:00Z,G05,35752,GPS BIIRM-8 (PRN 05),4.481694831000823,-26.009578689998307,48.37584598099966,55.10722499424948
2026-08-17T09:45:00Z,G25,36585,GPS BIIF-1  (PRN 25),3.5125165620011103,-52.58309145099997,0.7867296030017314,52.7061497608277
2026-08-17T09:45:00Z,G24,38833,GPS BIIF-3  (PRN 24),48.00835457799985,-25.451250486999925,-108.00392802399983,120.90250919336748
2026-08-17T09:45:00Z,G27,39166,GPS BIIF-4  (PRN 27),-44.599281321999996,18.90551363600025,16.24616789100037,51.09258567955296
2026-08-17T09:45:00Z,G30,39533,GPS BIIF-5  (PRN 30),41.07312548600021,31.18164282500038,14.943611188999057,53.68992458387882
2026-08-17T09:45:00Z,G06,39741,GPS BIIF-6  (PRN 06),39.23854762299925,29.422186167999826,5.514966282000387,49.35325228957481
2026-08-17T09:45:00Z,G09,40105,GPS BIIF-7  (PRN 09),-13.04744830600248,14.063898227999744,57.47240747400065,60.58965886620345
2026-08-17T09:45:00Z,G03,40294,GPS BIIF-8  (PRN 03),-8.269666803000291,50.514859158000036,-25.811555350999697,57.32691143278998
2026-08-17T09:45:00Z,G26,40534,GPS BIIF-9  (PRN 26),-6.606943283999954,-11.440031375001126,53.27555298399966,54.88907508029223
2026-08-17T09:45:00Z,G08,40730,GPS BIIF-10 (PRN 08),-41.832984344999204,22.75266135700076,-12.568105973998172,49.25078137257269
2026-08-17T09:45:00Z,G10,41019,GPS BIIF-11 (PRN 10),-0.4470472949997202,-32.550384433001454,-48.002286865001224,57.99954243172974
2026-08-17T09:45:00Z,G32,41328,GPS BIIF-12 (PRN 32),-22.517435244000808,6.404984283999511,-50.16334193300099,55.35719996110015
2026-08-17T09:45:00Z,G04,43873,GPS BIII-1  (PRN 04),-33.226938998999685,17.270734977999837,40.188514129000396,54.931088008707945
2026-08-17T09:45:00Z,G18,44506,GPS BIII-2  (PRN 18),-28.255649907001498,-25.346752555999956,39.411014152999996,54.71807428418959
2026-08-17T09:45:00Z,G23,45854,GPS BIII-3  (PRN 23),1.8948703949990886,-48.408508438000354,-22.557602712000516,53.439869602369434
2026-08-17T09:45:00Z,G14,46826,GPS BIII-4  (PRN 14),0.731857142998706,36.17490306599939,-39.111770661000264,53.2812333842873
2026-08-17T09:45:00Z,G11,48859,GPS BIII-5  (PRN 11),32.7204885480005,22.001661072998104,35.003551816000254,52.72525107124979
2026-08-17T09:45:00Z,G28,55268,GPS BIII-6  (PRN 28),-41.633200472999306,-28.386907906999113,-1.4969909389983513,50.41211068797697
2026-08-17T09:45:00Z,G01,62339,GPS BIII-7  (PRN 01),0.3554365060008422,7.35607347900077,-57.084796005000044,57.557902038475355
2026-08-17T09:45:00Z,G21,64202,GPS BIII-8  (PRN 21),5.14332631599973,-1.9234308740014967,57.397929593999834,57.66000098506485
2026-08-17T09:45:00Z,G20,67588,GPS BIII-9  (PRN 20),45.54981069800033,-21.39954371800013,7.344859422999434,50.85934216941749
2026-08-17T09:45:00Z,G13,68791,GPS BIII-10 (PRN 13),-0.09173714100143116,-29.461657333000403,-25.015770688001794,38.649533653394386
2026-08-17T10:00:00Z,G22,26407,GPS BIIR-5  (PRN 22),1.5464724979992752,28.399479382998834,-48.85467808000067,56.53053667455264
2026-08-17T10:00:00Z,G16,27663,GPS BIIR-8  (PRN 16),-6.182415014,8.831376199002989,55.210183605000566,56.25282068191356
2026-08-17T10:00:00Z,G19,28190,GPS BIIR-11 (PRN 19),31.503449104999163,-7.041373405998456,-45.204975732000094,55.547619893967486
2026-08-17T10:00:00Z,G02,28474,GPS BIIR-13 (PRN 02),-23.871933648999402,-5.395137009996688,-53.75899168700016,59.067807701842284
2026-08-17T10:00:00Z,G17,28874,GPS BIIRM-1 (PRN 17),7.596519152997644,1.1886729140005627,-54.90348661500002,55.439272082358954
2026-08-17T10:00:00Z,G31,29486,GPS BIIRM-2 (PRN 31),-40.63058729499994,-24.2230726509988,17.542307494000852,50.45130746379379
2026-08-17T10:00:00Z,G12,29601,GPS BIIRM-3 (PRN 12),8.938184290000208,-43.85175527800129,-34.156269777999114,56.29847550787833
2026-08-17T10:00:00Z,G15,32260,GPS BIIRM-4 (PRN 15),37.07689124600074,-30.246173715000623,-6.083093615001417,48.23412606023491
2026-08-17T10:00:00Z,G29,32384,GPS BIIRM-5 (PRN 29),21.837508640001033,-16.30608858000005,51.41460143200129,58.191292723159854
2026-08-17T10:00:00Z,G07,32711,GPS BIIRM-6 (PRN 07),21.59322862100089,20.355320236000807,49.51956337000047,57.730353719204324
2026-08-17T10:00:00Z,G05,35752,GPS BIIRM-8 (PRN 05),3.079044609000448,-20.547463935999986,51.945537185998546,55.94656042552922
2026-08-17T10:00:00Z,G25,36585,GPS BIIF-1  (PRN 25),1.0973684240016155,-52.29273744600005,-7.054770828999608,52.77787792725277
2026-08-17T10:00:00Z,G24,38833,GPS BIIF-3  (PRN 24),58.443300754999655,-20.611338725000678,-103.51893390200075,120.65080340960377
2026-08-17T10:00:00Z,G27,39166,GPS BIIF-4  (PRN 27),-41.69159175000004,20.01546686200163,23.251661449001404,51.76337987894082
2026-08-17T10:00:00Z,G30,39533,GPS BIIF-5  (PRN 30),40.560305983000944,28.218144448000203,22.35690773600072,54.233139509334286
2026-08-17T10:00:00Z,G06,39741,GPS BIIF-6  (PRN 06),40.98334643899943,27.229687233000732,-1.9635598450004181,49.243741931447374
2026-08-17T10:00:00Z,G09,40105,GPS BIIF-7  (PRN 09),-17.951933057000133,17.860980592999113,54.40511384900128,60.01002367229408
2026-08-17T10:00:00Z,G03,40294,GPS BIIF-8  (PRN 03),-5.472052969000288,47.46190978099912,-33.0698849649998,58.10502160186815
2026-08-17T10:00:00Z,G26,40534,GPS BIIF-9  (PRN 26),-7.514897646999998,-17.050467635999667,51.03382529699957,54.32902960384836
2026-08-17T10:00:00Z,G08,40730,GPS BIIF-10 (PRN 08),-41.55033944199931,25.340169248000166,-5.429661248999764,48.96974684988219
2026-08-17T10:00:00Z,G10,41019,GPS BIIF-11 (PRN 10),-1.9204492299995763,-37.71207231200242,-42.66720299799999,56.977001807599926
2026-08-17T10:00:00Z,G32,41328,GPS BIIF-12 (PRN 32),-17.03028547299982,4.806025144000159,-53.21446959399964,56.07948176603759
2026-08-17T10:00:00Z,G04,43873,GPS BIII-1  (PRN 04),-36.0922466560005,20.844151606000196,34.335481425998296,54.00050193846881
2026-08-17T10:00:00Z,G18,44506,GPS BIII-2  (PRN 18),-25.55690287899779,-21.194615754000097,44.71057298899905,55.69023575754412
2026-08-17T10:00:00Z,G23,45854,GPS BIII-3  (PRN 23),-0.6849653259996558,-50.568777525999394,-15.06960348100256,52.77085736508824
2026-08-17T10:00:00Z,G14,46826,GPS BIII-4  (PRN 14),2.258609033000539,40.23608564499955,-33.34738144399671,52.30766437117133
2026-08-17T10:00:00Z,G11,48859,GPS BIII-5  (PRN 11),36.80252908700004,22.312942149001174,28.79907556600301,51.784942676423896
2026-08-17T10:00:00Z,G28,55268,GPS BIII-6  (PRN 28),-42.55939517299885,-25.91577008999957,-9.051880979000998,50.64450420437734
2026-08-17T10:00:00Z,G01,62339,GPS BIII-7  (PRN 01),-4.462260588999925,3.500546581999515,-57.379488361000085,57.65909538405051
2026-08-17T10:00:00Z,G21,64202,GPS BIII-8  (PRN 21),4.799098452999715,4.322520244000771,57.1462194799999,57.51005067010201
2026-08-17T10:00:00Z,G20,67588,GPS BIII-9  (PRN 20),43.30866929999979,-23.07920670800013,14.787205168999208,51.253800400725595
2026-08-17T10:00:00Z,G13,68791,GPS BIII-10 (PRN 13),-2.3181741059997876,-26.582587109998713,-29.71737031900011,39.93907819821317
2026-08-17T10:15:00Z,G22,26407,GPS BIIR-5  (PRN 22),2.659462313000404,33.69305514199732,-44.377516289001505,55.78224320136772
2026-08-17T10:15:00Z,G16,27663,GPS BIIR-8  (PRN 16),-5.374325891000012,2.812718346998736,56.20394585300005,56.53033073252958
2026-08-17T10:15:00Z,G19,28190,GPS BIIR-11 (PRN 19),26.283628004999628,-6.202562898000906,-49.69858974300041,56.56191925714618
2026-08-17T10:15:00Z,G02,28474,GPS BIIR-13 (PRN 02),-29.62208277999889,-6.571504620000269,-49.97605786399981,58.465877405728286
2026-08-17T10:15:00Z,G17,28874,GPS BIIRM-1 (PRN 17),2.255095638000057,3.769962530999692,-55.59690250400001,55.770185958637
2026-08-17T10:15:00Z,G31,29486,GPS BIIRM-2 (PRN 31),-43.14857960600011,-22.88803689300039,10.20749553099813,49.89844807051641
2026-08-17T10:15:00Z,G12,29601,GPS BIIRM-3 (PRN 12),6.664251244999832,-39.88695036500212,-40.388942210000096,57.154594801462395
2026-08-17T10:15:00Z,G15,32260,GPS BIIRM-4 (PRN 15),35.73372827699859,-32.26451061199987,1.1061322899986408,48.157258126363445
2026-08-17T10:15:00Z,G29,32384,GPS BIIRM-5 (PRN 29),26.055357750999974,-19.911571028000026,47.060656254001515,57.35902453313668
2026-08-17T10:15:00Z,G07,32711,GPS BIIRM-6 (PRN 07),17.347306031002518,16.378380371000276,53.184581187999356,58.29047989383274
2026-08-17T10:15:00Z,G05,35752,GPS BIIRM-8 (PRN 05),2.38497437299975,-14.668524704000447,54.63098749800065,56.61623896691161
2026-08-17T10:15:00Z,G25,36585,GPS BIIF-1  (PRN 25),-1.2394966299998487,-50.984168386999954,-14.751967136999156,53.089945492728184
2026-08-17T10:15:00Z,G24,38833,GPS BIIF-3  (PRN 24),68.7065893809995,-16.89240239799983,-97.32646083100008,120.32617612570183
2026-08-17T10:15:00Z,G27,39166,GPS BIIF-4  (PRN 27),-38.156228228000145,20.432618884002295,29.884130810998613,52.59706209832446
2026-08-17T10:15:00Z,G30,39533,GPS BIIF-5  (PRN 30),39.12199285599854,25.00660412400066,29.36509605000174,54.9378689144848
2026-08-17T10:15:00Z,G06,39741,GPS BIIF-6  (PRN 06),41.88508528300008,24.50946666100026,-9.39849252500062,49.43082021283246
2026-08-17T10:15:00Z,G09,40105,GPS BIIF-7  (PRN 09),-22.117077392998908,22.02694674400027,50.39513113599969,59.27917625511958
2026-08-17T10:15:00Z,G03,40294,GPS BIIF-8  (PRN 03),-3.0595658509992063,43.44830972499767,-39.73968847099968,58.96065977351367
2026-08-17T10:15:00Z,G26,40534,GPS BIIF-9  (PRN 26),-9.035111144999973,-22.274846910000633,47.886903208998774,53.581317053750034
2026-08-17T10:15:00Z,G08,40730,GPS BIIF-10 (PRN 08),-40.44163112299975,27.506176691998917,1.8212242429981416,48.94315214453939
2026-08-17T10:15:00Z,G10,41019,GPS BIIF-11 (PRN 10),-4.002587136999864,-42.121726674000456,-36.583682206997764,55.93412523326957
2026-08-17T10:15:00Z,G32,41328,GPS BIIF-12 (PRN 32),-11.572906170000351,2.416091070997936,-55.352846521000174,56.601300967914064
2026-08-17T10:15:00Z,G04,43873,GPS BIII-1  (PRN 04),-38.031848801001615,24.465564997,27.888759992001724,53.12973110920246
2026-08-17T10:15:00Z,G18,44506,GPS BIII-2  (PRN 18),-22.004532614999334,-17.183119443000123,49.242022293001355,56.60596972847847
2026-08-17T10:15:00Z,G23,45854,GPS BIII-3  (PRN 23),-3.483526494999751,-51.70695184499982,-7.337282087999483,52.34099286774539
2026-08-17T10:15:00Z,G14,46826,GPS BIII-4  (PRN 14),4.244416589999673,43.52816309300033,-27.00552630600214,51.40053020645287
2026-08-17T10:15:00Z,G11,48859,GPS BIII-5  (PRN 11),40.40504889199997,21.83788955899945,22.09895528799825,50.968865213745055
2026-08-17T10:15:00Z,G28,55268,GPS BIII-6  (PRN 28),-42.583685581999816,-23.04914222499974,-16.45501747399976,51.14098977458808
2026-08-17T10:15:00Z,G01,62339,GPS BIII-7  (PRN 01),-9.69383298899993,0.2561873069989815,-56.6906583140003,57.51405715153142
2026-08-17T10:15:00Z,G21,64202,GPS BIII-8  (PRN 21),5.209179555999981,10.505387205997977,55.909608252,57.126027403336046
2026-08-17T10:15:00Z,G20,67588,GPS BIII-9  (PRN 20),40.32500807200006,-24.117009311998117,21.971566141997755,51.86989621055797
2026-08-17T10:15:00Z,G13,68791,GPS BIII-10 (PRN 13),-4.098229212999286,-23.094591225999466,-33.900541687999066,41.223808088507
2026-08-17T10:30:00Z,G22,26407,GPS BIIR-5  (PRN 22),4.377189594000811,38.40023098900201,-39.109657498998786,54.9845690938788
2026-08-17T10:30:00Z,G16,27663,GPS BIIR-8  (PRN 16),-5.295592779999993,-3.3324776270019356,56.20950546100016,56.55667258773507
2026-08-17T10:30:00Z,G19,28190,GPS BIIR-11 (PRN 19),20.851089004998357,-4.555302409000433,-53.324589191000996,57.43718747571845
2026-08-17T10:30:00Z,G02,28474,GPS BIIR-13 (PRN 02),-35.13972062100038,-6.961382460000095,-45.316236362999916,57.765232529469074
2026-08-17T10:30:00Z,G17,28874,GPS BIIRM-1 (PRN 17),-2.7756181549993926,7.01184684799955,-55.35143910299985,55.862794981411945
2026-08-17T10:30:00Z,G31,29486,GPS BIIRM-2 (PRN 31),-44.87509245199999,-20.95460325000022,2.7097379349979747,49.60052418691594
2026-08-17T10:30:00Z,G12,29601,GPS BIIRM-3 (PRN 12),4.867659544999697,-35.13539023499834,-45.90093458699994,58.00935745525622
2026-08-17T10:30:00Z,G15,32260,GPS BIIRM-4 (PRN 15),33.7343084969998,-33.67235912900105,8.282264228000713,48.37796233643573
2026-08-17T10:30:00Z,G29,32384,GPS BIIRM-5 (PRN 29),29.452737270999933,-23.762808111000027,41.89936830000079,56.4596479444733
2026-08-17T10:30:00Z,G07,32711,GPS BIIRM-6 (PRN 07),12.450365157001215,12.803885608999735,55.903781318000256,58.68716933778468
2026-08-17T10:30:00Z,G05,35752,GPS BIIRM-8 (PRN 05),2.452474302000155,-8.542369128997962,56.38335434700002,57.079500242708804
2026-08-17T10:30:00Z,G25,36585,GPS BIIF-1  (PRN 25),-3.337868238999363,-48.701045453000916,-22.1660580400021,53.61219377743205
2026-08-17T10:30:00Z,G24,38833,GPS BIIF-3  (PRN 24),78.5363615339993,-14.297603330000129,-89.53607122099856,119.95453135948138
2026-08-17T10:30:00Z,G27,39166,GPS BIIF-4  (PRN 27),-34.129297835000216,20.074684616000013,36.02831489399978,53.53355403149715
2026-08-17T10:30:00Z,G30,39533,GPS BIIF-5  (PRN 30),36.76009704000171,21.711849288999474,35.84687397200105,55.74681611987447
2026-08-17T10:30:00Z,G06,39741,GPS BIIF-6  (PRN 06),41.873652669000876,21.413330985998982,-16.66448193099859,49.89627731393041
2026-08-17T10:30:00Z,G09,40105,GPS BIIF-7  (PRN 09),-25.448356247998163,26.40308445599976,45.50934248900012,58.44520475023417
2026-08-17T10:30:00Z,G03,40294,GPS BIIF-8  (PRN 03),-1.1807412959988142,38.59235669300324,-45.70435240200095,59.830192826150565
2026-08-17T10:30:00Z,G26,40534,GPS BIIF-9  (PRN 26),-11.086697247000302,-26.964214383999206,43.89079605099869,52.691419521429445
2026-08-17T10:30:00Z,G08,40730,GPS BIIF-10 (PRN 08),-38.58073458000035,29.116429548999804,9.062182540998037,49.17685129022265
2026-08-17T10:30:00Z,G10,41019,GPS BIIF-11 (PRN 10),-6.559589017999315,-45.646804628999234,-29.863923578999675,54.94099482586219
2026-08-17T10:30:00Z,G32,41328,GPS BIIF-12 (PRN 32),-6.316180466998048,-0.7184607270028209,-56.5362985820002,56.892559960516905
2026-08-17T10:30:00Z,G04,43873,GPS BIII-1  (PRN 04),-39.02392975700059,27.964839559999746,20.957664691999526,52.38437796364605
2026-08-17T10:30:00Z,G18,44506,GPS BIII-2  (PRN 18),-17.67262436499732,-13.47131779799929,52.93123057299999,57.4065608195882
2026-08-17T10:30:00Z,G23,45854,GPS BIII-3  (PRN 23),-6.328249805999803,-51.79404148799995,0.5039554920003866,52.18163901609179
2026-08-17T10:30:00Z,G14,46826,GPS BIII-4  (PRN 14),6.5564328560012655,45.95649143599985,-20.199764346001757,50.62624217277423
2026-08-17T10:30:00Z,G11,48859,GPS BIII-5  (PRN 11),43.38333367199999,20.655780308999965,15.016016228000808,50.341390962401334
2026-08-17T10:30:00Z,G28,55268,GPS BIII-6  (PRN 28),-41.663219756001126,-19.945045225000285,-23.579282308000984,51.861462220270624
2026-08-17T10:30:00Z,G01,62339,GPS BIII-7  (PRN 01),-15.185952915999223,-2.2908229120002943,-55.02977786300016,57.13263066962901
2026-08-17T10:30:00Z,G21,64202,GPS BIII-8  (PRN 21),6.348484436000035,16.448274369999126,53.71001297500061,56.52976630200799
2026-08-17T10:30:00Z,G20,67588,GPS BIII-9  (PRN 20),36.729058009000255,-24.41169049400196,28.772892316999787,52.65770282958721
2026-08-17T10:30:00Z,G13,68791,GPS BIII-10 (PRN 13),-5.336094317999596,-19.109225652999157,-37.49325112400038,42.41910286032915
2026-08-17T10:45:00Z,G22,26407,GPS BIIR-5  (PRN 22),6.5903978619990085,42.38087318900034,-33.13541555499978,54.198962353942626
2026-08-17T10:45:00Z,G16,27663,GPS BIIR-8  (PRN 16),-5.951566291000063,-9.422145806001936,55.21937945599984,56.332742170175116
2026-08-17T10:45:00Z,G19,28190,GPS BIIR-11 (PRN 19),15.38665008499811,-2.1090582920005545,-56.011498613000185,58.1247374582574
2026-08-17T10:45:00Z,G02,28474,GPS BIIR-13 (PRN 02),-40.24802500599981,-6.601511750001009,-39.84772260799946,57.02038645355763
2026-08-17T10:45:00Z,G17,28874,GPS BIIRM-1 (PRN 17),-7.352636286999768,10.823145502999978,-54.16129583300062,55.71936562145898
2026-08-17T10:45:00Z,G31,29486,GPS BIIRM-2 (PRN 31),-45.721077758999854,-18.55810552100047,-4.814816487996723,49.578248151645944
2026-08-17T10:45:00Z,G12,29601,GPS BIIRM-3 (PRN 12),3.6659598850001203,-29.735869087999163,-50.59745115899932,58.80274854192086
2026-08-17T10:45:00Z,G15,32260,GPS BIIRM-4 (PRN 15),31.19148142999984,-34.369175617999645,15.334218600000895,48.880333535395806
2026-08-17T10:45:00Z,G29,32384,GPS BIIRM-5 (PRN 29),31.965567493996787,-27.697750837999934,36.01628659400012,55.55299997946414
2026-08-17T10:45:00Z,G07,32711,GPS BIIRM-6 (PRN 07),7.031328842000221,9.759126707000178,57.645739589000186,58.88727733670875
2026-08-17T10:45:00Z,G05,35752,GPS BIIRM-8 (PRN 05),3.3020764200000485,-2.347331295000913,57.169200570000044,57.31257424601432
2026-08-17T10:45:00Z,G25,36585,GPS BIIF-1  (PRN 25),-5.048864914999285,-45.521504262000235,-29.165112858998327,54.29827064726211
2026-08-17T10:45:00Z,G24,38833,GPS BIIF-3  (PRN 24),87.67984710400015,-12.78145038600087,-80.27944243899947,119.56550480998804
2026-08-17T10:45:00Z,G27,39166,GPS BIIF-4  (PRN 27),-29.76285727300001,18.8882514859979,41.57534073399984,54.50782213957422
2026-08-17T10:45:00Z,G30,39533,GPS BIIF-5  (PRN 30),33.51021326800037,18.497368167999866,41.69149750900033,56.59742032065051
2026-08-17T10:45:00Z,G06,39741,GPS BIIF-6  (PRN 06),40.911003306000566,18.104743211000823,-23.639369579999766,50.599522847351906
2026-08-17T10:45:00Z,G09,40105,GPS BIIF-7  (PRN 09),-27.88335715699941,30.817593511999803,39.83055431699904,57.564561436834154
2026-08-17T10:45:00Z,G03,40294,GPS BIIF-8  (PRN 03),0.04021449200081406,33.041552796999895,-50.861139643999195,60.651474461291414
2026-08-17T10:45:00Z,G26,40534,GPS BIIF-9  (PRN 26),-13.563564736000444,-30.989507244998094,39.11761089399988,51.71563912096458
2026-08-17T10:45:00Z,G08,40730,GPS BIIF-10 (PRN 08),-36.067646108999725,30.054947552000158,16.169391707000614,49.65505207299599
2026-08-17T10:45:00Z,G10,41019,GPS BIIF-11 (PRN 10),-9.43605150700023,-48.18719826199958,-22.63182197900096,54.06703718970744
2026-08-17T10:45:00Z,G32,41328,GPS BIIF-12 (PRN 32),-1.4214210079990153,-4.51926639100202,-56.73913424700004,56.93657490132256
2026-08-17T10:45:00Z,G04,43873,GPS BIII-1  (PRN 04),-39.080973739999536,31.17275034300019,13.660303593998833,51.82341909497838
2026-08-17T10:45:00Z,G18,44506,GPS BIII-2  (PRN 18),-12.664471692998632,-10.202654629999415,55.71833500199955,58.043224067558995
2026-08-17T10:45:00Z,G23,45854,GPS BIII-3  (PRN 23),-9.044801430000007,-50.837992045999954,8.317853630000172,52.30197469682566
2026-08-17T10:45:00Z,G14,46826,GPS BIII-4  (PRN 14),9.04735379900012,47.45705428399924,-13.051545805999922,50.04367552453404
2026-08-17T10:45:00Z,G11,48859,GPS BIII-5  (PRN 11),45.61246555699972,18.87244034499963,7.669684948003123,49.95488050196578
2026-08-17T10:45:00Z,G28,55268,GPS BIII-6  (PRN 28),-39.78867066099701,-16.768046330999823,-30.30204790300195,52.74959523867141
2026-08-17T10:45:00Z,G01,62339,GPS BIII-7  (PRN 01),-20.77269568200063,-4.083998936999706,-52.42499912099993,56.53816822334506
2026-08-17T10:45:00Z,G21,64202,GPS BIII-8  (PRN 21),8.159980430999894,21.983048906997283,50.58573228100067,55.756219655629536
2026-08-17T10:45:00Z,G20,67588,GPS BIII-9  (PRN 20),32.67080038499989,-23.890151657997194,35.073103314000036,53.55598117963236
2026-08-17T10:45:00Z,G13,68791,GPS BIII-10 (PRN 13),-5.958643896001377,-14.755708358999982,-40.434095794000314,43.45287641725931
2026-08-17T11:00:00Z,G22,26407,GPS BIIR-5  (PRN 22),9.166174165000484,45.51854093000111,-26.55350998799986,53.488739094337575
2026-08-17T11:00:00Z,G16,27663,GPS BIIR-8  (PRN 16),-7.31353505900006,-15.274945195000328,53.245018925000295,55.87346227050124
2026-08-17T11:00:00Z,G19,28190,GPS BIIR-11 (PRN 19),10.069488678000198,1.0912538759985182,-57.70580765199975,58.58793112943867
2026-08-17T11:00:00Z,G02,28474,GPS BIIR-13 (PRN 02),-44.77955285099961,-5.560466177001217,-33.654358394000155,56.29158886150621
2026-08-17T11:00:00Z,G17,28874,GPS BIIRM-1 (PRN 17),-11.35053790999882,15.086071646001074,-52.03644455699941,55.35535954799925
2026-08-17T11:00:00Z,G31,29486,GPS BIIRM-2 (PRN 31),-45.62900857200111,-15.849998773999687,-12.230687608000153,49.82788981849453
2026-08-17T11:00:00Z,G12,29601,GPS BIIRM-3 (PRN 12),3.149101332999635,-23.848802843000158,-54.39966627099966,59.48113925141254
2026-08-17T11:00:00Z,G15,32260,GPS BIIRM-4 (PRN 15),28.23496810300003,-34.27740304100007,22.15202680799848,49.627271481664934
2026-08-17T11:00:00Z,G29,32384,GPS BIIRM-5 (PRN 29),33.56239065399859,-31.546368914999903,29.509342333996756,54.70291347924621
2026-08-17T11:00:00Z,G07,32711,GPS BIIRM-6 (PRN 07),1.2373393919988303,7.3446157809994475,58.39680116699992,58.86986305640282
2026-08-17T11:00:00Z,G05,35752,GPS BIIRM-8 (PRN 05),4.920311467999454,3.736202563999541,56.97124416199995,57.305247018991
2026-08-17T11:00:00Z,G25,36585,GPS BIIF-1  (PRN 25),-6.241266977000123,-41.554391386000134,-35.62670640899887,55.09068039598055
2026-08-17T11:00:00Z,G24,38833,GPS BIIF-3  (PRN 24),95.9013389089996,-12.252174441000534,-69.70805081799699,119.19058239607673
2026-08-17T11:00:00Z,G27,39166,GPS BIIF-4  (PRN 27),-25.218952175000595,16.851613373000873,46.42476287499994,55.45476562098195
2026-08-17T11:00:00Z,G30,39533,GPS BIIF-5  (PRN 30),29.440094763998786,15.518443718000071,46.80067255200083,57.42685979976242
2026-08-17T11:00:00Z,G06,39741,GPS BIIF-6  (PRN 06),38.99253484699875,14.752243336999527,-30.206076164999104,51.48255524499717
2026-08-17T11:00:00Z,G09,40105,GPS BIIF-7  (PRN 09),-29.39417165100167,35.0918839200001,33.45615200300017,56.69895722983946
2026-08-17T11:00:00Z,G03,40294,GPS BIIF-8  (PRN 03),0.5087151110001287,26.96649504800007,-55.12300470399896,61.36771377389795
2026-08-17T11:00:00Z,G26,40534,GPS BIIF-9  (PRN 26),-16.338481849000345,-34.24647966699922,33.65412251100133,50.71851063169927
2026-08-17T11:00:00Z,G08,40730,GPS BIIF-10 (PRN 08),-33.024565897999764,30.228767868997238,23.019649411999126,50.34187738533795
2026-08-17T11:00:00Z,G10,41019,GPS BIIF-11 (PRN 10),-12.461528277999605,-49.67885441699946,-15.020307003000198,53.37497433885273
2026-08-17T11:00:00Z,G32,41328,GPS BIIF-12 (PRN 32),2.966209001999232,-8.878221692999432,-55.95296986099993,56.73055660347035
2026-08-17T11:00:00Z,G04,43873,GPS BIII-1  (PRN 04),-38.24909432500135,33.92736041799981,6.121622810002009,51.49304096131483
2026-08-17T11:00:00Z,G18,44506,GPS BIII-2  (PRN 18),-7.1088762170002155,-7.499198305000391,57.55858113600016,58.47875134333722
2026-08-17T11:00:00Z,G23,45854,GPS BIII-3  (PRN 23),-11.464116764998835,-48.882865497999774,15.969721072000539,52.687688349504974
2026-08-17T11:00:00Z,G14,46826,GPS BIII-4  (PRN 14),11.561411817998305,47.99852945600014,-5.687880438999855,49.697857670650365
2026-08-17T11:00:00Z,G11,48859,GPS BIII-5  (PRN 11),46.99186534100045,16.61602525499984,0.18414547000065795,49.843370803504385
2026-08-17T11:00:00Z,G28,55268,GPS BIII-6  (PRN 28),-36.984709907999786,-13.682503770999574,-36.5073098310022,53.73884393545423
2026-08-17T11:00:00Z,G01,62339,GPS BIII-7  (PRN 01),-26.281445436998183,-5.098924198999157,-48.92067347900047,55.766887091571036
2026-08-17T11:00:00Z,G21,64202,GPS BIII-8  (PRN 21),10.556529433999913,26.95645074499771,46.590722042999914,54.85240132342861
2026-08-17T11:00:00Z,G20,67588,GPS BIII-9  (PRN 20),28.313717949999955,-22.510573439998552,40.76318409199848,54.49797902737198
2026-08-17T11:00:00Z,G13,68791,GPS BIII-10 (PRN 13),-5.918683851999958,-10.175688142000581,-42.673352449999584,44.26726168428607
2026-08-17T11:15:00Z,G22,26407,GPS BIIR-5  (PRN 22),11.953306972000064,47.725434420000965,-19.475763640999503,52.914119170073654
2026-08-17T11:15:00Z,G16,27663,GPS BIIR-8  (PRN 16),-9.319783386000154,-20.71746864799934,50.316993103999266,55.20753267961456
2026-08-17T11:15:00Z,G19,28190,GPS BIIR-11 (PRN 19),5.069923342998663,4.9668455089995405,-58.37343501199996,58.80332977063743
2026-08-17T11:15:00Z,G02,28474,GPS BIIR-13 (PRN 02),-48.582935434998944,-3.9362397600016266,-26.83492245600064,55.64089019910682
2026-08-17T11:15:00Z,G17,28874,GPS BIIRM-1 (PRN 17),-14.666258885998104,19.660361595000722,-49.00319603299977,54.79910755848038
2026-08-17T11:15:00Z,G31,29486,GPS BIIRM-2 (PRN 31),-44.57524231000025,-12.991346175000217,-19.405785562998062,50.322080797111255
2026-08-17T11:15:00Z,G12,29601,GPS BIIRM-3 (PRN 12),3.3760637619998306,-17.649907166000048,-57.24590833699949,60.000092090109796
2026-08-17T11:15:00Z,G15,32260,GPS BIIRM-4 (PRN 15),25.006935348000297,-33.345567020998715,28.628009602998645,50.56517170227316
2026-08-17T11:15:00Z,G29,32384,GPS BIIRM-5 (PRN 29),34.245403036002244,-35.13738775499996,22.487378198999068,53.97282488075153
2026-08-17T11:15:00Z,G07,32711,GPS BIIRM-6 (PRN 07),-4.772059766000893,5.63129199299965,58.16019267500019,58.626717594573314
2026-08-17T11:15:00Z,G05,35752,GPS BIIRM-8 (PRN 05),7.2601444660003835,9.532434664997709,55.78886080000029,57.06114262500757
2026-08-17T11:15:00Z,G25,36585,GPS BIIF-1  (PRN 25),-6.806852465999327,-36.93468610700074,-41.44019962800121,55.926687936307715
2026-08-17T11:15:00Z,G24,38833,GPS BIIF-3  (PRN 24),102.98990094299916,-12.576077893001639,-57.99087492599938,118.8613436155865
2026-08-17T11:15:00Z,G27,39166,GPS BIIF-4  (PRN 27),-20.663651168000797,13.97634227600065,50.48657161399933,56.313573286945896
2026-08-17T11:15:00Z,G30,39533,GPS BIIF-5  (PRN 30),24.647029857002053,12.916197039000053,51.09012821400029,58.176502366893914
2026-08-17T11:15:00Z,G06,39741,GPS BIIF-6  (PRN 06),36.147508051999466,11.522986758000116,-36.25442590199964,52.476708735190265
2026-08-17T11:15:00Z,G09,40105,GPS BIIF-7  (PRN 09),-29.98829617500087,39.04782180900003,26.496452903000318,55.91146851897117
2026-08-17T11:15:00Z,G03,40294,GPS BIIF-8  (PRN 03),0.16336164699896472,20.554195945001993,-58.41999363299965,61.93058464162086
2026-08-17T11:15:00Z,G26,40534,GPS BIIF-9  (PRN 26),-19.268679056999645,-36.6597173629998,27.60000459499861,49.769238726151215
2026-08-17T11:15:00Z,G08,40730,GPS BIIF-10 (PRN 08),-29.59140939200006,29.57213444899753,29.49253694300205,51.18566577674727
2026-08-17T11:15:00Z,G10,41019,GPS BIIF-11 (PRN 10),-15.458032148000711,-50.0961443519991,-7.168499205999979,52.91466543115791
2026-08-17T11:15:00Z,G32,41328,GPS BIIF-12 (PRN 32),6.723254868000367,-13.66152555699955,-54.18722910499946,56.28583511543862
2026-08-17T11:15:00Z,G04,43873,GPS BIII-1  (PRN 04),-36.6061847480014,36.08063880900045,-1.528690020000795,51.42141724853185
2026-08-17T11:15:00Z,G18,44506,GPS BIII-2  (PRN 18),-1.1553981489996659,-5.457339694000439,58.42290467299995,58.68861296579485
2026-08-17T11:15:00Z,G23,45854,GPS BIII-3  (PRN 23),-13.42925286100035,-46.0070071300006,23.32877390899739,53.30310712858801
2026-08-17T11:15:00Z,G14,46826,GPS BIII-4  (PRN 14),13.940988328999083,47.58340168599989,1.7611005760008993,49.614844017081175
2026-08-17T11:15:00Z,G11,48859,GPS BIII-5  (PRN 11),47.44940905600015,14.031901655998809,-7.313594882998586,50.01829019428667
2026-08-17T11:15:00Z,G28,55268,GPS BIII-6  (PRN 28),-33.309418327997264,-10.846151857999757,-42.08774739200089,54.7588790974504
2026-08-17T11:15:00Z,G01,62339,GPS BIII-7  (PRN 01),-31.539487931997428,-5.343843928998467,-44.57656388600117,54.86680248413287
2026-08-17T11:15:00Z,G21,64202,GPS BIII-8  (PRN 21),13.424573663000047,31.235706464998657,41.793643350998536,53.87575670885132
2026-08-17T11:15:00Z,G20,67588,GPS BIII-9  (PRN 20),23.828509973999644,-20.264271027997893,45.745094757001425,55.4170755472011
2026-08-17T11:15:00Z,G13,68791,GPS BIII-10 (PRN 13),-5.196660651001366,-5.517871611998999,-44.17376042900014,44.819340685544105
2026-08-17T11:30:00Z,G22,26407,GPS BIIR-5  (PRN 22),14.788436224998804,48.94634493900048,-12.025387418998434,52.526683423241955
2026-08-17T11:30:00Z,G16,27663,GPS BIIR-8  (PRN 16),-11.878081635999933,-25.591243915998348,46.48473368499981,54.376751045690085
2026-08-17T11:30:00Z,G19,28190,GPS BIIR-11 (PRN 19),0.5425595300002897,9.408194839001226,-58.0006880750002,58.76128247533127
2026-08-17T11:30:00Z,G02,28474,GPS BIIR-13 (PRN 02),-51.529165028000534,-1.8526890199991612,-19.502033247998042,55.12727642368848
2026-08-17T11:30:00Z,G17,28874,GPS BIIRM-1 (PRN 17),-17.223186260998773,24.388407410999207,-45.104484698000306,54.091100015604056
2026-08-17T11:30:00Z,G31,29486,GPS BIIRM-2 (PRN 31),-42.57091073899937,-10.14612639599909,-26.213967571002286,51.01370813619611
2026-08-17T11:30:00Z,G12,29601,GPS BIIRM-3 (PRN 12),4.372879860000467,-11.323370170997805,-59.092398757999945,60.32621636795991
2026-08-17T11:30:00Z,G15,32260,GPS BIIRM-4 (PRN 15),21.657206016000146,-31.550511270001152,34.65801053500036,51.62990439718185
2026-08-17T11:30:00Z,G29,32384,GPS BIIRM-5 (PRN 29),34.050307191000684,-38.30504426399966,15.068480923000607,53.4205854815849
2026-08-17T11:30:00Z,G07,32711,GPS BIIRM-6 (PRN 07),-10.830959995997546,4.6589837069996065,56.95488929699968,58.16248996088867
2026-08-17T11:30:00Z,G05,35752,GPS BIIRM-8 (PRN 05),10.242710003999491,14.876677372998529,53.63831431199924,56.59768016552569
2026-08-17T11:30:00Z,G25,36585,GPS BIIF-1  (PRN 25),-6.664519195997855,-31.817941556999358,-46.508617030000096,56.743710480384216
2026-08-17T11:30:00Z,G24,38833,GPS BIIF-3  (PRN 24),108.76618270299878,-13.583091362999767,-45.312147586999345,118.60764557862078
2026-08-17T11:30:00Z,G27,39166,GPS BIIF-4  (PRN 27),-16.260841351000636,10.307520753998688,53.68314608199944,57.031045219229654
2026-08-17T11:30:00Z,G30,39533,GPS BIIF-5  (PRN 30),19.254051867999806,10.812366021000344,54.49087151300046,58.795245135589276
2026-08-17T11:30:00Z,G06,39741,GPS BIIF-6  (PRN 06),32.43816076499934,8.576484067999445,-41.68287753199911,53.50936957330209
2026-08-17T11:30:00Z,G09,40105,GPS BIIF-7  (PRN 09),-29.708197985997685,42.51495850800029,19.072758998998324,55.261821000995745
2026-08-17T11:30:00Z,G03,40294,GPS BIIF-8  (PRN 03),-1.021969628000079,14.000863402001414,-60.70022407399938,62.302373956020254
2026-08-17T11:30:00Z,G26,40534,GPS BIIF-9  (PRN 26),-22.202043031000358,-38.185477570999865,21.065782009998657,48.936985846785745
2026-08-17T11:30:00Z,G08,40730,GPS BIIF-10 (PRN 08),-25.920617145999998,28.04960511600075,35.472642942000675,52.124534891773905
2026-08-17T11:30:00Z,G10,41019,GPS BIIF-11 (PRN 10),-18.247675294000146,-49.45262427199941,0.7812161040019419,52.71764410160948
2026-08-17T11:30:00Z,G32,41328,GPS BIIF-12 (PRN 32),9.752739048999501,-18.714843310001015,-51.46927039599905,55.62775453109925
2026-08-17T11:30:00Z,G04,43873,GPS BIII-1  (PRN 04),-34.258939173001636,37.50449234000007,-9.158412713997677,51.61529213692841
2026-08-17T11:30:00Z,G18,44506,GPS BIII-2  (PRN 18),5.031126892001339,-4.144517973999427,58.29826028699995,58.66154123044346
2026-08-17T11:30:00Z,G23,45854,GPS BIII-3  (PRN 23),-14.801557599999796,-42.31993696900008,30.270343599000626,54.095811982516814
2026-08-17T11:30:00Z,G14,46826,GPS BIII-4  (PRN 14),16.03313083500143,46.24773437299996,9.164617990998522,49.79863895658966
2026-08-17T11:30:00Z,G11,48859,GPS BIII-5  (PRN 11),46.944476520000535,11.27698023999983,-14.695720846000768,50.46700278651199
2026-08-17T11:30:00Z,G28,55268,GPS BIII-6  (PRN 28),-28.852348508000432,-8.404036793999694,-46.9466558109998,55.7411368802117
2026-08-17T11:30:00Z,G01,62339,GPS BIII-7  (PRN 01),-36.38058656400062,-4.859023087999958,-39.46681976199943,53.89607635289055
2026-08-17T11:30:00Z,G21,64202,GPS BIII-8  (PRN 21),16.628788159000578,34.71335286999965,36.27668964199984,52.89169759514256
2026-08-17T11:30:00Z,G20,67588,GPS BIII-9  (PRN 20),19.386609174000114,-17.176151992000086,49.9334694650006,56.251330520529564
2026-08-17T11:30:00Z,G13,68791,GPS BIII-10 (PRN 13),-3.8012108090006222,-0.9324042760017619,-44.911055253000086,45.0812762162563
2026-08-17T11:45:00Z,G22,26407,GPS BIIR-5  (PRN 22),17.502586499000245,49.16106425699945,-4.334846642999764,52.36355286317136
2026-08-17T11:45:00Z,G16,27663,GPS BIIR-8  (PRN 16),-14.868950136000421,-29.759154644001683,41.81579380100084,53.4345728389429
2026-08-17T11:45:00Z,G19,28190,GPS BIIR-11 (PRN 19),-3.380352807998861,14.279083257999446,-56.5946878980003,58.466038877860434
2026-08-17T11:45:00Z,G02,28474,GPS BIIR-13 (PRN 02),-53.51685457499934,0.5449713939997309,-11.780644828999357,54.80086048602645
2026-08-17T11:45:00Z,G17,28874,GPS BIIRM-1 (PRN 17),-18.974631125998712,29.1006813540007,-40.399819570000545,53.28256471795818
2026-08-17T11:45:00Z,G31,29486,GPS BIIRM-2 (PRN 31),-39.661079518002225,-7.474225380001371,-32.537397094998596,51.84156135073456
2026-08-17T11:45:00Z,G12,29601,GPS BIIRM-3 (PRN 12),6.131415076999474,-5.054599273000349,-59.91356918300005,60.438224633945076
2026-08-17T11:45:00Z,G15,32260,GPS BIIRM-4 (PRN 15),18.337660115000062,-28.8986570929992,40.14269648499976,52.75261359742121
2026-08-17T11:45:00Z,G29,32384,GPS BIIRM-5 (PRN 29),33.04479139999967,-40.89527309599998,7.378116604999377,53.09254377879138
2026-08-17T11:45:00Z,G07,32711,GPS BIIRM-6 (PRN 07),-16.7728868660015,4.435403305999898,54.8143186719999,57.49445249571577
2026-08-17T11:45:00Z,G05,35752,GPS BIIRM-8 (PRN 05),13.759660488000009,19.621643182999833,50.55271227999947,55.945633045041156
2026-08-17T11:45:00Z,G25,36585,GPS BIIF-1  (PRN 25),-5.763584647000243,-26.373623077000957,-50.750094429000455,57.483554054558226
2026-08-17T11:45:00Z,G24,38833,GPS BIIF-3  (PRN 24),113.08781892000025,-15.073124395001287,-31.869162602997676,118.45546586007018
2026-08-17T11:45:00Z,G27,39166,GPS BIIF-4  (PRN 27),-12.165391156000624,5.922925523998856,55.951087808999546,57.56389507105745
2026-08-17T11:45:00Z,G30,39533,GPS BIIF-5  (PRN 30),13.405134117998387,9.304319621000104,56.950082210999426,59.24170699913064
2026-08-17T11:45:00Z,G06,39741,GPS BIIF-6  (PRN 06),27.95742812699973,6.058124778999627,-46.40013518700107,54.509551536279034
2026-08-17T11:45:00Z,G09,40105,GPS BIIF-7  (PRN 09),-28.629470341000342,45.337045577000026,11.315171773003385,54.800797310894744
2026-08-17T11:45:00Z,G03,40294,GPS BIIF-8  (PRN 03),-3.036899746999552,7.504134732000239,-61.93041464099997,62.45727384184745
2026-08-17T11:45:00Z,G26,40534,GPS BIIF-9  (PRN 26),-24.983247099999062,-38.81302769600006,14.170540905000962,48.28475933594766
2026-08-17T11:45:00Z,G08,40730,GPS BIIF-10 (PRN 08),-22.170890294000174,25.658027659002983,40.85178997000003,53.09191561369535
2026-08-17T11:45:00Z,G10,41019,GPS BIIF-11 (PRN 10),-20.660048591000304,-47.7998520860001,8.686113675998058,52.79310597055588
2026-08-17T11:45:00Z,G32,41328,GPS BIIF-12 (PRN 32),11.98830234900015,-23.868854885000474,-47.84414234699943,54.79510547167692
2026-08-17T11:45:00Z,G04,43873,GPS BIII-1  (PRN 04),-31.33844261700051,38.09582912099904,-16.635090602001583,52.05877852401258
2026-08-17T11:45:00Z,G18,44506,GPS BIII-2  (PRN 18),11.276454618000571,-3.5963582479998877,57.18771148899941,58.39971375570961
2026-08-17T11:45:00Z,G23,45854,GPS BIII-3  (PRN 23),-15.466215555999952,-37.95767346399953,36.677933633000066,55.00236007673695
2026-08-17T11:45:00Z,G14,46826,GPS BIII-4  (PRN 14),17.695726008998463,44.05925420100016,16.39369526599694,50.230566831445024
2026-08-17T11:45:00Z,G11,48859,GPS BIII-5  (PRN 11),45.46950921900134,8.513400785999693,-21.835692820997792,51.15419574710253
2026-08-17T11:45:00Z,G28,55268,GPS BIII-6  (PRN 28),-23.731195299998944,-6.482394996000039,-50.999717104999945,56.62298314325096
2026-08-17T11:45:00Z,G01,62339,GPS BIII-7  (PRN 01),-40.650927179000064,-3.7153164350002044,-33.67870846200094,52.920287795825544
2026-08-17T11:45:00Z,G21,64202,GPS BIII-8  (PRN 21),20.017006193999805,37.31100486200012,30.134225603997038,51.96982945455386
2026-08-17T11:45:00Z,G20,67588,GPS BIII-9  (PRN 20),15.153159145000245,-13.304061701997853,53.25705561699942,56.94673180118803
2026-08-17T11:45:00Z,G13,68791,GPS BIII-10 (PRN 13),-1.7692261689990119,3.4350300949990924,-44.87423415400008,45.04027624136699
2026-08-17T12:00:00Z,G22,26407,GPS BIIR-5  (PRN 22),19.928471507000722,48.385691192000195,3.4566652339999564,52.4429940342167
2026-08-17T12:00:00Z,G16,27663,GPS BIIR-8  (PRN 16),-18.15083859399965,-33.11103790299967,36.39464261000103,52.44391083232648
2026-08-17T12:00:00Z,G19,28190,GPS BIIR-11 (PRN 19),-6.594096814002114,19.4223347390016,-54.18321816400021,57.935570508228395
2026-08-17T12:00:00Z,G02,28474,GPS BIIR-13 (PRN 02),-54.47695976499972,3.096052625000084,-3.8061084109976946,54.69745102224084
2026-08-17T12:00:00Z,G17,28874,GPS BIIRM-1 (PRN 17),-19.9058682520008,33.62244434599961,-34.96484821100239,52.4333192262734
2026-08-17T12:00:00Z,G31,29486,GPS BIIRM-2 (PRN 31),-35.922859472997516,-5.124996909999027,-38.26863408099962,52.737138531301376
2026-08-17T12:00:00Z,G12,29601,GPS BIIRM-3 (PRN 12),8.610106017000362,0.9766674729980878,-59.70198920500002,60.3275668331712
2026-08-17T12:00:00Z,G15,32260,GPS BIIRM-4 (PRN 15),15.196903208000094,-25.42646504000004,44.988940101999106,53.86516242475215
2026-08-17T12:00:00Z,G29,32384,GPS BIIRM-5 (PRN 29),31.325836801999685,-42.77198077799949,-0.45290175799891585,53.01844500757707
2026-08-17T12:00:00Z,G07,32711,GPS BIIRM-6 (PRN 07),-22.436559295001643,4.936967874999937,51.78498446600133,56.652073756755854
2026-08-17T12:00:00Z,G05,35752,GPS BIIRM-8 (PRN 05),17.677370508999957,23.642949831002625,46.581673614000465,55.148262180281215
2026-08-17T12:00:00Z,G25,36585,GPS BIIF-1  (PRN 25),-4.085440598999412,-20.77847167499931,-54.0988866029993,58.09582809222086
2026-08-17T12:00:00Z,G24,38833,GPS BIIF-3  (PRN 24),115.85407342999952,-16.82371098600015,-17.870085566002672,118.42526563111623
2026-08-17T12:00:00Z,G27,39166,GPS BIIF-4  (PRN 27),-8.517114278000008,0.9306167499998992,57.242884311000125,57.88052424954733
2026-08-17T12:00:00Z,G30,39533,GPS BIIF-5  (PRN 30),7.259743641996465,8.461696789999905,58.43166621099999,59.48582861915198
2026-08-17T12:00:00Z,G06,39741,GPS BIIF-6  (PRN 06),22.825725564001914,4.093707209999593,-50.32663639100065,55.41247618250175
2026-08-17T12:00:00Z,G09,40105,GPS BIIF-7  (PRN 09),-26.857607336,47.37854472300023,3.360193470001832,54.56508473410389
2026-08-17T12:00:00Z,G03,40294,GPS BIIF-8  (PRN 03),-5.835339757000838,1.2557047880000027,-62.096017402999905,62.38223594828826
2026-08-17T12:00:00Z,G26,40534,GPS BIIF-9  (PRN 26),-27.46048479700039,-38.56476781099991,7.0394606059999205,47.86307080856857
2026-08-17T12:00:00Z,G08,40730,GPS BIIF-10 (PRN 08),-18.50104310000006,22.427327659002913,45.53122283100129,54.02190180101613
2026-08-17T12:00:00Z,G10,41019,GPS BIIF-11 (PRN 10),-22.539411054000084,-45.224951669000006,16.405985024000984,53.126995480003494
2026-08-17T12:00:00Z,G32,41328,GPS BIIF-12 (PRN 32),13.396687047999876,-28.94604846599941,-43.37392647699926,53.839042001972615
2026-08-17T12:00:00Z,G04,43873,GPS BIII-1  (PRN 04),-27.99505467200015,37.78100250499847,-23.828372520998528,52.71544909578648
2026-08-17T12:00:00Z,G18,44506,GPS BIII-2  (PRN 18),17.40321510799913,-3.8156755580002937,55.11027102500066,57.91867788985033
2026-08-17T12:00:00Z,G23,45854,GPS BIII-3  (PRN 23),-15.336702333002904,-33.077504864999355,42.4450670039987,55.95461982284512
2026-08-17T12:00:00Z,G14,46826,GPS BIII-4  (PRN 14),18.803317035002692,41.114548403999834,23.32353530399996,50.87197775849294
2026-08-17T12:00:00Z,G11,48859,GPS BIII-5  (PRN 11),43.050704737999695,5.90210898100122,-28.61036273799982,52.02644447645806
2026-08-17T12:00:00Z,G28,55268,GPS BIII-6  (PRN 28),-18.087528036998265,-5.183766238000317,-54.1765498449995,57.35092550262067
2026-08-17T12:00:00Z,G01,62339,GPS BIII-7  (PRN 01),-44.21499804400082,-2.011070402999394,-27.311145392999606,52.008740793008826
2026-08-17T12:00:00Z,G21,64202,GPS BIII-8  (PRN 21),23.42640734700035,38.98211892600011,23.47123736800131,51.17910844019725
2026-08-17T12:00:00Z,G20,67588,GPS BIII-9  (PRN 20),11.280811950999123,-8.736673611998413,55.659888469999714,57.45963251334976
2026-08-17T12:00:00Z,G13,68791,GPS BIII-10 (PRN 13),0.8357721790016512,7.448592119002569,-44.06559100800041,44.6985050149871
2026-08-17T12:15:00Z,G22,26407,GPS BIIR-5  (PRN 22),21.90776458899927,46.67244836300006,11.206098083002871,52.76214760346472
2026-08-17T12:15:00Z,G16,27663,GPS BIIR-8  (PRN 16),-21.566293761000452,-35.568196380998415,30.320978629999445,51.47390956070773
2026-08-17T12:15:00Z,G19,28190,GPS BIIR-11 (PRN 19),-9.02543986100136,24.666507139001624,-50.81399328000043,57.201023174265856
2026-08-17T12:15:00Z,G02,28474,GPS BIIR-13 (PRN 02),-54.37633341600002,5.631019424999977,4.278205217997311,54.83426898774185
2026-08-17T12:15:00Z,G17,28874,GPS BIIRM-1 (PRN 17),-20.034999438998057,37.78084278700044,-28.890481687998545,51.608654471718935
2026-08-17T12:15:00Z,G31,29486,GPS BIIRM-2 (PRN 31),-31.462236863000726,-3.2314957569997205,-43.31241282500014,53.6309613746976
2026-08-17T12:15:00Z,G12,29601,GPS BIIRM-3 (PRN 12),11.736035456999161,6.602861938998103,-58.4679693500002,59.99863126727121
2026-08-17T12:15:00Z,G15,32260,GPS BIIRM-4 (PRN 15),12.374998588999972,-21.199846053998044,49.11128020000069,54.90438876514288
2026-08-17T12:15:00Z,G29,32384,GPS BIIRM-5 (PRN 29),29.015967145000104,-43.82260763799968,-8.290574766000645,53.20790279182633
2026-08-17T12:15:00Z,G07,32711,GPS BIIRM-6 (PRN 07),-27.67125790299906,6.110632834999706,47.92507153000042,55.67630401467146
2026-08-17T12:15:00Z,G05,35752,GPS BIIRM-8 (PRN 05),21.842169468000066,26.843812232000346,41.79071059299895,54.25987572860373
2026-08-17T12:15:00Z,G25,36585,GPS BIIF-1  (PRN 25),-1.643815473002178,-15.20980744699773,-56.50593634899997,58.54025294240933
2026-08-17T12:15:00Z,G24,38833,GPS BIIF-3  (PRN 24),117.00922447099992,-18.598259805001362,-3.531767651998962,118.53070176889565
2026-08-17T12:15:00Z,G27,39166,GPS BIIF-4  (PRN 27),-5.435245747999943,-4.534814892998838,57.52832178299997,57.96217947613171
2026-08-17T12:15:00Z,G30,39533,GPS BIIF-5  (PRN 30),0.9868647340008465,8.324222634999842,58.916473057999994,59.509809124835016
2026-08-17T12:15:00Z,G06,39741,GPS BIIF-6  (PRN 06),17.186649183000554,2.784786326000358,-53.39586089599925,56.16274482115269
2026-08-17T12:15:00Z,G09,40105,GPS BIIF-7  (PRN 09),-24.523670767001022,48.530268806000095,-4.651817879999726,54.57322445906575
2026-08-17T12:15:00Z,G03,40294,GPS BIIF-8  (PRN 03),-9.337713969000106,-4.565668158000335,-61.200962781999806,62.077339451200416
2026-08-17T12:15:00Z,G26,40534,GPS BIIF-9  (PRN 26),-29.49192236700037,-37.49503615899994,-0.19877514100153348,47.70420037085382
2026-08-17T12:15:00Z,G08,40730,GPS BIIF-10 (PRN 08),-15.063812402000167,18.419934891000594,49.42369310699905,54.85356766707322
2026-08-17T12:15:00Z,G10,41019,GPS BIIF-11 (PRN 10),-23.751045403001626,-41.84683050099966,23.805842203000793,53.68414573884001
2026-08-17T12:15:00Z,G32,41328,GPS BIIF-12 (PRN 32),13.978909703997488,-33.767902362000314,-38.13669832999949,52.82129216476522
2026-08-17T12:15:00Z,G04,43873,GPS BIII-1  (PRN 04),-24.39260732799994,36.51905202800117,-30.612361473999044,53.532766865692956
2026-08-17T12:15:00Z,G18,44506,GPS BIII-2  (PRN 18),23.23735440299788,-4.7726686429996334,52.1005368189999,57.24699941878492
2026-08-17T12:15:00Z,G23,45854,GPS BIII-3  (PRN 23),-14.35799770900121,-27.85205075900012,47.476907223001035,56.88537201385828
2026-08-17T12:15:00Z,G14,46826,GPS BIII-4  (PRN 14),19.25207115500234,37.53522811399944,29.835751458998857,51.66921383619456
2026-08-17T12:15:00Z,G11,48859,GPS BIII-5  (PRN 11),39.74741702400024,3.5965586729998904,-34.90211225799794,53.018391473506675
2026-08-17T12:15:00Z,G28,55268,GPS BIII-6  (PRN 28),-12.081556665998505,-4.583117761999347,-56.42199781799991,57.882733329279404
2026-08-17T12:15:00Z,G01,62339,GPS BIII-7  (PRN 01),-46.96077325199985,0.13195536300008825,-20.473049104002712,51.22965329043791
2026-08-17T12:15:00Z,G21,64202,GPS BIII-8  (PRN 21),26.690041575000578,39.71359681899958,16.40162723799949,50.582027120624566
2026-08-17T12:15:00Z,G20,67588,GPS BIII-9  (PRN 20),7.904117531001248,-3.590134139998554,57.102171675000136,57.7583080351931
2026-08-17T12:15:00Z,G13,68791,GPS BIII-10 (PRN 13),3.9263043199989625,10.987232963998395,-42.500528725999175,44.073008699292316
2026-08-17T12:30:00Z,G22,26407,GPS BIIR-5  (PRN 22),23.29799480499787,44.10755853699999,18.76968393000061,53.29703853743387
2026-08-17T12:30:00Z,G16,27663,GPS BIIR-8  (PRN 16),-24.948359007999898,-37.08646491200125,23.70762799699878,50.59523813665897
2026-08-17T12:30:00Z,G19,28190,GPS BIIR-11 (PRN 19),-10.635581668000668,29.832666090000203,-46.55340412199985,56.30562137833479
2026-08-17T12:30:00Z,G02,28474,GPS BIIR-13 (PRN 02),-53.21949300699998,7.978651768999043,12.323674838000443,55.20730279125975
2026-08-17T12:30:00Z,G17,28874,GPS BIIRM-1 (PRN 17),-19.412626075001754,41.411639039999955,-22.281560293999064,50.87476612469292
2026-08-17T12:30:00Z,G31,29486,GPS BIIRM-2 (PRN 31),-26.409551892997115,-1.9050054990002536,-47.587086007000835,54.457545223575984
2026-08-17T12:30:00Z,G12,29601,GPS BIIRM-3 (PRN 12),15.407519618000151,11.67471633400055,-56.238863907999985,59.468483047081186
2026-08-17T12:30:00Z,G15,32260,GPS BIIRM-4 (PRN 15),9.997736676999992,-16.312531454001146,52.433456404000026,55.815058645231026
2026-08-17T12:30:00Z,G29,32384,GPS BIIRM-5 (PRN 29),26.25825539300058,-43.96253350600091,-15.999991426000634,53.64885883392479
2026-08-17T12:30:00Z,G07,32711,GPS BIIRM-6 (PRN 07),-32.34144543799994,7.876010803000099,43.30310585100051,54.618308427953494
2026-08-17T12:30:00Z,G05,35752,GPS BIIRM-8 (PRN 05),26.085826372999918,29.15879001400026,36.26030876200093,53.343372260839494
2026-08-17T12:30:00Z,G25,36585,GPS BIIF-1  (PRN 25),1.5157485879972228,-9.838570907002577,-57.93907734499999,58.78802305626567
2026-08-17T12:30:00Z,G24,38833,GPS BIIF-3  (PRN 24),116.54419912399999,-20.154647377999936,10.922502948000329,118.77735992618777
2026-08-17T12:30:00Z,G27,39166,GPS BIIF-4  (PRN 27),-3.01305234100073,-10.31686909400014,56.79559758200003,57.80360003502232
2026-08-17T12:30:00Z,G30,39533,GPS BIIF-5  (PRN 30),-5.241253731001052,8.900017477999995,58.40218951900033,59.308488367135695
2026-08-17T12:30:00Z,G06,39741,GPS BIIF-6  (PRN 06),11.201682112998242,2.2043035699998654,-55.555464420000135,56.71636680281345
2026-08-17T12:30:00Z,G09,40105,GPS BIIF-7  (PRN 09),-21.77875406900057,48.71364528099912,-12.579299378998257,54.82309858287365
2026-08-17T12:30:00Z,G03,40294,GPS BIIF-8  (PRN 03),-13.433801006000067,-9.800807809002436,-59.26707396600068,61.55573815388137
2026-08-17T12:30:00Z,G26,40534,GPS BIIF-9  (PRN 26),-30.951370401999156,-35.68734505500015,-7.414609063998796,47.817887389640354
2026-08-17T12:30:00Z,G08,40730,GPS BIIF-10 (PRN 08),-11.999233118999655,13.728936280000198,52.45539953299976,55.534081670547465
2026-08-17T12:30:00Z,G10,41019,GPS BIIF-11 (PRN 10),-24.186638187002245,-37.81075871200028,30.75839521099988,54.41255201809708
2026-08-17T12:30:00Z,G32,41328,GPS BIIF-12 (PRN 32),13.770331334999355,-38.161694235999676,-32.22509542999978,51.811134976085874
2026-08-17T12:30:00Z,G04,43873,GPS BIII-1  (PRN 04),-20.701617550000265,34.303561906999676,-36.867915130002075,54.447538922589274
2026-08-17T12:30:00Z,G18,44506,GPS BIII-2  (PRN 18),28.61425955499726,-6.4056700850005655,48.20812047900108,56.42544939330573
2026-08-17T12:30:00Z,G23,45854,GPS BIII-3  (PRN 23),-12.508878075001121,-22.462356842999725,51.69162860999859,57.73260754540301
2026-08-17T12:30:00Z,G14,46826,GPS BIII-4  (PRN 14),18.963912916999107,33.462678634999975,35.82041455199942,52.55932793738806
2026-08-17T12:30:00Z,G11,48859,GPS BIII-5  (PRN 11),35.649974176001706,1.7362966900000174,-40.600954022000224,54.05897568805637
2026-08-17T12:30:00Z,G28,55268,GPS BIII-6  (PRN 28),-5.886035195002478,-4.724393446999784,-57.697129757999846,58.18869379931409
2026-08-17T12:30:00Z,G01,62339,GPS BIII-7  (PRN 01),-48.80365951500062,2.573262779000288,-13.281539461000648,50.64403374376903
2026-08-17T12:30:00Z,G21,64202,GPS BIII-8  (PRN 21),29.643102897998688,39.525972410001486,9.046356388000277,50.22800621442434
2026-08-17T12:30:00Z,G20,67588,GPS BIII-9  (PRN 20),5.134013488001074,1.9960813430006965,57.560859472999994,57.82382708272867
2026-08-17T12:30:00Z,G13,68791,GPS BIII-10 (PRN 13),7.393855603999327,13.949309365001682,-40.20717410100042,43.19570790763215
2026-08-17T12:45:00Z,G22,26407,GPS BIIR-5  (PRN 22),23.97901668099803,40.807932203000064,26.006219131999387,54.00559235129083
2026-08-17T12:45:00Z,G16,27663,GPS BIIR-8  (PRN 16),-28.128001238999786,-37.657844164999915,16.6780476870008,49.87439178081738
2026-08-17T12:45:00Z,G19,28190,GPS BIIR-11 (PRN 19),-11.421109941002214,34.74196751499949,-41.48476987600043,55.30309386248162
2026-08-17T12:45:00Z,G02,28474,GPS BIIR-13 (PRN 02),-51.049214634000236,9.973641294000117,20.179573953999352,55.79167536805592
2026-08-17T12:45:00Z,G17,28874,GPS BIIRM-1 (PRN 17),-18.119908185000895,44.36631232299999,-15.25506757599942,50.29331793114421
2026-08-17T12:45:00Z,G31,29486,GPS BIIRM-2 (PRN 31),-20.914376444998197,-1.2310015319999366,-51.025717575999806,55.15931798889991
2026-08-17T12:45:00Z,G12,29601,GPS BIIRM-3 (PRN 12),19.498387051000464,16.066312803999608,-53.0581597649998,58.766332388152556
2026-08-17T12:45:00Z,G15,32260,GPS BIIRM-4 (PRN 15),8.171822661000022,-10.88346510199699,54.88999646100001,56.552101726795385
2026-08-17T12:45:00Z,G29,32384,GPS BIIRM-5 (PRN 29),23.210682845998235,-43.138795535998725,-23.44765213500068,54.30915087826565
2026-08-17T12:45:00Z,G07,32711,GPS BIIRM-6 (PRN 07),-36.330971982002666,10.128940919999877,37.99668733100043,53.537680351764585
2026-08-17T12:45:00Z,G05,35752,GPS BIIRM-8 (PRN 05),30.232330578999992,30.55621528699703,30.08471372299755,52.466809553259154
2026-08-17T12:45:00Z,G25,36585,GPS BIIF-1  (PRN 25),5.318047083001147,-4.823264375998406,-58.382886195000026,58.82267338770074
2026-08-17T12:45:00Z,G24,38833,GPS BIIF-3  (PRN 24),114.49720640400005,-21.25431858199954,25.265341548001743,119.1624681526969
2026-08-17T12:45:00Z,G27,39166,GPS BIIF-4  (PRN 27),-1.3140642299986212,-16.24311998399935,55.05205850099992,57.4133682761487
2026-08-17T12:45:00Z,G30,39533,GPS BIIF-5  (PRN 30),-11.255326498998329,10.165797413000064,56.9029692539998,58.88950434129038
2026-08-17T12:45:00Z,G06,39741,GPS BIIF-6  (PRN 06),5.044348284998705,2.393895937000707,-56.768194467000285,57.04212557768793
2026-08-17T12:45:00Z,G09,40105,GPS BIIF-7  (PRN 09),-18.787739874998806,47.88416178599982,-20.282165091000934,55.292299105183204
2026-08-17T12:45:00Z,G03,40294,GPS BIIF-8  (PRN 03),-17.987307872999736,-14.315587908000452,-56.333202935999,60.84331561230217
2026-08-17T12:45:00Z,G26,40534,GPS BIIF-9  (PRN 26),-31.733579925999948,-33.25068408700008,-14.480195882999396,48.1902911381882
2026-08-17T12:45:00Z,G08,40730,GPS BIIF-10 (PRN 08),-9.429020823999963,8.47491003000323,54.56771391100028,56.021120438535036
2026-08-17T12:45:00Z,G10,41019,GPS BIIF-11 (PRN 10),-23.76853368600132,-33.2823891500002,37.14626794299693,55.249487266467476
2026-08-17T12:45:00Z,G32,41328,GPS BIIF-12 (PRN 32),12.838925520001794,-41.96762287600086,-25.744540862000576,50.88124175534242
2026-08-17T12:45:00Z,G04,43873,GPS BIII-1  (PRN 04),-17.092600188999995,31.163348597998265,-42.48486508099995,55.39201240262112
2026-08-17T12:45:00Z,G18,44506,GPS BIII-2  (PRN 18),33.38471143000061,-8.623734512999363,43.496897160001026,55.50574579953695
2026-08-17T12:45:00Z,G23,45854,GPS BIII-3  (PRN 23),-9.80263064600149,-17.091216060998704,55.02153372200155,58.442881578058945
2026-08-17T12:45:00Z,G14,46826,GPS BIII-4  (PRN 14),17.889558195001882,29.052570580000975,41.17785014100082,53.47619556356845
2026-08-17T12:45:00Z,G11,48859,GPS BIII-5  (PRN 11),30.87660277699979,0.4413507160006702,-45.606583357999625,55.07739858683699
2026-08-17T12:45:00Z,G28,55268,GPS BIII-6  (PRN 28),0.32018307100224774,-5.618928441000207,-57.97992095300003,58.25243435033569
2026-08-17T12:45:00Z,G01,62339,GPS BIII-7  (PRN 01),-49.689806092000254,5.159404729000016,-5.860017847000563,50.29946416996287
2026-08-17T12:45:00Z,G21,64202,GPS BIII-8  (PRN 21),32.12963607200072,38.472468526999364,1.531456510998396,50.14767898642215
2026-08-17T12:45:00Z,G20,67588,GPS BIII-9  (PRN 20),3.0538979950015346,7.8644530110032065,57.029934900999706,57.6505801266424
2026-08-17T12:45:00Z,G13,68791,GPS BIII-10 (PRN 13),11.113242192999678,16.25614060999942,-37.22582058300031,42.1132755511854
2026-08-17T13:00:00Z,G22,26407,GPS BIIR-5  (PRN 22),23.8584367250005,36.91651822699987,32.780385856000066,54.8325452430718
2026-08-17T13:00:00Z,G16,27663,GPS BIIR-8  (PRN 16),-30.94153548000031,-37.310605652999584,9.363536964003288,49.367354967934205
2026-08-17T13:00:00Z,G19,28190,GPS BIIR-11 (PRN 19),-11.413450923002529,39.22312086799866,-35.70617756200227,54.255425430888046
2026-08-17T13:00:00Z,G02,28474,GPS BIIR-13 (PRN 02),-47.94547436199991,11.464000387000851,27.696483559997432,56.544557812927984
2026-08-17T13:00:00Z,G17,28874,GPS BIIRM-1 (PRN 17),-16.265349414999946,46.51860098199995,-7.937901977002184,49.91544967954372
2026-08-17T13:00:00Z,G31,29486,GPS BIIRM-2 (PRN 31),-15.139758617999178,-1.2662928689987893,-53.57680292399982,55.68922337578854
2026-08-17T13:00:00Z,G12,29601,GPS BIIRM-3 (PRN 12),23.863087558999723,19.67918730299789,-48.98438304800038,57.932608635794985
2026-08-17T13:00:00Z,G15,32260,GPS BIIRM-4 (PRN 15),6.980642615999955,-5.05317289300001,56.42781760099979,57.08206834751669
2026-08-17T13:00:00Z,G29,32384,GPS BIIRM-5 (PRN 29),20.039983130999644,-41.33254844000112,-30.503824406001513,55.14040068613904
2026-08-17T13:00:00Z,G07,32711,GPS BIIRM-6 (PRN 07),-39.54657038100049,12.745647812000243,32.091326049998315,52.49986642548981
2026-08-17T13:00:00Z,G05,35752,GPS BIIRM-8 (PRN 05),34.10500089199991,31.039361695999105,23.370425269000407,51.69883787467861
2026-08-17T13:00:00Z,G25,36585,GPS BIIF-1  (PRN 25),9.66146566200041,-0.30455936099679093,-57.8382612700002,58.64043947549497
2026-08-17T13:00:00Z,G24,38833,GPS BIIF-3  (PRN 24),110.952920232,-21.6712846670016,39.26777445199696,119.67519875705108
2026-08-17T13:00:00Z,G27,39166,GPS BIIF-4  (PRN 27),-0.3695037890011008,-22.13200481899912,52.32450716600033,56.813873486351085
2026-08-17T13:00:00Z,G30,39533,GPS BIIF-5  (PRN 30),-16.89504543899966,12.068249132000005,54.448794253000415,58.273118958087814
2026-08-17T13:00:00Z,G06,39741,GPS BIIF-6  (PRN 06),-1.1060997410022537,3.362432101000195,-57.01256180500002,57.12233897381854
2026-08-17T13:00:00Z,G09,40105,GPS BIIF-7  (PRN 09),-15.7226206560008,46.033387450999726,-27.624461126000824,55.940901074332835
2026-08-17T13:00:00Z,G03,40294,GPS BIIF-8  (PRN 03),-22.841345236000052,-18.005360873998143,-52.45414512000025,59.97797439613221
2026-08-17T13:00:00Z,G26,40534,GPS BIIF-9  (PRN 26),-31.75850695799818,-30.31493041199974,-21.271902231997956,48.78618241524218
2026-08-17T13:00:00Z,G08,40730,GPS BIIF-10 (PRN 08),-7.451697062000676,2.8015321329985454,55.71863432200007,56.284479051553966
2026-08-17T13:00:00Z,G10,41019,GPS BIIF-11 (PRN 10),-22.45254827700046,-28.441152953999335,42.863883339001404,56.127788130153
2026-08-17T13:00:00Z,G32,41328,GPS BIIF-12 (PRN 32),11.282252146000246,-45.04539423299957,-18.81116172000111,50.10226103029995
2026-08-17T13:00:00Z,G04,43873,GPS BIII-1  (PRN 04),-13.729457910000065,27.16169147799883,-47.36408992900033,56.29931183638827
2026-08-17T13:00:00Z,G18,44506,GPS BIII-2  (PRN 18),37.42027013099869,-11.310266530999797,38.04406454000127,54.54859844581663
2026-08-17T13:00:00Z,G23,45854,GPS BIII-3  (PRN 23),-6.286422230001335,-11.916547573999196,57.413888892000614,58.97353515128827
2026-08-17T13:00:00Z,G14,46826,GPS BIII-4  (PRN 14),16.010286431999702,24.468928009000592,45.82016486700013,54.355728474406455
2026-08-17T13:00:00Z,G11,48859,GPS BIII-5  (PRN 11),25.569227268002578,-0.19253756499892916,-49.83029549700041,56.007863761395875
2026-08-17T13:00:00Z,G28,55268,GPS BIII-6  (PRN 28),6.358809582001413,-7.24516457000027,-57.26559362099988,58.071293094885036
2026-08-17T13:00:00Z,G01,62339,GPS BIII-7  (PRN 01),-49.59827911000002,7.730149912998968,1.6638770980025583,50.22462538783301
2026-08-17T13:00:00Z,G21,64202,GPS BIII-8  (PRN 21),34.00880813600088,36.636908881000636,-6.014063171001908,50.34909213690813
2026-08-17T13:00:00Z,G20,67588,GPS BIII-9  (PRN 20),1.7168139640016307,13.845385873999476,55.52038250199985,57.24644122873758
2026-08-17T13:00:00Z,G13,68791,GPS BIII-10 (PRN 13),14.947560120000162,17.854686665999907,-33.60820571499971,40.88680570628859
2026-08-17T13:15:00Z,G22,26407,GPS BIIR-5  (PRN 22),22.87587688200074,32.5959832110002,38.9659442939992,55.71488741203119
2026-08-17T13:15:00Z,G16,27663,GPS BIIR-8  (PRN 16),-33.237414379000256,-36.10760736600059,1.9002401350007858,49.1130933343574
2026-08-17T13:15:00Z,G19,28190,GPS BIIR-11 (PRN 19),-10.677137254999252,43.118956317000084,-29.32801867099988,53.2294874387869
2026-08-17T13:15:00Z,G02,28474,GPS BIIR-13 (PRN 02),-44.022290093000265,12.318168460999004,34.72987626699978,57.40961247724056
2026-08-17T13:15:00Z,G17,28874,GPS BIIRM-1 (PRN 17),-13.980337929000598,47.7697901939996,-0.46426135200090357,49.775679225810215
2026-08-17T13:15:00Z,G31,29486,GPS BIIRM-2 (PRN 31),-9.255824305000715,-2.0367532589989423,-55.20465504200001,56.01225388885277
2026-08-17T13:15:00Z,G12,29601,GPS BIIRM-3 (PRN 12),28.341838288999497,22.445552312001382,-44.089858347999325,57.01735021322224
2026-08-17T13:15:00Z,G15,32260,GPS BIIRM-4 (PRN 15),6.480068955999968,1.0207910089993675,57.007796982,57.383989271394306
2026-08-17T13:15:00Z,G29,32384,GPS BIIRM-5 (PRN 29),16.91471669600014,-38.56001608299994,-37.04486347100101,56.08301338919178
2026-08-17T13:15:00Z,G07,32711,GPS BIIRM-6 (PRN 07),-41.92038563599999,15.586898341000051,25.67937868700028,51.57228540130822
2026-08-17T13:15:00Z,G05,35752,GPS BIIRM-8 (PRN 05),37.53323189599996,30.64624211499904,16.234413094000047,51.10275746803386
2026-08-17T13:15:00Z,G25,36585,GPS BIIF-1  (PRN 25),14.421565466000175,3.599733942999592,-56.32178640700022,58.25017818879412
2026-08-17T13:15:00Z,G24,38833,GPS BIIF-3  (PRN 24),106.03976817700004,-21.20096363799894,52.7019273520018,120.29715890588331
2026-08-17T13:15:00Z,G27,39166,GPS BIIF-4  (PRN 27),-0.1764926670002751,-27.799825326001155,48.65903251599957,56.04072522024303
2026-08-17T13:15:00Z,G30,39533,GPS BIIF-5  (PRN 30),-22.014691024000058,14.525806065999973,51.08465138399879,57.491627823309365
2026-08-17T13:15:00Z,G06,39741,GPS BIIF-6  (PRN 06),-7.071369841996784,5.0851012789999,-56.283266121999986,56.95321388490609
2026-08-17T13:15:00Z,G09,40105,GPS BIIF-7  (PRN 09),-12.75520881599914,43.189292985000066,-34.47693875099867,56.715691709826054
2026-08-17T13:15:00Z,G03,40294,GPS BIIF-8  (PRN 03),-27.823978635999083,-20.798496200000955,-47.69937960199968,59.008321834582375
2026-08-17T13:15:00Z,G26,40534,GPS BIIF-9  (PRN 26),-30.974318702003075,-27.025084858000355,-27.672605273000954,49.55337236990736
2026-08-17T13:15:00Z,G08,40730,GPS BIIF-10 (PRN 08),-6.13797836699996,-3.129733521000162,55.88391096999999,56.30702900747931
2026-08-17T13:15:00Z,G10,41019,GPS BIIF-11 (PRN 10),-20.229574491997482,-23.472780781999973,47.819004522001705,56.98126284352008
2026-08-17T13:15:00Z,G32,41328,GPS BIIF-12 (PRN 32),9.223366828000508,-47.279582797999865,-11.54945542600035,49.5360410795408
2026-08-17T13:15:00Z,G04,43873,GPS BIII-1  (PRN 04),-10.762534695999989,22.394152913999278,-51.419411052000214,57.107670857361605
2026-08-17T13:15:00Z,G18,44506,GPS BIII-2  (PRN 18),40.617755275998206,-14.327041356999871,31.93905117399845,53.620603760134564
2026-08-17T13:15:00Z,G23,45854,GPS BIII-3  (PRN 23),-2.0398041309999826,-7.104514154001663,58.831514179999886,59.294029910006806
2026-08-17T13:15:00Z,G14,46826,GPS BIII-4  (PRN 14),13.338750019000145,19.877462270998876,49.67248439799914,55.13974487312966
2026-08-17T13:15:00Z,G11,48859,GPS BIII-5  (PRN 11),19.888008658999752,-0.09827683199910098,-53.196743730999515,56.7929228895449
2026-08-17T13:15:00Z,G28,55268,GPS BIII-6  (PRN 28),12.05891580500247,-9.54899405199967,-55.56663282400041,57.65632160652067
2026-08-17T13:15:00Z,G01,62339,GPS BIII-7  (PRN 01),-48.54164050700001,10.124842462000743,9.160390512999584,50.42535128625095
2026-08-17T13:15:00Z,G21,64202,GPS BIII-8  (PRN 21),35.16038194099929,34.130167549999896,-13.460395326001162,50.81636584369497
2026-08-17T13:15:00Z,G20,67588,GPS BIII-9  (PRN 20),1.1431846489995223,19.76335378099975,53.05987472000015,56.63256421103301
2026-08-17T13:15:00Z,G13,68791,GPS BIII-10 (PRN 13),18.752995226000166,18.71949590499935,-29.416657685997052,39.59083361459824
2026-08-17T13:30:00Z,G22,26407,GPS BIIR-5  (PRN 22),21.005801805000374,28.021928117999778,44.448689081998964,56.587614599217005
2026-08-17T13:30:00Z,G16,27663,GPS BIIR-8  (PRN 16),-34.882844284000385,-34.14327895399947,-5.573956223001005,49.12886433705112
2026-08-17T13:30:00Z,G19,28190,GPS BIIR-11 (PRN 19),-9.30633921899971,46.292756284999996,-22.470299819997308,52.29284471246587
2026-08-17T13:30:00Z,G02,28474,GPS BIIR-13 (PRN 02),-39.42336366800009,12.43123356399883,41.14374419299929,58.32276448387065
2026-08-17T13:30:00Z,G17,28874,GPS BIIRM-1 (PRN 17),-11.413523438999619,48.05333317900022,7.027273656000034,49.887612910830974
2026-08-17T13:30:00Z,G31,29486,GPS BIIRM-2 (PRN 31),-3.4335361730009026,-3.536846233999313,-55.88946139199993,56.10641983429447
2026-08-17T13:30:00Z,G12,29601,GPS BIIRM-3 (PRN 12),32.76684519700029,24.33014861799893,-38.459380303000216,56.07803678115789
2026-08-17T13:30:00Z,G15,32260,GPS BIIRM-4 (PRN 15),6.695848887000011,7.169205547001184,56.60625530800007,57.44997859431436
2026-08-17T13:30:00Z,G29,32384,GPS BIIRM-5 (PRN 29),13.99857232100021,-34.872328440000274,-42.955476955999984,57.07199241634176
2026-08-17T13:30:00Z,G07,32711,GPS BIIRM-6 (PRN 07),-43.41191930400055,18.503125504999844,18.859089321002102,50.819539953922906
2026-08-17T13:30:00Z,G05,35752,GPS BIIRM-8 (PRN 05),40.359607762999985,29.447966333000295,8.802067693999561,50.73023807969442
2026-08-17T13:30:00Z,G25,36585,GPS BIIF-1  (PRN 25),19.455927703998896,6.79828158500095,-53.86493625000003,57.67305360867206
2026-08-17T13:30:00Z,G24,38833,GPS BIIF-3  (PRN 24),99.92615896200004,-19.66856407800151,65.34395236099954,121.00380889850506
2026-08-17T13:30:00Z,G27,39166,GPS BIIF-4  (PRN 27),-0.6983376090011006,-33.06828173199756,44.12033618799978,55.14166299147163
2026-08-17T13:30:00Z,G30,39533,GPS BIIF-5  (PRN 30),-26.488090499002283,17.432118086999935,46.86954155700005,56.588440560292874
2026-08-17T13:30:00Z,G06,39741,GPS BIIF-6  (PRN 06),-12.680656925000221,7.504462265000257,-54.59135498199976,56.5449560324091
2026-08-17T13:30:00Z,G09,40105,GPS BIIF-7  (PRN 09),-10.050152661000539,39.41540589699798,-40.71947853799975,57.555674984671505
2026-08-17T13:30:00Z,G03,40294,GPS BIIF-8  (PRN 03),-32.75487691099988,-22.65835116499875,-42.151698464998844,57.99179702729809
2026-08-17T13:30:00Z,G26,40534,GPS BIIF-9  (PRN 26),-29.35940081899753,-23.53537112999993,-33.57377563599948,50.42902459034697
2026-08-17T13:30:00Z,G08,40730,GPS BIIF-10 (PRN 08),-5.5279591240005175,-9.145864444002655,55.05780665700013,56.08535675543395
2026-08-17T13:30:00Z,G10,41019,GPS BIIF-11 (PRN 10),-17.125649482997687,-18.562218514998676,51.93392668100023,57.74925598586155
2026-08-17T13:30:00Z,G32,41328,GPS BIIF-12 (PRN 32),6.805427725999834,-48.584406047000016,-4.0897751199991035,49.22890023152805
2026-08-17T13:30:00Z,G04,43873,GPS BIII-1  (PRN 04),-8.322747284999991,16.98516166600166,-54.57924967300005,57.76381509265003
2026-08-17T13:30:00Z,G18,44506,GPS BIII-2  (PRN 18),42.903006671000185,-17.51964775199849,25.28226267899663,52.79013965633902
2026-08-17T13:30:00Z,G23,45854,GPS BIII-3  (PRN 23),2.828310512999451,-2.8036742209988006,59.25312383299999,59.38680504509624
2026-08-17T13:30:00Z,G14,46826,GPS BIII-4  (PRN 14),9.91840183200111,15.439455329000339,52.67388439200022,55.778934847297364
2026-08-17T13:30:00Z,G11,48859,GPS BIII-5  (PRN 11),14.005416496998805,0.7598154590014019,-55.64547629400022,57.385956842874755
2026-08-17T13:30:00Z,G28,55268,GPS BIII-6  (PRN 28),17.263246902999526,-12.446056151999983,-52.91247469899827,57.03204350314647
2026-08-17T13:30:00Z,G01,62339,GPS BIII-7  (PRN 01),-46.565641810000216,12.188980532999267,16.499846540998988,50.883938325247506
2026-08-17T13:30:00Z,G21,64202,GPS BIII-8  (PRN 21),35.48972152500028,31.08584424000037,-20.67916005799998,51.51191810387198
2026-08-17T13:30:00Z,G20,67588,GPS BIII-9  (PRN 20),1.3204846139997244,25.443507296000462,49.692180539999754,55.842891669015216
2026-08-17T13:30:00Z,G13,68791,GPS BIII-10 (PRN 13),22.38451366900017,18.853345913998055,-24.723095901001216,38.31118081292491
2026-08-17T13:45:00Z,G22,26407,GPS BIIR-5  (PRN 22),18.258686657998624,23.37560584200037,49.12901604500075,57.38866442517617
2026-08-17T13:45:00Z,G16,27663,GPS BIIR-8  (PRN 16),-35.76940404999914,-31.539331120000497,-12.922501359000307,49.40820493564294
2026-08-17T13:45:00Z,G19,28190,GPS BIIR-11 (PRN 19),-7.4203201239997725,48.633564191999994,-15.25985199799834,51.50871576501237
2026-08-17T13:45:00Z,G02,28474,GPS BIIR-13 (PRN 02),-34.31631222299984,11.729892535000545,46.81409690400142,59.217897061667976
2026-08-17T13:45:00Z,G17,28874,GPS BIIRM-1 (PRN 17),-8.724463563999961,47.33805665299951,14.396866478000447,50.242189806451776
2026-08-17T13:45:00Z,G31,29486,GPS BIIRM-2 (PRN 31),2.1614287459997286,-5.730367803998888,-55.62706238200008,55.96319289179334
2026-08-17T13:45:00Z,G12,29601,GPS BIIRM-3 (PRN 12),36.968721233999986,25.330957815000147,-32.188784158999624,55.1766399768705
2026-08-17T13:45:00Z,G15,32260,GPS BIIRM-4 (PRN 15),7.622094228999913,13.217246681000688,55.216273955999895,57.285502876785586
2026-08-17T13:45:00Z,G29,32384,GPS BIIRM-5 (PRN 29),11.4439291030003,-30.35395314299967,-48.13086712600125,58.042280753108805
2026-08-17T13:45:00Z,G07,32711,GPS BIIRM-6 (PRN 07),-44.00919407499896,21.33971868899971,11.733686709001631,50.29783455221078
2026-08-17T13:45:00Z,G05,35752,GPS BIIRM-8 (PRN 05),42.44647948700003,27.545852798999476,1.2049186080002983,50.61550608377207
2026-08-17T13:45:00Z,G25,36585,GPS BIIF-1  (PRN 25),24.60951223199845,9.22882806999769,-50.513174427000195,56.941901535995484
2026-08-17T13:45:00Z,G24,38833,GPS BIIF-3  (PRN 24),92.81534086800093,-16.936610759999894,76.97719331299959,121.76627026736861
2026-08-17T13:45:00Z,G27,39166,GPS BIIF-4  (PRN 27),-1.8662535349994869,-37.77186914000049,38.79054456599988,54.17474825334255
2026-08-17T13:45:00Z,G30,39533,GPS BIIF-5  (PRN 30),-30.212849332001497,20.66034149699999,41.87535829999979,55.616648661028144
2026-08-17T13:45:00Z,G06,39741,GPS BIIF-6  (PRN 06),-17.776908636998996,10.53274376499985,-51.96410755599936,55.92160267730909
2026-08-17T13:45:00Z,G09,40105,GPS BIIF-7  (PRN 09),-7.758395495999139,34.80850464299874,-46.243316406000304,58.3975085802422
2026-08-17T13:45:00Z,G03,40294,GPS BIIF-8  (PRN 03),-37.452135437000834,-23.58402269200087,-35.905726435998076,56.992014932137614
2026-08-17T13:45:00Z,G26,40534,GPS BIIF-9  (PRN 26),-26.923027278000518,-20.003180311000023,-38.87726683300025,51.34606603013166
2026-08-17T13:45:00Z,G08,40730,GPS BIIF-10 (PRN 08),-5.629597701000421,-15.069091831999685,53.25343103100022,55.63000822838197
2026-08-17T13:45:00Z,G10,41019,GPS BIIF-11 (PRN 10),-13.200608178998664,-13.886825259000034,55.14630266699987,58.379916665834706
2026-08-17T13:45:00Z,G32,41328,GPS BIIF-12 (PRN 32),4.185598418000154,-48.90724320800018,3.4342940950009506,49.206016382696575
2026-08-17T13:45:00Z,G04,43873,GPS BIII-1  (PRN 04),-6.516544484000001,11.08340618299917,-56.78800402199977,58.2252921455269
2026-08-17T13:45:00Z,G18,44506,GPS BIII-2  (PRN 18),44.233641596998496,-20.723481390001325,18.18366936000166,52.12219835393851
2026-08-17T13:45:00Z,G23,45854,GPS BIII-3  (PRN 23),8.183751620999828,0.8601520550000714,58.67343540799993,59.247663875706344
2026-08-17T13:45:00Z,G14,46826,GPS BIII-4  (PRN 14),5.821719035997376,11.305949944999156,54.77803923299962,56.23478015343321
2026-08-17T13:45:00Z,G11,48859,GPS BIII-5  (PRN 11),8.099783384997863,2.384554749000017,-57.13220043299998,57.752756804773824
2026-08-17T13:45:00Z,G28,55268,GPS BIII-6  (PRN 28),21.83399065499907,-15.825209833999907,-49.348909569998796,56.23588969653306
2026-08-17T13:45:00Z,G01,62339,GPS BIII-7  (PRN 01),-43.74769129900051,13.780458905999694,23.55488716900072,51.56155788178773
2026-08-17T13:45:00Z,G21,64202,GPS BIII-8  (PRN 21),34.931741129999864,27.65514285299969,-27.545653051001864,52.38126064347165
2026-08-17T13:45:00Z,G20,67588,GPS BIII-9  (PRN 20),2.20413348799957,30.718246160999115,45.47630904700054,54.92325132563586
2026-08-17T13:45:00Z,G13,68791,GPS BIII-10 (PRN 13),25.701543694000065,18.286914429001627,-19.607903922998958,37.140954266709144
2026-08-17T14:00:00Z,G22,26407,GPS BIIR-5  (PRN 22),14.680753238997568,18.83588519499972,52.92402036100066,58.06261290981624
2026-08-17T14:00:00Z,G16,27663,GPS BIIR-8  (PRN 16),-35.81728030500017,-28.439063343999806,-20.01313823500095,49.92177475154748
2026-08-17T14:00:00Z,G19,28190,GPS BIIR-11 (PRN 19),-5.158114731000751,50.05989981199991,-7.827534944997751,50.93005026583811
2026-08-17T14:00:00Z,G02,28474,GPS BIIR-13 (PRN 02),-28.885275671998897,10.176257122999232,51.63218608100033,60.03164164991499
2026-08-17T14:00:00Z,G17,28874,GPS BIIRM-1 (PRN 17),-6.0765773720013385,45.62947108799926,21.50665403899984,50.80855825824728
2026-08-17T14:00:00Z,G31,29486,GPS BIIRM-2 (PRN 31),7.374710939999204,-8.551662230000147,-54.428474348000236,55.58755353669987
2026-08-17T14:00:00Z,G12,29601,GPS BIIRM-3 (PRN 12),40.7823915219999,25.478865334000147,-25.383451514000626,54.375505953741936
2026-08-17T14:00:00Z,G15,32260,GPS BIIRM-4 (PRN 15),9.22029789699991,18.99096553099662,52.84877074100041,56.909254378736534
2026-08-17T14:00:00Z,G29,32384,GPS BIIRM-5 (PRN 29),9.38529513100002,-25.11965955499909,-52.4787289979995,58.93299634415769
2026-08-17T14:00:00Z,G07,32711,GPS BIIRM-6 (PRN 07),-43.72881930999938,23.942103683000823,4.410525283001334,50.04884314633187
2026-08-17T14:00:00Z,G05,35752,GPS BIIRM-8 (PRN 05),43.68144390499947,25.06715717299994,-6.421834190998197,50.77076781710289
2026-08-17T14:00:00Z,G25,36585,GPS BIIF-1  (PRN 25),29.719859023000026,10.860158735998994,-46.3249801639995,56.100061099013416
2026-08-17T14:00:00Z,G24,38833,GPS BIIF-3  (PRN 24),84.93843322900102,-12.911625233999075,87.39561061699897,122.55301000260584
2026-08-17T14:00:00Z,G27,39166,GPS BIIF-4  (PRN 27),-3.582035776000339,-41.76446567600033,32.76752684100211,53.20537932181435
2026-08-17T14:00:00Z,G30,39533,GPS BIIF-5  (PRN 30),-33.11366586999793,24.067509543000142,36.18568349900306,54.63665045774943
2026-08-17T14:00:00Z,G06,39741,GPS BIIF-6  (PRN 06),-22.222704373998567,14.054641498000365,-48.44464944900028,55.12046441720146
2026-08-17T14:00:00Z,G09,40105,GPS BIIF-7  (PRN 09),-6.010711762000028,29.494779833999928,-50.953011818999585,59.180065112916914
2026-08-17T14:00:00Z,G03,40294,GPS BIIF-8  (PRN 03),-41.73860184100022,-23.609987533000094,-29.06640059700294,56.07493235497854
2026-08-17T14:00:00Z,G26,40534,GPS BIIF-9  (PRN 26),-23.704774159999943,-16.58249889199999,-43.496794544000295,52.238555905411054
2026-08-17T14:00:00Z,G08,40730,GPS BIIF-10 (PRN 08),-6.41791431799993,-20.723837057998026,50.50263068399909,54.96528679634126
2026-08-17T14:00:00Z,G10,41019,GPS BIIF-11 (PRN 10),-8.545753947000776,-9.609443975999966,57.40964750100011,58.83229512979796
2026-08-17T14:00:00Z,G32,41328,GPS BIIF-12 (PRN 32),1.5283894450003572,-48.230373216999396,10.888605757001642,49.467834097300546
2026-08-17T14:00:00Z,G04,43873,GPS BIII-1  (PRN 04),-5.4212052759999665,4.856232786998589,-58.00712076799982,58.461940810405586
2026-08-17T14:00:00Z,G18,44506,GPS BIII-2  (PRN 18),44.60045893999995,-23.769774108001002,10.76125537000189,51.672117393642885
2026-08-17T14:00:00Z,G23,45854,GPS BIII-3  (PRN 23),13.871636362997378,3.788672164999298,57.10307634499986,58.88580185599882
2026-08-17T14:00:00Z,G14,46826,GPS BIII-4  (PRN 14),1.147707148000336,7.611847526999554,55.953593931999876,56.48063498562134
2026-08-17T14:00:00Z,G11,48859,GPS BIII-5  (PRN 11),2.3482756390003487,4.745164449001095,-57.629724575000004,57.87241258764962
2026-08-17T14:00:00Z,G28,55268,GPS BIII-6  (PRN 28),25.657833441000548,-19.55236846700018,-44.937219626001024,55.31702484110042
2026-08-17T14:00:00Z,G01,62339,GPS BIII-7  (PRN 01),-40.1936826379997,14.77544508900246,30.202712600002997,52.40276471695692
2026-08-17T14:00:00Z,G21,64202,GPS BIII-8  (PRN 21),33.45359761800137,24.000655466000353,-33.94105319799928,53.35887694258769
2026-08-17T14:00:00Z,G20,67588,GPS BIII-9  (PRN 20),3.7190646180006297,35.433210485996824,40.485423539001204,53.92970763976134
2026-08-17T14:00:00Z,G13,68791,GPS BIII-10 (PRN 13),28.57303422299998,17.07751583999925,-14.158664509999653,36.17357616660091
2026-08-17T14:15:00Z,G22,26407,GPS BIIR-5  (PRN 22),10.351994398002716,14.5719567799988,55.76905392499975,58.56358158535015
2026-08-17T14:15:00Z,G16,27663,GPS BIIR-8  (PRN 16),-34.978463453000586,-25.00111464499969,-26.720626040998468,50.62154180828751
2026-08-17T14:15:00Z,G19,28190,GPS BIIR-11 (PRN 19),-2.6723413969994,50.52261467099993,-0.30551719100185437,50.594163126693296
2026-08-17T14:15:00Z,G02,28474,GPS BIIR-13 (PRN 02),-23.323156159000064,7.769750258001295,55.50728636700114,60.70747459841403
2026-08-17T14:15:00Z,G17,28874,GPS BIIRM-1 (PRN 17),-3.6299723379997886,42.969817588000296,28.223936767997657,51.538068739569525
2026-08-17T14:15:00Z,G31,29486,GPS BIIRM-2 (PRN 31),12.06854519099943,-11.908540508000442,-52.319220583999595,54.997854163367954
2026-08-17T14:15:00Z,G12,29601,GPS BIIRM-3 (PRN 12),44.053373788000044,24.836013891999755,-18.15674003100139,53.732620787583244
2026-08-17T14:15:00Z,G15,32260,GPS BIIRM-4 (PRN 15),11.42039871299994,24.324029424999026,49.53324821299975,56.35269818529324
2026-08-17T14:15:00Z,G29,32384,GPS BIIRM-5 (PRN 29),7.933934591000252,-19.31044517799819,-55.92103892399973,59.690897173741966
2026-08-17T14:15:00Z,G07,32711,GPS BIIRM-6 (PRN 07),-42.61547080800028,26.16126489800081,-2.999778970999614,50.09479820426214
2026-08-17T14:15:00Z,G05,35752,GPS BIIRM-8 (PRN 05),43.98223718400004,22.15981938100049,-13.941942214998562,51.184690439960264
2026-08-17T14:15:00Z,G25,36585,GPS BIIF-1  (PRN 25),34.62298177199955,11.692520965996664,-41.37083721599993,55.199747148671335
2026-08-17T14:15:00Z,G24,38833,GPS BIIF-3  (PRN 24),76.54674617700039,-7.549346629999491,96.40743139999904,123.33203077048367
2026-08-17T14:15:00Z,G27,39166,GPS BIIF-4  (PRN 27),-5.722579076998954,-44.925427207999746,26.162766498000565,52.30231612407515
2026-08-17T14:15:00Z,G30,39533,GPS BIIF-5  (PRN 30),-35.14467779299957,27.500088073999905,29.894501415998093,53.71298200772902
2026-08-17T14:15:00Z,G06,39741,GPS BIIF-6  (PRN 06),-25.905275151999376,17.931863424000312,-44.09131130700007,54.19113155608202
2026-08-17T14:15:00Z,G09,40105,GPS BIIF-7  (PRN 09),-4.912558098999398,23.62506901099914,-54.76813779499935,59.84835862730533
2026-08-17T14:15:00Z,G03,40294,GPS BIIF-8  (PRN 03),-45.448534553999934,-22.804289301999233,-21.747383866997552,55.3041916018483
2026-08-17T14:15:00Z,G26,40534,GPS BIIF-9  (PRN 26),-19.772833947001345,-13.418107755999927,-47.359092356000474,53.046151668443365
2026-08-17T14:15:00Z,G08,40730,GPS BIIF-10 (PRN 08),-7.836301212999388,-25.943736653000087,46.855426995000016,54.12869966205407
2026-08-17T14:15:00Z,G10,41019,GPS BIIF-11 (PRN 10),-3.280184724000719,-5.872742675999689,58.69353111299961,59.077739571472506
2026-08-17T14:15:00Z,G32,41328,GPS BIIF-12 (PRN 32),-1.0013081599990983,-46.571689539000545,18.14107125800001,49.99023255533192
2026-08-17T14:15:00Z,G04,43873,GPS BIII-1  (PRN 04),-5.081950703000075,-1.516699523999705,-58.2158114770001,58.4568841653354
2026-08-17T14:15:00Z,G18,44506,GPS BIII-2  (PRN 18),44.0278639900007,-26.4923096349994,3.1393075410014717,51.479612752580714
2026-08-17T14:15:00Z,G23,45854,GPS BIII-3  (PRN 23),19.722052078999695,5.914344902999801,54.56829598799959,58.32356076983253
2026-08-17T14:15:00Z,G14,46826,GPS BIII-4  (PRN 14),-3.98180637599944,4.4712622620008915,56.18431056099996,56.502422261761794
2026-08-17T14:15:00Z,G11,48859,GPS BIII-5  (PRN 11),-3.0798016730004747,7.778486525001426,-57.12856340400003,57.73788000584622
2026-08-17T14:15:00Z,G28,55268,GPS BIII-6  (PRN 28),28.649946607998572,-23.47589105899999,-39.753076921000684,54.33455646586435
2026-08-17T14:15:00Z,G01,62339,GPS BIII-7  (PRN 01),-36.03412905100049,15.0735517969988,36.32731104599952,53.34176551328014
2026-08-17T14:15:00Z,G21,64202,GPS BIII-8  (PRN 21),31.056298933999642,20.29007113299997,-39.75456445999953,54.374682394147406
2026-08-17T14:15:00Z,G20,67588,GPS BIII-9  (PRN 20),5.763050573001237,39.453030405999016,34.805535692001285,52.92617192779795
2026-08-17T14:15:00Z,G13,68791,GPS BIII-10 (PRN 13),30.882698367000103,15.30668895800045,-8.468774732999009,35.49304059618401
2026-08-17T14:30:00Z,G22,26407,GPS BIIR-5  (PRN 22),5.382700070997089,10.73662334799883,57.61871036499997,58.85715186021883
2026-08-17T14:30:00Z,G16,27663,GPS BIIR-8  (PRN 16),-33.23843109700101,-21.39282814699982,-32.929144850997545,51.446816991288486
2026-08-17T14:30:00Z,G19,28190,GPS BIIR-11 (PRN 19),-0.12275216499983799,50.00636475400006,7.175272543001483,50.51867100459456
2026-08-17T14:30:00Z,G02,28474,GPS BIIR-13 (PRN 02),-17.82350056999894,4.547156509997876,58.36889964800048,61.198711187520274
2026-08-17T14:30:00Z,G17,28874,GPS BIIRM-1 (PRN 17),-1.5345727879994229,39.43645957000081,34.42421729800117,52.36999134655246
2026-08-17T14:30:00Z,G31,29486,GPS BIIRM-2 (PRN 31),16.126286088001507,-15.68607236600019,-49.33851478299948,54.22544615082226
2026-08-17T14:30:00Z,G12,29601,GPS BIIRM-3 (PRN 12),46.643626052999934,23.493169666999165,-10.628350671999215,53.29651686913029
2026-08-17T14:30:00Z,G15,32260,GPS BIIRM-4 (PRN 15),14.123182286999963,29.0644166940001,45.318130275998556,55.659118995782514
2026-08-17T14:30:00Z,G29,32384,GPS BIIRM-5 (PRN 29),7.173483980000128,-13.088372777001496,-58.395606907,60.27280713885773
2026-08-17T14:30:00Z,G07,32711,GPS BIIRM-6 (PRN 07),-40.74060098500013,27.859054665999793,-10.384262548999686,50.43566599330989
2026-08-17T14:30:00Z,G05,35752,GPS BIIRM-8 (PRN 05),43.30035225900065,18.98645358400063,-21.22079810100331,51.82401178502585
2026-08-17T14:30:00Z,G25,36585,GPS BIIF-1  (PRN 25),39.15925146100017,11.757042643999739,-35.73217976600063,54.29975780377346
2026-08-17T14:30:00Z,G24,38833,GPS BIIF-3  (PRN 24),67.90313887199954,-0.8582630660021096,103.83896009199998,124.07297254901441
2026-08-17T14:30:00Z,G27,39166,GPS BIIF-4  (PRN 27),-8.14539755899932,-47.16456180900059,19.09885012000086,51.53260587177254
2026-08-17T14:30:00Z,G30,39533,GPS BIIF-5  (PRN 30),-36.29082960099913,30.799825072999738,23.1048611490005,52.91018943805371
2026-08-17T14:30:00Z,G06,39741,GPS BIIF-6  (PRN 06),-28.740617866998946,22.008535214999938,-38.97672776299987,53.193834650246416
2026-08-17T14:30:00Z,G09,40105,GPS BIIF-7  (PRN 09),-4.540074362999803,17.369131322000612,-57.62462931299979,60.356415579150365
2026-08-17T14:30:00Z,G03,40294,GPS BIIF-8  (PRN 03),-48.43379749100001,-21.265635923000445,-14.069439007002075,54.735812084781905
2026-08-17T14:30:00Z,G26,40534,GPS BIIF-9  (PRN 26),-15.221221244002663,-10.64035900700037,-50.40473914300037,53.71722762792814
2026-08-17T14:30:00Z,G08,40730,GPS BIIF-10 (PRN 08),-9.799155953000081,-30.578325783000764,42.37899123399984,53.169882105323325
2026-08-17T14:30:00Z,G10,41019,GPS BIIF-11 (PRN 10),2.4538342409978213,-2.7944803469999897,58.98351302900005,59.10063647825022
2026-08-17T14:30:00Z,G32,41328,GPS BIIF-12 (PRN 32),-3.245013633999406,-43.98393385199961,25.064195643000858,50.72800463070218
2026-08-17T14:30:00Z,G04,43873,GPS BIII-1  (PRN 04),-5.5103984149999405,-7.850267818001157,-57.411413981999885,58.20705842867298
2026-08-17T14:30:00Z,G18,44506,GPS BIII-2  (PRN 18),42.5731095480005,-28.734032009999282,-4.5534406379993015,51.564019177925786
2026-08-17T14:30:00Z,G23,45854,GPS BIII-3  (PRN 23),25.55627022399858,7.202478941000663,51.11052167900016,57.59586857542075
2026-08-17T14:30:00Z,G14,46826,GPS BIII-4  (PRN 14),-9.426675097001862,1.9737212420004653,55.4690004590002,56.29891465069396
2026-08-17T14:30:00Z,G11,48859,GPS BIII-5  (PRN 11),-8.029398829003185,11.391523901000255,-55.63715726600003,57.35617953615702
2026-08-17T14:30:00Z,G28,55268,GPS BIII-6  (PRN 28),30.756947457000933,-27.432609371000012,-33.885212384000624,53.3549012939151
2026-08-17T14:30:00Z,G01,62339,GPS BIII-7  (PRN 01),-31.419343540001137,14.601988258997153,41.821590678000575,54.30873462380362
2026-08-17T14:30:00Z,G21,64202,GPS BIII-8  (PRN 21),27.77492023599916,16.689772771999998,-44.885424959000375,55.35969728102893
2026-08-17T14:30:00Z,G20,67588,GPS BIII-9  (PRN 20),8.210979679999582,42.66635492600108,28.534015084998828,51.98103545378644
2026-08-17T14:30:00Z,G13,68791,GPS BIII-10 (PRN 13),32.53367970399995,13.076979379000477,-2.635924590002105,35.16242032632907
2026-08-17T14:45:00Z,G22,26407,GPS BIIR-5  (PRN 22),-0.09098589000132051,7.459842160000335,58.44723907100001,58.921450071318915
2026-08-17T14:45:00Z,G16,27663,GPS BIIR-8  (PRN 16),-30.61629878799795,-17.782964583999956,-38.53432991800037,52.33054713168074
2026-08-17T14:45:00Z,G19,28190,GPS BIIR-11 (PRN 19),2.3303233919996273,48.52934327999992,14.4874739040024,50.699255087412524
2026-08-17T14:45:00Z,G02,28474,GPS BIIR-13 (PRN 02),-12.571912552000867,0.5813254150016292,60.16829109499986,61.47043336227526
2026-08-17T14:45:00Z,G17,28874,GPS BIIRM-1 (PRN 17),0.07664704000126221,35.13840069100115,39.99398079599996,53.237501611184804
2026-08-17T14:45:00Z,G31,29486,GPS BIIRM-2 (PRN 31),19.456284730000334,-19.750436121999883,-45.538367279999875,53.31387846548218
2026-08-17T14:45:00Z,G12,29601,GPS BIIRM-3 (PRN 12),48.43637695199959,21.56608354399941,-2.9226110390009126,53.10103790838979
2026-08-17T14:45:00Z,G15,32260,GPS BIIRM-4 (PRN 15),17.203429099000004,33.08068963700134,40.27060687700032,54.88179823826688
2026-08-17T14:45:00Z,G29,32384,GPS BIIRM-5 (PRN 29),7.156020045000332,-6.6304365120013244,-59.85734133899996,60.647115540623034
2026-08-17T14:45:00Z,G07,32711,GPS BIIRM-6 (PRN 07),-38.19995498799972,28.913079801001004,-17.628615253001044,51.048710271686566
2026-08-17T14:45:00Z,G05,35752,GPS BIIRM-8 (PRN 05),41.6230164360004,15.717425528000604,-28.12813627700234,52.63748676444782
2026-08-17T14:45:00Z,G25,36585,GPS BIIF-1  (PRN 25),43.1786197349993,11.114444933002233,-29.50031744199805,53.462068960778765
2026-08-17T14:45:00Z,G24,38833,GPS BIIF-3  (PRN 24),59.27210702100092,7.09837122299723,109.53850736500044,124.74876408398087
2026-08-17T14:45:00Z,G27,39166,GPS BIIF-4  (PRN 27),-10.69466510500024,-48.42543346000002,11.706677869002306,50.95532135337376
2026-08-17T14:45:00Z,G30,39533,GPS BIIF-5  (PRN 30),-36.56807161699908,33.809271826999975,15.92747554199741,52.28742870326359
2026-08-17T14:45:00Z,G06,39741,GPS BIIF-6  (PRN 06),-30.676605534001283,26.116727105999985,-33.18671105099929,52.19669867147261
2026-08-17T14:45:00Z,G09,40105,GPS BIIF-7  (PRN 09),-4.9366701880007895,10.909006734000286,-59.47579333900012,60.669161307628194
2026-08-17T14:45:00Z,G03,40294,GPS BIIF-8  (PRN 03),-50.569013488999644,-19.119504037998922,-6.158757910998247,54.41241456612607
2026-08-17T14:45:00Z,G26,40534,GPS BIIF-9  (PRN 26),-10.166135371000564,-8.35998717099983,-52.588675166999565,54.21077798464976
2026-08-17T14:45:00Z,G08,40730,GPS BIIF-10 (PRN 08),-12.19520317200022,-34.498880232000374,37.15619490000063,52.14861970479279
2026-08-17T14:45:00Z,G10,41019,GPS BIIF-11 (PRN 10),8.495933362999494,-0.4631526569992275,58.2808538270001,58.89866990770136
2026-08-17T14:45:00Z,G32,41328,GPS BIIF-12 (PRN 32),-5.057313553001222,-40.55217918699964,31.537438293999003,51.62039975954943
2026-08-17T14:45:00Z,G04,43873,GPS BIII-1  (PRN 04),-6.683686808999937,-13.960944032001862,-55.60938526300015,57.723334596627964
2026-08-17T14:45:00Z,G18,44506,GPS BIII-2  (PRN 18),40.32400368099934,-30.35317362600108,-12.185801190000348,51.92142306098351
2026-08-17T14:45:00Z,G23,45854,GPS BIII-3  (PRN 23),31.192826435002644,7.65266796799915,46.78575210700001,56.74911759886928
2026-08-17T14:45:00Z,G14,46826,GPS BIII-4  (PRN 14),-15.033195087002241,0.1807002299992746,53.82129632499982,55.88167450247379
2026-08-17T14:45:00Z,G11,48859,GPS BIII-5  (PRN 11),-12.365843897001469,15.464591214000393,-53.181723147999946,56.748245379849934
2026-08-17T14:45:00Z,G28,55268,GPS BIII-6  (PRN 28),31.95866347899937,-31.25375589800001,-27.43391958600114,52.4478157118757
2026-08-17T14:45:00Z,G01,62339,GPS BIII-7  (PRN 01),-26.513361946999794,13.318873271000484,46.589403848000075,55.235163599410406
2026-08-17T14:45:00Z,G21,64202,GPS BIII-8  (PRN 21),23.67747077199965,13.35793068299995,-49.24474948699935,56.2503536551376
2026-08-17T14:45:00Z,G20,67588,GPS BIII-9  (PRN 20),10.91955330500059,44.989671954001096,21.777938314000494,51.16234771897975
2026-08-17T14:45:00Z,G13,68791,GPS BIII-10 (PRN 13),33.45208371300032,10.507871611000155,3.2395346330013126,35.21295010607971
2026-08-17T15:00:00Z,G22,26407,GPS BIIR-5  (PRN 22),-5.9127278920022945,4.843994351998845,58.24844486000006,58.74781664892344
2026-08-17T15:00:00Z,G16,27663,GPS BIIR-8  (PRN 16),-27.16371450799852,-14.334987777000151,-43.444879769998806,53.205421139846685
2026-08-17T15:00:00Z,G19,28190,GPS BIIR-11 (PRN 19),4.532400596999651,46.14214435000031,21.50936185200044,51.11059369316932
2026-08-17T15:00:00Z,G02,28474,GPS BIIR-13 (PRN 02),-7.73839033799959,-4.022193502998562,60.879285271000015,61.500797561548815
2026-08-17T15:00:00Z,G17,28874,GPS BIIRM-1 (PRN 17),1.0933119190012803,30.211779163000756,44.83310430900019,54.073599594699154
2026-08-17T15:00:00Z,G31,29486,GPS BIIRM-2 (PRN 31),21.994632644000376,-23.954029890999664,-40.982608809999874,52.317622633649094
2026-08-17T15:00:00Z,G12,29601,GPS BIIRM-3 (PRN 12),49.3406911940001,19.190947700000834,4.833299120000447,53.16161266844003
2026-08-17T15:00:00Z,G15,32260,GPS BIIRM-4 (PRN 15),20.514984102999733,36.26764213199931,34.475945602996944,54.08139480248182
2026-08-17T15:00:00Z,G29,32384,GPS BIIRM-5 (PRN 29),7.900028719000147,-0.12192754699935904,-60.279212121,60.79480844625022
2026-08-17T15:00:00Z,G07,32711,GPS BIIRM-6 (PRN 07),-35.11063229000001,29.22146037499988,-24.61831833600081,51.89134652274841
2026-08-17T15:00:00Z,G05,35752,GPS BIIRM-8 (PRN 05),38.973995500000456,12.523866783999438,-34.540672903000086,53.56190483029393
2026-08-17T15:00:00Z,G25,36585,GPS BIIF-1  (PRN 25),46.5460349949999,9.852410317002068,-22.775305008999567,52.74768128613129
2026-08-17T15:00:00Z,G24,38833,GPS BIIF-3  (PRN 24),50.90997618000074,16.202843908999057,113.38028065399976,125.33732830472886
2026-08-17T15:00:00Z,G27,39166,GPS BIIF-4  (PRN 27),-13.208170259000326,-48.687481873999786,4.12248771799932,50.61542806108483
2026-08-17T15:00:00Z,G30,39533,GPS BIIF-5  (PRN 30),-36.022571008999876,36.377850248998584,8.479268768998736,51.89288592566347
2026-08-17T15:00:00Z,G06,39741,GPS BIIF-6  (PRN 06),-31.6947924039996,30.08309689099997,-26.81890005099922,51.27188297723625
2026-08-17T15:00:00Z,G09,40105,GPS BIIF-7  (PRN 09),-6.111553455000831,4.432152449000569,-60.292965538999965,60.76377830954517
2026-08-17T15:00:00Z,G03,40294,GPS BIIF-8  (PRN 03),-51.756400604999726,-16.51319634399988,1.8547689920014818,54.35853957838085
2026-08-17T15:00:00Z,G26,40534,GPS BIIF-9  (PRN 26),-4.741558815003373,-6.6643749940003545,-53.88044425499993,54.49769304450371
2026-08-17T15:00:00Z,G08,40730,GPS BIIF-10 (PRN 08),-14.8925244940001,-37.603465375999804,31.283771989001252,51.13200840909956
2026-08-17T15:00:00Z,G10,41019,GPS BIIF-11 (PRN 10),14.6735129890003,1.0646116230000189,56.6020553190001,58.482801298170855
2026-08-17T15:00:00Z,G32,41328,GPS BIIF-12 (PRN 32),-6.31176378300006,-36.390412164000736,37.44937295999989,52.598060749569605
2026-08-17T15:00:00Z,G04,43873,GPS BIII-1  (PRN 04),-8.545698737000066,-19.673773845999676,-52.84292049099895,57.030347976013104
2026-08-17T15:00:00Z,G18,44506,GPS BIII-2  (PRN 18),37.3957364769999,-31.229195047999383,-19.626263428999664,52.52517440416262
2026-08-17T15:00:00Z,G23,45854,GPS BIII-3  (PRN 23),36.45415751799919,7.2984544549999555,41.66380459100037,55.83946320279117
2026-08-17T15:00:00Z,G14,46826,GPS BIII-4  (PRN 14),-20.63963930400132,-0.8761901699999726,51.269276660001196,55.274778597955724
2026-08-17T15:00:00Z,G11,48859,GPS BIII-5  (PRN 11),-15.979826515998866,19.856158199001584,-49.805727201999616,55.94847930038137
2026-08-17T15:00:00Z,G28,55268,GPS BIII-6  (PRN 28),32.268582262000564,-34.771696391000205,-20.50939002100131,51.68140236236766
2026-08-17T15:00:00Z,G01,62339,GPS BIII-7  (PRN 01),-21.487752394999916,11.215133952002361,50.54737574700084,56.05836179785019
2026-08-17T15:00:00Z,G21,64202,GPS BIII-8  (PRN 21),18.86250771399864,10.438435493000043,-52.75713904999975,56.991849009689005
2026-08-17T15:00:00Z,G20,67588,GPS BIII-9  (PRN 20),13.733157028000278,46.37037248900015,14.652301857000566,50.5321778318825
2026-08-17T15:00:00Z,G13,68791,GPS BIII-10 (PRN 13),33.59010330300043,7.731068449998929,9.056310981999559,35.638198998932246
2026-08-17T15:15:00Z,G22,26407,GPS BIIR-5  (PRN 22),-11.912387275999208,2.96046663999914,57.03510114399978,58.340998413176145
2026-08-17T15:15:00Z,G16,27663,GPS BIIR-8  (PRN 16),-22.962437221998698,-11.20086909600002,-47.58374297299997,54.00875472551171
2026-08-17T15:15:00Z,G19,28190,GPS BIIR-11 (PRN 19),6.340720250000231,42.92544515000009,28.126622056999622,51.70981959890913
2026-08-17T15:15:00Z,G02,28474,GPS BIIR-13 (PRN 02),-3.4705444000028365,-9.1300486930013,60.498349762999624,61.28174925387821
2026-08-17T15:15:00Z,G17,28874,GPS BIIRM-1 (PRN 17),1.4321306960009679,24.814221089000057,48.85684367700014,54.81594421938778
2026-08-17T15:15:00Z,G31,29486,GPS BIIRM-2 (PRN 31),23.70699202600008,-28.140966639999988,-35.7458718529997,51.30012503771799
2026-08-17T15:15:00Z,G12,29601,GPS BIIRM-3 (PRN 12),49.29506231900086,16.519247907001045,12.51120019299924,53.47353411470427
2026-08-17T15:15:00Z,G15,32260,GPS BIIRM-4 (PRN 15),23.896869424000215,38.550993387001654,28.036208285997418,53.322307099826354
2026-08-17T15:15:00Z,G29,32384,GPS BIIRM-5 (PRN 29),9.38976121099995,6.25056295199829,-59.65284533099975,60.70995889391354
2026-08-17T15:15:00Z,G07,32711,GPS BIIRM-6 (PRN 07),-31.607450690999997,28.706970131999697,-31.239935556001,52.90609271989961
2026-08-17T15:15:00Z,G05,35752,GPS BIIRM-8 (PRN 05),35.41281649699886,9.570788285999697,-40.34458983900004,54.52846495127741
2026-08-17T15:15:00Z,G25,36585,GPS BIIF-1  (PRN 25),49.14633598,8.082159884999783,-15.664755810001225,52.21176326511785
2026-08-17T15:15:00Z,G24,38833,GPS BIIF-3  (PRN 24),43.05507657099952,26.285533356000087,115.26813317000006,125.82293672793087
2026-08-17T15:15:00Z,G27,39166,GPS BIIF-4  (PRN 27),-15.524369279999519,-47.9665863109999,-3.5151743390015326,50.53865742682497
2026-08-17T15:15:00Z,G30,39533,GPS BIIF-5  (PRN 30),-34.728951322000285,38.36762177499986,0.8818510259989125,51.758594666271264
2026-08-17T15:15:00Z,G06,39741,GPS BIIF-6  (PRN 06),-31.81100191099904,33.73572649599964,-19.981225157000154,50.49047874173122
2026-08-17T15:15:00Z,G09,40105,GPS BIIF-7  (PRN 09),-8.039673547999882,-1.875575548998313,-60.06578871500005,60.63046353404729
2026-08-17T15:15:00Z,G03,40294,GPS BIIF-8  (PRN 03),-51.92959991400039,-13.610258767999767,9.839335871001822,54.57778871796152
2026-08-17T15:15:00Z,G26,40534,GPS BIIF-9  (PRN 26),0.9056981770008861,-5.614814779999961,-54.26418537999999,54.56141722093125
2026-08-17T15:15:00Z,G08,40730,GPS BIIF-10 (PRN 08),-17.744385261999923,-39.820867376000024,24.870146452998597,50.190525714489794
2026-08-17T15:15:00Z,G10,41019,GPS BIIF-11 (PRN 10),20.80795655300244,1.7654866839984606,53.97825873200054,57.8769419966346
2026-08-17T15:15:00Z,G32,41328,GPS BIIF-12 (PRN 32),-6.90582331099904,-31.637025113999698,42.699591051001335,53.58961494160355
2026-08-17T15:15:00Z,G04,43873,GPS BIII-1  (PRN 04),-11.009609115000103,-24.829006208001374,-49.16222560100141,56.16596360951909
2026-08-17T15:15:00Z,G18,44506,GPS BIII-2  (PRN 18),33.92670005900004,-31.26789757300139,-26.745216036000784,53.32925066360312
2026-08-17T15:15:00Z,G23,45854,GPS BIII-3  (PRN 23),41.1731054690008,6.20583085600083,35.82741739899939,54.930326669854054
2026-08-17T15:15:00Z,G14,46826,GPS BIII-4  (PRN 14),-26.082053737001843,-1.1959544509991247,47.85498012700009,54.514245451480754
2026-08-17T15:15:00Z,G11,48859,GPS BIII-5  (PRN 11),-18.791370192000613,24.40856133499983,-45.56900270400001,55.0038859315814
2026-08-17T15:15:00Z,G28,55268,GPS BIII-6  (PRN 28),31.73309638200044,-37.82658133699988,-13.229911336999066,51.11624218992289
2026-08-17T15:15:00Z,G01,62339,GPS BIII-7  (PRN 01),-16.515160009999818,8.315015166001103,53.62649885999963,56.724698036642444
2026-08-17T15:15:00Z,G21,64202,GPS BIII-8  (PRN 21),13.455515052999544,8.055469242000072,-55.36204011300015,57.54039412033727
2026-08-17T15:15:00Z,G20,67588,GPS BIII-9  (PRN 20),16.490082381998945,46.78866745600044,7.278131463001046,50.140536663123505
2026-08-17T15:15:00Z,G13,68791,GPS BIII-10 (PRN 13),32.92808152900034,4.885400422001112,14.71396792700034,36.39541925326011
2026-08-17T15:30:00Z,G22,26407,GPS BIIR-5  (PRN 22),-17.912511636001,1.84698876100083,54.83799873299995,57.71893576317601
2026-08-17T15:30:00Z,G16,27663,GPS BIIR-8  (PRN 16),-18.120795418999478,-8.514966208000004,-50.888886841001295,54.68589105113721
2026-08-17T15:30:00Z,G19,28190,GPS BIIR-11 (PRN 19),7.629742774000988,38.9862938389997,34.233838329997525,52.44139365904241
2026-08-17T15:30:00Z,G02,28474,GPS BIIR-13 (PRN 02),0.1124549689993728,-14.586628065000696,59.04393518799952,60.81914704195881
2026-08-17T15:30:00Z,G17,28874,GPS BIIRM-1 (PRN 17),1.0406155290002062,19.118057614999998,51.997330588000295,55.41033654407314
2026-08-17T15:30:00Z,G31,29486,GPS BIIRM-2 (PRN 31),24.589537959000154,-32.152240106000136,-29.91254532900348,50.33062972912897
2026-08-17T15:30:00Z,G12,29601,GPS BIIRM-3 (PRN 12),48.269639393000034,13.711873366000873,19.983810540001286,54.01227862286659
2026-08-17T15:30:00Z,G15,32260,GPS BIIRM-4 (PRN 15),27.179741169999943,39.89070087999971,21.068390953001654,52.66766981853594
2026-08-17T15:30:00Z,G29,32384,GPS BIIRM-5 (PRN 29),11.57531370200013,12.30631042800087,-57.98877104999974,60.39975771093228
2026-08-17T15:30:00Z,G07,32711,GPS BIIRM-6 (PRN 07),-27.83815002900019,27.320461633000377,-37.382591633999255,54.02618233922993
2026-08-17T15:30:00Z,G05,35752,GPS BIIRM-8 (PRN 05),31.032341895999707,7.01000596600079,-45.43779431199982,55.468365571136026
2026-08-17T15:30:00Z,G25,36585,GPS BIIF-1  (PRN 25),50.88810352199994,5.934402574001069,-8.282571809002548,51.89814264255877
2026-08-17T15:30:00Z,G24,38833,GPS BIIF-3  (PRN 24),35.917708975001005,37.129289329997846,115.13899692699988,126.19688806590774
2026-08-17T15:30:00Z,G27,39166,GPS BIIF-4  (PRN 27),-17.489156552999702,-46.31369530899997,-11.06844598799944,50.72809346604186
2026-08-17T15:30:00Z,G30,39533,GPS BIIF-5  (PRN 30),-32.78733311399992,39.658342687000186,-6.7400914459976775,51.89626373939022
2026-08-17T15:30:00Z,G06,39741,GPS BIIF-6  (PRN 06),-31.07458306800072,36.91049352099981,-12.790177371000027,49.91595818969608
2026-08-17T15:30:00Z,G09,40105,GPS BIIF-7  (PRN 09),-10.662370502999693,-7.8370035760017345,-58.802152498000396,60.27269620808079
2026-08-17T15:30:00Z,G03,40294,GPS BIIF-8  (PRN 03),-51.056096665999576,-10.584169534000466,17.663077742003225,55.05210229239576
2026-08-17T15:30:00Z,G26,40534,GPS BIIF-9  (PRN 26),6.621220804001496,-5.244082495999919,-53.73842430800005,54.398154502398754
2026-08-17T15:30:00Z,G08,40730,GPS BIIF-10 (PRN 08),-20.595184552999854,-41.11295055100163,18.03302560299926,49.39257375536991
2026-08-17T15:30:00Z,G10,41019,GPS BIIF-11 (PRN 10),26.72065192300215,1.6503078850000747,50.45454672699998,57.11723068157766
2026-08-17T15:30:00Z,G32,41328,GPS BIIF-12 (PRN 32),-6.765140698000323,-26.449043706001248,47.200322787000914,54.5269613386147
2026-08-17T15:30:00Z,G04,43873,GPS BIII-1  (PRN 04),-13.961012905000189,-29.288051300001825,-44.63345832199957,55.18011808674201
2026-08-17T15:30:00Z,G18,44506,GPS BIII-2  (PRN 18),30.072931812000007,-30.40553784000076,-33.417267008000636,54.273305532212866
2026-08-17T15:30:00Z,G23,45854,GPS BIII-3  (PRN 23),45.198715158001505,4.470978616000139,29.3712073170027,54.08864317929632
2026-08-17T15:30:00Z,G14,46826,GPS BIII-4  (PRN 14),-31.199781658000575,-0.8084461489997921,43.633802204998574,53.64688859148944
2026-08-17T15:30:00Z,G11,48859,GPS BIII-5  (PRN 11),-20.752858652002033,28.953769903000648,-40.54655174899926,53.972444752486034
2026-08-17T15:30:00Z,G28,55268,GPS BIII-6  (PRN 28),30.429423203000624,-40.27228769500016,-5.719940072998725,50.79886482092755
2026-08-17T15:30:00Z,G01,62339,GPS BIII-7  (PRN 01),-11.762248650000402,4.675586345001648,55.77344312900004,57.191682607157176
2026-08-17T15:30:00Z,G21,64202,GPS BIII-8  (PRN 21),7.6042666690009355,6.308206404999964,-57.01479433099985,57.86454106123692
2026-08-17T15:30:00Z,G20,67588,GPS BIII-9  (PRN 20),19.0287081259994,46.25796764000006,-0.21949034999852302,50.01939103129416
2026-08-17T15:30:00Z,G13,68791,GPS BIII-10 (PRN 13),31.47516847800034,2.1112315000009403,20.114732859998185,37.413179592146314
2026-08-17T15:45:00Z,G22,26407,GPS BIIR-5  (PRN 22),-23.735223310999572,1.507053742001517,51.70466631899944,56.91225312499387
2026-08-17T15:45:00Z,G16,27663,GPS BIIR-8  (PRN 16),-12.769288430001325,-6.389333687000033,-53.31367968399991,55.192633144474485
2026-08-17T15:45:00Z,G19,28190,GPS BIIR-11 (PRN 19),8.295698855999944,34.45393347699974,39.735702812000454,53.24301108606258
2026-08-17T15:45:00Z,G02,28474,GPS BIIR-13 (PRN 02),2.9239402969978983,-20.220837428001687,56.55519821300004,60.1325380976207
2026-08-17T15:45:00Z,G17,28874,GPS BIIRM-1 (PRN 17),-0.10104113700072048,13.303352785002062,54.20458675500049,55.81331946689753
2026-08-17T15:45:00Z,G31,29486,GPS BIIRM-2 (PRN 31),24.668708746998163,-35.831588574999955,-23.57570671099893,49.47991388407352
2026-08-17T15:45:00Z,G12,29601,GPS BIIRM-3 (PRN 12),46.267690364999,10.932992430000013,27.126677111999015,54.73651529212021
2026-08-17T15:45:00Z,G15,32260,GPS BIIRM-4 (PRN 15),30.193450703000053,40.28289315799884,13.70200483699955,52.17375665108277
2026-08-17T15:45:00Z,G29,32384,GPS BIIRM-5 (PRN 29),14.374787497999932,17.877295216996572,-55.316281663001064,59.884248487467644
2026-08-17T15:45:00Z,G07,32711,GPS BIIRM-6 (PRN 07),-23.95843033600022,25.043564599000092,-42.9396482860011,55.181517801839625
2026-08-17T15:45:00Z,G05,35752,GPS BIIRM-8 (PRN 05),25.955165884999587,4.974085599999853,-49.73189327900036,56.31761156856577
2026-08-17T15:45:00Z,G25,36585,GPS BIIF-1  (PRN 25),51.707202094000024,3.5543782219992863,-0.7475602490012534,51.834613910597135
2026-08-17T15:45:00Z,G24,38833,GPS BIIF-3  (PRN 24),29.67150742999911,48.47637167799985,112.96582824599955,126.45803776564283
2026-08-17T15:45:00Z,G27,39166,GPS BIIF-4  (PRN 27),-18.962411855001847,-43.81234943599998,-18.402981301002,51.164096270978064
2026-08-17T15:45:00Z,G30,39533,GPS BIIF-5  (PRN 30),-30.319631071999538,40.152339947000655,-14.260492916997464,52.295813310411376
2026-08-17T15:45:00Z,G06,39741,GPS BIIF-6  (PRN 06),-29.566372057999615,39.45772318899981,-5.368928641000821,49.597456292474845
2026-08-17T15:45:00Z,G09,40105,GPS BIIF-7  (PRN 09),-13.890002408999862,-13.290113701001246,-56.52779236799961,59.70720726266836
2026-08-17T15:45:00Z,G03,40294,GPS BIIF-8  (PRN 03),-49.1388167590012,-7.611718741000004,25.19597325200084,55.74404580564932
2026-08-17T15:45:00Z,G26,40534,GPS BIIF-9  (PRN 26),12.248441087998799,-5.555744343999777,-52.31570636300057,54.01688381017329
2026-08-17T15:45:00Z,G08,40730,GPS BIIF-10 (PRN 08),-23.28721798799961,-41.4758076399994,10.896814031999384,48.79833703169427
2026-08-17T15:45:00Z,G10,41019,GPS BIIF-11 (PRN 10),32.23924350899688,0.7631357739992382,46.089167124000596,56.250889098982356
2026-08-17T15:45:00Z,G32,41328,GPS BIIF-12 (PRN 32),-5.8463273079996725,-20.996080446999258,50.8777625620005,55.3494504077902
2026-08-17T15:45:00Z,G04,43873,GPS BIII-1  (PRN 04),-17.2628182870003,-32.93859055199937,-39.33737767799903,54.133029892513775
2026-08-17T15:45:00Z,G18,44506,GPS BIII-2  (PRN 18),26.002199420999887,-28.611925246001192,-39.523583771999256,55.28897100864195
2026-08-17T15:45:00Z,G23,45854,GPS BIII-3  (PRN 23),48.401925582998956,2.216443221999725,22.400462754998443,53.380143802134796
2026-08-17T15:45:00Z,G14,46826,GPS BIII-4  (PRN 14),-35.84123948400156,0.22709909299919673,38.673798000001625,52.72863238784525
2026-08-17T15:45:00Z,G11,48859,GPS BIII-5  (PRN 11),-21.85047903099985,33.32015760200011,-34.82707250399835,52.92070781560889
2026-08-17T15:45:00Z,G28,55268,GPS BIII-6  (PRN 28),28.46241538999857,-41.98235790200124,1.8919268659992667,50.7563478996553
2026-08-17T15:45:00Z,G01,62339,GPS BIII-7  (PRN 01),-7.383376453999517,0.3845739659991523,56.95155401299985,57.42944932255958
2026-08-17T15:45:00Z,G21,64202,GPS BIII-8  (PRN 21),1.4733050460017694,5.267136342999947,-57.687385791,57.946076937218045
2026-08-17T15:45:00Z,G20,67588,GPS BIII-9  (PRN 20),21.19401464600014,44.82432923499982,-7.713445421999495,50.178720474526784
2026-08-17T15:45:00Z,G13,68791,GPS BIII-10 (PRN 13),29.269185005001418,-0.45504808200166735,25.165296618000866,38.60290680098973
2026-08-17T16:00:00Z,G22,26407,GPS BIIR-5  (PRN 22),-29.20894536600099,1.9106924080006138,47.69787669300058,55.96338692299377
2026-08-17T16:00:00Z,G16,27663,GPS BIIR-8  (PRN 16),-7.055492651001259,-4.910113848000037,-54.82693870100002,55.496688206341354
2026-08-17T16:00:00Z,G19,28190,GPS BIIR-11 (PRN 19),8.26014052300161,29.475007130999074,44.54796451999937,54.051152713955155
2026-08-17T16:00:00Z,G02,28474,GPS BIIR-13 (PRN 02),4.91233544699935,-25.85343777899834,53.09023497099952,59.25457226081651
2026-08-17T16:00:00Z,G17,28874,GPS BIIRM-1 (PRN 17),-1.9796216190006817,7.550782962000085,55.44702860699999,55.99380507198204
2026-08-17T16:00:00Z,G31,29486,GPS BIIRM-2 (PRN 31),24.00001347899888,-39.031208088000085,-16.836021677001554,48.81482846133291
2026-08-17T16:00:00Z,G12,29601,GPS BIIRM-3 (PRN 12),43.32584203700026,8.343909852999786,33.82011954800328,55.592714505511594
2026-08-17T16:00:00Z,G15,32260,GPS BIIRM-4 (PRN 15),32.77469343099983,39.760230996000246,6.0761596109987295,51.884257862762716
2026-08-17T16:00:00Z,G29,32384,GPS BIIRM-5 (PRN 29),17.677746754000054,22.814547744001175,-51.682907078000426,59.195685679744386
2026-08-17T16:00:00Z,G07,32711,GPS BIIRM-6 (PRN 07),-20.12659018999966,21.89032207100172,-47.81055024200032,56.303770277763924
2026-08-17T16:00:00Z,G05,35752,GPS BIIRM-8 (PRN 05),20.328801536001265,3.571227999999792,-53.153802877999624,57.020527897515564
2026-08-17T16:00:00Z,G25,36585,GPS BIIF-1  (PRN 25),51.56942035799966,1.0964773330015305,6.818060689001868,52.02973505756846
2026-08-17T16:00:00Z,G24,38833,GPS BIIF-3  (PRN 24),24.446055827000237,60.03742981400137,108.75988340300046,126.6128542526477
2026-08-17T16:00:00Z,G27,39166,GPS BIIF-4  (PRN 27),-19.82371202399736,-40.57494332599981,-25.3905559800005,51.8071994735482
2026-08-17T16:00:00Z,G30,39533,GPS BIIF-5  (PRN 30),-27.46515082699989,39.77859976199943,-21.553704365000158,52.92668212564453
2026-08-17T16:00:00Z,G06,39741,GPS BIIF-6  (PRN 06),-27.39552082800037,41.248267044000386,2.1547006000000692,49.56386617533192
2026-08-17T16:00:00Z,G09,40105,GPS BIIF-7  (PRN 09),-17.605762076000246,-18.093871899000078,-53.285575765999965,58.9635789558968
2026-08-17T16:00:00Z,G03,40294,GPS BIIF-8  (PRN 03),-46.216440608000994,-4.866334465001273,32.31180544900053,56.60117812353558
2026-08-17T16:00:00Z,G26,40534,GPS BIIF-9  (PRN 26),17.63407974800066,-6.524518825999621,-50.022105301999545,53.43913484810548
2026-08-17T16:00:00Z,G08,40730,GPS BIIF-10 (PRN 08),-25.667341626998677,-40.939500889000556,3.5899682650015166,48.45351412829883
2026-08-17T16:00:00Z,G10,41019,GPS BIIF-11 (PRN 10),37.203634440000314,-0.8207718419998855,40.95269149100022,55.334501193367956
2026-08-17T16:00:00Z,G32,41328,GPS BIIF-12 (PRN 32),-4.138388654999289,-15.453943282998807,53.67307918300048,56.006696498174314
2026-08-17T16:00:00Z,G04,43873,GPS BIII-1  (PRN 04),-20.760961894000502,-35.698638604000735,-33.367738872999325,53.092526163668865
2026-08-17T16:00:00Z,G18,44506,GPS BIII-2  (PRN 18),21.887615220000043,-25.892163611999422,-44.95423004899931,56.30590231785364
2026-08-17T16:00:00Z,G23,45854,GPS BIII-3  (PRN 23),50.68052478399932,-0.413590286998442,15.02976817400122,52.86379271932056
2026-08-17T16:00:00Z,G14,46826,GPS BIII-4  (PRN 14),-39.869416292000096,1.8245031370006473,33.054857443999936,51.82202975381113
2026-08-17T16:00:00Z,G11,48859,GPS BIII-5  (PRN 11),-22.10436722000304,37.339351722000174,-28.51123825600007,51.92033266559821
2026-08-17T16:00:00Z,G28,55268,GPS BIII-6  (PRN 28),25.96041771199998,-42.855140598001526,9.475072561999696,50.992973668057054
2026-08-17T16:00:00Z,G01,62339,GPS BIII-7  (PRN 01),-3.514855961999274,-4.443038452998735,57.141476065999996,57.42162563119994
2026-08-17T16:00:00Z,G21,64202,GPS BIII-8  (PRN 21),-4.762233098997967,4.971568352999839,-57.368854218000024,57.78045335806808
2026-08-17T16:00:00Z,G20,67588,GPS BIII-9  (PRN 20),22.8437286820008,42.56473785100002,-15.0766301750009,50.60531222959668
2026-08-17T16:00:00Z,G13,68791,GPS BIII-10 (PRN 13),26.375355134998244,-2.686248035999597,29.778531687001305,39.870242492890995
2026-08-17T16:15:00Z,G22,26407,GPS BIIR-5  (PRN 22),-34.1744249350013,2.995975981999436,42.89399968399994,54.92506168056384
2026-08-17T16:15:00Z,G16,27663,GPS BIIR-8  (PRN 16),-1.1385221860000456,-4.1343196829998305,-55.41270251899999,55.578380980993344
2026-08-17T16:15:00Z,G19,28190,GPS BIIR-11 (PRN 19),7.472903518002568,24.20787279200158,48.5981664840001,54.80553966260798
2026-08-17T16:15:00Z,G02,28474,GPS BIIR-13 (PRN 02),6.062584278999566,-31.303997582999727,48.723924940999495,58.22985535335442
2026-08-17T16:15:00Z,G17,28874,GPS BIIRM-1 (PRN 17),-4.549337971000568,2.0343419599994377,55.71151813899996,55.933963533230184
2026-08-17T16:15:00Z,G31,29486,GPS BIIRM-2 (PRN 31),22.66590536000149,-41.616742599999725,-9.80059693000294,48.39161322592541
2026-08-17T16:15:00Z,G12,29601,GPS BIIRM-3 (PRN 12),39.51280932500231,6.0966030649997265,39.95114365500012,56.52012516819659
2026-08-17T16:15:00Z,G15,32260,GPS BIIRM-4 (PRN 15),34.774103992000164,38.390365039000244,-1.6637304249998124,51.824959577419875
2026-08-17T16:15:00Z,G29,32384,GPS BIIRM-5 (PRN 29),21.349208509999926,26.993802130000404,-47.153521530000944,58.377295673209545
2026-08-17T16:15:00Z,G07,32711,GPS BIIRM-6 (PRN 07),-16.497254236000117,17.907804506998218,-51.902844263999214,57.33021979969243
2026-08-17T16:15:00Z,G05,35752,GPS BIIRM-8 (PRN 05),14.319732898999064,2.880603997000435,-55.6469785700001,57.532068046058114
2026-08-17T16:15:00Z,G25,36585,GPS BIIF-1  (PRN 25),50.47172638400025,-1.281531451999399,14.290292804998899,52.471420368582116
2026-08-17T16:15:00Z,G24,38833,GPS BIIF-3  (PRN 24),20.32064532000004,71.50180401200123,102.57215885599908,126.67471877044837
2026-08-17T16:15:00Z,G27,39166,GPS BIIF-4  (PRN 27),-19.97714599199753,-36.737476159000835,-31.91137860299932,52.60289536577527
2026-08-17T16:15:00Z,G30,39533,GPS BIIF-5  (PRN 30),-24.375128814000163,38.49570787600169,-28.496390413998597,53.74114528180983
2026-08-17T16:15:00Z,G06,39741,GPS BIIF-6  (PRN 06),-24.695054003001133,42.178520973999184,9.650391360999492,49.819708722409096
2026-08-17T16:15:00Z,G09,40105,GPS BIIF-7  (PRN 09),-21.66987363699991,-22.13334689199837,-49.13450898600058,58.08328883061331
2026-08-17T16:15:00Z,G03,40294,GPS BIIF-8  (PRN 03),-42.36211960599758,-2.511165104000611,38.89015018400096,57.56126222579335
2026-08-17T16:15:00Z,G26,40534,GPS BIIF-9  (PRN 26),22.633292499001982,-8.096949583000423,-46.8966425059989,52.69840225500668
2026-08-17T16:15:00Z,G08,40730,GPS BIIF-10 (PRN 08),-27.593041339001502,-39.56612348300041,-3.7576405789986893,48.383612107084566
2026-08-17T16:15:00Z,G10,41019,GPS BIIF-11 (PRN 10),41.471261421000236,-2.9974977600013517,35.127114200000506,54.43128391550242
2026-08-17T16:15:00Z,G32,41328,GPS BIIF-12 (PRN 32),-1.6633559210022213,-9.99768330599909,55.543123392000325,56.46024247686118
2026-08-17T16:15:00Z,G04,43873,GPS BIII-1  (PRN 04),-24.29022426499978,-37.519308222999825,-26.829484129000775,52.12997892772211
2026-08-17T16:15:00Z,G18,44506,GPS BIII-2  (PRN 18),17.900419099999908,-22.287037903002783,-49.610423005000484,57.25671256001872
2026-08-17T16:15:00Z,G23,45854,GPS BIII-3  (PRN 23),51.96285282200006,-3.2586290590006683,7.381447288000345,52.58557312429456
2026-08-17T16:15:00Z,G14,46826,GPS BIII-4  (PRN 14),-43.16656688100011,3.8736105510015477,26.86776106600155,50.99248905174599
2026-08-17T16:15:00Z,G11,48859,GPS BIII-5  (PRN 11),-21.56755495499965,40.852438613000004,-21.709808333998808,51.043089103862314
2026-08-17T16:15:00Z,G28,55268,GPS BIII-6  (PRN 28),23.06999178499973,-42.81770478600083,16.899041113003477,51.48939652627573
2026-08-17T16:15:00Z,G01,62339,GPS BIII-7  (PRN 01),-0.2693560570005502,-9.669131752001704,56.341426502000104,57.16573275838673
2026-08-17T16:15:00Z,G21,64202,GPS BIII-8  (PRN 21),-10.923115515997779,5.42766203400015,-56.06539131499994,57.3768426373849
2026-08-17T16:15:00Z,G20,67588,GPS BIII-9  (PRN 20),23.853926755997236,39.58385278900005,-22.184011258999817,51.26423293916665
2026-08-17T16:15:00Z,G13,68791,GPS BIII-10 (PRN 13),22.88362177700037,-4.469667118000871,33.8750978019998,41.123719686740344
2026-08-17T16:30:00Z,G22,26407,GPS BIIR-5  (PRN 22),-38.49044578500252,4.672296111999458,37.381247794000956,53.858169801088906
2026-08-17T16:30:00Z,G16,27663,GPS BIIR-8  (PRN 16),4.816728338999383,-4.088442944000008,-55.06978214499986,55.431012466811474
2026-08-17T16:30:00Z,G19,28190,GPS BIIR-11 (PRN 19),5.913700223998603,18.817062474001432,51.82618236900089,55.45274447161955
2026-08-17T16:30:00Z,G02,28474,GPS BIIR-13 (PRN 02),6.395480433000557,-36.39809415699892,43.54552146599963,57.11335980290852
2026-08-17T16:30:00Z,G17,28874,GPS BIIRM-1 (PRN 17),-7.734214703999896,-3.085166863998893,55.00297915700003,55.62970472518854
2026-08-17T16:30:00Z,G31,29486,GPS BIIRM-2 (PRN 31),20.772665255000902,-43.472402901999885,-2.581758625998191,48.249548324031444
2026-08-17T16:30:00Z,G12,29601,GPS BIIRM-3 (PRN 12),34.927241974000935,4.327877488998638,45.415298108999195,57.45600105993681
2026-08-17T16:30:00Z,G15,32260,GPS BIIRM-4 (PRN 15),36.06317351299913,36.27294353900015,-9.369515363003302,52.0006416782498
2026-08-17T16:30:00Z,G29,32384,GPS BIIRM-5 (PRN 29),25.235299239000028,30.320064736002678,-41.809085614999276,57.4815300182555
2026-08-17T16:30:00Z,G07,32711,GPS BIIRM-6 (PRN 07),-13.21554306500002,13.175467649001803,-55.134297919000346,58.20682376915828
2026-08-17T16:30:00Z,G05,35752,GPS BIIRM-8 (PRN 05),8.106930680001824,2.9495065179999074,-57.172226952000074,57.81942103135488
2026-08-17T16:30:00Z,G25,36585,GPS BIIF-1  (PRN 25),48.442860661999475,-3.4245369820000633,21.545123566000257,53.12843449729346
2026-08-17T16:30:00Z,G24,38833,GPS BIIF-3  (PRN 24),17.320666931000233,82.54956146399854,94.49384210800054,126.66302458557057
2026-08-17T16:30:00Z,G27,39166,GPS BIIF-4  (PRN 27),-19.355033883999567,-32.45390124400001,-37.85605902200041,53.48788879067162
2026-08-17T16:30:00Z,G30,39533,GPS BIIF-5  (PRN 30),-21.20709727599933,36.29405650999979,-34.96951009999975,54.6796685200152
2026-08-17T16:30:00Z,G06,39741,GPS BIIF-6  (PRN 06),-21.6165882589994,42.17489147100059,16.98757760100125,50.34457419921067
2026-08-17T16:30:00Z,G09,40105,GPS BIIF-7  (PRN 09),-25.92530172199986,-25.32360374899872,-44.14850021500024,57.11826544501248
2026-08-17T16:30:00Z,G03,40294,GPS BIIF-8  (PRN 03),-37.68123035499957,-0.6927231699992262,44.81836302699958,58.55801098805114
2026-08-17T16:30:00Z,G26,40534,GPS BIIF-9  (PRN 26),27.114579156001128,-10.193738398999812,-42.990635554999244,51.839246240440836
2026-08-17T16:30:00Z,G08,40730,GPS BIIF-10 (PRN 08),-28.938304362000054,-37.446854390000226,-11.017262814999413,48.590867897048305
2026-08-17T16:30:00Z,G10,41019,GPS BIIF-11 (PRN 10),44.92209098299827,-5.638553516999309,28.7048865129982,53.60744401454844
2026-08-17T16:30:00Z,G32,41328,GPS BIIF-12 (PRN 32),1.5248137620001216,-4.795217733000754,56.460834632000115,56.68461005826655
2026-08-17T16:30:00Z,G04,43873,GPS BIII-1  (PRN 04),-27.6810298649998,-38.38631773899942,-19.83677302900105,51.31516703812369
2026-08-17T16:30:00Z,G18,44506,GPS BIII-2  (PRN 18),14.203260088000206,-17.871946686002047,-53.40665067500049,58.081058976194726
2026-08-17T16:30:00Z,G23,45854,GPS BIII-3  (PRN 23),52.2108301799999,-6.148184891999335,-0.41617701100039994,52.57322673048976
2026-08-17T16:30:00Z,G14,46826,GPS BIII-4  (PRN 14),-45.63865505800095,6.244644585998685,20.213072374997864,50.30358552176514
2026-08-17T16:30:00Z,G11,48859,GPS BIII-5  (PRN 11),-20.32343843400122,43.71631697500004,-14.541587347001041,50.354903258866216
2026-08-17T16:30:00Z,G28,55268,GPS BIII-6  (PRN 28),19.95013208400087,-41.82903533900026,24.03575668999838,52.205302098744866
2026-08-17T16:30:00Z,G01,62339,GPS BIII-7  (PRN 01),2.268113821000952,-15.13780986799975,54.56709687199964,56.673324315262455
2026-08-17T16:30:00Z,G21,64202,GPS BIII-8  (PRN 21),-16.83269702600228,6.608465047000209,-53.80012684800022,56.75795229135318
2026-08-17T16:30:00Z,G20,67588,GPS BIII-9  (PRN 20),24.124098772997968,36.01008982800022,-28.914650859001995,52.10331798770585
2026-08-17T16:30:00Z,G13,68791,GPS BIII-10 (PRN 13),18.905330044999573,-5.711448468999151,37.38488065199999,42.28074560705712
2026-08-17T16:45:00Z,G22,26407,GPS BIIR-5  (PRN 22),-42.03874716700011,6.824576254999556,31.257890091001173,52.82884436907903
2026-08-17T16:45:00Z,G16,27663,GPS BIIR-8  (PRN 16),10.645387701002619,-4.768194919000052,-53.81115683400003,55.0608805042526
2026-08-17T16:45:00Z,G19,28190,GPS BIIR-11 (PRN 19),3.592593695000687,13.467690978999599,54.18462470800023,55.948717451877435
2026-08-17T16:45:00Z,G02,28474,GPS BIIR-13 (PRN 02),5.965617379999458,-40.97397762000037,37.656134007997025,55.968204019399025
2026-08-17T16:45:00Z,G17,28874,GPS BIIRM-1 (PRN 17),-11.431667241000468,-7.665916377998656,53.34364816099969,55.09078043509601
2026-08-17T16:45:00Z,G31,29486,GPS BIIRM-2 (PRN 31),18.44656847599981,-44.50545072499972,4.70425453200005,48.40600214309142
2026-08-17T16:45:00Z,G12,29601,GPS BIIRM-3 (PRN 12),29.694438916001673,3.1541285929997684,50.11843602599947,58.34008792768087
2026-08-17T16:45:00Z,G15,32260,GPS BIIRM-4 (PRN 15),36.540112216000125,33.53519836600026,-16.8939797560015,52.394616920071634
2026-08-17T16:45:00Z,G29,32384,GPS BIIRM-5 (PRN 29),29.169629826000005,32.73102884199761,-35.74506053499863,56.56763125580092
2026-08-17T16:45:00Z,G07,32711,GPS BIIRM-6 (PRN 07),-10.411385143000189,7.803191303999483,-57.43507446100011,58.89036010641577
2026-08-17T16:45:00Z,G05,35752,GPS BIIRM-8 (PRN 05),1.8749604889999318,3.791880943000251,-57.708091311000004,57.8629211212147
2026-08-17T16:45:00Z,G25,36585,GPS BIIF-1  (PRN 25),45.54281256899958,-5.185993971999778,28.46040284499759,53.954025246242665
2026-08-17T16:45:00Z,G24,38833,GPS BIIF-3  (PRN 24),15.416296408000562,92.86435169799915,84.65566060899982,126.60185971925995
2026-08-17T16:45:00Z,G27,39166,GPS BIIF-4  (PRN 27),-17.920340107997617,-27.889983396999014,-43.127232439999716,54.39621256489235
2026-08-17T16:45:00Z,G30,39533,GPS BIIF-5  (PRN 30),-18.119010053999773,33.19682256099986,-40.860351524999714,55.67670859731204
2026-08-17T16:45:00Z,G06,39741,GPS BIIF-6  (PRN 06),-18.324412391000806,41.19706031299938,24.037762845000543,51.09594808300225
2026-08-17T16:45:00Z,G09,40105,GPS BIIF-7  (PRN 09),-30.204026401999727,-27.612439476000873,-38.41491368499919,56.12874146223525
2026-08-17T16:45:00Z,G03,40294,GPS BIIF-8  (PRN 03),-32.30789353,0.4648114640003769,49.99353299700124,59.52620746835073
2026-08-17T16:45:00Z,G26,40534,GPS BIIF-9  (PRN 26),30.96423340399997,-12.712916505000067,-38.36699186599981,50.91589202995648
2026-08-17T16:45:00Z,G08,40730,GPS BIIF-10 (PRN 08),-29.598617011997703,-34.69797872700019,-18.063648082999862,49.05428868945856
2026-08-17T16:45:00Z,G10,41019,GPS BIIF-11 (PRN 10),47.462888550999196,-8.595709081000678,21.787880208998104,52.92753279920971
2026-08-17T16:45:00Z,G32,41328,GPS BIIF-12 (PRN 32),5.342595920999884,-0.0013375380003708415,56.41535661099988,56.66776680362815
2026-08-17T16:45:00Z,G04,43873,GPS BIII-1  (PRN 04),-30.766294241999276,-38.32019942399893,-12.51090006099912,50.71020770630538
2026-08-17T16:45:00Z,G18,44506,GPS BIII-2  (PRN 18),10.943829855000331,-12.754339527000411,-56.27256784400015,58.728549108783554
2026-08-17T16:45:00Z,G23,45854,GPS BIII-3  (PRN 23),51.421796509000046,-8.908443512000304,-8.230729619997874,52.83281586378886
2026-08-17T16:45:00Z,G14,46826,GPS BIII-4  (PRN 14),-47.219007646001046,8.793222026000876,13.199868924999464,49.81156468440656
2026-08-17T16:45:00Z,G11,48859,GPS BIII-5  (PRN 11),-18.482176282999717,45.809363403000134,-7.131292026002484,49.90935725396724
2026-08-17T16:45:00Z,G28,55268,GPS BIII-6  (PRN 28),16.766094386000077,-39.88196037899979,30.76175268699808,53.08444322971096
2026-08-17T16:45:00Z,G01,62339,GPS BIII-7  (PRN 01),4.043140317000507,-20.68149051599903,51.85120406100032,55.96979896481502
2026-08-17T16:45:00Z,G21,64202,GPS BIII-8  (PRN 21),-22.32348788300078,8.455224693999753,-50.612622930000725,55.95950800125874
2026-08-17T16:45:00Z,G20,67588,GPS BIII-9  (PRN 20),23.581238548998954,31.99087251600031,-35.15368754800147,53.05914138074882
2026-08-17T16:45:00Z,G13,68791,GPS BIII-10 (PRN 13),14.569037670000398,-6.340110512999672,40.24821505699947,43.270921820795756
2026-08-17T17:00:00Z,G22,26407,GPS BIIR-5  (PRN 22),-44.72772923499906,9.317831387999831,24.630434662998596,51.90423928719914
2026-08-17T17:00:00Z,G16,27663,GPS BIIR-8  (PRN 16),16.188217077000445,-6.138637573999858,-51.663267259999884,54.48701154747972
2026-08-17T17:00:00Z,G19,28190,GPS BIIR-11 (PRN 19),0.549945206999837,8.319473149997066,55.639119105999725,56.26035591885149
2026-08-17T17:00:00Z,G02,28474,GPS BIIR-13 (PRN 02),4.8584359680007765,-44.88807330000054,31.166183153996826,54.86232311003482
2026-08-17T17:00:00Z,G17,28874,GPS BIIRM-1 (PRN 17),-15.516467571000248,-11.590243727998313,50.77200490699943,54.34050973107154
2026-08-17T17:00:00Z,G31,29486,GPS BIIRM-2 (PRN 31),15.829172577001373,-44.64960673299902,11.93872504599858,48.853692200364115
2026-08-17T17:00:00Z,G12,29601,GPS BIIRM-3 (PRN 12),23.961764118001156,2.6662891340001806,53.9783490030004,59.11799555535124
2026-08-17T17:00:00Z,G15,32260,GPS BIIRM-4 (PRN 15),36.13426521200017,30.32592566600033,-24.094474351997633,52.97065776644666
2026-08-17T17:00:00Z,G29,32384,GPS BIIRM-5 (PRN 29),32.979612997000004,34.19918324199898,-29.06953880400033,55.69808878344926
2026-08-17T17:00:00Z,G07,32711,GPS BIIRM-6 (PRN 07),-8.193539848999535,1.92814429200007,-58.74987047400009,59.34980300202945
2026-08-17T17:00:00Z,G05,35752,GPS BIIRM-8 (PRN 05),-4.193168981000781,5.3875483300007545,-57.25085010700013,57.65646694938494
2026-08-17T17:00:00Z,G25,36585,GPS BIIF-1  (PRN 25),41.860741915999824,-6.433839651999733,34.91781789599918,54.89052753475548
2026-08-17T17:00:00Z,G24,38833,GPS BIIF-3  (PRN 24),14.523251000999153,102.14609503500105,73.22606048200032,126.51800458532003
2026-08-17T17:00:00Z,G27,39166,GPS BIIF-4  (PRN 27),-15.668010125002183,-23.216379068000606,-47.6408254199996,55.26422934417115
2026-08-17T17:00:00Z,G30,39533,GPS BIIF-5  (PRN 30),-15.262749906999943,29.259598142001778,-46.064600457999404,56.66588950603511
2026-08-17T17:00:00Z,G06,39741,GPS BIIF-6  (PRN 06),-14.988684244999604,39.23974992899821,30.676874423999834,52.01431778186146
2026-08-17T17:00:00Z,G09,40105,GPS BIIF-7  (PRN 09),-34.33311746300001,-28.981965753999248,-32.032952683002804,55.179954252297435
2026-08-17T17:00:00Z,G03,40294,GPS BIIF-8  (PRN 03),-26.40006810700288,0.8650037730003532,54.32435454199913,60.40568950013332
2026-08-17T17:00:00Z,G26,40534,GPS BIIF-9  (PRN 26),34.090056161003304,-15.533177597000758,-33.09944151500167,49.989844607933534
2026-08-17T17:00:00Z,G08,40730,GPS BIIF-10 (PRN 08),-29.49486487699687,-31.455619907000028,-24.777199492000364,49.73241088578296
2026-08-17T17:00:00Z,G10,41019,GPS BIIF-11 (PRN 10),49.03034043000116,-11.706164105000425,14.486234783998952,52.44863734123269
2026-08-17T17:00:00Z,G32,41328,GPS BIIF-12 (PRN 32),9.679786937000245,4.248127917999227,55.41190106300019,56.411201417529895
2026-08-17T17:00:00Z,G04,43873,GPS BIII-1  (PRN 04),-33.387726782000755,-37.374999432999175,-4.978154570002516,50.36281272138259
2026-08-17T17:00:00Z,G18,44506,GPS BIII-2  (PRN 18),8.248407815999599,-7.06990947200029,-58.15461893800011,59.16062504119885
2026-08-17T17:00:00Z,G23,45854,GPS BIII-3  (PRN 23),49.62869509800021,-11.369113908000145,-15.927891072999046,53.347557040755625
2026-08-17T17:00:00Z,G14,46826,GPS BIII-4  (PRN 14),-47.87070305500038,11.365679025000645,5.944272696000553,49.55922970107364
2026-08-17T17:00:00Z,G11,48859,GPS BIII-5  (PRN 11),-16.176057717999356,47.03585172200019,0.39264190399990184,49.74123398323378
2026-08-17T17:00:00Z,G28,55268,GPS BIII-6  (PRN 28),13.682578119999562,-37.00355340799797,36.96035433900033,54.06055587665474
2026-08-17T17:00:00Z,G01,62339,GPS BIII-7  (PRN 01),5.034135844000048,-26.127028416998655,48.242735355999685,55.09378959762637
2026-08-17T17:00:00Z,G21,64202,GPS BIII-8  (PRN 21),-27.2432566589996,10.879281886000172,-46.5581103530003,55.02918723173486
2026-08-17T17:00:00Z,G20,67588,GPS BIII-9  (PRN 20),22.182990582001366,27.68668921799963,-40.79424603000007,54.06300343276754
2026-08-17T17:00:00Z,G13,68791,GPS BIII-10 (PRN 13),10.015385263999633,-6.309723689999373,42.41688693699962,44.03762995957763
2026-08-17T17:15:00Z,G22,26407,GPS BIIR-5  (PRN 22),-46.49543259299935,12.002859567000996,17.611827728997014,51.14753528520374
2026-08-17T17:15:00Z,G16,27663,GPS BIIR-8  (PRN 16),21.296915776998503,-8.136054218000027,-48.665258024999275,53.74068606270821
2026-08-17T17:15:00Z,G19,28190,GPS BIIR-11 (PRN 19),-3.145125585000642,3.5214617590027046,56.16850778600002,56.366601589695726
2026-08-17T17:15:00Z,G02,28474,GPS BIIR-13 (PRN 02),3.185803444999692,-48.01999803099898,24.192952759000036,53.86435294038651
2026-08-17T17:15:00Z,G17,28874,GPS BIIRM-1 (PRN 17),-19.846104057998673,-14.768419067997456,47.341456083000594,53.415236703655786
2026-08-17T17:15:00Z,G31,29486,GPS BIIRM-2 (PRN 31),13.072097832000509,-43.8680305479993,19.00202184400041,49.56168560540956
2026-08-17T17:15:00Z,G12,29601,GPS BIIRM-3 (PRN 12),17.89349115600271,2.9261724339994544,56.92624199399961,59.743924698858294
2026-08-17T17:15:00Z,G15,32260,GPS BIIRM-4 (PRN 15),34.80930518399691,26.808832435000113,-30.8363495779995,53.677571472796146
2026-08-17T17:15:00Z,G29,32384,GPS BIIRM-5 (PRN 29),36.49360706399966,34.732481899998675,-21.901124536998395,54.934396433022314
2026-08-17T17:15:00Z,G07,32711,GPS BIIRM-6 (PRN 07),-6.644874487999914,-4.289716964998661,-59.03993318200003,59.567354639400406
2026-08-17T17:15:00Z,G05,35752,GPS BIIRM-8 (PRN 05),-9.922825189998548,7.683448568000131,-55.81414855100047,57.20766574613512
2026-08-17T17:15:00Z,G25,36585,GPS BIIF-1  (PRN 25),37.51219591100016,-7.05585299899758,40.80494060300043,55.874798265614466
2026-08-17T17:15:00Z,G24,38833,GPS BIIF-3  (PRN 24),14.5065985429992,110.12366424399988,60.40820946999884,126.43897579142367
2026-08-17T17:15:00Z,G27,39166,GPS BIIF-4  (PRN 27),-12.624911791001068,-18.602218320000247,-51.326987793001535,56.034726733146826
2026-08-17T17:15:00Z,G30,39533,GPS BIIF-5  (PRN 30),-12.778228316999957,24.56893556599971,-50.48837898599959,57.58465183016695
2026-08-17T17:15:00Z,G06,39741,GPS BIIF-6  (PRN 06),-11.778662031999374,36.33338114300204,36.78758285499862,53.02996998735817
2026-08-17T17:15:00Z,G09,40105,GPS BIIF-7  (PRN 09),-38.14156083600005,-29.448756677000347,-25.111918370999774,54.33798282140423
2026-08-17T17:15:00Z,G03,40294,GPS BIIF-8  (PRN 03),-20.133985708998807,0.4431353229992965,57.73288551600035,61.14458127625261
2026-08-17T17:15:00Z,G26,40534,GPS BIIF-9  (PRN 26),36.42449914600002,-18.51853826399929,-27.2716994959992,49.12663219550313
2026-08-17T17:15:00Z,G08,40730,GPS BIIF-10 (PRN 08),-28.57635505199869,-27.870194116999983,-31.045896498999355,50.568799447917804
2026-08-17T17:15:00Z,G10,41019,GPS BIIF-11 (PRN 10),49.59349898799974,-14.798712117000832,6.91709978200015,52.21458887694841
2026-08-17T17:15:00Z,G32,41328,GPS BIIF-12 (PRN 32),14.403894060998937,7.840908942998794,53.471366578000016,55.929769004455366
2026-08-17T17:15:00Z,G04,43873,GPS BIII-1  (PRN 04),-35.402220295000006,-35.635855010999876,2.6323610689978523,50.30070266883248
2026-08-17T17:15:00Z,G18,44506,GPS BIII-2  (PRN 18),6.216885271999672,-0.9774742840018007,-59.01729822700008,59.35188799419744
2026-08-17T17:15:00Z,G23,45854,GPS BIII-3  (PRN 23),46.899291562000144,-13.370375887998307,-23.37369121499796,54.0799402867453
2026-08-17T17:15:00Z,G14,46826,GPS BIII-4  (PRN 14),-47.588269947999834,13.805183017000672,-1.4322056850032823,49.570936322614926
2026-08-17T17:15:00Z,G11,48859,GPS BIII-5  (PRN 11),-13.554000385998734,47.329815582000265,7.900281439000537,49.86217821460696
2026-08-17T17:15:00Z,G28,55268,GPS BIII-6  (PRN 28),10.857266076000087,-33.254463196997676,42.52379579100125,55.06371543621363
2026-08-17T17:15:00Z,G01,62339,GPS BIII-7  (PRN 01),5.252692328000194,-31.30242873899988,43.805910213999596,54.09612362572564
2026-08-17T17:15:00Z,G21,64202,GPS BIII-8  (PRN 21),-31.460612284998206,13.765802693000296,-41.706488144000105,54.024981281211154
2026-08-17T17:15:00Z,G20,67588,GPS BIII-9  (PRN 20),19.919617679999646,23.265109336999558,-45.739247040999544,55.04666384857019
2026-08-17T17:15:00Z,G13,68791,GPS BIII-10 (PRN 13),5.391818389998662,-5.60159808500066,43.85487962299976,44.538747999965274
2026-08-17T17:30:00Z,G22,26407,GPS BIIR-5  (PRN 22),-47.31144695799958,14.722210730998995,10.319668476000516,50.61237061748944
2026-08-17T17:30:00Z,G16,27663,GPS BIIR-8  (PRN 16),25.838983876001294,-10.670713927000179,-44.86817452900141,52.864641387425124
2026-08-17T17:30:00Z,G19,28190,GPS BIIR-11 (PRN 19),-7.397236651999265,-0.792824615000427,55.764977822999754,56.25904756175211
2026-08-17T17:30:00Z,G02,28474,GPS BIIR-13 (PRN 02),1.080852151999352,-50.276513079000324,16.858286581998982,53.038644734176415
2026-08-17T17:30:00Z,G17,28874,GPS BIIRM-1 (PRN 17),-24.26665505800156,-17.141263822999463,43.11883217099967,52.36341433619984
2026-08-17T17:30:00Z,G31,29486,GPS BIIRM-2 (PRN 31),10.331450575000417,-42.15527368199946,25.77530058100092,50.47942244349572
2026-08-17T17:30:00Z,G12,29601,GPS BIIRM-3 (PRN 12),11.664966342999833,3.9639232540012017,58.90801898399968,60.18254587474841
2026-08-17T17:30:00Z,G15,32260,GPS BIIRM-4 (PRN 15),32.564714362000814,23.155375102000107,-36.99605436499951,54.45493601291831
2026-08-17T17:30:00Z,G29,32384,GPS BIIRM-5 (PRN 29),39.547917415000484,34.37366731400107,-14.366624711998156,54.332188268950844
2026-08-17T17:30:00Z,G07,32711,GPS BIIRM-6 (PRN 07),-5.81855313899996,-10.673304562998965,-58.284847508999974,59.539049707509456
2026-08-17T17:30:00Z,G05,35752,GPS BIIRM-8 (PRN 05),-15.154111872001522,10.59615909600052,-53.42829672500011,56.53767403379405
2026-08-17T17:30:00Z,G25,36585,GPS BIIF-1  (PRN 25),32.63528161300019,-6.964273713998409,46.017277500999626,56.84322776661547
2026-08-17T17:30:00Z,G24,38833,GPS BIIF-3  (PRN 24),15.18693003000044,116.56648446799954,46.43587229300101,126.39097428446544
2026-08-17T17:30:00Z,G27,39166,GPS BIIF-4  (PRN 27),-8.84850002299936,-14.208990160999747,-54.13071365899941,56.65973451477683
2026-08-17T17:30:00Z,G30,39533,GPS BIIF-5  (PRN 30),-10.787920317000044,19.239601555000263,-54.0502031190008,58.37778644284446
2026-08-17T17:30:00Z,G06,39741,GPS BIIF-6  (PRN 06),-8.85602921499958,32.5432555840016,42.26156460300081,54.0697011287855
2026-08-17T17:30:00Z,G09,40105,GPS BIIF-7  (PRN 09),-41.46687744100018,-29.062779145000604,-17.769365015999938,53.66467543375115
2026-08-17T17:30:00Z,G03,40294,GPS BIIF-8  (PRN 03),-13.697814111998014,-0.8310391140003048,60.15612371299994,61.70153934570518
2026-08-17T17:30:00Z,G26,40534,GPS BIIF-9  (PRN 26),37.92703789599909,-21.523439935999704,-20.97654316900298,48.3914665366135
2026-08-17T17:30:00Z,G08,40730,GPS BIIF-10 (PRN 08),-26.82259832300042,-24.10052471899985,-36.766930925999986,51.498488154948795
2026-08-17T17:30:00Z,G10,41019,GPS BIIF-11 (PRN 10),49.15518416800023,-17.700166118000197,-0.7967796619996079,52.250960460307326
2026-08-17T17:30:00Z,G32,41328,GPS BIIF-12 (PRN 32),19.365286960999583,10.691973701003008,50.629734977001135,55.25126880485345
2026-08-17T17:30:00Z,G04,43873,GPS BIII-1  (PRN 04),-36.687511950000044,-33.21547967400056,10.190893585000595,50.52816971864454
2026-08-17T17:30:00Z,G18,44506,GPS BIII-2  (PRN 18),4.9188825640003415,5.347178021002037,-58.84400988900006,59.29085273702387
2026-08-17T17:30:00Z,G23,45854,GPS BIII-3  (PRN 23),43.33404326800064,-14.769419232998189,-30.43691566399866,54.97618471274971
2026-08-17T17:30:00Z,G14,46826,GPS BIII-4  (PRN 14),-46.3982709039999,15.957930086000488,-8.804531191999558,49.849522013972575
2026-08-17T17:30:00Z,G11,48859,GPS BIII-5  (PRN 11),-10.775559155001247,46.65772091500003,15.262414819000696,50.25929667426927
2026-08-17T17:30:00Z,G28,55268,GPS BIII-6  (PRN 28),8.434726053999839,-28.726875637003104,47.35519749299965,56.02582187769195
2026-08-17T17:30:00Z,G01,62339,GPS BIII-7  (PRN 01),4.7426675309998245,-36.04345590900084,38.618882226001006,53.03811529041567
2026-08-17T17:30:00Z,G21,64202,GPS BIII-8  (PRN 21),-34.869793764999486,16.978464717999486,-36.1411018889994,53.01273457524132
2026-08-17T17:30:00Z,G20,67588,GPS BIII-9  (PRN 20),16.814651492997655,18.894574154999646,-49.90308031699897,55.9468932332672
2026-08-17T17:30:00Z,G13,68791,GPS BIII-10 (PRN 13),0.8470630060000985,-4.224839292999604,44.53887551699995,44.74682351973853
2026-08-17T17:45:00Z,G22,26407,GPS BIIR-5  (PRN 22),-47.177376783,17.316077126999517,2.874452684998687,50.33700314313159
2026-08-17T17:45:00Z,G16,27663,GPS BIIR-8  (PRN 16),29.701949353999225,-13.629838311000185,-40.33416953100095,51.91168962350454
2026-08-17T17:45:00Z,G19,28190,GPS BIIR-11 (PRN 19),-12.087598453999817,-4.510205798000243,54.43412425799943,55.942165460954186
2026-08-17T17:45:00Z,G02,28474,GPS BIIR-13 (PRN 02),-1.3075133319998713,-51.593991165999796,9.286464556997089,52.439373942858865
2026-08-17T17:45:00Z,G17,28874,GPS BIIRM-1 (PRN 17),-28.618396239000504,-18.681791868999426,38.18274628000108,51.243966124920384
2026-08-17T17:45:00Z,G31,29486,GPS BIIRM-2 (PRN 31),7.76167598199936,-39.53786102000049,32.14235820899921,51.54238313584306
2026-08-17T17:45:00Z,G12,29601,GPS BIIRM-3 (PRN 12),5.456040341003245,5.776037753999844,59.88536654900008,60.41016565981577
2026-08-17T17:45:00Z,G15,32260,GPS BIIRM-4 (PRN 15),29.435563318998902,19.53691671699994,-42.46377692999886,55.23871698251588
2026-08-17T17:45:00Z,G29,32384,GPS BIIRM-5 (PRN 29),41.993008995999844,33.19811465499879,-6.598614867001743,53.93578903981646
2026-08-17T17:45:00Z,G07,32711,GPS BIIRM-6 (PRN 07),-5.734665718000542,-17.034963615999004,-56.48396129699995,59.2749041340145
2026-08-17T17:45:00Z,G05,35752,GPS BIIRM-8 (PRN 05),-19.747681278000528,14.014884023999912,-50.13932236300025,55.680692677844064
2026-08-17T17:45:00Z,G25,36585,GPS BIIF-1  (PRN 25),27.385484185997484,-6.099955169996974,50.460304778000136,57.735747639275914
2026-08-17T17:45:00Z,G24,38833,GPS BIIF-3  (PRN 24),16.348402912000893,121.29411075200005,31.568274958000984,126.39654886394456
2026-08-17T17:45:00Z,G27,39166,GPS BIIF-4  (PRN 27),-4.424683201999869,-10.184307088000423,-56.012187685999834,57.102216258849595
2026-08-17T17:45:00Z,G30,39533,GPS BIIF-5  (PRN 30),-9.391370579000068,13.410589889997937,-56.6827960239998,58.9998400645984
2026-08-17T17:45:00Z,G06,39741,GPS BIIF-6  (PRN 06),-6.368001750000076,27.967176139998628,47.00162228699992,55.06239084114964
2026-08-17T17:45:00Z,G09,40105,GPS BIIF-7  (PRN 09),-44.16096509399995,-27.905095477999566,-10.129186868998659,53.2117056510769
2026-08-17T17:45:00Z,G03,40294,GPS BIIF-8  (PRN 03),-7.2844818030025635,-2.9512773620008375,61.547377315000176,62.04718662083505
2026-08-17T17:45:00Z,G26,40534,GPS BIIF-9  (PRN 26),38.585476074000326,-24.397788842999944,-14.314767076000862,47.843532694869246
2026-08-17T17:45:00Z,G08,40730,GPS BIIF-10 (PRN 08),-24.243912644000375,-20.307301339000333,-41.848095326000475,52.45394999784963
2026-08-17T17:45:00Z,G10,41019,GPS BIIF-11 (PRN 10),47.751916015999996,-20.24178017000122,-8.52863433300081,52.561513973969696
2026-08-17T17:45:00Z,G32,41328,GPS BIIF-12 (PRN 32),24.40240509299838,12.746566216002975,46.937296267999045,54.415642103825796
2026-08-17T17:45:00Z,G04,43873,GPS BIII-1  (PRN 04),-37.146790504999444,-30.24936915699982,17.569164496999292,51.025326263938666
2026-08-17T17:45:00Z,G18,44506,GPS BIII-2  (PRN 18),4.390469656000278,11.718033538996679,-57.63748163800028,58.98023247997696
2026-08-17T17:45:00Z,G23,45854,GPS BIII-3  (PRN 23),39.06226450199938,-15.44655771899852,-36.99159733399938,55.97173328307123
2026-08-17T17:45:00Z,G14,46826,GPS BIII-4  (PRN 14),-44.358300713999995,17.67924019899874,-16.04617495599814,50.375530835575795
2026-08-17T17:45:00Z,G11,48859,GPS BIII-5  (PRN 11),-8.004372133000288,45.019560305001505,22.35273322500143,50.89671370459297
2026-08-17T17:45:00Z,G28,55268,GPS BIII-6  (PRN 28),6.5402713100002074,-23.541080331997364,51.37036589999843,56.884726462431786
2026-08-17T17:45:00Z,G01,62339,GPS BIII-7  (PRN 01),3.5784613889991306,-40.199524380001094,32.77224851500068,51.9887239602957
2026-08-17T17:45:00Z,G21,64202,GPS BIII-8  (PRN 21),-37.39437676000307,20.364425531999586,-29.95734337400063,52.062382413266434
2026-08-17T17:45:00Z,G20,67588,GPS BIII-9  (PRN 20),12.924477304000902,14.737567311998646,-53.213126631000705,56.708684076640694
2026-08-17T17:45:00Z,G13,68791,GPS BIII-10 (PRN 13),-3.4746863629989093,-2.216453585999261,44.45850835899978,44.649132996367946
