path,pattern,compression,requested_compression,effective_compression,size_mib,allocation_bytes,table_bytes,groups,entries,bytes_per_code,base_address,warps,threads,samples,control_p50_cycles,cold_p50_cycles,hot_p50_cycles,cold_net_cycles_per_lookup,hot_net_cycles_per_lookup,cold_p50_us,hot_p50_us,cold_glookups_s,hot_glookups_s,validated_control,validated_cold,validated_hot,mismatches_control,mismatches_cold,mismatches_hot,validation
global_cg,uniform6_63,non_compressible,0,0,248,260046848,260046840,21670570,346729120,0.750000,8669626368,1104,35328,10,36.000000,7148600.000000,7159739.000000,13962.039062,13983.794922,2586.367965,2587.392092,6.993566,6.990798,353280,353280,353280,0,0,0,1
global_cg,uniform6_63,generic_compressible,1,1,248,260046848,260046840,21670570,346729120,0.750000,8929673216,1104,35328,10,36.000000,1718724.500000,1719027.000000,3356.813477,3357.404297,628.399998,627.488017,28.784112,28.825946,353280,353280,353280,0,0,0,1
global_cg,uniform6_62,non_compressible,0,0,248,260046848,260046840,21670570,346729120,0.750000,8669626368,1104,35328,10,36.000000,7150013.000000,7160953.000000,13964.798828,13986.166016,2586.879969,2587.232113,6.992182,6.991230,353280,353280,353280,0,0,0,1
global_cg,uniform6_62,generic_compressible,1,1,248,260046848,260046840,21670570,346729120,0.750000,8929673216,1104,35328,10,36.000000,7151997.000000,7162620.000000,13968.673828,13989.421875,2587.039948,2587.791920,6.991750,6.989718,353280,353280,353280,0,0,0,1
global_cg,uniform6_61,non_compressible,0,0,248,260046848,260046840,21670570,346729120,0.750000,8669626368,1104,35328,10,37.000000,7148031.000000,7161305.000000,13960.925781,13986.851562,2586.448073,2587.648034,6.993350,6.990107,353280,353280,353280,0,0,0,1
global_cg,uniform6_61,generic_compressible,1,1,248,260046848,260046840,21670570,346729120,0.750000,8929673216,1104,35328,10,36.000000,7150674.000000,7161648.000000,13966.089844,13987.523438,2587.359905,2587.471962,6.990885,6.990582,353280,353280,353280,0,0,0,1
global_cg,uniform6_60,non_compressible,0,0,248,260046848,260046840,21670570,346729120,0.750000,8669626368,1104,35328,10,36.000000,7150129.500000,7162182.500000,13965.026367,13988.567383,2586.688042,2587.487936,6.992701,6.990539,353280,353280,353280,0,0,0,1
global_cg,uniform6_60,generic_compressible,1,1,248,260046848,260046840,21670570,346729120,0.750000,8929673216,1104,35328,10,36.000000,7151137.500000,7163683.000000,13966.995117,13991.498047,2587.391973,2589.311957,6.990799,6.985615,353280,353280,353280,0,0,0,1
global_cg,uniform6_59,non_compressible,0,0,248,260046848,260046840,21670570,346729120,0.750000,8669626368,1104,35328,10,36.000000,7147919.500000,7162695.500000,13960.709961,13989.569336,2586.863995,2588.400006,6.992225,6.988076,353280,353280,353280,0,0,0,1
global_cg,uniform6_59,generic_compressible,1,1,248,260046848,260046840,21670570,346729120,0.750000,8929673216,1104,35328,10,36.000000,7148736.500000,7163092.500000,13962.305664,13990.344727,2586.655974,2589.023948,6.992788,6.986392,353280,353280,353280,0,0,0,1
global_cg,uniform6_58,non_compressible,0,0,248,260046848,260046840,21670570,346729120,0.750000,8669626368,1104,35328,10,36.000000,7149222.500000,7162473.000000,13963.254883,13989.134766,2586.608052,2587.280035,6.992917,6.991101,353280,353280,353280,0,0,0,1
global_cg,uniform6_58,generic_compressible,1,1,248,260046848,260046840,21670570,346729120,0.750000,8929673216,1104,35328,10,37.000000,7149819.000000,7163185.500000,13964.417969,13990.524414,2587.455988,2587.919950,6.990626,6.989372,353280,353280,353280,0,0,0,1
global_cg,uniform6_57,non_compressible,0,0,248,260046848,260046840,21670570,346729120,0.750000,8669626368,1104,35328,10,36.000000,7147806.000000,7158395.500000,13960.488281,13981.170898,2587.183952,2587.231994,6.991361,6.991231,353280,353280,353280,0,0,0,1
global_cg,uniform6_57,generic_compressible,1,1,248,260046848,260046840,21670570,346729120,0.750000,8929673216,1104,35328,10,36.000000,7149119.000000,7158233.500000,13963.052734,13980.854492,2588.976026,2589.440107,6.986521,6.985269,353280,353280,353280,0,0,0,1
global_cg,uniform6_56,non_compressible,0,0,248,260046848,260046840,21670570,346729120,0.750000,8669626368,1104,35328,10,36.000000,7146413.500000,7158571.500000,13957.768555,13981.514648,2586.768031,2586.464047,6.992485,6.993307,353280,353280,353280,0,0,0,1
global_cg,uniform6_56,generic_compressible,1,1,248,260046848,260046840,21670570,346729120,0.750000,8929673216,1104,35328,10,36.000000,7147231.000000,7160540.000000,13959.365234,13985.359375,2586.799979,2587.455988,6.992398,6.990626,353280,353280,353280,0,0,0,1
global_cg,uniform6_55,non_compressible,0,0,248,260046848,260046840,21670570,346729120,0.750000,8669626368,1104,35328,10,36.000000,7150256.000000,7162656.500000,13965.273438,13989.493164,2587.087989,2588.383913,6.991620,6.988119,353280,353280,353280,0,0,0,1
global_cg,uniform6_55,generic_compressible,1,1,248,260046848,260046840,21670570,346729120,0.750000,8929673216,1104,35328,10,37.000000,7149637.500000,7162553.000000,13964.063477,13989.289062,2587.472081,2587.856054,6.990582,6.989545,353280,353280,353280,0,0,0,1
global_cg,uniform6_54,non_compressible,0,0,248,260046848,260046840,21670570,346729120,0.750000,8669626368,1104,35328,10,36.000000,7154616.000000,7160832.500000,13973.789062,13985.930664,2586.879969,2587.471962,6.992182,6.990582,353280,353280,353280,0,0,0,1
global_cg,uniform6_54,generic_compressible,1,1,248,260046848,260046840,21670570,346729120,0.750000,8929673216,1104,35328,10,37.000000,7150643.500000,7161620.000000,13966.028320,13987.466797,2587.311983,2587.375998,6.991015,6.990842,353280,353280,353280,0,0,0,1
global_cg,uniform6_53,non_compressible,0,0,248,260046848,260046840,21670570,346729120,0.750000,8669626368,1104,35328,10,36.000000,7139044.000000,7148909.500000,13943.375000,13962.643555,2587.120056,2588.191986,6.991533,6.988638,353280,353280,353280,0,0,0,1
global_cg,uniform6_53,generic_compressible,1,1,248,260046848,260046840,21670570,346729120,0.750000,8929673216,1104,35328,10,36.000000,7146430.500000,7159270.500000,13957.801758,13982.879883,2587.951899,2588.608027,6.989286,6.987514,353280,353280,353280,0,0,0,1
global_cg,uniform6_52,non_compressible,0,0,248,260046848,260046840,21670570,346729120,0.750000,8669626368,1104,35328,10,36.000000,7150872.500000,7160906.000000,13966.477539,13986.074219,2587.264061,2587.216020,6.991144,6.991274,353280,353280,353280,0,0,0,1
global_cg,uniform6_52,generic_compressible,1,1,248,260046848,260046840,21670570,346729120,0.750000,8929673216,1104,35328,10,37.000000,7149818.000000,7168177.000000,13964.416016,14000.273438,2587.791920,2588.143945,6.989718,6.988767,353280,353280,353280,0,0,0,1
global_cg,uniform6_51,non_compressible,0,0,248,260046848,260046840,21670570,346729120,0.750000,8669626368,1104,35328,10,36.000000,7148530.000000,7163681.500000,13961.902344,13991.495117,2587.264061,2587.776065,6.991144,6.989761,353280,353280,353280,0,0,0,1
global_cg,uniform6_51,generic_compressible,1,1,248,260046848,260046840,21670570,346729120,0.750000,8929673216,1104,35328,10,36.000000,7150863.500000,7163458.500000,13966.459961,13991.059570,2587.967992,2588.976026,6.989243,6.986521,353280,353280,353280,0,0,0,1
global_cg,uniform6_50,non_compressible,0,0,248,260046848,260046840,21670570,346729120,0.750000,8669626368,1104,35328,10,36.000000,7145398.500000,7155871.000000,13955.786133,13976.240234,2587.136030,2588.367939,6.991490,6.988163,353280,353280,353280,0,0,0,1
global_cg,uniform6_50,generic_compressible,1,1,248,260046848,260046840,21670570,346729120,0.750000,8929673216,1104,35328,10,37.000000,7144336.000000,7158840.000000,13953.708984,13982.037109,2587.311983,2589.424014,6.991015,6.985313,353280,353280,353280,0,0,0,1
global_cg,uniform6_49,non_compressible,0,0,248,260046848,260046840,21670570,346729120,0.750000,8669626368,1104,35328,10,36.000000,7128250.000000,7138617.000000,13922.292969,13942.541016,2586.959958,2589.311957,6.991966,6.985615,353280,353280,353280,0,0,0,1
global_cg,uniform6_49,generic_compressible,1,1,248,260046848,260046840,21670570,346729120,0.750000,8929673216,1104,35328,10,36.000000,7129308.000000,7147372.000000,13924.359375,13959.640625,2587.023973,2589.312077,6.991793,6.985615,353280,353280,353280,0,0,0,1
global_cg,uniform6_48,non_compressible,0,0,248,260046848,260046840,21670570,346729120,0.750000,8669626368,1104,35328,10,36.000000,7151218.500000,7163141.000000,13967.153320,13990.439453,2587.104082,2587.455988,6.991576,6.990626,353280,353280,353280,0,0,0,1
global_cg,uniform6_48,generic_compressible,1,1,248,260046848,260046840,21670570,346729120,0.750000,8929673216,1104,35328,10,36.000000,7150361.500000,7162224.500000,13965.479492,13988.649414,2587.216020,2587.311983,6.991274,6.991015,353280,353280,353280,0,0,0,1
global_cg,uniform6_47,non_compressible,0,0,248,260046848,260046840,21670570,346729120,0.750000,8669626368,1104,35328,10,36.000000,7131768.500000,7134026.000000,13929.165039,13933.574219,2587.455988,2587.296009,6.990626,6.991058,353280,353280,353280,0,0,0,1
global_cg,uniform6_47,generic_compressible,1,1,248,260046848,260046840,21670570,346729120,0.750000,8929673216,1104,35328,10,37.000000,7124978.000000,7135509.000000,13915.900391,13936.468750,2586.992025,2589.295983,6.991879,6.985658,353280,353280,353280,0,0,0,1
global_cg,uniform6_46,non_compressible,0,0,248,260046848,260046840,21670570,346729120,0.750000,8669626368,1104,35328,10,36.000000,7144568.000000,7163495.000000,13954.164062,13991.130859,2587.056041,2589.215994,6.991706,6.985874,353280,353280,353280,0,0,0,1
global_cg,uniform6_46,generic_compressible,1,1,248,260046848,260046840,21670570,346729120,0.750000,8929673216,1104,35328,10,36.000000,7148280.500000,7161115.000000,13961.415039,13986.482422,2586.767912,2587.471962,6.992485,6.990582,353280,353280,353280,0,0,0,1
global_cg,uniform6_45,non_compressible,0,0,248,260046848,260046840,21670570,346729120,0.750000,8669626368,1104,35328,10,36.000000,7135418.000000,7141952.000000,13936.292969,13949.054688,2586.048007,2587.392092,6.994432,6.990798,353280,353280,353280,0,0,0,1
global_cg,uniform6_45,generic_compressible,1,1,248,260046848,260046840,21670570,346729120,0.750000,8929673216,1104,35328,10,36.000000,7140687.500000,7146631.000000,13946.584961,13958.193359,2588.000059,2588.127971,6.989156,6.988811,353280,353280,353280,0,0,0,1
global_cg,uniform6_44,non_compressible,0,0,248,260046848,260046840,21670570,346729120,0.750000,8669626368,1104,35328,10,36.000000,7146897.500000,7158036.000000,13958.713867,13980.468750,2586.304069,2589.280009,6.993739,6.985701,353280,353280,353280,0,0,0,1
global_cg,uniform6_44,generic_compressible,1,1,248,260046848,260046840,21670570,346729120,0.750000,8929673216,1104,35328,10,39.000000,7146825.500000,7156567.500000,13958.567383,13977.594727,2585.919976,2587.311983,6.994778,6.991015,353280,353280,353280,0,0,0,1
global_cg,uniform6_43,non_compressible,0,0,248,260046848,260046840,21670570,346729120,0.750000,8669626368,1104,35328,10,36.000000,7138867.000000,7151274.500000,13943.029297,13967.262695,2587.984085,2587.567925,6.989199,6.990323,353280,353280,353280,0,0,0,1
global_cg,uniform6_43,generic_compressible,1,1,248,260046848,260046840,21670570,346729120,0.750000,8929673216,1104,35328,10,36.000000,7136458.500000,7148428.000000,13938.325195,13961.703125,2586.096048,2588.367939,6.994302,6.988163,353280,353280,353280,0,0,0,1
global_cg,uniform6_42,non_compressible,0,0,248,260046848,260046840,21670570,346729120,0.750000,8669626368,1104,35328,10,36.000000,9881813.500000,9893819.500000,19300.346680,19323.795898,3574.464083,3574.336052,5.060321,5.060502,353280,353280,353280,0,0,0,1
global_cg,uniform6_42,generic_compressible,1,1,248,260046848,260046840,21670570,346729120,0.750000,8929673216,1104,35328,10,36.000000,8578602.500000,8575878.000000,16755.012695,16749.691406,3105.120063,3100.015998,5.825197,5.834788,353280,353280,353280,0,0,0,1
global_cg,uniform6_41,non_compressible,0,0,248,260046848,260046840,21670570,346729120,0.750000,8669626368,1104,35328,10,36.000000,7167992.500000,7182637.000000,13999.915039,14028.517578,2951.536059,2952.031970,6.128313,6.127283,353280,353280,353280,0,0,0,1
global_cg,uniform6_41,generic_compressible,1,1,248,260046848,260046840,21670570,346729120,0.750000,8929673216,1104,35328,10,36.000000,7169124.500000,7189153.500000,14002.125977,14041.245117,2952.672005,2952.768087,6.125955,6.125756,353280,353280,353280,0,0,0,1
global_cg,uniform6_40,non_compressible,0,0,248,260046848,260046840,21670570,346729120,0.750000,8669626368,1104,35328,10,36.000000,7147103.500000,7162359.000000,13959.116211,13988.912109,2586.863995,2588.208079,6.992225,6.988594,353280,353280,353280,0,0,0,1
global_cg,uniform6_40,generic_compressible,1,1,248,260046848,260046840,21670570,346729120,0.750000,8929673216,1104,35328,10,36.000000,7146420.000000,7162011.000000,13957.781250,13988.232422,2587.216020,2588.271976,6.991274,6.988422,353280,353280,353280,0,0,0,1
global_cg,uniform6_39,non_compressible,0,0,248,260046848,260046840,21670570,346729120,0.750000,8669626368,1104,35328,10,36.000000,9881187.500000,9892413.500000,19299.124023,19321.049805,3573.664069,3574.576020,5.061454,5.060163,353280,353280,353280,0,0,0,1
global_cg,uniform6_39,generic_compressible,1,1,248,260046848,260046840,21670570,346729120,0.750000,8929673216,1104,35328,10,36.000000,9880616.000000,9893212.500000,19298.007812,19322.610352,3573.472023,3574.256063,5.061726,5.060616,353280,353280,353280,0,0,0,1
global_cg,uniform6_38,non_compressible,0,0,248,260046848,260046840,21670570,346729120,0.750000,8669626368,1104,35328,10,36.000000,7124424.500000,7143624.500000,13914.821289,13952.321289,2587.184072,2589.200020,6.991360,6.985917,353280,353280,353280,0,0,0,1
global_cg,uniform6_38,generic_compressible,1,1,248,260046848,260046840,21670570,346729120,0.750000,8929673216,1104,35328,10,36.000000,7132509.000000,7140751.500000,13930.611328,13946.709961,2588.863969,2587.360024,6.986824,6.990885,353280,353280,353280,0,0,0,1
global_cg,uniform6_37,non_compressible,0,0,248,260046848,260046840,21670570,346729120,0.750000,8669626368,1104,35328,10,36.000000,7124876.000000,7135927.500000,13915.703125,13937.288086,2587.072015,2588.447928,6.991663,6.987947,353280,353280,353280,0,0,0,1
global_cg,uniform6_37,generic_compressible,1,1,248,260046848,260046840,21670570,346729120,0.750000,8929673216,1104,35328,10,36.000000,7125308.500000,7136347.000000,13916.547852,13938.107422,2589.136004,2587.391973,6.986090,6.990799,353280,353280,353280,0,0,0,1
global_cg,uniform6_36,non_compressible,0,0,248,260046848,260046840,21670570,346729120,0.750000,8669626368,1104,35328,10,36.000000,8640313.500000,8652615.000000,16875.541992,16899.568359,3573.248029,3573.408008,5.062043,5.061817,353280,353280,353280,0,0,0,1
global_cg,uniform6_36,generic_compressible,1,1,248,260046848,260046840,21670570,346729120,0.750000,8929673216,1104,35328,10,36.000000,7835348.500000,8639858.500000,15303.344727,16874.653320,3082.175970,3464.928031,5.868560,5.220292,353280,353280,353280,0,0,0,1
global_cg,uniform6_35,non_compressible,0,0,248,260046848,260046840,21670570,346729120,0.750000,8669626368,1104,35328,10,36.000000,7143721.500000,7168722.500000,13952.510742,14001.340820,2586.640000,2587.584019,6.992831,6.990280,353280,353280,353280,0,0,0,1
global_cg,uniform6_35,generic_compressible,1,1,248,260046848,260046840,21670570,346729120,0.750000,8929673216,1104,35328,10,36.000000,7144907.000000,7157378.500000,13954.826172,13979.184570,2587.520003,2587.280035,6.990453,6.991101,353280,353280,353280,0,0,0,1
global_cg,uniform6_34,non_compressible,0,0,248,260046848,260046840,21670570,346729120,0.750000,8669626368,1104,35328,10,36.000000,7149599.000000,7162640.500000,13963.990234,13989.461914,2587.327957,2589.327931,6.990971,6.985572,353280,353280,353280,0,0,0,1
global_cg,uniform6_34,generic_compressible,1,1,248,260046848,260046840,21670570,346729120,0.750000,8929673216,1104,35328,10,36.000000,7148858.500000,7163240.500000,13962.543945,13990.633789,2587.168097,2588.559985,6.991403,6.987644,353280,353280,353280,0,0,0,1
global_cg,uniform6_33,non_compressible,0,0,248,260046848,260046840,21670570,346729120,0.750000,8669626368,1104,35328,10,36.000000,8166414.000000,8179407.500000,15949.957031,15975.334961,2952.095985,2953.952074,6.127150,6.123300,353280,353280,353280,0,0,0,1
global_cg,uniform6_33,generic_compressible,1,1,248,260046848,260046840,21670570,346729120,0.750000,8929673216,1104,35328,10,36.000000,8163608.500000,8175196.000000,15944.477539,15967.109375,2951.776028,2953.024030,6.127815,6.125225,353280,353280,353280,0,0,0,1
global_cg,uniform6_32,non_compressible,0,0,248,260046848,260046840,21670570,346729120,0.750000,8669626368,1104,35328,10,36.000000,9859017.000000,9866659.000000,19255.822266,19270.748047,3573.328018,3573.647976,5.061930,5.061477,353280,353280,353280,0,0,0,1
global_cg,uniform6_32,generic_compressible,1,1,248,260046848,260046840,21670570,346729120,0.750000,8929673216,1104,35328,10,36.000000,8669127.000000,8679249.500000,16931.818359,16951.588867,3573.264003,3574.544072,5.062021,5.060208,353280,353280,353280,0,0,0,1
global_cg,uniform6_31,non_compressible,0,0,248,260046848,260046840,21670570,346729120,0.750000,8669626368,1104,35328,10,36.000000,8156071.500000,8169180.000000,15929.756836,15955.359375,2951.903939,2952.960014,6.127549,6.125358,353280,353280,353280,0,0,0,1
global_cg,uniform6_31,generic_compressible,1,1,248,260046848,260046840,21670570,346729120,0.750000,8929673216,1104,35328,10,36.000000,8158683.000000,8171048.500000,15934.857422,15959.008789,2952.895999,2952.912092,6.125490,6.125457,353280,353280,353280,0,0,0,1
global_cg,uniform6_30,non_compressible,0,0,248,260046848,260046840,21670570,346729120,0.750000,8669626368,1104,35328,10,36.000000,9853670.500000,9865364.500000,19245.379883,19268.219727,3573.887944,3574.399948,5.061137,5.060412,353280,353280,353280,0,0,0,1
global_cg,uniform6_30,generic_compressible,1,1,248,260046848,260046840,21670570,346729120,0.750000,8929673216,1104,35328,10,36.000000,9855654.000000,9869536.500000,19249.253906,19276.368164,3573.776007,3574.560046,5.061295,5.060185,353280,353280,353280,0,0,0,1
global_cg,uniform6_29,non_compressible,0,0,248,260046848,260046840,21670570,346729120,0.750000,8669626368,1104,35328,10,36.000000,9895287.500000,9888556.000000,19326.663086,19313.515625,3573.567986,3574.319959,5.061590,5.060525,353280,353280,353280,0,0,0,1
global_cg,uniform6_29,generic_compressible,1,1,248,260046848,260046840,21670570,346729120,0.750000,8929673216,1104,35328,10,36.000000,9880756.500000,9889038.500000,19298.282227,19314.458008,3573.455930,3574.368000,5.061749,5.060457,353280,353280,353280,0,0,0,1
global_cg,uniform6_28,non_compressible,0,0,248,260046848,260046840,21670570,346729120,0.750000,8669626368,1104,35328,10,36.000000,8163004.500000,8175874.000000,15943.297852,15968.433594,2951.999903,2952.831984,6.127350,6.125623,353280,353280,353280,0,0,0,1
global_cg,uniform6_28,generic_compressible,1,1,248,260046848,260046840,21670570,346729120,0.750000,8929673216,1104,35328,10,36.000000,8160764.500000,8177979.000000,15938.922852,15972.544922,2952.800035,2952.944040,6.125689,6.125391,353280,353280,353280,0,0,0,1
global_cg,uniform6_27,non_compressible,0,0,248,260046848,260046840,21670570,346729120,0.750000,8669626368,1104,35328,10,36.000000,8161336.500000,8177536.500000,15940.040039,15971.680664,2951.792002,2953.056097,6.127781,6.125158,353280,353280,353280,0,0,0,1
global_cg,uniform6_27,generic_compressible,1,1,248,260046848,260046840,21670570,346729120,0.750000,8929673216,1104,35328,10,36.000000,8163590.500000,8175937.500000,15944.442383,15968.557617,2952.127934,2952.960014,6.127084,6.125358,353280,353280,353280,0,0,0,1
global_cg,uniform6_26,non_compressible,0,0,248,260046848,260046840,21670570,346729120,0.750000,8669626368,1104,35328,10,36.000000,9857423.000000,9866200.000000,19252.708984,19269.851562,3574.128032,3574.223995,5.060797,5.060661,353280,353280,353280,0,0,0,1
global_cg,uniform6_26,generic_compressible,1,1,248,260046848,260046840,21670570,346729120,0.750000,8929673216,1104,35328,10,36.000000,9855774.000000,9867553.500000,19249.488281,19272.495117,3574.512005,3574.272037,5.060253,5.060593,353280,353280,353280,0,0,0,1
global_cg,uniform6_25,non_compressible,0,0,248,260046848,260046840,21670570,346729120,0.750000,8669626368,1104,35328,10,36.000000,9878695.500000,9893895.500000,19294.256836,19323.944336,3573.824048,3574.496031,5.061227,5.060276,353280,353280,353280,0,0,0,1
global_cg,uniform6_25,generic_compressible,1,1,248,260046848,260046840,21670570,346729120,0.750000,8929673216,1104,35328,10,36.000000,9880470.500000,9893324.500000,19297.723633,19322.829102,3573.184013,3575.359941,5.062134,5.059053,353280,353280,353280,0,0,0,1
global_cg,uniform6_24,non_compressible,0,0,248,260046848,260046840,21670570,346729120,0.750000,8669626368,1104,35328,10,36.000000,8164387.500000,8175897.000000,15945.999023,15968.478516,2952.000022,2952.991962,6.127350,6.125291,353280,353280,353280,0,0,0,1
global_cg,uniform6_24,generic_compressible,1,1,248,260046848,260046840,21670570,346729120,0.750000,8929673216,1104,35328,10,36.000000,8163597.500000,8175754.500000,15944.456055,15968.200195,2952.399969,2952.768087,6.126520,6.125756,353280,353280,353280,0,0,0,1
global_cg,uniform6_23,non_compressible,0,0,248,260046848,260046840,21670570,346729120,0.750000,8669626368,1104,35328,10,36.000000,9885689.000000,9892106.000000,19307.916016,19320.449219,3574.191928,3574.831963,5.060706,5.059800,353280,353280,353280,0,0,0,1
global_cg,uniform6_23,generic_compressible,1,1,248,260046848,260046840,21670570,346729120,0.750000,8929673216,1104,35328,10,36.000000,9880676.000000,9886090.500000,19298.125000,19308.700195,3575.455904,3574.720025,5.058917,5.059959,353280,353280,353280,0,0,0,1
global_cg,uniform6_22,non_compressible,0,0,248,260046848,260046840,21670570,346729120,0.750000,8669626368,1104,35328,10,36.000000,9889426.500000,9900122.500000,19315.215820,19336.106445,3573.920012,3574.720025,5.061091,5.059959,353280,353280,353280,0,0,0,1
global_cg,uniform6_22,generic_compressible,1,1,248,260046848,260046840,21670570,346729120,0.750000,8929673216,1104,35328,10,36.000000,9889883.500000,9901315.000000,19316.108398,19338.435547,3574.895978,3574.479938,5.059710,5.060299,353280,353280,353280,0,0,0,1
global_cg,uniform6_21,non_compressible,0,0,248,260046848,260046840,21670570,346729120,0.750000,8669626368,1104,35328,10,36.000000,8166621.000000,8176851.000000,15950.361328,15970.341797,2951.936007,2952.912092,6.127482,6.125457,353280,353280,353280,0,0,0,1
global_cg,uniform6_21,generic_compressible,1,1,248,260046848,260046840,21670570,346729120,0.750000,8929673216,1104,35328,10,36.000000,7082846.500000,7083162.000000,13833.614258,13834.230469,2564.383984,2560.656071,7.053521,7.063790,353280,353280,353280,0,0,0,1
global_cg,uniform6_20,non_compressible,0,0,248,260046848,260046840,21670570,346729120,0.750000,8669626368,1104,35328,10,36.000000,8157349.500000,8169629.500000,15932.252930,15956.237305,2953.760028,2953.792095,6.123699,6.123632,353280,353280,353280,0,0,0,1
global_cg,uniform6_20,generic_compressible,1,1,248,260046848,260046840,21670570,346729120,0.750000,8929673216,1104,35328,10,36.000000,8156648.500000,8169585.500000,15930.883789,15956.151367,2952.448010,2953.984022,6.126420,6.123234,353280,353280,353280,0,0,0,1
global_cg,uniform6_19,non_compressible,0,0,248,260046848,260046840,21670570,346729120,0.750000,8669626368,1104,35328,10,36.000000,8632130.000000,8642721.000000,16859.558594,16880.244141,3573.472023,3574.368000,5.061726,5.060457,353280,353280,353280,0,0,0,1
global_cg,uniform6_19,generic_compressible,1,1,248,260046848,260046840,21670570,346729120,0.750000,8929673216,1104,35328,10,36.000000,8662439.500000,8678237.000000,16918.756836,16949.611328,3573.232055,3575.359941,5.062066,5.059053,353280,353280,353280,0,0,0,1
global_cg,uniform6_18,non_compressible,0,0,248,260046848,260046840,21670570,346729120,0.750000,8669626368,1104,35328,10,36.000000,8144641.500000,8157008.000000,15907.432617,15931.585938,2951.775908,2952.640057,6.127815,6.126021,353280,353280,353280,0,0,0,1
global_cg,uniform6_18,generic_compressible,1,1,248,260046848,260046840,21670570,346729120,0.750000,8929673216,1104,35328,10,36.000000,8147031.000000,8156871.000000,15912.099609,15931.318359,2952.831984,2954.831958,6.125623,6.121477,353280,353280,353280,0,0,0,1
global_cg,uniform6_17,non_compressible,0,0,248,260046848,260046840,21670570,346729120,0.750000,8669626368,1104,35328,10,36.000000,8162795.000000,8176219.000000,15942.888672,15969.107422,2952.127934,2953.104019,6.127084,6.125059,353280,353280,353280,0,0,0,1
global_cg,uniform6_17,generic_compressible,1,1,248,260046848,260046840,21670570,346729120,0.750000,8929673216,1104,35328,10,36.000000,8163099.000000,8177753.500000,15943.482422,15972.104492,2952.335954,2952.895999,6.126652,6.125490,353280,353280,353280,0,0,0,1
global_cg,uniform6_16,non_compressible,0,0,248,260046848,260046840,21670570,346729120,0.750000,8669626368,1104,35328,10,36.000000,8641353.000000,8648305.000000,16877.572266,16891.150391,3573.328018,3574.464083,5.061930,5.060321,353280,353280,353280,0,0,0,1
global_cg,uniform6_16,generic_compressible,1,1,248,260046848,260046840,21670570,346729120,0.750000,8929673216,1104,35328,10,36.000000,8647299.500000,8654572.000000,16889.186523,16903.390625,3574.800014,3572.368026,5.059846,5.063290,353280,353280,353280,0,0,0,1
global_cg,uniform6_15,non_compressible,0,0,248,260046848,260046840,21670570,346729120,0.750000,8669626368,1104,35328,10,36.000000,8166946.000000,8180665.500000,15950.996094,15977.791992,2953.824043,2953.072071,6.123566,6.125125,353280,353280,353280,0,0,0,1
global_cg,uniform6_15,generic_compressible,1,1,248,260046848,260046840,21670570,346729120,0.750000,8929673216,1104,35328,10,36.000000,8161633.000000,8176418.000000,15940.619141,15969.496094,2951.856017,2953.920007,6.127648,6.123367,353280,353280,353280,0,0,0,1
global_cg,uniform6_14,non_compressible,0,0,248,260046848,260046840,21670570,346729120,0.750000,8669626368,1104,35328,10,36.000000,9895537.500000,9887823.000000,19327.151367,19312.083984,3574.927926,3574.480057,5.059665,5.060298,353280,353280,353280,0,0,0,1
global_cg,uniform6_14,generic_compressible,1,1,248,260046848,260046840,21670570,346729120,0.750000,8929673216,1104,35328,10,36.000000,9882193.500000,9890759.000000,19301.088867,19317.818359,3573.312044,3574.543953,5.061953,5.060208,353280,353280,353280,0,0,0,1
global_cg,uniform6_13,non_compressible,0,0,248,260046848,260046840,21670570,346729120,0.750000,8669626368,1104,35328,10,36.000000,8149194.500000,8157664.500000,15916.325195,15932.868164,2952.592015,2953.024030,6.126121,6.125225,353280,353280,353280,0,0,0,1
global_cg,uniform6_13,generic_compressible,1,1,248,260046848,260046840,21670570,346729120,0.750000,8929673216,1104,35328,10,36.000000,8149153.500000,8157885.000000,15916.245117,15933.298828,2951.807976,2953.999996,6.127748,6.123201,353280,353280,353280,0,0,0,1
global_cg,uniform6_12,non_compressible,0,0,248,260046848,260046840,21670570,346729120,0.750000,8669626368,1104,35328,10,36.000000,8166113.000000,8179650.500000,15949.369141,15975.809570,2953.007936,2954.064012,6.125258,6.123068,353280,353280,353280,0,0,0,1
global_cg,uniform6_12,generic_compressible,1,1,248,260046848,260046840,21670570,346729120,0.750000,8929673216,1104,35328,10,36.000000,8159126.000000,8176718.500000,15935.722656,15970.083008,2951.776028,2952.991962,6.127815,6.125291,353280,353280,353280,0,0,0,1
global_cg,uniform6_11,non_compressible,0,0,248,260046848,260046840,21670570,346729120,0.750000,8669626368,1104,35328,10,36.000000,9852472.000000,9867261.000000,19243.039062,19271.923828,3573.408008,3574.303985,5.061817,5.060548,353280,353280,353280,0,0,0,1
global_cg,uniform6_11,generic_compressible,1,1,248,260046848,260046840,21670570,346729120,0.750000,8929673216,1104,35328,10,36.000000,9851679.000000,9889342.000000,19241.490234,19315.050781,3573.568106,3574.720025,5.061590,5.059959,353280,353280,353280,0,0,0,1
global_cg,uniform6_10,non_compressible,0,0,248,260046848,260046840,21670570,346729120,0.750000,8669626368,1104,35328,10,36.000000,8164266.500000,8175421.000000,15945.762695,15967.548828,2951.328039,2954.656005,6.128745,6.121842,353280,353280,353280,0,0,0,1
global_cg,uniform6_10,generic_compressible,1,1,248,260046848,260046840,21670570,346729120,0.750000,8929673216,1104,35328,10,36.000000,8166082.500000,8175303.500000,15949.309570,15967.319336,2953.823924,2953.727961,6.123566,6.123765,353280,353280,353280,0,0,0,1
global_cg,uniform6_9,non_compressible,0,0,248,260046848,260046840,21670570,346729120,0.750000,8669626368,1104,35328,10,36.000000,8148906.000000,8162480.000000,15915.761719,15942.273438,2951.583982,2953.215957,6.128213,6.124827,353280,353280,353280,0,0,0,1
global_cg,uniform6_9,generic_compressible,1,1,248,260046848,260046840,21670570,346729120,0.750000,8929673216,1104,35328,10,36.000000,8157405.000000,8170159.500000,15932.361328,15957.272461,2953.439951,2953.728080,6.124362,6.123765,353280,353280,353280,0,0,0,1
global_cg,uniform6_8,non_compressible,0,0,248,260046848,260046840,21670570,346729120,0.750000,8669626368,1104,35328,10,36.000000,9850440.000000,9867587.500000,19239.070312,19272.561523,3574.031949,3574.351907,5.060933,5.060480,353280,353280,353280,0,0,0,1
global_cg,uniform6_8,generic_compressible,1,1,248,260046848,260046840,21670570,346729120,0.750000,8929673216,1104,35328,10,36.000000,8665135.000000,9868340.500000,16924.021484,19274.032227,3573.823929,3574.560046,5.061228,5.060185,353280,353280,353280,0,0,0,1
global_cg,uniform6_7,non_compressible,0,0,248,260046848,260046840,21670570,346729120,0.750000,8669626368,1104,35328,10,36.000000,8635547.000000,8638135.500000,16866.232422,16871.288086,3573.343992,3573.696017,5.061907,5.061409,353280,353280,353280,0,0,0,1
global_cg,uniform6_7,generic_compressible,1,1,248,260046848,260046840,21670570,346729120,0.750000,8929673216,1104,35328,10,36.000000,8634487.000000,8683118.500000,16864.162109,16959.145508,3573.472023,3574.496031,5.061726,5.060276,353280,353280,353280,0,0,0,1
global_cg,uniform6_6,non_compressible,0,0,248,260046848,260046840,21670570,346729120,0.750000,8669626368,1104,35328,10,36.000000,8163392.000000,8168749.500000,15944.054688,15954.518555,2952.623963,2952.991962,6.126055,6.125291,353280,353280,353280,0,0,0,1
global_cg,uniform6_6,generic_compressible,1,1,248,260046848,260046840,21670570,346729120,0.750000,8929673216,1104,35328,10,36.000000,8156271.000000,8170168.500000,15930.146484,15957.290039,2951.792002,2952.736020,6.127781,6.125822,353280,353280,353280,0,0,0,1
global_cg,uniform6_5,non_compressible,0,0,248,260046848,260046840,21670570,346729120,0.750000,8669626368,1104,35328,10,36.000000,8162288.000000,8174995.500000,15941.898438,15966.717773,2951.871991,2952.912092,6.127615,6.125457,353280,353280,353280,0,0,0,1
global_cg,uniform6_5,generic_compressible,1,1,248,260046848,260046840,21670570,346729120,0.750000,8929673216,1104,35328,10,36.000000,8160858.500000,8173499.000000,15939.106445,15963.794922,2951.552033,2952.592015,6.128280,6.126121,353280,353280,353280,0,0,0,1
global_cg,uniform6_4,non_compressible,0,0,248,260046848,260046840,21670570,346729120,0.750000,8669626368,1104,35328,10,36.000000,9499329.500000,9864142.500000,18553.307617,19265.833008,3572.880030,3574.416041,5.062565,5.060389,353280,353280,353280,0,0,0,1
global_cg,uniform6_4,generic_compressible,1,1,248,260046848,260046840,21670570,346729120,0.750000,8929673216,1104,35328,10,36.000000,8658790.500000,8678565.000000,16911.629883,16950.251953,3573.392034,3574.319959,5.061839,5.060525,353280,353280,353280,0,0,0,1
global_cg,uniform6_3,non_compressible,0,0,248,260046848,260046840,21670570,346729120,0.750000,8669626368,1104,35328,10,36.000000,8664593.000000,9867568.000000,16922.962891,19272.523438,3573.360085,3574.351907,5.061884,5.060480,353280,353280,353280,0,0,0,1
global_cg,uniform6_3,generic_compressible,1,1,248,260046848,260046840,21670570,346729120,0.750000,8929673216,1104,35328,10,36.000000,8662324.000000,8680523.500000,16918.531250,16954.077148,3573.279977,3574.640036,5.061998,5.060072,353280,353280,353280,0,0,0,1
global_cg,uniform6_2,non_compressible,0,0,248,260046848,260046840,21670570,346729120,0.750000,8669626368,1104,35328,10,36.000000,8162516.000000,8178795.500000,15942.343750,15974.139648,2951.408029,2953.263998,6.128579,6.124727,353280,353280,353280,0,0,0,1
global_cg,uniform6_2,generic_compressible,1,1,248,260046848,260046840,21670570,346729120,0.750000,8929673216,1104,35328,10,36.000000,8163340.000000,8177334.000000,15943.953125,15971.285156,2952.080011,2953.183889,6.127184,6.124893,353280,353280,353280,0,0,0,1
global_cg,uniform6_1,non_compressible,0,0,248,260046848,260046840,21670570,346729120,0.750000,8669626368,1104,35328,10,36.000000,8161325.000000,8177162.500000,15940.017578,15970.950195,2951.936007,2952.944040,6.127482,6.125391,353280,353280,353280,0,0,0,1
global_cg,uniform6_1,generic_compressible,1,1,248,260046848,260046840,21670570,346729120,0.750000,8929673216,1104,35328,10,36.000000,8163993.500000,8176781.500000,15945.229492,15970.206055,2952.831984,2952.991962,6.125623,6.125291,353280,353280,353280,0,0,0,1
global_cg,uniform6_0,non_compressible,0,0,248,260046848,260046840,21670570,346729120,0.750000,8669626368,1104,35328,10,36.000000,8167684.500000,8179592.000000,15952.438477,15975.695312,2952.704072,2952.751994,6.125889,6.125789,353280,353280,353280,0,0,0,1
global_cg,uniform6_0,generic_compressible,1,1,248,260046848,260046840,21670570,346729120,0.750000,8929673216,1104,35328,10,36.000000,1719631.500000,1719131.500000,3358.584961,3357.608398,629.055977,627.567977,28.754096,28.822274,353280,353280,353280,0,0,0,1
global_cg,uniform6_63,non_compressible,0,0,240,251658240,251658240,20971520,335544320,0.750000,8669626368,1104,35328,10,36.000000,8636454.000000,8632133.500000,16868.003906,16859.565430,3564.863920,3564.559937,5.073949,5.074381,353280,353280,353280,0,0,0,1
global_cg,uniform6_63,generic_compressible,1,1,240,251658240,251658240,20971520,335544320,0.750000,8921284608,1104,35328,10,36.000000,1277879.500000,1279026.000000,2495.788086,2498.027344,470.463991,469.792008,38.447015,38.502009,353280,353280,353280,0,0,0,1
global_cg,uniform6_62,non_compressible,0,0,240,251658240,251658240,20971520,335544320,0.750000,8669626368,1104,35328,10,36.000000,9864278.500000,9876455.000000,19266.098633,19289.880859,3568.239927,3568.431973,5.069148,5.068875,353280,353280,353280,0,0,0,1
global_cg,uniform6_62,generic_compressible,1,1,240,251658240,251658240,20971520,335544320,0.750000,8921284608,1104,35328,10,36.000000,9866516.500000,9876724.500000,19270.469727,19290.407227,3567.023993,3568.303943,5.070876,5.069057,353280,353280,353280,0,0,0,1
global_cg,uniform6_61,non_compressible,0,0,240,251658240,251658240,20971520,335544320,0.750000,8669626368,1104,35328,10,36.000000,9873555.500000,9888076.000000,19284.217773,19312.578125,3566.608071,3568.336010,5.071467,5.069011,353280,353280,353280,0,0,0,1
global_cg,uniform6_61,generic_compressible,1,1,240,251658240,251658240,20971520,335544320,0.750000,8921284608,1104,35328,10,36.000000,9876429.000000,9887125.500000,19289.830078,19310.721680,3568.192005,3568.416119,5.069216,5.068898,353280,353280,353280,0,0,0,1
global_cg,uniform6_60,non_compressible,0,0,240,251658240,251658240,20971520,335544320,0.750000,8669626368,1104,35328,10,36.000000,9870242.500000,9885050.500000,19277.747070,19306.668945,3567.680001,3568.320036,5.069943,5.069034,353280,353280,353280,0,0,0,1
global_cg,uniform6_60,generic_compressible,1,1,240,251658240,251658240,20971520,335544320,0.750000,8921284608,1104,35328,10,36.000000,9860611.000000,9875235.000000,19258.935547,19287.498047,3568.095922,3568.320036,5.069353,5.069034,353280,353280,353280,0,0,0,1
global_cg,uniform6_59,non_compressible,0,0,240,251658240,251658240,20971520,335544320,0.750000,8669626368,1104,35328,10,36.000000,8650667.500000,9845374.500000,16895.764648,19229.176758,3566.352010,3566.447973,5.071831,5.071695,353280,353280,353280,0,0,0,1
global_cg,uniform6_59,generic_compressible,1,1,240,251658240,251658240,20971520,335544320,0.750000,8921284608,1104,35328,10,36.000000,8647028.000000,8663900.000000,16888.656250,16921.609375,3565.664053,3566.111922,5.072810,5.072173,353280,353280,353280,0,0,0,1
global_cg,uniform6_58,non_compressible,0,0,240,251658240,251658240,20971520,335544320,0.750000,8669626368,1104,35328,10,36.000000,8143029.000000,8160387.000000,15904.283203,15938.185547,2947.791934,2948.863983,6.136097,6.133866,353280,353280,353280,0,0,0,1
global_cg,uniform6_58,generic_compressible,1,1,240,251658240,251658240,20971520,335544320,0.750000,8921284608,1104,35328,10,36.000000,8144657.000000,8160645.000000,15907.462891,15938.689453,2945.792079,2946.720004,6.140262,6.138329,353280,353280,353280,0,0,0,1
global_cg,uniform6_57,non_compressible,0,0,240,251658240,251658240,20971520,335544320,0.750000,8669626368,1104,35328,10,36.000000,9833654.500000,9847924.000000,19206.286133,19234.156250,3566.751957,3567.072034,5.071263,5.070808,353280,353280,353280,0,0,0,1
global_cg,uniform6_57,generic_compressible,1,1,240,251658240,251658240,20971520,335544320,0.750000,8921284608,1104,35328,10,36.000000,9837781.000000,8666029.500000,19214.345703,16925.768555,3567.152023,3568.320036,5.070694,5.069034,353280,353280,353280,0,0,0,1
global_cg,uniform6_56,non_compressible,0,0,240,251658240,251658240,20971520,335544320,0.750000,8669626368,1104,35328,10,36.000000,9833744.500000,9847216.000000,19206.461914,19232.773438,3566.928029,3566.447973,5.071012,5.071695,353280,353280,353280,0,0,0,1
global_cg,uniform6_56,generic_compressible,1,1,240,251658240,251658240,20971520,335544320,0.750000,8921284608,1104,35328,10,36.000000,9861148.500000,9874073.000000,19259.985352,19285.228516,3568.944097,3568.320036,5.068148,5.069034,353280,353280,353280,0,0,0,1
global_cg,uniform6_55,non_compressible,0,0,240,251658240,251658240,20971520,335544320,0.750000,8669626368,1104,35328,10,36.000000,8621770.000000,8634777.500000,16839.324219,16864.729492,3564.224005,3566.431999,5.074859,5.071718,353280,353280,353280,0,0,0,1
global_cg,uniform6_55,generic_compressible,1,1,240,251658240,251658240,20971520,335544320,0.750000,8921284608,1104,35328,10,36.000000,8667549.500000,8660147.000000,16928.737305,16914.279297,3565.984011,3566.384077,5.072355,5.071786,353280,353280,353280,0,0,0,1
global_cg,uniform6_54,non_compressible,0,0,240,251658240,251658240,20971520,335544320,0.750000,8669626368,1104,35328,10,36.000000,8144972.000000,8159961.000000,15908.078125,15937.353516,2947.183967,2946.928024,6.137362,6.137895,353280,353280,353280,0,0,0,1
global_cg,uniform6_54,generic_compressible,1,1,240,251658240,251658240,20971520,335544320,0.750000,8921284608,1104,35328,10,36.000000,8152075.500000,8164250.500000,15921.952148,15945.731445,2946.671963,2948.815942,6.138429,6.133966,353280,353280,353280,0,0,0,1
global_cg,uniform6_53,non_compressible,0,0,240,251658240,251658240,20971520,335544320,0.750000,8669626368,1104,35328,10,36.000000,9858914.500000,9872846.500000,19255.622070,19282.833008,3568.959951,3568.351984,5.068125,5.068989,353280,353280,353280,0,0,0,1
global_cg,uniform6_53,generic_compressible,1,1,240,251658240,251658240,20971520,335544320,0.750000,8921284608,1104,35328,10,36.000000,9861005.500000,9874674.000000,19259.706055,19286.402344,3568.079948,3568.351984,5.069375,5.068989,353280,353280,353280,0,0,0,1
global_cg,uniform6_52,non_compressible,0,0,240,251658240,251658240,20971520,335544320,0.750000,8669626368,1104,35328,10,36.000000,9861666.500000,9872548.500000,19260.997070,19282.250977,3566.959977,3566.431999,5.070967,5.071718,353280,353280,353280,0,0,0,1
global_cg,uniform6_52,generic_compressible,1,1,240,251658240,251658240,20971520,335544320,0.750000,8921284608,1104,35328,10,36.000000,9860856.500000,9871644.000000,19259.415039,19280.484375,3565.968037,3568.048000,5.072377,5.069421,353280,353280,353280,0,0,0,1
global_cg,uniform6_51,non_compressible,0,0,240,251658240,251658240,20971520,335544320,0.750000,8669626368,1104,35328,10,36.000000,8149600.000000,8164214.500000,15917.117188,15945.661133,2946.912050,2948.752046,6.137929,6.134099,353280,353280,353280,0,0,0,1
global_cg,uniform6_51,generic_compressible,1,1,240,251658240,251658240,20971520,335544320,0.750000,8921284608,1104,35328,10,36.000000,8149834.500000,8160575.500000,15917.575195,15938.553711,2947.343946,2947.535992,6.137029,6.136629,353280,353280,353280,0,0,0,1
global_cg,uniform6_50,non_compressible,0,0,240,251658240,251658240,20971520,335544320,0.750000,8669626368,1104,35328,10,36.000000,9836741.500000,9846473.000000,19212.315430,19231.322266,3568.959951,3568.287969,5.068125,5.069080,353280,353280,353280,0,0,0,1
global_cg,uniform6_50,generic_compressible,1,1,240,251658240,251658240,20971520,335544320,0.750000,8921284608,1104,35328,10,36.000000,9218528.000000,8665044.000000,18004.867188,16923.843750,3567.983985,3568.080068,5.069512,5.069375,353280,353280,353280,0,0,0,1
global_cg,uniform6_49,non_compressible,0,0,240,251658240,251658240,20971520,335544320,0.750000,8669626368,1104,35328,10,36.000000,9835382.000000,9844439.000000,19209.660156,19227.349609,3566.799998,3567.456007,5.071194,5.070262,353280,353280,353280,0,0,0,1
global_cg,uniform6_49,generic_compressible,1,1,240,251658240,251658240,20971520,335544320,0.750000,8921284608,1104,35328,10,36.000000,9866322.500000,9851157.000000,19270.090820,19240.470703,3567.424059,3567.343950,5.070307,5.070421,353280,353280,353280,0,0,0,1
global_cg,uniform6_48,non_compressible,0,0,240,251658240,251658240,20971520,335544320,0.750000,8669626368,1104,35328,10,36.000000,8147067.000000,8160264.500000,15912.169922,15937.946289,2946.591973,2947.648048,6.138595,6.136396,353280,353280,353280,0,0,0,1
global_cg,uniform6_48,generic_compressible,1,1,240,251658240,251658240,20971520,335544320,0.750000,8921284608,1104,35328,10,36.000000,8145184.000000,8160584.000000,15908.492188,15938.570312,2945.728064,2946.831942,6.140396,6.138096,353280,353280,353280,0,0,0,1
global_cg,uniform6_47,non_compressible,0,0,240,251658240,251658240,20971520,335544320,0.750000,8669626368,1104,35328,10,36.000000,8144348.000000,8160514.000000,15906.859375,15938.433594,2946.431994,2948.768020,6.138929,6.134065,353280,353280,353280,0,0,0,1
global_cg,uniform6_47,generic_compressible,1,1,240,251658240,251658240,20971520,335544320,0.750000,8921284608,1104,35328,10,36.000000,8145979.500000,8158921.000000,15910.045898,15935.322266,2945.904016,2947.792053,6.140029,6.136096,353280,353280,353280,0,0,0,1
global_cg,uniform6_46,non_compressible,0,0,240,251658240,251658240,20971520,335544320,0.750000,8669626368,1104,35328,10,36.000000,9875680.500000,9874619.000000,19288.368164,19286.294922,3567.263961,3569.472075,5.070535,5.067398,353280,353280,353280,0,0,0,1
global_cg,uniform6_46,generic_compressible,1,1,240,251658240,251658240,20971520,335544320,0.750000,8921284608,1104,35328,10,36.000000,9860981.000000,9872995.500000,19259.658203,19283.124023,3567.423940,3569.199920,5.070307,5.067784,353280,353280,353280,0,0,0,1
global_cg,uniform6_45,non_compressible,0,0,240,251658240,251658240,20971520,335544320,0.750000,8669626368,1104,35328,10,36.000000,8128905.500000,8135736.000000,15876.698242,15890.039062,2947.648048,2947.008014,6.136396,6.137729,353280,353280,353280,0,0,0,1
global_cg,uniform6_45,generic_compressible,1,1,240,251658240,251658240,20971520,335544320,0.750000,8921284608,1104,35328,10,36.000000,8131493.000000,8139892.000000,15881.751953,15898.156250,2947.247982,2948.896050,6.137229,6.133799,353280,353280,353280,0,0,0,1
global_cg,uniform6_44,non_compressible,0,0,240,251658240,251658240,20971520,335544320,0.750000,8669626368,1104,35328,10,36.000000,8127168.500000,8138842.000000,15873.305664,15896.105469,2946.511984,2948.496103,6.138762,6.134631,353280,353280,353280,0,0,0,1
global_cg,uniform6_44,generic_compressible,1,1,240,251658240,251658240,20971520,335544320,0.750000,8921284608,1104,35328,10,36.000000,8133510.500000,8140616.000000,15885.692383,15899.570312,2947.695971,2948.544025,6.136296,6.134531,353280,353280,353280,0,0,0,1
global_cg,uniform6_43,non_compressible,0,0,240,251658240,251658240,20971520,335544320,0.750000,8669626368,1104,35328,10,36.000000,8146280.500000,8157195.000000,15910.633789,15931.951172,2947.600007,2946.959972,6.136496,6.137829,353280,353280,353280,0,0,0,1
global_cg,uniform6_43,generic_compressible,1,1,240,251658240,251658240,20971520,335544320,0.750000,8921284608,1104,35328,10,36.000000,8144796.000000,8157185.500000,15907.734375,15931.932617,2947.071910,2946.784019,6.137596,6.138195,353280,353280,353280,0,0,0,1
global_cg,uniform6_42,non_compressible,0,0,240,251658240,251658240,20971520,335544320,0.750000,8669626368,1104,35328,10,36.000000,8143785.500000,8160581.500000,15905.760742,15938.565430,2945.968032,2948.399901,6.139896,6.134831,353280,353280,353280,0,0,0,1
global_cg,uniform6_42,generic_compressible,1,1,240,251658240,251658240,20971520,335544320,0.750000,8921284608,1104,35328,10,36.000000,7026510.000000,7027876.500000,13723.582031,13726.250977,2542.304039,2540.112019,7.114781,7.120921,353280,353280,353280,0,0,0,1
global_cg,uniform6_41,non_compressible,0,0,240,251658240,251658240,20971520,335544320,0.750000,8669626368,1104,35328,10,36.000000,9833310.500000,9845023.500000,19205.614258,19228.491211,3567.359924,3567.584038,5.070398,5.070080,353280,353280,353280,0,0,0,1
global_cg,uniform6_41,generic_compressible,1,1,240,251658240,251658240,20971520,335544320,0.750000,8921284608,1104,35328,10,36.000000,9577185.500000,8671231.500000,18705.370117,16935.928711,3567.055941,3568.320036,5.070830,5.069034,353280,353280,353280,0,0,0,1
global_cg,uniform6_40,non_compressible,0,0,240,251658240,251658240,20971520,335544320,0.750000,8669626368,1104,35328,10,36.000000,8150895.500000,8159219.500000,15919.647461,15935.905273,2947.824001,2947.664022,6.136030,6.136363,353280,353280,353280,0,0,0,1
global_cg,uniform6_40,generic_compressible,1,1,240,251658240,251658240,20971520,335544320,0.750000,8921284608,1104,35328,10,36.000000,8146817.000000,8161413.500000,15911.681641,15940.190430,2947.727919,2948.656082,6.136230,6.134298,353280,353280,353280,0,0,0,1
global_cg,uniform6_39,non_compressible,0,0,240,251658240,251658240,20971520,335544320,0.750000,8669626368,1104,35328,10,36.000000,8145903.500000,8158856.500000,15909.897461,15935.196289,2945.775986,2947.056055,6.140296,6.137629,353280,353280,353280,0,0,0,1
global_cg,uniform6_39,generic_compressible,1,1,240,251658240,251658240,20971520,335544320,0.750000,8921284608,1104,35328,10,36.000000,8147606.500000,8160505.500000,15913.223633,15938.416992,2947.631955,2948.815942,6.136430,6.133966,353280,353280,353280,0,0,0,1
global_cg,uniform6_38,non_compressible,0,0,240,251658240,251658240,20971520,335544320,0.750000,8669626368,1104,35328,10,36.000000,9832481.000000,9846017.500000,19203.994141,19230.432617,3566.256046,3567.727923,5.071968,5.069875,353280,353280,353280,0,0,0,1
global_cg,uniform6_38,generic_compressible,1,1,240,251658240,251658240,20971520,335544320,0.750000,8921284608,1104,35328,10,36.000000,9834503.500000,9872483.500000,19207.944336,19282.124023,3567.072034,3568.400025,5.070808,5.068920,353280,353280,353280,0,0,0,1
global_cg,uniform6_37,non_compressible,0,0,240,251658240,251658240,20971520,335544320,0.750000,8669626368,1104,35328,10,36.000000,8646389.500000,8662025.500000,16887.409180,16917.948242,3567.327976,3566.143990,5.070444,5.072127,353280,353280,353280,0,0,0,1
global_cg,uniform6_37,generic_compressible,1,1,240,251658240,251658240,20971520,335544320,0.750000,8921284608,1104,35328,10,36.000000,8656384.500000,8664751.500000,16906.930664,16923.272461,3567.808032,3566.463947,5.069762,5.071672,353280,353280,353280,0,0,0,1
global_cg,uniform6_36,non_compressible,0,0,240,251658240,251658240,20971520,335544320,0.750000,8669626368,1104,35328,10,36.000000,8149523.000000,8160955.000000,15916.966797,15939.294922,2946.831942,2947.647929,6.138096,6.136396,353280,353280,353280,0,0,0,1
global_cg,uniform6_36,generic_compressible,1,1,240,251658240,251658240,20971520,335544320,0.750000,8921284608,1104,35328,10,36.000000,8150334.000000,8162414.000000,15918.550781,15942.144531,2947.247982,2946.960092,6.137229,6.137829,353280,353280,353280,0,0,0,1
global_cg,uniform6_35,non_compressible,0,0,240,251658240,251658240,20971520,335544320,0.750000,8669626368,1104,35328,10,36.000000,8139807.500000,8153932.000000,15897.991211,15925.578125,2947.679996,2947.183967,6.136330,6.137362,353280,353280,353280,0,0,0,1
global_cg,uniform6_35,generic_compressible,1,1,240,251658240,251658240,20971520,335544320,0.750000,8921284608,1104,35328,10,36.000000,8139287.000000,8153457.000000,15896.974609,15924.650391,2947.408080,2948.799968,6.136896,6.133999,353280,353280,353280,0,0,0,1
global_cg,uniform6_34,non_compressible,0,0,240,251658240,251658240,20971520,335544320,0.750000,8669626368,1104,35328,10,36.000000,8147864.000000,8166023.500000,15913.726562,15949.194336,2947.839975,2948.511958,6.135997,6.134598,353280,353280,353280,0,0,0,1
global_cg,uniform6_34,generic_compressible,1,1,240,251658240,251658240,20971520,335544320,0.750000,8921284608,1104,35328,10,36.000000,8147598.500000,8159730.000000,15913.208008,15936.902344,2947.711945,2947.791934,6.136263,6.136097,353280,353280,353280,0,0,0,1
global_cg,uniform6_33,non_compressible,0,0,240,251658240,251658240,20971520,335544320,0.750000,8669626368,1104,35328,10,36.000000,8635746.000000,8637721.000000,16866.621094,16870.478516,3566.032052,3567.440033,5.072286,5.070285,353280,353280,353280,0,0,0,1
global_cg,uniform6_33,generic_compressible,1,1,240,251658240,251658240,20971520,335544320,0.750000,8921284608,1104,35328,10,36.000000,9131740.000000,8661484.000000,17835.359375,16916.890625,3565.263987,3566.447973,5.073379,5.071695,353280,353280,353280,0,0,0,1
global_cg,uniform6_32,non_compressible,0,0,240,251658240,251658240,20971520,335544320,0.750000,8669626368,1104,35328,10,36.000000,8144133.500000,8160788.500000,15906.440430,15938.969727,2946.175933,2947.711945,6.139462,6.136263,353280,353280,353280,0,0,0,1
global_cg,uniform6_32,generic_compressible,1,1,240,251658240,251658240,20971520,335544320,0.750000,8921284608,1104,35328,10,36.000000,8145320.500000,8162000.000000,15908.758789,15941.335938,2946.527958,2948.848009,6.138729,6.133899,353280,353280,353280,0,0,0,1
global_cg,uniform6_31,non_compressible,0,0,240,251658240,251658240,20971520,335544320,0.750000,8669626368,1104,35328,10,36.000000,8148568.500000,8151694.500000,15915.102539,15921.208008,2947.455883,2947.679996,6.136796,6.136330,353280,353280,353280,0,0,0,1
global_cg,uniform6_31,generic_compressible,1,1,240,251658240,251658240,20971520,335544320,0.750000,8921284608,1104,35328,10,36.000000,8141774.000000,8151882.500000,15901.832031,15921.575195,2947.200060,2947.696090,6.137329,6.136296,353280,353280,353280,0,0,0,1
global_cg,uniform6_30,non_compressible,0,0,240,251658240,251658240,20971520,335544320,0.750000,8669626368,1104,35328,10,36.000000,9871431.000000,9877172.500000,19280.068359,19291.282227,3568.624020,3569.952011,5.068602,5.066717,353280,353280,353280,0,0,0,1
global_cg,uniform6_30,generic_compressible,1,1,240,251658240,251658240,20971520,335544320,0.750000,8921284608,1104,35328,10,36.000000,9863750.000000,9873884.500000,19265.066406,19284.860352,3567.312002,3569.552064,5.070466,5.067285,353280,353280,353280,0,0,0,1
global_cg,uniform6_29,non_compressible,0,0,240,251658240,251658240,20971520,335544320,0.750000,8669626368,1104,35328,10,36.000000,9864141.000000,9870533.500000,19265.830078,19278.315430,3569.279909,3568.096042,5.067671,5.069352,353280,353280,353280,0,0,0,1
global_cg,uniform6_29,generic_compressible,1,1,240,251658240,251658240,20971520,335544320,0.750000,8921284608,1104,35328,10,36.000000,9862191.000000,9871715.500000,19262.021484,19280.624023,3567.807913,3568.351984,5.069762,5.068989,353280,353280,353280,0,0,0,1
global_cg,uniform6_28,non_compressible,0,0,240,251658240,251658240,20971520,335544320,0.750000,8669626368,1104,35328,10,36.000000,9868733.500000,9881711.000000,19274.799805,19300.146484,3567.072034,3567.968011,5.070808,5.069534,353280,353280,353280,0,0,0,1
global_cg,uniform6_28,generic_compressible,1,1,240,251658240,251658240,20971520,335544320,0.750000,8921284608,1104,35328,10,36.000000,9871576.500000,9882148.500000,19280.352539,19301.000977,3568.527937,3568.511963,5.068739,5.068761,353280,353280,353280,0,0,0,1
global_cg,uniform6_27,non_compressible,0,0,240,251658240,251658240,20971520,335544320,0.750000,8669626368,1104,35328,10,36.000000,9870201.000000,9884977.500000,19277.666016,19306.526367,3567.088008,3568.271995,5.070785,5.069102,353280,353280,353280,0,0,0,1
global_cg,uniform6_27,generic_compressible,1,1,240,251658240,251658240,20971520,335544320,0.750000,8921284608,1104,35328,10,36.000000,9874777.500000,9886409.000000,19286.604492,19309.322266,3568.384051,3569.584012,5.068943,5.067239,353280,353280,353280,0,0,0,1
global_cg,uniform6_26,non_compressible,0,0,240,251658240,251658240,20971520,335544320,0.750000,8669626368,1104,35328,10,36.000000,9867889.000000,9885538.500000,19273.150391,19307.622070,3567.552090,3567.984104,5.070125,5.069511,353280,353280,353280,0,0,0,1
global_cg,uniform6_26,generic_compressible,1,1,240,251658240,251658240,20971520,335544320,0.750000,8921284608,1104,35328,10,36.000000,9860294.500000,9872522.000000,19258.317383,19282.199219,3567.199945,3568.127990,5.070626,5.069307,353280,353280,353280,0,0,0,1
global_cg,uniform6_25,non_compressible,0,0,240,251658240,251658240,20971520,335544320,0.750000,8669626368,1104,35328,10,36.000000,9834348.500000,9847549.500000,19207.641602,19233.424805,3566.768050,3567.520022,5.071240,5.070171,353280,353280,353280,0,0,0,1
global_cg,uniform6_25,generic_compressible,1,1,240,251658240,251658240,20971520,335544320,0.750000,8921284608,1104,35328,10,36.000000,8644448.500000,9850147.500000,16883.618164,19238.499023,3567.279935,3567.232013,5.070512,5.070580,353280,353280,353280,0,0,0,1
global_cg,uniform6_24,non_compressible,0,0,240,251658240,251658240,20971520,335544320,0.750000,8669626368,1104,35328,10,36.000000,8614650.000000,8631383.500000,16825.417969,16858.100586,3565.232038,3566.208005,5.073425,5.072036,353280,353280,353280,0,0,0,1
global_cg,uniform6_24,generic_compressible,1,1,240,251658240,251658240,20971520,335544320,0.750000,8921284608,1104,35328,10,36.000000,8605678.500000,8627983.500000,16807.895508,16851.459961,3460.944057,3565.952063,5.226301,5.072400,353280,353280,353280,0,0,0,1
global_cg,uniform6_23,non_compressible,0,0,240,251658240,251658240,20971520,335544320,0.750000,8669626368,1104,35328,10,36.000000,8146001.500000,8159898.500000,15910.088867,15937.231445,2947.615981,2946.928024,6.136463,6.137895,353280,353280,353280,0,0,0,1
global_cg,uniform6_23,generic_compressible,1,1,240,251658240,251658240,20971520,335544320,0.750000,8921284608,1104,35328,10,36.000000,8148583.500000,8160198.000000,15915.131836,15937.816406,2948.207974,2946.927905,6.135231,6.137896,353280,353280,353280,0,0,0,1
global_cg,uniform6_22,non_compressible,0,0,240,251658240,251658240,20971520,335544320,0.750000,8669626368,1104,35328,10,36.000000,9833754.000000,9846109.000000,19206.480469,19230.611328,3567.855954,3567.999959,5.069693,5.069489,353280,353280,353280,0,0,0,1
global_cg,uniform6_22,generic_compressible,1,1,240,251658240,251658240,20971520,335544320,0.750000,8921284608,1104,35328,10,36.000000,9865284.000000,9848457.000000,19268.062500,19235.197266,3568.591952,3568.432093,5.068648,5.068875,353280,353280,353280,0,0,0,1
global_cg,uniform6_21,non_compressible,0,0,240,251658240,251658240,20971520,335544320,0.750000,8669626368,1104,35328,10,36.000000,9874224.500000,9885720.000000,19285.524414,19307.976562,3568.688035,3568.384051,5.068511,5.068943,353280,353280,353280,0,0,0,1
global_cg,uniform6_21,generic_compressible,1,1,240,251658240,251658240,20971520,335544320,0.750000,8921284608,1104,35328,10,36.000000,8505676.000000,8501152.500000,16612.578125,16603.743164,3078.688025,3073.871970,5.875209,5.884414,353280,353280,353280,0,0,0,1
global_cg,uniform6_20,non_compressible,0,0,240,251658240,251658240,20971520,335544320,0.750000,8669626368,1104,35328,10,36.000000,9840225.500000,9845185.500000,19219.120117,19228.807617,3566.576004,3566.271901,5.071513,5.071945,353280,353280,353280,0,0,0,1
global_cg,uniform6_20,generic_compressible,1,1,240,251658240,251658240,20971520,335544320,0.750000,8921284608,1104,35328,10,36.000000,8648966.000000,8662271.500000,16892.441406,16918.428711,3567.183971,3566.448092,5.070648,5.071695,353280,353280,353280,0,0,0,1
global_cg,uniform6_19,non_compressible,0,0,240,251658240,251658240,20971520,335544320,0.750000,8669626368,1104,35328,10,36.000000,8141640.500000,8152817.500000,15901.571289,15923.401367,2947.696090,2947.919965,6.136296,6.135830,353280,353280,353280,0,0,0,1
global_cg,uniform6_19,generic_compressible,1,1,240,251658240,251658240,20971520,335544320,0.750000,8921284608,1104,35328,10,36.000000,8141878.000000,8154993.000000,15902.035156,15927.650391,2945.888042,2948.511958,6.140062,6.134598,353280,353280,353280,0,0,0,1
global_cg,uniform6_18,non_compressible,0,0,240,251658240,251658240,20971520,335544320,0.750000,8669626368,1104,35328,10,36.000000,8144349.000000,8159763.000000,15906.861328,15936.966797,2946.352005,2946.735978,6.139095,6.138295,353280,353280,353280,0,0,0,1
global_cg,uniform6_18,generic_compressible,1,1,240,251658240,251658240,20971520,335544320,0.750000,8921284608,1104,35328,10,36.000000,8144420.000000,8159942.500000,15907.000000,15937.317383,2947.631955,2947.103977,6.136430,6.137529,353280,353280,353280,0,0,0,1
global_cg,uniform6_17,non_compressible,0,0,240,251658240,251658240,20971520,335544320,0.750000,8669626368,1104,35328,10,36.000000,8145900.500000,8159177.000000,15909.891602,15935.822266,2945.951939,2947.647929,6.139929,6.136396,353280,353280,353280,0,0,0,1
global_cg,uniform6_17,generic_compressible,1,1,240,251658240,251658240,20971520,335544320,0.750000,8921284608,1104,35328,10,36.000000,8151087.500000,8163070.000000,15920.022461,15943.425781,2947.855949,2948.863983,6.135963,6.133866,353280,353280,353280,0,0,0,1
global_cg,uniform6_16,non_compressible,0,0,240,251658240,251658240,20971520,335544320,0.750000,8669626368,1104,35328,10,36.000000,8144254.000000,8159691.500000,15906.675781,15936.827148,2947.008014,2947.088003,6.137729,6.137562,353280,353280,353280,0,0,0,1
global_cg,uniform6_16,generic_compressible,1,1,240,251658240,251658240,20971520,335544320,0.750000,8921284608,1104,35328,10,36.000000,8146608.000000,8158740.500000,15911.273438,15934.969727,2947.520018,2947.791934,6.136663,6.136097,353280,353280,353280,0,0,0,1
global_cg,uniform6_15,non_compressible,0,0,240,251658240,251658240,20971520,335544320,0.750000,8669626368,1104,35328,10,36.000000,8145212.000000,8153673.500000,15908.546875,15925.073242,2947.456002,2947.968006,6.136796,6.135730,353280,353280,353280,0,0,0,1
global_cg,uniform6_15,generic_compressible,1,1,240,251658240,251658240,20971520,335544320,0.750000,8921284608,1104,35328,10,36.000000,8140387.500000,8153367.500000,15899.124023,15924.475586,2946.336031,2947.871923,6.139129,6.135930,353280,353280,353280,0,0,0,1
global_cg,uniform6_14,non_compressible,0,0,240,251658240,251658240,20971520,335544320,0.750000,8669626368,1104,35328,10,36.000000,8148683.000000,8161775.500000,15915.326172,15940.897461,2947.440028,2947.535992,6.136829,6.136629,353280,353280,353280,0,0,0,1
global_cg,uniform6_14,generic_compressible,1,1,240,251658240,251658240,20971520,335544320,0.750000,8921284608,1104,35328,10,36.000000,8147315.500000,8160560.500000,15912.655273,15938.524414,2945.919991,2946.879983,6.139996,6.137995,353280,353280,353280,0,0,0,1
global_cg,uniform6_13,non_compressible,0,0,240,251658240,251658240,20971520,335544320,0.750000,8669626368,1104,35328,10,36.000000,9865643.000000,9878756.000000,19268.763672,19294.375000,3568.400025,3568.304062,5.068920,5.069057,353280,353280,353280,0,0,0,1
global_cg,uniform6_13,generic_compressible,1,1,240,251658240,251658240,20971520,335544320,0.750000,8921284608,1104,35328,10,36.000000,9836919.500000,9874884.000000,19212.663086,19286.812500,3568.160057,3568.112016,5.069261,5.069330,353280,353280,353280,0,0,0,1
global_cg,uniform6_12,non_compressible,0,0,240,251658240,251658240,20971520,335544320,0.750000,8669626368,1104,35328,10,36.000000,8148045.500000,8160033.000000,15914.081055,15937.494141,2946.799994,2948.559999,6.138162,6.134498,353280,353280,353280,0,0,0,1
global_cg,uniform6_12,generic_compressible,1,1,240,251658240,251658240,20971520,335544320,0.750000,8921284608,1104,35328,10,36.000000,8149909.000000,8162363.000000,15917.720703,15942.044922,2947.664022,2948.799968,6.136363,6.133999,353280,353280,353280,0,0,0,1
global_cg,uniform6_11,non_compressible,0,0,240,251658240,251658240,20971520,335544320,0.750000,8669626368,1104,35328,10,36.000000,8146985.500000,8160922.500000,15912.010742,15939.231445,2947.215915,2947.983980,6.137296,6.135697,353280,353280,353280,0,0,0,1
global_cg,uniform6_11,generic_compressible,1,1,240,251658240,251658240,20971520,335544320,0.750000,8921284608,1104,35328,10,36.000000,8149769.500000,8159815.000000,15917.448242,15937.068359,2947.088003,2946.991920,6.137562,6.137762,353280,353280,353280,0,0,0,1
global_cg,uniform6_10,non_compressible,0,0,240,251658240,251658240,20971520,335544320,0.750000,8669626368,1104,35328,10,36.000000,8134695.000000,8143641.000000,15888.005859,15905.478516,2946.543932,2946.768045,6.138696,6.138229,353280,353280,353280,0,0,0,1
global_cg,uniform6_10,generic_compressible,1,1,240,251658240,251658240,20971520,335544320,0.750000,8921284608,1104,35328,10,36.000000,8139855.000000,8155300.500000,15898.083984,15928.250977,2947.791934,2948.783994,6.136097,6.134032,353280,353280,353280,0,0,0,1
global_cg,uniform6_9,non_compressible,0,0,240,251658240,251658240,20971520,335544320,0.750000,8669626368,1104,35328,10,36.000000,8145343.000000,8158935.500000,15908.802734,15935.350586,2947.183967,2946.943998,6.137362,6.137862,353280,353280,353280,0,0,0,1
global_cg,uniform6_9,generic_compressible,1,1,240,251658240,251658240,20971520,335544320,0.750000,8921284608,1104,35328,10,36.000000,8146250.000000,8159048.500000,15910.574219,15935.571289,2945.935965,2947.056055,6.139962,6.137629,353280,353280,353280,0,0,0,1
global_cg,uniform6_8,non_compressible,0,0,240,251658240,251658240,20971520,335544320,0.750000,8669626368,1104,35328,10,36.000000,8666747.000000,8669740.500000,16927.169922,16933.016602,3567.856073,3567.088008,5.069693,5.070785,353280,353280,353280,0,0,0,1
global_cg,uniform6_8,generic_compressible,1,1,240,251658240,251658240,20971520,335544320,0.750000,8921284608,1104,35328,10,36.000000,8651706.000000,8667256.000000,16897.792969,16928.164062,3567.247987,3566.783905,5.070557,5.071217,353280,353280,353280,0,0,0,1
global_cg,uniform6_7,non_compressible,0,0,240,251658240,251658240,20971520,335544320,0.750000,8669626368,1104,35328,10,36.000000,9862986.500000,9875425.000000,19263.575195,19287.869141,3567.968011,3568.320036,5.069534,5.069034,353280,353280,353280,0,0,0,1
global_cg,uniform6_7,generic_compressible,1,1,240,251658240,251658240,20971520,335544320,0.750000,8921284608,1104,35328,10,36.000000,9864559.000000,9874607.000000,19266.646484,19286.271484,3568.144083,3568.384051,5.069284,5.068943,353280,353280,353280,0,0,0,1
global_cg,uniform6_6,non_compressible,0,0,240,251658240,251658240,20971520,335544320,0.750000,8669626368,1104,35328,10,36.000000,9835893.500000,9847225.500000,19210.659180,19232.791992,3566.032052,3568.223953,5.072286,5.069171,353280,353280,353280,0,0,0,1
global_cg,uniform6_6,generic_compressible,1,1,240,251658240,251658240,20971520,335544320,0.750000,8921284608,1104,35328,10,36.000000,9860824.500000,9873000.500000,19259.352539,19283.133789,3567.456007,3568.463922,5.070262,5.068830,353280,353280,353280,0,0,0,1
global_cg,uniform6_5,non_compressible,0,0,240,251658240,251658240,20971520,335544320,0.750000,8669626368,1104,35328,10,36.000000,9837586.000000,9849889.000000,19213.964844,19237.994141,3567.423940,3566.496015,5.070307,5.071627,353280,353280,353280,0,0,0,1
global_cg,uniform6_5,generic_compressible,1,1,240,251658240,251658240,20971520,335544320,0.750000,8921284608,1104,35328,10,36.000000,9837563.000000,9847322.000000,19213.919922,19232.980469,3567.376018,3567.440033,5.070376,5.070285,353280,353280,353280,0,0,0,1
global_cg,uniform6_4,non_compressible,0,0,240,251658240,251658240,20971520,335544320,0.750000,8669626368,1104,35328,10,36.000000,8149053.500000,8160340.000000,15916.049805,15938.093750,2947.520018,2946.895957,6.136663,6.137962,353280,353280,353280,0,0,0,1
global_cg,uniform6_4,generic_compressible,1,1,240,251658240,251658240,20971520,335544320,0.750000,8921284608,1104,35328,10,36.000000,8151576.000000,8165056.500000,15920.976562,15947.305664,2946.688056,2947.903991,6.138395,6.135863,353280,353280,353280,0,0,0,1
global_cg,uniform6_3,non_compressible,0,0,240,251658240,251658240,20971520,335544320,0.750000,8669626368,1104,35328,10,36.000000,9872560.500000,9883336.000000,19282.274414,19303.320312,3568.144083,3568.400025,5.069284,5.068920,353280,353280,353280,0,0,0,1
global_cg,uniform6_3,generic_compressible,1,1,240,251658240,251658240,20971520,335544320,0.750000,8921284608,1104,35328,10,36.000000,9871993.000000,9883888.500000,19281.166016,19304.399414,3567.280054,3568.351984,5.070512,5.068989,353280,353280,353280,0,0,0,1
global_cg,uniform6_2,non_compressible,0,0,240,251658240,251658240,20971520,335544320,0.750000,8669626368,1104,35328,10,36.000000,9862407.000000,9868130.500000,19262.443359,19273.622070,3567.328095,3568.496108,5.070444,5.068784,353280,353280,353280,0,0,0,1
global_cg,uniform6_2,generic_compressible,1,1,240,251658240,251658240,20971520,335544320,0.750000,8921284608,1104,35328,10,36.000000,9864626.500000,9874266.000000,19266.778320,19285.605469,3566.959977,3568.351984,5.070967,5.068989,353280,353280,353280,0,0,0,1
global_cg,uniform6_1,non_compressible,0,0,240,251658240,251658240,20971520,335544320,0.750000,8669626368,1104,35328,10,36.000000,9876184.000000,9882678.000000,19289.351562,19302.035156,3567.312002,3568.416119,5.070466,5.068898,353280,353280,353280,0,0,0,1
global_cg,uniform6_1,generic_compressible,1,1,240,251658240,251658240,20971520,335544320,0.750000,8921284608,1104,35328,10,36.000000,9872597.000000,9891049.000000,19282.345703,19318.384766,3567.952037,3568.352103,5.069557,5.068989,353280,353280,353280,0,0,0,1
global_cg,uniform6_0,non_compressible,0,0,240,251658240,251658240,20971520,335544320,0.750000,8669626368,1104,35328,10,36.000000,9873356.000000,9882909.500000,19283.828125,19302.487305,3568.992019,3567.296028,5.068080,5.070489,353280,353280,353280,0,0,0,1
global_cg,uniform6_0,generic_compressible,1,1,240,251658240,251658240,20971520,335544320,0.750000,8921284608,1104,35328,10,36.000000,1277871.500000,1278932.500000,2495.772461,2497.844727,470.639989,469.839990,38.432637,38.498077,353280,353280,353280,0,0,0,1
global_cg,uniform6_63,non_compressible,0,0,128,134217728,134217720,11184810,178956960,0.750000,8669626368,1104,35328,10,36.000000,9291889.000000,9296991.500000,18148.150391,18158.116211,3358.528018,3357.136011,5.385674,5.387907,353280,353280,353280,0,0,0,1
global_cg,uniform6_63,generic_compressible,1,1,128,134217728,134217720,11184810,178956960,0.750000,8803844096,1104,35328,10,36.000000,1277491.000000,1278387.000000,2495.029297,2496.779297,470.576003,469.743997,38.437863,38.505944,353280,353280,353280,0,0,0,1
global_cg,uniform6_62,non_compressible,0,0,128,134217728,134217720,11184810,178956960,0.750000,8669626368,1104,35328,10,48.000000,9290684.500000,9295474.500000,18145.774414,18155.129883,3357.887983,3357.280016,5.386700,5.387676,353280,353280,353280,0,0,0,1
global_cg,uniform6_62,generic_compressible,1,1,128,134217728,134217720,11184810,178956960,0.750000,8803844096,1104,35328,10,48.000000,9283749.000000,9292748.500000,18132.228516,18149.805664,3358.527899,3355.520010,5.385674,5.390502,353280,353280,353280,0,0,0,1
global_cg,uniform6_61,non_compressible,0,0,128,134217728,134217720,11184810,178956960,0.750000,8669626368,1104,35328,10,47.000000,9289935.500000,9296709.500000,18144.313477,18157.543945,3358.720064,3357.216001,5.385366,5.387778,353280,353280,353280,0,0,0,1
global_cg,uniform6_61,generic_compressible,1,1,128,134217728,134217720,11184810,178956960,0.750000,8803844096,1104,35328,10,48.000000,9278464.000000,9291522.000000,18121.906250,18147.410156,3358.704090,3356.271982,5.385391,5.389294,353280,353280,353280,0,0,0,1
global_cg,uniform6_60,non_compressible,0,0,128,134217728,134217720,11184810,178956960,0.750000,8669626368,1104,35328,10,47.000000,9296729.000000,9294843.500000,18157.582031,18153.899414,3359.647989,3357.280016,5.383878,5.387676,353280,353280,353280,0,0,0,1
global_cg,uniform6_60,generic_compressible,1,1,128,134217728,134217720,11184810,178956960,0.750000,8803844096,1104,35328,10,48.000000,9286651.000000,9294835.500000,18137.896484,18153.881836,3357.231975,3357.103944,5.387753,5.387958,353280,353280,353280,0,0,0,1
global_cg,uniform6_59,non_compressible,0,0,128,134217728,134217720,11184810,178956960,0.750000,8669626368,1104,35328,10,48.000000,9288247.000000,9294890.000000,18141.013672,18153.988281,3358.800054,3356.512070,5.385237,5.388908,353280,353280,353280,0,0,0,1
global_cg,uniform6_59,generic_compressible,1,1,128,134217728,134217720,11184810,178956960,0.750000,8803844096,1104,35328,10,47.000000,9289600.000000,9295267.500000,18143.658203,18154.727539,3357.887983,3357.311964,5.386700,5.387624,353280,353280,353280,0,0,0,1
global_cg,uniform6_58,non_compressible,0,0,128,134217728,134217720,11184810,178956960,0.750000,8669626368,1104,35328,10,48.000000,9291675.500000,9296035.000000,18147.709961,18156.224609,3358.976007,3357.327938,5.384955,5.387599,353280,353280,353280,0,0,0,1
global_cg,uniform6_58,generic_compressible,1,1,128,134217728,134217720,11184810,178956960,0.750000,8803844096,1104,35328,10,44.000000,9291601.000000,9295087.000000,18147.572266,18154.380859,3358.672023,3355.903983,5.385443,5.389885,353280,353280,353280,0,0,0,1
global_cg,uniform6_57,non_compressible,0,0,128,134217728,134217720,11184810,178956960,0.750000,8669626368,1104,35328,10,36.000000,9253085.500000,9262913.000000,18072.362305,18091.556641,3356.607914,3357.360005,5.388754,5.387547,353280,353280,353280,0,0,0,1
global_cg,uniform6_57,generic_compressible,1,1,128,134217728,134217720,11184810,178956960,0.750000,8803844096,1104,35328,10,36.000000,9254075.000000,9262500.000000,18074.294922,18090.750000,3357.776046,3356.031895,5.386880,5.389679,353280,353280,353280,0,0,0,1
global_cg,uniform6_56,non_compressible,0,0,128,134217728,134217720,11184810,178956960,0.750000,8669626368,1104,35328,10,36.000000,7651335.500000,7651778.000000,14943.944336,14944.808594,2771.487951,2769.551992,6.526435,6.530997,353280,353280,353280,0,0,0,1
global_cg,uniform6_56,generic_compressible,1,1,128,134217728,134217720,11184810,178956960,0.750000,8803844096,1104,35328,10,36.000000,7656443.000000,7660457.500000,14953.919922,14961.760742,2770.655990,2770.480037,6.528395,6.528809,353280,353280,353280,0,0,0,1
global_cg,uniform6_55,non_compressible,0,0,128,134217728,134217720,11184810,178956960,0.750000,8669626368,1104,35328,10,36.000000,9279493.500000,9296166.000000,18123.940430,18156.503906,3357.504010,3355.936050,5.387316,5.389833,353280,353280,353280,0,0,0,1
global_cg,uniform6_55,generic_compressible,1,1,128,134217728,134217720,11184810,178956960,0.750000,8803844096,1104,35328,10,36.000000,9280456.500000,9283127.500000,18125.821289,18131.038086,3356.976032,3355.872035,5.388164,5.389936,353280,353280,353280,0,0,0,1
global_cg,uniform6_54,non_compressible,0,0,128,134217728,134217720,11184810,178956960,0.750000,8669626368,1104,35328,10,36.000000,7657856.500000,7673452.500000,14956.680664,14987.141602,2770.736098,2770.720005,6.528206,6.528244,353280,353280,353280,0,0,0,1
global_cg,uniform6_54,generic_compressible,1,1,128,134217728,134217720,11184810,178956960,0.750000,8803844096,1104,35328,10,36.000000,7656322.000000,7664689.000000,14953.683594,14970.025391,2770.032048,2770.303965,6.529865,6.529224,353280,353280,353280,0,0,0,1
global_cg,uniform6_53,non_compressible,0,0,128,134217728,134217720,11184810,178956960,0.750000,8669626368,1104,35328,10,36.000000,9283039.000000,9285252.500000,18130.865234,18135.188477,3358.016014,3356.384039,5.386495,5.389114,353280,353280,353280,0,0,0,1
global_cg,uniform6_53,generic_compressible,1,1,128,134217728,134217720,11184810,178956960,0.750000,8803844096,1104,35328,10,36.000000,9280118.000000,9285971.000000,18125.160156,18136.591797,3357.328057,3356.287956,5.387599,5.389268,353280,353280,353280,0,0,0,1
global_cg,uniform6_52,non_compressible,0,0,128,134217728,134217720,11184810,178956960,0.750000,8669626368,1104,35328,10,36.000000,8138789.500000,8139267.500000,15896.002930,15896.936523,3357.568026,3355.504036,5.387214,5.390527,353280,353280,353280,0,0,0,1
global_cg,uniform6_52,generic_compressible,1,1,128,134217728,134217720,11184810,178956960,0.750000,8803844096,1104,35328,10,36.000000,8136238.000000,8146282.000000,15891.019531,15910.636719,3356.544018,3355.999947,5.388857,5.389731,353280,353280,353280,0,0,0,1
global_cg,uniform6_51,non_compressible,0,0,128,134217728,134217720,11184810,178956960,0.750000,8669626368,1104,35328,10,36.000000,7659272.000000,7670660.000000,14959.445312,14981.687500,2770.912051,2770.608068,6.527791,6.528508,353280,353280,353280,0,0,0,1
global_cg,uniform6_51,generic_compressible,1,1,128,134217728,134217720,11184810,178956960,0.750000,8803844096,1104,35328,10,36.000000,7658360.000000,7666621.500000,14957.664062,14973.799805,2771.280050,2770.671964,6.526925,6.528357,353280,353280,353280,0,0,0,1
global_cg,uniform6_50,non_compressible,0,0,128,134217728,134217720,11184810,178956960,0.750000,8669626368,1104,35328,10,36.000000,9279324.500000,9286504.500000,18123.610352,18137.633789,3356.223941,3356.624007,5.389371,5.388729,353280,353280,353280,0,0,0,1
global_cg,uniform6_50,generic_compressible,1,1,128,134217728,134217720,11184810,178956960,0.750000,8803844096,1104,35328,10,36.000000,9281470.000000,9285960.000000,18127.800781,18136.570312,3357.776046,3355.359912,5.386880,5.390759,353280,353280,353280,0,0,0,1
global_cg,uniform6_49,non_compressible,0,0,128,134217728,134217720,11184810,178956960,0.750000,8669626368,1104,35328,10,36.000000,9259477.000000,9261506.500000,18084.845703,18088.809570,3357.568026,3355.759978,5.387214,5.390116,353280,353280,353280,0,0,0,1
global_cg,uniform6_49,generic_compressible,1,1,128,134217728,134217720,11184810,178956960,0.750000,8803844096,1104,35328,10,36.000000,9257812.000000,9260205.500000,18081.593750,18086.268555,3357.584000,3354.416013,5.387188,5.392276,353280,353280,353280,0,0,0,1
global_cg,uniform6_48,non_compressible,0,0,128,134217728,134217720,11184810,178956960,0.750000,8669626368,1104,35328,10,36.000000,7656005.000000,7666578.000000,14953.064453,14973.714844,2770.335913,2770.464063,6.529149,6.528847,353280,353280,353280,0,0,0,1
global_cg,uniform6_48,generic_compressible,1,1,128,134217728,134217720,11184810,178956960,0.750000,8803844096,1104,35328,10,36.000000,7657906.000000,7666318.500000,14956.777344,14973.208008,2771.551967,2770.528078,6.526284,6.528696,353280,353280,353280,0,0,0,1
global_cg,uniform6_47,non_compressible,0,0,128,134217728,134217720,11184810,178956960,0.750000,8669626368,1104,35328,10,36.000000,7661532.500000,7667983.500000,14963.860352,14976.459961,2770.848036,2770.608068,6.527942,6.528508,353280,353280,353280,0,0,0,1
global_cg,uniform6_47,generic_compressible,1,1,128,134217728,134217720,11184810,178956960,0.750000,8803844096,1104,35328,10,36.000000,7660239.000000,7667606.000000,14961.333984,14975.722656,2771.135926,2770.511985,6.527264,6.528734,353280,353280,353280,0,0,0,1
global_cg,uniform6_46,non_compressible,0,0,128,134217728,134217720,11184810,178956960,0.750000,8669626368,1104,35328,10,36.000000,7655660.500000,7665881.000000,14952.391602,14972.353516,2770.111918,2768.607974,6.529677,6.533224,353280,353280,353280,0,0,0,1
global_cg,uniform6_46,generic_compressible,1,1,128,134217728,134217720,11184810,178956960,0.750000,8803844096,1104,35328,10,36.000000,7659240.500000,7666092.000000,14959.383789,14972.765625,2772.112012,2770.511985,6.524966,6.528734,353280,353280,353280,0,0,0,1
global_cg,uniform6_45,non_compressible,0,0,128,134217728,134217720,11184810,178956960,0.750000,8669626368,1104,35328,10,36.000000,9281565.000000,9288738.500000,18127.986328,18141.997070,3356.751919,3357.007980,5.388523,5.388112,353280,353280,353280,0,0,0,1
global_cg,uniform6_45,generic_compressible,1,1,128,134217728,134217720,11184810,178956960,0.750000,8803844096,1104,35328,10,36.000000,9278895.000000,9286412.000000,18122.771484,18137.453125,3357.407928,3357.344031,5.387470,5.387573,353280,353280,353280,0,0,0,1
global_cg,uniform6_44,non_compressible,0,0,128,134217728,134217720,11184810,178956960,0.750000,8669626368,1104,35328,10,36.000000,7658756.000000,7665027.000000,14958.437500,14970.685547,2771.327972,2769.567966,6.526812,6.530959,353280,353280,353280,0,0,0,1
global_cg,uniform6_44,generic_compressible,1,1,128,134217728,134217720,11184810,178956960,0.750000,8803844096,1104,35328,10,36.000000,7660292.500000,7665812.500000,14961.438477,14972.219727,2771.536112,2769.584060,6.526322,6.530921,353280,353280,353280,0,0,0,1
global_cg,uniform6_43,non_compressible,0,0,128,134217728,134217720,11184810,178956960,0.750000,8669626368,1104,35328,10,36.000000,9289087.500000,9298284.500000,18142.678711,18160.641602,3358.240008,3357.040048,5.386136,5.388061,353280,353280,353280,0,0,0,1
global_cg,uniform6_43,generic_compressible,1,1,128,134217728,134217720,11184810,178956960,0.750000,8803844096,1104,35328,10,36.000000,9288295.500000,9283997.500000,18141.131836,18132.737305,3357.567906,3356.368065,5.387214,5.389140,353280,353280,353280,0,0,0,1
global_cg,uniform6_42,non_compressible,0,0,128,134217728,134217720,11184810,178956960,0.750000,8669626368,1104,35328,10,36.000000,7659724.500000,7666870.500000,14960.329102,14974.286133,2770.864010,2770.624042,6.527905,6.528470,353280,353280,353280,0,0,0,1
global_cg,uniform6_42,generic_compressible,1,1,128,134217728,134217720,11184810,178956960,0.750000,8803844096,1104,35328,10,36.000000,5227089.000000,5194015.500000,10209.087891,10144.491211,1897.040009,1880.799949,9.534821,9.617150,353280,353280,353280,0,0,0,1
global_cg,uniform6_41,non_compressible,0,0,128,134217728,134217720,11184810,178956960,0.750000,8669626368,1104,35328,10,36.000000,9289895.000000,9296008.500000,18144.255859,18156.196289,3359.056115,3357.184052,5.384827,5.387830,353280,353280,353280,0,0,0,1
global_cg,uniform6_41,generic_compressible,1,1,128,134217728,134217720,11184810,178956960,0.750000,8803844096,1104,35328,10,36.000000,9289508.500000,9294830.500000,18143.500977,18153.895508,3358.960032,3357.216001,5.384981,5.387778,353280,353280,353280,0,0,0,1
global_cg,uniform6_40,non_compressible,0,0,128,134217728,134217720,11184810,178956960,0.750000,8669626368,1104,35328,10,36.000000,9289176.500000,9294108.500000,18142.852539,18152.485352,3359.040022,3356.815934,5.384853,5.388421,353280,353280,353280,0,0,0,1
global_cg,uniform6_40,generic_compressible,1,1,128,134217728,134217720,11184810,178956960,0.750000,8803844096,1104,35328,10,36.000000,9290181.500000,9297226.000000,18144.815430,18158.574219,3358.000040,3356.672049,5.386520,5.388652,353280,353280,353280,0,0,0,1
global_cg,uniform6_39,non_compressible,0,0,128,134217728,134217720,11184810,178956960,0.750000,8669626368,1104,35328,10,36.000000,9288003.500000,9293092.500000,18140.561523,18150.500977,3357.391953,3356.320024,5.387496,5.389217,353280,353280,353280,0,0,0,1
global_cg,uniform6_39,generic_compressible,1,1,128,134217728,134217720,11184810,178956960,0.750000,8803844096,1104,35328,10,36.000000,9286962.500000,9290971.500000,18138.528320,18146.358398,3357.455969,3356.335998,5.387393,5.389191,353280,353280,353280,0,0,0,1
global_cg,uniform6_38,non_compressible,0,0,128,134217728,134217720,11184810,178956960,0.750000,8669626368,1104,35328,10,36.000000,7658997.500000,7666012.000000,14958.909180,14972.609375,2771.375895,2770.479918,6.526699,6.528810,353280,353280,353280,0,0,0,1
global_cg,uniform6_38,generic_compressible,1,1,128,134217728,134217720,11184810,178956960,0.750000,8803844096,1104,35328,10,36.000000,7660460.500000,7666139.000000,14961.766602,14972.857422,2771.584034,2770.527959,6.526209,6.528696,353280,353280,353280,0,0,0,1
global_cg,uniform6_37,non_compressible,0,0,128,134217728,134217720,11184810,178956960,0.750000,8669626368,1104,35328,10,36.000000,7657414.500000,7664879.000000,14955.817383,14970.396484,2770.671964,2770.688057,6.528357,6.528319,353280,353280,353280,0,0,0,1
global_cg,uniform6_37,generic_compressible,1,1,128,134217728,134217720,11184810,178956960,0.750000,8803844096,1104,35328,10,36.000000,7655058.500000,7661060.000000,14951.215820,14962.937500,2771.584034,2770.480037,6.526209,6.528809,353280,353280,353280,0,0,0,1
global_cg,uniform6_36,non_compressible,0,0,128,134217728,134217720,11184810,178956960,0.750000,8669626368,1104,35328,10,36.000000,7661221.500000,7668523.500000,14963.252930,14977.514648,2771.712065,2770.815969,6.525907,6.528018,353280,353280,353280,0,0,0,1
global_cg,uniform6_36,generic_compressible,1,1,128,134217728,134217720,11184810,178956960,0.750000,8803844096,1104,35328,10,36.000000,7658688.500000,7666788.500000,14958.305664,14974.125977,2770.735979,2770.447969,6.528206,6.528885,353280,353280,353280,0,0,0,1
global_cg,uniform6_35,non_compressible,0,0,128,134217728,134217720,11184810,178956960,0.750000,8669626368,1104,35328,10,36.000000,7658023.000000,7664925.500000,14957.005859,14970.487305,2771.103978,2770.528078,6.527339,6.528696,353280,353280,353280,0,0,0,1
global_cg,uniform6_35,generic_compressible,1,1,128,134217728,134217720,11184810,178956960,0.750000,8803844096,1104,35328,10,36.000000,7657519.500000,7665318.500000,14956.022461,14971.254883,2769.520044,2770.607948,6.531072,6.528508,353280,353280,353280,0,0,0,1
global_cg,uniform6_34,non_compressible,0,0,128,134217728,134217720,11184810,178956960,0.750000,8669626368,1104,35328,10,36.000000,9284094.000000,9264383.000000,18132.925781,18094.427734,3358.464003,3357.344031,5.385776,5.387573,353280,353280,353280,0,0,0,1
global_cg,uniform6_34,generic_compressible,1,1,128,134217728,134217720,11184810,178956960,0.750000,8803844096,1104,35328,10,36.000000,9280989.500000,9286251.500000,18126.862305,18137.139648,3358.096004,3356.256008,5.386367,5.389320,353280,353280,353280,0,0,0,1
global_cg,uniform6_33,non_compressible,0,0,128,134217728,134217720,11184810,178956960,0.750000,8669626368,1104,35328,10,36.000000,7660533.500000,7669291.500000,14961.909180,14979.014648,2771.568060,2770.640016,6.526246,6.528432,353280,353280,353280,0,0,0,1
global_cg,uniform6_33,generic_compressible,1,1,128,134217728,134217720,11184810,178956960,0.750000,8803844096,1104,35328,10,36.000000,7661999.000000,7666369.000000,14964.771484,14973.306641,2771.567941,2769.808054,6.526247,6.530393,353280,353280,353280,0,0,0,1
global_cg,uniform6_32,non_compressible,0,0,128,134217728,134217720,11184810,178956960,0.750000,8669626368,1104,35328,10,36.000000,7657252.000000,7667284.000000,14955.500000,14975.093750,2771.584034,2769.680023,6.526209,6.530695,353280,353280,353280,0,0,0,1
global_cg,uniform6_32,generic_compressible,1,1,128,134217728,134217720,11184810,178956960,0.750000,8803844096,1104,35328,10,36.000000,7660783.500000,7667576.000000,14962.397461,14975.664062,2771.792054,2770.368099,6.525719,6.529073,353280,353280,353280,0,0,0,1
global_cg,uniform6_31,non_compressible,0,0,128,134217728,134217720,11184810,178956960,0.750000,8669626368,1104,35328,10,36.000000,9256142.500000,9286274.000000,18078.333008,18137.183594,3357.151985,3356.176019,5.387881,5.389448,353280,353280,353280,0,0,0,1
global_cg,uniform6_31,generic_compressible,1,1,128,134217728,134217720,11184810,178956960,0.750000,8803844096,1104,35328,10,36.000000,9279270.500000,9282382.000000,18123.504883,18129.582031,3358.208060,3355.839968,5.386187,5.389988,353280,353280,353280,0,0,0,1
global_cg,uniform6_30,non_compressible,0,0,128,134217728,134217720,11184810,178956960,0.750000,8669626368,1104,35328,10,36.000000,7652808.500000,7660577.000000,14946.821289,14961.994141,2771.664023,2771.488070,6.526020,6.526435,353280,353280,353280,0,0,0,1
global_cg,uniform6_30,generic_compressible,1,1,128,134217728,134217720,11184810,178956960,0.750000,8803844096,1104,35328,10,36.000000,7652233.500000,7659073.000000,14945.698242,14959.056641,2771.343946,2770.576000,6.526774,6.528583,353280,353280,353280,0,0,0,1
global_cg,uniform6_29,non_compressible,0,0,128,134217728,134217720,11184810,178956960,0.750000,8669626368,1104,35328,10,36.000000,9290728.500000,9292747.500000,18145.883789,18149.827148,3358.479977,3356.464028,5.385751,5.388986,353280,353280,353280,0,0,0,1
global_cg,uniform6_29,generic_compressible,1,1,128,134217728,134217720,11184810,178956960,0.750000,8803844096,1104,35328,10,36.000000,9283125.000000,9285950.500000,18131.033203,18136.551758,3357.840061,3356.975913,5.386777,5.388164,353280,353280,353280,0,0,0,1
global_cg,uniform6_28,non_compressible,0,0,128,134217728,134217720,11184810,178956960,0.750000,8669626368,1104,35328,10,36.000000,8108234.500000,8117410.500000,15836.325195,15854.247070,3355.744004,3354.416013,5.390142,5.392276,353280,353280,353280,0,0,0,1
global_cg,uniform6_28,generic_compressible,1,1,128,134217728,134217720,11184810,178956960,0.750000,8803844096,1104,35328,10,36.000000,8107404.500000,8148219.500000,15834.704102,15914.420898,3356.655955,3354.303956,5.388677,5.392456,353280,353280,353280,0,0,0,1
global_cg,uniform6_27,non_compressible,0,0,128,134217728,134217720,11184810,178956960,0.750000,8669626368,1104,35328,10,36.000000,7657876.500000,7663048.000000,14956.719727,14966.820312,2771.232009,2768.831968,6.527038,6.532695,353280,353280,353280,0,0,0,1
global_cg,uniform6_27,generic_compressible,1,1,128,134217728,134217720,11184810,178956960,0.750000,8803844096,1104,35328,10,36.000000,7656944.000000,7665634.000000,14954.898438,14971.871094,2771.072030,2770.527959,6.527415,6.528696,353280,353280,353280,0,0,0,1
global_cg,uniform6_26,non_compressible,0,0,128,134217728,134217720,11184810,178956960,0.750000,8669626368,1104,35328,10,36.000000,9254007.500000,9286801.000000,18074.163086,18138.212891,3358.127952,3356.816053,5.386315,5.388420,353280,353280,353280,0,0,0,1
global_cg,uniform6_26,generic_compressible,1,1,128,134217728,134217720,11184810,178956960,0.750000,8803844096,1104,35328,10,36.000000,9279515.500000,9282306.500000,18123.983398,18129.434570,3358.143926,3356.112003,5.386290,5.389551,353280,353280,353280,0,0,0,1
global_cg,uniform6_25,non_compressible,0,0,128,134217728,134217720,11184810,178956960,0.750000,8669626368,1104,35328,10,36.000000,7656816.500000,7668009.500000,14954.649414,14976.510742,2771.631956,2770.624042,6.526096,6.528470,353280,353280,353280,0,0,0,1
global_cg,uniform6_25,generic_compressible,1,1,128,134217728,134217720,11184810,178956960,0.750000,8803844096,1104,35328,10,36.000000,7656651.000000,7666276.000000,14954.326172,14973.125000,2771.120071,2770.671964,6.527301,6.528357,353280,353280,353280,0,0,0,1
global_cg,uniform6_24,non_compressible,0,0,128,134217728,134217720,11184810,178956960,0.750000,8669626368,1104,35328,10,36.000000,9279188.000000,9285423.500000,18123.343750,18135.522461,3357.984066,3357.056022,5.386546,5.388035,353280,353280,353280,0,0,0,1
global_cg,uniform6_24,generic_compressible,1,1,128,134217728,134217720,11184810,178956960,0.750000,8803844096,1104,35328,10,36.000000,9276094.000000,9284907.500000,18117.300781,18134.514648,3356.944084,3356.816053,5.388215,5.388420,353280,353280,353280,0,0,0,1
global_cg,uniform6_23,non_compressible,0,0,128,134217728,134217720,11184810,178956960,0.750000,8669626368,1104,35328,10,36.000000,8196069.500000,8150478.500000,16007.877930,15918.833008,3356.271982,3355.952024,5.389294,5.389808,353280,353280,353280,0,0,0,1
global_cg,uniform6_23,generic_compressible,1,1,128,134217728,134217720,11184810,178956960,0.750000,8803844096,1104,35328,10,36.000000,8136868.000000,8149108.500000,15892.250000,15916.157227,3356.912017,3356.495976,5.388266,5.388934,353280,353280,353280,0,0,0,1
global_cg,uniform6_22,non_compressible,0,0,128,134217728,134217720,11184810,178956960,0.750000,8669626368,1104,35328,10,36.000000,7656827.000000,7665412.500000,14954.669922,14971.438477,2770.607948,2768.704057,6.528508,6.532997,353280,353280,353280,0,0,0,1
global_cg,uniform6_22,generic_compressible,1,1,128,134217728,134217720,11184810,178956960,0.750000,8803844096,1104,35328,10,36.000000,7660704.000000,7668324.000000,14962.242188,14977.125000,2771.200061,2770.560026,6.527113,6.528621,353280,353280,353280,0,0,0,1
global_cg,uniform6_21,non_compressible,0,0,128,134217728,134217720,11184810,178956960,0.750000,8669626368,1104,35328,10,36.000000,7659153.000000,7666041.500000,14959.212891,14972.666992,2771.023989,2769.008040,6.527528,6.532280,353280,353280,353280,0,0,0,1
global_cg,uniform6_21,generic_compressible,1,1,128,134217728,134217720,11184810,178956960,0.750000,8803844096,1104,35328,10,36.000000,5224253.000000,5200581.000000,10203.548828,10157.314453,1895.824015,1881.775975,9.540936,9.612162,353280,353280,353280,0,0,0,1
global_cg,uniform6_20,non_compressible,0,0,128,134217728,134217720,11184810,178956960,0.750000,8669626368,1104,35328,10,36.000000,9288667.000000,9296401.000000,18141.857422,18156.962891,3358.415961,3356.655955,5.385853,5.388677,353280,353280,353280,0,0,0,1
global_cg,uniform6_20,generic_compressible,1,1,128,134217728,134217720,11184810,178956960,0.750000,8803844096,1104,35328,10,36.000000,9290977.000000,9292809.000000,18146.369141,18149.947266,3358.160019,3357.503891,5.386264,5.387316,353280,353280,353280,0,0,0,1
global_cg,uniform6_19,non_compressible,0,0,128,134217728,134217720,11184810,178956960,0.750000,8669626368,1104,35328,10,36.000000,9276039.000000,9262497.000000,18117.193359,18090.744141,3358.800054,3355.983973,5.385237,5.389756,353280,353280,353280,0,0,0,1
global_cg,uniform6_19,generic_compressible,1,1,128,134217728,134217720,11184810,178956960,0.750000,8803844096,1104,35328,10,36.000000,9281273.000000,9278732.000000,18127.416016,18122.453125,3358.031988,3354.671955,5.386469,5.391864,353280,353280,353280,0,0,0,1
global_cg,uniform6_18,non_compressible,0,0,128,134217728,134217720,11184810,178956960,0.750000,8669626368,1104,35328,10,36.000000,8135521.500000,9263524.500000,15889.620117,18092.750977,3357.887983,3356.256008,5.386700,5.389320,353280,353280,353280,0,0,0,1
global_cg,uniform6_18,generic_compressible,1,1,128,134217728,134217720,11184810,178956960,0.750000,8803844096,1104,35328,10,36.000000,8134267.500000,8166254.500000,15887.170898,15949.645508,3356.831908,3355.792046,5.388395,5.390065,353280,353280,353280,0,0,0,1
global_cg,uniform6_17,non_compressible,0,0,128,134217728,134217720,11184810,178956960,0.750000,8669626368,1104,35328,10,36.000000,7647011.000000,7655203.000000,14935.498047,14951.498047,2771.600008,2770.591974,6.526171,6.528546,353280,353280,353280,0,0,0,1
global_cg,uniform6_17,generic_compressible,1,1,128,134217728,134217720,11184810,178956960,0.750000,8803844096,1104,35328,10,36.000000,7654229.000000,7661757.500000,14949.595703,14964.299805,2771.264076,2769.759893,6.526962,6.530507,353280,353280,353280,0,0,0,1
global_cg,uniform6_16,non_compressible,0,0,128,134217728,134217720,11184810,178956960,0.750000,8669626368,1104,35328,10,36.000000,9291328.500000,9294194.000000,18147.055664,18152.652344,3358.191967,3356.143951,5.386213,5.389499,353280,353280,353280,0,0,0,1
global_cg,uniform6_16,generic_compressible,1,1,128,134217728,134217720,11184810,178956960,0.750000,8803844096,1104,35328,10,36.000000,9278916.000000,9285440.000000,18122.812500,18135.554688,3358.080029,3355.584025,5.386392,5.390399,353280,353280,353280,0,0,0,1
global_cg,uniform6_15,non_compressible,0,0,128,134217728,134217720,11184810,178956960,0.750000,8669626368,1104,35328,10,36.000000,7641930.500000,7645682.000000,14925.575195,14932.902344,2771.744013,2770.623922,6.525832,6.528470,353280,353280,353280,0,0,0,1
global_cg,uniform6_15,generic_compressible,1,1,128,134217728,134217720,11184810,178956960,0.750000,8803844096,1104,35328,10,36.000000,7643637.000000,7650931.000000,14928.908203,14943.154297,2771.247983,2770.608068,6.527000,6.528508,353280,353280,353280,0,0,0,1
global_cg,uniform6_14,non_compressible,0,0,128,134217728,134217720,11184810,178956960,0.750000,8669626368,1104,35328,10,36.000000,9289500.500000,9295082.000000,18143.485352,18154.386719,3358.031988,3357.391953,5.386469,5.387496,353280,353280,353280,0,0,0,1
global_cg,uniform6_14,generic_compressible,1,1,128,134217728,134217720,11184810,178956960,0.750000,8803844096,1104,35328,10,36.000000,9288574.500000,9296177.500000,18141.676758,18156.526367,3358.207941,3357.408047,5.386187,5.387470,353280,353280,353280,0,0,0,1
global_cg,uniform6_13,non_compressible,0,0,128,134217728,134217720,11184810,178956960,0.750000,8669626368,1104,35328,10,36.000000,9289958.500000,9294872.000000,18144.379883,18153.976562,3358.319998,3357.424021,5.386007,5.387445,353280,353280,353280,0,0,0,1
global_cg,uniform6_13,generic_compressible,1,1,128,134217728,134217720,11184810,178956960,0.750000,8803844096,1104,35328,10,36.000000,9289668.500000,9294854.000000,18143.813477,18153.941406,3359.664083,3356.144071,5.383853,5.389499,353280,353280,353280,0,0,0,1
global_cg,uniform6_12,non_compressible,0,0,128,134217728,134217720,11184810,178956960,0.750000,8669626368,1104,35328,10,36.000000,9266916.000000,9267673.500000,18099.375000,18100.854492,3357.263923,3357.696056,5.387702,5.387008,353280,353280,353280,0,0,0,1
global_cg,uniform6_12,generic_compressible,1,1,128,134217728,134217720,11184810,178956960,0.750000,8803844096,1104,35328,10,36.000000,9268884.500000,9265774.500000,18103.219727,18097.145508,3359.103918,3356.495976,5.384750,5.388934,353280,353280,353280,0,0,0,1
global_cg,uniform6_11,non_compressible,0,0,128,134217728,134217720,11184810,178956960,0.750000,8669626368,1104,35328,10,36.000000,7652647.000000,7658024.500000,14946.505859,14957.008789,2771.839976,2770.688057,6.525606,6.528319,353280,353280,353280,0,0,0,1
global_cg,uniform6_11,generic_compressible,1,1,128,134217728,134217720,11184810,178956960,0.750000,8803844096,1104,35328,10,36.000000,7652437.500000,7662522.000000,14946.096680,14965.792969,2770.560026,2769.743919,6.528621,6.530545,353280,353280,353280,0,0,0,1
global_cg,uniform6_10,non_compressible,0,0,128,134217728,134217720,11184810,178956960,0.750000,8669626368,1104,35328,10,36.000000,8119375.500000,8140672.000000,15858.084961,15899.679688,3356.752038,3352.960110,5.388523,5.394617,353280,353280,353280,0,0,0,1
global_cg,uniform6_10,generic_compressible,1,1,128,134217728,134217720,11184810,178956960,0.750000,8803844096,1104,35328,10,36.000000,8134747.000000,8143224.000000,15888.107422,15904.664062,3356.239915,3356.735945,5.389345,5.388549,353280,353280,353280,0,0,0,1
global_cg,uniform6_9,non_compressible,0,0,128,134217728,134217720,11184810,178956960,0.750000,8669626368,1104,35328,10,36.000000,7660135.500000,7668238.500000,14961.131836,14976.958008,2771.103978,2770.560026,6.527339,6.528621,353280,353280,353280,0,0,0,1
global_cg,uniform6_9,generic_compressible,1,1,128,134217728,134217720,11184810,178956960,0.750000,8803844096,1104,35328,10,36.000000,7660609.500000,7667329.500000,14962.057617,14975.182617,2771.535993,2770.767927,6.526322,6.528131,353280,353280,353280,0,0,0,1
global_cg,uniform6_8,non_compressible,0,0,128,134217728,134217720,11184810,178956960,0.750000,8669626368,1104,35328,10,36.000000,7661395.500000,7668102.500000,14963.592773,14976.692383,2770.655990,2770.095944,6.528395,6.529715,353280,353280,353280,0,0,0,1
global_cg,uniform6_8,generic_compressible,1,1,128,134217728,134217720,11184810,178956960,0.750000,8803844096,1104,35328,10,36.000000,7660232.000000,7661922.000000,14961.320312,14964.621094,2771.615982,2770.352006,6.526134,6.529111,353280,353280,353280,0,0,0,1
global_cg,uniform6_7,non_compressible,0,0,128,134217728,134217720,11184810,178956960,0.750000,8669626368,1104,35328,10,36.000000,7654582.000000,7662631.500000,14950.285156,14966.006836,2771.152020,2770.464063,6.527226,6.528847,353280,353280,353280,0,0,0,1
global_cg,uniform6_7,generic_compressible,1,1,128,134217728,134217720,11184810,178956960,0.750000,8803844096,1104,35328,10,36.000000,7653956.500000,7660553.000000,14949.063477,14961.947266,2771.600008,2769.919991,6.526171,6.530129,353280,353280,353280,0,0,0,1
global_cg,uniform6_6,non_compressible,0,0,128,134217728,134217720,11184810,178956960,0.750000,8669626368,1104,35328,10,36.000000,9273661.000000,9279797.000000,18112.548828,18124.533203,3358.111978,3357.951999,5.386341,5.386598,353280,353280,353280,0,0,0,1
global_cg,uniform6_6,generic_compressible,1,1,128,134217728,134217720,11184810,178956960,0.750000,8803844096,1104,35328,10,36.000000,9279015.500000,9285128.000000,18123.006836,18134.945312,3357.552052,3357.087970,5.387239,5.387984,353280,353280,353280,0,0,0,1
global_cg,uniform6_5,non_compressible,0,0,128,134217728,134217720,11184810,178956960,0.750000,8669626368,1104,35328,10,36.000000,9259210.000000,9258822.500000,18084.324219,18083.567383,3357.328057,3354.928017,5.387599,5.391453,353280,353280,353280,0,0,0,1
global_cg,uniform6_5,generic_compressible,1,1,128,134217728,134217720,11184810,178956960,0.750000,8803844096,1104,35328,10,36.000000,8138835.500000,8138146.500000,15896.092773,15894.747070,3357.455969,3355.327964,5.387393,5.390810,353280,353280,353280,0,0,0,1
global_cg,uniform6_4,non_compressible,0,0,128,134217728,134217720,11184810,178956960,0.750000,8669626368,1104,35328,10,36.000000,7660066.500000,7669292.500000,14960.997070,14979.016602,2771.632075,2770.832062,6.526096,6.527980,353280,353280,353280,0,0,0,1
global_cg,uniform6_4,generic_compressible,1,1,128,134217728,134217720,11184810,178956960,0.750000,8803844096,1104,35328,10,36.000000,7657531.000000,7666756.000000,14956.044922,14974.062500,2770.320058,2770.591974,6.529186,6.528546,353280,353280,353280,0,0,0,1
global_cg,uniform6_3,non_compressible,0,0,128,134217728,134217720,11184810,178956960,0.750000,8669626368,1104,35328,10,36.000000,9259158.000000,9260581.500000,18084.222656,18087.002930,3357.488036,3356.703997,5.387342,5.388600,353280,353280,353280,0,0,0,1
global_cg,uniform6_3,generic_compressible,1,1,128,134217728,134217720,11184810,178956960,0.750000,8803844096,1104,35328,10,36.000000,9280914.000000,9261458.000000,18126.714844,18088.714844,3356.544018,3356.112003,5.388857,5.389551,353280,353280,353280,0,0,0,1
global_cg,uniform6_2,non_compressible,0,0,128,134217728,134217720,11184810,178956960,0.750000,8669626368,1104,35328,10,36.000000,7657980.000000,7666162.500000,14956.921875,14972.903320,2771.392107,2770.480037,6.526661,6.528809,353280,353280,353280,0,0,0,1
global_cg,uniform6_2,generic_compressible,1,1,128,134217728,134217720,11184810,178956960,0.750000,8803844096,1104,35328,10,36.000000,7659965.000000,7667501.000000,14960.798828,14975.517578,2771.551967,2770.336032,6.526284,6.529149,353280,353280,353280,0,0,0,1
global_cg,uniform6_1,non_compressible,0,0,128,134217728,134217720,11184810,178956960,0.750000,8669626368,1104,35328,10,36.000000,7659427.000000,7664892.000000,14959.748047,14970.421875,2771.744013,2770.608068,6.525832,6.528508,353280,353280,353280,0,0,0,1
global_cg,uniform6_1,generic_compressible,1,1,128,134217728,134217720,11184810,178956960,0.750000,8803844096,1104,35328,10,36.000000,7661161.500000,7668190.000000,14963.135742,14976.863281,2771.296024,2769.760013,6.526887,6.530507,353280,353280,353280,0,0,0,1
global_cg,uniform6_0,non_compressible,0,0,128,134217728,134217720,11184810,178956960,0.750000,8669626368,1104,35328,10,36.000000,7659557.000000,7666680.000000,14960.001953,14973.914062,2770.640016,2770.448089,6.528432,6.528885,353280,353280,353280,0,0,0,1
global_cg,uniform6_0,generic_compressible,1,1,128,134217728,134217720,11184810,178956960,0.750000,8803844096,1104,35328,10,36.000000,1276907.000000,1278491.500000,2493.888672,2496.983398,470.320001,469.648004,38.458785,38.513814,353280,353280,353280,0,0,0,1
global_cg,uniform6_63,non_compressible,0,0,64,67108864,67108860,5592405,89478480,0.750000,8669626368,1104,35328,10,36.000000,6608546.500000,6585669.500000,12907.247070,12862.565430,2693.744063,2720.767975,6.714794,6.648099,353280,353280,353280,0,0,0,1
global_cg,uniform6_63,generic_compressible,1,1,64,67108864,67108860,5592405,89478480,0.750000,8736735232,1104,35328,10,36.000000,1277666.500000,1278378.000000,2495.372070,2496.761719,470.576003,469.760001,38.437863,38.504632,353280,353280,353280,0,0,0,1
global_cg,uniform6_62,non_compressible,0,0,64,67108864,67108860,5592405,89478480,0.750000,8669626368,1104,35328,10,36.000000,7564412.500000,7531609.500000,14774.172852,14710.104492,2736.736059,2723.152041,6.609310,6.642279,353280,353280,353280,0,0,0,1
global_cg,uniform6_62,generic_compressible,1,1,64,67108864,67108860,5592405,89478480,0.750000,8736735232,1104,35328,10,36.000000,7561302.500000,7530400.000000,14768.098633,14707.742188,2734.912038,2721.599936,6.613718,6.646067,353280,353280,353280,0,0,0,1
global_cg,uniform6_61,non_compressible,0,0,64,67108864,67108860,5592405,89478480,0.750000,8669626368,1104,35328,10,36.000000,6657373.000000,6577056.500000,13002.611328,12845.743164,2735.967994,2720.560074,6.611165,6.648607,353280,353280,353280,0,0,0,1
global_cg,uniform6_61,generic_compressible,1,1,64,67108864,67108860,5592405,89478480,0.750000,8736735232,1104,35328,10,36.000000,6633917.500000,6626165.000000,12956.799805,12941.658203,2734.799981,2721.584082,6.613989,6.646106,353280,353280,353280,0,0,0,1
global_cg,uniform6_60,non_compressible,0,0,64,67108864,67108860,5592405,89478480,0.750000,8669626368,1104,35328,10,36.000000,7533166.000000,7505930.000000,14713.144531,14659.949219,2735.664010,2721.520066,6.611900,6.646262,353280,353280,353280,0,0,0,1
global_cg,uniform6_60,generic_compressible,1,1,64,67108864,67108860,5592405,89478480,0.750000,8736735232,1104,35328,10,36.000000,7534273.500000,7522898.000000,14715.307617,14693.089844,2734.959960,2721.951962,6.613602,6.645208,353280,353280,353280,0,0,0,1
global_cg,uniform6_59,non_compressible,0,0,64,67108864,67108860,5592405,89478480,0.750000,8669626368,1104,35328,10,36.000000,6220747.500000,6201917.000000,12149.827148,12113.048828,2253.504038,2243.088007,8.026582,8.063855,353280,353280,353280,0,0,0,1
global_cg,uniform6_59,generic_compressible,1,1,64,67108864,67108860,5592405,89478480,0.750000,8736735232,1104,35328,10,36.000000,6218136.000000,6201494.000000,12144.726562,12112.222656,2253.424048,2243.200064,8.026867,8.063452,353280,353280,353280,0,0,0,1
global_cg,uniform6_58,non_compressible,0,0,64,67108864,67108860,5592405,89478480,0.750000,8669626368,1104,35328,10,36.000000,6223680.500000,6202356.500000,12155.555664,12113.907227,2254.096031,2243.184090,8.024474,8.063509,353280,353280,353280,0,0,0,1
global_cg,uniform6_58,generic_compressible,1,1,64,67108864,67108860,5592405,89478480,0.750000,8736735232,1104,35328,10,36.000000,6220480.000000,6200206.000000,12149.304688,12109.707031,2252.911925,2243.055940,8.028692,8.063970,353280,353280,353280,0,0,0,1
global_cg,uniform6_57,non_compressible,0,0,64,67108864,67108860,5592405,89478480,0.750000,8669626368,1104,35328,10,36.000000,7564885.500000,7533494.500000,14775.096680,14713.786133,2735.679984,2722.447991,6.611861,6.643997,353280,353280,353280,0,0,0,1
global_cg,uniform6_57,generic_compressible,1,1,64,67108864,67108860,5592405,89478480,0.750000,8736735232,1104,35328,10,36.000000,7554333.000000,7524545.000000,14754.486328,14696.306641,2734.479904,2721.343994,6.614763,6.646692,353280,353280,353280,0,0,0,1
global_cg,uniform6_56,non_compressible,0,0,64,67108864,67108860,5592405,89478480,0.750000,8669626368,1104,35328,10,36.000000,7562570.000000,7529231.500000,14770.574219,14705.459961,2735.727906,2722.368002,6.611745,6.644192,353280,353280,353280,0,0,0,1
global_cg,uniform6_56,generic_compressible,1,1,64,67108864,67108860,5592405,89478480,0.750000,8736735232,1104,35328,10,36.000000,7550989.500000,7520537.000000,14747.956055,14688.478516,2734.895945,2721.616030,6.613757,6.646028,353280,353280,353280,0,0,0,1
global_cg,uniform6_55,non_compressible,0,0,64,67108864,67108860,5592405,89478480,0.750000,8669626368,1104,35328,10,36.000000,7561301.500000,7533861.000000,14768.096680,14714.501953,2736.000061,2721.776009,6.611088,6.645637,353280,353280,353280,0,0,0,1
global_cg,uniform6_55,generic_compressible,1,1,64,67108864,67108860,5592405,89478480,0.750000,8736735232,1104,35328,10,36.000000,7561257.500000,7530920.500000,14768.010742,14708.758789,2735.023975,2721.600056,6.613447,6.646067,353280,353280,353280,0,0,0,1
global_cg,uniform6_54,non_compressible,0,0,64,67108864,67108860,5592405,89478480,0.750000,8669626368,1104,35328,10,36.000000,7561721.500000,7534768.000000,14768.916992,14716.273438,2736.656070,2723.215938,6.609503,6.642123,353280,353280,353280,0,0,0,1
global_cg,uniform6_54,generic_compressible,1,1,64,67108864,67108860,5592405,89478480,0.750000,8736735232,1104,35328,10,36.000000,7563391.000000,7534300.000000,14772.177734,14715.359375,2734.848022,2721.472025,6.613872,6.646380,353280,353280,353280,0,0,0,1
global_cg,uniform6_53,non_compressible,0,0,64,67108864,67108860,5592405,89478480,0.750000,8669626368,1104,35328,10,47.000000,7557934.000000,7533185.500000,14761.498047,14713.161133,2735.200047,2722.656012,6.613021,6.643489,353280,353280,353280,0,0,0,1
global_cg,uniform6_53,generic_compressible,1,1,64,67108864,67108860,5592405,89478480,0.750000,8736735232,1104,35328,10,44.000000,7557106.500000,7528165.000000,14759.887695,14703.361328,2735.648036,2721.535921,6.611938,6.646224,353280,353280,353280,0,0,0,1
global_cg,uniform6_52,non_compressible,0,0,64,67108864,67108860,5592405,89478480,0.750000,8669626368,1104,35328,10,48.000000,7556122.000000,7532934.500000,14757.957031,14712.668945,2736.207962,2722.543955,6.610585,6.643763,353280,353280,353280,0,0,0,1
global_cg,uniform6_52,generic_compressible,1,1,64,67108864,67108860,5592405,89478480,0.750000,8736735232,1104,35328,10,47.500000,7555451.000000,7525561.000000,14756.647461,14698.268555,2737.104058,2723.328114,6.608421,6.641850,353280,353280,353280,0,0,0,1
global_cg,uniform6_51,non_compressible,0,0,64,67108864,67108860,5592405,89478480,0.750000,8669626368,1104,35328,10,44.000000,7563230.000000,7531619.500000,14771.847656,14710.108398,2736.544013,2722.527981,6.609773,6.643802,353280,353280,353280,0,0,0,1
global_cg,uniform6_51,generic_compressible,1,1,64,67108864,67108860,5592405,89478480,0.750000,8736735232,1104,35328,10,46.000000,7557373.000000,7530560.500000,14760.404297,14708.036133,2735.008001,2721.567988,6.613486,6.646145,353280,353280,353280,0,0,0,1
global_cg,uniform6_50,non_compressible,0,0,64,67108864,67108860,5592405,89478480,0.750000,8669626368,1104,35328,10,47.000000,7557917.500000,7531906.500000,14761.465820,14710.663086,2736.479998,2723.104000,6.609928,6.642396,353280,353280,353280,0,0,0,1
global_cg,uniform6_50,generic_compressible,1,1,64,67108864,67108860,5592405,89478480,0.750000,8736735232,1104,35328,10,48.000000,7550863.000000,7532829.500000,14747.685547,14712.463867,2735.952020,2721.743941,6.611204,6.645716,353280,353280,353280,0,0,0,1
global_cg,uniform6_49,non_compressible,0,0,64,67108864,67108860,5592405,89478480,0.750000,8669626368,1104,35328,10,46.000000,7558155.500000,7531581.500000,14761.932617,14710.030273,2736.128092,2721.535921,6.610778,6.646224,353280,353280,353280,0,0,0,1
global_cg,uniform6_49,generic_compressible,1,1,64,67108864,67108860,5592405,89478480,0.750000,8736735232,1104,35328,10,48.000000,7559479.500000,7531370.500000,14764.514648,14709.614258,2735.087991,2723.567963,6.613292,6.641265,353280,353280,353280,0,0,0,1
global_cg,uniform6_48,non_compressible,0,0,64,67108864,67108860,5592405,89478480,0.750000,8669626368,1104,35328,10,47.000000,7562091.000000,7535444.500000,14769.617188,14717.573242,2737.120032,2723.280072,6.608382,6.641967,353280,353280,353280,0,0,0,1
global_cg,uniform6_48,generic_compressible,1,1,64,67108864,67108860,5592405,89478480,0.750000,8736735232,1104,35328,10,47.000000,7548766.000000,7522950.000000,14743.591797,14693.169922,2735.120058,2721.760035,6.613215,6.645676,353280,353280,353280,0,0,0,1
global_cg,uniform6_47,non_compressible,0,0,64,67108864,67108860,5592405,89478480,0.750000,8669626368,1104,35328,10,46.000000,7561574.000000,7533406.500000,14768.609375,14713.594727,2736.976027,2722.512007,6.608730,6.643841,353280,353280,353280,0,0,0,1
global_cg,uniform6_47,generic_compressible,1,1,64,67108864,67108860,5592405,89478480,0.750000,8736735232,1104,35328,10,47.000000,7562726.000000,7521533.000000,14770.857422,14690.402344,2737.152100,2721.392035,6.608305,6.646575,353280,353280,353280,0,0,0,1
global_cg,uniform6_46,non_compressible,0,0,64,67108864,67108860,5592405,89478480,0.750000,8669626368,1104,35328,10,36.000000,6614730.500000,6581731.000000,12919.325195,12854.873047,2734.079957,2720.543981,6.615730,6.648647,353280,353280,353280,0,0,0,1
global_cg,uniform6_46,generic_compressible,1,1,64,67108864,67108860,5592405,89478480,0.750000,8736735232,1104,35328,10,36.000000,6369922.000000,6348515.000000,12441.183594,12399.373047,2495.151997,2482.240081,7.249232,7.286941,353280,353280,353280,0,0,0,1
global_cg,uniform6_45,non_compressible,0,0,64,67108864,67108860,5592405,89478480,0.750000,8669626368,1104,35328,10,36.000000,6217669.000000,6199462.000000,12143.814453,12108.253906,2253.039956,2242.143989,8.028236,8.067250,353280,353280,353280,0,0,0,1
global_cg,uniform6_45,generic_compressible,1,1,64,67108864,67108860,5592405,89478480,0.750000,8736735232,1104,35328,10,36.000000,6220656.000000,6198958.000000,12149.648438,12107.269531,2253.327966,2243.232012,8.027210,8.063337,353280,353280,353280,0,0,0,1
global_cg,uniform6_44,non_compressible,0,0,64,67108864,67108860,5592405,89478480,0.750000,8669626368,1104,35328,10,36.000000,6378895.000000,6346166.000000,12458.708984,12394.785156,2494.912028,2481.536031,7.249929,7.289008,353280,353280,353280,0,0,0,1
global_cg,uniform6_44,generic_compressible,1,1,64,67108864,67108860,5592405,89478480,0.750000,8736735232,1104,35328,10,36.000000,6373752.000000,6335648.500000,12448.664062,12374.243164,2494.112015,2481.119990,7.252255,7.290230,353280,353280,353280,0,0,0,1
global_cg,uniform6_43,non_compressible,0,0,64,67108864,67108860,5592405,89478480,0.750000,8669626368,1104,35328,10,36.000000,7551381.500000,7525152.500000,14748.721680,14697.493164,2736.320019,2722.239971,6.610315,6.644505,353280,353280,353280,0,0,0,1
global_cg,uniform6_43,generic_compressible,1,1,64,67108864,67108860,5592405,89478480,0.750000,8736735232,1104,35328,10,36.000000,7549522.500000,7523609.000000,14745.090820,14694.478516,2735.903978,2721.632004,6.611320,6.645989,353280,353280,353280,0,0,0,1
global_cg,uniform6_42,non_compressible,0,0,64,67108864,67108860,5592405,89478480,0.750000,8669626368,1104,35328,10,36.000000,6620348.000000,6585302.500000,12930.296875,12861.848633,2734.656096,2721.264005,6.614337,6.646888,353280,353280,353280,0,0,0,1
global_cg,uniform6_42,generic_compressible,1,1,64,67108864,67108860,5592405,89478480,0.750000,8736735232,1104,35328,10,36.000000,1424602.500000,1278620.500000,2782.356445,2497.235352,540.672004,470.911995,33.454545,38.410438,353280,353280,353280,0,0,0,1
global_cg,uniform6_41,non_compressible,0,0,64,67108864,67108860,5592405,89478480,0.750000,8669626368,1104,35328,10,36.000000,6227468.000000,6200961.000000,12162.953125,12111.181641,2253.392100,2241.407990,8.026981,8.069899,353280,353280,353280,0,0,0,1
global_cg,uniform6_41,generic_compressible,1,1,64,67108864,67108860,5592405,89478480,0.750000,8736735232,1104,35328,10,36.000000,6224449.000000,6205308.000000,12157.056641,12119.671875,2253.487945,2241.231918,8.026640,8.070533,353280,353280,353280,0,0,0,1
global_cg,uniform6_40,non_compressible,0,0,64,67108864,67108860,5592405,89478480,0.750000,8669626368,1104,35328,10,36.000000,6221284.000000,6205406.500000,12150.875000,12119.864258,2253.551960,2243.199944,8.026412,8.063452,353280,353280,353280,0,0,0,1
global_cg,uniform6_40,generic_compressible,1,1,64,67108864,67108860,5592405,89478480,0.750000,8736735232,1104,35328,10,36.000000,6218746.000000,6198830.000000,12145.917969,12107.019531,2253.440022,2242.256045,8.026810,8.066847,353280,353280,353280,0,0,0,1
global_cg,uniform6_39,non_compressible,0,0,64,67108864,67108860,5592405,89478480,0.750000,8669626368,1104,35328,10,36.000000,6217586.500000,6201080.500000,12143.653320,12111.415039,2253.391981,2243.312001,8.026982,8.063050,353280,353280,353280,0,0,0,1
global_cg,uniform6_39,generic_compressible,1,1,64,67108864,67108860,5592405,89478480,0.750000,8736735232,1104,35328,10,36.000000,6218009.000000,6197685.000000,12144.478516,12104.783203,2253.232002,2242.912054,8.027552,8.064487,353280,353280,353280,0,0,0,1
global_cg,uniform6_38,non_compressible,0,0,64,67108864,67108860,5592405,89478480,0.750000,8669626368,1104,35328,10,36.000000,7566850.500000,7537283.000000,14778.934570,14721.185547,2735.903978,2721.727967,6.611320,6.645755,353280,353280,353280,0,0,0,1
global_cg,uniform6_38,generic_compressible,1,1,64,67108864,67108860,5592405,89478480,0.750000,8736735232,1104,35328,10,36.000000,7551446.000000,7522124.500000,14748.847656,14691.579102,2734.928012,2721.375942,6.613679,6.646614,353280,353280,353280,0,0,0,1
global_cg,uniform6_37,non_compressible,0,0,64,67108864,67108860,5592405,89478480,0.750000,8669626368,1104,35328,10,36.000000,6608039.000000,6581638.000000,12906.255859,12854.691406,2734.320045,2721.376061,6.615150,6.646614,353280,353280,353280,0,0,0,1
global_cg,uniform6_37,generic_compressible,1,1,64,67108864,67108860,5592405,89478480,0.750000,8736735232,1104,35328,10,36.000000,6634151.500000,6609817.000000,12957.256836,12909.728516,2734.688044,2720.591903,6.614259,6.648530,353280,353280,353280,0,0,0,1
global_cg,uniform6_36,non_compressible,0,0,64,67108864,67108860,5592405,89478480,0.750000,8669626368,1104,35328,10,36.000000,6221324.000000,6202461.500000,12150.953125,12114.112305,2253.424048,2242.960095,8.026867,8.064315,353280,353280,353280,0,0,0,1
global_cg,uniform6_36,generic_compressible,1,1,64,67108864,67108860,5592405,89478480,0.750000,8736735232,1104,35328,10,36.000000,6216568.000000,6199191.500000,12141.664062,12107.725586,2252.943993,2242.175937,8.028578,8.067135,353280,353280,353280,0,0,0,1
global_cg,uniform6_35,non_compressible,0,0,64,67108864,67108860,5592405,89478480,0.750000,8669626368,1104,35328,10,36.000000,6244080.500000,6335360.500000,12195.399414,12373.680664,2254.992008,2483.152032,8.021286,7.284264,353280,353280,353280,0,0,0,1
global_cg,uniform6_35,generic_compressible,1,1,64,67108864,67108860,5592405,89478480,0.750000,8736735232,1104,35328,10,36.000000,6376892.500000,6337148.000000,12454.797852,12377.171875,2495.887995,2483.264089,7.247094,7.283936,353280,353280,353280,0,0,0,1
global_cg,uniform6_34,non_compressible,0,0,64,67108864,67108860,5592405,89478480,0.750000,8669626368,1104,35328,10,36.000000,7561584.500000,7533061.500000,14768.649414,14712.940430,2735.967994,2723.360062,6.611165,6.641772,353280,353280,353280,0,0,0,1
global_cg,uniform6_34,generic_compressible,1,1,64,67108864,67108860,5592405,89478480,0.750000,8736735232,1104,35328,10,36.000000,7547816.500000,7523478.500000,14741.758789,14694.223633,2734.655976,2721.375942,6.614337,6.646614,353280,353280,353280,0,0,0,1
global_cg,uniform6_33,non_compressible,0,0,64,67108864,67108860,5592405,89478480,0.750000,8669626368,1104,35328,10,36.000000,6612800.500000,6583949.000000,12915.555664,12859.205078,2736.464024,2722.544074,6.609967,6.643762,353280,353280,353280,0,0,0,1
global_cg,uniform6_33,generic_compressible,1,1,64,67108864,67108860,5592405,89478480,0.750000,8736735232,1104,35328,10,36.000000,6371300.000000,6355806.000000,12443.875000,12413.613281,2493.712068,2482.511997,7.253418,7.286142,353280,353280,353280,0,0,0,1
global_cg,uniform6_32,non_compressible,0,0,64,67108864,67108860,5592405,89478480,0.750000,8669626368,1104,35328,10,36.000000,7562082.500000,7532921.500000,14769.622070,14712.666992,2735.840082,2723.215938,6.611474,6.642123,353280,353280,353280,0,0,0,1
global_cg,uniform6_32,generic_compressible,1,1,64,67108864,67108860,5592405,89478480,0.750000,8736735232,1104,35328,10,36.000000,7557918.000000,7529895.000000,14761.488281,14706.755859,2735.408068,2723.295927,6.612518,6.641928,353280,353280,353280,0,0,0,1
global_cg,uniform6_31,non_compressible,0,0,64,67108864,67108860,5592405,89478480,0.750000,8669626368,1104,35328,10,36.000000,6218731.000000,6204712.500000,12145.888672,12118.508789,2253.823996,2243.248105,8.025443,8.063279,353280,353280,353280,0,0,0,1
global_cg,uniform6_31,generic_compressible,1,1,64,67108864,67108860,5592405,89478480,0.750000,8736735232,1104,35328,10,36.000000,6217384.000000,6197343.500000,12143.257812,12104.116211,2252.976060,2241.215944,8.028463,8.070590,353280,353280,353280,0,0,0,1
global_cg,uniform6_30,non_compressible,0,0,64,67108864,67108860,5592405,89478480,0.750000,8669626368,1104,35328,10,36.000000,7563309.000000,7532411.000000,14772.017578,14711.669922,2736.191988,2722.591996,6.610624,6.643645,353280,353280,353280,0,0,0,1
global_cg,uniform6_30,generic_compressible,1,1,64,67108864,67108860,5592405,89478480,0.750000,8736735232,1104,35328,10,36.000000,7560704.500000,7530249.500000,14766.930664,14707.448242,2735.503912,2721.456051,6.612287,6.646419,353280,353280,353280,0,0,0,1
global_cg,uniform6_29,non_compressible,0,0,64,67108864,67108860,5592405,89478480,0.750000,8669626368,1104,35328,10,36.000000,6217432.500000,6199571.500000,12143.352539,12108.467773,2253.520012,2243.200064,8.026526,8.063452,353280,353280,353280,0,0,0,1
global_cg,uniform6_29,generic_compressible,1,1,64,67108864,67108860,5592405,89478480,0.750000,8736735232,1104,35328,10,36.000000,6217334.000000,6197678.500000,12143.160156,12104.770508,2252.272010,2242.336035,8.030973,8.066559,353280,353280,353280,0,0,0,1
global_cg,uniform6_28,non_compressible,0,0,64,67108864,67108860,5592405,89478480,0.750000,8669626368,1104,35328,10,36.000000,7551791.500000,7521885.500000,14749.522461,14691.112305,2734.943986,2721.728086,6.613640,6.645754,353280,353280,353280,0,0,0,1
global_cg,uniform6_28,generic_compressible,1,1,64,67108864,67108860,5592405,89478480,0.750000,8736735232,1104,35328,10,36.000000,7550721.000000,7521480.000000,14747.431641,14690.320312,2734.799981,2721.231937,6.613989,6.646966,353280,353280,353280,0,0,0,1
global_cg,uniform6_27,non_compressible,0,0,64,67108864,67108860,5592405,89478480,0.750000,8669626368,1104,35328,10,36.000000,6605601.000000,6582435.500000,12901.494141,12856.249023,2734.928012,2720.432043,6.613679,6.648920,353280,353280,353280,0,0,0,1
global_cg,uniform6_27,generic_compressible,1,1,64,67108864,67108860,5592405,89478480,0.750000,8736735232,1104,35328,10,36.000000,6619135.500000,6583610.500000,12927.928711,12858.543945,2733.647943,2720.400095,6.616776,6.648998,353280,353280,353280,0,0,0,1
global_cg,uniform6_26,non_compressible,0,0,64,67108864,67108860,5592405,89478480,0.750000,8669626368,1104,35328,10,36.000000,6218011.000000,6200914.500000,12144.482422,12111.090820,2253.535986,2243.167996,8.026469,8.063567,353280,353280,353280,0,0,0,1
global_cg,uniform6_26,generic_compressible,1,1,64,67108864,67108860,5592405,89478480,0.750000,8736735232,1104,35328,10,36.000000,6217807.500000,6198269.000000,12144.084961,12105.923828,2253.232002,2241.311908,8.027552,8.070245,353280,353280,353280,0,0,0,1
global_cg,uniform6_25,non_compressible,0,0,64,67108864,67108860,5592405,89478480,0.750000,8669626368,1104,35328,10,36.000000,6612982.000000,6581867.000000,12915.910156,12855.138672,2734.768033,2720.479965,6.614066,6.648803,353280,353280,353280,0,0,0,1
global_cg,uniform6_25,generic_compressible,1,1,64,67108864,67108860,5592405,89478480,0.750000,8736735232,1104,35328,10,36.000000,6377839.500000,6352090.000000,12456.647461,12406.355469,2495.983958,2482.480049,7.246816,7.286236,353280,353280,353280,0,0,0,1
global_cg,uniform6_24,non_compressible,0,0,64,67108864,67108860,5592405,89478480,0.750000,8669626368,1104,35328,10,36.000000,6218263.000000,6198548.500000,12144.974609,12106.469727,2253.440022,2242.223978,8.026810,8.066962,353280,353280,353280,0,0,0,1
global_cg,uniform6_24,generic_compressible,1,1,64,67108864,67108860,5592405,89478480,0.750000,8736735232,1104,35328,10,36.000000,6214511.500000,6195681.000000,12137.647461,12100.869141,2252.831936,2243.200064,8.028977,8.063452,353280,353280,353280,0,0,0,1
global_cg,uniform6_23,non_compressible,0,0,64,67108864,67108860,5592405,89478480,0.750000,8669626368,1104,35328,10,36.000000,6374770.000000,6338626.000000,12450.652344,12380.058594,2495.088100,2482.447982,7.249418,7.286330,353280,353280,353280,0,0,0,1
global_cg,uniform6_23,generic_compressible,1,1,64,67108864,67108860,5592405,89478480,0.750000,8736735232,1104,35328,10,36.000000,6385778.000000,6348353.500000,12472.152344,12399.057617,2494.624019,2481.487989,7.250766,7.289149,353280,353280,353280,0,0,0,1
global_cg,uniform6_22,non_compressible,0,0,64,67108864,67108860,5592405,89478480,0.750000,8669626368,1104,35328,10,36.000000,7561535.000000,7529401.000000,14768.552734,14705.791016,2735.552073,2721.456051,6.612170,6.646419,353280,353280,353280,0,0,0,1
global_cg,uniform6_22,generic_compressible,1,1,64,67108864,67108860,5592405,89478480,0.750000,8736735232,1104,35328,10,36.000000,7559313.000000,7529936.000000,14764.212891,14706.835938,2736.160040,2721.439958,6.610701,6.646458,353280,353280,353280,0,0,0,1
global_cg,uniform6_21,non_compressible,0,0,64,67108864,67108860,5592405,89478480,0.750000,8669626368,1104,35328,10,36.000000,6237366.000000,6220695.000000,12182.285156,12149.724609,2254.688025,2245.503902,8.022368,8.055179,353280,353280,353280,0,0,0,1
global_cg,uniform6_21,generic_compressible,1,1,64,67108864,67108860,5592405,89478480,0.750000,8736735232,1104,35328,10,36.000000,1421784.500000,1279329.500000,2776.852539,2498.620117,523.424000,470.271990,34.556948,38.462712,353280,353280,353280,0,0,0,1
global_cg,uniform6_20,non_compressible,0,0,64,67108864,67108860,5592405,89478480,0.750000,8669626368,1104,35328,10,36.000000,7558553.000000,7531245.000000,14762.728516,14709.392578,2736.448050,2721.632004,6.610005,6.645989,353280,353280,353280,0,0,0,1
global_cg,uniform6_20,generic_compressible,1,1,64,67108864,67108860,5592405,89478480,0.750000,8736735232,1104,35328,10,36.000000,7559868.500000,7528896.500000,14765.297852,14704.805664,2736.016035,2721.423984,6.611049,6.646497,353280,353280,353280,0,0,0,1
global_cg,uniform6_19,non_compressible,0,0,64,67108864,67108860,5592405,89478480,0.750000,8669626368,1104,35328,10,36.000000,6381876.500000,6353879.000000,12464.532227,12409.849609,2495.967984,2481.840014,7.246862,7.288115,353280,353280,353280,0,0,0,1
global_cg,uniform6_19,generic_compressible,1,1,64,67108864,67108860,5592405,89478480,0.750000,8736735232,1104,35328,10,36.000000,6347921.000000,6349661.500000,12398.212891,12401.612305,2494.976044,2481.328011,7.249743,7.289619,353280,353280,353280,0,0,0,1
global_cg,uniform6_18,non_compressible,0,0,64,67108864,67108860,5592405,89478480,0.750000,8669626368,1104,35328,10,36.000000,7559570.500000,7532130.000000,14764.715820,14711.121094,2736.415982,2723.008037,6.610083,6.642630,353280,353280,353280,0,0,0,1
global_cg,uniform6_18,generic_compressible,1,1,64,67108864,67108860,5592405,89478480,0.750000,8736735232,1104,35328,10,36.000000,7556794.000000,7530059.500000,14759.292969,14707.077148,2734.928012,2721.680045,6.613679,6.645872,353280,353280,353280,0,0,0,1
global_cg,uniform6_17,non_compressible,0,0,64,67108864,67108860,5592405,89478480,0.750000,8669626368,1104,35328,10,36.000000,6616096.500000,6584533.500000,12921.993164,12860.346680,2733.807921,2721.199989,6.616389,6.647044,353280,353280,353280,0,0,0,1
global_cg,uniform6_17,generic_compressible,1,1,64,67108864,67108860,5592405,89478480,0.750000,8736735232,1104,35328,10,36.000000,6657003.500000,6605448.000000,13001.889648,12901.195312,2734.607935,2721.423984,6.614453,6.646497,353280,353280,353280,0,0,0,1
global_cg,uniform6_16,non_compressible,0,0,64,67108864,67108860,5592405,89478480,0.750000,8669626368,1104,35328,10,36.000000,6219815.000000,6200083.000000,12148.005859,12109.466797,2253.567934,2242.447972,8.026355,8.066156,353280,353280,353280,0,0,0,1
global_cg,uniform6_16,generic_compressible,1,1,64,67108864,67108860,5592405,89478480,0.750000,8736735232,1104,35328,10,36.000000,6218591.000000,6199059.500000,12145.615234,12107.467773,2252.384067,2242.447972,8.030574,8.066156,353280,353280,353280,0,0,0,1
global_cg,uniform6_15,non_compressible,0,0,64,67108864,67108860,5592405,89478480,0.750000,8669626368,1104,35328,10,36.000000,6219926.000000,6199990.500000,12148.222656,12109.286133,2253.600001,2243.296027,8.026241,8.063107,353280,353280,353280,0,0,0,1
global_cg,uniform6_15,generic_compressible,1,1,64,67108864,67108860,5592405,89478480,0.750000,8736735232,1104,35328,10,36.000000,6218059.500000,6198194.000000,12144.577148,12105.777344,2253.087997,2242.303967,8.028065,8.066674,353280,353280,353280,0,0,0,1
global_cg,uniform6_14,non_compressible,0,0,64,67108864,67108860,5592405,89478480,0.750000,8669626368,1104,35328,10,36.000000,7536530.000000,7526904.000000,14719.714844,14700.914062,2735.791922,2722.223997,6.611591,6.644544,353280,353280,353280,0,0,0,1
global_cg,uniform6_14,generic_compressible,1,1,64,67108864,67108860,5592405,89478480,0.750000,8736735232,1104,35328,10,36.000000,7547789.000000,7521706.500000,14741.705078,14690.762695,2734.896064,2721.439958,6.613756,6.646458,353280,353280,353280,0,0,0,1
global_cg,uniform6_13,non_compressible,0,0,64,67108864,67108860,5592405,89478480,0.750000,8669626368,1104,35328,10,36.000000,7564808.000000,7533145.000000,14774.945312,14713.103516,2736.415982,2721.759915,6.610083,6.645677,353280,353280,353280,0,0,0,1
global_cg,uniform6_13,generic_compressible,1,1,64,67108864,67108860,5592405,89478480,0.750000,8736735232,1104,35328,10,36.000000,7560472.000000,7532199.000000,14766.476562,14711.255859,2734.943986,2722.303987,6.613640,6.644348,353280,353280,353280,0,0,0,1
global_cg,uniform6_12,non_compressible,0,0,64,67108864,67108860,5592405,89478480,0.750000,8669626368,1104,35328,10,36.000000,7559158.000000,7530714.000000,14763.910156,14708.355469,2736.511946,2721.600056,6.609851,6.646067,353280,353280,353280,0,0,0,1
global_cg,uniform6_12,generic_compressible,1,1,64,67108864,67108860,5592405,89478480,0.750000,8736735232,1104,35328,10,36.000000,7557935.000000,7530798.000000,14761.521484,14708.519531,2735.360026,2721.711993,6.612634,6.645794,353280,353280,353280,0,0,0,1
global_cg,uniform6_11,non_compressible,0,0,64,67108864,67108860,5592405,89478480,0.750000,8669626368,1104,35328,10,36.000000,7568703.000000,7532781.000000,14782.552734,14712.392578,2736.671925,2723.487973,6.609465,6.641460,353280,353280,353280,0,0,0,1
global_cg,uniform6_11,generic_compressible,1,1,64,67108864,67108860,5592405,89478480,0.750000,8736735232,1104,35328,10,36.000000,7560327.000000,7531312.500000,14766.193359,14709.524414,2736.591935,2721.904039,6.609658,6.645325,353280,353280,353280,0,0,0,1
global_cg,uniform6_10,non_compressible,0,0,64,67108864,67108860,5592405,89478480,0.750000,8669626368,1104,35328,10,44.000000,7570457.500000,7538586.500000,14785.963867,14723.715820,2740.239978,2727.312088,6.600858,6.632147,353280,353280,353280,0,0,0,1
global_cg,uniform6_10,generic_compressible,1,1,64,67108864,67108860,5592405,89478480,0.750000,8736735232,1104,35328,10,44.000000,7568462.000000,7537685.000000,14782.066406,14721.955078,2739.823937,2727.295995,6.601861,6.632187,353280,353280,353280,0,0,0,1
global_cg,uniform6_9,non_compressible,0,0,64,67108864,67108860,5592405,89478480,0.750000,8669626368,1104,35328,10,36.000000,6373080.000000,6330510.000000,12447.351562,12364.207031,2494.847894,2481.680036,7.250116,7.288585,353280,353280,353280,0,0,0,1
global_cg,uniform6_9,generic_compressible,1,1,64,67108864,67108860,5592405,89478480,0.750000,8736735232,1104,35328,10,36.000000,6378635.000000,6339317.000000,12458.201172,12381.408203,2493.919969,2482.192039,7.252813,7.287082,353280,353280,353280,0,0,0,1
global_cg,uniform6_8,non_compressible,0,0,64,67108864,67108860,5592405,89478480,0.750000,8669626368,1104,35328,10,36.000000,7534906.000000,7504860.500000,14716.542969,14657.860352,2735.520005,2722.415924,6.612248,6.644075,353280,353280,353280,0,0,0,1
global_cg,uniform6_8,generic_compressible,1,1,64,67108864,67108860,5592405,89478480,0.750000,8736735232,1104,35328,10,36.000000,7554424.000000,7524846.500000,14754.664062,14696.895508,2736.223936,2723.423958,6.610547,6.641616,353280,353280,353280,0,0,0,1
global_cg,uniform6_7,non_compressible,0,0,64,67108864,67108860,5592405,89478480,0.750000,8669626368,1104,35328,10,36.000000,6220674.000000,6199867.000000,12149.683594,12109.044922,2253.872037,2241.407990,8.025272,8.069899,353280,353280,353280,0,0,0,1
global_cg,uniform6_7,generic_compressible,1,1,64,67108864,67108860,5592405,89478480,0.750000,8736735232,1104,35328,10,36.000000,6218578.000000,6199503.500000,12145.589844,12108.334961,2253.087997,2243.088007,8.028065,8.063855,353280,353280,353280,0,0,0,1
global_cg,uniform6_6,non_compressible,0,0,64,67108864,67108860,5592405,89478480,0.750000,8669626368,1104,35328,10,36.000000,7561000.000000,7532912.000000,14767.507812,14712.648438,2734.959960,2723.471999,6.613602,6.641499,353280,353280,353280,0,0,0,1
global_cg,uniform6_6,generic_compressible,1,1,64,67108864,67108860,5592405,89478480,0.750000,8736735232,1104,35328,10,36.000000,7558425.500000,7530766.500000,14762.479492,14708.458008,2734.895945,2721.552014,6.613757,6.646184,353280,353280,353280,0,0,0,1
global_cg,uniform6_5,non_compressible,0,0,64,67108864,67108860,5592405,89478480,0.750000,8669626368,1104,35328,10,36.000000,6221414.500000,6201710.000000,12151.129883,12112.644531,2253.855944,2243.168116,8.025329,8.063567,353280,353280,353280,0,0,0,1
global_cg,uniform6_5,generic_compressible,1,1,64,67108864,67108860,5592405,89478480,0.750000,8736735232,1104,35328,10,36.000000,6220718.500000,6199043.500000,12149.770508,12107.436523,2253.503919,2241.296053,8.026583,8.070302,353280,353280,353280,0,0,0,1
global_cg,uniform6_4,non_compressible,0,0,64,67108864,67108860,5592405,89478480,0.750000,8669626368,1104,35328,10,36.000000,7560528.500000,7532567.000000,14766.586914,14711.974609,2735.120058,2721.456051,6.613215,6.646419,353280,353280,353280,0,0,0,1
global_cg,uniform6_4,generic_compressible,1,1,64,67108864,67108860,5592405,89478480,0.750000,8736735232,1104,35328,10,36.000000,7550140.500000,7535673.000000,14746.297852,14718.041016,2735.808015,2721.711993,6.611552,6.645794,353280,353280,353280,0,0,0,1
global_cg,uniform6_3,non_compressible,0,0,64,67108864,67108860,5592405,89478480,0.750000,8669626368,1104,35328,10,36.000000,6221693.500000,6195806.500000,12151.674805,12101.114258,2254.927993,2243.200064,8.021514,8.063452,353280,353280,353280,0,0,0,1
global_cg,uniform6_3,generic_compressible,1,1,64,67108864,67108860,5592405,89478480,0.750000,8736735232,1104,35328,10,36.000000,6218660.000000,6196440.500000,12145.750000,12102.352539,2253.520012,2243.328094,8.026526,8.062992,353280,353280,353280,0,0,0,1
global_cg,uniform6_2,non_compressible,0,0,64,67108864,67108860,5592405,89478480,0.750000,8669626368,1104,35328,10,36.000000,6221805.500000,6201304.500000,12151.893555,12111.852539,2253.648043,2242.896080,8.026070,8.064545,353280,353280,353280,0,0,0,1
global_cg,uniform6_2,generic_compressible,1,1,64,67108864,67108860,5592405,89478480,0.750000,8736735232,1104,35328,10,36.000000,6217844.000000,6201733.000000,12144.156250,12112.689453,2252.847910,2243.360043,8.028920,8.062877,353280,353280,353280,0,0,0,1
global_cg,uniform6_1,non_compressible,0,0,64,67108864,67108860,5592405,89478480,0.750000,8669626368,1104,35328,10,36.000000,6220305.000000,6206573.500000,12148.962891,12122.143555,2252.575994,2243.360043,8.029889,8.062877,353280,353280,353280,0,0,0,1
global_cg,uniform6_1,generic_compressible,1,1,64,67108864,67108860,5592405,89478480,0.750000,8736735232,1104,35328,10,36.000000,6221168.500000,6200785.500000,12150.649414,12110.838867,2253.455997,2241.424084,8.026754,8.069841,353280,353280,353280,0,0,0,1
global_cg,uniform6_0,non_compressible,0,0,64,67108864,67108860,5592405,89478480,0.750000,8669626368,1104,35328,10,36.000000,6220818.500000,6202044.500000,12149.965820,12113.297852,2253.360033,2241.600037,8.027095,8.069208,353280,353280,353280,0,0,0,1
global_cg,uniform6_0,generic_compressible,1,1,64,67108864,67108860,5592405,89478480,0.750000,8736735232,1104,35328,10,36.000000,1276958.000000,1278297.500000,2493.988281,2496.604492,470.256001,469.599992,38.464020,38.517752,353280,353280,353280,0,0,0,1
global_cg,uniform6_63,non_compressible,0,0,40,41943040,41943036,3495253,55924048,0.750000,8669626368,1104,35328,10,36.000000,2645507.000000,2424758.000000,5166.935547,4735.785156,968.208015,885.951996,18.681870,20.416384,353280,353280,353280,0,0,0,1
global_cg,uniform6_63,generic_compressible,1,1,40,41943040,41943036,3495253,55924048,0.750000,8711569408,1104,35328,10,36.000000,1277213.000000,1278510.000000,2494.486328,2497.019531,470.175996,469.792008,38.470565,38.502009,353280,353280,353280,0,0,0,1
global_cg,uniform6_62,non_compressible,0,0,40,41943040,41943036,3495253,55924048,0.750000,8669626368,1104,35328,10,36.000000,3216894.000000,2947575.500000,6282.925781,5756.913086,1173.264027,1074.751973,15.416765,16.829870,353280,353280,353280,0,0,0,1
global_cg,uniform6_62,generic_compressible,1,1,40,41943040,41943036,3495253,55924048,0.750000,8711569408,1104,35328,10,36.000000,3229079.500000,2962858.000000,6306.725586,5786.761719,1178.496003,1080.208004,15.348322,16.744864,353280,353280,353280,0,0,0,1
global_cg,uniform6_61,non_compressible,0,0,40,41943040,41943036,3495253,55924048,0.750000,8669626368,1104,35328,10,36.000000,2644752.000000,2422604.000000,5165.460938,4731.578125,968.064010,885.520011,18.684649,20.426344,353280,353280,353280,0,0,0,1
global_cg,uniform6_61,generic_compressible,1,1,40,41943040,41943036,3495253,55924048,0.750000,8711569408,1104,35328,10,36.000000,2653871.000000,2436108.500000,5183.271484,4757.954102,970.528007,891.791999,18.637212,20.282685,353280,353280,353280,0,0,0,1
global_cg,uniform6_60,non_compressible,0,0,40,41943040,41943036,3495253,55924048,0.750000,8669626368,1104,35328,10,36.000000,3218614.500000,2949553.000000,6286.286133,5760.775391,1174.960017,1075.951993,15.394512,16.811099,353280,353280,353280,0,0,0,1
global_cg,uniform6_60,generic_compressible,1,1,40,41943040,41943036,3495253,55924048,0.750000,8711569408,1104,35328,10,36.000000,3229861.000000,2963779.000000,6308.251953,5788.560547,1177.983999,1081.647992,15.354993,16.722572,353280,353280,353280,0,0,0,1
global_cg,uniform6_59,non_compressible,0,0,40,41943040,41943036,3495253,55924048,0.750000,8669626368,1104,35328,10,36.000000,2642677.000000,2421918.500000,5161.408203,4730.239258,966.367990,885.792017,18.717441,20.420071,353280,353280,353280,0,0,0,1
global_cg,uniform6_59,generic_compressible,1,1,40,41943040,41943036,3495253,55924048,0.750000,8711569408,1104,35328,10,36.000000,2653054.500000,2435539.000000,5181.676758,4756.841797,970.512003,891.647995,18.637519,20.285961,353280,353280,353280,0,0,0,1
global_cg,uniform6_58,non_compressible,0,0,40,41943040,41943036,3495253,55924048,0.750000,8669626368,1104,35328,10,36.000000,3214878.000000,2945497.000000,6278.988281,5752.853516,1173.951983,1074.688017,15.407731,16.830872,353280,353280,353280,0,0,0,1
global_cg,uniform6_58,generic_compressible,1,1,40,41943040,41943036,3495253,55924048,0.750000,8711569408,1104,35328,10,36.000000,3229512.500000,2965168.000000,6307.571289,5791.273438,1179.360032,1082.000017,15.337077,16.717131,353280,353280,353280,0,0,0,1
global_cg,uniform6_57,non_compressible,0,0,40,41943040,41943036,3495253,55924048,0.750000,8669626368,1104,35328,10,36.000000,3216098.500000,2945277.000000,6281.372070,5752.423828,1173.375964,1073.791981,15.415294,16.844916,353280,353280,353280,0,0,0,1
global_cg,uniform6_57,generic_compressible,1,1,40,41943040,41943036,3495253,55924048,0.750000,8711569408,1104,35328,10,36.000000,3228547.000000,2963136.000000,6305.685547,5787.304688,1177.919984,1080.287993,15.355827,16.743624,353280,353280,353280,0,0,0,1
global_cg,uniform6_56,non_compressible,0,0,40,41943040,41943036,3495253,55924048,0.750000,8669626368,1104,35328,10,36.000000,3218848.500000,2946879.000000,6286.743164,5755.552734,1174.543977,1075.792015,15.399965,16.813599,353280,353280,353280,0,0,0,1
global_cg,uniform6_56,generic_compressible,1,1,40,41943040,41943036,3495253,55924048,0.750000,8711569408,1104,35328,10,36.000000,3230596.500000,2963783.000000,6309.688477,5788.568359,1178.799987,1081.008017,15.344364,16.732472,353280,353280,353280,0,0,0,1
global_cg,uniform6_55,non_compressible,0,0,40,41943040,41943036,3495253,55924048,0.750000,8669626368,1104,35328,10,36.000000,3214624.000000,2945328.000000,6278.492188,5752.523438,1174.975991,1075.344026,15.394303,16.820604,353280,353280,353280,0,0,0,1
global_cg,uniform6_55,generic_compressible,1,1,40,41943040,41943036,3495253,55924048,0.750000,8711569408,1104,35328,10,36.000000,3226617.500000,2962449.500000,6301.916992,5785.963867,1178.175986,1081.903994,15.352491,16.718615,353280,353280,353280,0,0,0,1
global_cg,uniform6_54,non_compressible,0,0,40,41943040,41943036,3495253,55924048,0.750000,8669626368,1104,35328,10,36.000000,3215789.500000,2945974.500000,6280.768555,5753.786133,1175.199986,1074.320018,15.391368,16.836637,353280,353280,353280,0,0,0,1
global_cg,uniform6_54,generic_compressible,1,1,40,41943040,41943036,3495253,55924048,0.750000,8711569408,1104,35328,10,36.000000,3228786.000000,2963241.500000,6306.152344,5787.510742,1179.024041,1082.016051,15.341448,16.716883,353280,353280,353280,0,0,0,1
global_cg,uniform6_53,non_compressible,0,0,40,41943040,41943036,3495253,55924048,0.750000,8669626368,1104,35328,10,36.000000,3217216.000000,2952396.500000,6283.554688,5766.329102,1173.807979,1076.128006,15.409621,16.808350,353280,353280,353280,0,0,0,1
global_cg,uniform6_53,generic_compressible,1,1,40,41943040,41943036,3495253,55924048,0.750000,8711569408,1104,35328,10,36.000000,3227214.500000,2962521.000000,6303.083008,5786.103516,1178.095996,1080.272019,15.353533,16.743872,353280,353280,353280,0,0,0,1
global_cg,uniform6_52,non_compressible,0,0,40,41943040,41943036,3495253,55924048,0.750000,8669626368,1104,35328,10,36.000000,2644955.500000,2423883.500000,5165.858398,4734.077148,967.711985,886.624008,18.691446,20.400909,353280,353280,353280,0,0,0,1
global_cg,uniform6_52,generic_compressible,1,1,40,41943040,41943036,3495253,55924048,0.750000,8711569408,1104,35328,10,36.000000,2653046.500000,2434446.000000,5181.661133,4754.707031,970.256001,891.424000,18.642437,20.291058,353280,353280,353280,0,0,0,1
global_cg,uniform6_51,non_compressible,0,0,40,41943040,41943036,3495253,55924048,0.750000,8669626368,1104,35328,10,36.000000,3217374.000000,2949633.000000,6283.863281,5760.931641,1174.416006,1075.807989,15.401643,16.813350,353280,353280,353280,0,0,0,1
global_cg,uniform6_51,generic_compressible,1,1,40,41943040,41943036,3495253,55924048,0.750000,8711569408,1104,35328,10,36.000000,3228665.000000,2964209.000000,6305.916016,5789.400391,1179.008007,1080.767989,15.341657,16.736188,353280,353280,353280,0,0,0,1
global_cg,uniform6_50,non_compressible,0,0,40,41943040,41943036,3495253,55924048,0.750000,8669626368,1104,35328,10,36.000000,2649264.000000,2427411.000000,5174.273438,4740.966797,966.448009,887.039989,18.715891,20.391342,353280,353280,353280,0,0,0,1
global_cg,uniform6_50,generic_compressible,1,1,40,41943040,41943036,3495253,55924048,0.750000,8711569408,1104,35328,10,36.000000,2661074.500000,2444488.000000,5197.340820,4774.320312,970.288008,891.791999,18.641822,20.282685,353280,353280,353280,0,0,0,1
global_cg,uniform6_49,non_compressible,0,0,40,41943040,41943036,3495253,55924048,0.750000,8669626368,1104,35328,10,36.000000,3220110.000000,2948998.500000,6289.207031,5759.692383,1175.200045,1076.064050,15.391368,16.809349,353280,353280,353280,0,0,0,1
global_cg,uniform6_49,generic_compressible,1,1,40,41943040,41943036,3495253,55924048,0.750000,8711569408,1104,35328,10,36.000000,3227066.000000,2966087.500000,6302.792969,5793.069336,1177.088022,1081.759989,15.366681,16.720840,353280,353280,353280,0,0,0,1
global_cg,uniform6_48,non_compressible,0,0,40,41943040,41943036,3495253,55924048,0.750000,8669626368,1104,35328,10,36.000000,3216030.000000,2947550.500000,6281.238281,5756.864258,1173.871994,1075.903952,15.408781,16.811850,353280,353280,353280,0,0,0,1
global_cg,uniform6_48,generic_compressible,1,1,40,41943040,41943036,3495253,55924048,0.750000,8711569408,1104,35328,10,36.000000,3229299.500000,2961327.500000,6307.155273,5783.772461,1178.719997,1080.896020,15.345405,16.734205,353280,353280,353280,0,0,0,1
global_cg,uniform6_47,non_compressible,0,0,40,41943040,41943036,3495253,55924048,0.750000,8669626368,1104,35328,10,36.000000,3217859.000000,2947067.000000,6284.810547,5755.919922,1173.439980,1075.807989,15.414454,16.813350,353280,353280,353280,0,0,0,1
global_cg,uniform6_47,generic_compressible,1,1,40,41943040,41943036,3495253,55924048,0.750000,8711569408,1104,35328,10,36.000000,3229844.000000,2971488.000000,6308.218750,5803.617188,1178.240001,1083.072007,15.351657,16.700585,353280,353280,353280,0,0,0,1
global_cg,uniform6_46,non_compressible,0,0,40,41943040,41943036,3495253,55924048,0.750000,8669626368,1104,35328,10,36.000000,2646083.500000,2422607.000000,5168.061523,4731.583984,968.192011,885.632008,18.682179,20.423760,353280,353280,353280,0,0,0,1
global_cg,uniform6_46,generic_compressible,1,1,40,41943040,41943036,3495253,55924048,0.750000,8711569408,1104,35328,10,36.000000,2653305.000000,2434711.000000,5182.166016,4755.224609,970.271975,890.607983,18.642130,20.309650,353280,353280,353280,0,0,0,1
global_cg,uniform6_45,non_compressible,0,0,40,41943040,41943036,3495253,55924048,0.750000,8669626368,1104,35328,10,36.000000,3217102.500000,2949083.000000,6283.333008,5759.857422,1173.184037,1075.951993,15.417816,16.811099,353280,353280,353280,0,0,0,1
global_cg,uniform6_45,generic_compressible,1,1,40,41943040,41943036,3495253,55924048,0.750000,8711569408,1104,35328,10,36.000000,3232268.500000,2967872.500000,6312.954102,5796.555664,1179.327965,1082.192004,15.337494,16.714165,353280,353280,353280,0,0,0,1
global_cg,uniform6_44,non_compressible,0,0,40,41943040,41943036,3495253,55924048,0.750000,8669626368,1104,35328,10,36.000000,3214473.500000,2946397.500000,6278.198242,5754.612305,1173.856020,1075.423956,15.408990,16.819354,353280,353280,353280,0,0,0,1
global_cg,uniform6_44,generic_compressible,1,1,40,41943040,41943036,3495253,55924048,0.750000,8711569408,1104,35328,10,36.000000,3228711.000000,2963528.500000,6306.005859,5788.071289,1179.135978,1081.983984,15.339992,16.717379,353280,353280,353280,0,0,0,1
global_cg,uniform6_43,non_compressible,0,0,40,41943040,41943036,3495253,55924048,0.750000,8669626368,1104,35328,10,36.000000,3214327.000000,2945865.000000,6277.912109,5753.572266,1173.856020,1074.351966,15.408990,16.836136,353280,353280,353280,0,0,0,1
global_cg,uniform6_43,generic_compressible,1,1,40,41943040,41943036,3495253,55924048,0.750000,8711569408,1104,35328,10,36.000000,3228089.500000,2962882.000000,6304.791992,5786.808594,1177.456021,1081.936002,15.361878,16.718120,353280,353280,353280,0,0,0,1
global_cg,uniform6_42,non_compressible,0,0,40,41943040,41943036,3495253,55924048,0.750000,8669626368,1104,35328,10,36.000000,3217431.000000,2948351.500000,6283.974609,5758.428711,1173.376024,1075.775981,15.415294,16.813850,353280,353280,353280,0,0,0,1
global_cg,uniform6_42,generic_compressible,1,1,40,41943040,41943036,3495253,55924048,0.750000,8711569408,1104,35328,10,36.000000,1388291.500000,1278792.500000,2711.436523,2497.571289,509.712011,469.600007,35.486580,38.517751,353280,353280,353280,0,0,0,1
global_cg,uniform6_41,non_compressible,0,0,40,41943040,41943036,3495253,55924048,0.750000,8669626368,1104,35328,10,36.000000,3214750.500000,2947068.000000,6278.739258,5755.921875,1174.256027,1075.695992,15.403741,16.815100,353280,353280,353280,0,0,0,1
global_cg,uniform6_41,generic_compressible,1,1,40,41943040,41943036,3495253,55924048,0.750000,8711569408,1104,35328,10,36.000000,3230027.500000,2962751.500000,6308.577148,5786.553711,1178.928018,1081.903994,15.342698,16.718615,353280,353280,353280,0,0,0,1
global_cg,uniform6_40,non_compressible,0,0,40,41943040,41943036,3495253,55924048,0.750000,8669626368,1104,35328,10,36.000000,3217102.500000,2948230.000000,6283.333008,5758.191406,1174.495995,1075.664043,15.400594,16.815600,353280,353280,353280,0,0,0,1
global_cg,uniform6_40,generic_compressible,1,1,40,41943040,41943036,3495253,55924048,0.750000,8711569408,1104,35328,10,36.000000,3230716.500000,2965074.500000,6309.922852,5791.090820,1179.327965,1081.952035,15.337494,16.717872,353280,353280,353280,0,0,0,1
global_cg,uniform6_39,non_compressible,0,0,40,41943040,41943036,3495253,55924048,0.750000,8669626368,1104,35328,10,36.000000,2645590.000000,2421982.500000,5167.097656,4730.364258,967.792004,886.512011,18.689900,20.403487,353280,353280,353280,0,0,0,1
global_cg,uniform6_39,generic_compressible,1,1,40,41943040,41943036,3495253,55924048,0.750000,8711569408,1104,35328,10,36.000000,2653057.500000,2434438.500000,5181.682617,4754.692383,969.999999,891.328007,18.647357,20.293243,353280,353280,353280,0,0,0,1
global_cg,uniform6_38,non_compressible,0,0,40,41943040,41943036,3495253,55924048,0.750000,8669626368,1104,35328,10,36.000000,3217939.000000,2953546.000000,6284.966797,5768.574219,1174.912035,1076.160014,15.395141,16.807850,353280,353280,353280,0,0,0,1
global_cg,uniform6_38,generic_compressible,1,1,40,41943040,41943036,3495253,55924048,0.750000,8711569408,1104,35328,10,36.000000,3227283.500000,2965268.500000,6303.217773,5791.469727,1178.512037,1081.407964,15.348113,16.726283,353280,353280,353280,0,0,0,1
global_cg,uniform6_37,non_compressible,0,0,40,41943040,41943036,3495253,55924048,0.750000,8669626368,1104,35328,10,36.000000,2644462.500000,2423102.500000,5164.895508,4732.551758,967.727989,885.743976,18.691137,20.421179,353280,353280,353280,0,0,0,1
global_cg,uniform6_37,generic_compressible,1,1,40,41943040,41943036,3495253,55924048,0.750000,8711569408,1104,35328,10,36.000000,2654029.500000,2436369.000000,5183.581055,4758.462891,971.103996,891.696006,18.626158,20.284868,353280,353280,353280,0,0,0,1
global_cg,uniform6_36,non_compressible,0,0,40,41943040,41943036,3495253,55924048,0.750000,8669626368,1104,35328,10,36.000000,3217950.500000,2947377.500000,6284.989258,5756.526367,1173.216045,1074.719965,15.417396,16.830371,353280,353280,353280,0,0,0,1
global_cg,uniform6_36,generic_compressible,1,1,40,41943040,41943036,3495253,55924048,0.750000,8711569408,1104,35328,10,36.000000,3229695.500000,2965147.500000,6307.928711,5791.233398,1179.071963,1081.568003,15.340824,16.723808,353280,353280,353280,0,0,0,1
global_cg,uniform6_35,non_compressible,0,0,40,41943040,41943036,3495253,55924048,0.750000,8669626368,1104,35328,10,36.000000,3216197.000000,2947563.000000,6281.564453,5756.888672,1174.208045,1073.984027,15.404371,16.841904,353280,353280,353280,0,0,0,1
global_cg,uniform6_35,generic_compressible,1,1,40,41943040,41943036,3495253,55924048,0.750000,8711569408,1104,35328,10,36.000000,3228735.000000,2967018.500000,6306.052734,5794.887695,1178.224027,1082.176030,15.351865,16.714412,353280,353280,353280,0,0,0,1
global_cg,uniform6_34,non_compressible,0,0,40,41943040,41943036,3495253,55924048,0.750000,8669626368,1104,35328,10,36.000000,3215285.500000,2946039.000000,6279.784180,5753.912109,1173.280001,1074.927986,15.416555,16.827114,353280,353280,353280,0,0,0,1
global_cg,uniform6_34,generic_compressible,1,1,40,41943040,41943036,3495253,55924048,0.750000,8711569408,1104,35328,10,36.000000,3229617.500000,2969164.000000,6307.776367,5799.078125,1178.640008,1082.032025,15.346447,16.716636,353280,353280,353280,0,0,0,1
global_cg,uniform6_33,non_compressible,0,0,40,41943040,41943036,3495253,55924048,0.750000,8669626368,1104,35328,10,36.000000,3216588.500000,2948114.500000,6282.329102,5757.965820,1173.215985,1075.855970,15.417396,16.812600,353280,353280,353280,0,0,0,1
global_cg,uniform6_33,generic_compressible,1,1,40,41943040,41943036,3495253,55924048,0.750000,8711569408,1104,35328,10,36.000000,3228747.000000,2963551.500000,6306.076172,5788.116211,1179.216027,1080.848038,15.338950,16.734948,353280,353280,353280,0,0,0,1
global_cg,uniform6_32,non_compressible,0,0,40,41943040,41943036,3495253,55924048,0.750000,8669626368,1104,35328,10,36.000000,2645419.500000,2424157.000000,5166.764648,4734.611328,967.983991,887.407988,18.686193,20.382886,353280,353280,353280,0,0,0,1
global_cg,uniform6_32,generic_compressible,1,1,40,41943040,41943036,3495253,55924048,0.750000,8711569408,1104,35328,10,36.000000,2654161.000000,2438482.500000,5183.837891,4762.590820,970.367998,891.712010,18.640285,20.284504,353280,353280,353280,0,0,0,1
global_cg,uniform6_31,non_compressible,0,0,40,41943040,41943036,3495253,55924048,0.750000,8669626368,1104,35328,10,36.000000,3218622.500000,2949250.500000,6286.301758,5760.184570,1174.816012,1074.208021,15.396399,16.838392,353280,353280,353280,0,0,0,1
global_cg,uniform6_31,generic_compressible,1,1,40,41943040,41943036,3495253,55924048,0.750000,8711569408,1104,35328,10,36.000000,3233649.000000,2968133.500000,6315.650391,5797.065430,1181.279957,1082.111955,15.312150,16.715402,353280,353280,353280,0,0,0,1
global_cg,uniform6_30,non_compressible,0,0,40,41943040,41943036,3495253,55924048,0.750000,8669626368,1104,35328,10,36.000000,3221226.000000,2948611.500000,6291.386719,5758.936523,1175.311983,1075.456023,15.389902,16.818852,353280,353280,353280,0,0,0,1
global_cg,uniform6_30,generic_compressible,1,1,40,41943040,41943036,3495253,55924048,0.750000,8711569408,1104,35328,10,36.000000,3228056.000000,2962365.500000,6304.726562,5785.799805,1177.551985,1080.048025,15.360626,16.747344,353280,353280,353280,0,0,0,1
global_cg,uniform6_29,non_compressible,0,0,40,41943040,41943036,3495253,55924048,0.750000,8669626368,1104,35328,10,36.000000,2643018.500000,2421807.500000,5162.075195,4730.022461,966.143996,887.152016,18.721781,20.388767,353280,353280,353280,0,0,0,1
global_cg,uniform6_29,generic_compressible,1,1,40,41943040,41943036,3495253,55924048,0.750000,8711569408,1104,35328,10,36.000000,2654347.000000,2435151.500000,5184.201172,4756.084961,971.952021,891.583979,18.609906,20.287417,353280,353280,353280,0,0,0,1
global_cg,uniform6_28,non_compressible,0,0,40,41943040,41943036,3495253,55924048,0.750000,8669626368,1104,35328,10,36.000000,3217471.500000,2948813.000000,6284.053711,5759.330078,1173.615992,1075.984001,15.412142,16.810599,353280,353280,353280,0,0,0,1
global_cg,uniform6_28,generic_compressible,1,1,40,41943040,41943036,3495253,55924048,0.750000,8711569408,1104,35328,10,36.000000,3231676.000000,2964721.000000,6311.796875,5790.400391,1179.184020,1082.111955,15.339367,16.715402,353280,353280,353280,0,0,0,1
global_cg,uniform6_27,non_compressible,0,0,40,41943040,41943036,3495253,55924048,0.750000,8669626368,1104,35328,10,36.000000,3218288.500000,2947385.500000,6285.649414,5756.541992,1173.615992,1075.024009,15.412142,16.825611,353280,353280,353280,0,0,0,1
global_cg,uniform6_27,generic_compressible,1,1,40,41943040,41943036,3495253,55924048,0.750000,8711569408,1104,35328,10,36.000000,3227668.500000,2965607.500000,6303.969727,5792.131836,1177.248001,1080.399990,15.364593,16.741888,353280,353280,353280,0,0,0,1
global_cg,uniform6_26,non_compressible,0,0,40,41943040,41943036,3495253,55924048,0.750000,8669626368,1104,35328,10,36.000000,2643787.500000,2422031.000000,5163.577148,4730.458984,967.568010,885.488003,18.694227,20.427082,353280,353280,353280,0,0,0,1
global_cg,uniform6_26,generic_compressible,1,1,40,41943040,41943036,3495253,55924048,0.750000,8711569408,1104,35328,10,36.000000,2654602.000000,2436868.500000,5184.699219,4759.438477,970.607996,891.728014,18.635676,20.284140,353280,353280,353280,0,0,0,1
global_cg,uniform6_25,non_compressible,0,0,40,41943040,41943036,3495253,55924048,0.750000,8669626368,1104,35328,10,36.000000,3215351.000000,2948025.000000,6279.912109,5757.791016,1174.528003,1075.855970,15.400174,16.812600,353280,353280,353280,0,0,0,1
global_cg,uniform6_25,generic_compressible,1,1,40,41943040,41943036,3495253,55924048,0.750000,8711569408,1104,35328,10,36.000000,3226935.500000,2964987.000000,6302.538086,5790.919922,1177.327991,1080.688000,15.363549,16.737427,353280,353280,353280,0,0,0,1
global_cg,uniform6_24,non_compressible,0,0,40,41943040,41943036,3495253,55924048,0.750000,8669626368,1104,35328,10,36.000000,2652257.000000,2429141.500000,5180.119141,4744.346680,968.496025,886.815995,18.676314,20.396493,353280,353280,353280,0,0,0,1
global_cg,uniform6_24,generic_compressible,1,1,40,41943040,41943036,3495253,55924048,0.750000,8711569408,1104,35328,10,36.000000,2657328.500000,2440144.000000,5190.024414,4765.835938,971.152008,891.647995,18.625237,20.285961,353280,353280,353280,0,0,0,1
global_cg,uniform6_23,non_compressible,0,0,40,41943040,41943036,3495253,55924048,0.750000,8669626368,1104,35328,10,36.000000,3215143.500000,2953926.000000,6279.506836,5769.316406,1173.391998,1075.951993,15.415084,16.811099,353280,353280,353280,0,0,0,1
global_cg,uniform6_23,generic_compressible,1,1,40,41943040,41943036,3495253,55924048,0.750000,8711569408,1104,35328,10,36.000000,3232239.000000,2966389.500000,6312.896484,5793.659180,1179.423988,1082.143962,15.336246,16.714907,353280,353280,353280,0,0,0,1
global_cg,uniform6_22,non_compressible,0,0,40,41943040,41943036,3495253,55924048,0.750000,8669626368,1104,35328,10,36.000000,3216642.500000,2947964.500000,6282.434570,5757.672852,1175.152004,1074.880004,15.391997,16.827865,353280,353280,353280,0,0,0,1
global_cg,uniform6_22,generic_compressible,1,1,40,41943040,41943036,3495253,55924048,0.750000,8711569408,1104,35328,10,36.000000,3228242.000000,2965788.000000,6305.089844,5792.484375,1178.847969,1082.111955,15.343739,16.715402,353280,353280,353280,0,0,0,1
global_cg,uniform6_21,non_compressible,0,0,40,41943040,41943036,3495253,55924048,0.750000,8669626368,1104,35328,10,36.000000,3223210.500000,2953125.500000,6295.262695,5767.752930,1175.296009,1076.128006,15.390111,16.808350,353280,353280,353280,0,0,0,1
global_cg,uniform6_21,generic_compressible,1,1,40,41943040,41943036,3495253,55924048,0.750000,8711569408,1104,35328,10,36.000000,1388503.500000,1278898.500000,2711.850586,2497.778320,509.552002,469.760001,35.497723,38.504632,353280,353280,353280,0,0,0,1
global_cg,uniform6_20,non_compressible,0,0,40,41943040,41943036,3495253,55924048,0.750000,8669626368,1104,35328,10,36.000000,3215978.500000,2948757.000000,6281.137695,5759.220703,1173.168004,1075.743973,15.418027,16.814350,353280,353280,353280,0,0,0,1
global_cg,uniform6_20,generic_compressible,1,1,40,41943040,41943036,3495253,55924048,0.750000,8711569408,1104,35328,10,36.000000,3228195.500000,2966176.500000,6304.999023,5793.243164,1178.960025,1081.871986,15.342281,16.719109,353280,353280,353280,0,0,0,1
global_cg,uniform6_19,non_compressible,0,0,40,41943040,41943036,3495253,55924048,0.750000,8669626368,1104,35328,10,36.000000,3214863.500000,2949265.500000,6278.959961,5760.213867,1173.200011,1075.919986,15.417606,16.811600,353280,353280,353280,0,0,0,1
global_cg,uniform6_19,generic_compressible,1,1,40,41943040,41943036,3495253,55924048,0.750000,8711569408,1104,35328,10,36.000000,3228864.000000,2967050.500000,6306.304688,5794.950195,1177.599967,1081.423998,15.360000,16.726035,353280,353280,353280,0,0,0,1
global_cg,uniform6_18,non_compressible,0,0,40,41943040,41943036,3495253,55924048,0.750000,8669626368,1104,35328,10,36.000000,2644112.500000,2425821.500000,5164.211914,4737.862305,967.696011,887.199998,18.691754,20.387665,353280,353280,353280,0,0,0,1
global_cg,uniform6_18,generic_compressible,1,1,40,41943040,41943036,3495253,55924048,0.750000,8711569408,1104,35328,10,36.000000,2655007.500000,2438955.500000,5185.491211,4763.514648,970.560014,890.255988,18.636597,20.317680,353280,353280,353280,0,0,0,1
global_cg,uniform6_17,non_compressible,0,0,40,41943040,41943036,3495253,55924048,0.750000,8669626368,1104,35328,10,36.000000,3215525.500000,2947522.500000,6280.252930,5756.809570,1173.520029,1074.992001,15.413402,16.826112,353280,353280,353280,0,0,0,1
global_cg,uniform6_17,generic_compressible,1,1,40,41943040,41943036,3495253,55924048,0.750000,8711569408,1104,35328,10,36.000000,3226614.000000,2964021.500000,6301.910156,5789.034180,1177.359998,1080.144048,15.363131,16.745855,353280,353280,353280,0,0,0,1
global_cg,uniform6_16,non_compressible,0,0,40,41943040,41943036,3495253,55924048,0.750000,8669626368,1104,35328,10,36.000000,3220029.000000,2948014.500000,6289.048828,5757.770508,1174.192011,1074.687958,15.404581,16.830873,353280,353280,353280,0,0,0,1
global_cg,uniform6_16,generic_compressible,1,1,40,41943040,41943036,3495253,55924048,0.750000,8711569408,1104,35328,10,36.000000,3230053.000000,2967470.500000,6308.626953,5795.770508,1178.192019,1082.000017,15.352282,16.717131,353280,353280,353280,0,0,0,1
global_cg,uniform6_15,non_compressible,0,0,40,41943040,41943036,3495253,55924048,0.750000,8669626368,1104,35328,10,36.000000,3216938.500000,2948519.500000,6283.012695,5758.756836,1172.976017,1075.215995,15.420551,16.822607,353280,353280,353280,0,0,0,1
global_cg,uniform6_15,generic_compressible,1,1,40,41943040,41943036,3495253,55924048,0.750000,8711569408,1104,35328,10,36.000000,3231085.500000,2966513.500000,6310.643555,5793.901367,1179.424047,1081.903994,15.336245,16.718615,353280,353280,353280,0,0,0,1
global_cg,uniform6_14,non_compressible,0,0,40,41943040,41943036,3495253,55924048,0.750000,8669626368,1104,35328,10,36.000000,3215673.500000,2949713.500000,6280.541992,5761.088867,1173.599958,1075.824022,15.412352,16.813099,353280,353280,353280,0,0,0,1
global_cg,uniform6_14,generic_compressible,1,1,40,41943040,41943036,3495253,55924048,0.750000,8711569408,1104,35328,10,36.000000,3228927.000000,2964897.500000,6306.427734,5790.745117,1178.064048,1081.600010,15.353950,16.723313,353280,353280,353280,0,0,0,1
global_cg,uniform6_13,non_compressible,0,0,40,41943040,41943036,3495253,55924048,0.750000,8669626368,1104,35328,10,36.000000,2645078.000000,2423365.000000,5166.097656,4733.064453,968.255997,885.695994,18.680944,20.422285,353280,353280,353280,0,0,0,1
global_cg,uniform6_13,generic_compressible,1,1,40,41943040,41943036,3495253,55924048,0.750000,8711569408,1104,35328,10,36.000000,2655532.000000,2437651.500000,5186.515625,4760.967773,970.624000,891.440004,18.635369,20.290694,353280,353280,353280,0,0,0,1
global_cg,uniform6_12,non_compressible,0,0,40,41943040,41943036,3495253,55924048,0.750000,8669626368,1104,35328,10,36.000000,3218885.000000,2951348.000000,6286.814453,5764.281250,1174.880028,1076.128006,15.395560,16.808350,353280,353280,353280,0,0,0,1
global_cg,uniform6_12,generic_compressible,1,1,40,41943040,41943036,3495253,55924048,0.750000,8711569408,1104,35328,10,36.000000,3229857.000000,2966112.500000,6308.244141,5793.118164,1177.536011,1082.016051,15.360835,16.716883,353280,353280,353280,0,0,0,1
global_cg,uniform6_11,non_compressible,0,0,40,41943040,41943036,3495253,55924048,0.750000,8669626368,1104,35328,10,36.000000,3216121.000000,2949838.000000,6281.416016,5761.332031,1173.232019,1075.919986,15.417186,16.811600,353280,353280,353280,0,0,0,1
global_cg,uniform6_11,generic_compressible,1,1,40,41943040,41943036,3495253,55924048,0.750000,8711569408,1104,35328,10,36.000000,3230572.500000,2965284.500000,6309.641602,5791.500977,1179.343998,1080.240011,15.337286,16.744368,353280,353280,353280,0,0,0,1
global_cg,uniform6_10,non_compressible,0,0,40,41943040,41943036,3495253,55924048,0.750000,8669626368,1104,35328,10,36.000000,3218849.000000,2950103.000000,6286.744141,5761.849609,1174.960017,1075.935960,15.394512,16.811350,353280,353280,353280,0,0,0,1
global_cg,uniform6_10,generic_compressible,1,1,40,41943040,41943036,3495253,55924048,0.750000,8711569408,1104,35328,10,36.000000,3229868.500000,2966419.500000,6308.266602,5793.717773,1178.016007,1081.888020,15.354576,16.718862,353280,353280,353280,0,0,0,1
global_cg,uniform6_9,non_compressible,0,0,40,41943040,41943036,3495253,55924048,0.750000,8669626368,1104,35328,10,36.000000,3216572.000000,2948534.500000,6282.296875,5758.786133,1174.768031,1075.951993,15.397028,16.811099,353280,353280,353280,0,0,0,1
global_cg,uniform6_9,generic_compressible,1,1,40,41943040,41943036,3495253,55924048,0.750000,8711569408,1104,35328,10,36.000000,3228780.500000,2964605.500000,6306.141602,5790.174805,1178.623974,1081.952035,15.346655,16.717872,353280,353280,353280,0,0,0,1
global_cg,uniform6_8,non_compressible,0,0,40,41943040,41943036,3495253,55924048,0.750000,8669626368,1104,35328,10,36.000000,3214514.500000,2949016.000000,6278.278320,5759.726562,1173.184037,1074.159980,15.417816,16.839145,353280,353280,353280,0,0,0,1
global_cg,uniform6_8,generic_compressible,1,1,40,41943040,41943036,3495253,55924048,0.750000,8711569408,1104,35328,10,36.000000,3229384.000000,2966528.500000,6307.320312,5793.930664,1179.296017,1081.808031,15.337910,16.720098,353280,353280,353280,0,0,0,1
global_cg,uniform6_7,non_compressible,0,0,40,41943040,41943036,3495253,55924048,0.750000,8669626368,1104,35328,10,40.000000,3216497.500000,2949172.000000,6282.143555,5760.023438,1173.503995,1075.856030,15.413613,16.812599,353280,353280,353280,0,0,0,1
global_cg,uniform6_7,generic_compressible,1,1,40,41943040,41943036,3495253,55924048,0.750000,8711569408,1104,35328,10,42.000000,3228977.000000,2965545.500000,6306.513672,5791.999023,1178.272009,1082.015991,15.351240,16.716884,353280,353280,353280,0,0,0,1
global_cg,uniform6_6,non_compressible,0,0,40,41943040,41943036,3495253,55924048,0.750000,8669626368,1104,35328,10,47.000000,3211742.500000,2939122.000000,6272.842773,5740.380859,1174.367964,1074.863970,15.402273,16.828116,353280,353280,353280,0,0,0,1
global_cg,uniform6_6,generic_compressible,1,1,40,41943040,41943036,3495253,55924048,0.750000,8711569408,1104,35328,10,46.000000,3222706.000000,2963679.000000,6294.257812,5788.345703,1178.608000,1082.879961,15.346863,16.703547,353280,353280,353280,0,0,0,1
global_cg,uniform6_5,non_compressible,0,0,40,41943040,41943036,3495253,55924048,0.750000,8669626368,1104,35328,10,48.000000,3221214.000000,2950180.000000,6291.339844,5761.976562,1173.808038,1076.016009,15.409620,16.810099,353280,353280,353280,0,0,0,1
global_cg,uniform6_5,generic_compressible,1,1,40,41943040,41943036,3495253,55924048,0.750000,8711569408,1104,35328,10,46.000000,3231856.000000,2967322.500000,6312.128906,5795.461914,1179.600000,1081.983984,15.333957,16.717379,353280,353280,353280,0,0,0,1
global_cg,uniform6_4,non_compressible,0,0,40,41943040,41943036,3495253,55924048,0.750000,8669626368,1104,35328,10,47.000000,3219424.500000,2948754.500000,6287.846680,5759.194336,1173.599958,1075.344026,15.412352,16.820604,353280,353280,353280,0,0,0,1
global_cg,uniform6_4,generic_compressible,1,1,40,41943040,41943036,3495253,55924048,0.750000,8711569408,1104,35328,10,48.000000,3229173.500000,2966151.500000,6306.885742,5793.170898,1179.343998,1082.399964,15.337286,16.710954,353280,353280,353280,0,0,0,1
global_cg,uniform6_3,non_compressible,0,0,40,41943040,41943036,3495253,55924048,0.750000,8669626368,1104,35328,10,48.000000,3213980.000000,2943445.000000,6277.210938,5748.822266,1174.575984,1076.016009,15.399545,16.810099,353280,353280,353280,0,0,0,1
global_cg,uniform6_3,generic_compressible,1,1,40,41943040,41943036,3495253,55924048,0.750000,8711569408,1104,35328,10,46.000000,3226204.000000,2959636.000000,6301.089844,5780.449219,1178.608000,1080.799997,15.346863,16.735692,353280,353280,353280,0,0,0,1
global_cg,uniform6_2,non_compressible,0,0,40,41943040,41943036,3495253,55924048,0.750000,8669626368,1104,35328,10,46.000000,3203811.000000,2932518.500000,6257.353516,5727.485352,1174.079955,1075.152040,15.406051,16.823608,353280,353280,353280,0,0,0,1
global_cg,uniform6_2,generic_compressible,1,1,40,41943040,41943036,3495253,55924048,0.750000,8711569408,1104,35328,10,47.000000,3216493.500000,2949100.000000,6282.122070,5759.869141,1179.776013,1082.016051,15.331670,16.716883,353280,353280,353280,0,0,0,1
global_cg,uniform6_1,non_compressible,0,0,40,41943040,41943036,3495253,55924048,0.750000,8669626368,1104,35328,10,46.500000,3201512.000000,2932987.500000,6252.862305,5728.400391,1174.383998,1075.904012,15.402063,16.811849,353280,353280,353280,0,0,0,1
global_cg,uniform6_1,generic_compressible,1,1,40,41943040,41943036,3495253,55924048,0.750000,8711569408,1104,35328,10,46.000000,3212268.500000,2949299.000000,6273.872070,5760.259766,1179.375947,1082.111955,15.336870,16.715402,353280,353280,353280,0,0,0,1
global_cg,uniform6_0,non_compressible,0,0,40,41943040,41943036,3495253,55924048,0.750000,8669626368,1104,35328,10,46.000000,3200287.000000,2932077.000000,6250.470703,5726.623047,1174.495995,1074.303985,15.400594,16.836888,353280,353280,353280,0,0,0,1
global_cg,uniform6_0,generic_compressible,1,1,40,41943040,41943036,3495253,55924048,0.750000,8711569408,1104,35328,10,47.000000,1277982.500000,1278268.500000,2495.967773,2496.526367,471.040010,469.919994,38.399999,38.491522,353280,353280,353280,0,0,0,1
global_cg,uniform6_63,non_compressible,0,0,36,37748736,37748736,3145728,50331648,0.750000,8669626368,1104,35328,10,48.000000,1653305.500000,1278243.000000,3229.018555,2496.474609,606.208026,470.128000,29.837837,38.474492,353280,353280,353280,0,0,0,1
global_cg,uniform6_63,generic_compressible,1,1,36,37748736,37748736,3145728,50331648,0.750000,8707375104,1104,35328,10,48.000000,1278197.000000,1278626.500000,2496.384766,2497.223633,470.880002,469.760001,38.413048,38.504632,353280,353280,353280,0,0,0,1
global_cg,uniform6_62,non_compressible,0,0,36,37748736,37748736,3145728,50331648,0.750000,8669626368,1104,35328,10,46.000000,1653857.500000,1278906.500000,3230.100586,2497.774414,606.208026,471.695989,29.837837,38.346597,353280,353280,353280,0,0,0,1
global_cg,uniform6_62,generic_compressible,1,1,36,37748736,37748736,3145728,50331648,0.750000,8707375104,1104,35328,10,46.000000,1653955.500000,1278666.000000,3230.291992,2497.304688,606.335998,471.519992,29.831539,38.360910,353280,353280,353280,0,0,0,1
global_cg,uniform6_61,non_compressible,0,0,36,37748736,37748736,3145728,50331648,0.750000,8669626368,1104,35328,10,47.000000,1653230.500000,1278233.000000,3228.874023,2496.457031,606.224000,471.616000,29.837050,38.353101,353280,353280,353280,0,0,0,1
global_cg,uniform6_61,generic_compressible,1,1,36,37748736,37748736,3145728,50331648,0.750000,8707375104,1104,35328,10,47.000000,1653967.500000,1278615.500000,3230.313477,2497.204102,606.255978,470.944002,29.835477,38.407827,353280,353280,353280,0,0,0,1
global_cg,uniform6_60,non_compressible,0,0,36,37748736,37748736,3145728,50331648,0.750000,8669626368,1104,35328,10,46.000000,1652404.000000,1278381.500000,3227.261719,2496.749023,606.208026,471.952006,29.837837,38.325795,353280,353280,353280,0,0,0,1
global_cg,uniform6_60,generic_compressible,1,1,36,37748736,37748736,3145728,50331648,0.750000,8707375104,1104,35328,10,48.000000,1652807.000000,1278745.000000,3228.044922,2497.455078,606.368005,471.632004,29.829964,38.351799,353280,353280,353280,0,0,0,1
global_cg,uniform6_59,non_compressible,0,0,36,37748736,37748736,3145728,50331648,0.750000,8669626368,1104,35328,10,48.000000,1650596.500000,1276686.500000,3223.727539,2493.434570,606.303990,471.807986,29.833114,38.337494,353280,353280,353280,0,0,0,1
global_cg,uniform6_59,generic_compressible,1,1,36,37748736,37748736,3145728,50331648,0.750000,8707375104,1104,35328,10,48.000000,1651219.500000,1277140.500000,3224.944336,2494.321289,606.368005,471.696004,29.829964,38.346596,353280,353280,353280,0,0,0,1
global_cg,uniform6_58,non_compressible,0,0,36,37748736,37748736,3145728,50331648,0.750000,8669626368,1104,35328,10,46.000000,1549168.500000,1274470.500000,3025.629883,2489.110352,606.255978,471.952006,29.835477,38.325795,353280,353280,353280,0,0,0,1
global_cg,uniform6_58,generic_compressible,1,1,36,37748736,37748736,3145728,50331648,0.750000,8707375104,1104,35328,10,47.000000,1556582.500000,1273887.500000,3040.108398,2487.969727,617.567986,484.111995,29.288979,37.363123,353280,353280,353280,0,0,0,1
global_cg,uniform6_57,non_compressible,0,0,36,37748736,37748736,3145728,50331648,0.750000,8669626368,1104,35328,10,48.000000,1653602.500000,1278147.000000,3229.598633,2496.287109,606.208026,471.807986,29.837837,38.337494,353280,353280,353280,0,0,0,1
global_cg,uniform6_57,generic_compressible,1,1,36,37748736,37748736,3145728,50331648,0.750000,8707375104,1104,35328,10,46.000000,1653830.500000,1278458.500000,3230.047852,2496.899414,606.208026,471.567988,29.837837,38.357006,353280,353280,353280,0,0,0,1
global_cg,uniform6_56,non_compressible,0,0,36,37748736,37748736,3145728,50331648,0.750000,8669626368,1104,35328,10,46.000000,1635667.000000,1277066.000000,3194.572266,2494.179688,606.224000,471.855998,29.837050,38.333593,353280,353280,353280,0,0,0,1
global_cg,uniform6_56,generic_compressible,1,1,36,37748736,37748736,3145728,50331648,0.750000,8707375104,1104,35328,10,46.000000,1636259.000000,1277178.500000,3195.728516,2494.399414,606.239974,471.695989,29.836264,38.346597,353280,353280,353280,0,0,0,1
global_cg,uniform6_55,non_compressible,0,0,36,37748736,37748736,3145728,50331648,0.750000,8669626368,1104,35328,10,47.000000,1653028.000000,1278176.500000,3228.478516,2496.346680,606.208026,471.712008,29.837837,38.345295,353280,353280,353280,0,0,0,1
global_cg,uniform6_55,generic_compressible,1,1,36,37748736,37748736,3145728,50331648,0.750000,8707375104,1104,35328,10,46.000000,1652805.000000,1278255.000000,3228.044922,2496.501953,606.208026,471.679986,29.837837,38.347898,353280,353280,353280,0,0,0,1
global_cg,uniform6_54,non_compressible,0,0,36,37748736,37748736,3145728,50331648,0.750000,8669626368,1104,35328,10,46.000000,1621460.000000,1277424.000000,3166.824219,2494.878906,607.088000,471.695989,29.794587,38.346597,353280,353280,353280,0,0,0,1
global_cg,uniform6_54,generic_compressible,1,1,36,37748736,37748736,3145728,50331648,0.750000,8707375104,1104,35328,10,48.000000,1620781.500000,1277726.000000,3165.495117,2495.464844,606.287986,471.759990,29.833901,38.341395,353280,353280,353280,0,0,0,1
global_cg,uniform6_53,non_compressible,0,0,36,37748736,37748736,3145728,50331648,0.750000,8669626368,1104,35328,10,47.000000,1653524.500000,1278342.500000,3229.448242,2496.670898,606.208026,471.055999,29.837837,38.398696,353280,353280,353280,0,0,0,1
global_cg,uniform6_53,generic_compressible,1,1,36,37748736,37748736,3145728,50331648,0.750000,8707375104,1104,35328,10,47.000000,1653922.000000,1278521.000000,3230.224609,2497.019531,606.255978,470.975995,29.835477,38.405219,353280,353280,353280,0,0,0,1
global_cg,uniform6_52,non_compressible,0,0,36,37748736,37748736,3145728,50331648,0.750000,8669626368,1104,35328,10,46.000000,1649074.000000,1277624.500000,3220.757812,2495.270508,606.224000,472.048000,29.837050,38.318002,353280,353280,353280,0,0,0,1
global_cg,uniform6_52,generic_compressible,1,1,36,37748736,37748736,3145728,50331648,0.750000,8707375104,1104,35328,10,46.000000,1646818.500000,1278483.500000,3216.352539,2496.948242,606.063992,471.855998,29.844928,38.333593,353280,353280,353280,0,0,0,1
global_cg,uniform6_51,non_compressible,0,0,36,37748736,37748736,3145728,50331648,0.750000,8669626368,1104,35328,10,47.000000,1650002.000000,1274867.000000,3222.568359,2489.882812,606.256008,471.807986,29.835475,38.337494,353280,353280,353280,0,0,0,1
global_cg,uniform6_51,generic_compressible,1,1,36,37748736,37748736,3145728,50331648,0.750000,8707375104,1104,35328,10,47.000000,1651127.000000,1276558.000000,3224.765625,2493.185547,606.319994,471.583992,29.832326,38.355704,353280,353280,353280,0,0,0,1
global_cg,uniform6_50,non_compressible,0,0,36,37748736,37748736,3145728,50331648,0.750000,8669626368,1104,35328,10,47.000000,1625507.000000,1277975.000000,3174.726562,2495.953125,606.256008,471.919999,29.835475,38.328395,353280,353280,353280,0,0,0,1
global_cg,uniform6_50,generic_compressible,1,1,36,37748736,37748736,3145728,50331648,0.750000,8707375104,1104,35328,10,47.000000,1625489.000000,1278777.500000,3174.691406,2497.520508,606.303990,471.440002,29.833114,38.367419,353280,353280,353280,0,0,0,1
global_cg,uniform6_49,non_compressible,0,0,36,37748736,37748736,3145728,50331648,0.750000,8669626368,1104,35328,10,46.000000,2749775.000000,2511611.500000,5370.564453,4905.401367,1007.535994,920.192003,17.952645,19.656698,353280,353280,353280,0,0,0,1
global_cg,uniform6_49,generic_compressible,1,1,36,37748736,37748736,3145728,50331648,0.750000,8707375104,1104,35328,10,46.000000,2755865.500000,2515372.500000,5382.459961,4912.747070,1007.664025,918.159992,17.950364,19.700201,353280,353280,353280,0,0,0,1
global_cg,uniform6_48,non_compressible,0,0,36,37748736,37748736,3145728,50331648,0.750000,8669626368,1104,35328,10,45.000000,2754063.000000,2516510.500000,5378.941406,4914.971680,1007.552028,919.295996,17.952359,19.675856,353280,353280,353280,0,0,0,1
global_cg,uniform6_48,generic_compressible,1,1,36,37748736,37748736,3145728,50331648,0.750000,8707375104,1104,35328,10,45.000000,2754256.500000,2516645.500000,5379.319336,4915.235352,1005.695999,918.368012,17.985491,19.695738,353280,353280,353280,0,0,0,1
global_cg,uniform6_47,non_compressible,0,0,36,37748736,37748736,3145728,50331648,0.750000,8669626368,1104,35328,10,46.000000,1652619.500000,1277330.000000,3227.682617,2494.695312,606.335998,471.791998,29.831539,38.338794,353280,353280,353280,0,0,0,1
global_cg,uniform6_47,generic_compressible,1,1,36,37748736,37748736,3145728,50331648,0.750000,8707375104,1104,35328,10,47.000000,1652261.500000,1277445.000000,3226.981445,2494.917969,606.352001,470.144004,29.830752,38.473182,353280,353280,353280,0,0,0,1
global_cg,uniform6_46,non_compressible,0,0,36,37748736,37748736,3145728,50331648,0.750000,8669626368,1104,35328,10,48.000000,1649986.500000,1276099.000000,3222.536133,2492.287109,606.256008,471.807986,29.835475,38.337494,353280,353280,353280,0,0,0,1
global_cg,uniform6_46,generic_compressible,1,1,36,37748736,37748736,3145728,50331648,0.750000,8707375104,1104,35328,10,48.000000,1651100.500000,1276932.500000,3224.711914,2493.915039,606.208026,471.871987,29.837837,38.332295,353280,353280,353280,0,0,0,1
global_cg,uniform6_45,non_compressible,0,0,36,37748736,37748736,3145728,50331648,0.750000,8669626368,1104,35328,10,46.000000,2434703.000000,2197713.500000,4755.189453,4292.319336,1005.648017,919.840008,17.986349,19.664220,353280,353280,353280,0,0,0,1
global_cg,uniform6_45,generic_compressible,1,1,36,37748736,37748736,3145728,50331648,0.750000,8707375104,1104,35328,10,46.000000,2439743.500000,2206057.500000,4765.034180,4308.616211,1006.576002,919.615984,17.969767,19.669010,353280,353280,353280,0,0,0,1
global_cg,uniform6_44,non_compressible,0,0,36,37748736,37748736,3145728,50331648,0.750000,8669626368,1104,35328,10,44.000000,2757259.000000,2522351.000000,5385.185547,4926.380859,1005.775988,919.919997,17.984060,19.662510,353280,353280,353280,0,0,0,1
global_cg,uniform6_44,generic_compressible,1,1,36,37748736,37748736,3145728,50331648,0.750000,8707375104,1104,35328,10,46.000000,2756070.000000,2522468.000000,5382.859375,4926.605469,1005.616009,919.887990,17.986921,19.663194,353280,353280,353280,0,0,0,1
global_cg,uniform6_43,non_compressible,0,0,36,37748736,37748736,3145728,50331648,0.750000,8669626368,1104,35328,10,43.000000,2759584.000000,2523359.500000,5389.728516,4928.352539,1007.632017,920.368016,17.950934,19.652938,353280,353280,353280,0,0,0,1
global_cg,uniform6_43,generic_compressible,1,1,36,37748736,37748736,3145728,50331648,0.750000,8707375104,1104,35328,10,46.000000,2759154.000000,2523127.500000,5388.882812,4927.893555,1006.591976,919.968009,17.969482,19.661484,353280,353280,353280,0,0,0,1
global_cg,uniform6_42,non_compressible,0,0,36,37748736,37748736,3145728,50331648,0.750000,8669626368,1104,35328,10,48.000000,1653409.000000,1278063.500000,3229.220703,2496.124023,606.287986,471.583992,29.833901,38.355704,353280,353280,353280,0,0,0,1
global_cg,uniform6_42,generic_compressible,1,1,36,37748736,37748736,3145728,50331648,0.750000,8707375104,1104,35328,10,46.000000,1375081.000000,1279141.000000,2685.615234,2498.232422,504.079998,469.552010,35.883066,38.521688,353280,353280,353280,0,0,0,1
global_cg,uniform6_41,non_compressible,0,0,36,37748736,37748736,3145728,50331648,0.750000,8669626368,1104,35328,10,47.000000,1653069.500000,1278577.500000,3228.559570,2497.129883,606.208026,471.807986,29.837837,38.337494,353280,353280,353280,0,0,0,1
global_cg,uniform6_41,generic_compressible,1,1,36,37748736,37748736,3145728,50331648,0.750000,8707375104,1104,35328,10,48.000000,1654437.500000,1278880.000000,3231.229492,2497.718750,606.208026,470.144004,29.837837,38.473182,353280,353280,353280,0,0,0,1
global_cg,uniform6_40,non_compressible,0,0,36,37748736,37748736,3145728,50331648,0.750000,8669626368,1104,35328,10,46.000000,1653008.500000,1277978.500000,3228.442383,2495.961914,606.224000,471.680000,29.837050,38.347897,353280,353280,353280,0,0,0,1
global_cg,uniform6_40,generic_compressible,1,1,36,37748736,37748736,3145728,50331648,0.750000,8707375104,1104,35328,10,46.000000,1652863.000000,1277722.000000,3228.158203,2495.460938,606.208026,471.407995,29.837837,38.370024,353280,353280,353280,0,0,0,1
global_cg,uniform6_39,non_compressible,0,0,36,37748736,37748736,3145728,50331648,0.750000,8669626368,1104,35328,10,46.000000,1653684.000000,1278496.000000,3229.761719,2496.972656,606.208026,471.744001,29.837837,38.342694,353280,353280,353280,0,0,0,1
global_cg,uniform6_39,generic_compressible,1,1,36,37748736,37748736,3145728,50331648,0.750000,8707375104,1104,35328,10,47.000000,1654232.000000,1278830.500000,3230.830078,2497.624023,606.208026,470.736012,29.837837,38.424798,353280,353280,353280,0,0,0,1
global_cg,uniform6_38,non_compressible,0,0,36,37748736,37748736,3145728,50331648,0.750000,8669626368,1104,35328,10,47.000000,1653302.000000,1278422.500000,3229.013672,2496.827148,606.208026,471.616000,29.837837,38.353101,353280,353280,353280,0,0,0,1
global_cg,uniform6_38,generic_compressible,1,1,36,37748736,37748736,3145728,50331648,0.750000,8707375104,1104,35328,10,48.000000,1653661.500000,1278801.500000,3229.713867,2497.565430,606.271982,470.735997,29.834689,38.424799,353280,353280,353280,0,0,0,1
global_cg,uniform6_37,non_compressible,0,0,36,37748736,37748736,3145728,50331648,0.750000,8669626368,1104,35328,10,46.000000,1653202.000000,1278286.500000,3228.820312,2496.563477,606.208026,471.456006,29.837837,38.366116,353280,353280,353280,0,0,0,1
global_cg,uniform6_37,generic_compressible,1,1,36,37748736,37748736,3145728,50331648,0.750000,8707375104,1104,35328,10,47.000000,1653196.500000,1278626.500000,3228.807617,2497.225586,606.208026,471.791998,29.837837,38.338794,353280,353280,353280,0,0,0,1
global_cg,uniform6_36,non_compressible,0,0,36,37748736,37748736,3145728,50331648,0.750000,8669626368,1104,35328,10,46.000000,1651486.500000,1276389.000000,3225.469727,2492.857422,606.303990,471.903995,29.833114,38.329695,353280,353280,353280,0,0,0,1
global_cg,uniform6_36,generic_compressible,1,1,36,37748736,37748736,3145728,50331648,0.750000,8707375104,1104,35328,10,46.000000,1651854.000000,1277307.500000,3226.187500,2494.651367,606.224000,471.616000,29.837050,38.353101,353280,353280,353280,0,0,0,1
global_cg,uniform6_35,non_compressible,0,0,36,37748736,37748736,3145728,50331648,0.750000,8669626368,1104,35328,10,47.000000,1636495.500000,1275981.000000,3196.188477,2492.058594,607.056022,471.823990,29.796156,38.336194,353280,353280,353280,0,0,0,1
global_cg,uniform6_35,generic_compressible,1,1,36,37748736,37748736,3145728,50331648,0.750000,8707375104,1104,35328,10,48.000000,1640475.500000,1277370.500000,3203.959961,2494.770508,606.271982,471.952006,29.834689,38.325795,353280,353280,353280,0,0,0,1
global_cg,uniform6_34,non_compressible,0,0,36,37748736,37748736,3145728,50331648,0.750000,8669626368,1104,35328,10,46.000000,1617883.000000,1277057.000000,3159.837891,2494.162109,606.368005,471.695989,29.829964,38.346597,353280,353280,353280,0,0,0,1
global_cg,uniform6_34,generic_compressible,1,1,36,37748736,37748736,3145728,50331648,0.750000,8707375104,1104,35328,10,47.000000,1621216.000000,1276586.000000,3166.345703,2493.240234,606.352001,471.679986,29.830752,38.347898,353280,353280,353280,0,0,0,1
global_cg,uniform6_33,non_compressible,0,0,36,37748736,37748736,3145728,50331648,0.750000,8669626368,1104,35328,10,48.000000,1653527.000000,1278316.500000,3229.451172,2496.618164,606.256008,471.759990,29.835475,38.341395,353280,353280,353280,0,0,0,1
global_cg,uniform6_33,generic_compressible,1,1,36,37748736,37748736,3145728,50331648,0.750000,8707375104,1104,35328,10,48.000000,1653656.000000,1278795.000000,3229.703125,2497.552734,606.224000,471.680000,29.837050,38.347897,353280,353280,353280,0,0,0,1
global_cg,uniform6_32,non_compressible,0,0,36,37748736,37748736,3145728,50331648,0.750000,8669626368,1104,35328,10,46.000000,2440809.500000,2201912.500000,4767.116211,4300.520508,1006.672025,919.391990,17.968053,19.673802,353280,353280,353280,0,0,0,1
global_cg,uniform6_32,generic_compressible,1,1,36,37748736,37748736,3145728,50331648,0.750000,8707375104,1104,35328,10,46.000000,2441787.500000,2202193.500000,4769.026367,4301.069336,1005.728006,918.783993,17.984918,19.686821,353280,353280,353280,0,0,0,1
global_cg,uniform6_31,non_compressible,0,0,36,37748736,37748736,3145728,50331648,0.750000,8669626368,1104,35328,10,45.000000,2753409.000000,2517627.000000,5377.664062,4917.152344,1007.312000,919.968009,17.956637,19.661484,353280,353280,353280,0,0,0,1
global_cg,uniform6_31,generic_compressible,1,1,36,37748736,37748736,3145728,50331648,0.750000,8707375104,1104,35328,10,45.000000,2752283.000000,2516521.000000,5375.464844,4914.992188,1005.551994,918.128014,17.988066,19.700887,353280,353280,353280,0,0,0,1
global_cg,uniform6_30,non_compressible,0,0,36,37748736,37748736,3145728,50331648,0.750000,8669626368,1104,35328,10,43.000000,2750973.500000,2512586.000000,5372.911133,4907.310547,1005.391955,917.423993,17.990930,19.716005,353280,353280,353280,0,0,0,1
global_cg,uniform6_30,generic_compressible,1,1,36,37748736,37748736,3145728,50331648,0.750000,8707375104,1104,35328,10,43.000000,2749466.500000,2512809.500000,5369.967773,4907.747070,1003.679991,916.415989,18.021617,19.737691,353280,353280,353280,0,0,0,1
global_cg,uniform6_29,non_compressible,0,0,36,37748736,37748736,3145728,50331648,0.750000,8669626368,1104,35328,10,47.000000,1648890.500000,1277815.000000,3220.397461,2495.640625,606.208026,471.632004,29.837837,38.351799,353280,353280,353280,0,0,0,1
global_cg,uniform6_29,generic_compressible,1,1,36,37748736,37748736,3145728,50331648,0.750000,8707375104,1104,35328,10,46.000000,1646960.000000,1278109.000000,3216.628906,2496.216797,606.464028,471.568003,29.825241,38.357004,353280,353280,353280,0,0,0,1
global_cg,uniform6_28,non_compressible,0,0,36,37748736,37748736,3145728,50331648,0.750000,8669626368,1104,35328,10,47.000000,1637048.000000,1277825.500000,3197.267578,2495.661133,606.384009,471.743986,29.829177,38.342695,353280,353280,353280,0,0,0,1
global_cg,uniform6_28,generic_compressible,1,1,36,37748736,37748736,3145728,50331648,0.750000,8707375104,1104,35328,10,47.000000,1639457.000000,1278583.500000,3201.972656,2497.141602,606.208026,471.823990,29.837837,38.336194,353280,353280,353280,0,0,0,1
global_cg,uniform6_27,non_compressible,0,0,36,37748736,37748736,3145728,50331648,0.750000,8669626368,1104,35328,10,47.000000,1653282.000000,1278255.500000,3228.974609,2496.500977,606.208026,471.695989,29.837837,38.346597,353280,353280,353280,0,0,0,1
global_cg,uniform6_27,generic_compressible,1,1,36,37748736,37748736,3145728,50331648,0.750000,8707375104,1104,35328,10,48.000000,1654071.000000,1278753.000000,3230.513672,2497.470703,606.256008,471.328005,29.835475,38.376536,353280,353280,353280,0,0,0,1
global_cg,uniform6_26,non_compressible,0,0,36,37748736,37748736,3145728,50331648,0.750000,8669626368,1104,35328,10,45.000000,2757748.500000,2522350.000000,5386.139648,4926.376953,1007.647991,920.432001,17.950650,19.651572,353280,353280,353280,0,0,0,1
global_cg,uniform6_26,generic_compressible,1,1,36,37748736,37748736,3145728,50331648,0.750000,8707375104,1104,35328,10,45.000000,2757478.000000,2523375.500000,5385.611328,4928.379883,1007.488012,919.407994,17.953500,19.673460,353280,353280,353280,0,0,0,1
global_cg,uniform6_25,non_compressible,0,0,36,37748736,37748736,3145728,50331648,0.750000,8669626368,1104,35328,10,46.000000,2751802.500000,2516574.000000,5374.524414,4915.093750,1005.616009,918.224007,17.986921,19.698827,353280,353280,353280,0,0,0,1
global_cg,uniform6_25,generic_compressible,1,1,36,37748736,37748736,3145728,50331648,0.750000,8707375104,1104,35328,10,46.000000,2753349.000000,2517691.500000,5377.544922,4917.276367,1005.807996,917.952001,17.983488,19.704664,353280,353280,353280,0,0,0,1
global_cg,uniform6_24,non_compressible,0,0,36,37748736,37748736,3145728,50331648,0.750000,8669626368,1104,35328,10,46.000000,1648475.500000,1276446.000000,3219.588867,2492.968750,606.287986,471.807986,29.833901,38.337494,353280,353280,353280,0,0,0,1
global_cg,uniform6_24,generic_compressible,1,1,36,37748736,37748736,3145728,50331648,0.750000,8707375104,1104,35328,10,48.000000,1641331.000000,1276663.000000,3205.630859,2493.388672,606.224000,470.911995,29.837050,38.410438,353280,353280,353280,0,0,0,1
global_cg,uniform6_23,non_compressible,0,0,36,37748736,37748736,3145728,50331648,0.750000,8669626368,1104,35328,10,46.000000,1647702.500000,1277879.500000,3218.079102,2495.768555,606.240004,471.696004,29.836263,38.346596,353280,353280,353280,0,0,0,1
global_cg,uniform6_23,generic_compressible,1,1,36,37748736,37748736,3145728,50331648,0.750000,8707375104,1104,35328,10,47.000000,1650098.500000,1277838.500000,3222.756836,2495.686523,606.352001,471.727997,29.830752,38.343995,353280,353280,353280,0,0,0,1
global_cg,uniform6_22,non_compressible,0,0,36,37748736,37748736,3145728,50331648,0.750000,8669626368,1104,35328,10,47.000000,1636155.500000,1277058.000000,3195.524414,2494.162109,607.360005,472.783998,29.781243,38.258351,353280,353280,353280,0,0,0,1
global_cg,uniform6_22,generic_compressible,1,1,36,37748736,37748736,3145728,50331648,0.750000,8707375104,1104,35328,10,46.000000,1635736.000000,1277409.500000,3194.707031,2494.850586,606.208026,471.983999,29.837837,38.323197,353280,353280,353280,0,0,0,1
global_cg,uniform6_21,non_compressible,0,0,36,37748736,37748736,3145728,50331648,0.750000,8669626368,1104,35328,10,46.000000,1653787.500000,1278366.500000,3229.963867,2496.719727,606.208026,470.176011,29.837837,38.470563,353280,353280,353280,0,0,0,1
global_cg,uniform6_21,generic_compressible,1,1,36,37748736,37748736,3145728,50331648,0.750000,8707375104,1104,35328,10,48.000000,1374957.500000,1278957.500000,2685.370117,2497.870117,505.103976,469.695985,35.810322,38.509880,353280,353280,353280,0,0,0,1
global_cg,uniform6_20,non_compressible,0,0,36,37748736,37748736,3145728,50331648,0.750000,8669626368,1104,35328,10,46.000000,1622549.500000,1277588.000000,3168.952148,2495.199219,608.063996,471.983999,29.746764,38.323197,353280,353280,353280,0,0,0,1
global_cg,uniform6_20,generic_compressible,1,1,36,37748736,37748736,3145728,50331648,0.750000,8707375104,1104,35328,10,48.000000,1625717.000000,1277327.000000,3175.134766,2494.685547,617.664009,474.480003,29.284426,38.121598,353280,353280,353280,0,0,0,1
global_cg,uniform6_19,non_compressible,0,0,36,37748736,37748736,3145728,50331648,0.750000,8669626368,1104,35328,10,46.000000,1654364.500000,1278574.500000,3231.090820,2497.125977,606.192023,471.727997,29.838624,38.343995,353280,353280,353280,0,0,0,1
global_cg,uniform6_19,generic_compressible,1,1,36,37748736,37748736,3145728,50331648,0.750000,8707375104,1104,35328,10,47.000000,1653877.000000,1278776.500000,3230.136719,2497.518555,606.208026,471.504003,29.837837,38.362211,353280,353280,353280,0,0,0,1
global_cg,uniform6_18,non_compressible,0,0,36,37748736,37748736,3145728,50331648,0.750000,8669626368,1104,35328,10,47.000000,1649980.500000,1277799.500000,3222.526367,2495.610352,606.303990,471.775994,29.833114,38.340094,353280,353280,353280,0,0,0,1
global_cg,uniform6_18,generic_compressible,1,1,36,37748736,37748736,3145728,50331648,0.750000,8707375104,1104,35328,10,48.000000,1647891.500000,1277783.500000,3218.444336,2495.577148,606.208026,471.759990,29.837837,38.341395,353280,353280,353280,0,0,0,1
global_cg,uniform6_17,non_compressible,0,0,36,37748736,37748736,3145728,50331648,0.750000,8669626368,1104,35328,10,47.000000,1653201.500000,1278323.000000,3228.817383,2496.632812,606.208026,471.599996,29.837837,38.354402,353280,353280,353280,0,0,0,1
global_cg,uniform6_17,generic_compressible,1,1,36,37748736,37748736,3145728,50331648,0.750000,8707375104,1104,35328,10,47.000000,1653565.500000,1278275.500000,3229.528320,2496.540039,606.208026,471.519992,29.837837,38.360910,353280,353280,353280,0,0,0,1
global_cg,uniform6_16,non_compressible,0,0,36,37748736,37748736,3145728,50331648,0.750000,8669626368,1104,35328,10,46.000000,1632100.000000,1276442.500000,3187.605469,2492.961914,606.335998,472.624004,29.831539,38.271302,353280,353280,353280,0,0,0,1
global_cg,uniform6_16,generic_compressible,1,1,36,37748736,37748736,3145728,50331648,0.750000,8707375104,1104,35328,10,47.000000,1635228.500000,1276694.500000,3193.713867,2493.452148,606.271982,471.711993,29.834689,38.345296,353280,353280,353280,0,0,0,1
global_cg,uniform6_15,non_compressible,0,0,36,37748736,37748736,3145728,50331648,0.750000,8669626368,1104,35328,10,46.000000,1653548.500000,1278401.000000,3229.497070,2496.787109,606.224000,471.871987,29.837050,38.332295,353280,353280,353280,0,0,0,1
global_cg,uniform6_15,generic_compressible,1,1,36,37748736,37748736,3145728,50331648,0.750000,8707375104,1104,35328,10,46.000000,1653760.500000,1278740.000000,3229.911133,2497.449219,606.224000,470.960006,29.837050,38.406522,353280,353280,353280,0,0,0,1
global_cg,uniform6_14,non_compressible,0,0,36,37748736,37748736,3145728,50331648,0.750000,8669626368,1104,35328,10,47.000000,1653537.500000,1278328.000000,3229.473633,2496.642578,606.208026,471.647993,29.837837,38.350499,353280,353280,353280,0,0,0,1
global_cg,uniform6_14,generic_compressible,1,1,36,37748736,37748736,3145728,50331648,0.750000,8707375104,1104,35328,10,48.000000,1653659.500000,1278247.000000,3229.709961,2496.482422,606.208026,471.663997,29.837837,38.349198,353280,353280,353280,0,0,0,1
global_cg,uniform6_13,non_compressible,0,0,36,37748736,37748736,3145728,50331648,0.750000,8669626368,1104,35328,10,46.000000,1653286.500000,1278433.500000,3228.985352,2496.850586,606.255978,471.808001,29.835477,38.337493,353280,353280,353280,0,0,0,1
global_cg,uniform6_13,generic_compressible,1,1,36,37748736,37748736,3145728,50331648,0.750000,8707375104,1104,35328,10,47.000000,1654237.500000,1278678.500000,3230.840820,2497.327148,606.208026,471.727997,29.837837,38.343995,353280,353280,353280,0,0,0,1
global_cg,uniform6_12,non_compressible,0,0,36,37748736,37748736,3145728,50331648,0.750000,8669626368,1104,35328,10,48.000000,1653485.500000,1278252.000000,3229.370117,2496.492188,606.271982,471.568003,29.834689,38.357004,353280,353280,353280,0,0,0,1
global_cg,uniform6_12,generic_compressible,1,1,36,37748736,37748736,3145728,50331648,0.750000,8707375104,1104,35328,10,48.000000,1654475.000000,1278729.500000,3231.302734,2497.424805,606.271982,470.112011,29.834689,38.475801,353280,353280,353280,0,0,0,1
global_cg,uniform6_11,non_compressible,0,0,36,37748736,37748736,3145728,50331648,0.750000,8669626368,1104,35328,10,45.000000,2614987.000000,2370861.000000,5107.308594,4630.500000,964.480013,873.263985,18.754081,20.713022,353280,353280,353280,0,0,0,1
global_cg,uniform6_11,generic_compressible,1,1,36,37748736,37748736,3145728,50331648,0.750000,8707375104,1104,35328,10,46.000000,2630869.000000,2378196.000000,5138.326172,4644.824219,964.592010,872.928023,18.751903,20.720994,353280,353280,353280,0,0,0,1
global_cg,uniform6_10,non_compressible,0,0,36,37748736,37748736,3145728,50331648,0.750000,8669626368,1104,35328,10,46.000000,2562676.500000,2318538.500000,5005.137695,4528.305664,956.463993,864.879996,18.911257,20.913810,353280,353280,353280,0,0,0,1
global_cg,uniform6_10,generic_compressible,1,1,36,37748736,37748736,3145728,50331648,0.750000,8707375104,1104,35328,10,45.000000,2560128.500000,2310852.000000,5000.163086,4513.294922,956.416011,864.255995,18.912205,20.928910,353280,353280,353280,0,0,0,1
global_cg,uniform6_9,non_compressible,0,0,36,37748736,37748736,3145728,50331648,0.750000,8669626368,1104,35328,10,47.000000,1653374.000000,1278406.500000,3229.154297,2496.795898,606.208026,471.663997,29.837837,38.349198,353280,353280,353280,0,0,0,1
global_cg,uniform6_9,generic_compressible,1,1,36,37748736,37748736,3145728,50331648,0.750000,8707375104,1104,35328,10,47.000000,1654145.500000,1278623.000000,3230.661133,2497.218750,606.208026,470.288008,29.837837,38.461402,353280,353280,353280,0,0,0,1
global_cg,uniform6_8,non_compressible,0,0,36,37748736,37748736,3145728,50331648,0.750000,8669626368,1104,35328,10,48.000000,1640633.000000,1277103.000000,3204.267578,2494.248047,606.208026,470.927998,29.837837,38.409133,353280,353280,353280,0,0,0,1
global_cg,uniform6_8,generic_compressible,1,1,36,37748736,37748736,3145728,50331648,0.750000,8707375104,1104,35328,10,48.000000,1648307.000000,1277155.500000,3219.255859,2494.350586,606.224000,471.359998,29.837050,38.373931,353280,353280,353280,0,0,0,1
global_cg,uniform6_7,non_compressible,0,0,36,37748736,37748736,3145728,50331648,0.750000,8669626368,1104,35328,10,48.000000,1653593.500000,1278286.500000,3229.581055,2496.559570,606.271982,471.680000,29.834689,38.347897,353280,353280,353280,0,0,0,1
global_cg,uniform6_7,generic_compressible,1,1,36,37748736,37748736,3145728,50331648,0.750000,8707375104,1104,35328,10,47.000000,1653859.000000,1278577.500000,3230.101562,2497.129883,606.208026,471.744001,29.837837,38.342694,353280,353280,353280,0,0,0,1
global_cg,uniform6_6,non_compressible,0,0,36,37748736,37748736,3145728,50331648,0.750000,8669626368,1104,35328,10,47.000000,1652849.000000,1278083.000000,3228.128906,2496.164062,606.239974,471.711993,29.836264,38.345296,353280,353280,353280,0,0,0,1
global_cg,uniform6_6,generic_compressible,1,1,36,37748736,37748736,3145728,50331648,0.750000,8707375104,1104,35328,10,47.000000,1653866.000000,1278337.000000,3230.115234,2496.660156,606.208026,470.223993,29.837837,38.466638,353280,353280,353280,0,0,0,1
global_cg,uniform6_5,non_compressible,0,0,36,37748736,37748736,3145728,50331648,0.750000,8669626368,1104,35328,10,48.000000,1646368.500000,1277613.500000,3215.469727,2495.245117,606.304020,471.823990,29.833112,38.336194,353280,353280,353280,0,0,0,1
global_cg,uniform6_5,generic_compressible,1,1,36,37748736,37748736,3145728,50331648,0.750000,8707375104,1104,35328,10,48.000000,1649340.000000,1278008.500000,3221.273438,2496.016602,606.335998,470.095992,29.831539,38.477112,353280,353280,353280,0,0,0,1
global_cg,uniform6_4,non_compressible,0,0,36,37748736,37748736,3145728,50331648,0.750000,8669626368,1104,35328,10,44.000000,2752793.500000,2517839.500000,5376.463867,4917.569336,1005.568027,918.767989,17.987780,19.687164,353280,353280,353280,0,0,0,1
global_cg,uniform6_4,generic_compressible,1,1,36,37748736,37748736,3145728,50331648,0.750000,8707375104,1104,35328,10,46.000000,2752410.000000,2516895.500000,5375.710938,4915.721680,1005.568027,918.096006,17.987780,19.701574,353280,353280,353280,0,0,0,1
global_cg,uniform6_3,non_compressible,0,0,36,37748736,37748736,3145728,50331648,0.750000,8669626368,1104,35328,10,46.000000,2754138.500000,2519306.000000,5379.086914,4920.429688,1005.616009,919.600010,17.986921,19.669352,353280,353280,353280,0,0,0,1
global_cg,uniform6_3,generic_compressible,1,1,36,37748736,37748736,3145728,50331648,0.750000,8707375104,1104,35328,10,46.000000,2754829.500000,2519403.000000,5380.436523,4920.619141,1005.568027,918.719977,17.987780,19.688193,353280,353280,353280,0,0,0,1
global_cg,uniform6_2,non_compressible,0,0,36,37748736,37748736,3145728,50331648,0.750000,8669626368,1104,35328,10,48.000000,1652371.000000,1277801.000000,3227.193359,2495.611328,606.208026,471.600011,29.837837,38.354401,353280,353280,353280,0,0,0,1
global_cg,uniform6_2,generic_compressible,1,1,36,37748736,37748736,3145728,50331648,0.750000,8707375104,1104,35328,10,48.000000,1653479.500000,1278367.500000,3229.358398,2496.717773,606.208026,470.128000,29.837837,38.474492,353280,353280,353280,0,0,0,1
global_cg,uniform6_1,non_compressible,0,0,36,37748736,37748736,3145728,50331648,0.750000,8669626368,1104,35328,10,47.000000,1652994.000000,1277901.000000,3228.412109,2495.808594,606.239974,471.503988,29.836264,38.362212,353280,353280,353280,0,0,0,1
global_cg,uniform6_1,generic_compressible,1,1,36,37748736,37748736,3145728,50331648,0.750000,8707375104,1104,35328,10,48.000000,1653482.500000,1278252.000000,3229.364258,2496.492188,606.224000,470.016003,29.837050,38.483660,353280,353280,353280,0,0,0,1
global_cg,uniform6_0,non_compressible,0,0,36,37748736,37748736,3145728,50331648,0.750000,8669626368,1104,35328,10,45.000000,2751051.500000,2515143.000000,5373.059570,4912.300781,1005.423963,917.984009,17.990357,19.703977,353280,353280,353280,0,0,0,1
global_cg,uniform6_0,generic_compressible,1,1,36,37748736,37748736,3145728,50331648,0.750000,8707375104,1104,35328,10,46.000000,2509659.500000,2515100.000000,4901.588867,4912.214844,915.504009,915.919989,19.757353,19.748380,353280,353280,353280,0,0,0,1
