seed_index,norad_id,object_name,orbit_class,service_class,station_index,station_id,station_name,support_possible,compatible,active,station_orbit_mask,station_service_mask,period_min,perigee_km,apogee_km
0,19548,TDRS 3,GEO,RELAY,0,1001,NL Navigation Profile,0,0,0,MEO,NAV,1436.078581,35629.340392,35943.161484
0,19548,TDRS 3,GEO,RELAY,1,1002,NL Science Profile,1,0,0,LEO|HEO,EARTH_OBS|SCIENCE|CREWED,1436.078581,35629.340392,35943.161484
0,19548,TDRS 3,GEO,RELAY,2,1003,Svalbard Polar Profile,0,0,0,LEO,EARTH_OBS|SCIENCE,1436.078581,35629.340392,35943.161484
0,19548,TDRS 3,GEO,RELAY,3,1004,Canberra Deep Profile,1,1,1,MEO|GEO|HEO,NAV|RELAY|SCIENCE,1436.078581,35629.340392,35943.161484
0,19548,TDRS 3,GEO,RELAY,4,1005,Goldstone Deep Profile,1,1,1,MEO|GEO|HEO,NAV|RELAY|SCIENCE,1436.078581,35629.340392,35943.161484
0,19548,TDRS 3,GEO,RELAY,5,1006,Madrid Deep Profile,1,1,1,MEO|GEO|HEO,NAV|RELAY|SCIENCE,1436.078581,35629.340392,35943.161484
0,19548,TDRS 3,GEO,RELAY,6,1007,Hawaii Navigation Profile,1,0,0,MEO,NAV,1436.078581,35629.340392,35943.161484
0,19548,TDRS 3,GEO,RELAY,7,1008,Singapore Relay Profile,1,1,1,GEO,RELAY,1436.078581,35629.340392,35943.161484
0,19548,TDRS 3,GEO,RELAY,8,1009,Cape Town EO Profile,0,0,0,LEO,EARTH_OBS|SCIENCE,1436.078581,35629.340392,35943.161484
0,19548,TDRS 3,GEO,RELAY,9,1010,Santiago EO Profile,0,0,0,LEO,EARTH_OBS|SCIENCE,1436.078581,35629.340392,35943.161484
0,19548,TDRS 3,GEO,RELAY,10,1011,McMurdo Polar Profile,0,0,0,LEO,EARTH_OBS|SCIENCE,1436.078581,35629.340392,35943.161484
0,19548,TDRS 3,GEO,RELAY,11,1012,Tokyo Science Profile,1,0,0,LEO|MEO|HEO,NAV|SCIENCE|CREWED,1436.078581,35629.340392,35943.161484
0,19548,TDRS 3,GEO,RELAY,12,1013,Tromso Polar Profile,0,0,0,LEO,EARTH_OBS|SCIENCE,1436.078581,35629.340392,35943.161484
0,19548,TDRS 3,GEO,RELAY,13,1014,Equatorial Relay Profile,1,1,1,GEO,RELAY,1436.078581,35629.340392,35943.161484
0,19548,TDRS 3,GEO,RELAY,14,1015,Alaska Mixed Profile,0,0,0,LEO|MEO,NAV|EARTH_OBS|SCIENCE|CREWED,1436.078581,35629.340392,35943.161484
0,19548,TDRS 3,GEO,RELAY,15,1016,Kwajalein Mixed Profile,1,1,1,LEO|MEO|GEO,NAV|RELAY|EARTH_OBS|SCIENCE|CREWED,1436.078581,35629.340392,35943.161484
1,20580,HST,LEO,SCIENCE,0,1001,NL Navigation Profile,1,0,0,MEO,NAV,94.131661,475.339622,477.653746
1,20580,HST,LEO,SCIENCE,1,1002,NL Science Profile,1,1,1,LEO|HEO,EARTH_OBS|SCIENCE|CREWED,94.131661,475.339622,477.653746
1,20580,HST,LEO,SCIENCE,2,1003,Svalbard Polar Profile,1,1,1,LEO,EARTH_OBS|SCIENCE,94.131661,475.339622,477.653746
1,20580,HST,LEO,SCIENCE,3,1004,Canberra Deep Profile,1,0,0,MEO|GEO|HEO,NAV|RELAY|SCIENCE,94.131661,475.339622,477.653746
1,20580,HST,LEO,SCIENCE,4,1005,Goldstone Deep Profile,1,0,0,MEO|GEO|HEO,NAV|RELAY|SCIENCE,94.131661,475.339622,477.653746
1,20580,HST,LEO,SCIENCE,5,1006,Madrid Deep Profile,1,0,0,MEO|GEO|HEO,NAV|RELAY|SCIENCE,94.131661,475.339622,477.653746
1,20580,HST,LEO,SCIENCE,6,1007,Hawaii Navigation Profile,1,0,0,MEO,NAV,94.131661,475.339622,477.653746
1,20580,HST,LEO,SCIENCE,7,1008,Singapore Relay Profile,1,0,0,GEO,RELAY,94.131661,475.339622,477.653746
1,20580,HST,LEO,SCIENCE,8,1009,Cape Town EO Profile,1,1,1,LEO,EARTH_OBS|SCIENCE,94.131661,475.339622,477.653746
1,20580,HST,LEO,SCIENCE,9,1010,Santiago EO Profile,1,1,1,LEO,EARTH_OBS|SCIENCE,94.131661,475.339622,477.653746
1,20580,HST,LEO,SCIENCE,10,1011,McMurdo Polar Profile,1,1,1,LEO,EARTH_OBS|SCIENCE,94.131661,475.339622,477.653746
1,20580,HST,LEO,SCIENCE,11,1012,Tokyo Science Profile,1,1,1,LEO|MEO|HEO,NAV|SCIENCE|CREWED,94.131661,475.339622,477.653746
1,20580,HST,LEO,SCIENCE,12,1013,Tromso Polar Profile,1,1,1,LEO,EARTH_OBS|SCIENCE,94.131661,475.339622,477.653746
1,20580,HST,LEO,SCIENCE,13,1014,Equatorial Relay Profile,1,0,0,GEO,RELAY,94.131661,475.339622,477.653746
1,20580,HST,LEO,SCIENCE,14,1015,Alaska Mixed Profile,1,1,1,LEO|MEO,NAV|EARTH_OBS|SCIENCE|CREWED,94.131661,475.339622,477.653746
1,20580,HST,LEO,SCIENCE,15,1016,Kwajalein Mixed Profile,1,1,1,LEO|MEO|GEO,NAV|RELAY|EARTH_OBS|SCIENCE|CREWED,94.131661,475.339622,477.653746
2,21639,TDRS 5,GEO,RELAY,0,1001,NL Navigation Profile,0,0,0,MEO,NAV,1436.023814,35752.793297,35817.564580
2,21639,TDRS 5,GEO,RELAY,1,1002,NL Science Profile,1,0,0,LEO|HEO,EARTH_OBS|SCIENCE|CREWED,1436.023814,35752.793297,35817.564580
2,21639,TDRS 5,GEO,RELAY,2,1003,Svalbard Polar Profile,0,0,0,LEO,EARTH_OBS|SCIENCE,1436.023814,35752.793297,35817.564580
2,21639,TDRS 5,GEO,RELAY,3,1004,Canberra Deep Profile,1,1,1,MEO|GEO|HEO,NAV|RELAY|SCIENCE,1436.023814,35752.793297,35817.564580
2,21639,TDRS 5,GEO,RELAY,4,1005,Goldstone Deep Profile,1,1,1,MEO|GEO|HEO,NAV|RELAY|SCIENCE,1436.023814,35752.793297,35817.564580
2,21639,TDRS 5,GEO,RELAY,5,1006,Madrid Deep Profile,1,1,1,MEO|GEO|HEO,NAV|RELAY|SCIENCE,1436.023814,35752.793297,35817.564580
2,21639,TDRS 5,GEO,RELAY,6,1007,Hawaii Navigation Profile,1,0,0,MEO,NAV,1436.023814,35752.793297,35817.564580
2,21639,TDRS 5,GEO,RELAY,7,1008,Singapore Relay Profile,1,1,1,GEO,RELAY,1436.023814,35752.793297,35817.564580
2,21639,TDRS 5,GEO,RELAY,8,1009,Cape Town EO Profile,0,0,0,LEO,EARTH_OBS|SCIENCE,1436.023814,35752.793297,35817.564580
2,21639,TDRS 5,GEO,RELAY,9,1010,Santiago EO Profile,0,0,0,LEO,EARTH_OBS|SCIENCE,1436.023814,35752.793297,35817.564580
2,21639,TDRS 5,GEO,RELAY,10,1011,McMurdo Polar Profile,0,0,0,LEO,EARTH_OBS|SCIENCE,1436.023814,35752.793297,35817.564580
2,21639,TDRS 5,GEO,RELAY,11,1012,Tokyo Science Profile,1,0,0,LEO|MEO|HEO,NAV|SCIENCE|CREWED,1436.023814,35752.793297,35817.564580
2,21639,TDRS 5,GEO,RELAY,12,1013,Tromso Polar Profile,0,0,0,LEO,EARTH_OBS|SCIENCE,1436.023814,35752.793297,35817.564580
2,21639,TDRS 5,GEO,RELAY,13,1014,Equatorial Relay Profile,1,1,1,GEO,RELAY,1436.023814,35752.793297,35817.564580
2,21639,TDRS 5,GEO,RELAY,14,1015,Alaska Mixed Profile,0,0,0,LEO|MEO,NAV|EARTH_OBS|SCIENCE|CREWED,1436.023814,35752.793297,35817.564580
2,21639,TDRS 5,GEO,RELAY,15,1016,Kwajalein Mixed Profile,1,1,1,LEO|MEO|GEO,NAV|RELAY|EARTH_OBS|SCIENCE|CREWED,1436.023814,35752.793297,35817.564580
3,22314,TDRS 6,GEO,RELAY,0,1001,NL Navigation Profile,0,0,0,MEO,NAV,1436.104961,35748.789367,35824.745222
3,22314,TDRS 6,GEO,RELAY,1,1002,NL Science Profile,1,0,0,LEO|HEO,EARTH_OBS|SCIENCE|CREWED,1436.104961,35748.789367,35824.745222
3,22314,TDRS 6,GEO,RELAY,2,1003,Svalbard Polar Profile,0,0,0,LEO,EARTH_OBS|SCIENCE,1436.104961,35748.789367,35824.745222
3,22314,TDRS 6,GEO,RELAY,3,1004,Canberra Deep Profile,1,1,1,MEO|GEO|HEO,NAV|RELAY|SCIENCE,1436.104961,35748.789367,35824.745222
3,22314,TDRS 6,GEO,RELAY,4,1005,Goldstone Deep Profile,1,1,1,MEO|GEO|HEO,NAV|RELAY|SCIENCE,1436.104961,35748.789367,35824.745222
3,22314,TDRS 6,GEO,RELAY,5,1006,Madrid Deep Profile,1,1,1,MEO|GEO|HEO,NAV|RELAY|SCIENCE,1436.104961,35748.789367,35824.745222
3,22314,TDRS 6,GEO,RELAY,6,1007,Hawaii Navigation Profile,1,0,0,MEO,NAV,1436.104961,35748.789367,35824.745222
3,22314,TDRS 6,GEO,RELAY,7,1008,Singapore Relay Profile,1,1,1,GEO,RELAY,1436.104961,35748.789367,35824.745222
3,22314,TDRS 6,GEO,RELAY,8,1009,Cape Town EO Profile,0,0,0,LEO,EARTH_OBS|SCIENCE,1436.104961,35748.789367,35824.745222
3,22314,TDRS 6,GEO,RELAY,9,1010,Santiago EO Profile,0,0,0,LEO,EARTH_OBS|SCIENCE,1436.104961,35748.789367,35824.745222
3,22314,TDRS 6,GEO,RELAY,10,1011,McMurdo Polar Profile,0,0,0,LEO,EARTH_OBS|SCIENCE,1436.104961,35748.789367,35824.745222
3,22314,TDRS 6,GEO,RELAY,11,1012,Tokyo Science Profile,1,0,0,LEO|MEO|HEO,NAV|SCIENCE|CREWED,1436.104961,35748.789367,35824.745222
3,22314,TDRS 6,GEO,RELAY,12,1013,Tromso Polar Profile,0,0,0,LEO,EARTH_OBS|SCIENCE,1436.104961,35748.789367,35824.745222
3,22314,TDRS 6,GEO,RELAY,13,1014,Equatorial Relay Profile,1,1,1,GEO,RELAY,1436.104961,35748.789367,35824.745222
3,22314,TDRS 6,GEO,RELAY,14,1015,Alaska Mixed Profile,0,0,0,LEO|MEO,NAV|EARTH_OBS|SCIENCE|CREWED,1436.104961,35748.789367,35824.745222
3,22314,TDRS 6,GEO,RELAY,15,1016,Kwajalein Mixed Profile,1,1,1,LEO|MEO|GEO,NAV|RELAY|EARTH_OBS|SCIENCE|CREWED,1436.104961,35748.789367,35824.745222
4,23613,TDRS 7,GEO,RELAY,0,1001,NL Navigation Profile,0,0,0,MEO,NAV,1436.168766,35742.265922,35833.766470
4,23613,TDRS 7,GEO,RELAY,1,1002,NL Science Profile,1,0,0,LEO|HEO,EARTH_OBS|SCIENCE|CREWED,1436.168766,35742.265922,35833.766470
4,23613,TDRS 7,GEO,RELAY,2,1003,Svalbard Polar Profile,0,0,0,LEO,EARTH_OBS|SCIENCE,1436.168766,35742.265922,35833.766470
4,23613,TDRS 7,GEO,RELAY,3,1004,Canberra Deep Profile,1,1,1,MEO|GEO|HEO,NAV|RELAY|SCIENCE,1436.168766,35742.265922,35833.766470
4,23613,TDRS 7,GEO,RELAY,4,1005,Goldstone Deep Profile,1,1,1,MEO|GEO|HEO,NAV|RELAY|SCIENCE,1436.168766,35742.265922,35833.766470
4,23613,TDRS 7,GEO,RELAY,5,1006,Madrid Deep Profile,1,1,1,MEO|GEO|HEO,NAV|RELAY|SCIENCE,1436.168766,35742.265922,35833.766470
4,23613,TDRS 7,GEO,RELAY,6,1007,Hawaii Navigation Profile,1,0,0,MEO,NAV,1436.168766,35742.265922,35833.766470
4,23613,TDRS 7,GEO,RELAY,7,1008,Singapore Relay Profile,1,1,1,GEO,RELAY,1436.168766,35742.265922,35833.766470
4,23613,TDRS 7,GEO,RELAY,8,1009,Cape Town EO Profile,0,0,0,LEO,EARTH_OBS|SCIENCE,1436.168766,35742.265922,35833.766470
4,23613,TDRS 7,GEO,RELAY,9,1010,Santiago EO Profile,0,0,0,LEO,EARTH_OBS|SCIENCE,1436.168766,35742.265922,35833.766470
4,23613,TDRS 7,GEO,RELAY,10,1011,McMurdo Polar Profile,0,0,0,LEO,EARTH_OBS|SCIENCE,1436.168766,35742.265922,35833.766470
4,23613,TDRS 7,GEO,RELAY,11,1012,Tokyo Science Profile,1,0,0,LEO|MEO|HEO,NAV|SCIENCE|CREWED,1436.168766,35742.265922,35833.766470
4,23613,TDRS 7,GEO,RELAY,12,1013,Tromso Polar Profile,0,0,0,LEO,EARTH_OBS|SCIENCE,1436.168766,35742.265922,35833.766470
4,23613,TDRS 7,GEO,RELAY,13,1014,Equatorial Relay Profile,1,1,1,GEO,RELAY,1436.168766,35742.265922,35833.766470
4,23613,TDRS 7,GEO,RELAY,14,1015,Alaska Mixed Profile,0,0,0,LEO|MEO,NAV|EARTH_OBS|SCIENCE|CREWED,1436.168766,35742.265922,35833.766470
4,23613,TDRS 7,GEO,RELAY,15,1016,Kwajalein Mixed Profile,1,1,1,LEO|MEO|GEO,NAV|RELAY|EARTH_OBS|SCIENCE|CREWED,1436.168766,35742.265922,35833.766470
5,25544,ISS (ZARYA),LEO,SCIENCE|CREWED,0,1001,NL Navigation Profile,1,0,0,MEO,NAV,92.959175,414.662175,424.253579
5,25544,ISS (ZARYA),LEO,SCIENCE|CREWED,1,1002,NL Science Profile,1,1,1,LEO|HEO,EARTH_OBS|SCIENCE|CREWED,92.959175,414.662175,424.253579
5,25544,ISS (ZARYA),LEO,SCIENCE|CREWED,2,1003,Svalbard Polar Profile,1,1,1,LEO,EARTH_OBS|SCIENCE,92.959175,414.662175,424.253579
5,25544,ISS (ZARYA),LEO,SCIENCE|CREWED,3,1004,Canberra Deep Profile,1,0,0,MEO|GEO|HEO,NAV|RELAY|SCIENCE,92.959175,414.662175,424.253579
5,25544,ISS (ZARYA),LEO,SCIENCE|CREWED,4,1005,Goldstone Deep Profile,1,0,0,MEO|GEO|HEO,NAV|RELAY|SCIENCE,92.959175,414.662175,424.253579
5,25544,ISS (ZARYA),LEO,SCIENCE|CREWED,5,1006,Madrid Deep Profile,1,0,0,MEO|GEO|HEO,NAV|RELAY|SCIENCE,92.959175,414.662175,424.253579
5,25544,ISS (ZARYA),LEO,SCIENCE|CREWED,6,1007,Hawaii Navigation Profile,1,0,0,MEO,NAV,92.959175,414.662175,424.253579
5,25544,ISS (ZARYA),LEO,SCIENCE|CREWED,7,1008,Singapore Relay Profile,1,0,0,GEO,RELAY,92.959175,414.662175,424.253579
5,25544,ISS (ZARYA),LEO,SCIENCE|CREWED,8,1009,Cape Town EO Profile,1,1,1,LEO,EARTH_OBS|SCIENCE,92.959175,414.662175,424.253579
5,25544,ISS (ZARYA),LEO,SCIENCE|CREWED,9,1010,Santiago EO Profile,1,1,1,LEO,EARTH_OBS|SCIENCE,92.959175,414.662175,424.253579
5,25544,ISS (ZARYA),LEO,SCIENCE|CREWED,10,1011,McMurdo Polar Profile,1,1,1,LEO,EARTH_OBS|SCIENCE,92.959175,414.662175,424.253579
5,25544,ISS (ZARYA),LEO,SCIENCE|CREWED,11,1012,Tokyo Science Profile,1,1,1,LEO|MEO|HEO,NAV|SCIENCE|CREWED,92.959175,414.662175,424.253579
5,25544,ISS (ZARYA),LEO,SCIENCE|CREWED,12,1013,Tromso Polar Profile,1,1,1,LEO,EARTH_OBS|SCIENCE,92.959175,414.662175,424.253579
5,25544,ISS (ZARYA),LEO,SCIENCE|CREWED,13,1014,Equatorial Relay Profile,1,0,0,GEO,RELAY,92.959175,414.662175,424.253579
5,25544,ISS (ZARYA),LEO,SCIENCE|CREWED,14,1015,Alaska Mixed Profile,1,1,1,LEO|MEO,NAV|EARTH_OBS|SCIENCE|CREWED,92.959175,414.662175,424.253579
5,25544,ISS (ZARYA),LEO,SCIENCE|CREWED,15,1016,Kwajalein Mixed Profile,1,1,1,LEO|MEO|GEO,NAV|RELAY|EARTH_OBS|SCIENCE|CREWED,92.959175,414.662175,424.253579
6,25994,TERRA,LEO,EARTH_OBS|SCIENCE,0,1001,NL Navigation Profile,1,0,0,MEO,NAV,98.492211,683.959615,689.208702
6,25994,TERRA,LEO,EARTH_OBS|SCIENCE,1,1002,NL Science Profile,1,1,1,LEO|HEO,EARTH_OBS|SCIENCE|CREWED,98.492211,683.959615,689.208702
6,25994,TERRA,LEO,EARTH_OBS|SCIENCE,2,1003,Svalbard Polar Profile,1,1,1,LEO,EARTH_OBS|SCIENCE,98.492211,683.959615,689.208702
6,25994,TERRA,LEO,EARTH_OBS|SCIENCE,3,1004,Canberra Deep Profile,1,0,0,MEO|GEO|HEO,NAV|RELAY|SCIENCE,98.492211,683.959615,689.208702
6,25994,TERRA,LEO,EARTH_OBS|SCIENCE,4,1005,Goldstone Deep Profile,1,0,0,MEO|GEO|HEO,NAV|RELAY|SCIENCE,98.492211,683.959615,689.208702
6,25994,TERRA,LEO,EARTH_OBS|SCIENCE,5,1006,Madrid Deep Profile,1,0,0,MEO|GEO|HEO,NAV|RELAY|SCIENCE,98.492211,683.959615,689.208702
6,25994,TERRA,LEO,EARTH_OBS|SCIENCE,6,1007,Hawaii Navigation Profile,1,0,0,MEO,NAV,98.492211,683.959615,689.208702
6,25994,TERRA,LEO,EARTH_OBS|SCIENCE,7,1008,Singapore Relay Profile,1,0,0,GEO,RELAY,98.492211,683.959615,689.208702
6,25994,TERRA,LEO,EARTH_OBS|SCIENCE,8,1009,Cape Town EO Profile,1,1,1,LEO,EARTH_OBS|SCIENCE,98.492211,683.959615,689.208702
6,25994,TERRA,LEO,EARTH_OBS|SCIENCE,9,1010,Santiago EO Profile,1,1,1,LEO,EARTH_OBS|SCIENCE,98.492211,683.959615,689.208702
6,25994,TERRA,LEO,EARTH_OBS|SCIENCE,10,1011,McMurdo Polar Profile,1,1,1,LEO,EARTH_OBS|SCIENCE,98.492211,683.959615,689.208702
6,25994,TERRA,LEO,EARTH_OBS|SCIENCE,11,1012,Tokyo Science Profile,1,1,1,LEO|MEO|HEO,NAV|SCIENCE|CREWED,98.492211,683.959615,689.208702
6,25994,TERRA,LEO,EARTH_OBS|SCIENCE,12,1013,Tromso Polar Profile,1,1,1,LEO,EARTH_OBS|SCIENCE,98.492211,683.959615,689.208702
6,25994,TERRA,LEO,EARTH_OBS|SCIENCE,13,1014,Equatorial Relay Profile,1,0,0,GEO,RELAY,98.492211,683.959615,689.208702
6,25994,TERRA,LEO,EARTH_OBS|SCIENCE,14,1015,Alaska Mixed Profile,1,1,1,LEO|MEO,NAV|EARTH_OBS|SCIENCE|CREWED,98.492211,683.959615,689.208702
6,25994,TERRA,LEO,EARTH_OBS|SCIENCE,15,1016,Kwajalein Mixed Profile,1,1,1,LEO|MEO|GEO,NAV|RELAY|EARTH_OBS|SCIENCE|CREWED,98.492211,683.959615,689.208702
7,26388,TDRS 8,GEO,RELAY,0,1001,NL Navigation Profile,0,0,0,MEO,NAV,1436.175931,35774.751775,35801.561103
7,26388,TDRS 8,GEO,RELAY,1,1002,NL Science Profile,1,0,0,LEO|HEO,EARTH_OBS|SCIENCE|CREWED,1436.175931,35774.751775,35801.561103
7,26388,TDRS 8,GEO,RELAY,2,1003,Svalbard Polar Profile,0,0,0,LEO,EARTH_OBS|SCIENCE,1436.175931,35774.751775,35801.561103
7,26388,TDRS 8,GEO,RELAY,3,1004,Canberra Deep Profile,1,1,1,MEO|GEO|HEO,NAV|RELAY|SCIENCE,1436.175931,35774.751775,35801.561103
7,26388,TDRS 8,GEO,RELAY,4,1005,Goldstone Deep Profile,1,1,1,MEO|GEO|HEO,NAV|RELAY|SCIENCE,1436.175931,35774.751775,35801.561103
7,26388,TDRS 8,GEO,RELAY,5,1006,Madrid Deep Profile,1,1,1,MEO|GEO|HEO,NAV|RELAY|SCIENCE,1436.175931,35774.751775,35801.561103
7,26388,TDRS 8,GEO,RELAY,6,1007,Hawaii Navigation Profile,1,0,0,MEO,NAV,1436.175931,35774.751775,35801.561103
7,26388,TDRS 8,GEO,RELAY,7,1008,Singapore Relay Profile,1,1,1,GEO,RELAY,1436.175931,35774.751775,35801.561103
7,26388,TDRS 8,GEO,RELAY,8,1009,Cape Town EO Profile,0,0,0,LEO,EARTH_OBS|SCIENCE,1436.175931,35774.751775,35801.561103
7,26388,TDRS 8,GEO,RELAY,9,1010,Santiago EO Profile,0,0,0,LEO,EARTH_OBS|SCIENCE,1436.175931,35774.751775,35801.561103
7,26388,TDRS 8,GEO,RELAY,10,1011,McMurdo Polar Profile,0,0,0,LEO,EARTH_OBS|SCIENCE,1436.175931,35774.751775,35801.561103
7,26388,TDRS 8,GEO,RELAY,11,1012,Tokyo Science Profile,1,0,0,LEO|MEO|HEO,NAV|SCIENCE|CREWED,1436.175931,35774.751775,35801.561103
7,26388,TDRS 8,GEO,RELAY,12,1013,Tromso Polar Profile,0,0,0,LEO,EARTH_OBS|SCIENCE,1436.175931,35774.751775,35801.561103
7,26388,TDRS 8,GEO,RELAY,13,1014,Equatorial Relay Profile,1,1,1,GEO,RELAY,1436.175931,35774.751775,35801.561103
7,26388,TDRS 8,GEO,RELAY,14,1015,Alaska Mixed Profile,0,0,0,LEO|MEO,NAV|EARTH_OBS|SCIENCE|CREWED,1436.175931,35774.751775,35801.561103
7,26388,TDRS 8,GEO,RELAY,15,1016,Kwajalein Mixed Profile,1,1,1,LEO|MEO|GEO,NAV|RELAY|EARTH_OBS|SCIENCE|CREWED,1436.175931,35774.751775,35801.561103
8,26407,GPS BIIR-5  (PRN 22),MEO,NAV,0,1001,NL Navigation Profile,1,1,1,MEO,NAV,717.996096,19865.306857,20500.090060
8,26407,GPS BIIR-5  (PRN 22),MEO,NAV,1,1002,NL Science Profile,1,0,0,LEO|HEO,EARTH_OBS|SCIENCE|CREWED,717.996096,19865.306857,20500.090060
8,26407,GPS BIIR-5  (PRN 22),MEO,NAV,2,1003,Svalbard Polar Profile,0,0,0,LEO,EARTH_OBS|SCIENCE,717.996096,19865.306857,20500.090060
8,26407,GPS BIIR-5  (PRN 22),MEO,NAV,3,1004,Canberra Deep Profile,1,1,1,MEO|GEO|HEO,NAV|RELAY|SCIENCE,717.996096,19865.306857,20500.090060
8,26407,GPS BIIR-5  (PRN 22),MEO,NAV,4,1005,Goldstone Deep Profile,1,1,1,MEO|GEO|HEO,NAV|RELAY|SCIENCE,717.996096,19865.306857,20500.090060
8,26407,GPS BIIR-5  (PRN 22),MEO,NAV,5,1006,Madrid Deep Profile,1,1,1,MEO|GEO|HEO,NAV|RELAY|SCIENCE,717.996096,19865.306857,20500.090060
8,26407,GPS BIIR-5  (PRN 22),MEO,NAV,6,1007,Hawaii Navigation Profile,1,1,1,MEO,NAV,717.996096,19865.306857,20500.090060
8,26407,GPS BIIR-5  (PRN 22),MEO,NAV,7,1008,Singapore Relay Profile,1,0,0,GEO,RELAY,717.996096,19865.306857,20500.090060
8,26407,GPS BIIR-5  (PRN 22),MEO,NAV,8,1009,Cape Town EO Profile,0,0,0,LEO,EARTH_OBS|SCIENCE,717.996096,19865.306857,20500.090060
8,26407,GPS BIIR-5  (PRN 22),MEO,NAV,9,1010,Santiago EO Profile,0,0,0,LEO,EARTH_OBS|SCIENCE,717.996096,19865.306857,20500.090060
8,26407,GPS BIIR-5  (PRN 22),MEO,NAV,10,1011,McMurdo Polar Profile,0,0,0,LEO,EARTH_OBS|SCIENCE,717.996096,19865.306857,20500.090060
8,26407,GPS BIIR-5  (PRN 22),MEO,NAV,11,1012,Tokyo Science Profile,1,1,1,LEO|MEO|HEO,NAV|SCIENCE|CREWED,717.996096,19865.306857,20500.090060
8,26407,GPS BIIR-5  (PRN 22),MEO,NAV,12,1013,Tromso Polar Profile,0,0,0,LEO,EARTH_OBS|SCIENCE,717.996096,19865.306857,20500.090060
8,26407,GPS BIIR-5  (PRN 22),MEO,NAV,13,1014,Equatorial Relay Profile,1,0,0,GEO,RELAY,717.996096,19865.306857,20500.090060
8,26407,GPS BIIR-5  (PRN 22),MEO,NAV,14,1015,Alaska Mixed Profile,1,1,1,LEO|MEO,NAV|EARTH_OBS|SCIENCE|CREWED,717.996096,19865.306857,20500.090060
8,26407,GPS BIIR-5  (PRN 22),MEO,NAV,15,1016,Kwajalein Mixed Profile,1,1,1,LEO|MEO|GEO,NAV|RELAY|EARTH_OBS|SCIENCE|CREWED,717.996096,19865.306857,20500.090060
9,26998,TIMED,LEO,SCIENCE,0,1001,NL Navigation Profile,1,0,0,MEO,NAV,96.246210,577.081484,580.458365
9,26998,TIMED,LEO,SCIENCE,1,1002,NL Science Profile,1,1,1,LEO|HEO,EARTH_OBS|SCIENCE|CREWED,96.246210,577.081484,580.458365
9,26998,TIMED,LEO,SCIENCE,2,1003,Svalbard Polar Profile,1,1,1,LEO,EARTH_OBS|SCIENCE,96.246210,577.081484,580.458365
9,26998,TIMED,LEO,SCIENCE,3,1004,Canberra Deep Profile,1,0,0,MEO|GEO|HEO,NAV|RELAY|SCIENCE,96.246210,577.081484,580.458365
9,26998,TIMED,LEO,SCIENCE,4,1005,Goldstone Deep Profile,1,0,0,MEO|GEO|HEO,NAV|RELAY|SCIENCE,96.246210,577.081484,580.458365
9,26998,TIMED,LEO,SCIENCE,5,1006,Madrid Deep Profile,1,0,0,MEO|GEO|HEO,NAV|RELAY|SCIENCE,96.246210,577.081484,580.458365
9,26998,TIMED,LEO,SCIENCE,6,1007,Hawaii Navigation Profile,1,0,0,MEO,NAV,96.246210,577.081484,580.458365
9,26998,TIMED,LEO,SCIENCE,7,1008,Singapore Relay Profile,1,0,0,GEO,RELAY,96.246210,577.081484,580.458365
9,26998,TIMED,LEO,SCIENCE,8,1009,Cape Town EO Profile,1,1,1,LEO,EARTH_OBS|SCIENCE,96.246210,577.081484,580.458365
9,26998,TIMED,LEO,SCIENCE,9,1010,Santiago EO Profile,1,1,1,LEO,EARTH_OBS|SCIENCE,96.246210,577.081484,580.458365
9,26998,TIMED,LEO,SCIENCE,10,1011,McMurdo Polar Profile,1,1,1,LEO,EARTH_OBS|SCIENCE,96.246210,577.081484,580.458365
9,26998,TIMED,LEO,SCIENCE,11,1012,Tokyo Science Profile,1,1,1,LEO|MEO|HEO,NAV|SCIENCE|CREWED,96.246210,577.081484,580.458365
9,26998,TIMED,LEO,SCIENCE,12,1013,Tromso Polar Profile,1,1,1,LEO,EARTH_OBS|SCIENCE,96.246210,577.081484,580.458365
9,26998,TIMED,LEO,SCIENCE,13,1014,Equatorial Relay Profile,1,0,0,GEO,RELAY,96.246210,577.081484,580.458365
9,26998,TIMED,LEO,SCIENCE,14,1015,Alaska Mixed Profile,1,1,1,LEO|MEO,NAV|EARTH_OBS|SCIENCE|CREWED,96.246210,577.081484,580.458365
9,26998,TIMED,LEO,SCIENCE,15,1016,Kwajalein Mixed Profile,1,1,1,LEO|MEO|GEO,NAV|RELAY|EARTH_OBS|SCIENCE|CREWED,96.246210,577.081484,580.458365
10,27424,AQUA,LEO,EARTH_OBS|SCIENCE,0,1001,NL Navigation Profile,1,0,0,MEO,NAV,98.424328,682.284099,684.391243
10,27424,AQUA,LEO,EARTH_OBS|SCIENCE,1,1002,NL Science Profile,1,1,1,LEO|HEO,EARTH_OBS|SCIENCE|CREWED,98.424328,682.284099,684.391243
10,27424,AQUA,LEO,EARTH_OBS|SCIENCE,2,1003,Svalbard Polar Profile,1,1,1,LEO,EARTH_OBS|SCIENCE,98.424328,682.284099,684.391243
10,27424,AQUA,LEO,EARTH_OBS|SCIENCE,3,1004,Canberra Deep Profile,1,0,0,MEO|GEO|HEO,NAV|RELAY|SCIENCE,98.424328,682.284099,684.391243
10,27424,AQUA,LEO,EARTH_OBS|SCIENCE,4,1005,Goldstone Deep Profile,1,0,0,MEO|GEO|HEO,NAV|RELAY|SCIENCE,98.424328,682.284099,684.391243
10,27424,AQUA,LEO,EARTH_OBS|SCIENCE,5,1006,Madrid Deep Profile,1,0,0,MEO|GEO|HEO,NAV|RELAY|SCIENCE,98.424328,682.284099,684.391243
10,27424,AQUA,LEO,EARTH_OBS|SCIENCE,6,1007,Hawaii Navigation Profile,1,0,0,MEO,NAV,98.424328,682.284099,684.391243
10,27424,AQUA,LEO,EARTH_OBS|SCIENCE,7,1008,Singapore Relay Profile,1,0,0,GEO,RELAY,98.424328,682.284099,684.391243
10,27424,AQUA,LEO,EARTH_OBS|SCIENCE,8,1009,Cape Town EO Profile,1,1,1,LEO,EARTH_OBS|SCIENCE,98.424328,682.284099,684.391243
10,27424,AQUA,LEO,EARTH_OBS|SCIENCE,9,1010,Santiago EO Profile,1,1,1,LEO,EARTH_OBS|SCIENCE,98.424328,682.284099,684.391243
10,27424,AQUA,LEO,EARTH_OBS|SCIENCE,10,1011,McMurdo Polar Profile,1,1,1,LEO,EARTH_OBS|SCIENCE,98.424328,682.284099,684.391243
10,27424,AQUA,LEO,EARTH_OBS|SCIENCE,11,1012,Tokyo Science Profile,1,1,1,LEO|MEO|HEO,NAV|SCIENCE|CREWED,98.424328,682.284099,684.391243
10,27424,AQUA,LEO,EARTH_OBS|SCIENCE,12,1013,Tromso Polar Profile,1,1,1,LEO,EARTH_OBS|SCIENCE,98.424328,682.284099,684.391243
10,27424,AQUA,LEO,EARTH_OBS|SCIENCE,13,1014,Equatorial Relay Profile,1,0,0,GEO,RELAY,98.424328,682.284099,684.391243
10,27424,AQUA,LEO,EARTH_OBS|SCIENCE,14,1015,Alaska Mixed Profile,1,1,1,LEO|MEO,NAV|EARTH_OBS|SCIENCE|CREWED,98.424328,682.284099,684.391243
10,27424,AQUA,LEO,EARTH_OBS|SCIENCE,15,1016,Kwajalein Mixed Profile,1,1,1,LEO|MEO|GEO,NAV|RELAY|EARTH_OBS|SCIENCE|CREWED,98.424328,682.284099,684.391243
11,27651,SORCE,LEO,SCIENCE,0,1001,NL Navigation Profile,1,0,0,MEO,NAV,95.800618,544.939451,569.622596
11,27651,SORCE,LEO,SCIENCE,1,1002,NL Science Profile,1,1,1,LEO|HEO,EARTH_OBS|SCIENCE|CREWED,95.800618,544.939451,569.622596
11,27651,SORCE,LEO,SCIENCE,2,1003,Svalbard Polar Profile,1,1,1,LEO,EARTH_OBS|SCIENCE,95.800618,544.939451,569.622596
11,27651,SORCE,LEO,SCIENCE,3,1004,Canberra Deep Profile,1,0,0,MEO|GEO|HEO,NAV|RELAY|SCIENCE,95.800618,544.939451,569.622596
11,27651,SORCE,LEO,SCIENCE,4,1005,Goldstone Deep Profile,1,0,0,MEO|GEO|HEO,NAV|RELAY|SCIENCE,95.800618,544.939451,569.622596
11,27651,SORCE,LEO,SCIENCE,5,1006,Madrid Deep Profile,1,0,0,MEO|GEO|HEO,NAV|RELAY|SCIENCE,95.800618,544.939451,569.622596
11,27651,SORCE,LEO,SCIENCE,6,1007,Hawaii Navigation Profile,1,0,0,MEO,NAV,95.800618,544.939451,569.622596
11,27651,SORCE,LEO,SCIENCE,7,1008,Singapore Relay Profile,1,0,0,GEO,RELAY,95.800618,544.939451,569.622596
11,27651,SORCE,LEO,SCIENCE,8,1009,Cape Town EO Profile,1,1,1,LEO,EARTH_OBS|SCIENCE,95.800618,544.939451,569.622596
11,27651,SORCE,LEO,SCIENCE,9,1010,Santiago EO Profile,1,1,1,LEO,EARTH_OBS|SCIENCE,95.800618,544.939451,569.622596
11,27651,SORCE,LEO,SCIENCE,10,1011,McMurdo Polar Profile,1,1,1,LEO,EARTH_OBS|SCIENCE,95.800618,544.939451,569.622596
11,27651,SORCE,LEO,SCIENCE,11,1012,Tokyo Science Profile,1,1,1,LEO|MEO|HEO,NAV|SCIENCE|CREWED,95.800618,544.939451,569.622596
11,27651,SORCE,LEO,SCIENCE,12,1013,Tromso Polar Profile,1,1,1,LEO,EARTH_OBS|SCIENCE,95.800618,544.939451,569.622596
11,27651,SORCE,LEO,SCIENCE,13,1014,Equatorial Relay Profile,1,0,0,GEO,RELAY,95.800618,544.939451,569.622596
11,27651,SORCE,LEO,SCIENCE,14,1015,Alaska Mixed Profile,1,1,1,LEO|MEO,NAV|EARTH_OBS|SCIENCE|CREWED,95.800618,544.939451,569.622596
11,27651,SORCE,LEO,SCIENCE,15,1016,Kwajalein Mixed Profile,1,1,1,LEO|MEO|GEO,NAV|RELAY|EARTH_OBS|SCIENCE|CREWED,95.800618,544.939451,569.622596
12,27663,GPS BIIR-8  (PRN 16),MEO,NAV,0,1001,NL Navigation Profile,1,1,1,MEO,NAV,717.998871,19786.579695,20578.954082
12,27663,GPS BIIR-8  (PRN 16),MEO,NAV,1,1002,NL Science Profile,1,0,0,LEO|HEO,EARTH_OBS|SCIENCE|CREWED,717.998871,19786.579695,20578.954082
12,27663,GPS BIIR-8  (PRN 16),MEO,NAV,2,1003,Svalbard Polar Profile,0,0,0,LEO,EARTH_OBS|SCIENCE,717.998871,19786.579695,20578.954082
12,27663,GPS BIIR-8  (PRN 16),MEO,NAV,3,1004,Canberra Deep Profile,1,1,1,MEO|GEO|HEO,NAV|RELAY|SCIENCE,717.998871,19786.579695,20578.954082
12,27663,GPS BIIR-8  (PRN 16),MEO,NAV,4,1005,Goldstone Deep Profile,1,1,1,MEO|GEO|HEO,NAV|RELAY|SCIENCE,717.998871,19786.579695,20578.954082
12,27663,GPS BIIR-8  (PRN 16),MEO,NAV,5,1006,Madrid Deep Profile,1,1,1,MEO|GEO|HEO,NAV|RELAY|SCIENCE,717.998871,19786.579695,20578.954082
12,27663,GPS BIIR-8  (PRN 16),MEO,NAV,6,1007,Hawaii Navigation Profile,1,1,1,MEO,NAV,717.998871,19786.579695,20578.954082
12,27663,GPS BIIR-8  (PRN 16),MEO,NAV,7,1008,Singapore Relay Profile,1,0,0,GEO,RELAY,717.998871,19786.579695,20578.954082
12,27663,GPS BIIR-8  (PRN 16),MEO,NAV,8,1009,Cape Town EO Profile,0,0,0,LEO,EARTH_OBS|SCIENCE,717.998871,19786.579695,20578.954082
12,27663,GPS BIIR-8  (PRN 16),MEO,NAV,9,1010,Santiago EO Profile,0,0,0,LEO,EARTH_OBS|SCIENCE,717.998871,19786.579695,20578.954082
12,27663,GPS BIIR-8  (PRN 16),MEO,NAV,10,1011,McMurdo Polar Profile,0,0,0,LEO,EARTH_OBS|SCIENCE,717.998871,19786.579695,20578.954082
12,27663,GPS BIIR-8  (PRN 16),MEO,NAV,11,1012,Tokyo Science Profile,1,1,1,LEO|MEO|HEO,NAV|SCIENCE|CREWED,717.998871,19786.579695,20578.954082
12,27663,GPS BIIR-8  (PRN 16),MEO,NAV,12,1013,Tromso Polar Profile,0,0,0,LEO,EARTH_OBS|SCIENCE,717.998871,19786.579695,20578.954082
12,27663,GPS BIIR-8  (PRN 16),MEO,NAV,13,1014,Equatorial Relay Profile,1,0,0,GEO,RELAY,717.998871,19786.579695,20578.954082
12,27663,GPS BIIR-8  (PRN 16),MEO,NAV,14,1015,Alaska Mixed Profile,1,1,1,LEO|MEO,NAV|EARTH_OBS|SCIENCE|CREWED,717.998871,19786.579695,20578.954082
12,27663,GPS BIIR-8  (PRN 16),MEO,NAV,15,1016,Kwajalein Mixed Profile,1,1,1,LEO|MEO|GEO,NAV|RELAY|EARTH_OBS|SCIENCE|CREWED,717.998871,19786.579695,20578.954082
13,28190,GPS BIIR-11 (PRN 19),MEO,NAV,0,1001,NL Navigation Profile,1,1,1,MEO,NAV,718.016023,19869.504615,20496.875140
13,28190,GPS BIIR-11 (PRN 19),MEO,NAV,1,1002,NL Science Profile,1,0,0,LEO|HEO,EARTH_OBS|SCIENCE|CREWED,718.016023,19869.504615,20496.875140
13,28190,GPS BIIR-11 (PRN 19),MEO,NAV,2,1003,Svalbard Polar Profile,0,0,0,LEO,EARTH_OBS|SCIENCE,718.016023,19869.504615,20496.875140
13,28190,GPS BIIR-11 (PRN 19),MEO,NAV,3,1004,Canberra Deep Profile,1,1,1,MEO|GEO|HEO,NAV|RELAY|SCIENCE,718.016023,19869.504615,20496.875140
13,28190,GPS BIIR-11 (PRN 19),MEO,NAV,4,1005,Goldstone Deep Profile,1,1,1,MEO|GEO|HEO,NAV|RELAY|SCIENCE,718.016023,19869.504615,20496.875140
13,28190,GPS BIIR-11 (PRN 19),MEO,NAV,5,1006,Madrid Deep Profile,1,1,1,MEO|GEO|HEO,NAV|RELAY|SCIENCE,718.016023,19869.504615,20496.875140
13,28190,GPS BIIR-11 (PRN 19),MEO,NAV,6,1007,Hawaii Navigation Profile,1,1,1,MEO,NAV,718.016023,19869.504615,20496.875140
13,28190,GPS BIIR-11 (PRN 19),MEO,NAV,7,1008,Singapore Relay Profile,1,0,0,GEO,RELAY,718.016023,19869.504615,20496.875140
13,28190,GPS BIIR-11 (PRN 19),MEO,NAV,8,1009,Cape Town EO Profile,0,0,0,LEO,EARTH_OBS|SCIENCE,718.016023,19869.504615,20496.875140
13,28190,GPS BIIR-11 (PRN 19),MEO,NAV,9,1010,Santiago EO Profile,0,0,0,LEO,EARTH_OBS|SCIENCE,718.016023,19869.504615,20496.875140
13,28190,GPS BIIR-11 (PRN 19),MEO,NAV,10,1011,McMurdo Polar Profile,0,0,0,LEO,EARTH_OBS|SCIENCE,718.016023,19869.504615,20496.875140
13,28190,GPS BIIR-11 (PRN 19),MEO,NAV,11,1012,Tokyo Science Profile,1,1,1,LEO|MEO|HEO,NAV|SCIENCE|CREWED,718.016023,19869.504615,20496.875140
13,28190,GPS BIIR-11 (PRN 19),MEO,NAV,12,1013,Tromso Polar Profile,0,0,0,LEO,EARTH_OBS|SCIENCE,718.016023,19869.504615,20496.875140
13,28190,GPS BIIR-11 (PRN 19),MEO,NAV,13,1014,Equatorial Relay Profile,1,0,0,GEO,RELAY,718.016023,19869.504615,20496.875140
13,28190,GPS BIIR-11 (PRN 19),MEO,NAV,14,1015,Alaska Mixed Profile,1,1,1,LEO|MEO,NAV|EARTH_OBS|SCIENCE|CREWED,718.016023,19869.504615,20496.875140
13,28190,GPS BIIR-11 (PRN 19),MEO,NAV,15,1016,Kwajalein Mixed Profile,1,1,1,LEO|MEO|GEO,NAV|RELAY|EARTH_OBS|SCIENCE|CREWED,718.016023,19869.504615,20496.875140
14,28376,AURA,LEO,EARTH_OBS|SCIENCE,0,1001,NL Navigation Profile,1,0,0,MEO,NAV,98.475532,684.712119,686.860964
14,28376,AURA,LEO,EARTH_OBS|SCIENCE,1,1002,NL Science Profile,1,1,1,LEO|HEO,EARTH_OBS|SCIENCE|CREWED,98.475532,684.712119,686.860964
14,28376,AURA,LEO,EARTH_OBS|SCIENCE,2,1003,Svalbard Polar Profile,1,1,1,LEO,EARTH_OBS|SCIENCE,98.475532,684.712119,686.860964
14,28376,AURA,LEO,EARTH_OBS|SCIENCE,3,1004,Canberra Deep Profile,1,0,0,MEO|GEO|HEO,NAV|RELAY|SCIENCE,98.475532,684.712119,686.860964
14,28376,AURA,LEO,EARTH_OBS|SCIENCE,4,1005,Goldstone Deep Profile,1,0,0,MEO|GEO|HEO,NAV|RELAY|SCIENCE,98.475532,684.712119,686.860964
14,28376,AURA,LEO,EARTH_OBS|SCIENCE,5,1006,Madrid Deep Profile,1,0,0,MEO|GEO|HEO,NAV|RELAY|SCIENCE,98.475532,684.712119,686.860964
14,28376,AURA,LEO,EARTH_OBS|SCIENCE,6,1007,Hawaii Navigation Profile,1,0,0,MEO,NAV,98.475532,684.712119,686.860964
14,28376,AURA,LEO,EARTH_OBS|SCIENCE,7,1008,Singapore Relay Profile,1,0,0,GEO,RELAY,98.475532,684.712119,686.860964
14,28376,AURA,LEO,EARTH_OBS|SCIENCE,8,1009,Cape Town EO Profile,1,1,1,LEO,EARTH_OBS|SCIENCE,98.475532,684.712119,686.860964
14,28376,AURA,LEO,EARTH_OBS|SCIENCE,9,1010,Santiago EO Profile,1,1,1,LEO,EARTH_OBS|SCIENCE,98.475532,684.712119,686.860964
14,28376,AURA,LEO,EARTH_OBS|SCIENCE,10,1011,McMurdo Polar Profile,1,1,1,LEO,EARTH_OBS|SCIENCE,98.475532,684.712119,686.860964
14,28376,AURA,LEO,EARTH_OBS|SCIENCE,11,1012,Tokyo Science Profile,1,1,1,LEO|MEO|HEO,NAV|SCIENCE|CREWED,98.475532,684.712119,686.860964
14,28376,AURA,LEO,EARTH_OBS|SCIENCE,12,1013,Tromso Polar Profile,1,1,1,LEO,EARTH_OBS|SCIENCE,98.475532,684.712119,686.860964
14,28376,AURA,LEO,EARTH_OBS|SCIENCE,13,1014,Equatorial Relay Profile,1,0,0,GEO,RELAY,98.475532,684.712119,686.860964
14,28376,AURA,LEO,EARTH_OBS|SCIENCE,14,1015,Alaska Mixed Profile,1,1,1,LEO|MEO,NAV|EARTH_OBS|SCIENCE|CREWED,98.475532,684.712119,686.860964
14,28376,AURA,LEO,EARTH_OBS|SCIENCE,15,1016,Kwajalein Mixed Profile,1,1,1,LEO|MEO|GEO,NAV|RELAY|EARTH_OBS|SCIENCE|CREWED,98.475532,684.712119,686.860964
15,28474,GPS BIIR-13 (PRN 02),MEO,NAV,0,1001,NL Navigation Profile,1,1,1,MEO,NAV,717.994236,19728.494712,20636.810433
15,28474,GPS BIIR-13 (PRN 02),MEO,NAV,1,1002,NL Science Profile,1,0,0,LEO|HEO,EARTH_OBS|SCIENCE|CREWED,717.994236,19728.494712,20636.810433
15,28474,GPS BIIR-13 (PRN 02),MEO,NAV,2,1003,Svalbard Polar Profile,0,0,0,LEO,EARTH_OBS|SCIENCE,717.994236,19728.494712,20636.810433
15,28474,GPS BIIR-13 (PRN 02),MEO,NAV,3,1004,Canberra Deep Profile,1,1,1,MEO|GEO|HEO,NAV|RELAY|SCIENCE,717.994236,19728.494712,20636.810433
15,28474,GPS BIIR-13 (PRN 02),MEO,NAV,4,1005,Goldstone Deep Profile,1,1,1,MEO|GEO|HEO,NAV|RELAY|SCIENCE,717.994236,19728.494712,20636.810433
15,28474,GPS BIIR-13 (PRN 02),MEO,NAV,5,1006,Madrid Deep Profile,1,1,1,MEO|GEO|HEO,NAV|RELAY|SCIENCE,717.994236,19728.494712,20636.810433
15,28474,GPS BIIR-13 (PRN 02),MEO,NAV,6,1007,Hawaii Navigation Profile,1,1,1,MEO,NAV,717.994236,19728.494712,20636.810433
15,28474,GPS BIIR-13 (PRN 02),MEO,NAV,7,1008,Singapore Relay Profile,1,0,0,GEO,RELAY,717.994236,19728.494712,20636.810433
15,28474,GPS BIIR-13 (PRN 02),MEO,NAV,8,1009,Cape Town EO Profile,0,0,0,LEO,EARTH_OBS|SCIENCE,717.994236,19728.494712,20636.810433
15,28474,GPS BIIR-13 (PRN 02),MEO,NAV,9,1010,Santiago EO Profile,0,0,0,LEO,EARTH_OBS|SCIENCE,717.994236,19728.494712,20636.810433
15,28474,GPS BIIR-13 (PRN 02),MEO,NAV,10,1011,McMurdo Polar Profile,0,0,0,LEO,EARTH_OBS|SCIENCE,717.994236,19728.494712,20636.810433
15,28474,GPS BIIR-13 (PRN 02),MEO,NAV,11,1012,Tokyo Science Profile,1,1,1,LEO|MEO|HEO,NAV|SCIENCE|CREWED,717.994236,19728.494712,20636.810433
15,28474,GPS BIIR-13 (PRN 02),MEO,NAV,12,1013,Tromso Polar Profile,0,0,0,LEO,EARTH_OBS|SCIENCE,717.994236,19728.494712,20636.810433
15,28474,GPS BIIR-13 (PRN 02),MEO,NAV,13,1014,Equatorial Relay Profile,1,0,0,GEO,RELAY,717.994236,19728.494712,20636.810433
15,28474,GPS BIIR-13 (PRN 02),MEO,NAV,14,1015,Alaska Mixed Profile,1,1,1,LEO|MEO,NAV|EARTH_OBS|SCIENCE|CREWED,717.994236,19728.494712,20636.810433
15,28474,GPS BIIR-13 (PRN 02),MEO,NAV,15,1016,Kwajalein Mixed Profile,1,1,1,LEO|MEO|GEO,NAV|RELAY|EARTH_OBS|SCIENCE|CREWED,717.994236,19728.494712,20636.810433
16,28485,SWIFT,LEO,SCIENCE,0,1001,NL Navigation Profile,1,0,0,MEO,NAV,91.679399,355.234687,358.615687
16,28485,SWIFT,LEO,SCIENCE,1,1002,NL Science Profile,1,1,1,LEO|HEO,EARTH_OBS|SCIENCE|CREWED,91.679399,355.234687,358.615687
16,28485,SWIFT,LEO,SCIENCE,2,1003,Svalbard Polar Profile,1,1,1,LEO,EARTH_OBS|SCIENCE,91.679399,355.234687,358.615687
16,28485,SWIFT,LEO,SCIENCE,3,1004,Canberra Deep Profile,1,0,0,MEO|GEO|HEO,NAV|RELAY|SCIENCE,91.679399,355.234687,358.615687
16,28485,SWIFT,LEO,SCIENCE,4,1005,Goldstone Deep Profile,1,0,0,MEO|GEO|HEO,NAV|RELAY|SCIENCE,91.679399,355.234687,358.615687
16,28485,SWIFT,LEO,SCIENCE,5,1006,Madrid Deep Profile,1,0,0,MEO|GEO|HEO,NAV|RELAY|SCIENCE,91.679399,355.234687,358.615687
16,28485,SWIFT,LEO,SCIENCE,6,1007,Hawaii Navigation Profile,1,0,0,MEO,NAV,91.679399,355.234687,358.615687
16,28485,SWIFT,LEO,SCIENCE,7,1008,Singapore Relay Profile,1,0,0,GEO,RELAY,91.679399,355.234687,358.615687
16,28485,SWIFT,LEO,SCIENCE,8,1009,Cape Town EO Profile,1,1,1,LEO,EARTH_OBS|SCIENCE,91.679399,355.234687,358.615687
16,28485,SWIFT,LEO,SCIENCE,9,1010,Santiago EO Profile,1,1,1,LEO,EARTH_OBS|SCIENCE,91.679399,355.234687,358.615687
16,28485,SWIFT,LEO,SCIENCE,10,1011,McMurdo Polar Profile,1,1,1,LEO,EARTH_OBS|SCIENCE,91.679399,355.234687,358.615687
16,28485,SWIFT,LEO,SCIENCE,11,1012,Tokyo Science Profile,1,1,1,LEO|MEO|HEO,NAV|SCIENCE|CREWED,91.679399,355.234687,358.615687
16,28485,SWIFT,LEO,SCIENCE,12,1013,Tromso Polar Profile,1,1,1,LEO,EARTH_OBS|SCIENCE,91.679399,355.234687,358.615687
16,28485,SWIFT,LEO,SCIENCE,13,1014,Equatorial Relay Profile,1,0,0,GEO,RELAY,91.679399,355.234687,358.615687
16,28485,SWIFT,LEO,SCIENCE,14,1015,Alaska Mixed Profile,1,1,1,LEO|MEO,NAV|EARTH_OBS|SCIENCE|CREWED,91.679399,355.234687,358.615687
16,28485,SWIFT,LEO,SCIENCE,15,1016,Kwajalein Mixed Profile,1,1,1,LEO|MEO|GEO,NAV|RELAY|EARTH_OBS|SCIENCE|CREWED,91.679399,355.234687,358.615687
17,28874,GPS BIIRM-1 (PRN 17),MEO,NAV,0,1001,NL Navigation Profile,1,1,1,MEO,NAV,717.983813,19840.773982,20524.017070
17,28874,GPS BIIRM-1 (PRN 17),MEO,NAV,1,1002,NL Science Profile,1,0,0,LEO|HEO,EARTH_OBS|SCIENCE|CREWED,717.983813,19840.773982,20524.017070
17,28874,GPS BIIRM-1 (PRN 17),MEO,NAV,2,1003,Svalbard Polar Profile,0,0,0,LEO,EARTH_OBS|SCIENCE,717.983813,19840.773982,20524.017070
17,28874,GPS BIIRM-1 (PRN 17),MEO,NAV,3,1004,Canberra Deep Profile,1,1,1,MEO|GEO|HEO,NAV|RELAY|SCIENCE,717.983813,19840.773982,20524.017070
17,28874,GPS BIIRM-1 (PRN 17),MEO,NAV,4,1005,Goldstone Deep Profile,1,1,1,MEO|GEO|HEO,NAV|RELAY|SCIENCE,717.983813,19840.773982,20524.017070
17,28874,GPS BIIRM-1 (PRN 17),MEO,NAV,5,1006,Madrid Deep Profile,1,1,1,MEO|GEO|HEO,NAV|RELAY|SCIENCE,717.983813,19840.773982,20524.017070
17,28874,GPS BIIRM-1 (PRN 17),MEO,NAV,6,1007,Hawaii Navigation Profile,1,1,1,MEO,NAV,717.983813,19840.773982,20524.017070
17,28874,GPS BIIRM-1 (PRN 17),MEO,NAV,7,1008,Singapore Relay Profile,1,0,0,GEO,RELAY,717.983813,19840.773982,20524.017070
17,28874,GPS BIIRM-1 (PRN 17),MEO,NAV,8,1009,Cape Town EO Profile,0,0,0,LEO,EARTH_OBS|SCIENCE,717.983813,19840.773982,20524.017070
17,28874,GPS BIIRM-1 (PRN 17),MEO,NAV,9,1010,Santiago EO Profile,0,0,0,LEO,EARTH_OBS|SCIENCE,717.983813,19840.773982,20524.017070
17,28874,GPS BIIRM-1 (PRN 17),MEO,NAV,10,1011,McMurdo Polar Profile,0,0,0,LEO,EARTH_OBS|SCIENCE,717.983813,19840.773982,20524.017070
17,28874,GPS BIIRM-1 (PRN 17),MEO,NAV,11,1012,Tokyo Science Profile,1,1,1,LEO|MEO|HEO,NAV|SCIENCE|CREWED,717.983813,19840.773982,20524.017070
17,28874,GPS BIIRM-1 (PRN 17),MEO,NAV,12,1013,Tromso Polar Profile,0,0,0,LEO,EARTH_OBS|SCIENCE,717.983813,19840.773982,20524.017070
17,28874,GPS BIIRM-1 (PRN 17),MEO,NAV,13,1014,Equatorial Relay Profile,1,0,0,GEO,RELAY,717.983813,19840.773982,20524.017070
17,28874,GPS BIIRM-1 (PRN 17),MEO,NAV,14,1015,Alaska Mixed Profile,1,1,1,LEO|MEO,NAV|EARTH_OBS|SCIENCE|CREWED,717.983813,19840.773982,20524.017070
17,28874,GPS BIIRM-1 (PRN 17),MEO,NAV,15,1016,Kwajalein Mixed Profile,1,1,1,LEO|MEO|GEO,NAV|RELAY|EARTH_OBS|SCIENCE|CREWED,717.983813,19840.773982,20524.017070
18,29486,GPS BIIRM-2 (PRN 31),MEO,NAV,0,1001,NL Navigation Profile,1,1,1,MEO,NAV,717.966142,19894.946827,20468.972625
18,29486,GPS BIIRM-2 (PRN 31),MEO,NAV,1,1002,NL Science Profile,1,0,0,LEO|HEO,EARTH_OBS|SCIENCE|CREWED,717.966142,19894.946827,20468.972625
18,29486,GPS BIIRM-2 (PRN 31),MEO,NAV,2,1003,Svalbard Polar Profile,0,0,0,LEO,EARTH_OBS|SCIENCE,717.966142,19894.946827,20468.972625
18,29486,GPS BIIRM-2 (PRN 31),MEO,NAV,3,1004,Canberra Deep Profile,1,1,1,MEO|GEO|HEO,NAV|RELAY|SCIENCE,717.966142,19894.946827,20468.972625
18,29486,GPS BIIRM-2 (PRN 31),MEO,NAV,4,1005,Goldstone Deep Profile,1,1,1,MEO|GEO|HEO,NAV|RELAY|SCIENCE,717.966142,19894.946827,20468.972625
18,29486,GPS BIIRM-2 (PRN 31),MEO,NAV,5,1006,Madrid Deep Profile,1,1,1,MEO|GEO|HEO,NAV|RELAY|SCIENCE,717.966142,19894.946827,20468.972625
18,29486,GPS BIIRM-2 (PRN 31),MEO,NAV,6,1007,Hawaii Navigation Profile,1,1,1,MEO,NAV,717.966142,19894.946827,20468.972625
18,29486,GPS BIIRM-2 (PRN 31),MEO,NAV,7,1008,Singapore Relay Profile,1,0,0,GEO,RELAY,717.966142,19894.946827,20468.972625
18,29486,GPS BIIRM-2 (PRN 31),MEO,NAV,8,1009,Cape Town EO Profile,0,0,0,LEO,EARTH_OBS|SCIENCE,717.966142,19894.946827,20468.972625
18,29486,GPS BIIRM-2 (PRN 31),MEO,NAV,9,1010,Santiago EO Profile,0,0,0,LEO,EARTH_OBS|SCIENCE,717.966142,19894.946827,20468.972625
18,29486,GPS BIIRM-2 (PRN 31),MEO,NAV,10,1011,McMurdo Polar Profile,0,0,0,LEO,EARTH_OBS|SCIENCE,717.966142,19894.946827,20468.972625
18,29486,GPS BIIRM-2 (PRN 31),MEO,NAV,11,1012,Tokyo Science Profile,1,1,1,LEO|MEO|HEO,NAV|SCIENCE|CREWED,717.966142,19894.946827,20468.972625
18,29486,GPS BIIRM-2 (PRN 31),MEO,NAV,12,1013,Tromso Polar Profile,0,0,0,LEO,EARTH_OBS|SCIENCE,717.966142,19894.946827,20468.972625
18,29486,GPS BIIRM-2 (PRN 31),MEO,NAV,13,1014,Equatorial Relay Profile,1,0,0,GEO,RELAY,717.966142,19894.946827,20468.972625
18,29486,GPS BIIRM-2 (PRN 31),MEO,NAV,14,1015,Alaska Mixed Profile,1,1,1,LEO|MEO,NAV|EARTH_OBS|SCIENCE|CREWED,717.966142,19894.946827,20468.972625
18,29486,GPS BIIRM-2 (PRN 31),MEO,NAV,15,1016,Kwajalein Mixed Profile,1,1,1,LEO|MEO|GEO,NAV|RELAY|EARTH_OBS|SCIENCE|CREWED,717.966142,19894.946827,20468.972625
19,29601,GPS BIIRM-3 (PRN 12),MEO,NAV,0,1001,NL Navigation Profile,1,1,1,MEO,NAV,717.984268,19956.882782,20407.930715
19,29601,GPS BIIRM-3 (PRN 12),MEO,NAV,1,1002,NL Science Profile,1,0,0,LEO|HEO,EARTH_OBS|SCIENCE|CREWED,717.984268,19956.882782,20407.930715
19,29601,GPS BIIRM-3 (PRN 12),MEO,NAV,2,1003,Svalbard Polar Profile,0,0,0,LEO,EARTH_OBS|SCIENCE,717.984268,19956.882782,20407.930715
19,29601,GPS BIIRM-3 (PRN 12),MEO,NAV,3,1004,Canberra Deep Profile,1,1,1,MEO|GEO|HEO,NAV|RELAY|SCIENCE,717.984268,19956.882782,20407.930715
19,29601,GPS BIIRM-3 (PRN 12),MEO,NAV,4,1005,Goldstone Deep Profile,1,1,1,MEO|GEO|HEO,NAV|RELAY|SCIENCE,717.984268,19956.882782,20407.930715
19,29601,GPS BIIRM-3 (PRN 12),MEO,NAV,5,1006,Madrid Deep Profile,1,1,1,MEO|GEO|HEO,NAV|RELAY|SCIENCE,717.984268,19956.882782,20407.930715
19,29601,GPS BIIRM-3 (PRN 12),MEO,NAV,6,1007,Hawaii Navigation Profile,1,1,1,MEO,NAV,717.984268,19956.882782,20407.930715
19,29601,GPS BIIRM-3 (PRN 12),MEO,NAV,7,1008,Singapore Relay Profile,1,0,0,GEO,RELAY,717.984268,19956.882782,20407.930715
19,29601,GPS BIIRM-3 (PRN 12),MEO,NAV,8,1009,Cape Town EO Profile,0,0,0,LEO,EARTH_OBS|SCIENCE,717.984268,19956.882782,20407.930715
19,29601,GPS BIIRM-3 (PRN 12),MEO,NAV,9,1010,Santiago EO Profile,0,0,0,LEO,EARTH_OBS|SCIENCE,717.984268,19956.882782,20407.930715
19,29601,GPS BIIRM-3 (PRN 12),MEO,NAV,10,1011,McMurdo Polar Profile,0,0,0,LEO,EARTH_OBS|SCIENCE,717.984268,19956.882782,20407.930715
19,29601,GPS BIIRM-3 (PRN 12),MEO,NAV,11,1012,Tokyo Science Profile,1,1,1,LEO|MEO|HEO,NAV|SCIENCE|CREWED,717.984268,19956.882782,20407.930715
19,29601,GPS BIIRM-3 (PRN 12),MEO,NAV,12,1013,Tromso Polar Profile,0,0,0,LEO,EARTH_OBS|SCIENCE,717.984268,19956.882782,20407.930715
19,29601,GPS BIIRM-3 (PRN 12),MEO,NAV,13,1014,Equatorial Relay Profile,1,0,0,GEO,RELAY,717.984268,19956.882782,20407.930715
19,29601,GPS BIIRM-3 (PRN 12),MEO,NAV,14,1015,Alaska Mixed Profile,1,1,1,LEO|MEO,NAV|EARTH_OBS|SCIENCE|CREWED,717.984268,19956.882782,20407.930715
19,29601,GPS BIIRM-3 (PRN 12),MEO,NAV,15,1016,Kwajalein Mixed Profile,1,1,1,LEO|MEO|GEO,NAV|RELAY|EARTH_OBS|SCIENCE|CREWED,717.984268,19956.882782,20407.930715
20,30580,THEMIS A,HEO,SCIENCE,0,1001,NL Navigation Profile,1,0,0,MEO,NAV,1639.567207,1188.956989,78172.480520
20,30580,THEMIS A,HEO,SCIENCE,1,1002,NL Science Profile,1,1,1,LEO|HEO,EARTH_OBS|SCIENCE|CREWED,1639.567207,1188.956989,78172.480520
20,30580,THEMIS A,HEO,SCIENCE,2,1003,Svalbard Polar Profile,1,0,0,LEO,EARTH_OBS|SCIENCE,1639.567207,1188.956989,78172.480520
20,30580,THEMIS A,HEO,SCIENCE,3,1004,Canberra Deep Profile,1,1,1,MEO|GEO|HEO,NAV|RELAY|SCIENCE,1639.567207,1188.956989,78172.480520
20,30580,THEMIS A,HEO,SCIENCE,4,1005,Goldstone Deep Profile,1,1,1,MEO|GEO|HEO,NAV|RELAY|SCIENCE,1639.567207,1188.956989,78172.480520
20,30580,THEMIS A,HEO,SCIENCE,5,1006,Madrid Deep Profile,1,1,1,MEO|GEO|HEO,NAV|RELAY|SCIENCE,1639.567207,1188.956989,78172.480520
20,30580,THEMIS A,HEO,SCIENCE,6,1007,Hawaii Navigation Profile,1,0,0,MEO,NAV,1639.567207,1188.956989,78172.480520
20,30580,THEMIS A,HEO,SCIENCE,7,1008,Singapore Relay Profile,1,0,0,GEO,RELAY,1639.567207,1188.956989,78172.480520
20,30580,THEMIS A,HEO,SCIENCE,8,1009,Cape Town EO Profile,1,0,0,LEO,EARTH_OBS|SCIENCE,1639.567207,1188.956989,78172.480520
20,30580,THEMIS A,HEO,SCIENCE,9,1010,Santiago EO Profile,1,0,0,LEO,EARTH_OBS|SCIENCE,1639.567207,1188.956989,78172.480520
20,30580,THEMIS A,HEO,SCIENCE,10,1011,McMurdo Polar Profile,1,0,0,LEO,EARTH_OBS|SCIENCE,1639.567207,1188.956989,78172.480520
20,30580,THEMIS A,HEO,SCIENCE,11,1012,Tokyo Science Profile,1,1,1,LEO|MEO|HEO,NAV|SCIENCE|CREWED,1639.567207,1188.956989,78172.480520
20,30580,THEMIS A,HEO,SCIENCE,12,1013,Tromso Polar Profile,1,0,0,LEO,EARTH_OBS|SCIENCE,1639.567207,1188.956989,78172.480520
20,30580,THEMIS A,HEO,SCIENCE,13,1014,Equatorial Relay Profile,1,0,0,GEO,RELAY,1639.567207,1188.956989,78172.480520
20,30580,THEMIS A,HEO,SCIENCE,14,1015,Alaska Mixed Profile,1,0,0,LEO|MEO,NAV|EARTH_OBS|SCIENCE|CREWED,1639.567207,1188.956989,78172.480520
20,30580,THEMIS A,HEO,SCIENCE,15,1016,Kwajalein Mixed Profile,1,0,0,LEO|MEO|GEO,NAV|RELAY|EARTH_OBS|SCIENCE|CREWED,1639.567207,1188.956989,78172.480520
21,30797,THEMIS D,HEO,SCIENCE,0,1001,NL Navigation Profile,1,0,0,MEO,NAV,1644.330956,1359.772238,78180.010477
21,30797,THEMIS D,HEO,SCIENCE,1,1002,NL Science Profile,1,1,1,LEO|HEO,EARTH_OBS|SCIENCE|CREWED,1644.330956,1359.772238,78180.010477
21,30797,THEMIS D,HEO,SCIENCE,2,1003,Svalbard Polar Profile,1,0,0,LEO,EARTH_OBS|SCIENCE,1644.330956,1359.772238,78180.010477
21,30797,THEMIS D,HEO,SCIENCE,3,1004,Canberra Deep Profile,1,1,1,MEO|GEO|HEO,NAV|RELAY|SCIENCE,1644.330956,1359.772238,78180.010477
21,30797,THEMIS D,HEO,SCIENCE,4,1005,Goldstone Deep Profile,1,1,1,MEO|GEO|HEO,NAV|RELAY|SCIENCE,1644.330956,1359.772238,78180.010477
21,30797,THEMIS D,HEO,SCIENCE,5,1006,Madrid Deep Profile,1,1,1,MEO|GEO|HEO,NAV|RELAY|SCIENCE,1644.330956,1359.772238,78180.010477
21,30797,THEMIS D,HEO,SCIENCE,6,1007,Hawaii Navigation Profile,1,0,0,MEO,NAV,1644.330956,1359.772238,78180.010477
21,30797,THEMIS D,HEO,SCIENCE,7,1008,Singapore Relay Profile,1,0,0,GEO,RELAY,1644.330956,1359.772238,78180.010477
21,30797,THEMIS D,HEO,SCIENCE,8,1009,Cape Town EO Profile,1,0,0,LEO,EARTH_OBS|SCIENCE,1644.330956,1359.772238,78180.010477
21,30797,THEMIS D,HEO,SCIENCE,9,1010,Santiago EO Profile,1,0,0,LEO,EARTH_OBS|SCIENCE,1644.330956,1359.772238,78180.010477
21,30797,THEMIS D,HEO,SCIENCE,10,1011,McMurdo Polar Profile,1,0,0,LEO,EARTH_OBS|SCIENCE,1644.330956,1359.772238,78180.010477
21,30797,THEMIS D,HEO,SCIENCE,11,1012,Tokyo Science Profile,1,1,1,LEO|MEO|HEO,NAV|SCIENCE|CREWED,1644.330956,1359.772238,78180.010477
21,30797,THEMIS D,HEO,SCIENCE,12,1013,Tromso Polar Profile,1,0,0,LEO,EARTH_OBS|SCIENCE,1644.330956,1359.772238,78180.010477
21,30797,THEMIS D,HEO,SCIENCE,13,1014,Equatorial Relay Profile,1,0,0,GEO,RELAY,1644.330956,1359.772238,78180.010477
21,30797,THEMIS D,HEO,SCIENCE,14,1015,Alaska Mixed Profile,1,0,0,LEO|MEO,NAV|EARTH_OBS|SCIENCE|CREWED,1644.330956,1359.772238,78180.010477
21,30797,THEMIS D,HEO,SCIENCE,15,1016,Kwajalein Mixed Profile,1,0,0,LEO|MEO|GEO,NAV|RELAY|EARTH_OBS|SCIENCE|CREWED,1644.330956,1359.772238,78180.010477
22,30798,THEMIS E,HEO,SCIENCE,0,1001,NL Navigation Profile,1,0,0,MEO,NAV,1635.908995,809.926204,78414.437912
22,30798,THEMIS E,HEO,SCIENCE,1,1002,NL Science Profile,1,1,1,LEO|HEO,EARTH_OBS|SCIENCE|CREWED,1635.908995,809.926204,78414.437912
22,30798,THEMIS E,HEO,SCIENCE,2,1003,Svalbard Polar Profile,1,0,0,LEO,EARTH_OBS|SCIENCE,1635.908995,809.926204,78414.437912
22,30798,THEMIS E,HEO,SCIENCE,3,1004,Canberra Deep Profile,1,1,1,MEO|GEO|HEO,NAV|RELAY|SCIENCE,1635.908995,809.926204,78414.437912
22,30798,THEMIS E,HEO,SCIENCE,4,1005,Goldstone Deep Profile,1,1,1,MEO|GEO|HEO,NAV|RELAY|SCIENCE,1635.908995,809.926204,78414.437912
22,30798,THEMIS E,HEO,SCIENCE,5,1006,Madrid Deep Profile,1,1,1,MEO|GEO|HEO,NAV|RELAY|SCIENCE,1635.908995,809.926204,78414.437912
22,30798,THEMIS E,HEO,SCIENCE,6,1007,Hawaii Navigation Profile,1,0,0,MEO,NAV,1635.908995,809.926204,78414.437912
22,30798,THEMIS E,HEO,SCIENCE,7,1008,Singapore Relay Profile,1,0,0,GEO,RELAY,1635.908995,809.926204,78414.437912
22,30798,THEMIS E,HEO,SCIENCE,8,1009,Cape Town EO Profile,1,0,0,LEO,EARTH_OBS|SCIENCE,1635.908995,809.926204,78414.437912
22,30798,THEMIS E,HEO,SCIENCE,9,1010,Santiago EO Profile,1,0,0,LEO,EARTH_OBS|SCIENCE,1635.908995,809.926204,78414.437912
22,30798,THEMIS E,HEO,SCIENCE,10,1011,McMurdo Polar Profile,1,0,0,LEO,EARTH_OBS|SCIENCE,1635.908995,809.926204,78414.437912
22,30798,THEMIS E,HEO,SCIENCE,11,1012,Tokyo Science Profile,1,1,1,LEO|MEO|HEO,NAV|SCIENCE|CREWED,1635.908995,809.926204,78414.437912
22,30798,THEMIS E,HEO,SCIENCE,12,1013,Tromso Polar Profile,1,0,0,LEO,EARTH_OBS|SCIENCE,1635.908995,809.926204,78414.437912
22,30798,THEMIS E,HEO,SCIENCE,13,1014,Equatorial Relay Profile,1,0,0,GEO,RELAY,1635.908995,809.926204,78414.437912
22,30798,THEMIS E,HEO,SCIENCE,14,1015,Alaska Mixed Profile,1,0,0,LEO|MEO,NAV|EARTH_OBS|SCIENCE|CREWED,1635.908995,809.926204,78414.437912
22,30798,THEMIS E,HEO,SCIENCE,15,1016,Kwajalein Mixed Profile,1,0,0,LEO|MEO|GEO,NAV|RELAY|EARTH_OBS|SCIENCE|CREWED,1635.908995,809.926204,78414.437912
23,32260,GPS BIIRM-4 (PRN 15),MEO,NAV,0,1001,NL Navigation Profile,1,1,1,MEO,NAV,718.015723,19735.255092,20631.109896
23,32260,GPS BIIRM-4 (PRN 15),MEO,NAV,1,1002,NL Science Profile,1,0,0,LEO|HEO,EARTH_OBS|SCIENCE|CREWED,718.015723,19735.255092,20631.109896
23,32260,GPS BIIRM-4 (PRN 15),MEO,NAV,2,1003,Svalbard Polar Profile,0,0,0,LEO,EARTH_OBS|SCIENCE,718.015723,19735.255092,20631.109896
23,32260,GPS BIIRM-4 (PRN 15),MEO,NAV,3,1004,Canberra Deep Profile,1,1,1,MEO|GEO|HEO,NAV|RELAY|SCIENCE,718.015723,19735.255092,20631.109896
23,32260,GPS BIIRM-4 (PRN 15),MEO,NAV,4,1005,Goldstone Deep Profile,1,1,1,MEO|GEO|HEO,NAV|RELAY|SCIENCE,718.015723,19735.255092,20631.109896
23,32260,GPS BIIRM-4 (PRN 15),MEO,NAV,5,1006,Madrid Deep Profile,1,1,1,MEO|GEO|HEO,NAV|RELAY|SCIENCE,718.015723,19735.255092,20631.109896
23,32260,GPS BIIRM-4 (PRN 15),MEO,NAV,6,1007,Hawaii Navigation Profile,1,1,1,MEO,NAV,718.015723,19735.255092,20631.109896
23,32260,GPS BIIRM-4 (PRN 15),MEO,NAV,7,1008,Singapore Relay Profile,1,0,0,GEO,RELAY,718.015723,19735.255092,20631.109896
23,32260,GPS BIIRM-4 (PRN 15),MEO,NAV,8,1009,Cape Town EO Profile,0,0,0,LEO,EARTH_OBS|SCIENCE,718.015723,19735.255092,20631.109896
23,32260,GPS BIIRM-4 (PRN 15),MEO,NAV,9,1010,Santiago EO Profile,0,0,0,LEO,EARTH_OBS|SCIENCE,718.015723,19735.255092,20631.109896
23,32260,GPS BIIRM-4 (PRN 15),MEO,NAV,10,1011,McMurdo Polar Profile,0,0,0,LEO,EARTH_OBS|SCIENCE,718.015723,19735.255092,20631.109896
23,32260,GPS BIIRM-4 (PRN 15),MEO,NAV,11,1012,Tokyo Science Profile,1,1,1,LEO|MEO|HEO,NAV|SCIENCE|CREWED,718.015723,19735.255092,20631.109896
23,32260,GPS BIIRM-4 (PRN 15),MEO,NAV,12,1013,Tromso Polar Profile,0,0,0,LEO,EARTH_OBS|SCIENCE,718.015723,19735.255092,20631.109896
23,32260,GPS BIIRM-4 (PRN 15),MEO,NAV,13,1014,Equatorial Relay Profile,1,0,0,GEO,RELAY,718.015723,19735.255092,20631.109896
23,32260,GPS BIIRM-4 (PRN 15),MEO,NAV,14,1015,Alaska Mixed Profile,1,1,1,LEO|MEO,NAV|EARTH_OBS|SCIENCE|CREWED,718.015723,19735.255092,20631.109896
23,32260,GPS BIIRM-4 (PRN 15),MEO,NAV,15,1016,Kwajalein Mixed Profile,1,1,1,LEO|MEO|GEO,NAV|RELAY|EARTH_OBS|SCIENCE|CREWED,718.015723,19735.255092,20631.109896
24,32384,GPS BIIRM-5 (PRN 29),MEO,NAV,0,1001,NL Navigation Profile,1,1,1,MEO,NAV,717.977117,20086.283713,20278.177041
24,32384,GPS BIIRM-5 (PRN 29),MEO,NAV,1,1002,NL Science Profile,1,0,0,LEO|HEO,EARTH_OBS|SCIENCE|CREWED,717.977117,20086.283713,20278.177041
24,32384,GPS BIIRM-5 (PRN 29),MEO,NAV,2,1003,Svalbard Polar Profile,0,0,0,LEO,EARTH_OBS|SCIENCE,717.977117,20086.283713,20278.177041
24,32384,GPS BIIRM-5 (PRN 29),MEO,NAV,3,1004,Canberra Deep Profile,1,1,1,MEO|GEO|HEO,NAV|RELAY|SCIENCE,717.977117,20086.283713,20278.177041
24,32384,GPS BIIRM-5 (PRN 29),MEO,NAV,4,1005,Goldstone Deep Profile,1,1,1,MEO|GEO|HEO,NAV|RELAY|SCIENCE,717.977117,20086.283713,20278.177041
24,32384,GPS BIIRM-5 (PRN 29),MEO,NAV,5,1006,Madrid Deep Profile,1,1,1,MEO|GEO|HEO,NAV|RELAY|SCIENCE,717.977117,20086.283713,20278.177041
24,32384,GPS BIIRM-5 (PRN 29),MEO,NAV,6,1007,Hawaii Navigation Profile,1,1,1,MEO,NAV,717.977117,20086.283713,20278.177041
24,32384,GPS BIIRM-5 (PRN 29),MEO,NAV,7,1008,Singapore Relay Profile,1,0,0,GEO,RELAY,717.977117,20086.283713,20278.177041
24,32384,GPS BIIRM-5 (PRN 29),MEO,NAV,8,1009,Cape Town EO Profile,0,0,0,LEO,EARTH_OBS|SCIENCE,717.977117,20086.283713,20278.177041
24,32384,GPS BIIRM-5 (PRN 29),MEO,NAV,9,1010,Santiago EO Profile,0,0,0,LEO,EARTH_OBS|SCIENCE,717.977117,20086.283713,20278.177041
24,32384,GPS BIIRM-5 (PRN 29),MEO,NAV,10,1011,McMurdo Polar Profile,0,0,0,LEO,EARTH_OBS|SCIENCE,717.977117,20086.283713,20278.177041
24,32384,GPS BIIRM-5 (PRN 29),MEO,NAV,11,1012,Tokyo Science Profile,1,1,1,LEO|MEO|HEO,NAV|SCIENCE|CREWED,717.977117,20086.283713,20278.177041
24,32384,GPS BIIRM-5 (PRN 29),MEO,NAV,12,1013,Tromso Polar Profile,0,0,0,LEO,EARTH_OBS|SCIENCE,717.977117,20086.283713,20278.177041
24,32384,GPS BIIRM-5 (PRN 29),MEO,NAV,13,1014,Equatorial Relay Profile,1,0,0,GEO,RELAY,717.977117,20086.283713,20278.177041
24,32384,GPS BIIRM-5 (PRN 29),MEO,NAV,14,1015,Alaska Mixed Profile,1,1,1,LEO|MEO,NAV|EARTH_OBS|SCIENCE|CREWED,717.977117,20086.283713,20278.177041
24,32384,GPS BIIRM-5 (PRN 29),MEO,NAV,15,1016,Kwajalein Mixed Profile,1,1,1,LEO|MEO|GEO,NAV|RELAY|EARTH_OBS|SCIENCE|CREWED,717.977117,20086.283713,20278.177041
25,32711,GPS BIIRM-6 (PRN 07),MEO,NAV,0,1001,NL Navigation Profile,1,1,1,MEO,NAV,718.020295,19622.266568,20744.323909
25,32711,GPS BIIRM-6 (PRN 07),MEO,NAV,1,1002,NL Science Profile,1,0,0,LEO|HEO,EARTH_OBS|SCIENCE|CREWED,718.020295,19622.266568,20744.323909
25,32711,GPS BIIRM-6 (PRN 07),MEO,NAV,2,1003,Svalbard Polar Profile,0,0,0,LEO,EARTH_OBS|SCIENCE,718.020295,19622.266568,20744.323909
25,32711,GPS BIIRM-6 (PRN 07),MEO,NAV,3,1004,Canberra Deep Profile,1,1,1,MEO|GEO|HEO,NAV|RELAY|SCIENCE,718.020295,19622.266568,20744.323909
25,32711,GPS BIIRM-6 (PRN 07),MEO,NAV,4,1005,Goldstone Deep Profile,1,1,1,MEO|GEO|HEO,NAV|RELAY|SCIENCE,718.020295,19622.266568,20744.323909
25,32711,GPS BIIRM-6 (PRN 07),MEO,NAV,5,1006,Madrid Deep Profile,1,1,1,MEO|GEO|HEO,NAV|RELAY|SCIENCE,718.020295,19622.266568,20744.323909
25,32711,GPS BIIRM-6 (PRN 07),MEO,NAV,6,1007,Hawaii Navigation Profile,1,1,1,MEO,NAV,718.020295,19622.266568,20744.323909
25,32711,GPS BIIRM-6 (PRN 07),MEO,NAV,7,1008,Singapore Relay Profile,1,0,0,GEO,RELAY,718.020295,19622.266568,20744.323909
25,32711,GPS BIIRM-6 (PRN 07),MEO,NAV,8,1009,Cape Town EO Profile,0,0,0,LEO,EARTH_OBS|SCIENCE,718.020295,19622.266568,20744.323909
25,32711,GPS BIIRM-6 (PRN 07),MEO,NAV,9,1010,Santiago EO Profile,0,0,0,LEO,EARTH_OBS|SCIENCE,718.020295,19622.266568,20744.323909
25,32711,GPS BIIRM-6 (PRN 07),MEO,NAV,10,1011,McMurdo Polar Profile,0,0,0,LEO,EARTH_OBS|SCIENCE,718.020295,19622.266568,20744.323909
25,32711,GPS BIIRM-6 (PRN 07),MEO,NAV,11,1012,Tokyo Science Profile,1,1,1,LEO|MEO|HEO,NAV|SCIENCE|CREWED,718.020295,19622.266568,20744.323909
25,32711,GPS BIIRM-6 (PRN 07),MEO,NAV,12,1013,Tromso Polar Profile,0,0,0,LEO,EARTH_OBS|SCIENCE,718.020295,19622.266568,20744.323909
25,32711,GPS BIIRM-6 (PRN 07),MEO,NAV,13,1014,Equatorial Relay Profile,1,0,0,GEO,RELAY,718.020295,19622.266568,20744.323909
25,32711,GPS BIIRM-6 (PRN 07),MEO,NAV,14,1015,Alaska Mixed Profile,1,1,1,LEO|MEO,NAV|EARTH_OBS|SCIENCE|CREWED,718.020295,19622.266568,20744.323909
25,32711,GPS BIIRM-6 (PRN 07),MEO,NAV,15,1016,Kwajalein Mixed Profile,1,1,1,LEO|MEO|GEO,NAV|RELAY|EARTH_OBS|SCIENCE|CREWED,718.020295,19622.266568,20744.323909
26,33053,FGRST (GLAST),LEO,SCIENCE,0,1001,NL Navigation Profile,1,0,0,MEO,NAV,94.574656,492.102489,503.868907
26,33053,FGRST (GLAST),LEO,SCIENCE,1,1002,NL Science Profile,1,1,1,LEO|HEO,EARTH_OBS|SCIENCE|CREWED,94.574656,492.102489,503.868907
26,33053,FGRST (GLAST),LEO,SCIENCE,2,1003,Svalbard Polar Profile,1,1,1,LEO,EARTH_OBS|SCIENCE,94.574656,492.102489,503.868907
26,33053,FGRST (GLAST),LEO,SCIENCE,3,1004,Canberra Deep Profile,1,0,0,MEO|GEO|HEO,NAV|RELAY|SCIENCE,94.574656,492.102489,503.868907
26,33053,FGRST (GLAST),LEO,SCIENCE,4,1005,Goldstone Deep Profile,1,0,0,MEO|GEO|HEO,NAV|RELAY|SCIENCE,94.574656,492.102489,503.868907
26,33053,FGRST (GLAST),LEO,SCIENCE,5,1006,Madrid Deep Profile,1,0,0,MEO|GEO|HEO,NAV|RELAY|SCIENCE,94.574656,492.102489,503.868907
26,33053,FGRST (GLAST),LEO,SCIENCE,6,1007,Hawaii Navigation Profile,1,0,0,MEO,NAV,94.574656,492.102489,503.868907
26,33053,FGRST (GLAST),LEO,SCIENCE,7,1008,Singapore Relay Profile,1,0,0,GEO,RELAY,94.574656,492.102489,503.868907
26,33053,FGRST (GLAST),LEO,SCIENCE,8,1009,Cape Town EO Profile,1,1,1,LEO,EARTH_OBS|SCIENCE,94.574656,492.102489,503.868907
26,33053,FGRST (GLAST),LEO,SCIENCE,9,1010,Santiago EO Profile,1,1,1,LEO,EARTH_OBS|SCIENCE,94.574656,492.102489,503.868907
26,33053,FGRST (GLAST),LEO,SCIENCE,10,1011,McMurdo Polar Profile,1,1,1,LEO,EARTH_OBS|SCIENCE,94.574656,492.102489,503.868907
26,33053,FGRST (GLAST),LEO,SCIENCE,11,1012,Tokyo Science Profile,1,1,1,LEO|MEO|HEO,NAV|SCIENCE|CREWED,94.574656,492.102489,503.868907
26,33053,FGRST (GLAST),LEO,SCIENCE,12,1013,Tromso Polar Profile,1,1,1,LEO,EARTH_OBS|SCIENCE,94.574656,492.102489,503.868907
26,33053,FGRST (GLAST),LEO,SCIENCE,13,1014,Equatorial Relay Profile,1,0,0,GEO,RELAY,94.574656,492.102489,503.868907
26,33053,FGRST (GLAST),LEO,SCIENCE,14,1015,Alaska Mixed Profile,1,1,1,LEO|MEO,NAV|EARTH_OBS|SCIENCE|CREWED,94.574656,492.102489,503.868907
26,33053,FGRST (GLAST),LEO,SCIENCE,15,1016,Kwajalein Mixed Profile,1,1,1,LEO|MEO|GEO,NAV|RELAY|EARTH_OBS|SCIENCE|CREWED,94.574656,492.102489,503.868907
27,35752,GPS BIIRM-8 (PRN 05),MEO,NAV,0,1001,NL Navigation Profile,1,1,1,MEO,NAV,717.920994,20041.649040,20320.043468
27,35752,GPS BIIRM-8 (PRN 05),MEO,NAV,1,1002,NL Science Profile,1,0,0,LEO|HEO,EARTH_OBS|SCIENCE|CREWED,717.920994,20041.649040,20320.043468
27,35752,GPS BIIRM-8 (PRN 05),MEO,NAV,2,1003,Svalbard Polar Profile,0,0,0,LEO,EARTH_OBS|SCIENCE,717.920994,20041.649040,20320.043468
27,35752,GPS BIIRM-8 (PRN 05),MEO,NAV,3,1004,Canberra Deep Profile,1,1,1,MEO|GEO|HEO,NAV|RELAY|SCIENCE,717.920994,20041.649040,20320.043468
27,35752,GPS BIIRM-8 (PRN 05),MEO,NAV,4,1005,Goldstone Deep Profile,1,1,1,MEO|GEO|HEO,NAV|RELAY|SCIENCE,717.920994,20041.649040,20320.043468
27,35752,GPS BIIRM-8 (PRN 05),MEO,NAV,5,1006,Madrid Deep Profile,1,1,1,MEO|GEO|HEO,NAV|RELAY|SCIENCE,717.920994,20041.649040,20320.043468
27,35752,GPS BIIRM-8 (PRN 05),MEO,NAV,6,1007,Hawaii Navigation Profile,1,1,1,MEO,NAV,717.920994,20041.649040,20320.043468
27,35752,GPS BIIRM-8 (PRN 05),MEO,NAV,7,1008,Singapore Relay Profile,1,0,0,GEO,RELAY,717.920994,20041.649040,20320.043468
27,35752,GPS BIIRM-8 (PRN 05),MEO,NAV,8,1009,Cape Town EO Profile,0,0,0,LEO,EARTH_OBS|SCIENCE,717.920994,20041.649040,20320.043468
27,35752,GPS BIIRM-8 (PRN 05),MEO,NAV,9,1010,Santiago EO Profile,0,0,0,LEO,EARTH_OBS|SCIENCE,717.920994,20041.649040,20320.043468
27,35752,GPS BIIRM-8 (PRN 05),MEO,NAV,10,1011,McMurdo Polar Profile,0,0,0,LEO,EARTH_OBS|SCIENCE,717.920994,20041.649040,20320.043468
27,35752,GPS BIIRM-8 (PRN 05),MEO,NAV,11,1012,Tokyo Science Profile,1,1,1,LEO|MEO|HEO,NAV|SCIENCE|CREWED,717.920994,20041.649040,20320.043468
27,35752,GPS BIIRM-8 (PRN 05),MEO,NAV,12,1013,Tromso Polar Profile,0,0,0,LEO,EARTH_OBS|SCIENCE,717.920994,20041.649040,20320.043468
27,35752,GPS BIIRM-8 (PRN 05),MEO,NAV,13,1014,Equatorial Relay Profile,1,0,0,GEO,RELAY,717.920994,20041.649040,20320.043468
27,35752,GPS BIIRM-8 (PRN 05),MEO,NAV,14,1015,Alaska Mixed Profile,1,1,1,LEO|MEO,NAV|EARTH_OBS|SCIENCE|CREWED,717.920994,20041.649040,20320.043468
27,35752,GPS BIIRM-8 (PRN 05),MEO,NAV,15,1016,Kwajalein Mixed Profile,1,1,1,LEO|MEO|GEO,NAV|RELAY|EARTH_OBS|SCIENCE|CREWED,717.920994,20041.649040,20320.043468
28,36585,GPS BIIF-1  (PRN 25),MEO,NAV,0,1001,NL Navigation Profile,1,1,1,MEO,NAV,717.971442,19842.900412,20521.280442
28,36585,GPS BIIF-1  (PRN 25),MEO,NAV,1,1002,NL Science Profile,1,0,0,LEO|HEO,EARTH_OBS|SCIENCE|CREWED,717.971442,19842.900412,20521.280442
28,36585,GPS BIIF-1  (PRN 25),MEO,NAV,2,1003,Svalbard Polar Profile,0,0,0,LEO,EARTH_OBS|SCIENCE,717.971442,19842.900412,20521.280442
28,36585,GPS BIIF-1  (PRN 25),MEO,NAV,3,1004,Canberra Deep Profile,1,1,1,MEO|GEO|HEO,NAV|RELAY|SCIENCE,717.971442,19842.900412,20521.280442
28,36585,GPS BIIF-1  (PRN 25),MEO,NAV,4,1005,Goldstone Deep Profile,1,1,1,MEO|GEO|HEO,NAV|RELAY|SCIENCE,717.971442,19842.900412,20521.280442
28,36585,GPS BIIF-1  (PRN 25),MEO,NAV,5,1006,Madrid Deep Profile,1,1,1,MEO|GEO|HEO,NAV|RELAY|SCIENCE,717.971442,19842.900412,20521.280442
28,36585,GPS BIIF-1  (PRN 25),MEO,NAV,6,1007,Hawaii Navigation Profile,1,1,1,MEO,NAV,717.971442,19842.900412,20521.280442
28,36585,GPS BIIF-1  (PRN 25),MEO,NAV,7,1008,Singapore Relay Profile,1,0,0,GEO,RELAY,717.971442,19842.900412,20521.280442
28,36585,GPS BIIF-1  (PRN 25),MEO,NAV,8,1009,Cape Town EO Profile,0,0,0,LEO,EARTH_OBS|SCIENCE,717.971442,19842.900412,20521.280442
28,36585,GPS BIIF-1  (PRN 25),MEO,NAV,9,1010,Santiago EO Profile,0,0,0,LEO,EARTH_OBS|SCIENCE,717.971442,19842.900412,20521.280442
28,36585,GPS BIIF-1  (PRN 25),MEO,NAV,10,1011,McMurdo Polar Profile,0,0,0,LEO,EARTH_OBS|SCIENCE,717.971442,19842.900412,20521.280442
28,36585,GPS BIIF-1  (PRN 25),MEO,NAV,11,1012,Tokyo Science Profile,1,1,1,LEO|MEO|HEO,NAV|SCIENCE|CREWED,717.971442,19842.900412,20521.280442
28,36585,GPS BIIF-1  (PRN 25),MEO,NAV,12,1013,Tromso Polar Profile,0,0,0,LEO,EARTH_OBS|SCIENCE,717.971442,19842.900412,20521.280442
28,36585,GPS BIIF-1  (PRN 25),MEO,NAV,13,1014,Equatorial Relay Profile,1,0,0,GEO,RELAY,717.971442,19842.900412,20521.280442
28,36585,GPS BIIF-1  (PRN 25),MEO,NAV,14,1015,Alaska Mixed Profile,1,1,1,LEO|MEO,NAV|EARTH_OBS|SCIENCE|CREWED,717.971442,19842.900412,20521.280442
28,36585,GPS BIIF-1  (PRN 25),MEO,NAV,15,1016,Kwajalein Mixed Profile,1,1,1,LEO|MEO|GEO,NAV|RELAY|EARTH_OBS|SCIENCE|CREWED,717.971442,19842.900412,20521.280442
29,38833,GPS BIIF-3  (PRN 24),MEO,NAV,0,1001,NL Navigation Profile,1,1,1,MEO,NAV,717.961227,19693.270170,20670.406814
29,38833,GPS BIIF-3  (PRN 24),MEO,NAV,1,1002,NL Science Profile,1,0,0,LEO|HEO,EARTH_OBS|SCIENCE|CREWED,717.961227,19693.270170,20670.406814
29,38833,GPS BIIF-3  (PRN 24),MEO,NAV,2,1003,Svalbard Polar Profile,0,0,0,LEO,EARTH_OBS|SCIENCE,717.961227,19693.270170,20670.406814
29,38833,GPS BIIF-3  (PRN 24),MEO,NAV,3,1004,Canberra Deep Profile,1,1,1,MEO|GEO|HEO,NAV|RELAY|SCIENCE,717.961227,19693.270170,20670.406814
29,38833,GPS BIIF-3  (PRN 24),MEO,NAV,4,1005,Goldstone Deep Profile,1,1,1,MEO|GEO|HEO,NAV|RELAY|SCIENCE,717.961227,19693.270170,20670.406814
29,38833,GPS BIIF-3  (PRN 24),MEO,NAV,5,1006,Madrid Deep Profile,1,1,1,MEO|GEO|HEO,NAV|RELAY|SCIENCE,717.961227,19693.270170,20670.406814
29,38833,GPS BIIF-3  (PRN 24),MEO,NAV,6,1007,Hawaii Navigation Profile,1,1,1,MEO,NAV,717.961227,19693.270170,20670.406814
29,38833,GPS BIIF-3  (PRN 24),MEO,NAV,7,1008,Singapore Relay Profile,1,0,0,GEO,RELAY,717.961227,19693.270170,20670.406814
29,38833,GPS BIIF-3  (PRN 24),MEO,NAV,8,1009,Cape Town EO Profile,0,0,0,LEO,EARTH_OBS|SCIENCE,717.961227,19693.270170,20670.406814
29,38833,GPS BIIF-3  (PRN 24),MEO,NAV,9,1010,Santiago EO Profile,0,0,0,LEO,EARTH_OBS|SCIENCE,717.961227,19693.270170,20670.406814
29,38833,GPS BIIF-3  (PRN 24),MEO,NAV,10,1011,McMurdo Polar Profile,0,0,0,LEO,EARTH_OBS|SCIENCE,717.961227,19693.270170,20670.406814
29,38833,GPS BIIF-3  (PRN 24),MEO,NAV,11,1012,Tokyo Science Profile,1,1,1,LEO|MEO|HEO,NAV|SCIENCE|CREWED,717.961227,19693.270170,20670.406814
29,38833,GPS BIIF-3  (PRN 24),MEO,NAV,12,1013,Tromso Polar Profile,0,0,0,LEO,EARTH_OBS|SCIENCE,717.961227,19693.270170,20670.406814
29,38833,GPS BIIF-3  (PRN 24),MEO,NAV,13,1014,Equatorial Relay Profile,1,0,0,GEO,RELAY,717.961227,19693.270170,20670.406814
29,38833,GPS BIIF-3  (PRN 24),MEO,NAV,14,1015,Alaska Mixed Profile,1,1,1,LEO|MEO,NAV|EARTH_OBS|SCIENCE|CREWED,717.961227,19693.270170,20670.406814
29,38833,GPS BIIF-3  (PRN 24),MEO,NAV,15,1016,Kwajalein Mixed Profile,1,1,1,LEO|MEO|GEO,NAV|RELAY|EARTH_OBS|SCIENCE|CREWED,717.961227,19693.270170,20670.406814
30,39070,TDRS 11,GEO,RELAY,0,1001,NL Navigation Profile,0,0,0,MEO,NAV,1436.202075,35767.922085,35809.414219
30,39070,TDRS 11,GEO,RELAY,1,1002,NL Science Profile,1,0,0,LEO|HEO,EARTH_OBS|SCIENCE|CREWED,1436.202075,35767.922085,35809.414219
30,39070,TDRS 11,GEO,RELAY,2,1003,Svalbard Polar Profile,0,0,0,LEO,EARTH_OBS|SCIENCE,1436.202075,35767.922085,35809.414219
30,39070,TDRS 11,GEO,RELAY,3,1004,Canberra Deep Profile,1,1,1,MEO|GEO|HEO,NAV|RELAY|SCIENCE,1436.202075,35767.922085,35809.414219
30,39070,TDRS 11,GEO,RELAY,4,1005,Goldstone Deep Profile,1,1,1,MEO|GEO|HEO,NAV|RELAY|SCIENCE,1436.202075,35767.922085,35809.414219
30,39070,TDRS 11,GEO,RELAY,5,1006,Madrid Deep Profile,1,1,1,MEO|GEO|HEO,NAV|RELAY|SCIENCE,1436.202075,35767.922085,35809.414219
30,39070,TDRS 11,GEO,RELAY,6,1007,Hawaii Navigation Profile,0,0,0,MEO,NAV,1436.202075,35767.922085,35809.414219
30,39070,TDRS 11,GEO,RELAY,7,1008,Singapore Relay Profile,1,1,1,GEO,RELAY,1436.202075,35767.922085,35809.414219
30,39070,TDRS 11,GEO,RELAY,8,1009,Cape Town EO Profile,0,0,0,LEO,EARTH_OBS|SCIENCE,1436.202075,35767.922085,35809.414219
30,39070,TDRS 11,GEO,RELAY,9,1010,Santiago EO Profile,0,0,0,LEO,EARTH_OBS|SCIENCE,1436.202075,35767.922085,35809.414219
30,39070,TDRS 11,GEO,RELAY,10,1011,McMurdo Polar Profile,0,0,0,LEO,EARTH_OBS|SCIENCE,1436.202075,35767.922085,35809.414219
30,39070,TDRS 11,GEO,RELAY,11,1012,Tokyo Science Profile,1,0,0,LEO|MEO|HEO,NAV|SCIENCE|CREWED,1436.202075,35767.922085,35809.414219
30,39070,TDRS 11,GEO,RELAY,12,1013,Tromso Polar Profile,0,0,0,LEO,EARTH_OBS|SCIENCE,1436.202075,35767.922085,35809.414219
30,39070,TDRS 11,GEO,RELAY,13,1014,Equatorial Relay Profile,1,1,1,GEO,RELAY,1436.202075,35767.922085,35809.414219
30,39070,TDRS 11,GEO,RELAY,14,1015,Alaska Mixed Profile,0,0,0,LEO|MEO,NAV|EARTH_OBS|SCIENCE|CREWED,1436.202075,35767.922085,35809.414219
30,39070,TDRS 11,GEO,RELAY,15,1016,Kwajalein Mixed Profile,1,1,1,LEO|MEO|GEO,NAV|RELAY|EARTH_OBS|SCIENCE|CREWED,1436.202075,35767.922085,35809.414219
31,39166,GPS BIIF-4  (PRN 27),MEO,NAV,0,1001,NL Navigation Profile,1,1,1,MEO,NAV,717.978333,19806.115239,20558.405503
31,39166,GPS BIIF-4  (PRN 27),MEO,NAV,1,1002,NL Science Profile,1,0,0,LEO|HEO,EARTH_OBS|SCIENCE|CREWED,717.978333,19806.115239,20558.405503
31,39166,GPS BIIF-4  (PRN 27),MEO,NAV,2,1003,Svalbard Polar Profile,0,0,0,LEO,EARTH_OBS|SCIENCE,717.978333,19806.115239,20558.405503
31,39166,GPS BIIF-4  (PRN 27),MEO,NAV,3,1004,Canberra Deep Profile,1,1,1,MEO|GEO|HEO,NAV|RELAY|SCIENCE,717.978333,19806.115239,20558.405503
31,39166,GPS BIIF-4  (PRN 27),MEO,NAV,4,1005,Goldstone Deep Profile,1,1,1,MEO|GEO|HEO,NAV|RELAY|SCIENCE,717.978333,19806.115239,20558.405503
31,39166,GPS BIIF-4  (PRN 27),MEO,NAV,5,1006,Madrid Deep Profile,1,1,1,MEO|GEO|HEO,NAV|RELAY|SCIENCE,717.978333,19806.115239,20558.405503
31,39166,GPS BIIF-4  (PRN 27),MEO,NAV,6,1007,Hawaii Navigation Profile,1,1,1,MEO,NAV,717.978333,19806.115239,20558.405503
31,39166,GPS BIIF-4  (PRN 27),MEO,NAV,7,1008,Singapore Relay Profile,1,0,0,GEO,RELAY,717.978333,19806.115239,20558.405503
31,39166,GPS BIIF-4  (PRN 27),MEO,NAV,8,1009,Cape Town EO Profile,0,0,0,LEO,EARTH_OBS|SCIENCE,717.978333,19806.115239,20558.405503
31,39166,GPS BIIF-4  (PRN 27),MEO,NAV,9,1010,Santiago EO Profile,0,0,0,LEO,EARTH_OBS|SCIENCE,717.978333,19806.115239,20558.405503
31,39166,GPS BIIF-4  (PRN 27),MEO,NAV,10,1011,McMurdo Polar Profile,0,0,0,LEO,EARTH_OBS|SCIENCE,717.978333,19806.115239,20558.405503
31,39166,GPS BIIF-4  (PRN 27),MEO,NAV,11,1012,Tokyo Science Profile,1,1,1,LEO|MEO|HEO,NAV|SCIENCE|CREWED,717.978333,19806.115239,20558.405503
31,39166,GPS BIIF-4  (PRN 27),MEO,NAV,12,1013,Tromso Polar Profile,0,0,0,LEO,EARTH_OBS|SCIENCE,717.978333,19806.115239,20558.405503
31,39166,GPS BIIF-4  (PRN 27),MEO,NAV,13,1014,Equatorial Relay Profile,1,0,0,GEO,RELAY,717.978333,19806.115239,20558.405503
31,39166,GPS BIIF-4  (PRN 27),MEO,NAV,14,1015,Alaska Mixed Profile,1,1,1,LEO|MEO,NAV|EARTH_OBS|SCIENCE|CREWED,717.978333,19806.115239,20558.405503
31,39166,GPS BIIF-4  (PRN 27),MEO,NAV,15,1016,Kwajalein Mixed Profile,1,1,1,LEO|MEO|GEO,NAV|RELAY|EARTH_OBS|SCIENCE|CREWED,717.978333,19806.115239,20558.405503
32,39504,TDRS 12,GEO,RELAY,0,1001,NL Navigation Profile,0,0,0,MEO,NAV,1436.194675,35768.224289,35808.822348
32,39504,TDRS 12,GEO,RELAY,1,1002,NL Science Profile,1,0,0,LEO|HEO,EARTH_OBS|SCIENCE|CREWED,1436.194675,35768.224289,35808.822348
32,39504,TDRS 12,GEO,RELAY,2,1003,Svalbard Polar Profile,0,0,0,LEO,EARTH_OBS|SCIENCE,1436.194675,35768.224289,35808.822348
32,39504,TDRS 12,GEO,RELAY,3,1004,Canberra Deep Profile,1,1,1,MEO|GEO|HEO,NAV|RELAY|SCIENCE,1436.194675,35768.224289,35808.822348
32,39504,TDRS 12,GEO,RELAY,4,1005,Goldstone Deep Profile,1,1,1,MEO|GEO|HEO,NAV|RELAY|SCIENCE,1436.194675,35768.224289,35808.822348
32,39504,TDRS 12,GEO,RELAY,5,1006,Madrid Deep Profile,1,1,1,MEO|GEO|HEO,NAV|RELAY|SCIENCE,1436.194675,35768.224289,35808.822348
32,39504,TDRS 12,GEO,RELAY,6,1007,Hawaii Navigation Profile,1,0,0,MEO,NAV,1436.194675,35768.224289,35808.822348
32,39504,TDRS 12,GEO,RELAY,7,1008,Singapore Relay Profile,1,1,1,GEO,RELAY,1436.194675,35768.224289,35808.822348
32,39504,TDRS 12,GEO,RELAY,8,1009,Cape Town EO Profile,0,0,0,LEO,EARTH_OBS|SCIENCE,1436.194675,35768.224289,35808.822348
32,39504,TDRS 12,GEO,RELAY,9,1010,Santiago EO Profile,0,0,0,LEO,EARTH_OBS|SCIENCE,1436.194675,35768.224289,35808.822348
32,39504,TDRS 12,GEO,RELAY,10,1011,McMurdo Polar Profile,0,0,0,LEO,EARTH_OBS|SCIENCE,1436.194675,35768.224289,35808.822348
32,39504,TDRS 12,GEO,RELAY,11,1012,Tokyo Science Profile,1,0,0,LEO|MEO|HEO,NAV|SCIENCE|CREWED,1436.194675,35768.224289,35808.822348
32,39504,TDRS 12,GEO,RELAY,12,1013,Tromso Polar Profile,0,0,0,LEO,EARTH_OBS|SCIENCE,1436.194675,35768.224289,35808.822348
32,39504,TDRS 12,GEO,RELAY,13,1014,Equatorial Relay Profile,1,1,1,GEO,RELAY,1436.194675,35768.224289,35808.822348
32,39504,TDRS 12,GEO,RELAY,14,1015,Alaska Mixed Profile,0,0,0,LEO|MEO,NAV|EARTH_OBS|SCIENCE|CREWED,1436.194675,35768.224289,35808.822348
32,39504,TDRS 12,GEO,RELAY,15,1016,Kwajalein Mixed Profile,1,1,1,LEO|MEO|GEO,NAV|RELAY|EARTH_OBS|SCIENCE|CREWED,1436.194675,35768.224289,35808.822348
33,39533,GPS BIIF-5  (PRN 30),MEO,NAV,0,1001,NL Navigation Profile,1,1,1,MEO,NAV,717.978252,19959.669528,20404.847218
33,39533,GPS BIIF-5  (PRN 30),MEO,NAV,1,1002,NL Science Profile,1,0,0,LEO|HEO,EARTH_OBS|SCIENCE|CREWED,717.978252,19959.669528,20404.847218
33,39533,GPS BIIF-5  (PRN 30),MEO,NAV,2,1003,Svalbard Polar Profile,0,0,0,LEO,EARTH_OBS|SCIENCE,717.978252,19959.669528,20404.847218
33,39533,GPS BIIF-5  (PRN 30),MEO,NAV,3,1004,Canberra Deep Profile,1,1,1,MEO|GEO|HEO,NAV|RELAY|SCIENCE,717.978252,19959.669528,20404.847218
33,39533,GPS BIIF-5  (PRN 30),MEO,NAV,4,1005,Goldstone Deep Profile,1,1,1,MEO|GEO|HEO,NAV|RELAY|SCIENCE,717.978252,19959.669528,20404.847218
33,39533,GPS BIIF-5  (PRN 30),MEO,NAV,5,1006,Madrid Deep Profile,1,1,1,MEO|GEO|HEO,NAV|RELAY|SCIENCE,717.978252,19959.669528,20404.847218
33,39533,GPS BIIF-5  (PRN 30),MEO,NAV,6,1007,Hawaii Navigation Profile,1,1,1,MEO,NAV,717.978252,19959.669528,20404.847218
33,39533,GPS BIIF-5  (PRN 30),MEO,NAV,7,1008,Singapore Relay Profile,1,0,0,GEO,RELAY,717.978252,19959.669528,20404.847218
33,39533,GPS BIIF-5  (PRN 30),MEO,NAV,8,1009,Cape Town EO Profile,0,0,0,LEO,EARTH_OBS|SCIENCE,717.978252,19959.669528,20404.847218
33,39533,GPS BIIF-5  (PRN 30),MEO,NAV,9,1010,Santiago EO Profile,0,0,0,LEO,EARTH_OBS|SCIENCE,717.978252,19959.669528,20404.847218
33,39533,GPS BIIF-5  (PRN 30),MEO,NAV,10,1011,McMurdo Polar Profile,0,0,0,LEO,EARTH_OBS|SCIENCE,717.978252,19959.669528,20404.847218
33,39533,GPS BIIF-5  (PRN 30),MEO,NAV,11,1012,Tokyo Science Profile,1,1,1,LEO|MEO|HEO,NAV|SCIENCE|CREWED,717.978252,19959.669528,20404.847218
33,39533,GPS BIIF-5  (PRN 30),MEO,NAV,12,1013,Tromso Polar Profile,0,0,0,LEO,EARTH_OBS|SCIENCE,717.978252,19959.669528,20404.847218
33,39533,GPS BIIF-5  (PRN 30),MEO,NAV,13,1014,Equatorial Relay Profile,1,0,0,GEO,RELAY,717.978252,19959.669528,20404.847218
33,39533,GPS BIIF-5  (PRN 30),MEO,NAV,14,1015,Alaska Mixed Profile,1,1,1,LEO|MEO,NAV|EARTH_OBS|SCIENCE|CREWED,717.978252,19959.669528,20404.847218
33,39533,GPS BIIF-5  (PRN 30),MEO,NAV,15,1016,Kwajalein Mixed Profile,1,1,1,LEO|MEO|GEO,NAV|RELAY|EARTH_OBS|SCIENCE|CREWED,717.978252,19959.669528,20404.847218
34,39574,GPM-CORE,LEO,EARTH_OBS|SCIENCE,0,1001,NL Navigation Profile,1,0,0,MEO,NAV,93.161036,421.959989,436.630001
34,39574,GPM-CORE,LEO,EARTH_OBS|SCIENCE,1,1002,NL Science Profile,1,1,1,LEO|HEO,EARTH_OBS|SCIENCE|CREWED,93.161036,421.959989,436.630001
34,39574,GPM-CORE,LEO,EARTH_OBS|SCIENCE,2,1003,Svalbard Polar Profile,1,1,1,LEO,EARTH_OBS|SCIENCE,93.161036,421.959989,436.630001
34,39574,GPM-CORE,LEO,EARTH_OBS|SCIENCE,3,1004,Canberra Deep Profile,1,0,0,MEO|GEO|HEO,NAV|RELAY|SCIENCE,93.161036,421.959989,436.630001
34,39574,GPM-CORE,LEO,EARTH_OBS|SCIENCE,4,1005,Goldstone Deep Profile,1,0,0,MEO|GEO|HEO,NAV|RELAY|SCIENCE,93.161036,421.959989,436.630001
34,39574,GPM-CORE,LEO,EARTH_OBS|SCIENCE,5,1006,Madrid Deep Profile,1,0,0,MEO|GEO|HEO,NAV|RELAY|SCIENCE,93.161036,421.959989,436.630001
34,39574,GPM-CORE,LEO,EARTH_OBS|SCIENCE,6,1007,Hawaii Navigation Profile,1,0,0,MEO,NAV,93.161036,421.959989,436.630001
34,39574,GPM-CORE,LEO,EARTH_OBS|SCIENCE,7,1008,Singapore Relay Profile,1,0,0,GEO,RELAY,93.161036,421.959989,436.630001
34,39574,GPM-CORE,LEO,EARTH_OBS|SCIENCE,8,1009,Cape Town EO Profile,1,1,1,LEO,EARTH_OBS|SCIENCE,93.161036,421.959989,436.630001
34,39574,GPM-CORE,LEO,EARTH_OBS|SCIENCE,9,1010,Santiago EO Profile,1,1,1,LEO,EARTH_OBS|SCIENCE,93.161036,421.959989,436.630001
34,39574,GPM-CORE,LEO,EARTH_OBS|SCIENCE,10,1011,McMurdo Polar Profile,1,1,1,LEO,EARTH_OBS|SCIENCE,93.161036,421.959989,436.630001
34,39574,GPM-CORE,LEO,EARTH_OBS|SCIENCE,11,1012,Tokyo Science Profile,1,1,1,LEO|MEO|HEO,NAV|SCIENCE|CREWED,93.161036,421.959989,436.630001
34,39574,GPM-CORE,LEO,EARTH_OBS|SCIENCE,12,1013,Tromso Polar Profile,1,1,1,LEO,EARTH_OBS|SCIENCE,93.161036,421.959989,436.630001
34,39574,GPM-CORE,LEO,EARTH_OBS|SCIENCE,13,1014,Equatorial Relay Profile,1,0,0,GEO,RELAY,93.161036,421.959989,436.630001
34,39574,GPM-CORE,LEO,EARTH_OBS|SCIENCE,14,1015,Alaska Mixed Profile,1,1,1,LEO|MEO,NAV|EARTH_OBS|SCIENCE|CREWED,93.161036,421.959989,436.630001
34,39574,GPM-CORE,LEO,EARTH_OBS|SCIENCE,15,1016,Kwajalein Mixed Profile,1,1,1,LEO|MEO|GEO,NAV|RELAY|EARTH_OBS|SCIENCE|CREWED,93.161036,421.959989,436.630001
35,39741,GPS BIIF-6  (PRN 06),MEO,NAV,0,1001,NL Navigation Profile,1,1,1,MEO,NAV,717.998763,20080.344329,20285.184108
35,39741,GPS BIIF-6  (PRN 06),MEO,NAV,1,1002,NL Science Profile,1,0,0,LEO|HEO,EARTH_OBS|SCIENCE|CREWED,717.998763,20080.344329,20285.184108
35,39741,GPS BIIF-6  (PRN 06),MEO,NAV,2,1003,Svalbard Polar Profile,0,0,0,LEO,EARTH_OBS|SCIENCE,717.998763,20080.344329,20285.184108
35,39741,GPS BIIF-6  (PRN 06),MEO,NAV,3,1004,Canberra Deep Profile,1,1,1,MEO|GEO|HEO,NAV|RELAY|SCIENCE,717.998763,20080.344329,20285.184108
35,39741,GPS BIIF-6  (PRN 06),MEO,NAV,4,1005,Goldstone Deep Profile,1,1,1,MEO|GEO|HEO,NAV|RELAY|SCIENCE,717.998763,20080.344329,20285.184108
35,39741,GPS BIIF-6  (PRN 06),MEO,NAV,5,1006,Madrid Deep Profile,1,1,1,MEO|GEO|HEO,NAV|RELAY|SCIENCE,717.998763,20080.344329,20285.184108
35,39741,GPS BIIF-6  (PRN 06),MEO,NAV,6,1007,Hawaii Navigation Profile,1,1,1,MEO,NAV,717.998763,20080.344329,20285.184108
35,39741,GPS BIIF-6  (PRN 06),MEO,NAV,7,1008,Singapore Relay Profile,1,0,0,GEO,RELAY,717.998763,20080.344329,20285.184108
35,39741,GPS BIIF-6  (PRN 06),MEO,NAV,8,1009,Cape Town EO Profile,0,0,0,LEO,EARTH_OBS|SCIENCE,717.998763,20080.344329,20285.184108
35,39741,GPS BIIF-6  (PRN 06),MEO,NAV,9,1010,Santiago EO Profile,0,0,0,LEO,EARTH_OBS|SCIENCE,717.998763,20080.344329,20285.184108
35,39741,GPS BIIF-6  (PRN 06),MEO,NAV,10,1011,McMurdo Polar Profile,0,0,0,LEO,EARTH_OBS|SCIENCE,717.998763,20080.344329,20285.184108
35,39741,GPS BIIF-6  (PRN 06),MEO,NAV,11,1012,Tokyo Science Profile,1,1,1,LEO|MEO|HEO,NAV|SCIENCE|CREWED,717.998763,20080.344329,20285.184108
35,39741,GPS BIIF-6  (PRN 06),MEO,NAV,12,1013,Tromso Polar Profile,0,0,0,LEO,EARTH_OBS|SCIENCE,717.998763,20080.344329,20285.184108
35,39741,GPS BIIF-6  (PRN 06),MEO,NAV,13,1014,Equatorial Relay Profile,1,0,0,GEO,RELAY,717.998763,20080.344329,20285.184108
35,39741,GPS BIIF-6  (PRN 06),MEO,NAV,14,1015,Alaska Mixed Profile,1,1,1,LEO|MEO,NAV|EARTH_OBS|SCIENCE|CREWED,717.998763,20080.344329,20285.184108
35,39741,GPS BIIF-6  (PRN 06),MEO,NAV,15,1016,Kwajalein Mixed Profile,1,1,1,LEO|MEO|GEO,NAV|RELAY|EARTH_OBS|SCIENCE|CREWED,717.998763,20080.344329,20285.184108
36,40105,GPS BIIF-7  (PRN 09),MEO,NAV,0,1001,NL Navigation Profile,1,1,1,MEO,NAV,717.980111,20087.695932,20276.912501
36,40105,GPS BIIF-7  (PRN 09),MEO,NAV,1,1002,NL Science Profile,1,0,0,LEO|HEO,EARTH_OBS|SCIENCE|CREWED,717.980111,20087.695932,20276.912501
36,40105,GPS BIIF-7  (PRN 09),MEO,NAV,2,1003,Svalbard Polar Profile,0,0,0,LEO,EARTH_OBS|SCIENCE,717.980111,20087.695932,20276.912501
36,40105,GPS BIIF-7  (PRN 09),MEO,NAV,3,1004,Canberra Deep Profile,1,1,1,MEO|GEO|HEO,NAV|RELAY|SCIENCE,717.980111,20087.695932,20276.912501
36,40105,GPS BIIF-7  (PRN 09),MEO,NAV,4,1005,Goldstone Deep Profile,1,1,1,MEO|GEO|HEO,NAV|RELAY|SCIENCE,717.980111,20087.695932,20276.912501
36,40105,GPS BIIF-7  (PRN 09),MEO,NAV,5,1006,Madrid Deep Profile,1,1,1,MEO|GEO|HEO,NAV|RELAY|SCIENCE,717.980111,20087.695932,20276.912501
36,40105,GPS BIIF-7  (PRN 09),MEO,NAV,6,1007,Hawaii Navigation Profile,1,1,1,MEO,NAV,717.980111,20087.695932,20276.912501
36,40105,GPS BIIF-7  (PRN 09),MEO,NAV,7,1008,Singapore Relay Profile,1,0,0,GEO,RELAY,717.980111,20087.695932,20276.912501
36,40105,GPS BIIF-7  (PRN 09),MEO,NAV,8,1009,Cape Town EO Profile,0,0,0,LEO,EARTH_OBS|SCIENCE,717.980111,20087.695932,20276.912501
36,40105,GPS BIIF-7  (PRN 09),MEO,NAV,9,1010,Santiago EO Profile,0,0,0,LEO,EARTH_OBS|SCIENCE,717.980111,20087.695932,20276.912501
36,40105,GPS BIIF-7  (PRN 09),MEO,NAV,10,1011,McMurdo Polar Profile,0,0,0,LEO,EARTH_OBS|SCIENCE,717.980111,20087.695932,20276.912501
36,40105,GPS BIIF-7  (PRN 09),MEO,NAV,11,1012,Tokyo Science Profile,1,1,1,LEO|MEO|HEO,NAV|SCIENCE|CREWED,717.980111,20087.695932,20276.912501
36,40105,GPS BIIF-7  (PRN 09),MEO,NAV,12,1013,Tromso Polar Profile,0,0,0,LEO,EARTH_OBS|SCIENCE,717.980111,20087.695932,20276.912501
36,40105,GPS BIIF-7  (PRN 09),MEO,NAV,13,1014,Equatorial Relay Profile,1,0,0,GEO,RELAY,717.980111,20087.695932,20276.912501
36,40105,GPS BIIF-7  (PRN 09),MEO,NAV,14,1015,Alaska Mixed Profile,1,1,1,LEO|MEO,NAV|EARTH_OBS|SCIENCE|CREWED,717.980111,20087.695932,20276.912501
36,40105,GPS BIIF-7  (PRN 09),MEO,NAV,15,1016,Kwajalein Mixed Profile,1,1,1,LEO|MEO|GEO,NAV|RELAY|EARTH_OBS|SCIENCE|CREWED,717.980111,20087.695932,20276.912501
37,40294,GPS BIIF-8  (PRN 03),MEO,NAV,0,1001,NL Navigation Profile,1,1,1,MEO,NAV,718.002698,20003.809869,20361.912657
37,40294,GPS BIIF-8  (PRN 03),MEO,NAV,1,1002,NL Science Profile,1,0,0,LEO|HEO,EARTH_OBS|SCIENCE|CREWED,718.002698,20003.809869,20361.912657
37,40294,GPS BIIF-8  (PRN 03),MEO,NAV,2,1003,Svalbard Polar Profile,0,0,0,LEO,EARTH_OBS|SCIENCE,718.002698,20003.809869,20361.912657
37,40294,GPS BIIF-8  (PRN 03),MEO,NAV,3,1004,Canberra Deep Profile,1,1,1,MEO|GEO|HEO,NAV|RELAY|SCIENCE,718.002698,20003.809869,20361.912657
37,40294,GPS BIIF-8  (PRN 03),MEO,NAV,4,1005,Goldstone Deep Profile,1,1,1,MEO|GEO|HEO,NAV|RELAY|SCIENCE,718.002698,20003.809869,20361.912657
37,40294,GPS BIIF-8  (PRN 03),MEO,NAV,5,1006,Madrid Deep Profile,1,1,1,MEO|GEO|HEO,NAV|RELAY|SCIENCE,718.002698,20003.809869,20361.912657
37,40294,GPS BIIF-8  (PRN 03),MEO,NAV,6,1007,Hawaii Navigation Profile,1,1,1,MEO,NAV,718.002698,20003.809869,20361.912657
37,40294,GPS BIIF-8  (PRN 03),MEO,NAV,7,1008,Singapore Relay Profile,1,0,0,GEO,RELAY,718.002698,20003.809869,20361.912657
37,40294,GPS BIIF-8  (PRN 03),MEO,NAV,8,1009,Cape Town EO Profile,0,0,0,LEO,EARTH_OBS|SCIENCE,718.002698,20003.809869,20361.912657
37,40294,GPS BIIF-8  (PRN 03),MEO,NAV,9,1010,Santiago EO Profile,0,0,0,LEO,EARTH_OBS|SCIENCE,718.002698,20003.809869,20361.912657
37,40294,GPS BIIF-8  (PRN 03),MEO,NAV,10,1011,McMurdo Polar Profile,0,0,0,LEO,EARTH_OBS|SCIENCE,718.002698,20003.809869,20361.912657
37,40294,GPS BIIF-8  (PRN 03),MEO,NAV,11,1012,Tokyo Science Profile,1,1,1,LEO|MEO|HEO,NAV|SCIENCE|CREWED,718.002698,20003.809869,20361.912657
37,40294,GPS BIIF-8  (PRN 03),MEO,NAV,12,1013,Tromso Polar Profile,0,0,0,LEO,EARTH_OBS|SCIENCE,718.002698,20003.809869,20361.912657
37,40294,GPS BIIF-8  (PRN 03),MEO,NAV,13,1014,Equatorial Relay Profile,1,0,0,GEO,RELAY,718.002698,20003.809869,20361.912657
37,40294,GPS BIIF-8  (PRN 03),MEO,NAV,14,1015,Alaska Mixed Profile,1,1,1,LEO|MEO,NAV|EARTH_OBS|SCIENCE|CREWED,718.002698,20003.809869,20361.912657
37,40294,GPS BIIF-8  (PRN 03),MEO,NAV,15,1016,Kwajalein Mixed Profile,1,1,1,LEO|MEO|GEO,NAV|RELAY|EARTH_OBS|SCIENCE|CREWED,718.002698,20003.809869,20361.912657
38,40482,MMS 1,HEO,SCIENCE,0,1001,NL Navigation Profile,1,0,0,MEO,NAV,5091.599785,10305.246297,173015.404758
38,40482,MMS 1,HEO,SCIENCE,1,1002,NL Science Profile,1,1,1,LEO|HEO,EARTH_OBS|SCIENCE|CREWED,5091.599785,10305.246297,173015.404758
38,40482,MMS 1,HEO,SCIENCE,2,1003,Svalbard Polar Profile,1,0,0,LEO,EARTH_OBS|SCIENCE,5091.599785,10305.246297,173015.404758
38,40482,MMS 1,HEO,SCIENCE,3,1004,Canberra Deep Profile,1,1,1,MEO|GEO|HEO,NAV|RELAY|SCIENCE,5091.599785,10305.246297,173015.404758
38,40482,MMS 1,HEO,SCIENCE,4,1005,Goldstone Deep Profile,1,1,1,MEO|GEO|HEO,NAV|RELAY|SCIENCE,5091.599785,10305.246297,173015.404758
38,40482,MMS 1,HEO,SCIENCE,5,1006,Madrid Deep Profile,1,1,1,MEO|GEO|HEO,NAV|RELAY|SCIENCE,5091.599785,10305.246297,173015.404758
38,40482,MMS 1,HEO,SCIENCE,6,1007,Hawaii Navigation Profile,1,0,0,MEO,NAV,5091.599785,10305.246297,173015.404758
38,40482,MMS 1,HEO,SCIENCE,7,1008,Singapore Relay Profile,1,0,0,GEO,RELAY,5091.599785,10305.246297,173015.404758
38,40482,MMS 1,HEO,SCIENCE,8,1009,Cape Town EO Profile,1,0,0,LEO,EARTH_OBS|SCIENCE,5091.599785,10305.246297,173015.404758
38,40482,MMS 1,HEO,SCIENCE,9,1010,Santiago EO Profile,1,0,0,LEO,EARTH_OBS|SCIENCE,5091.599785,10305.246297,173015.404758
38,40482,MMS 1,HEO,SCIENCE,10,1011,McMurdo Polar Profile,1,0,0,LEO,EARTH_OBS|SCIENCE,5091.599785,10305.246297,173015.404758
38,40482,MMS 1,HEO,SCIENCE,11,1012,Tokyo Science Profile,1,1,1,LEO|MEO|HEO,NAV|SCIENCE|CREWED,5091.599785,10305.246297,173015.404758
38,40482,MMS 1,HEO,SCIENCE,12,1013,Tromso Polar Profile,1,0,0,LEO,EARTH_OBS|SCIENCE,5091.599785,10305.246297,173015.404758
38,40482,MMS 1,HEO,SCIENCE,13,1014,Equatorial Relay Profile,1,0,0,GEO,RELAY,5091.599785,10305.246297,173015.404758
38,40482,MMS 1,HEO,SCIENCE,14,1015,Alaska Mixed Profile,1,0,0,LEO|MEO,NAV|EARTH_OBS|SCIENCE|CREWED,5091.599785,10305.246297,173015.404758
38,40482,MMS 1,HEO,SCIENCE,15,1016,Kwajalein Mixed Profile,1,0,0,LEO|MEO|GEO,NAV|RELAY|EARTH_OBS|SCIENCE|CREWED,5091.599785,10305.246297,173015.404758
39,40483,MMS 2,HEO,SCIENCE,0,1001,NL Navigation Profile,1,0,0,MEO,NAV,5091.601407,10277.602988,173043.089706
39,40483,MMS 2,HEO,SCIENCE,1,1002,NL Science Profile,1,1,1,LEO|HEO,EARTH_OBS|SCIENCE|CREWED,5091.601407,10277.602988,173043.089706
39,40483,MMS 2,HEO,SCIENCE,2,1003,Svalbard Polar Profile,1,0,0,LEO,EARTH_OBS|SCIENCE,5091.601407,10277.602988,173043.089706
39,40483,MMS 2,HEO,SCIENCE,3,1004,Canberra Deep Profile,1,1,1,MEO|GEO|HEO,NAV|RELAY|SCIENCE,5091.601407,10277.602988,173043.089706
39,40483,MMS 2,HEO,SCIENCE,4,1005,Goldstone Deep Profile,1,1,1,MEO|GEO|HEO,NAV|RELAY|SCIENCE,5091.601407,10277.602988,173043.089706
39,40483,MMS 2,HEO,SCIENCE,5,1006,Madrid Deep Profile,1,1,1,MEO|GEO|HEO,NAV|RELAY|SCIENCE,5091.601407,10277.602988,173043.089706
39,40483,MMS 2,HEO,SCIENCE,6,1007,Hawaii Navigation Profile,1,0,0,MEO,NAV,5091.601407,10277.602988,173043.089706
39,40483,MMS 2,HEO,SCIENCE,7,1008,Singapore Relay Profile,1,0,0,GEO,RELAY,5091.601407,10277.602988,173043.089706
39,40483,MMS 2,HEO,SCIENCE,8,1009,Cape Town EO Profile,1,0,0,LEO,EARTH_OBS|SCIENCE,5091.601407,10277.602988,173043.089706
39,40483,MMS 2,HEO,SCIENCE,9,1010,Santiago EO Profile,1,0,0,LEO,EARTH_OBS|SCIENCE,5091.601407,10277.602988,173043.089706
39,40483,MMS 2,HEO,SCIENCE,10,1011,McMurdo Polar Profile,1,0,0,LEO,EARTH_OBS|SCIENCE,5091.601407,10277.602988,173043.089706
39,40483,MMS 2,HEO,SCIENCE,11,1012,Tokyo Science Profile,1,1,1,LEO|MEO|HEO,NAV|SCIENCE|CREWED,5091.601407,10277.602988,173043.089706
39,40483,MMS 2,HEO,SCIENCE,12,1013,Tromso Polar Profile,1,0,0,LEO,EARTH_OBS|SCIENCE,5091.601407,10277.602988,173043.089706
39,40483,MMS 2,HEO,SCIENCE,13,1014,Equatorial Relay Profile,1,0,0,GEO,RELAY,5091.601407,10277.602988,173043.089706
39,40483,MMS 2,HEO,SCIENCE,14,1015,Alaska Mixed Profile,1,0,0,LEO|MEO,NAV|EARTH_OBS|SCIENCE|CREWED,5091.601407,10277.602988,173043.089706
39,40483,MMS 2,HEO,SCIENCE,15,1016,Kwajalein Mixed Profile,1,0,0,LEO|MEO|GEO,NAV|RELAY|EARTH_OBS|SCIENCE|CREWED,5091.601407,10277.602988,173043.089706
40,40484,MMS 3,HEO,SCIENCE,0,1001,NL Navigation Profile,1,0,0,MEO,NAV,5089.940862,10291.712759,172986.346010
40,40484,MMS 3,HEO,SCIENCE,1,1002,NL Science Profile,1,1,1,LEO|HEO,EARTH_OBS|SCIENCE|CREWED,5089.940862,10291.712759,172986.346010
40,40484,MMS 3,HEO,SCIENCE,2,1003,Svalbard Polar Profile,1,0,0,LEO,EARTH_OBS|SCIENCE,5089.940862,10291.712759,172986.346010
40,40484,MMS 3,HEO,SCIENCE,3,1004,Canberra Deep Profile,1,1,1,MEO|GEO|HEO,NAV|RELAY|SCIENCE,5089.940862,10291.712759,172986.346010
40,40484,MMS 3,HEO,SCIENCE,4,1005,Goldstone Deep Profile,1,1,1,MEO|GEO|HEO,NAV|RELAY|SCIENCE,5089.940862,10291.712759,172986.346010
40,40484,MMS 3,HEO,SCIENCE,5,1006,Madrid Deep Profile,1,1,1,MEO|GEO|HEO,NAV|RELAY|SCIENCE,5089.940862,10291.712759,172986.346010
40,40484,MMS 3,HEO,SCIENCE,6,1007,Hawaii Navigation Profile,1,0,0,MEO,NAV,5089.940862,10291.712759,172986.346010
40,40484,MMS 3,HEO,SCIENCE,7,1008,Singapore Relay Profile,1,0,0,GEO,RELAY,5089.940862,10291.712759,172986.346010
40,40484,MMS 3,HEO,SCIENCE,8,1009,Cape Town EO Profile,1,0,0,LEO,EARTH_OBS|SCIENCE,5089.940862,10291.712759,172986.346010
40,40484,MMS 3,HEO,SCIENCE,9,1010,Santiago EO Profile,1,0,0,LEO,EARTH_OBS|SCIENCE,5089.940862,10291.712759,172986.346010
40,40484,MMS 3,HEO,SCIENCE,10,1011,McMurdo Polar Profile,1,0,0,LEO,EARTH_OBS|SCIENCE,5089.940862,10291.712759,172986.346010
40,40484,MMS 3,HEO,SCIENCE,11,1012,Tokyo Science Profile,1,1,1,LEO|MEO|HEO,NAV|SCIENCE|CREWED,5089.940862,10291.712759,172986.346010
40,40484,MMS 3,HEO,SCIENCE,12,1013,Tromso Polar Profile,1,0,0,LEO,EARTH_OBS|SCIENCE,5089.940862,10291.712759,172986.346010
40,40484,MMS 3,HEO,SCIENCE,13,1014,Equatorial Relay Profile,1,0,0,GEO,RELAY,5089.940862,10291.712759,172986.346010
40,40484,MMS 3,HEO,SCIENCE,14,1015,Alaska Mixed Profile,1,0,0,LEO|MEO,NAV|EARTH_OBS|SCIENCE|CREWED,5089.940862,10291.712759,172986.346010
40,40484,MMS 3,HEO,SCIENCE,15,1016,Kwajalein Mixed Profile,1,0,0,LEO|MEO|GEO,NAV|RELAY|EARTH_OBS|SCIENCE|CREWED,5089.940862,10291.712759,172986.346010
41,40485,MMS 4,HEO,SCIENCE,0,1001,NL Navigation Profile,1,0,0,MEO,NAV,5089.941237,10292.105647,172985.962761
41,40485,MMS 4,HEO,SCIENCE,1,1002,NL Science Profile,1,1,1,LEO|HEO,EARTH_OBS|SCIENCE|CREWED,5089.941237,10292.105647,172985.962761
41,40485,MMS 4,HEO,SCIENCE,2,1003,Svalbard Polar Profile,1,0,0,LEO,EARTH_OBS|SCIENCE,5089.941237,10292.105647,172985.962761
41,40485,MMS 4,HEO,SCIENCE,3,1004,Canberra Deep Profile,1,1,1,MEO|GEO|HEO,NAV|RELAY|SCIENCE,5089.941237,10292.105647,172985.962761
41,40485,MMS 4,HEO,SCIENCE,4,1005,Goldstone Deep Profile,1,1,1,MEO|GEO|HEO,NAV|RELAY|SCIENCE,5089.941237,10292.105647,172985.962761
41,40485,MMS 4,HEO,SCIENCE,5,1006,Madrid Deep Profile,1,1,1,MEO|GEO|HEO,NAV|RELAY|SCIENCE,5089.941237,10292.105647,172985.962761
41,40485,MMS 4,HEO,SCIENCE,6,1007,Hawaii Navigation Profile,1,0,0,MEO,NAV,5089.941237,10292.105647,172985.962761
41,40485,MMS 4,HEO,SCIENCE,7,1008,Singapore Relay Profile,1,0,0,GEO,RELAY,5089.941237,10292.105647,172985.962761
41,40485,MMS 4,HEO,SCIENCE,8,1009,Cape Town EO Profile,1,0,0,LEO,EARTH_OBS|SCIENCE,5089.941237,10292.105647,172985.962761
41,40485,MMS 4,HEO,SCIENCE,9,1010,Santiago EO Profile,1,0,0,LEO,EARTH_OBS|SCIENCE,5089.941237,10292.105647,172985.962761
41,40485,MMS 4,HEO,SCIENCE,10,1011,McMurdo Polar Profile,1,0,0,LEO,EARTH_OBS|SCIENCE,5089.941237,10292.105647,172985.962761
41,40485,MMS 4,HEO,SCIENCE,11,1012,Tokyo Science Profile,1,1,1,LEO|MEO|HEO,NAV|SCIENCE|CREWED,5089.941237,10292.105647,172985.962761
41,40485,MMS 4,HEO,SCIENCE,12,1013,Tromso Polar Profile,1,0,0,LEO,EARTH_OBS|SCIENCE,5089.941237,10292.105647,172985.962761
41,40485,MMS 4,HEO,SCIENCE,13,1014,Equatorial Relay Profile,1,0,0,GEO,RELAY,5089.941237,10292.105647,172985.962761
41,40485,MMS 4,HEO,SCIENCE,14,1015,Alaska Mixed Profile,1,0,0,LEO|MEO,NAV|EARTH_OBS|SCIENCE|CREWED,5089.941237,10292.105647,172985.962761
41,40485,MMS 4,HEO,SCIENCE,15,1016,Kwajalein Mixed Profile,1,0,0,LEO|MEO|GEO,NAV|RELAY|EARTH_OBS|SCIENCE|CREWED,5089.941237,10292.105647,172985.962761
42,40534,GPS BIIF-9  (PRN 26),MEO,NAV,0,1001,NL Navigation Profile,1,1,1,MEO,NAV,717.947543,19885.721220,20477.280806
42,40534,GPS BIIF-9  (PRN 26),MEO,NAV,1,1002,NL Science Profile,1,0,0,LEO|HEO,EARTH_OBS|SCIENCE|CREWED,717.947543,19885.721220,20477.280806
42,40534,GPS BIIF-9  (PRN 26),MEO,NAV,2,1003,Svalbard Polar Profile,0,0,0,LEO,EARTH_OBS|SCIENCE,717.947543,19885.721220,20477.280806
42,40534,GPS BIIF-9  (PRN 26),MEO,NAV,3,1004,Canberra Deep Profile,1,1,1,MEO|GEO|HEO,NAV|RELAY|SCIENCE,717.947543,19885.721220,20477.280806
42,40534,GPS BIIF-9  (PRN 26),MEO,NAV,4,1005,Goldstone Deep Profile,1,1,1,MEO|GEO|HEO,NAV|RELAY|SCIENCE,717.947543,19885.721220,20477.280806
42,40534,GPS BIIF-9  (PRN 26),MEO,NAV,5,1006,Madrid Deep Profile,1,1,1,MEO|GEO|HEO,NAV|RELAY|SCIENCE,717.947543,19885.721220,20477.280806
42,40534,GPS BIIF-9  (PRN 26),MEO,NAV,6,1007,Hawaii Navigation Profile,1,1,1,MEO,NAV,717.947543,19885.721220,20477.280806
42,40534,GPS BIIF-9  (PRN 26),MEO,NAV,7,1008,Singapore Relay Profile,1,0,0,GEO,RELAY,717.947543,19885.721220,20477.280806
42,40534,GPS BIIF-9  (PRN 26),MEO,NAV,8,1009,Cape Town EO Profile,0,0,0,LEO,EARTH_OBS|SCIENCE,717.947543,19885.721220,20477.280806
42,40534,GPS BIIF-9  (PRN 26),MEO,NAV,9,1010,Santiago EO Profile,0,0,0,LEO,EARTH_OBS|SCIENCE,717.947543,19885.721220,20477.280806
42,40534,GPS BIIF-9  (PRN 26),MEO,NAV,10,1011,McMurdo Polar Profile,0,0,0,LEO,EARTH_OBS|SCIENCE,717.947543,19885.721220,20477.280806
42,40534,GPS BIIF-9  (PRN 26),MEO,NAV,11,1012,Tokyo Science Profile,1,1,1,LEO|MEO|HEO,NAV|SCIENCE|CREWED,717.947543,19885.721220,20477.280806
42,40534,GPS BIIF-9  (PRN 26),MEO,NAV,12,1013,Tromso Polar Profile,0,0,0,LEO,EARTH_OBS|SCIENCE,717.947543,19885.721220,20477.280806
42,40534,GPS BIIF-9  (PRN 26),MEO,NAV,13,1014,Equatorial Relay Profile,1,0,0,GEO,RELAY,717.947543,19885.721220,20477.280806
42,40534,GPS BIIF-9  (PRN 26),MEO,NAV,14,1015,Alaska Mixed Profile,1,1,1,LEO|MEO,NAV|EARTH_OBS|SCIENCE|CREWED,717.947543,19885.721220,20477.280806
42,40534,GPS BIIF-9  (PRN 26),MEO,NAV,15,1016,Kwajalein Mixed Profile,1,1,1,LEO|MEO|GEO,NAV|RELAY|EARTH_OBS|SCIENCE|CREWED,717.947543,19885.721220,20477.280806
43,40730,GPS BIIF-10 (PRN 08),MEO,NAV,0,1001,NL Navigation Profile,1,1,1,MEO,NAV,718.015348,19874.806539,20491.539930
43,40730,GPS BIIF-10 (PRN 08),MEO,NAV,1,1002,NL Science Profile,1,0,0,LEO|HEO,EARTH_OBS|SCIENCE|CREWED,718.015348,19874.806539,20491.539930
43,40730,GPS BIIF-10 (PRN 08),MEO,NAV,2,1003,Svalbard Polar Profile,0,0,0,LEO,EARTH_OBS|SCIENCE,718.015348,19874.806539,20491.539930
43,40730,GPS BIIF-10 (PRN 08),MEO,NAV,3,1004,Canberra Deep Profile,1,1,1,MEO|GEO|HEO,NAV|RELAY|SCIENCE,718.015348,19874.806539,20491.539930
43,40730,GPS BIIF-10 (PRN 08),MEO,NAV,4,1005,Goldstone Deep Profile,1,1,1,MEO|GEO|HEO,NAV|RELAY|SCIENCE,718.015348,19874.806539,20491.539930
43,40730,GPS BIIF-10 (PRN 08),MEO,NAV,5,1006,Madrid Deep Profile,1,1,1,MEO|GEO|HEO,NAV|RELAY|SCIENCE,718.015348,19874.806539,20491.539930
43,40730,GPS BIIF-10 (PRN 08),MEO,NAV,6,1007,Hawaii Navigation Profile,1,1,1,MEO,NAV,718.015348,19874.806539,20491.539930
43,40730,GPS BIIF-10 (PRN 08),MEO,NAV,7,1008,Singapore Relay Profile,1,0,0,GEO,RELAY,718.015348,19874.806539,20491.539930
43,40730,GPS BIIF-10 (PRN 08),MEO,NAV,8,1009,Cape Town EO Profile,0,0,0,LEO,EARTH_OBS|SCIENCE,718.015348,19874.806539,20491.539930
43,40730,GPS BIIF-10 (PRN 08),MEO,NAV,9,1010,Santiago EO Profile,0,0,0,LEO,EARTH_OBS|SCIENCE,718.015348,19874.806539,20491.539930
43,40730,GPS BIIF-10 (PRN 08),MEO,NAV,10,1011,McMurdo Polar Profile,0,0,0,LEO,EARTH_OBS|SCIENCE,718.015348,19874.806539,20491.539930
43,40730,GPS BIIF-10 (PRN 08),MEO,NAV,11,1012,Tokyo Science Profile,1,1,1,LEO|MEO|HEO,NAV|SCIENCE|CREWED,718.015348,19874.806539,20491.539930
43,40730,GPS BIIF-10 (PRN 08),MEO,NAV,12,1013,Tromso Polar Profile,0,0,0,LEO,EARTH_OBS|SCIENCE,718.015348,19874.806539,20491.539930
43,40730,GPS BIIF-10 (PRN 08),MEO,NAV,13,1014,Equatorial Relay Profile,1,0,0,GEO,RELAY,718.015348,19874.806539,20491.539930
43,40730,GPS BIIF-10 (PRN 08),MEO,NAV,14,1015,Alaska Mixed Profile,1,1,1,LEO|MEO,NAV|EARTH_OBS|SCIENCE|CREWED,718.015348,19874.806539,20491.539930
43,40730,GPS BIIF-10 (PRN 08),MEO,NAV,15,1016,Kwajalein Mixed Profile,1,1,1,LEO|MEO|GEO,NAV|RELAY|EARTH_OBS|SCIENCE|CREWED,718.015348,19874.806539,20491.539930
44,41019,GPS BIIF-11 (PRN 10),MEO,NAV,0,1001,NL Navigation Profile,1,1,1,MEO,NAV,717.960930,19878.211465,20485.450910
44,41019,GPS BIIF-11 (PRN 10),MEO,NAV,1,1002,NL Science Profile,1,0,0,LEO|HEO,EARTH_OBS|SCIENCE|CREWED,717.960930,19878.211465,20485.450910
44,41019,GPS BIIF-11 (PRN 10),MEO,NAV,2,1003,Svalbard Polar Profile,0,0,0,LEO,EARTH_OBS|SCIENCE,717.960930,19878.211465,20485.450910
44,41019,GPS BIIF-11 (PRN 10),MEO,NAV,3,1004,Canberra Deep Profile,1,1,1,MEO|GEO|HEO,NAV|RELAY|SCIENCE,717.960930,19878.211465,20485.450910
44,41019,GPS BIIF-11 (PRN 10),MEO,NAV,4,1005,Goldstone Deep Profile,1,1,1,MEO|GEO|HEO,NAV|RELAY|SCIENCE,717.960930,19878.211465,20485.450910
44,41019,GPS BIIF-11 (PRN 10),MEO,NAV,5,1006,Madrid Deep Profile,1,1,1,MEO|GEO|HEO,NAV|RELAY|SCIENCE,717.960930,19878.211465,20485.450910
44,41019,GPS BIIF-11 (PRN 10),MEO,NAV,6,1007,Hawaii Navigation Profile,1,1,1,MEO,NAV,717.960930,19878.211465,20485.450910
44,41019,GPS BIIF-11 (PRN 10),MEO,NAV,7,1008,Singapore Relay Profile,1,0,0,GEO,RELAY,717.960930,19878.211465,20485.450910
44,41019,GPS BIIF-11 (PRN 10),MEO,NAV,8,1009,Cape Town EO Profile,0,0,0,LEO,EARTH_OBS|SCIENCE,717.960930,19878.211465,20485.450910
44,41019,GPS BIIF-11 (PRN 10),MEO,NAV,9,1010,Santiago EO Profile,0,0,0,LEO,EARTH_OBS|SCIENCE,717.960930,19878.211465,20485.450910
44,41019,GPS BIIF-11 (PRN 10),MEO,NAV,10,1011,McMurdo Polar Profile,0,0,0,LEO,EARTH_OBS|SCIENCE,717.960930,19878.211465,20485.450910
44,41019,GPS BIIF-11 (PRN 10),MEO,NAV,11,1012,Tokyo Science Profile,1,1,1,LEO|MEO|HEO,NAV|SCIENCE|CREWED,717.960930,19878.211465,20485.450910
44,41019,GPS BIIF-11 (PRN 10),MEO,NAV,12,1013,Tromso Polar Profile,0,0,0,LEO,EARTH_OBS|SCIENCE,717.960930,19878.211465,20485.450910
44,41019,GPS BIIF-11 (PRN 10),MEO,NAV,13,1014,Equatorial Relay Profile,1,0,0,GEO,RELAY,717.960930,19878.211465,20485.450910
44,41019,GPS BIIF-11 (PRN 10),MEO,NAV,14,1015,Alaska Mixed Profile,1,1,1,LEO|MEO,NAV|EARTH_OBS|SCIENCE|CREWED,717.960930,19878.211465,20485.450910
44,41019,GPS BIIF-11 (PRN 10),MEO,NAV,15,1016,Kwajalein Mixed Profile,1,1,1,LEO|MEO|GEO,NAV|RELAY|EARTH_OBS|SCIENCE|CREWED,717.960930,19878.211465,20485.450910
45,41328,GPS BIIF-12 (PRN 32),MEO,NAV,0,1001,NL Navigation Profile,1,1,1,MEO,NAV,717.938163,19923.912510,20438.626867
45,41328,GPS BIIF-12 (PRN 32),MEO,NAV,1,1002,NL Science Profile,1,0,0,LEO|HEO,EARTH_OBS|SCIENCE|CREWED,717.938163,19923.912510,20438.626867
45,41328,GPS BIIF-12 (PRN 32),MEO,NAV,2,1003,Svalbard Polar Profile,0,0,0,LEO,EARTH_OBS|SCIENCE,717.938163,19923.912510,20438.626867
45,41328,GPS BIIF-12 (PRN 32),MEO,NAV,3,1004,Canberra Deep Profile,1,1,1,MEO|GEO|HEO,NAV|RELAY|SCIENCE,717.938163,19923.912510,20438.626867
45,41328,GPS BIIF-12 (PRN 32),MEO,NAV,4,1005,Goldstone Deep Profile,1,1,1,MEO|GEO|HEO,NAV|RELAY|SCIENCE,717.938163,19923.912510,20438.626867
45,41328,GPS BIIF-12 (PRN 32),MEO,NAV,5,1006,Madrid Deep Profile,1,1,1,MEO|GEO|HEO,NAV|RELAY|SCIENCE,717.938163,19923.912510,20438.626867
45,41328,GPS BIIF-12 (PRN 32),MEO,NAV,6,1007,Hawaii Navigation Profile,1,1,1,MEO,NAV,717.938163,19923.912510,20438.626867
45,41328,GPS BIIF-12 (PRN 32),MEO,NAV,7,1008,Singapore Relay Profile,1,0,0,GEO,RELAY,717.938163,19923.912510,20438.626867
45,41328,GPS BIIF-12 (PRN 32),MEO,NAV,8,1009,Cape Town EO Profile,0,0,0,LEO,EARTH_OBS|SCIENCE,717.938163,19923.912510,20438.626867
45,41328,GPS BIIF-12 (PRN 32),MEO,NAV,9,1010,Santiago EO Profile,0,0,0,LEO,EARTH_OBS|SCIENCE,717.938163,19923.912510,20438.626867
45,41328,GPS BIIF-12 (PRN 32),MEO,NAV,10,1011,McMurdo Polar Profile,0,0,0,LEO,EARTH_OBS|SCIENCE,717.938163,19923.912510,20438.626867
45,41328,GPS BIIF-12 (PRN 32),MEO,NAV,11,1012,Tokyo Science Profile,1,1,1,LEO|MEO|HEO,NAV|SCIENCE|CREWED,717.938163,19923.912510,20438.626867
45,41328,GPS BIIF-12 (PRN 32),MEO,NAV,12,1013,Tromso Polar Profile,0,0,0,LEO,EARTH_OBS|SCIENCE,717.938163,19923.912510,20438.626867
45,41328,GPS BIIF-12 (PRN 32),MEO,NAV,13,1014,Equatorial Relay Profile,1,0,0,GEO,RELAY,717.938163,19923.912510,20438.626867
45,41328,GPS BIIF-12 (PRN 32),MEO,NAV,14,1015,Alaska Mixed Profile,1,1,1,LEO|MEO,NAV|EARTH_OBS|SCIENCE|CREWED,717.938163,19923.912510,20438.626867
45,41328,GPS BIIF-12 (PRN 32),MEO,NAV,15,1016,Kwajalein Mixed Profile,1,1,1,LEO|MEO|GEO,NAV|RELAY|EARTH_OBS|SCIENCE|CREWED,717.938163,19923.912510,20438.626867
46,42915,TDRS 13,GEO,RELAY,0,1001,NL Navigation Profile,0,0,0,MEO,NAV,1436.137215,35723.568449,35851.228818
46,42915,TDRS 13,GEO,RELAY,1,1002,NL Science Profile,1,0,0,LEO|HEO,EARTH_OBS|SCIENCE|CREWED,1436.137215,35723.568449,35851.228818
46,42915,TDRS 13,GEO,RELAY,2,1003,Svalbard Polar Profile,0,0,0,LEO,EARTH_OBS|SCIENCE,1436.137215,35723.568449,35851.228818
46,42915,TDRS 13,GEO,RELAY,3,1004,Canberra Deep Profile,1,1,1,MEO|GEO|HEO,NAV|RELAY|SCIENCE,1436.137215,35723.568449,35851.228818
46,42915,TDRS 13,GEO,RELAY,4,1005,Goldstone Deep Profile,1,1,1,MEO|GEO|HEO,NAV|RELAY|SCIENCE,1436.137215,35723.568449,35851.228818
46,42915,TDRS 13,GEO,RELAY,5,1006,Madrid Deep Profile,1,1,1,MEO|GEO|HEO,NAV|RELAY|SCIENCE,1436.137215,35723.568449,35851.228818
46,42915,TDRS 13,GEO,RELAY,6,1007,Hawaii Navigation Profile,1,0,0,MEO,NAV,1436.137215,35723.568449,35851.228818
46,42915,TDRS 13,GEO,RELAY,7,1008,Singapore Relay Profile,1,1,1,GEO,RELAY,1436.137215,35723.568449,35851.228818
46,42915,TDRS 13,GEO,RELAY,8,1009,Cape Town EO Profile,0,0,0,LEO,EARTH_OBS|SCIENCE,1436.137215,35723.568449,35851.228818
46,42915,TDRS 13,GEO,RELAY,9,1010,Santiago EO Profile,0,0,0,LEO,EARTH_OBS|SCIENCE,1436.137215,35723.568449,35851.228818
46,42915,TDRS 13,GEO,RELAY,10,1011,McMurdo Polar Profile,0,0,0,LEO,EARTH_OBS|SCIENCE,1436.137215,35723.568449,35851.228818
46,42915,TDRS 13,GEO,RELAY,11,1012,Tokyo Science Profile,1,0,0,LEO|MEO|HEO,NAV|SCIENCE|CREWED,1436.137215,35723.568449,35851.228818
46,42915,TDRS 13,GEO,RELAY,12,1013,Tromso Polar Profile,0,0,0,LEO,EARTH_OBS|SCIENCE,1436.137215,35723.568449,35851.228818
46,42915,TDRS 13,GEO,RELAY,13,1014,Equatorial Relay Profile,1,1,1,GEO,RELAY,1436.137215,35723.568449,35851.228818
46,42915,TDRS 13,GEO,RELAY,14,1015,Alaska Mixed Profile,0,0,0,LEO|MEO,NAV|EARTH_OBS|SCIENCE|CREWED,1436.137215,35723.568449,35851.228818
46,42915,TDRS 13,GEO,RELAY,15,1016,Kwajalein Mixed Profile,1,1,1,LEO|MEO|GEO,NAV|RELAY|EARTH_OBS|SCIENCE|CREWED,1436.137215,35723.568449,35851.228818
47,43013,NOAA 20 (JPSS-1),LEO,EARTH_OBS|SCIENCE,0,1001,NL Navigation Profile,1,0,0,MEO,NAV,101.382820,822.838047,825.448153
47,43013,NOAA 20 (JPSS-1),LEO,EARTH_OBS|SCIENCE,1,1002,NL Science Profile,1,1,1,LEO|HEO,EARTH_OBS|SCIENCE|CREWED,101.382820,822.838047,825.448153
47,43013,NOAA 20 (JPSS-1),LEO,EARTH_OBS|SCIENCE,2,1003,Svalbard Polar Profile,1,1,1,LEO,EARTH_OBS|SCIENCE,101.382820,822.838047,825.448153
47,43013,NOAA 20 (JPSS-1),LEO,EARTH_OBS|SCIENCE,3,1004,Canberra Deep Profile,1,0,0,MEO|GEO|HEO,NAV|RELAY|SCIENCE,101.382820,822.838047,825.448153
47,43013,NOAA 20 (JPSS-1),LEO,EARTH_OBS|SCIENCE,4,1005,Goldstone Deep Profile,1,0,0,MEO|GEO|HEO,NAV|RELAY|SCIENCE,101.382820,822.838047,825.448153
47,43013,NOAA 20 (JPSS-1),LEO,EARTH_OBS|SCIENCE,5,1006,Madrid Deep Profile,1,0,0,MEO|GEO|HEO,NAV|RELAY|SCIENCE,101.382820,822.838047,825.448153
47,43013,NOAA 20 (JPSS-1),LEO,EARTH_OBS|SCIENCE,6,1007,Hawaii Navigation Profile,1,0,0,MEO,NAV,101.382820,822.838047,825.448153
47,43013,NOAA 20 (JPSS-1),LEO,EARTH_OBS|SCIENCE,7,1008,Singapore Relay Profile,1,0,0,GEO,RELAY,101.382820,822.838047,825.448153
47,43013,NOAA 20 (JPSS-1),LEO,EARTH_OBS|SCIENCE,8,1009,Cape Town EO Profile,1,1,1,LEO,EARTH_OBS|SCIENCE,101.382820,822.838047,825.448153
47,43013,NOAA 20 (JPSS-1),LEO,EARTH_OBS|SCIENCE,9,1010,Santiago EO Profile,1,1,1,LEO,EARTH_OBS|SCIENCE,101.382820,822.838047,825.448153
47,43013,NOAA 20 (JPSS-1),LEO,EARTH_OBS|SCIENCE,10,1011,McMurdo Polar Profile,1,1,1,LEO,EARTH_OBS|SCIENCE,101.382820,822.838047,825.448153
47,43013,NOAA 20 (JPSS-1),LEO,EARTH_OBS|SCIENCE,11,1012,Tokyo Science Profile,1,1,1,LEO|MEO|HEO,NAV|SCIENCE|CREWED,101.382820,822.838047,825.448153
47,43013,NOAA 20 (JPSS-1),LEO,EARTH_OBS|SCIENCE,12,1013,Tromso Polar Profile,1,1,1,LEO,EARTH_OBS|SCIENCE,101.382820,822.838047,825.448153
47,43013,NOAA 20 (JPSS-1),LEO,EARTH_OBS|SCIENCE,13,1014,Equatorial Relay Profile,1,0,0,GEO,RELAY,101.382820,822.838047,825.448153
47,43013,NOAA 20 (JPSS-1),LEO,EARTH_OBS|SCIENCE,14,1015,Alaska Mixed Profile,1,1,1,LEO|MEO,NAV|EARTH_OBS|SCIENCE|CREWED,101.382820,822.838047,825.448153
47,43013,NOAA 20 (JPSS-1),LEO,EARTH_OBS|SCIENCE,15,1016,Kwajalein Mixed Profile,1,1,1,LEO|MEO|GEO,NAV|RELAY|EARTH_OBS|SCIENCE|CREWED,101.382820,822.838047,825.448153
48,43873,GPS BIII-1  (PRN 04),MEO,NAV,0,1001,NL Navigation Profile,1,1,1,MEO,NAV,717.972981,20077.699540,20286.557234
48,43873,GPS BIII-1  (PRN 04),MEO,NAV,1,1002,NL Science Profile,1,0,0,LEO|HEO,EARTH_OBS|SCIENCE|CREWED,717.972981,20077.699540,20286.557234
48,43873,GPS BIII-1  (PRN 04),MEO,NAV,2,1003,Svalbard Polar Profile,0,0,0,LEO,EARTH_OBS|SCIENCE,717.972981,20077.699540,20286.557234
48,43873,GPS BIII-1  (PRN 04),MEO,NAV,3,1004,Canberra Deep Profile,1,1,1,MEO|GEO|HEO,NAV|RELAY|SCIENCE,717.972981,20077.699540,20286.557234
48,43873,GPS BIII-1  (PRN 04),MEO,NAV,4,1005,Goldstone Deep Profile,1,1,1,MEO|GEO|HEO,NAV|RELAY|SCIENCE,717.972981,20077.699540,20286.557234
48,43873,GPS BIII-1  (PRN 04),MEO,NAV,5,1006,Madrid Deep Profile,1,1,1,MEO|GEO|HEO,NAV|RELAY|SCIENCE,717.972981,20077.699540,20286.557234
48,43873,GPS BIII-1  (PRN 04),MEO,NAV,6,1007,Hawaii Navigation Profile,1,1,1,MEO,NAV,717.972981,20077.699540,20286.557234
48,43873,GPS BIII-1  (PRN 04),MEO,NAV,7,1008,Singapore Relay Profile,1,0,0,GEO,RELAY,717.972981,20077.699540,20286.557234
48,43873,GPS BIII-1  (PRN 04),MEO,NAV,8,1009,Cape Town EO Profile,0,0,0,LEO,EARTH_OBS|SCIENCE,717.972981,20077.699540,20286.557234
48,43873,GPS BIII-1  (PRN 04),MEO,NAV,9,1010,Santiago EO Profile,0,0,0,LEO,EARTH_OBS|SCIENCE,717.972981,20077.699540,20286.557234
48,43873,GPS BIII-1  (PRN 04),MEO,NAV,10,1011,McMurdo Polar Profile,0,0,0,LEO,EARTH_OBS|SCIENCE,717.972981,20077.699540,20286.557234
48,43873,GPS BIII-1  (PRN 04),MEO,NAV,11,1012,Tokyo Science Profile,1,1,1,LEO|MEO|HEO,NAV|SCIENCE|CREWED,717.972981,20077.699540,20286.557234
48,43873,GPS BIII-1  (PRN 04),MEO,NAV,12,1013,Tromso Polar Profile,0,0,0,LEO,EARTH_OBS|SCIENCE,717.972981,20077.699540,20286.557234
48,43873,GPS BIII-1  (PRN 04),MEO,NAV,13,1014,Equatorial Relay Profile,1,0,0,GEO,RELAY,717.972981,20077.699540,20286.557234
48,43873,GPS BIII-1  (PRN 04),MEO,NAV,14,1015,Alaska Mixed Profile,1,1,1,LEO|MEO,NAV|EARTH_OBS|SCIENCE|CREWED,717.972981,20077.699540,20286.557234
48,43873,GPS BIII-1  (PRN 04),MEO,NAV,15,1016,Kwajalein Mixed Profile,1,1,1,LEO|MEO|GEO,NAV|RELAY|EARTH_OBS|SCIENCE|CREWED,717.972981,20077.699540,20286.557234
49,44506,GPS BIII-2  (PRN 18),MEO,NAV,0,1001,NL Navigation Profile,1,1,1,MEO,NAV,717.948848,20009.343155,20353.723250
49,44506,GPS BIII-2  (PRN 18),MEO,NAV,1,1002,NL Science Profile,1,0,0,LEO|HEO,EARTH_OBS|SCIENCE|CREWED,717.948848,20009.343155,20353.723250
49,44506,GPS BIII-2  (PRN 18),MEO,NAV,2,1003,Svalbard Polar Profile,0,0,0,LEO,EARTH_OBS|SCIENCE,717.948848,20009.343155,20353.723250
49,44506,GPS BIII-2  (PRN 18),MEO,NAV,3,1004,Canberra Deep Profile,1,1,1,MEO|GEO|HEO,NAV|RELAY|SCIENCE,717.948848,20009.343155,20353.723250
49,44506,GPS BIII-2  (PRN 18),MEO,NAV,4,1005,Goldstone Deep Profile,1,1,1,MEO|GEO|HEO,NAV|RELAY|SCIENCE,717.948848,20009.343155,20353.723250
49,44506,GPS BIII-2  (PRN 18),MEO,NAV,5,1006,Madrid Deep Profile,1,1,1,MEO|GEO|HEO,NAV|RELAY|SCIENCE,717.948848,20009.343155,20353.723250
49,44506,GPS BIII-2  (PRN 18),MEO,NAV,6,1007,Hawaii Navigation Profile,1,1,1,MEO,NAV,717.948848,20009.343155,20353.723250
49,44506,GPS BIII-2  (PRN 18),MEO,NAV,7,1008,Singapore Relay Profile,1,0,0,GEO,RELAY,717.948848,20009.343155,20353.723250
49,44506,GPS BIII-2  (PRN 18),MEO,NAV,8,1009,Cape Town EO Profile,0,0,0,LEO,EARTH_OBS|SCIENCE,717.948848,20009.343155,20353.723250
49,44506,GPS BIII-2  (PRN 18),MEO,NAV,9,1010,Santiago EO Profile,0,0,0,LEO,EARTH_OBS|SCIENCE,717.948848,20009.343155,20353.723250
49,44506,GPS BIII-2  (PRN 18),MEO,NAV,10,1011,McMurdo Polar Profile,0,0,0,LEO,EARTH_OBS|SCIENCE,717.948848,20009.343155,20353.723250
49,44506,GPS BIII-2  (PRN 18),MEO,NAV,11,1012,Tokyo Science Profile,1,1,1,LEO|MEO|HEO,NAV|SCIENCE|CREWED,717.948848,20009.343155,20353.723250
49,44506,GPS BIII-2  (PRN 18),MEO,NAV,12,1013,Tromso Polar Profile,0,0,0,LEO,EARTH_OBS|SCIENCE,717.948848,20009.343155,20353.723250
49,44506,GPS BIII-2  (PRN 18),MEO,NAV,13,1014,Equatorial Relay Profile,1,0,0,GEO,RELAY,717.948848,20009.343155,20353.723250
49,44506,GPS BIII-2  (PRN 18),MEO,NAV,14,1015,Alaska Mixed Profile,1,1,1,LEO|MEO,NAV|EARTH_OBS|SCIENCE|CREWED,717.948848,20009.343155,20353.723250
49,44506,GPS BIII-2  (PRN 18),MEO,NAV,15,1016,Kwajalein Mixed Profile,1,1,1,LEO|MEO|GEO,NAV|RELAY|EARTH_OBS|SCIENCE|CREWED,717.948848,20009.343155,20353.723250
50,45854,GPS BIII-3  (PRN 23),MEO,NAV,0,1001,NL Navigation Profile,1,1,1,MEO,NAV,717.995172,20005.229534,20360.121805
50,45854,GPS BIII-3  (PRN 23),MEO,NAV,1,1002,NL Science Profile,1,0,0,LEO|HEO,EARTH_OBS|SCIENCE|CREWED,717.995172,20005.229534,20360.121805
50,45854,GPS BIII-3  (PRN 23),MEO,NAV,2,1003,Svalbard Polar Profile,0,0,0,LEO,EARTH_OBS|SCIENCE,717.995172,20005.229534,20360.121805
50,45854,GPS BIII-3  (PRN 23),MEO,NAV,3,1004,Canberra Deep Profile,1,1,1,MEO|GEO|HEO,NAV|RELAY|SCIENCE,717.995172,20005.229534,20360.121805
50,45854,GPS BIII-3  (PRN 23),MEO,NAV,4,1005,Goldstone Deep Profile,1,1,1,MEO|GEO|HEO,NAV|RELAY|SCIENCE,717.995172,20005.229534,20360.121805
50,45854,GPS BIII-3  (PRN 23),MEO,NAV,5,1006,Madrid Deep Profile,1,1,1,MEO|GEO|HEO,NAV|RELAY|SCIENCE,717.995172,20005.229534,20360.121805
50,45854,GPS BIII-3  (PRN 23),MEO,NAV,6,1007,Hawaii Navigation Profile,1,1,1,MEO,NAV,717.995172,20005.229534,20360.121805
50,45854,GPS BIII-3  (PRN 23),MEO,NAV,7,1008,Singapore Relay Profile,1,0,0,GEO,RELAY,717.995172,20005.229534,20360.121805
50,45854,GPS BIII-3  (PRN 23),MEO,NAV,8,1009,Cape Town EO Profile,0,0,0,LEO,EARTH_OBS|SCIENCE,717.995172,20005.229534,20360.121805
50,45854,GPS BIII-3  (PRN 23),MEO,NAV,9,1010,Santiago EO Profile,0,0,0,LEO,EARTH_OBS|SCIENCE,717.995172,20005.229534,20360.121805
50,45854,GPS BIII-3  (PRN 23),MEO,NAV,10,1011,McMurdo Polar Profile,0,0,0,LEO,EARTH_OBS|SCIENCE,717.995172,20005.229534,20360.121805
50,45854,GPS BIII-3  (PRN 23),MEO,NAV,11,1012,Tokyo Science Profile,1,1,1,LEO|MEO|HEO,NAV|SCIENCE|CREWED,717.995172,20005.229534,20360.121805
50,45854,GPS BIII-3  (PRN 23),MEO,NAV,12,1013,Tromso Polar Profile,0,0,0,LEO,EARTH_OBS|SCIENCE,717.995172,20005.229534,20360.121805
50,45854,GPS BIII-3  (PRN 23),MEO,NAV,13,1014,Equatorial Relay Profile,1,0,0,GEO,RELAY,717.995172,20005.229534,20360.121805
50,45854,GPS BIII-3  (PRN 23),MEO,NAV,14,1015,Alaska Mixed Profile,1,1,1,LEO|MEO,NAV|EARTH_OBS|SCIENCE|CREWED,717.995172,20005.229534,20360.121805
50,45854,GPS BIII-3  (PRN 23),MEO,NAV,15,1016,Kwajalein Mixed Profile,1,1,1,LEO|MEO|GEO,NAV|RELAY|EARTH_OBS|SCIENCE|CREWED,717.995172,20005.229534,20360.121805
51,46826,GPS BIII-4  (PRN 14),MEO,NAV,0,1001,NL Navigation Profile,1,1,1,MEO,NAV,717.972056,19981.796731,20382.414401
51,46826,GPS BIII-4  (PRN 14),MEO,NAV,1,1002,NL Science Profile,1,0,0,LEO|HEO,EARTH_OBS|SCIENCE|CREWED,717.972056,19981.796731,20382.414401
51,46826,GPS BIII-4  (PRN 14),MEO,NAV,2,1003,Svalbard Polar Profile,0,0,0,LEO,EARTH_OBS|SCIENCE,717.972056,19981.796731,20382.414401
51,46826,GPS BIII-4  (PRN 14),MEO,NAV,3,1004,Canberra Deep Profile,1,1,1,MEO|GEO|HEO,NAV|RELAY|SCIENCE,717.972056,19981.796731,20382.414401
51,46826,GPS BIII-4  (PRN 14),MEO,NAV,4,1005,Goldstone Deep Profile,1,1,1,MEO|GEO|HEO,NAV|RELAY|SCIENCE,717.972056,19981.796731,20382.414401
51,46826,GPS BIII-4  (PRN 14),MEO,NAV,5,1006,Madrid Deep Profile,1,1,1,MEO|GEO|HEO,NAV|RELAY|SCIENCE,717.972056,19981.796731,20382.414401
51,46826,GPS BIII-4  (PRN 14),MEO,NAV,6,1007,Hawaii Navigation Profile,1,1,1,MEO,NAV,717.972056,19981.796731,20382.414401
51,46826,GPS BIII-4  (PRN 14),MEO,NAV,7,1008,Singapore Relay Profile,1,0,0,GEO,RELAY,717.972056,19981.796731,20382.414401
51,46826,GPS BIII-4  (PRN 14),MEO,NAV,8,1009,Cape Town EO Profile,0,0,0,LEO,EARTH_OBS|SCIENCE,717.972056,19981.796731,20382.414401
51,46826,GPS BIII-4  (PRN 14),MEO,NAV,9,1010,Santiago EO Profile,0,0,0,LEO,EARTH_OBS|SCIENCE,717.972056,19981.796731,20382.414401
51,46826,GPS BIII-4  (PRN 14),MEO,NAV,10,1011,McMurdo Polar Profile,0,0,0,LEO,EARTH_OBS|SCIENCE,717.972056,19981.796731,20382.414401
51,46826,GPS BIII-4  (PRN 14),MEO,NAV,11,1012,Tokyo Science Profile,1,1,1,LEO|MEO|HEO,NAV|SCIENCE|CREWED,717.972056,19981.796731,20382.414401
51,46826,GPS BIII-4  (PRN 14),MEO,NAV,12,1013,Tromso Polar Profile,0,0,0,LEO,EARTH_OBS|SCIENCE,717.972056,19981.796731,20382.414401
51,46826,GPS BIII-4  (PRN 14),MEO,NAV,13,1014,Equatorial Relay Profile,1,0,0,GEO,RELAY,717.972056,19981.796731,20382.414401
51,46826,GPS BIII-4  (PRN 14),MEO,NAV,14,1015,Alaska Mixed Profile,1,1,1,LEO|MEO,NAV|EARTH_OBS|SCIENCE|CREWED,717.972056,19981.796731,20382.414401
51,46826,GPS BIII-4  (PRN 14),MEO,NAV,15,1016,Kwajalein Mixed Profile,1,1,1,LEO|MEO|GEO,NAV|RELAY|EARTH_OBS|SCIENCE|CREWED,717.972056,19981.796731,20382.414401
52,48859,GPS BIII-5  (PRN 11),MEO,NAV,0,1001,NL Navigation Profile,1,1,1,MEO,NAV,717.969973,20108.884322,20255.224059
52,48859,GPS BIII-5  (PRN 11),MEO,NAV,1,1002,NL Science Profile,1,0,0,LEO|HEO,EARTH_OBS|SCIENCE|CREWED,717.969973,20108.884322,20255.224059
52,48859,GPS BIII-5  (PRN 11),MEO,NAV,2,1003,Svalbard Polar Profile,0,0,0,LEO,EARTH_OBS|SCIENCE,717.969973,20108.884322,20255.224059
52,48859,GPS BIII-5  (PRN 11),MEO,NAV,3,1004,Canberra Deep Profile,1,1,1,MEO|GEO|HEO,NAV|RELAY|SCIENCE,717.969973,20108.884322,20255.224059
52,48859,GPS BIII-5  (PRN 11),MEO,NAV,4,1005,Goldstone Deep Profile,1,1,1,MEO|GEO|HEO,NAV|RELAY|SCIENCE,717.969973,20108.884322,20255.224059
52,48859,GPS BIII-5  (PRN 11),MEO,NAV,5,1006,Madrid Deep Profile,1,1,1,MEO|GEO|HEO,NAV|RELAY|SCIENCE,717.969973,20108.884322,20255.224059
52,48859,GPS BIII-5  (PRN 11),MEO,NAV,6,1007,Hawaii Navigation Profile,1,1,1,MEO,NAV,717.969973,20108.884322,20255.224059
52,48859,GPS BIII-5  (PRN 11),MEO,NAV,7,1008,Singapore Relay Profile,1,0,0,GEO,RELAY,717.969973,20108.884322,20255.224059
52,48859,GPS BIII-5  (PRN 11),MEO,NAV,8,1009,Cape Town EO Profile,0,0,0,LEO,EARTH_OBS|SCIENCE,717.969973,20108.884322,20255.224059
52,48859,GPS BIII-5  (PRN 11),MEO,NAV,9,1010,Santiago EO Profile,0,0,0,LEO,EARTH_OBS|SCIENCE,717.969973,20108.884322,20255.224059
52,48859,GPS BIII-5  (PRN 11),MEO,NAV,10,1011,McMurdo Polar Profile,0,0,0,LEO,EARTH_OBS|SCIENCE,717.969973,20108.884322,20255.224059
52,48859,GPS BIII-5  (PRN 11),MEO,NAV,11,1012,Tokyo Science Profile,1,1,1,LEO|MEO|HEO,NAV|SCIENCE|CREWED,717.969973,20108.884322,20255.224059
52,48859,GPS BIII-5  (PRN 11),MEO,NAV,12,1013,Tromso Polar Profile,0,0,0,LEO,EARTH_OBS|SCIENCE,717.969973,20108.884322,20255.224059
52,48859,GPS BIII-5  (PRN 11),MEO,NAV,13,1014,Equatorial Relay Profile,1,0,0,GEO,RELAY,717.969973,20108.884322,20255.224059
52,48859,GPS BIII-5  (PRN 11),MEO,NAV,14,1015,Alaska Mixed Profile,1,1,1,LEO|MEO,NAV|EARTH_OBS|SCIENCE|CREWED,717.969973,20108.884322,20255.224059
52,48859,GPS BIII-5  (PRN 11),MEO,NAV,15,1016,Kwajalein Mixed Profile,1,1,1,LEO|MEO|GEO,NAV|RELAY|EARTH_OBS|SCIENCE|CREWED,717.969973,20108.884322,20255.224059
53,55268,GPS BIII-6  (PRN 28),MEO,NAV,0,1001,NL Navigation Profile,1,1,1,MEO,NAV,717.960842,20165.782815,20197.875219
53,55268,GPS BIII-6  (PRN 28),MEO,NAV,1,1002,NL Science Profile,1,0,0,LEO|HEO,EARTH_OBS|SCIENCE|CREWED,717.960842,20165.782815,20197.875219
53,55268,GPS BIII-6  (PRN 28),MEO,NAV,2,1003,Svalbard Polar Profile,0,0,0,LEO,EARTH_OBS|SCIENCE,717.960842,20165.782815,20197.875219
53,55268,GPS BIII-6  (PRN 28),MEO,NAV,3,1004,Canberra Deep Profile,1,1,1,MEO|GEO|HEO,NAV|RELAY|SCIENCE,717.960842,20165.782815,20197.875219
53,55268,GPS BIII-6  (PRN 28),MEO,NAV,4,1005,Goldstone Deep Profile,1,1,1,MEO|GEO|HEO,NAV|RELAY|SCIENCE,717.960842,20165.782815,20197.875219
53,55268,GPS BIII-6  (PRN 28),MEO,NAV,5,1006,Madrid Deep Profile,1,1,1,MEO|GEO|HEO,NAV|RELAY|SCIENCE,717.960842,20165.782815,20197.875219
53,55268,GPS BIII-6  (PRN 28),MEO,NAV,6,1007,Hawaii Navigation Profile,1,1,1,MEO,NAV,717.960842,20165.782815,20197.875219
53,55268,GPS BIII-6  (PRN 28),MEO,NAV,7,1008,Singapore Relay Profile,1,0,0,GEO,RELAY,717.960842,20165.782815,20197.875219
53,55268,GPS BIII-6  (PRN 28),MEO,NAV,8,1009,Cape Town EO Profile,0,0,0,LEO,EARTH_OBS|SCIENCE,717.960842,20165.782815,20197.875219
53,55268,GPS BIII-6  (PRN 28),MEO,NAV,9,1010,Santiago EO Profile,0,0,0,LEO,EARTH_OBS|SCIENCE,717.960842,20165.782815,20197.875219
53,55268,GPS BIII-6  (PRN 28),MEO,NAV,10,1011,McMurdo Polar Profile,0,0,0,LEO,EARTH_OBS|SCIENCE,717.960842,20165.782815,20197.875219
53,55268,GPS BIII-6  (PRN 28),MEO,NAV,11,1012,Tokyo Science Profile,1,1,1,LEO|MEO|HEO,NAV|SCIENCE|CREWED,717.960842,20165.782815,20197.875219
53,55268,GPS BIII-6  (PRN 28),MEO,NAV,12,1013,Tromso Polar Profile,0,0,0,LEO,EARTH_OBS|SCIENCE,717.960842,20165.782815,20197.875219
53,55268,GPS BIII-6  (PRN 28),MEO,NAV,13,1014,Equatorial Relay Profile,1,0,0,GEO,RELAY,717.960842,20165.782815,20197.875219
53,55268,GPS BIII-6  (PRN 28),MEO,NAV,14,1015,Alaska Mixed Profile,1,1,1,LEO|MEO,NAV|EARTH_OBS|SCIENCE|CREWED,717.960842,20165.782815,20197.875219
53,55268,GPS BIII-6  (PRN 28),MEO,NAV,15,1016,Kwajalein Mixed Profile,1,1,1,LEO|MEO|GEO,NAV|RELAY|EARTH_OBS|SCIENCE|CREWED,717.960842,20165.782815,20197.875219
54,62339,GPS BIII-7  (PRN 01),MEO,NAV,0,1001,NL Navigation Profile,1,1,1,MEO,NAV,717.943558,20132.450848,20230.354616
54,62339,GPS BIII-7  (PRN 01),MEO,NAV,1,1002,NL Science Profile,1,0,0,LEO|HEO,EARTH_OBS|SCIENCE|CREWED,717.943558,20132.450848,20230.354616
54,62339,GPS BIII-7  (PRN 01),MEO,NAV,2,1003,Svalbard Polar Profile,0,0,0,LEO,EARTH_OBS|SCIENCE,717.943558,20132.450848,20230.354616
54,62339,GPS BIII-7  (PRN 01),MEO,NAV,3,1004,Canberra Deep Profile,1,1,1,MEO|GEO|HEO,NAV|RELAY|SCIENCE,717.943558,20132.450848,20230.354616
54,62339,GPS BIII-7  (PRN 01),MEO,NAV,4,1005,Goldstone Deep Profile,1,1,1,MEO|GEO|HEO,NAV|RELAY|SCIENCE,717.943558,20132.450848,20230.354616
54,62339,GPS BIII-7  (PRN 01),MEO,NAV,5,1006,Madrid Deep Profile,1,1,1,MEO|GEO|HEO,NAV|RELAY|SCIENCE,717.943558,20132.450848,20230.354616
54,62339,GPS BIII-7  (PRN 01),MEO,NAV,6,1007,Hawaii Navigation Profile,1,1,1,MEO,NAV,717.943558,20132.450848,20230.354616
54,62339,GPS BIII-7  (PRN 01),MEO,NAV,7,1008,Singapore Relay Profile,1,0,0,GEO,RELAY,717.943558,20132.450848,20230.354616
54,62339,GPS BIII-7  (PRN 01),MEO,NAV,8,1009,Cape Town EO Profile,0,0,0,LEO,EARTH_OBS|SCIENCE,717.943558,20132.450848,20230.354616
54,62339,GPS BIII-7  (PRN 01),MEO,NAV,9,1010,Santiago EO Profile,0,0,0,LEO,EARTH_OBS|SCIENCE,717.943558,20132.450848,20230.354616
54,62339,GPS BIII-7  (PRN 01),MEO,NAV,10,1011,McMurdo Polar Profile,0,0,0,LEO,EARTH_OBS|SCIENCE,717.943558,20132.450848,20230.354616
54,62339,GPS BIII-7  (PRN 01),MEO,NAV,11,1012,Tokyo Science Profile,1,1,1,LEO|MEO|HEO,NAV|SCIENCE|CREWED,717.943558,20132.450848,20230.354616
54,62339,GPS BIII-7  (PRN 01),MEO,NAV,12,1013,Tromso Polar Profile,0,0,0,LEO,EARTH_OBS|SCIENCE,717.943558,20132.450848,20230.354616
54,62339,GPS BIII-7  (PRN 01),MEO,NAV,13,1014,Equatorial Relay Profile,1,0,0,GEO,RELAY,717.943558,20132.450848,20230.354616
54,62339,GPS BIII-7  (PRN 01),MEO,NAV,14,1015,Alaska Mixed Profile,1,1,1,LEO|MEO,NAV|EARTH_OBS|SCIENCE|CREWED,717.943558,20132.450848,20230.354616
54,62339,GPS BIII-7  (PRN 01),MEO,NAV,15,1016,Kwajalein Mixed Profile,1,1,1,LEO|MEO|GEO,NAV|RELAY|EARTH_OBS|SCIENCE|CREWED,717.943558,20132.450848,20230.354616
55,64202,GPS BIII-8  (PRN 21),MEO,NAV,0,1001,NL Navigation Profile,1,1,1,MEO,NAV,717.947264,20158.699330,20204.288934
55,64202,GPS BIII-8  (PRN 21),MEO,NAV,1,1002,NL Science Profile,1,0,0,LEO|HEO,EARTH_OBS|SCIENCE|CREWED,717.947264,20158.699330,20204.288934
55,64202,GPS BIII-8  (PRN 21),MEO,NAV,2,1003,Svalbard Polar Profile,0,0,0,LEO,EARTH_OBS|SCIENCE,717.947264,20158.699330,20204.288934
55,64202,GPS BIII-8  (PRN 21),MEO,NAV,3,1004,Canberra Deep Profile,1,1,1,MEO|GEO|HEO,NAV|RELAY|SCIENCE,717.947264,20158.699330,20204.288934
55,64202,GPS BIII-8  (PRN 21),MEO,NAV,4,1005,Goldstone Deep Profile,1,1,1,MEO|GEO|HEO,NAV|RELAY|SCIENCE,717.947264,20158.699330,20204.288934
55,64202,GPS BIII-8  (PRN 21),MEO,NAV,5,1006,Madrid Deep Profile,1,1,1,MEO|GEO|HEO,NAV|RELAY|SCIENCE,717.947264,20158.699330,20204.288934
55,64202,GPS BIII-8  (PRN 21),MEO,NAV,6,1007,Hawaii Navigation Profile,1,1,1,MEO,NAV,717.947264,20158.699330,20204.288934
55,64202,GPS BIII-8  (PRN 21),MEO,NAV,7,1008,Singapore Relay Profile,1,0,0,GEO,RELAY,717.947264,20158.699330,20204.288934
55,64202,GPS BIII-8  (PRN 21),MEO,NAV,8,1009,Cape Town EO Profile,0,0,0,LEO,EARTH_OBS|SCIENCE,717.947264,20158.699330,20204.288934
55,64202,GPS BIII-8  (PRN 21),MEO,NAV,9,1010,Santiago EO Profile,0,0,0,LEO,EARTH_OBS|SCIENCE,717.947264,20158.699330,20204.288934
55,64202,GPS BIII-8  (PRN 21),MEO,NAV,10,1011,McMurdo Polar Profile,0,0,0,LEO,EARTH_OBS|SCIENCE,717.947264,20158.699330,20204.288934
55,64202,GPS BIII-8  (PRN 21),MEO,NAV,11,1012,Tokyo Science Profile,1,1,1,LEO|MEO|HEO,NAV|SCIENCE|CREWED,717.947264,20158.699330,20204.288934
55,64202,GPS BIII-8  (PRN 21),MEO,NAV,12,1013,Tromso Polar Profile,0,0,0,LEO,EARTH_OBS|SCIENCE,717.947264,20158.699330,20204.288934
55,64202,GPS BIII-8  (PRN 21),MEO,NAV,13,1014,Equatorial Relay Profile,1,0,0,GEO,RELAY,717.947264,20158.699330,20204.288934
55,64202,GPS BIII-8  (PRN 21),MEO,NAV,14,1015,Alaska Mixed Profile,1,1,1,LEO|MEO,NAV|EARTH_OBS|SCIENCE|CREWED,717.947264,20158.699330,20204.288934
55,64202,GPS BIII-8  (PRN 21),MEO,NAV,15,1016,Kwajalein Mixed Profile,1,1,1,LEO|MEO|GEO,NAV|RELAY|EARTH_OBS|SCIENCE|CREWED,717.947264,20158.699330,20204.288934
56,67588,GPS BIII-9  (PRN 20),MEO,NAV,0,1001,NL Navigation Profile,1,1,1,MEO,NAV,717.954081,20126.161325,20237.163217
56,67588,GPS BIII-9  (PRN 20),MEO,NAV,1,1002,NL Science Profile,1,0,0,LEO|HEO,EARTH_OBS|SCIENCE|CREWED,717.954081,20126.161325,20237.163217
56,67588,GPS BIII-9  (PRN 20),MEO,NAV,2,1003,Svalbard Polar Profile,0,0,0,LEO,EARTH_OBS|SCIENCE,717.954081,20126.161325,20237.163217
56,67588,GPS BIII-9  (PRN 20),MEO,NAV,3,1004,Canberra Deep Profile,1,1,1,MEO|GEO|HEO,NAV|RELAY|SCIENCE,717.954081,20126.161325,20237.163217
56,67588,GPS BIII-9  (PRN 20),MEO,NAV,4,1005,Goldstone Deep Profile,1,1,1,MEO|GEO|HEO,NAV|RELAY|SCIENCE,717.954081,20126.161325,20237.163217
56,67588,GPS BIII-9  (PRN 20),MEO,NAV,5,1006,Madrid Deep Profile,1,1,1,MEO|GEO|HEO,NAV|RELAY|SCIENCE,717.954081,20126.161325,20237.163217
56,67588,GPS BIII-9  (PRN 20),MEO,NAV,6,1007,Hawaii Navigation Profile,1,1,1,MEO,NAV,717.954081,20126.161325,20237.163217
56,67588,GPS BIII-9  (PRN 20),MEO,NAV,7,1008,Singapore Relay Profile,1,0,0,GEO,RELAY,717.954081,20126.161325,20237.163217
56,67588,GPS BIII-9  (PRN 20),MEO,NAV,8,1009,Cape Town EO Profile,0,0,0,LEO,EARTH_OBS|SCIENCE,717.954081,20126.161325,20237.163217
56,67588,GPS BIII-9  (PRN 20),MEO,NAV,9,1010,Santiago EO Profile,0,0,0,LEO,EARTH_OBS|SCIENCE,717.954081,20126.161325,20237.163217
56,67588,GPS BIII-9  (PRN 20),MEO,NAV,10,1011,McMurdo Polar Profile,0,0,0,LEO,EARTH_OBS|SCIENCE,717.954081,20126.161325,20237.163217
56,67588,GPS BIII-9  (PRN 20),MEO,NAV,11,1012,Tokyo Science Profile,1,1,1,LEO|MEO|HEO,NAV|SCIENCE|CREWED,717.954081,20126.161325,20237.163217
56,67588,GPS BIII-9  (PRN 20),MEO,NAV,12,1013,Tromso Polar Profile,0,0,0,LEO,EARTH_OBS|SCIENCE,717.954081,20126.161325,20237.163217
56,67588,GPS BIII-9  (PRN 20),MEO,NAV,13,1014,Equatorial Relay Profile,1,0,0,GEO,RELAY,717.954081,20126.161325,20237.163217
56,67588,GPS BIII-9  (PRN 20),MEO,NAV,14,1015,Alaska Mixed Profile,1,1,1,LEO|MEO,NAV|EARTH_OBS|SCIENCE|CREWED,717.954081,20126.161325,20237.163217
56,67588,GPS BIII-9  (PRN 20),MEO,NAV,15,1016,Kwajalein Mixed Profile,1,1,1,LEO|MEO|GEO,NAV|RELAY|EARTH_OBS|SCIENCE|CREWED,717.954081,20126.161325,20237.163217
57,68791,GPS BIII-10 (PRN 13),MEO,NAV,0,1001,NL Navigation Profile,1,1,1,MEO,NAV,717.938288,20126.310742,20236.234819
57,68791,GPS BIII-10 (PRN 13),MEO,NAV,1,1002,NL Science Profile,1,0,0,LEO|HEO,EARTH_OBS|SCIENCE|CREWED,717.938288,20126.310742,20236.234819
57,68791,GPS BIII-10 (PRN 13),MEO,NAV,2,1003,Svalbard Polar Profile,0,0,0,LEO,EARTH_OBS|SCIENCE,717.938288,20126.310742,20236.234819
57,68791,GPS BIII-10 (PRN 13),MEO,NAV,3,1004,Canberra Deep Profile,1,1,1,MEO|GEO|HEO,NAV|RELAY|SCIENCE,717.938288,20126.310742,20236.234819
57,68791,GPS BIII-10 (PRN 13),MEO,NAV,4,1005,Goldstone Deep Profile,1,1,1,MEO|GEO|HEO,NAV|RELAY|SCIENCE,717.938288,20126.310742,20236.234819
57,68791,GPS BIII-10 (PRN 13),MEO,NAV,5,1006,Madrid Deep Profile,1,1,1,MEO|GEO|HEO,NAV|RELAY|SCIENCE,717.938288,20126.310742,20236.234819
57,68791,GPS BIII-10 (PRN 13),MEO,NAV,6,1007,Hawaii Navigation Profile,1,1,1,MEO,NAV,717.938288,20126.310742,20236.234819
57,68791,GPS BIII-10 (PRN 13),MEO,NAV,7,1008,Singapore Relay Profile,1,0,0,GEO,RELAY,717.938288,20126.310742,20236.234819
57,68791,GPS BIII-10 (PRN 13),MEO,NAV,8,1009,Cape Town EO Profile,0,0,0,LEO,EARTH_OBS|SCIENCE,717.938288,20126.310742,20236.234819
57,68791,GPS BIII-10 (PRN 13),MEO,NAV,9,1010,Santiago EO Profile,0,0,0,LEO,EARTH_OBS|SCIENCE,717.938288,20126.310742,20236.234819
57,68791,GPS BIII-10 (PRN 13),MEO,NAV,10,1011,McMurdo Polar Profile,0,0,0,LEO,EARTH_OBS|SCIENCE,717.938288,20126.310742,20236.234819
57,68791,GPS BIII-10 (PRN 13),MEO,NAV,11,1012,Tokyo Science Profile,1,1,1,LEO|MEO|HEO,NAV|SCIENCE|CREWED,717.938288,20126.310742,20236.234819
57,68791,GPS BIII-10 (PRN 13),MEO,NAV,12,1013,Tromso Polar Profile,0,0,0,LEO,EARTH_OBS|SCIENCE,717.938288,20126.310742,20236.234819
57,68791,GPS BIII-10 (PRN 13),MEO,NAV,13,1014,Equatorial Relay Profile,1,0,0,GEO,RELAY,717.938288,20126.310742,20236.234819
57,68791,GPS BIII-10 (PRN 13),MEO,NAV,14,1015,Alaska Mixed Profile,1,1,1,LEO|MEO,NAV|EARTH_OBS|SCIENCE|CREWED,717.938288,20126.310742,20236.234819
57,68791,GPS BIII-10 (PRN 13),MEO,NAV,15,1016,Kwajalein Mixed Profile,1,1,1,LEO|MEO|GEO,NAV|RELAY|EARTH_OBS|SCIENCE|CREWED,717.938288,20126.310742,20236.234819
