size_mib,pattern,compression,path,warps,requested_compression,effective_compression,allocation_bytes,table_bytes,groups,entries,bytes_per_code,threads,samples,base_addresses,repetitions,hot_glookups_s,hot_glookups_s_min,hot_glookups_s_max,hot_glookups_s_relative_range,cold_glookups_s,cold_glookups_s_min,cold_glookups_s_max,cold_glookups_s_relative_range,hot_net_cycles_per_lookup,cold_net_cycles_per_lookup,validation
36,uniform6_0,generic_compressible,global_cg,1104,1,1,37748736,37748736,3145728,50331648,0.75,35328,10,[8707375104],4,38.502665,19.74838,38.679851,0.49169248414363004,38.538208499999996,19.757353,38.685146,0.49114356210927673,2499.270508,2497.880371,True
36,uniform6_0,non_compressible,global_cg,1104,0,0,37748736,37748736,3145728,50331648,0.75,35328,10,[8669626368],4,38.490867,19.703977,38.50201,0.48837645044472494,31.367367,17.990357,32.983106,0.47797282443247463,2498.5078125,3079.6401365,True
36,uniform6_1,generic_compressible,global_cg,1104,1,1,37748736,37748736,3145728,50331648,0.75,35328,10,[8707375104],4,38.478421,38.430023,38.507256,0.0020071769577031154,31.3562805,29.83705,32.990808,0.10057819198294261,2496.689453,3079.6201175,True
36,uniform6_1,non_compressible,global_cg,1104,0,0,37748736,37748736,3145728,50331648,0.75,35328,10,[8669626368],4,38.384367,38.350498,38.492832,0.003708124195456921,31.3510245,29.836264,32.984069,0.1004051717671937,2496.460449,3079.4648435,True
36,uniform6_10,generic_compressible,global_cg,1104,1,1,37748736,37748736,3145728,50331648,0.75,35328,10,[8707375104],4,38.4339755,20.92891,38.507256,0.45736476050987745,31.360754,18.912205,32.98792,0.4488321613695896,2499.5200194999998,3080.65625,True
36,uniform6_10,non_compressible,global_cg,1104,0,0,37748736,37748736,3145728,50331648,0.75,35328,10,[8669626368],4,38.3576665,20.91381,38.492833,0.4582922947098462,31.352711,18.911257,32.98792,0.44897753817843705,2498.6499025000003,3079.2250974999997,True
36,uniform6_11,generic_compressible,global_cg,1104,1,1,37748736,37748736,3145728,50331648,0.75,35328,10,[8707375104],4,38.3420495,20.720994,38.511191,0.46398659518709334,31.3569275,18.751903,32.988883,0.4540298152617154,2499.3149409999996,3060.3012694999998,True
36,uniform6_11,non_compressible,global_cg,1104,0,0,37748736,37748736,3145728,50331648,0.75,35328,10,[8669626368],4,38.342695500000005,20.713022,38.504632,0.46401562978273136,31.3586995,18.754081,32.990807,0.4539960593710207,2498.8872069999998,3060.123047,True
36,uniform6_12,generic_compressible,global_cg,1104,1,1,37748736,37748736,3145728,50331648,0.75,35328,10,[8707375104],4,38.44246699999999,38.351799,38.538761,0.004863423567483357,31.358446999999998,29.834689,32.988883,0.10058514696215666,2497.2221680000002,3079.8930665,True
36,uniform6_12,non_compressible,global_cg,1104,0,0,37748736,37748736,3145728,50331648,0.75,35328,10,[8669626368],4,38.3518,38.337494,38.491521,0.004016160910309275,31.364889,29.834689,32.994659,0.10074864285347854,2496.7436525000003,3079.00293,True
36,uniform6_13,generic_compressible,global_cg,1104,1,1,37748736,37748736,3145728,50331648,0.75,35328,10,[8707375104],4,38.409893999999994,38.343995,38.574265,0.005995069916100194,31.377818,29.829179,32.994659,0.10088273187128559,2497.0341795,3076.5971680000002,True
36,uniform6_13,non_compressible,global_cg,1104,0,0,37748736,37748736,3145728,50331648,0.75,35328,10,[8669626368],4,38.3394435,38.330993,38.504632,0.004528991141981532,31.354143999999998,29.742067,32.985032,0.103430187728933,2496.5234375,3076.7836915,True
36,uniform6_14,generic_compressible,global_cg,1104,1,1,37748736,37748736,3145728,50331648,0.75,35328,10,[8707375104],4,38.3635185,21.361551,38.504632,0.4468589344848545,29.8374435,20.258333,32.973487,0.42614756857436525,2497.1464845,3230.2700194999998,True
36,uniform6_14,non_compressible,global_cg,1104,0,0,37748736,37748736,3145728,50331648,0.75,35328,10,[8669626368],4,38.348547499999995,21.319654,38.48235,0.4475448776775704,29.8386245,20.236212,32.981183,0.4271299771207618,2496.538086,3229.0688474999997,True
36,uniform6_15,generic_compressible,global_cg,1104,1,1,37748736,37748736,3145728,50331648,0.75,35328,10,[8707375104],4,38.3980445,21.365992,38.523001,0.4468198634438273,29.8354755,20.24056,32.985032,0.42715833370914424,2499.5947265,3230.0039065,True
36,uniform6_15,non_compressible,global_cg,1104,0,0,37748736,37748736,3145728,50331648,0.75,35328,10,[8669626368],4,38.334894500000004,21.322067,38.487591,0.4477780420133933,29.8374435,20.249623,33.001401,0.42737501957900653,2498.5625,3229.543945,True
36,uniform6_16,generic_compressible,global_cg,1104,1,1,37748736,37748736,3145728,50331648,0.75,35328,10,[8707375104],4,38.426820500000005,38.345296,38.505944,0.004180621709256478,31.376519000000002,29.834689,32.968678,0.09988325983516515,2496.729004,3058.6396485,True
36,uniform6_16,non_compressible,global_cg,1104,0,0,37748736,37748736,3145728,50331648,0.75,35328,10,[8669626368],4,38.358312,38.271302,38.492833,0.005775306275208326,31.3498435,29.831539,32.945619,0.09933319124862622,2496.0610349999997,3055.7104495000003,True
36,uniform6_17,generic_compressible,global_cg,1104,1,1,37748736,37748736,3145728,50331648,0.75,35328,10,[8707375104],4,38.388266,38.36091,38.48497,0.00323171669176201,31.360105,29.83705,32.984069,0.10035103517669972,2497.0654295,3078.1577145,True
36,uniform6_17,non_compressible,global_cg,1104,0,0,37748736,37748736,3145728,50331648,0.75,35328,10,[8669626368],4,38.3531005,38.342694,38.486281,0.0037438172697405936,31.364804,29.837837,32.977336,0.10009624163441291,2496.5141599999997,3076.8061525000003,True
36,uniform6_18,generic_compressible,global_cg,1104,1,1,37748736,37748736,3145728,50331648,0.75,35328,10,[8707375104],4,38.3817905,38.338794,38.494143,0.004047466206663836,31.3519795,29.837837,32.990808,0.10056688765058681,2496.2690430000002,3070.9838870000003,True
36,uniform6_18,non_compressible,global_cg,1104,0,0,37748736,37748736,3145728,50331648,0.75,35328,10,[8669626368],4,38.334894500000004,38.323197,38.48235,0.004151648310914129,31.360613999999998,29.829177,32.990808,0.10081534117922564,2495.666504,3070.333008,True
36,uniform6_19,generic_compressible,global_cg,1104,1,1,37748736,37748736,3145728,50331648,0.75,35328,10,[8707375104],4,38.393505000000005,38.324497,38.505944,0.004725981647156168,31.3567585,29.833114,32.989845,0.10067147087285837,2496.3642575,3070.2934569999998,True
36,uniform6_19,non_compressible,global_cg,1104,0,0,37748736,37748736,3145728,50331648,0.75,35328,10,[8669626368],4,38.342044,38.184692,38.495454,0.008104993046275884,31.353806499999997,29.759293,32.983106,0.10282046615296934,2496.305664,3069.0527345,True
36,uniform6_2,generic_compressible,global_cg,1104,1,1,37748736,37748736,3145728,50331648,0.75,35328,10,[8707375104],4,38.4777665,38.460094,38.584798,0.0032409365548803685,31.395089,29.836263,32.992733,0.10054024691568807,2497.0585935,3079.4038085,True
36,uniform6_2,non_compressible,global_cg,1104,0,0,37748736,37748736,3145728,50331648,0.75,35328,10,[8669626368],4,38.3622125,38.349198,38.50201,0.003983399028405812,31.3515015,29.83705,32.998511,0.10083922136871176,2496.2749025000003,3078.8417965,True
36,uniform6_20,generic_compressible,global_cg,1104,1,1,37748736,37748736,3145728,50331648,0.75,35328,10,[8707375104],4,38.3798175,38.121598,38.50332,0.009945904510880059,31.3380385,29.284426,32.997547,0.11848606925414293,2495.4516599999997,3049.31543,True
36,uniform6_20,non_compressible,global_cg,1104,0,0,37748736,37748736,3145728,50331648,0.75,35328,10,[8669626368],4,38.336844,38.323197,38.492833,0.004424881714311095,31.316004,29.739721,32.979258,0.10344669134669934,2495.1030275000003,3046.338867,True
36,uniform6_21,generic_compressible,global_cg,1104,1,1,37748736,37748736,3145728,50331648,0.75,35328,10,[8707375104],4,38.5059445,38.490212,38.656043,0.004306633745862205,36.419318000000004,35.810322,37.007202,0.03286387735212395,2497.9692385,2646.2050785,True
36,uniform6_21,non_compressible,global_cg,1104,0,0,37748736,37748736,3145728,50331648,0.75,35328,10,[8669626368],4,38.421595499999995,38.368721,38.50201,0.003469116736705996,31.3615405,29.837837,32.996586,0.10072046684058776,2496.638672,3077.004883,True
36,uniform6_22,generic_compressible,global_cg,1104,1,1,37748736,37748736,3145728,50331648,0.75,35328,10,[8707375104],4,38.345959,21.294756,38.411742,0.44638304651606175,29.837837,20.213056,32.882373,0.42460574471266127,2496.240723,3207.243164,True
36,uniform6_22,non_compressible,global_cg,1104,0,0,37748736,37748736,3145728,50331648,0.75,35328,10,[8669626368],4,38.3024735,21.28834,38.362211,0.44576418804910867,29.8036365,20.205108,32.871857,0.4250068276064231,2495.5449215,3197.5942379999997,True
36,uniform6_23,generic_compressible,global_cg,1104,1,1,37748736,37748736,3145728,50331648,0.75,35328,10,[8707375104],4,38.4581465,38.343995,38.500698,0.004074637346342218,31.3519795,29.830752,32.982144,0.10051652400448903,2496.7250974999997,3073.5795900000003,True
36,uniform6_23,non_compressible,global_cg,1104,0,0,37748736,37748736,3145728,50331648,0.75,35328,10,[8669626368],4,38.347246999999996,38.345296,38.492832,0.003847368756354331,31.352457,29.836263,32.992735,0.10067702189975108,2496.5029295,3071.375977,True
36,uniform6_24,generic_compressible,global_cg,1104,1,1,37748736,37748736,3145728,50331648,0.75,35328,10,[8707375104],4,38.381769500000004,21.365992,38.486281,0.44605262401984874,29.8374435,20.227885,32.996586,0.4279421928356563,2496.8188474999997,3217.1352534999996,True
36,uniform6_24,non_compressible,global_cg,1104,0,0,37748736,37748736,3145728,50331648,0.75,35328,10,[8669626368],4,38.343346,21.359129,38.498076,0.4469862124187075,29.8362625,20.227522,32.975411,0.42726159149457815,2495.96875,3224.544922,True
36,uniform6_25,generic_compressible,global_cg,1104,1,1,37748736,37748736,3145728,50331648,0.75,35328,10,[8707375104],4,38.424225500000006,19.704664,38.482351,0.4886939620943042,31.3669425,17.983488,32.988881,0.4783823925459103,2498.1596680000002,3079.0703125,True
36,uniform6_25,non_compressible,global_cg,1104,0,0,37748736,37748736,3145728,50331648,0.75,35328,10,[8669626368],4,38.342045,19.698827,38.48366,0.48992778032574946,31.3555785,17.986921,32.976372,0.47804734331404536,2497.083496,3077.5424805000002,True
36,uniform6_26,generic_compressible,global_cg,1104,1,1,37748736,37748736,3145728,50331648,0.75,35328,10,[8707375104],4,38.3778645,19.67346,38.48497,0.4901656265944656,31.374464,17.9535,32.979258,0.47891680316833474,2497.689453,3077.010742,True
36,uniform6_26,non_compressible,global_cg,1104,0,0,37748736,37748736,3145728,50331648,0.75,35328,10,[8669626368],4,38.424802,19.651572,38.495454,0.49040934550554094,31.3515285,17.95065,32.985994,0.4795729177925088,2496.554687,3077.6118165,True
36,uniform6_27,generic_compressible,global_cg,1104,1,1,37748736,37748736,3145728,50331648,0.75,35328,10,[8707375104],4,38.362217,38.329695,38.498077,0.004389266657868108,31.3811735,29.835475,32.984069,0.1003338514412152,2497.082031,3076.6308595,True
36,uniform6_27,non_compressible,global_cg,1104,0,0,37748736,37748736,3145728,50331648,0.75,35328,10,[8669626368],4,38.346596500000004,38.341394,38.492832,0.003949190119128273,31.3567585,29.835475,32.990808,0.10062688718287008,2496.4619145,3077.3457035,True
36,uniform6_28,generic_compressible,global_cg,1104,1,1,37748736,37748736,3145728,50331648,0.75,35328,10,[8707375104],4,38.339444,38.336194,38.491522,0.004051388955979757,31.352457,29.836263,32.976374,0.1001551808204378,2495.5654295,3061.7392575,True
36,uniform6_28,non_compressible,global_cg,1104,0,0,37748736,37748736,3145728,50331648,0.75,35328,10,[8669626368],4,38.346596500000004,38.338794,38.486281,0.003846156203197802,31.3466945,29.792231,32.974449,0.10151686009508909,2495.4609375,3059.8964845,True
36,uniform6_29,generic_compressible,global_cg,1104,1,1,37748736,37748736,3145728,50331648,0.75,35328,10,[8707375104],4,38.385019,38.357004,38.48366,0.0032996206150112104,31.359068999999998,29.793801,32.970602,0.10130405976019254,2495.544922,3068.9804685,True
36,uniform6_29,non_compressible,global_cg,1104,0,0,37748736,37748736,3145728,50331648,0.75,35328,10,[8669626368],4,38.3550525,38.350498,38.494143,0.0037451389227012364,31.3671965,29.837837,32.978296,0.1001192121202161,2496.123047,3071.4204099999997,True
36,uniform6_3,generic_compressible,global_cg,1104,1,1,37748736,37748736,3145728,50331648,0.75,35328,10,[8707375104],4,38.3785265,19.688193,38.537447,0.49114063824206494,31.360923,17.98778,33.026467,0.4795358542221476,2499.3237305000002,3080.1948245000003,True
36,uniform6_3,non_compressible,global_cg,1104,0,0,37748736,37748736,3145728,50331648,0.75,35328,10,[8669626368],4,38.344646499999996,19.669352,38.512502,0.49141540527697913,31.3549315,17.986921,32.988883,0.4784562198772465,2498.3745115,3080.060547,True
36,uniform6_30,generic_compressible,global_cg,1104,1,1,37748736,37748736,3145728,50331648,0.75,35328,10,[8707375104],4,38.3830935,19.737691,38.424799,0.4868577880519192,31.364804,18.021617,32.896726,0.4742611814185098,2503.1811525000003,3084.099121,True
36,uniform6_30,non_compressible,global_cg,1104,0,0,37748736,37748736,3145728,50331648,0.75,35328,10,[8669626368],4,38.334246,19.716005,38.350499,0.4861056612408654,31.3615405,17.99093,32.905344,0.47556381995967323,2502.569824,3085.137695,True
36,uniform6_31,generic_compressible,global_cg,1104,1,1,37748736,37748736,3145728,50331648,0.75,35328,10,[8707375104],4,29.8531545,19.700887,38.357004,0.624929502843661,25.0337655,17.988066,32.88046,0.5948922865798995,3523.3232420000004,4008.6103515,True
36,uniform6_31,non_compressible,global_cg,1104,0,0,37748736,37748736,3145728,50331648,0.75,35328,10,[8669626368],4,29.822618,19.661484,38.351799,0.626716105205787,25.0348685,17.956637,32.870901,0.5957396580693045,3518.7797855,4005.269531,True
36,uniform6_32,generic_compressible,global_cg,1104,1,1,37748736,37748736,3145728,50331648,0.75,35328,10,[8707375104],4,29.020173999999997,19.686821,38.488902,0.6478969078545155,25.4355595,17.952645,32.98792,0.5911124148851533,3398.530762,3846.4614255,True
36,uniform6_32,non_compressible,global_cg,1104,0,0,37748736,37748736,3145728,50331648,0.75,35328,10,[8669626368],4,29.009549,19.670036,38.47973,0.6483966365695656,25.4307735,17.968053,32.984069,0.5904663497553465,3398.36084,3845.1611329999996,True
36,uniform6_33,generic_compressible,global_cg,1104,1,1,37748736,37748736,3145728,50331648,0.75,35328,10,[8707375104],4,38.3518,38.332293,38.486281,0.004015144008886108,31.356365000000004,29.833901,32.994659,0.10080116110397354,2497.8867185,3078.3295900000003,True
36,uniform6_33,non_compressible,global_cg,1104,0,0,37748736,37748736,3145728,50331648,0.75,35328,10,[8669626368],4,38.344646499999996,38.328395,38.48497,0.004083360111299933,31.361794500000002,29.736592,32.94754,0.10238406478940465,2496.6865235,3077.739258,True
36,uniform6_34,generic_compressible,global_cg,1104,1,1,37748736,37748736,3145728,50331648,0.75,35328,10,[8707375104],4,38.391542,38.347898,38.496765,0.0038775988732102176,29.847293999999998,29.830752,29.886745,0.0018759824592474229,2497.026367,3228.6601565,True
36,uniform6_34,non_compressible,global_cg,1104,0,0,37748736,37748736,3145728,50331648,0.75,35328,10,[8669626368],4,38.4066175,38.340093,38.496765,0.004079297011771483,29.8441415,29.829964,29.884374,0.0018231383871437795,2495.9018555000002,3226.9814455,True
36,uniform6_35,generic_compressible,global_cg,1104,1,1,37748736,37748736,3145728,50331648,0.75,35328,10,[8707375104],4,38.4099175,38.325795,38.494143,0.004382930528293942,29.8417765,29.834689,29.91205,0.002592372474875944,2495.6108400000003,3224.0161129999997,True
36,uniform6_35,non_compressible,global_cg,1104,0,0,37748736,37748736,3145728,50331648,0.75,35328,10,[8669626368],4,38.351156,38.332293,38.495454,0.004254395877923532,29.816603,29.789876,29.946122,0.005240234777918847,2495.2924805000002,3213.9838865,True
36,uniform6_36,generic_compressible,global_cg,1104,1,1,37748736,37748736,3145728,50331648,0.75,35328,10,[8707375104],4,38.4151065,38.349198,38.481039,0.003432009227932283,29.8461115,29.836263,29.882005,0.0015325949579730216,2496.2612305000002,3229.345703,True
36,uniform6_36,non_compressible,global_cg,1104,0,0,37748736,37748736,3145728,50331648,0.75,35328,10,[8669626368],4,38.3759055,38.329695,38.491522,0.004216890725874921,29.842173,29.833114,29.855962,0.0007656278917759545,2495.7495115,3228.8608400000003,True
36,uniform6_37,generic_compressible,global_cg,1104,1,1,37748736,37748736,3145728,50331648,0.75,35328,10,[8707375104],4,38.410572,38.337494,38.487591,0.003907700202954602,29.850842999999998,29.83705,29.885164,0.0016118137769173962,2496.4086915,3229.2827145,True
36,uniform6_37,non_compressible,global_cg,1104,0,0,37748736,37748736,3145728,50331648,0.75,35328,10,[8669626368],4,38.364814499999994,38.351799,38.47842,0.0033004460376056324,29.8468995,29.789876,29.869373,0.00266349273565249,2496.2207035,3228.433105,True
36,uniform6_38,generic_compressible,global_cg,1104,1,1,37748736,37748736,3145728,50331648,0.75,35328,10,[8707375104],4,38.42284,38.407827,38.523002,0.002997566031037807,29.8449285,29.834689,29.87095,0.0012149802938881107,2497.2954099999997,3229.9277345,True
36,uniform6_38,non_compressible,global_cg,1104,0,0,37748736,37748736,3145728,50331648,0.75,35328,10,[8669626368],4,38.342697,38.328395,38.486281,0.004117759374099264,29.849265,29.837837,29.885166,0.0015856001814450469,2496.7460935,3229.620117,True
36,uniform6_39,generic_compressible,global_cg,1104,1,1,37748736,37748736,3145728,50331648,0.75,35328,10,[8707375104],4,38.4529195,38.347897,38.499387,0.003939622841901393,29.8437465,29.837837,29.934226,0.0032297888604568632,2497.554199,3230.520996,True
36,uniform6_39,non_compressible,global_cg,1104,0,0,37748736,37748736,3145728,50331648,0.75,35328,10,[8669626368],4,38.3498485,38.342694,38.504632,0.004222650318944526,29.844534,29.837837,29.907301,0.0023275283842595757,2496.324219,3229.9799805000002,True
36,uniform6_4,generic_compressible,global_cg,1104,1,1,37748736,37748736,3145728,50331648,0.75,35328,10,[8707375104],4,29.918627,19.701574,38.595336,0.6315049818295473,25.035576,17.98778,33.008146,0.599960871681163,3518.5498045000004,4002.557617,True
36,uniform6_4,non_compressible,global_cg,1104,0,0,37748736,37748736,3145728,50331648,0.75,35328,10,[8669626368],4,29.868860499999997,19.687164,38.513814,0.6303102858577416,25.048448,17.98778,32.988883,0.5988835316263906,3519.969238,4003.1499025000003,True
36,uniform6_40,generic_compressible,global_cg,1104,1,1,37748736,37748736,3145728,50331648,0.75,35328,10,[8707375104],4,38.452253999999996,38.370024,38.511191,0.0036712282198072405,29.8374435,29.823669,29.950087,0.004236891139819034,2495.982422,3228.699219,True
36,uniform6_40,non_compressible,global_cg,1104,0,0,37748736,37748736,3145728,50331648,0.75,35328,10,[8669626368],4,38.4125045,38.341394,38.48759,0.00380594813858066,29.840595,29.833114,29.889116,0.001876705206447894,2496.046875,3229.1621095,True
36,uniform6_41,generic_compressible,global_cg,1104,1,1,37748736,37748736,3145728,50331648,0.75,35328,10,[8707375104],4,38.475147,38.341394,38.490212,0.003867899452080029,29.843353,29.833901,29.87095,0.0012414489752542103,2496.972656,3229.4951175,True
36,uniform6_41,non_compressible,global_cg,1104,0,0,37748736,37748736,3145728,50331648,0.75,35328,10,[8669626368],4,38.35831,38.337494,38.487591,0.0039130243225001925,29.846111,29.831539,29.923926,0.0030954451653685206,2496.9765625,3228.663574,True
36,uniform6_42,generic_compressible,global_cg,1104,1,1,37748736,37748736,3145728,50331648,0.75,35328,10,[8707375104],4,38.513816,19.720476,38.646793,0.4914163011008829,35.8921815,19.242158,35.902437,0.46417571470265745,2497.9038085,2684.569824,True
36,uniform6_42,non_compressible,global_cg,1104,0,0,37748736,37748736,3145728,50331648,0.75,35328,10,[8669626368],4,38.385681500000004,19.69917,38.507256,0.4899766075535222,29.8354755,17.98778,29.933434,0.40038423386280525,2495.9404295,3229.4038085,True
36,uniform6_43,generic_compressible,global_cg,1104,1,1,37748736,37748736,3145728,50331648,0.75,35328,10,[8707375104],4,29.0200305,19.661484,38.515127,0.6496768843850801,23.9118425,17.969482,29.931057,0.5002364414201875,3712.9770504999997,4311.3671875,True
36,uniform6_43,non_compressible,global_cg,1104,0,0,37748736,37748736,3145728,50331648,0.75,35328,10,[8669626368],4,29.003086,19.652938,38.513814,0.6503058329723949,23.8949215,17.950934,29.938983,0.5016986140757985,3711.9462890000004,4311.409668,True
36,uniform6_44,generic_compressible,global_cg,1104,1,1,37748736,37748736,3145728,50331648,0.75,35328,10,[8707375104],4,38.381125,19.663194,38.588749,0.4930953691430358,29.8374435,17.986921,29.936605,0.4004928907531908,2497.1884765,3227.4990235,True
36,uniform6_44,non_compressible,global_cg,1104,0,0,37748736,37748736,3145728,50331648,0.75,35328,10,[8669626368],4,38.342695500000005,19.66251,38.487591,0.49096915995381696,29.8303595,17.98406,29.851232,0.3978219571909618,2496.573242,3228.9428715000004,True
36,uniform6_45,generic_compressible,global_cg,1104,1,1,37748736,37748736,3145728,50331648,0.75,35328,10,[8707375104],4,38.414460500000004,19.66901,38.494143,0.49005329646631374,29.838625,17.969767,29.859116,0.39845498912902316,2496.431641,3230.9975585,True
36,uniform6_45,non_compressible,global_cg,1104,0,0,37748736,37748736,3145728,50331648,0.75,35328,10,[8669626368],4,38.349849000000006,19.66422,38.490212,0.4909013331447536,29.8382305,17.986349,29.926303,0.4001562358062754,2496.989258,3230.3969724999997,True
36,uniform6_46,generic_compressible,global_cg,1104,1,1,37748736,37748736,3145728,50331648,0.75,35328,10,[8707375104],4,38.3433455,38.332295,38.508568,0.004597225351658342,29.8358705,29.7993,29.837837,0.00129163317021374,2494.1748045,3210.0092775000003,True
36,uniform6_46,non_compressible,global_cg,1104,0,0,37748736,37748736,3145728,50331648,0.75,35328,10,[8669626368],4,38.343345,38.337494,38.504632,0.004358983286408667,29.8342935,29.797729,29.931057,0.004468951141745615,2494.0043944999998,3221.2651370000003,True
36,uniform6_47,generic_compressible,global_cg,1104,1,1,37748736,37748736,3145728,50331648,0.75,35328,10,[8707375104],4,38.475801000000004,19.718411,38.507256,0.4883288849529084,29.835082,18.007837,29.892276,0.3983377354216757,2497.0322265,3229.3637694999998,True
36,uniform6_47,non_compressible,global_cg,1104,0,0,37748736,37748736,3145728,50331648,0.75,35328,10,[8669626368],4,38.353106499999996,19.713254,38.500698,0.4898545571530171,29.834688,18.007837,29.885164,0.39810461567421124,2496.2890625,3229.6816405,True
36,uniform6_48,generic_compressible,global_cg,1104,1,1,37748736,37748736,3145728,50331648,0.75,35328,10,[8707375104],4,19.7241125,19.695738,38.508567,0.9537985042419526,18.0065605,17.985491,29.837837,0.6582237623892693,4910.827637,5372.5927735000005,True
36,uniform6_48,non_compressible,global_cg,1104,0,0,37748736,37748736,3145728,50331648,0.75,35328,10,[8669626368],4,19.721165499999998,19.675856,38.488901,0.9539519862555791,18.0059915,17.952359,29.845714,0.6605220823302066,4908.6708985000005,5372.7924805,True
36,uniform6_49,generic_compressible,global_cg,1104,1,1,37748736,37748736,3145728,50331648,0.75,35328,10,[8707375104],4,19.6868305,19.536783,38.358306,0.956046378313665,17.966639999999998,17.861876,29.83705,0.6665227332433891,4618.8774410000005,5085.4970705,True
36,uniform6_49,non_compressible,global_cg,1104,0,0,37748736,37748736,3145728,50331648,0.75,35328,10,[8669626368],4,19.658406999999997,19.530034,38.355703,0.9576395991801371,17.9686385,17.848339,29.837837,0.6672457682311322,4616.5527345,5080.020995999999,True
36,uniform6_5,generic_compressible,global_cg,1104,1,1,37748736,37748736,3145728,50331648,0.75,35328,10,[8707375104],4,38.4255215,38.349198,38.533506,0.004796499638918406,31.349308,29.82839,33.00429,0.10130686138271373,2497.107422,3065.1967775000003,True
36,uniform6_5,non_compressible,global_cg,1104,0,0,37748736,37748736,3145728,50331648,0.75,35328,10,[8669626368],4,38.349848,38.336194,38.498076,0.004221190133530608,31.354874000000002,29.833112,32.984069,0.10049337146116416,2496.6245115,3066.4160155,True
36,uniform6_50,generic_compressible,global_cg,1104,1,1,37748736,37748736,3145728,50331648,0.75,35328,10,[8707375104],4,38.3258005,19.417657,38.367419,0.494438778910828,29.808343999999998,17.770624,29.833114,0.404668236517936,2495.5297849999997,3197.279297,True
36,uniform6_50,non_compressible,global_cg,1104,0,0,37748736,37748736,3145728,50331648,0.75,35328,10,[8669626368],4,38.326446000000004,19.397,38.338794,0.4942225532730063,29.832326000000002,17.773418,29.836264,0.4043548598925876,2494.2421875,3196.2231444999998,True
36,uniform6_51,generic_compressible,global_cg,1104,1,1,37748736,37748736,3145728,50331648,0.75,35328,10,[8707375104],4,38.354402500000006,38.351801,38.494143,0.0037112297603905907,29.8350815,29.785951,29.869373,0.0027961043109601953,2496.1284180000002,3226.9960935,True
36,uniform6_51,non_compressible,global_cg,1104,0,0,37748736,37748736,3145728,50331648,0.75,35328,10,[8669626368],4,38.3583175,38.337493,38.47973,0.0037081136314177886,29.837049999999998,29.835475,29.837837,7.916332211131897e-05,2496.362305,3225.9262694999998,True
36,uniform6_52,generic_compressible,global_cg,1104,1,1,37748736,37748736,3145728,50331648,0.75,35328,10,[8707375104],4,38.342695,38.333593,38.498076,0.004289813222570741,29.8405955,29.77732,29.898601,0.004064295566755688,2496.508789,3222.727539,True
36,uniform6_52,non_compressible,global_cg,1104,0,0,37748736,37748736,3145728,50331648,0.75,35328,10,[8669626368],4,38.383721,38.318002,38.500698,0.004759726134941424,29.83705,29.83705,29.839412,7.91633221111999e-05,2495.923828,3225.126953,True
36,uniform6_53,generic_compressible,global_cg,1104,1,1,37748736,37748736,3145728,50331648,0.75,35328,10,[8707375104],4,38.3720065,19.748379,38.491522,0.4884587674611179,29.836657000000002,18.022766,29.931057,0.3991161275205864,2497.0034180000002,3230.476074,True
36,uniform6_53,non_compressible,global_cg,1104,0,0,37748736,37748736,3145728,50331648,0.75,35328,10,[8669626368],4,38.3732965,19.734246,38.492832,0.4888447881979595,29.8370505,18.02449,29.885954,0.39754143929206415,2496.8344724999997,3229.807617,True
36,uniform6_54,generic_compressible,global_cg,1104,1,1,37748736,37748736,3145728,50331648,0.75,35328,10,[8707375104],4,38.4118725,19.728735,38.524314,0.4893169162737379,29.835869000000002,17.990356,29.937396,0.400425407418165,2497.458496,3231.3989254999997,True
36,uniform6_54,non_compressible,global_cg,1104,0,0,37748736,37748736,3145728,50331648,0.75,35328,10,[8669626368],4,38.340095000000005,19.699171,38.475801,0.48973874477880125,29.815424999999998,18.022765,29.937396,0.3996129855603266,2496.5830075,3230.112305,True
36,uniform6_55,generic_compressible,global_cg,1104,1,1,37748736,37748736,3145728,50331648,0.75,35328,10,[8707375104],4,38.381778499999996,19.701918,38.517751,0.4902282732937975,29.834688,17.986349,29.851231,0.39768748377727287,2496.4316405,3230.4472655,True
36,uniform6_55,non_compressible,global_cg,1104,0,0,37748736,37748736,3145728,50331648,0.75,35328,10,[8669626368],4,38.347896500000004,19.671747,38.490212,0.49073004564930955,29.836263000000002,17.98778,29.891486,0.3989677259514705,2496.546875,3229.619141,True
36,uniform6_56,generic_compressible,global_cg,1104,1,1,37748736,37748736,3145728,50331648,0.75,35328,10,[8707375104],4,38.3420455,19.745275,38.508567,0.48936596249148995,29.8087535,18.022765,29.868583,0.39739394000490497,2493.5771485,3212.4262694999998,True
36,uniform6_56,non_compressible,global_cg,1104,0,0,37748736,37748736,3145728,50331648,0.75,35328,10,[8669626368],4,38.332293,19.714285,38.500698,0.4900936398456518,29.827607,18.021042,29.926302,0.39913560615171034,2493.0507815,3210.6445315,True
36,uniform6_57,generic_compressible,global_cg,1104,1,1,37748736,37748736,3145728,50331648,0.75,35328,10,[8707375104],4,38.338803,19.69025,38.494143,0.49046635597882393,29.811894000000002,17.9535,29.876477,0.39994027216117173,2496.1274415,3230.7885745000003,True
36,uniform6_57,non_compressible,global_cg,1104,0,0,37748736,37748736,3145728,50331648,0.75,35328,10,[8669626368],4,38.342695500000005,19.661484,38.478422,0.4907567857351082,29.8342945,17.96691,29.932642,0.4010730671040337,2495.8051754999997,3230.1640625,True
36,uniform6_58,generic_compressible,global_cg,1104,1,1,37748736,37748736,3145728,50331648,0.75,35328,10,[8707375104],4,38.3908895,37.363123,38.486281,0.02925584727595323,29.837443999999998,29.288979,29.932642,0.021572323688315933,2496.645508,3229.6020504999997,True
36,uniform6_58,non_compressible,global_cg,1104,0,0,37748736,37748736,3145728,50331648,0.75,35328,10,[8669626368],4,38.389611,38.325795,38.486281,0.004180453925412237,29.836657000000002,29.834689,29.893066,0.0019565529744166752,2496.4921875,3229.2983395,True
36,uniform6_59,generic_compressible,global_cg,1104,1,1,37748736,37748736,3145728,50331648,0.75,35328,10,[8707375104],4,38.355703500000004,38.346596,38.498077,0.003949373526677824,29.834689,29.829964,29.842564,0.0004223271776018532,2494.8500974999997,3223.604492,True
36,uniform6_59,non_compressible,global_cg,1104,0,0,37748736,37748736,3145728,50331648,0.75,35328,10,[8669626368],4,38.347249000000005,38.337494,38.488902,0.003948340596740161,29.830359,29.813445,29.855173,0.0013988433729543483,2494.151367,3223.0268555000002,True
36,uniform6_6,generic_compressible,global_cg,1104,1,1,37748736,37748736,3145728,50331648,0.75,35328,10,[8707375104],4,38.4686005,38.332295,38.526939,0.0050598149521970965,31.3668035,29.837837,32.992735,0.10058079395944834,2496.7368165,3071.15625,True
36,uniform6_6,non_compressible,global_cg,1104,0,0,37748736,37748736,3145728,50331648,0.75,35328,10,[8669626368],4,38.3739525,38.330995,38.504632,0.004524866183643694,31.353019500000002,29.836264,32.990807,0.10061369049319147,2496.488281,3076.086914,True
36,uniform6_60,generic_compressible,global_cg,1104,1,1,37748736,37748736,3145728,50331648,0.75,35328,10,[8707375104],4,38.346597,38.340093,38.503322,0.00425667497952932,29.833507,29.825243,29.838624,0.0004485225287123963,2495.9350590000004,3225.0410155,True
36,uniform6_60,non_compressible,global_cg,1104,0,0,37748736,37748736,3145728,50331648,0.75,35328,10,[8669626368],4,38.335544,38.325795,38.47973,0.00401546408210626,29.8378375,29.834687,29.882005,0.0015858387860715657,2495.6137694999998,3224.0825194999998,True
36,uniform6_61,generic_compressible,global_cg,1104,1,1,37748736,37748736,3145728,50331648,0.75,35328,10,[8707375104],4,38.384368499999994,20.735436,38.488901,0.4625180950938401,29.8331145,18.753148,29.890697,0.37332840324130423,2497.1215819999998,3230.2744145,True
36,uniform6_61,non_compressible,global_cg,1104,0,0,37748736,37748736,3145728,50331648,0.75,35328,10,[8669626368],4,38.3491985,20.719095,38.498077,0.46360765532035836,29.8374435,18.757815,29.840988,0.37145183031515416,2496.3813474999997,3229.125,True
36,uniform6_62,generic_compressible,global_cg,1104,1,1,37748736,37748736,3145728,50331648,0.75,35328,10,[8707375104],4,38.357656,20.705813,38.500698,0.4639200320269831,29.832720000000002,18.714962,29.93185,0.375992802533594,2496.414063,3230.2705075,True
36,uniform6_62,non_compressible,global_cg,1104,0,0,37748736,37748736,3145728,50331648,0.75,35328,10,[8669626368],4,38.339445,20.672872,38.495454,0.4648628064386431,29.8390185,18.714343,29.934228,0.3760138759255771,2497.361328,3231.492676,True
36,uniform6_63,generic_compressible,global_cg,1104,1,1,37748736,37748736,3145728,50331648,0.75,35328,10,[8707375104],4,38.512504,38.491522,38.663976,0.004477870356079542,38.476561000000004,38.390871,38.565054,0.004526989821153881,2496.890625,2496.333008,True
36,uniform6_63,non_compressible,global_cg,1104,0,0,37748736,37748736,3145728,50331648,0.75,35328,10,[8669626368],4,38.478421,38.345295,38.507256,0.0042091384155290065,29.837837,29.83705,29.938189,0.003389622377788305,2496.65332,3229.2919925,True
36,uniform6_7,generic_compressible,global_cg,1104,1,1,37748736,37748736,3145728,50331648,0.75,35328,10,[8707375104],4,38.431331,38.342694,38.504632,0.0042136974126657034,31.356505499999997,29.837837,33.03805,0.10205898103026813,2497.4804685,3079.757812,True
36,uniform6_7,non_compressible,global_cg,1104,0,0,37748736,37748736,3145728,50331648,0.75,35328,10,[8669626368],4,38.3478975,38.346597,38.488902,0.0037108944499499702,31.360021500000002,29.834689,32.981183,0.10033456131399655,2497.086914,3080.0229495000003,True
36,uniform6_8,generic_compressible,global_cg,1104,1,1,37748736,37748736,3145728,50331648,0.75,35328,10,[8707375104],4,38.417666999999994,21.311215,38.488902,0.44712988427954264,29.839019,20.219201,32.890027,0.4246394963587778,2497.4692385,3225.306152,True
36,uniform6_8,non_compressible,global_cg,1104,0,0,37748736,37748736,3145728,50331648,0.75,35328,10,[8669626368],4,38.349199999999996,21.308402,38.409133,0.4459214533810353,29.837837,20.21884,32.892898,0.42476463692726796,2496.6166995000003,3217.4711915,True
36,uniform6_9,generic_compressible,global_cg,1104,1,1,37748736,37748736,3145728,50331648,0.75,35328,10,[8707375104],4,38.464674,38.347897,38.499387,0.003938418924335494,31.3668035,29.833114,32.983108,0.10042445032691977,2497.1030275000003,3082.993164,True
36,uniform6_9,non_compressible,global_cg,1104,0,0,37748736,37748736,3145728,50331648,0.75,35328,10,[8669626368],4,38.3504985,38.334894,38.477112,0.0037083742210026224,31.353413,29.833901,32.974449,0.10016606485552304,2496.7841795,3083.5502930000002,True
40,uniform6_0,generic_compressible,global_cg,1104,1,1,41943040,41943036,3495253,55924048,0.75,35328,10,[8711569408],4,38.503323,38.491522,38.658688,0.0043415992952087435,38.4274125,38.399999,38.563739,0.004261020697138978,2495.3461915,2494.4921875,True
40,uniform6_0,non_compressible,global_cg,1104,0,0,41943040,41943036,3495253,55924048,0.75,35328,10,[8669626368],4,16.823233,16.815351,16.836888,0.0012801938842551006,15.4002795,15.388645,15.414873,0.0017030859732123495,5731.081543,6258.025879,True
40,uniform6_1,generic_compressible,global_cg,1104,1,1,41943040,41943036,3495253,55924048,0.75,35328,10,[8711569408],4,16.716019000000003,16.714412,16.724551,0.0006065439384821433,15.340095999999999,15.334373,15.359582,0.0016433404328108677,5779.719727,6291.690918,True
40,uniform6_1,non_compressible,global_cg,1104,0,0,41943040,41943036,3495253,55924048,0.75,35328,10,[8669626368],4,16.821859500000002,16.811849,16.835132,0.0013840919310973217,15.406577,15.389483,15.413192,0.001538888229358163,5746.238281,6269.4199215,True
40,uniform6_10,generic_compressible,global_cg,1104,1,1,41943040,41943036,3495253,55924048,0.75,35328,10,[8711569408],4,16.722325,16.716636,16.737674,0.001258078646360313,15.3505115,15.313601,15.357496,0.0028595138344412255,5793.7319335,6308.4365235000005,True
40,uniform6_10,non_compressible,global_cg,1104,0,0,41943040,41943036,3495253,55924048,0.75,35328,10,[8669626368],4,16.8138505,16.810099,16.822607,0.0007439105040216937,15.397028500000001,15.388226,15.412982,0.0016078427080913696,5761.013183499999,6285.5214845,True
40,uniform6_11,generic_compressible,global_cg,1104,1,1,41943040,41943036,3495253,55924048,0.75,35328,10,[8711569408],4,16.715154,16.713918,16.744368,0.0018217002368031948,15.336142,15.334166,15.347071,0.0008414762982763164,5791.6201175,6309.642089999999,True
40,uniform6_11,non_compressible,global_cg,1104,0,0,41943040,41943036,3495253,55924048,0.75,35328,10,[8669626368],4,16.814600499999997,16.811349,16.817601,0.00037181971703698373,15.412561499999999,15.402272,15.417186,0.0009676522620850016,5759.6958005,6280.890625,True
40,uniform6_12,generic_compressible,global_cg,1104,1,1,41943040,41943036,3495253,55924048,0.75,35328,10,[8711569408],4,16.717501499999997,16.713919,16.724303,0.000621145450472871,15.3532215,15.343947,15.360835,0.0010999645904932586,5793.2978515,6309.536133,True
40,uniform6_12,non_compressible,global_cg,1104,0,0,41943040,41943036,3495253,55924048,0.75,35328,10,[8669626368],4,16.812599499999997,16.80835,16.813599,0.0003122063307342313,15.410566,15.39556,15.412982,0.001130523045032858,5761.910156,6285.21875,True
40,uniform6_13,generic_compressible,global_cg,1104,1,1,41943040,41943036,3495253,55924048,0.75,35328,10,[8711569408],4,16.730494999999998,16.71466,20.290694,0.21374346664578667,15.349371,15.335621,18.635369,0.21497610553552984,5792.043457,6304.9829105,True
40,uniform6_13,non_compressible,global_cg,1104,0,0,41943040,41943036,3495253,55924048,0.75,35328,10,[8669626368],4,16.8233585,16.810099,20.422285,0.21471253792754863,15.406157499999999,15.399755,18.680944,0.2129790637282528,5756.201171500001,6271.218262,True
40,uniform6_14,generic_compressible,global_cg,1104,1,1,41943040,41943036,3495253,55924048,0.75,35328,10,[8711569408],4,16.7213345,16.716636,16.728263,0.0006953392386233985,15.346134,15.333333,15.35395,0.001343465396561744,5792.4892575,6306.311035,True
40,uniform6_14,non_compressible,global_cg,1104,0,0,41943040,41943036,3495253,55924048,0.75,35328,10,[8669626368],4,16.811974,16.809849,16.828116,0.001086547005128701,15.393885000000001,15.385922,15.412352,0.001716915515479004,5760.3671875,6285.597168,True
40,uniform6_15,generic_compressible,global_cg,1104,1,1,41943040,41943036,3495253,55924048,0.75,35328,10,[8711569408],4,16.72381,16.713424,16.729253,0.0009464948477649586,15.3409295,15.333333,15.357079,0.0015478853481466644,5770.5708005,6290.7036135,True
40,uniform6_15,non_compressible,global_cg,1104,0,0,41943040,41943036,3495253,55924048,0.75,35328,10,[8669626368],4,16.8167285,16.8081,16.838142,0.001786435453245361,15.4126675,15.39053,15.420551,0.0019478133814279477,5751.5703125,6279.608887,True
40,uniform6_16,generic_compressible,global_cg,1104,1,1,41943040,41943036,3495253,55924048,0.75,35328,10,[8711569408],4,16.7163895,16.715648,16.732224,0.0009916016852800085,15.353325,15.333541,15.358122,0.0016010212771500323,5780.364746,6295.6972655,True
40,uniform6_16,non_compressible,global_cg,1104,0,0,41943040,41943036,3495253,55924048,0.75,35328,10,[8669626368],4,16.8254855,16.810099,16.830873,0.0012346746249907263,15.401853500000001,15.386969,15.412772,0.0016753178440503797,5751.2573245,6285.269043,True
40,uniform6_17,generic_compressible,global_cg,1104,1,1,41943040,41943036,3495253,55924048,0.75,35328,10,[8711569408],4,16.723316,16.70799,16.745855,0.0022642040609649446,15.346135,15.333541,15.363131,0.0019281727939965923,5796.2109375,6311.256348,True
40,uniform6_17,non_compressible,global_cg,1104,0,0,41943040,41943036,3495253,55924048,0.75,35328,10,[8669626368],4,16.8204815,16.8116,16.827365,0.0009372502208097791,15.412877,15.400174,15.413403,0.0008583082833919212,5763.7553714999995,6289.2568360000005,True
40,uniform6_18,generic_compressible,global_cg,1104,1,1,41943040,41943036,3495253,55924048,0.75,35328,10,[8711569408],4,16.730875,16.715154,20.31768,0.21532203187221235,15.351659999999999,15.333333,18.636597,0.21517308225950801,5790.939453,6312.059082,True
40,uniform6_18,non_compressible,global_cg,1104,0,0,41943040,41943036,3495253,55924048,0.75,35328,10,[8669626368],4,16.828876,16.8161,20.387665,0.21222837461040175,15.409098499999999,15.396819,18.691754,0.21383048463218007,5761.373047,6288.755371,True
40,uniform6_19,generic_compressible,global_cg,1104,1,1,41943040,41943036,3495253,55924048,0.75,35328,10,[8711569408],4,16.718615,16.699105,16.726035,0.0016107793618071904,15.3518665,15.333541,15.36,0.0017235037837255243,5793.8505860000005,6308.7788085,True
40,uniform6_19,non_compressible,global_cg,1104,0,0,41943040,41943036,3495253,55924048,0.75,35328,10,[8669626368],4,16.81235,16.8116,16.824609,0.0007737764203100858,15.4011275,15.388854,15.417606,0.001866876304997735,5761.6572264999995,6287.210449,True
40,uniform6_2,generic_compressible,global_cg,1104,1,1,41943040,41943036,3495253,55924048,0.75,35328,10,[8711569408],4,16.7166365,16.700832,16.730738,0.0017889962493352314,15.339161,15.33167,15.352074,0.001330190093186922,5778.841797,6295.4077145,True
40,uniform6_2,non_compressible,global_cg,1104,0,0,41943040,41943036,3495253,55924048,0.75,35328,10,[8669626368],4,16.812725,16.809599,16.823608,0.000833237919492616,15.408361,15.389064,15.412352,0.0015113872267141757,5745.64502,6273.8505860000005,True
40,uniform6_20,generic_compressible,global_cg,1104,1,1,41943040,41943036,3495253,55924048,0.75,35328,10,[8711569408],4,16.7249235,16.717873,16.738913,0.0012580027645566977,15.334581,15.332918,15.342281,0.0006105807520923104,5794.272949,6308.146484000001,True
40,uniform6_20,non_compressible,global_cg,1104,0,0,41943040,41943036,3495253,55924048,0.75,35328,10,[8669626368],4,16.823363,16.8131,16.838142,0.0014885252134191405,15.412351999999998,15.411091,15.418027,0.00045002865234323807,5760.564453,6283.083984000001,True
40,uniform6_21,generic_compressible,global_cg,1104,1,1,41943040,41943036,3495253,55924048,0.75,35328,10,[8711569408],4,38.509223000000006,38.490212,38.554532,0.0016702492283472493,35.537380999999996,35.481012,35.592721,0.0031434224148368622,2496.6279295,2708.0297855,True
40,uniform6_21,non_compressible,global_cg,1104,0,0,41943040,41943036,3495253,55924048,0.75,35328,10,[8669626368],4,16.8156015,16.80835,16.831373,0.0013691451953115363,15.4013365,15.386969,15.413613,0.001729979732603026,5764.584473,6289.606445,True
40,uniform6_22,generic_compressible,global_cg,1104,1,1,41943040,41943036,3495253,55924048,0.75,35328,10,[8711569408],4,16.716390500000003,16.713424,16.717626,0.0002513700550366643,15.339576000000001,15.333125,15.34603,0.0008412879208656057,5794.495117,6307.525879000001,True
40,uniform6_22,non_compressible,global_cg,1104,0,0,41943040,41943036,3495253,55924048,0.75,35328,10,[8669626368],4,16.8229835,16.813599,16.832376,0.0011161516029543775,15.3960855,15.387179,15.412562,0.0016486658248292861,5762.0678714999995,6286.220703499999,True
40,uniform6_23,generic_compressible,global_cg,1104,1,1,41943040,41943036,3495253,55924048,0.75,35328,10,[8711569408],4,16.715895,16.714907,16.731729,0.0010063475512379818,15.351554499999999,15.336246,15.359165,0.0014929432716407768,5771.515625,6287.4125975,True
40,uniform6_23,non_compressible,global_cg,1104,0,0,41943040,41943036,3495253,55924048,0.75,35328,10,[8669626368],4,16.8141005,16.804603,16.832626,0.0016666368801590678,15.406368,15.386759,15.415084,0.0018385254720645775,5737.241699,6268.2543945,True
40,uniform6_24,generic_compressible,global_cg,1104,1,1,41943040,41943036,3495253,55924048,0.75,35328,10,[8711569408],4,16.7162665,16.702066,20.285961,0.214395660657839,15.3443635,15.335621,18.625237,0.21438595351315803,5779.7353514999995,6300.2426755,True
40,uniform6_24,non_compressible,global_cg,1104,0,0,41943040,41943036,3495253,55924048,0.75,35328,10,[8669626368],4,16.8312495,16.820104,20.396493,0.21248505644218507,15.411932,15.399965,18.676314,0.21258522292987028,5745.606933499999,6272.7739255,True
40,uniform6_25,generic_compressible,global_cg,1104,1,1,41943040,41943036,3495253,55924048,0.75,35328,10,[8711569408],4,16.726035,16.716636,16.737427,0.0012430321950180731,15.352700500000001,15.332293,15.363549,0.0020358633323173886,5792.4604495,6304.662109499999,True
40,uniform6_25,non_compressible,global_cg,1104,0,0,41943040,41943036,3495253,55924048,0.75,35328,10,[8669626368],4,16.818351999999997,16.8126,16.824359,0.0006991767088714405,15.412982,15.400174,15.413403,0.0008583024362190798,5759.2363285,6282.1821285000005,True
40,uniform6_26,generic_compressible,global_cg,1104,1,1,41943040,41943036,3495253,55924048,0.75,35328,10,[8711569408],4,16.733846,16.690969,20.28414,0.2147247560423349,15.339576999999998,15.333125,18.635676,0.21529609323646928,5777.477051,6295.687012,True
40,uniform6_26,non_compressible,global_cg,1104,0,0,41943040,41943036,3495253,55924048,0.75,35328,10,[8669626368],4,16.8211065,16.811599,20.427082,0.21493728727060837,15.4051075,15.392207,18.694227,0.21434579408160578,5755.1899415,6279.730957,True
40,uniform6_27,generic_compressible,global_cg,1104,1,1,41943040,41943036,3495253,55924048,0.75,35328,10,[8711569408],4,16.729135,16.714659,16.741888,0.0016276394445976074,15.337598,15.334373,15.364593,0.001970321558825568,5793.4375,6308.360839999999,True
40,uniform6_27,non_compressible,global_cg,1104,0,0,41943040,41943036,3495253,55924048,0.75,35328,10,[8669626368],4,16.8132245,16.8126,16.825611,0.0007738551281462264,15.411721499999999,15.385922,15.413822,0.0018103104185991765,5759.804199,6289.1694335,True
40,uniform6_28,generic_compressible,global_cg,1104,1,1,41943040,41943036,3495253,55924048,0.75,35328,10,[8711569408],4,16.7278915,16.715402,16.737675,0.0013314887892474933,15.3371825,15.332293,15.34603,0.000895666462859184,5791.762207,6308.875488,True
40,uniform6_28,non_compressible,global_cg,1104,0,0,41943040,41943036,3495253,55924048,0.75,35328,10,[8669626368],4,16.816477499999998,16.788132,16.84065,0.0031230083708076906,15.412351999999998,15.406051,15.412982,0.00044970423722477914,5759.6557615,6283.513671999999,True
40,uniform6_29,generic_compressible,global_cg,1104,1,1,41943040,41943036,3495253,55924048,0.75,35328,10,[8711569408],4,16.7307385,16.727025,20.287417,0.21280542995755986,15.346247,15.331461,18.609906,0.21363171073683354,5778.864745999999,6286.684082,True
40,uniform6_29,non_compressible,global_cg,1104,0,0,41943040,41943036,3495253,55924048,0.75,35328,10,[8669626368],4,16.8187275,16.80985,20.388767,0.2127935659817308,15.4068925,15.400175,18.721781,0.21559220978532817,5746.946777,6273.7856445,True
40,uniform6_3,generic_compressible,global_cg,1104,1,1,41943040,41943036,3495253,55924048,0.75,35328,10,[8711569408],4,16.724187,16.711941,16.744119,0.0019240397156526541,15.352597,15.332294,15.358331,0.0016959345705485876,5794.548339999999,6308.7285155,True
40,uniform6_3,non_compressible,global_cg,1104,0,0,41943040,41943036,3495253,55924048,0.75,35328,10,[8669626368],4,16.811224000000003,16.8076,16.826613,0.0011309705944074924,15.406682499999999,15.399545,15.413192,0.0008857844639818229,5760.041992,6286.1831055,True
40,uniform6_30,generic_compressible,global_cg,1104,1,1,41943040,41943036,3495253,55924048,0.75,35328,10,[8711569408],4,16.7339635,16.71639,16.747344,0.001849770976254233,15.3515535,15.335206,15.360626,0.0016558584771241844,5795.923828499999,6311.0771485000005,True
40,uniform6_30,non_compressible,global_cg,1104,0,0,41943040,41943036,3495253,55924048,0.75,35328,10,[8669626368],4,16.815851000000002,16.8116,16.825611,0.0008332019592704522,15.395772000000001,15.389902,15.412772,0.0014854727648604472,5759.887207,6288.6010745,True
40,uniform6_31,generic_compressible,global_cg,1104,1,1,41943040,41943036,3495253,55924048,0.75,35328,10,[8711569408],4,16.716514,16.715402,16.719109,0.00022175676100881874,15.33989,15.31215,15.359583,0.0030921342982250743,5788.7885745,6296.048828,True
40,uniform6_31,non_compressible,global_cg,1104,0,0,41943040,41943036,3495253,55924048,0.75,35328,10,[8669626368],4,16.823358,16.80885,16.838392,0.0017560108986564569,15.404165500000001,15.387388,15.412562,0.0016342332857953133,5756.4106445,6282.706055,True
40,uniform6_32,generic_compressible,global_cg,1104,1,1,41943040,41943036,3495253,55924048,0.75,35328,10,[8711569408],4,16.719604500000003,16.714906,20.284504,0.21349775349052058,15.356453,15.335206,18.640285,0.21522411457906324,5795.447754,6305.123535000001,True
40,uniform6_32,non_compressible,global_cg,1104,0,0,41943040,41943036,3495253,55924048,0.75,35328,10,[8669626368],4,16.836136500000002,16.80785,20.382886,0.21234301586946627,15.413297,15.387806,18.686193,0.2139962008128436,5763.4443360000005,6287.3349610000005,True
40,uniform6_33,generic_compressible,global_cg,1104,1,1,41943040,41943036,3495253,55924048,0.75,35328,10,[8711569408],4,16.725669,16.715648,16.742384,0.0015985010823782086,15.352285,15.33895,15.358956,0.0013031284919475267,5788.3618165,6306.6474610000005,True
40,uniform6_33,non_compressible,global_cg,1104,0,0,41943040,41943036,3495253,55924048,0.75,35328,10,[8669626368],4,16.814225,16.811349,16.828617,0.0010269875655881488,15.4145585,15.398497,15.420551,0.0014307253756245374,5759.7666014999995,6283.510254,True
40,uniform6_34,generic_compressible,global_cg,1104,1,1,41943040,41943036,3495253,55924048,0.75,35328,10,[8711569408],4,16.7178725,16.713177,16.742632,0.0017618868668844484,15.3410345,15.332709,15.348948,0.0010585335689063575,5795.2368165,6309.310547,True
40,uniform6_34,non_compressible,global_cg,1104,0,0,41943040,41943036,3495253,55924048,0.75,35328,10,[8669626368],4,16.825987,16.809849,16.84316,0.0019797352749649218,15.415189,15.411302,15.416555,0.000340767797268104,5755.901367,6281.4604495,True
40,uniform6_35,generic_compressible,global_cg,1104,1,1,41943040,41943036,3495253,55924048,0.75,35328,10,[8711569408],4,16.7183675,16.714412,16.740153,0.0015396838237943995,15.344885,15.336038,15.351865,0.0010314186127820322,5794.856445,6309.1694339999995,True
40,uniform6_35,non_compressible,global_cg,1104,0,0,41943040,41943036,3495253,55924048,0.75,35328,10,[8669626368],4,16.822986999999998,16.81335,16.841904,0.0016973204580137732,15.4082565,15.401014,15.413823,0.0008313075525450096,5763.2270505,6284.4150389999995,True
40,uniform6_36,generic_compressible,global_cg,1104,1,1,41943040,41943036,3495253,55924048,0.75,35328,10,[8711569408],4,16.720222,16.716143,16.733214,0.0010209792669021614,15.3370785,15.32959,15.349573,0.0013029208920069008,5792.9399410000005,6308.559082,True
40,uniform6_36,non_compressible,global_cg,1104,0,0,41943040,41943036,3495253,55924048,0.75,35328,10,[8669626368],4,16.8135995,16.81285,16.830371,0.0010420731146830616,15.4155045,15.413193,15.417606,0.0002862702287816501,5763.637695,6282.51416,True
40,uniform6_37,generic_compressible,global_cg,1104,1,1,41943040,41943036,3495253,55924048,0.75,35328,10,[8711569408],4,16.734825999999998,16.722572,20.284868,0.21286722670435895,15.359061,15.348947,18.626158,0.2133731352457028,5792.5742185,6306.8442385,True
40,uniform6_37,non_compressible,global_cg,1104,0,0,41943040,41943036,3495253,55924048,0.75,35328,10,[8669626368],4,16.8237335,16.811099,20.421179,0.21458257169848774,15.412772,15.40626,18.691137,0.213126944329028,5761.5849610000005,6283.587890500001,True
40,uniform6_38,generic_compressible,global_cg,1104,1,1,41943040,41943036,3495253,55924048,0.75,35328,10,[8711569408],4,16.736813499999997,16.724798,20.288509,0.21292649284763807,15.353952,15.344364,18.635369,0.2143425353941448,5785.1640625,6302.3056639999995,True
40,uniform6_38,non_compressible,global_cg,1104,0,0,41943040,41943036,3495253,55924048,0.75,35328,10,[8669626368],4,16.826251,16.80785,20.421916,0.21478735815839198,15.393254500000001,15.386969,18.713104,0.21607743833508375,5756.184082,6284.776367500001,True
40,uniform6_39,generic_compressible,global_cg,1104,1,1,41943040,41943036,3495253,55924048,0.75,35328,10,[8711569408],4,16.724179499999998,16.719109,20.293243,0.21371057396268686,15.338327499999998,15.32128,18.647357,0.21684743659307054,5795.4160155,6310.3662110000005,True
40,uniform6_39,non_compressible,global_cg,1104,0,0,41943040,41943036,3495253,55924048,0.75,35328,10,[8669626368],4,16.8348865,16.81485,20.403487,0.21316668811518263,15.401014,15.396818,18.6899,0.213822414550107,5759.2958985000005,6283.8754885,True
40,uniform6_4,generic_compressible,global_cg,1104,1,1,41943040,41943036,3495253,55924048,0.75,35328,10,[8711569408],4,16.722944499999997,16.710954,16.731729,0.0012423051454844233,15.3522845,15.337286,15.358956,0.0014115163121161886,5794.7163085,6306.7978514999995,True
40,uniform6_4,non_compressible,global_cg,1104,0,0,41943040,41943036,3495253,55924048,0.75,35328,10,[8669626368],4,16.8184775,16.81185,16.823609,0.0006991714915931842,15.4120365,15.411512,15.412772,8.175428341350353e-05,5762.7578125,6288.0693360000005,True
40,uniform6_40,generic_compressible,global_cg,1104,1,1,41943040,41943036,3495253,55924048,0.75,35328,10,[8711569408],4,16.7271505,16.717872,16.743128,0.0015098805980133217,15.3462435,15.334165,15.363549,0.0019147356810805393,5794.645996,6309.7817385,True
40,uniform6_40,non_compressible,global_cg,1104,0,0,41943040,41943036,3495253,55924048,0.75,35328,10,[8669626368],4,16.8141,16.812349,16.836136,0.0014147055150141054,15.407837,15.400594,15.414663,0.0009131067521027916,5763.3862305,6282.249512,True
40,uniform6_41,generic_compressible,global_cg,1104,1,1,41943040,41943036,3495253,55924048,0.75,35328,10,[8711569408],4,16.7171315,16.711447,16.719851,0.0005027178257225976,15.336558,15.33271,15.342698,0.0006512543427280023,5796.6640625,6308.851074,True
40,uniform6_41,non_compressible,global_cg,1104,0,0,41943040,41943036,3495253,55924048,0.75,35328,10,[8669626368],4,16.8137245,16.796114,16.8151,0.0011291965679586177,15.4075215,15.400594,15.416555,0.0010359226174048032,5761.895508,6282.513183499999,True
40,uniform6_42,generic_compressible,global_cg,1104,1,1,41943040,41943036,3495253,55924048,0.75,35328,10,[8711569408],4,38.5131595,38.505944,38.646793,0.003657165546233694,35.591604000000004,35.48658,36.238492,0.02112610603332191,2496.1328125,2707.1225585,True
40,uniform6_42,non_compressible,global_cg,1104,0,0,41943040,41943036,3495253,55924048,0.75,35328,10,[8669626368],4,16.8269885,16.81385,20.393917,0.2127574402276438,15.408049,15.397868,18.694536,0.21395752311016136,5753.945801,6280.3276365,True
40,uniform6_43,generic_compressible,global_cg,1104,1,1,41943040,41943036,3495253,55924048,0.75,35328,10,[8711569408],4,16.7142895,16.688505,16.721829,0.0019937431381693103,15.3462385,15.313808,15.361878,0.0031323636733523296,5797.1689455,6308.4697264999995,True
40,uniform6_43,non_compressible,global_cg,1104,0,0,41943040,41943036,3495253,55924048,0.75,35328,10,[8669626368],4,16.8172265,16.758268,16.836136,0.00463025220002827,15.402273,15.367517,15.40899,0.002692654519238808,5760.459473,6285.67041,True
40,uniform6_44,generic_compressible,global_cg,1104,1,1,41943040,41943036,3495253,55924048,0.75,35328,10,[8711569408],4,16.715896,16.686288,16.734454,0.00288144889152208,15.3489525,15.303858,15.358539,0.003562523240592505,5796.9799805,6310.318847500001,True
40,uniform6_44,non_compressible,global_cg,1104,0,0,41943040,41943036,3495253,55924048,0.75,35328,10,[8669626368],4,16.813727,16.778664,16.82461,0.0027326481511208496,15.404058,15.366055,15.413403,0.003073735505280575,5767.1865235000005,6286.7856445,True
40,uniform6_45,generic_compressible,global_cg,1104,1,1,41943040,41943036,3495253,55924048,0.75,35328,10,[8711569408],4,16.730629999999998,16.714165,20.664558,0.23611740860923938,15.348538,15.335621,19.404991,0.26513078965566617,5792.3295895,6311.359375,True
40,uniform6_45,non_compressible,global_cg,1104,0,0,41943040,41943036,3495253,55924048,0.75,35328,10,[8669626368],4,16.8202305,16.811099,20.625726,0.2267880336122624,15.415504,15.412352,19.412989,0.2595203504212382,5761.361328,6284.490723,True
40,uniform6_46,generic_compressible,global_cg,1104,1,1,41943040,41943036,3495253,55924048,0.75,35328,10,[8711569408],4,16.721211500000003,16.685548,20.30965,0.21673680761707967,15.352909,15.292058,18.64213,0.21820438068121167,5786.4970705,6304.708008,True
40,uniform6_46,non_compressible,global_cg,1104,0,0,41943040,41943036,3495253,55924048,0.75,35328,10,[8669626368],4,16.815725999999998,16.780656,20.42376,0.2166486299788663,15.412666999999999,15.373159,18.682179,0.2146948350989483,5757.3706055,6279.1679685,True
40,uniform6_47,generic_compressible,global_cg,1104,1,1,41943040,41943036,3495253,55924048,0.75,35328,10,[8711569408],4,16.72171,16.700585,16.738171,0.0022477366250222616,15.346655,15.335206,15.351657,0.0010719599808557626,5792.057617,6306.0668945,True
40,uniform6_47,non_compressible,global_cg,1104,0,0,41943040,41943036,3495253,55924048,0.75,35328,10,[8669626368],4,16.8178535,16.81085,16.842908,0.0019061885632433895,15.4063675,15.400594,15.414454,0.0008996280271776795,5757.9189455,6281.9506835,True
40,uniform6_48,generic_compressible,global_cg,1104,1,1,41943040,41943036,3495253,55924048,0.75,35328,10,[8711569408],4,16.722697500000002,16.694666,16.734205,0.002364391271204766,15.339265000000001,15.332501,15.354159,0.001411932058022247,5787.8125,6297.0849610000005,True
40,uniform6_48,non_compressible,global_cg,1104,0,0,41943040,41943036,3495253,55924048,0.75,35328,10,[8669626368],4,16.828874499999998,16.81185,16.841152,0.0017411740755450566,15.403743500000001,15.386759,15.418027,0.0020298961742644403,5756.458008,6278.230957,True
40,uniform6_49,generic_compressible,global_cg,1104,1,1,41943040,41943036,3495253,55924048,0.75,35328,10,[8711569408],4,16.744492,16.72084,20.286325,0.21293479670807583,15.3508395,15.334373,18.646741,0.21577764525516663,5794.0390625,6307.7539065,True
40,uniform6_49,non_compressible,global_cg,1104,0,0,41943040,41943036,3495253,55924048,0.75,35328,10,[8669626368],4,16.81335,16.809349,20.403855,0.21378880472957495,15.4043755,15.391368,18.6794,0.21344792588313632,5761.949707,6289.170410000001,True
40,uniform6_5,generic_compressible,global_cg,1104,1,1,41943040,41943036,3495253,55924048,0.75,35328,10,[8711569408],4,16.7167605,16.71466,16.743128,0.0017029615277433783,15.348842999999999,15.333957,15.356869,0.0014927509519772808,5793.9140625,6311.198242,True
40,uniform6_5,non_compressible,global_cg,1104,0,0,41943040,41943036,3495253,55924048,0.75,35328,10,[8669626368],4,16.8123495,16.810099,16.822858,0.0007589064217347537,15.4047925,15.398706,15.411721,0.0008448669464388652,5762.3447264999995,6289.3046875,True
40,uniform6_50,generic_compressible,global_cg,1104,1,1,41943040,41943036,3495253,55924048,0.75,35328,10,[8711569408],4,16.7401525,16.716637,20.282685,0.21302362687556173,15.359373999999999,15.355201,18.641822,0.21398144221242366,5794.024902499999,6306.688477,True
40,uniform6_50,non_compressible,global_cg,1104,0,0,41943040,41943036,3495253,55924048,0.75,35328,10,[8669626368],4,16.825236,16.809099,20.391342,0.21290893037102135,15.408992000000001,15.39053,18.715891,0.21580652387904406,5762.330078000001,6286.8203125,True
40,uniform6_51,generic_compressible,global_cg,1104,1,1,41943040,41943036,3495253,55924048,0.75,35328,10,[8711569408],4,16.717255,16.713177,16.736188,0.0013764819642935865,15.340824,15.332917,15.359165,0.0017109902310332688,5790.3911135,6306.7817385,True
40,uniform6_51,non_compressible,global_cg,1104,0,0,41943040,41943036,3495253,55924048,0.75,35328,10,[8669626368],4,16.816477,16.8091,16.831123,0.001309608427496484,15.403846999999999,15.388854,15.415714,0.0017437202537781127,5761.646973,6283.027832,True
40,uniform6_52,generic_compressible,global_cg,1104,1,1,41943040,41943036,3495253,55924048,0.75,35328,10,[8711569408],4,16.7172555,16.709472,20.291058,0.21424485616074945,15.335309500000001,15.333333,18.642437,0.2157833201866582,5792.575683499999,6300.874512,True
40,uniform6_52,non_compressible,global_cg,1104,0,0,41943040,41943036,3495253,55924048,0.75,35328,10,[8669626368],4,16.8316265,16.81235,20.400909,0.21320334074665928,15.415084499999999,15.409621,18.691446,0.21289698411967833,5757.5009764999995,6277.6308595,True
40,uniform6_53,generic_compressible,global_cg,1104,1,1,41943040,41943036,3495253,55924048,0.75,35328,10,[8711569408],4,16.735201,16.718367,20.285232,0.21313547414219883,15.3552015,15.331877,18.629227,0.214738308709267,5789.5068360000005,6307.878418,True
40,uniform6_53,non_compressible,global_cg,1104,0,0,41943040,41943036,3495253,55924048,0.75,35328,10,[8669626368],4,16.81773,16.80835,20.430035,0.21534921776006627,15.412457499999999,15.409621,18.703506,0.2137157555827811,5761.8833005,6284.191895,True
40,uniform6_54,generic_compressible,global_cg,1104,1,1,41943040,41943036,3495253,55924048,0.75,35328,10,[8711569408],4,16.726658999999998,16.712683,16.746104,0.0019980678747621144,15.3442595,15.333957,15.358956,0.0016292086301068702,5788.7333985000005,6306.876464999999,True
40,uniform6_54,non_compressible,global_cg,1104,0,0,41943040,41943036,3495253,55924048,0.75,35328,10,[8669626368],4,16.817103,16.81035,16.836637,0.0015631110780495278,15.4053205,15.391368,15.413613,0.001443981642576008,5758.4448245,6282.2646485000005,True
40,uniform6_55,generic_compressible,global_cg,1104,1,1,41943040,41943036,3495253,55924048,0.75,35328,10,[8711569408],4,16.718244,16.716884,16.719851,0.0001774707917887887,15.3466575,15.334373,15.358331,0.0015611216970210203,5789.800293,6304.220703000001,True
40,uniform6_55,non_compressible,global_cg,1104,0,0,41943040,41943036,3495253,55924048,0.75,35328,10,[8669626368],4,16.816601499999997,16.81185,16.836888,0.001488885848903452,15.393464000000002,15.390739,15.411512,0.0013494688395022816,5757.4306645,6281.935547,True
40,uniform6_56,generic_compressible,global_cg,1104,1,1,41943040,41943036,3495253,55924048,0.75,35328,10,[8711569408],4,16.7199745,16.717873,16.732472,0.0008731472646684045,15.341137,15.334581,15.358539,0.0015616834658344011,5776.825683499999,6296.2402345,True
40,uniform6_56,non_compressible,global_cg,1104,0,0,41943040,41943036,3495253,55924048,0.75,35328,10,[8669626368],4,16.81135,16.800357,16.813599,0.0007876821314170604,15.3925215,15.386969,15.399965,0.0008443061131991493,5756.5224610000005,6285.3745115,True
40,uniform6_57,generic_compressible,global_cg,1104,1,1,41943040,41943036,3495253,55924048,0.75,35328,10,[8711569408],4,16.730254000000002,16.715154,20.286325,0.2134558746089571,15.350719999999999,15.345613,18.629534,0.21392618717558523,5791.296387,6308.357422,True
40,uniform6_57,non_compressible,global_cg,1104,0,0,41943040,41943036,3495253,55924048,0.75,35328,10,[8669626368],4,16.8283825,16.810099,20.418597,0.21442928338478148,15.4145585,15.397657,18.678474,0.2128388562020768,5756.379883,6285.2319335,True
40,uniform6_58,generic_compressible,global_cg,1104,1,1,41943040,41943036,3495253,55924048,0.75,35328,10,[8711569408],4,16.7204695,16.713424,16.729253,0.0009466839432947797,15.3518675,15.337077,15.360417,0.0015203362066536366,5794.402344,6307.786133,True
40,uniform6_58,non_compressible,global_cg,1104,0,0,41943040,41943036,3495253,55924048,0.75,35328,10,[8669626368],4,16.827114,16.81135,16.830872,0.001160151408019134,15.403533,15.388645,15.413822,0.0016344951512097478,5762.2768555,6286.034668,True
40,uniform6_59,generic_compressible,global_cg,1104,1,1,41943040,41943036,3495253,55924048,0.75,35328,10,[8711569408],4,16.7334655,16.72554,20.285961,0.21277248278307928,15.3470715,15.337286,18.637519,0.21503991820198404,5794.958496,6307.8295895,True
40,uniform6_59,non_compressible,global_cg,1104,0,0,41943040,41943036,3495253,55924048,0.75,35328,10,[8669626368],4,16.8320005,16.8116,20.420071,0.21438158821347478,15.4139285,15.412562,18.717441,0.21440861101697736,5759.693848,6284.006347500001,True
40,uniform6_6,generic_compressible,global_cg,1104,1,1,41943040,41943036,3495253,55924048,0.75,35328,10,[8711569408],4,16.717996499999998,16.703547,16.737179,0.002011724311582478,15.351345,15.333541,15.360209,0.0017371767750642712,5791.782715,6302.557129,True
40,uniform6_6,non_compressible,global_cg,1104,0,0,41943040,41943036,3495253,55924048,0.75,35328,10,[8669626368],4,16.8201075,16.809599,16.83413,0.0014584330094203999,15.406262,15.391997,15.413403,0.0013894350232392973,5760.675781,6284.229004,True
40,uniform6_60,generic_compressible,global_cg,1104,1,1,41943040,41943036,3495253,55924048,0.75,35328,10,[8711569408],4,16.716638500000002,16.700091,16.722572,0.0013448277893907368,15.3550975,15.32689,15.35687,0.0019524460850867354,5793.5268555,6310.3974610000005,True
40,uniform6_60,non_compressible,global_cg,1104,0,0,41943040,41943036,3495253,55924048,0.75,35328,10,[8669626368],4,16.8115995,16.810099,16.823609,0.0008036118157585263,15.403432,15.391997,15.413613,0.0014033236229432412,5761.6098635,6284.8447264999995,True
40,uniform6_61,generic_compressible,global_cg,1104,1,1,41943040,41943036,3495253,55924048,0.75,35328,10,[8711569408],4,16.732232,16.715402,20.282685,0.21319827504184735,15.3585395,15.339159,18.637212,0.2147374104158798,5794.8227535000005,6305.270995999999,True
40,uniform6_61,non_compressible,global_cg,1104,0,0,41943040,41943036,3495253,55924048,0.75,35328,10,[8669626368],4,16.8133495,16.8116,20.426344,0.2149924974794583,15.402798,15.387597,18.684649,0.21405539435107834,5763.105957,6283.793944999999,True
40,uniform6_62,generic_compressible,global_cg,1104,1,1,41943040,41943036,3495253,55924048,0.75,35328,10,[8711569408],4,16.7255435,16.717626,16.744864,0.001628527049061248,15.3422825,15.332918,15.348322,0.0010040227065301526,5791.6567385,6306.697754,True
40,uniform6_62,non_compressible,global_cg,1104,0,0,41943040,41943036,3495253,55924048,0.75,35328,10,[8669626368],4,16.8152265,16.810099,16.82987,0.0011757795828678638,15.401433,15.386969,15.416765,0.0019346251741639408,5760.980469,6285.659668,True
40,uniform6_63,generic_compressible,global_cg,1104,1,1,41943040,41943036,3495253,55924048,0.75,35328,10,[8711569408],4,38.511847,38.502009,38.646794,0.0037594925010996957,38.484321,38.405219,38.559794,0.004016570800352542,2496.8129885,2493.8583985,True
40,uniform6_63,non_compressible,global_cg,1104,0,0,41943040,41943036,3495253,55924048,0.75,35328,10,[8669626368],4,18.6208725,16.822106,20.426713,0.19357884545957757,17.0463755,15.386969,18.717131,0.19535894888623084,5206.144531,5685.7475585,True
40,uniform6_7,generic_compressible,global_cg,1104,1,1,41943040,41943036,3495253,55924048,0.75,35328,10,[8711569408],4,16.720222,16.713423,16.740897,0.0016431600011053414,15.349051500000002,15.346238,15.356662,0.0006791299123597592,5793.663574,6307.1586915,True
40,uniform6_7,non_compressible,global_cg,1104,0,0,41943040,41943036,3495253,55924048,0.75,35328,10,[8669626368],4,16.812224,16.8076,16.81335,0.0003420130495524586,15.412772,15.411091,15.414033,0.00019088065404452306,5760.5786135,6284.5058595,True
40,uniform6_8,generic_compressible,global_cg,1104,1,1,41943040,41943036,3495253,55924048,0.75,35328,10,[8711569408],4,16.7192325,16.715895,16.728511,0.0007545800921185403,15.342491,15.333957,15.356453,0.0014662547300826373,5793.304199,6309.302245999999,True
40,uniform6_8,non_compressible,global_cg,1104,0,0,41943040,41943036,3495253,55924048,0.75,35328,10,[8669626368],4,16.8224875,16.8091,16.839145,0.0017860022187561532,15.411931,15.411512,15.417816,0.0004090337544335027,5761.858887,6285.8125,True
40,uniform6_9,generic_compressible,global_cg,1104,1,1,41943040,41943036,3495253,55924048,0.75,35328,10,[8711569408],4,16.7181195,16.716636,16.718862,0.00013314894656664484,15.34041,15.33375,15.358539,0.001615928127083968,5789.520508,6307.296387,True
40,uniform6_9,non_compressible,global_cg,1104,0,0,41943040,41943036,3495253,55924048,0.75,35328,10,[8669626368],4,16.8142255,16.809599,16.831123,0.0012801065383596163,15.393360000000001,15.389273,15.412562,0.001512925053399655,5758.4731445,6282.2402345,True
64,uniform6_0,generic_compressible,global_cg,1104,1,1,67108864,67108860,5592405,89478480,0.75,35328,10,[8736735232],4,38.5125035,38.508568,38.517752,0.00023846800818868457,38.4653285,38.443092,38.562422,0.0031022742987882697,2496.37793,2493.43457,True
64,uniform6_0,non_compressible,global_cg,1104,0,0,67108864,67108860,5592405,89478480,0.75,35328,10,[8669626368],4,7.3535485000000005,6.643411,8.069208,0.1938923772652073,7.3193565,6.610624,8.027095,0.19352397987446024,13410.508789,13458.5913085,True
64,uniform6_1,generic_compressible,global_cg,1104,1,1,67108864,67108860,5592405,89478480,0.75,35328,10,[8736735232],4,7.3582665,6.64638,8.070014,0.19347410154280234,7.639365,6.615653,8.027153,0.18476666581581064,12500.39209,12323.557129,True
64,uniform6_1,non_compressible,global_cg,1104,0,0,67108864,67108860,5592405,89478480,0.75,35328,10,[8669626368],4,7.6735005,6.64677,8.063395,0.18461261584592323,7.6371585,6.614878,8.029889,0.18527977388448869,12268.460449,12309.174804499999,True
64,uniform6_10,generic_compressible,global_cg,1104,1,1,67108864,67108860,5592405,89478480,0.75,35328,10,[8736735232],4,7.35481,6.632187,8.066847,0.1950641824873789,7.322364500000001,6.601861,8.030345,0.19508507122255386,12514.5356445,12565.3588865,True
64,uniform6_10,non_compressible,global_cg,1104,0,0,67108864,67108860,5592405,89478480,0.75,35328,10,[8669626368],4,7.353485,6.632147,8.066616,0.19507335637456252,7.3174655,6.600858,8.026754,0.1948620051573869,12517.551757500001,12569.831543,True
64,uniform6_11,generic_compressible,global_cg,1104,1,1,67108864,67108860,5592405,89478480,0.75,35328,10,[8736735232],4,8.0642575,6.645325,8.070129,0.17668136217128483,8.0275515,6.609658,8.028407,0.17673496084079934,12116.4243165,12158.577637,True
64,uniform6_11,non_compressible,global_cg,1104,0,0,67108864,67108860,5592405,89478480,0.75,35328,10,[8669626368],4,8.063653500000001,6.64146,8.065984,0.1766598725999325,8.027038000000001,6.609465,8.02795,0.1767133779608369,12123.6445315,12164.814452999999,True
64,uniform6_12,generic_compressible,global_cg,1104,1,1,67108864,67108860,5592405,89478480,0.75,35328,10,[8736735232],4,7.3588615,6.645794,8.070533,0.19360861731125106,7.3200465,6.612634,8.026354,0.19312992069107754,12514.894531499998,12581.300293,True
64,uniform6_12,non_compressible,global_cg,1104,0,0,67108864,67108860,5592405,89478480,0.75,35328,10,[8669626368],4,7.3544355,6.646067,8.064085,0.19281126335257137,7.318683500000001,6.609851,8.02738,0.19368633716706027,12506.151367499999,12546.980468999998,True
64,uniform6_13,generic_compressible,global_cg,1104,1,1,67108864,67108860,5592405,89478480,0.75,35328,10,[8736735232],4,8.0635385,6.644348,8.066329,0.17634702184407003,8.027381,6.61364,8.031601,0.1766405506353816,12118.5322265,12157.444336,True
64,uniform6_13,non_compressible,global_cg,1104,0,0,67108864,67108860,5592405,89478480,0.75,35328,10,[8669626368],4,8.0631935,6.645677,8.067365,0.176318229247506,8.026298,6.610083,8.026982,0.17653206995304682,12115.90625,12157.169922000001,True
64,uniform6_14,generic_compressible,global_cg,1104,1,1,67108864,67108860,5592405,89478480,0.75,35328,10,[8736735232],4,6.6479625,6.646458,8.067423,0.21374443673531549,6.615710999999999,6.613756,8.031544,0.21430621742697042,12898.556152500001,12974.6601565,True
64,uniform6_14,non_compressible,global_cg,1104,0,0,67108864,67108860,5592405,89478480,0.75,35328,10,[8669626368],4,6.6452860000000005,6.641538,8.06351,0.21398206187062543,6.6146864999999995,6.611591,8.02288,0.21335689907601835,13799.394043,12962.4052735,True
64,uniform6_15,generic_compressible,global_cg,1104,1,1,67108864,67108860,5592405,89478480,0.75,35328,10,[8736735232],4,8.065552,6.64427,8.066847,0.17637689274088117,8.0270385,6.611939,8.028065,0.17641948521861459,12120.169434,12158.741699,True
64,uniform6_15,non_compressible,global_cg,1104,0,0,67108864,67108860,5592405,89478480,0.75,35328,10,[8669626368],4,8.063826,6.642279,8.069266,0.1769615316600334,8.0230805,6.613331,8.027152,0.17621922153217826,12116.327636999999,12159.659668,True
64,uniform6_16,generic_compressible,global_cg,1104,1,1,67108864,67108860,5592405,89478480,0.75,35328,10,[8736735232],4,7.3574795,6.646731,8.069841,0.19342357664741033,7.344414499999999,6.613718,8.030574,0.19291612694245394,12488.5605465,12545.166016,True
64,uniform6_16,non_compressible,global_cg,1104,0,0,67108864,67108860,5592405,89478480,0.75,35328,10,[8669626368],4,7.672004,6.643724,8.066156,0.1854055341994086,7.635155,6.609271,8.026355,0.1855998994126512,12255.468261999999,12318.6865235,True
64,uniform6_17,generic_compressible,global_cg,1104,1,1,67108864,67108860,5592405,89478480,0.75,35328,10,[8736735232],4,7.356701,6.646145,8.070936,0.19367254425591035,7.320575,6.613601,8.027552,0.19314753280992272,12506.333984,12575.684570000001,True
64,uniform6_17,non_compressible,global_cg,1104,0,0,67108864,67108860,5592405,89478480,0.75,35328,10,[8669626368],4,7.355190500000001,6.646497,8.063567,0.19266258297456748,7.320745,6.611165,8.026184,0.19328893439124037,12487.0043945,12541.709961,True
64,uniform6_18,generic_compressible,global_cg,1104,1,1,67108864,67108860,5592405,89478480,0.75,35328,10,[8736735232],4,8.063251000000001,6.645872,8.066905,0.17623573915781615,8.026440000000001,6.613679,8.027039,0.17608802906394364,12119.6875,12160.197265499999,True
64,uniform6_18,non_compressible,global_cg,1104,0,0,67108864,67108860,5592405,89478480,0.75,35328,10,[8669626368],4,8.0635675,6.64263,8.06397,0.17626689427477352,8.026896,6.610083,8.029091,0.17678166005888188,12120.3461915,12157.076659999999,True
64,uniform6_19,generic_compressible,global_cg,1104,1,1,67108864,67108860,5592405,89478480,0.75,35328,10,[8736735232],4,6.9682145,6.644036,8.06374,0.2037399968097996,6.932156,6.609387,8.028749,0.2047504412768552,12669.311035499999,12699.218261999999,True
64,uniform6_19,non_compressible,global_cg,1104,0,0,67108864,67108860,5592405,89478480,0.75,35328,10,[8669626368],4,6.967560000000001,6.643997,8.064487,0.20387194369334458,6.929439,6.610198,8.027095,0.204474994296075,12634.1552735,12695.7866215,True
64,uniform6_2,generic_compressible,global_cg,1104,1,1,67108864,67108860,5592405,89478480,0.75,35328,10,[8736735232],4,8.0628195,7.289243,8.063797,0.09606490632712283,8.02721,7.254721,8.02892,0.0964468352017699,12113.7519535,12151.4819335,True
64,uniform6_2,non_compressible,global_cg,1104,0,0,67108864,67108860,5592405,89478480,0.75,35328,10,[8669626368],4,8.0642575,7.282997,8.069093,0.09747903015249706,8.02607,7.247048,8.027324,0.09721769184669454,12113.642577999999,12153.459961,True
64,uniform6_20,generic_compressible,global_cg,1104,1,1,67108864,67108860,5592405,89478480,0.75,35328,10,[8736735232],4,6.6463015,6.643645,7.289055,0.09710814352914926,6.6122675,6.611049,7.291312,0.10287892920242553,14703.670409999999,14759.4692385,True
64,uniform6_20,non_compressible,global_cg,1104,0,0,67108864,67108860,5592405,89478480,0.75,35328,10,[8669626368],4,6.6450125,6.643411,7.283326,0.09630004458230881,6.6096575,6.609194,7.249418,0.09686190245107267,14710.847656000002,14768.756836,True
64,uniform6_21,generic_compressible,global_cg,1104,1,1,67108864,67108860,5592405,89478480,0.75,35328,10,[8736735232],4,38.4085565,38.345295,38.50201,0.004080210616610868,34.260538499999996,33.380459,34.654405,0.03718406235792223,2497.114258,2779.0371095,True
64,uniform6_21,non_compressible,global_cg,1104,0,0,67108864,67108860,5592405,89478480,0.75,35328,10,[8669626368],4,7.3521085,6.64224,8.066674,0.1937449644547548,7.3178494999999995,6.610392,8.025785,0.19341652216269287,12508.245117,12551.656738,True
64,uniform6_22,generic_compressible,global_cg,1104,1,1,67108864,67108860,5592405,89478480,0.75,35328,10,[8736735232],4,7.354869000000001,6.646262,8.07036,0.19362656221341273,7.3206785,6.610701,8.031201,0.1940393912941266,13409.875977,13458.5546875,True
64,uniform6_22,non_compressible,global_cg,1104,0,0,67108864,67108860,5592405,89478480,0.75,35328,10,[8669626368],4,7.354648,6.645403,8.06397,0.19288033907265167,7.31969,6.611474,8.027323,0.19343018625105718,13411.710449499999,13464.128906000002,True
64,uniform6_23,generic_compressible,global_cg,1104,1,1,67108864,67108860,5592405,89478480,0.75,35328,10,[8736735232],4,6.9689175,6.645637,8.065869,0.20379520922725797,6.932976999999999,6.614569,8.025728,0.20354300901329986,12653.927246,12715.548340000001,True
64,uniform6_23,non_compressible,global_cg,1104,0,0,67108864,67108860,5592405,89478480,0.75,35328,10,[8669626368],4,6.966120500000001,6.645755,8.069784,0.20442210266101482,6.9308715,6.611861,8.027095,0.20419279162800796,12645.8549805,12707.8583985,True
64,uniform6_24,generic_compressible,global_cg,1104,1,1,67108864,67108860,5592405,89478480,0.75,35328,10,[8736735232],4,8.063682,8.063452,8.069266,0.0007210105755659604,8.027408999999999,8.026013,8.028977,0.0003692349548900068,12117.932616999999,12152.2958985,True
64,uniform6_24,non_compressible,global_cg,1104,0,0,67108864,67108860,5592405,89478480,0.75,35328,10,[8669626368],4,8.0637395,8.063165,8.066962,0.0004708733460450321,8.0265255,8.025728,8.026867,0.00014190448905923824,12117.509277000001,12152.434082,True
64,uniform6_25,generic_compressible,global_cg,1104,1,1,67108864,67108860,5592405,89478480,0.75,35328,10,[8736735232],4,8.0666165,7.286236,8.069841,0.09714171982763783,8.0275805,7.246816,8.029661,0.09751942070216561,12116.001952999999,12157.476074499999,True
64,uniform6_25,non_compressible,global_cg,1104,0,0,67108864,67108860,5592405,89478480,0.75,35328,10,[8669626368],4,8.064142499999999,6.648803,8.066732,0.1758313422660872,8.026953500000001,6.614066,8.027552,0.1760924614799375,12118.458984500001,12160.4887695,True
64,uniform6_26,generic_compressible,global_cg,1104,1,1,67108864,67108860,5592405,89478480,0.75,35328,10,[8736735232],4,7.357977,6.645403,8.070245,0.19364588935246738,7.321007,6.610431,8.027552,0.1935691360491801,12524.302246,12570.5356445,True
64,uniform6_26,non_compressible,global_cg,1104,0,0,67108864,67108860,5592405,89478480,0.75,35328,10,[8669626368],4,7.3560995,6.643802,8.063567,0.19300513811701445,7.320461,6.61364,8.026469,0.19299727161991578,12486.614257500001,12541.328125,True
64,uniform6_27,generic_compressible,global_cg,1104,1,1,67108864,67108860,5592405,89478480,0.75,35328,10,[8736735232],4,7.356484,6.642513,8.066502,0.19356923769561651,7.3217935,6.61132,8.026924,0.1933411533663165,12489.37207,12546.962402500001,True
64,uniform6_27,non_compressible,global_cg,1104,0,0,67108864,67108860,5592405,89478480,0.75,35328,10,[8669626368],4,7.3560135,6.645169,8.063509,0.1928136755050816,7.319817500000001,6.608962,8.028463,0.19392573653646422,12490.818359,12531.0009765,True
64,uniform6_28,generic_compressible,global_cg,1104,1,1,67108864,67108860,5592405,89478480,0.75,35328,10,[8736735232],4,6.965052,6.646145,8.063913,0.20355454632643083,6.9315169999999995,6.613989,8.028293,0.2040396063372563,13548.5131835,13596.4462895,True
64,uniform6_28,non_compressible,global_cg,1104,0,0,67108864,67108860,5592405,89478480,0.75,35328,10,[8669626368],4,6.646106,6.643997,8.065869,0.21394061424840344,6.614124,6.610083,8.024019,0.21377524824149027,13775.696777500001,13829.3881835,True
64,uniform6_29,generic_compressible,global_cg,1104,1,1,67108864,67108860,5592405,89478480,0.75,35328,10,[8736735232],4,7.3577984999999995,6.645677,8.069899,0.193566322861383,7.3224035,6.613602,8.033427,0.1939014969606632,12513.2211915,12563.336426,True
64,uniform6_29,non_compressible,global_cg,1104,0,0,67108864,67108860,5592405,89478480,0.75,35328,10,[8669626368],4,7.3549745,6.645833,8.0642,0.19284458430141396,7.318536,6.610315,8.026526,0.19351015011745526,12515.3740235,12566.317871,True
64,uniform6_3,generic_compressible,global_cg,1104,1,1,67108864,67108860,5592405,89478480,0.75,35328,10,[8736735232],4,8.063222,6.648725,8.068574,0.17608953343961015,8.023394,6.614879,8.02721,0.1760266291297673,12135.658691,12178.542969,True
64,uniform6_3,non_compressible,global_cg,1104,0,0,67108864,67108860,5592405,89478480,0.75,35328,10,[8669626368],4,7.673574,6.646145,8.063452,0.1846997240138689,8.019466,6.612557,8.02493,0.17611808566804818,12264.2788085,12187.9262695,True
64,uniform6_30,generic_compressible,global_cg,1104,1,1,67108864,67108860,5592405,89478480,0.75,35328,10,[8736735232],4,8.0669635,6.646419,8.07036,0.1765151162516108,8.026469,6.612287,8.02835,0.17642415363468036,12116.588379,12160.7070315,True
64,uniform6_30,non_compressible,global_cg,1104,0,0,67108864,67108860,5592405,89478480,0.75,35328,10,[8669626368],4,8.063222,6.643645,8.069265,0.1768052522924458,8.0262975,6.610624,8.026583,0.17641496592918476,12120.193359500001,12163.166992499999,True
64,uniform6_31,generic_compressible,global_cg,1104,1,1,67108864,67108860,5592405,89478480,0.75,35328,10,[8736735232],4,7.357272999999999,6.646341,8.07059,0.19358381835226174,7.321688,6.614105,8.028463,0.19317375993077007,12483.648926,12535.426757500001,True
64,uniform6_31,non_compressible,global_cg,1104,0,0,67108864,67108860,5592405,89478480,0.75,35328,10,[8669626368],4,7.354849,6.642045,8.067307,0.19378535167751224,7.3194645,6.612209,8.025898,0.19314104194371048,12511.8896485,12571.6118165,True
64,uniform6_32,generic_compressible,global_cg,1104,1,1,67108864,67108860,5592405,89478480,0.75,35328,10,[8736735232],4,6.646243,6.641928,8.070187,0.21489719831188847,6.614124,6.612518,8.027665,0.21395834127089255,13811.03125,13866.063964500001,True
64,uniform6_32,non_compressible,global_cg,1104,0,0,67108864,67108860,5592405,89478480,0.75,35328,10,[8669626368],4,6.6439965,6.642123,8.063222,0.2138921957589833,6.6110489999999995,6.60931,8.021457,0.21360407402819132,13810.378418,13879.928711,True
64,uniform6_33,generic_compressible,global_cg,1104,1,1,67108864,67108860,5592405,89478480,0.75,35328,10,[8736735232],4,7.675142,6.647161,8.066674,0.1849494120108789,7.639886,6.614414,8.027552,0.18496846680696546,12271.625488,12308.4418945,True
64,uniform6_33,non_compressible,global_cg,1104,0,0,67108864,67108860,5592405,89478480,0.75,35328,10,[8669626368],4,7.353491999999999,6.642162,8.066904,0.19375039777020217,7.320287,6.609967,8.030004,0.19398651992742902,12494.089843500002,12542.342284999999,True
64,uniform6_34,generic_compressible,global_cg,1104,1,1,67108864,67108860,5592405,89478480,0.75,35328,10,[8736735232],4,7.3552919999999995,6.646497,8.066617,0.19307459173612698,7.320175000000001,6.613795,8.03046,0.1935288432312069,13407.364258,13453.7470705,True
64,uniform6_34,non_compressible,global_cg,1104,0,0,67108864,67108860,5592405,89478480,0.75,35328,10,[8669626368],4,7.3522095,6.641733,8.063797,0.1934199508324673,7.316738,6.609426,8.02681,0.1937180202434472,13418.69043,13463.9682615,True
64,uniform6_35,generic_compressible,global_cg,1104,1,1,67108864,67108860,5592405,89478480,0.75,35328,10,[8736735232],4,7.675276500000001,6.647239,8.070187,0.18539371187474493,7.6369240000000005,6.614569,8.027723,0.18504230237200206,12248.2695315,12310.485840000001,True
64,uniform6_35,non_compressible,global_cg,1104,0,0,67108864,67108860,5592405,89478480,0.75,35328,10,[8669626368],4,7.673743,6.644504,8.063855,0.18496201918672542,8.023934,6.612634,8.027438,0.17632298570750957,12249.560547000001,12181.931640499999,True
64,uniform6_36,generic_compressible,global_cg,1104,1,1,67108864,67108860,5592405,89478480,0.75,35328,10,[8736735232],4,7.3554645,6.646067,8.067135,0.19319894753077796,7.3212814999999996,6.610933,8.028578,0.19363345064658413,13386.5161135,13431.804199499999,True
64,uniform6_36,non_compressible,global_cg,1104,0,0,67108864,67108860,5592405,89478480,0.75,35328,10,[8669626368],4,7.354578,6.641382,8.064315,0.1934758187349431,7.318856,6.609967,8.026867,0.19359582973076656,13393.756836,13438.773926,True
64,uniform6_37,generic_compressible,global_cg,1104,1,1,67108864,67108860,5592405,89478480,0.75,35328,10,[8736735232],4,6.6476109999999995,6.646302,8.062992,0.21311265054468428,6.6143944999999995,6.60958,8.026925,0.2142818968538995,13783.381347999999,13835.747070500001,True
64,uniform6_37,non_compressible,global_cg,1104,0,0,67108864,67108860,5592405,89478480,0.75,35328,10,[8669626368],4,6.6464385,6.643606,8.070187,0.2146384112333245,6.6133120000000005,6.610701,8.026867,0.2141386948022412,13776.118164,13831.900390499999,True
64,uniform6_38,generic_compressible,global_cg,1104,1,1,67108864,67108860,5592405,89478480,0.75,35328,10,[8736735232],4,7.3550045,6.645911,8.069381,0.19353761102389538,7.317824,6.613254,8.026639,0.19314279764039133,13412.8081055,13464.3984375,True
64,uniform6_38,non_compressible,global_cg,1104,0,0,67108864,67108860,5592405,89478480,0.75,35328,10,[8669626368],4,7.354549,6.645755,8.063222,0.1927333681507866,7.316872,6.610547,8.026241,0.19348349950634647,13421.243652500001,13469.375,True
64,uniform6_39,generic_compressible,global_cg,1104,1,1,67108864,67108860,5592405,89478480,0.75,35328,10,[8736735232],4,8.066876,6.646145,8.070475,0.1765652527694736,8.0268965,6.612325,8.029719,0.1765805750703276,12121.649902500001,12161.885742,True
64,uniform6_39,non_compressible,global_cg,1104,0,0,67108864,67108860,5592405,89478480,0.75,35328,10,[8669626368],4,8.063107,6.642084,8.063222,0.17625190884853692,8.026611500000001,6.610392,8.028407,0.17666421253850387,12121.4194335,12161.538574499999,True
64,uniform6_4,generic_compressible,global_cg,1104,1,1,67108864,67108860,5592405,89478480,0.75,35328,10,[8736735232],4,6.646087,6.645325,8.066905,0.21389729024010679,6.6119965,6.610315,8.026583,0.21419672560322747,14715.041504,14756.052734500001,True
64,uniform6_4,non_compressible,global_cg,1104,0,0,67108864,67108860,5592405,89478480,0.75,35328,10,[8669626368],4,6.646165,6.641889,8.063107,0.21384031242077206,6.6126345,6.609426,8.027152,0.21439654648990492,14706.114257500001,14761.4521485,True
64,uniform6_40,generic_compressible,global_cg,1104,1,1,67108864,67108860,5592405,89478480,0.75,35328,10,[8736735232],4,8.065207000000001,8.063165,8.07036,0.000892103575271059,8.027922499999999,8.02681,8.033199,0.0007958472444147814,12111.229004,12151.7109375,True
64,uniform6_40,non_compressible,global_cg,1104,0,0,67108864,67108860,5592405,89478480,0.75,35328,10,[8669626368],4,8.0651495,8.063452,8.066329,0.00035671998392587716,8.026867,8.026412,8.027153,9.231497170685133e-05,12118.615234500001,12157.378906499998,True
64,uniform6_41,generic_compressible,global_cg,1104,1,1,67108864,67108860,5592405,89478480,0.75,35328,10,[8736735232],4,6.646145000000001,6.64595,8.070533,0.21434726446684493,6.6134284999999995,6.610469,8.02664,0.21413567864232605,14710.339844,14747.629882500001,True
64,uniform6_41,non_compressible,global_cg,1104,0,0,67108864,67108860,5592405,89478480,0.75,35328,10,[8669626368],4,6.6447590000000005,6.641382,8.069899,0.21498401973645684,6.612113000000001,6.610005,8.026981,0.2143000278428392,14708.643554999999,14763.759766,True
64,uniform6_42,generic_compressible,global_cg,1104,1,1,67108864,67108860,5592405,89478480,0.75,35328,10,[8736735232],4,38.420231,38.341394,38.486281,0.003771112151824311,34.5914135,33.454545,34.652282,0.03462526907147048,2497.235352,2776.279297,True
64,uniform6_42,non_compressible,global_cg,1104,0,0,67108864,67108860,5592405,89478480,0.75,35328,10,[8669626368],4,8.0627625,6.646888,8.069956,0.17649881166659687,8.0253005,6.614337,8.026241,0.17593160530250557,12129.682617,12168.8603515,True
64,uniform6_43,generic_compressible,global_cg,1104,1,1,67108864,67108860,5592405,89478480,0.75,35328,10,[8736735232],4,6.9676665,6.645989,8.062762,0.20333536342475622,6.931547999999999,6.61132,8.026013,0.20409481402999746,13555.909179999999,13602.941406,True
64,uniform6_43,non_compressible,global_cg,1104,0,0,67108864,67108860,5592405,89478480,0.75,35328,10,[8669626368],4,6.9663319999999995,6.644505,8.06282,0.20359566555254627,6.9300060000000006,6.610315,8.022197,0.20373459994118334,13555.737304499999,13606.685059,True
64,uniform6_44,generic_compressible,global_cg,1104,1,1,67108864,67108860,5592405,89478480,0.75,35328,10,[8736735232],4,7.6781355,6.645911,8.069093,0.1853551555582733,7.6394185,6.612402,8.032742,0.18592252800393125,12246.613281,12301.2270505,True
64,uniform6_44,non_compressible,global_cg,1104,0,0,67108864,67108860,5592405,89478480,0.75,35328,10,[8669626368],4,7.676144000000001,6.646145,8.066559,0.1850426464120527,7.638028,6.610624,8.026241,0.1853380218035337,12256.2631835,12311.229492,True
64,uniform6_45,generic_compressible,global_cg,1104,1,1,67108864,67108860,5592405,89478480,0.75,35328,10,[8736735232],4,7.355933,6.646145,8.069726,0.19352827166859723,7.32178,6.61337,8.028178,0.19323279311861333,12490.1430665,12538.71875,True
64,uniform6_45,non_compressible,global_cg,1104,0,0,67108864,67108860,5592405,89478480,0.75,35328,10,[8669626368],4,7.6749955,6.646106,8.06725,0.1851654505856062,7.3338325,6.612364,8.028236,0.1930603132809482,12267.290039,12546.150879,True
64,uniform6_46,generic_compressible,global_cg,1104,1,1,67108864,67108860,5592405,89478480,0.75,35328,10,[8736735232],4,6.9677745,6.646067,7.286987,0.09198345899397282,6.9321715,6.610431,7.251976,0.09254603698134124,12660.2973635,12718.5449215,True
64,uniform6_46,non_compressible,global_cg,1104,0,0,67108864,67108860,5592405,89478480,0.75,35328,10,[8669626368],4,6.647611,6.646145,7.286847,0.09638079003118565,6.614395,6.611977,7.277793,0.10066166293364692,12882.178222499999,12946.798339500001,True
64,uniform6_47,generic_compressible,global_cg,1104,1,1,67108864,67108860,5592405,89478480,0.75,35328,10,[8736735232],4,7.3564245,6.646575,8.063395,0.19259628097861936,7.3230699999999995,6.608305,8.03297,0.1945447742545136,12487.895507500001,12541.9770505,True
64,uniform6_47,non_compressible,global_cg,1104,0,0,67108864,67108860,5592405,89478480,0.75,35328,10,[8669626368],4,7.6729065,6.643841,8.066041,0.1853534902321565,7.634739,6.60873,8.026412,0.18568833852735506,12268.122070000001,12300.862793,True
64,uniform6_48,generic_compressible,global_cg,1104,1,1,67108864,67108860,5592405,89478480,0.75,35328,10,[8736735232],4,6.647572,6.645676,8.064027,0.21336376650000924,6.6150335,6.613215,8.028463,0.21394419242170126,12878.1865235,12933.595702999999,True
64,uniform6_48,non_compressible,global_cg,1104,0,0,67108864,67108860,5592405,89478480,0.75,35328,10,[8669626368],4,6.6474545,6.641967,8.067307,0.2144189177977825,6.6150535,6.608382,8.027153,0.21447611874945538,12861.1552735,12941.7333985,True
64,uniform6_49,generic_compressible,global_cg,1104,1,1,67108864,67108860,5592405,89478480,0.75,35328,10,[8736735232],4,7.353963,6.641265,8.0642,0.19349227076611614,7.3200795,6.612286,8.026924,0.19325445850690545,13408.552246,13455.2773435,True
64,uniform6_49,non_compressible,global_cg,1104,0,0,67108864,67108860,5592405,89478480,0.75,35328,10,[8669626368],4,7.3563755,6.646224,8.06702,0.1931380473984776,7.318766,6.609116,8.029547,0.1940806687903399,13409.475097999999,13463.338379,True
64,uniform6_5,generic_compressible,global_cg,1104,1,1,67108864,67108860,5592405,89478480,0.75,35328,10,[8736735232],4,8.067796999999999,6.650681,8.070302,0.17596141796825088,8.0266965,6.61453,8.027039,0.17597638081868425,12115.9765625,12157.225097999999,True
64,uniform6_5,non_compressible,global_cg,1104,0,0,67108864,67108860,5592405,89478480,0.75,35328,10,[8669626368],4,8.063826,6.646301,8.069899,0.17654125969483955,8.025984,6.61306,8.026639,0.17612531996076738,12119.196289,12159.090332,True
64,uniform6_50,generic_compressible,global_cg,1104,1,1,67108864,67108860,5592405,89478480,0.75,35328,10,[8736735232],4,6.6479634999999995,6.645716,8.066789,0.21376065016000764,6.9335249999999995,6.611204,8.027837,0.20431641913745174,13764.270508,13598.3950195,True
64,uniform6_50,non_compressible,global_cg,1104,0,0,67108864,67108860,5592405,89478480,0.75,35328,10,[8669626368],4,6.6445245,6.642396,8.06282,0.21377361164068256,6.6123445,6.609928,8.028806,0.21458016895520182,13771.5927735,13816.7856445,True
64,uniform6_51,generic_compressible,global_cg,1104,1,1,67108864,67108860,5592405,89478480,0.75,35328,10,[8736735232],4,6.646438,6.644309,8.066789,0.2140214051496456,6.6123255,6.610624,8.033142,0.21513127265135393,14700.331543,14763.2001955,True
64,uniform6_51,non_compressible,global_cg,1104,0,0,67108864,67108860,5592405,89478480,0.75,35328,10,[8669626368],4,6.6437235,6.641694,8.063452,0.21400017625658257,6.611649,6.609619,8.026126,0.21424413183458457,14712.624023,14769.264160499999,True
64,uniform6_52,generic_compressible,global_cg,1104,1,1,67108864,67108860,5592405,89478480,0.75,35328,10,[8736735232],4,6.646126000000001,6.64185,8.066329,0.21433222903086696,6.611978000000001,6.608421,8.028065,0.21470791342620918,14704.234375,14762.396484500001,True
64,uniform6_52,non_compressible,global_cg,1104,0,0,67108864,67108860,5592405,89478480,0.75,35328,10,[8669626368],4,6.644583,6.643723,8.063107,0.2136152110674215,6.609986,6.609117,8.026013,0.2143568836605706,14714.1450195,14766.356445000001,True
64,uniform6_53,generic_compressible,global_cg,1104,1,1,67108864,67108860,5592405,89478480,0.75,35328,10,[8736735232],4,6.646243500000001,6.64595,6.651542,0.0008413775390564671,6.613137500000001,6.611938,6.614337,0.00036276275822173603,14702.605468500002,14763.1230465,True
64,uniform6_53,non_compressible,global_cg,1104,0,0,67108864,67108860,5592405,89478480,0.75,35328,10,[8669626368],4,6.644915,6.643489,7.283373,0.09629679235927026,6.611552,6.609194,7.246072,0.09632806336545494,14688.8549805,14739.2802735,True
64,uniform6_54,generic_compressible,global_cg,1104,1,1,67108864,67108860,5592405,89478480,0.75,35328,10,[8736735232],4,7.35506,6.645911,8.070071,0.19362996358969206,7.3204555,6.611977,8.030574,0.19378534573429199,13416.7001955,13463.748535499999,True
64,uniform6_54,non_compressible,global_cg,1104,0,0,67108864,67108860,5592405,89478480,0.75,35328,10,[8669626368],4,7.354674,6.642123,8.063682,0.19328647333654764,7.3189735,6.609503,8.02664,0.19362510330171304,13417.464844,13466.642577999999,True
64,uniform6_55,generic_compressible,global_cg,1104,1,1,67108864,67108860,5592405,89478480,0.75,35328,10,[8736735232],4,7.3561885,6.646067,8.066732,0.19312514898170427,7.3203285000000005,6.613176,8.027495,0.19320430770285785,13413.3208005,13463.211914,True
64,uniform6_55,non_compressible,global_cg,1104,0,0,67108864,67108860,5592405,89478480,0.75,35328,10,[8669626368],4,7.354585,6.645637,8.064373,0.19290497016486993,7.3188925000000005,6.609812,8.026867,0.19361604231787793,13417.003418,13466.135254,True
64,uniform6_56,generic_compressible,global_cg,1104,1,1,67108864,67108860,5592405,89478480,0.75,35328,10,[8736735232],4,6.648842,6.646028,8.070129,0.21418782398498856,6.615130000000001,6.613757,8.028635,0.21388513906756174,12901.2890625,12931.350097499999,True
64,uniform6_56,non_compressible,global_cg,1104,0,0,67108864,67108860,5592405,89478480,0.75,35328,10,[8669626368],4,6.6471219999999995,6.644192,8.063452,0.21351496181354873,6.613892,6.611745,8.027494,0.2140568669703105,12887.4799805,12942.969238,True
64,uniform6_57,generic_compressible,global_cg,1104,1,1,67108864,67108860,5592405,89478480,0.75,35328,10,[8736735232],4,6.6468095,6.645715,8.064085,0.21339110139985212,6.613659999999999,6.611242,8.026298,0.21395959272173062,14704.98584,14763.328613000001,True
64,uniform6_57,non_compressible,global_cg,1104,0,0,67108864,67108860,5592405,89478480,0.75,35328,10,[8669626368],4,6.643392,6.641538,8.0642,0.21414692976118221,6.6116675,6.610199,8.026241,0.21417320214605481,14716.7006835,14775.319336,True
64,uniform6_58,generic_compressible,global_cg,1104,1,1,67108864,67108860,5592405,89478480,0.75,35328,10,[8736735232],4,7.355174999999999,6.643724,8.064142,0.19311817869731188,7.3211385,6.613989,8.028692,0.19323538272087046,12503.950195000001,12560.86084,True
64,uniform6_58,non_compressible,global_cg,1104,0,0,67108864,67108860,5592405,89478480,0.75,35328,10,[8669626368],4,7.354871,6.643333,8.063509,0.19309325751600534,7.318535,6.610972,8.027209,0.19351372918213808,12488.8012695,12531.378906,True
64,uniform6_59,generic_compressible,global_cg,1104,1,1,67108864,67108860,5592405,89478480,0.75,35328,10,[8736735232],4,6.645872000000001,6.642006,8.063452,0.2138840471197759,6.6136985,6.61306,8.026867,0.21376949674981394,14710.8828125,14763.6137695,True
64,uniform6_59,non_compressible,global_cg,1104,0,0,67108864,67108860,5592405,89478480,0.75,35328,10,[8669626368],4,6.6439775,6.643645,8.063855,0.21375900204358006,6.6101405,6.609464,8.026582,0.21438545822134938,14710.545409999999,14770.923827999999,True
64,uniform6_6,generic_compressible,global_cg,1104,1,1,67108864,67108860,5592405,89478480,0.75,35328,10,[8736735232],4,7.357842,6.646184,8.069899,0.19349627241248177,7.319545,6.613757,8.030175,0.19351175517057415,13407.318847499999,13457.8051755,True
64,uniform6_6,non_compressible,global_cg,1104,0,0,67108864,67108860,5592405,89478480,0.75,35328,10,[8669626368],4,7.352608,6.641499,8.066041,0.19374649104100214,7.3191525,6.610315,8.026013,0.19342376046953533,13417.914551,13468.0659175,True
64,uniform6_60,generic_compressible,global_cg,1104,1,1,67108864,67108860,5592405,89478480,0.75,35328,10,[8736735232],4,6.645716,6.64185,8.059485,0.21331561565375357,6.612693,6.609155,8.021172,0.21353131016365037,14702.6015625,14740.347168,True
64,uniform6_60,non_compressible,global_cg,1104,0,0,67108864,67108860,5592405,89478480,0.75,35328,10,[8669626368],4,6.646223,6.643919,7.286424,0.09667220013532496,6.6110495,6.609387,8.01702,0.21292126159394217,14683.458984500001,14741.7216795,True
64,uniform6_61,generic_compressible,global_cg,1104,1,1,67108864,67108860,5592405,89478480,0.75,35328,10,[8736735232],4,7.3551935,6.646106,8.070014,0.1935921876154585,7.3204565,6.611088,8.027893,0.1935405257855164,12529.095215000001,12561.0581055,True
64,uniform6_61,non_compressible,global_cg,1104,0,0,67108864,67108860,5592405,89478480,0.75,35328,10,[8669626368],4,7.3559145,6.644114,8.069093,0.19371880953754975,7.3159555,6.611165,8.028463,0.19372698480738443,12485.9262695,12586.6748045,True
64,uniform6_62,generic_compressible,global_cg,1104,1,1,67108864,67108860,5592405,89478480,0.75,35328,10,[8736735232],4,7.357176000000001,6.646067,8.067135,0.1931540036557505,7.320347,6.613718,8.027095,0.19307513701194748,12495.166504,12548.290039,True
64,uniform6_62,non_compressible,global_cg,1104,0,0,67108864,67108860,5592405,89478480,0.75,35328,10,[8669626368],4,7.355097000000001,6.642279,8.062992,0.1931603349350796,7.320375500000001,6.60931,8.02778,0.19377011466146785,12489.5043945,12541.8564455,True
64,uniform6_63,generic_compressible,global_cg,1104,1,1,67108864,67108860,5592405,89478480,0.75,35328,10,[8736735232],4,38.5118475,38.504632,38.52694,0.0005792503203073401,38.462067,38.437863,38.537446,0.0025891224202797694,2496.411621,2495.0483400000003,True
64,uniform6_63,non_compressible,global_cg,1104,0,0,67108864,67108860,5592405,89478480,0.75,35328,10,[8669626368],4,6.6452279999999995,6.641655,8.063567,0.21397490048497972,6.663366,6.610121,8.026412,0.21254888295194954,13791.630371,13841.928222499999,True
64,uniform6_7,generic_compressible,global_cg,1104,1,1,67108864,67108860,5592405,89478480,0.75,35328,10,[8736735232],4,8.063711000000001,6.646497,8.069438,0.17646230129031157,8.0270105,6.609851,8.030631,0.1769998930486013,12121.4575195,12165.135254,True
64,uniform6_7,non_compressible,global_cg,1104,0,0,67108864,67108860,5592405,89478480,0.75,35328,10,[8669626368],4,8.062446,6.646575,8.069899,0.17653749246816652,8.0260415,6.611088,8.027552,0.17648351307428456,12119.9106445,12160.186034999999,True
64,uniform6_8,generic_compressible,global_cg,1104,1,1,67108864,67108860,5592405,89478480,0.75,35328,10,[8736735232],4,6.965294500000001,6.641616,8.063395,0.20412331452747615,6.9333225,6.610547,8.028863,0.204565127325319,13553.624511999999,13586.086426,True
64,uniform6_8,non_compressible,global_cg,1104,0,0,67108864,67108860,5592405,89478480,0.75,35328,10,[8669626368],4,6.965414,6.641811,8.065984,0.20446351071163904,6.9314165,6.612248,8.027552,0.2041868354037014,13528.1894535,13578.3564455,True
64,uniform6_9,generic_compressible,global_cg,1104,1,1,67108864,67108860,5592405,89478480,0.75,35328,10,[8736735232],4,7.676763,6.646262,8.066847,0.18505000089230306,7.6402675,6.614066,8.031829,0.18556457610940977,12252.9018555,12308.071289,True
64,uniform6_9,non_compressible,global_cg,1104,0,0,67108864,67108860,5592405,89478480,0.75,35328,10,[8669626368],4,7.677744499999999,6.642045,8.069841,0.185965552773995,7.6386345,6.611281,8.028806,0.18557308901217873,12238.6225585,12299.4335935,True
128,uniform6_0,generic_compressible,global_cg,1104,1,1,134217728,134217720,11184810,178956960,0.75,35328,10,[8803844096],4,38.509879,38.495454,38.513814,0.0004767607813050066,38.470568,38.454861,38.536133,0.002112576034749434,2497.0551754999997,2495.1791995000003,True
128,uniform6_0,non_compressible,global_cg,1104,0,0,134217728,134217720,11184810,178956960,0.75,35328,10,[8669626368],4,6.528885,5.388703,6.530695,0.17491378696362397,6.5273015,5.386033,6.528432,0.17501857390837536,14980.1098635,14966.975586,True
128,uniform6_1,generic_compressible,global_cg,1104,1,1,134217728,134217720,11184810,178956960,0.75,35328,10,[8803844096],4,5.958852,5.389191,6.530507,0.19153286572648553,5.957254000000001,5.386341,6.526887,0.19145498916111356,16553.1357425,16540.942871,True
128,uniform6_1,non_compressible,global_cg,1104,0,0,134217728,134217720,11184810,178956960,0.75,35328,10,[8669626368],4,5.958747000000001,5.388369,6.532997,0.1920920623077301,5.955894000000001,5.384596,6.530092,0.19232981648095138,16560.6328125,16561.359375,True
128,uniform6_10,generic_compressible,global_cg,1104,1,1,134217728,134217720,11184810,178956960,0.75,35328,10,[8803844096],4,5.389422,5.388549,5.39225,0.0006867155698699249,5.3868030000000005,5.38393,5.389345,0.0010052344591029746,17145.915039,16989.446289,True
128,uniform6_10,non_compressible,global_cg,1104,0,0,134217728,134217720,11184810,178956960,0.75,35328,10,[8669626368],4,5.3910675,5.390347,5.394617,0.000792050924979143,5.387252,5.38434,5.388523,0.0007764626566569133,17765.250487999998,16996.199707,True
128,uniform6_11,generic_compressible,global_cg,1104,1,1,134217728,134217720,11184810,178956960,0.75,35328,10,[8803844096],4,5.3909645,5.387778,6.530545,0.2119782090941241,5.3880865,5.385263,6.528621,0.2122011218639493,15911.954590000001,16989.882324,True
128,uniform6_11,non_compressible,global_cg,1104,0,0,134217728,134217720,11184810,178956960,0.75,35328,10,[8669626368],4,5.3898589999999995,5.387522,6.528319,0.21165618618223597,5.3877275000000004,5.386957,6.525606,0.21134123802660768,16996.666504,16999.831055,True
128,uniform6_12,generic_compressible,global_cg,1104,1,1,134217728,134217720,11184810,178956960,0.75,35328,10,[8803844096],4,5.958551,5.387522,6.530544,0.19182885235017713,5.956658,5.38475,6.527565,0.1918550636951122,16538.644531500002,16534.791504,True
128,uniform6_12,non_compressible,global_cg,1104,0,0,134217728,134217720,11184810,178956960,0.75,35328,10,[8669626368],4,5.9588754999999995,5.387008,6.531299,0.19203136564944176,5.956936499999999,5.385674,6.526736,0.19155181526611872,16542.6430665,16532.801758,True
128,uniform6_13,generic_compressible,global_cg,1104,1,1,134217728,134217720,11184810,178956960,0.75,35328,10,[8803844096],4,5.389177999999999,5.387368,6.528206,0.211690539818874,5.38724,5.383853,6.527038,0.21220235222488693,18126.830078,17220.468262,True
128,uniform6_13,non_compressible,global_cg,1104,0,0,134217728,134217720,11184810,178956960,0.75,35328,10,[8669626368],4,5.390617499999999,5.387445,6.528696,0.21171062498869575,5.387445,5.385366,6.526096,0.21173858851459265,17039.527343499998,17043.166504,True
128,uniform6_14,generic_compressible,global_cg,1104,1,1,134217728,134217720,11184810,178956960,0.75,35328,10,[8803844096],4,5.388395,5.38747,6.528696,0.21179330765469118,5.3867005,5.385802,6.529828,0.2123797304119656,17922.8359375,17023.2041015,True
128,uniform6_14,non_compressible,global_cg,1104,0,0,134217728,134217720,11184810,178956960,0.75,35328,10,[8669626368],4,5.391183,5.387496,6.528659,0.21167209497433134,5.387907,5.386469,6.526209,0.2115366876228561,17037.2016605,17020.322754,True
128,uniform6_15,generic_compressible,global_cg,1104,1,1,134217728,134217720,11184810,178956960,0.75,35328,10,[8803844096],4,6.52847,5.387573,6.528772,0.17480343786522726,6.5265105000000005,5.388549,6.528998,0.17474100440043716,14977.0322265,14963.6171875,True
128,uniform6_15,non_compressible,global_cg,1104,0,0,134217728,134217720,11184810,178956960,0.75,35328,10,[8669626368],4,6.528508,5.387419,6.529186,0.17488942343334796,6.52619,5.388241,6.526963,0.1744849598310807,14976.208496,14962.0820315,True
128,uniform6_16,generic_compressible,global_cg,1104,1,1,134217728,134217720,11184810,178956960,0.75,35328,10,[8803844096],4,5.3898595,5.388831,6.532809,0.2122463489076108,5.38688,5.386392,6.526774,0.21169619520019006,18140.246094000002,18137.097168,True
128,uniform6_16,non_compressible,global_cg,1104,0,0,134217728,134217720,11184810,178956960,0.75,35328,10,[8669626368],4,5.388612999999999,5.386469,6.528508,0.2119356131160283,5.386803,5.386213,6.526134,0.21161364170919195,18149.482422,18135.970703,True
128,uniform6_17,generic_compressible,global_cg,1104,1,1,134217728,134217720,11184810,178956960,0.75,35328,10,[8803844096],4,5.389564,5.38747,6.530507,0.21208338930570259,5.3875085,5.386392,6.526962,0.21170639452355394,17004.432129,16993.603027,True
128,uniform6_17,non_compressible,global_cg,1104,0,0,134217728,134217720,11184810,178956960,0.75,35328,10,[8669626368],4,5.3892679999999995,5.387702,6.528546,0.2116881179410637,5.3874065,5.385391,6.526171,0.21174938256469036,18118.5625,18082.3725585,True
128,uniform6_18,generic_compressible,global_cg,1104,1,1,134217728,134217720,11184810,178956960,0.75,35328,10,[8803844096],4,5.3897695,5.38783,6.525757,0.2111272105421205,5.3879585,5.387445,6.525455,0.21121357931765816,17044.0600585,17006.377441,True
128,uniform6_18,non_compressible,global_cg,1104,0,0,134217728,134217720,11184810,178956960,0.75,35328,10,[8669626368],4,5.389640999999999,5.386983,6.53062,0.21219168401012242,5.386546,5.384314,6.528772,0.21246602182548896,18117.940430000002,17021.1206055,True
128,uniform6_19,generic_compressible,global_cg,1104,1,1,134217728,134217720,11184810,178956960,0.75,35328,10,[8803844096],4,5.390823,5.387496,6.528395,0.2116372583555424,5.388074,5.386392,6.527301,0.21174709181796683,18105.0512695,18107.6499025,True
128,uniform6_19,non_compressible,global_cg,1104,0,0,134217728,134217720,11184810,178956960,0.75,35328,10,[8669626368],4,5.389255,5.38765,6.533035,0.21253123112563796,5.385443,5.385237,6.528055,0.21220501266098257,17024.4033205,18104.7177735,True
128,uniform6_2,generic_compressible,global_cg,1104,1,1,134217728,134217720,11184810,178956960,0.75,35328,10,[8803844096],4,6.5284510000000004,5.38914,6.529149,0.17462166752879052,6.5261145,5.385905,6.52651,0.1747755115237405,14977.4052735,14967.7734375,True
128,uniform6_2,non_compressible,global_cg,1104,0,0,134217728,134217720,11184810,178956960,0.75,35328,10,[8669626368],4,6.528601999999999,5.39081,6.530393,0.17455237736961146,6.526887,5.386187,6.527905,0.17492535109003726,14978.333984500001,14960.6694335,True
128,uniform6_20,generic_compressible,global_cg,1104,1,1,134217728,134217720,11184810,178956960,0.75,35328,10,[8803844096],4,5.389127,5.387316,6.530808,0.2121850162373238,5.388009500000001,5.386264,6.525832,0.2115007406724135,18128.3818355,18113.6621095,True
128,uniform6_20,non_compressible,global_cg,1104,0,0,134217728,134217720,11184810,178956960,0.75,35328,10,[8669626368],4,5.3893835,5.387522,6.532506,0.21245175816491813,5.3869185,5.385853,6.526322,0.21171083245458427,18125.567383,18108.866699500002,True
128,uniform6_21,generic_compressible,global_cg,1104,1,1,134217728,134217720,11184810,178956960,0.75,35328,10,[8803844096],4,8.777834,7.936313,9.618623,0.19165434206206214,8.708957,7.869795,9.54585,0.19245186306465858,11206.6538085,11274.955566,True
128,uniform6_21,non_compressible,global_cg,1104,0,0,134217728,134217720,11184810,178956960,0.75,35328,10,[8669626368],4,5.9588535,5.385109,6.53228,0.19251538907610333,5.9573635,5.385392,6.527528,0.19171836669023132,16535.113280999998,15438.613281,True
128,uniform6_22,generic_compressible,global_cg,1104,1,1,134217728,134217720,11184810,178956960,0.75,35328,10,[8803844096],4,6.528734,6.528583,6.529262,0.00010400178656380764,6.527,6.52651,6.529639,0.0004793932894132651,14979.5917965,14962.670410499999,True
128,uniform6_22,non_compressible,global_cg,1104,0,0,134217728,134217720,11184810,178956960,0.75,35328,10,[8669626368],4,6.530828,6.528583,6.533073,0.0006875085364366755,6.5280745,6.526661,6.528508,0.00028293182009497564,14978.494629,14962.6274415,True
128,uniform6_23,generic_compressible,global_cg,1104,1,1,134217728,134217720,11184810,178956960,0.75,35328,10,[8803844096],4,5.389011,5.388318,5.392353,0.0007487459201697697,5.3878045,5.386623,5.388266,0.0003049479616418185,18096.623535,18095.089844000002,True
128,uniform6_23,non_compressible,global_cg,1104,0,0,134217728,134217720,11184810,178956960,0.75,35328,10,[8669626368],4,5.389962000000001,5.389165,5.390476,0.0002432299151644104,5.3877275000000004,5.386957,5.389294,0.00043376358585318415,17006.0195315,17042.0581055,True
128,uniform6_24,generic_compressible,global_cg,1104,1,1,134217728,134217720,11184810,178956960,0.75,35328,10,[8803844096],4,5.958721499999999,5.38842,6.528508,0.19133097594844808,5.957231,5.387419,6.529073,0.1916417207927643,16546.9609375,16536.361816,True
128,uniform6_24,non_compressible,global_cg,1104,0,0,134217728,134217720,11184810,178956960,0.75,35328,10,[8669626368],4,5.958368,5.388035,6.528508,0.19140694230366437,5.9564775,5.386546,6.528357,0.19169232151048998,16560.2158205,16524.354004,True
128,uniform6_25,generic_compressible,global_cg,1104,1,1,134217728,134217720,11184810,178956960,0.75,35328,10,[8803844096],4,6.528772,6.528357,6.530846,0.00038123555241332207,6.526415999999999,6.525945,6.527301,0.00020777100325806213,14976.850586,14962.2539065,True
128,uniform6_25,non_compressible,global_cg,1104,0,0,134217728,134217720,11184810,178956960,0.75,35328,10,[8669626368],4,6.5284135,6.528169,6.528998,0.00012698337812081366,6.5260015,6.525418,6.530582,0.0007912961711700073,14979.7368165,14964.833008000001,True
128,uniform6_26,generic_compressible,global_cg,1104,1,1,134217728,134217720,11184810,178956960,0.75,35328,10,[8803844096],4,5.3894225,5.388934,6.52587,0.210956925347753,5.386983,5.38534,6.526284,0.21179647309078203,18113.1767575,18104.628418,True
128,uniform6_26,non_compressible,global_cg,1104,0,0,134217728,134217720,11184810,178956960,0.75,35328,10,[8669626368],4,5.389114,5.38747,6.531073,0.21220612516268902,5.3869695,5.386315,6.52602,0.21156700441686185,18113.506348,18079.934082,True
128,uniform6_27,generic_compressible,global_cg,1104,1,1,134217728,134217720,11184810,178956960,0.75,35328,10,[8803844096],4,5.958417,5.387547,6.528847,0.19154416349174624,5.9570735,5.386367,6.527415,0.19154505983516915,16537.761719,16528.972168,True
128,uniform6_27,non_compressible,global_cg,1104,0,0,134217728,134217720,11184810,178956960,0.75,35328,10,[8669626368],4,5.9598534999999995,5.38932,6.532695,0.19184615863460416,5.9573184999999995,5.387522,6.529865,0.19175456205673752,15439.083984500001,15432.201172000001,True
128,uniform6_28,generic_compressible,global_cg,1104,1,1,134217728,134217720,11184810,178956960,0.75,35328,10,[8803844096],4,5.9606325,5.391607,6.529036,0.1908235409581114,5.956991,5.387008,6.526397,0.19126921628721621,15449.8100585,15400.5244145,True
128,uniform6_28,non_compressible,global_cg,1104,0,0,134217728,134217720,11184810,178956960,0.75,35328,10,[8669626368],4,5.9605155,5.392276,6.528508,0.19062646511027453,5.9584015,5.389217,6.528923,0.19127714035383475,15418.037597499999,15402.671875,True
128,uniform6_29,generic_compressible,global_cg,1104,1,1,134217728,134217720,11184810,178956960,0.75,35328,10,[8803844096],4,5.3895895,5.388164,5.392507,0.0008058127618068928,5.3870725,5.38534,5.387753,0.00044792417402954505,18136.661133,18113.526367,True
128,uniform6_29,non_compressible,global_cg,1104,0,0,134217728,134217720,11184810,178956960,0.75,35328,10,[8669626368],4,5.38905,5.388575,5.389345,0.00014288232619835987,5.3868285,5.385751,5.387676,0.0003573531253129656,18144.918944999998,18142.5810545,True
128,uniform6_3,generic_compressible,global_cg,1104,1,1,134217728,134217720,11184810,178956960,0.75,35328,10,[8803844096],4,5.959067,5.388754,6.528621,0.19128279645118954,5.957382,5.387393,6.528772,0.19159070209028053,16533.983887,16545.2631835,True
128,uniform6_3,non_compressible,global_cg,1104,0,0,134217728,134217720,11184810,178956960,0.75,35328,10,[8669626368],4,5.9584220000000006,5.387419,6.528847,0.1915654849555804,5.957548,5.38534,6.529073,0.19198049264563208,16532.677246,16522.3066405,True
128,uniform6_30,generic_compressible,global_cg,1104,1,1,134217728,134217720,11184810,178956960,0.75,35328,10,[8803844096],4,6.528225,5.389217,6.528583,0.17452921736000213,6.5263595,5.388754,6.527943,0.17455198414981585,14977.7216795,14952.0644535,True
128,uniform6_30,non_compressible,global_cg,1104,0,0,134217728,134217720,11184810,178956960,0.75,35328,10,[8669626368],4,6.527452500000001,5.389191,6.530167,0.17479652283949967,6.5262085,5.387548,6.526925,0.17458482976754428,14969.824218999998,14951.711914,True
128,uniform6_31,generic_compressible,global_cg,1104,1,1,134217728,134217720,11184810,178956960,0.75,35328,10,[8803844096],4,5.391119,5.389114,6.528546,0.2113535241941423,5.5416965000000005,5.386187,6.526473,0.2057647870106204,16979.3544925,16952.7192385,True
128,uniform6_31,non_compressible,global_cg,1104,0,0,134217728,134217720,11184810,178956960,0.75,35328,10,[8669626368],4,5.391852,5.389448,6.528432,0.21124170322182428,5.3898725,5.386649,6.527792,0.2117198505159444,16980.6064455,16961.947754,True
128,uniform6_32,generic_compressible,global_cg,1104,1,1,134217728,134217720,11184810,178956960,0.75,35328,10,[8803844096],4,5.9586760000000005,5.386726,6.529073,0.19171154800160303,5.956633,5.386803,6.526284,0.19129615673821115,16561.089843499998,16548.4648435,True
128,uniform6_32,non_compressible,global_cg,1104,0,0,134217728,134217720,11184810,178956960,0.75,35328,10,[8669626368],4,5.959898,5.389037,6.530695,0.19155663402293122,5.9573920000000005,5.387701,6.526397,0.191140015631001,16534.90625,16520.843262000002,True
128,uniform6_33,generic_compressible,global_cg,1104,1,1,134217728,134217720,11184810,178956960,0.75,35328,10,[8803844096],4,6.52847,6.526661,6.530393,0.0005716500190703626,6.5273015,6.526247,6.530582,0.0006641335626981839,14977.8925785,14967.043457,True
128,uniform6_33,non_compressible,global_cg,1104,0,0,134217728,134217720,11184810,178956960,0.75,35328,10,[8669626368],4,6.52847,6.524514,6.530582,0.0009294673943511974,6.5267175,6.52602,6.529224,0.000490905267464113,14980.698242,14962.4482425,True
128,uniform6_34,generic_compressible,global_cg,1104,1,1,134217728,134217720,11184810,178956960,0.75,35328,10,[8803844096],4,5.3890885,5.388472,5.390681,0.0004099023424832759,5.3870085,5.385468,5.388035,0.0004765167903484811,18119.90625,18107.0263675,True
128,uniform6_34,non_compressible,global_cg,1104,0,0,134217728,134217720,11184810,178956960,0.75,35328,10,[8669626368],4,5.3890365,5.387573,5.39135,0.0007008673999518028,5.3865335000000005,5.385366,5.388241,0.0005337384423580614,18095.135742,18109.5898435,True
128,uniform6_35,generic_compressible,global_cg,1104,1,1,134217728,134217720,11184810,178956960,0.75,35328,10,[8803844096],4,6.528772,5.389345,6.532506,0.1750958679518905,6.5278295,5.387932,6.531072,0.17511793161877157,14975.154785499999,14961.216797000001,True
128,uniform6_35,non_compressible,global_cg,1104,0,0,134217728,134217720,11184810,178956960,0.75,35328,10,[8669626368],4,6.5284325,5.387111,6.528696,0.17486356793916458,6.5266235,5.387393,6.527339,0.17466091004023737,14975.5756835,14964.677734500001,True
128,uniform6_36,generic_compressible,global_cg,1104,1,1,134217728,134217720,11184810,178956960,0.75,35328,10,[8803844096],4,6.528696500000001,5.391787,6.528998,0.17418653172191412,6.527716,5.388729,6.528432,0.17459445233217866,14981.849609500001,14964.712402500001,True
128,uniform6_36,non_compressible,global_cg,1104,0,0,134217728,134217720,11184810,178956960,0.75,35328,10,[8669626368],4,6.5283385,5.39243,6.530054,0.17425934638652693,6.525945,5.39009,6.527452,0.17428311148806808,14979.389648,14966.325195500001,True
128,uniform6_37,generic_compressible,global_cg,1104,1,1,134217728,134217720,11184810,178956960,0.75,35328,10,[8803844096],4,5.9590065,5.38914,6.528809,0.19125151147259187,5.9571605,5.385905,6.527339,0.19160705842993478,16560.8305665,16533.25293,True
128,uniform6_37,non_compressible,global_cg,1104,0,0,134217728,134217720,11184810,178956960,0.75,35328,10,[8669626368],4,5.958845,5.388934,6.529073,0.19133556922524422,5.956627,5.385571,6.528357,0.1918511936369358,16561.072754,16549.1674805,True
128,uniform6_38,generic_compressible,global_cg,1104,1,1,134217728,134217720,11184810,178956960,0.75,35328,10,[8803844096],4,6.528658500000001,5.388754,6.530582,0.17489473526605814,6.526642,5.387342,6.527151,0.17463942407136773,14980.583008,14971.190918,True
128,uniform6_38,non_compressible,global_cg,1104,0,0,134217728,134217720,11184810,178956960,0.75,35328,10,[8669626368],4,6.528620999999999,5.386777,6.528885,0.17493862792770473,6.526887,5.384135,6.529224,0.17544183007917868,14985.441895,14966.423340000001,True
128,uniform6_39,generic_compressible,global_cg,1104,1,1,134217728,134217720,11184810,178956960,0.75,35328,10,[8803844096],4,5.3898465,5.387445,6.528659,0.2117340447450592,5.387188,5.386238,6.525983,0.21156584845377596,18122.927246,18117.1142575,True
128,uniform6_39,non_compressible,global_cg,1104,0,0,134217728,134217720,11184810,178956960,0.75,35328,10,[8669626368],4,5.3892685,5.387855,6.528885,0.21172261133398712,5.3870854999999995,5.385186,6.525606,0.2116951735776237,17025.3286135,17021.2036135,True
128,uniform6_4,generic_compressible,global_cg,1104,1,1,134217728,134217720,11184810,178956960,0.75,35328,10,[8803844096],4,5.9581125,5.387522,6.528546,0.19150762930374354,5.9565855,5.386906,6.529186,0.19176758228350796,16567.571289,16542.7592775,True
128,uniform6_4,non_compressible,global_cg,1104,0,0,134217728,134217720,11184810,178956960,0.75,35328,10,[8669626368],4,5.9585215,5.387522,6.528244,0.19144380027830735,5.955718,5.38493,6.527528,0.19184890889729844,16559.367676,16545.586914,True
128,uniform6_40,generic_compressible,global_cg,1104,1,1,134217728,134217720,11184810,178956960,0.75,35328,10,[8803844096],4,5.9598285,5.388652,6.532657,0.19195267112132502,5.956989999999999,5.38652,6.527452,0.19152827182855778,15471.3911135,15419.365234500001,True
128,uniform6_40,non_compressible,global_cg,1104,0,0,134217728,134217720,11184810,178956960,0.75,35328,10,[8669626368],4,5.958932,5.388421,6.530507,0.19165951214076615,5.9562954999999995,5.384853,6.527716,0.19187479868989044,15445.4921875,15435.537109500001,True
128,uniform6_41,generic_compressible,global_cg,1104,1,1,134217728,134217720,11184810,178956960,0.75,35328,10,[8803844096],4,6.528847000000001,5.387778,6.530658,0.17505081678281015,6.526077,5.384981,6.52847,0.17521843521000452,14982.589843500002,14969.525391,True
128,uniform6_41,non_compressible,global_cg,1104,0,0,134217728,134217720,11184810,178956960,0.75,35328,10,[8669626368],4,6.528489,5.38783,6.529036,0.17480400135467786,6.527188499999999,5.384827,6.529639,0.1753912883012343,14984.916015499999,14974.267090000001,True
128,uniform6_42,generic_compressible,global_cg,1104,1,1,134217728,134217720,11184810,178956960,0.75,35328,10,[8803844096],4,9.6174365,7.932971,9.625011,0.17593461625662934,9.5360275,7.870891,9.541339,0.17517231362849997,10146.85791,10212.4155275,True
128,uniform6_42,non_compressible,global_cg,1104,0,0,134217728,134217720,11184810,178956960,0.75,35328,10,[8669626368],4,6.528602,5.389499,6.528734,0.17449907346166915,6.527037999999999,5.387393,6.529337,0.17495592947367547,14984.909179999999,14969.747559,True
128,uniform6_43,generic_compressible,global_cg,1104,1,1,134217728,134217720,11184810,178956960,0.75,35328,10,[8803844096],4,5.389204,5.389088,6.528621,0.21144736773742467,5.3874580000000005,5.386264,6.527188,0.21177408714833598,17029.583008,17029.9765625,True
128,uniform6_43,non_compressible,global_cg,1104,0,0,134217728,134217720,11184810,178956960,0.75,35328,10,[8669626368],4,5.389384,5.388061,6.529639,0.21181975528186525,5.387715,5.385007,6.528357,0.21221426894332754,17041.800293,17025.3588865,True
128,uniform6_44,generic_compressible,global_cg,1104,1,1,134217728,134217720,11184810,178956960,0.75,35328,10,[8803844096],4,6.530695,5.388806,6.532809,0.17517323960160452,6.526416,5.387085,6.528734,0.17492740272762264,14976.051758,14965.2490235,True
128,uniform6_44,non_compressible,global_cg,1104,0,0,134217728,134217720,11184810,178956960,0.75,35328,10,[8669626368],4,6.528734,5.389268,6.530959,0.17487172857708705,6.5261335,5.386187,6.526812,0.17477806728900044,14978.756836,14968.718261999999,True
128,uniform6_45,generic_compressible,global_cg,1104,1,1,134217728,134217720,11184810,178956960,0.75,35328,10,[8803844096],4,5.3908745,5.387573,6.528508,0.21164191449828793,5.387419,5.385238,6.525644,0.211679470262105,18118.6567385,18110.92041,True
128,uniform6_45,non_compressible,global_cg,1104,0,0,134217728,134217720,11184810,178956960,0.75,35328,10,[8669626368],4,5.389975,5.388112,6.528395,0.2115562688138628,5.387663,5.385622,6.527679,0.21197632442860667,17994.7011715,17017.3100585,True
128,uniform6_46,generic_compressible,global_cg,1104,1,1,134217728,134217720,11184810,178956960,0.75,35328,10,[8803844096],4,5.959496,5.390476,6.528734,0.1909990375025003,5.9573485,5.386854,6.527038,0.19139118686778195,15420.0209965,15409.8417965,True
128,uniform6_46,non_compressible,global_cg,1104,0,0,134217728,134217720,11184810,178956960,0.75,35328,10,[8669626368],4,5.960534,5.390245,6.533224,0.19175781901420233,5.9598785,5.386007,6.529677,0.19189485154772873,15419.673827999999,15408.630371,True
128,uniform6_47,generic_compressible,global_cg,1104,1,1,134217728,134217720,11184810,178956960,0.75,35328,10,[8803844096],4,5.9587985,5.388395,6.528734,0.19137062614216607,5.956283,5.38534,6.527264,0.1917175527086271,16572.9194335,16562.112305,True
128,uniform6_47,non_compressible,global_cg,1104,0,0,134217728,134217720,11184810,178956960,0.75,35328,10,[8669626368],4,5.957925,5.387316,6.530921,0.19194686069394964,5.956564,5.383981,6.529187,0.19225949725378588,16570.5371095,16560.988281500002,True
128,uniform6_48,generic_compressible,global_cg,1104,1,1,134217728,134217720,11184810,178956960,0.75,35328,10,[8803844096],4,5.9581215,5.387419,6.529979,0.19176513939838247,5.9569030000000005,5.385392,6.526284,0.19152435418203048,16560.936035,16546.173828,True
128,uniform6_48,non_compressible,global_cg,1104,0,0,134217728,134217720,11184810,178956960,0.75,35328,10,[8669626368],4,5.958595,5.387676,6.530016,0.19171297931811104,5.9588875,5.386726,6.529187,0.19172387463263904,16538.5,16523.123047,True
128,uniform6_49,generic_compressible,global_cg,1104,1,1,134217728,134217720,11184810,178956960,0.75,35328,10,[8803844096],4,5.390373,5.387599,5.392276,0.0008676579524274187,5.3876115,5.385443,5.389602,0.0007719561813244291,18117.0961915,18115.1723635,True
128,uniform6_49,non_compressible,global_cg,1104,0,0,134217728,134217720,11184810,178956960,0.75,35328,10,[8669626368],4,5.389704999999999,5.387779,5.391556,0.0007007804694319032,5.3868415,5.385853,5.387316,0.0002715877198169306,18116.546875,18110.666992,True
128,uniform6_5,generic_compressible,global_cg,1104,1,1,134217728,134217720,11184810,178956960,0.75,35328,10,[8803844096],4,5.389718,5.389037,5.39081,0.0003289596969637418,5.387354500000001,5.385417,5.388395,0.0005527759496798851,15901.4038085,15906.212402000001,True
128,uniform6_5,non_compressible,global_cg,1104,0,0,134217728,134217720,11184810,178956960,0.75,35328,10,[8669626368],4,5.390797,5.389191,5.391453,0.00041960400289604415,5.3880355,5.38493,5.388934,0.0007431279916400177,18087.366699500002,17001.296875,True
128,uniform6_50,generic_compressible,global_cg,1104,1,1,134217728,134217720,11184810,178956960,0.75,35328,10,[8803844096],4,5.959294,5.387522,6.5293,0.19159618572267126,5.9566575,5.385315,6.52881,0.1919692377814235,16559.8657225,16548.9677735,True
128,uniform6_50,non_compressible,global_cg,1104,0,0,134217728,134217720,11184810,178956960,0.75,35328,10,[8669626368],4,5.959524,5.388729,6.532129,0.19186096070760025,5.9575825,5.385315,6.528885,0.19195202080709742,16561.301758,16547.513184,True
128,uniform6_51,generic_compressible,global_cg,1104,1,1,134217728,134217720,11184810,178956960,0.75,35328,10,[8803844096],4,5.958685,5.387753,6.528357,0.1914187442363541,5.957262,5.386392,6.528357,0.1916929287313534,16566.9902345,16554.2075195,True
128,uniform6_51,non_compressible,global_cg,1104,0,0,134217728,134217720,11184810,178956960,0.75,35328,10,[8669626368],4,5.9586055,5.387342,6.53028,0.1918130005418214,5.956741,5.385315,6.527791,0.19179548011236336,16570.4711915,16546.1508785,True
128,uniform6_52,generic_compressible,global_cg,1104,1,1,134217728,134217720,11184810,178956960,0.75,35328,10,[8803844096],4,5.388819,5.387779,6.529111,0.21179631381198744,5.387624499999999,5.385853,6.528659,0.21211686152217926,16999.858887,16985.875,True
128,uniform6_52,non_compressible,global_cg,1104,0,0,134217728,134217720,11184810,178956960,0.75,35328,10,[8669626368],4,5.3905145,5.387188,6.532544,0.2124761931351821,5.3869955,5.385315,6.52602,0.2117516155341135,16990.0776365,16986.810547,True
128,uniform6_53,generic_compressible,global_cg,1104,1,1,134217728,134217720,11184810,178956960,0.75,35328,10,[8803844096],4,5.388857,5.38783,5.389602,0.00032882668810842164,5.386816,5.385443,5.387599,0.0004002364290889796,18145.433594000002,18125.8125,True
128,uniform6_53,non_compressible,global_cg,1104,0,0,134217728,134217720,11184810,178956960,0.75,35328,10,[8669626368],4,5.388818499999999,5.387573,5.389114,0.0002859624980875602,5.386431,5.385315,5.387085,0.00032860348531330025,18149.9672855,18138.8432615,True
128,uniform6_54,generic_compressible,global_cg,1104,1,1,134217728,134217720,11184810,178956960,0.75,35328,10,[8803844096],4,5.3884335,5.387573,6.529224,0.2118706670500806,5.388396,5.385417,6.529865,0.2123912199474574,18125.090332,17653.051757499998,True
128,uniform6_54,non_compressible,global_cg,1104,0,0,134217728,134217720,11184810,178956960,0.75,35328,10,[8669626368],4,5.390579,5.38765,6.528244,0.2115902577441125,5.386893000000001,5.384391,6.528206,0.21233297190049996,17038.529297,17018.0,True
128,uniform6_55,generic_compressible,global_cg,1104,1,1,134217728,134217720,11184810,178956960,0.75,35328,10,[8803844096],4,5.3891395,5.387958,6.528998,0.21172953492853533,5.387278,5.385443,6.526925,0.21188474030855653,18144.130371,18137.227050499998,True
128,uniform6_55,non_compressible,global_cg,1104,0,0,134217728,134217720,11184810,178956960,0.75,35328,10,[8669626368],4,5.3896275,5.386803,6.532582,0.21258964557383608,5.386649,5.383135,6.527942,0.212526749004808,18155.9370115,18137.1547855,True
128,uniform6_56,generic_compressible,global_cg,1104,1,1,134217728,134217720,11184810,178956960,0.75,35328,10,[8803844096],4,5.9581855,5.38747,6.528809,0.1915581513868609,5.9576035,5.385905,6.528395,0.1917700632477471,16570.706543,16556.9125975,True
128,uniform6_56,non_compressible,global_cg,1104,0,0,134217728,134217720,11184810,178956960,0.75,35328,10,[8669626368],4,5.9578240000000005,5.387265,6.530997,0.19197143118024296,5.9559005,5.384083,6.529149,0.19225740927001717,16570.675781,16556.142578,True
128,uniform6_57,generic_compressible,global_cg,1104,1,1,134217728,134217720,11184810,178956960,0.75,35328,10,[8803844096],4,5.3887160000000005,5.38765,6.528395,0.21169143076012908,5.386649,5.385315,6.527452,0.21203107906232613,18123.9228515,18109.5546875,True
128,uniform6_57,non_compressible,global_cg,1104,0,0,134217728,134217720,11184810,178956960,0.75,35328,10,[8669626368],4,5.388292,5.387137,6.528772,0.21187326150847058,5.3874189999999995,5.385366,6.529073,0.21229219409145644,18122.962891,18110.475586,True
128,uniform6_58,generic_compressible,global_cg,1104,1,1,134217728,134217720,11184810,178956960,0.75,35328,10,[8803844096],4,5.389409499999999,5.385571,6.525983,0.21160240282353765,5.3854685,5.385315,6.525455,0.21170674380511179,18157.9819335,18148.597656500002,True
128,uniform6_58,non_compressible,global_cg,1104,0,0,134217728,134217720,11184810,178956960,0.75,35328,10,[8669626368],4,5.3886005,5.387419,6.530393,0.21210961918590918,5.385494,5.384955,6.527189,0.21209456365562757,18157.711425499998,18147.3129885,True
128,uniform6_59,generic_compressible,global_cg,1104,1,1,134217728,134217720,11184810,178956960,0.75,35328,10,[8803844096],4,5.9615385,5.387624,6.532809,0.19209554714777077,5.956492000000001,5.385443,6.527415,0.19171888420231234,16534.838379,16526.9418945,True
128,uniform6_59,non_compressible,global_cg,1104,0,0,134217728,134217720,11184810,178956960,0.75,35328,10,[8669626368],4,5.9596885,5.38747,6.532469,0.19212396755300204,5.957419,5.385084,6.530582,0.19228091896843247,16561.1816405,16547.7705075,True
128,uniform6_6,generic_compressible,global_cg,1104,1,1,134217728,134217720,11184810,178956960,0.75,35328,10,[8803844096],4,5.958189,5.387701,6.529262,0.19159529850429388,5.95811,5.387239,6.528961,0.1916248609038772,16559.698242,16544.95459,True
128,uniform6_6,non_compressible,global_cg,1104,0,0,134217728,134217720,11184810,178956960,0.75,35328,10,[8669626368],4,5.957950500000001,5.386598,6.528546,0.19166792339077005,5.957255,5.385417,6.529488,0.1920466725026878,16552.165039,16540.0390625,True
128,uniform6_60,generic_compressible,global_cg,1104,1,1,134217728,134217720,11184810,178956960,0.75,35328,10,[8803844096],4,5.3897175,5.387958,6.528545,0.21162277985812802,5.388061,5.38652,6.527189,0.2117030597834731,18116.444336,18108.076172,True
128,uniform6_60,non_compressible,global_cg,1104,0,0,134217728,134217720,11184810,178956960,0.75,35328,10,[8669626368],4,5.390295999999999,5.387676,6.528809,0.21170136111263652,5.386521,5.383878,6.526661,0.21215604654655568,18095.065918,18113.326172,True
128,uniform6_61,generic_compressible,global_cg,1104,1,1,134217728,134217720,11184810,178956960,0.75,35328,10,[8803844096],4,6.530431500000001,5.389294,6.532544,0.17506500144745413,6.525888500000001,5.385391,6.527603,0.17502781422023986,14978.294922000001,14964.853027000001,True
128,uniform6_61,non_compressible,global_cg,1104,0,0,134217728,134217720,11184810,178956960,0.75,35328,10,[8669626368],4,6.5284325,5.387778,6.532167,0.17529307379681114,6.5267365,5.385366,6.527754,0.17503203936607514,14980.213866999999,14962.664551,True
128,uniform6_62,generic_compressible,global_cg,1104,1,1,134217728,134217720,11184810,178956960,0.75,35328,10,[8803844096],4,5.95975,5.388908,6.532469,0.19188069969377913,5.955094,5.384955,6.526397,0.19167489211757205,16540.980957,16540.258301,True
128,uniform6_62,non_compressible,global_cg,1104,0,0,134217728,134217720,11184810,178956960,0.75,35328,10,[8669626368],4,5.958092000000001,5.387548,6.532393,0.19214960091250688,5.9571515,5.385186,6.528885,0.1919875631835114,16540.934082,16535.408691,True
128,uniform6_63,generic_compressible,global_cg,1104,1,1,134217728,134217720,11184810,178956960,0.75,35328,10,[8803844096],4,38.509223500000004,38.499387,38.513814,0.00037463752028146845,38.4758015,38.437863,38.47973,0.001088138475815856,2496.9516599999997,2495.0385745000003,True
128,uniform6_63,non_compressible,global_cg,1104,0,0,134217728,134217720,11184810,178956960,0.75,35328,10,[8669626368],4,6.2180165,5.387907,6.52881,0.18348343076928145,6.2140565,5.385674,6.527264,0.18371091411865983,15162.448242,15146.919922000001,True
128,uniform6_7,generic_compressible,global_cg,1104,1,1,134217728,134217720,11184810,178956960,0.75,35328,10,[8803844096],4,5.647693,5.387342,6.530129,0.20234580739427574,5.64469,5.385802,6.526171,0.20202508906600714,16431.54541,15607.1918945,True
128,uniform6_7,non_compressible,global_cg,1104,0,0,134217728,134217720,11184810,178956960,0.75,35328,10,[8669626368],4,5.3923404999999995,5.387522,6.528847,0.21165670083333948,5.389281,5.385879,6.527226,0.21178094072289042,15894.2148435,15875.666015499999,True
128,uniform6_8,generic_compressible,global_cg,1104,1,1,134217728,134217720,11184810,178956960,0.75,35328,10,[8803844096],4,5.9593405,5.38747,6.529111,0.19157170160020223,5.956131,5.385315,6.526134,0.1915369222067143,16573.1621095,16560.325684,True
128,uniform6_8,non_compressible,global_cg,1104,0,0,134217728,134217720,11184810,178956960,0.75,35328,10,[8669626368],4,5.9586825,5.387599,6.531865,0.1920333899314152,5.95564,5.384494,6.528395,0.1920702057209636,16568.8305665,16556.2685545,True
128,uniform6_9,generic_compressible,global_cg,1104,1,1,134217728,134217720,11184810,178956960,0.75,35328,10,[8803844096],4,5.958764,5.387547,6.530771,0.19185589494734143,5.956768,5.383007,6.528961,0.19237848443988412,16557.910155999998,16550.83252,True
128,uniform6_9,non_compressible,global_cg,1104,0,0,134217728,134217720,11184810,178956960,0.75,35328,10,[8669626368],4,5.958174,5.387676,6.530658,0.19183427674317668,5.957546,5.384494,6.527829,0.19191375106461614,16560.6342775,16549.999511500002,True
240,uniform6_0,generic_compressible,global_cg,1104,1,1,251658240,251658240,20971520,335544320,0.75,35328,10,[8921284608],4,38.492833000000005,38.48497,38.498077,0.00034050494542724576,38.454873500000005,38.426105,38.487591,0.0015989130740477443,2497.4848629999997,2495.1816405,True
240,uniform6_0,non_compressible,global_cg,1104,0,0,251658240,251658240,20971520,335544320,0.75,35328,10,[8669626368],4,6.132967,5.070489,6.135663,0.17368004752022959,6.135965000000001,5.06808,6.140162,0.17472100965373824,15981.901366999999,15954.425293,True
240,uniform6_1,generic_compressible,global_cg,1104,1,1,251658240,251658240,20971520,335544320,0.75,35328,10,[8921284608],4,5.0691595,5.066013,5.071467,0.0010759180096819388,5.069375,5.06708,5.071649,0.0009012945382813552,19312.2602535,19288.8149415,True
240,uniform6_1,non_compressible,global_cg,1104,0,0,251658240,251658240,20971520,335544320,0.75,35328,10,[8669626368],4,5.068932,5.068784,5.070853,0.00040817276696543853,5.070398,5.067943,5.070671,0.0005380248256646295,19305.836914,19288.355957,True
240,uniform6_10,generic_compressible,global_cg,1104,1,1,251658240,251658240,20971520,335544320,0.75,35328,10,[8921284608],4,6.1349475,5.067512,6.136063,0.1741744326255441,6.135381000000001,5.072036,6.136429,0.1734844176751207,15943.09375,15919.920410499999,True
240,uniform6_10,non_compressible,global_cg,1104,0,0,251658240,251658240,20971520,335544320,0.75,35328,10,[8669626368],4,6.137795499999999,5.069216,6.138229,0.17416888522923257,6.1365465,5.07058,6.138696,0.17405816121494408,15942.512207,15918.982909999999,True
240,uniform6_11,generic_compressible,global_cg,1104,1,1,251658240,251658240,20971520,335544320,0.75,35328,10,[8921284608],4,5.6034775,5.06858,6.138129,0.19087236452720657,5.6034915000000005,5.068807,6.138529,0.19090276125162328,17617.1225585,17595.003906,True
240,uniform6_11,non_compressible,global_cg,1104,0,0,251658240,251658240,20971520,335544320,0.75,35328,10,[8669626368],4,5.602906000000001,5.06858,6.135697,0.19045777316271242,5.6039829999999995,5.06833,6.137296,0.19075111398446437,17592.1660155,17565.887695,True
240,uniform6_12,generic_compressible,global_cg,1104,1,1,251658240,251658240,20971520,335544320,0.75,35328,10,[8921284608],4,5.068966,5.068716,6.133999,0.21015785073326593,5.070796,5.069966,6.136363,0.21030169622284162,19301.569336,19275.6499025,True
240,uniform6_12,non_compressible,global_cg,1104,0,0,251658240,251658240,20971520,335544320,0.75,35328,10,[8669626368],4,5.069682,5.067466,6.134498,0.21047316182750717,5.0708645,5.070353,6.138162,0.21057730885926856,19265.018555,19265.2470705,True
240,uniform6_13,generic_compressible,global_cg,1104,1,1,251658240,251658240,20971520,335544320,0.75,35328,10,[8921284608],4,5.06925,5.067466,6.135663,0.2107209153227796,5.0707055,5.068034,6.138895,0.2111858004768764,19264.582030999998,19217.534668,True
240,uniform6_13,non_compressible,global_cg,1104,0,0,251658240,251658240,20971520,335544320,0.75,35328,10,[8669626368],4,5.07041,5.06892,6.138262,0.21089852694358047,5.071559000000001,5.06892,6.137196,0.21064055451193606,18111.3237305,18090.033203,True
240,uniform6_14,generic_compressible,global_cg,1104,1,1,251658240,251658240,20971520,335544320,0.75,35328,10,[8921284608],4,5.602504,5.068943,6.137995,0.19081682047884307,5.6040655,5.06783,6.139996,0.19131931987590084,17626.007324,17603.3105465,True
240,uniform6_14,non_compressible,global_cg,1104,0,0,251658240,251658240,20971520,335544320,0.75,35328,10,[8669626368],4,5.602797499999999,5.068716,6.137462,0.19075220905270984,5.603102,5.068943,6.140663,0.19127262005938853,17625.6757815,17603.574219,True
240,uniform6_15,generic_compressible,global_cg,1104,1,1,251658240,251658240,20971520,335544320,0.75,35328,10,[8921284608],4,5.070353,5.068898,6.13593,0.21044530824579674,5.0710355,5.068898,6.139129,0.21104782248122692,18103.801757499998,18088.275879,True
240,uniform6_15,non_compressible,global_cg,1104,0,0,251658240,251658240,20971520,335544320,0.75,35328,10,[8669626368],4,5.069148,5.069011,6.13573,0.2104335876561505,5.070842,5.068716,6.136796,0.21063168601979715,18106.4272465,18088.623535500003,True
240,uniform6_16,generic_compressible,global_cg,1104,1,1,251658240,251658240,20971520,335544320,0.75,35328,10,[8921284608],4,5.6025884999999995,5.066285,6.137596,0.1912171490017517,5.6032235,5.067148,6.140162,0.19149941100868093,17622.227539,17604.6875,True
240,uniform6_16,non_compressible,global_cg,1104,0,0,251658240,251658240,20971520,335544320,0.75,35328,10,[8669626368],4,5.6032755000000005,5.06858,6.138062,0.1908672882495247,5.6042115,5.070057,6.140529,0.191012062981563,17624.8964845,17602.032227,True
240,uniform6_17,generic_compressible,global_cg,1104,1,1,251658240,251658240,20971520,335544320,0.75,35328,10,[8921284608],4,5.6020185,5.069057,6.138429,0.19089047992254943,5.6036355,5.068648,6.140129,0.19121175886618613,17592.9399415,17569.397949500002,True
240,uniform6_17,non_compressible,global_cg,1104,0,0,251658240,251658240,20971520,335544320,0.75,35328,10,[8669626368],4,5.6032720000000005,5.068489,6.137862,0.19084795455226883,5.602957,5.068739,6.139929,0.19118297713153976,17615.496582,17585.2387695,True
240,uniform6_18,generic_compressible,global_cg,1104,1,1,251658240,251658240,20971520,335544320,0.75,35328,10,[8921284608],4,5.0687955,5.066512,6.137529,0.21129615507273855,5.0701595,5.068557,6.13643,0.2106192122752745,19239.6181645,19220.162598,True
240,uniform6_18,non_compressible,global_cg,1104,0,0,251658240,251658240,20971520,335544320,0.75,35328,10,[8669626368],4,5.0689885,5.067466,6.138295,0.21125102177682997,5.069591,5.068375,6.139095,0.21120441471511223,19272.343262000002,19239.5097655,True
240,uniform6_19,generic_compressible,global_cg,1104,1,1,251658240,251658240,20971520,335544320,0.75,35328,10,[8921284608],4,5.6017935,5.068898,6.13593,0.19048042381426594,5.603001,5.06808,6.140062,0.19132282860559907,17592.2949215,17574.2856445,True
240,uniform6_19,non_compressible,global_cg,1104,0,0,251658240,251658240,20971520,335544320,0.75,35328,10,[8669626368],4,5.6027505,5.067557,6.137896,0.19103813385943202,5.603313,5.070307,6.137729,0.19049837123144836,17590.4995115,17572.4663085,True
240,uniform6_2,generic_compressible,global_cg,1104,1,1,251658240,251658240,20971520,335544320,0.75,35328,10,[8921284608],4,5.069023,5.06892,6.138029,0.21091026811280994,5.070626,5.068625,6.138462,0.21098716410952015,19274.9379885,19261.4663085,True
240,uniform6_2,non_compressible,global_cg,1104,0,0,251658240,251658240,20971520,335544320,0.75,35328,10,[8669626368],4,5.0698865,5.068784,6.137562,0.2108090585459852,5.0699665,5.067989,6.140263,0.21149528305561788,19262.28125,19251.3984375,True
240,uniform6_20,generic_compressible,global_cg,1104,1,1,251658240,251658240,20971520,335544320,0.75,35328,10,[8921284608],4,5.0703305,5.068852,6.135897,0.21044880604923097,5.069966,5.06867,6.137096,0.21073632446450324,18113.3740235,18089.963379,True
240,uniform6_20,non_compressible,global_cg,1104,0,0,251658240,251658240,20971520,335544320,0.75,35328,10,[8669626368],4,5.0713875,5.068875,6.133833,0.20999341896078733,5.070819,5.069284,6.139729,0.21109903548125072,19266.719237999998,19252.2563475,True
240,uniform6_21,generic_compressible,global_cg,1104,1,1,251658240,251658240,20971520,335544320,0.75,35328,10,[8921284608],4,6.503968499999999,5.884292,7.126442,0.19098339729043887,6.4931375,5.875209,7.115094,0.19095314091223237,15160.9418945,15168.3828125,True
240,uniform6_21,non_compressible,global_cg,1104,0,0,251658240,251658240,20971520,335544320,0.75,35328,10,[8669626368],4,5.601521,5.068852,6.13573,0.19046219767809494,5.6031765,5.068511,6.137595,0.1907996294601821,17624.3413085,17600.5058595,True
240,uniform6_22,generic_compressible,global_cg,1104,1,1,251658240,251658240,20971520,335544320,0.75,35328,10,[8921284608],4,5.0691705,5.068875,5.070057,0.00023317424418847548,5.0701595,5.068648,5.070466,0.00035856860124422067,19261.2441405,19268.418457,True
240,uniform6_22,non_compressible,global_cg,1104,0,0,251658240,251658240,20971520,335544320,0.75,35328,10,[8669626368],4,5.0699095,5.069421,5.071945,0.0004978392612333993,5.0698295,5.068352,5.070353,0.0003946878292455238,19263.4902345,19243.8066405,True
240,uniform6_23,generic_compressible,global_cg,1104,1,1,251658240,251658240,20971520,335544320,0.75,35328,10,[8921284608],4,5.068352,5.067489,6.137896,0.21119428958367523,5.0704325,5.068216,6.135231,0.21043865587403057,19278.558593499998,19251.262207,True
240,uniform6_23,non_compressible,global_cg,1104,0,0,251658240,251658240,20971520,335544320,0.75,35328,10,[8669626368],4,5.0691135,5.068943,6.137895,0.2108755308004053,5.070262,5.06883,6.136463,0.21056761958257778,19258.4140625,19240.2490235,True
240,uniform6_24,generic_compressible,global_cg,1104,1,1,251658240,251658240,20971520,335544320,0.75,35328,10,[8921284608],4,5.071581,5.06883,6.137729,0.2107624821530012,5.1484404999999995,5.068193,6.136296,0.20746146333049784,18044.6640625,18015.537598000003,True
240,uniform6_24,non_compressible,global_cg,1104,0,0,251658240,251658240,20971520,335544320,0.75,35328,10,[8669626368],4,5.070751,5.068943,6.134199,0.21007854655059968,5.072196,5.069739,6.136796,0.21037377104512525,18046.680664,18021.347168,True
240,uniform6_25,generic_compressible,global_cg,1104,1,1,251658240,251658240,20971520,335544320,0.75,35328,10,[8921284608],4,5.0705345,5.067807,6.133633,0.21019993059903241,5.071058,5.068216,6.136863,0.21073452522136413,18076.828612999998,16889.255371,True
240,uniform6_25,non_compressible,global_cg,1104,0,0,251658240,251658240,20971520,335544320,0.75,35328,10,[8669626368],4,5.0703075,5.068943,6.136097,0.21047125840000835,5.072207000000001,5.070034,6.138429,0.2106371053074136,18883.987793,18057.549805000002,True
240,uniform6_26,generic_compressible,global_cg,1104,1,1,251658240,251658240,20971520,335544320,0.75,35328,10,[8921284608],4,5.0680344999999996,5.066672,5.069307,0.0005199254267114025,5.0706145,5.068511,5.07124,0.0005381990683772994,19298.0146485,19273.167969000002,True
240,uniform6_26,non_compressible,global_cg,1104,0,0,251658240,251658240,20971520,335544320,0.75,35328,10,[8669626368],4,5.069227,5.068852,5.071285,0.0004799548333503131,5.069671,5.067466,5.070125,0.0005244916287467986,19307.009277,19278.405762000002,True
240,uniform6_27,generic_compressible,global_cg,1104,1,1,251658240,251658240,20971520,335544320,0.75,35328,10,[8921284608],4,5.0699775,5.067239,6.138129,0.21122184467288074,5.070432500000001,5.068943,6.136463,0.21053825290051684,19273.25,19253.0683595,True
240,uniform6_27,non_compressible,global_cg,1104,0,0,251658240,251658240,20971520,335544320,0.75,35328,10,[8669626368],4,5.0690225,5.068898,6.137529,0.21081599065697576,5.070842,5.07008,6.140496,0.21109235902045456,19266.5874025,19243.831055,True
240,uniform6_28,generic_compressible,global_cg,1104,1,1,251658240,251658240,20971520,335544320,0.75,35328,10,[8921284608],4,5.068818,5.06758,5.071831,0.0008386570596932074,5.069046,5.068239,5.070671,0.00047977469527792164,19294.253418,19272.444824,True
240,uniform6_28,non_compressible,global_cg,1104,0,0,251658240,251658240,20971520,335544320,0.75,35328,10,[8669626368],4,5.070717,5.068943,5.073538,0.0009061834845052734,5.0711035,5.070512,5.073857,0.0006596197454854501,19293.882324,19265.4677735,True
240,uniform6_29,generic_compressible,global_cg,1104,1,1,251658240,251658240,20971520,335544320,0.75,35328,10,[8921284608],4,5.068955,5.067512,6.134165,0.21042857946065818,5.071286,5.069762,6.137829,0.21061068139324032,19264.658691,18841.3588865,True
240,uniform6_29,non_compressible,global_cg,1104,0,0,251658240,251658240,20971520,335544320,0.75,35328,10,[8669626368],4,5.0706255,5.069352,6.135897,0.210337955346929,5.0707059999999995,5.067671,6.136896,0.21086314213444843,19255.6552735,19233.9174805,True
240,uniform6_3,generic_compressible,global_cg,1104,1,1,251658240,251658240,20971520,335544320,0.75,35328,10,[8921284608],4,5.068307,5.067466,6.135397,0.2107076386651402,5.0700685,5.068875,6.136596,0.21059301269795463,19307.3813475,19285.756348,True
240,uniform6_3,non_compressible,global_cg,1104,0,0,251658240,251658240,20971520,335544320,0.75,35328,10,[8669626368],4,5.0689655,5.068807,6.137496,0.2108298034381966,5.0697275,5.068966,6.138995,0.2110624288978058,19303.9628905,19282.7714845,True
240,uniform6_30,generic_compressible,global_cg,1104,1,1,251658240,251658240,20971520,335544320,0.75,35328,10,[8921284608],4,5.602505,5.067285,6.136263,0.19080357804232206,5.6025655,5.070444,6.140096,0.1909218196556559,17615.586426,17594.221679500002,True
240,uniform6_30,non_compressible,global_cg,1104,0,0,251658240,251658240,20971520,335544320,0.75,35328,10,[8669626368],4,5.602615,5.066717,6.138062,0.1912223131519835,5.6034235,5.068602,6.139562,0.19112601430179238,17618.39209,17588.8623045,True
240,uniform6_31,generic_compressible,global_cg,1104,1,1,251658240,251658240,20971520,335544320,0.75,35328,10,[8921284608],4,5.602526,5.067262,6.136296,0.19081285834282596,5.602735,5.069148,6.137329,0.19065349333852127,17597.894043,17581.7910155,True
240,uniform6_31,non_compressible,global_cg,1104,0,0,251658240,251658240,20971520,335544320,0.75,35328,10,[8669626368],4,5.601596000000001,5.069057,6.13633,0.19053016318920538,5.6031534999999995,5.070353,6.136796,0.19032907094192594,17590.797362999998,17596.637695,True
240,uniform6_32,generic_compressible,global_cg,1104,1,1,251658240,251658240,20971520,335544320,0.75,35328,10,[8921284608],4,6.1358975000000004,5.069284,6.138095,0.17418983938372506,6.136646,5.07083,6.138729,0.17401997768813773,15941.030762,15919.4526365,True
240,uniform6_32,non_compressible,global_cg,1104,0,0,251658240,251658240,20971520,335544320,0.75,35328,10,[8669626368],4,6.1349975,5.070648,6.136263,0.17369444730825062,6.136362999999999,5.071809,6.139462,0.17398791433948743,15940.659668,15914.976074,True
240,uniform6_33,generic_compressible,global_cg,1104,1,1,251658240,251658240,20971520,335544320,0.75,35328,10,[8921284608],4,5.6030964999999995,5.071649,6.138095,0.1903315425675785,5.604604500000001,5.068352,6.139529,0.191124458469817,16430.9433595,16879.907715,True
240,uniform6_33,non_compressible,global_cg,1104,0,0,251658240,251658240,20971520,335544320,0.75,35328,10,[8669626368],4,5.6031575,5.068875,6.137796,0.1907711857109138,5.6044745,5.071467,6.138096,0.19031739728675717,16408.3354495,16395.2666015,True
240,uniform6_34,generic_compressible,global_cg,1104,1,1,251658240,251658240,20971520,335544320,0.75,35328,10,[8921284608],4,6.135481,5.06908,6.137929,0.17420785754205742,6.1365125,5.071672,6.138362,0.17382674605486412,15940.0473635,15916.155761999999,True
240,uniform6_34,non_compressible,global_cg,1104,0,0,251658240,251658240,20971520,335544320,0.75,35328,10,[8669626368],4,6.1353805,5.071649,6.138229,0.17384088892286306,6.136513,5.07058,6.139896,0.17425466221614794,15946.142577999999,15917.114746,True
240,uniform6_35,generic_compressible,global_cg,1104,1,1,251658240,251658240,20971520,335544320,0.75,35328,10,[8921284608],4,6.136362500000001,6.133999,6.137995,0.0006512001205925967,6.1377955,6.136896,6.138662,0.00028772545452189377,15939.725586,15915.378418,True
240,uniform6_35,non_compressible,global_cg,1104,0,0,251658240,251658240,20971520,335544320,0.75,35328,10,[8669626368],4,6.1379785,6.137362,6.138295,0.00015200444250494695,6.136779499999999,6.136163,6.138929,0.00045072500975475307,15940.934082,15916.9487305,True
240,uniform6_36,generic_compressible,global_cg,1104,1,1,251658240,251658240,20971520,335544320,0.75,35328,10,[8921284608],4,5.6041675,5.06892,6.137829,0.1907346630877824,5.6037455,5.068625,6.139395,0.19108112600759627,17591.1694335,17570.486328,True
240,uniform6_36,non_compressible,global_cg,1104,0,0,251658240,251658240,20971520,335544320,0.75,35328,10,[8669626368],4,5.6015865,5.068852,6.136396,0.19057886546963093,5.6051684999999996,5.071126,6.138195,0.19037233225013667,17614.8100585,17584.699707,True
240,uniform6_37,generic_compressible,global_cg,1104,1,1,251658240,251658240,20971520,335544320,0.75,35328,10,[8921284608],4,5.068841,5.068761,5.071672,0.0005742930188577838,5.070432500000001,5.069762,5.070535,0.00015245247816624921,19264.7910155,19238.226074500002,True
240,uniform6_37,non_compressible,global_cg,1104,0,0,251658240,251658240,20971520,335544320,0.75,35328,10,[8669626368],4,5.070819,5.06892,5.072127,0.0006324422149557572,5.070535,5.069716,5.071467,0.000345328451534306,19263.662598,18085.607422,True
240,uniform6_38,generic_compressible,global_cg,1104,1,1,251658240,251658240,20971520,335544320,0.75,35328,10,[8921284608],4,5.0688065,5.068671,6.134465,0.21026527645117238,5.070648500000001,5.068171,6.139729,0.21132563221449868,19260.3032225,19217.857422,True
240,uniform6_38,non_compressible,global_cg,1104,0,0,251658240,251658240,20971520,335544320,0.75,35328,10,[8669626368],4,5.070819,5.069011,6.135697,0.21035773511142888,5.0717745,5.069557,6.138829,0.21082798535305555,19235.370117,19210.4013675,True
240,uniform6_39,generic_compressible,global_cg,1104,1,1,251658240,251658240,20971520,335544320,0.75,35328,10,[8921284608],4,5.6029895,5.069284,6.134432,0.19010351527519384,5.604736,5.067694,6.13643,0.1906844497225203,16454.855957,16393.3125,True
240,uniform6_39,non_compressible,global_cg,1104,0,0,251658240,251658240,20971520,335544320,0.75,35328,10,[8669626368],4,5.604115999999999,5.068739,6.137895,0.19078049062510494,5.6057235,5.069739,6.140296,0.19097570545532616,16430.491211,16410.472168,True
240,uniform6_4,generic_compressible,global_cg,1104,1,1,251658240,251658240,20971520,335544320,0.75,35328,10,[8921284608],4,5.6024484999999995,5.068625,6.13603,0.19052473217736854,5.60398,5.06908,6.138395,0.1908134932672851,17597.148926,17578.9096675,True
240,uniform6_4,non_compressible,global_cg,1104,0,0,251658240,251658240,20971520,335544320,0.75,35328,10,[8669626368],4,5.6021635,5.068693,6.137962,0.19086715337744076,5.603701,5.069057,6.138729,0.19088670148532189,17594.898926,17578.435547,True
240,uniform6_40,generic_compressible,global_cg,1104,1,1,251658240,251658240,20971520,335544320,0.75,35328,10,[8921284608],4,6.135047500000001,5.066308,6.137529,0.17460679807287546,6.136163,5.070444,6.138029,0.17398250339829635,15944.314453,15918.0961915,True
240,uniform6_40,non_compressible,global_cg,1104,0,0,251658240,251658240,20971520,335544320,0.75,35328,10,[8669626368],4,6.135314,5.068989,6.137796,0.1742057537723415,6.136696000000001,5.070421,6.138662,0.17407429013918896,15937.474609500001,15919.165039,True
240,uniform6_41,generic_compressible,global_cg,1104,1,1,251658240,251658240,20971520,335544320,0.75,35328,10,[8921284608],4,5.0705235,5.068852,6.13563,0.21038813842397144,5.0711145,5.06917,6.136829,0.21053734834817867,18085.505371,18965.527343499998,True
240,uniform6_41,non_compressible,global_cg,1104,0,0,251658240,251658240,20971520,335544320,0.75,35328,10,[8669626368],4,5.070228,5.067875,6.133966,0.21026490327456676,5.0713989999999995,5.070376,6.137329,0.2103863253512492,18078.6030275,18056.194336,True
240,uniform6_42,generic_compressible,global_cg,1104,1,1,251658240,251658240,20971520,335544320,0.75,35328,10,[8921284608],4,6.5037705,5.884077,7.125499,0.19087727649676445,6.4950410000000005,5.874965,7.115856,0.19105206572214084,14145.604004,14143.491211,True
240,uniform6_42,non_compressible,global_cg,1104,0,0,251658240,251658240,20971520,335544320,0.75,35328,10,[8669626368],4,5.602569,5.070125,6.136063,0.19025879020856326,5.6055565000000005,5.07099,6.139996,0.19070470523310215,17555.5317385,17393.1875,True
240,uniform6_43,generic_compressible,global_cg,1104,1,1,251658240,251658240,20971520,335544320,0.75,35328,10,[8921284608],4,5.6037395,5.068966,6.138262,0.19081829196378605,5.6033360000000005,5.070353,6.137596,0.1904656440377661,17617.500977,17591.020996,True
240,uniform6_43,non_compressible,global_cg,1104,0,0,251658240,251658240,20971520,335544320,0.75,35328,10,[8669626368],4,5.6024005,5.068989,6.137829,0.19078250474952654,5.6034585,5.069239,6.138762,0.19086837173863253,17590.7817385,17564.5092775,True
240,uniform6_44,generic_compressible,global_cg,1104,1,1,251658240,251658240,20971520,335544320,0.75,35328,10,[8921284608],4,5.601884999999999,5.068898,6.137595,0.19077453392920424,5.604165999999999,5.06892,6.139329,0.19100237216385094,16436.671387,16415.258789,True
240,uniform6_44,non_compressible,global_cg,1104,0,0,251658240,251658240,20971520,335544320,0.75,35328,10,[8669626368],4,5.603311,5.069057,6.137262,0.19063817803438002,5.604455,5.070103,6.139829,0.19087065557667968,16412.158203,16434.782715,True
240,uniform6_45,generic_compressible,global_cg,1104,1,1,251658240,251658240,20971520,335544320,0.75,35328,10,[8921284608],4,5.602178,5.067285,6.136097,0.19078508394413748,5.605748999999999,5.072013,6.137229,0.1900220648480693,16456.8427735,16393.6708985,True
240,uniform6_45,non_compressible,global_cg,1104,0,0,251658240,251658240,20971520,335544320,0.75,35328,10,[8669626368],4,5.603484,5.069125,6.138129,0.19077488219828959,5.6045575,5.070808,6.137562,0.19033688208212682,16433.4262695,16405.158203,True
240,uniform6_46,generic_compressible,global_cg,1104,1,1,251658240,251658240,20971520,335544320,0.75,35328,10,[8921284608],4,5.07116,5.067784,6.137929,0.21102568248684722,5.0731745,5.070307,6.139529,0.2107599492191723,16925.813965,16913.8706055,True
240,uniform6_46,non_compressible,global_cg,1104,0,0,251658240,251658240,20971520,335544320,0.75,35328,10,[8669626368],4,5.0700579999999995,5.067398,6.134199,0.2104119913421109,5.072526,5.070535,6.136796,0.2102031611075036,18076.3344725,18052.8466795,True
240,uniform6_47,generic_compressible,global_cg,1104,1,1,251658240,251658240,20971520,335544320,0.75,35328,10,[8921284608],4,5.604069,5.070694,6.136096,0.1901122202456823,5.6044955000000005,5.071536,6.140029,0.1906492743191604,16412.2226565,16384.632813,True
240,uniform6_47,non_compressible,global_cg,1104,0,0,251658240,251658240,20971520,335544320,0.75,35328,10,[8669626368],4,5.6021065,5.06908,6.137829,0.1907762731750995,5.605642,5.071149,6.140162,0.19070304525333584,16455.665039,16404.953125,True
240,uniform6_48,generic_compressible,global_cg,1104,1,1,251658240,251658240,20971520,335544320,0.75,35328,10,[8921284608],4,5.0691475,5.067307,6.138096,0.21123650475745684,5.0700005,5.068852,6.140396,0.21134988053748718,19226.664550499998,19201.2514645,True
240,uniform6_48,non_compressible,global_cg,1104,0,0,251658240,251658240,20971520,335544320,0.75,35328,10,[8669626368],4,5.07099,5.068239,6.136396,0.2106407230146382,5.071422,5.069898,6.138595,0.21072925897312417,18079.461425499998,18894.5092775,True
240,uniform6_49,generic_compressible,global_cg,1104,1,1,251658240,251658240,20971520,335544320,0.75,35328,10,[8921284608],4,5.6024595,5.069148,6.135963,0.19041904720596375,5.6055895,5.070307,6.139995,0.19082524683621593,17542.9125975,17521.907715,True
240,uniform6_49,non_compressible,global_cg,1104,0,0,251658240,251658240,20971520,335544320,0.75,35328,10,[8669626368],4,5.6026775,5.070262,6.135963,0.1902128045028472,5.6035785,5.07083,6.140029,0.19080646411931237,17540.1274415,17521.3852535,True
240,uniform6_5,generic_compressible,global_cg,1104,1,1,251658240,251658240,20971520,335544320,0.75,35328,10,[8921284608],4,5.0697505,5.066331,6.136363,0.21106206311336237,5.070012,5.068125,6.136529,0.2107300732227064,19259.7158205,19250.567383,True
240,uniform6_5,non_compressible,global_cg,1104,0,0,251658240,251658240,20971520,335544320,0.75,35328,10,[8669626368],4,5.0704215,5.069216,6.137829,0.2107542735845531,5.0703185,5.070148,6.138695,0.2107455379775453,19262.1762695,19239.012207,True
240,uniform6_50,generic_compressible,global_cg,1104,1,1,251658240,251658240,20971520,335544320,0.75,35328,10,[8921284608],4,6.1341485,5.069375,6.139962,0.17452903202457518,6.138096,5.069512,6.140096,0.1744163010809867,15942.3291015,15919.073241999999,True
240,uniform6_50,non_compressible,global_cg,1104,0,0,251658240,251658240,20971520,335544320,0.75,35328,10,[8669626368],4,6.1340155,5.06908,6.137296,0.1741462831321506,6.1381625,5.068125,6.140229,0.1746620425901073,15947.0473635,15916.7978515,True
240,uniform6_51,generic_compressible,global_cg,1104,1,1,251658240,251658240,20971520,335544320,0.75,35328,10,[8921284608],4,6.1371625000000005,6.136496,6.138295,0.0002931322088994883,6.1372955000000005,6.137029,6.138829,0.00029328879471425903,15940.791504,15916.837402000001,True
240,uniform6_51,non_compressible,global_cg,1104,0,0,251658240,251658240,20971520,335544320,0.75,35328,10,[8669626368],4,6.137328999999999,6.134099,6.137729,0.0005914625075501483,6.1383790000000005,6.136263,6.139595,0.0005428143162877911,15940.7680665,15916.821289,True
240,uniform6_52,generic_compressible,global_cg,1104,1,1,251658240,251658240,20971520,335544320,0.75,35328,10,[8921284608],4,5.6026255,5.068852,6.138295,0.19088247108431583,5.605486,5.069989,6.140496,0.19097487711145833,17611.3754885,17587.8359375,True
240,uniform6_52,non_compressible,global_cg,1104,0,0,251658240,251658240,20971520,335544320,0.75,35328,10,[8669626368],4,5.6028085,5.068989,6.134032,0.1900909160111398,5.603693,5.070967,6.139996,0.19077222824305337,17613.3247075,17587.580566,True
240,uniform6_53,generic_compressible,global_cg,1104,1,1,251658240,251658240,20971520,335544320,0.75,35328,10,[8921284608],4,5.069034,5.068989,6.135963,0.2104886256434658,5.0706485,5.069375,6.139762,0.21109469528404506,19263.1235355,19241.4975585,True
240,uniform6_53,non_compressible,global_cg,1104,0,0,251658240,251658240,20971520,335544320,0.75,35328,10,[8669626368],4,5.0702165,5.068989,6.133833,0.21001943408136514,5.0698755,5.068125,6.140062,0.21143260815773485,19284.632324500002,19261.298828,True
240,uniform6_54,generic_compressible,global_cg,1104,1,1,251658240,251658240,20971520,335544320,0.75,35328,10,[8921284608],4,5.6019545,5.066058,6.138029,0.19135660598457208,5.6044275,5.067853,6.138429,0.19102325795096822,17592.355957,17571.7441405,True
240,uniform6_54,non_compressible,global_cg,1104,0,0,251658240,251658240,20971520,335544320,0.75,35328,10,[8669626368],4,5.6038855000000005,5.06892,6.137895,0.1907560388234199,5.605063,5.070262,6.139062,0.1906847434185843,16429.671387000002,16398.9643555,True
240,uniform6_55,generic_compressible,global_cg,1104,1,1,251658240,251658240,20971520,335544320,0.75,35328,10,[8921284608],4,5.603092,5.069125,6.138129,0.1907882290706632,5.604108999999999,5.069966,6.140263,0.1909843295339188,16427.218262000002,16424.152832,True
240,uniform6_55,non_compressible,global_cg,1104,0,0,251658240,251658240,20971520,335544320,0.75,35328,10,[8669626368],4,5.6029415,5.071649,6.137895,0.19030111237106445,5.605411,5.070353,6.13633,0.19016928464299945,16403.427246,16378.350586,True
240,uniform6_56,generic_compressible,global_cg,1104,1,1,251658240,251658240,20971520,335544320,0.75,35328,10,[8921284608],4,5.0688635,5.067466,5.071695,0.0008343093081911719,5.0695795,5.068148,5.073493,0.0010543280759282216,19287.1118165,19270.877930000002,True
240,uniform6_56,non_compressible,global_cg,1104,0,0,251658240,251658240,20971520,335544320,0.75,35328,10,[8669626368],4,5.069739,5.068943,5.071695,0.0005428287333924069,5.070796,5.068284,5.072582,0.0008475986807592869,19262.0590825,19239.0893555,True
240,uniform6_57,generic_compressible,global_cg,1104,1,1,251658240,251658240,20971520,335544320,0.75,35328,10,[8921284608],4,5.0713989999999995,5.069034,6.137529,0.2106903834622359,5.071115,5.068352,6.136796,0.21069212589341801,18106.081543,19241.973632499998,True
240,uniform6_57,non_compressible,global_cg,1104,0,0,251658240,251658240,20971520,335544320,0.75,35328,10,[8669626368],4,5.071058000000001,5.067784,6.138262,0.21109559385832313,5.071035500000001,5.070285,6.139162,0.21078081587084127,19258.041504,19234.883789,True
240,uniform6_58,generic_compressible,global_cg,1104,1,1,251658240,251658240,20971520,335544320,0.75,35328,10,[8921284608],4,6.1367795,5.069034,6.138329,0.17424367292323267,6.1398125,5.070785,6.140262,0.1741872410598858,15940.873535,15915.635741999999,True
240,uniform6_58,non_compressible,global_cg,1104,0,0,251658240,251658240,20971520,335544320,0.75,35328,10,[8669626368],4,6.134914500000001,5.068989,6.136063,0.17393461636669913,6.1361799999999995,5.070603,6.139996,0.17427666724248636,15941.8203125,15919.052734500001,True
240,uniform6_59,generic_compressible,global_cg,1104,1,1,251658240,251658240,20971520,335544320,0.75,35328,10,[8921284608],4,5.604051500000001,5.069125,6.138062,0.19074360754893133,5.6042535,5.06983,6.136296,0.19029581727521785,16431.179199,16406.1655275,True
240,uniform6_59,non_compressible,global_cg,1104,0,0,251658240,251658240,20971520,335544320,0.75,35328,10,[8669626368],4,5.603013499999999,5.070057,6.134665,0.19000632427532074,5.6041305,5.071354,6.139596,0.19061690301466028,17585.645508,16405.8139645,True
240,uniform6_6,generic_compressible,global_cg,1104,1,1,251658240,251658240,20971520,335544320,0.75,35328,10,[8921284608],4,5.0695345,5.068648,5.070285,0.00032290933220802717,5.071149,5.068352,5.0724,0.0007982411875494196,19270.3012695,19222.058593499998,True
240,uniform6_6,non_compressible,global_cg,1104,0,0,251658240,251658240,20971520,335544320,0.75,35328,10,[8669626368],4,5.0683869999999995,5.06758,5.070785,0.0006323510813202423,5.0714105,5.068375,5.072286,0.0007711858466200758,19242.8344725,19223.964844000002,True
240,uniform6_60,generic_compressible,global_cg,1104,1,1,251658240,251658240,20971520,335544320,0.75,35328,10,[8921284608],4,5.0689205,5.068852,5.069034,3.590508077618708e-05,5.0692615,5.068171,5.071285,0.0006142906614699544,19296.1098635,19269.5859375,True
240,uniform6_60,non_compressible,global_cg,1104,0,0,251658240,251658240,20971520,335544320,0.75,35328,10,[8669626368],4,5.0692385,5.069034,5.070466,0.00028248818831456317,5.0704775,5.069943,5.070762,0.0001615232490430937,19305.2924805,19279.2739255,True
240,uniform6_61,generic_compressible,global_cg,1104,1,1,251658240,251658240,20971520,335544320,0.75,35328,10,[8921284608],4,5.0682165,5.067512,6.138462,0.21130707419464023,5.070228,5.069216,6.136363,0.21047317793203782,19308.647461,19285.6430665,True
240,uniform6_61,non_compressible,global_cg,1104,0,0,251658240,251658240,20971520,335544320,0.75,35328,10,[8669626368],4,5.069682,5.067762,6.138162,0.21113750329902353,5.0709895,5.070171,6.136463,0.2102729654636437,19310.4506835,19283.715819999998,True
240,uniform6_62,generic_compressible,global_cg,1104,1,1,251658240,251658240,20971520,335544320,0.75,35328,10,[8921284608],4,5.068898,5.068557,5.073106,0.0008974337222804473,5.0694894999999995,5.068034,5.072673,0.000915082278008478,19298.331543,19277.484375,True
240,uniform6_62,non_compressible,global_cg,1104,0,0,251658240,251658240,20971520,335544320,0.75,35328,10,[8669626368],4,5.069591,5.067307,5.072127,0.0009507670342638075,5.0694545,5.069148,5.072719,0.0007044150411055057,19302.04541,19276.768555000002,True
240,uniform6_63,generic_compressible,global_cg,1104,1,1,251658240,251658240,20971520,335544320,0.75,35328,10,[8921284608],4,38.498076,38.494143,38.502009,0.00020432189909957914,38.441131999999996,38.397391,38.475802,0.002039768235753377,2497.489746,2494.9721680000002,True
240,uniform6_63,non_compressible,global_cg,1104,0,0,251658240,251658240,20971520,335544320,0.75,35328,10,[8669626368],4,5.604323,5.068784,6.135797,0.19039106061517158,5.6051895,5.070103,6.138795,0.19066117211559047,16402.3862305,16393.777832,True
240,uniform6_7,generic_compressible,global_cg,1104,1,1,251658240,251658240,20971520,335544320,0.75,35328,10,[8921284608],4,5.601814,5.068943,6.136363,0.19054899002358883,5.6032565000000005,5.069284,6.138029,0.19073640480317128,17591.451172,17567.4711915,True
240,uniform6_7,non_compressible,global_cg,1104,0,0,251658240,251658240,20971520,335544320,0.75,35328,10,[8669626368],4,5.602665,5.068898,6.137829,0.19078974023968953,5.603603,5.069534,6.140262,0.1910784900357859,17595.257324000002,17564.4140625,True
240,uniform6_8,generic_compressible,global_cg,1104,1,1,251658240,251658240,20971520,335544320,0.75,35328,10,[8921284608],4,5.3108260000000005,5.070376,6.134598,0.20038728438853012,5.311771,5.070557,6.138829,0.20111409170312505,16597.60498,16591.715820499998,True
240,uniform6_8,non_compressible,global_cg,1104,0,0,251658240,251658240,20971520,335544320,0.75,35328,10,[8669626368],4,5.311019,5.069057,6.137496,0.20117401199280208,5.3109915,5.069693,6.136463,0.20086079972073012,16589.0107425,16593.538086,True
240,uniform6_9,generic_compressible,global_cg,1104,1,1,251658240,251658240,20971520,335544320,0.75,35328,10,[8921284608],4,5.6038885,5.06649,6.137829,0.19117778663868848,5.603285,5.069671,6.139962,0.19101134423824598,16419.986328,16384.9643555,True
240,uniform6_9,non_compressible,global_cg,1104,0,0,251658240,251658240,20971520,335544320,0.75,35328,10,[8669626368],4,5.60366,5.069171,6.137862,0.19071303398136225,5.603971,5.069921,6.138795,0.19073510551714135,16408.59375,16386.71875,True
248,uniform6_0,generic_compressible,global_cg,1104,1,1,260046848,260046840,21670570,346729120,0.75,35328,10,[8929673216],4,28.8163955,28.811254,28.822274,0.00038242118102517286,28.7723905,28.754096,28.779714,0.0008903674513939994,3357.733398,3357.650391,True
248,uniform6_0,non_compressible,global_cg,1104,0,0,260046848,260046840,21670570,346729120,0.75,35328,10,[8669626368],4,5.591718,5.057243,6.125789,0.19109440068329633,5.59349,5.060706,6.126619,0.1905631367893748,17658.555664,17631.506348,True
248,uniform6_1,generic_compressible,global_cg,1104,1,1,260046848,260046840,21670570,346729120,0.75,35328,10,[8929673216],4,5.592626,5.059031,6.125291,0.19065462271212125,5.593527,5.060548,6.12808,0.1908513179609216,17620.363281500002,17599.111328,True
248,uniform6_1,non_compressible,global_cg,1104,0,0,260046848,260046840,21670570,346729120,0.75,35328,10,[8669626368],4,5.5927240000000005,5.060049,6.125391,0.1904871400769999,5.594604,5.061613,6.128712,0.19073718175584897,17622.243164,17352.057617000002,True
248,uniform6_10,generic_compressible,global_cg,1104,1,1,260046848,260046840,21670570,346729120,0.75,35328,10,[8929673216],4,6.1234335,5.060706,6.125324,0.17385964916578261,6.1243625,5.061726,6.127449,0.17401370346709558,15975.0893555,15954.697265499999,True
248,uniform6_10,non_compressible,global_cg,1104,0,0,260046848,260046840,21670570,346729120,0.75,35328,10,[8669626368],4,6.1236,5.06023,6.12549,0.17395976223136722,6.127648499999999,5.060163,6.128745,0.17438696100143478,15969.5913085,15948.276366999999,True
248,uniform6_11,generic_compressible,global_cg,1104,1,1,260046848,260046840,21670570,346729120,0.75,35328,10,[8929673216],4,5.0598455,5.058827,6.125258,0.21076354999376953,5.0618505,5.059053,6.124428,0.2104714471515902,18078.3125,16926.4257815,True
248,uniform6_11,non_compressible,global_cg,1104,0,0,260046848,260046840,21670570,346729120,0.75,35328,10,[8669626368],4,5.061069,5.059891,6.1233,0.2101154914110043,5.062179499999999,5.061726,6.127815,0.2105988142064105,16900.327637000002,16866.4399415,True
248,uniform6_12,generic_compressible,global_cg,1104,1,1,260046848,260046840,21670570,346729120,0.75,35328,10,[8929673216],4,6.125341,5.060298,6.98786,0.31468648031187163,6.126968,5.061907,6.990712,0.3148057897478819,15969.920409999999,15944.121582,True
248,uniform6_12,non_compressible,global_cg,1104,0,0,260046848,260046840,21670570,346729120,0.75,35328,10,[8669626368],4,6.124213,5.06048,6.990237,0.31510285484845146,6.1264199999999995,5.061477,6.995946,0.3157584690569697,15971.712402000001,15949.652832,True
248,uniform6_13,generic_compressible,global_cg,1104,1,1,260046848,260046840,21670570,346729120,0.75,35328,10,[8929673216],4,5.5919875,5.058714,6.124992,0.1906796107823917,5.593764999999999,5.061635,6.127748,0.19058952244150418,17648.069824,17624.786132499998,True
248,uniform6_13,non_compressible,global_cg,1104,0,0,260046848,260046840,21670570,346729120,0.75,35328,10,[8669626368],4,5.592841,5.060412,6.125689,0.19047153316176876,5.594184,5.0598,6.127715,0.19089736769473442,17616.921387,17598.6206055,True
248,uniform6_14,generic_compressible,global_cg,1104,1,1,260046848,260046840,21670570,346729120,0.75,35328,10,[8929673216],4,5.061624500000001,5.060208,6.121543,0.20968268191368197,5.061964,5.060661,6.124893,0.21024092624917928,18125.393555000002,18111.746094000002,True
248,uniform6_14,non_compressible,global_cg,1104,0,0,260046848,260046840,21670570,346729120,0.75,35328,10,[8669626368],4,5.061839000000001,5.060298,6.124993,0.21033758679404843,5.0632565,5.059665,6.12652,0.210705303987661,16914.7714845,16899.276367500002,True
248,uniform6_15,generic_compressible,global_cg,1104,1,1,260046848,260046840,21670570,346729120,0.75,35328,10,[8929673216],4,6.122505,5.060684,6.124628,0.173775929950241,6.125059,5.062202,6.127648,0.17394869175954053,15977.678222999999,15944.411621,True
248,uniform6_15,non_compressible,global_cg,1104,0,0,260046848,260046840,21670570,346729120,0.75,35328,10,[8669626368],4,6.125059,5.060571,6.125125,0.17380306050929456,6.125358,5.060593,6.127316,0.17414867833031156,15975.119140499999,15950.8115235,True
248,uniform6_16,generic_compressible,global_cg,1104,1,1,260046848,260046840,21670570,346729120,0.75,35328,10,[8929673216],4,5.061873500000001,5.058827,6.990885,0.38168832152759236,5.061272499999999,5.059846,6.992095,0.381771382592026,18087.8149415,18063.1977535,True
248,uniform6_16,non_compressible,global_cg,1104,0,0,260046848,260046840,21670570,346729120,0.75,35328,10,[8669626368],4,5.0602985,5.058736,6.989415,0.381534607098771,5.0620545,5.060231,6.995081,0.3822262285007006,18077.553711,18056.6586915,True
248,uniform6_17,generic_compressible,global_cg,1104,1,1,260046848,260046840,21670570,346729120,0.75,35328,10,[8929673216],4,5.5929735,5.060321,6.125689,0.1904832912224598,5.593951000000001,5.059144,6.127184,0.19092766454336116,17646.14209,17622.321289,True
248,uniform6_17,non_compressible,global_cg,1104,0,0,260046848,260046840,21670570,346729120,0.75,35328,10,[8669626368],4,5.59269,5.059959,6.125955,0.19060523647833155,5.594575,5.060638,6.127648,0.190722262191498,17643.165039,17619.137207,True
248,uniform6_18,generic_compressible,global_cg,1104,1,1,260046848,260046840,21670570,346729120,0.75,35328,10,[8929673216],4,6.1233175,5.060389,6.989675,0.31507201774201654,6.124495,5.059913,6.991706,0.31542078163179166,15954.028320000001,15935.9682615,True
248,uniform6_18,non_compressible,global_cg,1104,0,0,260046848,260046840,21670570,346729120,0.75,35328,10,[8669626368],4,6.125871999999999,5.060389,6.989891,0.3149758924117253,6.1267855,5.061839,6.991361,0.31493219405184014,15952.5019535,15931.109863000001,True
248,uniform6_19,generic_compressible,global_cg,1104,1,1,260046848,260046840,21670570,346729120,0.75,35328,10,[8929673216],4,5.301254,5.059053,6.1234,0.20077268510431692,5.3027180000000005,5.062066,6.127283,0.20088132161657482,16653.79834,16605.534668,True
248,uniform6_19,non_compressible,global_cg,1104,0,0,260046848,260046840,21670570,346729120,0.75,35328,10,[8669626368],4,5.3020945,5.060457,6.125291,0.20083270865881386,5.3026565,5.061726,6.127615,0.2010103803631254,16612.9306645,16584.008300999998,True
248,uniform6_2,generic_compressible,global_cg,1104,1,1,260046848,260046840,21670570,346729120,0.75,35328,10,[8929673216],4,5.060264500000001,5.059257,6.124893,0.2105889919390578,5.0621795,5.059642,6.127184,0.21088584472360167,18148.8359375,18126.7592775,True
248,uniform6_2,non_compressible,global_cg,1104,0,0,260046848,260046840,21670570,346729120,0.75,35328,10,[8669626368],4,5.0603555,5.06014,6.124727,0.21037790724386862,5.0611820000000005,5.060548,6.128579,0.21102402561298927,19310.492676,19285.0942385,True
248,uniform6_20,generic_compressible,global_cg,1104,1,1,260046848,260046840,21670570,346729120,0.75,35328,10,[8929673216],4,6.1243125,6.123234,6.126951,0.0006069252671218149,6.127001,6.125623,6.127648,0.00033050427117601607,15957.0546875,15929.072754,True
248,uniform6_20,non_compressible,global_cg,1104,0,0,260046848,260046840,21670570,346729120,0.75,35328,10,[8669626368],4,6.124395,6.123367,6.126652,0.0005363795117721803,6.1274995,6.123699,6.129011,0.000866911535447695,15952.489258000001,15924.727539,True
248,uniform6_21,generic_compressible,global_cg,1104,1,1,260046848,260046840,21670570,346729120,0.75,35328,10,[8929673216],4,6.4517305,5.837921,8.055466,0.34371320996746524,6.441522,5.828441,8.049615,0.34482130154954055,14238.0800785,14247.964844,True
248,uniform6_21,non_compressible,global_cg,1104,0,0,260046848,260046840,21670570,346729120,0.75,35328,10,[8669626368],4,5.5928664999999995,5.059031,6.990885,0.3454139304058124,5.5954315,5.061227,6.990842,0.3448554414436134,16436.8256835,16404.692871,True
248,uniform6_22,generic_compressible,global_cg,1104,1,1,260046848,260046840,21670570,346729120,0.75,35328,10,[8929673216],4,5.5919325,5.060208,6.125059,0.19042629717007492,5.594308,5.05971,6.128047,0.19096857019670702,17627.970215,17630.3129885,True
248,uniform6_22,non_compressible,global_cg,1104,0,0,260046848,260046840,21670570,346729120,0.75,35328,10,[8669626368],4,5.591098000000001,5.059959,6.1235,0.19022041824342906,5.5949785,5.061091,6.127615,0.1906216440331271,17650.572754,17620.133300999998,True
248,uniform6_23,generic_compressible,global_cg,1104,1,1,260046848,260046840,21670570,346729120,0.75,35328,10,[8929673216],4,5.5928415000000005,5.059959,6.125855,0.19058219332695187,5.5945115,5.058917,6.128712,0.19122223629355306,17640.155761500002,17598.4091795,True
248,uniform6_23,non_compressible,global_cg,1104,0,0,260046848,260046840,21670570,346729120,0.75,35328,10,[8669626368],4,5.59267,5.0598,6.125324,0.19052152192065686,5.5946895,5.060706,6.128047,0.19077752214845878,17645.131348,17625.1489255,True
248,uniform6_24,generic_compressible,global_cg,1104,1,1,260046848,260046840,21670570,346729120,0.75,35328,10,[8929673216],4,5.593283,5.059868,6.125756,0.19056571963192284,5.594585,5.063676,6.12652,0.18997727266633718,16442.5253905,16383.041991999999,True
248,uniform6_24,non_compressible,global_cg,1104,0,0,260046848,260046840,21670570,346729120,0.75,35328,10,[8669626368],4,5.594032500000001,5.061567,6.125291,0.1901533464455202,5.59544,5.062723,6.12735,0.19026689590094786,16400.520508,16367.236816,True
248,uniform6_25,generic_compressible,global_cg,1104,1,1,260046848,260046840,21670570,346729120,0.75,35328,10,[8929673216],4,5.5929555,5.059053,6.98501,0.3443540718319679,5.5933145,5.060389,6.991101,0.3451820919420855,17599.910645,17586.1953125,True
248,uniform6_25,non_compressible,global_cg,1104,0,0,260046848,260046840,21670570,346729120,0.75,35328,10,[8669626368],4,5.591056,5.060276,6.991058,0.3453340478077844,5.593243,5.061227,6.991836,0.34516808942504384,17601.938964499997,17556.340332,True
248,uniform6_26,generic_compressible,global_cg,1104,1,1,260046848,260046840,21670570,346729120,0.75,35328,10,[8929673216],4,5.0602985,5.058917,6.124992,0.21067433077317468,5.060876,5.060253,6.125424,0.21047166537966933,19299.0927735,19273.76416,True
248,uniform6_26,non_compressible,global_cg,1104,0,0,260046848,260046840,21670570,346729120,0.75,35328,10,[8669626368],4,5.060525,5.059981,6.123665,0.21019242074685932,5.061408500000001,5.060797,6.125026,0.2102634079031558,19269.6699215,19251.617675499998,True
248,uniform6_27,generic_compressible,global_cg,1104,1,1,260046848,260046840,21670570,346729120,0.75,35328,10,[8929673216],4,6.125042,5.062791,6.125358,0.17347913695938746,6.1273165,5.062247,6.529338,0.23943450611699263,15969.775879,15945.964844,True
248,uniform6_27,non_compressible,global_cg,1104,0,0,260046848,260046840,21670570,346729120,0.75,35328,10,[8669626368],4,6.1232679999999995,5.063199,6.527302,0.23910483748220718,6.127532,5.064742,6.532507,0.23953608075812577,15973.89209,15945.942383,True
248,uniform6_28,generic_compressible,global_cg,1104,1,1,260046848,260046840,21670570,346729120,0.75,35328,10,[8929673216],4,5.29974,5.060276,6.125391,0.20097495348828426,5.30072,5.061454,6.125689,0.20077178194660347,17808.3793945,17777.8652345,True
248,uniform6_28,non_compressible,global_cg,1104,0,0,260046848,260046840,21670570,346729120,0.75,35328,10,[8669626368],4,5.126203,5.059008,6.125623,0.20807115910158056,5.063846,5.062383,6.12735,0.21030793590484392,17369.711426,18068.062988,True
248,uniform6_29,generic_compressible,global_cg,1104,1,1,260046848,260046840,21670570,346729120,0.75,35328,10,[8929673216],4,5.0601745000000005,5.059302,5.060457,0.00022825299799457177,5.061862,5.061318,5.062066,0.00014777170930375995,19292.4379885,19274.0400395,True
248,uniform6_29,non_compressible,global_cg,1104,0,0,260046848,260046840,21670570,346729120,0.75,35328,10,[8669626368],4,5.0603324999999995,5.059642,5.062655,0.0005954154198365729,5.0617375,5.059959,5.066104,0.0012140100113844441,19321.5458985,19297.7910155,True
248,uniform6_3,generic_compressible,global_cg,1104,1,1,260046848,260046840,21670570,346729120,0.75,35328,10,[8929673216],4,5.060105999999999,5.060049,6.123632,0.21018986558779593,5.0619755,5.061091,6.127582,0.2106867170732059,16960.005371,16917.8901365,True
248,uniform6_3,non_compressible,global_cg,1104,0,0,260046848,260046840,21670570,346729120,0.75,35328,10,[8669626368],4,5.0603324999999995,5.060027,6.125225,0.21049960649818972,5.0616235,5.059664,6.127449,0.21095701803976544,19273.888184,18090.681641,True
248,uniform6_30,generic_compressible,global_cg,1104,1,1,260046848,260046840,21670570,346729120,0.75,35328,10,[8929673216],4,5.060230499999999,5.06014,5.062678,0.0005015581800078818,5.06176,5.061295,5.062451,0.00022837906182828402,19277.427246,19250.5112305,True
248,uniform6_30,non_compressible,global_cg,1104,0,0,260046848,260046840,21670570,346729120,0.75,35328,10,[8669626368],4,5.0605139999999995,5.060208,5.061567,0.0002685497955345817,5.061488000000001,5.061137,5.062315,0.0002327378826146495,18124.5771485,18083.825194999998,True
248,uniform6_31,generic_compressible,global_cg,1104,1,1,260046848,260046840,21670570,346729120,0.75,35328,10,[8929673216],4,6.1254405,5.057695,6.989977,0.3154519254574426,6.126287,5.061341,6.994908,0.31561808971731165,15966.517577999999,15938.980468999998,True
248,uniform6_31,non_compressible,global_cg,1104,0,0,260046848,260046840,21670570,346729120,0.75,35328,10,[8669626368],4,6.1243625,5.060253,6.990712,0.3152097871411106,6.1266525000000005,5.06057,6.992139,0.31527314467402867,15964.807129,15938.137207,True
248,uniform6_32,generic_compressible,global_cg,1104,1,1,260046848,260046840,21670570,346729120,0.75,35328,10,[8929673216],4,5.060264500000001,5.060163,6.1234,0.2101149060488834,5.061477,5.060684,6.127316,0.2107353248863919,18102.4418945,18087.7768555,True
248,uniform6_32,non_compressible,global_cg,1104,0,0,260046848,260046840,21670570,346729120,0.75,35328,10,[8669626368],4,5.0607745,5.060049,6.125192,0.21047035389543636,5.0618055,5.061228,6.128114,0.21077182835255132,19262.927246,19247.261719000002,True
248,uniform6_33,generic_compressible,global_cg,1104,1,1,260046848,260046840,21670570,346729120,0.75,35328,10,[8929673216],4,5.592377000000001,5.058849,6.12549,0.19073124004336608,5.5944945,5.059642,6.127815,0.19093288946838716,17613.6313475,17591.692383,True
248,uniform6_33,non_compressible,global_cg,1104,0,0,260046848,260046840,21670570,346729120,0.75,35328,10,[8669626368],4,5.5917995000000005,5.059959,6.123865,0.19026182895148513,5.5948915,5.060321,6.127516,0.19074453901384858,17613.07959,16434.3432615,True
248,uniform6_34,generic_compressible,global_cg,1104,1,1,260046848,260046840,21670570,346729120,0.75,35328,10,[8929673216],4,6.556584000000001,5.059981,6.989459,0.29428098534236735,6.5591105,5.061817,6.992009,0.2942764876426462,14980.923340000001,14955.0112305,True
248,uniform6_34,non_compressible,global_cg,1104,0,0,260046848,260046840,21670570,346729120,0.75,35328,10,[8669626368],4,6.555299,5.059732,6.99028,0.29450189838785384,6.5591605,5.0598,6.992485,0.29465432352204224,14980.467284999999,14954.266113000001,True
248,uniform6_35,generic_compressible,global_cg,1104,1,1,260046848,260046840,21670570,346729120,0.75,35328,10,[8929673216],4,5.5927525,5.059144,6.991101,0.34543938785061556,5.594272,5.061227,6.990453,0.3448573826942987,17614.5859375,17590.075194999998,True
248,uniform6_35,non_compressible,global_cg,1104,0,0,260046848,260046840,21670570,346729120,0.75,35328,10,[8669626368],4,5.5928875,5.060027,6.99028,0.3451263770279664,5.595185000000001,5.061749,6.992831,0.34513282402637263,17610.074219000002,17588.3393555,True
248,uniform6_36,generic_compressible,global_cg,1104,1,1,260046848,260046840,21670570,346729120,0.75,35328,10,[8929673216],4,5.0607515,5.05894,5.220292,0.03188301184122554,5.061817,5.059755,5.86856,0.15978550785221995,18083.005371,18061.980468499998,True
248,uniform6_36,non_compressible,global_cg,1104,0,0,260046848,260046840,21670570,346729120,0.75,35328,10,[8669626368],4,5.060752,5.059144,5.061817,0.0005281823728963015,5.061862,5.061205,5.062111,0.00017898551955774957,18103.923828,18088.3383785,True
248,uniform6_37,generic_compressible,global_cg,1104,1,1,260046848,260046840,21670570,346729120,0.75,35328,10,[8929673216],4,6.557309,6.125026,6.990799,0.1320317526595132,6.5570685,6.12476,6.991317,0.13215616094295787,14950.9365235,14931.9697265,True
248,uniform6_37,non_compressible,global_cg,1104,0,0,260046848,260046840,21670570,346729120,0.75,35328,10,[8669626368],4,6.555773,6.123334,6.990453,0.13226800256811816,6.5580715000000005,6.125059,6.991663,0.13214311554852667,14946.3076175,14926.2949215,True
248,uniform6_38,generic_compressible,global_cg,1104,1,1,260046848,260046840,21670570,346729120,0.75,35328,10,[8929673216],4,5.062043,5.061114,6.990885,0.3812237470128167,5.0624855,5.06091,6.986824,0.38042854641262686,18045.625,18022.213867,True
248,uniform6_38,non_compressible,global_cg,1104,0,0,260046848,260046840,21670570,346729120,0.75,35328,10,[8669626368],4,5.0608765,5.060185,6.985917,0.38051353357466833,5.063234,5.059914,6.99136,0.3814648898312818,18057.1904295,18020.1464845,True
248,uniform6_39,generic_compressible,global_cg,1104,1,1,260046848,260046840,21670570,346729120,0.75,35328,10,[8929673216],4,5.592936999999999,5.058962,6.125258,0.19065045789001372,5.593705999999999,5.061726,6.529564,0.2624088573836379,17605.8217775,17582.876465,True
248,uniform6_39,non_compressible,global_cg,1104,0,0,260046848,260046840,21670570,346729120,0.75,35328,10,[8669626368],4,5.592672500000001,5.060163,6.528885,0.2626154132930186,5.595315,5.061454,6.529941,0.2624493884615968,17581.4018555,17583.7753905,True
248,uniform6_4,generic_compressible,global_cg,1104,1,1,260046848,260046840,21670570,346729120,0.75,35328,10,[8929673216],4,5.060344000000001,5.059008,5.060525,0.00029978199110569724,5.061692000000001,5.060525,5.061839,0.0002595969885168468,19272.3940425,19243.744141,True
248,uniform6_4,non_compressible,global_cg,1104,0,0,260046848,260046840,21670570,346729120,0.75,35328,10,[8669626368],4,5.0600835,5.059891,5.060389,9.841734825115897e-05,5.0616579999999995,5.061159,5.062565,0.0002777745948067294,19272.5927735,19247.9663085,True
248,uniform6_40,generic_compressible,global_cg,1104,1,1,260046848,260046840,21670570,346729120,0.75,35328,10,[8929673216],4,6.0255955,5.061907,6.990842,0.32012354629513384,6.0281895,5.061522,6.99162,0.32017872032722267,15449.012695499998,15418.7788085,True
248,uniform6_40,non_compressible,global_cg,1104,0,0,260046848,260046840,21670570,346729120,0.75,35328,10,[8669626368],4,6.024307500000001,5.061635,6.988594,0.31986398436666785,6.026605,5.061749,6.992225,0.3203256228008971,15465.3691405,15449.0546875,True
248,uniform6_41,generic_compressible,global_cg,1104,1,1,260046848,260046840,21670570,346729120,0.75,35328,10,[8929673216],4,5.5928735,5.060366,6.125756,0.19049063062127186,5.593376,5.059053,6.128147,0.1911357291195873,17592.4370115,17549.783203,True
248,uniform6_41,non_compressible,global_cg,1104,0,0,260046848,260046840,21670570,346729120,0.75,35328,10,[8669626368],4,5.5928605000000005,5.060095,6.127283,0.19081255468467354,5.5947435,5.060027,6.128313,0.19094458932746436,17605.449707,17584.2319335,True
248,uniform6_42,generic_compressible,global_cg,1104,1,1,260046848,260046840,21670570,346729120,0.75,35328,10,[8929673216],4,7.559224,5.834788,8.059715,0.2943327251580322,7.549937,5.825197,8.044574,0.2939596714515632,12982.720215000001,12980.416015499999,True
248,uniform6_42,non_compressible,global_cg,1104,0,0,260046848,260046840,21670570,346729120,0.75,35328,10,[8669626368],4,6.5553735,5.060502,6.990799,0.29446026225660527,6.559248999999999,5.060321,6.99638,0.2951647360848781,14986.247559,14958.991699,True
248,uniform6_43,generic_compressible,global_cg,1104,1,1,260046848,260046840,21670570,346729120,0.75,35328,10,[8929673216],4,6.0242535,5.058827,6.995384,0.3214600779997056,6.0264825,5.061477,6.994302,0.3207219136536114,16617.0249025,16593.6298825,True
248,uniform6_43,non_compressible,global_cg,1104,0,0,260046848,260046840,21670570,346729120,0.75,35328,10,[8669626368],4,6.024846500000001,5.058849,6.990539,0.3206206166414363,6.02561,5.061635,6.992139,0.3203831645260812,16648.904785,16619.6914065,True
248,uniform6_44,generic_compressible,global_cg,1104,1,1,260046848,260046840,21670570,346729120,0.75,35328,10,[8929673216],4,6.986694,5.060095,6.991015,0.27637105618193675,6.992376500000001,5.06125,6.994778,0.27651943513053107,13984.337891,13956.268554999999,True
248,uniform6_44,non_compressible,global_cg,1104,0,0,260046848,260046840,21670570,346729120,0.75,35328,10,[8669626368],4,6.986586,5.060185,6.989372,0.2761272816222402,6.9916195,5.059144,6.993739,0.27670198585606665,13985.6484375,13959.594238000001,True
248,uniform6_45,generic_compressible,global_cg,1104,1,1,260046848,260046840,21670570,346729120,0.75,35328,10,[8929673216],4,6.5570845,5.060548,6.990971,0.29440264190586535,6.558037000000001,5.060684,6.99136,0.2943984610028885,14965.5068355,14945.9838865,True
248,uniform6_45,non_compressible,global_cg,1104,0,0,260046848,260046840,21670570,346729120,0.75,35328,10,[8669626368],4,6.557762,5.060117,6.990798,0.29441156906883775,6.560351,5.060661,6.994432,0.2947663928347736,14952.260254,14931.112793,True
248,uniform6_46,generic_compressible,global_cg,1104,1,1,260046848,260046840,21670570,346729120,0.75,35328,10,[8929673216],4,6.9884,5.05722,6.990582,0.2766530250128784,6.990603999999999,5.06125,6.992485,0.27626153619916105,13989.5439455,13960.1210935,True
248,uniform6_46,non_compressible,global_cg,1104,0,0,260046848,260046840,21670570,346729120,0.75,35328,10,[8669626368],4,6.9857875,5.05765,6.990842,0.27673215081334784,6.9913605,5.059212,6.995903,0.2770120350681388,13995.054199,13961.870116999999,True
248,uniform6_47,generic_compressible,global_cg,1104,1,1,260046848,260046840,21670570,346729120,0.75,35328,10,[8929673216],4,6.5553585000000005,5.058668,6.986823,0.2941341804571024,6.5592595,5.061227,6.991879,0.29433993273173603,14959.741211,14919.9150395,True
248,uniform6_47,non_compressible,global_cg,1104,0,0,260046848,260046840,21670570,346729120,0.75,35328,10,[8669626368],4,6.5579635,5.05774,6.991058,0.29480462951646497,6.559058500000001,5.061522,6.990626,0.2941129431914656,14945.584961,14927.036133,True
248,uniform6_48,generic_compressible,global_cg,1104,1,1,260046848,260046840,21670570,346729120,0.75,35328,10,[8929673216],4,6.9895885,5.06014,6.991015,0.2762501683754345,6.9910795,5.059959,6.992095,0.2763716247254805,13987.4174805,13964.936035,True
248,uniform6_48,non_compressible,global_cg,1104,0,0,260046848,260046840,21670570,346729120,0.75,35328,10,[8669626368],4,6.989934,5.060185,6.990626,0.2761744245367696,6.991123,5.061318,6.991576,0.27610127872160173,13983.475586,13963.7963865,True
248,uniform6_49,generic_compressible,global_cg,1104,1,1,260046848,260046840,21670570,346729120,0.75,35328,10,[8929673216],4,6.023071,5.059914,6.985615,0.3197207869540306,6.025230499999999,5.058714,6.991793,0.32083071344739433,16650.488281500002,16620.4848635,True
248,uniform6_49,non_compressible,global_cg,1104,0,0,260046848,260046840,21670570,346729120,0.75,35328,10,[8669626368],4,6.0229115,5.060117,6.988292,0.3201400186604104,6.023799,5.059302,6.991966,0.3208380624917929,16616.4951175,16613.416504,True
248,uniform6_5,generic_compressible,global_cg,1104,1,1,260046848,260046840,21670570,346729120,0.75,35328,10,[8929673216],4,5.5923324999999995,5.057378,6.126121,0.19110862953874802,5.595033,5.061431,6.12828,0.1906778744647262,17629.284668,17604.26709,True
248,uniform6_5,non_compressible,global_cg,1104,0,0,260046848,260046840,21670570,346729120,0.75,35328,10,[8669626368],4,5.591851999999999,5.058759,6.125457,0.1907593405547929,5.5941975,5.061273,6.127615,0.19061572280921432,17624.54541,17604.1103515,True
248,uniform6_50,generic_compressible,global_cg,1104,1,1,260046848,260046840,21670570,346729120,0.75,35328,10,[8929673216],4,6.0227945,5.060117,6.985485,0.31968017504166873,6.0266665,5.061205,6.991015,0.32021184513860185,15459.9511715,15445.9418945,True
248,uniform6_50,non_compressible,global_cg,1104,0,0,260046848,260046840,21670570,346729120,0.75,35328,10,[8669626368],4,6.024589499999999,5.060163,6.988163,0.32002180397519203,6.0264165,5.060706,6.99149,0.3203867505672733,15460.4160155,15444.814452999999,True
248,uniform6_51,generic_compressible,global_cg,1104,1,1,260046848,260046840,21670570,346729120,0.75,35328,10,[8929673216],4,6.5558565,5.060367,6.990669,0.2944393306961492,6.5582795,5.06159,6.992182,0.29437476704065446,14973.2026365,14951.9375,True
248,uniform6_51,non_compressible,global_cg,1104,0,0,260046848,260046840,21670570,346729120,0.75,35328,10,[8669626368],4,6.5563649999999996,5.057944,6.990669,0.29478605904338756,6.5597449999999995,5.058623,6.99149,0.2946558136025105,14974.1049805,14949.2768555,True
248,uniform6_52,generic_compressible,global_cg,1104,1,1,260046848,260046840,21670570,346729120,0.75,35328,10,[8929673216],4,6.5565345,5.059008,6.988767,0.2943260650881956,6.557603,5.058555,6.989718,0.2944922100346727,14965.857422000001,14937.624511999999,True
248,uniform6_52,non_compressible,global_cg,1104,0,0,260046848,260046840,21670570,346729120,0.75,35328,10,[8669626368],4,6.5556705,5.06014,6.991274,0.2945745976708256,6.558571000000001,5.058736,6.991144,0.2946385729452346,14960.770508,14944.053222499999,True
248,uniform6_53,generic_compressible,global_cg,1104,1,1,260046848,260046840,21670570,346729120,0.75,35328,10,[8929673216],4,6.556286500000001,5.060276,6.990496,0.29440751254540204,6.5576430000000006,5.058872,6.989286,0.2943761958374373,14978.385254,14953.338379,True
248,uniform6_53,non_compressible,global_cg,1104,0,0,260046848,260046840,21670570,346729120,0.75,35328,10,[8669626368],4,6.557031,5.060095,6.990582,0.2944148045052708,6.5595005,5.061069,6.991533,0.2943004577863818,14969.5522465,14945.4853515,True
248,uniform6_54,generic_compressible,global_cg,1104,1,1,260046848,260046840,21670570,346729120,0.75,35328,10,[8929673216],4,6.554103,5.060004,6.990842,0.2945998865138372,6.558167,5.059687,6.991015,0.29449204327977613,14983.7993165,14957.5703125,True
248,uniform6_54,non_compressible,global_cg,1104,0,0,260046848,260046840,21670570,346729120,0.75,35328,10,[8669626368],4,6.5552685,5.059936,6.990582,0.2945182184375818,6.559799,5.059665,6.992225,0.2946065877933151,14980.4887695,14959.830566,True
248,uniform6_55,generic_compressible,global_cg,1104,1,1,260046848,260046840,21670570,346729120,0.75,35328,10,[8929673216],4,6.557425,5.060095,6.989545,0.2942389733775072,6.558119,5.061159,6.991577,0.29435543941791853,14981.598632500001,14956.3774415,True
248,uniform6_55,non_compressible,global_cg,1104,0,0,260046848,260046840,21670570,346729120,0.75,35328,10,[8669626368],4,6.5566055,5.060231,6.98894,0.2941627340549924,6.559817000000001,5.061227,6.993913,0.294624987251931,14982.399414,14957.178222999999,True
248,uniform6_56,generic_compressible,global_cg,1104,1,1,260046848,260046840,21670570,346729120,0.75,35328,10,[8929673216],4,6.556570499999999,5.059868,6.990626,0.2944768152801835,6.55867,5.06057,6.992398,0.2945456929529919,14972.852051,14946.6762695,True
248,uniform6_56,non_compressible,global_cg,1104,0,0,260046848,260046840,21670570,346729120,0.75,35328,10,[8669626368],4,6.5582525,5.05765,6.993307,0.2951482883588273,6.5601165,5.061477,6.994086,0.2945997986468686,14968.639159999999,14946.7192385,True
248,uniform6_57,generic_compressible,global_cg,1104,1,1,260046848,260046840,21670570,346729120,0.75,35328,10,[8929673216],4,6.555109,5.06159,6.985269,0.29346254959299684,6.555989,5.061159,6.99162,0.29445763255551527,14978.0620115,14959.059570000001,True
248,uniform6_57,non_compressible,global_cg,1104,0,0,260046848,260046840,21670570,346729120,0.75,35328,10,[8669626368],4,6.5561505,5.060457,6.991231,0.2944981205053178,6.5586745,5.061023,6.994951,0.29486567750846615,14976.440918,14951.875488,True
248,uniform6_58,generic_compressible,global_cg,1104,1,1,260046848,260046840,21670570,346729120,0.75,35328,10,[8929673216],4,6.0237685,5.057446,6.989372,0.32071717231497204,6.0271965000000005,5.061975,6.991231,0.3200917706930576,16633.272949,15446.979492499999,True
248,uniform6_58,non_compressible,global_cg,1104,0,0,260046848,260046840,21670570,346729120,0.75,35328,10,[8669626368],4,6.025215,5.060208,6.991101,0.3204687301614962,6.0281715,5.06159,6.99296,0.3203906856332804,15477.997559,15448.277343500002,True
248,uniform6_59,generic_compressible,global_cg,1104,1,1,260046848,260046840,21670570,346729120,0.75,35328,10,[8929673216],4,6.556107000000001,6.123035,6.988033,0.13193774903307706,6.5593995,6.127184,6.992788,0.13196390919626108,14982.4692385,14955.394043,True
248,uniform6_59,non_compressible,global_cg,1104,0,0,260046848,260046840,21670570,346729120,0.75,35328,10,[8669626368],4,6.5567665,6.125424,6.990755,0.1319752655520065,6.5599365,6.126918,6.994778,0.13229701232626265,14981.0322265,14953.85791,True
248,uniform6_6,generic_compressible,global_cg,1104,1,1,260046848,260046840,21670570,346729120,0.75,35328,10,[8929673216],4,6.1230525,5.058759,6.125822,0.17426977802329804,6.1250925,5.060548,6.127781,0.1742394910770735,15969.0737305,15939.3779295,True
248,uniform6_6,non_compressible,global_cg,1104,0,0,260046848,260046840,21670570,346729120,0.75,35328,10,[8669626368],4,6.1251750000000005,5.06014,6.125324,0.17390262319035787,6.126918,5.060638,6.127914,0.17419459506394563,15963.497070500001,15945.398926,True
248,uniform6_60,generic_compressible,global_cg,1104,1,1,260046848,260046840,21670570,346729120,0.75,35328,10,[8929673216],4,6.5533635,6.116873,6.988033,0.1329332639643749,6.5592334999999995,6.123234,6.990799,0.1322662167767011,14973.6762695,14949.9243165,True
248,uniform6_60,non_compressible,global_cg,1104,0,0,260046848,260046840,21670570,346729120,0.75,35328,10,[8669626368],4,6.557817,5.305251,6.990539,0.2569891779535781,6.5596745,5.244899,6.992701,0.2664464524878483,14972.059082,14949.9335935,True
248,uniform6_61,generic_compressible,global_cg,1104,1,1,260046848,260046840,21670570,346729120,0.75,35328,10,[8929673216],4,6.5568915,5.060797,6.991015,0.2943800427382396,6.558162,5.062497,6.990885,0.2940439714663956,14983.78125,14959.432129,True
248,uniform6_61,non_compressible,global_cg,1104,0,0,260046848,260046840,21670570,346729120,0.75,35328,10,[8669626368],4,6.557398,5.061885,6.990107,0.29405291550093493,6.559649,5.062225,6.99335,0.2943945628798127,14987.4956055,14958.7026365,True
248,uniform6_62,generic_compressible,global_cg,1104,1,1,260046848,260046840,21670570,346729120,0.75,35328,10,[8929673216],4,6.555498,5.058849,6.990755,0.2947001127908207,6.5582695,5.061613,6.99175,0.29430583784335174,14982.578125,14959.0239255,True
248,uniform6_62,non_compressible,global_cg,1104,0,0,260046848,260046840,21670570,346729120,0.75,35328,10,[8669626368],4,6.5556585,5.05903,6.99123,0.2947377444996563,6.559561,5.062111,6.992182,0.2942378308548392,14985.220215000001,14959.239746,True
248,uniform6_63,generic_compressible,global_cg,1104,1,1,260046848,260046840,21670570,346729120,0.75,35328,10,[8929673216],4,28.818599499999998,28.812722,28.825946,0.00045887032088417275,28.786310999999998,28.773123,28.788511,0.0005345596384337512,3357.7309569999998,3358.0336915,True
248,uniform6_63,non_compressible,global_cg,1104,0,0,260046848,260046840,21670570,346729120,0.75,35328,10,[8669626368],4,6.555856,5.060163,6.990971,0.29451653605570344,6.5595945,5.060842,6.993826,0.2946804105040335,14980.217285,14954.966797000001,True
248,uniform6_7,generic_compressible,global_cg,1104,1,1,260046848,260046840,21670570,346729120,0.75,35328,10,[8929673216],4,5.060309999999999,5.0598,6.127449,0.21098490013457682,5.062168,5.060049,6.130672,0.21149495631120885,18119.756836,18059.4106445,True
248,uniform6_7,non_compressible,global_cg,1104,0,0,260046848,260046840,21670570,346729120,0.75,35328,10,[8669626368],4,5.0610235,5.060208,6.127582,0.21090081877707148,5.0618165,5.061363,6.130606,0.21123701343183818,17210.213867,17430.0961915,True
248,uniform6_8,generic_compressible,global_cg,1104,1,1,260046848,260046840,21670570,346729120,0.75,35328,10,[8929673216],4,5.060309999999999,5.058465,5.06295,0.000886309336779733,5.061137,5.059461,5.061726,0.00044752789738756435,19292.583008,18112.79834,True
248,uniform6_8,non_compressible,global_cg,1104,0,0,260046848,260046840,21670570,346729120,0.75,35328,10,[8669626368],4,5.0603555,5.059664,5.063041,0.0006673444187864681,5.061839,5.060933,5.063449,0.0004970525534296849,19296.281737999998,19267.092773,True
248,uniform6_9,generic_compressible,global_cg,1104,1,1,260046848,260046840,21670570,346729120,0.75,35328,10,[8929673216],4,5.5927454999999995,5.060435,6.990842,0.3451626754694988,5.5927605,5.060253,6.991663,0.3453410887163861,16454.152344000002,16432.918457,True
248,uniform6_9,non_compressible,global_cg,1104,0,0,260046848,260046840,21670570,346729120,0.75,35328,10,[8669626368],4,5.5939115,5.061771,6.985529,0.34390211571992146,5.594958,5.06159,6.991058,0.34485835282409627,16444.344727,16425.7978515,True
