path,pattern,compression,requested_compression,effective_compression,size_mib,allocation_bytes,table_bytes,groups,entries,bytes_per_code,base_address,warps,threads,samples,control_p50_cycles,cold_p50_cycles,hot_p50_cycles,cold_net_cycles_per_lookup,hot_net_cycles_per_lookup,cold_p50_us,hot_p50_us,cold_glookups_s,hot_glookups_s,validated_control,validated_cold,validated_hot,mismatches_control,mismatches_cold,mismatches_hot,validation
global_cg,uniform6_0,non_compressible,0,0,36,37748736,37748736,3145728,50331648,0.750000,8669626368,1104,35328,10,36.000000,1495619.500000,1277294.000000,2921.061523,2494.644531,549.823999,469.935998,32.897684,38.490212,353280,353280,353280,0,0,0,1
global_cg,uniform6_0,generic_compressible,1,1,36,37748736,37748736,3145728,50331648,0.750000,8707375104,1104,35328,10,36.000000,1276592.500000,1277490.500000,2493.274414,2495.028320,468.576014,469.791993,38.601925,38.502010,353280,353280,353280,0,0,0,1
global_cg,uniform6_1,non_compressible,0,0,36,37748736,37748736,3145728,50331648,0.750000,8669626368,1104,35328,10,37.000000,1496978.000000,1278349.000000,2923.712891,2496.703125,550.383985,471.648008,32.864212,38.350498,353280,353280,353280,0,0,0,1
global_cg,uniform6_1,generic_compressible,1,1,36,37748736,37748736,3145728,50331648,0.750000,8707375104,1104,35328,10,36.000000,1496553.500000,1278387.000000,2922.885742,2496.779297,550.208002,470.672011,32.874724,38.430023,353280,353280,353280,0,0,0,1
global_cg,uniform6_2,non_compressible,0,0,36,37748736,37748736,3145728,50331648,0.750000,8669626368,1104,35328,10,36.000000,1496738.500000,1278243.000000,2923.247070,2496.498047,550.368011,471.407995,32.865166,38.370024,353280,353280,353280,0,0,0,1
global_cg,uniform6_2,generic_compressible,1,1,36,37748736,37748736,3145728,50331648,0.750000,8707375104,1104,35328,10,36.000000,1496850.000000,1278704.500000,2923.464844,2497.399414,548.912019,470.303997,32.952341,38.460094,353280,353280,353280,0,0,0,1
global_cg,uniform6_3,non_compressible,0,0,36,37748736,37748736,3145728,50331648,0.750000,8669626368,1104,35328,10,36.000000,1496522.000000,1278229.000000,2922.824219,2496.470703,550.239980,471.632004,32.872813,38.351799,353280,353280,353280,0,0,0,1
global_cg,uniform6_3,generic_compressible,1,1,36,37748736,37748736,3145728,50331648,0.750000,8707375104,1104,35328,10,36.000000,1496862.000000,1278662.500000,2923.488281,2497.317383,549.999982,471.760005,32.887157,38.341394,353280,353280,353280,0,0,0,1
global_cg,uniform6_4,non_compressible,0,0,36,37748736,37748736,3145728,50331648,0.750000,8669626368,1104,35328,10,36.000000,2446024.500000,2324195.500000,4777.321289,4539.374023,892.832011,848.527998,20.259059,21.316841,353280,353280,353280,0,0,0,1
global_cg,uniform6_4,generic_compressible,1,1,36,37748736,37748736,3145728,50331648,0.750000,8707375104,1104,35328,10,36.000000,2445222.000000,2322352.500000,4775.753906,4535.774414,893.967986,846.704006,20.233315,21.362762,353280,353280,353280,0,0,0,1
global_cg,uniform6_5,non_compressible,0,0,36,37748736,37748736,3145728,50331648,0.750000,8669626368,1104,35328,10,37.000000,1496129.500000,1278324.500000,2922.055664,2496.655273,550.176024,471.632004,32.876634,38.351799,353280,353280,353280,0,0,0,1
global_cg,uniform6_5,generic_compressible,1,1,36,37748736,37748736,3145728,50331648,0.750000,8707375104,1104,35328,10,36.000000,1496765.000000,1278508.000000,2923.298828,2497.015625,550.336003,471.359998,32.867077,38.373931,353280,353280,353280,0,0,0,1
global_cg,uniform6_6,non_compressible,0,0,36,37748736,37748736,3145728,50331648,0.750000,8669626368,1104,35328,10,36.000000,1496466.000000,1278404.000000,2922.714844,2496.812500,550.303996,471.887991,32.868989,38.330995,353280,353280,353280,0,0,0,1
global_cg,uniform6_6,generic_compressible,1,1,36,37748736,37748736,3145728,50331648,0.750000,8707375104,1104,35328,10,36.000000,1496340.500000,1278404.500000,2922.469727,2496.813477,549.855977,470.176011,32.895770,38.470563,353280,353280,353280,0,0,0,1
global_cg,uniform6_7,non_compressible,0,0,36,37748736,37748736,3145728,50331648,0.750000,8669626368,1104,35328,10,37.000000,1496791.500000,1278294.000000,2923.348633,2496.595703,550.096005,471.695989,32.881417,38.346597,353280,353280,353280,0,0,0,1
global_cg,uniform6_7,generic_compressible,1,1,36,37748736,37748736,3145728,50331648,0.750000,8707375104,1104,35328,10,36.000000,1496493.500000,1278834.500000,2922.768555,2497.653320,550.240010,470.576003,32.872811,38.437863,353280,353280,353280,0,0,0,1
global_cg,uniform6_8,non_compressible,0,0,36,37748736,37748736,3145728,50331648,0.750000,8669626368,1104,35328,10,36.000000,1496364.500000,1278161.000000,2922.516602,2496.337891,549.903989,471.775994,32.892898,38.340094,353280,353280,353280,0,0,0,1
global_cg,uniform6_8,generic_compressible,1,1,36,37748736,37748736,3145728,50331648,0.750000,8707375104,1104,35328,10,36.000000,1496561.000000,1278495.500000,2922.900391,2496.991211,549.952000,470.287994,32.890027,38.461403,353280,353280,353280,0,0,0,1
global_cg,uniform6_9,non_compressible,0,0,36,37748736,37748736,3145728,50331648,0.750000,8669626368,1104,35328,10,36.000000,1496977.000000,1278383.500000,2923.712891,2496.772461,550.303996,471.839994,32.868989,38.334894,353280,353280,353280,0,0,0,1
global_cg,uniform6_9,generic_compressible,1,1,36,37748736,37748736,3145728,50331648,0.750000,8707375104,1104,35328,10,36.000000,1496273.500000,1278493.500000,2922.338867,2496.987305,549.855977,470.208004,32.895770,38.467946,353280,353280,353280,0,0,0,1
global_cg,uniform6_10,non_compressible,0,0,36,37748736,37748736,3145728,50331648,0.750000,8669626368,1104,35328,10,36.000000,1496874.000000,1278292.000000,2923.511719,2496.593750,550.287992,471.312001,32.869945,38.377839,353280,353280,353280,0,0,0,1
global_cg,uniform6_10,generic_compressible,1,1,36,37748736,37748736,3145728,50331648,0.750000,8707375104,1104,35328,10,36.000000,1496666.500000,1278467.500000,2923.106445,2496.936523,550.031990,470.192000,32.885244,38.469255,353280,353280,353280,0,0,0,1
global_cg,uniform6_11,non_compressible,0,0,36,37748736,37748736,3145728,50331648,0.750000,8669626368,1104,35328,10,36.000000,1496526.000000,1278359.000000,2922.832031,2496.724609,550.047994,471.791998,32.884287,38.338794,353280,353280,353280,0,0,0,1
global_cg,uniform6_11,generic_compressible,1,1,36,37748736,37748736,3145728,50331648,0.750000,8707375104,1104,35328,10,36.000000,1496580.500000,1278715.500000,2922.938477,2497.420898,550.160021,471.583992,32.877591,38.355704,353280,353280,353280,0,0,0,1
global_cg,uniform6_12,non_compressible,0,0,36,37748736,37748736,3145728,50331648,0.750000,8669626368,1104,35328,10,36.000000,1496846.500000,1278453.000000,2923.458008,2496.908203,549.919993,471.807986,32.891941,38.337494,353280,353280,353280,0,0,0,1
global_cg,uniform6_12,generic_compressible,1,1,36,37748736,37748736,3145728,50331648,0.750000,8707375104,1104,35328,10,36.000000,1496462.500000,1278510.000000,2922.708008,2497.019531,550.096005,470.927998,32.881417,38.409133,353280,353280,353280,0,0,0,1
global_cg,uniform6_13,non_compressible,0,0,36,37748736,37748736,3145728,50331648,0.750000,8669626368,1104,35328,10,36.000000,1496544.000000,1278088.500000,2922.867188,2496.196289,550.240010,471.888006,32.872811,38.330993,353280,353280,353280,0,0,0,1
global_cg,uniform6_13,generic_compressible,1,1,36,37748736,37748736,3145728,50331648,0.750000,8707375104,1104,35328,10,36.000000,1496413.000000,1278367.500000,2922.611328,2496.741211,549.488008,470.128000,32.917799,38.474492,353280,353280,353280,0,0,0,1
global_cg,uniform6_14,non_compressible,0,0,36,37748736,37748736,3145728,50331648,0.750000,8669626368,1104,35328,10,37.000000,2445529.000000,2322114.500000,4776.351562,4535.307617,893.840015,848.416001,20.236212,21.319654,353280,353280,353280,0,0,0,1
global_cg,uniform6_14,generic_compressible,1,1,36,37748736,37748736,3145728,50331648,0.750000,8707375104,1104,35328,10,36.000000,2445547.500000,2322162.500000,4776.389648,4535.403320,892.863989,846.751988,20.258333,21.361551,353280,353280,353280,0,0,0,1
global_cg,uniform6_15,non_compressible,0,0,36,37748736,37748736,3145728,50331648,0.750000,8669626368,1104,35328,10,36.000000,2444898.500000,2322800.500000,4775.122070,4536.649414,893.248022,848.320007,20.249623,21.322067,353280,353280,353280,0,0,0,1
global_cg,uniform6_15,generic_compressible,1,1,36,37748736,37748736,3145728,50331648,0.750000,8707375104,1104,35328,10,36.000000,2445432.500000,2322511.500000,4776.165039,4536.084961,893.647999,846.576005,20.240560,21.365992,353280,353280,353280,0,0,0,1
global_cg,uniform6_16,non_compressible,0,0,36,37748736,37748736,3145728,50331648,0.750000,8669626368,1104,35328,10,36.000000,1496893.000000,1278319.000000,2923.548828,2496.646484,550.383985,471.360013,32.864212,38.373930,353280,353280,353280,0,0,0,1
global_cg,uniform6_16,generic_compressible,1,1,36,37748736,37748736,3145728,50331648,0.750000,8707375104,1104,35328,10,36.000000,1496560.000000,1278546.000000,2922.898438,2497.089844,549.584001,471.312001,32.912050,38.377839,353280,353280,353280,0,0,0,1
global_cg,uniform6_17,non_compressible,0,0,36,37748736,37748736,3145728,50331648,0.750000,8669626368,1104,35328,10,36.000000,1496704.000000,1278597.000000,2923.179688,2497.189453,549.935997,471.632004,32.890984,38.351799,353280,353280,353280,0,0,0,1
global_cg,uniform6_17,generic_compressible,1,1,36,37748736,37748736,3145728,50331648,0.750000,8707375104,1104,35328,10,36.000000,1496862.000000,1278535.000000,2923.488281,2497.068359,550.080001,471.087992,32.882373,38.396088,353280,353280,353280,0,0,0,1
global_cg,uniform6_18,non_compressible,0,0,36,37748736,37748736,3145728,50331648,0.750000,8669626368,1104,35328,10,37.000000,1496872.500000,1278578.500000,2923.506836,2497.151367,549.983978,471.983999,32.888114,38.323197,353280,353280,353280,0,0,0,1
global_cg,uniform6_18,generic_compressible,1,1,36,37748736,37748736,3145728,50331648,0.750000,8707375104,1104,35328,10,36.000000,1496787.000000,1278847.000000,2923.341797,2497.677734,550.352007,470.768005,32.866122,38.422186,353280,353280,353280,0,0,0,1
global_cg,uniform6_19,non_compressible,0,0,36,37748736,37748736,3145728,50331648,0.750000,8669626368,1104,35328,10,37.000000,1496665.000000,1278263.000000,2923.101562,2496.535156,550.303996,471.776009,32.868989,38.340093,353280,353280,353280,0,0,0,1
global_cg,uniform6_19,generic_compressible,1,1,36,37748736,37748736,3145728,50331648,0.750000,8707375104,1104,35328,10,36.000000,1496639.000000,1278414.000000,2923.052734,2496.832031,550.191998,470.735997,32.875680,38.424799,353280,353280,353280,0,0,0,1
global_cg,uniform6_20,non_compressible,0,0,36,37748736,37748736,3145728,50331648,0.750000,8669626368,1104,35328,10,36.000000,1496259.500000,1278002.500000,2922.311523,2496.028320,550.031990,471.759990,32.885244,38.341395,353280,353280,353280,0,0,0,1
global_cg,uniform6_20,generic_compressible,1,1,36,37748736,37748736,3145728,50331648,0.750000,8707375104,1104,35328,10,36.000000,1496539.500000,1278527.000000,2922.858398,2497.052734,550.015986,470.911995,32.886201,38.410438,353280,353280,353280,0,0,0,1
global_cg,uniform6_21,non_compressible,0,0,36,37748736,37748736,3145728,50331648,0.750000,8669626368,1104,35328,10,36.000000,1496584.000000,1278273.500000,2922.945312,2496.557617,550.031990,471.376002,32.885244,38.372628,353280,353280,353280,0,0,0,1
global_cg,uniform6_21,generic_compressible,1,1,36,37748736,37748736,3145728,50331648,0.750000,8707375104,1104,35328,10,36.000000,1334195.000000,1278992.000000,2605.779297,2497.960938,489.632010,469.935998,36.941898,38.490212,353280,353280,353280,0,0,0,1
global_cg,uniform6_22,non_compressible,0,0,36,37748736,37748736,3145728,50331648,0.750000,8669626368,1104,35328,10,36.000000,1496421.500000,1278463.000000,2922.627930,2496.927734,550.255984,471.504003,32.871857,38.362211,353280,353280,353280,0,0,0,1
global_cg,uniform6_22,generic_compressible,1,1,36,37748736,37748736,3145728,50331648,0.750000,8707375104,1104,35328,10,36.000000,1496508.500000,1278436.500000,2922.797852,2496.875977,550.080001,471.423998,32.882373,38.368721,353280,353280,353280,0,0,0,1
global_cg,uniform6_23,non_compressible,0,0,36,37748736,37748736,3145728,50331648,0.750000,8669626368,1104,35328,10,36.000000,1496518.000000,1278292.000000,2922.816406,2496.593750,550.336003,471.711993,32.867077,38.345296,353280,353280,353280,0,0,0,1
global_cg,uniform6_23,generic_compressible,1,1,36,37748736,37748736,3145728,50331648,0.750000,8707375104,1104,35328,10,36.000000,1496658.000000,1278356.000000,2923.089844,2496.718750,550.352007,470.624000,32.866122,38.433943,353280,353280,353280,0,0,0,1
global_cg,uniform6_24,non_compressible,0,0,36,37748736,37748736,3145728,50331648,0.750000,8669626368,1104,35328,10,36.000000,2445687.000000,2321660.000000,4776.662109,4534.421875,894.224018,846.848011,20.227522,21.359129,353280,353280,353280,0,0,0,1
global_cg,uniform6_24,generic_compressible,1,1,36,37748736,37748736,3145728,50331648,0.750000,8707375104,1104,35328,10,36.000000,2445903.000000,2323129.000000,4777.083984,4537.291016,894.207984,846.576005,20.227885,21.365992,353280,353280,353280,0,0,0,1
global_cg,uniform6_25,non_compressible,0,0,36,37748736,37748736,3145728,50331648,0.750000,8669626368,1104,35328,10,37.000000,1496322.500000,1278371.500000,2922.432617,2496.747070,550.191998,471.791998,32.875680,38.338794,353280,353280,353280,0,0,0,1
global_cg,uniform6_25,generic_compressible,1,1,36,37748736,37748736,3145728,50331648,0.750000,8707375104,1104,35328,10,36.000000,1496525.000000,1278910.500000,2922.830078,2497.801758,549.904019,470.063999,32.892897,38.479730,353280,353280,353280,0,0,0,1
global_cg,uniform6_26,non_compressible,0,0,36,37748736,37748736,3145728,50331648,0.750000,8669626368,1104,35328,10,36.000000,1496573.500000,1278248.000000,2922.924805,2496.507812,550.288022,470.880002,32.869943,38.413048,353280,353280,353280,0,0,0,1
global_cg,uniform6_26,generic_compressible,1,1,36,37748736,37748736,3145728,50331648,0.750000,8707375104,1104,35328,10,36.000000,1495884.000000,1278618.500000,2921.578125,2497.231445,549.600005,470.927998,32.911091,38.409133,353280,353280,353280,0,0,0,1
global_cg,uniform6_27,non_compressible,0,0,36,37748736,37748736,3145728,50331648,0.750000,8669626368,1104,35328,10,36.000000,1494811.500000,1278204.500000,2919.483398,2496.422852,550.191998,471.760005,32.875680,38.341394,353280,353280,353280,0,0,0,1
global_cg,uniform6_27,generic_compressible,1,1,36,37748736,37748736,3145728,50331648,0.750000,8707375104,1104,35328,10,36.000000,1495437.500000,1278343.000000,2920.706055,2496.693359,549.376011,471.679986,32.924510,38.347898,353280,353280,353280,0,0,0,1
global_cg,uniform6_28,non_compressible,0,0,36,37748736,37748736,3145728,50331648,0.750000,8669626368,1104,35328,10,36.000000,1495671.000000,1278212.000000,2921.162109,2496.437500,550.383985,471.791998,32.864212,38.338794,353280,353280,353280,0,0,0,1
global_cg,uniform6_28,generic_compressible,1,1,36,37748736,37748736,3145728,50331648,0.750000,8707375104,1104,35328,10,36.000000,1495847.000000,1278487.500000,2921.505859,2496.975586,550.336003,471.760005,32.867077,38.341394,353280,353280,353280,0,0,0,1
global_cg,uniform6_29,non_compressible,0,0,36,37748736,37748736,3145728,50331648,0.750000,8669626368,1104,35328,10,36.000000,1496327.000000,1278298.000000,2922.443359,2496.605469,549.856007,471.648008,32.895769,38.350498,353280,353280,353280,0,0,0,1
global_cg,uniform6_29,generic_compressible,1,1,36,37748736,37748736,3145728,50331648,0.750000,8707375104,1104,35328,10,36.000000,1495758.000000,1278651.000000,2921.332031,2497.294922,549.904019,471.504003,32.892897,38.362211,353280,353280,353280,0,0,0,1
global_cg,uniform6_30,non_compressible,0,0,36,37748736,37748736,3145728,50331648,0.750000,8669626368,1104,35328,10,37.000000,1495437.000000,1278213.500000,2920.703125,2496.438477,550.031990,471.647993,32.885244,38.350499,353280,353280,353280,0,0,0,1
global_cg,uniform6_30,generic_compressible,1,1,36,37748736,37748736,3145728,50331648,0.750000,8707375104,1104,35328,10,36.000000,1496112.000000,1278469.500000,2922.023438,2496.940430,549.935997,470.735997,32.890984,38.424799,353280,353280,353280,0,0,0,1
global_cg,uniform6_31,non_compressible,0,0,36,37748736,37748736,3145728,50331648,0.750000,8669626368,1104,35328,10,36.000000,1495698.000000,1277890.000000,2921.214844,2495.808594,550.271988,471.632004,32.870901,38.351799,353280,353280,353280,0,0,0,1
global_cg,uniform6_31,generic_compressible,1,1,36,37748736,37748736,3145728,50331648,0.750000,8707375104,1104,35328,10,36.000000,1495935.500000,1278103.500000,2921.678711,2496.225586,550.112009,471.568003,32.880460,38.357004,353280,353280,353280,0,0,0,1
global_cg,uniform6_32,non_compressible,0,0,36,37748736,37748736,3145728,50331648,0.750000,8669626368,1104,35328,10,36.000000,1496145.000000,1278091.000000,2922.087891,2496.201172,550.224006,471.711993,32.873767,38.345296,353280,353280,353280,0,0,0,1
global_cg,uniform6_32,generic_compressible,1,1,36,37748736,37748736,3145728,50331648,0.750000,8707375104,1104,35328,10,36.000000,1495195.000000,1277984.000000,2920.232422,2495.992188,550.015986,471.711993,32.886201,38.345296,353280,353280,353280,0,0,0,1
global_cg,uniform6_33,non_compressible,0,0,36,37748736,37748736,3145728,50331648,0.750000,8669626368,1104,35328,10,36.000000,1496027.000000,1278010.500000,2921.857422,2496.043945,549.983978,471.679986,32.888114,38.347898,353280,353280,353280,0,0,0,1
global_cg,uniform6_33,generic_compressible,1,1,36,37748736,37748736,3145728,50331648,0.750000,8707375104,1104,35328,10,36.000000,1496318.500000,1278197.000000,2922.426758,2496.408203,550.191998,471.584007,32.875680,38.355703,353280,353280,353280,0,0,0,1
global_cg,uniform6_34,non_compressible,0,0,36,37748736,37748736,3145728,50331648,0.750000,8669626368,1104,35328,10,36.000000,1651500.000000,1278326.000000,3225.515625,2496.660156,605.920017,471.776009,29.852019,38.340093,353280,353280,353280,0,0,0,1
global_cg,uniform6_34,generic_compressible,1,1,36,37748736,37748736,3145728,50331648,0.750000,8707375104,1104,35328,10,36.000000,1652796.000000,1279747.500000,3228.046875,2499.436523,605.823994,471.471995,29.856751,38.364815,353280,353280,353280,0,0,0,1
global_cg,uniform6_35,non_compressible,0,0,36,37748736,37748736,3145728,50331648,0.750000,8669626368,1104,35328,10,36.000000,1653269.000000,1278295.500000,3228.970703,2496.600586,606.224000,471.455991,29.837050,38.366118,353280,353280,353280,0,0,0,1
global_cg,uniform6_35,generic_compressible,1,1,36,37748736,37748736,3145728,50331648,0.750000,8707375104,1104,35328,10,36.000000,1652898.500000,1278219.000000,3228.247070,2496.451172,606.047988,470.047995,29.845716,38.481041,353280,353280,353280,0,0,0,1
global_cg,uniform6_36,non_compressible,0,0,36,37748736,37748736,3145728,50331648,0.750000,8669626368,1104,35328,10,36.000000,1653289.500000,1278401.500000,3229.010742,2496.807617,605.935991,470.991999,29.851232,38.403914,353280,353280,353280,0,0,0,1
global_cg,uniform6_36,generic_compressible,1,1,36,37748736,37748736,3145728,50331648,0.750000,8707375104,1104,35328,10,36.000000,1653463.000000,1278634.000000,3229.349609,2497.261719,605.856001,470.095992,29.855173,38.477112,353280,353280,353280,0,0,0,1
global_cg,uniform6_37,non_compressible,0,0,36,37748736,37748736,3145728,50331648,0.750000,8669626368,1104,35328,10,36.000000,1652795.500000,1278295.500000,3228.045898,2496.600586,605.839998,471.487999,29.855962,38.363513,353280,353280,353280,0,0,0,1
global_cg,uniform6_37,generic_compressible,1,1,36,37748736,37748736,3145728,50331648,0.750000,8707375104,1104,35328,10,36.000000,1653672.000000,1278965.000000,3229.757812,2497.908203,605.679989,470.032007,29.863849,38.482350,353280,353280,353280,0,0,0,1
global_cg,uniform6_38,non_compressible,0,0,36,37748736,37748736,3145728,50331648,0.750000,8669626368,1104,35328,10,36.000000,1653912.000000,1278736.500000,3230.226562,2497.461914,605.759978,471.919999,29.859906,38.328395,353280,353280,353280,0,0,0,1
global_cg,uniform6_38,generic_compressible,1,1,36,37748736,37748736,3145728,50331648,0.750000,8707375104,1104,35328,10,36.000000,1653822.500000,1278695.500000,3230.051758,2497.381836,605.983973,470.783994,29.848869,38.420881,353280,353280,353280,0,0,0,1
global_cg,uniform6_39,non_compressible,0,0,36,37748736,37748736,3145728,50331648,0.750000,8669626368,1104,35328,10,36.000000,1653897.500000,1278322.000000,3230.198242,2496.652344,605.936021,471.616000,29.851231,38.353101,353280,353280,353280,0,0,0,1
global_cg,uniform6_39,generic_compressible,1,1,36,37748736,37748736,3145728,50331648,0.750000,8707375104,1104,35328,10,36.000000,1653525.500000,1278748.000000,3229.471680,2497.484375,605.967999,470.047995,29.849656,38.481041,353280,353280,353280,0,0,0,1
global_cg,uniform6_40,non_compressible,0,0,36,37748736,37748736,3145728,50331648,0.750000,8669626368,1104,35328,10,36.000000,1653735.500000,1278365.000000,3229.881836,2496.736328,606.079996,470.095992,29.844140,38.477112,353280,353280,353280,0,0,0,1
global_cg,uniform6_40,generic_compressible,1,1,36,37748736,37748736,3145728,50331648,0.750000,8707375104,1104,35328,10,36.000000,1653358.500000,1278370.000000,3229.145508,2496.746094,606.496006,470.624000,29.823669,38.433943,353280,353280,353280,0,0,0,1
global_cg,uniform6_41,non_compressible,0,0,36,37748736,37748736,3145728,50331648,0.750000,8669626368,1104,35328,10,36.000000,1653165.000000,1278503.000000,3228.767578,2497.005859,605.872005,471.408010,29.854385,38.370023,353280,353280,353280,0,0,0,1
global_cg,uniform6_41,generic_compressible,1,1,36,37748736,37748736,3145728,50331648,0.750000,8707375104,1104,35328,10,36.000000,1653501.500000,1278504.000000,3229.424805,2497.007812,605.983973,470.095992,29.848869,38.477112,353280,353280,353280,0,0,0,1
global_cg,uniform6_42,non_compressible,0,0,36,37748736,37748736,3145728,50331648,0.750000,8669626368,1104,35328,10,45.000000,1653593.500000,1277872.500000,3229.586914,2495.756836,606.224000,470.847994,29.837050,38.415659,353280,353280,353280,0,0,0,1
global_cg,uniform6_42,generic_compressible,1,1,36,37748736,37748736,3145728,50331648,0.750000,8707375104,1104,35328,10,47.000000,1374011.500000,1278805.500000,2683.524414,2497.575195,503.824025,469.743997,35.901297,38.505944,353280,353280,353280,0,0,0,1
global_cg,uniform6_43,non_compressible,0,0,36,37748736,37748736,3145728,50331648,0.750000,8669626368,1104,35328,10,48.000000,1653313.500000,1278106.000000,3229.034180,2496.207031,606.192023,471.647993,29.838624,38.350499,353280,353280,353280,0,0,0,1
global_cg,uniform6_43,generic_compressible,1,1,36,37748736,37748736,3145728,50331648,0.750000,8707375104,1104,35328,10,47.000000,1652944.000000,1278200.500000,3228.314453,2496.393555,606.224000,471.648008,29.837050,38.350498,353280,353280,353280,0,0,0,1
global_cg,uniform6_44,non_compressible,0,0,36,37748736,37748736,3145728,50331648,0.750000,8669626368,1104,35328,10,46.000000,1649873.000000,1275362.000000,3222.318359,2490.851562,606.480002,471.824005,29.824456,38.336193,353280,353280,353280,0,0,0,1
global_cg,uniform6_44,generic_compressible,1,1,36,37748736,37748736,3145728,50331648,0.750000,8707375104,1104,35328,10,46.000000,1650180.500000,1275986.000000,3222.918945,2492.070312,606.224000,470.863998,29.837050,38.414353,353280,353280,353280,0,0,0,1
global_cg,uniform6_45,non_compressible,0,0,36,37748736,37748736,3145728,50331648,0.750000,8669626368,1104,35328,10,48.000000,1653586.500000,1278635.500000,3229.567383,2497.241211,606.192023,471.568003,29.838624,38.357004,353280,353280,353280,0,0,0,1
global_cg,uniform6_45,generic_compressible,1,1,36,37748736,37748736,3145728,50331648,0.750000,8707375104,1104,35328,10,48.000000,1653649.500000,1278080.500000,3229.690430,2496.157227,606.160015,470.079988,29.840200,38.478422,353280,353280,353280,0,0,0,1
global_cg,uniform6_46,non_compressible,0,0,36,37748736,37748736,3145728,50331648,0.750000,8669626368,1104,35328,10,48.000000,1648685.000000,1276713.000000,3219.994141,2493.486328,606.304020,471.696004,29.833112,38.346596,353280,353280,353280,0,0,0,1
global_cg,uniform6_46,generic_compressible,1,1,36,37748736,37748736,3145728,50331648,0.750000,8707375104,1104,35328,10,47.000000,1626937.500000,1276121.500000,3177.520508,2492.333008,606.255978,471.759990,29.835477,38.341395,353280,353280,353280,0,0,0,1
global_cg,uniform6_47,non_compressible,0,0,36,37748736,37748736,3145728,50331648,0.750000,8669626368,1104,35328,10,44.000000,2435302.000000,2194345.500000,4756.363281,4285.745117,1004.447997,917.552024,18.007837,19.713254,353280,353280,353280,0,0,0,1
global_cg,uniform6_47,generic_compressible,1,1,36,37748736,37748736,3145728,50331648,0.750000,8707375104,1104,35328,10,46.000000,2431441.500000,2194965.000000,4748.819336,4286.951172,1004.447997,917.312026,18.007837,19.718411,353280,353280,353280,0,0,0,1
global_cg,uniform6_48,non_compressible,0,0,36,37748736,37748736,3145728,50331648,0.750000,8669626368,1104,35328,10,46.000000,2749028.500000,2512554.000000,5369.106445,4907.242188,1003.535986,916.927993,18.024203,19.726670,353280,353280,353280,0,0,0,1
global_cg,uniform6_48,generic_compressible,1,1,36,37748736,37748736,3145728,50331648,0.750000,8707375104,1104,35328,10,44.000000,2749084.000000,2513355.000000,5369.218750,4908.810547,1003.647983,916.032016,18.022191,19.745965,353280,353280,353280,0,0,0,1
global_cg,uniform6_49,non_compressible,0,0,36,37748736,37748736,3145728,50331648,0.750000,8669626368,1104,35328,10,47.000000,1653352.500000,1278076.000000,3229.112305,2496.150391,606.208026,471.584007,29.837837,38.355703,353280,353280,353280,0,0,0,1
global_cg,uniform6_49,generic_compressible,1,1,36,37748736,37748736,3145728,50331648,0.750000,8707375104,1104,35328,10,48.000000,1653422.500000,1278666.500000,3229.247070,2497.301758,606.224000,471.551999,29.837050,38.358306,353280,353280,353280,0,0,0,1
global_cg,uniform6_50,non_compressible,0,0,36,37748736,37748736,3145728,50331648,0.750000,8669626368,1104,35328,10,47.000000,1647519.500000,1275095.000000,3217.719727,2490.328125,606.239974,471.967995,29.836264,38.324497,353280,353280,353280,0,0,0,1
global_cg,uniform6_50,generic_compressible,1,1,36,37748736,37748736,3145728,50331648,0.750000,8707375104,1104,35328,10,48.000000,1648620.000000,1275663.000000,3219.867188,2491.435547,606.480002,471.791998,29.824456,38.338794,353280,353280,353280,0,0,0,1
global_cg,uniform6_51,non_compressible,0,0,36,37748736,37748736,3145728,50331648,0.750000,8669626368,1104,35328,10,48.000000,1653441.500000,1278230.000000,3229.284180,2496.449219,606.208026,471.296012,29.837837,38.379141,353280,353280,353280,0,0,0,1
global_cg,uniform6_51,generic_compressible,1,1,36,37748736,37748736,3145728,50331648,0.750000,8707375104,1104,35328,10,45.000000,1653409.000000,1278263.500000,3229.226562,2496.520508,606.208026,471.631989,29.837837,38.351801,353280,353280,353280,0,0,0,1
global_cg,uniform6_52,non_compressible,0,0,36,37748736,37748736,3145728,50331648,0.750000,8669626368,1104,35328,10,45.000000,1653571.000000,1278292.500000,3229.542969,2496.577148,606.224000,470.911995,29.837050,38.410438,353280,353280,353280,0,0,0,1
global_cg,uniform6_52,generic_compressible,1,1,36,37748736,37748736,3145728,50331648,0.750000,8707375104,1104,35328,10,48.000000,1653764.500000,1278425.500000,3229.915039,2496.831055,606.240004,471.711993,29.836263,38.345296,353280,353280,353280,0,0,0,1
global_cg,uniform6_53,non_compressible,0,0,36,37748736,37748736,3145728,50331648,0.750000,8669626368,1104,35328,10,45.000000,2750643.500000,2513747.500000,5372.262695,4909.575195,1003.520012,916.575998,18.024490,19.734246,353280,353280,353280,0,0,0,1
global_cg,uniform6_53,generic_compressible,1,1,36,37748736,37748736,3145728,50331648,0.750000,8707375104,1104,35328,10,43.000000,2749129.000000,2512520.500000,5369.308594,4907.182617,1003.615975,915.920019,18.022766,19.748379,353280,353280,353280,0,0,0,1
global_cg,uniform6_54,non_compressible,0,0,36,37748736,37748736,3145728,50331648,0.750000,8669626368,1104,35328,10,46.000000,2752069.000000,2513689.500000,5375.044922,4909.459961,1003.616035,918.207973,18.022765,19.699171,353280,353280,353280,0,0,0,1
global_cg,uniform6_54,generic_compressible,1,1,36,37748736,37748736,3145728,50331648,0.750000,8707375104,1104,35328,10,44.000000,2751897.500000,2514214.500000,5374.713867,4910.489258,1005.424023,916.832000,17.990356,19.728735,353280,353280,353280,0,0,0,1
global_cg,uniform6_55,non_compressible,0,0,36,37748736,37748736,3145728,50331648,0.750000,8669626368,1104,35328,10,48.000000,1653934.000000,1278382.500000,3230.246094,2496.747070,606.271982,471.648008,29.834689,38.350498,353280,353280,353280,0,0,0,1
global_cg,uniform6_55,generic_compressible,1,1,36,37748736,37748736,3145728,50331648,0.750000,8707375104,1104,35328,10,47.000000,1653554.500000,1278184.000000,3229.506836,2496.361328,606.335998,470.847994,29.831539,38.415659,353280,353280,353280,0,0,0,1
global_cg,uniform6_56,non_compressible,0,0,36,37748736,37748736,3145728,50331648,0.750000,8669626368,1104,35328,10,46.000000,1622087.500000,1275642.000000,3168.049805,2491.398438,606.607974,471.888006,29.818164,38.330993,353280,353280,353280,0,0,0,1
global_cg,uniform6_56,generic_compressible,1,1,36,37748736,37748736,3145728,50331648,0.750000,8707375104,1104,35328,10,46.000000,1622736.500000,1275476.500000,3169.317383,2491.075195,607.360005,471.807986,29.781243,38.337494,353280,353280,353280,0,0,0,1
global_cg,uniform6_57,non_compressible,0,0,36,37748736,37748736,3145728,50331648,0.750000,8669626368,1104,35328,10,48.000000,1629782.500000,1277357.000000,3183.075195,2494.744141,606.352001,471.680000,29.830752,38.347897,353280,353280,353280,0,0,0,1
global_cg,uniform6_57,generic_compressible,1,1,36,37748736,37748736,3145728,50331648,0.750000,8707375104,1104,35328,10,48.000000,1631487.000000,1277404.500000,3186.404297,2494.836914,607.264012,472.015992,29.785951,38.320600,353280,353280,353280,0,0,0,1
global_cg,uniform6_58,non_compressible,0,0,36,37748736,37748736,3145728,50331648,0.750000,8669626368,1104,35328,10,44.000000,1653561.500000,1278332.000000,3229.526367,2496.656250,606.271982,471.663997,29.834689,38.349198,353280,353280,353280,0,0,0,1
global_cg,uniform6_58,generic_compressible,1,1,36,37748736,37748736,3145728,50331648,0.750000,8707375104,1104,35328,10,46.000000,1653753.000000,1278696.500000,3229.896484,2497.364258,606.192023,470.832005,29.838624,38.416964,353280,353280,353280,0,0,0,1
global_cg,uniform6_59,non_compressible,0,0,36,37748736,37748736,3145728,50331648,0.750000,8669626368,1104,35328,10,46.000000,1649877.000000,1277551.500000,3222.326172,2495.127930,606.415987,471.583992,29.827604,38.355704,353280,353280,353280,0,0,0,1
global_cg,uniform6_59,generic_compressible,1,1,36,37748736,37748736,3145728,50331648,0.750000,8707375104,1104,35328,10,47.000000,1649846.500000,1277681.000000,3222.264648,2495.378906,606.255978,471.583992,29.835477,38.355704,353280,353280,353280,0,0,0,1
global_cg,uniform6_60,non_compressible,0,0,36,37748736,37748736,3145728,50331648,0.750000,8669626368,1104,35328,10,47.000000,1634875.000000,1277898.500000,3193.023438,2495.803711,606.207997,471.839994,29.837838,38.334894,353280,353280,353280,0,0,0,1
global_cg,uniform6_60,generic_compressible,1,1,36,37748736,37748736,3145728,50331648,0.750000,8707375104,1104,35328,10,48.000000,1635408.500000,1277925.000000,3194.063477,2495.853516,606.463999,471.776009,29.825243,38.340093,353280,353280,353280,0,0,0,1
global_cg,uniform6_61,non_compressible,0,0,36,37748736,37748736,3145728,50331648,0.750000,8669626368,1104,35328,10,46.000000,1653486.500000,1278154.500000,3229.375977,2496.305664,606.208026,471.711993,29.837837,38.345296,353280,353280,353280,0,0,0,1
global_cg,uniform6_61,generic_compressible,1,1,36,37748736,37748736,3145728,50331648,0.750000,8707375104,1104,35328,10,48.000000,1653928.500000,1278532.000000,3230.235352,2497.039062,606.352001,471.519992,29.830752,38.360910,353280,353280,353280,0,0,0,1
global_cg,uniform6_62,non_compressible,0,0,36,37748736,37748736,3145728,50331648,0.750000,8669626368,1104,35328,10,48.000000,1647833.500000,1276963.500000,3218.331055,2493.975586,606.160015,471.872002,29.840200,38.332293,353280,353280,353280,0,0,0,1
global_cg,uniform6_62,generic_compressible,1,1,36,37748736,37748736,3145728,50331648,0.750000,8707375104,1104,35328,10,47.000000,1640782.000000,1277237.000000,3204.560547,2494.511719,606.287986,471.599996,29.833901,38.354402,353280,353280,353280,0,0,0,1
global_cg,uniform6_63,non_compressible,0,0,36,37748736,37748736,3145728,50331648,0.750000,8669626368,1104,35328,10,48.000000,1649079.000000,1276771.000000,3220.763672,2493.599609,606.208026,471.712008,29.837837,38.345295,353280,353280,353280,0,0,0,1
global_cg,uniform6_63,generic_compressible,1,1,36,37748736,37748736,3145728,50331648,0.750000,8707375104,1104,35328,10,48.000000,1276146.500000,1276757.000000,2492.379883,2493.572266,471.152008,469.919994,38.390871,38.491522,353280,353280,353280,0,0,0,1
global_cg,uniform6_0,non_compressible,0,0,40,41943040,41943036,3495253,55924048,0.750000,8669626368,1104,35328,10,46.000000,3208023.500000,2936642.500000,6265.581055,5735.540039,1174.543977,1075.679958,15.399965,16.815351,353280,353280,353280,0,0,0,1
global_cg,uniform6_0,generic_compressible,1,1,40,41943040,41943036,3495253,55924048,0.750000,8711569408,1104,35328,10,46.000000,1276136.500000,1276776.000000,2492.364258,2493.613281,470.592007,469.904006,38.436556,38.492832,353280,353280,353280,0,0,0,1
global_cg,uniform6_1,non_compressible,0,0,40,41943040,41943036,3495253,55924048,0.750000,8669626368,1104,35328,10,47.000000,3203554.000000,2934153.000000,6256.849609,5730.675781,1173.696041,1075.792015,15.411091,16.813599,353280,353280,353280,0,0,0,1
global_cg,uniform6_1,generic_compressible,1,1,40,41943040,41943036,3495253,55924048,0.750000,8711569408,1104,35328,10,46.000000,3215007.500000,2952755.000000,6279.221680,5767.009766,1178.880036,1081.519961,15.343322,16.724551,353280,353280,353280,0,0,0,1
global_cg,uniform6_2,non_compressible,0,0,40,41943040,41943036,3495253,55924048,0.750000,8669626368,1104,35328,10,45.000000,3220703.000000,2951113.000000,6290.347656,5763.804688,1173.727989,1075.855970,15.410671,16.812600,353280,353280,353280,0,0,0,1
global_cg,uniform6_2,generic_compressible,1,1,40,41943040,41943036,3495253,55924048,0.750000,8711569408,1104,35328,10,46.000000,3230097.000000,2968527.000000,6308.693359,5797.814453,1178.751945,1083.055973,15.344989,16.700832,353280,353280,353280,0,0,0,1
global_cg,uniform6_3,non_compressible,0,0,40,41943040,41943036,3495253,55924048,0.750000,8669626368,1104,35328,10,46.000000,3216118.500000,2949394.000000,6281.391602,5760.445312,1173.536003,1075.872004,15.413192,16.812349,353280,353280,353280,0,0,0,1
global_cg,uniform6_3,generic_compressible,1,1,40,41943040,41943036,3495253,55924048,0.750000,8711569408,1104,35328,10,47.000000,3230638.000000,2968632.500000,6309.748047,5798.018555,1179.727972,1082.288027,15.332294,16.712682,353280,353280,353280,0,0,0,1
global_cg,uniform6_4,non_compressible,0,0,40,41943040,41943036,3495253,55924048,0.750000,8669626368,1104,35328,10,46.000000,3219651.500000,2952047.000000,6288.291992,5765.626953,1173.648000,1075.903952,15.411721,16.811850,353280,353280,353280,0,0,0,1
global_cg,uniform6_4,generic_compressible,1,1,40,41943040,41943036,3495253,55924048,0.750000,8711569408,1104,35328,10,46.000000,3229081.500000,2967732.000000,6306.709961,5796.261719,1178.704023,1081.247985,15.345613,16.728758,353280,353280,353280,0,0,0,1
global_cg,uniform6_5,non_compressible,0,0,40,41943040,41943036,3495253,55924048,0.750000,8669626368,1104,35328,10,44.000000,3219126.000000,2950553.000000,6287.269531,5762.712891,1174.543977,1075.919986,15.399965,16.811600,353280,353280,353280,0,0,0,1
global_cg,uniform6_5,generic_compressible,1,1,40,41943040,41943036,3495253,55924048,0.750000,8711569408,1104,35328,10,47.000000,3230904.000000,2964782.000000,6310.267578,5790.498047,1178.575993,1080.320001,15.347280,16.743128,353280,353280,353280,0,0,0,1
global_cg,uniform6_6,non_compressible,0,0,40,41943040,41943036,3495253,55924048,0.750000,8669626368,1104,35328,10,48.000000,3217874.500000,2950279.500000,6284.817383,5762.170898,1173.519969,1075.888038,15.413403,16.812099,353280,353280,353280,0,0,0,1
global_cg,uniform6_6,generic_compressible,1,1,40,41943040,41943036,3495253,55924048,0.750000,8711569408,1104,35328,10,47.000000,3225558.000000,2967155.500000,6299.826172,5795.133789,1177.583992,1080.703974,15.360209,16.737179,353280,353280,353280,0,0,0,1
global_cg,uniform6_7,non_compressible,0,0,40,41943040,41943036,3495253,55924048,0.750000,8669626368,1104,35328,10,44.000000,3218920.500000,2949744.500000,6286.868164,5761.133789,1173.632026,1075.807989,15.411931,16.813350,353280,353280,353280,0,0,0,1
global_cg,uniform6_7,generic_compressible,1,1,40,41943040,41943036,3495253,55924048,0.750000,8711569408,1104,35328,10,47.000000,3229642.500000,2967255.000000,6307.803711,5795.328125,1177.855968,1082.240045,15.356662,16.713423,353280,353280,353280,0,0,0,1
global_cg,uniform6_8,non_compressible,0,0,40,41943040,41943036,3495253,55924048,0.750000,8669626368,1104,35328,10,46.000000,3218686.500000,2950897.500000,6286.407227,5763.381836,1173.632026,1076.079965,15.411931,16.809100,353280,353280,353280,0,0,0,1
global_cg,uniform6_8,generic_compressible,1,1,40,41943040,41943036,3495253,55924048,0.750000,8711569408,1104,35328,10,47.000000,3231424.500000,2965444.000000,6311.284180,5791.791016,1179.600000,1081.263959,15.333957,16.728511,353280,353280,353280,0,0,0,1
global_cg,uniform6_9,non_compressible,0,0,40,41943040,41943036,3495253,55924048,0.750000,8669626368,1104,35328,10,44.000000,3203258.500000,2935776.500000,6256.278320,5733.852539,1175.360024,1076.048017,15.389273,16.809599,353280,353280,353280,0,0,0,1
global_cg,uniform6_9,generic_compressible,1,1,40,41943040,41943036,3495253,55924048,0.750000,8711569408,1104,35328,10,48.000000,3215804.000000,2951187.500000,6280.773438,5763.944336,1179.584026,1081.920028,15.334165,16.718367,353280,353280,353280,0,0,0,1
global_cg,uniform6_10,non_compressible,0,0,40,41943040,41943036,3495253,55924048,0.750000,8669626368,1104,35328,10,47.000000,3217608.000000,2949257.500000,6284.298828,5760.176758,1173.551977,1075.215995,15.412982,16.822607,353280,353280,353280,0,0,0,1
global_cg,uniform6_10,generic_compressible,1,1,40,41943040,41943036,3495253,55924048,0.750000,8711569408,1104,35328,10,46.000000,3230052.500000,2966444.000000,6308.606445,5793.746094,1178.640008,1081.439972,15.346447,16.725788,353280,353280,353280,0,0,0,1
global_cg,uniform6_11,non_compressible,0,0,40,41943040,41943036,3495253,55924048,0.750000,8669626368,1104,35328,10,48.000000,3215595.000000,2948174.500000,6280.365234,5758.059570,1173.488021,1075.936019,15.413822,16.811349,353280,353280,353280,0,0,0,1
global_cg,uniform6_11,generic_compressible,1,1,40,41943040,41943036,3495253,55924048,0.750000,8711569408,1104,35328,10,47.000000,3230584.000000,2965417.500000,6309.642578,5791.739258,1179.583967,1082.208037,15.334166,16.713918,353280,353280,353280,0,0,0,1
global_cg,uniform6_12,non_compressible,0,0,40,41943040,41943036,3495253,55924048,0.750000,8669626368,1104,35328,10,44.000000,3217259.000000,2948928.000000,6283.623047,5759.539062,1173.696041,1075.792015,15.411091,16.813599,353280,353280,353280,0,0,0,1
global_cg,uniform6_12,generic_compressible,1,1,40,41943040,41943036,3495253,55924048,0.750000,8711569408,1104,35328,10,47.000000,3231191.000000,2966307.500000,6310.828125,5793.477539,1178.464055,1081.535995,15.348738,16.724303,353280,353280,353280,0,0,0,1
global_cg,uniform6_13,non_compressible,0,0,40,41943040,41943036,3495253,55924048,0.750000,8669626368,1104,35328,10,48.000000,3218325.000000,2950038.500000,6285.697266,5761.700195,1173.680007,1076.016009,15.411301,16.810099,353280,353280,353280,0,0,0,1
global_cg,uniform6_13,generic_compressible,1,1,40,41943040,41943036,3495253,55924048,0.750000,8711569408,1104,35328,10,46.000000,3232794.000000,2966384.000000,6313.960938,5793.628906,1179.472029,1080.576003,15.335621,16.739161,353280,353280,353280,0,0,0,1
global_cg,uniform6_14,non_compressible,0,0,40,41943040,41943036,3495253,55924048,0.750000,8669626368,1104,35328,10,46.000000,3202700.500000,2933753.500000,6255.184570,5729.897461,1175.375998,1075.968027,15.389064,16.810849,353280,353280,353280,0,0,0,1
global_cg,uniform6_14,generic_compressible,1,1,40,41943040,41943036,3495253,55924048,0.750000,8711569408,1104,35328,10,46.000000,3215862.500000,2951229.000000,6280.891602,5764.029297,1179.648042,1081.856012,15.333333,16.719356,353280,353280,353280,0,0,0,1
global_cg,uniform6_15,non_compressible,0,0,40,41943040,41943036,3495253,55924048,0.750000,8669626368,1104,35328,10,48.000000,3216086.000000,2943245.500000,6281.324219,5748.432617,1173.567951,1074.223995,15.412773,16.838142,353280,353280,353280,0,0,0,1
global_cg,uniform6_15,generic_compressible,1,1,40,41943040,41943036,3495253,55924048,0.750000,8711569408,1104,35328,10,47.000000,3215915.000000,2949572.500000,6280.992188,5760.791992,1178.703964,1082.239985,15.345614,16.713424,353280,353280,353280,0,0,0,1
global_cg,uniform6_16,non_compressible,0,0,40,41943040,41943036,3495253,55924048,0.750000,8669626368,1104,35328,10,47.000000,3216169.500000,2950771.500000,6281.489258,5763.133789,1173.568010,1075.056016,15.412772,16.825110,353280,353280,353280,0,0,0,1
global_cg,uniform6_16,generic_compressible,1,1,40,41943040,41943036,3495253,55924048,0.750000,8711569408,1104,35328,10,47.000000,3231126.000000,2967398.500000,6310.701172,5795.608398,1179.632008,1081.023991,15.333541,16.732224,353280,353280,353280,0,0,0,1
global_cg,uniform6_17,non_compressible,0,0,40,41943040,41943036,3495253,55924048,0.750000,8669626368,1104,35328,10,48.000000,3220276.500000,2950101.000000,6289.508789,5761.822266,1173.599958,1075.711966,15.412352,16.814851,353280,353280,353280,0,0,0,1
global_cg,uniform6_17,generic_compressible,1,1,40,41943040,41943036,3495253,55924048,0.750000,8711569408,1104,35328,10,47.000000,3231151.500000,2968939.500000,6310.750977,5798.618164,1179.632008,1082.032025,15.333541,16.716636,353280,353280,353280,0,0,0,1
global_cg,uniform6_18,non_compressible,0,0,40,41943040,41943036,3495253,55924048,0.750000,8669626368,1104,35328,10,42.000000,3219425.000000,2951392.000000,6287.857422,5764.355469,1174.400032,1075.567961,15.401852,16.817102,353280,353280,353280,0,0,0,1
global_cg,uniform6_18,generic_compressible,1,1,40,41943040,41943036,3495253,55924048,0.750000,8711569408,1104,35328,10,48.000000,3233897.500000,2967313.000000,6316.112305,5795.439453,1178.783953,1082.047999,15.344573,16.716390,353280,353280,353280,0,0,0,1
global_cg,uniform6_19,non_compressible,0,0,40,41943040,41943036,3495253,55924048,0.750000,8669626368,1104,35328,10,46.000000,3219813.500000,2950753.500000,6288.608398,5763.100586,1173.551977,1075.823963,15.412982,16.813100,353280,353280,353280,0,0,0,1
global_cg,uniform6_19,generic_compressible,1,1,40,41943040,41943036,3495253,55924048,0.750000,8711569408,1104,35328,10,47.000000,3230966.500000,2965728.500000,6310.389648,5792.346680,1178.575993,1081.887960,15.347280,16.718862,353280,353280,353280,0,0,0,1
global_cg,uniform6_20,non_compressible,0,0,40,41943040,41943036,3495253,55924048,0.750000,8669626368,1104,35328,10,47.000000,3213809.000000,2944825.500000,6276.878906,5751.520508,1173.567951,1074.223995,15.412773,16.838142,353280,353280,353280,0,0,0,1
global_cg,uniform6_20,generic_compressible,1,1,40,41943040,41943036,3495253,55924048,0.750000,8711569408,1104,35328,10,47.000000,3215333.000000,2951191.000000,6279.855469,5763.953125,1179.648042,1081.951976,15.333333,16.717873,353280,353280,353280,0,0,0,1
global_cg,uniform6_21,non_compressible,0,0,40,41943040,41943036,3495253,55924048,0.750000,8669626368,1104,35328,10,47.000000,3216373.000000,2950173.000000,6281.886719,5761.964844,1173.583984,1074.656010,15.412562,16.831373,353280,353280,353280,0,0,0,1
global_cg,uniform6_21,generic_compressible,1,1,40,41943040,41943036,3495253,55924048,0.750000,8711569408,1104,35328,10,47.000000,1385522.000000,1278292.500000,2706.005859,2496.573242,508.415997,469.648004,35.577039,38.513814,353280,353280,353280,0,0,0,1
global_cg,uniform6_22,non_compressible,0,0,40,41943040,41943036,3495253,55924048,0.750000,8669626368,1104,35328,10,45.000000,3218373.500000,2953628.000000,6285.797852,5768.716797,1174.528003,1075.504005,15.400174,16.818102,353280,353280,353280,0,0,0,1
global_cg,uniform6_22,generic_compressible,1,1,40,41943040,41943036,3495253,55924048,0.750000,8711569408,1104,35328,10,45.000000,3230745.500000,2967856.000000,6309.961914,5796.505859,1179.664016,1081.983984,15.333125,16.717379,353280,353280,353280,0,0,0,1
global_cg,uniform6_23,non_compressible,0,0,40,41943040,41943036,3495253,55924048,0.750000,8669626368,1104,35328,10,48.000000,3053865.000000,2799303.000000,5964.486328,5467.294922,1174.528003,1076.367974,15.400174,16.804603,353280,353280,353280,0,0,0,1
global_cg,uniform6_23,generic_compressible,1,1,40,41943040,41943036,3495253,55924048,0.750000,8711569408,1104,35328,10,44.000000,3213054.000000,2952145.500000,6275.410156,5765.823242,1178.640008,1082.080007,15.346447,16.715895,353280,353280,353280,0,0,0,1
global_cg,uniform6_24,non_compressible,0,0,40,41943040,41943036,3495253,55924048,0.750000,8669626368,1104,35328,10,46.000000,3202777.000000,2933936.000000,6255.333984,5730.253906,1173.695982,1074.272037,15.411091,16.837389,353280,353280,353280,0,0,0,1
global_cg,uniform6_24,generic_compressible,1,1,40,41943040,41943036,3495253,55924048,0.750000,8711569408,1104,35328,10,46.000000,3218232.000000,2950782.000000,6285.519531,5763.156250,1178.864002,1081.951976,15.343531,16.717873,353280,353280,353280,0,0,0,1
global_cg,uniform6_25,non_compressible,0,0,40,41943040,41943036,3495253,55924048,0.750000,8669626368,1104,35328,10,47.000000,3217686.500000,2949516.000000,6284.452148,5760.681641,1173.536003,1075.103998,15.413192,16.824359,353280,353280,353280,0,0,0,1
global_cg,uniform6_25,generic_compressible,1,1,40,41943040,41943036,3495253,55924048,0.750000,8711569408,1104,35328,10,46.000000,3229120.500000,2966574.500000,6306.786133,5794.000977,1178.560019,1081.407964,15.347488,16.726283,353280,353280,353280,0,0,0,1
global_cg,uniform6_26,non_compressible,0,0,40,41943040,41943036,3495253,55924048,0.750000,8669626368,1104,35328,10,46.000000,3212592.000000,2944406.000000,6274.503906,5750.703125,1175.135970,1075.920045,15.392207,16.811599,353280,353280,353280,0,0,0,1
global_cg,uniform6_26,generic_compressible,1,1,40,41943040,41943036,3495253,55924048,0.750000,8711569408,1104,35328,10,44.000000,3216232.000000,2947704.500000,6281.617188,5757.149414,1179.567993,1080.016017,15.334373,16.747841,353280,353280,353280,0,0,0,1
global_cg,uniform6_27,non_compressible,0,0,40,41943040,41943036,3495253,55924048,0.750000,8669626368,1104,35328,10,48.000000,3221905.000000,2950738.000000,6292.689453,5763.066406,1175.616026,1075.807989,15.385922,16.813350,353280,353280,353280,0,0,0,1
global_cg,uniform6_27,generic_compressible,1,1,40,41943040,41943036,3495253,55924048,0.750000,8711569408,1104,35328,10,46.000000,3232175.000000,2966954.500000,6312.751953,5794.743164,1179.120004,1081.871986,15.340199,16.719109,353280,353280,353280,0,0,0,1
global_cg,uniform6_28,non_compressible,0,0,40,41943040,41943036,3495253,55924048,0.750000,8669626368,1104,35328,10,47.000000,3219340.000000,2949157.500000,6287.681641,5759.981445,1174.080014,1074.064016,15.406051,16.840650,353280,353280,353280,0,0,0,1
global_cg,uniform6_28,generic_compressible,1,1,40,41943040,41943036,3495253,55924048,0.750000,8711569408,1104,35328,10,45.000000,3231282.500000,2966124.500000,6311.010742,5793.124023,1179.728031,1081.503987,15.332293,16.724798,353280,353280,353280,0,0,0,1
global_cg,uniform6_29,non_compressible,0,0,40,41943040,41943036,3495253,55924048,0.750000,8669626368,1104,35328,10,48.000000,3220962.000000,2950308.000000,6290.847656,5762.226562,1174.527943,1075.439990,15.400175,16.819103,353280,353280,353280,0,0,0,1
global_cg,uniform6_29,generic_compressible,1,1,40,41943040,41943036,3495253,55924048,0.750000,8711569408,1104,35328,10,46.000000,3229703.000000,2968675.500000,6307.923828,5798.104492,1177.760005,1081.103981,15.357913,16.730986,353280,353280,353280,0,0,0,1
global_cg,uniform6_30,non_compressible,0,0,40,41943040,41943036,3495253,55924048,0.750000,8669626368,1104,35328,10,46.000000,3219632.500000,2949595.000000,6288.254883,5760.837891,1175.296009,1075.024009,15.390111,16.825611,353280,353280,353280,0,0,0,1
global_cg,uniform6_30,generic_compressible,1,1,40,41943040,41943036,3495253,55924048,0.750000,8711569408,1104,35328,10,47.000000,3231568.000000,2968016.500000,6311.564453,5796.815430,1178.543985,1082.047999,15.347697,16.716390,353280,353280,353280,0,0,0,1
global_cg,uniform6_31,non_compressible,0,0,40,41943040,41943036,3495253,55924048,0.750000,8669626368,1104,35328,10,44.000000,3214948.500000,2945394.000000,6279.110352,5752.636719,1173.631966,1075.344026,15.411932,16.820604,353280,353280,353280,0,0,0,1
global_cg,uniform6_31,generic_compressible,1,1,40,41943040,41943036,3495253,55924048,0.750000,8711569408,1104,35328,10,46.000000,3214226.000000,2952014.000000,6277.695312,5765.562500,1179.648042,1081.968009,15.333333,16.717626,353280,353280,353280,0,0,0,1
global_cg,uniform6_32,non_compressible,0,0,40,41943040,41943036,3495253,55924048,0.750000,8669626368,1104,35328,10,44.000000,3220540.000000,2954238.500000,6290.031250,5769.911133,1175.472021,1076.160014,15.387806,16.807850,353280,353280,353280,0,0,0,1
global_cg,uniform6_32,generic_compressible,1,1,40,41943040,41943036,3495253,55924048,0.750000,8711569408,1104,35328,10,48.000000,3227604.500000,2967168.500000,6303.821289,5795.157227,1177.919984,1081.583977,15.355827,16.723561,353280,353280,353280,0,0,0,1
global_cg,uniform6_33,non_compressible,0,0,40,41943040,41943036,3495253,55924048,0.750000,8669626368,1104,35328,10,47.000000,3200572.500000,2933405.000000,6251.026367,5729.214844,1173.648000,1074.832022,15.411721,16.828617,353280,353280,353280,0,0,0,1
global_cg,uniform6_33,generic_compressible,1,1,40,41943040,41943036,3495253,55924048,0.750000,8711569408,1104,35328,10,48.000000,3212398.500000,2951304.000000,6274.122070,5764.171875,1177.680016,1082.047999,15.358956,16.716390,353280,353280,353280,0,0,0,1
global_cg,uniform6_34,non_compressible,0,0,40,41943040,41943036,3495253,55924048,0.750000,8669626368,1104,35328,10,44.000000,3208686.500000,2941515.000000,6266.879883,5745.060547,1173.471987,1075.071990,15.414033,16.824860,353280,353280,353280,0,0,0,1
global_cg,uniform6_34,generic_compressible,1,1,40,41943040,41943036,3495253,55924048,0.750000,8711569408,1104,35328,10,46.000000,3223132.000000,2955306.500000,6295.089844,5771.993164,1179.471970,1080.352008,15.335622,16.742632,353280,353280,353280,0,0,0,1
global_cg,uniform6_35,non_compressible,0,0,40,41943040,41943036,3495253,55924048,0.750000,8669626368,1104,35328,10,48.000000,3219128.000000,2951376.000000,6287.265625,5764.312500,1173.615992,1075.775981,15.412142,16.813850,353280,353280,353280,0,0,0,1
global_cg,uniform6_35,generic_compressible,1,1,40,41943040,41943036,3495253,55924048,0.750000,8711569408,1104,35328,10,46.000000,3230534.500000,2966996.500000,6309.547852,5794.825195,1178.767979,1081.839979,15.344781,16.719604,353280,353280,353280,0,0,0,1
global_cg,uniform6_36,non_compressible,0,0,40,41943040,41943036,3495253,55924048,0.750000,8669626368,1104,35328,10,47.000000,3215011.000000,2950510.500000,6279.226562,5762.624023,1173.535943,1075.839996,15.413193,16.812850,353280,353280,353280,0,0,0,1
global_cg,uniform6_36,generic_compressible,1,1,40,41943040,41943036,3495253,55924048,0.750000,8711569408,1104,35328,10,47.000000,3226666.000000,2966906.000000,6301.990234,5794.646484,1178.399980,1082.063973,15.349573,16.716143,353280,353280,353280,0,0,0,1
global_cg,uniform6_37,non_compressible,0,0,40,41943040,41943036,3495253,55924048,0.750000,8669626368,1104,35328,10,47.000000,3217763.500000,2950325.000000,6284.602539,5762.261719,1173.599958,1075.951993,15.412352,16.811099,353280,353280,353280,0,0,0,1
global_cg,uniform6_37,generic_compressible,1,1,40,41943040,41943036,3495253,55924048,0.750000,8711569408,1104,35328,10,46.000000,3229445.000000,2966280.000000,6307.419922,5793.425781,1177.776039,1081.647992,15.357704,16.722572,353280,353280,353280,0,0,0,1
global_cg,uniform6_38,non_compressible,0,0,40,41943040,41943036,3495253,55924048,0.750000,8669626368,1104,35328,10,44.000000,3217752.000000,2942541.500000,6284.585938,5747.065430,1175.199986,1074.015975,15.391368,16.841403,353280,353280,353280,0,0,0,1
global_cg,uniform6_38,generic_compressible,1,1,40,41943040,41943036,3495253,55924048,0.750000,8711569408,1104,35328,10,47.000000,3226360.500000,2958822.500000,6301.393555,5778.858398,1177.616000,1080.048025,15.359791,16.747344,353280,353280,353280,0,0,0,1
global_cg,uniform6_39,non_compressible,0,0,40,41943040,41943036,3495253,55924048,0.750000,8669626368,1104,35328,10,44.000000,3216556.500000,2950176.500000,6282.250977,5761.977539,1174.335957,1075.712025,15.402693,16.814850,353280,353280,353280,0,0,0,1
global_cg,uniform6_39,generic_compressible,1,1,40,41943040,41943036,3495253,55924048,0.750000,8711569408,1104,35328,10,46.000000,3231099.000000,2967136.500000,6310.650391,5795.098633,1180.576026,1081.760049,15.321280,16.720839,353280,353280,353280,0,0,0,1
global_cg,uniform6_40,non_compressible,0,0,40,41943040,41943036,3495253,55924048,0.750000,8669626368,1104,35328,10,47.000000,3214616.000000,2950150.000000,6278.455078,5761.919922,1173.424006,1074.351966,15.414663,16.836136,353280,353280,353280,0,0,0,1
global_cg,uniform6_40,generic_compressible,1,1,40,41943040,41943036,3495253,55924048,0.750000,8711569408,1104,35328,10,48.000000,3232150.000000,2967485.500000,6312.699219,5795.776367,1179.584026,1081.712008,15.334165,16.721582,353280,353280,353280,0,0,0,1
global_cg,uniform6_41,non_compressible,0,0,40,41943040,41943036,3495253,55924048,0.750000,8669626368,1104,35328,10,48.000000,3217707.000000,2949776.500000,6284.490234,5761.188477,1173.679948,1075.712025,15.411302,16.814850,353280,353280,353280,0,0,0,1
global_cg,uniform6_41,generic_compressible,1,1,40,41943040,41943036,3495253,55924048,0.750000,8711569408,1104,35328,10,46.000000,3230318.000000,2971209.500000,6309.125000,5803.053711,1179.695964,1082.368016,15.332710,16.711447,353280,353280,353280,0,0,0,1
global_cg,uniform6_42,non_compressible,0,0,40,41943040,41943036,3495253,55924048,0.750000,8669626368,1104,35328,10,46.000000,3213706.500000,2943771.000000,6276.680664,5749.462891,1174.703956,1074.880004,15.397868,16.827865,353280,353280,353280,0,0,0,1
global_cg,uniform6_42,generic_compressible,1,1,40,41943040,41943036,3495253,55924048,0.750000,8711569408,1104,35328,10,47.000000,1384821.000000,1277774.500000,2704.636719,2495.561523,508.351982,469.711989,35.581520,38.508568,353280,353280,353280,0,0,0,1
global_cg,uniform6_43,non_compressible,0,0,40,41943040,41943036,3495253,55924048,0.750000,8669626368,1104,35328,10,48.000000,3094239.500000,2934311.500000,6043.342773,5730.983398,1174.367964,1075.776041,15.402273,16.813849,353280,353280,353280,0,0,0,1
global_cg,uniform6_43,generic_compressible,1,1,40,41943040,41943036,3495253,55924048,0.750000,8711569408,1104,35328,10,47.000000,3212729.000000,2968111.000000,6274.769531,5797.000000,1178.687990,1082.432032,15.345822,16.710459,353280,353280,353280,0,0,0,1
global_cg,uniform6_44,non_compressible,0,0,40,41943040,41943036,3495253,55924048,0.750000,8669626368,1104,35328,10,47.000000,3218713.000000,2949182.000000,6286.457031,5760.029297,1174.607992,1075.087965,15.399126,16.824610,353280,353280,353280,0,0,0,1
global_cg,uniform6_44,generic_compressible,1,1,40,41943040,41943036,3495253,55924048,0.750000,8711569408,1104,35328,10,47.000000,3230462.500000,2966398.000000,6309.405273,5793.654297,1177.760005,1080.879986,15.357913,16.734454,353280,353280,353280,0,0,0,1
global_cg,uniform6_45,non_compressible,0,0,40,41943040,41943036,3495253,55924048,0.750000,8669626368,1104,35328,10,48.000000,3218300.000000,2950635.000000,6285.648438,5762.865234,1173.600018,1075.039983,15.412352,16.825361,353280,353280,353280,0,0,0,1
global_cg,uniform6_45,generic_compressible,1,1,40,41943040,41943036,3495253,55924048,0.750000,8711569408,1104,35328,10,46.000000,3232964.000000,2964113.000000,6314.292969,5789.193359,1179.472029,1080.080032,15.335621,16.746848,353280,353280,353280,0,0,0,1
global_cg,uniform6_46,non_compressible,0,0,40,41943040,41943036,3495253,55924048,0.750000,8669626368,1104,35328,10,46.000000,3219528.000000,2949976.500000,6288.050781,5761.583008,1173.776031,1075.439990,15.410040,16.819103,353280,353280,353280,0,0,0,1
global_cg,uniform6_46,generic_compressible,1,1,40,41943040,41943036,3495253,55924048,0.750000,8711569408,1104,35328,10,47.000000,3230716.000000,2966928.000000,6309.900391,5794.689453,1178.544044,1081.951976,15.347696,16.717873,353280,353280,353280,0,0,0,1
global_cg,uniform6_47,non_compressible,0,0,40,41943040,41943036,3495253,55924048,0.750000,8669626368,1104,35328,10,48.000000,3218305.500000,2953311.000000,6285.659180,5768.091797,1174.495995,1075.231969,15.400594,16.822357,353280,353280,353280,0,0,0,1
global_cg,uniform6_47,generic_compressible,1,1,40,41943040,41943036,3495253,55924048,0.750000,8711569408,1104,35328,10,46.000000,3229537.500000,2965265.500000,6307.600586,5791.444336,1178.640008,1080.639958,15.346447,16.738171,353280,353280,353280,0,0,0,1
global_cg,uniform6_48,non_compressible,0,0,40,41943040,41943036,3495253,55924048,0.750000,8669626368,1104,35328,10,44.000000,3205246.000000,2932451.000000,6260.160156,5727.357422,1175.552011,1074.144006,15.386759,16.839396,353280,353280,353280,0,0,0,1
global_cg,uniform6_48,generic_compressible,1,1,40,41943040,41943036,3495253,55924048,0.750000,8711569408,1104,35328,10,46.000000,3217450.000000,2952667.500000,6283.992188,5766.838867,1179.712057,1082.047999,15.332501,16.716390,353280,353280,353280,0,0,0,1
global_cg,uniform6_49,non_compressible,0,0,40,41943040,41943036,3495253,55924048,0.750000,8669626368,1104,35328,10,44.000000,3220080.500000,2951318.000000,6289.133789,5764.207031,1174.816012,1075.839996,15.396399,16.812850,353280,353280,353280,0,0,0,1
global_cg,uniform6_49,generic_compressible,1,1,40,41943040,41943036,3495253,55924048,0.750000,8711569408,1104,35328,10,44.000000,3233469.000000,2967088.500000,6315.283203,5795.008789,1179.519951,1080.335975,15.334998,16.742880,353280,353280,353280,0,0,0,1
global_cg,uniform6_50,non_compressible,0,0,40,41943040,41943036,3495253,55924048,0.750000,8669626368,1104,35328,10,48.000000,3218843.500000,2949933.500000,6286.709961,5761.495117,1175.264001,1076.080024,15.390530,16.809099,353280,353280,353280,0,0,0,1
global_cg,uniform6_50,generic_compressible,1,1,40,41943040,41943036,3495253,55924048,0.750000,8711569408,1104,35328,10,48.000000,3228572.000000,2966121.000000,6305.710938,5793.111328,1177.968025,1080.608010,15.355201,16.738665,353280,353280,353280,0,0,0,1
global_cg,uniform6_51,non_compressible,0,0,40,41943040,41943036,3495253,55924048,0.750000,8669626368,1104,35328,10,47.000000,3213233.000000,2943324.500000,6275.753906,5748.588867,1175.391972,1074.671984,15.388854,16.831123,353280,353280,353280,0,0,0,1
global_cg,uniform6_51,generic_compressible,1,1,40,41943040,41943036,3495253,55924048,0.750000,8711569408,1104,35328,10,47.000000,3224856.500000,2962386.500000,6298.456055,5785.819336,1177.663982,1082.256019,15.359165,16.713177,353280,353280,353280,0,0,0,1
global_cg,uniform6_52,non_compressible,0,0,40,41943040,41943036,3495253,55924048,0.750000,8669626368,1104,35328,10,46.000000,3217477.000000,2949105.500000,6284.044922,5759.881836,1173.615992,1074.159980,15.412142,16.839145,353280,353280,353280,0,0,0,1
global_cg,uniform6_52,generic_compressible,1,1,40,41943040,41943036,3495253,55924048,0.750000,8711569408,1104,35328,10,45.000000,3231802.500000,2966983.500000,6312.026367,5794.801758,1179.648042,1082.127988,15.333333,16.715154,353280,353280,353280,0,0,0,1
global_cg,uniform6_53,non_compressible,0,0,40,41943040,41943036,3495253,55924048,0.750000,8669626368,1104,35328,10,48.000000,3217880.500000,2949498.000000,6284.829102,5760.644531,1173.615992,1075.039983,15.412142,16.825361,353280,353280,353280,0,0,0,1
global_cg,uniform6_53,generic_compressible,1,1,40,41943040,41943036,3495253,55924048,0.750000,8711569408,1104,35328,10,46.000000,3232411.500000,2966016.000000,6313.213867,5792.910156,1179.760039,1081.391990,15.331877,16.726530,353280,353280,353280,0,0,0,1
global_cg,uniform6_54,non_compressible,0,0,40,41943040,41943036,3495253,55924048,0.750000,8669626368,1104,35328,10,48.000000,3199288.500000,2935169.500000,6248.516602,5732.659180,1173.503995,1075.936019,15.413613,16.811349,353280,353280,353280,0,0,0,1
global_cg,uniform6_54,generic_compressible,1,1,40,41943040,41943036,3495253,55924048,0.750000,8711569408,1104,35328,10,46.000000,3210789.000000,2946596.000000,6270.982422,5754.980469,1177.680016,1080.128014,15.358956,16.746104,353280,353280,353280,0,0,0,1
global_cg,uniform6_55,non_compressible,0,0,40,41943040,41943036,3495253,55924048,0.750000,8669626368,1104,35328,10,48.000000,3212742.000000,2943200.500000,6274.792969,5748.344727,1175.248027,1074.303985,15.390739,16.836888,353280,353280,353280,0,0,0,1
global_cg,uniform6_55,generic_compressible,1,1,40,41943040,41943036,3495253,55924048,0.750000,8711569408,1104,35328,10,45.000000,3214649.000000,2950281.000000,6278.523438,5762.179688,1179.567993,1081.824005,15.334373,16.719851,353280,353280,353280,0,0,0,1
global_cg,uniform6_56,non_compressible,0,0,40,41943040,41943036,3495253,55924048,0.750000,8669626368,1104,35328,10,45.000000,3077462.000000,2818837.500000,6010.580078,5505.454102,1175.311983,1076.640010,15.389902,16.800357,353280,353280,353280,0,0,0,1
global_cg,uniform6_56,generic_compressible,1,1,40,41943040,41943036,3495253,55924048,0.750000,8711569408,1104,35328,10,44.000000,3216833.500000,2951337.000000,6282.791992,5764.244141,1179.552019,1081.871986,15.334581,16.719109,353280,353280,353280,0,0,0,1
global_cg,uniform6_57,non_compressible,0,0,40,41943040,41943036,3495253,55924048,0.750000,8669626368,1104,35328,10,45.000000,3220060.000000,2949337.000000,6289.091797,5760.335938,1174.719989,1076.016009,15.397657,16.810099,353280,353280,353280,0,0,0,1
global_cg,uniform6_57,generic_compressible,1,1,40,41943040,41943036,3495253,55924048,0.750000,8711569408,1104,35328,10,44.000000,3235060.500000,2967231.500000,6318.391602,5795.288086,1178.704023,1082.015991,15.345613,16.716884,353280,353280,353280,0,0,0,1
global_cg,uniform6_58,non_compressible,0,0,40,41943040,41943036,3495253,55924048,0.750000,8669626368,1104,35328,10,48.000000,3220243.500000,2949279.500000,6289.444336,5760.217773,1175.408006,1074.800014,15.388645,16.829118,353280,353280,353280,0,0,0,1
global_cg,uniform6_58,generic_compressible,1,1,40,41943040,41943036,3495253,55924048,0.750000,8711569408,1104,35328,10,46.000000,3229742.500000,2967988.000000,6308.000977,5796.761719,1178.704023,1082.239985,15.345613,16.713424,353280,353280,353280,0,0,0,1
global_cg,uniform6_59,non_compressible,0,0,40,41943040,41943036,3495253,55924048,0.750000,8669626368,1104,35328,10,48.000000,3217927.500000,2949050.500000,6284.920898,5759.770508,1173.535943,1074.912012,15.413193,16.827364,353280,353280,353280,0,0,0,1
global_cg,uniform6_59,generic_compressible,1,1,40,41943040,41943036,3495253,55924048,0.750000,8711569408,1104,35328,10,45.000000,3230303.000000,2966267.500000,6309.097656,5793.403320,1178.608000,1081.375957,15.346863,16.726778,353280,353280,353280,0,0,0,1
global_cg,uniform6_60,non_compressible,0,0,40,41943040,41943036,3495253,55924048,0.750000,8669626368,1104,35328,10,46.000000,3093266.000000,2934197.500000,6041.445312,5730.764648,1175.152004,1076.016009,15.391997,16.810099,353280,353280,353280,0,0,0,1
global_cg,uniform6_60,generic_compressible,1,1,40,41943040,41943036,3495253,55924048,0.750000,8711569408,1104,35328,10,46.000000,3213573.500000,2950674.000000,6276.420898,5762.945312,1177.839994,1081.807971,15.356870,16.720099,353280,353280,353280,0,0,0,1
global_cg,uniform6_61,non_compressible,0,0,40,41943040,41943036,3495253,55924048,0.750000,8669626368,1104,35328,10,48.000000,3219641.000000,2952084.500000,6288.267578,5765.696289,1175.487995,1075.919986,15.387597,16.811600,353280,353280,353280,0,0,0,1
global_cg,uniform6_61,generic_compressible,1,1,40,41943040,41943036,3495253,55924048,0.750000,8711569408,1104,35328,10,46.000000,3228361.500000,2967264.500000,6305.303711,5795.348633,1177.600026,1082.111955,15.360000,16.715402,353280,353280,353280,0,0,0,1
global_cg,uniform6_62,non_compressible,0,0,40,41943040,41943036,3495253,55924048,0.750000,8669626368,1104,35328,10,47.000000,3203681.500000,2933367.000000,6257.098633,5729.140625,1174.495995,1075.360000,15.400594,16.820354,353280,353280,353280,0,0,0,1
global_cg,uniform6_62,generic_compressible,1,1,40,41943040,41943036,3495253,55924048,0.750000,8711569408,1104,35328,10,46.000000,3216571.500000,2949147.000000,6282.276367,5759.962891,1179.343998,1080.992043,15.337286,16.732719,353280,353280,353280,0,0,0,1
global_cg,uniform6_63,non_compressible,0,0,40,41943040,41943036,3495253,55924048,0.750000,8669626368,1104,35328,10,48.000000,3176782.500000,2906418.000000,6204.559570,5676.503906,1175.535977,1075.248003,15.386969,16.822106,353280,353280,353280,0,0,0,1
global_cg,uniform6_63,generic_compressible,1,1,40,41943040,41943036,3495253,55924048,0.750000,8711569408,1104,35328,10,48.000000,1278100.000000,1278518.000000,2496.195312,2497.011719,470.975995,469.663993,38.405219,38.512503,353280,353280,353280,0,0,0,1
global_cg,uniform6_0,non_compressible,0,0,64,67108864,67108860,5592405,89478480,0.750000,8669626368,1104,35328,10,46.000000,7559183.000000,7529369.000000,14763.939453,14705.708984,2735.167980,2722.687960,6.613099,6.643411,353280,353280,353280,0,0,0,1
global_cg,uniform6_0,generic_compressible,1,1,64,67108864,67108860,5592405,89478480,0.750000,8736735232,1104,35328,10,44.000000,1277528.500000,1278147.000000,2495.086914,2496.294922,470.512003,469.695985,38.443092,38.509880,353280,353280,353280,0,0,0,1
global_cg,uniform6_1,non_compressible,0,0,64,67108864,67108860,5592405,89478480,0.750000,8669626368,1104,35328,10,36.000000,6378090.500000,6355929.500000,12457.137695,12413.854492,2496.079922,2483.199954,7.246537,7.284124,353280,353280,353280,0,0,0,1
global_cg,uniform6_1,generic_compressible,1,1,64,67108864,67108860,5592405,89478480,0.750000,8736735232,1104,35328,10,36.000000,6390290.000000,6595809.000000,12480.964844,12882.369141,2494.207978,2721.471906,7.251976,6.646380,353280,353280,353280,0,0,0,1
global_cg,uniform6_2,non_compressible,0,0,64,67108864,67108860,5592405,89478480,0.750000,8669626368,1104,35328,10,36.000000,6223409.500000,6202639.000000,12155.026367,12114.458984,2253.295898,2243.056059,8.027324,8.063970,353280,353280,353280,0,0,0,1
global_cg,uniform6_2,generic_compressible,1,1,64,67108864,67108860,5592405,89478480,0.750000,8736735232,1104,35328,10,36.000000,6222750.500000,6202561.000000,12153.739258,12114.306641,2253.503919,2243.103981,8.026583,8.063797,353280,353280,353280,0,0,0,1
global_cg,uniform6_3,non_compressible,0,0,64,67108864,67108860,5592405,89478480,0.750000,8669626368,1104,35328,10,36.000000,6245091.000000,6347074.500000,12197.373047,12396.559570,2256.080031,2483.247995,8.017418,7.283983,353280,353280,353280,0,0,0,1
global_cg,uniform6_3,generic_compressible,1,1,64,67108864,67108860,5592405,89478480,0.750000,8736735232,1104,35328,10,36.000000,6241796.500000,6222615.000000,12190.938477,12153.474609,2255.280018,2243.199944,8.020262,8.063452,353280,353280,353280,0,0,0,1
global_cg,uniform6_4,non_compressible,0,0,64,67108864,67108860,5592405,89478480,0.750000,8669626368,1104,35328,10,36.000000,7555270.500000,7526566.000000,14756.317383,14700.253906,2735.599995,2723.312020,6.612054,6.641889,353280,353280,353280,0,0,0,1
global_cg,uniform6_4,generic_compressible,1,1,64,67108864,67108860,5592405,89478480,0.750000,8736735232,1104,35328,10,36.000000,7567761.000000,7539165.000000,14780.712891,14724.861328,2736.320019,2721.903920,6.610315,6.645325,353280,353280,353280,0,0,0,1
global_cg,uniform6_5,non_compressible,0,0,64,67108864,67108860,5592405,89478480,0.750000,8669626368,1104,35328,10,36.000000,6617857.500000,6619681.000000,12925.432617,12928.994141,2735.183954,2721.504092,6.613060,6.646301,353280,353280,353280,0,0,0,1
global_cg,uniform6_5,generic_compressible,1,1,64,67108864,67108860,5592405,89478480,0.750000,8736735232,1104,35328,10,36.000000,6619323.500000,6585897.500000,12928.295898,12863.010742,2734.576106,2719.711900,6.614530,6.650681,353280,353280,353280,0,0,0,1
global_cg,uniform6_6,non_compressible,0,0,64,67108864,67108860,5592405,89478480,0.750000,8669626368,1104,35328,10,36.000000,6220936.500000,6204832.000000,12150.196289,12118.742188,2253.664017,2243.376017,8.026013,8.062820,353280,353280,353280,0,0,0,1
global_cg,uniform6_6,generic_compressible,1,1,64,67108864,67108860,5592405,89478480,0.750000,8736735232,1104,35328,10,36.000000,6220814.500000,6202019.500000,12149.958008,12113.249023,2253.919959,2241.584063,8.025101,8.069265,353280,353280,353280,0,0,0,1
global_cg,uniform6_7,non_compressible,0,0,64,67108864,67108860,5592405,89478480,0.750000,8669626368,1104,35328,10,36.000000,7559795.500000,7509676.000000,14765.155273,14667.265625,2735.999942,2721.391916,6.611088,6.646575,353280,353280,353280,0,0,0,1
global_cg,uniform6_7,generic_compressible,1,1,64,67108864,67108860,5592405,89478480,0.750000,8736735232,1104,35328,10,36.000000,7535228.000000,7505484.000000,14717.171875,14659.078125,2736.511946,2721.423984,6.609851,6.646497,353280,353280,353280,0,0,0,1
global_cg,uniform6_8,non_compressible,0,0,64,67108864,67108860,5592405,89478480,0.750000,8669626368,1104,35328,10,36.000000,6369403.000000,6348077.500000,12440.169922,12398.518555,2495.151997,2482.303977,7.249232,7.286753,353280,353280,353280,0,0,0,1
global_cg,uniform6_8,generic_compressible,1,1,64,67108864,67108860,5592405,89478480,0.750000,8736735232,1104,35328,10,36.000000,6377766.500000,6354137.000000,12456.504883,12410.353516,2494.160056,2483.423948,7.252115,7.283467,353280,353280,353280,0,0,0,1
global_cg,uniform6_9,non_compressible,0,0,64,67108864,67108860,5592405,89478480,0.750000,8669626368,1104,35328,10,36.000000,6221612.000000,6201278.500000,12151.515625,12111.801758,2252.879977,2241.424084,8.028806,8.069841,353280,353280,353280,0,0,0,1
global_cg,uniform6_9,generic_compressible,1,1,64,67108864,67108860,5592405,89478480,0.750000,8736735232,1104,35328,10,36.000000,6224902.000000,6207726.500000,12157.941406,12124.395508,2253.184080,2242.256045,8.027722,8.066847,353280,353280,353280,0,0,0,1
global_cg,uniform6_10,non_compressible,0,0,64,67108864,67108860,5592405,89478480,0.750000,8669626368,1104,35328,10,36.000000,6226752.500000,6203617.000000,12161.555664,12116.369141,2253.455997,2243.344069,8.026754,8.062934,353280,353280,353280,0,0,0,1
global_cg,uniform6_10,generic_compressible,1,1,64,67108864,67108860,5592405,89478480,0.750000,8736735232,1104,35328,10,36.000000,6224045.500000,6203459.000000,12156.268555,12116.060547,2252.575994,2243.248105,8.029889,8.063279,353280,353280,353280,0,0,0,1
global_cg,uniform6_11,non_compressible,0,0,64,67108864,67108860,5592405,89478480,0.750000,8669626368,1104,35328,10,36.000000,6228347.500000,6208861.500000,12164.670898,12126.612305,2253.568053,2243.312001,8.026354,8.063050,353280,353280,353280,0,0,0,1
global_cg,uniform6_11,generic_compressible,1,1,64,67108864,67108860,5592405,89478480,0.750000,8736735232,1104,35328,10,36.000000,6225069.500000,6201575.500000,12158.268555,12112.381836,2253.344059,2242.848039,8.027152,8.064718,353280,353280,353280,0,0,0,1
global_cg,uniform6_12,non_compressible,0,0,64,67108864,67108860,5592405,89478480,0.750000,8669626368,1104,35328,10,36.000000,6222433.000000,6204254.500000,12153.119141,12117.614258,2253.600001,2243.423939,8.026241,8.062647,353280,353280,353280,0,0,0,1
global_cg,uniform6_12,generic_compressible,1,1,64,67108864,67108860,5592405,89478480,0.750000,8736735232,1104,35328,10,36.000000,6223064.000000,6201399.500000,12154.351562,12112.038086,2253.568053,2242.256045,8.026354,8.066847,353280,353280,353280,0,0,0,1
global_cg,uniform6_13,non_compressible,0,0,64,67108864,67108860,5592405,89478480,0.750000,8669626368,1104,35328,10,36.000000,6222280.500000,6201357.500000,12152.821289,12111.956055,2253.503919,2242.111921,8.026583,8.067365,353280,353280,353280,0,0,0,1
global_cg,uniform6_13,generic_compressible,1,1,64,67108864,67108860,5592405,89478480,0.750000,8736735232,1104,35328,10,36.000000,6222640.000000,6203475.500000,12153.523438,12116.092773,2252.096057,2243.247986,8.031601,8.063280,353280,353280,353280,0,0,0,1
global_cg,uniform6_14,non_compressible,0,0,64,67108864,67108860,5592405,89478480,0.750000,8669626368,1104,35328,10,36.000000,6225027.000000,6203537.000000,12158.185547,12116.212891,2254.544020,2243.183970,8.022880,8.063510,353280,353280,353280,0,0,0,1
global_cg,uniform6_14,generic_compressible,1,1,64,67108864,67108860,5592405,89478480,0.750000,8736735232,1104,35328,10,36.000000,6220194.000000,6201172.500000,12148.746094,12111.594727,2252.112031,2242.095947,8.031544,8.067423,353280,353280,353280,0,0,0,1
global_cg,uniform6_15,non_compressible,0,0,64,67108864,67108860,5592405,89478480,0.750000,8669626368,1104,35328,10,36.000000,7552715.000000,7525977.000000,14751.326172,14699.103516,2735.072017,2723.151922,6.613331,6.642279,353280,353280,353280,0,0,0,1
global_cg,uniform6_15,generic_compressible,1,1,64,67108864,67108860,5592405,89478480,0.750000,8736735232,1104,35328,10,36.000000,7565028.000000,7534541.000000,14775.375000,14715.830078,2735.647917,2722.336054,6.611939,6.644270,353280,353280,353280,0,0,0,1
global_cg,uniform6_16,non_compressible,0,0,64,67108864,67108860,5592405,89478480,0.750000,8669626368,1104,35328,10,36.000000,6384358.000000,6341187.000000,12469.378906,12385.060547,2495.791912,2484.239936,7.247373,7.281074,353280,353280,353280,0,0,0,1
global_cg,uniform6_16,generic_compressible,1,1,64,67108864,67108860,5592405,89478480,0.750000,8736735232,1104,35328,10,36.000000,6618764.500000,6584591.000000,12927.204102,12860.458984,2716.175914,2720.479965,6.659339,6.648803,353280,353280,353280,0,0,0,1
global_cg,uniform6_17,non_compressible,0,0,64,67108864,67108860,5592405,89478480,0.750000,8669626368,1104,35328,10,36.000000,6226686.500000,6202231.000000,12161.426758,12113.662109,2253.615975,2243.168116,8.026184,8.063567,353280,353280,353280,0,0,0,1
global_cg,uniform6_17,generic_compressible,1,1,64,67108864,67108860,5592405,89478480,0.750000,8736735232,1104,35328,10,36.000000,6220569.500000,6201110.000000,12149.479492,12111.472656,2253.471971,2241.119981,8.026697,8.070936,353280,353280,353280,0,0,0,1
global_cg,uniform6_18,non_compressible,0,0,64,67108864,67108860,5592405,89478480,0.750000,8669626368,1104,35328,10,36.000000,6218386.000000,6200950.000000,12145.214844,12111.160156,2253.439903,2243.071914,8.026811,8.063913,353280,353280,353280,0,0,0,1
global_cg,uniform6_18,generic_compressible,1,1,64,67108864,67108860,5592405,89478480,0.750000,8736735232,1104,35328,10,36.000000,6217484.500000,6205947.000000,12143.454102,12120.919922,2253.504038,2243.312001,8.026582,8.063050,353280,353280,353280,0,0,0,1
global_cg,uniform6_19,non_compressible,0,0,64,67108864,67108860,5592405,89478480,0.750000,8669626368,1104,35328,10,36.000000,7558466.500000,7536169.500000,14762.559570,14719.010742,2736.368060,2722.447991,6.610198,6.643997,353280,353280,353280,0,0,0,1
global_cg,uniform6_19,generic_compressible,1,1,64,67108864,67108860,5592405,89478480,0.750000,8736735232,1104,35328,10,36.000000,7563308.500000,7533486.000000,14772.016602,14713.769531,2736.703992,2722.432017,6.609387,6.644036,353280,353280,353280,0,0,0,1
global_cg,uniform6_20,non_compressible,0,0,64,67108864,67108860,5592405,89478480,0.750000,8669626368,1104,35328,10,36.000000,6384710.500000,6355829.500000,12470.067383,12413.659180,2495.087981,2483.471990,7.249418,7.283326,353280,353280,353280,0,0,0,1
global_cg,uniform6_20,generic_compressible,1,1,64,67108864,67108860,5592405,89478480,0.750000,8736735232,1104,35328,10,36.000000,6251367.500000,6341649.000000,12209.631836,12385.962891,2480.751991,2481.519938,7.291312,7.289055,353280,353280,353280,0,0,0,1
global_cg,uniform6_21,non_compressible,0,0,64,67108864,67108860,5592405,89478480,0.750000,8669626368,1104,35328,10,36.000000,7574248.000000,7538994.500000,14793.382812,14724.528320,2736.287951,2723.168015,6.610392,6.642240,353280,353280,353280,0,0,0,1
global_cg,uniform6_21,generic_compressible,1,1,64,67108864,67108860,5592405,89478480,0.750000,8736735232,1104,35328,10,36.000000,1473601.500000,1278972.000000,2878.057617,2497.921875,541.871995,471.600011,33.380459,38.354401,353280,353280,353280,0,0,0,1
global_cg,uniform6_22,non_compressible,0,0,64,67108864,67108860,5592405,89478480,0.750000,8669626368,1104,35328,10,36.000000,6225805.000000,6204262.500000,12159.705078,12117.629883,2253.296018,2243.360043,8.027323,8.062877,353280,353280,353280,0,0,0,1
global_cg,uniform6_22,generic_compressible,1,1,64,67108864,67108860,5592405,89478480,0.750000,8736735232,1104,35328,10,36.000000,6222319.000000,6201849.000000,12152.896484,12112.916016,2252.207994,2243.247986,8.031201,8.063280,353280,353280,353280,0,0,0,1
global_cg,uniform6_23,non_compressible,0,0,64,67108864,67108860,5592405,89478480,0.750000,8669626368,1104,35328,10,36.000000,7538284.500000,7509162.500000,14723.141602,14666.262695,2735.487938,2721.664071,6.612325,6.645911,353280,353280,353280,0,0,0,1
global_cg,uniform6_23,generic_compressible,1,1,64,67108864,67108860,5592405,89478480,0.750000,8736735232,1104,35328,10,36.000000,7533929.000000,7504676.000000,14714.634766,14657.500000,2734.304070,2721.776009,6.615188,6.645637,353280,353280,353280,0,0,0,1
global_cg,uniform6_24,non_compressible,0,0,64,67108864,67108860,5592405,89478480,0.750000,8669626368,1104,35328,10,36.000000,6220327.000000,6203726.000000,12149.005859,12116.582031,2253.424048,2243.263960,8.026867,8.063222,353280,353280,353280,0,0,0,1
global_cg,uniform6_24,generic_compressible,1,1,64,67108864,67108860,5592405,89478480,0.750000,8736735232,1104,35328,10,36.000000,6224611.000000,6202155.000000,12157.373047,12113.513672,2253.663898,2243.103981,8.026013,8.063797,353280,353280,353280,0,0,0,1
global_cg,uniform6_25,non_compressible,0,0,64,67108864,67108860,5592405,89478480,0.750000,8669626368,1104,35328,10,36.000000,6225576.500000,6203416.500000,12159.258789,12115.977539,2253.232002,2243.167996,8.027552,8.063567,353280,353280,353280,0,0,0,1
global_cg,uniform6_25,generic_compressible,1,1,64,67108864,67108860,5592405,89478480,0.750000,8736735232,1104,35328,10,36.000000,6224846.500000,6201858.000000,12157.833008,12112.933594,2253.279924,2242.335916,8.027381,8.066559,353280,353280,353280,0,0,0,1
global_cg,uniform6_26,non_compressible,0,0,64,67108864,67108860,5592405,89478480,0.750000,8669626368,1104,35328,10,36.000000,7565491.500000,7536967.000000,14776.280273,14720.568359,2734.944105,2722.527981,6.613640,6.643802,353280,353280,353280,0,0,0,1
global_cg,uniform6_26,generic_compressible,1,1,64,67108864,67108860,5592405,89478480,0.750000,8736735232,1104,35328,10,36.000000,7564518.500000,7533107.500000,14774.379883,14713.030273,2736.271977,2721.871972,6.610431,6.645403,353280,353280,353280,0,0,0,1
global_cg,uniform6_27,non_compressible,0,0,64,67108864,67108860,5592405,89478480,0.750000,8669626368,1104,35328,10,36.000000,6221761.000000,6202012.000000,12151.806641,12113.234375,2253.679991,2243.296027,8.025956,8.063107,353280,353280,353280,0,0,0,1
global_cg,uniform6_27,generic_compressible,1,1,64,67108864,67108860,5592405,89478480,0.750000,8736735232,1104,35328,10,36.000000,6221748.500000,6200884.500000,12151.782227,12111.032227,2253.439903,2243.056059,8.026811,8.063970,353280,353280,353280,0,0,0,1
global_cg,uniform6_28,non_compressible,0,0,64,67108864,67108860,5592405,89478480,0.750000,8669626368,1104,35328,10,36.000000,7562675.000000,7537106.500000,14770.779297,14720.840820,2736.415982,2722.447991,6.610083,6.643997,353280,353280,353280,0,0,0,1
global_cg,uniform6_28,generic_compressible,1,1,64,67108864,67108860,5592405,89478480,0.750000,8736735232,1104,35328,10,36.000000,7558708.500000,7531469.000000,14763.032227,14709.830078,2734.512091,2721.567988,6.614685,6.646145,353280,353280,353280,0,0,0,1
global_cg,uniform6_29,non_compressible,0,0,64,67108864,67108860,5592405,89478480,0.750000,8669626368,1104,35328,10,36.000000,6638325.500000,6609353.500000,12965.409180,12908.823242,2736.224055,2721.423984,6.610546,6.646497,353280,353280,353280,0,0,0,1
global_cg,uniform6_29,generic_compressible,1,1,64,67108864,67108860,5592405,89478480,0.750000,8736735232,1104,35328,10,36.000000,6638405.500000,6608302.500000,12965.565430,12906.770508,2734.863997,2720.384002,6.613834,6.649038,353280,353280,353280,0,0,0,1
global_cg,uniform6_30,non_compressible,0,0,64,67108864,67108860,5592405,89478480,0.750000,8669626368,1104,35328,10,36.000000,6219166.500000,6201513.000000,12146.739258,12112.259766,2253.600001,2243.103981,8.026241,8.063797,353280,353280,353280,0,0,0,1
global_cg,uniform6_30,generic_compressible,1,1,64,67108864,67108860,5592405,89478480,0.750000,8736735232,1104,35328,10,36.000000,6221004.000000,6199189.500000,12150.328125,12107.721680,2253.679991,2241.279960,8.025956,8.070360,353280,353280,353280,0,0,0,1
global_cg,uniform6_31,non_compressible,0,0,64,67108864,67108860,5592405,89478480,0.750000,8669626368,1104,35328,10,36.000000,6654671.500000,6607534.500000,12997.334961,12905.270508,2735.535979,2721.455932,6.612209,6.646419,353280,353280,353280,0,0,0,1
global_cg,uniform6_31,generic_compressible,1,1,64,67108864,67108860,5592405,89478480,0.750000,8736735232,1104,35328,10,36.000000,6618965.000000,6585985.000000,12927.595703,12863.181641,2734.112024,2720.719934,6.615653,6.648217,353280,353280,353280,0,0,0,1
global_cg,uniform6_32,non_compressible,0,0,64,67108864,67108860,5592405,89478480,0.750000,8669626368,1104,35328,10,36.000000,6221308.000000,6203965.500000,12150.921875,12117.049805,2254.943967,2243.263960,8.021457,8.063222,353280,353280,353280,0,0,0,1
global_cg,uniform6_32,generic_compressible,1,1,64,67108864,67108860,5592405,89478480,0.750000,8736735232,1104,35328,10,36.000000,6220028.500000,6200869.500000,12148.422852,12111.002930,2253.200054,2241.328001,8.027665,8.070187,353280,353280,353280,0,0,0,1
global_cg,uniform6_33,non_compressible,0,0,64,67108864,67108860,5592405,89478480,0.750000,8669626368,1104,35328,10,36.000000,6632037.000000,6611264.000000,12953.126953,12912.554688,2734.752059,2723.200083,6.614105,6.642162,353280,353280,353280,0,0,0,1
global_cg,uniform6_33,generic_compressible,1,1,64,67108864,67108860,5592405,89478480,0.750000,8736735232,1104,35328,10,36.000000,6615503.000000,6585852.500000,12920.833984,12862.922852,2734.624028,2721.151948,6.614414,6.647161,353280,353280,353280,0,0,0,1
global_cg,uniform6_34,non_compressible,0,0,64,67108864,67108860,5592405,89478480,0.750000,8669626368,1104,35328,10,36.000000,6222022.000000,6201154.500000,12152.316406,12111.559570,2254.703999,2243.103981,8.022311,8.063797,353280,353280,353280,0,0,0,1
global_cg,uniform6_34,generic_compressible,1,1,64,67108864,67108860,5592405,89478480,0.750000,8736735232,1104,35328,10,36.000000,6219363.500000,6200999.000000,12147.124023,12111.255859,2253.664017,2243.055940,8.026013,8.063970,353280,353280,353280,0,0,0,1
global_cg,uniform6_35,non_compressible,0,0,64,67108864,67108860,5592405,89478480,0.750000,8669626368,1104,35328,10,36.000000,6634111.000000,7523528.500000,12957.177734,14694.321289,2735.360026,2722.240090,6.612634,6.644504,353280,353280,353280,0,0,0,1
global_cg,uniform6_35,generic_compressible,1,1,64,67108864,67108860,5592405,89478480,0.750000,8736735232,1104,35328,10,36.000000,7532901.500000,7504072.500000,14712.627930,14656.321289,2734.560013,2721.120000,6.614569,6.647239,353280,353280,353280,0,0,0,1
global_cg,uniform6_36,non_compressible,0,0,64,67108864,67108860,5592405,89478480,0.750000,8669626368,1104,35328,10,36.000000,6224986.000000,6207803.000000,12158.105469,12124.544922,2254.143953,2243.312001,8.024304,8.063050,353280,353280,353280,0,0,0,1
global_cg,uniform6_36,generic_compressible,1,1,64,67108864,67108860,5592405,89478480,0.750000,8736735232,1104,35328,10,36.000000,6220795.000000,6202449.000000,12149.919922,12114.087891,2253.183961,2242.959976,8.027723,8.064315,353280,353280,353280,0,0,0,1
global_cg,uniform6_37,non_compressible,0,0,64,67108864,67108860,5592405,89478480,0.750000,8669626368,1104,35328,10,36.000000,7555899.000000,7525179.000000,14757.544922,14697.544922,2736.159921,2722.607970,6.610701,6.643606,353280,353280,353280,0,0,0,1
global_cg,uniform6_37,generic_compressible,1,1,64,67108864,67108860,5592405,89478480,0.750000,8736735232,1104,35328,10,36.000000,7533725.500000,7504437.500000,14714.237305,14657.034180,2734.575987,2721.343994,6.614530,6.646692,353280,353280,353280,0,0,0,1
global_cg,uniform6_38,non_compressible,0,0,64,67108864,67108860,5592405,89478480,0.750000,8669626368,1104,35328,10,36.000000,6221690.000000,6202545.000000,12151.667969,12114.275391,2253.599882,2243.327975,8.026241,8.062992,353280,353280,353280,0,0,0,1
global_cg,uniform6_38,generic_compressible,1,1,64,67108864,67108860,5592405,89478480,0.750000,8736735232,1104,35328,10,36.000000,6223214.500000,6199788.000000,12154.645508,12108.890625,2253.488064,2241.551995,8.026639,8.069381,353280,353280,353280,0,0,0,1
global_cg,uniform6_39,non_compressible,0,0,64,67108864,67108860,5592405,89478480,0.750000,8669626368,1104,35328,10,36.000000,7563987.500000,7534046.000000,14773.342773,14714.863281,2736.287951,2723.232031,6.610392,6.642084,353280,353280,353280,0,0,0,1
global_cg,uniform6_39,generic_compressible,1,1,64,67108864,67108860,5592405,89478480,0.750000,8736735232,1104,35328,10,36.000000,7560417.500000,7532302.500000,14766.370117,14711.458008,2735.488057,2721.567988,6.612325,6.646145,353280,353280,353280,0,0,0,1
global_cg,uniform6_40,non_compressible,0,0,64,67108864,67108860,5592405,89478480,0.750000,8669626368,1104,35328,10,36.000000,6224507.000000,6202856.000000,12157.169922,12114.882812,2253.343940,2242.399931,8.027153,8.066329,353280,353280,353280,0,0,0,1
global_cg,uniform6_40,generic_compressible,1,1,64,67108864,67108860,5592405,89478480,0.750000,8736735232,1104,35328,10,36.000000,6223580.500000,6200683.000000,12155.360352,12110.638672,2253.072023,2243.167996,8.028122,8.063567,353280,353280,353280,0,0,0,1
global_cg,uniform6_41,non_compressible,0,0,64,67108864,67108860,5592405,89478480,0.750000,8669626368,1104,35328,10,36.000000,7555833.000000,7527636.500000,14757.416016,14702.344727,2736.448050,2721.743941,6.610005,6.645716,353280,353280,353280,0,0,0,1
global_cg,uniform6_41,generic_compressible,1,1,64,67108864,67108860,5592405,89478480,0.750000,8736735232,1104,35328,10,36.000000,7562926.000000,7533146.000000,14771.269531,14713.105469,2736.256003,2721.647978,6.610469,6.645950,353280,353280,353280,0,0,0,1
global_cg,uniform6_42,non_compressible,0,0,64,67108864,67108860,5592405,89478480,0.750000,8669626368,1104,35328,10,36.000000,6224989.500000,6202229.500000,12158.112305,12113.659180,2253.600001,2241.392016,8.026241,8.069956,353280,353280,353280,0,0,0,1
global_cg,uniform6_42,generic_compressible,1,1,64,67108864,67108860,5592405,89478480,0.750000,8736735232,1104,35328,10,36.000000,1421289.000000,1278620.500000,2775.884766,2497.235352,521.983981,469.983995,34.652282,38.486281,353280,353280,353280,0,0,0,1
global_cg,uniform6_43,non_compressible,0,0,64,67108864,67108860,5592405,89478480,0.750000,8669626368,1104,35328,10,36.000000,6234965.000000,6223349.000000,12177.595703,12154.908203,2254.736066,2243.376017,8.022197,8.062820,353280,353280,353280,0,0,0,1
global_cg,uniform6_43,generic_compressible,1,1,64,67108864,67108860,5592405,89478480,0.750000,8736735232,1104,35328,10,36.000000,6240511.500000,6221333.000000,12188.428711,12150.970703,2253.664017,2243.391991,8.026013,8.062762,353280,353280,353280,0,0,0,1
global_cg,uniform6_44,non_compressible,0,0,64,67108864,67108860,5592405,89478480,0.750000,8669626368,1104,35328,10,36.000000,7565057.500000,7533272.500000,14775.432617,14713.352539,2736.191988,2721.567988,6.610624,6.646145,353280,353280,353280,0,0,0,1
global_cg,uniform6_44,generic_compressible,1,1,64,67108864,67108860,5592405,89478480,0.750000,8736735232,1104,35328,10,36.000000,7561913.500000,7533703.000000,14769.291992,14714.193359,2735.455990,2721.664071,6.612402,6.645911,353280,353280,353280,0,0,0,1
global_cg,uniform6_45,non_compressible,0,0,64,67108864,67108860,5592405,89478480,0.750000,8669626368,1104,35328,10,36.000000,6620225.500000,6353160.500000,12930.057617,12408.446289,2723.760009,2482.239962,6.640797,7.286941,353280,353280,353280,0,0,0,1
global_cg,uniform6_45,generic_compressible,1,1,64,67108864,67108860,5592405,89478480,0.750000,8736735232,1104,35328,10,36.000000,6614470.000000,6581734.500000,12918.816406,12854.879883,2733.824015,2720.592022,6.616350,6.648529,353280,353280,353280,0,0,0,1
global_cg,uniform6_46,non_compressible,0,0,64,67108864,67108860,5592405,89478480,0.750000,8669626368,1104,35328,10,36.000000,7552546.000000,7522210.000000,14750.996094,14691.746094,2735.631943,2721.567988,6.611977,6.646145,353280,353280,353280,0,0,0,1
global_cg,uniform6_46,generic_compressible,1,1,64,67108864,67108860,5592405,89478480,0.750000,8736735232,1104,35328,10,36.000000,7563428.500000,7530789.000000,14772.250977,14708.501953,2736.271977,2721.600056,6.610431,6.646067,353280,353280,353280,0,0,0,1
global_cg,uniform6_47,non_compressible,0,0,64,67108864,67108860,5592405,89478480,0.750000,8669626368,1104,35328,10,36.000000,6366912.500000,6354054.000000,12435.305664,12410.191406,2496.000051,2483.663917,7.246769,7.282763,353280,353280,353280,0,0,0,1
global_cg,uniform6_47,generic_compressible,1,1,64,67108864,67108860,5592405,89478480,0.750000,8736735232,1104,35328,10,36.000000,6617354.500000,6580438.000000,12924.450195,12852.347656,2733.487964,2720.096111,6.617163,6.649742,353280,353280,353280,0,0,0,1
global_cg,uniform6_48,non_compressible,0,0,64,67108864,67108860,5592405,89478480,0.750000,8669626368,1104,35328,10,36.000000,6222162.000000,6205253.000000,12152.589844,12119.564453,2253.343940,2242.128015,8.027153,8.067307,353280,353280,353280,0,0,0,1
global_cg,uniform6_48,generic_compressible,1,1,64,67108864,67108860,5592405,89478480,0.750000,8736735232,1104,35328,10,36.000000,6221690.000000,6201396.500000,12151.667969,12112.032227,2252.976060,2243.040085,8.028463,8.064027,353280,353280,353280,0,0,0,1
global_cg,uniform6_49,non_compressible,0,0,64,67108864,67108860,5592405,89478480,0.750000,8669626368,1104,35328,10,36.000000,6221947.500000,6200186.000000,12152.170898,12109.667969,2252.672076,2242.208004,8.029547,8.067020,353280,353280,353280,0,0,0,1
global_cg,uniform6_49,generic_compressible,1,1,64,67108864,67108860,5592405,89478480,0.750000,8736735232,1104,35328,10,36.000000,6220306.500000,6201136.000000,12148.965820,12111.523438,2253.424048,2242.992043,8.026867,8.064200,353280,353280,353280,0,0,0,1
global_cg,uniform6_50,non_compressible,0,0,64,67108864,67108860,5592405,89478480,0.750000,8669626368,1104,35328,10,36.000000,7534283.500000,7525353.000000,14715.327148,14697.884766,2735.711932,2722.863913,6.611784,6.642982,353280,353280,353280,0,0,0,1
global_cg,uniform6_50,generic_compressible,1,1,64,67108864,67108860,5592405,89478480,0.750000,8736735232,1104,35328,10,36.000000,7550808.000000,7505978.000000,14747.601562,14660.042969,2734.640002,2721.519947,6.614376,6.646263,353280,353280,353280,0,0,0,1
global_cg,uniform6_51,non_compressible,0,0,64,67108864,67108860,5592405,89478480,0.750000,8669626368,1104,35328,10,36.000000,7561029.500000,7534187.500000,14767.565430,14715.139648,2734.991908,2723.392010,6.613525,6.641694,353280,353280,353280,0,0,0,1
global_cg,uniform6_51,generic_compressible,1,1,64,67108864,67108860,5592405,89478480,0.750000,8736735232,1104,35328,10,36.000000,7560226.000000,7531437.500000,14765.996094,14709.768555,2735.967994,2722.319961,6.611165,6.644309,353280,353280,353280,0,0,0,1
global_cg,uniform6_52,non_compressible,0,0,64,67108864,67108860,5592405,89478480,0.750000,8669626368,1104,35328,10,36.000000,7564711.000000,7534434.000000,14774.755859,14715.621094,2736.815929,2722.560048,6.609117,6.643723,353280,353280,353280,0,0,0,1
global_cg,uniform6_52,generic_compressible,1,1,64,67108864,67108860,5592405,89478480,0.750000,8736735232,1104,35328,10,36.000000,7561326.500000,7531658.500000,14768.145508,14710.200195,2734.751940,2721.711993,6.614105,6.645794,353280,353280,353280,0,0,0,1
global_cg,uniform6_53,non_compressible,0,0,64,67108864,67108860,5592405,89478480,0.750000,8669626368,1104,35328,10,36.000000,7567252.500000,7541301.000000,14779.719727,14729.033203,2736.415982,2721.616030,6.610083,6.646028,353280,353280,353280,0,0,0,1
global_cg,uniform6_53,generic_compressible,1,1,64,67108864,67108860,5592405,89478480,0.750000,8736735232,1104,35328,10,36.000000,7564734.000000,7535045.000000,14774.800781,14716.814453,2734.959960,2721.648097,6.613602,6.645950,353280,353280,353280,0,0,0,1
global_cg,uniform6_54,non_compressible,0,0,64,67108864,67108860,5592405,89478480,0.750000,8669626368,1104,35328,10,46.000000,7563650.500000,7533700.000000,14772.665039,14714.167969,2735.296011,2721.552014,6.612789,6.646184,353280,353280,353280,0,0,0,1
global_cg,uniform6_54,generic_compressible,1,1,64,67108864,67108860,5592405,89478480,0.750000,8736735232,1104,35328,10,48.000000,7561805.000000,7535531.500000,14769.056641,14717.741211,2735.632062,2721.664071,6.611977,6.645911,353280,353280,353280,0,0,0,1
global_cg,uniform6_55,non_compressible,0,0,64,67108864,67108860,5592405,89478480,0.750000,8669626368,1104,35328,10,45.000000,7566112.500000,7534792.500000,14777.475586,14716.303711,2736.527920,2721.696019,6.609812,6.645833,353280,353280,353280,0,0,0,1
global_cg,uniform6_55,generic_compressible,1,1,64,67108864,67108860,5592405,89478480,0.750000,8736735232,1104,35328,10,46.000000,7565522.500000,7535767.000000,14776.321289,14718.205078,2735.136032,2721.583962,6.613176,6.646106,353280,353280,353280,0,0,0,1
global_cg,uniform6_56,non_compressible,0,0,64,67108864,67108860,5592405,89478480,0.750000,8669626368,1104,35328,10,36.000000,6220754.000000,6203009.000000,12149.839844,12115.181641,2253.248096,2243.200064,8.027494,8.063452,353280,353280,353280,0,0,0,1
global_cg,uniform6_56,generic_compressible,1,1,64,67108864,67108860,5592405,89478480,0.750000,8736735232,1104,35328,10,36.000000,6217426.000000,6202137.500000,12143.339844,12113.479492,2252.928019,2241.344094,8.028635,8.070129,353280,353280,353280,0,0,0,1
global_cg,uniform6_57,non_compressible,0,0,64,67108864,67108860,5592405,89478480,0.750000,8669626368,1104,35328,10,36.000000,7565113.500000,7536479.000000,14775.541992,14719.615234,2736.367941,2722.944021,6.610199,6.642787,353280,353280,353280,0,0,0,1
global_cg,uniform6_57,generic_compressible,1,1,64,67108864,67108860,5592405,89478480,0.750000,8736735232,1104,35328,10,36.000000,7563387.500000,7533432.500000,14772.170898,14713.665039,2735.936046,2721.248031,6.611242,6.646927,353280,353280,353280,0,0,0,1
global_cg,uniform6_58,non_compressible,0,0,64,67108864,67108860,5592405,89478480,0.750000,8669626368,1104,35328,10,36.000000,6221257.500000,6201381.000000,12150.823242,12112.001953,2253.328085,2243.312001,8.027209,8.063050,353280,353280,353280,0,0,0,1
global_cg,uniform6_58,generic_compressible,1,1,64,67108864,67108860,5592405,89478480,0.750000,8736735232,1104,35328,10,36.000000,6221896.500000,6201403.500000,12152.071289,12112.045898,2253.535986,2243.008018,8.026469,8.064142,353280,353280,353280,0,0,0,1
global_cg,uniform6_59,non_compressible,0,0,64,67108864,67108860,5592405,89478480,0.750000,8669626368,1104,35328,10,36.000000,7563348.000000,7535731.000000,14772.093750,14718.154297,2736.239910,2722.415924,6.610508,6.644075,353280,353280,353280,0,0,0,1
global_cg,uniform6_59,generic_compressible,1,1,64,67108864,67108860,5592405,89478480,0.750000,8736735232,1104,35328,10,36.000000,7560155.500000,7537387.000000,14765.858398,14721.388672,2735.184073,2723.263979,6.613060,6.642006,353280,353280,353280,0,0,0,1
global_cg,uniform6_60,non_compressible,0,0,64,67108864,67108860,5592405,89478480,0.750000,8669626368,1104,35328,10,36.000000,6241613.500000,6360540.500000,12190.581055,12422.860352,2256.191969,2482.416034,8.017020,7.286424,353280,353280,353280,0,0,0,1
global_cg,uniform6_60,generic_compressible,1,1,64,67108864,67108860,5592405,89478480,0.750000,8736735232,1104,35328,10,36.000000,6241504.500000,6222432.000000,12190.368164,12153.117188,2255.023956,2244.304061,8.021172,8.059485,353280,353280,353280,0,0,0,1
global_cg,uniform6_61,non_compressible,0,0,64,67108864,67108860,5592405,89478480,0.750000,8669626368,1104,35328,10,36.000000,6231454.000000,6208604.000000,12170.738281,12126.109375,2255.295992,2243.263960,8.020205,8.063222,353280,353280,353280,0,0,0,1
global_cg,uniform6_61,generic_compressible,1,1,64,67108864,67108860,5592405,89478480,0.750000,8736735232,1104,35328,10,36.000000,6226961.000000,6201684.000000,12161.962891,12112.593750,2253.136039,2243.023992,8.027893,8.064085,353280,353280,353280,0,0,0,1
global_cg,uniform6_62,non_compressible,0,0,64,67108864,67108860,5592405,89478480,0.750000,8669626368,1104,35328,10,36.000000,6222422.000000,6204059.000000,12153.097656,12117.232422,2253.584027,2243.360043,8.026298,8.062877,353280,353280,353280,0,0,0,1
global_cg,uniform6_62,generic_compressible,1,1,64,67108864,67108860,5592405,89478480,0.750000,8736735232,1104,35328,10,36.000000,6222617.500000,6203602.500000,12153.479492,12116.340820,2253.599882,2243.247986,8.026241,8.063280,353280,353280,353280,0,0,0,1
global_cg,uniform6_63,non_compressible,0,0,64,67108864,67108860,5592405,89478480,0.750000,8669626368,1104,35328,10,36.000000,7565660.000000,7537032.000000,14776.609375,14720.695312,2736.400008,2723.119974,6.610121,6.642357,353280,353280,353280,0,0,0,1
global_cg,uniform6_63,generic_compressible,1,1,64,67108864,67108860,5592405,89478480,0.750000,8736735232,1104,35328,10,36.000000,1277572.500000,1278078.000000,2495.188477,2496.175781,470.032007,469.584003,38.482350,38.519063,353280,353280,353280,0,0,0,1
global_cg,uniform6_0,non_compressible,0,0,128,134217728,134217720,11184810,178956960,0.750000,8669626368,1104,35328,10,36.000000,7663963.000000,7671000.500000,14968.607422,14982.352539,2771.055937,2770.448089,6.527452,6.528885,353280,353280,353280,0,0,0,1
global_cg,uniform6_0,generic_compressible,1,1,128,134217728,134217720,11184810,178956960,0.750000,8803844096,1104,35328,10,36.000000,1277723.500000,1279043.500000,2495.483398,2498.061523,470.031992,469.871998,38.482351,38.495454,353280,353280,353280,0,0,0,1
global_cg,uniform6_1,non_compressible,0,0,128,134217728,134217720,11184810,178956960,0.750000,8669626368,1104,35328,10,36.000000,7662084.500000,7668404.000000,14964.938477,14977.281250,2769.935966,2768.704057,6.530092,6.532997,353280,353280,353280,0,0,0,1
global_cg,uniform6_1,generic_compressible,1,1,128,134217728,134217720,11184810,178956960,0.750000,8803844096,1104,35328,10,36.000000,7662698.500000,7670957.500000,14966.137695,14982.268555,2771.471977,2770.703912,6.526473,6.528282,353280,353280,353280,0,0,0,1
global_cg,uniform6_2,non_compressible,0,0,128,134217728,134217720,11184810,178956960,0.750000,8669626368,1104,35328,10,36.000000,7659564.000000,7669374.000000,14960.015625,14979.175781,2771.200061,2770.655990,6.527113,6.528395,353280,353280,353280,0,0,0,1
global_cg,uniform6_2,generic_compressible,1,1,128,134217728,134217720,11184810,178956960,0.750000,8803844096,1104,35328,10,36.000000,7664207.000000,7666452.000000,14969.083984,14973.468750,2771.456003,2770.623922,6.526510,6.528470,353280,353280,353280,0,0,0,1
global_cg,uniform6_3,non_compressible,0,0,128,134217728,134217720,11184810,178956960,0.750000,8669626368,1104,35328,10,36.000000,7658897.000000,7667211.000000,14958.712891,14974.951172,2770.367980,2770.463943,6.529073,6.528847,353280,353280,353280,0,0,0,1
global_cg,uniform6_3,generic_compressible,1,1,128,134217728,134217720,11184810,178956960,0.750000,8803844096,1104,35328,10,36.000000,7661106.000000,7669413.500000,14963.027344,14979.252930,2771.712065,2770.576000,6.525907,6.528583,353280,353280,353280,0,0,0,1
global_cg,uniform6_4,non_compressible,0,0,128,134217728,134217720,11184810,178956960,0.750000,8669626368,1104,35328,10,36.000000,9282686.500000,9287572.000000,18130.176758,18139.718750,3358.991981,3356.415987,5.384930,5.389063,353280,353280,353280,0,0,0,1
global_cg,uniform6_4,generic_compressible,1,1,128,134217728,134217720,11184810,178956960,0.750000,8803844096,1104,35328,10,36.000000,9282326.500000,9298509.000000,18129.473633,18161.080078,3357.584000,3357.184052,5.387188,5.387830,353280,353280,353280,0,0,0,1
global_cg,uniform6_5,non_compressible,0,0,128,134217728,134217720,11184810,178956960,0.750000,8669626368,1104,35328,10,36.000000,8146743.500000,8145531.000000,15911.538086,15909.169922,3356.783986,3355.216026,5.388472,5.390990,353280,353280,353280,0,0,0,1
global_cg,uniform6_5,generic_compressible,1,1,128,134217728,134217720,11184810,178956960,0.750000,8803844096,1104,35328,10,36.000000,8118944.000000,8126623.500000,15857.242188,15872.241211,3357.504010,3355.599999,5.387316,5.390373,353280,353280,353280,0,0,0,1
global_cg,uniform6_6,non_compressible,0,0,128,134217728,134217720,11184810,178956960,0.750000,8669626368,1104,35328,10,36.000000,7663411.000000,7669692.000000,14967.529297,14979.796875,2770.192027,2770.591974,6.529488,6.528546,353280,353280,353280,0,0,0,1
global_cg,uniform6_6,generic_compressible,1,1,128,134217728,134217720,11184810,178956960,0.750000,8803844096,1104,35328,10,36.000000,7663090.000000,7668827.500000,14966.902344,14978.108398,2770.415902,2770.656109,6.528961,6.528394,353280,353280,353280,0,0,0,1
global_cg,uniform6_7,non_compressible,0,0,128,134217728,134217720,11184810,178956960,0.750000,8669626368,1104,35328,10,36.000000,8142955.500000,8161315.500000,15904.139648,15939.999023,3357.216001,3354.928017,5.387778,5.391453,353280,353280,353280,0,0,0,1
global_cg,uniform6_7,generic_compressible,1,1,128,134217728,134217720,11184810,178956960,0.750000,8803844096,1104,35328,10,36.000000,8141793.500000,8973471.000000,15901.870117,17526.240234,3358.448029,3355.232000,5.385802,5.390964,353280,353280,353280,0,0,0,1
global_cg,uniform6_8,non_compressible,0,0,128,134217728,134217720,11184810,178956960,0.750000,8669626368,1104,35328,10,36.000000,7661255.500000,7666215.500000,14963.319336,14973.006836,2771.600008,2769.183993,6.526171,6.531865,353280,353280,353280,0,0,0,1
global_cg,uniform6_8,generic_compressible,1,1,128,134217728,134217720,11184810,178956960,0.750000,8803844096,1104,35328,10,36.000000,7663369.000000,7671649.000000,14967.447266,14983.619141,2771.728039,2770.704031,6.525870,6.528282,353280,353280,353280,0,0,0,1
global_cg,uniform6_9,non_compressible,0,0,128,134217728,134217720,11184810,178956960,0.750000,8669626368,1104,35328,10,36.000000,9285854.000000,9289923.000000,18136.363281,18144.310547,3357.231975,3357.279897,5.387753,5.387676,353280,353280,353280,0,0,0,1
global_cg,uniform6_9,generic_compressible,1,1,128,134217728,134217720,11184810,178956960,0.750000,8803844096,1104,35328,10,36.000000,9286524.500000,9286448.500000,18137.672852,18137.524414,3357.568026,3356.207967,5.387214,5.389397,353280,353280,353280,0,0,0,1
global_cg,uniform6_10,non_compressible,0,0,128,134217728,134217720,11184810,178956960,0.750000,8669626368,1104,35328,10,36.000000,8145711.500000,8928895.000000,15909.522461,17439.177734,3357.839942,3354.976058,5.386777,5.391376,353280,353280,353280,0,0,0,1
global_cg,uniform6_10,generic_compressible,1,1,128,134217728,134217720,11184810,178956960,0.750000,8803844096,1104,35328,10,36.000000,9259413.500000,9264552.500000,18084.721680,18094.758789,3358.111978,3355.888009,5.386341,5.389910,353280,353280,353280,0,0,0,1
global_cg,uniform6_11,non_compressible,0,0,128,134217728,134217720,11184810,178956960,0.750000,8669626368,1104,35328,10,36.000000,8147330.000000,8141888.500000,15912.683594,15902.055664,3357.424021,3356.335998,5.387445,5.389191,353280,353280,353280,0,0,0,1
global_cg,uniform6_11,generic_compressible,1,1,128,134217728,134217720,11184810,178956960,0.750000,8803844096,1104,35328,10,36.000000,8141291.500000,8146540.000000,15900.889648,15911.140625,3357.504010,3355.424047,5.387316,5.390656,353280,353280,353280,0,0,0,1
global_cg,uniform6_12,non_compressible,0,0,128,134217728,134217720,11184810,178956960,0.750000,8669626368,1104,35328,10,36.000000,7662745.000000,7672065.000000,14966.228516,14984.431641,2771.360040,2770.607948,6.526736,6.528508,353280,353280,353280,0,0,0,1
global_cg,uniform6_12,generic_compressible,1,1,128,134217728,134217720,11184810,178956960,0.750000,8803844096,1104,35328,10,36.000000,7662814.000000,7668702.500000,14966.363281,14977.864258,2771.008015,2769.744039,6.527565,6.530544,353280,353280,353280,0,0,0,1
global_cg,uniform6_13,non_compressible,0,0,128,134217728,134217720,11184810,178956960,0.750000,8669626368,1104,35328,10,36.000000,8162316.000000,8153676.000000,15941.953125,15925.078125,3356.528044,3355.536103,5.388883,5.390476,353280,353280,353280,0,0,0,1
global_cg,uniform6_13,generic_compressible,1,1,128,134217728,134217720,11184810,178956960,0.750000,8803844096,1104,35328,10,36.000000,8344163.000000,9267092.000000,16297.123047,18099.718750,3356.624007,3356.543899,5.388729,5.388857,353280,353280,353280,0,0,0,1
global_cg,uniform6_14,non_compressible,0,0,128,134217728,134217720,11184810,178956960,0.750000,8669626368,1104,35328,10,36.000000,8139382.000000,8151084.500000,15897.160156,15920.016602,3357.088089,3354.608059,5.387984,5.391967,353280,353280,353280,0,0,0,1
global_cg,uniform6_14,generic_compressible,1,1,128,134217728,134217720,11184810,178956960,0.750000,8803844096,1104,35328,10,36.000000,8143258.500000,9056878.500000,15904.731445,17689.145508,3357.568026,3356.415987,5.387214,5.389063,353280,353280,353280,0,0,0,1
global_cg,uniform6_15,non_compressible,0,0,128,134217728,134217720,11184810,178956960,0.750000,8669626368,1104,35328,10,36.000000,7658582.500000,7668174.000000,14958.098633,14976.832031,2771.263957,2770.320058,6.526963,6.529186,353280,353280,353280,0,0,0,1
global_cg,uniform6_15,generic_compressible,1,1,128,134217728,134217720,11184810,178956960,0.750000,8803844096,1104,35328,10,36.000000,7661107.500000,7668096.500000,14963.030273,14976.680664,2771.663904,2770.496011,6.526021,6.528772,353280,353280,353280,0,0,0,1
global_cg,uniform6_16,non_compressible,0,0,128,134217728,134217720,11184810,178956960,0.750000,8669626368,1104,35328,10,36.000000,9279977.500000,9290948.000000,18124.885742,18146.312500,3357.823968,3358.031988,5.386803,5.386469,353280,353280,353280,0,0,0,1
global_cg,uniform6_16,generic_compressible,1,1,128,134217728,134217720,11184810,178956960,0.750000,8803844096,1104,35328,10,36.000000,9293543.500000,9290244.000000,18151.381836,18144.937500,3357.807994,3356.559992,5.386829,5.388831,353280,353280,353280,0,0,0,1
global_cg,uniform6_17,non_compressible,0,0,128,134217728,134217720,11184810,178956960,0.750000,8669626368,1104,35328,10,36.000000,9259482.500000,9289759.500000,18084.856445,18143.991211,3357.759953,3355.664015,5.386906,5.390270,353280,353280,353280,0,0,0,1
global_cg,uniform6_17,generic_compressible,1,1,128,134217728,134217720,11184810,178956960,0.750000,8803844096,1104,35328,10,36.000000,9260923.500000,9265277.500000,18087.670898,18096.174805,3358.080029,3355.839968,5.386392,5.389988,353280,353280,353280,0,0,0,1
global_cg,uniform6_18,non_compressible,0,0,128,134217728,134217720,11184810,178956960,0.750000,8669626368,1104,35328,10,36.000000,7659231.500000,7667024.500000,14959.366211,14974.586914,2770.495892,2769.711971,6.528772,6.530620,353280,353280,353280,0,0,0,1
global_cg,uniform6_18,generic_compressible,1,1,128,134217728,134217720,11184810,178956960,0.750000,8803844096,1104,35328,10,36.000000,7660658.000000,7671033.000000,14962.152344,14982.416016,2771.904111,2771.775961,6.525455,6.525757,353280,353280,353280,0,0,0,1
global_cg,uniform6_19,non_compressible,0,0,128,134217728,134217720,11184810,178956960,0.750000,8669626368,1104,35328,10,36.000000,9263264.000000,8170564.000000,18092.242188,15958.062500,3358.592033,3356.607914,5.385571,5.388754,353280,353280,353280,0,0,0,1
global_cg,uniform6_19,generic_compressible,1,1,128,134217728,134217720,11184810,178956960,0.750000,8803844096,1104,35328,10,36.000000,9261032.500000,9260912.500000,18087.883789,18087.649414,3356.032014,3355.967999,5.389679,5.389782,353280,353280,353280,0,0,0,1
global_cg,uniform6_20,non_compressible,0,0,128,134217728,134217720,11184810,178956960,0.750000,8669626368,1104,35328,10,36.000000,7662574.500000,7666457.000000,14965.895508,14973.478516,2771.535993,2768.912077,6.526322,6.532506,353280,353280,353280,0,0,0,1
global_cg,uniform6_20,generic_compressible,1,1,128,134217728,134217720,11184810,178956960,0.750000,8803844096,1104,35328,10,36.000000,7663853.000000,7669880.500000,14968.392578,14980.165039,2771.744013,2769.631982,6.525832,6.530808,353280,353280,353280,0,0,0,1
global_cg,uniform6_21,non_compressible,0,0,128,134217728,134217720,11184810,178956960,0.750000,8669626368,1104,35328,10,36.000000,7664418.500000,7667928.500000,14969.497070,14976.352539,2771.728039,2770.528078,6.525870,6.528696,353280,353280,353280,0,0,0,1
global_cg,uniform6_21,generic_compressible,1,1,128,134217728,134217720,11184810,178956960,0.750000,8803844096,1104,35328,10,36.000000,5227320.000000,5192664.500000,10209.539062,10141.852539,1894.848049,1880.511999,9.545850,9.618623,353280,353280,353280,0,0,0,1
global_cg,uniform6_22,non_compressible,0,0,128,134217728,134217720,11184810,178956960,0.750000,8669626368,1104,35328,10,36.000000,7660570.500000,7669776.500000,14961.981445,14979.961914,2770.927906,2770.576000,6.527754,6.528583,353280,353280,353280,0,0,0,1
global_cg,uniform6_22,generic_compressible,1,1,128,134217728,134217720,11184810,178956960,0.750000,8803844096,1104,35328,10,36.000000,7661142.500000,7670435.500000,14963.098633,14981.249023,2771.456003,2770.463943,6.526510,6.528847,353280,353280,353280,0,0,0,1
global_cg,uniform6_23,non_compressible,0,0,128,134217728,134217720,11184810,178956960,0.750000,8669626368,1104,35328,10,36.000000,8151714.500000,8148927.500000,15921.247070,15915.803711,3357.728004,3355.759978,5.386957,5.390116,353280,353280,353280,0,0,0,1
global_cg,uniform6_23,generic_compressible,1,1,128,134217728,134217720,11184810,178956960,0.750000,8803844096,1104,35328,10,36.000000,9262641.000000,9263614.000000,18091.025391,18092.925781,3356.976032,3356.879950,5.388164,5.388318,353280,353280,353280,0,0,0,1
global_cg,uniform6_24,non_compressible,0,0,128,134217728,134217720,11184810,178956960,0.750000,8669626368,1104,35328,10,36.000000,9257706.000000,9298662.000000,18081.386719,18161.378906,3357.295990,3356.912017,5.387650,5.388266,353280,353280,353280,0,0,0,1
global_cg,uniform6_24,generic_compressible,1,1,128,134217728,134217720,11184810,178956960,0.750000,8803844096,1104,35328,10,36.000000,9262135.000000,9267578.500000,18090.037109,18100.668945,3357.439995,3356.447935,5.387419,5.389011,353280,353280,353280,0,0,0,1
global_cg,uniform6_25,non_compressible,0,0,128,134217728,134217720,11184810,178956960,0.750000,8669626368,1104,35328,10,36.000000,7658885.500000,7669264.000000,14958.690430,14978.960938,2769.727945,2770.400047,6.530582,6.528998,353280,353280,353280,0,0,0,1
global_cg,uniform6_25,generic_compressible,1,1,128,134217728,134217720,11184810,178956960,0.750000,8803844096,1104,35328,10,36.000000,7659799.500000,7667795.000000,14960.475586,14976.091797,2771.360040,2769.616008,6.526736,6.530846,353280,353280,353280,0,0,0,1
global_cg,uniform6_26,non_compressible,0,0,128,134217728,134217720,11184810,178956960,0.750000,8669626368,1104,35328,10,36.000000,9283611.000000,9287516.000000,18131.982422,18139.609375,3357.840061,3355.951905,5.386777,5.389808,353280,353280,353280,0,0,0,1
global_cg,uniform6_26,generic_compressible,1,1,128,134217728,134217720,11184810,178956960,0.750000,8803844096,1104,35328,10,36.000000,9293472.000000,9296451.500000,18151.242188,18157.061523,3358.736038,3356.271982,5.385340,5.389294,353280,353280,353280,0,0,0,1
global_cg,uniform6_27,non_compressible,0,0,128,134217728,134217720,11184810,178956960,0.750000,8669626368,1104,35328,10,36.000000,8142248.500000,8145458.000000,15902.758789,15909.027344,3357.375979,3354.992032,5.387522,5.391350,353280,353280,353280,0,0,0,1
global_cg,uniform6_27,generic_compressible,1,1,128,134217728,134217720,11184810,178956960,0.750000,8803844096,1104,35328,10,36.000000,9268795.500000,9269106.000000,18103.045898,18103.652344,3358.096004,3357.360005,5.386367,5.387547,353280,353280,353280,0,0,0,1
global_cg,uniform6_28,non_compressible,0,0,128,134217728,134217720,11184810,178956960,0.750000,8669626368,1104,35328,10,36.000000,7659888.000000,7667658.000000,14960.648438,14975.824219,2770.431995,2770.607948,6.528923,6.528508,353280,353280,353280,0,0,0,1
global_cg,uniform6_28,generic_compressible,1,1,128,134217728,134217720,11184810,178956960,0.750000,8803844096,1104,35328,10,36.000000,7659788.000000,7668958.000000,14960.453125,14978.363281,2771.968007,2770.480037,6.525305,6.528809,353280,353280,353280,0,0,0,1
global_cg,uniform6_29,non_compressible,0,0,128,134217728,134217720,11184810,178956960,0.750000,8669626368,1104,35328,10,36.000000,9287346.500000,9287721.500000,18139.278320,18140.010742,3357.679963,3356.239915,5.387034,5.389345,353280,353280,353280,0,0,0,1
global_cg,uniform6_29,generic_compressible,1,1,128,134217728,134217720,11184810,178956960,0.750000,8803844096,1104,35328,10,36.000000,9262586.000000,9291619.500000,18090.917969,18147.624023,3357.471943,3356.271982,5.387368,5.389294,353280,353280,353280,0,0,0,1
global_cg,uniform6_30,non_compressible,0,0,128,134217728,134217720,11184810,178956960,0.750000,8669626368,1104,35328,10,36.000000,7657816.500000,7668595.000000,14956.602539,14977.654297,2771.504045,2770.623922,6.526397,6.528470,353280,353280,353280,0,0,0,1
global_cg,uniform6_30,generic_compressible,1,1,128,134217728,134217720,11184810,178956960,0.750000,8803844096,1104,35328,10,36.000000,7658645.500000,7674893.000000,14958.221680,14989.955078,2771.695971,2770.767927,6.525945,6.528131,353280,353280,353280,0,0,0,1
global_cg,uniform6_31,non_compressible,0,0,128,134217728,134217720,11184810,178956960,0.750000,8669626368,1104,35328,10,36.000000,9257956.000000,9266259.000000,18081.875000,18098.091797,3357.919931,3355.967999,5.386649,5.389782,353280,353280,353280,0,0,0,1
global_cg,uniform6_31,generic_compressible,1,1,128,134217728,134217720,11184810,178956960,0.750000,8803844096,1104,35328,10,36.000000,9257783.500000,9261986.000000,18081.538086,18089.746094,3357.615948,3356.384039,5.387137,5.389114,353280,353280,353280,0,0,0,1
global_cg,uniform6_32,non_compressible,0,0,128,134217728,134217720,11184810,178956960,0.750000,8669626368,1104,35328,10,36.000000,7660368.000000,7669723.500000,14961.585938,14979.858398,2771.504045,2770.655990,6.526397,6.528395,353280,353280,353280,0,0,0,1
global_cg,uniform6_32,generic_compressible,1,1,128,134217728,134217720,11184810,178956960,0.750000,8803844096,1104,35328,10,36.000000,7663478.000000,7666295.500000,14967.660156,14973.163086,2771.551967,2770.591974,6.526284,6.528546,353280,353280,353280,0,0,0,1
global_cg,uniform6_33,non_compressible,0,0,128,134217728,134217720,11184810,178956960,0.750000,8669626368,1104,35328,10,36.000000,7661085.500000,7674674.000000,14962.987305,14989.527344,2771.167994,2772.303939,6.527189,6.524514,353280,353280,353280,0,0,0,1
global_cg,uniform6_33,generic_compressible,1,1,128,134217728,134217720,11184810,178956960,0.750000,8803844096,1104,35328,10,36.000000,7664325.500000,7675638.500000,14969.315430,14991.411133,2770.912051,2771.391988,6.527791,6.526661,353280,353280,353280,0,0,0,1
global_cg,uniform6_34,non_compressible,0,0,128,134217728,134217720,11184810,178956960,0.750000,8669626368,1104,35328,10,36.000000,9260198.000000,9265108.000000,18086.253906,18095.843750,3356.927991,3356.208086,5.388241,5.389396,353280,353280,353280,0,0,0,1
global_cg,uniform6_34,generic_compressible,1,1,128,134217728,134217720,11184810,178956960,0.750000,8803844096,1104,35328,10,36.000000,9260677.500000,9268604.500000,18087.190430,18102.672852,3357.295990,3355.408072,5.387650,5.390681,353280,353280,353280,0,0,0,1
global_cg,uniform6_35,non_compressible,0,0,128,134217728,134217720,11184810,178956960,0.750000,8669626368,1104,35328,10,36.000000,7661677.000000,7669961.500000,14964.142578,14980.323242,2771.280050,2770.672083,6.526925,6.528357,353280,353280,353280,0,0,0,1
global_cg,uniform6_35,generic_compressible,1,1,128,134217728,134217720,11184810,178956960,0.750000,8803844096,1104,35328,10,36.000000,7662838.500000,7669312.000000,14966.411133,14979.054688,2771.296024,2770.383954,6.526887,6.529036,353280,353280,353280,0,0,0,1
global_cg,uniform6_36,non_compressible,0,0,128,134217728,134217720,11184810,178956960,0.750000,8669626368,1104,35328,10,36.000000,7660023.000000,7665942.500000,14960.912109,14972.473633,2771.055937,2769.951940,6.527452,6.530054,353280,353280,353280,0,0,0,1
global_cg,uniform6_36,generic_compressible,1,1,128,134217728,134217720,11184810,178956960,0.750000,8803844096,1104,35328,10,36.000000,7660940.000000,7670399.500000,14962.703125,14981.178711,2770.640016,2770.607948,6.528432,6.528508,353280,353280,353280,0,0,0,1
global_cg,uniform6_37,non_compressible,0,0,128,134217728,134217720,11184810,178956960,0.750000,8669626368,1104,35328,10,36.000000,9282075.500000,9286436.500000,18128.983398,18137.500977,3358.096004,3356.223941,5.386367,5.389371,353280,353280,353280,0,0,0,1
global_cg,uniform6_37,generic_compressible,1,1,128,134217728,134217720,11184810,178956960,0.750000,8803844096,1104,35328,10,36.000000,9261834.000000,9289074.500000,18089.449219,18142.653320,3357.007980,3355.999947,5.388112,5.389731,353280,353280,353280,0,0,0,1
global_cg,uniform6_38,non_compressible,0,0,128,134217728,134217720,11184810,178956960,0.750000,8669626368,1104,35328,10,36.000000,7660756.000000,7671500.500000,14962.343750,14983.329102,2771.216035,2770.640016,6.527075,6.528432,353280,353280,353280,0,0,0,1
global_cg,uniform6_38,generic_compressible,1,1,128,134217728,134217720,11184810,178956960,0.750000,8803844096,1104,35328,10,36.000000,7663565.000000,7667612.500000,14967.830078,14975.735352,2771.216035,2770.560026,6.527075,6.528621,353280,353280,353280,0,0,0,1
global_cg,uniform6_39,non_compressible,0,0,128,134217728,134217720,11184810,178956960,0.750000,8669626368,1104,35328,10,36.000000,9286668.000000,9287151.500000,18137.953125,18138.897461,3358.832002,3357.168078,5.385186,5.387855,353280,353280,353280,0,0,0,1
global_cg,uniform6_39,generic_compressible,1,1,128,134217728,134217720,11184810,178956960,0.750000,8803844096,1104,35328,10,36.000000,9294546.500000,9298492.500000,18153.340820,18161.047852,3358.175993,3357.424021,5.386238,5.387445,353280,353280,353280,0,0,0,1
global_cg,uniform6_40,non_compressible,0,0,128,134217728,134217720,11184810,178956960,0.750000,8669626368,1104,35328,10,36.000000,8141041.500000,8143250.500000,15900.401367,15904.715820,3358.016014,3356.303930,5.386495,5.389243,353280,353280,353280,0,0,0,1
global_cg,uniform6_40,generic_compressible,1,1,128,134217728,134217720,11184810,178956960,0.750000,8803844096,1104,35328,10,36.000000,8122669.500000,8169083.000000,15864.518555,15955.169922,3357.760072,3355.327964,5.386905,5.390810,353280,353280,353280,0,0,0,1
global_cg,uniform6_41,non_compressible,0,0,128,134217728,134217720,11184810,178956960,0.750000,8669626368,1104,35328,10,36.000000,7667338.000000,7672329.500000,14975.199219,14984.948242,2771.647930,2770.383954,6.526058,6.529036,353280,353280,353280,0,0,0,1
global_cg,uniform6_41,generic_compressible,1,1,128,134217728,134217720,11184810,178956960,0.750000,8803844096,1104,35328,10,36.000000,7661877.500000,7668759.000000,14964.534180,14977.974609,2771.584034,2769.695997,6.526209,6.530658,353280,353280,353280,0,0,0,1
global_cg,uniform6_42,non_compressible,0,0,128,134217728,134217720,11184810,178956960,0.750000,8669626368,1104,35328,10,36.000000,7664101.500000,7671540.500000,14968.877930,14983.407227,2771.600008,2770.511985,6.526171,6.528734,353280,353280,353280,0,0,0,1
global_cg,uniform6_42,generic_compressible,1,1,128,134217728,134217720,11184810,178956960,0.750000,8803844096,1104,35328,10,36.000000,5225615.000000,5193422.000000,10206.208984,10143.332031,1896.560013,1879.263997,9.537234,9.625011,353280,353280,353280,0,0,0,1
global_cg,uniform6_43,non_compressible,0,0,128,134217728,134217720,11184810,178956960,0.750000,8669626368,1104,35328,10,36.000000,9293828.500000,9299801.500000,18151.938477,18163.604492,3358.943939,3356.800079,5.385007,5.388446,353280,353280,353280,0,0,0,1
global_cg,uniform6_43,generic_compressible,1,1,128,134217728,134217720,11184810,178956960,0.750000,8803844096,1104,35328,10,36.000000,9294986.500000,9298510.000000,18154.200195,18161.082031,3358.159900,3356.287956,5.386264,5.389268,353280,353280,353280,0,0,0,1
global_cg,uniform6_44,non_compressible,0,0,128,134217728,134217720,11184810,178956960,0.750000,8669626368,1104,35328,10,36.000000,9294563.500000,9297191.500000,18153.374023,18158.506836,3358.208060,3356.288075,5.386187,5.389268,353280,353280,353280,0,0,0,1
global_cg,uniform6_44,generic_compressible,1,1,128,134217728,134217720,11184810,178956960,0.750000,8803844096,1104,35328,10,36.000000,9295051.000000,9299111.500000,18154.326172,18162.256836,3357.648015,3356.575966,5.387085,5.388806,353280,353280,353280,0,0,0,1
global_cg,uniform6_45,non_compressible,0,0,128,134217728,134217720,11184810,178956960,0.750000,8669626368,1104,35328,10,36.000000,9296320.000000,9297822.500000,18156.804688,18159.739258,3358.560085,3356.480002,5.385622,5.388960,353280,353280,353280,0,0,0,1
global_cg,uniform6_45,generic_compressible,1,1,128,134217728,134217720,11184810,178956960,0.750000,8803844096,1104,35328,10,36.000000,9295223.000000,9297673.000000,18154.662109,18159.447266,3358.799934,3356.191993,5.385238,5.389422,353280,353280,353280,0,0,0,1
global_cg,uniform6_46,non_compressible,0,0,128,134217728,134217720,11184810,178956960,0.750000,8669626368,1104,35328,10,36.000000,9292995.000000,9297588.000000,18150.310547,18159.281250,3358.319998,3355.679989,5.386007,5.390245,353280,353280,353280,0,0,0,1
global_cg,uniform6_46,generic_compressible,1,1,128,134217728,134217720,11184810,178956960,0.750000,8803844096,1104,35328,10,36.000000,9294730.500000,9299018.500000,18153.700195,18162.075195,3357.792020,3355.296016,5.386854,5.390861,353280,353280,353280,0,0,0,1
global_cg,uniform6_47,non_compressible,0,0,128,134217728,134217720,11184810,178956960,0.750000,8669626368,1104,35328,10,44.000000,9293086.500000,9299080.500000,18150.473633,18162.180664,3359.584093,3357.504010,5.383981,5.387316,353280,353280,353280,0,0,0,1
global_cg,uniform6_47,generic_compressible,1,1,128,134217728,134217720,11184810,178956960,0.750000,8803844096,1104,35328,10,46.000000,9294448.000000,9297849.500000,18153.128906,18159.772461,3358.736038,3356.351972,5.385340,5.389165,353280,353280,353280,0,0,0,1
global_cg,uniform6_48,non_compressible,0,0,128,134217728,134217720,11184810,178956960,0.750000,8669626368,1104,35328,10,48.000000,9293784.000000,9300446.500000,18151.828125,18164.840820,3357.872009,3357.279897,5.386726,5.387676,353280,353280,353280,0,0,0,1
global_cg,uniform6_48,generic_compressible,1,1,128,134217728,134217720,11184810,178956960,0.750000,8803844096,1104,35328,10,47.000000,9294612.500000,9299148.500000,18153.448242,18162.307617,3358.703971,3357.360005,5.385392,5.387547,353280,353280,353280,0,0,0,1
global_cg,uniform6_49,non_compressible,0,0,128,134217728,134217720,11184810,178956960,0.750000,8669626368,1104,35328,10,46.000000,9294102.000000,9296349.000000,18152.453125,18156.841797,3358.415961,3357.215881,5.385853,5.387779,353280,353280,353280,0,0,0,1
global_cg,uniform6_49,generic_compressible,1,1,128,134217728,134217720,11184810,178956960,0.750000,8803844096,1104,35328,10,48.000000,9292208.500000,9297214.000000,18148.750977,18158.527344,3358.672023,3357.327938,5.385443,5.387599,353280,353280,353280,0,0,0,1
global_cg,uniform6_50,non_compressible,0,0,128,134217728,134217720,11184810,178956960,0.750000,8669626368,1104,35328,10,46.000000,9297676.500000,9295296.500000,18159.434570,18154.786133,3358.752012,3355.520010,5.385315,5.390502,353280,353280,353280,0,0,0,1
global_cg,uniform6_50,generic_compressible,1,1,128,134217728,134217720,11184810,178956960,0.750000,8803844096,1104,35328,10,47.000000,9291929.000000,9297931.500000,18148.207031,18159.930664,3358.752012,3357.375979,5.385315,5.387522,353280,353280,353280,0,0,0,1
global_cg,uniform6_51,non_compressible,0,0,128,134217728,134217720,11184810,178956960,0.750000,8669626368,1104,35328,10,48.000000,9287382.500000,9297586.500000,18139.325195,18159.254883,3358.752012,3357.488036,5.385315,5.387342,353280,353280,353280,0,0,0,1
global_cg,uniform6_51,generic_compressible,1,1,128,134217728,134217720,11184810,178956960,0.750000,8803844096,1104,35328,10,46.000000,9293230.500000,9298058.500000,18150.750977,18160.180664,3357.328057,3357.231975,5.387599,5.387753,353280,353280,353280,0,0,0,1
global_cg,uniform6_52,non_compressible,0,0,128,134217728,134217720,11184810,178956960,0.750000,8669626368,1104,35328,10,46.000000,9280417.000000,9297525.000000,18125.724609,18159.138672,3358.752012,3357.584000,5.385315,5.387188,353280,353280,353280,0,0,0,1
global_cg,uniform6_52,generic_compressible,1,1,128,134217728,134217720,11184810,178956960,0.750000,8803844096,1104,35328,10,46.000000,9290024.000000,9296656.500000,18144.488281,18157.442383,3358.416080,3357.136011,5.385853,5.387907,353280,353280,353280,0,0,0,1
global_cg,uniform6_53,non_compressible,0,0,128,134217728,134217720,11184810,178956960,0.750000,8669626368,1104,35328,10,48.000000,9287247.500000,9299257.000000,18139.061523,18162.517578,3358.752012,3357.343912,5.385315,5.387573,353280,353280,353280,0,0,0,1
global_cg,uniform6_53,generic_compressible,1,1,128,134217728,134217720,11184810,178956960,0.750000,8803844096,1104,35328,10,48.000000,9292714.000000,9298674.500000,18149.738281,18161.379883,3358.240008,3357.183933,5.386136,5.387830,353280,353280,353280,0,0,0,1
global_cg,uniform6_54,non_compressible,0,0,128,134217728,134217720,11184810,178956960,0.750000,8669626368,1104,35328,10,47.000000,9283727.500000,9304249.000000,18132.188477,18172.269531,3359.327912,3357.295990,5.384391,5.387650,353280,353280,353280,0,0,0,1
global_cg,uniform6_54,generic_compressible,1,1,128,134217728,134217720,11184810,178956960,0.750000,8803844096,1104,35328,10,46.000000,9295911.500000,9299000.500000,18155.987305,18162.020508,3358.687997,3357.263923,5.385417,5.387702,353280,353280,353280,0,0,0,1
global_cg,uniform6_55,non_compressible,0,0,128,134217728,134217720,11184810,178956960,0.750000,8669626368,1104,35328,10,46.000000,9293923.000000,9295595.500000,18152.103516,18155.370117,3360.111952,3356.191993,5.383135,5.389422,353280,353280,353280,0,0,0,1
global_cg,uniform6_55,generic_compressible,1,1,128,134217728,134217720,11184810,178956960,0.750000,8803844096,1104,35328,10,48.000000,9292916.000000,9297674.500000,18150.132812,18159.426758,3358.672023,3357.104063,5.385443,5.387958,353280,353280,353280,0,0,0,1
global_cg,uniform6_56,non_compressible,0,0,128,134217728,134217720,11184810,178956960,0.750000,8669626368,1104,35328,10,46.000000,9292525.500000,9298061.000000,18149.374023,18160.185547,3358.719945,3357.535958,5.385366,5.387265,353280,353280,353280,0,0,0,1
global_cg,uniform6_56,generic_compressible,1,1,128,134217728,134217720,11184810,178956960,0.750000,8803844096,1104,35328,10,47.000000,9292194.500000,9298472.500000,18148.725586,18160.987305,3357.184052,3357.327938,5.387830,5.387599,353280,353280,353280,0,0,0,1
global_cg,uniform6_57,non_compressible,0,0,128,134217728,134217720,11184810,178956960,0.750000,8669626368,1104,35328,10,48.000000,9293938.500000,9299962.500000,18152.129883,18163.895508,3358.720064,3357.615948,5.385366,5.387137,353280,353280,353280,0,0,0,1
global_cg,uniform6_57,generic_compressible,1,1,128,134217728,134217720,11184810,178956960,0.750000,8803844096,1104,35328,10,46.000000,9292662.500000,9306897.500000,18149.641602,18177.444336,3358.752012,3357.231975,5.385315,5.387753,353280,353280,353280,0,0,0,1
global_cg,uniform6_58,non_compressible,0,0,128,134217728,134217720,11184810,178956960,0.750000,8669626368,1104,35328,10,48.000000,9291269.000000,9298737.500000,18146.916016,18161.502930,3358.704090,3357.439995,5.385391,5.387419,353280,353280,353280,0,0,0,1
global_cg,uniform6_58,generic_compressible,1,1,128,134217728,134217720,11184810,178956960,0.750000,8803844096,1104,35328,10,44.000000,9292651.000000,9298774.500000,18149.623047,18161.583008,3358.752012,3358.592033,5.385315,5.385571,353280,353280,353280,0,0,0,1
global_cg,uniform6_59,non_compressible,0,0,128,134217728,134217720,11184810,178956960,0.750000,8669626368,1104,35328,10,46.000000,9281036.500000,9288113.500000,18126.934570,18140.756836,3358.896017,3357.408047,5.385084,5.387470,353280,353280,353280,0,0,0,1
global_cg,uniform6_59,generic_compressible,1,1,128,134217728,134217720,11184810,178956960,0.750000,8803844096,1104,35328,10,46.000000,9257088.500000,9260888.500000,18080.161133,18087.583008,3358.672023,3355.359912,5.385443,5.390759,353280,353280,353280,0,0,0,1
global_cg,uniform6_60,non_compressible,0,0,128,134217728,134217720,11184810,178956960,0.750000,8669626368,1104,35328,10,36.000000,7659834.000000,7668950.500000,14960.542969,14978.348633,2771.391988,2770.480037,6.526661,6.528809,353280,353280,353280,0,0,0,1
global_cg,uniform6_60,generic_compressible,1,1,128,134217728,134217720,11184810,178956960,0.750000,8803844096,1104,35328,10,36.000000,7661975.000000,7668395.500000,14964.724609,14977.264648,2771.167994,2770.592093,6.527189,6.528545,353280,353280,353280,0,0,0,1
global_cg,uniform6_61,non_compressible,0,0,128,134217728,134217720,11184810,178956960,0.750000,8669626368,1104,35328,10,36.000000,7658148.500000,7669298.500000,14957.250977,14979.028320,2771.487951,2770.607948,6.526435,6.528508,353280,353280,353280,0,0,0,1
global_cg,uniform6_61,generic_compressible,1,1,128,134217728,134217720,11184810,178956960,0.750000,8803844096,1104,35328,10,36.000000,7657298.500000,7666620.000000,14955.590820,14973.796875,2771.744013,2770.527959,6.525832,6.528696,353280,353280,353280,0,0,0,1
global_cg,uniform6_62,non_compressible,0,0,128,134217728,134217720,11184810,178956960,0.750000,8669626368,1104,35328,10,36.000000,7658022.000000,7666756.000000,14957.003906,14974.062500,2770.992041,2770.607948,6.527603,6.528508,353280,353280,353280,0,0,0,1
global_cg,uniform6_62,generic_compressible,1,1,128,134217728,134217720,11184810,178956960,0.750000,8803844096,1104,35328,10,36.000000,7661127.500000,7667552.500000,14963.069336,14975.618164,2772.303939,2770.400047,6.524514,6.528998,353280,353280,353280,0,0,0,1
global_cg,uniform6_63,non_compressible,0,0,128,134217728,134217720,11184810,178956960,0.750000,8669626368,1104,35328,10,36.000000,7661073.000000,7668450.000000,14962.962891,14977.371094,2771.135926,2770.479918,6.527264,6.528810,353280,353280,353280,0,0,0,1
global_cg,uniform6_63,generic_compressible,1,1,128,134217728,134217720,11184810,178956960,0.750000,8803844096,1104,35328,10,36.000000,1277295.000000,1278457.500000,2494.646484,2496.916992,470.112011,469.648004,38.475801,38.513814,353280,353280,353280,0,0,0,1
global_cg,uniform6_0,non_compressible,0,0,240,251658240,251658240,20971520,335544320,0.750000,8669626368,1104,35328,10,36.000000,8168278.500000,8181904.500000,15953.598633,15980.211914,2949.471951,2948.943973,6.132601,6.133699,353280,353280,353280,0,0,0,1
global_cg,uniform6_0,generic_compressible,1,1,240,251658240,251658240,20971520,335544320,0.750000,8921284608,1104,35328,10,36.000000,1277706.000000,1278744.000000,2495.449219,2497.476562,469.967991,469.935998,38.487591,38.490212,353280,353280,353280,0,0,0,1
global_cg,uniform6_1,non_compressible,0,0,240,251658240,251658240,20971520,335544320,0.750000,8669626368,1104,35328,10,36.000000,9875164.500000,9886571.000000,19287.360352,19309.638672,3567.167997,3568.367958,5.070671,5.068966,353280,353280,353280,0,0,0,1
global_cg,uniform6_1,generic_compressible,1,1,240,251658240,251658240,20971520,335544320,0.750000,8921284608,1104,35328,10,36.000000,9879221.500000,9890195.500000,19295.284180,19316.717773,3568.207979,3570.448041,5.069193,5.066013,353280,353280,353280,0,0,0,1
global_cg,uniform6_2,non_compressible,0,0,240,251658240,251658240,20971520,335544320,0.750000,8669626368,1104,35328,10,36.000000,9873753.500000,9885753.000000,19284.604492,19308.041016,3567.999959,3568.096042,5.069489,5.069352,353280,353280,353280,0,0,0,1
global_cg,uniform6_2,generic_compressible,1,1,240,251658240,251658240,20971520,335544320,0.750000,8921284608,1104,35328,10,36.000000,9874345.500000,9886136.500000,19285.760742,19308.790039,3567.440033,3568.400025,5.070285,5.068920,353280,353280,353280,0,0,0,1
global_cg,uniform6_3,non_compressible,0,0,240,251658240,251658240,20971520,335544320,0.750000,8669626368,1104,35328,10,36.000000,9873069.500000,9883994.000000,19283.268555,19304.605469,3568.368077,3568.480015,5.068966,5.068807,353280,353280,353280,0,0,0,1
global_cg,uniform6_3,generic_compressible,1,1,240,251658240,251658240,20971520,335544320,0.750000,8921284608,1104,35328,10,36.000000,9876693.500000,9886942.000000,19290.346680,19310.363281,3567.904115,3569.311976,5.069625,5.067625,353280,353280,353280,0,0,0,1
global_cg,uniform6_4,non_compressible,0,0,240,251658240,251658240,20971520,335544320,0.750000,8669626368,1104,35328,10,36.000000,8147577.500000,8160477.500000,15913.166992,15938.362305,2946.528077,2948.080063,6.138729,6.135497,353280,353280,353280,0,0,0,1
global_cg,uniform6_4,generic_compressible,1,1,240,251658240,251658240,20971520,335544320,0.750000,8921284608,1104,35328,10,36.000000,8148607.500000,8160310.000000,15915.178711,15938.035156,2946.848035,2947.824001,6.138062,6.136030,353280,353280,353280,0,0,0,1
global_cg,uniform6_5,non_compressible,0,0,240,251658240,251658240,20971520,335544320,0.750000,8669626368,1104,35328,10,36.000000,9863234.500000,9874651.500000,19264.059570,19286.358398,3567.407966,3568.192005,5.070330,5.069216,353280,353280,353280,0,0,0,1
global_cg,uniform6_5,generic_compressible,1,1,240,251658240,251658240,20971520,335544320,0.750000,8921284608,1104,35328,10,36.000000,9875090.000000,9874699.000000,19287.214844,19286.451172,3568.959951,3568.192005,5.068125,5.069216,353280,353280,353280,0,0,0,1
global_cg,uniform6_6,non_compressible,0,0,240,251658240,251658240,20971520,335544320,0.750000,8669626368,1104,35328,10,36.000000,8647122.500000,8661306.000000,16888.840820,16916.542969,3566.287994,3567.088008,5.071922,5.070785,353280,353280,353280,0,0,0,1
global_cg,uniform6_6,generic_compressible,1,1,240,251658240,251658240,20971520,335544320,0.750000,8921284608,1104,35328,10,36.000000,8647410.500000,9846982.000000,16889.403320,19232.316406,3566.208005,3567.472100,5.072036,5.070239,353280,353280,353280,0,0,0,1
global_cg,uniform6_7,non_compressible,0,0,240,251658240,251658240,20971520,335544320,0.750000,8669626368,1104,35328,10,36.000000,8148812.000000,8161227.500000,15915.578125,15939.827148,2947.679996,2947.695971,6.136330,6.136296,353280,353280,353280,0,0,0,1
global_cg,uniform6_7,generic_compressible,1,1,240,251658240,251658240,20971520,335544320,0.750000,8921284608,1104,35328,10,36.000000,8149955.500000,8162064.000000,15917.811523,15941.460938,2946.864009,2948.656082,6.138029,6.134298,353280,353280,353280,0,0,0,1
global_cg,uniform6_8,non_compressible,0,0,240,251658240,251658240,20971520,335544320,0.750000,8669626368,1104,35328,10,36.000000,9123505.000000,8956339.000000,17819.275391,17492.779297,3566.991925,3568.304062,5.070921,5.069057,353280,353280,353280,0,0,0,1
global_cg,uniform6_8,generic_compressible,1,1,240,251658240,251658240,20971520,335544320,0.750000,8921284608,1104,35328,10,36.000000,8658935.500000,8668534.000000,16911.913086,16930.660156,3567.200065,3567.376018,5.070626,5.070376,353280,353280,353280,0,0,0,1
global_cg,uniform6_9,non_compressible,0,0,240,251658240,251658240,20971520,335544320,0.750000,8669626368,1104,35328,10,36.000000,9862926.500000,9875104.000000,19263.458008,19287.242188,3567.232013,3568.223953,5.070580,5.069171,353280,353280,353280,0,0,0,1
global_cg,uniform6_9,generic_compressible,1,1,240,251658240,251658240,20971520,335544320,0.750000,8921284608,1104,35328,10,36.000000,9877947.000000,9887214.500000,19292.794922,19310.895508,3567.424059,3570.111990,5.070307,5.066490,353280,353280,353280,0,0,0,1
global_cg,uniform6_10,non_compressible,0,0,240,251658240,251658240,20971520,335544320,0.750000,8669626368,1104,35328,10,36.000000,8151163.000000,8162334.500000,15920.169922,15941.989258,2947.423935,2946.784019,6.136863,6.138195,353280,353280,353280,0,0,0,1
global_cg,uniform6_10,generic_compressible,1,1,240,251658240,251658240,20971520,335544320,0.750000,8921284608,1104,35328,10,36.000000,8152754.000000,8163241.500000,15923.277344,15943.760742,2947.632074,2947.903991,6.136429,6.135863,353280,353280,353280,0,0,0,1
global_cg,uniform6_11,non_compressible,0,0,240,251658240,251658240,20971520,335544320,0.750000,8669626368,1104,35328,10,36.000000,9875874.500000,9887186.000000,19288.747070,19310.839844,3568.815947,3568.639994,5.068330,5.068580,353280,353280,353280,0,0,0,1
global_cg,uniform6_11,generic_compressible,1,1,240,251658240,251658240,20971520,335544320,0.750000,8921284608,1104,35328,10,36.000000,9872217.500000,9884250.500000,19281.604492,19305.106445,3568.479896,3568.207979,5.068807,5.069193,353280,353280,353280,0,0,0,1
global_cg,uniform6_12,non_compressible,0,0,240,251658240,251658240,20971520,335544320,0.750000,8669626368,1104,35328,10,36.000000,9875501.000000,9887761.500000,19288.017578,19311.963867,3567.391992,3569.424033,5.070353,5.067466,353280,353280,353280,0,0,0,1
global_cg,uniform6_12,generic_compressible,1,1,240,251658240,251658240,20971520,335544320,0.750000,8921284608,1104,35328,10,36.000000,9874412.000000,9886856.500000,19285.890625,19310.196289,3566.927910,3568.192005,5.071012,5.069216,353280,353280,353280,0,0,0,1
global_cg,uniform6_13,non_compressible,0,0,240,251658240,251658240,20971520,335544320,0.750000,8669626368,1104,35328,10,36.000000,9874655.000000,9884950.000000,19286.365234,19306.472656,3567.440033,3568.400025,5.070285,5.068920,353280,353280,353280,0,0,0,1
global_cg,uniform6_13,generic_compressible,1,1,240,251658240,251658240,20971520,335544320,0.750000,8921284608,1104,35328,10,36.000000,9874531.500000,9886545.500000,19286.124023,19309.588867,3569.023967,3569.424033,5.068034,5.067466,353280,353280,353280,0,0,0,1
global_cg,uniform6_14,non_compressible,0,0,240,251658240,251658240,20971520,335544320,0.750000,8669626368,1104,35328,10,36.000000,9878061.500000,9887133.000000,19293.018555,19310.736328,3568.080068,3568.544030,5.069375,5.068716,353280,353280,353280,0,0,0,1
global_cg,uniform6_14,generic_compressible,1,1,240,251658240,251658240,20971520,335544320,0.750000,8921284608,1104,35328,10,36.000000,9878546.500000,9883995.500000,19293.965820,19304.608398,3568.271995,3568.384051,5.069102,5.068943,353280,353280,353280,0,0,0,1
global_cg,uniform6_15,non_compressible,0,0,240,251658240,251658240,20971520,335544320,0.750000,8669626368,1104,35328,10,46.000000,9865434.000000,9883904.000000,19268.335938,19304.410156,3567.648053,3568.223953,5.069989,5.069171,353280,353280,353280,0,0,0,1
global_cg,uniform6_15,generic_compressible,1,1,240,251658240,251658240,20971520,335544320,0.750000,8921284608,1104,35328,10,47.000000,9875876.500000,9888913.000000,19288.729492,19314.191406,3568.415999,3568.416119,5.068898,5.068898,353280,353280,353280,0,0,0,1
global_cg,uniform6_16,non_compressible,0,0,240,251658240,251658240,20971520,335544320,0.750000,8669626368,1104,35328,10,48.000000,9873992.500000,9885438.000000,19285.047852,19307.402344,3567.600012,3568.639994,5.070057,5.068580,353280,353280,353280,0,0,0,1
global_cg,uniform6_16,generic_compressible,1,1,240,251658240,251658240,20971520,335544320,0.750000,8921284608,1104,35328,10,47.000000,9875913.000000,9886052.000000,19288.800781,19308.603516,3567.792058,3570.255995,5.069784,5.066285,353280,353280,353280,0,0,0,1
global_cg,uniform6_17,non_compressible,0,0,240,251658240,251658240,20971520,335544320,0.750000,8669626368,1104,35328,10,46.000000,9870673.000000,9875492.000000,19278.568359,19287.980469,3567.791939,3567.535996,5.069784,5.070148,353280,353280,353280,0,0,0,1
global_cg,uniform6_17,generic_compressible,1,1,240,251658240,251658240,20971520,335544320,0.750000,8921284608,1104,35328,10,44.000000,9840056.000000,9851787.000000,19218.773438,19241.685547,3566.720009,3567.520022,5.071308,5.070171,353280,353280,353280,0,0,0,1
global_cg,uniform6_18,non_compressible,0,0,240,251658240,251658240,20971520,335544320,0.750000,8669626368,1104,35328,10,36.000000,9860676.000000,9887585.000000,19259.062500,19311.619141,3568.064094,3569.423914,5.069398,5.067466,353280,353280,353280,0,0,0,1
global_cg,uniform6_18,generic_compressible,1,1,240,251658240,251658240,20971520,335544320,0.750000,8921284608,1104,35328,10,36.000000,9839513.000000,9852800.000000,19217.728516,19243.679688,3567.103982,3570.096016,5.070762,5.066512,353280,353280,353280,0,0,0,1
global_cg,uniform6_19,non_compressible,0,0,240,251658240,251658240,20971520,335544320,0.750000,8669626368,1104,35328,10,36.000000,8146517.000000,8159255.000000,15911.095703,15935.974609,2947.008014,2946.927905,6.137729,6.137896,353280,353280,353280,0,0,0,1
global_cg,uniform6_19,generic_compressible,1,1,240,251658240,251658240,20971520,335544320,0.750000,8921284608,1104,35328,10,36.000000,8151685.000000,8159738.500000,15921.189453,15936.918945,2947.712064,2947.872043,6.136263,6.135930,353280,353280,353280,0,0,0,1
global_cg,uniform6_20,non_compressible,0,0,240,251658240,251658240,20971520,335544320,0.750000,8669626368,1104,35328,10,36.000000,8148104.500000,8161737.000000,15914.196289,15940.822266,2946.047902,2948.879957,6.139729,6.133833,353280,353280,353280,0,0,0,1
global_cg,uniform6_20,generic_compressible,1,1,240,251658240,251658240,20971520,335544320,0.750000,8921284608,1104,35328,10,36.000000,8153003.500000,8163982.000000,15923.764648,15945.207031,2947.311997,2947.888017,6.137096,6.135897,353280,353280,353280,0,0,0,1
global_cg,uniform6_21,non_compressible,0,0,240,251658240,251658240,20971520,335544320,0.750000,8669626368,1104,35328,10,36.000000,8148765.500000,8161677.500000,15915.487305,15940.706055,2947.695971,2947.968006,6.136296,6.135730,353280,353280,353280,0,0,0,1
global_cg,uniform6_21,generic_compressible,1,1,240,251658240,251658240,20971520,335544320,0.750000,8921284608,1104,35328,10,36.000000,7026820.000000,7023724.000000,13724.187500,13718.140625,2543.632030,2538.143992,7.111066,7.126442,353280,353280,353280,0,0,0,1
global_cg,uniform6_22,non_compressible,0,0,240,251658240,251658240,20971520,335544320,0.750000,8669626368,1104,35328,10,36.000000,9872906.000000,9881998.000000,19282.949219,19300.707031,3567.663908,3567.407966,5.069966,5.070330,353280,353280,353280,0,0,0,1
global_cg,uniform6_22,generic_compressible,1,1,240,251658240,251658240,20971520,335544320,0.750000,8921284608,1104,35328,10,36.000000,9872388.000000,9884907.000000,19281.937500,19306.388672,3567.312002,3568.303943,5.070466,5.069057,353280,353280,353280,0,0,0,1
global_cg,uniform6_23,non_compressible,0,0,240,251658240,251658240,20971520,335544320,0.750000,8669626368,1104,35328,10,36.000000,9872406.000000,9884546.000000,19281.972656,19305.683594,3568.464041,3568.384051,5.068830,5.068943,353280,353280,353280,0,0,0,1
global_cg,uniform6_23,generic_compressible,1,1,240,251658240,251658240,20971520,335544320,0.750000,8921284608,1104,35328,10,36.000000,9877257.000000,9886906.500000,19291.447266,19310.293945,3568.895936,3568.224072,5.068216,5.069170,353280,353280,353280,0,0,0,1
global_cg,uniform6_24,non_compressible,0,0,240,251658240,251658240,20971520,335544320,0.750000,8669626368,1104,35328,10,36.000000,9875233.000000,9886827.000000,19287.494141,19310.138672,3567.824006,3568.383932,5.069739,5.068943,353280,353280,353280,0,0,0,1
global_cg,uniform6_24,generic_compressible,1,1,240,251658240,251658240,20971520,335544320,0.750000,8921284608,1104,35328,10,36.000000,9874562.500000,9885835.500000,19286.184570,19308.202148,3568.912029,3568.464041,5.068193,5.068830,353280,353280,353280,0,0,0,1
global_cg,uniform6_25,non_compressible,0,0,240,251658240,251658240,20971520,335544320,0.750000,8669626368,1104,35328,10,48.000000,9874526.000000,9887200.000000,19286.089844,19310.843750,3567.615986,3568.384051,5.070034,5.068943,353280,353280,353280,0,0,0,1
global_cg,uniform6_25,generic_compressible,1,1,240,251658240,251658240,20971520,335544320,0.750000,8921284608,1104,35328,10,45.000000,9878239.500000,9885575.000000,19293.348633,19307.675781,3568.895936,3569.183946,5.068216,5.067807,353280,353280,353280,0,0,0,1
global_cg,uniform6_26,non_compressible,0,0,240,251658240,251658240,20971520,335544320,0.750000,8669626368,1104,35328,10,47.000000,9873281.500000,9884922.000000,19283.661133,19306.396484,3567.871928,3568.447948,5.069671,5.068852,353280,353280,353280,0,0,0,1
global_cg,uniform6_26,generic_compressible,1,1,240,251658240,251658240,20971520,335544320,0.750000,8921284608,1104,35328,10,46.000000,9871822.000000,9886652.000000,19280.812500,19309.777344,3566.767931,3569.983959,5.071240,5.066672,353280,353280,353280,0,0,0,1
global_cg,uniform6_27,non_compressible,0,0,240,251658240,251658240,20971520,335544320,0.750000,8669626368,1104,35328,10,44.000000,9835562.000000,9844088.000000,19209.996094,19226.648438,3567.583919,3568.415999,5.070080,5.068898,353280,353280,353280,0,0,0,1
global_cg,uniform6_27,generic_compressible,1,1,240,251658240,251658240,20971520,335544320,0.750000,8921284608,1104,35328,10,44.000000,9840444.500000,9849479.000000,19219.532227,19237.177734,3567.600012,3567.103982,5.070057,5.070762,353280,353280,353280,0,0,0,1
global_cg,uniform6_28,non_compressible,0,0,240,251658240,251658240,20971520,335544320,0.750000,8669626368,1104,35328,10,36.000000,9859177.500000,9875296.500000,19256.135742,19287.618164,3566.655993,3566.303968,5.071399,5.071900,353280,353280,353280,0,0,0,1
global_cg,uniform6_28,generic_compressible,1,1,240,251658240,251658240,20971520,335544320,0.750000,8921284608,1104,35328,10,36.000000,9863479.000000,9875239.000000,19264.537109,19287.505859,3568.880081,3569.343925,5.068239,5.067580,353280,353280,353280,0,0,0,1
global_cg,uniform6_29,non_compressible,0,0,240,251658240,251658240,20971520,335544320,0.750000,8669626368,1104,35328,10,36.000000,8148220.000000,8161769.000000,15914.421875,15940.884766,2947.407961,2947.888017,6.136896,6.135897,353280,353280,353280,0,0,0,1
global_cg,uniform6_29,generic_compressible,1,1,240,251658240,251658240,20971520,335544320,0.750000,8921284608,1104,35328,10,36.000000,8147026.000000,8161381.500000,15912.089844,15940.127930,2946.960092,2948.719978,6.137829,6.134165,353280,353280,353280,0,0,0,1
global_cg,uniform6_30,non_compressible,0,0,240,251658240,251658240,20971520,335544320,0.750000,8669626368,1104,35328,10,36.000000,8149934.000000,8159323.000000,15917.769531,15936.107422,2947.327971,2946.847916,6.137063,6.138062,353280,353280,353280,0,0,0,1
global_cg,uniform6_30,generic_compressible,1,1,240,251658240,251658240,20971520,335544320,0.750000,8921284608,1104,35328,10,36.000000,8149829.000000,8161242.000000,15917.564453,15939.855469,2948.480010,2947.871923,6.134665,6.135930,353280,353280,353280,0,0,0,1
global_cg,uniform6_31,non_compressible,0,0,240,251658240,251658240,20971520,335544320,0.750000,8669626368,1104,35328,10,36.000000,8150919.000000,8162715.500000,15919.693359,15942.733398,2947.903991,2948.800087,6.135863,6.133999,353280,353280,353280,0,0,0,1
global_cg,uniform6_31,generic_compressible,1,1,240,251658240,251658240,20971520,335544320,0.750000,8921284608,1104,35328,10,36.000000,8152371.500000,8160562.000000,15922.530273,15938.527344,2947.759986,2947.808027,6.136163,6.136063,353280,353280,353280,0,0,0,1
global_cg,uniform6_32,non_compressible,0,0,240,251658240,251658240,20971520,335544320,0.750000,8669626368,1104,35328,10,36.000000,8147348.000000,8161650.500000,15912.718750,15940.653320,2947.759986,2947.903991,6.136163,6.135863,353280,353280,353280,0,0,0,1
global_cg,uniform6_32,generic_compressible,1,1,240,251658240,251658240,20971520,335544320,0.750000,8921284608,1104,35328,10,36.000000,8150905.500000,8160785.000000,15919.666992,15938.962891,2947.631955,2946.927905,6.136430,6.137896,353280,353280,353280,0,0,0,1
global_cg,uniform6_33,non_compressible,0,0,240,251658240,251658240,20971520,335544320,0.750000,8669626368,1104,35328,10,36.000000,9862470.000000,9875286.000000,19262.566406,19287.597656,3566.607952,3568.432093,5.071467,5.068875,353280,353280,353280,0,0,0,1
global_cg,uniform6_33,generic_compressible,1,1,240,251658240,251658240,20971520,335544320,0.750000,8921284608,1104,35328,10,36.000000,9844913.000000,9849558.500000,19228.275391,19237.348633,3568.800092,3566.480041,5.068352,5.071649,353280,353280,353280,0,0,0,1
global_cg,uniform6_34,non_compressible,0,0,240,251658240,251658240,20971520,335544320,0.750000,8669626368,1104,35328,10,36.000000,8658473.000000,9824110.500000,16911.009766,19187.645508,3567.232013,3566.480041,5.070580,5.071649,353280,353280,353280,0,0,0,1
global_cg,uniform6_34,generic_compressible,1,1,240,251658240,251658240,20971520,335544320,0.750000,8921284608,1104,35328,10,36.000000,9842084.500000,9849128.500000,19222.750977,19236.508789,3566.464067,3568.287969,5.071672,5.069080,353280,353280,353280,0,0,0,1
global_cg,uniform6_35,non_compressible,0,0,240,251658240,251658240,20971520,335544320,0.750000,8669626368,1104,35328,10,36.000000,8149050.500000,8160284.000000,15916.043945,15937.984375,2947.759986,2946.895957,6.136163,6.137962,353280,353280,353280,0,0,0,1
global_cg,uniform6_35,generic_compressible,1,1,240,251658240,251658240,20971520,335544320,0.750000,8921284608,1104,35328,10,36.000000,8147566.000000,8161160.500000,15913.144531,15939.696289,2947.199941,2947.535992,6.137329,6.136629,353280,353280,353280,0,0,0,1
global_cg,uniform6_36,non_compressible,0,0,240,251658240,251658240,20971520,335544320,0.750000,8669626368,1104,35328,10,36.000000,9859454.000000,9874027.000000,19256.675781,19285.138672,3566.064000,3568.432093,5.072241,5.068875,353280,353280,353280,0,0,0,1
global_cg,uniform6_36,generic_compressible,1,1,240,251658240,251658240,20971520,335544320,0.750000,8921284608,1104,35328,10,36.000000,9841916.000000,9851015.500000,19222.421875,19240.194336,3568.608046,3567.119956,5.068625,5.070739,353280,353280,353280,0,0,0,1
global_cg,uniform6_37,non_compressible,0,0,240,251658240,251658240,20971520,335544320,0.750000,8669626368,1104,35328,10,36.000000,8655646.500000,9850841.000000,16905.489258,19239.853516,3566.607952,3567.728043,5.071467,5.069875,353280,353280,353280,0,0,0,1
global_cg,uniform6_37,generic_compressible,1,1,240,251658240,251658240,20971520,335544320,0.750000,8921284608,1104,35328,10,36.000000,9835121.000000,9850810.500000,19209.150391,19239.793945,3567.264080,3568.447948,5.070535,5.068852,353280,353280,353280,0,0,0,1
global_cg,uniform6_38,non_compressible,0,0,240,251658240,251658240,20971520,335544320,0.750000,8669626368,1104,35328,10,36.000000,8148193.500000,8160506.500000,15914.370117,15938.418945,2946.479917,2947.984099,6.138829,6.135697,353280,353280,353280,0,0,0,1
global_cg,uniform6_38,generic_compressible,1,1,240,251658240,251658240,20971520,335544320,0.750000,8921284608,1104,35328,10,36.000000,8150419.500000,8163182.000000,15918.717773,15943.644531,2946.048021,2948.576093,6.139729,6.134465,353280,353280,353280,0,0,0,1
global_cg,uniform6_39,non_compressible,0,0,240,251658240,251658240,20971520,335544320,0.750000,8669626368,1104,35328,10,36.000000,8149179.000000,8160499.000000,15916.294922,15938.404297,2946.287990,2946.928024,6.139229,6.137895,353280,353280,353280,0,0,0,1
global_cg,uniform6_39,generic_compressible,1,1,240,251658240,251658240,20971520,335544320,0.750000,8921284608,1104,35328,10,36.000000,8152955.000000,8164502.000000,15923.669922,15946.222656,2948.143959,2948.591948,6.135364,6.134432,353280,353280,353280,0,0,0,1
global_cg,uniform6_40,non_compressible,0,0,240,251658240,251658240,20971520,335544320,0.750000,8669626368,1104,35328,10,36.000000,8147989.000000,8159566.000000,15913.970703,15936.582031,2947.183967,2948.672056,6.137362,6.134265,353280,353280,353280,0,0,0,1
global_cg,uniform6_40,generic_compressible,1,1,240,251658240,251658240,20971520,335544320,0.750000,8921284608,1104,35328,10,36.000000,8149045.500000,8162021.000000,15916.034180,15941.376953,2947.792053,2947.936058,6.136096,6.135797,353280,353280,353280,0,0,0,1
global_cg,uniform6_41,non_compressible,0,0,240,251658240,251658240,20971520,335544320,0.750000,8669626368,1104,35328,10,36.000000,9864250.000000,9872056.500000,19266.042969,19281.290039,3567.376018,3569.136024,5.070376,5.067875,353280,353280,353280,0,0,0,1
global_cg,uniform6_41,generic_compressible,1,1,240,251658240,251658240,20971520,335544320,0.750000,8921284608,1104,35328,10,36.000000,9843586.500000,9848398.000000,19225.684570,19235.082031,3566.655993,3566.223979,5.071399,5.072013,353280,353280,353280,0,0,0,1
global_cg,uniform6_42,non_compressible,0,0,240,251658240,251658240,20971520,335544320,0.750000,8669626368,1104,35328,10,36.000000,8149346.500000,8162708.000000,15916.622070,15942.718750,2945.919991,2947.808027,6.139996,6.136063,353280,353280,353280,0,0,0,1
global_cg,uniform6_42,generic_compressible,1,1,240,251658240,251658240,20971520,335544320,0.750000,8921284608,1104,35328,10,36.000000,7026244.000000,7027725.500000,13723.062500,13725.956055,2541.920066,2538.479924,7.115856,7.125499,353280,353280,353280,0,0,0,1
global_cg,uniform6_43,non_compressible,0,0,240,251658240,251658240,20971520,335544320,0.750000,8669626368,1104,35328,10,36.000000,9876187.000000,9884183.500000,19289.357422,19304.975586,3568.176031,3568.223953,5.069239,5.069171,353280,353280,353280,0,0,0,1
global_cg,uniform6_43,generic_compressible,1,1,240,251658240,251658240,20971520,335544320,0.750000,8921284608,1104,35328,10,36.000000,9875491.500000,9883351.500000,19287.999023,19303.350586,3567.392111,3568.143964,5.070353,5.069284,353280,353280,353280,0,0,0,1
global_cg,uniform6_44,non_compressible,0,0,240,251658240,251658240,20971520,335544320,0.750000,8669626368,1104,35328,10,36.000000,9877077.000000,9886414.500000,19291.095703,19309.333008,3567.567945,3568.304062,5.070103,5.069057,353280,353280,353280,0,0,0,1
global_cg,uniform6_44,generic_compressible,1,1,240,251658240,251658240,20971520,335544320,0.750000,8921284608,1104,35328,10,36.000000,9876052.000000,9886026.500000,19289.093750,19308.575195,3568.400025,3568.415999,5.068920,5.068898,353280,353280,353280,0,0,0,1
global_cg,uniform6_45,non_compressible,0,0,240,251658240,251658240,20971520,335544320,0.750000,8669626368,1104,35328,10,36.000000,8650456.000000,8667949.000000,16895.351562,16929.517578,3565.728068,3568.176031,5.072719,5.069239,353280,353280,353280,0,0,0,1
global_cg,uniform6_45,generic_compressible,1,1,240,251658240,251658240,20971520,335544320,0.750000,8921284608,1104,35328,10,36.000000,8636850.500000,8689614.500000,16868.778320,16971.833008,3564.592004,3567.247987,5.074336,5.070557,353280,353280,353280,0,0,0,1
global_cg,uniform6_46,non_compressible,0,0,240,251658240,251658240,20971520,335544320,0.750000,8669626368,1104,35328,10,36.000000,8145277.500000,8159682.500000,15908.674805,15936.809570,2947.456002,2948.704004,6.136796,6.134199,353280,353280,353280,0,0,0,1
global_cg,uniform6_46,generic_compressible,1,1,240,251658240,251658240,20971520,335544320,0.750000,8921284608,1104,35328,10,36.000000,8145675.000000,8160205.500000,15909.451172,15937.831055,2946.143985,2946.911931,6.139529,6.137929,353280,353280,353280,0,0,0,1
global_cg,uniform6_47,non_compressible,0,0,240,251658240,251658240,20971520,335544320,0.750000,8669626368,1104,35328,10,36.000000,8646473.000000,8685860.000000,16887.572266,16964.500000,3566.831946,3568.287969,5.071149,5.069080,353280,353280,353280,0,0,0,1
global_cg,uniform6_47,generic_compressible,1,1,240,251658240,251658240,20971520,335544320,0.750000,8921284608,1104,35328,10,36.000000,8623216.000000,8638857.000000,16842.148438,16872.697266,3566.559911,3567.151904,5.071536,5.070694,353280,353280,353280,0,0,0,1
global_cg,uniform6_48,non_compressible,0,0,240,251658240,251658240,20971520,335544320,0.750000,8669626368,1104,35328,10,36.000000,9513544.500000,8663439.000000,18581.071289,16920.708984,3567.215919,3568.880081,5.070603,5.068239,353280,353280,353280,0,0,0,1
global_cg,uniform6_48,generic_compressible,1,1,240,251658240,251658240,20971520,335544320,0.750000,8921284608,1104,35328,10,36.000000,9836846.000000,9850611.500000,19212.519531,19239.405273,3568.447948,3568.336010,5.068852,5.069011,353280,353280,353280,0,0,0,1
global_cg,uniform6_49,non_compressible,0,0,240,251658240,251658240,20971520,335544320,0.750000,8669626368,1104,35328,10,36.000000,8148639.000000,8160869.000000,15915.240234,15939.126953,2947.855949,2948.415995,6.135963,6.134798,353280,353280,353280,0,0,0,1
global_cg,uniform6_49,generic_compressible,1,1,240,251658240,251658240,20971520,335544320,0.750000,8921284608,1104,35328,10,36.000000,8149347.000000,8159930.500000,15916.623047,15937.293945,2945.935965,2947.855949,6.139962,6.135963,353280,353280,353280,0,0,0,1
global_cg,uniform6_50,non_compressible,0,0,240,251658240,251658240,20971520,335544320,0.750000,8669626368,1104,35328,10,36.000000,8148699.000000,8162171.500000,15915.357422,15941.670898,2945.808053,2948.800087,6.140229,6.133999,353280,353280,353280,0,0,0,1
global_cg,uniform6_50,generic_compressible,1,1,240,251658240,251658240,20971520,335544320,0.750000,8921284608,1104,35328,10,36.000000,8150680.500000,8162091.500000,15919.227539,15941.514648,2947.664022,2948.768020,6.136363,6.134065,353280,353280,353280,0,0,0,1
global_cg,uniform6_51,non_compressible,0,0,240,251658240,251658240,20971520,335544320,0.750000,8669626368,1104,35328,10,36.000000,8144045.000000,8160586.500000,15906.267578,15938.575195,2946.112037,2947.343946,6.139595,6.137029,353280,353280,353280,0,0,0,1
global_cg,uniform6_51,generic_compressible,1,1,240,251658240,251658240,20971520,335544320,0.750000,8921284608,1104,35328,10,36.000000,8149079.000000,8162965.000000,15916.099609,15943.220703,2947.311997,2947.600007,6.137096,6.136496,353280,353280,353280,0,0,0,1
global_cg,uniform6_52,non_compressible,0,0,240,251658240,251658240,20971520,335544320,0.750000,8669626368,1104,35328,10,36.000000,8147204.000000,8162181.000000,15912.437500,15941.689453,2947.648048,2948.848009,6.136396,6.133899,353280,353280,353280,0,0,0,1
global_cg,uniform6_52,generic_compressible,1,1,240,251658240,251658240,20971520,335544320,0.750000,8921284608,1104,35328,10,36.000000,8143858.000000,8158029.500000,15905.902344,15933.581055,2945.680022,2947.919965,6.140496,6.135830,353280,353280,353280,0,0,0,1
global_cg,uniform6_53,non_compressible,0,0,240,251658240,251658240,20971520,335544320,0.750000,8669626368,1104,35328,10,36.000000,9872114.500000,9874689.000000,19281.403320,19286.431641,3566.944003,3568.271995,5.070990,5.069102,353280,353280,353280,0,0,0,1
global_cg,uniform6_53,generic_compressible,1,1,240,251658240,251658240,20971520,335544320,0.750000,8921284608,1104,35328,10,36.000000,9873905.000000,9887578.000000,19284.900391,19311.605469,3567.039967,3568.319917,5.070853,5.069034,353280,353280,353280,0,0,0,1
global_cg,uniform6_54,non_compressible,0,0,240,251658240,251658240,20971520,335544320,0.750000,8669626368,1104,35328,10,36.000000,8148473.000000,8162375.500000,15914.916016,15942.069336,2946.367979,2947.855949,6.139062,6.135963,353280,353280,353280,0,0,0,1
global_cg,uniform6_54,generic_compressible,1,1,240,251658240,251658240,20971520,335544320,0.750000,8921284608,1104,35328,10,36.000000,8150516.000000,8162090.000000,15918.906250,15941.511719,2947.008014,2946.864009,6.137729,6.138029,353280,353280,353280,0,0,0,1
global_cg,uniform6_55,non_compressible,0,0,240,251658240,251658240,20971520,335544320,0.750000,8669626368,1104,35328,10,36.000000,8146423.000000,8162333.000000,15910.912109,15941.986328,2947.856069,2948.720098,6.135963,6.134165,353280,353280,353280,0,0,0,1
global_cg,uniform6_55,generic_compressible,1,1,240,251658240,251658240,20971520,335544320,0.750000,8921284608,1104,35328,10,36.000000,8146412.500000,8160746.000000,15910.891602,15938.886719,2945.791960,2946.815968,6.140263,6.138129,353280,353280,353280,0,0,0,1
global_cg,uniform6_56,non_compressible,0,0,240,251658240,251658240,20971520,335544320,0.750000,8669626368,1104,35328,10,36.000000,9867155.000000,9877204.500000,19271.716797,19291.344727,3568.848014,3568.256021,5.068284,5.069125,353280,353280,353280,0,0,0,1
global_cg,uniform6_56,generic_compressible,1,1,240,251658240,251658240,20971520,335544320,0.750000,8921284608,1104,35328,10,36.000000,9877995.000000,9876001.500000,19292.888672,19288.995117,3568.384051,3569.424033,5.068943,5.067466,353280,353280,353280,0,0,0,1
global_cg,uniform6_57,non_compressible,0,0,240,251658240,251658240,20971520,335544320,0.750000,8669626368,1104,35328,10,36.000000,8147761.000000,8159224.000000,15913.525391,15935.914062,2946.320057,2946.752071,6.139162,6.138262,353280,353280,353280,0,0,0,1
global_cg,uniform6_57,generic_compressible,1,1,240,251658240,251658240,20971520,335544320,0.750000,8921284608,1104,35328,10,36.000000,8149511.000000,8160367.000000,15916.943359,15938.146484,2947.456002,2947.103977,6.136796,6.137529,353280,353280,353280,0,0,0,1
global_cg,uniform6_58,non_compressible,0,0,240,251658240,251658240,20971520,335544320,0.750000,8669626368,1104,35328,10,36.000000,8151592.500000,8161766.000000,15921.008789,15940.878906,2945.919991,2947.855949,6.139996,6.135963,353280,353280,353280,0,0,0,1
global_cg,uniform6_58,generic_compressible,1,1,240,251658240,251658240,20971520,335544320,0.750000,8921284608,1104,35328,10,36.000000,8148040.500000,8161103.000000,15914.071289,15939.583984,2945.871949,2946.992040,6.140096,6.137762,353280,353280,353280,0,0,0,1
global_cg,uniform6_59,non_compressible,0,0,240,251658240,251658240,20971520,335544320,0.750000,8669626368,1104,35328,10,36.000000,8148958.000000,8160893.500000,15915.863281,15939.174805,2947.631955,2948.479891,6.136430,6.134665,353280,353280,353280,0,0,0,1
global_cg,uniform6_59,generic_compressible,1,1,240,251658240,251658240,20971520,335544320,0.750000,8921284608,1104,35328,10,36.000000,8152957.500000,8161699.500000,15923.674805,15940.749023,2947.984099,2946.848035,6.135697,6.138062,353280,353280,353280,0,0,0,1
global_cg,uniform6_60,non_compressible,0,0,240,251658240,251658240,20971520,335544320,0.750000,8669626368,1104,35328,10,36.000000,9871806.000000,9883641.000000,19280.800781,19303.916016,3567.312002,3568.143964,5.070466,5.069284,353280,353280,353280,0,0,0,1
global_cg,uniform6_60,generic_compressible,1,1,240,251658240,251658240,20971520,335544320,0.750000,8921284608,1104,35328,10,36.000000,9871517.000000,9884053.500000,19280.236328,19304.721680,3568.224072,3568.448067,5.069170,5.068852,353280,353280,353280,0,0,0,1
global_cg,uniform6_61,non_compressible,0,0,240,251658240,251658240,20971520,335544320,0.750000,8669626368,1104,35328,10,36.000000,9874622.000000,9887562.500000,19286.300781,19311.575195,3567.520022,3569.216013,5.070171,5.067762,353280,353280,353280,0,0,0,1
global_cg,uniform6_61,generic_compressible,1,1,240,251658240,251658240,20971520,335544320,0.750000,8921284608,1104,35328,10,36.000000,9873109.000000,9886224.500000,19283.345703,19308.961914,3567.199945,3569.375992,5.070626,5.067535,353280,353280,353280,0,0,0,1
global_cg,uniform6_62,non_compressible,0,0,240,251658240,251658240,20971520,335544320,0.750000,8669626368,1104,35328,10,36.000000,9875481.500000,9893580.500000,19287.979492,19323.329102,3567.903996,3567.423940,5.069625,5.070307,353280,353280,353280,0,0,0,1
global_cg,uniform6_62,generic_compressible,1,1,240,251658240,251658240,20971520,335544320,0.750000,8921284608,1104,35328,10,36.000000,9873699.500000,9884839.000000,19284.499023,19306.255859,3568.975925,3568.528056,5.068103,5.068739,353280,353280,353280,0,0,0,1
global_cg,uniform6_63,non_compressible,0,0,240,251658240,251658240,20971520,335544320,0.750000,8669626368,1104,35328,10,36.000000,8150846.500000,8163982.000000,15919.551758,15945.207031,2947.631955,2948.671937,6.136430,6.134265,353280,353280,353280,0,0,0,1
global_cg,uniform6_63,generic_compressible,1,1,240,251658240,251658240,20971520,335544320,0.750000,8921284608,1104,35328,10,36.000000,1277748.000000,1279115.000000,2495.531250,2498.201172,470.608011,469.807997,38.435249,38.500698,353280,353280,353280,0,0,0,1
global_cg,uniform6_0,non_compressible,0,0,248,260046848,260046840,21670570,346729120,0.750000,8669626368,1104,35328,10,36.000000,8166944.000000,8184346.500000,15950.992188,15984.981445,2952.352047,2953.855991,6.126619,6.123500,353280,353280,353280,0,0,0,1
global_cg,uniform6_0,generic_compressible,1,1,248,260046848,260046840,21670570,346729120,0.750000,8929673216,1104,35328,10,36.000000,1719325.500000,1719120.000000,3357.987305,3357.585938,628.607988,627.808005,28.774588,28.811254,353280,353280,353280,0,0,0,1
global_cg,uniform6_1,non_compressible,0,0,248,260046848,260046840,21670570,346729120,0.750000,8669626368,1104,35328,10,36.000000,9607254.000000,9868086.500000,18764.097656,19273.536133,3573.471904,3574.416041,5.061726,5.060389,353280,353280,353280,0,0,0,1
global_cg,uniform6_1,generic_compressible,1,1,248,260046848,260046840,21670570,346729120,0.750000,8929673216,1104,35328,10,36.000000,9857568.500000,9866542.500000,19252.993164,19270.520508,3574.303985,3575.375915,5.060548,5.059031,353280,353280,353280,0,0,0,1
global_cg,uniform6_2,non_compressible,0,0,248,260046848,260046840,21670570,346729120,0.750000,8669626368,1104,35328,10,36.000000,9889244.500000,9904212.000000,19314.860352,19344.093750,3574.175954,3574.591994,5.060729,5.060140,353280,353280,353280,0,0,0,1
global_cg,uniform6_2,generic_compressible,1,1,248,260046848,260046840,21670570,346729120,0.750000,8929673216,1104,35328,10,36.000000,9890596.500000,9901494.000000,19317.500977,19338.785156,3573.503971,3575.215936,5.061681,5.059257,353280,353280,353280,0,0,0,1
global_cg,uniform6_3,non_compressible,0,0,248,260046848,260046840,21670570,346729120,0.750000,8669626368,1104,35328,10,36.000000,8166333.000000,8175874.500000,15949.798828,15968.434570,2951.951981,2953.024030,6.127449,6.125225,353280,353280,353280,0,0,0,1
global_cg,uniform6_3,generic_compressible,1,1,248,260046848,260046840,21670570,346729120,0.750000,8929673216,1104,35328,10,36.000000,8166583.500000,8181711.500000,15950.288086,15979.834961,2951.888084,2953.791976,6.127582,6.123632,353280,353280,353280,0,0,0,1
global_cg,uniform6_4,non_compressible,0,0,248,260046848,260046840,21670570,346729120,0.750000,8669626368,1104,35328,10,36.000000,9855456.500000,9867041.500000,19248.868164,19271.495117,3573.536038,3574.768066,5.061635,5.059891,353280,353280,353280,0,0,0,1
global_cg,uniform6_4,generic_compressible,1,1,248,260046848,260046840,21670570,346729120,0.750000,8929673216,1104,35328,10,36.000000,9853285.500000,9865832.000000,19244.627930,19269.132812,3573.519945,3574.527979,5.061658,5.060231,353280,353280,353280,0,0,0,1
global_cg,uniform6_5,non_compressible,0,0,248,260046848,260046840,21670570,346729120,0.750000,8669626368,1104,35328,10,36.000000,8168826.500000,8176257.500000,15954.668945,15969.182617,2952.208042,2953.791976,6.126918,6.123632,353280,353280,353280,0,0,0,1
global_cg,uniform6_5,generic_compressible,1,1,248,260046848,260046840,21670570,346729120,0.750000,8929673216,1104,35328,10,36.000000,8165497.500000,8178585.500000,15948.166992,15973.729492,2951.632023,2953.295946,6.128113,6.124661,353280,353280,353280,0,0,0,1
global_cg,uniform6_6,non_compressible,0,0,248,260046848,260046840,21670570,346729120,0.750000,8669626368,1104,35328,10,36.000000,9892165.500000,9904709.000000,19320.565430,19345.064453,3574.239969,3574.591994,5.060638,5.060140,353280,353280,353280,0,0,0,1
global_cg,uniform6_6,generic_compressible,1,1,248,260046848,260046840,21670570,346729120,0.750000,8929673216,1104,35328,10,36.000000,9894152.500000,9905020.500000,19324.446289,19345.672852,3574.303985,3575.568080,5.060548,5.058759,353280,353280,353280,0,0,0,1
global_cg,uniform6_7,non_compressible,0,0,248,260046848,260046840,21670570,346729120,0.750000,8669626368,1104,35328,10,36.000000,9212943.500000,8985195.500000,17993.959961,17549.139648,3573.727965,3574.239969,5.061363,5.060638,353280,353280,353280,0,0,0,1
global_cg,uniform6_7,generic_compressible,1,1,248,260046848,260046840,21670570,346729120,0.750000,8929673216,1104,35328,10,36.000000,9858421.500000,9871584.500000,19254.659180,19280.368164,3574.656010,3574.447989,5.060049,5.060344,353280,353280,353280,0,0,0,1
global_cg,uniform6_8,non_compressible,0,0,248,260046848,260046840,21670570,346729120,0.750000,8669626368,1104,35328,10,36.000000,8674616.000000,8674486.000000,16942.539062,16942.285156,3572.255969,3572.543979,5.063449,5.063041,353280,353280,353280,0,0,0,1
global_cg,uniform6_8,generic_compressible,1,1,248,260046848,260046840,21670570,346729120,0.750000,8929673216,1104,35328,10,36.000000,8668118.500000,8681813.500000,16929.848633,16956.596680,3575.072050,3572.607994,5.059461,5.062950,353280,353280,353280,0,0,0,1
global_cg,uniform6_9,non_compressible,0,0,248,260046848,260046840,21670570,346729120,0.750000,8669626368,1104,35328,10,36.000000,8671183.000000,8678949.500000,16935.833984,16951.002930,3573.567986,3572.575927,5.061590,5.062996,353280,353280,353280,0,0,0,1
global_cg,uniform6_9,generic_compressible,1,1,248,260046848,260046840,21670570,346729120,0.750000,8929673216,1104,35328,10,36.000000,9679319.500000,8678964.500000,18904.850586,16951.032227,3574.512005,3573.471904,5.060253,5.061726,353280,353280,353280,0,0,0,1
global_cg,uniform6_10,non_compressible,0,0,248,260046848,260046840,21670570,346729120,0.750000,8669626368,1104,35328,10,36.000000,8166840.500000,8177480.500000,15950.790039,15971.571289,2952.223897,2952.960014,6.126885,6.125358,353280,353280,353280,0,0,0,1
global_cg,uniform6_10,generic_compressible,1,1,248,260046848,260046840,21670570,346729120,0.750000,8929673216,1104,35328,10,36.000000,8171599.500000,8182296.500000,15960.084961,15980.977539,2953.055978,2954.047918,6.125159,6.123102,353280,353280,353280,0,0,0,1
global_cg,uniform6_11,non_compressible,0,0,248,260046848,260046840,21670570,346729120,0.750000,8669626368,1104,35328,10,36.000000,8166298.000000,8179359.500000,15949.730469,15975.241211,2951.775908,2953.952074,6.127815,6.123300,353280,353280,353280,0,0,0,1
global_cg,uniform6_11,generic_compressible,1,1,248,260046848,260046840,21670570,346729120,0.750000,8929673216,1104,35328,10,36.000000,8169096.500000,8177106.500000,15955.196289,15970.840820,2953.408003,2953.008056,6.124428,6.125258,353280,353280,353280,0,0,0,1
global_cg,uniform6_12,non_compressible,0,0,248,260046848,260046840,21670570,346729120,0.750000,8669626368,1104,35328,10,36.000000,8166403.500000,8175455.000000,15949.936523,15967.615234,2951.887965,2952.960014,6.127582,6.125358,353280,353280,353280,0,0,0,1
global_cg,uniform6_12,generic_compressible,1,1,248,260046848,260046840,21670570,346729120,0.750000,8929673216,1104,35328,10,36.000000,8167726.500000,8176552.000000,15952.520508,15969.757812,2952.592015,2952.944040,6.126121,6.125391,353280,353280,353280,0,0,0,1
global_cg,uniform6_13,non_compressible,0,0,248,260046848,260046840,21670570,346729120,0.750000,8669626368,1104,35328,10,36.000000,8165874.000000,8175578.000000,15948.902344,15967.855469,2951.824069,2952.800035,6.127715,6.125689,353280,353280,353280,0,0,0,1
global_cg,uniform6_13,generic_compressible,1,1,248,260046848,260046840,21670570,346729120,0.750000,8929673216,1104,35328,10,36.000000,8167995.500000,8180506.500000,15953.045898,15977.481445,2952.831984,2953.136086,6.125623,6.124992,353280,353280,353280,0,0,0,1
global_cg,uniform6_14,non_compressible,0,0,248,260046848,260046840,21670570,346729120,0.750000,8669626368,1104,35328,10,36.000000,8164716.500000,8177195.500000,15946.641602,15971.014648,2952.399969,2953.135967,6.126520,6.124993,353280,353280,353280,0,0,0,1
global_cg,uniform6_14,generic_compressible,1,1,248,260046848,260046840,21670570,346729120,0.750000,8929673216,1104,35328,10,36.000000,8166499.000000,8179365.000000,15950.123047,15975.251953,2953.184009,2954.800010,6.124893,6.121543,353280,353280,353280,0,0,0,1
global_cg,uniform6_15,non_compressible,0,0,248,260046848,260046840,21670570,346729120,0.750000,8669626368,1104,35328,10,36.000000,8166757.000000,8177928.500000,15950.626953,15972.446289,2952.095985,2953.072071,6.127150,6.125125,353280,353280,353280,0,0,0,1
global_cg,uniform6_15,generic_compressible,1,1,248,260046848,260046840,21670570,346729120,0.750000,8929673216,1104,35328,10,36.000000,8164279.500000,8184796.500000,15945.788086,15985.860352,2952.704072,2954.751968,6.125889,6.121643,353280,353280,353280,0,0,0,1
global_cg,uniform6_16,non_compressible,0,0,248,260046848,260046840,21670570,346729120,0.750000,8669626368,1104,35328,10,36.000000,9882239.500000,9890758.500000,19301.178711,19317.817383,3574.527979,3574.496031,5.060231,5.060276,353280,353280,353280,0,0,0,1
global_cg,uniform6_16,generic_compressible,1,1,248,260046848,260046840,21670570,346729120,0.750000,8929673216,1104,35328,10,36.000000,9892138.000000,9868651.500000,19320.511719,19274.639648,3574.223995,3574.368000,5.060661,5.060457,353280,353280,353280,0,0,0,1
global_cg,uniform6_17,non_compressible,0,0,248,260046848,260046840,21670570,346729120,0.750000,8669626368,1104,35328,10,36.000000,8161279.000000,8177022.000000,15939.927734,15970.675781,2951.856017,2952.672005,6.127648,6.125955,353280,353280,353280,0,0,0,1
global_cg,uniform6_17,generic_compressible,1,1,248,260046848,260046840,21670570,346729120,0.750000,8929673216,1104,35328,10,36.000000,8165455.500000,8178627.000000,15948.084961,15973.810547,2952.080011,2952.800035,6.127184,6.125689,353280,353280,353280,0,0,0,1
global_cg,uniform6_18,non_compressible,0,0,248,260046848,260046840,21670570,346729120,0.750000,8669626368,1104,35328,10,36.000000,8168887.000000,8178426.000000,15954.787109,15973.417969,2952.767968,2952.783942,6.125756,6.125723,353280,353280,353280,0,0,0,1
global_cg,uniform6_18,generic_compressible,1,1,248,260046848,260046840,21670570,346729120,0.750000,8929673216,1104,35328,10,36.000000,8171472.500000,8180126.000000,15959.836914,15976.738281,2953.920007,2953.056097,6.123367,6.125158,353280,353280,353280,0,0,0,1
global_cg,uniform6_19,non_compressible,0,0,248,260046848,260046840,21670570,346729120,0.750000,8669626368,1104,35328,10,36.000000,8166497.500000,8178359.500000,15950.120117,15973.288086,2951.871991,2952.991962,6.127615,6.125291,353280,353280,353280,0,0,0,1
global_cg,uniform6_19,generic_compressible,1,1,248,260046848,260046840,21670570,346729120,0.750000,8929673216,1104,35328,10,36.000000,8166582.000000,8178839.500000,15950.285156,15974.225586,2952.032089,2953.903913,6.127283,6.123400,353280,353280,353280,0,0,0,1
global_cg,uniform6_20,non_compressible,0,0,248,260046848,260046840,21670570,346729120,0.750000,8669626368,1104,35328,10,36.000000,8165950.000000,8179055.500000,15949.050781,15974.647461,2952.160001,2953.056097,6.127018,6.125158,353280,353280,353280,0,0,0,1
global_cg,uniform6_20,generic_compressible,1,1,248,260046848,260046840,21670570,346729120,0.750000,8929673216,1104,35328,10,36.000000,8163809.500000,8177591.000000,15944.870117,15971.787109,2952.831984,2952.975988,6.125623,6.125324,353280,353280,353280,0,0,0,1
global_cg,uniform6_21,non_compressible,0,0,248,260046848,260046840,21670570,346729120,0.750000,8669626368,1104,35328,10,36.000000,9882145.500000,9893059.500000,19300.995117,19322.311523,3573.824048,3574.496031,5.061227,5.060276,353280,353280,353280,0,0,0,1
global_cg,uniform6_21,generic_compressible,1,1,248,260046848,260046840,21670570,346729120,0.750000,8929673216,1104,35328,10,36.000000,8576838.000000,8571991.500000,16751.566406,16742.100586,3102.815986,3098.352075,5.829523,5.837921,353280,353280,353280,0,0,0,1
global_cg,uniform6_22,non_compressible,0,0,248,260046848,260046840,21670570,346729120,0.750000,8669626368,1104,35328,10,36.000000,8161627.000000,8178939.000000,15940.607422,15974.419922,2951.871991,2953.855991,6.127615,6.123500,353280,353280,353280,0,0,0,1
global_cg,uniform6_22,generic_compressible,1,1,248,260046848,260046840,21670570,346729120,0.750000,8929673216,1104,35328,10,36.000000,8165332.000000,8177386.000000,15947.843750,15971.386719,2952.111959,2953.104019,6.127117,6.125059,353280,353280,353280,0,0,0,1
global_cg,uniform6_23,non_compressible,0,0,248,260046848,260046840,21670570,346729120,0.750000,8669626368,1104,35328,10,36.000000,8163597.000000,8176580.500000,15944.455078,15969.813477,2951.951981,2952.975988,6.127449,6.125324,353280,353280,353280,0,0,0,1
global_cg,uniform6_23,generic_compressible,1,1,248,260046848,260046840,21670570,346729120,0.750000,8929673216,1104,35328,10,36.000000,8164007.000000,8177501.000000,15945.255859,15971.611328,2952.528000,2952.816010,6.126254,6.125656,353280,353280,353280,0,0,0,1
global_cg,uniform6_24,non_compressible,0,0,248,260046848,260046840,21670570,346729120,0.750000,8669626368,1104,35328,10,36.000000,8161297.000000,8179367.500000,15939.962891,15975.256836,2952.048063,2953.088045,6.127250,6.125092,353280,353280,353280,0,0,0,1
global_cg,uniform6_24,generic_compressible,1,1,248,260046848,260046840,21670570,346729120,0.750000,8929673216,1104,35328,10,36.000000,8165466.500000,8177934.000000,15948.106445,15972.457031,2952.960014,2953.024030,6.125358,6.125225,353280,353280,353280,0,0,0,1
global_cg,uniform6_25,non_compressible,0,0,248,260046848,260046840,21670570,346729120,0.750000,8669626368,1104,35328,10,36.000000,8164076.500000,8178280.000000,15945.391602,15973.132812,2953.247905,2954.767942,6.124760,6.121610,353280,353280,353280,0,0,0,1
global_cg,uniform6_25,generic_compressible,1,1,248,260046848,260046840,21670570,346729120,0.750000,8929673216,1104,35328,10,36.000000,8165708.000000,8177388.500000,15948.578125,15971.391602,2953.375936,2952.847958,6.124495,6.125590,353280,353280,353280,0,0,0,1
global_cg,uniform6_26,non_compressible,0,0,248,260046848,260046840,21670570,346729120,0.750000,8669626368,1104,35328,10,36.000000,8168658.000000,8179113.000000,15954.339844,15974.759766,2953.119993,2953.776002,6.125026,6.123665,353280,353280,353280,0,0,0,1
global_cg,uniform6_26,generic_compressible,1,1,248,260046848,260046840,21670570,346729120,0.750000,8929673216,1104,35328,10,36.000000,8163837.500000,8176953.000000,15944.924805,15970.541016,2952.927947,2953.136086,6.125424,6.124992,353280,353280,353280,0,0,0,1
global_cg,uniform6_27,non_compressible,0,0,248,260046848,260046840,21670570,346729120,0.750000,8669626368,1104,35328,10,36.000000,8167380.500000,8179801.000000,15951.844727,15976.103516,2952.032089,2954.879999,6.127283,6.121378,353280,353280,353280,0,0,0,1
global_cg,uniform6_27,generic_compressible,1,1,248,260046848,260046840,21670570,346729120,0.750000,8929673216,1104,35328,10,36.000000,8165149.500000,8177185.000000,15947.487305,15970.994141,2951.904058,2953.151941,6.127549,6.124959,353280,353280,353280,0,0,0,1
global_cg,uniform6_28,non_compressible,0,0,248,260046848,260046840,21670570,346729120,0.750000,8669626368,1104,35328,10,36.000000,9880318.500000,9893057.500000,19297.426758,19322.307617,3573.008060,3575.392008,5.062383,5.059008,353280,353280,353280,0,0,0,1
global_cg,uniform6_28,generic_compressible,1,1,248,260046848,260046840,21670570,346729120,0.750000,8929673216,1104,35328,10,36.000000,9895337.500000,9894255.500000,19326.760742,19324.647461,3573.663950,3574.496031,5.061454,5.060276,353280,353280,353280,0,0,0,1
global_cg,uniform6_29,non_compressible,0,0,248,260046848,260046840,21670570,346729120,0.750000,8669626368,1104,35328,10,36.000000,9880710.000000,9902673.500000,19298.191406,19341.088867,3573.359966,3574.591994,5.061885,5.060140,353280,353280,353280,0,0,0,1
global_cg,uniform6_29,generic_compressible,1,1,248,260046848,260046840,21670570,346729120,0.750000,8929673216,1104,35328,10,36.000000,9855932.500000,9866490.000000,19249.797852,19270.417969,3573.760033,3575.184107,5.061318,5.059302,353280,353280,353280,0,0,0,1
global_cg,uniform6_30,non_compressible,0,0,248,260046848,260046840,21670570,346729120,0.750000,8669626368,1104,35328,10,36.000000,8666097.500000,8675599.500000,16925.901367,16944.459961,3573.552012,3574.255943,5.061613,5.060616,353280,353280,353280,0,0,0,1
global_cg,uniform6_30,generic_compressible,1,1,248,260046848,260046840,21670570,346729120,0.750000,8929673216,1104,35328,10,36.000000,8640674.500000,8673687.000000,16876.247070,16940.724609,3573.408008,3572.800040,5.061817,5.062678,353280,353280,353280,0,0,0,1
global_cg,uniform6_31,non_compressible,0,0,248,260046848,260046840,21670570,346729120,0.750000,8669626368,1104,35328,10,36.000000,8164653.000000,8178854.500000,15946.517578,15974.254883,2952.767968,2953.920007,6.125756,6.123367,353280,353280,353280,0,0,0,1
global_cg,uniform6_31,generic_compressible,1,1,248,260046848,260046840,21670570,346729120,0.750000,8929673216,1104,35328,10,36.000000,8162905.000000,8178737.500000,15943.103516,15974.026367,2952.127934,2952.927947,6.127084,6.125424,353280,353280,353280,0,0,0,1
global_cg,uniform6_32,non_compressible,0,0,248,260046848,260046840,21670570,346729120,0.750000,8669626368,1104,35328,10,36.000000,8165206.500000,8178486.000000,15947.598633,15973.535156,2951.631904,2953.040004,6.128114,6.125192,353280,353280,353280,0,0,0,1
global_cg,uniform6_32,generic_compressible,1,1,248,260046848,260046840,21670570,346729120,0.750000,8929673216,1104,35328,10,36.000000,8164180.500000,8180360.500000,15945.594727,15977.196289,2952.015996,2953.904033,6.127316,6.123400,353280,353280,353280,0,0,0,1
global_cg,uniform6_33,non_compressible,0,0,248,260046848,260046840,21670570,346729120,0.750000,8669626368,1104,35328,10,36.000000,8163511.500000,8175531.000000,15944.288086,15967.763672,2951.920033,2953.679919,6.127516,6.123865,353280,353280,353280,0,0,0,1
global_cg,uniform6_33,generic_compressible,1,1,248,260046848,260046840,21670570,346729120,0.750000,8929673216,1104,35328,10,36.000000,8163327.000000,8175194.000000,15943.927734,15967.105469,2952.095985,2952.896118,6.127150,6.125490,353280,353280,353280,0,0,0,1
global_cg,uniform6_34,non_compressible,0,0,248,260046848,260046840,21670570,346729120,0.750000,8669626368,1104,35328,10,36.000000,8163641.500000,8177430.000000,15944.541992,15971.472656,2951.999903,2953.119993,6.127350,6.125026,353280,353280,353280,0,0,0,1
global_cg,uniform6_34,generic_compressible,1,1,248,260046848,260046840,21670570,346729120,0.750000,8929673216,1104,35328,10,36.000000,8165145.000000,8176298.000000,15947.478516,15969.261719,2952.255964,2952.880025,6.126818,6.125524,353280,353280,353280,0,0,0,1
global_cg,uniform6_35,non_compressible,0,0,248,260046848,260046840,21670570,346729120,0.750000,8669626368,1104,35328,10,36.000000,8159795.500000,8175668.000000,15937.030273,15968.031250,2951.823950,2952.848077,6.127715,6.125590,353280,353280,353280,0,0,0,1
global_cg,uniform6_35,generic_compressible,1,1,248,260046848,260046840,21670570,346729120,0.750000,8929673216,1104,35328,10,36.000000,8164707.500000,8179195.500000,15946.624023,15974.920898,2952.255964,2952.880025,6.126818,6.125524,353280,353280,353280,0,0,0,1
global_cg,uniform6_36,non_compressible,0,0,248,260046848,260046840,21670570,346729120,0.750000,8669626368,1104,35328,10,36.000000,9852727.000000,9866360.500000,19243.537109,19270.165039,3573.503971,3574.576020,5.061681,5.060163,353280,353280,353280,0,0,0,1
global_cg,uniform6_36,generic_compressible,1,1,248,260046848,260046840,21670570,346729120,0.750000,8929673216,1104,35328,10,36.000000,9856655.000000,9867002.000000,19251.208984,19271.417969,3573.791981,3574.464083,5.061273,5.060321,353280,353280,353280,0,0,0,1
global_cg,uniform6_37,non_compressible,0,0,248,260046848,260046840,21670570,346729120,0.750000,8669626368,1104,35328,10,36.000000,8164912.500000,8179234.000000,15947.024414,15974.996094,2953.104019,2953.935981,6.125059,6.123334,353280,353280,353280,0,0,0,1
global_cg,uniform6_37,generic_compressible,1,1,248,260046848,260046840,21670570,346729120,0.750000,8929673216,1104,35328,10,36.000000,8163187.000000,8176219.500000,15943.654297,15969.108398,2951.663971,2953.119993,6.128047,6.125026,353280,353280,353280,0,0,0,1
global_cg,uniform6_38,non_compressible,0,0,248,260046848,260046840,21670570,346729120,0.750000,8669626368,1104,35328,10,36.000000,8641039.500000,8672134.000000,16876.959961,16937.691406,3571.376085,3573.616028,5.064697,5.061522,353280,353280,353280,0,0,0,1
global_cg,uniform6_38,generic_compressible,1,1,248,260046848,260046840,21670570,346729120,0.750000,8929673216,1104,35328,10,36.000000,8640172.000000,8659672.000000,16875.265625,16913.351562,3572.207928,3573.904037,5.063517,5.061114,353280,353280,353280,0,0,0,1
global_cg,uniform6_39,non_compressible,0,0,248,260046848,260046840,21670570,346729120,0.750000,8669626368,1104,35328,10,36.000000,8162040.500000,8175964.000000,15941.415039,15968.609375,2951.327920,2953.088045,6.128745,6.125092,353280,353280,353280,0,0,0,1
global_cg,uniform6_39,generic_compressible,1,1,248,260046848,260046840,21670570,346729120,0.750000,8929673216,1104,35328,10,36.000000,8160677.000000,8178385.500000,15938.751953,15973.338867,2952.943921,2953.008056,6.125391,6.125258,353280,353280,353280,0,0,0,1
global_cg,uniform6_40,non_compressible,0,0,248,260046848,260046840,21670570,346729120,0.750000,8669626368,1104,35328,10,36.000000,8676003.500000,8674251.000000,16945.249023,16941.826172,3573.232055,3572.816014,5.062066,5.062655,353280,353280,353280,0,0,0,1
global_cg,uniform6_40,generic_compressible,1,1,248,260046848,260046840,21670570,346729120,0.750000,8929673216,1104,35328,10,36.000000,9863018.000000,8674511.500000,19263.636719,16942.334961,3573.615909,3572.736025,5.061522,5.062769,353280,353280,353280,0,0,0,1
global_cg,uniform6_41,non_compressible,0,0,248,260046848,260046840,21670570,346729120,0.750000,8669626368,1104,35328,10,36.000000,9886858.000000,9893123.000000,19310.199219,19322.435547,3574.671984,3574.623942,5.060027,5.060095,353280,353280,353280,0,0,0,1
global_cg,uniform6_41,generic_compressible,1,1,248,260046848,260046840,21670570,346729120,0.750000,8929673216,1104,35328,10,36.000000,9890676.500000,9868097.000000,19317.657227,19273.556641,3575.359941,3574.432015,5.059053,5.060366,353280,353280,353280,0,0,0,1
global_cg,uniform6_42,non_compressible,0,0,248,260046848,260046840,21670570,346729120,0.750000,8669626368,1104,35328,10,36.000000,8167891.500000,8181345.000000,15952.842773,15979.119141,2952.144027,2952.943921,6.127051,6.125391,353280,353280,353280,0,0,0,1
global_cg,uniform6_42,generic_compressible,1,1,248,260046848,260046840,21670570,346729120,0.750000,8929673216,1104,35328,10,36.000000,7083302.000000,7085162.000000,13834.503906,13838.136719,2563.696027,2560.927987,7.055414,7.063040,353280,353280,353280,0,0,0,1
global_cg,uniform6_43,non_compressible,0,0,248,260046848,260046840,21670570,346729120,0.750000,8669626368,1104,35328,10,36.000000,9893297.000000,9906499.000000,19322.775391,19348.560547,3573.536038,3575.504065,5.061635,5.058849,353280,353280,353280,0,0,0,1
global_cg,uniform6_43,generic_compressible,1,1,248,260046848,260046840,21670570,346729120,0.750000,8929673216,1104,35328,10,36.000000,9894187.500000,9904029.500000,19324.514648,19343.737305,3573.647976,3575.520039,5.061477,5.058827,353280,353280,353280,0,0,0,1
global_cg,uniform6_44,non_compressible,0,0,248,260046848,260046840,21670570,346729120,0.750000,8669626368,1104,35328,10,36.000000,9894689.500000,9904172.000000,19325.495117,19344.015625,3575.296044,3574.559927,5.059144,5.060185,353280,353280,353280,0,0,0,1
global_cg,uniform6_44,generic_compressible,1,1,248,260046848,260046840,21670570,346729120,0.750000,8929673216,1104,35328,10,36.000000,9898198.000000,9905635.000000,19332.347656,19346.873047,3573.807955,3574.624062,5.061250,5.060095,353280,353280,353280,0,0,0,1
global_cg,uniform6_45,non_compressible,0,0,248,260046848,260046840,21670570,346729120,0.750000,8669626368,1104,35328,10,36.000000,9892244.500000,9905311.500000,19320.719727,19346.241211,3574.223995,3574.607968,5.060661,5.060117,353280,353280,353280,0,0,0,1
global_cg,uniform6_45,generic_compressible,1,1,248,260046848,260046840,21670570,346729120,0.750000,8929673216,1104,35328,10,36.000000,9893157.000000,9904080.000000,19322.501953,19343.835938,3574.208021,3574.303985,5.060684,5.060548,353280,353280,353280,0,0,0,1
global_cg,uniform6_46,non_compressible,0,0,248,260046848,260046840,21670570,346729120,0.750000,8669626368,1104,35328,10,47.000000,9884314.000000,9898138.000000,19305.208984,19332.208984,3575.248003,3576.352000,5.059212,5.057650,353280,353280,353280,0,0,0,1
global_cg,uniform6_46,generic_compressible,1,1,248,260046848,260046840,21670570,346729120,0.750000,8929673216,1104,35328,10,48.000000,9897225.000000,9907976.000000,19330.423828,19351.421875,3573.808074,3576.655984,5.061250,5.057220,353280,353280,353280,0,0,0,1
global_cg,uniform6_47,non_compressible,0,0,248,260046848,260046840,21670570,346729120,0.750000,8669626368,1104,35328,10,48.000000,9895372.000000,9906963.000000,19326.804688,19349.443359,3573.616028,3576.287985,5.061522,5.057740,353280,353280,353280,0,0,0,1
global_cg,uniform6_47,generic_compressible,1,1,248,260046848,260046840,21670570,346729120,0.750000,8929673216,1104,35328,10,48.000000,9895163.500000,9905960.000000,19326.397461,19347.484375,3573.824048,3575.631976,5.061227,5.058668,353280,353280,353280,0,0,0,1
global_cg,uniform6_48,non_compressible,0,0,248,260046848,260046840,21670570,346729120,0.750000,8669626368,1104,35328,10,48.000000,9882401.000000,9904031.000000,19301.470703,19343.716797,3573.760033,3574.560046,5.061318,5.060185,353280,353280,353280,0,0,0,1
global_cg,uniform6_48,generic_compressible,1,1,248,260046848,260046840,21670570,346729120,0.750000,8929673216,1104,35328,10,47.000000,9897116.500000,9903094.000000,19330.213867,19341.888672,3574.719906,3574.591994,5.059959,5.060140,353280,353280,353280,0,0,0,1
global_cg,uniform6_49,non_compressible,0,0,248,260046848,260046840,21670570,346729120,0.750000,8669626368,1104,35328,10,46.000000,9891260.000000,9905012.500000,19318.777344,19345.637695,3575.183988,3574.608088,5.059302,5.060117,353280,353280,353280,0,0,0,1
global_cg,uniform6_49,generic_compressible,1,1,248,260046848,260046840,21670570,346729120,0.750000,8929673216,1104,35328,10,47.000000,9890151.500000,9902811.000000,19316.610352,19341.335938,3574.624062,3574.288011,5.060095,5.060570,353280,353280,353280,0,0,0,1
global_cg,uniform6_50,non_compressible,0,0,248,260046848,260046840,21670570,346729120,0.750000,8669626368,1104,35328,10,46.000000,9893560.000000,9904626.500000,19323.269531,19344.883789,3574.192047,3574.576020,5.060706,5.060163,353280,353280,353280,0,0,0,1
global_cg,uniform6_50,generic_compressible,1,1,248,260046848,260046840,21670570,346729120,0.750000,8929673216,1104,35328,10,48.000000,9895727.000000,9902646.500000,19327.498047,19341.012695,3573.840022,3574.496031,5.061205,5.060276,353280,353280,353280,0,0,0,1
global_cg,uniform6_51,non_compressible,0,0,248,260046848,260046840,21670570,346729120,0.750000,8669626368,1104,35328,10,46.000000,9896606.500000,9904872.500000,19329.219727,19345.364258,3575.664043,3576.143980,5.058623,5.057944,353280,353280,353280,0,0,0,1
global_cg,uniform6_51,generic_compressible,1,1,248,260046848,260046840,21670570,346729120,0.750000,8929673216,1104,35328,10,46.000000,9895315.500000,9905431.000000,19326.698242,19346.455078,3573.567986,3574.431896,5.061590,5.060367,353280,353280,353280,0,0,0,1
global_cg,uniform6_52,non_compressible,0,0,248,260046848,260046840,21670570,346729120,0.750000,8669626368,1104,35328,10,44.000000,9887863.000000,9903685.500000,19312.146484,19343.049805,3575.583935,3574.592113,5.058736,5.060140,353280,353280,353280,0,0,0,1
global_cg,uniform6_52,generic_compressible,1,1,248,260046848,260046840,21670570,346729120,0.750000,8929673216,1104,35328,10,47.000000,9895287.000000,9904087.500000,19326.640625,19343.829102,3575.711966,3575.392008,5.058555,5.059008,353280,353280,353280,0,0,0,1
global_cg,uniform6_53,non_compressible,0,0,248,260046848,260046840,21670570,346729120,0.750000,8669626368,1104,35328,10,46.000000,9892139.000000,9902625.500000,19320.494141,19340.975586,3573.935986,3574.624062,5.061069,5.060095,353280,353280,353280,0,0,0,1
global_cg,uniform6_53,generic_compressible,1,1,248,260046848,260046840,21670570,346729120,0.750000,8929673216,1104,35328,10,46.000000,9896328.000000,9907801.500000,19328.675781,19351.084961,3575.487971,3574.496031,5.058872,5.060276,353280,353280,353280,0,0,0,1
global_cg,uniform6_54,non_compressible,0,0,248,260046848,260046840,21670570,346729120,0.750000,8669626368,1104,35328,10,47.000000,9884461.000000,9904489.500000,19305.496094,19344.614258,3574.927926,3574.735999,5.059665,5.059936,353280,353280,353280,0,0,0,1
global_cg,uniform6_54,generic_compressible,1,1,248,260046848,260046840,21670570,346729120,0.750000,8929673216,1104,35328,10,48.000000,9897834.500000,9902459.500000,19331.614258,19340.647461,3574.911952,3574.687958,5.059687,5.060004,353280,353280,353280,0,0,0,1
global_cg,uniform6_55,non_compressible,0,0,248,260046848,260046840,21670570,346729120,0.750000,8669626368,1104,35328,10,45.000000,9894659.000000,9907696.500000,19325.417969,19350.881836,3573.824048,3574.527979,5.061227,5.060231,353280,353280,353280,0,0,0,1
global_cg,uniform6_55,generic_compressible,1,1,248,260046848,260046840,21670570,346729120,0.750000,8929673216,1104,35328,10,47.000000,9894543.500000,9904703.000000,19325.188477,19345.031250,3573.871970,3574.623942,5.061159,5.060095,353280,353280,353280,0,0,0,1
global_cg,uniform6_56,non_compressible,0,0,248,260046848,260046840,21670570,346729120,0.750000,8669626368,1104,35328,10,47.000000,9894820.500000,9915757.000000,19325.729492,19366.621094,3573.647976,3576.352000,5.061477,5.057650,353280,353280,353280,0,0,0,1
global_cg,uniform6_56,generic_compressible,1,1,248,260046848,260046840,21670570,346729120,0.750000,8929673216,1104,35328,10,47.000000,9895311.500000,9907846.500000,19326.688477,19351.170898,3574.288011,3574.784040,5.060570,5.059868,353280,353280,353280,0,0,0,1
global_cg,uniform6_57,non_compressible,0,0,248,260046848,260046840,21670570,346729120,0.750000,8669626368,1104,35328,10,48.000000,9884722.500000,9893847.000000,19306.004883,19323.826172,3573.968053,3574.368000,5.061023,5.060457,353280,353280,353280,0,0,0,1
global_cg,uniform6_57,generic_compressible,1,1,248,260046848,260046840,21670570,346729120,0.750000,8929673216,1104,35328,10,46.000000,9885029.500000,9869906.000000,19306.608398,19277.070312,3573.871970,3573.567986,5.061159,5.061590,353280,353280,353280,0,0,0,1
global_cg,uniform6_58,non_compressible,0,0,248,260046848,260046840,21670570,346729120,0.750000,8669626368,1104,35328,10,36.000000,8669222.000000,8687068.500000,16932.003906,16966.860352,3572.272062,3574.432015,5.063426,5.060366,353280,353280,353280,0,0,0,1
global_cg,uniform6_58,generic_compressible,1,1,248,260046848,260046840,21670570,346729120,0.750000,8929673216,1104,35328,10,36.000000,8667961.000000,9873965.500000,16929.541016,19285.018555,3573.296070,3576.496005,5.061975,5.057446,353280,353280,353280,0,0,0,1
global_cg,uniform6_59,non_compressible,0,0,248,260046848,260046840,21670570,346729120,0.750000,8669626368,1104,35328,10,36.000000,8164903.000000,8177953.500000,15947.005859,15972.495117,2952.208042,2952.912092,6.126918,6.125457,353280,353280,353280,0,0,0,1
global_cg,uniform6_59,generic_compressible,1,1,248,260046848,260046840,21670570,346729120,0.750000,8929673216,1104,35328,10,36.000000,8165659.000000,8179867.000000,15948.482422,15976.232422,2951.936007,2952.735901,6.127482,6.125822,353280,353280,353280,0,0,0,1
global_cg,uniform6_60,non_compressible,0,0,248,260046848,260046840,21670570,346729120,0.750000,8669626368,1104,35328,10,36.000000,8636913.500000,8651075.500000,16868.901367,16896.561523,3448.671937,3409.439921,5.244899,5.305251,353280,353280,353280,0,0,0,1
global_cg,uniform6_60,generic_compressible,1,1,248,260046848,260046840,21670570,346729120,0.750000,8929673216,1104,35328,10,36.000000,8197628.500000,8203476.500000,16010.922852,16022.344727,2953.983903,2957.056046,6.123234,6.116873,353280,353280,353280,0,0,0,1
global_cg,uniform6_61,non_compressible,0,0,248,260046848,260046840,21670570,346729120,0.750000,8669626368,1104,35328,10,36.000000,9448633.000000,8682298.000000,18454.291016,16957.542969,3573.119998,3573.359966,5.062225,5.061885,353280,353280,353280,0,0,0,1
global_cg,uniform6_61,generic_compressible,1,1,248,260046848,260046840,21670570,346729120,0.750000,8929673216,1104,35328,10,36.000000,9856209.000000,9867949.000000,19250.337891,19273.267578,3572.927952,3574.127913,5.062497,5.060797,353280,353280,353280,0,0,0,1
global_cg,uniform6_62,non_compressible,0,0,248,260046848,260046840,21670570,346729120,0.750000,8669626368,1104,35328,10,36.000000,9878267.000000,9894381.000000,19293.419922,19324.892578,3573.199987,3575.376034,5.062111,5.059030,353280,353280,353280,0,0,0,1
global_cg,uniform6_62,generic_compressible,1,1,248,260046848,260046840,21670570,346729120,0.750000,8929673216,1104,35328,10,36.000000,9889298.500000,9908855.500000,19314.965820,19353.163086,3573.552012,3575.503945,5.061613,5.058849,353280,353280,353280,0,0,0,1
global_cg,uniform6_63,non_compressible,0,0,248,260046848,260046840,21670570,346729120,0.750000,8669626368,1104,35328,10,36.000000,8163773.500000,8178481.500000,15944.799805,15973.526367,2952.831984,2955.103993,6.125623,6.120914,353280,353280,353280,0,0,0,1
global_cg,uniform6_63,generic_compressible,1,1,248,260046848,260046840,21670570,346729120,0.750000,8929673216,1104,35328,10,36.000000,1719168.000000,1719009.500000,3357.679688,3357.370117,628.639996,627.520025,28.773123,28.824476,353280,353280,353280,0,0,0,1
