path,table_mib,table_bytes,l2_fraction,regions_128b,codes_per_128b_region,active_codes,effective_bytes_per_active_code,code_bit_utilization,occupied_words_per_region,occupied_32b_address_spans_per_region,expected_32b_address_spans_per_lookup,address_span_touch_probabilities,address_span_boundary_straddling_slots,expected_words_per_lookup,warps,warps_per_sm,run_count,all_runs_valid,hot_glookups_s_median,hot_glookups_s_min,hot_glookups_s_max,cold_glookups_s_median,cold_glookups_s_min,cold_glookups_s_max,hot_requested_word_gloads_s_median,hot_requested_word_gloads_s_min,hot_requested_word_gloads_s_max,cold_requested_word_gloads_s_median,cold_requested_word_gloads_s_min,cold_requested_word_gloads_s_max,hot_net_cycles_per_lookup_median,hot_net_cycles_per_lookup_min,hot_net_cycles_per_lookup_max,cold_net_cycles_per_lookup_median,cold_net_cycles_per_lookup_min,cold_net_cycles_per_lookup_max,cold_kernel_p50_us_median,hot_kernel_p50_us_median
global_cg,28,29360128,0.777778,229376,1,229376,128.0,0.005859,1,1,1.0,[1.0],[],1.0,184,4.0,4,True,29.824456499999997,29.807941,29.836262,21.329711,21.323675,21.333333,29.824456499999997,29.807941,29.836262,21.329711,21.323675,21.333333,518.7548825,518.295898,519.056641,734.2270510000001,732.847656,735.577148,141.33599800000002,101.08000200000001
texture_object,28,29360128,0.777778,229376,1,229376,128.0,0.005859,1,1,1.0,[1.0],[],1.0,184,4.0,4,True,27.322559,27.063488,27.582492,19.891891,19.891891,19.898194,27.322559,27.063488,27.582492,19.891891,19.891891,19.898194,568.396973,568.363281,568.643555,783.4023434999999,782.625,786.12793,151.552007,110.343998
global_cg,28,29360128,0.777778,229376,1,229376,128.0,0.005859,1,1,1.0,[1.0],[],1.0,1104,24.0,4,True,43.2229415,43.007532,43.229552,41.5595115,41.461748,41.654236,43.2229415,43.007532,43.229552,41.5595115,41.461748,41.654236,1910.6352539999998,1908.430664,1911.678711,1999.9521485,1999.094727,2000.350586,435.2320135,418.4799935
texture_object,28,29360128,0.777778,229376,1,229376,128.0,0.005859,1,1,1.0,[1.0],[],1.0,1104,24.0,4,True,43.2221145,43.213027,43.320662,41.560272499999996,41.463268,41.658842,43.2221145,43.213027,43.320662,41.560272499999996,41.463268,41.658842,1909.1586914999998,1906.448242,1909.953125,1998.9907225,1996.15332,1999.848633,435.22401149999996,418.48799599999995
global_cg,28,29360128,0.777778,229376,2,458752,64.0,0.011719,1,1,1.0,[1.0],[],1.0,184,4.0,4,True,29.822097499999998,29.784381,29.850443,21.330918,21.328504,21.333333,29.822097499999998,29.784381,29.850443,21.330918,21.328504,21.333333,518.5751955000001,518.107422,518.672852,734.758789,733.553711,735.555664,141.328,101.0880025
texture_object,28,29360128,0.777778,229376,2,458752,64.0,0.011719,1,1,1.0,[1.0],[],1.0,184,4.0,4,True,27.324575000000003,27.086832,27.586531,19.896093,19.893992,19.898194,27.324575000000003,27.086832,27.586531,19.896093,19.893992,19.898194,568.46875,568.429688,568.753906,783.5864260000001,782.750977,784.716797,151.519999,110.33599799999999
global_cg,28,29360128,0.777778,229376,2,458752,64.0,0.011719,1,1,1.0,[1.0],[],1.0,1104,24.0,4,True,43.228725499999996,43.004259,43.23451,41.557992,41.461747,41.654236,43.228725499999996,43.004259,43.23451,41.557992,41.461747,41.654236,1911.7128910000001,1908.902344,1913.933594,2001.7338865000002,1998.016602,2003.381836,435.248002,418.4239955
texture_object,28,29360128,0.777778,229376,2,458752,64.0,0.011719,1,1,1.0,[1.0],[],1.0,1104,24.0,4,True,43.236168,43.211375,43.325644,41.561787499999994,41.463268,41.655771,43.236168,43.211375,43.325644,41.561787499999994,41.463268,41.655771,1907.4868165,1906.694336,1908.706055,1999.2714839999999,1998.176758,2002.893555,435.20799999999997,418.35200799999996
global_cg,28,29360128,0.777778,229376,4,917504,32.0,0.023438,1,1,1.0,[1.0],[],1.0,184,4.0,4,True,29.819735,29.798512,29.831538,21.329711,21.323675,21.333333,29.819735,29.798512,29.831538,21.329711,21.323675,21.333333,518.5825195,518.129883,518.990234,734.6904294999999,733.484375,735.37793,141.33599800000002,101.096002
texture_object,28,29360128,0.777778,229376,4,917504,32.0,0.023438,1,1,1.0,[1.0],[],1.0,184,4.0,4,True,27.332573,27.082938,27.582492,19.8908415,19.887693,19.893992,27.332573,27.082938,27.582492,19.8908415,19.887693,19.893992,568.4736325,568.402344,568.657227,784.074219,782.767578,784.853516,151.560005,110.303998
global_cg,28,29360128,0.777778,229376,4,917504,32.0,0.023438,1,1,1.0,[1.0],[],1.0,1104,24.0,4,True,43.213853,43.10757,43.217984,41.6128825,41.460227,41.657307,43.213853,43.10757,43.217984,41.6128825,41.460227,41.657307,1911.4438475,1909.160156,1914.436523,2003.159668,1997.969727,2004.572266,434.6720055,418.568
texture_object,28,29360128,0.777778,229376,4,917504,32.0,0.023438,1,1,1.0,[1.0],[],1.0,1104,24.0,4,True,43.219635,43.216331,43.229552,41.5625685,41.463268,41.657307,43.219635,43.216331,43.229552,41.5625685,41.463268,41.657307,1907.8833009999998,1905.037109,1910.105469,2000.286133,1998.65332,2003.310547,435.20000600000003,418.512002
global_cg,28,29360128,0.777778,229376,8,1835008,16.0,0.046875,2,1,1.0,[1.0],[],1.125,184,4.0,4,True,29.8197365,29.807941,29.845715,21.3321255,21.326089,21.333333,33.547204,33.533934,33.576429,23.998641,23.991851,23.999999,520.6289065000001,520.439453,521.009766,736.3862305,735.599609,737.258789,141.3200015,101.0960025
texture_object,28,29360128,0.777778,229376,8,1835008,16.0,0.046875,2,1,1.0,[1.0],[],1.125,184,4.0,4,True,27.566351,27.121924,27.578455,20.0216135,19.891892,20.149288,31.012144499999998,30.512164,31.025762,22.5243155,22.378379,22.667949,567.358887,566.870117,567.570312,782.177246,780.882812,783.453125,150.57599900000002,109.35999799999999
global_cg,28,29360128,0.777778,229376,8,1835008,16.0,0.046875,2,1,1.0,[1.0],[],1.125,1104,24.0,4,True,38.42038,38.336194,38.498076,37.2596825,37.104372,37.263365,43.2229275,43.128218,43.310335,41.917143,41.742418,41.921286,2150.677246,2148.922852,2152.015625,2236.529297,2232.973633,2237.705078,485.45599,470.7919955
texture_object,28,29360128,0.777778,229376,8,1835008,16.0,0.046875,2,1,1.0,[1.0],[],1.125,1104,24.0,4,True,43.2221145,43.208072,43.234512,41.5074735,41.458706,41.557769,48.624879,48.609081,48.638826,46.695908,46.641045,46.75249,1918.2075195,1915.361328,1919.660156,2011.708008,2009.857422,2014.5,435.7760025,418.48799599999995
global_cg,28,29360128,0.777778,229376,16,3670016,8.0,0.09375,3,1,1.0,[1.0],[],1.125,184,4.0,4,True,29.831539,29.812657,29.850443,21.333333500000002,21.328504,21.338166,33.5604815,33.53924,33.581749,24.0000005,23.994567,24.005437,514.8710934999999,514.500977,515.083008,730.0996095,728.87793,731.832031,141.3119995,101.056002
texture_object,28,29360128,0.777778,229376,16,3670016,8.0,0.09375,3,1,1.0,[1.0],[],1.125,184,4.0,4,True,27.6047185,27.582492,27.62293,20.162225,20.160069,20.164383,31.055308,31.030304,31.075796,22.682504,22.680077,22.684931,559.248047,558.693359,559.357422,775.4384765,774.197266,775.678711,149.520002,109.207997
global_cg,28,29360128,0.777778,229376,16,3670016,8.0,0.09375,3,1,1.0,[1.0],[],1.125,1104,24.0,4,True,38.347898,38.338794,38.517752,37.1856865,37.104372,37.260911,43.1413855,43.131143,43.332471,41.833897500000006,41.742418,41.918525,2151.287109,2148.049805,2155.175781,2233.644531,2232.512695,2237.143555,486.4239915,471.6800005
texture_object,28,29360128,0.777778,229376,16,3670016,8.0,0.09375,3,1,1.0,[1.0],[],1.125,1104,24.0,4,True,43.219635,43.206421,43.231206,41.4632675,41.458706,41.655771,48.6220895,48.607223,48.635106,46.646176499999996,46.641045,46.862743,1914.400879,1912.494141,1916.204102,2011.6206055,2008.986328,2013.101562,436.2400025,418.512002
global_cg,28,29360128,0.777778,229376,32,7340032,4.0,0.1875,6,1,1.0,[1.0],[],1.125,184,4.0,4,True,30.424027,30.409296,30.438772,21.4160255,21.335749,21.642087,34.22703,34.210458,34.243618,24.0930285,24.002718,24.347347,510.5532225,510.228516,510.956055,725.6455080000001,724.408203,728.027344,140.767999,99.088002
texture_object,28,29360128,0.777778,229376,32,7340032,4.0,0.1875,6,1,1.0,[1.0],[],1.125,184,4.0,4,True,28.1050155,28.079881,28.142792,20.4400085,20.437791,20.446663,31.618142,31.589866,31.660641,22.995009500000002,22.992515,23.002496,552.741699,552.412109,552.806641,767.453125,767.125977,769.612305,147.488002,107.263997
global_cg,28,29360128,0.777778,229376,32,7340032,4.0,0.1875,6,1,1.0,[1.0],[],1.125,1104,24.0,4,True,38.345946,38.338794,38.494143,37.1092445,37.104372,37.262138,43.1391895,43.131143,43.305911,41.7479,41.742418,41.919905,2147.229492,2146.578125,2151.432617,2235.8432615,2227.980469,2237.083984,487.4239935,471.7040065
texture_object,28,29360128,0.777778,229376,32,7340032,4.0,0.1875,6,1,1.0,[1.0],[],1.125,1104,24.0,4,True,43.219635,43.208072,43.231206,41.462507,41.458706,41.654236,48.6220895,48.609081,48.635106,46.6453205,46.641045,46.861016,1915.1362305,1914.176758,1918.494141,2010.9277345,2005.712891,2012.570312,436.2480045,418.512002
global_cg,28,29360128,0.777778,229376,42,9633792,3.047619,0.246094,8,1,1.0,[1.0],[],1.119048,184,4.0,4,True,30.4240275,28.121792,30.438772,21.637115,20.433358,21.644572,34.0459355,31.469624,34.062435,24.212962,22.865901,24.221307,509.525391,493.070312,510.37793,724.0595705000001,685.198242,727.638672,139.328003,99.08800199999999
texture_object,28,29360128,0.777778,229376,42,9633792,3.047619,0.246094,8,1,1.0,[1.0],[],1.119048,184,4.0,4,True,28.102916999999998,26.10363,28.109206,20.4377915,19.36245,20.444444,31.4485025,29.211205,31.45554,22.870861499999997,21.667504,22.878306,550.6723635000001,536.399414,551.052734,765.956543,727.427734,767.228516,147.504002,107.271997
global_cg,28,29360128,0.777778,229376,42,9633792,3.047619,0.246094,8,1,1.0,[1.0],[],1.119048,1104,24.0,4,True,38.675219,37.364358,38.678527,37.4212515,36.192086,37.42249,43.279412,41.812496,43.283114,41.876161999999994,40.500667,41.877548,2137.9858400000003,1967.097656,2141.480469,2223.979004,2044.611328,2226.666016,483.36,467.6880015
texture_object,28,29360128,0.777778,229376,42,9633792,3.047619,0.246094,8,1,1.0,[1.0],[],1.119048,1104,24.0,4,True,43.2245935,41.794374,43.239472,41.654236,40.317262,41.658842,48.3703785,46.769895,48.387028,46.613074,45.116936,46.618228,1913.75,1764.046875,1916.474609,2009.4033205,1845.835938,2011.662109,434.240013,418.4639975
global_cg,28,29360128,0.777778,229376,43,9863168,2.976744,0.251953,9,2,1.0232558139534884,"[1.0, 0.023255813953488372]",[42],1.139535,184,4.0,4,True,30.421575500000003,28.096631,30.438772,17.3136685,16.6313,17.32083,34.666446,32.017091,34.686042,19.729529499999998,18.951947,19.73769,510.62744150000003,493.59082,510.696289,896.9814455000001,848.117188,902.173828,174.1200015,99.096002
texture_object,28,29360128,0.777778,229376,43,9863168,2.976744,0.251953,9,2,1.0232558139534884,"[1.0, 0.023255813953488372]",[42],1.139535,184,4.0,4,True,28.1071095,26.10363,28.109206,16.5494955,15.825298,16.637175,32.029031,29.745997,32.03142,18.858728,18.03348,18.958641,551.9643555,537.657227,552.333008,941.758789,889.728516,943.575195,182.1599975,107.25599700000001
global_cg,28,29360128,0.777778,229376,43,9863168,2.976744,0.251953,9,2,1.0232558139534884,"[1.0, 0.023255813953488372]",[42],1.139535,1104,24.0,4,True,38.008809,36.592736,38.011364,36.79461,35.468766,36.795209,43.312363500000004,41.6987,43.315276,41.9287415,40.417896,41.929424,2178.0786129999997,2004.891602,2180.791992,2265.8374025000003,2077.498047,2267.881836,491.592005,475.88799900000004
texture_object,28,29360128,0.777778,229376,43,9863168,2.976744,0.251953,9,2,1.0232558139534884,"[1.0, 0.023255813953488372]",[42],1.139535,1104,24.0,4,True,42.787783000000005,41.373738,42.799122,41.0716075,39.602606,41.0731,48.758171000000004,47.146818,48.771093,46.802529,45.128552,46.80423,1939.3916015,1781.621094,1941.950195,2038.1464845,1871.036133,2041.535156,440.4000045,422.73599650000006
global_cg,28,29360128,0.777778,229376,64,14680064,2.0,0.375,12,2,1.015625,"[0.671875, 0.34375]",[42],1.125,184,4.0,4,True,30.4338585,30.424027,30.463379,16.449800500000002,16.369765,16.53207,34.2380905,34.22703,34.271301,18.5060255,18.415986,18.598579,508.500488,508.083008,508.647461,949.909668,949.011719,953.520508,183.26399500000002,99.056002
texture_object,28,29360128,0.777778,229376,64,14680064,2.0,0.375,12,2,1.015625,"[0.671875, 0.34375]",[42],1.125,184,4.0,4,True,28.109206,28.105013,28.12599,15.827292,15.825298,15.827957,31.622856,31.618139,31.641739,17.8057035,17.803461,17.806451,549.1381835,548.666016,549.349609,991.3808595,989.467773,992.230469,190.47200299999997,107.247997
global_cg,28,29360128,0.777778,229376,64,14680064,2.0,0.375,12,2,1.015625,"[0.671875, 0.34375]",[42],1.125,1104,24.0,4,True,38.348548,38.330993,38.443093,36.195563,36.193245,36.338669,43.142116,43.122367,43.248479,40.720008,40.7174,40.881003,2149.3881835,2146.158203,2152.964844,2304.2802735,2302.180664,2310.904297,499.72799399999997,471.6719985
texture_object,28,29360128,0.777778,229376,64,14680064,2.0,0.375,12,2,1.015625,"[0.671875, 0.34375]",[42],1.125,1104,24.0,4,True,42.8015515,42.791022,42.812089,39.873767,39.782383,39.959563,48.151745000000005,48.1399,48.1636,44.857988000000006,44.755181,44.954508,1933.301758,1931.388672,1935.369141,2107.6220705,2107.230469,2108.803711,453.6320045,422.6000085
global_cg,28,29360128,0.777778,229376,85,19496960,1.505882,0.498047,16,2,1.011764705882353,"[0.5058823529411764, 0.5058823529411764]",[42],1.117647,184,4.0,4,True,30.421572,28.109206,30.44369,16.916503,16.177213,16.918021,34.0005805,31.416171,34.025301,18.906679,18.080415,18.908377,507.6015625,490.822266,508.004883,928.127441,868.783203,929.972656,178.207994,99.096002
texture_object,28,29360128,0.777778,229376,85,19496960,1.505882,0.498047,16,2,1.011764705882353,"[0.5058823529411764, 0.5058823529411764]",[42],1.117647,184,4.0,4,True,28.105013,26.110865,28.1134,16.176519,15.65307,16.354136,31.411485,29.182731,31.420859,18.0796385,17.494607,18.278152,547.8554685,533.351562,547.896484,967.3515625,908.602539,968.584961,186.359998,107.263997
global_cg,28,29360128,0.777778,229376,85,19496960,1.505882,0.498047,16,2,1.011764705882353,"[0.5058823529411764, 0.5058823529411764]",[42],1.117647,1104,24.0,4,True,38.675219,37.369298,38.678527,36.341006,35.178491,36.345679,43.225245,41.765685,43.228942,40.616419,39.317137,40.621641,2136.8447265,1962.555664,2139.411133,2302.828125,2112.011719,2305.495117,497.72799,467.6880015
texture_object,28,29360128,0.777778,229376,85,19496960,1.505882,0.498047,16,2,1.011764705882353,"[0.5058823529411764, 0.5058823529411764]",[42],1.117647,1104,24.0,4,True,43.00426,41.408592,43.007532,39.957444,38.726226,39.960976,48.063584500000005,46.280192,48.067242,44.658319500000005,43.282252,44.662267,1930.8588865000002,1777.298828,1931.486328,2112.9956055000002,1938.036133,2114.933594,452.68000700000005,420.6080065
global_cg,28,29360128,0.777778,229376,86,19726336,1.488372,0.503906,17,3,1.0232558139534884,"[0.5, 0.5116279069767442, 0.011627906976744186]","[42, 85]",1.127907,184,4.0,4,True,30.4191155,28.105013,30.453531,15.824634,15.170371,15.827957,34.3099325,31.69984,34.34875,17.8487155,17.110767,17.852463,508.2041015,491.081055,508.326172,988.355469,923.086914,990.987305,190.5040035,99.10400200000001
texture_object,28,29360128,0.777778,229376,86,19726336,1.488372,0.503906,17,3,1.0232558139534884,"[0.5, 0.5116279069767442, 0.011627906976744186]","[42, 85]",1.127907,184,4.0,4,True,28.102916999999998,26.118104,28.134389,15.324603499999998,14.714252,15.328344,31.697476,29.458791,31.732973,17.2847275,16.596308,17.288946,548.2978515,534.083008,548.751953,1030.4384765,961.260742,1031.287109,196.7200005,107.271997
global_cg,28,29360128,0.777778,229376,86,19726336,1.488372,0.503906,17,3,1.0232558139534884,"[0.5, 0.5116279069767442, 0.011627906976744186]","[42, 85]",1.127907,1104,24.0,4,True,38.340093,37.049651,38.342694,36.044381,34.901548,36.047829,43.244058,41.78856,43.246992,40.654708,39.3657,40.658598,2155.5922849999997,1983.387695,2158.651367,2325.748047,2130.067383,2329.704102,501.824021,471.776009
texture_object,28,29360128,0.777778,229376,86,19726336,1.488372,0.503906,17,3,1.0232558139534884,"[0.5, 0.5116279069767442, 0.011627906976744186]","[42, 85]",1.127907,1104,24.0,4,True,42.795071,41.207843,42.795881,39.599831,38.393479,39.601219,48.268859,46.478614,48.269773,44.664926,43.304273,44.666491,1944.9921875,1787.864258,1946.088867,2129.6127930000002,1950.505859,2132.038086,456.768006,422.664002
global_cg,28,29360128,0.777778,229376,128,29360128,1.0,0.75,24,3,1.015625,"[0.3359375, 0.34375, 0.3359375]","[42, 85]",1.125,184,4.0,4,True,30.428943500000003,30.419115,30.458454,14.291804500000001,14.286928,14.297769,34.232561000000004,34.221504,34.265761,16.07828,16.072794,16.08499,507.1884765,506.829102,507.368164,1098.9936525,1098.173828,1100.121094,210.93600249999997,99.072002
texture_object,28,29360128,0.777778,229376,128,29360128,1.0,0.75,24,3,1.015625,"[0.3359375, 0.34375, 0.3359375]","[42, 85]",1.125,184,4.0,4,True,28.117596,28.1134,28.414417,13.853673,13.815515,13.884745,31.632295499999998,31.627575,31.966219,15.5853825,15.542455,15.620339,546.9541015,546.757812,547.025391,1136.732422,1135.681641,1138.976562,217.608001,107.215997
global_cg,28,29360128,0.777778,229376,128,29360128,1.0,0.75,24,3,1.015625,"[0.3359375, 0.34375, 0.3359375]","[42, 85]",1.125,1104,24.0,4,True,38.343995,38.337493,38.423493,35.048706,35.045446,35.181776,43.136994,43.12968,43.226429,39.429794,39.426127,39.579498,2150.6484375,2147.868164,2153.775391,2396.7651370000003,2396.249023,2401.766602,516.079992,471.727997
texture_object,28,29360128,0.777778,229376,128,29360128,1.0,0.75,24,3,1.015625,"[0.3359375, 0.34375, 0.3359375]","[42, 85]",1.125,1104,24.0,4,True,42.802363,42.792642,42.812089,38.398044,38.394784,38.559794,48.152658,48.141722,48.1636,43.1977995,43.194132,43.379768,1933.5561525,1931.74707,1935.972656,2207.4326175,2203.77832,2211.139648,471.0640015,422.591999
global_cg,28,29360128,0.777778,229376,129,29589504,0.992248,0.755859,25,4,1.0155038759689923,"[0.3333333333333333, 0.34108527131782945, 0.3333333333333333, 0.007751937984496124]","[42, 85]",1.124031,184,4.0,4,True,30.4240275,28.155409,30.438772,14.0174825,13.62963,14.019047,34.19755,31.647552,34.214123,15.756085500000001,15.320126,15.757844,507.290527,490.24707,507.55957,1119.776367,1038.609375,1121.603516,215.064004,99.08800199999999
texture_object,28,29360128,0.777778,229376,129,29589504,0.992248,0.755859,25,4,1.0155038759689923,"[0.3333333333333333, 0.34108527131782945, 0.3333333333333333, 0.007751937984496124]","[42, 85]",1.124031,184,4.0,4,True,28.1071095,26.114484,28.134389,13.6242095,13.142857,13.625687,31.5932625,29.353489,31.623925,15.314034,14.772979,15.315695,546.7753905,532.644531,546.901367,1159.28125,1076.581055,1161.37207,221.2719995,107.25599700000001
global_cg,28,29360128,0.777778,229376,129,29589504,0.992248,0.755859,25,4,1.0155038759689923,"[0.3333333333333333, 0.34108527131782945, 0.3333333333333333, 0.007751937984496124]","[42, 85]",1.124031,1104,24.0,4,True,38.505944,37.685711,38.509879,35.0470765,34.497894,35.055227,43.281875,42.359908,43.286298,39.394000500000004,38.776703,39.403162,2151.254883,2150.50293,2201.612305,2401.7026370000003,2400.110352,2447.65332,516.1039975000001,469.74399700000004
texture_object,28,29360128,0.777778,229376,129,29589504,0.992248,0.755859,25,4,1.0155038759689923,"[0.3333333333333333, 0.34108527131782945, 0.3333333333333333, 0.007751937984496124]","[42, 85]",1.124031,1104,24.0,4,True,42.801553,41.986853,42.805603,38.3941315,37.73603,38.397392,48.110273,47.194525,48.114825,43.156194,42.416468,43.15986,1935.9492185,1933.313477,1984.234375,2214.3583985,2213.630859,2260.206055,471.11199799999997,422.5999935
global_cg,28,29360128,0.777778,229376,170,38993920,0.752941,0.996094,32,4,1.011764705882353,"[0.2529411764705882, 0.25882352941176473, 0.2529411764705882, 0.24705882352941178]","[42, 85]",1.123529,184,4.0,4,True,30.4191155,30.409296,30.42894,13.025648,13.024748,13.026548,34.176771,34.165738,34.187809,14.634699,14.633687,14.63571,506.3706055,505.986328,506.868164,1215.2470705,1214.15918,1220.275391,231.44,99.10400200000001
texture_object,28,29360128,0.777778,229376,170,38993920,0.752941,0.996094,32,4,1.011764705882353,"[0.2529411764705882, 0.25882352941176473, 0.2529411764705882, 0.24705882352941178]","[42, 85]",1.123529,184,4.0,4,True,28.128092000000002,28.096631,28.35882,12.6866645,12.682821,12.6888,31.602739,31.567391,31.861968,14.253841000000001,14.249523,14.256241,545.859375,545.507812,546.124023,1254.640625,1251.120117,1257.25,237.624001,107.1760005
global_cg,28,29360128,0.777778,229376,170,38993920,0.752941,0.996094,32,4,1.011764705882353,"[0.2529411764705882, 0.25882352941176473, 0.2529411764705882, 0.24705882352941178]","[42, 85]",1.123529,1104,24.0,4,True,38.3902535,38.340093,38.504632,34.22945,34.098329,34.230487,43.132579,43.076222,43.261087,38.4577935,38.310476,38.458958,2148.1396485,2144.894531,2150.332031,2471.8969724999997,2470.232422,2477.422852,528.4319820000001,471.1599945
texture_object,28,29360128,0.777778,229376,170,38993920,0.752941,0.996094,32,4,1.011764705882353,"[0.2529411764705882, 0.25882352941176473, 0.2529411764705882, 0.24705882352941178]","[42, 85]",1.123529,1104,24.0,4,True,42.8047945,42.797502,42.994447,37.263365,37.260911,37.264594,48.092445999999995,48.084252,48.305525,41.866487,41.863729,41.867867,1930.5795899999998,1927.750977,1934.907227,2293.1567385,2289.330078,2295.740234,485.408008,422.5679935
global_cg,32,33554432,0.888889,262144,1,262144,128.0,0.005859,1,1,1.0,[1.0],[],1.0,184,4.0,4,True,29.817376000000003,29.812657,29.845715,20.4422265,20.440009,20.444445,29.817376000000003,29.812657,29.845715,20.4422265,20.440009,20.444445,518.6396485,518.466797,519.043945,763.3701175,763.163086,764.792969,147.4720015,101.1040025
texture_object,32,33554432,0.888889,262144,1,262144,128.0,0.005859,1,1,1.0,[1.0],[],1.0,184,4.0,4,True,27.086834000000003,27.079046,27.550227,19.126589,19.116884,19.247727,27.086834000000003,27.079046,27.550227,19.126589,19.116884,19.247727,568.5371095,568.341797,569.040039,813.34375,812.34082,814.112305,157.61600049999998,111.295998
global_cg,32,33554432,0.888889,262144,1,262144,128.0,0.005859,1,1,1.0,[1.0],[],1.0,1104,24.0,4,True,43.06657,42.996082,43.206421,41.268767499999996,41.265001,41.271028,43.06657,42.996082,43.206421,41.268767499999996,41.265001,41.271028,1911.2246089999999,1909.996094,1914.18457,2018.9467775,2018.396484,2023.03125,438.29600500000004,420.000002
texture_object,32,33554432,0.888889,262144,1,262144,128.0,0.005859,1,1,1.0,[1.0],[],1.0,1104,24.0,4,True,43.211375,43.004261,43.224592,41.268767499999996,41.265001,41.461748,43.211375,43.004261,43.224592,41.268767499999996,41.265001,41.461748,1911.935059,1908.228516,1914.901367,2016.973633,2015.234375,2019.246094,438.29600500000004,418.59200599999997
global_cg,32,33554432,0.888889,262144,2,524288,64.0,0.011719,1,1,1.0,[1.0],[],1.0,184,4.0,4,True,29.824470499999997,29.7938,29.878846,20.443335,20.440009,20.444444,29.824470499999997,29.7938,29.878846,20.443335,20.440009,20.444444,518.5029294999999,517.956055,518.918945,764.6640625,764.415039,764.831055,147.4640035,101.0800025
texture_object,32,33554432,0.888889,262144,2,524288,64.0,0.011719,1,1,1.0,[1.0],[],1.0,184,4.0,4,True,27.1710275,27.086832,27.570384,19.1236755,19.113004,19.243796,27.1710275,27.086832,27.570384,19.1236755,19.113004,19.243796,568.6586915,568.255859,568.876953,812.977539,811.321289,814.908203,157.6399955,110.9519995
global_cg,32,33554432,0.888889,262144,2,524288,64.0,0.011719,1,1,1.0,[1.0],[],1.0,1104,24.0,4,True,43.134801499999995,43.007532,43.209723,41.271028,41.269521,41.272535,43.134801499999995,43.007532,43.209723,41.271028,41.269521,41.272535,1912.1811524999998,1909.535156,1913.232422,2017.705078,2016.423828,2021.045898,438.271999,419.33599849999996
texture_object,32,33554432,0.888889,262144,2,524288,64.0,0.011719,1,1,1.0,[1.0],[],1.0,1104,24.0,4,True,43.2171575,43.074719,43.219635,41.268014,41.266507,41.269521,43.2171575,43.074719,43.219635,41.268014,41.266507,41.269521,1911.7734375,1909.4375,1914.629883,2019.290039,2016.578125,2021.032227,438.304007,418.5359925
global_cg,32,33554432,0.888889,262144,4,1048576,32.0,0.023438,1,1,1.0,[1.0],[],1.0,184,4.0,4,True,29.819744,29.7938,29.859905,20.446663,20.444444,20.448882,29.819744,29.7938,29.859905,20.446663,20.444444,20.448882,518.6933595,518.461914,519.054688,763.100586,762.269531,764.561523,147.4400015,101.0960025
texture_object,32,33554432,0.888889,262144,4,1048576,32.0,0.023438,1,1,1.0,[1.0],[],1.0,184,4.0,4,True,27.1671325,27.079046,27.56635,19.1246455,19.118823,19.245762,27.1671325,27.079046,27.56635,19.1246455,19.118823,19.245762,568.5092775,568.245117,568.958008,812.247559,810.628906,814.460938,157.631997,110.96799949999999
global_cg,32,33554432,0.888889,262144,4,1048576,32.0,0.023438,1,1,1.0,[1.0],[],1.0,1104,24.0,4,True,43.169349,43.069795,43.217984,41.271028,41.271028,41.272535,43.169349,43.069795,43.217984,41.271028,41.271028,41.272535,1911.2036130000001,1908.296875,1914.134766,2018.2114259999998,2015.580078,2021.469727,438.271999,418.9999995
texture_object,32,33554432,0.888889,262144,4,1048576,32.0,0.023438,1,1,1.0,[1.0],[],1.0,1104,24.0,4,True,43.2138535,43.074719,43.221286,41.2717815,41.271028,41.277054,43.2138535,43.074719,43.221286,41.2717815,41.271028,41.277054,1911.073242,1906.874023,1912.248047,2020.057129,2014.723633,2021.807617,438.26399749999996,418.5680005
global_cg,32,33554432,0.888889,262144,8,2097152,16.0,0.046875,2,1,1.0,[1.0],[],1.125,184,4.0,4,True,29.800870500000002,29.784381,29.812657,20.37504,20.303448,20.446663,33.525980000000004,33.507429,33.53924,22.92192,22.841378,23.002496,520.2993165,520.21582,520.829102,766.1499025,764.575195,767.163086,147.9600035,101.160003
texture_object,32,33554432,0.888889,262144,8,2097152,16.0,0.046875,2,1,1.0,[1.0],[],1.125,184,4.0,4,True,27.5643375,27.514019,27.578455,19.1285285,19.128528,19.368422,31.0098795,30.953271,31.025762,21.5195945,21.519594,21.789475,567.033203,566.942383,567.421875,811.975586,810.287109,813.766602,157.599997,109.3679985
global_cg,32,33554432,0.888889,262144,8,2097152,16.0,0.046875,2,1,1.0,[1.0],[],1.125,1104,24.0,4,True,38.3400935,38.325797,38.494143,36.953975,36.950351,37.031447,43.1326055,43.116521,43.305911,41.573222,41.569145,41.660378,2151.4047855,2149.337891,2153.568359,2254.1528319999998,2251.353516,2256.375977,489.472002,471.7760015
texture_object,32,33554432,0.888889,262144,8,2097152,16.0,0.046875,2,1,1.0,[1.0],[],1.125,1104,24.0,4,True,43.213027,43.038642,43.214679,41.257473,41.085041,41.271028,48.614655,48.418473,48.616514,46.414657500000004,46.220672,46.429907,1921.9887695000002,1918.984375,1924.097656,2031.3769535000001,2029.291016,2032.180664,438.4160115,418.576002
global_cg,32,33554432,0.888889,262144,16,4194304,8.0,0.09375,3,1,1.0,[1.0],[],1.125,184,4.0,4,True,29.824459500000003,29.803226,29.855173,20.4422265,20.440009,20.446663,33.5525175,33.528629,33.58707,22.997504499999998,22.99501,23.002496,514.673828,514.402344,514.834961,759.6166995,757.249023,761.80957,147.4720015,101.0800025
texture_object,32,33554432,0.888889,262144,16,4194304,8.0,0.09375,3,1,1.0,[1.0],[],1.125,184,4.0,4,True,27.598653,27.578455,27.598653,19.368422,19.366431,19.370413,31.048485,31.025762,31.048485,21.789475,21.787234,21.791714,559.071289,558.448242,559.457031,803.0810544999999,802.675781,803.770508,155.647993,109.231997
global_cg,32,33554432,0.888889,262144,16,4194304,8.0,0.09375,3,1,1.0,[1.0],[],1.125,1104,24.0,4,True,38.342044,38.334894,38.499388,36.953975,36.951558,37.10559,43.1347995,43.126755,43.311812,41.573222,41.570503,41.743789,2151.1108395,2149.083984,2156.541992,2252.8256835,2248.686523,2259.741211,489.472002,471.752003
texture_object,32,33554432,0.888889,262144,16,4194304,8.0,0.09375,3,1,1.0,[1.0],[],1.125,1104,24.0,4,True,43.155351499999995,43.009168,43.213027,41.268013999999994,41.076085,41.272535,48.549769999999995,48.385315,48.614655,46.426516,46.210596,46.431602,1921.8583985,1920.591797,1923.37207,2029.421875,2026.592773,2031.517578,438.304007,419.13600299999996
global_cg,32,33554432,0.888889,262144,32,8388608,4.0,0.1875,6,1,1.0,[1.0],[],1.125,184,4.0,4,True,30.4142055,30.399483,30.433855,20.5181475,20.444444,20.727832,34.215981,34.199418,34.238087,23.0829165,22.999999,23.318811,511.04541,510.584961,511.249023,756.3686525,755.067383,756.899414,146.9279975,99.120002
texture_object,32,33554432,0.888889,262144,32,8388608,4.0,0.1875,6,1,1.0,[1.0],[],1.125,184,4.0,4,True,28.092441,28.071514,28.121792,19.622579,19.618493,19.626666,31.603997,31.580453,31.637016,22.075401499999998,22.070805,22.079999,552.694336,552.46582,553.193359,798.230957,795.954102,799.984375,153.632,107.311998
global_cg,32,33554432,0.888889,262144,32,8388608,4.0,0.1875,6,1,1.0,[1.0],[],1.125,1104,24.0,4,True,38.343995,38.337494,38.498077,36.952163,36.949145,37.030234,43.1369945,43.129681,43.310336,41.571183500000004,41.567788,41.659013,2150.4370115,2148.036133,2156.244141,2253.361328,2250.417969,2256.665039,489.496,471.727997
texture_object,32,33554432,0.888889,262144,32,8388608,4.0,0.1875,6,1,1.0,[1.0],[],1.125,1104,24.0,4,True,43.2039445,43.005895,43.214679,41.2650015,41.182325,41.274042,48.604437,48.381632,48.616514,46.4231265,46.330115,46.433298,1920.206543,1919.689453,1920.476562,2030.465332,2027.276367,2034.119141,438.3360075,418.664001
global_cg,32,33554432,0.888889,262144,42,11010048,3.047619,0.246094,8,1,1.0,[1.0],[],1.119048,184,4.0,4,True,30.421572,29.817375,30.44861,20.727833,20.435574,20.732394,34.043188,33.367063,34.073444,23.1954325,22.86838,23.200536,509.6015625,509.147461,514.862305,755.6362305,754.223633,760.693359,145.44000499999999,99.096002
texture_object,32,33554432,0.888889,262144,42,11010048,3.047619,0.246094,8,1,1.0,[1.0],[],1.119048,184,4.0,4,True,28.1071095,28.105013,28.1134,19.620536,19.614408,19.626666,31.453194,31.450848,31.460233,21.956314,21.949456,21.963174,550.7622075,550.491211,555.023438,796.989746,794.888672,801.932617,153.6479965,107.25599700000001
global_cg,32,33554432,0.888889,262144,42,11010048,3.047619,0.246094,8,1,1.0,[1.0],[],1.119048,1104,24.0,4,True,38.592848000000004,37.847205,38.674558,37.222297499999996,36.491155,37.260911,43.1872345,42.352825,43.278672,41.653523500000006,40.83534,41.696733,2138.8920900000003,2135.510742,2190.810547,2240.072266,2232.37207,2290.745117,485.9439955,468.687996
texture_object,32,33554432,0.888889,262144,42,11010048,3.047619,0.246094,8,1,1.0,[1.0],[],1.119048,1104,24.0,4,True,43.217984,42.386712,43.222939,41.265001,40.507956,41.265001,48.362982,47.43275,48.368527,46.177501,45.330332,46.177501,1920.9135744999999,1912.893555,1965.25293,2030.3422850000002,2022.225586,2070.919922,438.336015,418.527991
global_cg,32,33554432,0.888889,262144,43,11272192,2.976744,0.251953,9,2,1.0232558139534884,"[1.0, 0.023255813953488372]",[42],1.139535,184,4.0,4,True,30.4240275,30.404388,30.438772,16.92106,16.913466,16.937792,34.6692405,34.646861,34.686042,19.282138,19.273484,19.301204,510.938965,510.777344,511.552734,923.8666995,920.945312,924.93457,178.159997,99.08800199999999
texture_object,32,33554432,0.888889,262144,43,11272192,2.976744,0.251953,9,2,1.0232558139534884,"[1.0, 0.023255813953488372]",[42],1.139535,184,4.0,4,True,28.098726,28.084067,28.130189,16.1779075,16.174436,16.260982,32.019478500000005,32.002774,32.055332,18.4352905,18.431334,18.529956,551.9257809999999,551.84082,552.885742,965.911621,962.283203,967.121094,186.344001,107.28799699999999
global_cg,32,33554432,0.888889,262144,43,11272192,2.976744,0.251953,9,2,1.0232558139534884,"[1.0, 0.023255813953488372]",[42],1.139535,1104,24.0,4,True,37.9330765,37.845938,38.011364,36.4923335,36.487622,36.493512,43.226064,43.126766,43.315276,41.584287,41.578918,41.58563,2179.4702150000003,2174.115234,2181.717773,2284.2890625,2278.255859,2288.384766,495.6640005,476.839997
texture_object,32,33554432,0.888889,262144,43,11272192,2.976744,0.251953,9,2,1.0232558139534884,"[1.0, 0.023255813953488372]",[42],1.139535,1104,24.0,4,True,42.792642,42.59272,42.802361,40.696066,40.69167,40.700462,48.763709000000006,48.53589,48.774784,46.374586,46.369577,46.379596,1941.463867,1939.667969,1945.62793,2056.786621,2055.044922,2063.146484,444.463998,422.6879925
global_cg,32,33554432,0.888889,262144,64,16777216,2.0,0.375,12,2,1.015625,"[0.671875, 0.34375]",[42],1.125,184,4.0,4,True,30.426485,30.399483,30.453531,15.655671,15.649169,15.659574,34.2297955,34.199418,34.260223,17.612630000000003,17.605315,17.617021,508.4760745,508.407227,508.561523,1006.4648434999999,1005.067383,1007.598633,192.560002,99.08000200000001
texture_object,32,33554432,0.888889,262144,64,16777216,2.0,0.375,12,2,1.015625,"[0.671875, 0.34375]",[42],1.125,184,4.0,4,True,28.102916999999998,28.096631,28.138589,15.01981,15.018014,15.022803,31.615781499999997,31.608709,31.655913,16.897286,16.895265,16.900654,549.1826175,548.790039,549.630859,1047.791504,1045.829102,1050.354492,200.711995,107.271997
global_cg,32,33554432,0.888889,262144,64,16777216,2.0,0.375,12,2,1.015625,"[0.671875, 0.34375]",[42],1.125,1104,24.0,4,True,38.336194,38.332293,38.410438,35.832018500000004,35.754824,35.902437,43.128218,43.12383,43.211743,40.3110205,40.224177,40.390242,2150.9067379999997,2148.130859,2154.412109,2340.85498,2338.945312,2345.201172,504.8000215,471.82399
texture_object,32,33554432,0.888889,262144,64,16777216,2.0,0.375,12,2,1.015625,"[0.671875, 0.34375]",[42],1.125,1104,24.0,4,True,42.7910225,42.605564,42.795881,39.424446,39.421697,39.427195,48.1399,47.931259,48.145366,44.352502,44.349409,44.355595,1938.7285155,1936.21875,1941.348633,2143.862305,2142.000977,2150.522461,458.800003,422.7039965
global_cg,32,33554432,0.888889,262144,85,22282240,1.505882,0.498047,16,2,1.011764705882353,"[0.5058823529411764, 0.5058823529411764]",[42],1.117647,184,4.0,4,True,30.441231000000002,30.419115,30.453531,15.995246,15.991852,16.0,34.0225525,33.997834,34.0363,17.877039,17.873247,17.882353,507.6713865,507.317383,507.75,988.326172,985.34668,989.935547,188.472003,99.032002
texture_object,32,33554432,0.888889,262144,85,22282240,1.505882,0.498047,16,2,1.011764705882353,"[0.5058823529411764, 0.5058823529411764]",[42],1.117647,184,4.0,4,True,28.1154975,28.109206,28.121792,15.330838,15.32959,15.333333,31.4232035,31.416171,31.430238,17.134466,17.133072,17.137254,547.7358395,547.362305,548.167969,1027.2958985,1026.988281,1028.339844,196.64,107.223997
global_cg,32,33554432,0.888889,262144,85,22282240,1.505882,0.498047,16,2,1.011764705882353,"[0.5058823529411764, 0.5058823529411764]",[42],1.117647,1104,24.0,4,True,38.672574,38.601926,38.678527,35.9058605,35.89788,36.042082,43.2222885,43.143329,43.228942,40.130078999999995,40.12116,40.282327,2139.819336,2133.737305,2140.65625,2336.9316405,2328.072266,2339.558594,503.759995,467.7199945
texture_object,32,33554432,0.888889,262144,85,22282240,1.505882,0.498047,16,2,1.011764705882353,"[0.5058823529411764, 0.5058823529411764]",[42],1.117647,1104,24.0,4,True,43.000989,42.805603,43.004259,39.423072,39.420322,39.427195,48.059929,47.841557,48.063584,44.061081,44.058007,44.065689,1930.441406,1928.81543,1935.474609,2152.1621095,2140.588867,2154.991211,458.815992,420.63999950000004
global_cg,32,33554432,0.888889,262144,86,22544384,1.488372,0.503906,17,3,1.0232558139534884,"[0.5, 0.5116279069767442, 0.011627906976744186]","[42, 85]",1.127907,184,4.0,4,True,30.4264835,30.414204,30.433855,15.173425,15.170371,15.17648,34.318242999999995,34.304393,34.326557,17.1142125,17.110767,17.117658,508.2329105,507.678711,508.40918,1035.538086,1034.5625,1038.279297,198.679995,99.08000200000001
texture_object,32,33554432,0.888889,262144,86,22544384,1.488372,0.503906,17,3,1.0232558139534884,"[0.5, 0.5116279069767442, 0.011627906976744186]","[42, 85]",1.127907,184,4.0,4,True,28.100821,28.088253,28.105013,14.574258,14.572003,14.57764,31.695112,31.680937,31.69984,16.438407,16.435864,16.442222,548.4345705000001,548.163086,548.72168,1076.1640625,1072.000977,1077.959961,206.847996,107.279997
global_cg,32,33554432,0.888889,262144,86,22544384,1.488372,0.503906,17,3,1.0232558139534884,"[0.5, 0.5116279069767442, 0.011627906976744186]","[42, 85]",1.127907,1104,24.0,4,True,38.333593,38.26612,38.338794,35.610659999999996,35.608416,35.612904,43.236728,43.160624,43.242593,40.165511499999994,40.16298,40.168043,2157.3813474999997,2153.475586,2160.220703,2359.567871,2355.22168,2361.358398,507.93600100000003,471.855998
texture_object,32,33554432,0.888889,262144,86,22544384,1.488372,0.503906,17,3,1.0232558139534884,"[0.5, 0.5116279069767442, 0.011627906976744186]","[42, 85]",1.127907,1104,24.0,4,True,42.695856,42.60235,42.789402,39.075595,39.074244,39.079645,48.156954,48.051488,48.262465,44.07363599999999,44.072112,44.078205,1943.894531,1943.222656,1949.580078,2165.8764645,2162.323242,2167.792969,462.8959895,423.648
global_cg,32,33554432,0.888889,262144,128,33554432,1.0,0.75,24,3,1.015625,"[0.3359375, 0.34375, 0.3359375]","[42, 85]",1.125,184,4.0,4,True,30.443691,30.424027,30.44861,13.6271655,13.624702,13.628644,34.249151999999995,34.22703,34.254686,15.3305615,15.32779,15.332224,507.0458985,506.671875,507.3125,1162.6552735,1159.685547,1164.739258,221.223995,99.0240015
texture_object,32,33554432,0.888889,262144,128,33554432,1.0,0.75,24,3,1.015625,"[0.3359375, 0.34375, 0.3359375]","[42, 85]",1.125,184,4.0,4,True,28.1092065,28.105013,28.197545,13.146985,13.141024,13.260328,31.622857,31.618139,31.722238,14.790358000000001,14.783652,14.917869,546.7978515,546.550781,547.211914,1202.1357425,1199.72168,1204.319336,229.30399699999998,107.247997
global_cg,32,33554432,0.888889,262144,128,33554432,1.0,0.75,24,3,1.015625,"[0.3359375, 0.34375, 0.3359375]","[42, 85]",1.125,1104,24.0,4,True,38.342694,38.334894,38.499387,34.497894,34.496841,34.633173,43.135531,43.126755,43.31181,38.8101305,38.808946,38.962319,2152.251953,2149.180664,2155.800781,2447.9331055000002,2444.861328,2451.495117,524.3200065,471.744001
texture_object,32,33554432,0.888889,262144,128,33554432,1.0,0.75,24,3,1.015625,"[0.3359375, 0.34375, 0.3359375]","[42, 85]",1.125,1104,24.0,4,True,42.7999315,42.597535,42.802361,37.73918,37.582979,37.73981,48.1499225,47.922226,48.152656,42.4565775,42.280851,42.457286,1939.5629884999998,1938.414062,1943.137695,2263.5561525000003,2255.858398,2266.369141,479.287997,422.616005
global_cg,32,33554432,0.888889,262144,129,33816576,0.992248,0.755859,25,4,1.0155038759689923,"[0.3333333333333333, 0.34108527131782945, 0.3333333333333333, 0.007751937984496124]","[42, 85]",1.124031,184,4.0,4,True,30.424027,30.409296,30.42894,13.446760000000001,13.439087,13.503619,34.197549,34.180991,34.203072,15.1145755,15.10595,15.178487,507.48681650000003,506.583008,507.538086,1179.8046875,1176.244141,1182.0,224.1919975,99.088002
texture_object,32,33554432,0.888889,262144,129,33816576,0.992248,0.755859,25,4,1.0155038759689923,"[0.3333333333333333, 0.34108527131782945, 0.3333333333333333, 0.007751937984496124]","[42, 85]",1.124031,184,4.0,4,True,28.111304,28.092441,28.121792,13.026098000000001,13.024748,13.02835,31.5979775,31.576775,31.609766,14.641738,14.64022,14.64427,547.1445309999999,546.825195,547.358398,1218.4096675,1217.571289,1219.524414,231.432002,107.239997
global_cg,32,33554432,0.888889,262144,129,33816576,0.992248,0.755859,25,4,1.0155038759689923,"[0.3333333333333333, 0.34108527131782945, 0.3333333333333333, 0.007751937984496124]","[42, 85]",1.124031,1104,24.0,4,True,38.50201,38.345296,38.508568,34.4994735,34.497894,34.50316,43.277453,43.101302,43.284824,38.778478,38.776703,38.782621,2148.8168944999998,2144.371094,2154.717773,2448.2026365,2441.530273,2454.435547,524.2960009999999,469.7919935
texture_object,32,33554432,0.888889,262144,129,33816576,0.992248,0.755859,25,4,1.0155038759689923,"[0.3333333333333333, 0.34108527131782945, 0.3333333333333333, 0.007751937984496124]","[42, 85]",1.124031,1104,24.0,4,True,42.799932,42.797502,42.800742,37.700207,37.582979,37.74107,48.108451,48.105719,48.109361,42.3762015,42.244434,42.422133,1937.935547,1934.239258,1942.314453,2266.8261715,2259.767578,2269.270508,479.783997,422.6159975
global_cg,32,33554432,0.888889,262144,170,44564480,0.752941,0.996094,32,4,1.011764705882353,"[0.2529411764705882, 0.25882352941176473, 0.2529411764705882, 0.24705882352941178]","[42, 85]",1.123529,184,4.0,4,True,30.428941000000002,30.399483,30.468305,12.47375,12.472925,12.47375,34.18781,34.154713,34.232037,14.014625,14.013698,14.014625,506.5356445,506.264648,506.804688,1275.0708005000001,1272.52832,1279.239258,241.680004,99.072002
texture_object,32,33554432,0.888889,262144,170,44564480,0.752941,0.996094,32,4,1.011764705882353,"[0.2529411764705882, 0.25882352941176473, 0.2529411764705882, 0.24705882352941178]","[42, 85]",1.123529,184,4.0,4,True,28.125994499999997,28.109206,28.639004,12.163718500000002,12.160578,12.165289,31.600382500000002,31.581519,32.176763,13.6662955,13.662767,13.66806,545.98584,545.865234,546.523438,1309.8310545,1308.407227,1314.886719,247.83999849999998,107.1840005
global_cg,32,33554432,0.888889,262144,170,44564480,0.752941,0.996094,32,4,1.011764705882353,"[0.2529411764705882, 0.25882352941176473, 0.2529411764705882, 0.24705882352941178]","[42, 85]",1.123529,1104,24.0,4,True,38.3472465,38.338794,38.504632,33.45108,33.329283,33.454545,43.084259,43.074762,43.261087,37.583271999999994,37.44643,37.587165,2147.2421875,2144.021484,2152.141602,2542.660156,2535.944336,2547.697266,540.728018,471.688002
texture_object,32,33554432,0.888889,262144,170,44564480,0.752941,0.996094,32,4,1.011764705882353,"[0.2529411764705882, 0.25882352941176473, 0.2529411764705882, 0.24705882352941178]","[42, 85]",1.123529,1104,24.0,4,True,42.7983115,42.791022,42.808846,36.345679000000004,36.341006,36.350353,48.0851615,48.076972,48.096997,40.835438999999994,40.830189,40.840691,1935.0268554999998,1932.985352,1936.206055,2365.9243159999996,2357.865234,2368.608398,497.66400450000003,422.6320085
global_cg,36,37748736,1.0,294912,1,294912,128.0,0.005859,1,1,1.0,[1.0],[],1.0,184,4.0,4,True,24.396737,24.380952,24.399896,18.403594499999997,18.401797,18.517543,24.396737,24.380952,24.399896,18.403594499999997,18.401797,18.517543,621.4262695,618.132812,622.699219,839.1259765,837.711914,840.547852,163.8079995,123.568002
texture_object,36,37748736,1.0,294912,1,294912,128.0,0.005859,1,1,1.0,[1.0],[],1.0,184,4.0,4,True,22.771011,22.599976,22.877125,17.5205505,17.518921,17.52381,22.771011,22.599976,22.877125,17.5205505,17.518921,17.52381,669.685547,665.951172,673.323242,887.506348,885.390625,890.047852,172.06400250000002,132.3920005
global_cg,36,37748736,1.0,294912,1,294912,128.0,0.005859,1,1,1.0,[1.0],[],1.0,1104,24.0,4,True,43.002624499999996,42.996082,43.007532,40.885192,40.71072,40.88741,43.002624499999996,42.996082,43.007532,40.885192,40.71072,40.88741,1908.7363285000001,1904.311523,1911.379883,2037.2036134999998,2036.848633,2042.291016,442.4080025,420.624003
texture_object,36,37748736,1.0,294912,1,294912,128.0,0.005859,1,1,1.0,[1.0],[],1.0,1104,24.0,4,True,43.0099865,43.002624,43.017352,40.882236000000006,40.701926,40.888889,43.0099865,43.002624,43.017352,40.882236000000006,40.701926,40.888889,1907.501953,1904.604492,1911.09082,2037.8432615,2035.580078,2040.109375,442.43998799999997,420.552
global_cg,36,37748736,1.0,294912,2,589824,64.0,0.011719,1,1,1.0,[1.0],[],1.0,184,4.0,4,True,24.377798,24.374644,24.396737,18.404493,18.403594,18.408989,24.377798,24.374644,24.396737,18.404493,18.403594,18.408989,620.4111330000001,618.857422,626.275391,839.599121,836.635742,840.853516,163.800001,123.66400300000001
texture_object,36,37748736,1.0,294912,2,589824,64.0,0.011719,1,1,1.0,[1.0],[],1.0,184,4.0,4,True,22.839693500000003,22.524327,22.857697,17.5238095,17.52055,17.525439,22.839693500000003,22.524327,22.857697,17.5238095,17.52055,17.525439,672.385254,668.542969,675.384766,887.763672,884.363281,888.443359,172.0320025,131.99200100000002
global_cg,36,37748736,1.0,294912,2,589824,64.0,0.011719,1,1,1.0,[1.0],[],1.0,1104,24.0,4,True,43.012442,43.004259,43.014077,40.8755855,40.794458,40.885931,43.012442,43.004259,43.014077,40.8755855,40.794458,40.885931,1908.1347660000001,1906.943359,1910.176758,2038.1118164999998,2034.229492,2042.481445,442.5120055,420.527995
texture_object,36,37748736,1.0,294912,2,589824,64.0,0.011719,1,1,1.0,[1.0],[],1.0,1104,24.0,4,True,43.0099865,43.002624,43.114144,40.880757,40.698996,40.884453,43.0099865,43.002624,43.114144,40.880757,40.698996,40.884453,1907.036621,1904.348633,1909.693359,2038.2456055,2036.43457,2042.654297,442.45599200000004,420.552
global_cg,36,37748736,1.0,294912,4,1179648,32.0,0.023438,1,1,1.0,[1.0],[],1.0,184,4.0,4,True,24.3841085,24.368339,24.399896,18.461457,18.398203,18.625543,24.3841085,24.368339,24.399896,18.461457,18.398203,18.625543,619.599121,617.666992,620.46875,837.92041,835.880859,842.554688,163.2959995,123.6320025
texture_object,36,37748736,1.0,294912,4,1179648,32.0,0.023438,1,1,1.0,[1.0],[],1.0,184,4.0,4,True,22.6925205,22.556686,22.857697,17.525439,17.52055,17.527069,22.6925205,22.556686,22.857697,17.525439,17.52055,17.527069,669.0527345,663.820312,671.386719,885.2167965,882.035156,888.194336,172.016002,132.848002
global_cg,36,37748736,1.0,294912,4,1179648,32.0,0.023438,1,1,1.0,[1.0],[],1.0,1104,24.0,4,True,43.003441499999994,42.999354,43.10757,40.884453,40.791513,40.888889,43.003441499999994,42.999354,43.10757,40.884453,40.791513,40.888889,1908.942383,1906.456055,1909.367188,2039.466797,2037.255859,2041.796875,442.415997,420.6160085
texture_object,36,37748736,1.0,294912,4,1179648,32.0,0.023438,1,1,1.0,[1.0],[],1.0,1104,24.0,4,True,43.005079499999994,42.999352,43.035365,40.879279,40.704858,40.885931,43.005079499999994,42.999352,43.035365,40.879279,40.704858,40.885931,1907.118164,1904.960938,1909.032227,2037.859375,2035.547852,2039.196289,442.471996,420.59999700000003
global_cg,36,37748736,1.0,294912,8,2359296,16.0,0.046875,2,1,1.0,[1.0],[],1.125,184,4.0,4,True,24.377797,24.368339,24.399896,18.401797,18.396407,18.403594,27.425022,27.414381,27.449883,20.702022,20.695957,20.704043,619.8413085,619.038086,625.248047,840.0644535,837.525391,841.979492,163.8239995,123.664003
texture_object,36,37748736,1.0,294912,8,2359296,16.0,0.046875,2,1,1.0,[1.0],[],1.125,184,4.0,4,True,22.8618575,22.857697,22.87157,17.5246245,17.52055,17.625444,25.71959,25.714909,25.730516,19.7152025,19.710619,19.828625,669.456543,667.303711,671.207031,884.6606445,882.114258,887.541992,172.024004,131.86399999999998
global_cg,36,37748736,1.0,294912,8,2359296,16.0,0.046875,2,1,1.0,[1.0],[],1.125,1104,24.0,4,True,38.290150999999994,38.174377,38.336194,36.6431455,36.642552,36.7223,43.0764195,42.946175,43.128218,41.223539,41.222871,41.312587,2148.0981444999998,2146.475586,2152.661133,2270.107422,2264.463867,2272.636719,493.6239945,472.3919925
texture_object,36,37748736,1.0,294912,8,2359296,16.0,0.046875,2,1,1.0,[1.0],[],1.125,1104,24.0,4,True,43.00426,43.000988,43.007532,40.699729000000005,40.696066,40.884453,48.379791999999995,48.376112,48.383473,45.7871955,45.783074,45.995009,1914.4985350000002,1912.417969,1919.488281,2050.4033205,2047.646484,2053.303711,444.42398849999995,420.6080065
global_cg,36,37748736,1.0,294912,16,4718592,8.0,0.09375,3,1,1.0,[1.0],[],1.125,184,4.0,4,True,24.415706,24.384107,24.778537,18.629226,18.512085,18.632912,27.467669,27.432121,27.875854,20.95788,20.826096,20.962026,616.2695315,613.854492,619.501953,835.4760739999999,834.24707,836.896484,161.824003,123.4720015
texture_object,36,37748736,1.0,294912,16,4718592,8.0,0.09375,3,1,1.0,[1.0],[],1.125,184,4.0,4,True,22.884071499999997,22.882682,23.195371,17.7341045,17.731601,17.736609,25.74458,25.743017,26.094792,19.950868,19.948051,19.953685,660.78418,659.041992,662.891602,875.9931645,874.945312,878.819336,169.9920035,131.735999
global_cg,36,37748736,1.0,294912,16,4718592,8.0,0.09375,3,1,1.0,[1.0],[],1.125,1104,24.0,4,True,38.3342435,38.173088,38.340093,36.646114499999996,36.643739,36.791617,43.126024,42.944724,43.132605,41.226879,41.224207,41.390569,2148.0317379999997,2145.585938,2149.279297,2269.287109,2262.947266,2273.066406,493.584007,471.84799599999997
texture_object,36,37748736,1.0,294912,16,4718592,8.0,0.09375,3,1,1.0,[1.0],[],1.125,1104,24.0,4,True,43.006713500000004,43.000988,43.010805,40.7019265,40.69167,40.88741,48.382553,48.376112,48.387156,45.7896675,45.778129,45.998336,1914.3310545,1908.520508,1916.711914,2049.932129,2047.780273,2053.249023,444.399998,420.58400800000004
global_cg,36,37748736,1.0,294912,32,9437184,4.0,0.1875,6,1,1.0,[1.0],[],1.125,184,4.0,4,True,24.781798000000002,24.752495,24.791579,18.6301475,18.620022,18.632912,27.8795225,27.846557,27.890526,20.9589165,20.947524,20.962026,612.1274415,611.886719,612.741211,830.0234375,829.303711,832.576172,161.816001,121.64800249999999
texture_object,36,37748736,1.0,294912,32,9437184,4.0,0.1875,6,1,1.0,[1.0],[],1.125,184,4.0,4,True,23.2296885,23.221098,23.24115,17.738279,17.73494,17.942672,26.1333995,26.123736,26.146293,19.9555635,19.951807,20.185506,654.6420895,651.734375,656.306641,872.770996,869.923828,873.294922,169.9520015,129.776001
global_cg,36,37748736,1.0,294912,32,9437184,4.0,0.1875,6,1,1.0,[1.0],[],1.125,1104,24.0,4,True,38.295969,38.174377,38.340093,36.6467085,36.644927,36.723493,43.082965,42.946175,43.132605,41.2275475,41.225543,41.31393,2148.5351565,2146.831055,2150.130859,2267.5698245000003,2262.805664,2271.868164,493.576005,472.3200055
texture_object,36,37748736,1.0,294912,32,9437184,4.0,0.1875,6,1,1.0,[1.0],[],1.125,1104,24.0,4,True,43.007532,42.996082,43.009168,40.698263499999996,40.6946,40.884453,48.383473,48.370593,48.385315,45.7855465,45.781425,45.995009,1912.5214845,1908.329102,1916.982422,2049.6728515,2045.15332,2052.331055,444.43999199999996,420.576006
global_cg,36,37748736,1.0,294912,42,12386304,3.047619,0.246094,8,1,1.0,[1.0],[],1.119048,184,4.0,4,True,24.7932105,24.785056,24.929346,18.635676500000002,18.632912,18.642129,27.7447835,27.735658,27.897126,20.854209500000003,20.851116,20.861431,608.342773,605.123047,614.44043,829.947266,825.429688,831.25293,161.76799699999998,121.59200200000001
texture_object,36,37748736,1.0,294912,42,12386304,3.047619,0.246094,8,1,1.0,[1.0],[],1.119048,184,4.0,4,True,23.4626255,23.226824,23.578526,17.943527,17.842424,17.95122,26.255795,25.991922,26.385493,20.0796615,19.966523,20.08827,653.8125,652.977539,655.341797,869.3066405,868.891602,873.882812,168.0080035,128.4880005
global_cg,36,37748736,1.0,294912,42,12386304,3.047619,0.246094,8,1,1.0,[1.0],[],1.119048,1104,24.0,4,True,38.5066,38.504632,38.584798,36.951559,36.797605,36.953975,43.090719,43.088517,43.178226,41.350554,41.178272,41.353257,2136.991211,2131.09082,2141.580078,2258.7749025000003,2250.644531,2263.960938,489.504002,469.735995
texture_object,36,37748736,1.0,294912,42,12386304,3.047619,0.246094,8,1,1.0,[1.0],[],1.119048,1104,24.0,4,True,43.0165335,43.00099,43.125658,40.888889,40.797403,40.888889,48.137549,48.120155,48.259665,45.756614,45.654237,45.756614,1918.7314455,1916.513672,1920.668945,2054.546875,2052.229492,2056.170898,442.368001,420.488
global_cg,36,37748736,1.0,294912,43,12681216,2.976744,0.251953,9,2,1.0232558139534884,"[1.0, 0.023255813953488372]",[42],1.139535,184,4.0,4,True,24.368339,24.358887,24.371491,16.1765185,16.171659,16.178602,27.768572499999998,27.757802,27.772164,18.433707499999997,18.42817,18.436082,623.611816,622.290039,624.543945,968.4868165,962.166992,969.589844,186.3600015,123.71200300000001
texture_object,36,37748736,1.0,294912,43,12681216,2.976744,0.251953,9,2,1.0232558139534884,"[1.0, 0.023255813953488372]",[42],1.139535,184,4.0,4,True,22.868794,22.857697,22.885461,15.496011,15.493462,15.501111,26.059789000000002,26.047143,26.078781,17.658245,17.655341,17.664056,666.918457,666.515625,669.699219,1008.3413085,1006.928711,1010.817383,194.544002,131.8240055
global_cg,36,37748736,1.0,294912,43,12681216,2.976744,0.251953,9,2,1.0232558139534884,"[1.0, 0.023255813953488372]",[42],1.139535,1104,24.0,4,True,37.848472,37.845938,37.849739,36.193245000000005,36.192086,36.195563,43.129654,43.126766,43.131097,41.243465,41.242144,41.246106,2178.352539,2170.541992,2181.37793,2304.9702150000003,2298.564453,2305.807617,499.760002,477.903992
texture_object,36,37748736,1.0,294912,43,12681216,2.976744,0.251953,9,2,1.0232558139534884,"[1.0, 0.023255813953488372]",[42],1.139535,1104,24.0,4,True,42.589512,42.586304,42.591117,40.148306500000004,40.14688,40.323013,48.532234,48.528579,48.534063,45.750395999999995,45.748771,45.94948,1943.051758,1942.097656,1944.874023,2086.1088865,2084.996094,2090.917969,450.52799600000003,424.704
global_cg,36,37748736,1.0,294912,64,18874368,2.0,0.375,12,2,1.015625,"[0.671875, 0.34375]",[42],1.125,184,4.0,4,True,22.5041515,22.195311,22.518943,14.570313,14.531544,14.572003,25.3171695,24.969725,25.333811,16.391602,16.347987,16.393503,674.5776365,671.499023,678.994141,1080.8168945,1079.963867,1084.570312,206.9040015,133.960001
texture_object,36,37748736,1.0,294912,64,18874368,2.0,0.375,12,2,1.015625,"[0.671875, 0.34375]",[42],1.125,184,4.0,4,True,21.220408,21.218018,21.22758,14.020090499999998,14.018004,14.087177,23.872958500000003,23.87027,23.881027,15.772602500000001,15.770255,15.848075,715.2163085,713.27832,718.415039,1118.8071289999998,1114.908203,1123.708008,215.024002,142.06400150000002
global_cg,36,37748736,1.0,294912,64,18874368,2.0,0.375,12,2,1.015625,"[0.671875, 0.34375]",[42],1.125,1104,24.0,4,True,38.176311,38.171799,38.329695,35.185609,35.182871,35.322482,42.94835,42.943274,43.120906,39.5838105,39.58073,39.737792,2149.117676,2143.785156,2151.404297,2383.529297,2383.035156,2387.657227,514.071986,473.799996
texture_object,36,37748736,1.0,294912,64,18874368,2.0,0.375,12,2,1.015625,"[0.671875, 0.34375]",[42],1.125,1104,24.0,4,True,42.5895125,42.388302,42.59272,38.566370000000006,38.562422,38.567686,47.9132015,47.68684,47.91681,43.3871665,43.382725,43.388647,1933.7104494999999,1932.280273,1934.37793,2191.1621095,2189.764648,2193.649414,469.007999,424.70399299999997
global_cg,36,37748736,1.0,294912,85,25067520,1.505882,0.498047,16,2,1.011764705882353,"[0.5058823529411764, 0.5058823529411764]",[42],1.117647,184,4.0,4,True,22.524328,22.494746,22.532408,14.678796,14.576512,14.717701,25.174249500000002,25.141186,25.183279,16.405713,16.291396,16.449195,681.408203,671.90625,682.578125,1073.029297,1071.261719,1074.290039,205.376003,133.83999849999998
texture_object,36,37748736,1.0,294912,85,25067520,1.505882,0.498047,16,2,1.011764705882353,"[0.5058823529411764, 0.5058823529411764]",[42],1.117647,184,4.0,4,True,21.2204085,21.215629,21.225189,14.151188999999999,14.149595,14.155973,23.7169265,23.711586,23.72227,15.8160345,15.814253,15.821381,723.037598,719.572266,726.381836,1113.573242,1105.693359,1117.647461,213.03199949999998,142.0639975
global_cg,36,37748736,1.0,294912,85,25067520,1.505882,0.498047,16,2,1.011764705882353,"[0.5058823529411764, 0.5058823529411764]",[42],1.117647,1104,24.0,4,True,38.5131585,38.502009,38.592702,35.325241,35.321378,35.327998,43.044118499999996,43.031657,43.133019,39.481151999999994,39.476834,39.484233,2135.9326175,2134.839844,2136.579102,2384.2807615,2382.993164,2389.168945,512.039989,469.6559985
texture_object,36,37748736,1.0,294912,85,25067520,1.505882,0.498047,16,2,1.011764705882353,"[0.5058823529411764, 0.5058823529411764]",[42],1.117647,1104,24.0,4,True,42.795071,42.758652,42.797502,38.564396,38.48497,38.567686,47.8297855,47.789082,47.832502,43.101383999999996,43.012614,43.105061,1933.2431645,1930.297852,1936.894531,2203.1577150000003,2197.932617,2208.151367,469.03200449999997,422.664002
global_cg,36,37748736,1.0,294912,86,25362432,1.488372,0.503906,17,3,1.0232558139534884,"[0.5, 0.5116279069767442, 0.011627906976744186]","[42, 85]",1.127907,184,4.0,4,True,22.1744135,22.156163,22.353304,14.291803999999999,14.288011,14.292346,25.010675499999998,24.990091,25.212447,16.119826,16.115547,16.120437,686.904297,682.814453,690.489258,1105.650879,1103.700195,1109.163086,210.93599899999998,135.95200699999998
texture_object,36,37748736,1.0,294912,86,25362432,1.488372,0.503906,17,3,1.0232558139534884,"[0.5, 0.5116279069767442, 0.011627906976744186]","[42, 85]",1.127907,184,4.0,4,True,21.208465,21.070901,21.213241,13.7575115,13.756005,13.758014,23.921176,23.766016,23.926563,15.517193500000001,15.515494,15.51776,728.1728515,719.136719,729.525391,1148.1479490000002,1147.490234,1148.791016,219.12800149999998,142.143995
global_cg,36,37748736,1.0,294912,86,25362432,1.488372,0.503906,17,3,1.0232558139534884,"[0.5, 0.5116279069767442, 0.011627906976744186]","[42, 85]",1.127907,1104,24.0,4,True,38.1827585,38.170511,38.276485,34.9144825,34.906934,34.978218,43.0666,43.052786,43.172315,39.380288,39.371774,39.452176,2154.6166995000003,2154.049805,2157.776367,2410.1748045,2407.727539,2412.422852,518.064007,473.7199995
texture_object,36,37748736,1.0,294912,86,25362432,1.488372,0.503906,17,3,1.0232558139534884,"[0.5, 0.5116279069767442, 0.011627906976744186]","[42, 85]",1.127907,1104,24.0,4,True,42.536680000000004,42.39307,42.584699,38.2324735,38.228594,38.23506,47.9774185,47.81544,48.031579,43.122673500000005,43.118298,43.125591,1944.003418,1942.601562,1946.264648,2219.7563474999997,2217.875,2224.680664,473.104,425.2320005
global_cg,36,37748736,1.0,294912,128,37748736,1.0,0.75,24,3,1.015625,"[0.3359375, 0.34375, 0.3359375]","[42, 85]",1.125,184,4.0,4,True,20.9292995,20.916518,20.942092,12.9096265,12.908742,12.91228,23.545462,23.531083,23.559854,14.52333,14.522335,14.526316,721.5625,718.425781,724.557617,1222.5805664999998,1220.495117,1227.44043,233.52000099999998,144.03999599999997
texture_object,36,37748736,1.0,294912,128,37748736,1.0,0.75,24,3,1.015625,"[0.3359375, 0.34375, 0.3359375]","[42, 85]",1.125,184,4.0,4,True,19.854322500000002,19.789518,19.927657,12.577837,12.575319,12.578677,22.3361135,22.263207,22.418614,14.150066500000001,14.147234,14.151011,767.02832,763.59375,768.717773,1260.489258,1256.929688,1264.813477,239.6800035,151.8400015
global_cg,36,37748736,1.0,294912,128,37748736,1.0,0.75,24,3,1.015625,"[0.3359375, 0.34375, 0.3359375]","[42, 85]",1.125,1104,24.0,4,True,38.175667,38.17051,38.337494,33.707412,33.64171,33.709925,42.947625,42.941823,43.129681,37.9208385,37.846923,37.923666,2145.4975585,2143.444336,2151.397461,2504.7329099999997,2503.339844,2508.253906,536.6159825,473.807991
texture_object,36,37748736,1.0,294912,128,37748736,1.0,0.75,24,3,1.015625,"[0.3359375, 0.34375, 0.3359375]","[42, 85]",1.125,1104,24.0,4,True,42.591116,42.39307,42.59272,36.6467085,36.642552,36.648491,47.9150055,47.692204,47.91681,41.2275475,41.222871,41.229552,1936.196289,1934.189453,1938.824219,2327.6621095,2326.204102,2333.129883,493.576005,424.688004
global_cg,36,37748736,1.0,294912,129,38043648,0.992248,0.755859,25,4,1.0155038759689923,"[0.3333333333333333, 0.34108527131782945, 0.3333333333333333, 0.007751937984496124]","[42, 85]",1.124031,184,4.0,4,True,20.916519,20.904915,21.187001,12.8,12.8,12.8,23.510816,23.497773,23.814846,14.387597,14.387597,14.387597,728.3657225,722.641602,731.330078,1238.888672,1232.958008,1240.731445,235.520005,144.12800199999998
texture_object,36,37748736,1.0,294912,129,38043648,0.992248,0.755859,25,4,1.0155038759689923,"[0.3333333333333333, 0.34108527131782945, 0.3333333333333333, 0.007751937984496124]","[42, 85]",1.124031,184,4.0,4,True,19.797836500000003,19.781207,19.948755,12.475402,12.472925,12.476228,22.2533815,22.23469,22.423019,14.022739,14.019954,14.023668,775.976074,771.889648,778.083984,1276.083008,1270.874023,1278.592773,241.648003,152.272001
global_cg,36,37748736,1.0,294912,129,38043648,0.992248,0.755859,25,4,1.0155038759689923,"[0.3333333333333333, 0.34108527131782945, 0.3333333333333333, 0.007751937984496124]","[42, 85]",1.124031,1104,24.0,4,True,38.337494,38.332293,38.345296,33.674808,33.583745,33.709925,43.092532000000006,43.086686,43.101302,37.8515285,37.749171,37.891001,2149.2045900000003,2142.508789,2152.179688,2518.645996,2514.470703,2523.580078,537.1359884999999,471.807994
texture_object,36,37748736,1.0,294912,129,38043648,0.992248,0.755859,25,4,1.0155038759689923,"[0.3333333333333333, 0.34108527131782945, 0.3333333333333333, 0.007751937984496124]","[42, 85]",1.124031,1104,24.0,4,True,42.589513,42.584699,42.597536,36.598110500000004,36.495867,36.643739,47.871933,47.866522,47.880951,41.1374105,41.022487,41.188699,1938.9902345,1934.235352,1941.538086,2344.7392575,2340.27832,2348.208984,494.231999,424.703985
global_cg,36,37748736,1.0,294912,170,50135040,0.752941,0.996094,32,4,1.011764705882353,"[0.2529411764705882, 0.25882352941176473, 0.2529411764705882, 0.24705882352941178]","[42, 85]",1.123529,184,4.0,4,True,20.069877,20.059193,20.074153,11.867976500000001,11.865735,11.871716,22.549097,22.537093,22.553901,13.334020500000001,13.331502,13.338222,762.2045895,757.566406,763.632812,1342.6748045,1341.547852,1347.014648,254.0160045,150.207996
texture_object,36,37748736,1.0,294912,170,50135040,0.752941,0.996094,32,4,1.011764705882353,"[0.2529411764705882, 0.25882352941176473, 0.2529411764705882, 0.24705882352941178]","[42, 85]",1.123529,184,4.0,4,True,19.029036,19.014633,19.031919,11.590194499999999,11.588413,11.590551,21.3796815,21.363499,21.382921,13.021923999999999,13.019923,13.022324,803.6850585,800.458008,809.011719,1375.396973,1374.433594,1380.763672,260.104008,158.42400099999998
global_cg,36,37748736,1.0,294912,170,50135040,0.752941,0.996094,32,4,1.011764705882353,"[0.2529411764705882, 0.25882352941176473, 0.2529411764705882, 0.24705882352941178]","[42, 85]",1.123529,1104,24.0,4,True,38.3342435,38.176955,38.336194,32.468722,32.466857,32.58289,43.069650499999995,42.892932,43.071841,36.479563999999996,36.477468,36.607835,2145.7143555000002,2137.901367,2147.885742,2618.4316405,2614.0,2623.244141,557.0880175,471.84799599999997
texture_object,36,37748736,1.0,294912,170,50135040,0.752941,0.996094,32,4,1.011764705882353,"[0.2529411764705882, 0.25882352941176473, 0.2529411764705882, 0.24705882352941178]","[42, 85]",1.123529,1104,24.0,4,True,42.591919,42.589512,42.594325,35.151174,35.048706,35.186157,47.853274,47.850569,47.855977,39.493378,39.378252,39.532682,1931.7841795,1931.31543,1934.063477,2449.381836,2445.053711,2455.738281,514.576003,424.6799945
global_cg,37,38797312,1.027778,303104,1,303104,128.0,0.005859,1,1,1.0,[1.0],[],1.0,184,4.0,4,True,18.206736499999998,18.089093,18.312373,15.829287,15.825298,15.829287,18.206736499999998,18.089093,18.312373,15.829287,15.825298,15.829287,848.955078,843.004883,852.110352,991.659668,989.816406,993.138672,190.448001,165.583998
texture_object,37,38797312,1.027778,303104,1,303104,128.0,0.005859,1,1,1.0,[1.0],[],1.0,184,4.0,4,True,17.154019499999997,17.048136,17.241581,15.0965875,15.021606,15.171592,17.154019499999997,17.048136,17.241581,15.0965875,15.021606,15.171592,903.01416,900.208984,907.706055,1037.932129,1035.541992,1042.414062,199.695993,175.7440005
global_cg,37,38797312,1.027778,303104,1,303104,128.0,0.005859,1,1,1.0,[1.0],[],1.0,1104,24.0,4,True,43.0042595,43.002624,43.009168,40.697531,40.6946,40.700462,43.0042595,43.002624,43.009168,40.697531,40.6946,40.700462,1911.0927735,1909.181641,1913.482422,2047.0629884999998,2043.31543,2051.007812,444.4479945,420.6080065
texture_object,37,38797312,1.027778,303104,1,303104,128.0,0.005859,1,1,1.0,[1.0],[],1.0,1104,24.0,4,True,43.0058975,42.994447,43.014077,40.698264,40.6946,40.701926,43.0058975,42.994447,43.014077,40.698264,40.6946,40.701926,1910.5541994999999,1908.052734,1915.983398,2048.713379,2041.62207,2050.155273,444.4399925,420.591995
global_cg,37,38797312,1.027778,303104,2,606208,64.0,0.011719,1,1,1.0,[1.0],[],1.0,184,4.0,4,True,18.209277,18.109958,18.317714,15.825298,15.82264,15.829287,18.209277,18.109958,18.317714,15.825298,15.82264,15.829287,850.4975585,849.25293,852.261719,989.0361330000001,987.615234,990.927734,190.49600149999998,165.559996
texture_object,37,38797312,1.027778,303104,2,606208,64.0,0.011719,1,1,1.0,[1.0],[],1.0,184,4.0,4,True,17.2124765,17.071306,17.243159,15.0980415,15.027596,15.17037,17.2124765,17.071306,17.243159,15.0980415,15.027596,15.17037,901.4638675,895.226562,904.416992,1038.4296875,1036.894531,1043.59668,199.6720025,175.144002
global_cg,37,38797312,1.027778,303104,2,606208,64.0,0.011719,1,1,1.0,[1.0],[],1.0,1104,24.0,4,True,43.005895,43.004259,43.007532,40.6946,40.6946,40.706323,43.005895,43.004259,43.007532,40.6946,40.6946,40.706323,1911.9965825,1909.410156,1916.339844,2046.1333005,2043.733398,2048.541992,444.480002,420.59201
texture_object,37,38797312,1.027778,303104,2,606208,64.0,0.011719,1,1,1.0,[1.0],[],1.0,1104,24.0,4,True,43.005077,43.002624,43.007532,40.697531,40.693135,40.701926,43.005077,43.002624,43.007532,40.697531,40.693135,40.701926,1910.783203,1909.258789,1917.016602,2046.8652339999999,2044.15625,2049.724609,444.447994,420.600012
global_cg,37,38797312,1.027778,303104,4,1212416,32.0,0.023438,1,1,1.0,[1.0],[],1.0,184,4.0,4,True,18.2018075,18.109958,18.312373,15.827957000000001,15.740685,15.829287,18.2018075,18.109958,18.312373,15.827957000000001,15.740685,15.829287,848.4291989999999,846.262695,853.353516,990.8364260000001,987.94043,991.619141,190.464001,165.62400000000002
texture_object,37,38797312,1.027778,303104,4,1212416,32.0,0.023438,1,1,1.0,[1.0],[],1.0,184,4.0,4,True,17.231332,17.052765,17.249474,15.1302695,15.088973,15.175258,17.231332,17.052765,17.249474,15.1302695,15.088973,15.175258,900.760254,897.165039,906.124023,1039.0375975,1036.626953,1041.885742,199.247997,174.952
global_cg,37,38797312,1.027778,303104,4,1212416,32.0,0.023438,1,1,1.0,[1.0],[],1.0,1104,24.0,4,True,43.010805500000004,43.002624,43.01735,40.6946,40.6946,40.698996,43.010805500000004,43.002624,43.01735,40.6946,40.6946,40.698996,1913.467773,1908.564453,1915.141602,2046.815918,2044.845703,2050.355469,444.480002,420.54399850000004
texture_object,37,38797312,1.027778,303104,4,1212416,32.0,0.023438,1,1,1.0,[1.0],[],1.0,1104,24.0,4,True,43.005895499999994,42.984639,43.009168,40.696066,40.6946,40.700462,43.005895499999994,42.984639,43.009168,40.696066,40.6946,40.700462,1911.5424805,1909.500977,1913.068359,2046.984375,2043.884766,2050.973633,444.463998,420.59201
global_cg,37,38797312,1.027778,303104,8,2424832,16.0,0.046875,2,1,1.0,[1.0],[],1.125,184,4.0,4,True,18.091699499999997,18.087357,18.200927,15.8219755,15.662177,15.823969,20.3531625,20.348277,20.476043,17.7997225,17.61995,17.801965,850.465332,846.338867,853.255859,991.936035,989.951172,997.478516,190.5360035,166.6319965
texture_object,37,38797312,1.027778,303104,8,2424832,16.0,0.046875,2,1,1.0,[1.0],[],1.125,184,4.0,4,True,17.1458735,17.138075,17.241581,15.096226,15.01562,15.171592,19.2891075,19.280335,19.396778,16.983255,16.892573,17.068041,900.199707,896.107422,903.608398,1036.253418,1034.729492,1038.448242,199.695997,175.8240015
global_cg,37,38797312,1.027778,303104,8,2424832,16.0,0.046875,2,1,1.0,[1.0],[],1.125,1104,24.0,4,True,38.217641,38.173088,38.336194,36.495279499999995,36.491155,36.643739,42.994845999999995,42.944724,43.128218,41.057188999999994,41.05255,41.224207,2150.7666015,2148.667969,2152.962891,2275.635742,2273.456055,2277.201172,495.62399100000005,473.28799200000003
texture_object,37,38797312,1.027778,303104,8,2424832,16.0,0.046875,2,1,1.0,[1.0],[],1.125,1104,24.0,4,True,42.858364,42.799122,43.00099,40.5108575,40.507956,40.693135,48.2156595,48.149013,48.376114,45.574715,45.57145,45.779777,1919.0961914999998,1915.800781,1922.236328,2063.5141605,2061.604492,2064.53125,446.49600250000003,422.0400005
global_cg,37,38797312,1.027778,303104,16,4849664,8.0,0.09375,3,1,1.0,[1.0],[],1.125,184,4.0,4,True,18.312372500000002,18.215005,18.319495,15.831282,15.825298,15.995925,20.601419,20.49188,20.609432,17.810192,17.803461,17.995415,843.648926,835.951172,844.766602,980.9833985,977.462891,987.875977,190.42399899999998,164.62400200000002
texture_object,37,38797312,1.027778,303104,16,4849664,8.0,0.09375,3,1,1.0,[1.0],[],1.125,184,4.0,4,True,17.3543335,17.247894,17.371934,15.252034,15.174036,15.253885,19.523625,19.403881,19.543426,17.158538,17.07079,17.160621,888.291504,887.402344,890.34375,1026.5073244999999,1024.880859,1033.650391,197.656002,173.71200399999998
global_cg,37,38797312,1.027778,303104,16,4849664,8.0,0.09375,3,1,1.0,[1.0],[],1.125,1104,24.0,4,True,38.258488,38.171799,38.333593,36.530102,36.491155,36.644926,43.040799,42.943274,43.125293,41.0963645,41.05255,41.225542,2146.648926,2144.617188,2149.269531,2276.368164,2273.268555,2281.12793,495.1519965,472.783998
texture_object,37,38797312,1.027778,303104,16,4849664,8.0,0.09375,3,1,1.0,[1.0],[],1.125,1104,24.0,4,True,42.909768,42.802361,43.002624,40.6470925,40.507956,40.697531,48.2734895,48.152656,48.377952,45.727979500000004,45.57145,45.784722,1917.9091795,1915.854492,1919.121094,2063.3979495000003,2062.334961,2065.304688,445.0000005,421.5359985
global_cg,37,38797312,1.027778,303104,32,9699328,4.0,0.1875,6,1,1.0,[1.0],[],1.125,184,4.0,4,True,18.3212765,18.314152,18.342679,15.995246,15.910825,16.002718,20.611436,20.603421,20.635514,17.9946515,17.899679,18.003058,837.7763669999999,829.248047,844.145508,980.30957,978.387695,981.464844,188.472003,164.5439975
texture_object,37,38797312,1.027778,303104,32,9699328,4.0,0.1875,6,1,1.0,[1.0],[],1.125,184,4.0,4,True,17.449157,17.445925,17.454006,15.32959,15.328344,15.333333,19.630302,19.626666,19.635757,17.245789,17.244387,17.249999,887.068359,884.644531,890.844727,1022.855469,1016.914062,1027.044922,196.656004,172.76800400000002
global_cg,37,38797312,1.027778,303104,32,9699328,4.0,0.1875,6,1,1.0,[1.0],[],1.125,1104,24.0,4,True,38.2585245,38.174377,38.345296,36.570977,36.491155,36.643739,43.0408405,42.946175,43.138458,41.142348999999996,41.05255,41.224207,2147.3081055000002,2145.581055,2153.273438,2276.8471680000002,2271.567383,2281.605469,494.599998,472.783998
texture_object,37,38797312,1.027778,303104,32,9699328,4.0,0.1875,6,1,1.0,[1.0],[],1.125,1104,24.0,4,True,42.945530000000005,42.799121,43.007532,40.652936499999996,40.507956,40.698996,48.313721,48.149011,48.383473,45.734553500000004,45.57145,45.786371,1917.6069335,1914.959961,1922.994141,2061.2441405,2059.331055,2064.96582,444.93600000000004,421.183996
global_cg,37,38797312,1.027778,303104,42,12730368,3.047619,0.246094,8,1,1.0,[1.0],[],1.119048,184,4.0,4,True,18.535761,18.425191,18.544882,16.0,15.998641,16.002718,20.742399,20.618667,20.752606,17.904762,17.903242,17.907804,836.222168,834.764648,842.410156,983.0371095,978.977539,985.06543,188.416004,162.639998
texture_object,37,38797312,1.027778,303104,42,12730368,3.047619,0.246094,8,1,1.0,[1.0],[],1.119048,184,4.0,4,True,17.501948499999997,17.454006,17.653518,15.336453500000001,15.335829,15.487095,19.585514,19.531864,19.755128,17.1622215,17.161523,17.330797,885.0024415,880.982422,888.426758,1023.505371,1019.12793,1030.569336,196.56800099999998,172.24800199999999
global_cg,37,38797312,1.027778,303104,42,12730368,3.047619,0.246094,8,1,1.0,[1.0],[],1.119048,1104,24.0,4,True,38.5066,38.500698,38.50988,36.795808,36.795209,36.800001,43.090719,43.084115,43.094389,41.176261,41.175591,41.180953,2141.6386715,2136.470703,2144.339844,2271.7929685,2269.282227,2274.923828,491.576001,469.735995
texture_object,37,38797312,1.027778,303104,42,12730368,3.047619,0.246094,8,1,1.0,[1.0],[],1.119048,1104,24.0,4,True,43.00835,43.002624,43.010805,40.693867499999996,40.518118,40.698996,48.128392000000005,48.121984,48.131139,45.538376,45.341704,45.544115,1922.4057619999999,1916.791016,1923.941406,2065.0747069999998,2061.131836,2066.241211,444.48800400000005,420.568004
global_cg,37,38797312,1.027778,303104,43,13033472,2.976744,0.251953,9,2,1.0232558139534884,"[1.0, 0.023255813953488372]",[42],1.139535,184,4.0,4,True,17.979484,17.871194,18.070011,15.3289665,15.261299,15.330838,20.488249500000002,20.364849,20.591407,17.4678925,17.390782,17.470025,861.6166989999999,860.151367,862.356445,1030.078125,1027.484375,1034.263672,196.6640055,167.67199699999998
texture_object,37,38797312,1.027778,303104,43,13033472,2.976744,0.251953,9,2,1.0232558139534884,"[1.0, 0.023255813953488372]",[42],1.139535,184,4.0,4,True,17.045823,17.04351,17.048136,14.575948499999999,14.574258,14.646767,19.4243095,19.421674,19.426945,16.609802000000002,16.607875,16.690501,905.459961,900.394531,909.958008,1079.2890625,1077.358398,1081.708008,206.824001,176.856
global_cg,37,38797312,1.027778,303104,43,13033472,2.976744,0.251953,9,2,1.0232558139534884,"[1.0, 0.023255813953488372]",[42],1.139535,1104,24.0,4,True,37.84467,37.842136,37.848471,36.048979,36.048979,36.050129,43.125322,43.122434,43.129653,41.079069,41.079069,41.08038,2180.3378905,2177.117188,2183.522461,2312.5112305000002,2308.264648,2317.819336,501.760006,477.952003
texture_object,37,38797312,1.027778,303104,43,13033472,2.976744,0.251953,9,2,1.0232558139534884,"[1.0, 0.023255813953488372]",[42],1.139535,1104,24.0,4,True,42.4888845,42.38989,42.589513,40.142603,39.963802,40.142603,48.4175665,48.304759,48.532236,45.743896,45.540146,45.743896,1948.659668,1943.827148,1950.711914,2097.1938474999997,2093.136719,2102.438477,450.592011,425.711997
global_cg,37,38797312,1.027778,303104,64,19398656,2.0,0.375,12,2,1.015625,"[0.671875, 0.34375]",[42],1.125,184,4.0,4,True,17.4394675,17.244738,17.447541,13.888328000000001,13.884745,13.889863,19.619401,19.40033,19.628484,15.624369,15.620339,15.626096,898.857422,897.277344,901.738281,1131.8183595,1131.183594,1133.961914,217.06400100000002,172.86399749999998
texture_object,37,38797312,1.027778,303104,64,19398656,2.0,0.375,12,2,1.015625,"[0.671875, 0.34375]",[42],1.125,184,4.0,4,True,15.9262985,15.854595,16.023131,13.503135499999999,13.500716,13.504587,17.917085999999998,17.836419,18.026023,15.1910275,15.188306,15.19266,975.6166995,973.230469,976.352539,1171.9970705,1166.705078,1173.527344,223.25599549999998,189.2880015
global_cg,37,38797312,1.027778,303104,64,19398656,2.0,0.375,12,2,1.015625,"[0.671875, 0.34375]",[42],1.125,1104,24.0,4,True,38.260422,38.174377,38.336194,35.047076,35.043273,35.182871,43.042975,42.946175,43.128218,39.4279605,39.423682,39.58073,2152.4960935,2146.835938,2155.980469,2396.225586,2395.806641,2399.746094,516.103998,472.760007
texture_object,37,38797312,1.027778,303104,64,19398656,2.0,0.375,12,2,1.015625,"[0.671875, 0.34375]",[42],1.125,1104,24.0,4,True,42.445627,42.389892,42.575076,38.395436000000004,38.228594,38.398696,47.7513305,47.688628,47.89696,43.194865500000006,43.007168,43.198533,1946.5981445,1941.56543,1949.961914,2216.8618165,2213.925781,2220.382812,471.095994,426.144004
global_cg,37,38797312,1.027778,303104,85,25763840,1.505882,0.498047,16,2,1.011764705882353,"[0.5058823529411764, 0.5058823529411764]",[42],1.117647,184,4.0,4,True,17.4443105,17.442696,17.645251,13.8862805,13.885769,13.886793,19.496582500000002,19.494778,19.721163,15.5199605,15.519389,15.520533,888.126465,885.44043,894.582031,1136.555664,1133.549805,1145.116211,217.0960045,172.8160005
texture_object,37,38797312,1.027778,303104,85,25763840,1.505882,0.498047,16,2,1.011764705882353,"[0.5058823529411764, 0.5058823529411764]",[42],1.117647,184,4.0,4,True,16.061455,15.941789,16.279246,13.503135499999999,13.501684,13.504587,17.951038,17.817293,18.194452,15.09174,15.090118,15.093362,966.6708985,957.448242,969.266602,1174.244629,1170.69043,1177.878906,223.25599549999998,187.6959985
global_cg,37,38797312,1.027778,303104,85,25763840,1.505882,0.498047,16,2,1.011764705882353,"[0.5058823529411764, 0.5058823529411764]",[42],1.117647,1104,24.0,4,True,38.5539085,38.508568,38.665299,35.186157,35.182871,35.187252,43.0896625,43.038988,43.214158,39.325705,39.322032,39.326929,2138.953125,2135.828125,2144.705078,2396.854492,2394.543945,2400.517578,514.063984,469.1600055
texture_object,37,38797312,1.027778,303104,85,25763840,1.505882,0.498047,16,2,1.011764705882353,"[0.5058823529411764, 0.5058823529411764]",[42],1.117647,1104,24.0,4,True,42.594326499999994,42.589513,42.603956,38.228594,38.228594,38.232473,47.6054235,47.600044,47.616186,42.726075,42.726075,42.730411,1941.6142575,1936.638672,1947.094727,2225.8178715000004,2219.056641,2229.412109,473.152012,424.6559965
global_cg,37,38797312,1.027778,303104,86,26066944,1.488372,0.503906,17,3,1.0232558139534884,"[0.5, 0.5116279069767442, 0.011627906976744186]","[42, 85]",1.127907,184,4.0,4,True,17.6049665,17.486403,17.655172,13.7539965,13.635548,13.755,19.856764499999997,19.723036,19.913392,15.513229,15.37963,15.514361,883.491211,881.638672,884.952148,1155.8178710000002,1152.295898,1158.680664,219.184,171.240002
texture_object,37,38797312,1.027778,303104,86,26066944,1.488372,0.503906,17,3,1.0232558139534884,"[0.5, 0.5116279069767442, 0.011627906976744186]","[42, 85]",1.127907,184,4.0,4,True,16.376168,16.287691,16.647464,13.292657,13.260328,13.377068,18.4707945,18.371,18.776791,14.9928805,14.956416,15.088088,950.365723,943.318359,956.067383,1193.8378905,1190.371094,1196.635742,226.79199649999998,184.087999
global_cg,37,38797312,1.027778,303104,86,26066944,1.488372,0.503906,17,3,1.0232558139534884,"[0.5, 0.5116279069767442, 0.011627906976744186]","[42, 85]",1.127907,1104,24.0,4,True,38.2137725,38.173088,38.26353,34.8344535,34.767377,34.905856,43.1015805,43.055692,43.157703,39.290023000000005,39.214367,39.370558,2161.3842775000003,2158.416016,2163.957031,2425.8232425,2423.9375,2430.411133,519.2559954999999,473.3359965
texture_object,37,38797312,1.027778,303104,86,26066944,1.488372,0.503906,17,3,1.0232558139534884,"[0.5, 0.5116279069767442, 0.011627906976744186]","[42, 85]",1.127907,1104,24.0,4,True,42.3867125,42.381946,42.391482,37.945705000000004,37.900495,38.061275,47.808269,47.802892,47.813648,42.799225500000006,42.748233,42.929578,1958.86084,1958.827148,1962.658203,2243.6215819999998,2243.157227,2247.365234,476.680003,426.735997
global_cg,37,38797312,1.027778,303104,128,38797312,1.0,0.75,24,3,1.015625,"[0.3359375, 0.34375, 0.3359375]","[42, 85]",1.125,184,4.0,4,True,16.856721,16.849937,16.857475,12.4716865,12.469623,12.472925,18.9638105,18.956179,18.964659,14.0306475,14.028326,14.03204,923.88916,921.478516,924.988281,1271.0317385,1270.161133,1272.277344,241.71999449999998,178.840004
texture_object,37,38797312,1.027778,303104,128,38797312,1.0,0.75,24,3,1.015625,"[0.3359375, 0.34375, 0.3359375]","[42, 85]",1.125,184,4.0,4,True,16.121845,16.116329,16.123225,12.163719,12.161363,12.16529,18.137076,18.13087,18.138628,13.684183999999998,13.681534,13.685951,965.484863,962.862305,967.679688,1306.998047,1306.735352,1307.541016,247.8399945,186.991997
global_cg,37,38797312,1.027778,303104,128,38797312,1.0,0.75,24,3,1.015625,"[0.3359375, 0.34375, 0.3359375]","[42, 85]",1.125,1104,24.0,4,True,38.185338,38.171799,38.340093,33.452565,33.451575,33.516039,42.9585055,42.943274,43.132605,37.634135,37.633022,37.705544,2156.5805665,2149.908203,2159.876953,2539.0478515,2536.379883,2542.829102,540.704012,473.68799149999995
texture_object,37,38797312,1.027778,303104,128,38797312,1.0,0.75,24,3,1.015625,"[0.3359375, 0.34375, 0.3359375]","[42, 85]",1.125,1104,24.0,4,True,42.38909700000001,42.187409,42.394661,36.196722,36.190927,36.269883,47.687734,47.460835,47.693993,40.721312,40.714793,40.803619,1974.712402,1970.160156,1978.268555,2384.604004,2383.066406,2389.564453,499.71199,426.71199149999995
global_cg,37,38797312,1.027778,303104,129,39100416,0.992248,0.755859,25,4,1.0155038759689923,"[0.3333333333333333, 0.34108527131782945, 0.3333333333333333, 0.007751937984496124]","[42, 85]",1.124031,184,4.0,4,True,16.849184,16.846924,16.858983,12.369748,12.368124,12.371372,18.939005,18.936465,18.95002,13.9039805,13.902155,13.905806,927.2963864999999,924.682617,931.658203,1285.283203,1282.067383,1287.665039,243.711997,178.920001
texture_object,37,38797312,1.027778,303104,129,39100416,0.992248,0.755859,25,4,1.0155038759689923,"[0.3333333333333333, 0.34108527131782945, 0.3333333333333333, 0.007751937984496124]","[42, 85]",1.124031,184,4.0,4,True,16.24004,16.116329,16.280653,12.0659605,12.062484,12.066347,18.2543085,18.115254,18.299959,13.562513500000001,13.558606,13.562948,971.201172,969.182617,972.973633,1318.852539,1316.741211,1320.357422,249.848001,185.6320015
global_cg,37,38797312,1.027778,303104,129,39100416,0.992248,0.755859,25,4,1.0155038759689923,"[0.3333333333333333, 0.34108527131782945, 0.3333333333333333, 0.007751937984496124]","[42, 85]",1.124031,1104,24.0,4,True,38.3387935,38.332293,38.350498,33.451575,33.448605,33.454545,43.0939925,43.086686,43.107149,37.600607,37.597269,37.603946,2157.743164,2149.537109,2158.677734,2548.9721680000002,2543.428711,2551.6875,540.720016,471.7919975
texture_object,37,38797312,1.027778,303104,129,39100416,0.992248,0.755859,25,4,1.0155038759689923,"[0.3333333333333333, 0.34108527131782945, 0.3333333333333333, 0.007751937984496124]","[42, 85]",1.124031,1104,24.0,4,True,42.385918000000004,42.380356,42.391482,36.1198135,36.054729,36.194404,47.643086,47.636835,47.64934,40.5997905,40.526633,40.683632,1974.3393555,1966.832031,1981.302734,2393.5297849999997,2391.508789,2400.228516,500.776008,426.7439995
global_cg,37,38797312,1.027778,303104,170,51527680,0.752941,0.996094,32,4,1.011764705882353,"[0.2529411764705882, 0.25882352941176473, 0.2529411764705882, 0.24705882352941178]","[42, 85]",1.123529,184,4.0,4,True,16.4699305,16.467051,16.47137,11.5,11.498596,11.507726,18.504451500000002,18.501216,18.506069,12.920588,12.919011,12.929269,952.6118165,949.487305,953.730469,1380.0991210000002,1378.541016,1384.349609,262.143999,183.039997
texture_object,37,38797312,1.027778,303104,170,51527680,0.752941,0.996094,32,4,1.011764705882353,"[0.2529411764705882, 0.25882352941176473, 0.2529411764705882, 0.24705882352941178]","[42, 85]",1.123529,184,4.0,4,True,15.769009,15.761754,15.772309,11.2369765,11.236642,11.239322,17.7169455,17.708794,17.720653,12.625074000000001,12.624698,12.627709,996.8896485,994.476562,998.214844,1413.0058595,1411.251953,1415.847656,268.2799925,191.17600099999999
global_cg,37,38797312,1.027778,303104,170,51527680,0.752941,0.996094,32,4,1.011764705882353,"[0.2529411764705882, 0.25882352941176473, 0.2529411764705882, 0.24705882352941178]","[42, 85]",1.123529,1104,24.0,4,True,38.187272,38.173088,38.337494,32.113626499999995,32.054439,32.115451,42.904523,42.888587,43.073302,36.080603499999995,36.014105,36.082654,2160.6088865,2158.637695,2161.405273,2663.947754,2663.540039,2666.09668,563.2480085,473.6640005
texture_object,37,38797312,1.027778,303104,170,51527680,0.752941,0.996094,32,4,1.011764705882353,"[0.2529411764705882, 0.25882352941176473, 0.2529411764705882, 0.24705882352941178]","[42, 85]",1.123529,1104,24.0,4,True,42.092583000000005,41.983734,42.185834,34.495788,34.362623,34.496841,47.292255,47.16996,47.397025,38.757033,38.607418,38.758216,2003.6020509999998,2001.1875,2007.585938,2544.8222655,2541.875,2550.635742,524.352014,429.7199995
global_cg,38,39845888,1.055556,311296,1,311296,128.0,0.005859,1,1,1.0,[1.0],[],1.0,184,4.0,4,True,16.111506,16.098428,16.121845,15.373473,15.332085,15.489641,16.111506,16.098428,16.121845,15.373473,15.332085,15.489641,958.8095705,957.695312,963.123047,1014.6835934999999,1011.136719,1016.392578,196.096003,187.111996
texture_object,38,39845888,1.055556,311296,1,311296,128.0,0.005859,1,1,1.0,[1.0],[],1.0,184,4.0,4,True,15.286063500000001,15.277386,15.352074,14.392875,14.294515,14.432478,15.286063500000001,15.277386,15.352074,14.392875,14.294515,14.432478,1013.8564455000001,1013.62207,1014.490234,1092.021973,1089.110352,1095.956055,209.4560005,197.2160045
global_cg,38,39845888,1.055556,311296,1,311296,128.0,0.005859,1,1,1.0,[1.0],[],1.0,1104,24.0,4,True,43.005895499999994,43.004259,43.009168,40.51231,40.509406,40.6946,43.005895499999994,43.004259,43.009168,40.51231,40.509406,40.6946,1908.262695,1905.897461,1911.081055,2049.5546875,2046.007812,2055.674805,446.47999849999997,420.59201
texture_object,38,39845888,1.055556,311296,1,311296,128.0,0.005859,1,1,1.0,[1.0],[],1.0,1104,24.0,4,True,43.003442,42.989542,43.009168,40.5159395,40.507956,40.534098,43.003442,42.989542,43.009168,40.5159395,40.507956,40.534098,1907.834473,1904.600586,1910.137695,2051.478516,2049.746094,2056.5625,446.44000400000004,420.6160085
global_cg,38,39845888,1.055556,311296,2,622592,64.0,0.011719,1,1,1.0,[1.0],[],1.0,184,4.0,4,True,16.1142615,16.102555,16.127365,15.4161345,15.335829,15.489642,16.1142615,16.102555,16.127365,15.4161345,15.335829,15.489642,955.841797,953.080078,962.450195,1014.271484,1013.433594,1015.271484,195.552003,187.079996
texture_object,38,39845888,1.055556,311296,2,622592,64.0,0.011719,1,1,1.0,[1.0],[],1.0,184,4.0,4,True,15.318448,15.284822,15.424969,14.427505,14.299939,14.429162,15.318448,15.284822,15.424969,14.427505,14.299939,14.429162,1012.84375,1011.818359,1014.177734,1089.555664,1087.24707,1092.993164,208.9519985,196.800001
global_cg,38,39845888,1.055556,311296,2,622592,64.0,0.011719,1,1,1.0,[1.0],[],1.0,1104,24.0,4,True,43.005078,42.813709,43.009168,40.5559605,40.507956,40.6946,43.005078,42.813709,43.009168,40.5559605,40.507956,40.6946,1908.5234375,1904.428711,1911.454102,2051.052734,2048.879883,2054.06543,446.0000025,420.6000045
texture_object,38,39845888,1.055556,311296,2,622592,64.0,0.011719,1,1,1.0,[1.0],[],1.0,1104,24.0,4,True,43.007532999999995,43.002624,43.014077,40.5101325,40.507956,40.696066,43.007532999999995,43.002624,43.014077,40.5101325,40.507956,40.696066,1908.9067384999998,1904.899414,1911.138672,2051.2104495000003,2049.208008,2055.402344,446.503997,420.575999
global_cg,38,39845888,1.055556,311296,4,1245184,32.0,0.023438,1,1,1.0,[1.0],[],1.0,184,4.0,4,True,16.114261499999998,16.106685,16.123225,15.3715815,15.330838,15.489641,16.114261499999998,16.106685,16.123225,15.3715815,15.330838,15.489641,959.9355465,955.129883,960.69043,1015.5913085,1013.013672,1018.376953,196.120005,187.07999999999998
texture_object,38,39845888,1.055556,311296,4,1245184,32.0,0.023438,1,1,1.0,[1.0],[],1.0,184,4.0,4,True,15.284821999999998,15.278624,15.431285,14.421431,14.289094,14.429162,15.284821999999998,15.278624,15.431285,14.421431,14.289094,14.429162,1014.4624025,1011.510742,1019.629883,1092.49707,1088.960938,1093.713867,209.040005,197.2320005
global_cg,38,39845888,1.055556,311296,4,1245184,32.0,0.023438,1,1,1.0,[1.0],[],1.0,1104,24.0,4,True,42.9944495,42.890052,43.005895,40.6931355,40.509406,40.6946,42.9944495,42.890052,43.005895,40.6931355,40.509406,40.6946,1906.105957,1903.665039,1910.701172,2051.25,2046.675781,2053.34668,444.49599850000004,420.70400700000005
texture_object,38,39845888,1.055556,311296,4,1245184,32.0,0.023438,1,1,1.0,[1.0],[],1.0,1104,24.0,4,True,43.004259,42.818574,43.012442,40.511583,40.507956,40.518118,43.004259,42.818574,43.012442,40.511583,40.507956,40.518118,1907.9350585,1906.561523,1911.118164,2053.3408205,2048.833984,2055.31543,446.48800800000004,420.608014
global_cg,38,39845888,1.055556,311296,8,2490368,16.0,0.046875,2,1,1.0,[1.0],[],1.125,184,4.0,4,True,16.0193225,15.951236,16.102555,15.330214,15.328343,15.332085,18.0217375,17.94514,18.115375,17.246491,17.244386,17.248596,961.213379,958.323242,967.112305,1017.412109,1015.958984,1019.824219,196.648002,188.1919985
texture_object,38,39845888,1.055556,311296,8,2490368,16.0,0.046875,2,1,1.0,[1.0],[],1.125,184,4.0,4,True,15.295373000000001,15.286062,15.354576,14.3601815,14.289094,14.432478,17.207295000000002,17.196819,17.273898,16.155203999999998,16.075231,16.236538,1012.5688475,1010.47168,1013.714844,1089.0283205,1084.880859,1093.068359,209.93600049999998,197.0959975
global_cg,38,39845888,1.055556,311296,8,2490368,16.0,0.046875,2,1,1.0,[1.0],[],1.125,1104,24.0,4,True,38.3303455,38.184693,38.337494,36.492922500000006,36.491155,36.49469,43.1216385,42.957779,43.129681,41.054537999999994,41.05255,41.056526,2148.9262694999998,2147.80957,2149.78125,2278.396484,2277.226562,2282.735352,495.65599899999995,471.8959925
texture_object,38,39845888,1.055556,311296,8,2490368,16.0,0.046875,2,1,1.0,[1.0],[],1.125,1104,24.0,4,True,42.8137105,42.799122,42.991176,40.377068,40.324452,40.506504,48.165425,48.149013,48.365073,45.4242015,45.365008,45.569817,1931.145996,1927.351562,1931.680664,2075.975586,2074.150391,2079.174805,447.9760005,422.480002
global_cg,38,39845888,1.055556,311296,16,4980736,8.0,0.09375,3,1,1.0,[1.0],[],1.125,184,4.0,4,True,16.21312,16.113572,16.943884,15.492189,15.492189,15.497285,18.23976,18.127769,19.06187,17.428712,17.428712,17.434446,947.2700195,904.649414,951.088867,1007.626465,1004.642578,1008.201172,194.591999,185.9439985
texture_object,38,39845888,1.055556,311296,16,4980736,8.0,0.09375,3,1,1.0,[1.0],[],1.125,184,4.0,4,True,15.43824,15.433814,15.448999,14.56975,14.430267,14.572003,17.36802,17.363041,17.380124,16.390968,16.234051,16.393504,1002.456543,1001.210938,1003.884766,1078.5532225,1077.094727,1080.275391,206.911996,195.272002
global_cg,38,39845888,1.055556,311296,16,4980736,8.0,0.09375,3,1,1.0,[1.0],[],1.125,1104,24.0,4,True,38.330994000000004,38.174377,38.341394,36.492922500000006,36.491155,36.493512,43.122367999999994,42.946175,43.134068,41.054537999999994,41.05255,41.055201,2148.631836,2147.383789,2152.259766,2277.9160155,2274.955078,2279.466797,495.65599899999995,471.8879985
texture_object,38,39845888,1.055556,311296,16,4980736,8.0,0.09375,3,1,1.0,[1.0],[],1.125,1104,24.0,4,True,42.8015525,42.799122,42.803982,40.421776,40.32589,40.507956,48.151746,48.149013,48.15448,45.474498,45.366627,45.57145,1930.1289065,1927.428711,1934.228516,2076.4345705,2073.50293,2077.806641,447.47999300000004,422.600001
global_cg,38,39845888,1.055556,311296,32,9961472,4.0,0.1875,6,1,1.0,[1.0],[],1.125,184,4.0,4,True,17.296295999999998,16.375456,17.436239,15.576464999999999,15.492189,15.65437,19.458333500000002,18.422388,19.615769,17.523523,17.428712,17.611167,894.1811525,891.041016,937.87793,1004.8798830000001,1000.15625,1009.495117,193.544004,174.2959995
texture_object,38,39845888,1.055556,311296,32,9961472,4.0,0.1875,6,1,1.0,[1.0],[],1.125,184,4.0,4,True,15.518037,15.433814,15.59606,14.6088045,14.57313,14.714252,17.4577915,17.363041,17.545567,16.434905,16.394771,16.553534,1000.908203,995.563477,1002.80957,1072.0039065,1060.758789,1073.079102,206.3599975,194.2720005
global_cg,38,39845888,1.055556,311296,32,9961472,4.0,0.1875,6,1,1.0,[1.0],[],1.125,1104,24.0,4,True,38.293375499999996,38.176955,38.338794,36.4935115,36.491155,36.495867,43.080047,42.949075,43.131143,41.0552005,41.05255,41.057851,2146.9609375,2145.710938,2156.84668,2281.0087895,2279.724609,2286.651367,495.64799700000003,472.35199850000004
texture_object,38,39845888,1.055556,311296,32,9961472,4.0,0.1875,6,1,1.0,[1.0],[],1.125,1104,24.0,4,True,42.802362,42.797502,42.994447,40.4217765,40.323013,40.513761,48.152657000000005,48.14719,48.368753,45.474498,45.36339,45.577981,1930.7280275,1928.760742,1934.299805,2076.5434569999998,2072.155273,2077.695312,447.47999300000004,422.5920065
global_cg,38,39845888,1.055556,311296,42,13074432,3.047619,0.246094,8,1,1.0,[1.0],[],1.119048,184,4.0,4,True,17.3913375,17.333578,17.645252,15.659574,15.650469,15.66348,19.4617345,19.397099,19.745877,17.523809,17.51362,17.52818,896.42041,894.250977,896.512695,1009.130859,1001.511719,1011.506836,192.512006,173.344001
texture_object,38,39845888,1.055556,311296,42,13074432,3.047619,0.246094,8,1,1.0,[1.0],[],1.119048,184,4.0,4,True,15.598642,15.59606,15.757799,14.7177005,14.714252,14.72,17.4556235,17.452734,17.633727,16.4698075,16.465949,16.472381,999.0107425,995.213867,1002.49707,1072.618164,1070.573242,1074.060547,204.831999,193.2640005
global_cg,38,39845888,1.055556,311296,42,13074432,3.047619,0.246094,8,1,1.0,[1.0],[],1.119048,1104,24.0,4,True,38.503321,38.499388,38.509879,36.6467085,36.642552,36.719915,43.087050000000005,43.082649,43.094388,41.009412,41.004761,41.091333,2140.118164,2138.262695,2147.124023,2274.0327150000003,2269.270508,2278.828125,493.576005,469.77599699999996
texture_object,38,39845888,1.055556,311296,42,13074432,3.047619,0.246094,8,1,1.0,[1.0],[],1.119048,1104,24.0,4,True,43.0018065,42.807225,43.005897,40.50723,40.506504,40.510857,48.121069500000004,47.903323,48.125647,45.3295195,45.328707,45.333578,1927.471191,1922.75,1936.033203,2072.947754,2071.598633,2076.658203,446.53598999999997,420.63200500000005
global_cg,38,39845888,1.055556,311296,43,13385728,2.976744,0.251953,9,2,1.0232558139534884,"[1.0, 0.023255813953488372]",[42],1.139535,184,4.0,4,True,17.249476,17.241581,17.282701,15.0210075,15.01562,15.024002,19.6563795,19.647383,19.694241,17.116962,17.110823,17.120374,901.6918945,900.941406,902.43457,1044.7685545,1044.393555,1051.584961,200.69599499999998,174.7680005
texture_object,38,39845888,1.055556,311296,43,13385728,2.976744,0.251953,9,2,1.0232558139534884,"[1.0, 0.023255813953488372]",[42],1.139535,184,4.0,4,True,16.4742505,16.469931,16.572786,14.572003,14.56975,14.575385,18.772983,18.768061,18.885268,16.605306,16.602738,16.60916,948.042969,943.333008,951.746094,1086.041504,1082.661133,1089.208984,206.880003,182.99200000000002
global_cg,38,39845888,1.055556,311296,43,13385728,2.976744,0.251953,9,2,1.0232558139534884,"[1.0, 0.023255813953488372]",[42],1.139535,1104,24.0,4,True,37.845938,37.84087,37.848472,35.972269,35.900157,36.04668,43.126766,43.120992,43.129654,40.991655,40.909481,41.076449,2179.393555,2172.861328,2182.917969,2323.067871,2316.248047,2328.198242,502.83202500000004,477.936
texture_object,38,39845888,1.055556,311296,43,13385728,2.976744,0.251953,9,2,1.0232558139534884,"[1.0, 0.023255813953488372]",[42],1.139535,1104,24.0,4,True,42.383533,42.378767,42.388302,39.823777500000006,39.778185,39.960976,48.297515,48.292084,48.302949,45.380584,45.32863,45.536926,1962.079102,1961.239258,1968.100586,2116.131836,2111.712891,2117.37207,454.1999995,426.768005
global_cg,38,39845888,1.055556,311296,64,19922944,2.0,0.375,12,2,1.015625,"[0.671875, 0.34375]",[42],1.125,184,4.0,4,True,16.2848755,16.279246,16.290507,13.4429225,13.379918,13.500716,18.3204845,18.314152,18.32682,15.123287999999999,15.052408,15.188306,964.1635745,963.186523,967.647461,1177.2631835,1174.263672,1178.982422,224.255998,185.119998
texture_object,38,39845888,1.055556,311296,64,19922944,2.0,0.375,12,2,1.015625,"[0.671875, 0.34375]",[42],1.125,184,4.0,4,True,15.597351,15.594769,15.597351,13.0260985,13.023847,13.026549,17.54702,17.544116,17.54702,14.6543605,14.651828,14.654867,1009.694336,1007.311523,1011.93457,1213.1259765,1210.904297,1215.081055,231.431998,193.279997
global_cg,38,39845888,1.055556,311296,64,19922944,2.0,0.375,12,2,1.015625,"[0.671875, 0.34375]",[42],1.125,1104,24.0,4,True,38.179535,38.171799,38.193723,34.90909,34.902626,34.910168,42.951977,42.943274,42.967938,39.272726,39.265454,39.273939,2158.433105,2155.977539,2164.654297,2413.2612305000002,2410.000977,2415.191406,518.144011,473.7599935
texture_object,38,39845888,1.055556,311296,64,19922944,2.0,0.375,12,2,1.015625,"[0.671875, 0.34375]",[42],1.125,1104,24.0,4,True,42.187409,42.182688,42.190558,38.061916,37.900495,38.065121,47.460835,47.455524,47.464378,42.819655,42.638057,42.823261,2005.7822265,2003.792969,2007.799805,2274.4985349999997,2272.251953,2276.321289,475.22400300000004,428.752005
global_cg,38,39845888,1.055556,311296,85,26460160,1.505882,0.498047,16,2,1.011764705882353,"[0.5058823529411764, 0.5058823529411764]",[42],1.117647,184,4.0,4,True,16.283468499999998,16.275028,16.287691,13.381818,13.378017,13.38372,18.199171,18.189737,18.20389,14.95615,14.951902,14.958275,966.669922,964.771484,968.0625,1183.60791,1180.74707,1185.070312,225.280002,185.135998
texture_object,38,39845888,1.055556,311296,85,26460160,1.505882,0.498047,16,2,1.011764705882353,"[0.5058823529411764, 0.5058823529411764]",[42],1.117647,184,4.0,4,True,15.59606,15.593478,15.601225,13.022497,13.021147,13.026548,17.4308905,17.428005,17.436664,14.554556,14.553047,14.559084,1008.0063475,1006.566406,1011.735352,1219.4018555,1218.194336,1223.570312,231.49599849999998,193.2960005
global_cg,38,39845888,1.055556,311296,85,26460160,1.505882,0.498047,16,2,1.011764705882353,"[0.5058823529411764, 0.5058823529411764]",[42],1.117647,1104,24.0,4,True,38.5066,38.505944,38.512502,34.908551,34.904778,35.042186,43.036788,43.036055,43.043385,39.0154395,39.011222,39.164796,2143.8886715,2143.402344,2149.380859,2414.2436525000003,2410.998047,2418.525391,518.152013,469.735995
texture_object,38,39845888,1.055556,311296,85,26460160,1.505882,0.498047,16,2,1.011764705882353,"[0.5058823529411764, 0.5058823529411764]",[42],1.117647,1104,24.0,4,True,42.199220999999994,42.185834,42.386712,37.896049500000004,37.82188,37.901766,47.163835500000005,47.148873,47.373384,42.354408,42.271513,42.360797,1998.8134765,1993.629883,2003.036133,2276.5473635,2273.15332,2285.667969,477.304004,428.631999
global_cg,38,39845888,1.055556,311296,86,26771456,1.488372,0.503906,17,3,1.0232558139534884,"[0.5, 0.5116279069767442, 0.011627906976744186]","[42, 85]",1.127907,184,4.0,4,True,16.112883,16.108062,16.113572,13.261261,13.261261,13.261261,18.1738335,18.168396,18.174611,14.957469,14.957469,14.957469,973.793945,970.900391,975.223633,1194.4716795,1192.513672,1198.640625,227.328002,187.096
texture_object,38,39845888,1.055556,311296,86,26771456,1.488372,0.503906,17,3,1.0232558139534884,"[0.5, 0.5116279069767442, 0.011627906976744186]","[42, 85]",1.127907,184,4.0,4,True,15.588962500000001,15.585739,15.590898,12.9105115,12.855895,12.91228,17.582900000000002,17.579264,17.585082,14.5618555,14.500254,14.563851,1012.2338865,1007.921875,1018.194336,1231.6933595,1229.487305,1237.233398,233.50400100000002,193.384003
global_cg,38,39845888,1.055556,311296,86,26771456,1.488372,0.503906,17,3,1.0232558139534884,"[0.5, 0.5116279069767442, 0.011627906976744186]","[42, 85]",1.127907,1104,24.0,4,True,38.167933500000004,38.093338,38.178245,34.632642000000004,34.63105,34.635295,43.049878500000005,42.965742,43.061509,39.0623985,39.060603,39.065391,2168.9267575,2164.808594,2171.614258,2437.1391605,2435.556641,2443.520508,522.2799924999999,473.9039985
texture_object,38,39845888,1.055556,311296,86,26771456,1.488372,0.503906,17,3,1.0232558139534884,"[0.5, 0.5116279069767442, 0.011627906976744186]","[42, 85]",1.127907,1104,24.0,4,True,41.981395500000005,41.820657,41.986853,37.5368385,37.420013,37.582979,47.3511085,47.169811,47.357265,42.338061999999994,42.206294,42.390104,2032.9887695,2030.97168,2034.227539,2314.740723,2310.203125,2320.070312,481.8720075,430.8559965
global_cg,38,39845888,1.055556,311296,128,39845888,1.0,0.75,24,3,1.015625,"[0.3359375, 0.34375, 0.3359375]","[42, 85]",1.125,184,4.0,4,True,15.436342,15.43255,15.441403,12.065574,12.064029,12.067119,17.365885,17.361618,17.371579,13.573771,13.572032,13.575509,1018.8442385000001,1017.199219,1019.575195,1312.8686525,1310.974609,1315.833008,249.855995,195.296004
texture_object,38,39845888,1.055556,311296,128,39845888,1.0,0.75,24,3,1.015625,"[0.3359375, 0.34375, 0.3359375]","[42, 85]",1.125,184,4.0,4,True,14.953058,14.842918,14.959587,11.775999,11.775999,11.776,16.8221905,16.698283,16.829535,13.247999,13.247999,13.248,1060.5512695,1058.985352,1061.086914,1346.355957,1345.446289,1346.84668,256.000012,201.60799450000002
global_cg,38,39845888,1.055556,311296,128,39845888,1.0,0.75,24,3,1.015625,"[0.3359375, 0.34375, 0.3359375]","[42, 85]",1.125,1104,24.0,4,True,37.965435,37.84467,38.006254,33.075264,33.017787,33.078652,42.711114,42.575254,42.757036,37.209672499999996,37.14501,37.213484,2202.7666015,2198.510742,2204.857422,2592.354004,2585.742188,2594.898438,546.872005,476.431996
texture_object,38,39845888,1.055556,311296,128,39845888,1.0,0.75,24,3,1.015625,"[0.3359375, 0.34375, 0.3359375]","[42, 85]",1.125,1104,24.0,4,True,41.2168585,41.198833,41.387369,35.4709925,35.465427,35.607294,46.368966,46.348687,46.560791,39.9048665,39.898605,40.058206,2241.522461,2238.455078,2246.138672,2617.7260745000003,2613.25,2628.017578,509.936005,438.8480035
global_cg,38,39845888,1.055556,311296,129,40157184,0.992248,0.755859,25,4,1.0155038759689923,"[0.3333333333333333, 0.34108527131782945, 0.3333333333333333, 0.007751937984496124]","[42, 85]",1.124031,184,4.0,4,True,15.4293905,15.426232,15.435078,12.0165025,11.969761,12.065574,17.343113000000002,17.339563,17.349506,13.5069215,13.454382,13.562079,1020.8774415,1018.818359,1026.673828,1320.361328,1317.419922,1323.27832,250.879999,195.38399950000002
texture_object,38,39845888,1.055556,311296,129,40157184,0.992248,0.755859,25,4,1.0155038759689923,"[0.3333333333333333, 0.34108527131782945, 0.3333333333333333, 0.007751937984496124]","[42, 85]",1.124031,184,4.0,4,True,14.8166555,14.812579,14.825399,11.7741605,11.685438,11.775999,16.654380000000003,16.649798,16.664208,13.2345215,13.134795,13.236589,1061.4960935,1059.117188,1064.510742,1352.399414,1351.408203,1356.398438,256.0399995,203.464001
global_cg,38,39845888,1.055556,311296,129,40157184,0.992248,0.755859,25,4,1.0155038759689923,"[0.3333333333333333, 0.34108527131782945, 0.3333333333333333, 0.007751937984496124]","[42, 85]",1.124031,1104,24.0,4,True,37.8522745,37.84467,38.008809,32.952341,32.95138,32.954263,42.547130499999994,42.538583,42.72308,37.039453,37.038373,37.041613,2218.4008784999996,2207.458008,2223.616211,2608.2353515,2599.005859,2612.269531,548.912019,477.855988
texture_object,38,39845888,1.055556,311296,129,40157184,0.992248,0.755859,25,4,1.0155038759689923,"[0.3333333333333333, 0.34108527131782945, 0.3333333333333333, 0.007751937984496124]","[42, 85]",1.124031,1104,24.0,4,True,41.1681025,41.022424,41.207845,35.327999000000005,35.325794,35.465427,46.274224000000004,46.110477,46.318895,39.709767,39.707288,39.864239,2304.508301,2301.015625,2309.962891,2679.975586,2673.951172,2683.811523,512.0000095,439.368002
global_cg,38,39845888,1.055556,311296,170,52920320,0.752941,0.996094,32,4,1.011764705882353,"[0.2529411764705882, 0.25882352941176473, 0.2529411764705882, 0.24705882352941178]","[42, 85]",1.123529,184,4.0,4,True,14.963745,14.952464,14.970285,11.1521755,11.149536,11.152836,16.812208,16.799533,16.819555,12.529796999999999,12.526831,12.530539,1057.418945,1052.925781,1057.78125,1423.7211915,1422.410156,1423.853516,270.319998,201.464001
texture_object,38,39845888,1.055556,311296,170,52920320,0.752941,0.996094,32,4,1.011764705882353,"[0.2529411764705882, 0.25882352941176473, 0.2529411764705882, 0.24705882352941178]","[42, 85]",1.123529,184,4.0,4,True,14.3823525,14.379608,14.383999,10.943429,10.903704,10.985074,16.158996000000002,16.155912,16.160846,12.295264,12.250632,12.342054,1095.722656,1089.964844,1096.354492,1454.0390625,1452.012695,1457.297852,275.4799945,209.607996
global_cg,38,39845888,1.055556,311296,170,52920320,0.752941,0.996094,32,4,1.011764705882353,"[0.2529411764705882, 0.25882352941176473, 0.2529411764705882, 0.24705882352941178]","[42, 85]",1.123529,1104,24.0,4,True,37.119742,36.97936,37.199605,31.153090499999998,31.096881,31.206757,41.705122,41.547398,41.794851,35.001413,34.93826,35.061709,2419.8364254999997,2412.370117,2432.357422,2905.169922,2897.125977,2912.157227,580.6160125,487.288006
texture_object,38,39845888,1.055556,311296,170,52920320,0.752941,0.996094,32,4,1.011764705882353,"[0.2529411764705882, 0.25882352941176473, 0.2529411764705882, 0.24705882352941178]","[42, 85]",1.123529,1104,24.0,4,True,37.6706455,37.528084,37.685713,31.689215,31.655914,31.764428,42.324078,42.163906,42.341007,35.603764999999996,35.56635,35.688269,2549.9506840000004,2540.961914,2555.305664,3013.1367185,3006.383789,3013.579102,570.7919895,480.159998
global_cg,39,40894464,1.083333,319488,1,319488,128.0,0.005859,1,1,1.0,[1.0],[],1.0,184,4.0,4,True,16.4828985,16.467051,16.647464,14.86634,14.865168,14.872208,16.4828985,16.467051,16.647464,14.86634,14.865168,14.872208,945.942871,942.878906,952.669922,1059.640137,1058.15332,1061.837891,202.784002,182.8959995
texture_object,39,40894464,1.083333,319488,1,319488,128.0,0.005859,1,1,1.0,[1.0],[],1.0,184,4.0,4,True,15.759776,15.743316,15.764391,14.2890945,14.286928,14.291262,15.759776,15.743316,15.764391,14.2890945,14.286928,14.291262,1001.1103515,999.992188,1002.167969,1107.6328125,1107.155273,1108.477539,210.976001,191.288002
global_cg,39,40894464,1.083333,319488,1,319488,128.0,0.005859,1,1,1.0,[1.0],[],1.0,1104,24.0,4,True,43.004261,42.994448,43.022263,40.50723,40.32589,40.510857,43.004261,42.994448,43.022263,40.50723,40.32589,40.510857,1913.162109,1911.573242,1917.761719,2063.6582035,2060.694336,2067.213867,446.53598999999997,420.607999
texture_object,39,40894464,1.083333,319488,1,319488,128.0,0.005859,1,1,1.0,[1.0],[],1.0,1104,24.0,4,True,43.0009885,42.800742,43.014079,40.372014,40.324452,40.419608,43.0009885,42.800742,43.014079,40.372014,40.324452,40.419608,1918.769531,1918.061523,1924.362305,2067.9335935,2066.606445,2070.056641,448.031999,420.6400065
global_cg,39,40894464,1.083333,319488,2,638976,64.0,0.011719,1,1,1.0,[1.0],[],1.0,184,4.0,4,True,16.571328,16.552403,16.65335,14.865168,14.863995,14.867514,16.571328,16.552403,16.65335,14.865168,14.863995,14.867514,949.0805665,946.27832,950.52832,1059.110352,1056.107422,1061.289062,202.799998,181.91999950000002
texture_object,39,40894464,1.083333,319488,2,638976,64.0,0.011719,1,1,1.0,[1.0],[],1.0,184,4.0,4,True,15.764391,15.763072,15.764391,14.289636,14.286928,14.291262,15.764391,15.763072,15.764391,14.289636,14.286928,14.291262,1002.2856445,995.981445,1004.098633,1106.491211,1105.401367,1110.09668,210.968003,191.2319995
global_cg,39,40894464,1.083333,319488,2,638976,64.0,0.011719,1,1,1.0,[1.0],[],1.0,1104,24.0,4,True,42.956104999999994,42.868908,43.014079,40.508680999999996,40.328768,40.513761,42.956104999999994,42.868908,43.014079,40.508680999999996,40.328768,40.513761,1919.7495119999999,1918.507812,1920.350586,2062.890625,2059.418945,2066.314453,446.5199935,421.080008
texture_object,39,40894464,1.083333,319488,2,638976,64.0,0.011719,1,1,1.0,[1.0],[],1.0,1104,24.0,4,True,42.988729500000005,42.795881,43.002624,40.507956,40.32589,40.512309,42.988729500000005,42.795881,43.002624,40.507956,40.32589,40.512309,1918.0629880000001,1912.729492,1924.344727,2066.3291015,2063.324219,2068.135742,446.527988,420.759991
global_cg,39,40894464,1.083333,319488,4,1277952,32.0,0.023438,1,1,1.0,[1.0],[],1.0,184,4.0,4,True,16.478573,16.474251,16.53352,14.8669275,14.86634,14.86986,16.478573,16.474251,16.53352,14.8669275,14.86634,14.86986,949.053711,946.770508,954.9375,1062.581543,1058.15625,1063.414062,202.77599600000002,182.944
texture_object,39,40894464,1.083333,319488,4,1277952,32.0,0.023438,1,1,1.0,[1.0],[],1.0,184,4.0,4,True,15.760435000000001,15.748579,15.763072,14.288011000000001,14.286928,14.29343,15.760435000000001,15.748579,15.763072,14.288011000000001,14.286928,14.29343,997.989746,997.249023,997.994141,1106.6381835,1103.171875,1108.876953,210.992001,191.28
global_cg,39,40894464,1.083333,319488,4,1277952,32.0,0.023438,1,1,1.0,[1.0],[],1.0,1104,24.0,4,True,42.9920005,42.797502,43.007532,40.465950500000005,40.338841,40.510857,42.9920005,42.797502,43.007532,40.465950500000005,40.338841,40.510857,1915.4248045,1911.224609,1920.290039,2063.9194340000004,2059.194336,2066.594727,446.9919875,420.727998
texture_object,39,40894464,1.083333,319488,4,1277952,32.0,0.023438,1,1,1.0,[1.0],[],1.0,1104,24.0,4,True,42.990364,42.812088,43.007532,40.375626,40.327329,40.509406,42.990364,42.812088,43.007532,40.375626,40.327329,40.509406,1919.0644535000001,1917.740234,1922.333008,2066.3500974999997,2064.467773,2069.935547,447.9920045,420.7439945
global_cg,39,40894464,1.083333,319488,8,2555904,16.0,0.046875,2,1,1.0,[1.0],[],1.125,184,4.0,4,True,16.469211,16.464174,16.474251,14.8657545,14.863995,14.871034,18.527862,18.522196,18.533532,16.723974,16.721995,16.729913,953.0454105,951.801758,954.416016,1062.8896485,1059.12793,1066.628906,202.79199649999998,183.04799500000001
texture_object,39,40894464,1.083333,319488,8,2555904,16.0,0.046875,2,1,1.0,[1.0],[],1.125,184,4.0,4,True,15.7617535,15.760435,15.768349,14.2885525,14.288011,14.290178,17.731972499999998,17.730489,17.739392,16.0746215,16.074012,16.07645,1000.6010739999999,999.568359,1004.636719,1108.2524415,1106.014648,1109.052734,210.98400299999997,191.264
global_cg,39,40894464,1.083333,319488,8,2555904,16.0,0.046875,2,1,1.0,[1.0],[],1.125,1104,24.0,4,True,38.2810865,38.173088,38.336194,36.343925999999996,36.342174,36.420619,43.066221999999996,42.944724,43.128218,40.886917,40.884945,40.973196,2155.2949215,2152.760742,2157.500977,2292.7631835,2290.487305,2294.956055,497.6880025,472.504005
texture_object,39,40894464,1.083333,319488,8,2555904,16.0,0.046875,2,1,1.0,[1.0],[],1.125,1104,24.0,4,True,42.793451000000005,42.792641,42.794261,40.2856845,40.145454,40.323013,48.1426325,48.141721,48.143544,45.321394999999995,45.163636,45.36339,1958.1064455,1953.858398,1963.325195,2104.5170900000003,2103.34082,2107.513672,448.9920065,422.6800055
global_cg,39,40894464,1.083333,319488,16,5111808,8.0,0.09375,3,1,1.0,[1.0],[],1.125,184,4.0,4,True,16.654822,16.650407,16.65924,14.870447500000001,14.86634,14.942977,18.736674999999998,18.731708,18.741645,16.7292535,16.724633,16.81085,944.7988285,944.494141,944.97168,1054.8105465,1053.322266,1055.948242,202.7279955,181.00799949999998
texture_object,39,40894464,1.083333,319488,16,5111808,8.0,0.09375,3,1,1.0,[1.0],[],1.125,184,4.0,4,True,15.885415,15.776271,15.924273,14.366999,14.292346,14.430267,17.8710915,17.748305,17.914807,16.162874000000002,16.078889,16.234051,991.9155275,991.25293,993.958008,1099.069336,1097.380859,1102.254883,209.831998,189.7759995
global_cg,39,40894464,1.083333,319488,16,5111808,8.0,0.09375,3,1,1.0,[1.0],[],1.125,1104,24.0,4,True,38.297275,38.178245,38.338794,36.34451,36.342174,36.491155,43.0844345,42.950525,43.131143,40.887574,40.884945,41.05255,2156.611328,2155.137695,2157.786133,2296.060547,2292.21582,2300.858398,497.6800085,472.303994
texture_object,39,40894464,1.083333,319488,16,5111808,8.0,0.09375,3,1,1.0,[1.0],[],1.125,1104,24.0,4,True,42.7966915,42.791022,42.799122,40.3215745,40.23547,40.32589,48.146278,48.1399,48.149013,45.3617715,45.264904,45.366627,1957.064453,1950.763672,1959.357422,2104.6264650000003,2102.551758,2106.857422,448.59200699999997,422.64799800000003
global_cg,39,40894464,1.083333,319488,32,10223616,4.0,0.1875,6,1,1.0,[1.0],[],1.125,184,4.0,4,True,16.662923499999998,16.656294,16.668082,15.0162185,15.01562,15.018014,18.745789,18.73833,18.751592,16.893245999999998,16.892573,16.895265,939.837402,937.527344,942.000977,1051.4233399999998,1049.037109,1053.819336,200.759996,180.9200015
texture_object,39,40894464,1.083333,319488,32,10223616,4.0,0.1875,6,1,1.0,[1.0],[],1.125,184,4.0,4,True,15.941115,15.935048,15.944487,14.4286095,14.426953,14.429162,17.9337545,17.926929,17.937548,16.2321855,16.230322,16.232807,985.149902,983.623047,986.617188,1093.40625,1090.513672,1094.686523,208.93600199999997,189.11200000000002
global_cg,39,40894464,1.083333,319488,32,10223616,4.0,0.1875,6,1,1.0,[1.0],[],1.125,1104,24.0,4,True,38.2643085,38.171799,38.338794,36.419005999999996,36.34451,36.49469,43.0473465,42.943274,43.131143,40.971382,40.887574,41.056526,2156.9965819999998,2152.131836,2157.714844,2294.5976565,2290.308594,2297.397461,496.664003,472.711995
texture_object,39,40894464,1.083333,319488,32,10223616,4.0,0.1875,6,1,1.0,[1.0],[],1.125,1104,24.0,4,True,42.8015525,42.797502,42.896562,40.323013,40.23547,40.327329,48.151746,48.14719,48.258633,45.36339,45.264904,45.368245,1956.607422,1955.22168,1961.583008,2105.1606444999998,2104.341797,2105.763672,448.576003,422.600001
global_cg,39,40894464,1.083333,319488,42,13418496,3.047619,0.246094,8,1,1.0,[1.0],[],1.119048,184,4.0,4,True,16.7707185,16.666607,16.842406,15.021007,15.01562,15.022803,18.7672325,18.650727,18.847454,16.809222,16.803194,16.811232,933.394043,930.086914,935.779297,1045.0229494999999,1044.115234,1049.348633,200.695999,179.7600015
texture_object,39,40894464,1.083333,319488,42,13418496,3.047619,0.246094,8,1,1.0,[1.0],[],1.119048,184,4.0,4,True,15.9967845,15.94044,16.112195,14.4391145,14.431372,14.503579,17.901163500000003,17.838111,18.030313,16.1580565,16.149393,16.230196,975.1704105,971.675781,987.930664,1086.4628905,1084.024414,1089.814453,208.783999,188.455995
global_cg,39,40894464,1.083333,319488,42,13418496,3.047619,0.246094,8,1,1.0,[1.0],[],1.119048,1104,24.0,4,True,38.507912,38.504632,38.50988,36.6443325,36.624745,36.647303,43.092186999999996,43.088517,43.094389,41.006753,40.984833,41.010077,2141.7548825,2141.067383,2142.133789,2283.355469,2279.501953,2288.583984,493.6080055,469.71999100000005
texture_object,39,40894464,1.083333,319488,42,13418496,3.047619,0.246094,8,1,1.0,[1.0],[],1.119048,1104,24.0,4,True,42.797502,42.795881,42.803982,40.3266095,40.324452,40.327329,47.892443,47.890629,47.899694,45.127397,45.124982,45.128202,1952.1245115000002,1947.328125,1955.197266,2102.111328,2094.660156,2104.498047,448.53599399999996,422.639996
global_cg,39,40894464,1.083333,319488,43,13737984,2.976744,0.251953,9,2,1.0232558139534884,"[1.0, 0.023255813953488372]",[42],1.139535,184,4.0,4,True,16.465612,16.462735,16.47137,14.577077,14.575385,14.578769,18.76314,18.759861,18.769701,16.6110875,16.60916,16.613015,950.611328,947.893555,954.00293,1080.916992,1080.514648,1081.632812,206.807997,183.087997
texture_object,39,40894464,1.083333,319488,43,13737984,2.976744,0.251953,9,2,1.0232558139534884,"[1.0, 0.023255813953488372]",[42],1.139535,184,4.0,4,True,15.765050500000001,15.760435,15.770989,14.151720000000001,14.081913,14.153846,17.964824999999998,17.959565,17.971592,16.1263785,16.046832,16.128802,994.01416,989.987305,997.644531,1117.1245119999999,1115.923828,1120.753906,213.0240015,191.22400149999999
global_cg,39,40894464,1.083333,319488,43,13737984,2.976744,0.251953,9,2,1.0232558139534884,"[1.0, 0.023255813953488372]",[42],1.139535,1104,24.0,4,True,37.84467,37.770071,37.84974,35.900157,35.899019,35.902437,43.125322,43.040313,43.131099,40.909481,40.908184,40.91208,2184.9487305000002,2181.547852,2187.839844,2331.365723,2325.081055,2333.485352,503.840029,477.952003
texture_object,39,40894464,1.083333,319488,43,13737984,2.976744,0.251953,9,2,1.0232558139534884,"[1.0, 0.023255813953488372]",[42],1.139535,1104,24.0,4,True,42.186622,42.179539,42.196857,39.605382,39.605382,39.605382,48.0731275,48.065057,48.084791,45.131714,45.131714,45.131714,1998.165039,1993.667969,2002.321289,2150.2915034999996,2147.623047,2155.820312,456.703991,428.7599995
global_cg,39,40894464,1.083333,319488,64,20447232,2.0,0.375,12,2,1.015625,"[0.671875, 0.34375]",[42],1.125,184,4.0,4,True,15.433814,15.431285,15.436342,13.110905500000001,13.022947,13.140107,17.363041,17.360196,17.365885,14.7497685,14.650815,14.782621,1022.1791989999999,1018.738281,1023.356445,1212.634277,1207.34375,1216.808594,229.93599999999998,195.327997
texture_object,39,40894464,1.083333,319488,64,20447232,2.0,0.375,12,2,1.015625,"[0.671875, 0.34375]",[42],1.125,184,4.0,4,True,14.8178225,14.812579,14.825399,12.689655,12.687946,12.694785,16.670050500000002,16.664151,16.678574,14.275862,14.273939,14.281633,1063.669434,1062.961914,1067.955078,1249.416992,1248.143555,1253.700195,237.56800199999998,203.4480015
global_cg,39,40894464,1.083333,319488,64,20447232,2.0,0.375,12,2,1.015625,"[0.671875, 0.34375]",[42],1.125,1104,24.0,4,True,38.051068,38.00242,38.169221,34.634234,34.632111,34.768447,42.8074515,42.752723,42.940373,38.963513,38.961125,39.114503,2200.5249025000003,2200.024414,2202.504883,2457.618652,2449.701172,2458.643555,522.255987,475.35999849999996
texture_object,39,40894464,1.083333,319488,64,20447232,2.0,0.375,12,2,1.015625,"[0.671875, 0.34375]",[42],1.125,1104,24.0,4,True,41.5394985,41.402528,41.78356,37.577981,37.427446,37.586727,46.731936000000005,46.577844,47.006505,42.275228999999996,42.105876,42.285068,2226.818848,2219.631836,2234.9375,2481.5029295,2476.616211,2487.320312,481.34400700000003,435.44000400000004
global_cg,39,40894464,1.083333,319488,85,27156480,1.505882,0.498047,16,2,1.011764705882353,"[0.5058823529411764, 0.5058823529411764]",[42],1.117647,184,4.0,4,True,15.431286499999999,15.423707,15.435078,13.026098000000001,13.025648,13.026548,17.246732,17.23826,17.25097,14.558580500000001,14.558077,14.559084,1021.367676,1021.276367,1023.983398,1215.913086,1214.600586,1220.881836,231.432002,195.35999750000002
texture_object,39,40894464,1.083333,319488,85,27156480,1.505882,0.498047,16,2,1.011764705882353,"[0.5058823529411764, 0.5058823529411764]",[42],1.117647,184,4.0,4,True,14.814325,14.812579,14.816073,12.687519,12.684529,12.69051,16.557187,16.555235,16.55914,14.180168,14.176827,14.183511,1063.300293,1061.461914,1067.169922,1252.169434,1249.356445,1253.566406,237.6080045,203.49600550000002
global_cg,39,40894464,1.083333,319488,85,27156480,1.505882,0.498047,16,2,1.011764705882353,"[0.5058823529411764, 0.5058823529411764]",[42],1.117647,1104,24.0,4,True,38.303741,38.184693,38.343995,34.640601,34.634234,34.70334,42.8100635,42.67701,42.855053,38.7159665,38.70885,38.786085,2189.0634765,2186.00293,2191.451172,2457.086914,2454.885742,2458.667969,522.1599935,472.2240045
texture_object,39,40894464,1.083333,319488,85,27156480,1.505882,0.498047,16,2,1.011764705882353,"[0.5058823529411764, 0.5058823529411764]",[42],1.117647,1104,24.0,4,True,41.6836025,41.589876,41.777383,37.424966999999995,37.418774,37.499452,46.587555,46.482803,46.69237,41.827904000000004,41.820983,41.911153,2244.6689455,2236.265625,2251.625,2502.609375,2500.749023,2508.501953,483.312011,433.93600749999996
global_cg,39,40894464,1.083333,319488,86,27475968,1.488372,0.503906,17,3,1.0232558139534884,"[0.5, 0.5116279069767442, 0.011627906976744186]","[42, 85]",1.127907,184,4.0,4,True,15.2767675,15.272432,15.281103,12.9074165,12.803479,12.911396,17.2307725,17.225883,17.235662,14.5583645,14.441134,14.562853,1030.1552735,1026.492188,1030.833984,1228.446777,1225.581055,1233.522461,233.5599995,197.3359995
texture_object,39,40894464,1.083333,319488,86,27475968,1.488372,0.503906,17,3,1.0232558139534884,"[0.5, 0.5116279069767442, 0.011627906976744186]","[42, 85]",1.127907,184,4.0,4,True,14.807340499999999,14.806759,14.81025,12.579517,12.579516,12.580356,16.701302499999997,16.700646,16.704585,14.188525,14.188524,14.189472,1066.396973,1064.805664,1069.605469,1265.3686525,1261.467773,1267.911133,239.647999,203.5919985
global_cg,39,40894464,1.083333,319488,86,27475968,1.488372,0.503906,17,3,1.0232558139534884,"[0.5, 0.5116279069767442, 0.011627906976744186]","[42, 85]",1.127907,1104,24.0,4,True,37.845304,37.842136,37.849739,34.361579500000005,34.239816,34.364713,42.685981999999996,42.682409,42.690984,38.7566655,38.619327,38.760199,2221.84668,2215.869141,2228.249023,2491.6381835,2489.766602,2499.216797,526.4000149999999,477.9440015
texture_object,39,40894464,1.083333,319488,86,27475968,1.488372,0.503906,17,3,1.0232558139534884,"[0.5, 0.5116279069767442, 0.011627906976744186]","[42, 85]",1.127907,1104,24.0,4,True,41.195831,41.19283,41.198833,37.10559,37.100719,37.108026,46.465064999999996,46.46168,46.468452,41.851654,41.84616,41.854402,2311.008789,2305.010742,2316.436523,2567.3295900000003,2567.091797,2575.441406,487.471998,439.07200550000005
global_cg,39,40894464,1.083333,319488,128,40894464,1.0,0.75,24,3,1.015625,"[0.3359375, 0.34375, 0.3359375]","[42, 85]",1.125,184,4.0,4,True,14.522583999999998,14.521465,14.524823,11.771954000000001,11.729084,11.775264,16.337907,16.336648,16.340425,13.243448,13.19522,13.247172,1086.5185545,1086.191406,1088.878906,1353.3740235,1349.982422,1359.363281,256.087996,207.5839975
texture_object,39,40894464,1.083333,319488,128,40894464,1.0,0.75,24,3,1.015625,"[0.3359375, 0.34375, 0.3359375]","[42, 85]",1.125,184,4.0,4,True,14.101938,14.099828,14.102994,11.497192,11.496491,11.500702,15.864681,15.862306,15.865868,12.934341,12.933553,12.93829,1124.3481445000002,1121.957031,1125.737305,1385.9267575,1382.084961,1389.607422,262.208015,213.776
global_cg,39,40894464,1.083333,319488,128,40894464,1.0,0.75,24,3,1.015625,"[0.3359375, 0.34375, 0.3359375]","[42, 85]",1.125,1104,24.0,4,True,35.41155,35.406559,35.41765,31.203743000000003,31.201591,31.206757,39.837993999999995,39.832379,39.844856,35.104211,35.10179,35.107602,2661.40625,2654.071289,2671.774414,2998.7944335,2993.035156,3020.59082,579.671994,510.791987
texture_object,39,40894464,1.083333,319488,128,40894464,1.0,0.75,24,3,1.015625,"[0.3359375, 0.34375, 0.3359375]","[42, 85]",1.125,1104,24.0,4,True,34.791016,34.726792,34.853126,30.881119,30.877745,30.881119,39.139893,39.067641,39.209767,34.741259,34.737463,34.741259,2758.0253905,2750.373047,2772.515625,3098.574219,3092.771484,3102.068359,585.72799,519.903988
global_cg,39,40894464,1.083333,319488,129,41213952,0.992248,0.755859,25,4,1.0155038759689923,"[0.3333333333333333, 0.34108527131782945, 0.3333333333333333, 0.007751937984496124]","[42, 85]",1.124031,184,4.0,4,True,14.518667,14.513635,14.521465,11.6814535,11.680367,11.683989,16.319432,16.313775,16.322576,13.1303155,13.129094,13.133166,1086.776367,1085.332031,1087.926758,1360.894531,1360.05957,1361.833984,258.0720035,207.6399995
texture_object,39,40894464,1.083333,319488,129,41213952,0.992248,0.755859,25,4,1.0155038759689923,"[0.3333333333333333, 0.34108527131782945, 0.3333333333333333, 0.007751937984496124]","[42, 85]",1.124031,184,4.0,4,True,14.0339095,13.972265,14.100883,11.4111985,11.410162,11.412926,15.774550000000001,15.70526,15.84983,12.826540999999999,12.825376,12.828483,1125.8647465,1125.640625,1126.724609,1393.3134765,1390.142578,1394.62207,264.1839905,214.81600400000002
global_cg,39,40894464,1.083333,319488,129,41213952,0.992248,0.755859,25,4,1.0155038759689923,"[0.3333333333333333, 0.34108527131782945, 0.3333333333333333, 0.007751937984496124]","[42, 85]",1.124031,1104,24.0,4,True,34.453737000000004,34.441142,34.454787,30.426912,30.353775,30.456814,38.7270685,38.712912,38.728249,34.2007925,34.118585,34.234404,2724.1083985,2718.422852,2727.538086,3060.850586,3056.5625,3078.200195,594.472006,524.9919890000001
texture_object,39,40894464,1.083333,319488,129,41213952,0.992248,0.755859,25,4,1.0155038759689923,"[0.3333333333333333, 0.34108527131782945, 0.3333333333333333, 0.007751937984496124]","[42, 85]",1.124031,1104,24.0,4,True,33.945786999999996,33.919289,33.987614,30.242935,30.145756,30.245766,38.156116999999995,38.126332,38.203132,33.9939965,33.884765,33.997179,2825.336914,2819.672852,2829.760742,3176.8798825,3164.855469,3180.588867,598.0879815000001,532.8480005
global_cg,39,40894464,1.083333,319488,170,54312960,0.752941,0.996094,32,4,1.011764705882353,"[0.2529411764705882, 0.25882352941176473, 0.2529411764705882, 0.24705882352941178]","[42, 85]",1.123529,184,4.0,4,True,13.8419045,13.838854,13.854118,10.861277,10.832864,10.902442,15.551787000000001,15.54836,15.565509,12.202964,12.171041,12.249214,1137.6855464999999,1135.042969,1140.669922,1466.421875,1463.908203,1470.533203,277.55999599999996,217.7920005
texture_object,39,40894464,1.083333,319488,170,54312960,0.752941,0.996094,32,4,1.011764705882353,"[0.2529411764705882, 0.25882352941176473, 0.2529411764705882, 0.24705882352941178]","[42, 85]",1.123529,184,4.0,4,True,13.459728,13.455402,13.462132,10.6648555,10.664252,10.667875,15.122399999999999,15.11754,15.125101,11.9822785,11.981601,11.985671,1175.1918945,1174.268555,1179.212891,1496.1855464999999,1492.205078,1499.630859,282.672003,223.976001
global_cg,39,40894464,1.083333,319488,170,54312960,0.752941,0.996094,32,4,1.011764705882353,"[0.2529411764705882, 0.25882352941176473, 0.2529411764705882, 0.24705882352941178]","[42, 85]",1.123529,1104,24.0,4,True,28.686967000000003,28.685511,28.73363,25.377031,25.376461,25.37874,32.230650999999995,32.229015,32.283079,28.511840499999998,28.5112,28.513761,3112.2719724999997,3089.855469,3144.836914,3530.3427735,3516.443359,3549.944336,712.768018,630.5280029999999
texture_object,39,40894464,1.083333,319488,170,54312960,0.752941,0.996094,32,4,1.011764705882353,"[0.2529411764705882, 0.25882352941176473, 0.2529411764705882, 0.24705882352941178]","[42, 85]",1.123529,1104,24.0,4,True,28.6451715,28.642631,28.686239,25.450157,25.449011,25.450731,32.1836925,32.180838,32.229833,28.594,28.592713,28.594644,3335.2338865,3330.196289,3346.106445,3726.720703,3723.858398,3742.644531,710.720003,631.4480005
global_cg,40,41943040,1.111111,327680,1,327680,128.0,0.005859,1,1,1.0,[1.0],[],1.0,184,4.0,4,True,16.0220825,15.941789,16.108062,14.533858500000001,14.499115,14.56975,16.0220825,15.941789,16.108062,14.533858500000001,14.499115,14.56975,978.9423830000001,977.886719,980.625977,1085.5478515,1085.213867,1090.686523,207.424,188.1599985
texture_object,40,41943040,1.111111,327680,1,327680,128.0,0.005859,1,1,1.0,[1.0],[],1.0,184,4.0,4,True,15.276147,15.272432,15.284822,13.884745500000001,13.8827,13.888839,15.276147,15.272432,15.284822,13.884745500000001,13.8827,13.888839,1028.0219725,1025.90332,1028.998047,1135.7285160000001,1133.174805,1138.061523,217.120003,197.3440015
global_cg,40,41943040,1.111111,327680,1,327680,128.0,0.005859,1,1,1.0,[1.0],[],1.0,1104,24.0,4,True,42.8031735,42.794261,43.00099,40.274946,40.142603,40.32589,42.8031735,42.794261,43.00099,40.274946,40.142603,40.32589,1927.446777,1926.874023,1931.799805,2078.2353515,2075.836914,2079.808594,449.1120055,422.5839975
texture_object,40,41943040,1.111111,327680,1,327680,128.0,0.005859,1,1,1.0,[1.0],[],1.0,1104,24.0,4,True,42.7999335,42.787782,42.816952,40.2306385,40.144028,40.323013,42.7999335,42.787782,42.816952,40.2306385,40.144028,40.323013,1930.173828,1926.790039,1934.942383,2084.619629,2079.359375,2086.130859,449.608006,422.6159975
global_cg,40,41943040,1.111111,327680,2,655360,64.0,0.011719,1,1,1.0,[1.0],[],1.0,184,4.0,4,True,16.1046195,16.097053,16.108062,14.471333,14.433583,14.570876,16.1046195,16.097053,16.108062,14.471333,14.433583,14.570876,976.631836,975.222656,982.02832,1088.159668,1087.417969,1089.041992,208.3199995,187.1920005
texture_object,40,41943040,1.111111,327680,2,655360,64.0,0.011719,1,1,1.0,[1.0],[],1.0,184,4.0,4,True,15.273671,15.272432,15.274909,13.9503135,13.886793,14.013834,15.273671,15.272432,15.274909,13.9503135,13.886793,14.013834,1028.0146485,1025.446289,1033.69043,1133.4165039999998,1133.183594,1136.676758,216.10400099999998,197.375998
global_cg,40,41943040,1.111111,327680,2,655360,64.0,0.011719,1,1,1.0,[1.0],[],1.0,1104,24.0,4,True,42.805606499999996,42.789403,43.005895,40.241358500000004,40.154011,40.323013,42.805606499999996,42.789403,43.005895,40.241358500000004,40.154011,40.323013,1925.061523,1923.94043,1927.279297,2078.8940430000002,2075.665039,2081.557617,449.487999,422.5600065
texture_object,40,41943040,1.111111,327680,2,655360,64.0,0.011719,1,1,1.0,[1.0],[],1.0,1104,24.0,4,True,42.8064155,42.795881,42.89819,40.145454,40.142603,40.321574,42.8064155,42.795881,42.89819,40.145454,40.142603,40.321574,1927.9101565,1925.584961,1929.736328,2082.225098,2081.314453,2087.474609,450.560004,422.55199700000003
global_cg,40,41943040,1.111111,327680,4,1310720,32.0,0.023438,1,1,1.0,[1.0],[],1.0,184,4.0,4,True,16.063553499999998,15.943137,16.110817,14.5044025,14.433583,14.569749,16.063553499999998,15.943137,16.110817,14.5044025,14.433583,14.569749,979.376953,977.96582,980.463867,1085.1279295,1083.711914,1091.87207,207.84799750000002,187.67199649999998
texture_object,40,41943040,1.111111,327680,4,1310720,32.0,0.023438,1,1,1.0,[1.0],[],1.0,184,4.0,4,True,15.271813,15.271194,15.287302,13.887304,13.885769,13.955707,15.271813,15.271194,15.287302,13.887304,13.885769,13.955707,1028.4433589999999,1025.602539,1030.077148,1134.225586,1132.600586,1135.360352,217.0800045,197.400004
global_cg,40,41943040,1.111111,327680,4,1310720,32.0,0.023438,1,1,1.0,[1.0],[],1.0,1104,24.0,4,True,42.797501499999996,42.789402,42.901446,40.2792415,40.149733,40.323013,42.797501499999996,42.789402,42.901446,40.2792415,40.149733,40.323013,1928.521973,1923.972656,1932.632812,2079.0927735,2078.44043,2081.180664,449.0640015,422.639996
texture_object,40,41943040,1.111111,327680,4,1310720,32.0,0.023438,1,1,1.0,[1.0],[],1.0,1104,24.0,4,True,42.800743,42.786164,42.808846,40.192598000000004,40.145454,40.324452,42.800743,42.786164,42.808846,40.192598000000004,40.145454,40.324452,1932.015625,1930.944336,1933.430664,2084.6899415,2083.6875,2085.006836,450.032003,422.6080035
global_cg,40,41943040,1.111111,327680,8,2621440,16.0,0.046875,2,1,1.0,[1.0],[],1.125,184,4.0,4,True,15.992584,15.935048,16.102555,14.435242,14.432478,14.438008,17.991657,17.926929,18.115375,16.239647499999997,16.236538,16.242759,981.1162105,979.09668,984.289062,1086.553711,1085.512695,1089.600586,208.840001,188.50399950000002
texture_object,40,41943040,1.111111,327680,8,2621440,16.0,0.046875,2,1,1.0,[1.0],[],1.125,184,4.0,4,True,15.274909,15.273671,15.277386,13.8888395,13.884745,14.014877,17.184272,17.18288,17.187059,15.6249445,15.620339,15.766736,1026.799805,1024.426758,1028.082031,1131.105957,1129.164062,1133.811523,217.05600249999998,197.360002
global_cg,40,41943040,1.111111,327680,8,2621440,16.0,0.046875,2,1,1.0,[1.0],[],1.125,1104,24.0,4,True,38.182113,38.174377,38.330995,36.3421735,36.194404,36.345679,42.954876999999996,42.946175,43.122369,40.8849455,40.718704,40.888889,2161.661621,2158.797852,2168.008789,2306.118164,2303.383789,2307.035156,497.712001,473.728001
texture_object,40,41943040,1.111111,327680,8,2621440,16.0,0.046875,2,1,1.0,[1.0],[],1.125,1104,24.0,4,True,42.593524,42.586304,42.60235,39.9588565,39.95815,40.139753,47.917714000000004,47.909592,47.927644,44.9537135,44.952919,45.157222,1999.6499024999998,1995.243164,2004.236328,2148.8427735,2146.044922,2153.422852,452.664003,424.6639985
global_cg,40,41943040,1.111111,327680,16,5242880,8.0,0.09375,3,1,1.0,[1.0],[],1.125,184,4.0,4,True,16.1115065,16.108062,16.116329,14.572003,14.572003,14.57313,18.125445,18.12157,18.13087,16.393503,16.393503,16.394771,972.674805,970.908203,975.376953,1082.2231445,1080.890625,1086.87207,206.880003,187.11199599999998
texture_object,40,41943040,1.111111,327680,16,5242880,8.0,0.09375,3,1,1.0,[1.0],[],1.125,184,4.0,4,True,15.434446000000001,15.433814,15.436342,14.019048,14.018004,14.020091,17.363751999999998,17.363041,17.365885,15.771429,15.770255,15.772602,1019.0336915,1017.349609,1021.443359,1124.7875975,1120.619141,1127.361328,215.039998,195.319999
global_cg,40,41943040,1.111111,327680,16,5242880,8.0,0.09375,3,1,1.0,[1.0],[],1.125,1104,24.0,4,True,38.179536,38.17051,38.333593,36.3421735,36.271047,36.348016,42.951978,42.941823,43.125293,40.8849455,40.804928,40.891518,2160.0629885,2158.416016,2166.798828,2306.0566405,2303.025391,2311.054688,497.712001,473.759994
texture_object,40,41943040,1.111111,327680,16,5242880,8.0,0.09375,3,1,1.0,[1.0],[],1.125,1104,24.0,4,True,42.595931,42.584699,42.779687,39.961681999999996,39.959563,40.142603,47.920422,47.907787,48.127148,44.956891999999996,44.954508,45.160428,1998.458008,1997.393555,2000.711914,2143.3017575,2142.119141,2150.979492,452.6320025,424.64
global_cg,40,41943040,1.111111,327680,32,10485760,4.0,0.1875,6,1,1.0,[1.0],[],1.125,184,4.0,4,True,16.205402999999997,16.120465,16.286283,14.575385,14.57313,14.576513,18.231078,18.135524,18.322068,16.397308,16.394771,16.398577,969.6391605,968.136719,971.618164,1077.6103515,1074.185547,1079.74707,206.8319995,186.031997
texture_object,40,41943040,1.111111,327680,32,10485760,4.0,0.1875,6,1,1.0,[1.0],[],1.125,184,4.0,4,True,15.520906,15.4452,15.592188,14.149595,14.095609,14.153846,17.4610195,17.37585,17.541212,15.918294,15.85756,15.923077,1014.7280275,1012.924805,1016.291992,1119.0278325,1116.944336,1120.852539,213.055998,194.23199849999997
global_cg,40,41943040,1.111111,327680,32,10485760,4.0,0.1875,6,1,1.0,[1.0],[],1.125,1104,24.0,4,True,38.184693,38.171799,38.306316,36.3060225,36.201357,36.343341,42.957779,42.943274,43.094605,40.844275499999995,40.726527,40.886259,2157.697266,2156.337891,2163.77832,2301.982422,2298.942383,2307.938477,498.207994,473.695993
texture_object,40,41943040,1.111111,327680,32,10485760,4.0,0.1875,6,1,1.0,[1.0],[],1.125,1104,24.0,4,True,42.603154,42.59272,42.613592,39.9638015,39.959563,40.139754,47.928548000000006,47.91681,47.940292,44.959276,44.954508,45.157223,1993.8076175,1989.023438,1997.801758,2143.723633,2141.674805,2147.658203,452.6079965,424.56800499999997
global_cg,40,41943040,1.111111,327680,42,13762560,3.047619,0.246094,8,1,1.0,[1.0],[],1.119048,184,4.0,4,True,16.283468,16.280653,16.286283,14.578769,14.578768,14.710806,18.221975999999998,18.218826,18.225126,16.314336,16.314336,16.462092,964.42041,962.700195,967.947266,1073.9833985,1071.283203,1076.261719,206.783995,185.13599399999998
texture_object,40,41943040,1.111111,327680,42,13762560,3.047619,0.246094,8,1,1.0,[1.0],[],1.119048,184,4.0,4,True,15.596705499999999,15.590898,15.598642,14.150126,14.087177,14.153846,17.453456,17.446957,17.455623,15.8346645,15.764222,15.838828,1009.76709,1008.091797,1010.868164,1118.489258,1116.101562,1120.505859,213.048,193.288002
global_cg,40,41943040,1.111111,327680,42,13762560,3.047619,0.246094,8,1,1.0,[1.0],[],1.119048,1104,24.0,4,True,38.4974215,38.349198,38.512502,36.491744,36.491155,36.49469,43.0804485,42.914579,43.097324,40.8359995,40.83534,40.839296,2144.49707,2142.449219,2148.958008,2290.5507815,2287.388672,2292.613281,495.67200249999996,469.847992
texture_object,40,41943040,1.111111,327680,42,13762560,3.047619,0.246094,8,1,1.0,[1.0],[],1.119048,1104,24.0,4,True,42.599942999999996,42.591117,42.690834,40.1276465,39.963802,40.139754,47.6713645,47.661488,47.773076,44.9047475,44.721397,44.918296,1985.7211914999998,1984.34668,1987.250977,2136.2622069999998,2130.775391,2139.788086,450.759992,424.600005
global_cg,40,41943040,1.111111,327680,43,14090240,2.976744,0.251953,9,2,1.0232558139534884,"[1.0, 0.023255813953488372]",[42],1.139535,184,4.0,4,True,15.932352,15.929659,15.9337,14.29072,14.288011,14.291262,18.155471,18.152402,18.157007,16.2847745,16.281687,16.285392,989.447754,987.240234,990.214844,1104.8027345,1102.023438,1105.49707,210.951999,189.216003
texture_object,40,41943040,1.111111,327680,43,14090240,2.976744,0.251953,9,2,1.0232558139534884,"[1.0, 0.023255813953488372]",[42],1.139535,184,4.0,4,True,15.2736705,15.271194,15.277386,13.852664,13.759018,13.885769,17.40488,17.402059,17.409114,15.785594,15.678881,15.823318,1027.668457,1024.772461,1028.995117,1142.7036135,1140.666016,1146.116211,217.62400100000002,197.376002
global_cg,40,41943040,1.111111,327680,43,14090240,2.976744,0.251953,9,2,1.0232558139534884,"[1.0, 0.023255813953488372]",[42],1.139535,1104,24.0,4,True,37.688225,37.6832,37.697023,35.7559555,35.753693,35.758216,42.947047,42.941321,42.957073,40.7451585,40.742581,40.747734,2189.500977,2186.449219,2193.464844,2341.1469724999997,2333.363281,2346.873047,505.8719815,479.936004
texture_object,40,41943040,1.111111,327680,43,14090240,2.976744,0.251953,9,2,1.0232558139534884,"[1.0, 0.023255813953488372]",[42],1.139535,1104,24.0,4,True,41.978277,41.789738,41.982174,39.423072,39.256058,39.427195,47.835711,47.620864,47.840152,44.923966,44.733648,44.928665,2066.082031,2064.738281,2070.545898,2220.196289,2215.864258,2222.989258,458.815992,430.8880045
global_cg,40,41943040,1.111111,327680,64,20971520,2.0,0.375,12,2,1.015625,"[0.671875, 0.34375]",[42],1.125,184,4.0,4,True,14.812579,14.806759,14.814907,12.796957500000001,12.742865,12.79913,16.664151,16.657603,16.666771,14.396577,14.335723,14.399022,1065.2783205,1064.232422,1065.979492,1244.541504,1241.000977,1251.039062,235.576,203.52
texture_object,40,41943040,1.111111,327680,64,20971520,2.0,0.375,12,2,1.015625,"[0.671875, 0.34375]",[42],1.125,184,4.0,4,True,14.310521000000001,14.248034,14.37851,12.4716865,12.425218,12.472099,16.0993355,16.029038,16.175824,14.0306475,13.97837,14.031112,1106.0932619999999,1104.397461,1106.794922,1279.5742185,1275.201172,1282.304688,241.71999449999998,210.6640005
global_cg,40,41943040,1.111111,327680,64,20971520,2.0,0.375,12,2,1.015625,"[0.671875, 0.34375]",[42],1.125,1104,24.0,4,True,37.4058115,37.360653,37.600479,34.19841649999999,34.165313,34.284465,42.0815385,42.030734,42.300538,38.473218,38.435977,38.570024,2419.1518555000002,2402.182617,2430.524414,2662.2075194999998,2659.34082,2681.224609,528.911978,483.5600035
texture_object,40,41943040,1.111111,327680,64,20971520,2.0,0.375,12,2,1.015625,"[0.671875, 0.34375]",[42],1.125,1104,24.0,4,True,37.8478385,37.842136,37.857344,34.7013,34.633173,34.767377,42.578818,42.572403,42.589512,39.038962999999995,38.962319,39.113299,2531.011719,2528.038086,2532.587891,2764.2460935,2758.80957,2768.999023,521.2480125,477.91199400000005
global_cg,40,41943040,1.111111,327680,85,27852800,1.505882,0.498047,16,2,1.011764705882353,"[0.5058823529411764, 0.5058823529411764]",[42],1.117647,184,4.0,4,True,14.8096685,14.806759,14.811414,12.687519,12.687092,12.69222,16.5519825,16.54873,16.553934,14.1801685,14.179691,14.185422,1066.929687,1066.457031,1069.241211,1251.2924805,1249.825195,1255.204102,237.608001,203.55999450000002
texture_object,40,41943040,1.111111,327680,85,27852800,1.505882,0.498047,16,2,1.011764705882353,"[0.5058823529411764, 0.5058823529411764]",[42],1.117647,184,4.0,4,True,14.240496499999999,14.237268,14.245879,12.367718499999999,12.270661,12.369748,15.9158495,15.912241,15.921865,13.822744,13.714268,13.825013,1108.0195315,1107.06543,1110.424805,1285.0454105,1282.470703,1288.235352,243.7519955,211.695999
global_cg,40,41943040,1.111111,327680,85,27852800,1.505882,0.498047,16,2,1.011764705882353,"[0.5058823529411764, 0.5058823529411764]",[42],1.117647,1104,24.0,4,True,37.524969999999996,37.523101,37.526839,34.228932,34.22634,34.23256,41.939672,41.937584,41.941761,38.255865,38.252968,38.25992,2478.3159180000002,2471.723633,2485.791992,2717.791504,2716.259766,2736.391602,528.4399834999999,482.023999
texture_object,40,41943040,1.111111,327680,85,27852800,1.505882,0.498047,16,2,1.011764705882353,"[0.5058823529411764, 0.5058823529411764]",[42],1.117647,1104,24.0,4,True,37.359418,37.295329,37.368063,34.2289315,34.228413,34.230487,41.7546435,41.683015,41.764306,38.2558645,38.255285,38.257603,2566.2758784999996,2560.149414,2570.342773,2803.427734,2800.067383,2810.09668,528.439984,484.160006
global_cg,40,41943040,1.111111,327680,86,28180480,1.488372,0.503906,17,3,1.0232558139534884,"[0.5, 0.5116279069767442, 0.011627906976744186]","[42, 85]",1.127907,184,4.0,4,True,14.663865,14.662724,14.666148,12.581196,12.483668,12.582037,16.539476,16.538189,16.542051,14.190419,14.080416,14.191367,1077.3017575,1076.689453,1077.94043,1261.421387,1259.978516,1264.217773,239.616007,205.583997
texture_object,40,41943040,1.111111,327680,86,28180480,1.488372,0.503906,17,3,1.0232558139534884,"[0.5, 0.5116279069767442, 0.011627906976744186]","[42, 85]",1.127907,184,4.0,4,True,14.2340415,14.178343,14.239419,12.266667,12.263473,12.266667,16.054674499999997,15.991852,16.06074,13.835659,13.832057,13.835659,1113.5776365000002,1112.291016,1113.927734,1296.2597655,1295.165039,1297.77832,245.759994,211.7919995
global_cg,40,41943040,1.111111,327680,86,28180480,1.488372,0.503906,17,3,1.0232558139534884,"[0.5, 0.5116279069767442, 0.011627906976744186]","[42, 85]",1.127907,1104,24.0,4,True,36.737815499999996,36.617627,36.749756,33.45306,33.451575,33.455535,41.43683849999999,41.301277,41.450306,37.731939499999996,37.730264,37.734732,2575.2055665,2566.852539,2578.097656,2812.041016,2808.476562,2817.256836,540.69601,492.35200150000003
texture_object,40,41943040,1.111111,327680,86,28180480,1.488372,0.503906,17,3,1.0232558139534884,"[0.5, 0.5116279069767442, 0.011627906976744186]","[42, 85]",1.127907,1104,24.0,4,True,36.066914499999996,35.998472,36.141177,33.110168,33.076716,33.199108,40.680124500000005,40.602927,40.763885,37.34519,37.307459,37.445505,2658.395508,2656.942383,2659.485352,2898.175781,2886.888672,2899.710938,546.2960005,501.512006
global_cg,40,41943040,1.111111,327680,128,41943040,1.0,0.75,24,3,1.015625,"[0.3359375, 0.34375, 0.3359375]","[42, 85]",1.125,184,4.0,4,True,13.774107,13.714951,13.832758,11.411198500000001,11.409471,11.414309,15.495869500000001,15.42932,15.561853,12.8375985,12.835655,12.841098,1147.243652,1144.03418,1149.793945,1390.618164,1389.991211,1397.385742,264.1839905,218.864005
texture_object,40,41943040,1.111111,327680,128,41943040,1.0,0.75,24,3,1.015625,"[0.3359375, 0.34375, 0.3359375]","[42, 85]",1.125,184,4.0,4,True,13.338242,13.336354,13.339186,11.1521755,11.150855,11.235301,15.005522,15.003398,15.006584,12.546197,12.544712,12.639714,1183.0356445,1179.105469,1188.539062,1422.7895509999998,1421.232422,1425.902344,270.319998,226.016
global_cg,40,41943040,1.111111,327680,128,41943040,1.0,0.75,24,3,1.015625,"[0.3359375, 0.34375, 0.3359375]","[42, 85]",1.125,1104,24.0,4,True,28.6855115,28.652795,28.691335,26.128367,26.127763,26.130177,32.2712005,32.234395,32.277752,29.3944125,29.393733,29.396449,3114.305664,3107.146484,3130.053711,3432.6904295,3421.097656,3447.211914,692.271978,630.5599955
texture_object,40,41943040,1.111111,327680,128,41943040,1.0,0.75,24,3,1.015625,"[0.3359375, 0.34375, 0.3359375]","[42, 85]",1.125,1104,24.0,4,True,28.6451715,28.641181,28.650616,26.185875,26.128971,26.205892,32.225817500000005,32.221328,32.231944,29.459109499999997,29.395092,29.481628,3336.085449,3332.693359,3344.500977,3631.373047,3618.578125,3634.354492,690.752015,631.4480005
global_cg,40,41943040,1.111111,327680,129,42270720,0.992248,0.755859,25,4,1.0155038759689923,"[0.3333333333333333, 0.34108527131782945, 0.3333333333333333, 0.007751937984496124]","[42, 85]",1.124031,184,4.0,4,True,13.707966,13.706969,13.709961,11.324438,11.323758,11.365424,15.408179,15.407059,15.410422,12.72902,12.728255,12.775089,1149.868164,1149.298828,1151.725586,1398.0942384999998,1395.624023,1398.729492,266.207993,219.920002
texture_object,40,41943040,1.111111,327680,129,42270720,0.992248,0.755859,25,4,1.0155038759689923,"[0.3333333333333333, 0.34108527131782945, 0.3333333333333333, 0.007751937984496124]","[42, 85]",1.124031,184,4.0,4,True,13.333522,13.332579,13.336354,11.1498655,11.06962,11.150855,14.987292,14.986232,14.990475,12.532795,12.442596,12.533907,1188.425293,1187.605469,1189.961914,1429.8793945,1427.537109,1431.495117,270.375997,226.095997
global_cg,40,41943040,1.111111,327680,129,42270720,0.992248,0.755859,25,4,1.0155038759689923,"[0.3333333333333333, 0.34108527131782945, 0.3333333333333333, 0.007751937984496124]","[42, 85]",1.124031,1104,24.0,4,True,27.8550315,27.828279,28.00337,25.449870500000003,25.449011,25.52313,31.3099195,31.279848,31.476656,28.606444,28.605478,28.68879,3186.1059569999998,3162.793945,3190.323242,3513.4731444999998,3495.851562,3516.333984,710.7280045,649.360001
texture_object,40,41943040,1.111111,327680,129,42270720,0.992248,0.755859,25,4,1.0155038759689923,"[0.3333333333333333, 0.34108527131782945, 0.3333333333333333, 0.007751937984496124]","[42, 85]",1.124031,1104,24.0,4,True,27.876359,27.828964,27.918998,25.525436,25.524283,25.59884,31.333892,31.280618,31.381819,28.691381,28.690086,28.77389,3420.898926,3408.19043,3426.208008,3718.7285155,3708.583984,3719.166016,708.62399,648.864001
global_cg,40,41943040,1.111111,327680,170,55705600,0.752941,0.996094,32,4,1.011764705882353,"[0.2529411764705882, 0.25882352941176473, 0.2529411764705882, 0.24705882352941178]","[42, 85]",1.123529,184,4.0,4,True,13.058224,12.984357,13.097178,10.589928,10.587547,10.590523,14.6712985,14.588307,14.715065,11.898096,11.895421,11.898764,1211.0634765,1210.380859,1218.291992,1509.6708985,1508.228516,1517.097656,284.671992,230.8639955
texture_object,40,41943040,1.111111,327680,170,55705600,0.752941,0.996094,32,4,1.011764705882353,"[0.2529411764705882, 0.25882352941176473, 0.2529411764705882, 0.24705882352941178]","[42, 85]",1.123529,184,4.0,4,True,12.74847,12.657262,12.754942,10.3684795,10.365057,10.436247,14.323281,14.220806,14.330552,11.6492915,11.645446,11.725431,1248.2905275,1245.808594,1253.874023,1534.481445,1531.285156,1540.411133,290.75199399999997,236.4720035
global_cg,40,41943040,1.111111,327680,170,55705600,0.752941,0.996094,32,4,1.011764705882353,"[0.2529411764705882, 0.25882352941176473, 0.2529411764705882, 0.24705882352941178]","[42, 85]",1.123529,1104,24.0,4,True,23.560374,23.53141,23.588857,21.542079,21.540232,21.543516,26.470773,26.438232,26.502775,24.203159499999998,24.201084,24.204774,3659.6879879999997,3643.509766,3677.042969,4036.3188474999997,4031.663086,4048.829102,839.6560099999999,767.728001
texture_object,40,41943040,1.111111,327680,170,55705600,0.752941,0.996094,32,4,1.011764705882353,"[0.2529411764705882, 0.25882352941176473, 0.2529411764705882, 0.24705882352941178]","[42, 85]",1.123529,1104,24.0,4,True,23.514038,23.468394,23.53092,21.540437,21.515635,21.541052,26.418713,26.36743,26.437681,24.201315,24.173449,24.202006,3887.0136715,3868.564453,3899.012695,4235.6181639999995,4230.986328,4259.766602,839.719996,769.239992
global_cg,48,50331648,1.333333,393216,1,393216,128.0,0.005859,1,1,1.0,[1.0],[],1.0,184,4.0,4,True,13.5839365,13.582468,13.588346,12.6862375,12.685383,12.687946,13.5839365,13.582468,13.588346,12.6862375,12.685383,12.687946,1162.2387695,1160.59375,1164.805664,1251.8583985,1249.056641,1257.604492,237.632003,221.928004
texture_object,48,50331648,1.333333,393216,1,393216,128.0,0.005859,1,1,1.0,[1.0],[],1.0,184,4.0,4,True,13.1017315,13.09991,13.108112,12.26507,12.26507,12.267465,13.1017315,13.09991,13.108112,12.26507,12.26507,12.267465,1204.703125,1203.466797,1210.693359,1291.4018555,1289.713867,1296.803711,245.79199749999998,230.0959975
global_cg,48,50331648,1.333333,393216,1,393216,128.0,0.005859,1,1,1.0,[1.0],[],1.0,1104,24.0,4,True,28.1827835,28.13929,28.190513,27.174078,27.173424,27.175385,28.1827835,28.13929,28.190513,27.174078,27.173424,27.175385,3099.263672,3096.129883,3112.928711,3234.7851565,3221.62793,3242.56543,665.63201,641.8080030000001
texture_object,48,50331648,1.333333,393216,1,393216,128.0,0.005859,1,1,1.0,[1.0],[],1.0,1104,24.0,4,True,28.1039635,28.099424,28.182081,27.151578999999998,27.094622,27.174078,28.1039635,28.099424,28.182081,27.151578999999998,27.094622,27.174078,3155.055176,3145.037109,3164.5,3282.694336,3278.165039,3284.250977,666.184008,643.608019
global_cg,48,50331648,1.333333,393216,2,786432,64.0,0.011719,1,1,1.0,[1.0],[],1.0,184,4.0,4,True,13.583936999999999,13.579531,13.640484,12.686237,12.685383,12.691365,13.583936999999999,13.579531,13.640484,12.686237,12.685383,12.691365,1161.4438475,1160.083984,1165.416016,1251.4169925,1249.9375,1255.023438,237.632006,221.9280005
texture_object,48,50331648,1.333333,393216,2,786432,64.0,0.011719,1,1,1.0,[1.0],[],1.0,184,4.0,4,True,13.102643,13.10082,13.104466,12.26507,12.26507,12.267465,13.102643,13.10082,13.104466,12.26507,12.26507,12.267465,1206.06543,1203.833984,1207.630859,1291.963867,1289.830078,1297.021484,245.79199749999998,230.079997
global_cg,48,50331648,1.333333,393216,2,786432,64.0,0.011719,1,1,1.0,[1.0],[],1.0,1104,24.0,4,True,28.1831345,28.181378,28.188405,27.1747315,27.174078,27.175385,28.1831345,28.181378,28.188405,27.1747315,27.174078,27.175385,3109.0576175,3103.037109,3112.120117,3229.2221675,3215.279297,3245.208008,665.616006,641.8000010000001
texture_object,48,50331648,1.333333,393216,2,786432,64.0,0.011719,1,1,1.0,[1.0],[],1.0,1104,24.0,4,True,28.176462,28.139292,28.182081,27.132012,27.121924,27.172771,28.176462,28.139292,28.182081,27.132012,27.121924,27.172771,3155.7143555000002,3150.368164,3157.391602,3284.2329105,3276.270508,3295.353516,666.664004,641.9519935000001
global_cg,48,50331648,1.333333,393216,4,1572864,32.0,0.023438,1,1,1.0,[1.0],[],1.0,184,4.0,4,True,13.5829575,13.58051,13.584427,12.687091500000001,12.683675,12.689655,13.5829575,13.58051,13.584427,12.687091500000001,12.683675,12.689655,1161.772461,1159.168945,1165.104492,1254.6469725,1251.246094,1257.107422,237.61600249999998,221.944004
texture_object,48,50331648,1.333333,393216,4,1572864,32.0,0.023438,1,1,1.0,[1.0],[],1.0,184,4.0,4,True,13.103098500000002,13.096268,13.105377,12.264670500000001,12.261877,12.266667,13.103098500000002,13.096268,13.105377,12.264670500000001,12.261877,12.266667,1207.0410155,1206.174805,1211.4375,1294.597656,1293.019531,1297.198242,245.7999995,230.0719955
global_cg,48,50331648,1.333333,393216,4,1572864,32.0,0.023438,1,1,1.0,[1.0],[],1.0,1104,24.0,4,True,28.1852435,28.183486,28.188405,27.1730975,27.172771,27.174078,28.1852435,28.183486,28.188405,27.1730975,27.172771,27.174078,3102.9536135,3097.111328,3107.270508,3228.269531,3224.382812,3237.117188,665.656015,641.7519895
texture_object,48,50331648,1.333333,393216,4,1572864,32.0,0.023438,1,1,1.0,[1.0],[],1.0,1104,24.0,4,True,28.0994235,28.095233,28.182783,27.151248000000002,27.131036,27.172771,28.0994235,28.095233,28.182783,27.151248000000002,27.131036,27.172771,3159.4643555000002,3130.178711,3163.089844,3282.826172,3279.551758,3284.897461,666.19201,643.7119995
global_cg,48,50331648,1.333333,393216,8,3145728,16.0,0.046875,2,1,1.0,[1.0],[],1.125,184,4.0,4,True,13.5849175,13.576596,13.588346,12.687092,12.686237,12.689655,15.283032,15.273671,15.286889,14.272978,14.272017,14.275862,1163.854492,1161.776367,1166.772461,1252.5473635,1252.226562,1259.004883,237.616003,221.9120005
texture_object,48,50331648,1.333333,393216,8,3145728,16.0,0.046875,2,1,1.0,[1.0],[],1.125,184,4.0,4,True,13.1062885,13.102642,13.108112,12.2650695,12.263473,12.265868,14.744574499999999,14.740473,14.746626,13.7982035,13.796408,13.799102,1206.1806645,1203.522461,1208.625977,1292.826172,1290.848633,1294.876953,245.79199799999998,230.015997
global_cg,48,50331648,1.333333,393216,8,3145728,16.0,0.046875,2,1,1.0,[1.0],[],1.125,1104,24.0,4,True,28.104663000000002,28.10082,28.13719,27.1079505,27.090077,27.131686,31.617745999999997,31.613423,31.654339,30.496444500000003,30.476337,30.523147,3210.479004,3205.675781,3220.115234,3337.2221680000002,3333.899414,3341.283203,667.2559975,643.592
texture_object,48,50331648,1.333333,393216,8,3145728,16.0,0.046875,2,1,1.0,[1.0],[],1.125,1104,24.0,4,True,28.0955825,28.093138,28.104313,27.171792,27.134943,27.172118,31.607530500000003,31.60478,31.617352,30.568266,30.526811,30.568633,3417.133301,3411.115234,3435.041992,3530.06543,3525.237305,3537.219727,665.6880080000001,643.8000055
global_cg,48,50331648,1.333333,393216,16,6291456,8.0,0.09375,3,1,1.0,[1.0],[],1.125,184,4.0,4,True,13.604544,13.590306,13.711957,12.688373,12.687946,12.689655,15.305112000000001,15.289094,15.425951,14.27442,14.273939,14.275862,1157.0161135,1152.993164,1159.731445,1248.832031,1247.265625,1252.28125,237.59200049999998,221.591998
texture_object,48,50331648,1.333333,393216,16,6291456,8.0,0.09375,3,1,1.0,[1.0],[],1.125,184,4.0,4,True,13.217538000000001,13.21383,13.221248,12.366501,12.366501,12.369748,14.86973,14.865559,14.873904,13.912313,13.912313,13.915967,1197.2583005000001,1194.539062,1199.552734,1286.472168,1283.761719,1290.506836,243.775994,228.079997
global_cg,48,50331648,1.333333,393216,16,6291456,8.0,0.09375,3,1,1.0,[1.0],[],1.125,1104,24.0,4,True,28.117956,28.093836,28.177866,27.113156500000002,27.092024,27.172771,31.6327005,31.605566,31.7001,30.502301000000003,30.478527,30.569368,3212.005371,3207.481445,3215.150391,3328.775879,3312.487305,3343.325195,667.128012,643.2879865
texture_object,48,50331648,1.333333,393216,16,6291456,8.0,0.09375,3,1,1.0,[1.0],[],1.125,1104,24.0,4,True,28.096629999999998,28.093836,28.102216,27.1724445,27.172118,27.174078,31.6087085,31.605566,31.614993,30.5690005,30.568633,30.570838,3420.944824,3418.068359,3423.634766,3530.9965819999998,3525.736328,3539.228516,665.672019,643.7759995
global_cg,48,50331648,1.333333,393216,32,12582912,4.0,0.1875,6,1,1.0,[1.0],[],1.125,184,4.0,4,True,13.7069695,13.697005,13.714951,12.768832,12.686237,12.796522,15.4203405,15.409131,15.42932,14.364936,14.272017,14.396088,1155.3422850000002,1154.038086,1157.162109,1244.5307619999999,1242.515625,1250.381836,236.0960025,219.9360025
texture_object,48,50331648,1.333333,393216,32,12582912,4.0,0.1875,6,1,1.0,[1.0],[],1.125,184,4.0,4,True,13.2473195,13.218465,13.332579,12.368936,12.366501,12.372185,14.9032345,14.870773,14.999151,13.915053,13.912313,13.918708,1191.3081055,1189.336914,1197.566406,1282.067383,1280.805664,1285.427734,243.72799700000002,227.56800049999998
global_cg,48,50331648,1.333333,393216,32,12582912,4.0,0.1875,6,1,1.0,[1.0],[],1.125,1104,24.0,4,True,28.1231985,28.094535,28.143493,27.091374,27.089429,27.092024,31.6385985,31.606352,31.66143,30.477796,30.475607,30.478527,3209.743652,3195.091797,3217.711914,3328.7768555000002,3314.558594,3338.606445,667.664021,643.1680025000001
texture_object,48,50331648,1.333333,393216,32,12582912,4.0,0.1875,6,1,1.0,[1.0],[],1.125,1104,24.0,4,True,28.093487,28.092441,28.10082,27.172771,27.172771,27.176038,31.605173,31.603996,31.613423,30.569368,30.569368,30.573043,3419.9223629999997,3413.055664,3430.963867,3526.244141,3524.570312,3537.030273,665.664017,643.848017
global_cg,48,50331648,1.333333,393216,42,16515072,3.047619,0.246094,8,1,1.0,[1.0],[],1.119048,184,4.0,4,True,13.706969,13.703978,13.709961,12.767949,12.743727,12.798261,15.338751,15.335404,15.3421,14.287943,14.260837,14.321864,1151.051758,1149.556641,1153.912109,1243.45752,1242.928711,1244.432617,236.112006,219.936002
texture_object,48,50331648,1.333333,393216,42,16515072,3.047619,0.246094,8,1,1.0,[1.0],[],1.119048,184,4.0,4,True,13.332579,13.226816,13.334466,12.3742165,12.368936,12.470448,14.919791,14.801437,14.921902,13.847337,13.841428,13.955025,1188.7958985,1188.016602,1192.369141,1277.4726565,1276.259766,1278.758789,243.62400150000002,226.1119965
global_cg,48,50331648,1.333333,393216,42,16515072,3.047619,0.246094,8,1,1.0,[1.0],[],1.119048,1104,24.0,4,True,28.1368915,28.093836,28.176463,27.1313615,27.093323,27.133641,31.486522,31.438341,31.530804,30.3612855,30.318718,30.363837,3196.7348635,3189.24707,3204.829102,3323.9726565,3319.589844,3325.126953,666.679993,642.8559869999999
texture_object,48,50331648,1.333333,393216,42,16515072,3.047619,0.246094,8,1,1.0,[1.0],[],1.119048,1104,24.0,4,True,28.094535,28.08965,28.103614,27.173751000000003,27.172771,27.175385,31.439122,31.433656,31.449282,30.4087215,30.407625,30.410549,3409.702148,3404.480469,3416.203125,3524.283203,3520.920898,3525.990234,665.6400115,643.824011
global_cg,48,50331648,1.333333,393216,43,16908288,2.976744,0.251953,9,2,1.0232558139534884,"[1.0, 0.023255813953488372]",[42],1.139535,184,4.0,4,True,13.457324,13.453481,13.465018,12.476641,12.476228,12.477881,15.3350905,15.330711,15.343858,14.217568,14.217097,14.21898,1173.925293,1172.358398,1174.251953,1265.8208009999998,1264.453125,1268.296875,241.62400150000002,224.0160035
texture_object,48,50331648,1.333333,393216,43,16908288,2.976744,0.251953,9,2,1.0232558139534884,"[1.0, 0.023255813953488372]",[42],1.139535,184,4.0,4,True,13.096723,13.094447,13.097178,12.167252999999999,12.166075,12.170004,14.924172500000001,14.921579,14.924691,13.8650095,13.863667,13.868144,1210.8027345,1210.347656,1212.300781,1299.2192384999998,1296.269531,1300.691406,247.768,230.18400000000003
global_cg,48,50331648,1.333333,393216,43,16908288,2.976744,0.251953,9,2,1.0232558139534884,"[1.0, 0.023255813953488372]",[42],1.139535,1104,24.0,4,True,26.4917565,26.456109,26.492688,25.5979715,25.597682,25.598261,30.188280499999998,30.147659,30.189342,29.1697815,29.169452,29.170111,3355.1108400000003,3344.885742,3358.498047,3478.256836,3473.733398,3487.143555,706.615984,682.776019
texture_object,48,50331648,1.333333,393216,43,16908288,2.976744,0.251953,9,2,1.0232558139534884,"[1.0, 0.023255813953488372]",[42],1.139535,1104,24.0,4,True,26.490205500000002,26.487101,26.49393,25.671503,25.634829,25.671503,30.1865135,30.182976,30.190757,29.253573,29.211782,29.253573,3595.720703,3591.791016,3597.932617,3706.7646485,3702.467773,3709.258789,704.592019,682.8159985
global_cg,48,50331648,1.333333,393216,64,25165824,2.0,0.375,12,2,1.015625,"[0.671875, 0.34375]",[42],1.125,184,4.0,4,True,11.829974499999999,11.748831,11.833689,10.861715499999999,10.823529,10.902442,13.3087215,13.217434,13.312901,12.21943,12.17647,12.265247,1346.178711,1345.417969,1348.520508,1465.0620119999999,1464.46875,1471.493164,277.552001,254.831992
texture_object,48,50331648,1.333333,393216,64,25165824,2.0,0.375,12,2,1.015625,"[0.671875, 0.34375]",[42],1.125,184,4.0,4,True,11.5560735,11.555719,11.556428,10.665157,10.664855,10.669083,13.0005825,13.000184,13.000982,11.9983015,11.997962,12.002718,1377.1503905,1372.992188,1382.112305,1492.635742,1491.063477,1498.007812,282.6640085,260.8719985
global_cg,48,50331648,1.333333,393216,64,25165824,2.0,0.375,12,2,1.015625,"[0.671875, 0.34375]",[42],1.125,1104,24.0,4,True,18.38758,18.385637,18.42399,17.8772705,17.877129,17.877412,20.6860275,20.683841,20.726988,20.111929500000002,20.11177,20.112089,4635.166504,4621.355469,4669.927734,4792.7890625,4788.268555,4821.086914,1011.783987,983.704001
texture_object,48,50331648,1.333333,393216,64,25165824,2.0,0.375,12,2,1.015625,"[0.671875, 0.34375]",[42],1.125,1104,24.0,4,True,18.3854865,18.366818,18.388627,17.8417205,17.840734,17.842988,20.683673,20.66267,20.687205,20.071935,20.070826,20.073362,4781.884277499999,4769.435547,4793.766602,4923.0771485000005,4908.869141,4954.560547,1013.799995,983.815998
global_cg,48,50331648,1.333333,393216,85,33423360,1.505882,0.498047,16,2,1.011764705882353,"[0.5058823529411764, 0.5058823529411764]",[42],1.117647,184,4.0,4,True,11.648594,11.647873,11.650755,10.7420755,10.71215,10.744526,13.019016,13.018211,13.021432,12.005849,11.972403,12.008588,1361.866211,1359.787109,1362.478516,1486.737793,1484.337891,1487.003906,280.63999850000005,258.8
texture_object,48,50331648,1.333333,393216,85,33423360,1.505882,0.498047,16,2,1.011764705882353,"[0.5058823529411764, 0.5058823529411764]",[42],1.117647,184,4.0,4,True,11.422612999999998,11.387404,11.463617,10.515165499999998,10.513699,10.516046,12.7664495,12.727099,12.812278,11.752244000000001,11.750605,11.753228,1389.649414,1387.148438,1394.995117,1512.1865235,1510.724609,1514.629883,286.696002,263.9200015
global_cg,48,50331648,1.333333,393216,85,33423360,1.505882,0.498047,16,2,1.011764705882353,"[0.5058823529411764, 0.5058823529411764]",[42],1.117647,1104,24.0,4,True,17.9023245,17.900908,17.902608,17.3866285,17.385827,17.419044,20.00848,20.006897,20.008797,19.432114,19.431218,19.468343,4761.490234,4739.739258,4766.90332,4912.0825195,4905.110352,4922.666992,1040.3360425,1010.368019
texture_object,48,50331648,1.333333,393216,85,33423360,1.505882,0.498047,16,2,1.011764705882353,"[0.5058823529411764, 0.5058823529411764]",[42],1.117647,1104,24.0,4,True,17.8823605,17.86724,17.901191,17.38449,17.352735,17.385025,19.9861675,19.969268,20.007213,19.4297245,19.394234,19.430322,4877.527832,4866.679688,4884.586914,5022.1933595,5015.750977,5040.324219,1040.463984,1011.4960074999999
global_cg,48,50331648,1.333333,393216,86,33816576,1.488372,0.503906,17,3,1.0232558139534884,"[0.5, 0.5116279069767442, 0.011627906976744186]","[42, 85]",1.127907,184,4.0,4,True,11.5550105,11.553593,11.558554,10.6663645,10.664252,10.66727,13.032977500000001,13.031378,13.036974,12.030667000000001,12.028284,12.031689,1371.388672,1366.21582,1372.397461,1494.728027,1493.600586,1496.513672,282.63200800000004,260.89599699999997
texture_object,48,50331648,1.333333,393216,86,33816576,1.488372,0.503906,17,3,1.0232558139534884,"[0.5, 0.5116279069767442, 0.011627906976744186]","[42, 85]",1.127907,184,4.0,4,True,11.336704000000001,11.289832,11.375717,10.441163,10.439138,10.513699,12.786747,12.73388,12.83075,11.7766605,11.774377,11.858475,1399.815918,1397.025391,1401.974609,1520.9853515,1518.920898,1522.453125,288.72799150000003,265.9199985
global_cg,48,50331648,1.333333,393216,86,33816576,1.488372,0.503906,17,3,1.0232558139534884,"[0.5, 0.5116279069767442, 0.011627906976744186]","[42, 85]",1.127907,1104,24.0,4,True,17.599391,17.579946,17.616381,17.115243,17.099969,17.115502,19.8504755,19.828544,19.869639,19.304402,19.287174,19.304694,4843.726074,4837.379883,4851.289062,4998.842285,4987.865234,5006.807617,1056.831956,1027.759969
texture_object,48,50331648,1.333333,393216,86,33816576,1.488372,0.503906,17,3,1.0232558139534884,"[0.5, 0.5116279069767442, 0.011627906976744186]","[42, 85]",1.127907,1104,24.0,4,True,17.582680500000002,17.581587,17.5835,17.099451,17.098676,17.114984,19.8316285,19.830395,19.832553,19.28659,19.285716,19.304109,4935.3012695,4928.214844,4959.081055,5102.8618165,5094.210938,5105.675781,1057.807982,1028.7359655
global_cg,48,50331648,1.333333,393216,128,50331648,1.0,0.75,24,3,1.015625,"[0.3359375, 0.34375, 0.3359375]","[42, 85]",1.125,184,4.0,4,True,10.486197,10.485614,10.487365,9.6834645,9.681722,9.684211,11.796972,11.796316,11.798285,10.893896999999999,10.891938,10.894737,1515.6728515,1514.521484,1520.553711,1650.523926,1648.96582,1661.443359,311.319992,287.488014
texture_object,48,50331648,1.333333,393216,128,50331648,1.0,0.75,24,3,1.015625,"[0.3359375, 0.34375, 0.3359375]","[42, 85]",1.125,184,4.0,4,True,10.338326,10.337192,10.338893,9.541764,9.526063,9.557957,11.630617,11.629341,11.631255,10.734485,10.716821,10.752702,1544.90625,1542.578125,1546.914062,1675.366211,1674.121094,1681.795898,315.944001,291.600004
global_cg,48,50331648,1.333333,393216,128,50331648,1.0,0.75,24,3,1.015625,"[0.3359375, 0.34375, 0.3359375]","[42, 85]",1.125,1104,24.0,4,True,14.4005805,14.398472,14.400856,14.0415975,14.040812,14.062645,16.200653,16.19828,16.200963,15.796797,15.795914,15.820475,5912.4052735000005,5887.294922,5942.795898,6088.1479495,6065.194336,6119.880859,1288.1679835,1256.0560110000001
texture_object,48,50331648,1.333333,393216,128,50331648,1.0,0.75,24,3,1.015625,"[0.3359375, 0.34375, 0.3359375]","[42, 85]",1.125,1104,24.0,4,True,14.399205,14.397188,14.399572,14.051807,14.051807,14.052331,16.199106,16.196836,16.199519,15.808283,15.808283,15.808873,5974.7075195,5947.952148,5993.234375,6136.806640999999,6132.540039,6148.791992,1287.232041,1256.175995
global_cg,48,50331648,1.333333,393216,129,50724864,0.992248,0.755859,25,4,1.0155038759689923,"[0.3333333333333333, 0.34108527131782945, 0.3333333333333333, 0.007751937984496124]","[42, 85]",1.124031,184,4.0,4,True,10.4157665,10.411449,10.446083,9.619933,9.616495,9.621406,11.7076445,11.702792,11.741721,10.813103,10.809239,10.814759,1524.812012,1523.103516,1528.610352,1659.0268555,1654.564453,1660.568359,313.3759945,289.431997
texture_object,48,50331648,1.333333,393216,129,50724864,0.992248,0.755859,25,4,1.0155038759689923,"[0.3333333333333333, 0.34108527131782945, 0.3333333333333333, 0.007751937984496124]","[42, 85]",1.124031,184,4.0,4,True,10.2656645,10.263428,10.268462,9.495817,9.495338,9.496774,11.538924999999999,11.536411,11.54207,10.673592,10.673055,10.674669,1551.614746,1546.606445,1555.345703,1681.6416015,1681.06543,1683.577148,317.472011,293.6639935
global_cg,48,50331648,1.333333,393216,129,50724864,0.992248,0.755859,25,4,1.0155038759689923,"[0.3333333333333333, 0.34108527131782945, 0.3333333333333333, 0.007751937984496124]","[42, 85]",1.124031,1104,24.0,4,True,14.2365505,14.225801,14.236909,13.892767,13.88611,13.907977,16.0023245,15.990242,16.002727,15.615901000000001,15.608418,15.632997,5975.7978514999995,5965.538086,5988.152344,6136.433105,6120.703125,6160.443359,1301.9679784999998,1270.5279890000002
texture_object,48,50331648,1.333333,393216,129,50724864,0.992248,0.755859,25,4,1.0155038759689923,"[0.3333333333333333, 0.34108527131782945, 0.3333333333333333, 0.007751937984496124]","[42, 85]",1.124031,1104,24.0,4,True,14.230012,14.215605,14.237447,13.897206,13.897035,13.897719,15.994974500000001,15.978781,16.003332,15.62089,15.620698,15.621467,6030.371582,6021.607422,6039.915039,6191.3066405,6184.994141,6209.314453,1301.551998,1271.111995
global_cg,48,50331648,1.333333,393216,170,66846720,0.752941,0.996094,32,4,1.011764705882353,"[0.2529411764705882, 0.25882352941176473, 0.2529411764705882, 0.24705882352941178]","[42, 85]",1.123529,184,4.0,4,True,9.787590000000002,9.756421,9.791405,9.030459,9.029377,9.031974,10.996645000000001,10.961626,11.000931,10.145986,10.14477,10.147688,1636.0258785,1629.893555,1637.977539,1770.938965,1767.875977,1779.579102,333.831996,308.00800000000004
texture_object,48,50331648,1.333333,393216,170,66846720,0.752941,0.996094,32,4,1.011764705882353,"[0.2529411764705882, 0.25882352941176473, 0.2529411764705882, 0.24705882352941178]","[42, 85]",1.123529,184,4.0,4,True,9.631564000000001,9.59837,9.661863,8.933924000000001,8.919523,8.949178,10.821345,10.784051,10.855387,10.037526499999998,10.021346,10.054665,1659.1606445,1652.230469,1664.805664,1792.205078,1786.594727,1796.869141,337.439999,312.999994
global_cg,48,50331648,1.333333,393216,170,66846720,0.752941,0.996094,32,4,1.011764705882353,"[0.2529411764705882, 0.25882352941176473, 0.2529411764705882, 0.24705882352941178]","[42, 85]",1.123529,1104,24.0,4,True,12.623695000000001,12.619678,12.6287,12.3521105,12.352043,12.352448,14.183093,14.178579,14.188716,13.877959,13.877883,13.878339,6752.222656,6736.064453,6776.961914,6923.1972655,6905.293945,6951.904297,1464.359999,1432.8559635000001
texture_object,48,50331648,1.333333,393216,170,66846720,0.752941,0.996094,32,4,1.011764705882353,"[0.2529411764705882, 0.25882352941176473, 0.2529411764705882, 0.24705882352941178]","[42, 85]",1.123529,1104,24.0,4,True,12.628136,12.627854,12.628418,12.3607535,12.343815,12.361362,14.188082000000001,14.187765,14.188399,13.887670499999999,13.86864,13.888354,6786.5786135,6753.701172,6809.856445,6953.1831055,6941.604492,6985.671875,1463.335991,1432.3520065
